GEOID,lat,lon
0407530,32.6418079,-111.4345331
0401740,32.8391529,-111.9208947
0405070,34.8350571,-112.0838391
0406030,31.5472872,-110.6799581
0400082,35.1052137,-114.4678343
0400450,33.4814273,-112.407871
0401410,33.3198987,-112.811794
0403450,33.5743168,-112.1351943
0406330,33.4408648,-112.0990258
0408340,33.3111998,-111.9835387
0408520,33.4119203,-112.2743781
0400720,32.9920489,-113.8173717
0401160,33.6694969,-113.9521527
0408910,31.86554,-109.6700375
0409630,32.5295065,-114.0048912
0699014,39.4308753,-121.1005893
0602700,40.4438397,-122.3112663
0629270,34.1666166,-119.0841513
0606019,34.4401,-119.845687
0614820,38.2857504,-121.2399046
0626880,39.2776911,-120.9336868
0630210,33.7737016,-117.2937067
0606021,37.3969795,-118.6271209
0636940,41.3926588,-122.0181498
0643410,41.797907,-122.6321591
0637260,37.9227248,-120.422503
0606020,37.7444188,-121.5788115
0642350,39.0852587,-121.4073702
0634140,36.6535732,-121.099188
0609810,39.8936816,-122.4874293
0632010,40.2414345,-122.172904
0614760,33.9038369,-117.9498679
0608160,34.138982,-117.5812866
0638280,38.141434,-119.927617
0606034,33.7329262,-117.1489895
0608010,32.7410776,-115.6421516
0601650,37.879801,-122.1364828
0621600,37.9222259,-121.6687395
0699003,36.407663,-120.1525502
0699004,37.2236095,-119.0009358
0699005,39.7181193,-122.119627
0606004,38.6551041,-121.4473052
0606001,37.3429441,-119.7194288
0606022,34.4121719,-119.0656783
0602820,34.6548837,-118.1499193
0606037,34.0587656,-118.0964295
0612120,34.0695217,-118.0378986
0642480,33.9670928,-118.03767
0602670,38.4845855,-123.0858851
0635830,38.45711,-122.663433
0699002,36.5792894,-119.9035634
0699001,39.3263017,-121.6638966
0616500,36.3047466,-119.6141167
0621400,36.2331345,-119.8435592
0630750,39.0715279,-120.7122179
0633630,38.7640574,-121.2964683
0636972,34.6630872,-117.447277
0606005,41.2663944,-123.1705167
0619650,36.114294,-121.0518645
0633980,36.6539433,-121.6156775
0641430,35.6380655,-119.7608514
0621270,37.2349943,-120.2598661
0624660,37.3573198,-120.5256084
0606038,38.6097462,-122.9669388
0629130,39.6041742,-121.4309121
0612910,33.1206362,-117.0574659
0613530,33.3802371,-117.3901006
0616230,32.7738,-116.8184
0619110,33.0470228,-116.4590731
0634380,33.0115238,-117.2505076
0638640,32.5993697,-116.9826897
0610860,35.7639665,-119.2482875
0639930,36.1054659,-119.3707745
0635670,34.8746921,-120.3547359
0635850,34.6358707,-119.8949947
0611700,41.1423017,-122.3099775
0619830,36.469336,-119.5329896
0606107,36.0714985,-118.5589548
0638730,35.3198328,-119.6178338
0699008,39.0907791,-122.7850454
0699013,37.8527885,-120.7572634
0631230,38.8349084,-123.5185681
0605820,33.1008061,-115.6819992
0636600,40.6640213,-122.1369203
0606016,36.4906075,-119.3401553
0618930,37.6902096,-122.4962693
0606031,37.6257136,-121.4377862
0611780,38.8548216,-121.5333568
0638610,39.0624282,-121.7735887
0611820,37.3280173,-121.7748624
0626310,37.386817,-122.0998178
0614430,37.3254698,-122.0555915
0622800,37.1752816,-121.9659947
0607230,37.2792209,-121.9460918
0699009,35.4785848,-120.8947455
0699010,35.7829731,-120.7359099
0699007,40.6872478,-123.9241334
0699006,40.7143559,-124.0990456
0608550,37.0721241,-120.2969305
0606053,36.571395,-121.5093551
0625150,37.6621761,-121.0329004
0606018,36.6451008,-119.7975716
0606006,40.9171016,-123.0616435
0612070,38.707909,-120.5909221
0621060,40.6096275,-120.4598515
0606026,36.4369886,-118.671533
0606028,36.3308772,-119.0875522
0606015,36.9545991,-121.9755307
0603030,40.9504862,-123.917086
0614190,40.5056706,-123.8642242
0607920,33.9102802,-118.3480805
0642510,34.4804638,-118.5501866
0606013,37.4823431,-120.9537302
0606025,39.7787191,-122.0754139
0606003,38.7392057,-121.4806566
0635600,37.0795862,-122.1744913
0699011,36.953717,-122.0705997
0619540,35.393093,-118.7772289
0602630,33.8268024,-117.9645681
0618060,33.6845747,-118.0212994
0630250,38.1988275,-122.6342934
0635110,38.0055375,-122.5028107
0638790,37.9365039,-122.6737641
0699012,37.6270442,-120.5723086
0605940,38.1478436,-120.4651598
0634980,37.5784336,-122.3292815
0636390,37.4640935,-122.2255366
0903750,41.6644949,-72.4113823
0903780,41.2881403,-73.3553326
0900005,41.8616318,-72.2239694
0903570,41.7528056,-72.0771642
0903630,41.3763804,-72.4608355
0903660,41.3635385,-73.0038877
0903600,41.8837192,-73.3783861
0903720,41.9697726,-73.1784393
1313053,32.3717532,-84.7974159
1313215,32.4698571,-84.8130988
1732700,41.3561756,-89.4553656
1700333,38.0723787,-90.0975553
1704020,41.7598003,-87.8289776
1704170,42.0762484,-87.9617537
1706540,41.6702888,-87.7358926
1707050,41.5987613,-87.7324748
1708400,41.641466,-87.8519166
1714490,42.047117,-87.6971114
1714580,41.7212749,-87.7013342
1719320,41.7788208,-87.9436643
1719560,41.5485798,-87.6699662
1722500,41.6801475,-87.9731885
1722740,41.9376519,-87.8759782
1723880,41.7860138,-87.8797038
1717901,40.9935122,-88.7233485
1732220,40.9124848,-88.5631348
1738100,41.1575752,-88.7877848
1727740,38.3234419,-89.3236894
1735190,38.5968831,-88.8692552
1726180,38.350563,-88.3329425
1709300,38.4765831,-89.1266608
1727360,38.290078,-88.859816
1799008,38.3326896,-89.1231246
1739870,41.516004,-90.3907935
1704230,40.2823717,-87.9020276
1733240,40.2981766,-88.134573
1737410,40.1461844,-88.0393249
1705970,38.0431026,-88.8459047
1734290,41.9433812,-89.0417636
1725650,41.578614,-89.0930993
1729730,41.5594694,-89.4448495
1706420,41.503125,-87.6056812
1720610,41.4738196,-88.114401
1723070,41.4884618,-87.9233493
1723350,41.5932968,-88.0107309
1726340,41.4730355,-88.2768211
1718030,41.3540936,-89.2525278
1722110,41.3168007,-89.0736782
1734380,41.7263091,-89.680391
1735850,41.2592008,-88.552568
1728260,41.5122017,-88.5179116
1712870,41.0729988,-88.4631538
1713230,40.6741311,-89.5458262
1731110,40.5439497,-89.6596456
1740980,40.7042865,-89.4140836
1726640,41.3770198,-88.4364268
1716260,41.189747,-88.3083297
1722950,40.6683337,-89.6921988
1799009,41.0535919,-87.5829205
1725770,40.8140614,-89.4200454
1724090,42.029453,-87.8642087
1726880,41.8320708,-87.7814893
1728200,42.1017872,-87.7501283
1728530,42.0298874,-87.758577
1729010,42.1058914,-87.8345603
1729220,41.7233592,-87.7600471
1712570,41.7761556,-88.0217838
1713940,41.9021667,-87.9903629
1715030,41.9658651,-87.9616281
1716830,41.8935564,-88.0729337
1721840,41.9709738,-88.0673596
1799004,38.2999063,-88.7837833
1799001,38.4281967,-88.7570471
1799005,38.4127385,-89.0940528
1799006,38.42881,-89.006118
1708370,37.7062864,-89.1991655
1705640,38.5078405,-90.0394624
1715840,38.4014297,-89.896931
1729790,38.6045704,-89.9064056
1729280,41.8898495,-87.7998262
1730450,42.0719749,-88.07129
1732910,41.8721092,-87.8708854
1733270,41.7597695,-87.7704005
1733420,41.5100091,-87.7346941
1733720,41.9627382,-87.8166774
1734020,41.8350092,-87.833419
1738940,41.5856206,-87.544571
1738970,41.608374,-87.6225568
1719080,42.1787869,-87.8367062
1721780,42.2526073,-87.8589232
1722830,42.2800147,-87.9399419
1727570,42.28021,-88.0542671
1732580,42.195109,-87.973747
1733510,42.4544335,-88.2857359
1740800,42.3897157,-87.9458874
1743890,42.4611073,-87.8726236
1703870,42.4521524,-88.0898736
1711370,42.2416419,-88.300028
1717340,42.3819573,-88.1593888
1717550,42.360642,-88.046984
1725320,42.3376522,-88.2795919
1717902,40.9512121,-88.6748113
1740440,41.8793727,-88.2033455
1704770,38.6059576,-89.5269379
1717903,40.9341111,-88.7675833
1703780,37.4712354,-89.1913985
1740290,37.4438151,-88.8658483
1701384,40.4997212,-91.0654568
1723050,40.1402623,-89.3890947
1730330,41.331334,-88.83252
1731620,38.1170831,-89.3810703
1719620,42.4362751,-89.1013015
1724570,42.228951,-88.6141799
1712990,38.8393728,-90.1019904
1706960,41.182964,-87.8611714
2121001,37.1895952,-84.1132867
2121002,37.1767828,-84.624303
2121004,38.2697855,-85.5376327
2121005,39.0689295,-84.4745985
2300053,44.2542007,-69.1379708
2303480,43.9800698,-69.4303812
2304830,44.022351,-69.4907559
2308400,44.5059115,-67.5342418
2308500,44.3188034,-68.3232666
2308760,44.0522769,-69.5675223
2525013,42.5300036,-73.316635
2511490,42.1215862,-72.1650141
2500541,41.8023599,-71.1120972
2503870,42.4904268,-71.3531973
2504290,42.2356009,-71.3329825
2506930,42.4008258,-71.3896887
2525005,42.4182398,-70.9327277
2525006,42.3834973,-73.3591868
2525007,42.6955322,-72.9091479
2525010,41.7182175,-70.9011509
2507410,42.6521665,-71.0010008
2525012,42.0135566,-70.0641514
2525003,42.6134178,-72.4264276
2509150,41.7182359,-70.8113435
2510830,41.9792249,-70.7999048
2525008,42.5941657,-73.0223195
2525009,42.6800415,-73.0158137
2506510,42.0581953,-71.350877
2501920,42.4167592,-72.450132
2505100,42.4873215,-72.647689
2509900,42.4654045,-72.3087328
2522222,42.6104497,-72.8877351
2525015,42.1510917,-73.1132071
2599001,42.6799712,-72.3398816
2507380,41.3661733,-70.6325377
2508910,42.3133469,-71.5932103
2505740,42.3494979,-72.7821402
2525002,42.7227205,-73.1058185
2525014,42.7277722,-72.9853464
2504560,41.8333183,-70.0037867
2727001,46.9853376,-95.4000147
3011460,48.3206929,-105.9907372
3014370,48.4776347,-107.0598576
3016770,48.6910874,-115.0126353
3026580,48.6994376,-115.7560085
3006330,47.8812348,-112.4622735
3005190,48.6700782,-113.1568269
3008190,48.7040684,-112.4177637
3023070,46.5052807,-108.4397631
3003450,47.2271416,-110.8886244
3005910,47.0748475,-111.6883679
3013050,47.556188,-111.2162581
3024330,47.535498,-111.734912
3025140,47.2352365,-111.2025497
3003090,45.384931,-113.0590965
3011260,47.9197343,-110.9472082
3007320,48.2277428,-111.9537886
3027090,48.2849644,-112.4196402
3003840,47.9028398,-113.8907908
3005310,45.9047078,-112.671076
3007860,48.1894669,-104.4842542
3011580,48.336847,-104.6669159
3021270,48.3150419,-105.1389781
3020100,45.4630812,-110.5349297
3013340,45.4969785,-107.4495469
3013360,45.357966,-108.3611108
3017040,45.1909013,-107.4274442
3013590,48.6898671,-109.7810845
3028911,48.2330293,-109.8019316
3000101,48.5729312,-110.9546212
3007080,45.8450514,-106.6460698
3011190,46.4834866,-107.0752358
3000095,45.438333,-106.5888604
3023910,48.501961,-111.6057314
3012990,46.9298733,-108.936562
3008850,47.4088256,-109.8421105
3018900,46.8395497,-109.616825
3015390,46.6385692,-109.6528445
3001740,45.3766148,-109.7501973
3004920,46.0507359,-108.7854479
3007200,45.6436291,-109.2706396
3020070,45.6820076,-108.9509173
3021900,45.9582419,-109.1936045
3022260,45.7577861,-109.4989601
3009210,46.6321826,-113.4134128
3000933,45.9901782,-110.5423465
3003330,45.8581628,-111.1271605
3004590,45.6507773,-111.0407457
3017640,46.0793038,-110.9662367
3026190,45.9536097,-111.4489636
3028170,45.7559363,-111.5924354
3002030,46.0218272,-113.0672846
3021450,46.8442254,-112.9310998
3018540,47.0693753,-113.8581532
3016020,47.766646,-104.755782
3023550,47.5069263,-104.4510576
3024230,47.6208436,-104.2044065
3011880,47.2671843,-106.9959912
3016230,45.6254989,-108.746325
3023970,46.0221619,-108.4124906
3004860,45.4089262,-105.555344
3023400,48.5291427,-107.4220668
3007930,46.2614136,-105.5503521
3015420,48.1210943,-114.5479389
3027790,48.5291904,-114.563902
3000097,48.6327884,-110.3818149
3004500,48.3983114,-110.0615194
3008340,47.1327538,-104.8467453
3022410,47.5345039,-104.9448199
3013400,48.33721,-108.8466528
3006270,48.5315842,-109.238565
3026670,48.8620226,-108.4765298
3025050,46.5080544,-114.046252
3003900,45.6773875,-108.4568917
3010170,47.6119949,-112.0469363
3021540,47.7362803,-111.6870077
3024180,45.1527734,-112.080163
3015120,46.2737978,-112.1326505
3027840,45.8964021,-112.0216047
3005040,48.1671541,-104.799841
3026100,47.6626474,-115.2731476
3005610,45.5168247,-104.5153243
3025560,45.8179799,-109.9435792
3007140,48.322266,-113.7534147
3028620,48.3168109,-105.6286771
3015260,45.522024,-108.9914559
3022110,45.203826,-109.4236049
3018270,46.6206585,-107.848258
3002450,47.4692663,-112.617295
3013830,46.8755873,-112.1447167
3006810,47.6296277,-105.757222
3010290,47.9832155,-104.4472277
3010530,47.0950756,-109.4122274
3019500,47.9967643,-115.785352
3011850,45.1044336,-110.5190419
3002250,47.1585519,-113.9521918
3006115,47.3502752,-114.3102807
3021090,47.7872415,-114.2322605
3022800,47.540166,-114.1131864
3307230,42.9375482,-70.8509896
3300017,42.97878,-70.97968
3302670,43.7210227,-72.1852072
3305830,44.1770455,-71.6187325
3399965,43.8328337,-71.6967335
3300003,43.1173122,-71.7690988
3303850,42.7425107,-71.6168053
3306260,42.8839811,-71.6331721
3300049,43.4423247,-71.2573646
3408490,39.8514669,-74.6934124
3411700,40.0727906,-74.6819699
3413620,39.9861035,-74.8054831
3407140,41.2044313,-74.6602172
3408060,41.1237725,-74.8349458
3416870,41.1247512,-74.558783
3417460,40.8824571,-74.315498
3406660,40.8079292,-74.4040852
3408500,40.943154,-74.7182428
3410740,40.9446222,-74.5008756
3417550,40.784792,-74.71463
3404380,39.8327374,-74.9524539
3417220,40.6500528,-74.4958145
3402910,39.9129062,-74.1930952
3413000,39.6341855,-74.3769674
3415480,39.6863766,-74.2452693
3401770,39.8072536,-75.0478281
3402880,39.8519905,-75.0357653
3412510,41.006996,-74.0132534
3412600,40.9550214,-74.1836918
3412570,40.8919453,-74.2146115
3406060,39.5189677,-74.6193739
3409360,39.3410621,-74.5815343
3408190,41.082156,-74.2789882
3403620,39.429428,-75.2687618
3415450,39.6111027,-75.0487711
3407980,39.7405783,-75.2761734
3405820,39.7935306,-75.1457357
3411760,40.987967,-73.9680309
3402800,40.8206466,-74.0727969
3412260,40.9437789,-74.0342658
3409090,38.9778679,-74.908599
3411730,41.0523667,-74.1112146
3413560,41.013922,-74.2091351
3405610,40.2567754,-74.2341166
3410440,40.2765277,-74.0817088
3413750,40.3364045,-74.0511073
3409550,40.982712,-74.9848417
3416970,40.7652132,-74.973788
3414400,40.3639754,-74.0098377
3414940,40.3172637,-74.0079549
3403210,39.7441816,-75.190525
3403750,40.5510273,-75.0532108
3407590,40.500479,-74.8521385
3411610,40.6608652,-74.8949022
3619020,40.6189827,-73.5460502
3626520,40.7142717,-73.6937605
3629520,40.6696221,-73.7009502
4103630,42.9562139,-118.9338052
4400420,41.8448142,-71.7138377
4747123,35.6030282,-84.4437669
4747077,35.6421284,-88.3753133
4747079,36.2984916,-88.3247053
4747187,35.9262759,-86.8548995
4747002,35.2628302,-89.7249814
4747189,36.2141551,-86.3144271
4747143,35.4954058,-85.0086519
4747073,36.40826,-83.0041838
4747033,35.7928885,-89.1003106
4747034,35.7162903,-89.0699617
4747107,35.4568086,-84.604522
4747108,35.3381413,-84.5281996
4747029,35.9616404,-83.1976949
4747149,35.8539148,-86.4212238
4747031,35.4618515,-86.0832363
4747001,36.0973382,-84.1289452
4848285,29.4381936,-97.0250317
5008243,44.5199318,-72.3481757
5007710,44.5254544,-72.1813054
5005810,42.8859833,-73.1493211
5099003,42.8839775,-73.2122789
5099001,43.1738019,-72.7013584
5008246,43.1346567,-72.5442172
5000432,43.0625269,-72.7167849
5009600,44.8020875,-71.9746717
5000397,44.6865876,-72.67176
5099004,44.9322848,-72.2028625
5005050,44.76111,-72.202544
5507650,42.5718509,-88.4012961
5515480,42.5292539,-88.6305416
5506120,43.3026831,-88.4041381
5513290,42.5896238,-88.0809892
5515150,42.7431289,-88.0219439
5516770,42.5248811,-88.2103384
5506180,43.1325835,-88.3472323
5515600,42.7859284,-88.1942742
5509630,45.978759,-89.7749595
5505490,43.1582822,-87.922342
0400004,34.7479736,-112.1116232
0400005,33.6058582,-113.771707
0400022,34.2156642,-109.6915379
0404440,33.4085755,-112.3161935
0400480,33.8165692,-113.2363779
0400600,33.5085619,-112.1364587
0400630,33.8042604,-109.2453018
0400750,31.6685669,-109.1614324
0402490,31.4876788,-109.6698151
0400840,33.3354864,-113.0477539
0400960,33.431745,-112.3865615
0401050,33.4618596,-111.9735783
0401380,33.2665287,-112.5960668
0401680,33.4857188,-112.1973735
0402430,33.4931566,-112.0140642
0403060,33.4337749,-112.2152032
0403420,33.5402228,-112.196955
0400870,31.8790558,-109.5397127
0401080,34.6947235,-111.6731517
0402220,34.1958501,-113.0418148
0404170,34.4039659,-112.6427545
0401230,33.5107217,-109.1291269
0401260,32.5683405,-110.1371469
0401920,34.5200702,-110.9498383
0402710,33.4834297,-109.2829279
0404200,32.8034734,-110.2610925
0401290,33.9430233,-114.0220293
0401500,35.3625685,-114.5429171
0403660,35.5440797,-113.7548243
0401650,34.2055085,-112.2145491
0402460,34.1926943,-112.3195454
0401710,32.8364877,-111.7909508
0402790,32.6133217,-111.5963833
0402130,32.1078105,-110.0047824
0402190,34.4449492,-109.709531
0402250,31.8113004,-110.9310852
0402370,34.8457669,-112.0405558
0402400,32.6726998,-114.6893594
0403240,32.5324826,-114.7739783
0403900,32.9435066,-113.4978893
0402760,31.7444566,-109.645068
0402820,31.8208162,-110.5926716
0403960,33.4667029,-112.1437256
0404230,33.283026,-112.0146633
0404290,33.3643348,-112.1600498
0404320,33.2724092,-112.4273647
0404380,33.5008817,-112.4138178
0404500,33.5258127,-112.0458166
0404530,35.2852492,-111.9671823
0404770,31.9588543,-111.3656669
0404860,34.0550118,-109.7083755
0404920,31.5594248,-109.596339
0405100,33.0482518,-112.3418597
0405190,34.951105,-114.4266033
0405430,31.3632645,-109.9734335
0405640,32.6260081,-110.844861
0405760,33.857052,-111.2458217
0405880,31.4312503,-110.1318275
0406510,34.3038564,-111.5611222
0406780,33.4219121,-114.3837598
0406900,32.5501691,-111.2360541
0406930,32.4192512,-110.5341733
0407200,33.125752,-111.9315256
0407380,31.6332915,-111.4914213
0407500,31.3994097,-110.8054674
0407770,34.5972259,-112.761228
0407860,32.8674811,-109.4596501
0408130,32.7215374,-112.0493972
0408430,32.933988,-112.9014605
0408550,32.7569359,-111.6851151
0408640,34.6968896,-114.3442456
0408880,35.381809,-113.6185902
0409030,34.1562553,-112.4348384
0409120,33.8437249,-113.5030244
0409360,34.8463045,-112.8683971
0409390,33.4361633,-112.0233502
0405220,32.9615147,-113.7419939
0407890,32.5395968,-114.7056585
0409090,33.0212754,-114.159348
0405340,33.8749535,-112.583558
0407680,33.0154956,-113.2122465
0405400,33.4314364,-112.123734
0405670,33.4960718,-112.0789495
0405850,33.4004362,-112.6844007
0406210,33.4986266,-112.2764579
0406300,33.4530772,-112.0783438
0405730,34.6656043,-113.652899
0406000,31.5188047,-110.7571638
0407920,31.619765,-110.6003765
0406150,31.9012903,-109.851655
0406630,31.9897709,-110.2063793
0406360,32.7157274,-111.3588406
0407020,33.4241399,-112.1703861
0407080,33.3865159,-112.067681
0408310,33.4062883,-111.9378544
0408490,33.4559582,-112.2586512
0408460,34.4644124,-112.8874647
0408820,33.3505757,-112.2580879
0409060,33.5893864,-112.1131908
0409510,34.2768964,-112.7242252
0409570,34.7323251,-113.974883
0409600,32.5295065,-114.0048912
0409540,33.9766515,-110.9603436
0625290,36.562377,-119.7392353
0625350,36.5189083,-119.3310929
0628530,36.6755567,-119.7795102
0629400,36.6124585,-119.759468
0630390,37.1098623,-118.9369649
0631680,36.5835654,-119.9609668
0641460,36.6392016,-119.7888081
0618840,37.6257136,-121.4377862
0626970,38.1577939,-121.5202225
0627030,37.6514804,-121.3103085
0627930,38.2505382,-121.1435703
0640800,37.921533,-120.8569604
0614790,38.2551183,-121.3127602
0604200,37.6912131,-122.3914319
0604530,37.5325949,-122.2449363
0606060,37.6757495,-122.383302
0606480,37.5866037,-122.3660887
0617190,37.5569805,-122.3582669
0618870,37.6902096,-122.4962693
0620460,37.5978253,-122.5128618
0622380,37.422146,-122.2159023
0624570,37.4558848,-122.1833451
0624900,37.6192966,-122.3645694
0631470,37.3651909,-122.2327244
0631860,37.4894915,-122.1334597
0632130,37.4859353,-122.2325904
0634230,37.6264115,-122.3857566
0634290,37.5010545,-122.2664313
0603000,40.8725872,-124.0776185
0604890,41.1685711,-124.0701235
0605400,40.8660187,-123.8687165
0606000,40.4995854,-123.7084489
0616320,38.550149,-122.9903977
0616620,38.3819319,-122.9935115
0617580,38.7022206,-123.3573786
0619410,38.4187281,-122.5330945
0621540,38.2826327,-122.7095198
0624000,38.5186065,-122.7487417
0625410,38.4383835,-123.0784724
0625650,38.5471748,-123.1037254
0627840,38.4426349,-122.8531271
0628320,38.1998827,-122.5124079
0630230,38.2567666,-122.6172738
0630450,38.4725689,-122.8006952
0632340,38.6566355,-123.3390001
0632640,38.4906209,-122.6323149
0633510,38.4261465,-122.7319246
0635810,38.4547738,-122.7206709
0636180,38.4083478,-122.8335594
0640230,38.3645206,-122.8479303
0640260,38.2654364,-122.7776574
0632160,37.8867683,-122.4626194
0633660,37.9626151,-122.5683146
0635090,37.9809021,-122.4816744
0636000,37.8486405,-122.5156922
0612090,34.0833101,-118.0290541
0630510,36.3604847,-119.699346
0639600,36.4481593,-119.478168
0623730,40.7286612,-123.7373295
0624300,40.9771144,-123.9541503
0628830,41.3572961,-124.0486535
0629430,40.8917514,-124.1112795
0638040,36.4785931,-119.196924
0624780,35.2014208,-119.5600286
0627450,35.4311728,-119.1170544
0631350,35.7394553,-119.4655339
0603180,36.2355205,-119.7049424
0607980,36.1791004,-119.8441233
0616470,36.3309295,-119.6504975
0618510,36.3477747,-119.8823039
0619770,36.4023671,-119.6200117
0619890,36.3217726,-119.5329252
0620760,36.2328593,-119.6092332
0621360,36.3203932,-119.7923899
0642750,38.2290379,-122.6902775
0643200,38.4222897,-122.7630246
0623040,39.0907791,-122.7850454
0631980,40.1484042,-122.3104054
0632250,40.0768065,-122.709618
0632400,39.9734713,-122.1576723
0600012,39.405197,-120.7604788
0608340,39.1414342,-120.9745679
0608880,39.1200981,-121.1681268
0615780,39.2138085,-121.0531043
0626820,39.283834,-120.8887144
0630930,39.0625434,-121.1077211
0640380,39.2026371,-121.0224917
0614940,34.0587656,-118.0964295
0617040,33.8698189,-118.4052955
0633570,34.0790138,-118.0731431
0621210,33.8892514,-118.3460941
0602100,32.8259683,-116.7019634
0606810,32.7891184,-116.9026811
0606030,34.3587477,-119.1331453
0617850,34.1453194,-119.2165694
0602310,37.3638665,-121.7166666
0622650,37.3567766,-122.1291449
0610290,37.3121123,-122.0736888
0603420,37.359623,-120.6149822
0603750,37.4702877,-120.6710831
0612150,37.1385639,-120.5056412
0621240,37.2159621,-120.2016251
0622170,37.3567968,-120.7465373
0624360,37.2510903,-120.6306363
0624600,37.3680136,-120.4421855
0624630,37.4647594,-120.5182474
0630810,37.1853511,-120.3406962
0630840,37.3180728,-120.2716283
0636960,37.5110854,-120.4167076
0641880,37.265849,-120.4185675
0642960,37.4040055,-120.6173771
0605790,32.9933547,-115.5658032
0612030,32.7970163,-115.562543
0616830,32.7328399,-115.5115673
0623460,33.1812901,-115.3148405
0624180,32.7121921,-115.682455
0624390,32.7901309,-115.4990361
0626430,33.0553059,-115.4126297
0636210,32.7781455,-115.6668338
0642180,33.0170025,-115.8498649
0626130,37.7444188,-121.5788115
0623970,38.0000243,-120.6333696
0631920,37.1737072,-119.9030808
0611850,33.954431,-118.0091534
0623010,33.9483846,-117.9604981
0637560,33.9333182,-118.0452832
0622890,33.9625507,-118.0680113
0642450,34.0020441,-118.0458417
0621930,33.9344404,-118.0825307
0616680,33.9158857,-118.3452711
0626190,34.0567727,-118.0215082
0640650,34.0344665,-118.060117
0611910,34.7406414,-117.8995278
0627180,34.3691254,-118.5800118
0619440,34.4915115,-117.873175
0635970,34.5132818,-118.4782645
0638220,34.4217701,-118.4001351
0629580,34.5789322,-118.0831611
0642120,34.718813,-118.368366
0604500,38.0557823,-120.3057757
0609480,38.0466806,-120.4040408
0610320,37.9538832,-120.3063417
0618690,37.84753,-120.4865572
0637230,37.9552962,-120.3632823
0637320,37.9902003,-120.270335
0638250,38.0406457,-119.8372726
0640200,38.239691,-119.9825108
0601890,38.6860805,-122.7921333
0604380,38.3860196,-122.709672
0604650,38.3871023,-122.6349188
0608700,38.2560203,-122.665253
0611610,38.3152736,-122.7566419
0614010,38.4868279,-122.905617
0614130,38.5432919,-123.264374
0615840,38.3594194,-122.7840972
0617520,36.00925,-119.0599385
0621570,36.2661803,-119.3046943
0602220,36.0665653,-118.9410497
0621900,35.6017003,-118.7095301
0638340,36.218006,-119.2497859
0641820,36.1419296,-119.4964
0621420,33.9390259,-118.3575867
0607740,34.5312777,-118.6473073
0620880,34.7407704,-118.1219466
0602250,39.2246605,-120.7182112
0609300,39.1118328,-120.8779689
0603480,38.9388974,-121.1223412
0622560,38.8308414,-121.1617849
0630720,39.0091548,-120.9948566
0607410,39.7933185,-122.0946666
0620610,39.7770319,-122.1453584
0630870,39.7024117,-122.0932716
0615480,39.7340995,-121.4888872
0623700,39.3263017,-121.6638966
0629100,39.5567532,-121.3392037
0629540,39.3990524,-121.5447411
0630520,39.6733136,-121.3673265
0639180,39.534113,-121.6153454
0625980,38.6325316,-120.8440154
0632310,38.7194371,-121.0179532
0615450,38.7759673,-120.9268684
0636810,38.795329,-120.2639446
0606270,38.6462939,-120.9743723
0630780,38.7776727,-120.7544901
0631290,38.6993273,-120.2840549
0615390,38.6788598,-120.7170488
0621180,38.5695496,-120.9826546
0630480,38.6163803,-120.5283047
0618240,38.5661039,-120.5012152
0607170,38.8350844,-120.6310405
0600006,37.9933826,-122.5929459
0605520,37.9781311,-122.7922975
0611220,38.0284613,-122.5292675
0619380,37.9571528,-122.6012118
0620430,38.1751298,-122.7489997
0620520,38.0076912,-122.6721839
0620910,37.9241392,-122.4993659
0624870,37.8790586,-122.5685257
0627300,38.0928085,-122.7084807
0607200,37.2897082,-121.9557549
0622350,37.0937296,-121.8624197
0622830,37.1888286,-121.9379885
0620700,37.1978252,-122.072953
0626280,37.4140278,-122.0706785
0638460,37.3897355,-122.0247588
0614370,37.3018631,-121.843928
0625770,37.2963843,-121.9804551
0640320,37.2414681,-121.919863
0627810,37.2482478,-121.7921059
0613140,37.2942719,-121.7568524
0628680,37.383725,-121.9085623
0604800,37.3992787,-121.8480286
0626400,37.3502008,-121.7839531
0607140,37.2702291,-121.9324706
0623130,37.3228092,-121.9276067
0616570,40.4572236,-122.4218326
0618160,40.4444875,-122.751087
0619200,40.536096,-122.2525158
0624930,40.6006181,-122.0787811
0627040,40.9389489,-121.9274396
0627510,40.6101573,-122.1975408
0627870,40.7111975,-121.9633155
0629280,40.5089866,-122.2911698
0632040,40.5536366,-122.4015346
0636570,40.6462362,-122.4787757
0642420,40.6433146,-121.6495781
0642060,36.6883937,-119.8669665
0642210,36.3780687,-120.2206098
0639210,36.4369886,-118.671533
0632430,35.8291093,-119.1403932
0639300,36.0477094,-119.3136421
0636360,36.3612729,-119.0512622
0619740,36.5011241,-119.471305
0638430,36.1444776,-119.1458821
0639870,36.1727062,-119.3115364
0638130,36.1614452,-118.9866135
0603270,34.9995723,-118.7682384
0603630,35.422511,-118.8847781
0604260,35.4757194,-119.0693328
0605250,35.706991,-118.862428
0606390,35.3358857,-119.1256281
0606720,35.4165342,-119.5232976
0606960,35.3292652,-118.529113
0610890,35.700562,-119.0671672
0611130,35.2603233,-118.7797831
0611940,35.3376627,-118.8152006
0615600,34.7106484,-118.7563859
0642810,34.6271431,-117.7641827
0617880,34.6640856,-118.4971509
0626340,34.2507035,-117.6064529
0611760,35.8736662,-119.2815507
0630630,35.971506,-119.330914
0611550,35.8579157,-118.9454417
0609510,35.8308068,-119.2104361
0643170,36.0911421,-119.1924537
0639060,35.9597182,-119.030795
0629160,36.2562393,-119.1980529
0637770,36.1727771,-118.4920872
0633270,36.0549642,-119.1163598
0617640,35.8498714,-118.4015376
0633390,33.7443414,-117.1581437
0627780,33.8160205,-117.1115181
0624540,33.6659701,-117.1730163
0630180,33.7737016,-117.2937067
0605640,37.048384,-122.1361855
0616560,37.0462134,-121.9817012
0621990,36.9545991,-121.9755307
0626070,37.0599307,-121.9189104
0629340,37.0919335,-122.2265665
0635590,36.953717,-122.0705997
0637290,37.0013895,-121.9520594
0619860,39.8471433,-122.1409252
0621090,40.1943009,-121.8564922
0624720,34.2765906,-119.0833501
0626460,34.509137,-119.047914
0628170,34.0917974,-119.041417
0629220,34.2106961,-119.2329126
0630990,34.2135604,-119.0060109
0632760,34.2232476,-119.1411376
0635490,34.4127008,-119.0010042
0637140,34.2940398,-118.9795722
0607260,39.4308753,-121.1005893
0631180,39.0203878,-121.5310259
0642330,39.1060986,-121.3681796
0633690,37.3969795,-118.6271209
0618780,40.286643,-120.4704931
0619050,40.352452,-120.5815706
0603090,38.8555008,-123.5714239
0623550,39.0059537,-123.6424272
0602760,40.3349021,-121.7009388
0609780,39.9267538,-122.2432946
0613170,40.2732554,-122.5912374
0613860,39.8855608,-122.6267068
0615090,40.0580692,-122.2192963
0601427,39.1974727,-121.2134059
0601420,40.5870861,-124.1431065
0606570,36.0815999,-119.0749546
0629670,36.1123637,-119.3851313
0627900,36.2326465,-119.4118752
0635940,35.978395,-119.187729
0631050,36.0403659,-119.1747074
0606420,36.1709476,-119.4345322
0636330,35.6353047,-119.5472839
0637470,35.6176875,-118.1932133
0637890,35.4719539,-118.9992506
0638700,35.1611201,-119.4053499
0641130,35.2014549,-118.9053287
0641400,35.5902801,-119.3804652
0614520,40.7899851,-124.0484915
0614910,40.7128114,-124.0475651
0615990,41.0149072,-123.8446443
0618120,40.5508466,-124.0815152
0618660,40.8287492,-124.0300646
0619980,40.6872478,-123.9241334
0622320,40.6659519,-124.2400512
0635910,37.2516381,-122.0550649
0606510,40.8894393,-123.4325603
0609240,41.2034758,-122.7097356
0611430,40.5911229,-122.8702226
0619170,40.8303591,-123.0234888
0621480,40.7461333,-122.8022178
0639750,40.9469937,-122.7266042
0632710,35.3813948,-119.271954
0633480,35.3961666,-119.1599328
0610230,40.5460849,-123.9658274
0610380,40.7430281,-124.125065
0613740,40.9628092,-124.0310789
0630090,40.8029027,-124.1997758
0632730,40.4412005,-124.1004154
0636100,40.4210712,-123.9521094
0637350,40.6865049,-124.1567492
0639720,41.0454689,-124.0208165
0607350,37.8301244,-122.1707883
0620040,37.9651673,-121.6123003
0620310,37.8970087,-122.1142919
0625740,37.8319712,-122.1059224
0628080,38.0296175,-121.6539404
0628860,37.8900489,-122.1948009
0641250,37.8891543,-122.0544307
0640710,33.4043813,-117.1407303
0605910,37.9014837,-121.7432733
0606750,37.8516642,-121.6611394
0601680,38.9366318,-121.0507823
0611490,38.7431179,-121.3369121
0633600,38.7835185,-121.3356586
0613080,38.7378177,-121.1875273
0627120,38.8755847,-121.1447472
0613980,39.0828051,-120.5640417
0612600,38.7392057,-121.4806566
0605490,41.9237545,-122.3120169
0606690,41.451037,-122.4065079
0610980,41.6986453,-122.5806656
0611670,41.2132164,-122.3927798
0614970,41.5195091,-122.581256
0616110,41.6351005,-122.5466582
0616530,41.8189044,-123.5524843
0617620,41.9466483,-122.6348078
0619230,41.3898765,-123.2310742
0619920,41.8323271,-122.9879634
0621960,41.6982775,-122.3058184
0624210,41.3353643,-121.8601272
0625380,41.7585208,-122.4996388
0626040,41.3045126,-122.3518281
0603060,38.3422679,-121.1741948
0633240,38.6551041,-121.4473052
0641790,38.2885168,-122.6363799
0642270,38.5870855,-122.9989154
0615870,36.7048788,-121.7105324
0616080,36.1843316,-121.3437829
0619680,36.242017,-121.1226691
0620490,36.7872955,-121.5890096
0625110,36.3756312,-121.3950395
0631020,35.7945457,-120.5455535
0603720,34.6298305,-120.1232814
0605280,34.9129854,-120.1688954
0605580,34.9439641,-120.4478492
0606330,34.5843294,-120.2186944
0609270,34.4474432,-119.6555602
0609330,34.6733168,-119.7436158
0615510,34.4534159,-119.8860449
0616260,34.9402685,-120.62007
0617490,34.4198302,-119.7664344
0622920,34.7898396,-119.8873256
0625500,34.4168482,-119.6403087
0628710,34.8217848,-120.4589738
0637110,34.5727281,-120.0632007
0641220,34.4796189,-120.2258295
0619620,37.5472938,-120.9071376
0620010,37.7690552,-120.644814
0625130,37.6302917,-121.0043936
0629790,37.6200223,-121.0619773
0633210,37.6347454,-120.5613209
0633900,37.6996182,-121.1230511
0636660,37.618638,-121.1347543
0637950,37.7185727,-121.0323086
0638670,37.6979544,-120.954233
0602360,37.028698,-120.3875169
0604080,37.4329368,-119.6055321
0608520,37.1054698,-120.1974536
0607840,35.4785848,-120.8947455
0602610,33.8265579,-117.9167756
0606360,33.8700902,-118.0018223
0608070,33.8411497,-118.0135956
0610440,33.8222816,-118.0431371
0614220,33.6957344,-117.9600845
0614730,33.8826868,-117.9307245
0618030,33.6738643,-118.0255613
0620190,33.9269584,-117.9433578
0623430,33.8226572,-117.9753173
0628140,33.7183855,-118.0178033
0636030,33.8143989,-118.0066518
0642150,33.7555674,-118.0077083
0636990,32.990814,-117.23532
0637380,32.567339,-117.0991656
0637680,33.1087882,-116.6483207
0613290,35.3370589,-118.9339506
0614700,35.3815964,-119.0867064
0615000,35.0410905,-118.9719663
0616050,35.2713729,-118.9967067
0619590,35.6228752,-118.4788252
0620730,35.1900417,-119.1916871
0620850,35.2824702,-118.9126582
0621450,35.5039669,-119.2155439
0622950,35.6618355,-119.9298835
0623760,35.4986605,-119.3905558
0624330,35.419245,-119.7517335
0608250,37.4710052,-120.962712
0612690,37.6464961,-120.8698139
0615810,37.5729743,-120.7877856
0616650,37.6578793,-121.1318239
0641040,34.5230767,-117.3119942
0601710,34.630638,-117.5205628
0628950,34.6599126,-117.2900047
0616300,34.0729245,-117.560444
0626220,34.0147308,-117.5858758
0607950,34.1120553,-117.595957
0612960,34.1563864,-117.5169361
0628470,34.0619364,-117.6574673
0602160,34.1651275,-117.5944642
0616860,34.7606773,-117.3501035
0604980,41.5814425,-122.3807046
0604350,40.6983424,-122.1668477
0605220,40.5184784,-121.7572796
0607680,40.4568793,-122.3035017
0607770,41.1106421,-122.2952253
0609450,40.610287,-122.3036438
0609990,40.3850396,-122.4846997
0612810,40.5664374,-122.340476
0614490,40.726965,-122.6160793
0615690,40.5326573,-122.4824261
0617760,38.5857836,-122.4442019
0631380,38.6670182,-122.4070119
0634920,37.5463155,-122.3007853
0643140,37.423294,-122.279612
0631830,40.8479807,-120.3987936
0632520,40.3478703,-120.7098037
0636420,40.4472076,-120.2139966
0638550,40.5364001,-120.7370398
0601950,36.6747263,-121.5237812
0605190,36.3834561,-120.8636505
0605730,35.900228,-120.8046524
0608580,36.5897368,-121.4746436
0602370,36.5535138,-119.7877455
0604860,37.3198387,-119.0332582
0606540,36.4565952,-120.0269155
0608850,36.5576711,-119.5123281
0619800,36.4950017,-119.5875078
0640680,38.3036283,-120.2839208
0612360,35.3062125,-119.3901732
0603780,39.3988963,-121.408121
0636240,41.924212,-123.2608091
0641980,41.5464633,-122.1798207
0642600,41.824931,-122.4086805
0643380,41.7728486,-122.6949023
0606090,39.1732309,-121.805673
0606100,38.9560316,-121.4812796
0614340,39.119533,-121.7081452
0623800,38.8952695,-121.5083471
0624690,39.149456,-121.8826966
0627750,39.1952101,-121.6853986
0630900,38.8169221,-121.4944398
0642900,38.9607591,-121.7463737
0633930,36.679682,-121.6471903
0634050,35.9535675,-121.2253898
0634080,36.0464534,-120.7877231
0634770,36.1729751,-120.9026824
0635010,35.7764457,-120.843703
0635790,36.7510397,-121.5917679
0637710,36.5872447,-121.6322924
0641610,36.5462742,-121.7009512
0617160,37.6052705,-120.7334825
0601980,35.8303782,-119.3890556
0608640,36.7036621,-121.3980349
0617340,36.8326308,-121.3939848
0618810,36.5121094,-121.1260655
0627480,36.9251728,-121.3709258
0629770,36.538696,-120.7734702
0637650,36.7755567,-121.3458377
0639690,36.7906127,-121.1650039
0642630,36.6417492,-121.1960046
0607470,33.036028,-117.2942318
0608610,32.6237197,-116.9668653
0610710,32.7758088,-116.8281415
0610740,32.9529576,-117.2532408
0612750,33.059668,-117.2822106
0612880,33.1326436,-117.0887619
0613500,33.3802371,-117.3901006
0618730,32.6943442,-116.7755144
0619140,33.0470228,-116.4590731
0620250,32.7487582,-116.9958334
0620790,32.9071874,-116.8817529
0621330,32.7350834,-117.0367338
0626670,32.6697871,-117.0977315
0631740,33.0424926,-117.1901073
0635040,33.0916323,-116.9838614
0635220,32.574439,-116.9790546
0635880,32.8573745,-116.9981939
0900030,41.7329821,-72.3746584
0900090,41.8971227,-72.1714268
0900150,41.9357077,-72.9729214
0900570,41.7872432,-71.9574014
0900630,41.9629594,-73.3071433
0900660,41.6939604,-72.0091181
0900720,41.7908895,-72.1295395
0901380,41.8955903,-72.0933042
0904020,41.8607627,-73.4492152
0900240,41.422964,-72.9941871
0903210,41.2849513,-73.0246368
0900390,41.5450583,-72.175228
0900780,41.4117284,-72.4871458
0901080,41.3678191,-72.4774422
0900870,42.0057973,-73.0641841
0900930,41.8480597,-73.3305614
0902040,41.729782,-73.45414
0902760,41.8410525,-72.998664
0902940,41.9697726,-73.1784393
0903000,42.0205944,-73.2962455
0900900,41.693707,-72.3056722
0902010,41.6585843,-72.3934198
0902340,41.7892725,-72.2284642
0901410,41.2649447,-73.3004792
0903510,41.3054148,-73.3925837
0901500,41.3498623,-72.4133829
0901590,41.6212115,-72.1426091
0902190,41.6027656,-72.0122612
0903420,41.5186523,-72.0065973
0901890,41.7830301,-72.0645718
0903360,41.8680405,-71.9722603
0901950,42.0012054,-72.9540266
0902370,41.636439,-72.4540018
0903930,41.986226,-73.4252735
0903900,41.4893505,-72.2583804
0903960,41.6976356,-72.0872886
0904080,41.5794184,-73.4976901
0904260,41.6355702,-72.0775268
0904350,41.7012,-71.8159882
0904650,41.9998845,-72.1622435
0904710,41.5791925,-71.8312276
0905100,41.8972671,-72.2518477
0905310,41.3635385,-73.0038877
0905370,41.9662084,-72.0227864
1300002,32.4004755,-84.8022711
1710380,42.0295696,-87.7241633
1710950,41.5103245,-87.5951144
1711010,41.5508767,-87.7340158
1712120,42.032915,-87.8912651
1712420,41.624129,-87.5794488
1712450,41.6362247,-87.6241852
1713140,42.0482288,-87.8348014
1713260,42.0179844,-87.7239953
1713440,41.8587397,-87.8540172
1713770,42.0234889,-87.9773126
1714460,42.047117,-87.6971114
1714550,41.7212749,-87.7013342
1714820,42.0150825,-87.7606951
1715420,41.5414833,-87.6808973
1715450,41.8672338,-87.8141713
1715480,41.6241505,-87.7525883
1715780,41.9303869,-87.8638155
1716860,42.1359002,-87.7664846
1738520,41.5761264,-88.0609422
1739510,41.5061776,-88.186795
1739660,41.4917635,-88.0191355
1701385,40.4024354,-91.1038284
1703750,37.4521638,-89.1722751
1707740,37.4492833,-88.9875832
1711520,37.3623621,-88.9774475
1720640,37.387615,-89.3026076
1722860,37.5275228,-89.1118879
1741520,41.6250041,-87.543724
1741700,42.1043028,-87.8696988
1741790,41.8524612,-87.8843181
1725740,40.8140614,-89.4200454
1734110,40.7986253,-89.5289565
1734350,41.7668334,-89.7135581
1708970,41.7359065,-88.0102235
1710470,41.9333926,-88.1290431
1712540,41.7971984,-88.014546
1716800,41.8849781,-88.0615883
1717040,41.7528509,-88.0574661
1717160,41.7509278,-87.93357
1720220,41.9724607,-88.0160493
1720880,41.9772917,-88.1211697
1726490,40.6686398,-89.683207
1729040,40.6982097,-89.6946768
1729100,40.6381926,-89.6769507
1731860,40.6748112,-89.6532031
1731950,40.7140185,-89.6650197
1723100,42.0054299,-87.7329594
1723850,41.8089808,-87.8230236
1724330,41.9319103,-87.8972447
1724420,42.1078983,-87.831036
1724720,41.5876288,-87.7053438
1725020,41.5038652,-87.7065
1725110,41.8838524,-87.8446338
1725920,41.6282729,-87.7172785
1726820,42.050162,-87.7899308
1726850,42.0383358,-87.7796698
1727210,42.0631535,-87.94239
1728500,42.0163301,-87.7941945
1728650,41.9623525,-87.8235814
1728890,41.7145133,-87.8254364
1728980,42.1364525,-87.813545
1729190,41.7163994,-87.7406952
1729250,41.8871644,-87.7899404
1730220,41.6076791,-87.8676051
1730420,42.104639,-88.0558411
1704200,40.2630582,-87.8733238
1716650,40.3192929,-88.0112592
1723700,40.3552744,-88.1577034
1733210,40.3035384,-88.2034932
1737380,40.10676,-88.0802358
1738790,40.2494804,-88.1881692
1717490,42.4366045,-88.144908
1717520,42.3508896,-88.0576708
1717800,42.3958484,-87.9091019
1718570,42.2462354,-87.955775
1721030,42.1874585,-88.0059901
1721720,42.2846175,-87.8548787
1721750,42.2362509,-87.8548153
1721870,42.4117535,-88.0813709
1740530,41.4044055,-88.8644641
1740620,41.3914228,-88.9982846
1705580,38.5037738,-89.945743
1705610,38.5049072,-90.0072335
1709170,38.5881952,-89.9466992
1714220,38.5500867,-90.0636955
1715820,38.4142826,-89.8969075
1717310,38.5982895,-90.0142023
1718960,38.5378481,-89.9910121
1734620,42.2574258,-87.9018558
1742900,42.4796734,-87.8228489
1743110,42.3644117,-87.9625194
1730570,41.6632299,-87.7758493
1730600,41.6678628,-87.8510803
1730810,41.4854343,-87.6835402
1730840,42.0136454,-87.8428257
1743860,42.4521347,-87.830963
1700222,42.4544335,-88.2857359
1742300,38.5496802,-89.9511689
1728110,38.2969439,-88.3184025
1727930,41.3919888,-88.5275412
1726610,41.3203759,-88.3990096
1716230,41.1893157,-88.3349387
1735400,41.4107828,-88.4127917
1725190,41.2308752,-88.4815679
1735820,41.2527208,-88.6317718
1708340,37.7478765,-89.2090139
1712150,37.8132024,-89.2200765
1716590,37.6525196,-89.1424349
1739930,37.6525505,-89.2359627
1700065,40.8987801,-88.4235914
1703420,41.1437621,-88.6732577
1710860,40.9935122,-88.7233485
1729520,41.0025052,-88.5322254
1732160,40.8816069,-88.6202834
1734650,40.882064,-88.7434483
1703480,41.6789736,-87.744775
1703930,41.5916137,-87.7500685
1704050,41.7800813,-87.8152658
1704140,42.0923863,-87.9816727
1704560,41.6804834,-87.6912439
1704800,42.0895105,-87.7583568
1721180,42.4285524,-88.9969014
1736240,42.4713828,-89.1868189
1732550,42.4641859,-88.971936
1700010,42.461156,-87.8892836
1700119,42.1846237,-87.8109043
1703840,42.4686276,-88.0772893
1703900,42.1687326,-87.9395045
1704950,42.1922265,-87.8698114
1706270,42.3534107,-88.1595075
1708730,42.2212249,-88.2294279
1711980,42.1682342,-87.8683085
1712210,42.2424797,-88.0028373
1724120,41.4276678,-89.3436616
1737050,41.339125,-89.2332272
1730900,41.650962,-87.6310197
1731200,41.9740894,-87.823024
1732040,41.7479486,-87.8985562
1732370,41.6306891,-87.6921542
1732850,42.1067859,-87.9440315
1733390,41.9149441,-87.8473513
1733690,41.7197957,-87.7795076
1733810,41.8950891,-87.8191287
1733840,41.9283932,-87.8371326
1733870,42.0813534,-87.9093118
1733990,41.8315594,-87.8214679
1734740,42.0291148,-88.0895105
1734770,41.9861531,-87.8670783
1735340,41.515984,-87.5450579
1799002,38.2791252,-88.750901
1799003,38.3372107,-88.9735864
1714410,42.0265856,-88.9745592
1703210,38.0007445,-88.768972
1705950,37.9947671,-88.9233405
1726190,38.47465,-90.0863805
1729760,38.621882,-89.901958
1709150,40.7188722,-89.4609031
1711290,40.6423587,-89.5923199
1713240,40.6792169,-89.5418678
1728920,40.6083584,-89.6241835
1731080,40.5694777,-89.6007889
1733120,40.533577,-89.6884539
1721130,41.9972385,-89.1116437
1716560,40.7663495,-89.4777
1700077,42.2674442,-88.5983673
1711350,42.2420354,-88.3367973
1718360,42.3831035,-88.3337963
1732520,42.2662205,-88.2523914
1799007,38.287269,-89.0901601
1703270,38.5522373,-89.6038536
1705160,38.5207626,-89.4600862
1711730,38.5063131,-89.6171242
1716530,38.517495,-89.5406428
1735220,41.8578383,-87.9636931
1740350,41.8791859,-87.9862152
1740500,41.8389789,-88.05911
1741550,41.8741181,-88.2112314
1742720,41.8706442,-88.1599391
1703150,41.9301637,-88.0014633
1705880,41.911585,-88.1724174
1705910,41.9561449,-87.9470379
1706450,41.9562804,-88.0756877
1707980,41.8338182,-87.9517648
1708790,41.7293931,-87.9736962
1705190,40.6435258,-89.6496004
1719420,40.5866131,-89.669253
1722920,40.6736744,-89.7228392
1709210,41.5892583,-88.0480213
1709510,41.5744223,-88.0900198
1709540,41.4244536,-88.2088943
1714160,41.4120769,-88.1005053
1714760,41.564013,-88.0483459
1715700,41.4883187,-87.8566462
1719500,41.5922183,-87.9641546
1720580,41.5274214,-88.0779843
1722050,41.4614015,-88.1058789
1723730,41.6209282,-88.0146802
1724270,41.4328385,-87.9765281
1726310,41.4790218,-88.3063591
1726370,41.5328892,-87.8860675
1728140,41.5140281,-87.9596137
1733450,41.5775196,-88.1247633
1734470,41.5035047,-88.1248009
1737680,41.4761741,-87.6272254
1738220,41.5316665,-87.8202434
1731140,41.0535919,-87.5829205
1737320,41.1819853,-87.7921038
1714710,38.3618468,-88.3244945
1716320,38.4274057,-88.4077369
1721450,41.7564231,-87.9720516
1723460,41.8658195,-88.0215649
1724000,41.7784998,-87.9645608
1724780,41.9276323,-88.059765
1725500,41.9772898,-88.0497565
1730510,41.7051672,-87.9606967
1732970,41.917691,-88.087427
1734710,41.9802803,-88.0833976
1742960,38.5600758,-89.9815288
1704740,38.614071,-89.5982347
1701419,38.2125411,-88.8748815
1710690,41.4835655,-90.3559203
1701381,40.5717258,-90.9842565
1701388,40.63392,-91.1382433
1716920,42.0773217,-87.8258699
1716950,41.5368736,-87.6042541
1717850,42.1347295,-87.8630693
1718450,41.6104048,-87.648816
1732190,38.5906554,-89.9805953
1736210,38.5606506,-89.9054372
1736330,38.5746445,-90.0650502
1736510,38.381243,-90.0232025
1737440,38.3933817,-89.7274881
1743020,41.9765367,-87.9764773
1737800,41.8393486,-89.0401135
1734260,41.9255365,-89.1016461
1726590,41.707767,-89.7000122
1725620,41.578614,-89.0930993
1729700,41.5594694,-89.4448495
1711220,41.9459693,-88.9783063
1704340,38.2968484,-89.1906783
1705570,38.2055381,-88.7709606
1706180,38.2826894,-88.9079193
1709270,38.509998,-89.109342
1714640,38.0834593,-88.8530066
1714940,38.4281967,-88.7570471
1715090,38.4123858,-88.8576415
1717190,38.4301299,-89.0901156
1720910,38.498151,-88.8416372
1725260,38.2649117,-88.9549224
1727340,38.321465,-88.9229953
1734590,38.4194364,-88.9722295
1738190,38.3229036,-88.8588324
1722800,42.2984491,-87.9622992
1728270,41.5482507,-88.5420259
1714250,42.4574813,-88.1088545
1715630,42.4199741,-88.1811475
1715930,42.2793056,-88.0627794
1716290,42.3927268,-88.1378994
1701411,41.7696881,-89.619982
1706750,41.1809666,-87.8994224
1706930,41.1513417,-87.8563354
1741820,41.8113839,-87.901929
1742210,42.131757,-87.9344309
1742570,41.710376,-87.885956
1742600,42.0757565,-87.7241244
1742840,42.1077006,-87.7401014
1743380,41.6892273,-87.789998
1729310,38.2582051,-89.5038769
1740680,38.4949735,-89.1617989
1742510,38.5232202,-89.1791124
1734170,40.6820963,-89.5206575
1723090,42.2088116,-87.9216666
1725290,42.3329119,-88.2703628
1726100,42.4331332,-87.9821999
1727540,42.2718599,-88.0090394
1729130,42.3073685,-87.9156029
1708310,41.5093901,-90.3651176
1713170,41.5035554,-90.4292269
1718090,41.5631039,-90.3843511
1736360,41.5299254,-90.3732378
1734540,42.416779,-89.1277848
1709180,38.5542595,-89.0818758
1720250,38.5920054,-88.7593112
1733030,38.5247525,-88.9825953
1735160,38.6337054,-88.9089161
1735770,38.6309574,-88.996898
1733750,42.1927508,-88.6265987
1711700,41.3645458,-89.1739373
1701434,41.4036125,-89.1355524
1721510,41.3704437,-89.2261366
1735460,41.4874597,-87.5559986
1735640,41.9580535,-87.8687587
1736300,41.5105336,-87.7619289
1736450,42.0522967,-87.7462512
1736480,42.0311169,-87.755832
1736720,41.5879359,-87.5850832
1736750,41.6016046,-87.6145438
1736810,41.7523372,-87.7707159
1737860,41.8023797,-87.7699129
1738370,41.5436655,-87.5487489
1738400,42.1086156,-87.7857575
1738910,41.5694831,-87.6017086
1739030,41.6009787,-87.7880827
1739780,41.9631903,-87.7980454
1718480,41.6254443,-87.667404
1718600,41.5820046,-87.6596474
1719110,41.784118,-87.8921425
1719230,41.85621,-87.905043
1719290,41.7978826,-87.9313727
1719530,41.5603759,-87.653093
1719680,41.5982622,-87.5486058
1720970,42.089263,-87.715095
1721270,41.5786853,-87.8267868
1721420,41.8490925,-87.8486445
1721600,41.8224654,-87.8737786
1721630,41.7783986,-87.8624494
1722020,41.5728686,-87.5497192
1707010,38.6493564,-89.4814523
1715660,42.1923909,-88.2222868
1700112,41.1382568,-88.882909
1705466,41.3271474,-88.6985421
1711910,41.2763206,-88.9560492
1717220,41.2300614,-88.7895595
1722080,41.3381321,-89.0845945
1729670,41.2903957,-89.10229
1730300,41.3282054,-88.8577228
1731380,41.3352615,-89.1336283
1735100,41.3793015,-88.7532776
1739180,41.2180078,-89.0600422
1700330,40.187034,-88.028728
1712960,38.8818515,-90.1041408
1737470,38.6918376,-89.5446353
1743050,38.8247837,-90.0980081
1720370,38.4178472,-88.3085277
1736780,40.5017778,-89.656665
1737020,40.5391804,-89.7703995
1741010,40.672784,-89.4710078
1741040,40.7046527,-89.3843231
1700103,40.14691,-89.548718
1709850,40.1435063,-89.2801683
1722980,40.1488236,-89.368576
1741600,40.1231801,-89.4269034
1700009,38.1176877,-89.4698566
1720190,38.4352169,-89.1866495
1727720,38.3648621,-89.3332897
1705760,41.8865668,-87.872995
1706000,41.8964789,-87.9028707
1706060,41.8579089,-87.7914009
1706090,41.836026,-87.7906877
1706510,41.6566955,-87.7158019
1707170,41.7534009,-87.8269406
1707290,41.6739756,-87.9725592
1707320,41.8312151,-87.8516623
1707860,41.6349743,-87.5348725
1708100,41.6098568,-87.5392406
1708130,41.6603137,-87.6577657
1709960,41.5044946,-87.6438187
1709990,41.6991131,-87.7728743
1710200,41.8437413,-87.7588376
1728160,37.5208665,-88.7948868
1740260,37.4047311,-88.8467082
1732090,40.3136996,-87.7880091
1732670,41.3534462,-89.4740581
1732490,38.0723787,-90.0975553
1706840,41.2234884,-88.272114
1712840,41.083276,-88.4475543
1726250,41.3840504,-88.6445261
1736840,41.1744122,-88.2586844
1723160,41.4845598,-88.4811804
1731560,38.1489441,-89.2747184
1738550,38.1221727,-89.2196254
2100090,38.2697855,-85.5376327
2101590,37.1895952,-84.1132867
2105220,37.1767828,-84.624303
2105460,39.0689295,-84.4745985
2302510,44.2978558,-69.270421
2302850,44.39747,-68.2638076
2302950,44.4461687,-67.6028545
2306160,44.022351,-69.4907559
2307100,44.5607592,-67.4822337
2308490,44.3336389,-68.3304054
2312390,44.2574506,-68.3128193
2312960,44.2570242,-68.4582193
2314842,46.90692,-67.8630059
2305380,45.4431206,-67.7719276
2306610,44.2411781,-69.1885129
2307450,44.2954425,-69.0664245
2311130,44.1926862,-69.0875866
2500014,42.4030657,-72.8251006
2500043,41.3422756,-70.7104419
2501740,41.7182175,-70.9011509
2501890,42.3635343,-72.5072913
2502520,41.8380611,-71.0776152
2504650,41.4571596,-70.5561006
2507470,41.6613631,-70.8120237
2509390,42.3716476,-72.4124883
2509780,41.9591,-70.8027525
2510140,41.7608637,-70.8389561
2510800,42.4569676,-72.4172444
2502880,42.6831075,-71.0271876
2507830,42.6105133,-71.0071181
2508220,42.4182398,-70.9327277
2502970,41.7475134,-70.0662228
2504530,41.8415701,-69.9889261
2509210,41.7656765,-69.9661951
2503060,42.1281757,-72.2053516
2503120,42.1808069,-72.1078882
2508880,42.3233423,-71.6462358
2509540,42.4592215,-72.2163354
2503330,42.5368075,-71.3613254
2503840,42.4629107,-71.3644962
2506900,42.4255064,-71.3108115
2503720,42.7227205,-73.1058185
2503900,42.5085673,-72.7071592
2504080,42.5179668,-72.6131394
2504710,42.6134178,-72.4264276
2506000,42.6104497,-72.8877351
2504260,42.2341598,-71.2911666
2508640,42.1162441,-71.3292739
2504920,42.6911602,-73.0115755
2505610,42.0026332,-70.8637084
2505760,42.5300036,-73.316635
2506210,42.0467834,-72.1802118
2510710,42.2319469,-71.3729634
2506540,41.9871959,-70.7419417
2507290,41.706839,-70.7509582
2506810,42.4688976,-72.4845792
2508530,42.4813245,-72.3578719
2509180,42.6054372,-72.2920738
2510230,42.6955322,-72.9091479
2509090,41.3759343,-70.4807597
2509690,42.0128383,-71.336188
2510080,42.3834973,-73.3591868
2510530,42.5941657,-73.0223195
2510950,42.2269485,-72.7415876
2510980,42.2996253,-71.5284274
2511310,42.1048135,-72.087738
2511340,42.3833674,-71.4210704
2511370,42.4666914,-72.5467508
2511670,42.6413873,-70.9433847
2511940,42.0613129,-72.2344109
2512570,41.4730705,-70.6174223
2512690,42.3140779,-72.7779767
2512870,42.430995,-72.6424368
2513323,42.6799712,-72.3398816
2510860,41.7384828,-71.1650529
2511730,42.0135566,-70.0641514
2512300,41.9168051,-70.0271001
2512990,42.4054143,-72.7260428
2513260,42.3975593,-72.9433922
2513290,42.0526709,-71.356858
2513321,42.1510917,-73.1132071
2600010,43.8638836,-82.8551913
2600011,43.8473664,-82.7974309
2600105,43.770023,-85.7235821
2603960,42.3019595,-86.1798425
2609630,43.8766031,-82.9712211
2632970,47.1132534,-88.7812298
2603270,46.8903912,-88.1650678
2603660,46.5309581,-87.0157817
2605100,42.8933205,-85.083685
2612660,43.0199361,-85.0962798
2619290,43.0112729,-85.0697367
2606300,45.770763,-84.4779593
2610230,43.8419966,-82.9969893
2631830,43.8105108,-82.8307279
2634860,43.7987892,-82.8706566
2613140,46.8926152,-88.8439789
2613680,44.7055076,-85.0253716
2615510,42.5128738,-86.2230072
2616560,47.3975624,-87.8952347
2617340,42.1722803,-86.3940823
2632070,42.0353077,-86.3894049
2622830,42.3095694,-84.8786292
2624540,46.0190676,-84.947513
2626100,41.92157,-85.438806
2626430,42.7046355,-84.7711595
2629190,46.8654606,-87.7753403
2635790,46.0637982,-87.4813604
2700388,43.6415107,-95.47369
2707110,45.6513049,-96.7505553
2715540,44.4676397,-96.2310418
2718390,44.4033052,-95.9276237
2721210,44.4344146,-95.5307389
2728960,46.9853376,-95.4000147
2733720,48.1299108,-93.1769538
2903040,37.642027,-89.5725151
2904080,39.8548391,-94.7532819
2904110,37.2069088,-94.1362815
2904590,37.6753582,-90.818418
2931890,36.8404521,-94.5164584
2905190,38.9759651,-92.9894442
2912480,38.247325,-91.3242477
2912840,39.2453924,-92.9843153
2920840,39.2889966,-93.1881466
2923790,36.1353499,-89.6901391
2927330,39.095031,-92.9912864
2927450,39.1800945,-93.0308914
2905400,39.3812008,-91.0247734
2906540,39.7764919,-92.6508222
2907320,37.4076721,-89.5088829
2908340,37.4167005,-90.928649
2908790,39.9253264,-93.4792329
2911850,36.7053231,-92.0186329
2923370,36.7047764,-92.6765618
2909090,38.6759485,-92.6900204
2921150,38.4916919,-92.5841915
2921180,38.546694,-92.6770735
2910230,39.5754605,-93.9341406
2916620,39.6406822,-94.0419171
2910470,38.3424772,-93.9369196
2918330,38.3256962,-93.5945131
2928080,38.4988492,-93.7779504
2910650,37.7175617,-91.4214582
2913260,37.5175834,-91.6449499
2910710,37.6964551,-91.6929941
2925080,37.7050608,-91.9094207
2911010,36.9370676,-92.4454212
2911040,36.8720217,-92.8240341
2924690,38.7394198,-93.3096026
2926940,37.9775889,-93.8247454
2911160,38.6689022,-94.1995782
2929670,38.7663399,-94.1843415
2912450,38.2954678,-91.2233941
2912510,38.5496451,-91.2833209
2919200,38.2727822,-90.8336605
2931230,38.1585757,-90.8461526
2912720,37.6242295,-92.3977103
2917000,37.7107086,-92.7591104
2913440,40.0387342,-93.545911
2917910,40.0042073,-93.4245966
2928770,40.2362568,-93.5676648
2914520,39.508357,-92.1322433
2915060,36.8086324,-91.7408827
2915180,36.5650105,-91.8315584
2915210,36.6710297,-91.771945
2926370,36.8023193,-91.9637234
2915240,38.1845181,-94.1320395
2916230,38.1375739,-90.3498617
2929850,37.9208712,-92.3581286
2916470,37.1631731,-89.5771469
2916710,36.5681198,-93.1179202
2919950,37.3624056,-92.3312067
2920340,36.5843625,-92.8503299
2929910,36.7379139,-93.0549237
2920880,39.3931656,-92.2671309
2921030,39.6119523,-94.1542544
2922110,39.6683859,-93.9237582
2921060,39.2370332,-94.3123453
2923040,37.5020735,-91.4429734
2926040,37.3642297,-91.7873728
2929730,37.4407899,-92.0576908
2926190,39.3220426,-92.4021463
2926550,36.5684486,-91.0236307
2926580,36.7000976,-90.995978
2928200,36.6263447,-93.6008805
2929820,38.0569627,-90.54974
3023370,48.5291427,-107.4220668
3022370,47.6154945,-105.0383681
3004890,46.0507359,-108.7854479
3007190,45.6436291,-109.2706396
3010800,45.302667,-109.7134714
3019530,45.2663347,-109.8900849
3020040,45.70157,-108.9648849
3021870,45.9582419,-109.1936045
3022230,45.7577861,-109.4989601
3016110,45.6175165,-110.8933318
3017520,45.6726353,-110.8288081
3017610,45.8927365,-111.2984565
3018750,45.6814047,-111.1746566
3020170,46.0956236,-111.0251154
3024810,45.8284532,-110.9959938
3026160,45.9463812,-111.5039408
3028140,45.7898103,-111.6444963
3023900,48.4257641,-111.7730014
3011730,48.5737634,-111.4919321
3000096,48.6254909,-110.3745748
3000098,48.5729312,-110.9546212
3004440,48.3702485,-110.0823238
3008310,48.4895109,-109.5084009
3012350,48.8311696,-110.2797875
3013560,48.622753,-109.638947
3014150,48.7917969,-110.0190087
3002820,46.2906049,-112.3889758
3004380,46.1260608,-112.1986622
3005550,45.9163258,-111.8876994
3006840,46.3793671,-111.9288777
3018780,46.5293463,-111.9668283
3027810,45.8921992,-112.1900757
3009180,46.6288196,-113.4935398
3013200,46.5929946,-113.3331289
3007980,46.663851,-105.9214527
3008010,45.9901948,-105.6373518
3015640,46.3479241,-105.6401686
3018410,46.335002,-105.8735138
3026400,46.3263986,-105.165301
3003660,45.0808805,-106.6073822
3013310,45.6022731,-107.576579
3017010,45.3044404,-107.282439
3021720,45.357966,-108.3611108
3028800,45.0918857,-107.315133
3003870,45.8196314,-108.5955671
3004230,45.6799576,-108.5322769
3005460,45.6423886,-108.5995606
3009720,45.7982977,-108.7671933
3009840,45.7368551,-108.588656
3014820,45.918382,-108.5460917
3018960,45.6071078,-108.3415172
3020790,45.8754614,-108.3908965
3023940,46.0221619,-108.4124906
3028860,45.7379795,-108.7005413
3018240,46.5967464,-107.6979788
3023040,46.494911,-108.5641643
3004260,46.9081803,-113.7994644
3006870,46.7543339,-113.7519085
3008880,46.9675206,-114.0645717
3013860,46.8898113,-114.0438347
3017130,46.7560387,-114.1126149
3018570,46.8488567,-113.9559722
3021330,46.9198048,-113.5777224
3023730,47.2031573,-113.5755686
3025380,47.0178661,-113.5151828
3025530,47.4717483,-113.708813
3025890,46.8787427,-114.2648882
3028650,46.7539344,-114.3658949
3000005,46.6844417,-112.0053915
3002430,47.4820523,-112.6154142
3008910,45.1969411,-112.6915228
3000093,48.7144446,-111.1860225
3023520,47.4377285,-104.4633608
3004200,47.4276312,-104.8525729
3008400,47.1899527,-105.1100985
3008470,47.249446,-104.776861
3012510,47.0256722,-104.7065751
3015900,47.9029491,-114.3414257
3015930,47.7763002,-113.802819
3021060,47.7581864,-114.2126517
3022790,47.540166,-114.1131864
3027150,47.6240978,-114.2952535
3002220,47.1585519,-113.9521918
3006112,47.4225006,-114.2266445
3009000,45.8320072,-112.7907657
3005280,45.9710731,-112.5209044
3021850,45.9867718,-112.7247073
3018210,45.7183378,-112.6234312
3007330,48.2397359,-111.9098403
3009330,48.1940721,-112.5723262
3008700,48.2840664,-114.1470549
3010230,48.2072808,-114.2101778
3010920,48.2285431,-114.2636274
3010950,48.4410214,-114.7088593
3013800,48.2637196,-114.2521063
3015450,48.1656729,-114.3257587
3015570,47.9784493,-114.5790292
3017700,48.0567802,-114.7273533
3020880,48.138183,-114.8577681
3025500,48.1016451,-113.9893844
3027570,48.261293,-114.4701394
3027740,48.5231911,-114.4327661
3012060,47.097488,-107.5657505
3011990,47.3185177,-107.8520116
3015340,47.3311783,-107.0657522
3012900,44.8550382,-113.1271768
3022290,45.4532431,-112.7716874
3021030,45.3157262,-113.0935546
3015060,45.3353232,-113.4250533
3003480,47.7999846,-111.2932091
3005760,47.7714853,-111.0483364
3011240,47.9552577,-110.7861661
3015690,48.0162941,-111.2383162
3022750,48.2330293,-109.8019316
3005330,47.9826565,-112.5100173
3006320,47.8032797,-112.4422958
3010140,47.6119949,-112.0469363
3012600,47.5923117,-112.2296757
3013110,47.6760894,-111.8486545
3020240,48.0902806,-112.4835584
3021510,47.7275907,-111.6342357
3003420,47.2271416,-110.8886244
3005850,47.6252829,-111.5507044
3005880,47.0748475,-111.6883679
3013040,47.5716908,-111.3043957
3024300,47.4973168,-111.8193816
3025130,47.2352365,-111.2025497
3026880,47.4322546,-111.5686312
3001710,45.5021665,-109.494043
3015200,45.522024,-108.9914559
3016200,45.6254989,-108.746325
3017370,45.3013595,-109.3926369
3022080,45.0870548,-109.5583916
3009670,45.764923,-104.5348022
3013280,45.3109331,-104.7496592
3024690,47.1641258,-109.6005468
3016490,47.1397309,-109.3108869
3011420,48.2202713,-106.0317691
3014340,48.4950492,-107.0472065
3017340,48.4276122,-105.9132942
3013395,48.5052561,-108.6879472
3004050,48.0649915,-109.10399
3028910,48.6972573,-109.0202601
3006260,48.7245483,-109.3028029
3003000,48.1583331,-109.3485816
3026640,48.771611,-108.4563245
3019310,48.5901889,-108.7283977
3002570,47.082866,-108.9643424
3015610,47.0079963,-109.5556158
3012960,46.9298733,-108.936562
3008860,47.4088256,-109.8421105
3018870,46.8395497,-109.616825
3008730,47.2651646,-109.6611591
3015360,46.6385692,-109.6528445
3000003,48.7040684,-112.4177637
3000004,48.7325255,-112.6189205
3005140,48.7524692,-113.1451459
3009510,48.4215208,-113.2128604
3026550,48.4092113,-115.8702533
3028830,48.8265459,-115.6301747
3015990,47.787245,-104.7677518
3021960,47.5081141,-104.1552986
3024200,47.634611,-104.355229
3007050,45.8450514,-106.6460698
3011160,46.4862156,-106.8780844
3003990,45.3416093,-106.4482609
3016050,45.5518559,-106.5990093
3001950,45.2031013,-104.4173072
3000090,48.0832102,-115.8452419
3009030,47.3178245,-114.3600673
3026070,47.6626474,-115.2731476
3026520,47.9399932,-115.6996224
3005130,47.7820341,-104.3816814
3007830,48.1024953,-104.7457172
3010210,47.9453956,-104.3347686
3007710,48.1729597,-114.1212749
3006790,47.5426307,-105.8888241
3027340,47.9611533,-105.5711479
3021150,48.1792322,-112.2268737
3027060,48.3976565,-112.3327378
3015510,47.6553848,-106.5847652
3020690,47.47144,-107.5421719
3007030,47.0927717,-106.4969689
3002490,47.3041801,-112.2124738
3026490,46.779247,-112.3212426
3028550,47.0374719,-112.0918838
3002550,46.6594508,-112.6191395
3009780,46.5089121,-112.4348375
3012570,46.5712494,-112.972058
3013890,46.8523093,-113.0340992
3019950,47.2755137,-113.2341499
3021480,46.6129804,-112.8243948
3017190,46.5693945,-113.9373272
3025020,46.4916908,-114.1127457
3021240,48.3150419,-105.1389781
3028590,48.3016858,-105.7172069
3005010,48.1671541,-104.799841
3011550,48.336847,-104.6669159
3011670,48.3494434,-105.4949567
3000932,45.9728925,-110.6086972
3001980,45.727249,-111.3746265
3002070,45.5923579,-111.1094172
3003290,45.8457582,-111.1493519
3004560,45.7012917,-111.046211
3007500,45.5639371,-111.1366423
3011790,45.462299,-111.123985
3003800,45.9247205,-109.948625
3013140,45.6662922,-109.7763431
3018060,45.5386221,-110.0101494
3018290,46.0763325,-109.8744414
3002010,46.1373088,-113.0017956
3028500,45.6803258,-113.5007183
3010820,45.832552,-113.1094769
3008670,46.3714046,-112.7521431
3017460,45.0664545,-112.1123593
3024150,45.4541161,-112.0723892
3006030,48.6994376,-115.7560085
3010080,48.6851578,-115.0601151
3011340,48.7788643,-114.8481719
3026460,48.6504678,-114.8993699
3000006,45.4089262,-105.555344
3000007,45.6946874,-105.8653315
3000008,45.5162804,-106.201936
3003600,45.0961972,-105.4495936
3002850,48.1869055,-114.4592414
3003820,48.0111996,-114.000535
3005990,48.2085487,-114.0637242
3007110,48.3352025,-113.799104
3000002,48.0390813,-114.2175703
3000094,48.4517763,-113.5923854
3002300,45.3844142,-110.6974163
3007350,45.1080426,-110.1006196
3011820,45.123212,-110.7239309
3016880,45.5692807,-110.4294033
3020670,45.5610794,-110.5204224
3301380,43.1433412,-71.3861063
3301440,43.4883225,-71.2406169
3301470,42.8748242,-71.6005331
3301500,43.4507243,-71.7906003
3301560,43.7259668,-71.6425789
3301590,42.9970592,-71.3658063
3301620,43.348588,-71.2568961
3301650,43.2155657,-71.0389797
3301680,44.0772373,-71.2212655
3301710,44.1829552,-71.987011
3301890,44.2604349,-71.6092039
3302010,42.9837228,-71.0539976
3302070,42.749263,-71.6756699
3302100,43.8308568,-71.6460865
3302130,43.0568952,-71.3406349
3302250,42.9845305,-71.2551047
3302280,42.8880017,-72.4434717
3302310,43.2652592,-71.4088353
3302520,43.472988,-72.3117491
3302550,43.4442265,-72.1783487
3302580,43.1363215,-71.255077
3302610,42.8876137,-71.2820474
3302760,43.112473,-71.6074786
3302790,42.9258619,-71.0026286
3302910,43.2048125,-71.3485636
3302940,44.7582529,-71.1088122
3302970,42.9884525,-70.9615424
3303120,43.8420363,-71.0751609
3303150,43.0003692,-71.1191619
3303210,43.4315902,-71.366322
3303276,42.7421807,-71.7509684
3303303,43.2365642,-72.1848691
3303360,43.5165899,-72.1490935
3303420,43.0396995,-70.8456427
3303480,42.8810608,-71.1718827
3303510,42.9391304,-70.8342732
3303540,42.9248106,-70.8862417
3303600,43.7210227,-72.1852072
3303630,42.9485356,-72.068986
3303690,43.1694073,-71.831201
3303720,43.5283063,-71.7691921
3303810,43.7617614,-71.5825286
3303840,42.7496243,-71.5854018
3303870,43.0812421,-71.4466159
3303990,44.1876201,-71.155763
3304080,42.9328701,-70.9642731
3304150,44.1738416,-71.7293913
3304170,44.1600939,-71.8852005
3304500,43.8166336,-72.0942954
3304560,43.9084585,-71.1538204
3304620,42.8862255,-72.1776835
3304650,43.1385439,-72.2087693
3304800,44.55386,-71.218269
3304920,44.2966049,-71.9806843
3304950,42.9088845,-71.694199
3305010,42.9994818,-72.1217028
3305040,42.9812095,-71.6775203
3305070,43.0621474,-70.7170709
3305190,43.0385087,-70.9679535
3305250,43.0830555,-70.8258665
3305370,42.9799344,-70.8294406
3305430,43.2118559,-71.2233933
3305460,43.1298473,-71.1318591
3305670,43.9618509,-72.0012935
3305760,43.5438374,-72.2955371
3305790,43.743912,-71.7267441
3305970,43.2198363,-70.8431008
3306000,43.8347065,-71.7743353
3306030,43.0334671,-70.7192233
3306150,42.8831227,-70.860823
3306270,42.8898024,-70.9595464
3306330,44.5951258,-71.4032489
3306360,44.9606699,-71.4069908
3306390,43.0763141,-72.1139519
3306420,43.2753845,-71.1699559
3306450,44.7150525,-71.5275395
3306480,43.0149932,-70.9026023
3306600,43.8640381,-71.2960679
3306660,43.9478765,-71.6357846
3306750,43.2993048,-72.2745675
3306780,43.593582,-71.0100616
3306870,43.9658028,-71.8591167
3306900,43.1900513,-72.093871
3306910,43.9428313,-71.4480518
3306930,43.0782866,-71.7035079
3306990,43.8587205,-71.9237177
3307020,42.9680753,-72.4308561
3307140,42.7893136,-72.3952385
3402550,40.9602867,-74.7133325
3405340,41.164296,-74.7377981
3405400,41.108997,-74.5886407
3405550,41.0246749,-74.8182239
3406480,41.1487632,-74.5734165
3407110,40.6701107,-74.8902117
3407380,40.5980387,-75.1241652
3408010,40.4947043,-75.0194612
3408430,40.6418618,-74.8333118
3408460,40.7263694,-74.8944081
3410170,40.5734829,-75.0897024
3413710,40.5841107,-74.7699862
3416170,40.692226,-74.7734304
3405010,40.8825075,-74.3045935
3411520,40.8645004,-74.2599958
3414250,40.8217373,-74.3101465
3411790,39.3730734,-74.5541283
3415030,39.3172372,-74.6063835
3401290,39.5760308,-74.251791
3401560,39.9129062,-74.1930952
3404050,39.6471817,-74.2845992
3407710,39.941804,-74.1438417
3408700,39.6329695,-74.331032
3408910,39.6400667,-74.1887289
3412030,39.9264531,-74.1347593
3416980,40.6345884,-74.5190442
3417190,40.6428449,-74.4362333
3411550,40.9636178,-74.1852806
3408730,40.8755899,-74.2173656
3417640,40.8898549,-74.1943564
3416260,40.9034151,-74.2197791
3406450,40.9369885,-74.1888673
3400690,40.5945319,-75.0265659
3401710,40.6650355,-75.011935
3402610,40.7194712,-74.8369154
3403330,40.6901291,-74.940122
3403360,40.6300981,-74.8672023
3403720,40.4397619,-74.9563288
3405700,40.5305365,-75.0528459
3406600,40.7045695,-74.9715246
3406630,41.0917013,-74.7896084
3406780,41.1247512,-74.558783
3408130,41.1212348,-74.6702968
3412150,41.0800905,-74.5976262
3414610,41.18625,-74.8281371
3415720,40.9133661,-74.7036304
3415750,41.074125,-74.8688779
3415960,41.2522038,-74.6328346
3414820,39.9263694,-74.0787108
3415690,39.7057259,-74.2643265
3416320,39.5921973,-74.3330785
3404830,40.8281024,-74.2762262
3404530,39.5636873,-74.5958654
3405730,39.4914535,-74.4738671
3406510,39.4816025,-74.7374072
3408670,39.3437182,-74.5710495
3411070,39.5988121,-74.6744695
3417340,39.7920009,-75.148216
3415270,39.6935957,-75.2537794
3415870,39.82899,-75.0155362
3414430,39.8534114,-75.0755019
3415000,39.8454164,-75.0217011
3405850,39.8325671,-74.966907
3401590,39.7920594,-74.9369855
3406030,39.7921855,-75.036059
3416830,39.8485702,-74.9528435
3401380,39.866356,-75.0946695
3409300,39.8561951,-75.036397
3406150,39.3950292,-75.3700795
3407500,39.4385784,-75.2817041
3415840,39.4493807,-75.3598937
3416530,39.4948296,-75.2185893
3403660,39.4590432,-75.1319866
3405040,39.3723162,-75.2387206
3409150,38.9837684,-74.9113078
3417400,38.9422264,-74.9390332
3403060,40.7767582,-74.6865121
3403870,40.8884789,-74.4883768
3404170,40.8185531,-74.3637423
3405250,40.7759921,-74.394315
3406690,40.8199503,-74.4279856
3409900,40.7672898,-74.597766
3409930,40.8012619,-74.5701219
3411190,40.8992322,-74.7008233
3412660,40.6828824,-74.4916194
3414100,40.8958526,-74.5173232
3414130,40.959048,-74.4988898
3417130,40.7846542,-74.7976899
3417880,40.8970548,-74.5745123
3414370,40.3620666,-74.0045104
3414970,40.3264505,-74.0573731
3416200,40.3226348,-74.0838643
3417490,40.2879037,-74.0200191
3402700,38.9411469,-74.898372
3405580,40.2602193,-74.2758842
3405640,40.2243816,-74.2990509
3407560,40.1781078,-74.2062245
3408790,40.3369522,-74.0345347
3409390,40.282353,-74.3465645
3409720,40.342931,-74.257197
3410380,40.335895,-73.9856075
3412120,40.3282431,-74.0123325
3413740,40.3487222,-74.0665281
3408070,40.929261,-75.0617961
3405670,40.9594858,-74.895154
3401800,41.0020145,-75.0026367
3417160,40.7299569,-74.9589755
3409540,40.8084611,-74.9102339
3405520,40.7124066,-75.0528312
3417010,40.7585245,-74.9831897
3414790,39.9449124,-74.0782899
3416440,40.6322148,-74.964965
3404080,40.4349925,-74.8230299
3405190,40.5075374,-74.8645946
3405460,40.5690334,-74.9312269
3402790,40.8264308,-74.0623347
3412240,40.9566531,-74.0328615
3404290,40.8170966,-74.0850235
3416620,41.0631616,-74.0999731
3412180,41.0233048,-73.984223
3407260,41.0071268,-74.0451189
3406960,40.9627374,-73.99747
3409870,39.8642685,-74.8246595
3410920,39.9953357,-74.7864726
3410950,39.9489918,-74.900247
3411580,40.0899614,-74.5854443
3414880,39.785003,-74.7171784
3415420,39.9159353,-74.7175007
3415660,40.0395654,-74.7099397
3416020,39.8205691,-74.6525845
3417730,40.0184224,-74.8167393
3418240,39.8412891,-74.5177398
3403450,40.2870481,-74.1524456
3404410,40.2916241,-74.0541229
3404950,40.3619401,-74.0387747
3405130,40.1983574,-74.1700818
3411850,40.9920463,-73.9505506
3406840,40.9916807,-73.9802021
3413890,40.9267663,-74.0374682
3413950,41.0142014,-74.0067739
3411820,41.0128736,-73.9485527
3405370,41.0075259,-74.2056527
3418210,41.0259773,-74.0610613
3410620,41.0545938,-74.047298
3400750,41.0326691,-74.1338262
3418360,40.9990933,-74.1688486
3403810,40.9541028,-73.9549208
3403390,40.9728898,-73.9603147
3411910,41.0310215,-74.2405023
3409600,39.7620125,-75.1730915
3404620,39.6627518,-75.1569719
3405430,39.5988405,-75.0208744
3404140,39.7905188,-75.2405918
3415990,39.7400872,-75.3173969
3417790,39.8692301,-75.1313348
3411100,39.8672966,-75.1856214
3406900,39.7260951,-75.204908
3418180,39.8132901,-75.1506497
3401200,39.6583624,-74.4481056
3403090,40.119177,-74.6628935
3404350,40.0002787,-74.7565469
3404890,39.856677,-74.9008104
3406420,39.9779562,-74.8363343
3409180,39.9588554,-74.8024782
3409510,40.087416,-74.7122587
3409840,39.8536489,-74.8116647
3416950,41.0424238,-74.2886433
3413860,41.1039627,-74.2711379
3413470,40.9415592,-74.1740881
3602310,43.3114577,-73.6303377
3604410,40.5992327,-73.5206632
3610620,40.6991762,-73.7061659
3631200,43.1418937,-74.5249295
3611160,40.7233167,-73.7049494
3611460,40.7049526,-73.6710834
3619110,40.6073347,-73.5457214
3620400,40.7409016,-73.6815245
3620940,40.6882362,-73.5393129
3621120,40.6843645,-73.5620583
3629430,40.6791565,-73.6899614
3629460,40.6574054,-73.6989661
3629490,40.6675077,-73.7180896
3800015,46.9396626,-100.6380751
3800033,46.5100356,-97.922941
3802014,46.7555315,-100.6165632
3802840,47.007044,-103.3640163
3805670,47.4418606,-103.8790342
3809810,47.6929142,-103.8712604
3814520,47.9273827,-99.1877081
3820340,47.8922274,-103.8980047
3818600,47.5237038,-102.1950844
3806360,47.8825477,-97.3356
3812000,48.0970184,-97.2068089
3811540,46.611172,-100.9292992
3817940,46.8032697,-101.1574824
3811610,46.6681346,-103.8990808
3811970,46.6877668,-100.639813
3812720,46.8017014,-100.4839116
3817760,46.8443496,-100.2693436
3812030,46.8857984,-97.0503925
3812120,46.3391816,-103.9304914
3816090,46.3243764,-101.5186284
4000798,34.2544365,-99.0367618
4002580,34.6451157,-95.0855976
4002790,36.053679,-96.1099279
4003010,36.2042245,-96.1618166
4003450,36.4589415,-96.0977432
4003540,35.4897143,-97.8455165
4003690,35.3399949,-96.3504873
4003840,35.6342348,-94.5460838
4004470,34.572141,-98.4226581
4005160,36.9042483,-96.194086
4005430,35.9530163,-94.8505611
4005580,35.5730322,-94.7222348
4008010,36.5899693,-94.9622072
4008730,34.5848091,-96.1591884
4009150,35.4942203,-97.4149294
4009360,35.6942466,-94.678592
4009420,35.607927,-97.9631438
4009720,33.9055852,-94.7488278
4010560,35.8795837,-94.6584238
4011400,34.9770454,-94.8495255
4011760,34.5737924,-98.3595428
4011850,33.9174348,-94.9220515
4012210,35.0511247,-97.8418544
4012750,34.0572762,-94.8871402
4013230,35.9868609,-94.9944376
4013260,34.3408143,-98.060363
4013600,35.7013306,-96.4425979
4013830,34.2900324,-96.0626896
4014730,34.7591936,-94.5662494
4014890,33.980306,-94.8486804
4015750,36.167608,-96.5698783
4015900,35.1091168,-96.5273838
4015930,36.2859442,-95.5524483
4016320,36.3441511,-94.9608347
4016470,36.1130344,-96.2630724
4016530,36.8034724,-97.0223068
4017040,34.2749741,-95.8967763
4017310,36.1977188,-94.9134875
4018240,35.9410243,-96.1279776
4018480,36.047217,-94.9247452
4018570,34.0502297,-94.8184649
4018870,34.2450257,-96.9032977
4018900,35.4973673,-98.1241582
4019200,35.8483312,-94.6532611
4019500,36.6629119,-97.0261517
4019890,35.0697514,-97.742649
4020190,34.9872916,-94.5205795
4020430,36.1778959,-94.6391896
4021120,34.5321281,-95.125792
4021900,35.8482294,-95.1847769
4022350,35.5796626,-97.4235453
4023070,36.7834261,-101.3544623
4023190,36.3151368,-95.3912759
4023220,36.7094549,-96.0320633
4023400,34.9155102,-95.2101927
4023730,36.0699732,-95.0795875
4024150,34.9884789,-98.0295721
4025080,36.0545676,-96.1590909
4025530,34.2560858,-96.7617368
4026010,35.6027441,-97.8569887
4026100,35.2972369,-97.3611904
4026250,35.7902884,-94.7712966
4026580,35.344996,-95.9433832
4027420,35.9700967,-95.0830128
4027450,35.1266377,-94.6637898
4028620,35.3692566,-95.7290303
4028920,36.8994137,-101.491692
4029670,35.7749434,-94.8451186
4030290,36.679638,-94.678038
4030390,34.6501599,-95.3265393
4031380,35.6327081,-95.562454
4032610,36.6748698,-95.3338848
4032640,35.5584578,-97.0161682
4032670,34.7458379,-97.2937647
4032700,35.2244763,-95.2473913
4032760,36.3316929,-95.0519704
4033090,35.8045638,-95.0672995
4033540,34.1438483,-97.5010662
4033600,35.7889829,-94.6853292
4030450,35.7715888,-95.8694303
4012240,34.8786941,-95.8085485
4014100,34.8926081,-95.9543912
4016720,34.9392149,-95.7122017
4029520,35.0254458,-95.8613959
4013500,35.368995,-96.8680549
4024330,35.3268414,-96.8889534
4027990,35.3126271,-96.8663363
4017700,35.4743242,-94.5357038
4018960,35.5994755,-94.809421
4020160,35.396251,-94.4524316
4022160,35.9686271,-96.6483827
4023700,36.8914416,-97.1859506
4103600,43.2518663,-118.8745532
4104170,42.9659106,-118.6061945
4104290,43.2992738,-119.2819339
4104380,43.8674392,-118.4093731
4105020,42.4190406,-118.4795823
4105310,42.5195585,-119.1206821
4106960,43.7089031,-118.0359276
4109690,43.9158286,-118.6361989
4111910,43.4340605,-119.6612906
4400360,41.5951584,-71.6528374
4400390,41.7887835,-71.7349343
4400450,41.894324,-71.6869046
4400510,41.5197301,-71.3710759
4400600,41.5028606,-71.1658085
4700030,35.7928885,-89.1003106
4700120,35.4568086,-84.604522
4700154,35.2628302,-89.7249814
4700210,35.7162903,-89.0699617
4704050,35.6030282,-84.4437669
4700720,36.0973382,-84.1289452
4700930,35.4954058,-85.0086519
4702370,36.2141551,-86.3144271
4701140,35.3381413,-84.5281996
4701260,35.9262759,-86.8548995
4702460,35.6421284,-88.3753133
4702610,35.4618515,-86.0832363
4703150,35.8539148,-86.4212238
4703210,35.9616404,-83.1976949
4703360,36.2984916,-88.3247053
4703660,36.40826,-83.0041838
4844250,29.4381936,-97.0250317
5000390,43.7150623,-72.9083543
5000401,44.6928246,-72.6260557
5000409,43.4733544,-73.1645183
5000412,44.357742,-72.0113574
5000417,43.233239,-72.9393391
5000419,43.2914572,-73.1737707
5000421,44.5736341,-71.9481301
5002910,44.6265471,-72.8153714
5007650,44.4603024,-72.0049239
5007680,42.8082501,-73.0763307
5007830,43.8749624,-72.3649353
5008970,43.0746825,-72.5080568
5000422,43.4147593,-72.7573202
5000429,43.9520561,-72.4806217
5000430,44.117411,-72.3903097
5000434,42.8859833,-73.1493211
5000435,44.8028982,-73.2905259
5000441,44.8301922,-72.5965318
5000447,42.9720887,-72.8236864
5001770,44.9578823,-73.2919738
5003360,44.8881259,-72.2341918
5000436,44.76111,-72.202544
5006780,42.7909426,-72.9726397
5000438,44.5204301,-72.3313697
5000446,43.1549182,-72.6060523
5000449,43.0625269,-72.7167849
5004500,42.7839966,-72.7481962
5006930,43.1704749,-72.5065934
5009270,43.1738019,-72.7013584
5002610,44.7966333,-71.8699758
5003060,44.8709824,-72.0250245
5004950,44.9569361,-72.5074566
5003480,44.9516962,-72.1363029
5006000,44.9368676,-72.2111602
5008910,44.8834766,-72.4849269
5004080,44.7126159,-72.9004565
5004140,44.7224385,-73.1284519
5004620,43.5805108,-72.4389109
5004710,44.9721002,-71.9869694
5005160,44.0929248,-72.9735212
5005220,44.7934371,-72.4584514
5005400,42.8764781,-72.7377403
5006390,44.328927,-72.1998339
5007080,43.6446553,-72.9530302
5005760,44.8961276,-71.9412429
5006030,44.9321187,-72.3001309
5008130,44.9316643,-72.3849151
5006060,42.9326964,-73.2382992
5099002,42.8839775,-73.2122789
5007260,43.7875746,-72.4351726
5007500,44.6270923,-73.3092261
5008010,43.8367087,-72.2494962
5008242,44.0842117,-72.2702379
5008310,42.7641404,-72.5220297
5009390,44.573033,-72.4466499
5008700,43.3921094,-72.4767836
5102220,37.7823316,-79.4443196
5500013,43.0912488,-88.3839178
5500052,42.5162662,-88.1621383
5500075,43.3515651,-88.4879858
5509240,43.1230033,-88.3571063
5509390,43.1544354,-88.4061662
5500080,43.2447288,-88.2583269
5501530,46.1544493,-89.7446708
5504620,45.9687717,-89.8790107
5501650,42.6257033,-88.1116211
5501710,42.5360397,-88.0052847
5503750,42.7090016,-88.1030461
5504410,43.222005,-88.354616
5506090,43.3087472,-88.3821927
5504720,42.5674611,-88.6007588
5505100,42.5855932,-88.4849608
5505130,42.5269978,-88.3513422
5507620,42.6003773,-88.4018295
5508040,42.5341718,-88.4531197
5508070,42.5253901,-88.5126105
5504770,43.1734798,-87.9338487
5504800,43.1654796,-87.8975183
5505460,43.1304847,-87.9277852
5506140,43.0861917,-88.3362015
5508130,43.1125673,-88.270287
5509300,43.1783671,-88.3556479
5509360,43.1566201,-88.2993812
5512510,42.7793753,-88.1247369
5515700,42.8240281,-88.2189651
5517220,42.7200975,-88.0013886
5509690,45.7912619,-89.8350514
5517160,45.9285099,-89.6670299
5510800,42.8184219,-88.0925319
5512480,42.7944815,-87.997744
5515660,42.7714176,-88.2260407
5511400,42.6166264,-88.0132233
5512390,42.5419155,-88.2721405
5513350,42.540428,-88.0860987
5513860,42.5428619,-88.1463006
5513560,42.5225906,-88.7300879
5515090,42.5166915,-88.2559653
5515180,42.68693,-88.0487005
5516560,42.5799391,-88.2300479
5515450,42.5185281,-88.6284094
5600960,43.0070294,-108.5488309
0100001,31.4097368,-85.7458071
0100003,32.3809438,-86.363749
0100005,34.2631303,-86.21066
0100006,34.3821918,-86.305059
0100007,33.3769487,-86.8055789
0100012,34.1990204,-86.1551515
0100202,30.2771719,-87.7023551
0100360,33.0158929,-87.1271475
0100750,33.2703999,-85.8635254
0100810,31.3941107,-85.9925791
0100840,34.7040121,-87.8130371
0101080,31.2667066,-85.7388243
0101320,31.3255295,-85.8460706
0101380,34.1160431,-85.8959145
0101690,34.3679473,-86.2523225
0102580,32.6607385,-85.3788898
0102640,31.4433773,-85.6409822
0102730,33.2968003,-88.0968644
0102910,34.5057191,-87.7281226
0103000,34.7554939,-87.7012648
0103030,33.259432,-86.6494303
0103062,33.7699993,-86.3179888
0103150,33.4317569,-86.0994543
0103240,32.5469786,-85.9427351
0103581,30.2939866,-87.5953711
0100008,34.7105329,-86.7622802
0100011,33.546847,-86.5714476
0100013,33.6552328,-86.5632391
0100030,32.8697847,-85.9462373
0101200,32.4997443,-87.826678
0102250,32.1276169,-87.6291144
0103210,32.8646214,-85.771555
0100060,31.3094363,-86.4780311
0100090,33.6734685,-85.8108912
0103090,32.5974811,-88.2000571
0100100,34.3323868,-86.5011665
0100120,34.7790209,-86.9507986
0100180,33.9861893,-86.1210365
0100185,30.8545095,-88.1098092
0102520,34.742657,-87.6337673
0103120,33.1886699,-86.2747992
0100188,30.7714495,-88.0796971
0100190,33.214355,-86.8230801
0100189,30.8578741,-88.0633829
0100194,33.3218302,-86.7421974
0100195,32.2736095,-86.1189274
0100210,32.6071215,-85.4909586
0100240,32.5322367,-86.6464395
0100270,30.6735018,-87.7421593
0100300,31.8702526,-85.4051028
0100330,33.3708576,-86.9715221
0102350,33.4552718,-86.9224139
0100390,33.5271744,-86.7970356
0100960,31.7303106,-86.3200384
0101440,33.4748022,-86.9194074
0101920,33.5751309,-86.9403862
0103270,33.5928973,-86.7662525
0100420,33.9773575,-86.56644
0102550,33.9470381,-86.4897933
0100450,31.1091749,-87.0765833
0100480,32.1017589,-85.7172613
0100510,31.751667,-86.6819689
0102430,32.2288488,-86.2154797
0100540,33.7792078,-85.842799
0102635,33.5900912,-85.8522456
0102760,33.9180048,-85.5138154
0100600,32.9155039,-85.3940321
0101980,32.8586485,-85.2077878
0100630,34.1761269,-85.6181957
0100660,32.8540514,-86.7266071
0100690,31.9909539,-88.2488894
0101590,34.4419892,-87.8428144
0100720,31.6649369,-87.8292633
0100870,31.4309257,-86.9887221
0102670,32.6390053,-87.2938269
0100780,33.6505254,-85.5220597
0100900,32.9314453,-86.2434818
0101140,34.4633103,-85.8120554
0101720,34.2110276,-87.5776691
0102820,33.2964614,-85.4640637
0100930,31.2453641,-86.4553817
0100990,34.1788918,-86.8418871
0101020,34.1319229,-86.8692666
0101050,31.4922903,-85.5632718
0101110,32.3335263,-87.11436
0102970,32.4169832,-87.0357021
0101170,34.5729952,-86.9899008
0101230,31.2336983,-85.4068225
0101740,31.5169779,-85.2399712
0101260,31.4294292,-86.1078476
0101290,32.602759,-86.185308
0101350,31.1222867,-87.1684097
0101410,31.9099374,-85.1527087
0101470,33.7089245,-87.740978
0103540,33.9195334,-87.8090327
0101530,34.8298101,-87.662202
0101560,34.4573293,-85.6894469
0101620,34.0065967,-86.0160783
0101640,31.0438449,-85.8798594
0101660,31.1467725,-85.6629566
0101680,32.8444965,-87.9642005
0101710,32.7527958,-87.6230608
0101730,34.4383083,-86.9411417
0101760,33.4585496,-86.8096502
0102490,33.4914885,-86.7344699
0103430,33.4624959,-86.7395079
0101770,31.1328169,-85.2815425
0101800,34.7013462,-86.6731733
0102220,34.8597822,-86.6556213
0101830,34.764114,-85.9800556
0102010,34.9041677,-87.6511075
0101860,33.8100663,-85.7552174
0101890,33.8511103,-87.2683477
0101950,33.7870852,-88.0874309
0102040,34.529776,-87.3218651
0102070,32.5936675,-85.3301026
0102100,34.7707064,-87.0327422
0102130,32.3019011,-87.8337535
0102160,32.147888,-86.6505859
0102190,32.3870267,-85.692887
0102310,34.1465462,-87.889415
0102370,30.6795441,-88.2005789
0102400,31.5803531,-87.3833416
0102480,34.4410724,-86.8331885
0102610,31.2843753,-86.2574417
0102650,33.5521202,-86.3191359
0102700,32.4537093,-85.031019
0102880,32.2693878,-85.1900577
0102790,31.7274194,-85.7926447
0103330,31.8019595,-85.9671296
0102850,33.1453048,-85.3695264
0102940,34.6446199,-86.0481547
0103180,33.3693135,-86.1759302
0103300,31.9042976,-87.7335841
0103360,33.2344041,-87.5283003
0103390,33.3213709,-87.4565979
0103420,34.7185022,-87.7025864
0103450,33.7915581,-87.3010936
0103480,31.4085035,-88.2124041
0103510,31.9900824,-87.3049349
0103580,34.1462275,-87.3376844
0200001,60.2134905,-163.4359235
0200003,62.2835555,-163.1901536
0200004,60.9097122,-161.4073619
0200005,61.5295354,-165.5942167
0200007,55.2450437,-161.9974772
0200010,51.948964,179.6211882
0200020,64.7836858,-164.1889119
0200030,58.7305457,-156.994473
0200050,63.5620121,-142.7613258
0200060,60.5300462,-145.641872
0200070,61.7953012,-144.134037
0200090,55.4887459,-133.111568
0200100,63.8174152,-145.6989488
0200120,59.0605738,-158.5323623
0200130,64.7414218,-156.8733943
0200150,55.4499378,-131.1066847
0200180,61.1742503,-149.2843294
0200210,58.3729099,-134.1784454
0200240,57.1932044,-135.3673965
0200270,59.0984037,-135.5757906
0200300,58.1220103,-135.4314739
0200330,55.2058418,-132.8204379
0200360,56.9753204,-133.9036632
0200390,59.9836715,-151.7230237
0200450,55.5564254,-133.0861303
0200480,57.7044003,-153.9183721
0200485,58.1085067,-156.4134134
0200510,62.2656263,-149.5039935
0200520,62.7048922,-156.1553811
0200525,55.1384677,-131.4703772
0200540,64.5360539,-149.0836286
0200570,64.5057413,-165.4152873
0200600,64.6704543,-146.4960611
0200610,69.4493427,-153.4728302
0200625,67.0050655,-160.0210864
0200630,57.9592291,-136.2150664
0200660,57.1124581,-133.0085979
0200670,57.0495083,-170.4062251
0200680,62.0627707,-163.2442414
0200690,59.5603794,-135.3382787
0200700,55.729248,-133.2241939
0200710,59.5433255,-158.2671226
0200720,53.9102313,-166.5290588
0200730,58.403336,-135.884909
0200760,61.5235547,-158.036113
0200770,63.6820386,-150.0270164
0200775,66.7196853,-145.2587692
0200780,61.081318,-146.3048996
0200800,60.4884737,-146.2030904
0200810,56.1807793,-132.0267878
0200840,60.0175079,-140.4168465
0200862,65.6344779,-154.325196
0400001,33.7682294,-111.8588413
0400003,34.8663063,-112.4595803
0400021,36.6872576,-113.1156932
0400023,36.1332641,-110.3487639
0400026,34.4652573,-110.561203
0400212,32.1545717,-110.2323326
0400295,35.5708297,-114.1712883
0400520,32.4183559,-112.8214268
0400680,32.4129806,-110.9636015
0400790,33.3844844,-111.4222049
0400910,35.1600326,-112.551179
0401000,34.5733844,-113.1438803
0401180,31.4723333,-109.8301165
0401330,32.2845813,-109.4934658
0401460,31.5211782,-110.2164725
0401600,34.4865229,-111.7856406
0401760,32.3154985,-110.8843712
0401810,35.7645907,-110.4003356
0401870,33.2595806,-111.8105554
0401940,36.1563867,-109.5287026
0402320,33.0119694,-111.588248
0402530,31.4276772,-109.2718206
0402600,32.7509867,-109.1966461
0402690,33.6284077,-112.4161029
0402860,35.1567691,-111.3476214
0402920,32.949929,-111.2283858
0403010,32.2960635,-111.0258593
0403040,33.6074523,-111.722236
0403080,36.6176875,-112.29928
0403150,31.5672964,-110.3302287
0403200,33.2111779,-110.1086483
0403310,32.8019176,-112.7584995
0403400,33.3480491,-111.7269826
0403500,33.4673741,-110.784864
0403550,35.9784936,-112.1007282
0403730,33.1865586,-110.7777428
0403780,33.2898285,-111.7055802
0403820,35.1309592,-110.0714366
0403990,33.2496566,-111.484858
0404060,36.620667,-110.4248054
0404280,34.5451498,-114.303192
0404410,36.4460816,-113.6336219
0404570,32.6555871,-110.57614
0404720,33.0361442,-112.0799801
0404820,34.2197183,-111.9254128
0404970,33.4544563,-111.723669
0405320,33.1028421,-109.1906753
0405460,33.7876959,-112.4851136
0405530,31.4063471,-111.1182378
0405820,36.7094664,-111.2733702
0405930,33.6534512,-111.9799825
0405980,34.1427771,-113.8532508
0406070,34.2308287,-111.2684801
0406120,35.4774988,-113.447091
0406250,33.7218587,-112.2915984
0406580,34.1591215,-109.9273545
0406730,34.5620992,-112.4836955
0406810,33.2696862,-111.629597
0406850,32.9730315,-110.7293609
0406960,33.5796449,-110.4524166
0407170,33.5467843,-112.8634044
0407240,33.0583274,-109.6843627
0407430,32.1452068,-109.2008576
0407520,31.566523,-111.0587982
0407570,33.5816291,-111.886755
0407630,35.1799765,-113.094361
0407700,34.3151411,-110.1373867
0407750,33.8384846,-112.1283413
0408020,31.8459898,-110.2535072
0408080,34.6792323,-109.4026583
0408170,32.0978933,-110.9753125
0408230,33.3392788,-111.1158976
0408410,32.6871094,-109.7861243
0408600,31.7071051,-110.0610132
0408680,36.0617975,-111.2078559
0408800,32.2114132,-110.9627656
0408850,32.0156433,-110.6873327
0409160,33.9793542,-110.3310955
0409190,33.8546677,-112.8070321
0409250,32.2003761,-109.8016872
0409310,35.5791605,-112.4714881
0409430,35.653353,-109.1651175
0403290,35.6676446,-109.6060032
0406740,35.1851385,-109.4450311
0406870,36.7266422,-109.5326651
0407130,33.9928987,-109.4459828
0403870,34.5799153,-112.1736615
0403950,32.0833805,-112.066956
0404630,32.3804501,-111.2924291
0407300,31.8160529,-111.1075526
0408280,32.251729,-110.7076186
0404010,35.0790028,-110.2844153
0407820,34.5393407,-110.150385
0405030,33.5188619,-110.9581986
0406440,33.0698916,-109.849869
0409460,35.1017079,-110.6138141
0499997,32.5911701,-112.2741373
0409733,34.849281,-111.7886282
0500001,34.2426958,-91.372669
0500006,33.6126116,-92.1272377
0500009,36.3710105,-90.6127243
0500073,34.5945869,-93.7838948
0504370,36.3016307,-90.2742723
0507770,36.2852903,-91.5003279
0509270,36.4455704,-91.4440904
0509330,35.0491922,-94.2158265
0512000,35.3109628,-92.0371477
0500012,35.7299958,-90.4132146
0503640,35.9140696,-90.5533194
0508280,35.861592,-90.7144952
0500015,34.3021859,-92.3973196
0502790,34.4799333,-92.5154233
0500016,36.2011066,-90.4204621
0500017,36.1078289,-90.5866176
0500019,35.8005996,-91.6994432
0500020,35.5835693,-91.6491238
0505170,33.499908,-91.4329578
0505500,33.9169891,-91.5189128
0500021,36.188893,-91.8544768
0500023,35.5101743,-91.2012825
0502700,35.3126054,-91.5240844
0500026,34.287957,-91.9129864
0500028,33.9684668,-91.8081706
0500029,35.9127695,-90.0467763
0502550,35.9213454,-89.7439912
0500030,33.5844424,-93.3048506
0507290,33.8404576,-92.8184157
0500032,33.7364934,-92.5621022
0500041,35.1128646,-93.5239658
0500079,34.919868,-93.3918248
0500042,33.213509,-91.6951075
0509840,33.679809,-91.8029386
0500043,36.3912996,-92.3926811
0504680,36.3056323,-92.5032586
0510560,36.1702799,-92.2924597
0500044,33.2852786,-93.2094244
0500068,33.1067133,-93.4363125
0500045,35.6197301,-90.0851968
0503320,35.8966599,-89.8970899
0507740,35.3677578,-90.81635
0500046,35.807825,-90.2045584
0503710,35.9110116,-90.2992056
0510950,35.6637404,-89.9602939
0500047,35.6420632,-90.573632
0500048,35.5947273,-90.3529035
0500049,34.0372791,-94.2652779
0500051,34.9723459,-91.0030323
0500065,33.3696976,-93.6093575
0503300,33.8514342,-93.5807033
0511820,33.8002985,-93.3046341
0500067,33.8887674,-92.2308678
0507710,33.3885584,-92.1713715
0500070,35.7235016,-91.4081582
0509720,36.011199,-91.8917452
0500071,36.0419912,-91.3295865
0500072,35.853727,-93.1724962
0506150,36.2757511,-92.5762301
0500076,36.0889481,-92.8589316
0500082,36.0963608,-90.8615535
0500405,34.311265,-94.2339439
0503690,34.7294711,-92.7246605
0500419,34.912086,-92.137672
0502250,35.5231826,-94.2140041
0504080,35.6694918,-94.3895614
0502280,36.230715,-93.3116033
0503090,36.3148299,-93.0186218
0503420,36.4337039,-92.8927103
0507380,36.219913,-93.1545968
0502430,34.098635,-93.1088171
0503240,34.3268908,-93.1573021
0506690,34.268527,-93.3749235
0502580,33.6783394,-94.1285531
0502610,35.262684,-92.9338886
0504410,35.5933103,-92.5920207
0505430,35.5065999,-93.1299694
0507620,35.6110088,-92.9109049
0502670,35.1779269,-91.3126952
0509510,34.3003748,-90.9756376
0502730,34.5108699,-90.7781934
0502820,35.7610863,-90.5489527
0510440,35.8163855,-90.633046
0502880,35.1247194,-91.9067969
0508400,35.153926,-91.6084825
0502960,34.5806907,-92.6822516
0504860,34.5232918,-92.9531729
0506420,34.623581,-92.8983902
0508610,34.4853691,-93.2563763
0510170,34.5811063,-93.2295374
0503030,36.466541,-94.0757078
0504980,36.3451708,-94.4675701
0506840,36.4406872,-94.4582771
0503060,36.3669692,-94.254075
0506540,36.2626862,-94.4510571
0511970,36.3462107,-94.0267533
0503150,36.3483268,-93.5508455
0503450,35.099011,-93.9278554
0504930,35.1924543,-93.1985748
0509150,35.1736421,-93.7636974
0503480,35.4668823,-91.4624404
0503630,34.9000499,-91.2021348
0503750,34.9697364,-91.9658996
0509060,34.7740889,-91.931774
0503770,34.4341853,-93.7013364
0503840,36.1176445,-92.1266108
0504050,35.9819609,-91.573512
0503960,34.7034679,-91.750441
0504020,35.8589101,-90.9067451
0507350,35.5718528,-90.833771
0509420,35.5062292,-90.4671592
0504110,33.3643674,-93.8657434
0506360,33.1661941,-93.9069667
0504170,35.3814759,-91.6849861
0504200,35.3129838,-94.0572177
0504350,34.6063218,-91.2096698
0504380,35.5178991,-93.5102711
0506120,36.0816418,-94.1029431
0506930,35.8247989,-94.0964417
0504560,35.6063388,-91.9042136
0504590,35.0698412,-92.4293688
0509540,34.9677118,-92.4174707
0511070,35.4243054,-91.8356649
0504740,35.3561094,-93.909509
0504800,33.1324603,-92.0043174
0504890,35.004035,-93.5896135
0507680,34.5050913,-90.6446509
0505190,34.9710338,-91.5544058
0505850,34.5737609,-91.9230072
0511850,34.6051621,-92.2017712
0505340,34.1522623,-93.9933389
0510380,33.9870338,-93.884037
0505470,33.5884688,-91.767883
0505550,35.3024781,-90.4459244
0508700,35.5580155,-93.3219785
0511700,35.2201518,-93.0552158
0505580,35.0083094,-92.6398311
0505680,33.1964354,-92.5696927
0508340,33.0748162,-92.7935672
0511220,33.139674,-92.7355575
0505760,35.9525811,-93.9967502
0506090,36.0620761,-94.2795042
0508940,35.8879283,-94.4400118
0505970,36.3859358,-93.7574828
0506060,33.5691472,-92.9592031
0508130,36.0079612,-93.7495988
0508240,35.8761557,-93.4440934
0506210,33.8954841,-92.5429901
0507230,33.5031863,-92.5171382
0506240,33.7114381,-94.4009796
0507860,33.8687748,-94.3162972
0506270,35.0445815,-90.7538147
0506330,35.3577068,-94.37472
0508730,35.3570833,-94.1597858
0506630,34.4351801,-92.7054767
0510980,34.2114526,-92.9467186
0511730,34.327108,-92.6535874
0506870,36.360175,-93.4101856
0506900,35.223659,-92.4031305
0510410,35.3644082,-92.5821716
0506990,35.2246375,-94.230293
0507110,33.9134034,-93.1389087
0507140,35.3175798,-92.3363677
0507170,35.081374,-94.39228
0507320,34.509623,-92.6455995
0507530,34.7127046,-91.5412514
0507560,35.480676,-92.0136795
0507840,33.64956,-93.6230599
0509390,35.2922918,-90.2553123
0507890,34.5007064,-93.0714926
0509990,34.5884323,-93.5274166
0507920,34.7114051,-93.1740392
0508670,34.434006,-93.0103585
0509360,34.7795048,-90.7797172
0507990,36.0075942,-91.0164014
0508040,35.0106638,-90.3818317
0508490,34.2613946,-93.6942139
0508640,33.2417455,-91.2900227
0509000,34.7205788,-92.3472913
0509190,34.470846,-92.8401215
0509240,34.1996585,-92.7176453
0509480,35.8820185,-92.6470345
0509570,36.4410471,-90.9565086
0511610,36.2595408,-90.9882745
0509600,35.2444466,-91.1441034
0510680,34.7800016,-92.252255
0509630,33.7448923,-91.2611682
0509750,34.5358214,-94.1806632
0509780,33.7706956,-93.8827651
0510080,35.2156776,-92.1576295
0510200,35.8406275,-92.1676262
0510260,35.6771415,-94.130623
0510290,35.5477889,-93.9976666
0510320,34.0805599,-93.6001474
0511340,34.9189781,-93.0097444
0510920,36.4392999,-93.1776708
0511010,35.5892175,-93.8296471
0511130,35.2688075,-93.5909354
0511370,36.4137541,-90.2055386
0511760,35.9858214,-94.3426125
0511880,35.3863135,-92.2110271
0512060,35.3081371,-93.1668752
0512180,35.3492618,-93.5209894
0512210,35.2981426,-91.8281395
0512450,36.1454492,-94.455031
0512480,36.2465987,-91.2093609
0512510,33.3179237,-92.8034009
0512540,35.6853845,-91.5950319
0512630,33.5508021,-93.6616608
0512660,36.182697,-94.1198368
0513080,36.0281843,-90.7179869
0513110,33.4682225,-93.9286728
0513350,36.1683195,-93.0022865
0513380,35.7590366,-90.7947828
0513410,35.4407541,-94.2988725
0513530,35.0692689,-92.2307809
0514010,35.8486353,-94.198993
0514020,35.4664473,-93.6399884
0514040,35.6035645,-92.1424011
0514140,34.3617894,-92.1335114
0514430,35.2371843,-90.7489813
0514490,36.2384114,-92.6822224
0514400,33.8732549,-92.0322959
0512090,36.3681771,-91.8154263
0513560,36.380204,-92.0606676
0512420,35.676601,-92.3404382
0512520,35.1764499,-92.687238
0514370,35.3650153,-92.7572671
0512570,35.4426505,-92.3774339
0512930,33.1209517,-92.2972614
0512960,34.4606791,-91.4931195
0513230,35.7395931,-91.1384165
0513680,34.8531973,-94.0519539
0513930,34.1450137,-92.1456267
0606870,38.2452131,-120.6220271
0624090,39.3467226,-121.3523411
0639840,35.612702,-117.1697542
0600014,34.3616273,-117.33698
0600017,34.4733175,-117.1431293
0625860,34.2151196,-116.1769219
0632070,34.0852906,-117.0763098
0634170,34.1988485,-117.3291728
0600016,34.1411459,-117.6555828
0632610,34.2403959,-117.1419506
0643560,34.0511758,-117.0130918
0609390,34.0424303,-117.3289619
0600015,34.426379,-116.7719212
0635250,36.7597244,-119.5159339
0636270,36.5647942,-119.6265146
0600040,36.4068202,-119.9191651
0607970,36.7715394,-119.9297105
0601620,33.8637711,-118.0665456
0603690,34.0896602,-117.9687223
0604830,34.07923,-118.4024374
0606450,34.1900793,-118.3264045
0609620,33.8918472,-118.2309201
0611460,33.9361582,-118.1347032
0612210,33.9103673,-118.4250795
0615270,34.1632658,-117.8430597
0620130,34.3465171,-118.079416
0625320,34.1664555,-118.0027852
0631320,34.048368,-117.7758364
0634425,34.1002074,-118.095181
0641280,33.999557,-117.8262893
0600001,34.4509052,-118.2276141
0600065,36.5174472,-119.3926155
0600035,36.3001194,-119.2015178
0612630,37.8384729,-122.301682
0627060,37.5042533,-122.0319104
0634680,37.7080775,-122.1972087
0607440,33.5069252,-117.6278377
0614880,33.7664667,-117.9565468
0633860,33.643427,-117.5854134
0635310,33.721148,-117.8754516
0684500,33.6774579,-117.7651297
0621810,38.054919,-121.0518273
0622230,38.1205485,-121.2995155
0623610,37.8082866,-121.2416672
0632880,37.7788965,-121.1341917
0638010,37.9553945,-121.2702579
0621690,37.9995651,-121.3622008
0613470,40.963333,-121.466606
0637630,40.0875652,-123.1534981
0643470,39.0342246,-121.6633133
0600031,35.9591528,-121.4631074
0625530,36.6132032,-121.811226
0637050,36.4013187,-121.3285748
0607530,36.3254985,-121.6674734
0600159,41.5104187,-122.8970368
0600063,37.6619976,-120.7264372
0634710,37.6717723,-122.150584
0602450,38.4435493,-120.653858
0600069,33.2781744,-116.9390169
0628250,33.2368129,-117.3782315
0631530,32.9826388,-117.0591926
0634320,32.7737905,-117.1877923
0602571,37.7590922,-121.3564239
0600009,34.8254116,-119.5463873
0607560,34.4107188,-119.5336814
0601421,34.3663202,-119.0727927
0631620,39.4438126,-122.0062343
0642540,39.1346597,-122.2616916
0600067,36.5291379,-119.8436113
0614250,36.6400901,-119.6872608
0621150,36.4578617,-119.7192101
0629910,36.6171548,-119.5277193
0628050,37.79844,-122.2248374
0641160,36.3685095,-119.312894
0600064,36.020686,-118.6509506
0600026,34.8432832,-118.9897489
0617430,32.8822705,-115.2072749
0618210,32.8286148,-115.8096213
0603610,35.255493,-115.7978261
0626760,34.5166688,-115.201666
0604020,35.05709,-117.188544
0636820,35.1645432,-116.531063
0613920,34.1023396,-117.4584594
0608460,33.9697343,-117.6955224
0612330,38.4412793,-121.2711229
0634620,38.6474407,-121.3063357
0601442,39.3124062,-122.8166785
0627590,36.7809334,-121.720131
0636450,35.6669,-120.3339173
0617220,37.3456559,-120.8635433
0622740,37.0136081,-120.9465874
0608970,38.7880344,-123.0294605
0615150,38.6934977,-123.121997
0622410,34.6066512,-120.4955293
0626640,38.3381868,-122.2763008
0600068,36.9288362,-119.8430384
0601418,36.4828744,-119.0448161
0601423,36.2776402,-119.0269685
0604230,34.1910759,-116.8423297
0632370,34.2397655,-117.4993433
0609120,36.1972313,-120.3635907
0629490,36.9430651,-121.8283027
0691136,36.8554856,-121.5558926
0637530,37.6551037,-122.3762341
0610680,36.1814503,-116.8205965
0606780,37.4372212,-122.437518
0620220,37.2256567,-122.2975412
0621870,36.2082526,-119.0918155
0600060,37.5873715,-120.849495
0600062,37.7548605,-120.7757551
0624030,37.9776833,-122.1497155
0601428,33.9152041,-118.3798189
0601426,33.3088899,-117.1575616
0607900,38.7413169,-121.4030673
0600036,38.6670731,-121.5671717
0633840,38.5266083,-121.4545086
0629190,36.8162935,-117.6286524
0622440,36.2927258,-117.8653525
0609030,36.8810892,-119.6224516
0625690,34.308225,-118.8658445
0628270,34.4937456,-119.2038818
0600019,37.7165037,-121.9008751
0600020,37.6607151,-121.8906661
0600021,37.5511338,-121.8054596
0632270,35.9180084,-119.9877625
0609690,35.9815933,-119.6167932
0606900,32.6885935,-115.5174752
0606990,33.2819302,-115.5605643
0633110,38.215053,-121.6757975
0610620,38.494647,-121.6771342
0639630,38.2822211,-121.9247148
0640740,38.1143977,-122.2787127
0623940,37.5743432,-119.9117215
0600027,33.6750734,-117.3462833
0602430,33.9026304,-117.484946
0604440,33.8789155,-118.1227639
0630330,37.822568,-122.2300255
0613840,36.8483175,-120.439906
0619490,36.7238132,-120.0919777
0691134,36.5557658,-120.2572484
0628650,33.782819,-117.6975419
0622050,39.2597377,-121.7763297
0642930,38.5716604,-122.0641679
0642710,39.5163889,-122.2200195
0620670,39.0573241,-122.9685093
0624750,38.7737905,-122.607165
0624230,35.6228995,-119.1161985
0636800,35.5603578,-117.7739518
0625230,35.1925527,-118.0317109
0607800,37.7196715,-122.0463453
0611870,37.9706121,-118.8889525
0627200,37.3260075,-121.1936646
0600043,37.07507,-122.0057244
0604950,37.050448,-117.6620765
0611280,38.4018724,-121.7952918
0640590,38.3896713,-121.9883556
0603300,35.2679064,-120.1006541
0639000,35.5540821,-120.7660616
0600049,35.6597441,-121.1391057
0600048,35.6545073,-120.703871
0601409,37.2918324,-118.1356131
0638770,39.2794725,-120.2463715
0609870,32.6737216,-117.168502
0631710,33.0316381,-116.836579
0634880,33.1437101,-117.1797122
0631170,40.0151176,-120.9626501
0613800,34.5333594,-118.9096311
0627850,34.1963978,-118.7241776
0640980,34.2954844,-119.3255889
0635070,33.0569965,-114.8632159
0600037,40.5230992,-124.3264209
0600052,40.7963545,-124.1485699
0619950,41.1483116,-123.6909175
0600038,40.2907268,-124.1688467
0600042,33.276938,-116.5718815
0607500,33.1317943,-117.3244121
0626100,32.7503329,-116.39144
0641190,33.2036386,-117.2389725
0601410,37.7464785,-121.5203345
0608130,37.5597327,-121.0224104
0634740,37.1408711,-122.1152763
0611040,37.5396252,-120.6686888
0600029,33.5376982,-117.2882915
0601415,36.6406464,-119.8567879
0614950,40.8953831,-122.286937
0613890,38.6174796,-121.1845995
0620640,38.8705756,-120.0266467
0605240,38.9127655,-120.6348534
0602730,38.991786,-123.3615566
0624480,39.2458071,-123.624116
0640300,39.1107263,-123.195375
0631400,39.3443895,-123.1098595
0642580,39.764718,-123.533064
0622710,33.9514587,-118.2760162
0618390,33.9612098,-118.3458973
0615240,34.2038347,-118.2517672
0635700,34.0327328,-118.7295505
0639420,33.8309606,-118.3567633
0600153,34.0746675,-118.1376365
0627690,33.9041127,-118.0443463
0633750,33.9909488,-117.8934283
0623160,33.9237599,-118.2004273
0610260,34.0053692,-118.3939903
0642000,34.0605521,-117.923505
0608190,34.1014698,-117.8571294
0608760,34.1942723,-117.712933
0605610,34.1416421,-117.7820588
0621000,34.1211098,-118.7391737
0636970,34.3997895,-117.5991323
0626370,37.9570401,-121.9766833
0605700,33.2560523,-116.2172487
0605040,39.4575816,-121.7598539
0611730,39.6047133,-121.795288
0639940,41.7673009,-121.3388364
0608370,39.8135912,-121.7789116
0600051,39.3517543,-121.7427081
0629820,39.9655369,-121.533693
0637830,38.5954891,-122.3199583
0607020,38.6357177,-122.615085
0601770,37.7419107,-122.2599139
0601414,34.405955,-119.7049038
0600116,37.3963734,-119.4022515
0624500,37.437652,-121.7166785
0630030,37.4975422,-121.3425676
0602850,37.977398,-121.807771
0618990,38.032212,-122.2218728
0630600,38.0027878,-121.8893695
0632550,37.973028,-122.3310035
0600034,38.5524996,-122.8005758
0609940,38.3392564,-122.7071204
0637590,40.1663676,-123.8211044
0635130,37.8046693,-121.9365298
0602010,35.8657783,-119.4783481
0600158,37.4890081,-120.8272421
0612930,38.8306164,-122.1260372
0641580,38.5588352,-121.5664158
0643080,38.7201907,-121.7710472
0600022,36.6510056,-120.5007474
0610350,36.6156243,-118.6975741
0614550,36.7745379,-119.782665
0619700,36.7371887,-119.0346479
0636805,36.9573725,-119.0074137
0600045,39.7749276,-122.7301903
0622860,39.988642,-121.9149365
0636780,39.6237926,-120.3106327
0600033,36.8424528,-120.6902072
0616323,37.195041,-121.0216677
0600039,37.420277,-120.7756334
0615180,37.0536054,-121.449142
0629610,37.4105179,-122.151562
0699997,34.1050031,-120.3971517
0625830,37.1964559,-121.63093
0635430,37.4016881,-121.9733927
0634590,37.2623912,-121.8658513
0691137,37.8437313,-119.7587483
0611110,33.8197276,-116.1121798
0634440,33.8389109,-117.0007747
0629550,33.8068582,-116.4684359
0609850,33.844696,-117.5378961
0642140,38.9361446,-121.3032885
0600013,38.8080407,-121.2503648
0638980,34.1080374,-118.0650877
0602970,34.1438613,-118.0357522
0614400,37.4944602,-121.9411495
0626910,37.5942745,-122.0601224
0623530,37.6411548,-118.8252172
0601860,37.8906499,-122.3181164
0604740,37.8656733,-122.2987247
0605880,33.9291134,-117.8466931
0620370,33.546979,-117.803377
0627720,38.0985803,-122.5254492
0636670,38.1672671,-122.9373059
0634410,37.7272391,-123.0322294
0623340,36.9419167,-120.1238633
0606580,41.7336072,-121.8396984
0601339,39.6880057,-122.0300886
0600044,38.637385,-122.8884599
0602070,38.6217831,-119.7983522
0603840,33.9088133,-116.761099
0611100,33.7680642,-115.2169301
0619260,34.0022592,-117.473331
0610770,41.7499033,-123.9809983
0604290,33.9480479,-117.0146192
0609070,33.5584855,-115.8414453
0629640,33.7636634,-114.7251681
0624150,39.2881789,-122.4155734
0638070,39.5719825,-122.5808268
0609570,39.2369732,-121.9915448
0619320,38.9221361,-122.7895645
0620070,38.9777763,-122.5579721
0622590,33.7592356,-118.0801022
0627240,33.6071759,-117.8991627
0630660,33.8836992,-117.8029752
0640150,33.7421367,-117.8000224
0612180,33.9875321,-118.0920535
0622500,33.3673364,-118.480709
0625470,34.0077973,-118.1293959
0629700,33.7540721,-118.4009754
0629850,33.8920153,-118.1610977
0634860,34.1231978,-118.1102601
0637500,34.1089668,-118.1566177
0616325,34.013225,-117.9643883
0629940,34.1962463,-118.0945947
0637200,38.2908198,-122.4703247
0623820,34.9906182,-119.2642456
0626490,34.9479151,-117.7033028
0638880,35.1224342,-118.4915717
0605010,41.1936678,-121.0494476
0638520,41.5071551,-120.1429066
0600011,39.9737498,-120.0884399
0642300,40.5138203,-121.0974632
0625190,41.5512606,-120.6033192
0600160,37.2271114,-119.7460459
0601332,38.6727995,-121.3842225
0601331,40.9367193,-123.105624
0600061,37.7038588,-120.8856802
0637620,34.8891545,-118.3374689
0600025,33.9008699,-118.4207152
0600032,33.8495382,-118.400755
0603600,34.2803329,-117.8661408
0604110,34.0515882,-117.9863908
0610050,34.0800615,-117.8871057
0611520,34.1665357,-117.9562962
0604620,38.0927119,-122.1381052
0613360,38.2073034,-122.0296674
0630360,38.9817474,-122.0476021
0625800,33.9336735,-117.2156584
0629370,36.6108084,-121.9328519
0600046,36.5150702,-121.4207484
0612840,37.8855353,-121.024148
0600047,37.8910619,-121.4707749
0691135,33.8431387,-117.2588589
0600028,33.5242793,-117.0453344
0616920,33.6055744,-116.7818648
0633150,33.9233125,-117.3778383
0609640,34.1777378,-118.8850849
0636840,34.2878799,-118.7320265
0609665,39.855198,-123.8079534
0614070,39.5334718,-123.683369
0633720,39.7754661,-123.1447714
0642560,39.4727087,-123.3568253
0616740,37.6371409,-122.097789
0622110,37.6396841,-121.6633573
0623080,35.1033617,-120.432903
0634800,35.2611654,-120.7796053
0600018,40.542254,-123.2406802
0800001,38.8363887,-102.3269763
0800016,40.1246352,-102.6333456
0800017,40.1408799,-102.2901871
0800018,39.7098238,-102.2731641
0800019,39.6773444,-102.622463
0801920,38.992951,-104.7884704
0801950,39.836175,-104.8749334
0801980,39.3650295,-104.01917
0802010,37.5488542,-104.4910197
0802040,40.1413211,-103.2548311
0802070,37.4691507,-105.8291097
0802130,37.0878409,-106.1995407
0802190,37.2648783,-107.0789546
0802220,39.7469167,-103.0322247
0802260,39.3281352,-103.1635083
0802280,39.1581733,-106.6686317
0802310,40.7878038,-104.7749219
0802340,39.719563,-104.732541
0802370,39.4676801,-105.606304
0802400,37.4989744,-107.5769732
0802430,39.7454414,-104.4963778
0802460,39.2973708,-102.3967506
0802490,39.9971749,-105.4019568
0802520,37.1687503,-103.8487832
0802550,40.6250584,-104.2871332
0802580,39.934758,-104.7045569
0802610,40.2409694,-103.5268535
0802640,38.8368689,-106.2952552
0802670,39.3213982,-102.2232247
0802700,39.8628815,-104.0144084
0802730,39.066318,-104.2790329
0802760,37.0642262,-102.5893367
0802790,38.5275385,-105.2990143
0802850,37.8283043,-106.1979474
0802880,38.1438815,-103.4926715
0802910,39.6164164,-104.7868775
0802940,38.776199,-104.9257621
0803000,39.6894025,-105.6707833
0803030,39.2189854,-107.9100787
0803060,38.8717163,-104.7966157
0803090,37.254752,-108.7522496
0803120,38.4059432,-105.6680164
0803150,37.5490692,-107.0032352
0803180,38.7649133,-105.1446103
0803210,38.3466345,-103.7496089
0803240,39.4580099,-108.5643398
0803270,39.6789604,-103.9013353
0803300,37.6185212,-106.4905694
0803330,38.8396543,-107.8212269
0803360,39.7618502,-104.8811054
0803390,37.5591592,-108.2803106
0803420,37.7822082,-108.5816992
0803450,39.3383105,-104.9069045
0803480,37.2673708,-107.9784196
0803510,38.4193839,-102.9467552
0803540,39.7172809,-106.8127214
0803600,40.5631669,-104.5936961
0803630,38.6010817,-104.0877657
0803690,39.200598,-104.513356
0803720,39.4100347,-104.57265
0803750,38.7976729,-104.4350369
0803780,39.6484452,-104.9918014
0803810,40.3847058,-105.5861695
0803840,39.0515691,-105.7333372
0803870,38.9509477,-104.606271
0803930,40.632474,-102.864039
0803960,38.3833323,-105.0240935
0803990,40.775796,-105.4880641
0804020,40.0873849,-104.8354749
0804050,40.2503452,-103.8250332
0804080,38.687426,-104.748914
0804110,38.0666462,-104.0951701
0804140,37.4352666,-105.4073666
0804200,40.2538894,-104.744333
0804230,39.8243718,-105.5158684
0804260,39.3955458,-107.1093383
0804290,37.9691092,-102.328718
0804320,40.1161126,-105.8713586
0804350,38.9605378,-108.6804431
0804380,39.5331216,-108.0541622
0804410,40.4072405,-104.7009274
0804440,40.8696986,-104.2224499
0804470,38.5533649,-106.9382676
0804500,38.5997503,-104.4896252
0804530,38.7908028,-104.7701773
0804560,40.5876617,-102.59793
0804590,40.5068854,-107.2392668
0804620,37.910973,-107.2561085
0804650,37.3757802,-104.1619008
0804680,37.9612659,-102.1449176
0804710,40.5637547,-102.2539564
0804740,39.1207769,-103.4286706
0804770,37.0924549,-107.5678312
0804800,39.5795106,-105.245462
0804830,40.3284947,-104.9044035
0804860,40.8732359,-102.1957082
0804890,38.7165156,-103.5075664
0804920,40.0968494,-104.4477554
0804950,40.3699348,-104.4632822
0804980,37.3787624,-103.3875742
0805010,39.3696118,-104.3429014
0805040,38.8380923,-102.8880029
0805070,40.0467163,-106.3329539
0805100,37.2696102,-106.2623176
0805130,37.7150418,-103.7224453
0805160,37.4723858,-105.0459255
0805190,39.2053632,-106.3501229
0805220,37.9306432,-102.567857
0805250,37.8517653,-103.2817414
0805280,39.3077142,-103.6952985
0805310,39.5955539,-104.9895201
0805340,40.3501534,-102.9281146
0805370,40.1711568,-105.1758808
0805400,40.4028177,-105.1823554
0805460,37.3574777,-108.2925444
0805490,38.9008026,-104.9787095
0805520,38.0398888,-103.8874534
0805550,39.8331301,-104.9669839
0805580,37.9833553,-102.9035942
0805610,39.9487163,-107.8686826
0805640,40.5239285,-103.3883571
0805670,38.8264312,-104.0720267
0805700,37.9600195,-105.7544821
0805730,40.6108644,-108.2171545
0805760,37.4936342,-106.1893961
0805790,38.4513418,-107.9798235
0805820,39.0865035,-104.8583571
0805850,38.326008,-108.6757307
0805880,38.009319,-108.4272635
0805910,40.1631066,-106.8478331
0805940,40.0538218,-102.8921584
0805970,38.0161574,-107.7399335
0806000,40.8848227,-102.4910912
0806030,40.8754515,-103.2920182
0806060,39.0590675,-104.4869421
0806090,37.3564633,-102.9631276
0806120,38.2514996,-104.6435747
0806150,38.1625211,-104.5738459
0806180,39.9402205,-108.6653685
0806210,38.2012209,-107.8202952
0806240,39.6035621,-107.6914304
0806270,38.003602,-103.7588389
0806300,38.1324118,-106.2972506
0806330,38.547839,-106.0518097
0806360,37.1368555,-105.4471718
0806390,37.2786043,-105.8081166
0806420,37.6754256,-105.7627124
0806450,37.6509982,-106.0986122
0806480,38.7553772,-104.6953989
0806510,39.2943894,-102.8203921
0806540,39.6477575,-105.0174566
0806570,37.7810492,-107.6702567
0806600,39.0796323,-103.9454038
0806630,37.4295928,-102.6539199
0806660,40.6878556,-106.8629943
0806690,40.730786,-103.112288
0806720,40.7984512,-103.76523
0806750,39.8043495,-104.3051552
0806780,39.283643,-102.5678827
0806810,39.5913789,-106.0810912
0806840,37.9638991,-103.6339045
0806870,37.9760009,-107.9520445
0806900,39.9247561,-104.9911464
0806930,38.4332339,-102.2607871
0806960,37.1637911,-104.6035462
0806990,37.3367461,-102.4333782
0807050,40.6634319,-106.3292476
0807080,37.7168395,-104.9480641
0807110,37.3454245,-102.1803471
0807140,40.4322461,-104.0330005
0807200,38.1006654,-105.4101392
0807230,39.8327009,-105.0273739
0807260,37.107932,-104.9553712
0807290,40.1949054,-104.129703
0807320,38.1944985,-102.7328577
0807350,40.5003138,-104.8780258
0807380,38.9934008,-105.1909753
0807410,39.7640174,-103.5019588
0900060,41.3442494,-73.0698254
0900120,41.7871585,-72.8520463
0900210,41.6054509,-72.7784968
0900270,41.3697777,-73.3895032
0900330,41.8437722,-72.7410015
0900360,41.7645891,-72.4375753
0900420,41.2799489,-72.7859502
0900450,41.1873933,-73.1957567
0900510,41.6815776,-72.9407487
0900540,41.4704024,-73.3947599
0900690,41.8587259,-72.9108619
0900750,41.5118273,-72.9036174
0900810,41.2951299,-72.5300394
0900840,41.5572696,-72.3442466
0900960,41.7802124,-72.343758
0900990,41.6164015,-72.6615494
0901020,41.3987408,-73.4781032
0901050,41.0521498,-73.4797138
0901110,41.3261239,-73.0825739
0901200,41.4766614,-72.3921201
0901230,41.5677366,-72.5095441
0901260,41.7606953,-72.6076462
0901290,41.2934528,-72.8589937
0901320,41.356068,-72.2298428
0901440,41.9141491,-72.4455676
0901470,41.983993,-72.5555531
0901530,41.1759399,-73.272046
0901560,41.7297737,-72.8420312
0901620,41.6918834,-72.5521735
0901740,41.5847725,-71.9210907
0901770,41.3477177,-72.0313446
0901800,41.3390287,-72.706089
0901860,41.3973285,-72.9222256
0901920,41.7659331,-72.6815789
0902070,41.829902,-71.8490975
0902130,41.632955,-72.2400896
0902160,41.4311315,-72.0203029
0902280,41.3444779,-72.6245424
0902310,41.7752402,-72.524434
0902400,41.5367771,-72.7945433
0902490,41.5486107,-72.6567838
0902520,41.2250861,-73.0611101
0902580,41.4638999,-72.1555701
0902640,41.4877849,-73.0515508
0902670,41.6765545,-72.7861613
0902790,41.3108088,-72.924953
0902820,41.3329572,-72.0961765
0902850,41.6012671,-73.422807
0902880,41.6869933,-72.7308386
0902910,41.3995034,-73.293982
0901170,41.9297176,-72.7453844
0901350,41.9040094,-72.5644729
0901680,41.97148,-72.8301588
0901710,41.0453658,-73.6340183
0902550,41.3392376,-73.2228287
0902700,41.1603863,-73.5001138
0902730,41.4803182,-73.4868629
0902970,41.362254,-72.7834635
0903030,41.3814653,-72.8563709
0903060,41.4709693,-71.8725254
0903090,41.0927388,-73.4197955
0903120,41.5480059,-72.0894538
0903180,41.2935043,-72.3835936
0903240,41.4440326,-73.148235
0903270,41.6936128,-71.9007755
0903300,41.6739923,-72.8544338
0903330,41.6663915,-73.0265164
0903390,41.5988341,-72.589071
0903480,41.9080271,-71.8704519
0903520,41.7455672,-73.0090755
0903530,41.596727,-73.3126713
0903535,41.4814594,-72.7038081
0903536,41.5789127,-73.2132909
0903537,41.4919463,-73.1938342
0903538,41.5084331,-72.970945
0903539,41.424544,-72.5594503
0903540,41.3623864,-72.3237538
0903810,41.3176745,-73.499837
0903840,41.6566177,-72.6617806
0903990,41.3854655,-73.0836408
0904050,41.3045774,-73.1392153
0904140,41.9926327,-72.4537254
0904170,41.8380902,-72.5778358
0904230,41.6071597,-72.8787599
0904290,41.9838788,-72.3075745
0904320,41.0796114,-73.5460803
0904380,41.3635101,-71.9113676
0904440,41.2056875,-73.1279855
0904470,41.9999149,-72.6787509
0904500,41.6649437,-73.0963246
0904530,41.9902867,-71.8670243
0904560,41.8830194,-72.3588694
0904590,41.8340717,-73.1314085
0904620,41.2728914,-73.2118988
0904680,41.8375605,-72.4590404
0904740,41.4586575,-72.8045163
0904830,41.5585001,-73.0366845
0904860,41.3516858,-72.146834
0904890,41.6172455,-73.1143619
0904920,41.7665678,-72.7549436
0904950,41.2721212,-72.9674973
0904980,41.3036947,-72.4780168
0905010,41.2274128,-73.3670614
0905040,41.1208312,-73.3434638
0905070,41.7024816,-72.6693001
0905130,41.2112791,-73.4409771
0905160,41.9272131,-73.1093363
0905190,41.7144745,-72.168667
0905220,41.8710365,-72.6750825
0905250,41.9277901,-72.6516158
0905280,41.5950295,-72.9685135
0905374,41.7672142,-73.2368469
0999997,41.1666065,-72.8424645
0904110,41.8725296,-72.8284382
1000080,39.4546377,-75.68962
1000170,38.777741,-75.1788949
1000180,39.0995856,-75.4889145
1000190,39.1852706,-75.5046258
1000200,39.667196,-75.7194738
1000230,39.6185768,-75.5634588
1000790,38.9662436,-75.6017473
1001080,38.9432534,-75.362567
1001240,39.793106,-75.5068447
1001300,39.7649978,-75.6409423
1001530,38.6435621,-75.6147349
1000270,38.4838672,-75.5638707
1000680,38.5796303,-75.2534463
1000810,38.5476448,-75.5381863
1001620,39.294488,-75.5823213
1001850,38.784174,-75.6012408
1100030,38.9042429,-77.0165243
1200030,29.6757403,-82.357221
1200060,30.3244416,-82.3022838
1200090,30.1373956,-85.6286886
1200120,29.9523863,-82.1666983
1200450,29.5526748,-83.2362319
1200480,30.3352449,-81.6481132
1200510,30.5299979,-87.3203222
1200600,30.5786866,-84.6126072
1200630,29.7234556,-82.7958011
1200660,26.9548102,-81.1908197
1200720,30.4984382,-82.9511163
1200750,27.4928458,-81.8215798
1200780,26.539967,-81.1521142
1200810,28.5559951,-82.5259685
1200840,27.3410799,-81.3423534
1200900,30.8620072,-85.8159385
1200930,27.7005283,-80.5747894
1200990,30.396898,-83.9217606
1201080,26.5632731,-81.9841817
1201140,29.2718541,-82.831233
1201230,27.4755558,-82.3931438
1201350,30.6059629,-81.7650867
1201380,30.6143245,-86.5910804
1201410,27.3855924,-80.8873884
1201440,28.5143906,-81.3232839
1201470,28.0590267,-81.1393116
1201500,26.6491257,-80.4483542
1201530,28.3047398,-82.5023672
1201560,27.9053425,-82.7980663
1201650,30.6753483,-87.0189188
1201680,27.2234893,-82.4247639
1201830,30.1892438,-82.9927542
1201890,30.0542796,-82.366918
1201920,29.057769,-81.161792
1201980,30.5712465,-86.162798
1201860,29.967146,-83.6395729
1200150,28.2983112,-80.7003334
1200180,26.1935353,-80.4766834
1200210,30.3888013,-85.1979155
1201740,29.8813966,-81.3882818
1200240,26.906358,-82.0036297
1200270,28.8502933,-82.5955513
1200300,29.9865835,-81.8650364
1200330,26.118786,-81.4009553
1200360,30.2216509,-82.6233712
1200390,25.6160085,-80.5037495
1200420,27.1905809,-81.8062531
1200570,29.7610745,-84.8228331
1200870,27.8931535,-82.3799907
1201170,30.2598494,-84.8685805
1200540,29.4748909,-81.2862532
1201770,27.3798137,-80.4435357
1201950,30.0913354,-84.3591114
1202010,30.6021017,-85.6558052
1200690,29.8592383,-85.2720413
1200960,30.7892485,-85.2088141
1201020,29.9900661,-83.1785097
1201050,28.7641128,-81.7122822
1201110,30.4593104,-84.2778004
1201200,30.4472326,-83.4704159
1201260,29.2028047,-82.0431004
1201290,27.0836036,-80.3982011
1201320,25.5861198,-81.0226025
1201590,27.9548539,-81.6943014
1201620,29.5938968,-81.7320386
1201710,28.7257089,-81.2196197
1201800,28.7132767,-82.0695548
1300001,33.034482,-85.02836
1300003,31.9868975,-81.6265693
1300060,31.7397262,-82.2901018
1302700,32.7315494,-84.912432
1302820,33.4529466,-84.1540207
1303240,31.0381973,-83.0631635
1304530,30.9339599,-84.8676853
1304590,32.073225,-84.8349117
1304830,31.9136406,-82.9310634
1305130,34.5484182,-85.3107687
1300090,31.2968056,-82.8781511
1300120,33.7629088,-84.4226745
1302100,34.8665427,-84.3173308
1300150,31.5502095,-82.4514325
1300180,31.3195798,-84.4548812
1300210,33.0594897,-83.2554566
1300240,34.3519216,-83.4984409
1300690,33.2878552,-83.9569325
1301170,33.9521852,-83.3671522
1300290,33.9920094,-83.7123025
1302910,31.6043062,-83.2770374
1300330,34.2433633,-84.8452474
1300900,34.1645791,-84.8017036
1300360,31.7591045,-83.2159655
1300390,31.2886522,-83.2278695
1300540,30.8229337,-83.5819054
1301260,30.9176531,-82.7026143
1300420,32.8089903,-83.6940595
1300440,32.4354034,-83.3317174
1300480,31.1973339,-81.9829779
1300510,33.7107648,-85.1518967
1302670,33.7951646,-85.2200629
1300570,31.8468915,-81.2937059
1304050,32.5715596,-83.8315501
1300600,34.1185623,-83.9886102
1301620,34.767898,-84.9728123
1301870,32.5375896,-82.9282892
1300630,32.3944809,-81.741441
1300660,33.0601805,-82.0001638
1300720,34.499792,-84.9330584
1300750,31.521279,-84.6262895
1302400,31.2127098,-81.4964503
1300780,30.913358,-81.6420193
1300810,32.4039497,-82.0712656
1301200,31.6198309,-84.9925826
1300840,33.6186945,-85.073854
1300870,33.5821841,-85.0825296
1300930,34.9002118,-85.1393851
1300990,30.7799036,-82.1396442
1301020,31.9804037,-81.085184
1301050,32.2725435,-84.7487963
1301080,34.4742244,-85.3461294
1301110,34.2443166,-84.4750574
1301140,34.877467,-85.2883505
1301230,33.5426863,-84.3555727
1301290,33.9103593,-84.5632989
1301350,31.5492452,-82.8449401
1301380,31.1897142,-83.7698728
1301410,33.5520746,-82.2496077
1303840,34.7970974,-84.7379899
1301440,34.2142985,-83.4757128
1301470,31.1525157,-83.4294448
1301500,33.3528965,-84.7621381
1301530,32.7094483,-83.9791685
1301560,31.9202675,-83.7565301
1301590,34.8524237,-85.5062006
1301650,34.4426077,-84.1732611
1301680,33.7710674,-84.2957837
1301710,30.8806431,-84.5838902
1301740,33.771594,-84.2219977
1302610,34.4073053,-83.7399493
1301770,32.164369,-83.1678658
1301800,32.1519954,-83.807167
1301830,31.5325876,-84.20904
1301860,33.7012421,-84.7673139
1301890,32.4609443,-82.9111706
1301920,31.3241906,-84.9067225
1301950,30.7140081,-82.8973758
1301980,32.3616793,-81.3433755
1302010,34.1164056,-82.8419111
1302040,32.5912003,-82.3001948
1302070,32.1716095,-81.9022402
1302970,33.3169807,-83.6891515
1302130,33.4127172,-84.4939407
1302190,34.334577,-85.2324136
1304440,34.2661329,-85.1860521
1302220,34.225143,-84.1274075
1302250,34.3750518,-83.2279904
1302310,34.2901004,-83.8291065
1304500,32.7447512,-81.6175849
1302280,33.5886229,-84.5683379
1302340,34.6905223,-84.4548122
1302370,33.2274908,-82.6069126
1302430,34.5096669,-84.8738622
1302460,30.8759004,-84.2449647
1302490,33.5767036,-83.1666253
1303300,31.7324865,-81.3768352
1303390,30.7222726,-83.3624996
1302520,33.2623481,-84.2849046
1302550,33.9552398,-84.0245887
1302580,34.6343924,-83.5258749
1302640,33.2692195,-83.0004653
1302730,34.3487324,-82.9632902
1302790,33.2913469,-85.1378862
1302880,32.4581466,-83.6623089
1302940,34.1309052,-83.5625568
1303000,31.8116153,-82.6368248
1303030,34.136239,-83.6021566
1303060,33.0581756,-82.4200036
1303090,32.7945631,-81.9715244
1303270,31.8184185,-84.1466814
1303120,32.6945842,-82.6639696
1303150,33.0216636,-83.5621958
1303210,33.0744405,-84.1466893
1303330,33.7921507,-82.4482992
1303630,33.0292666,-84.6670579
1303360,31.730615,-81.7351121
1303420,34.5681403,-83.9989251
1303450,32.3626859,-84.0512306
1303480,34.1274796,-83.2086525
1303510,33.9535613,-84.5424631
1303540,32.3593118,-84.5287354
1303570,33.4806102,-82.4795718
1303600,31.485629,-81.3721413
1303660,31.1629309,-84.7303983
1303690,31.228997,-84.192038
1303720,33.0187844,-83.921837
1303750,32.1721081,-82.5333487
1303780,33.5986493,-83.4994157
1304470,32.2634439,-84.3227083
1303870,32.5266873,-84.9108735
1303930,33.5527507,-83.8513597
1303960,33.8341247,-83.4377284
1303990,33.8668151,-83.0741063
1304020,33.9210299,-84.8671693
1304080,31.1266388,-84.1514587
1304110,34.4640542,-84.4647821
1304140,31.353998,-82.2103703
1304170,33.0811487,-84.3894621
1304200,33.9960153,-85.1883384
1304220,32.2388026,-83.4818454
1304260,33.3210605,-83.3717898
1304290,31.8629381,-85.0047978
1304320,34.8839345,-83.4048701
1304350,31.762651,-84.7523108
1304380,33.3614863,-82.0749982
1304410,33.6520811,-84.0263696
1304540,33.6461391,-83.7127819
1304560,34.5535825,-83.2905877
1304620,32.0422659,-84.2042935
1304650,32.7046026,-84.5300288
1304680,33.559319,-82.8752721
1304770,32.0521878,-82.0659633
1304800,32.5546668,-84.2514261
1304860,31.7771909,-84.4394464
1304890,30.8646195,-83.9198155
1304950,30.8394221,-83.9787807
1304980,31.4570027,-83.5259307
1305040,32.1177534,-82.3305967
1305070,34.9025294,-83.7322645
1305100,32.4095857,-82.5708819
1305310,30.8501261,-83.2788329
1305370,34.735802,-85.3054565
1305390,33.7866896,-83.733443
1305490,32.9718435,-82.7981124
1305550,31.5478449,-81.9123763
1305580,32.0466911,-84.5538279
1305640,32.105258,-82.7338492
1305670,34.6441817,-83.7430004
1305850,31.5517733,-83.8499598
1305190,31.7248005,-83.6203195
1305220,32.6658469,-83.4258792
1305250,34.833333,-83.9892568
1305280,32.8818367,-84.2922831
1305340,32.2120794,-82.4021869
1305430,31.050881,-82.4215072
1305460,33.4083813,-82.675685
1305700,34.8074863,-84.966356
1305730,31.9627199,-83.4382586
1305760,33.7790312,-82.7479211
1305790,32.8042663,-83.1755122
1500030,19.8281671,-155.4950421
1600001,48.4011753,-116.8965376
1600002,48.2427191,-116.4155686
1600009,46.7419,-116.7427521
1600060,42.7978246,-112.9388361
1600300,43.394192,-113.9553713
1600330,43.0423095,-114.9860918
1600450,42.5109704,-116.0020642
1600570,44.6452087,-116.6224841
1600660,42.282313,-113.6263276
1600780,47.6759605,-116.6958613
1600960,42.1642235,-111.760377
1601080,43.1910953,-111.872456
1601230,43.0417689,-115.3139617
1601380,42.804834,-114.8680175
1601770,43.3914564,-116.3517601
1601800,47.882484,-116.7391911
1602070,43.2039566,-116.6223621
1602100,43.5487449,-116.3067394
1602160,44.3851832,-116.5887611
1602190,42.825985,-113.6630999
1602250,43.2115383,-115.718017
1602700,46.9509785,-116.7988809
1602850,45.1198209,-114.2388196
1602910,43.3980173,-112.2164652
1603030,44.6234792,-113.3561649
1603060,47.2273144,-116.5351419
1603330,44.3969086,-116.9390412
1603420,42.144383,-112.0176159
1603480,43.6800005,-116.9134006
1600010,46.8357559,-116.2472437
1600030,43.0416678,-112.8403142
1600270,43.1431423,-112.2179313
1602970,43.3165691,-112.6309285
1600090,42.5607623,-112.5156795
1600138,45.3158205,-116.3046562
1600139,45.8957997,-115.3566098
1602030,44.922429,-115.4552148
1602060,45.0753667,-116.3847881
1600150,47.1238627,-115.7764742
1603300,47.550662,-115.8396834
1600180,43.8651546,-115.6399011
1600240,42.2824701,-111.3309721
1600360,43.2804596,-116.0238313
1601170,44.1527035,-115.5620914
1600420,48.7731313,-116.5246676
1600480,42.6874213,-114.8799602
1603360,42.7574353,-114.7222058
1600490,43.685101,-113.1776308
1600720,44.3648677,-114.3244214
1600510,43.6571274,-116.6923127
1601980,43.3995788,-116.8994801
1602340,43.5338202,-116.5981711
1600540,43.5025511,-114.7721352
1600600,43.598852,-116.7031065
1602550,43.7718535,-116.946353
1600630,44.4620581,-115.7483573
1600690,42.3931586,-114.9046171
1601680,46.6376248,-116.5508839
1602310,42.4380707,-114.1371586
1602520,46.6613907,-115.5716359
1600750,44.290218,-112.3546128
1600810,46.059096,-116.3709656
1602400,46.2891281,-116.2535599
1600815,47.3022942,-116.8710543
1600840,44.8729972,-116.5047184
1601900,43.9446969,-113.9446595
1600870,46.3927423,-116.639197
1601440,46.2283183,-116.544222
1601830,46.2356165,-116.78799
1600900,42.873754,-114.1584939
1603120,43.3307527,-111.3484228
1600930,43.4305519,-111.7829095
1601530,43.523237,-112.2726368
1601020,44.0411869,-116.3606092
1602220,46.763786,-116.9547881
1601050,42.250306,-114.5346691
1603240,42.5174662,-114.4757452
1601110,44.2141177,-111.4655727
1601140,43.9215444,-116.9143681
1601200,46.5633704,-116.884243
1601860,46.3294882,-116.9365795
1601260,43.0456319,-114.7157708
1603180,43.7609939,-111.2117653
1601290,42.4768436,-111.7521481
1601410,42.4926758,-114.2595149
1603210,42.111832,-115.1953358
1601470,43.5996153,-116.9483528
1602610,42.7167009,-116.916419
1601500,43.9118705,-116.1304179
1601570,43.7021004,-112.1831384
1601590,42.7433914,-114.4037383
1602940,42.9665024,-114.3602063
1603270,42.6248221,-114.1518757
1601620,46.2375369,-116.0089636
1601650,47.5832824,-116.2577458
1602280,47.4431289,-115.7781877
1601710,42.3911667,-114.3569826
1601740,47.4974546,-116.6487485
1601920,43.7428668,-111.6526073
1601950,42.5610658,-112.1415877
1602130,43.7530419,-116.6233192
1602460,43.7337157,-116.7901853
1602370,43.9527068,-116.7267734
1602580,44.104772,-116.7224677
1602790,43.5818932,-111.6162479
1603400,43.8817889,-112.4182793
1602430,42.8139694,-111.9428035
1602490,42.1838954,-112.5204486
1602640,42.9163082,-112.3925501
1602670,47.6976951,-116.9566611
1602730,43.5200395,-115.5880969
1602760,43.0796845,-114.0058875
1602820,42.4707326,-112.8373171
1603000,42.8244599,-111.4021824
1603090,43.8932922,-111.7542806
1720380,39.0089911,-88.1602447
1700332,40.1797093,-90.5819288
1722770,39.8712428,-91.0656471
1701390,40.8800637,-88.854595
1700326,40.7343754,-88.9769889
1708010,42.1447,-89.2804275
1716080,40.9695656,-90.4121861
1721390,40.875422,-90.2206246
1736960,40.6770405,-90.228171
1740080,38.2346097,-90.2748146
1719660,40.4698699,-87.7496638
1739480,40.8719064,-88.2160962
1705430,41.3439773,-87.6163301
1711250,41.4249754,-87.6527298
1740070,41.6652708,-88.0887862
1704260,39.7466269,-88.5387792
1729340,39.6637965,-88.0487398
1710800,40.1364993,-87.8235051
1708580,37.6544826,-88.6570451
1743800,37.901687,-89.0693366
1720550,37.812581,-88.841306
1731020,42.2636146,-89.8388015
1710290,40.5721974,-87.8910161
1730630,39.3678609,-89.0794145
1700176,39.2407774,-88.927487
1736090,39.3843005,-88.8168263
1700314,40.4600609,-90.7643253
1739630,37.2746335,-89.0792474
1742990,37.4480056,-89.4152965
1739960,40.1201923,-88.1762333
1715180,40.3185257,-88.3347532
1723970,38.6782655,-90.1286388
1700004,38.0284199,-88.3286147
1708500,38.0901525,-88.1238789
1719260,41.7883777,-88.6121538
1735370,41.6392157,-88.6246412
1722870,41.6112923,-88.792993
1743966,41.0175712,-87.7208531
1734440,41.3786899,-90.7991699
1734510,42.2609245,-89.0490696
1728700,42.4161956,-88.8117514
1705050,42.1464983,-88.1646542
1718200,37.5178517,-88.2661478
1708250,37.8776228,-89.5530302
1710980,38.174584,-89.6196627
1743330,42.3304267,-88.4532906
1740140,38.9462037,-89.1301379
1707440,38.9995506,-88.9637903
1729890,40.3772685,-89.2540107
1724750,40.0128238,-88.9627433
1700003,40.2612501,-88.5920946
1718870,40.3459718,-89.0106052
1724600,37.6792752,-88.9304415
1704620,39.585289,-89.726065
1704920,39.6763633,-89.6612973
1731410,40.0193859,-89.8918147
1741280,39.5835528,-89.9391644
1726710,41.8338643,-89.9633198
1733950,41.8471137,-90.1221585
1710240,38.5054034,-88.3746259
1734100,39.8455898,-89.5642881
1731230,40.724069,-89.6140263
1732770,40.9263809,-89.7835278
1705310,40.0082078,-90.3811798
1740410,39.9452189,-90.1823827
1701417,38.3347583,-88.7576965
1720280,39.7000324,-90.2311654
1730060,42.4524635,-89.6296469
1701418,39.9796936,-87.7977469
1709810,37.9243039,-89.8180072
1736900,38.1060187,-89.7716149
1737650,37.9908305,-89.6794471
1708430,39.2684432,-89.9052826
1737590,38.9890853,-89.7905077
1700045,37.7570995,-88.2268693
1724650,38.2629539,-89.7420247
1741750,38.3713541,-89.5801784
1716350,41.4533154,-90.1260406
1721000,41.2801396,-89.8607681
1729940,41.0670872,-90.2153255
1718240,42.3528344,-89.0256145
1712810,42.4388377,-89.3167508
1725690,42.1004867,-89.1205503
1712760,38.0229671,-89.2291578
1710570,37.5690733,-89.2900058
1713860,37.889217,-89.2926305
1724390,41.2415737,-87.8860169
1731290,41.3652811,-87.8661824
1717370,41.2562417,-87.6356301
1711850,39.8471972,-88.9375119
1714050,40.7578826,-89.8836653
1719960,40.5875751,-89.7945407
1713660,37.8498752,-88.4514921
1705820,39.9142424,-88.5476519
1709330,39.8748693,-88.736985
1710410,40.9501862,-87.9530351
1726430,41.1474724,-87.6360985
1740650,38.1953243,-89.0458124
1710790,38.0937986,-88.5642183
1706390,40.2445328,-87.6387268
1710820,40.0537719,-87.6099118
1711790,40.1345627,-87.6171244
1734870,40.3669764,-87.6226071
1799997,42.308648,-87.8307234
1703810,41.418423,-89.8964817
1708160,41.2936042,-90.1800095
1714350,41.6903973,-90.1097128
1716140,41.2001518,-90.0698072
1730200,41.358971,-90.37506
1737490,41.0696912,-89.8257815
1727710,41.7663754,-88.1258413
1730270,41.6538727,-88.3151628
1731740,41.6107299,-88.2012898
1733380,41.2258612,-88.167742
1704680,41.759032,-88.2905286
1704710,41.7800954,-88.3572518
1719830,42.1800987,-88.4357386
1738760,39.1494366,-88.4735654
1728810,38.8132138,-88.5350087
1713050,42.4865123,-90.5683485
1722300,38.6091613,-89.7667182
1715880,41.500969,-88.759151
1700120,41.147007,-89.0559705
1715490,42.164593,-89.5264966
1730160,42.0112811,-89.3612864
1727990,39.7174497,-89.8898471
1731920,39.8365837,-89.8787772
1715100,40.9732279,-89.0445197
1706120,38.9094376,-90.0434424
1700113,40.2317848,-89.7579689
1710440,40.1714584,-88.9707255
1718390,40.2628648,-89.4524309
1727290,39.9974792,-89.327352
1742480,39.9184513,-89.5607655
1705460,39.1807324,-88.7377669
1709400,41.9666215,-89.8291913
1742630,41.3151647,-88.1185742
1741360,38.3696101,-88.5861847
1735940,38.0667215,-89.059964
1711610,42.3921094,-89.5090043
1715900,42.2971895,-89.6239261
1708070,37.0985049,-89.3350147
1726400,41.4667245,-90.4875093
1734410,41.464286,-90.5720334
1716380,41.8783425,-88.3420718
1705220,41.8393063,-88.3199539
1700319,40.8125116,-90.9129267
1700125,41.4658013,-89.6553397
1707950,40.5623114,-90.4608548
1718060,40.4090929,-91.2968807
1740890,40.2827544,-91.3533164
1725590,40.1138108,-91.3281659
1719920,39.1466734,-87.7261732
1740830,39.9455847,-89.0820855
1727390,39.7648537,-88.8543827
1737830,39.2942713,-88.6400776
1713560,39.0389728,-88.5879194
1742450,40.9437147,-90.0480286
1700044,40.6707356,-89.8525283
1731270,40.7693835,-89.5773894
1704380,41.8232958,-89.2413951
1726800,40.6127732,-89.4601595
1700041,40.5083731,-88.3383153
1720180,40.7488589,-88.0155761
1700005,40.722671,-88.4967261
1703450,38.5387999,-87.7332132
1740470,38.4323864,-87.8652584
1739090,39.2679366,-88.2285743
1701387,39.6732108,-91.1182606
1719970,40.9003876,-89.5490265
1700126,41.0214054,-89.4092627
1742310,41.8332056,-89.7379823
1703690,41.6858092,-89.3721205
1735970,41.779872,-88.8619454
1722350,41.6998191,-89.01661
1732100,41.9807344,-89.5784893
1716050,42.426128,-90.4334989
1737980,42.3062384,-90.0443512
1735610,42.452765,-90.2624469
1722530,42.4078991,-89.8387467
1740740,42.4628572,-90.0413559
1720760,41.0966327,-87.8151843
1712090,41.3295654,-89.3037364
1708040,38.5665893,-90.1559576
1712720,38.5245302,-90.1987699
1700109,40.5228695,-88.6079007
1722710,40.6297443,-88.787974
1713920,40.4360944,-88.7996795
1703600,38.9471725,-90.1609242
1707770,39.0475525,-89.95609
1735010,38.8453619,-90.061228
1716020,37.8396027,-88.634918
1718270,37.7008242,-88.5203235
1732830,41.6385912,-89.8528849
1742060,41.1997339,-89.9124687
1742790,42.2681165,-89.2627165
1731050,42.3157216,-89.3574994
1736600,42.4822998,-89.046348
1740200,38.6670972,-90.1665249
1737350,38.7362008,-89.8140374
1713530,38.8679242,-89.941649
1712060,40.3741278,-89.5371174
1711880,40.5629536,-89.3470611
1739390,40.5048704,-89.5015105
1703660,41.2040805,-90.3267568
1712240,39.0209148,-88.42812
1741580,37.9015787,-88.9114976
1724900,39.3118384,-87.8332568
1723920,40.4406597,-90.6093803
1714430,40.683962,-89.2284149
1708550,42.1169725,-88.3891977
1712930,41.5866276,-88.9206038
1705790,42.2637458,-88.8313535
1700122,39.7680987,-87.9026715
1721900,42.1992914,-88.0774569
1740920,40.9141741,-89.3233227
1710650,38.6849168,-89.9976291
1717280,38.7321841,-90.1163442
1730930,39.5762904,-89.5453883
1734320,39.7397952,-89.4969294
1700324,39.847443,-89.1968272
1709420,40.1308395,-88.2837376
1739120,39.9847907,-88.2418707
1700153,40.3572667,-90.1213513
1711400,40.4972364,-90.2555437
1710740,38.4474704,-90.2111999
1701403,39.4611598,-89.8001831
1701404,38.6208095,-89.0562486
1738130,39.5751113,-88.5775543
1742690,39.4389565,-88.5861905
1726760,39.4314546,-89.445923
1700123,39.7208914,-89.0367853
1737170,41.9369978,-88.3476143
1723640,38.6522133,-90.1643447
1725680,39.8357247,-90.5620939
1700102,38.9368206,-90.5847997
1700001,42.3020736,-90.2580864
1700310,42.0806855,-90.075478
1721680,41.5140306,-89.28126
1718840,41.0944507,-88.1085121
1735310,38.6362537,-89.1186456
1707200,40.8283712,-89.844853
1712700,40.8468509,-89.6731327
1723200,41.7977324,-88.0758978
1742180,41.849783,-88.1344606
1741690,41.7504155,-88.2114314
1700007,42.1286147,-89.7749071
1741980,41.8089005,-87.9722138
1718510,40.1989957,-90.1105693
1743962,40.4141655,-89.7861705
1700115,41.1407736,-89.4189948
1732960,41.2043412,-89.2464212
1706880,41.1692542,-89.6474827
1709930,41.8368268,-87.6824319
1714100,41.9222301,-87.8173393
1725000,37.209059,-88.6672205
1700015,37.2604065,-88.860925
1715400,38.6436583,-88.5546138
1710340,38.7010867,-88.3435646
1710530,41.3103089,-88.2995758
1700114,38.7915457,-88.8356468
1703510,39.0231727,-88.7390014
1737230,39.0480153,-88.8646339
1736180,41.2628988,-90.54618
1733930,41.604243,-90.2600057
1720490,42.3913432,-88.2609313
1713410,39.6566463,-89.3811956
1727300,39.9620694,-90.7503095
1741070,38.2806665,-90.1326315
1713710,42.0049332,-88.2432665
1713970,41.8980804,-87.9412073
1717580,38.2514424,-88.0485281
1713500,38.4194803,-88.0685354
1700217,37.9797483,-89.0780506
1730870,38.7697873,-89.1017353
1722130,38.7132614,-87.8291818
1722150,38.7440615,-87.6396992
1730480,38.9712058,-87.6111145
1734230,38.9738294,-87.7314446
1701395,41.207345,-90.8643785
1731770,41.6806911,-88.5362252
1718180,39.1981607,-90.6693025
1708610,39.285258,-90.4711694
1717670,39.3630531,-90.221551
1715750,39.666422,-90.0718983
1720430,39.0794967,-90.3825537
1722620,40.3441568,-88.7410673
1700321,40.9814652,-90.6310675
1718810,37.8265943,-89.0675661
1708640,37.7354417,-89.089217
1728560,39.2650696,-89.2925934
1738700,39.6010551,-89.2628908
1736640,39.5835983,-89.4380509
1730660,39.3675245,-89.5882505
1701413,40.7395234,-90.4232635
1703960,39.6755388,-88.2774386
1720790,39.5484694,-87.8963132
1706600,39.723571,-90.555355
1742240,39.4492681,-90.4390215
1742660,39.6041699,-90.4495793
1710830,39.8458245,-90.3797881
1736570,41.6342448,-88.7061746
1738460,42.005253,-88.6980739
1713320,38.6162038,-90.1054892
1724940,38.4927883,-89.7988778
1727960,38.3137345,-89.884613
1733300,38.1464338,-89.9691187
1739420,38.5474899,-89.6633646
1721300,42.0999817,-88.8740605
1700014,37.5526482,-88.9631656
1712480,37.3809789,-89.1469603
1718990,38.8234762,-89.666033
1701382,37.9099664,-88.7565527
1700110,42.3185095,-87.85919
1704470,39.9505739,-89.6854944
1739450,39.8352627,-89.4213003
1700105,39.861933,-90.0551532
1737080,39.7984062,-89.6546232
1700106,39.9590065,-87.9847632
1740320,39.84856,-88.158019
1718420,42.4156107,-88.6232761
1716680,39.1461056,-89.826661
1713290,38.7052685,-88.0985359
1708460,38.6294717,-89.2985642
1717730,38.8838075,-89.4780778
1719200,39.1401176,-89.4610738
1727450,38.9104401,-89.2942714
1724870,39.3638935,-87.6659459
1707830,42.0154285,-88.4837692
1712000,41.9142773,-88.7938478
1716410,42.1072087,-88.6922802
1724480,41.866988,-88.5092225
1741190,42.2825868,-88.166604
1730750,39.6065857,-87.6968033
1738070,41.0543481,-88.8244665
1717790,39.7452635,-90.7708156
1730990,39.8167992,-91.2402884
1708220,40.0484524,-91.0401828
1733000,39.9443766,-91.365317
1700223,39.5855376,-88.782312
1703990,39.975833,-88.8357393
1704440,40.2055014,-90.3113831
1701422,38.3302177,-89.0490857
1725050,39.5053706,-88.3716337
1709600,39.4908001,-88.151179
1700002,39.3063433,-87.993897
1734990,42.3611365,-88.0939096
1741250,42.3798057,-87.8481696
1734140,40.831047,-89.1686181
1728620,40.5436969,-88.9755962
1700320,40.7274313,-90.6569354
1732280,37.4171687,-88.5423737
1738490,40.3523551,-90.3715081
1700092,39.9476395,-87.6148392
1713370,39.7965343,-87.6459638
1730780,39.5998877,-87.6597559
1701416,40.660665,-87.6497853
1708280,40.5423801,-90.0125944
1743960,41.6170861,-88.432275
1720170,40.7820582,-87.7263178
1712510,40.8980635,-87.6411496
1700323,40.7650181,-87.8342462
1703300,42.4524563,-88.4459257
1736610,40.2419179,-90.9782855
1727780,40.5580307,-91.2589823
1717700,40.0761707,-89.7092888
1727610,37.734292,-89.3746805
1712330,41.843598,-89.4805413
1712030,40.1168008,-88.7036353
1709100,39.5611417,-89.0021496
1727840,39.2959784,-88.4256106
1733090,39.1471408,-89.1312216
1729420,38.9917824,-87.8936511
1707650,40.52012,-88.0870033
1724060,40.1652925,-88.3936788
1726550,40.0369912,-88.5472896
1739600,39.816814,-88.3013553
1711100,37.6965408,-88.758837
1731500,39.123966,-90.1072809
1730540,39.4235846,-90.0310718
1727180,39.0586757,-89.6950112
1723250,39.1725357,-89.6409763
1731890,39.4271685,-90.878813
1731710,39.5544798,-90.7766208
1713590,37.2057658,-89.3398145
1726970,37.166798,-89.184124
1706480,40.4774446,-88.9732354
1805700,39.1260014,-84.8769927
1811190,39.2502234,-84.9691529
1805880,40.1561119,-85.2670793
1807410,38.3180811,-85.9118469
1801230,38.8196916,-86.2262454
1804140,39.564348,-86.4941281
1801050,38.9019798,-86.1176747
1812060,38.8121474,-85.8438739
1810080,38.9557447,-85.9230325
1800720,40.6950849,-85.1468568
1810770,40.6323799,-85.2688901
1806630,39.130564,-85.1483984
1803990,39.6574711,-86.9194703
1810500,39.5756618,-86.8326655
1810470,40.8065653,-87.4107782
1804260,40.1542826,-85.9911277
1813080,40.0500755,-86.1670472
1809300,41.6352968,-85.1867632
1807710,38.81008,-87.0613809
1812450,38.6240637,-87.1549932
1800480,40.5554972,-87.2940728
1805400,40.4108906,-86.8633508
1812870,40.4432272,-86.9069508
1813230,41.1325363,-85.6799661
1807680,40.8715725,-84.9262594
1800690,38.3367471,-86.1494407
1803720,38.2337253,-86.0075419
1804770,39.7930964,-86.1360915
1812810,39.7614881,-86.2746698
1806090,40.6589088,-86.0521524
1808850,40.7847904,-86.0443954
1807900,40.1361005,-86.8938161
1801740,38.1037973,-86.6277202
1810590,39.7202597,-87.45124
1812990,40.0619394,-86.568558
1812180,40.7920664,-85.8000835
1800960,39.1951131,-86.2301209
1800570,40.4726717,-85.3237297
1807080,40.2141256,-85.1555126
1804050,39.8486124,-85.760487
1802700,40.6016627,-86.605966
1808760,41.615165,-86.1282664
1807560,41.6832109,-86.5547513
1812120,38.6719083,-87.515624
1807830,38.8279534,-87.3570915
1810410,38.590418,-87.4624132
1803030,40.5319517,-85.5178144
1806240,40.3866817,-85.7145696
1808340,40.5791243,-85.8094908
1803940,38.477072,-85.6201028
1801920,38.2989494,-85.762362
1803780,41.7327222,-84.9464881
1806840,41.6632698,-86.1608178
1810290,41.6631416,-86.3130754
1802160,40.2635565,-86.6048899
1803660,40.304406,-86.5105238
1810260,40.6291842,-84.9409201
1800060,40.7528282,-84.9291727
1800118,39.825608,-87.1808141
1800390,39.3185711,-85.2277693
1804800,39.1700736,-85.304062
1802220,39.4657293,-86.803759
1810950,39.2900766,-86.8414148
1806390,40.5467502,-85.6533726
1806870,40.4834793,-85.6171751
1802440,38.2894327,-86.4408711
1800420,41.6415429,-86.0286195
1803480,41.5013794,-85.7291207
1800030,41.0063449,-85.2718804
1808490,38.6421106,-86.4485719
1807770,38.4005437,-87.5722537
1810350,38.260261,-87.6861182
1809720,40.4128322,-86.5764257
1810360,38.1223011,-86.1011329
1803150,40.4907766,-85.9324932
1811250,40.4350968,-86.0521036
1805340,41.2775323,-86.595699
1800630,39.1403228,-86.5003502
1809480,39.2592202,-86.629867
1809750,39.6075909,-85.4539518
1803930,41.5658645,-85.8319585
1806600,41.6772003,-85.7601741
1808940,40.8303071,-86.4921691
1802460,40.0317057,-86.9154788
1807020,40.1153372,-85.3877699
1809840,40.1050151,-85.509861
1802970,41.4177077,-85.2762479
1812900,41.4308679,-85.569557
1801890,39.583798,-86.0305988
1803240,39.392422,-85.9770386
1804110,39.6167707,-86.1139317
1806900,38.7472021,-86.5181349
1800212,38.4981339,-85.8495171
1804500,40.2966004,-85.5088058
1807230,40.1818915,-85.5081553
1800107,41.342774,-86.8423155
1804170,41.5321256,-87.4292735
1807290,37.9417654,-87.9036257
1807950,38.1354487,-87.8309079
1810640,38.2840456,-86.8069779
1800008,39.0262822,-87.0648079
1800600,39.0269816,-86.8930089
1810110,39.182641,-87.1872042
1808190,39.9491233,-84.9320719
1800330,38.6351071,-86.9899801
1806510,39.438559,-86.4396783
1807140,39.5833441,-86.3278337
1803810,40.6348308,-86.8857148
1803330,39.517821,-86.6086111
1803060,41.3783768,-84.8791895
1810530,39.019509,-85.2914857
1808220,40.8186133,-85.1974498
1810170,38.6971465,-86.7654688
1811400,40.271135,-86.0439648
1808040,40.3693007,-86.0642036
1808250,41.198326,-85.2255496
1803510,39.6396544,-85.1850337
1803630,41.0678911,-85.1418582
1802850,41.0849182,-84.9397987
1805190,38.9962289,-85.628103
1808130,40.8364773,-86.8453331
1801710,41.3578995,-85.4498806
1806480,40.1406145,-86.2376873
1801200,39.9654794,-86.1483688
1807440,39.9171246,-85.3524713
1800660,40.0072369,-85.3181733
1810860,39.0478988,-87.4545691
1803870,41.5958919,-87.3417025
1804350,41.391104,-87.4787303
1804560,41.5466221,-87.4576162
1804590,41.5288988,-87.2687662
1804620,41.56105,-87.2767232
1808640,38.4814041,-86.4042424
1806080,40.334299,-87.3491772
1811430,40.7277029,-87.0826
1807920,41.0425613,-87.4018179
1801020,39.8613838,-86.381303
1802550,39.7751626,-86.5688769
1808970,39.6758341,-86.3831843
1802640,39.6786555,-86.2754512
1805670,39.8803558,-86.0104666
1808910,39.8782716,-86.2669563
1812720,39.885363,-86.1441502
1812360,39.7692952,-86.0100789
1803750,39.6773296,-86.0107899
1808820,39.6742165,-86.1526461
1803570,39.3004477,-85.7897818
1800360,39.1657361,-85.9027552
1806570,41.6899266,-86.858815
1809150,41.576715,-87.1738369
1809180,41.3866114,-87.1394811
1811700,41.4742233,-87.1764637
1811970,41.4759657,-87.074168
1802940,38.2958442,-87.4046285
1809420,40.950274,-87.1309452
1807110,41.0244661,-86.5988063
1802280,41.1379319,-85.4716472
1813110,41.6372779,-85.5511804
1812090,39.430874,-87.3909894
1805450,41.4781248,-87.4616638
1805460,41.5510712,-87.3854897
1807350,41.54691,-87.5045891
1809690,41.478941,-87.3066829
1813200,41.6729363,-87.4839336
1808900,38.3979613,-87.2325472
1801440,39.5762986,-86.1944332
1803690,39.4818333,-86.0998833
1803960,38.416539,-86.987139
1810870,38.274258,-86.9869612
1808120,38.4380444,-86.7958103
1811220,38.8258545,-85.029681
1800120,40.2667016,-85.6584295
1808010,38.0702441,-86.9555829
1800840,39.4381596,-87.0993787
1807620,39.3849055,-86.2127111
1810680,40.6706771,-86.2691953
1807650,40.0535128,-86.021709
1810650,39.9983501,-85.9394182
1807980,39.7798445,-86.8494378
1803270,41.7221,-85.9304069
1807800,41.2059814,-86.7828612
1809360,41.0221295,-86.8641969
1810560,37.9032159,-87.1180085
1810710,39.7349065,-85.8515314
1808310,39.6056243,-85.8844504
1809600,38.940527,-84.9642994
1805550,41.3691485,-85.7709116
1812420,41.2204696,-85.8617223
1811370,41.1220774,-86.0285931
1812240,41.489393,-85.9712045
1805580,41.5533603,-86.6722619
1802660,40.3119754,-85.3251318
1807320,40.1915305,-85.386007
1807260,39.8614172,-85.8825467
1803120,39.8268972,-85.6594316
1803450,38.0200703,-87.5861659
1812880,40.1568832,-85.7763291
1800150,40.1276816,-85.6488683
1800210,40.2702136,-87.2194815
1810440,39.9942647,-85.710823
1807890,40.9026614,-86.06516
1810450,39.9452179,-86.8931402
1808100,39.8753539,-86.5550946
1899997,39.3960143,-86.0581156
1804320,41.6187358,-87.4949488
1802490,41.3921185,-87.3235672
1802910,41.5767347,-87.2528784
1810230,41.2687618,-85.37056
1805520,41.6710316,-85.3749799
1802130,40.3052307,-86.3537093
1804470,40.4354804,-86.2531105
1802040,40.5207329,-86.2056789
1800900,41.4282968,-86.1301833
1809060,41.3240703,-86.3253162
1802520,41.1750575,-86.4597959
1800180,41.2216451,-86.2458034
1805370,40.4833509,-86.1363911
1811610,39.6152589,-84.9145998
1811100,41.6224288,-84.9625745
1809810,38.6839726,-86.0848954
1812930,38.5558147,-86.240886
1810920,39.7936983,-86.2475418
1800450,39.7158093,-86.0866468
1800270,39.7607134,-86.3941455
1806660,39.662836,-86.5726982
1803700,39.4289698,-85.031447
1802430,40.0903542,-87.382618
1810620,40.0914877,-87.1937125
1804710,40.8263938,-85.4785975
1806030,40.7537328,-86.3777566
1806060,38.7220343,-86.87294
1808160,39.2210895,-87.2909975
1801770,40.2145899,-85.0085554
1803180,40.2133203,-84.8554602
1810740,40.0576102,-84.9209718
1801590,41.4178603,-85.0709854
1803840,41.3254261,-85.1357279
1804230,41.5376227,-84.8908272
1803090,39.0371908,-86.7528498
1805910,39.0390859,-87.1889746
1810020,38.6592216,-85.7371891
1812390,38.0977282,-87.2720486
1801290,40.5396816,-86.4632234
1803300,40.2756022,-85.8318119
1811260,37.960968,-86.7152274
1801170,37.9081523,-86.733243
1805790,40.0209021,-86.4328689
1800750,41.310715,-87.1515421
1802800,41.5877393,-87.0391475
1809000,41.3684856,-86.9962174
1801060,39.8135495,-85.5441384
1807380,39.925427,-85.12664
1808280,39.9970961,-85.4882744
1810380,39.8198297,-85.3479151
1811730,40.0552625,-85.1552238
1808070,39.9621791,-87.4697378
1800240,39.0842285,-85.0288855
1806120,38.8223292,-85.3941911
1810800,38.703909,-85.5130536
1809120,41.4820353,-86.4403114
1811490,41.2801355,-86.0990519
1811910,41.475794,-86.2762496
1802830,39.9966334,-86.2912292
1806270,40.9794042,-85.7889259
1812150,40.7982051,-85.825196
1804980,40.434956,-85.0023313
1804080,39.3176697,-85.4670067
1802610,39.2057127,-85.5893656
1810140,39.5385925,-85.7704135
1803210,39.5415308,-85.6973116
1810830,39.4294744,-85.8652664
1800213,38.3995053,-85.774266
1811580,40.7456488,-86.6923485
1809990,38.7623081,-85.7811539
1805280,41.1663188,-87.1133452
1802880,41.6481303,-87.4528847
1811460,41.2674829,-87.3819539
1809510,39.81065,-84.8758147
1803000,38.5387606,-85.9943433
1801410,40.9204453,-86.2897364
1810980,38.5352174,-86.6202325
1807860,38.8866221,-86.4748133
1802190,41.4559662,-86.8008144
1807470,41.5592453,-86.8723126
1810900,39.6786242,-87.3293468
1808460,41.3863866,-86.5831002
1809630,41.0777746,-86.2713462
1811340,40.3047647,-86.9849353
1801560,39.7979152,-84.9987996
1813050,39.7722134,-85.1295787
1802400,41.6432653,-85.9340818
1913660,43.2167017,-95.5381335
1908730,43.3663285,-91.7729367
1907980,41.3112006,-91.3864236
1920130,41.459411,-91.0526058
1929010,41.5056648,-93.9147942
1925200,43.4067258,-92.9352771
1900024,42.3357021,-94.7009617
1903930,41.4014731,-95.0141524
1916680,41.209185,-95.8037778
1910950,43.1007742,-94.6466397
1931860,41.3157468,-94.0100404
1906540,42.0182536,-91.7239179
1927060,42.0706678,-91.4546045
1918840,43.0046824,-96.0245376
1999019,42.3022415,-94.2183996
1917250,41.8953471,-91.3533725
1930750,41.6914014,-91.3184331
1931800,41.5919639,-91.0505999
1911250,41.5836722,-94.9357435
1922380,42.158798,-94.4068232
1922530,41.8193148,-94.1378187
1903540,42.0120491,-93.6166172
1920250,42.030543,-93.4882644
1928560,42.0191465,-93.7794907
1904200,41.9008487,-93.6220658
1900060,42.1003023,-92.7376038
1907470,43.1053984,-95.2774081
1926910,43.1232608,-95.102612
1905790,40.7980331,-91.1605961
1908550,40.8605649,-91.3004057
1929730,41.1516751,-91.1291809
1920760,43.2346356,-93.1514104
1924960,43.039568,-92.929519
1908940,42.6522619,-92.3208979
1909540,42.5629,-92.1899566
1929310,42.1663918,-92.0173753
1927270,42.6761178,-91.6162719
1930870,42.7918062,-91.9106833
1920100,41.0121112,-93.9470334
1903750,42.5898634,-92.8343861
1903060,42.5209307,-93.0171769
1913470,42.7510027,-93.1177948
1906810,41.8473073,-90.539148
1905070,41.7478866,-93.4117719
1922110,41.006081,-92.4336352
1906240,40.9488707,-92.2471394
1929490,41.1502025,-91.5906614
1911790,43.2591727,-93.6857778
1916110,43.4137345,-93.5222927
1904860,41.5535314,-90.5051959
1923110,41.6011544,-90.4146956
1905190,43.1980069,-96.086657
1931020,43.3793692,-96.4194647
1926370,43.0769758,-96.2048361
1913440,40.6305434,-95.6401587
1912120,40.8560849,-95.680528
1920040,41.9340943,-91.4615261
1920820,42.2892327,-91.6419676
1906780,42.1984902,-91.4885906
1926280,41.3154846,-92.2286196
1926070,40.7352117,-95.375918
1926670,40.6328528,-95.1132608
1929280,40.972266,-94.9533786
1924660,43.1952534,-96.3567959
1907900,41.887125,-93.3634423
1907920,42.1149728,-93.3193472
1920910,41.8115136,-93.6208157
1931080,42.0249803,-93.1345297
1900023,42.9022669,-95.170338
1918540,42.4094625,-91.3007216
1910690,42.3317333,-93.1348995
1914730,42.5311121,-93.2490249
1915750,42.5869118,-95.9485207
1916530,42.8050448,-96.2269778
1918630,42.7715179,-95.7507157
1924120,42.7726438,-95.987026
1926400,42.5189864,-96.3897089
1931290,42.9931517,-96.3963611
1903360,43.0765468,-94.1378186
1918510,42.1366632,-90.7444355
1927390,42.6269703,-95.1724797
1925320,41.6639829,-93.605958
1928680,41.6348284,-93.7602267
1900031,42.7560967,-95.0227882
1900032,42.5259252,-93.4028478
1926730,41.9669911,-92.5507942
1919590,41.5891088,-92.5149717
1906930,40.5936952,-91.5490845
1919740,40.8497987,-93.5509526
1909480,42.4759518,-90.7264115
1904650,42.2439248,-90.4688167
1903090,41.5121333,-94.5953688
1903960,41.7456949,-94.9089115
1927500,41.5220538,-94.3098132
1924000,41.0226696,-95.2750084
1913230,41.2059529,-95.1099167
1918030,41.5879149,-92.8209178
1921870,41.2943338,-92.6264335
1921210,43.4231504,-93.234168
1908220,41.3228675,-95.8685804
1928230,41.3646459,-95.7118673
1900027,41.2817276,-95.4080869
1930990,41.5434314,-91.2661592
1917100,41.8808381,-91.1091025
1927870,41.7659595,-91.1650947
1904740,41.730729,-90.9276064
1909600,41.6051025,-90.8794785
1919200,42.0395119,-90.941466
1903390,43.2848743,-91.4194828
1930780,40.8239859,-91.1646448
1911850,40.7179558,-91.3859552
1919890,40.9454331,-91.593681
1931830,41.1214634,-91.4172413
1930240,41.2653796,-91.7417618
1905130,42.0908653,-93.9099878
1926640,42.2890433,-93.6887345
1921660,42.015476,-94.037838
1907410,41.0245973,-93.7310823
1905750,43.3929445,-93.9021374
1920830,43.3925104,-94.2361226
1928200,42.8550929,-94.2592606
1925980,43.1897789,-95.8247744
1912480,43.3670508,-95.9692819
1900025,41.7414866,-94.3382121
1918180,41.8706423,-93.801532
1903150,41.6453645,-94.0467068
1920460,40.9229606,-91.4052088
1912750,42.0592697,-94.6992622
1915210,42.0044544,-94.3627987
1918930,40.9786986,-91.1374034
1921720,42.0176415,-91.1486717
1919710,40.8820163,-92.8405901
1903270,41.0332888,-92.9266677
1906750,40.7066418,-92.912272
1920340,43.1182269,-92.342959
1907170,42.7920841,-95.5554406
1930630,42.4672454,-93.7520684
1914580,42.4339846,-91.8979108
1925590,42.3801263,-96.3161112
1931950,42.4231562,-96.0452112
1914640,41.3573613,-93.5671294
1921240,41.4719147,-93.7003775
1908520,41.6954569,-93.9211783
1930930,41.5669593,-93.7532974
1932010,41.8279049,-93.8976269
1912330,43.1195167,-93.5675686
1918240,41.0266349,-95.5081505
1920850,41.4450075,-92.6125964
1904950,41.1170618,-92.5957843
1907050,41.0501145,-93.3129736
1930560,40.7322516,-93.3734797
1904560,40.674229,-94.6956193
1910980,41.5129071,-92.1196682
1922440,41.1699331,-92.1696048
1915660,41.3422378,-91.9570927
1900006,42.9546458,-91.7593231
1926790,43.1741343,-91.8556068
1928110,43.095134,-92.0423791
1906960,43.4006956,-96.1657739
1903850,43.3057492,-94.472558
1915450,41.6997298,-93.7343114
1900040,41.915823,-92.8510332
1911070,43.4067776,-94.7581559
1908130,41.009059,-94.7687839
1919860,40.7218285,-94.2306655
1905970,42.7818162,-93.3898591
1931680,41.6480491,-91.9741467
1914010,41.3986438,-91.5541199
1907590,41.729391,-91.7776045
1926580,41.8002107,-91.4925299
1914280,43.3627106,-92.180184
1923340,43.1103941,-91.5602547
1910050,41.4623495,-94.1370123
1923190,42.7105004,-94.6486502
1930720,42.9695976,-94.5416903
1903450,42.8292728,-92.8199309
1919440,41.5319909,-95.9090555
1931110,41.9779445,-96.0410237
1919800,40.7130715,-92.7222719
1925620,40.6922297,-93.1305869
1907380,42.7093886,-93.7032313
1909990,42.6358241,-93.9352766
1926820,41.5901199,-93.4112595
1923160,41.3909717,-93.2763198
1906510,42.5388904,-92.4840208
1930480,42.4619135,-92.3218333
1928050,42.822023,-92.2830274
1907110,42.0304158,-95.6616602
1900021,43.3216958,-95.1761205
1924150,43.3797481,-92.529965
1914850,41.7864703,-92.11992
1904830,41.9672422,-92.0497593
1919140,41.4694149,-91.7789132
1928020,41.457357,-92.3312759
1907440,42.7992319,-92.6704368
1907080,43.0915961,-92.665924
1927600,42.8945397,-92.1311945
1931620,42.1270573,-96.1599897
1916140,43.4227843,-95.3483603
1900015,43.3966244,-95.6728129
1908070,41.8611007,-94.6388148
1913320,41.6825013,-94.5787721
1912510,42.1017475,-93.6555707
1924870,42.1806521,-93.5877475
1925920,42.944013,-93.256357
1930900,42.482711,-91.4783341
1931350,42.419542,-90.9818296
1916440,42.4751944,-96.2068654
1931470,42.2499303,-96.164218
1915840,41.3047038,-93.0957905
1904080,41.4770934,-95.3390435
1931920,41.761721,-95.7191269
1930960,41.7640828,-95.9623809
1927990,41.5022952,-95.650281
1917460,41.652105,-95.7900303
1913500,41.6959503,-95.3723424
1904380,41.8280714,-93.1511746
1920610,41.7214435,-93.0197129
1900009,41.7246818,-93.2560863
1913200,41.7526659,-92.7155214
1910410,43.3738859,-91.2614763
1918120,43.0306403,-91.320186
1917550,41.5143327,-91.4359494
1917820,41.3129928,-91.2176996
1908580,41.546266,-90.6936306
1920940,41.689315,-90.5571007
1925050,43.1050936,-94.8830031
1904620,41.9032183,-92.2825976
1905490,41.7323276,-92.452721
1918960,41.2267291,-93.261788
1912810,43.2724995,-94.8714767
1916420,42.8774656,-94.8803578
1907620,43.1298807,-93.3473582
1918780,43.1454659,-93.2029375
1903480,42.7126419,-95.3773629
1922470,41.4183807,-92.9031437
1928170,41.215034,-92.9282263
1918720,42.0303951,-92.9651191
1914880,41.8362373,-95.1614796
1910350,41.0251761,-94.1463786
1916620,40.8633481,-94.5629454
1909570,41.8790525,-95.5894924
1906060,41.7952062,-90.3107554
1907710,41.8695068,-90.1995683
1911040,40.8533108,-95.2425934
1927240,40.9795588,-95.0970516
1916320,40.6454737,-93.9484404
1906900,40.7342817,-93.7992598
1908610,40.7462312,-92.4044342
1928980,40.7420778,-91.9344993
1907350,40.7584501,-95.0088281
1913380,41.7255041,-92.2670315
1909060,40.8214907,-94.3496753
1910110,42.4595347,-91.7127026
1915330,42.4617674,-92.0605221
1921630,42.6505702,-91.8720513
1930510,41.5921673,-93.8547548
1910500,42.6524503,-91.3217996
1900022,42.2399548,-92.2498054
1929760,42.6626316,-92.1088838
1930540,42.7227489,-92.5226753
1914340,42.3920325,-92.4467826
1915180,42.6354421,-92.4432578
1912230,42.4946184,-95.5005102
1925380,42.4860188,-95.1986586
1925410,42.1725523,-95.4934873
1913350,42.8046218,-91.1643607
1905940,41.3295056,-94.7976669
1903630,42.1836754,-90.6170627
1908910,42.0334001,-95.3577673
1907860,41.8854152,-91.7144269
1914700,41.6474703,-91.5611275
1911340,41.0126509,-91.9309703
1927000,43.4387648,-95.0682659
1914310,42.3177103,-93.3758224
1904440,42.2313218,-92.962782
1913290,42.3688412,-92.80683
1909120,42.5061013,-92.6427815
1906660,42.2062875,-91.8137136
1903300,42.1570187,-91.6586308
1917220,42.0654154,-91.5608529
1918690,42.0286264,-91.5992389
1903220,42.7718926,-96.4975269
1914160,42.6303852,-96.3000977
1927960,41.2283217,-95.6271888
1921000,42.149042,-92.4607943
1919770,41.1034908,-91.266285
1926250,40.7476182,-95.6712119
1908880,41.9821992,-90.6688608
1910130,42.0806599,-90.3249868
1921090,41.9394803,-90.3769524
1906000,41.8197621,-90.7840395
1913110,41.3093524,-94.4901566
1921810,41.1970559,-94.3533306
1906840,42.8304452,-91.4523754
1915630,40.4319395,-91.4446121
1903690,41.7352157,-93.6111934
1999017,41.5452851,-93.1637607
1921600,42.3200222,-95.409749
1904680,42.8923122,-93.6082337
1905430,43.0302239,-93.8183101
1903780,42.0828465,-95.1376646
1929580,42.3212277,-95.0263912
1908310,41.0511329,-94.4406932
1914370,42.769721,-94.1460065
1918330,42.5360667,-94.4168639
1912600,42.7248923,-94.4132475
1911820,42.5230762,-94.1191503
1927480,42.2731218,-93.9178037
1910340,42.5340123,-95.7145803
1918480,42.2373642,-95.8442943
1903570,42.0987177,-91.2929109
1919650,42.2249204,-91.1955308
1906330,42.0565078,-94.8890713
1914670,41.2185576,-93.7766015
1908970,41.5716593,-93.6187644
1926850,41.2400508,-93.435135
1906270,41.4750555,-93.4672689
1918750,41.375691,-93.7585395
1920190,42.9296223,-92.5065741
1921840,43.2768775,-92.7815299
1920580,42.6111117,-94.9250506
1900026,43.0048984,-95.6189332
1912690,41.0579533,-95.7465888
1912660,42.2731225,-92.6399879
2000001,38.7181723,-97.4927796
2009900,37.4067601,-95.6832649
2010410,38.7899912,-95.6216525
2012870,38.6836519,-95.1042959
2000014,38.4689727,-95.2048588
2009480,38.510617,-95.6104946
2000015,38.5927673,-95.2559336
2012810,38.3729327,-95.7227218
2010560,37.3488973,-95.180827
2006090,38.9186021,-95.097611
2012180,38.9634659,-95.5693344
2010320,39.1996052,-95.3588915
2003450,37.0710869,-97.0220369
2004380,37.0769318,-97.626852
2012390,37.3976695,-97.0500403
2003430,37.2501784,-97.7338237
2011790,37.0728766,-97.3484596
2006840,37.9774668,-97.5099513
2012330,39.7599439,-95.0887534
2004290,38.2234063,-95.761584
2000007,39.7929697,-98.7238388
2004470,39.4437074,-98.4435229
2011040,39.4710126,-100.7249377
2003960,39.0090733,-97.7147285
2012260,39.0378304,-95.6881789
2008670,38.0921013,-95.7534264
2009090,38.0794612,-96.1233141
2004170,37.6137805,-95.6250078
2007560,37.1597999,-101.3461163
2005460,37.5791406,-97.2532164
2009140,37.7590842,-97.4544821
2004920,37.5110554,-97.4919829
2009840,37.477329,-97.2433359
2010680,39.16173,-94.8524535
2004050,39.070772,-94.8569548
2012360,39.0631098,-94.7211709
2011490,39.1477982,-95.6820904
2004230,37.3628186,-96.6922449
2000346,39.8052422,-99.0787332
2000028,39.8635389,-97.1555451
2000029,39.8101584,-98.2362812
2003810,37.0333345,-94.7809611
2000023,39.7860167,-100.9837026
2013110,37.8941371,-95.7107617
2004710,37.352854,-94.9541673
2010350,37.2264502,-95.105606
2011310,38.8500734,-98.8238871
2006720,37.5661193,-99.386164
2006990,37.5634246,-99.0956972
2008550,37.6297143,-96.7061924
2003630,37.6341764,-97.0076071
2011550,37.9281206,-97.4165018
2003360,37.7032171,-97.1282765
2011250,37.572716,-97.1249181
2007050,37.5850013,-97.3823441
2006540,37.6428849,-97.5388361
2008070,37.5533993,-98.0401714
2007170,38.131005,-97.3961553
2010590,38.1371064,-96.9961749
2006480,37.5628954,-94.9147619
2004590,37.6547228,-95.4288642
2003270,39.9090853,-99.6328281
2010020,39.7335283,-99.9739471
2011970,37.9686382,-98.5703025
2007800,38.1028798,-99.9076441
2006630,38.9797691,-100.4978171
2005870,38.7236808,-98.1723279
2007290,38.423705,-97.2464869
2009240,38.3006562,-96.9769264
2000353,39.8421675,-96.0785445
2011700,39.1419668,-95.8403898
2006930,38.2850606,-96.1105589
2005940,38.3999045,-96.2197897
2008430,39.3006755,-94.9338316
2011400,37.496815,-101.0258989
2000006,39.8665026,-95.5417429
2008310,37.9190925,-98.3164397
2006210,37.3496347,-100.1916453
2011820,37.833334,-99.7314892
2011760,38.9360554,-97.3998195
2007710,38.2371344,-97.8039547
2011910,38.0502021,-98.7199166
2010230,38.6152298,-95.8479611
2003200,38.9480505,-95.7898248
2004260,38.7611975,-95.8473036
2009000,38.6274713,-95.6805924
2008220,38.5302079,-99.444648
2010740,39.1963406,-99.2610362
2005850,38.925262,-99.5708403
2004020,38.515093,-99.1155122
2008370,38.1797061,-99.1268629
2008940,38.5344376,-96.9776718
2006180,37.8500723,-94.7236454
2011370,38.8607761,-97.6072599
2006690,38.4804041,-101.8059697
2008340,39.2396964,-94.924295
2006360,37.0880835,-94.6416485
2011130,37.0709447,-94.7167443
2007590,37.808608,-95.4083928
2004140,37.5313658,-99.6891501
2003510,37.1571129,-99.8185465
2009600,37.4355107,-99.96837
2005490,38.9623068,-94.9236486
2007890,39.0635171,-96.7555168
2008610,38.5069605,-101.3574327
2005730,37.926991,-96.8245012
2005550,38.4705008,-100.4416243
2011190,37.2170172,-101.6755553
2012000,38.8315108,-94.6727494
2006420,38.8039794,-94.9619911
2010140,38.901394,-94.8130015
2011640,38.9879704,-94.6936559
2011850,38.7600102,-94.81003
2008910,39.6624397,-99.5987554
2009930,38.4248676,-100.0437142
2010650,39.7733459,-99.3425883
2008280,37.9952276,-101.3678278
2005400,37.9992183,-101.1534576
2010290,39.4081912,-98.7878417
2012060,39.4456336,-99.2802698
2006580,39.3462772,-101.7738721
2004080,39.3743999,-101.3515674
2000020,38.5483917,-99.8219371
2007680,37.8565209,-100.548358
2008100,37.9091927,-99.4804939
2008700,37.864883,-99.2353005
2005700,39.5351637,-95.3417585
2012540,39.3434966,-95.4921147
2003540,39.5869038,-95.157365
2004830,39.5731847,-95.8173003
2005640,39.3532455,-95.071907
2008880,38.3852698,-97.9668262
2009990,38.1183376,-98.0726819
2004500,37.1406115,-96.4804606
2011520,37.1486594,-96.1684797
2003720,38.8042661,-95.2326696
2010800,38.5840498,-95.4272255
2000016,39.8813315,-96.5926037
2004790,39.7930385,-101.4384219
2011880,39.8034933,-101.8592818
2010710,37.3872805,-94.6803571
2012900,38.8623662,-101.9553595
2004440,38.41307,-97.4731266
2009390,38.3822327,-97.6793639
2005250,38.3124048,-96.5840196
2008970,38.5939962,-94.6797803
2010260,38.4807137,-94.9889359
2006450,38.2692924,-95.3127552
2010500,38.5904852,-94.8774796
2006240,37.9637035,-97.1067159
2009780,38.2255325,-97.5333583
2012510,37.8479206,-97.344795
2007950,39.1258773,-94.6952089
2007620,38.0610015,-97.9209117
2004410,37.0748971,-95.8841752
2005760,37.365141,-95.9797707
2007650,37.2336371,-95.7739927
2004980,37.084651,-95.6402008
2005370,37.535758,-98.3650434
2010890,37.6918589,-98.6517298
2007860,37.5633867,-101.7809568
2007750,38.1135491,-94.8847433
2000013,38.9470261,-101.249469
2011610,38.9297376,-101.7022121
2006120,37.7839887,-96.2689928
2006870,37.9730455,-96.2070746
2011220,37.9041858,-96.5999454
2006270,37.5782666,-95.898707
2004650,38.2967915,-98.3785881
2009030,38.3714537,-98.1567903
2012030,38.2096564,-98.2432941
2003870,39.4471706,-98.1000276
2012120,39.0817013,-98.4753762
2008790,39.0519128,-98.1124612
2003780,39.0823301,-94.9742914
2012210,39.1479016,-95.0771934
2008400,38.9329163,-95.2908903
2000012,39.8956217,-96.9046567
2010980,39.4747311,-96.7123798
2005790,37.1695579,-101.9198403
2006300,37.4632363,-94.6977639
2007350,37.9930747,-101.0021104
2004800,37.849079,-100.2731336
2007740,37.947412,-95.4043745
2008040,38.0887672,-95.2729373
2009660,37.8858214,-95.1763501
2012450,37.8398295,-94.9545428
2006390,38.0498075,-100.7399674
2005610,37.5267241,-96.9422899
2012990,37.6983664,-97.3092547
2004670,37.5965126,-97.7813852
2012300,37.8002936,-97.0289189
2007440,38.7507007,-96.951828
2005010,39.4048364,-101.0499028
2011430,37.6012952,-98.8399781
2000349,38.6438825,-98.4558749
2000350,39.9064057,-96.0052005
2000351,39.7879488,-94.9733667
2005070,37.1600528,-94.8561629
2009570,39.1980584,-97.6787603
2006510,39.3720117,-97.6386359
2005100,39.5459609,-97.6946474
2004950,39.5789503,-97.3421914
2005310,39.7651466,-97.8243416
2003480,37.5929734,-94.6814221
2000002,38.5878589,-97.7600968
2013050,37.2407027,-96.9588472
2010170,39.475901,-96.1736954
2009320,39.2963844,-95.7512737
2009510,39.1991704,-95.5451094
2007020,38.8666025,-99.3380608
2010470,39.2433031,-99.5384707
2012600,38.8487115,-99.1226664
2009850,39.1583173,-98.9456244
2004740,37.3287146,-95.5501887
2003300,37.1805532,-95.3468692
2010440,37.2246542,-97.2086749
2003900,37.3870327,-97.3093677
2012840,37.2605604,-97.4276573
2005130,37.3966087,-97.6305691
2007470,39.7039181,-95.5307509
2007380,39.4412046,-95.7152192
2007970,39.2382867,-96.0260997
2003210,38.5927986,-96.139215
2000030,39.8534413,-97.5995305
2000348,39.7987529,-95.2455442
2005040,37.1997544,-99.2839223
2013020,39.3553182,-95.2901939
2009360,39.169612,-95.2020525
2010620,39.0609077,-95.4136705
2007530,39.4155627,-100.3951528
2010080,39.8061242,-100.4677854
2012090,37.5403601,-100.8438939
2009450,37.3153703,-98.678786
2008730,37.1194229,-100.949582
2005580,37.7510817,-99.9985509
2004890,39.3292243,-97.1715934
2011280,38.2263142,-99.4346775
2009420,37.1891607,-100.3616786
2007260,39.328215,-99.9003138
2012630,38.9356239,-99.9007816
2000017,38.4885688,-100.909241
2006570,38.2538569,-97.3257535
2009960,38.0513146,-97.2923251
2006330,39.3596821,-94.9196467
2005800,38.8216389,-97.8363996
2006000,37.549949,-95.2866424
2004770,37.5206432,-95.1580535
2009720,37.2992555,-101.1681597
2005520,37.1201655,-96.680273
2007080,38.6718018,-100.5985324
2010950,38.9340369,-100.260518
2012420,37.5727331,-101.3211888
2004200,38.1084302,-97.7847965
2004350,37.9923687,-97.6553336
2006960,37.9300922,-97.8757373
2010920,37.7992492,-98.0187889
2011080,37.7242743,-97.6368063
2005190,37.5757204,-100.6428503
2012150,37.9952438,-101.7936887
2008130,37.0821696,-98.6365641
2003570,37.2458542,-98.2635829
2007500,37.465483,-96.2832009
2008250,38.351251,-94.8588507
2010770,38.2009622,-94.6840562
2005820,38.3282556,-98.5823359
2007320,38.5720145,-98.8216685
2006060,38.8625286,-96.0474248
2003240,38.9963966,-96.2514445
2007110,38.685457,-96.9146936
2005280,38.6989226,-96.5380166
2006660,38.3539358,-98.8208691
2009060,37.9785081,-98.9586875
2000003,39.2204382,-96.2941724
2003390,37.1724295,-98.0301725
2009630,37.5832938,-100.4401232
2006780,39.0843211,-100.6753585
2010050,39.0035972,-100.9152559
2003180,38.9336672,-97.2397766
2004620,38.9292773,-97.1086267
2004560,39.6749568,-96.2632681
2011100,39.2882969,-96.8025269
2012780,39.6668024,-96.688349
2009180,39.1483998,-96.5488476
2000004,39.3646292,-96.4319809
2008190,37.2110325,-100.6621086
2100030,37.1055589,-85.2813796
2100070,36.7507703,-86.192458
2100078,36.6774829,-87.7356526
2100780,37.7479434,-84.7512153
2101020,38.3140935,-83.0389885
2101230,37.1642726,-83.7154535
2101380,37.3581494,-88.1050103
2103690,37.0239759,-88.0833909
2106000,38.0431027,-84.7488546
2100079,37.9058675,-85.8884215
2100750,37.9779351,-85.6681043
2100081,37.2138159,-87.1340919
2100120,38.0053963,-84.9864171
2100150,38.4540925,-82.6470197
2100180,38.7564485,-84.0038955
2103630,39.0887486,-84.548476
2100210,37.0513234,-89.0103673
2100240,36.8684229,-83.8913344
2104530,38.4001274,-85.4561499
2100270,37.8193561,-85.4670523
2102990,38.1879298,-85.6663313
2104410,37.7445425,-85.4483032
2100300,36.9628048,-85.9321078
2100330,38.1522485,-83.7376405
2100960,36.85718,-88.976614
2100360,39.0455456,-84.5561537
2101740,39.0185911,-84.5999036
2103090,38.9226358,-84.5317706
2100390,36.732392,-83.6724165
2104170,36.6134679,-83.7224531
2100420,39.1027256,-84.4795177
2102040,39.0824365,-84.4571127
2100480,37.57637,-84.2964937
2100510,38.9815957,-84.7454071
2105700,38.8385067,-84.6524262
2100540,38.2025623,-84.2098602
2102130,38.7556634,-84.8651432
2103030,37.8732908,-84.5839603
2104620,37.4236223,-83.691637
2100570,36.9832508,-86.4454751
2105260,38.2857099,-84.5783405
2105730,36.9821591,-86.3931628
2100620,38.3481511,-82.6935592
2100630,37.6181043,-84.8683523
2101440,37.6437867,-84.7680248
2100660,38.6803649,-84.1152351
2100690,37.5178069,-83.3171582
2100720,37.777988,-86.4329188
2104680,37.8138829,-82.8118771
2100810,37.2070133,-86.6824707
2100840,37.1486421,-87.8705095
2100870,36.6209783,-88.2740857
2104380,36.6022336,-88.3140508
2100900,38.934437,-84.3767152
2104440,39.0864209,-84.4861918
2100930,37.3392381,-85.3455499
2100990,38.6683939,-85.1240238
2101050,37.3219623,-84.9282195
2101110,37.155084,-85.9250937
2101150,36.9140677,-87.5029872
2101200,37.9703141,-84.1451152
2101260,36.7272577,-85.1360977
2101290,37.8312247,-86.6270849
2101320,36.9364273,-84.1412528
2105880,36.7889684,-84.1091436
2101350,39.0688722,-84.5151164
2101410,36.7823717,-85.3884841
2101470,37.7304774,-87.0843569
2101760,37.6924493,-83.9639825
2101860,38.0406777,-84.4582721
2102160,37.6301619,-84.5458557
2102640,37.3058265,-85.8784426
2101500,37.1742404,-87.6885983
2103990,36.7311363,-84.4910515
2101530,39.1123447,-84.4709143
2101620,37.2275136,-86.2180153
2101650,37.6963994,-85.8589521
2101680,38.1168826,-83.096116
2101710,38.3729347,-85.192995
2101800,38.4823212,-82.6739675
2101920,38.3678475,-83.6992045
2101950,37.552456,-82.7397239
2101980,38.2002579,-84.8732917
2199997,36.5384385,-89.5125501
2102010,38.234919,-84.8687863
2104740,38.6962841,-84.3519435
2102070,36.5165528,-88.874289
2102100,36.5556636,-89.1548418
2102220,36.9952362,-85.9173473
2102250,38.649167,-84.6259245
2102520,36.8455513,-83.3200081
2102540,36.8592233,-83.2214968
2102280,36.6100583,-88.7396146
2102300,37.4585771,-86.3440114
2102340,37.2780653,-85.5379248
2102400,38.5407973,-82.9425174
2104980,38.5420027,-82.737551
2105130,38.5081461,-82.7128995
2105760,37.7542085,-85.1754162
2102460,37.8433252,-86.7927612
2102490,37.6705045,-85.9837571
2102580,38.4445776,-84.3341313
2102670,37.2486967,-83.1832647
2103750,37.698983,-83.069721
2102710,37.7925421,-87.5725767
2102760,38.4513829,-85.1196472
2102790,36.675896,-88.9720844
2102860,37.3110702,-87.5421956
2103330,37.0878462,-83.3886172
2102910,37.5493043,-83.3805234
2102940,37.4034585,-84.0205757
2103000,37.2019923,-82.6404423
2103060,37.8477561,-82.8301215
2103120,37.3543684,-82.9525461
2103150,36.8937001,-83.8504388
2103180,37.5444624,-85.6968413
2105190,36.8466867,-86.8889959
2103210,37.1132678,-84.119395
2103240,38.0744531,-82.7382903
2103270,37.608116,-83.7192475
2103360,37.1034886,-82.8794794
2103390,38.5350468,-83.3701427
2103480,37.4571737,-84.6583354
2103510,37.2095174,-88.3634261
2103540,36.8600238,-86.8362337
2103720,37.7255107,-84.2783618
2103780,37.552604,-85.2689592
2103810,36.882017,-88.3327524
2103840,37.796774,-82.5066231
2103870,38.5941366,-83.8281251
2103900,36.7351262,-88.6468905
2104560,38.4993945,-84.8415902
2103960,37.0529605,-88.7168468
2104650,37.0729958,-88.6200872
2104020,37.5267075,-87.2655972
2104050,37.9718426,-86.2452961
2104080,37.9354855,-83.589355
2104110,37.8165614,-84.8937133
2104140,36.9924298,-85.6334564
2104200,36.714077,-85.713508
2105520,37.3662101,-85.3280585
2104250,38.0381086,-83.9124157
2104290,37.9229402,-83.2589444
2104470,38.338031,-84.0262231
2104500,37.4778588,-86.844871
2104590,37.7608621,-87.1153779
2104710,38.2112835,-84.2528893
2104770,37.2412822,-83.2177723
2104800,37.4860314,-82.410912
2104830,37.4705344,-82.4986049
2104860,36.7588385,-83.701051
2104890,37.8095668,-83.8312347
2104950,37.1074283,-84.5769692
2105040,38.5134727,-84.06423
2105070,37.3610502,-84.3143684
2105100,38.2042659,-83.4280787
2105160,36.9905867,-85.0549503
2105490,38.025313,-85.3173123
2105320,38.2174619,-85.1952645
2105400,36.7409289,-86.5817871
2105430,37.0898179,-84.6056891
2105550,36.8403384,-87.1836416
2105580,36.815286,-87.8922693
2105610,38.6200401,-85.3512075
2105640,37.6580293,-87.9516496
2105790,36.8007715,-84.8265896
2105820,37.520375,-87.6852058
2105910,36.7411886,-84.1679741
2105940,38.6398109,-84.5725174
2105970,37.7438929,-83.4951095
2200030,30.291497,-92.4110366
2200039,30.6467112,-91.2080695
2200040,30.5832075,-91.1582226
2200150,31.088503,-91.9832748
2200240,30.7566485,-89.884112
2200270,32.6984811,-93.626561
2200330,30.2295588,-93.3580154
2200420,31.666517,-91.846703
2200540,30.5011669,-91.0748187
2200570,32.7301699,-91.2341409
2200630,30.7206932,-92.4040858
2200750,30.270658,-91.3658703
2200780,32.3042901,-92.5616997
2200870,30.2065065,-92.06417
2200900,29.4919925,-90.394849
2200960,31.6800826,-92.1615956
2201020,30.4404194,-90.7274738
2201050,32.3468781,-91.231932
2201140,31.7252229,-93.0969902
2201170,30.0534195,-89.9345018
2201230,29.394968,-89.4772792
2201260,30.708319,-91.6046207
2201290,31.1932037,-92.5359531
2201380,31.5604024,-93.5595793
2201440,29.9057222,-90.3578553
2201560,30.5834409,-91.9892745
2201620,29.6293488,-91.4638037
2201680,30.6213483,-90.4064899
2201800,29.8066377,-92.321394
2201830,31.1028407,-93.18833
2201860,30.8640391,-90.0788399
2201980,30.8733639,-91.421776
2202010,31.9411871,-92.6412694
2201950,32.7924797,-91.4519982
2200060,30.6527435,-92.8196052
2200090,30.2064437,-90.9125023
2200120,29.9032998,-91.0652194
2200450,32.8271597,-92.9897278
2200125,30.5711423,-91.0398276
2200180,30.6450184,-93.3402526
2200210,32.3409517,-93.0411511
2200720,29.5507737,-91.8376719
2200300,32.5801062,-93.8849698
2200360,32.1012195,-92.1142311
2201530,30.1440682,-90.4909596
2201920,30.4640516,-91.309808
2200390,29.871812,-93.1649478
2200480,31.4698053,-91.626315
2200510,32.0592476,-93.7407968
2200600,30.8397837,-91.0434338
2200660,32.1390764,-91.6723711
2200690,31.5977873,-92.5617156
2200810,30.2695293,-92.8162205
2200840,29.6633433,-90.1006107
2200990,32.6018231,-92.6623026
2201080,32.5189855,-92.0771796
2201110,32.8200082,-91.8003988
2201200,32.4755603,-92.1605707
2201320,32.1012125,-93.3490504
2201350,32.413158,-91.7483534
2201410,29.893421,-89.311408
2201470,30.8225386,-90.7083074
2201500,30.0247772,-90.7939562
2201590,30.1214329,-91.6114814
2201740,29.3341299,-90.8436739
2201650,30.4100224,-89.9519622
2201710,32.0014894,-91.342576
2201770,32.8293486,-92.3756501
2201890,32.7321522,-93.3398245
2300004,46.4135147,-67.8491551
2300005,47.2510153,-68.1429619
2300008,44.4340068,-70.0670336
2300009,43.6769364,-70.1547563
2300052,45.2996262,-69.9283179
2300057,45.3926023,-68.757516
2300058,45.3833246,-69.9992412
2300059,45.3717914,-68.8811743
2300061,45.2123872,-69.9034294
2300062,44.7761047,-67.4164192
2300063,45.2139374,-68.507501
2300064,45.2898668,-67.6193498
2300065,44.6488046,-67.2248768
2300066,45.0444545,-68.6650099
2300067,44.628815,-67.378484
2300068,44.7603219,-67.2550471
2300069,44.9549298,-67.0430846
2302220,43.5366506,-70.9402116
2302280,45.0855964,-67.4755059
2302500,44.8938805,-68.303832
2302610,44.0845366,-70.2496493
2302640,44.3349037,-69.7341987
2302730,45.182325,-67.4416805
2302820,44.8296254,-68.7887668
2302880,45.0924148,-67.3051518
2302960,45.5623557,-69.4306456
2302980,44.8137055,-68.0177163
2303150,43.4387329,-70.3929427
2303210,44.4021376,-68.5277179
2303290,43.8418478,-69.6061479
2303390,45.3190981,-69.2387378
2303510,44.7844612,-68.7345586
2303600,43.8920868,-69.473191
2303610,44.2538686,-68.5417126
2303640,44.3511929,-68.7593274
2303780,43.896431,-69.9734865
2303870,45.1429518,-67.2175289
2303930,43.5673345,-70.2035092
2303980,45.0643441,-70.2727491
2303990,45.4023002,-68.0254718
2304080,44.4090064,-68.8155328
2304110,47.0180655,-67.8635789
2304160,45.0108217,-67.2730042
2304440,44.9889651,-67.4228789
2304500,45.0938415,-70.4702654
2304620,44.2586827,-68.2266102
2304650,45.0481611,-67.575552
2304860,43.5505681,-70.5738328
2304880,44.7267605,-67.9846151
2304890,44.7008917,-68.5579582
2304895,44.2178434,-68.7016057
2304897,45.6584831,-70.3387661
2304900,44.9239287,-67.2460674
2305280,45.6536396,-68.5973397
2305310,46.6333043,-67.8476235
2305360,44.9109392,-67.0091635
2305400,43.9759894,-69.6109523
2305500,44.5829304,-68.4800944
2305670,43.7404718,-70.2771725
2305970,43.7084052,-69.7578991
2305980,44.4025119,-70.9432192
2306000,44.8926944,-68.8453277
2306030,45.8098273,-68.1017157
2306060,43.7013527,-70.4629821
2306150,45.2203109,-67.7544481
2306180,45.0721779,-68.5893948
2306250,45.4622663,-69.5438303
2306260,44.5245724,-68.2852501
2306330,44.9771472,-69.5455539
2306510,44.8201098,-68.9173278
2306600,45.093193,-70.1005015
2306780,44.0465595,-68.6268884
2306810,44.265164,-68.9272219
2306870,44.1715983,-69.5145909
2306900,44.6655035,-67.5949703
2307110,45.1538035,-69.5984499
2307140,43.0048522,-70.6043548
2307200,45.3028144,-68.0861434
2307250,44.4919882,-68.3200565
2307320,44.0895127,-70.172095
2307440,44.9511887,-70.9838118
2307530,44.0194953,-70.0789321
2307590,44.1502287,-68.247902
2307710,44.695863,-67.4440338
2307770,45.6328276,-68.2401015
2307800,47.2932982,-68.2518091
2307980,44.7503589,-67.4750197
2308135,45.0485294,-67.3553452
2308140,45.2868317,-68.8951088
2308160,45.6424028,-68.4786709
2308250,44.9933779,-68.5759447
2308280,45.6496165,-68.6827834
2308340,43.758927,-69.3189459
2308580,46.6977998,-68.4958057
2308700,46.9763913,-68.1149617
2308940,44.1012484,-69.4826583
2309090,44.8197738,-67.6151116
2309240,45.8217231,-67.8546391
2309330,44.6887799,-68.7628095
2309390,44.7215064,-68.4900967
2309560,44.9168049,-67.1349551
2309630,44.4827026,-68.705997
2309650,44.9835423,-67.101382
2309810,45.0937757,-69.969875
2309930,43.6331574,-70.1853051
2309990,45.144593,-67.5269715
2310140,45.6920964,-68.0890792
2310190,45.0673414,-67.1499529
2310320,44.6176685,-67.492194
2310380,43.5279586,-70.4195711
2310500,43.4241422,-70.7578593
2310530,43.5712034,-70.3341696
2310560,47.0941438,-69.102951
2310590,44.1950908,-69.793771
2310620,45.6476859,-70.2144554
2310650,45.0957543,-69.8384337
2310680,45.6659915,-67.8238955
2310710,43.9244252,-70.3186614
2310770,44.1768328,-70.5686171
2310830,44.8054011,-67.0317838
2310860,46.638724,-68.0686376
2310890,46.7762407,-67.859197
2310980,44.8345018,-69.0096661
2311010,47.1226746,-67.9695292
2311100,47.1768322,-68.6746709
2311160,46.2274983,-67.8725159
2311220,45.4122412,-68.2533363
2311250,45.2266969,-68.6643045
2311280,46.6432179,-68.4290433
2311310,47.2552694,-68.3704143
2311370,43.2112872,-70.7623871
2311430,44.5301051,-67.765617
2311520,44.5440181,-69.2314038
2311550,44.1363186,-69.3306797
2311580,45.2541875,-68.9341238
2311610,46.5268081,-67.847668
2311670,44.4444489,-70.7497897
2311700,46.8198656,-68.1902342
2311730,45.1290484,-69.4327614
2311790,43.7226672,-70.5902265
2311820,44.1428013,-68.9084131
2311850,44.0334754,-68.9015757
2311910,44.1315785,-68.4683224
2312140,44.3468802,-68.634365
2312180,45.3580403,-69.630291
2312300,43.8821706,-69.5495384
2312330,43.631402,-70.2859894
2312360,43.8133391,-69.6628684
2312750,44.4674623,-68.5073288
2312810,45.3379048,-67.7715935
2312980,44.46554,-68.3908999
2313070,44.7285984,-70.9835836
2313080,45.5731627,-67.4721974
2313110,44.4293349,-69.6482941
2313140,44.8474417,-68.7141896
2313200,45.3352168,-67.6049881
2313350,44.5452848,-69.6613961
2313490,43.3075878,-70.6088974
2313500,44.9146847,-67.637106
2313530,43.872247,-69.8587405
2313560,43.7079198,-70.3526019
2313590,46.9751293,-68.2472485
2313710,44.7571515,-67.5398967
2313740,45.3031513,-69.3795593
2313860,44.5238496,-69.5771791
2313970,44.309991,-69.9630934
2313980,44.0147795,-69.6886474
2314010,46.8840579,-68.1195081
2314040,45.5253867,-68.4498515
2314100,43.788137,-70.156478
2314130,43.1654947,-70.5910103
2314160,44.2421404,-70.1833653
2314190,43.7862818,-70.8396751
2314210,44.0022119,-70.6450452
2314240,43.7805194,-70.1941571
2314300,44.8524251,-70.2994411
2314330,44.6106574,-69.5596997
2314410,43.8631012,-68.9019345
2314440,44.9821853,-68.9787733
2314470,44.7939792,-68.5913084
2314530,45.0085589,-69.23664
2314560,44.7883815,-69.8575039
2314590,44.7408644,-69.732793
2314610,44.7280647,-69.3951352
2314670,43.5665763,-70.7591238
2314700,43.3573162,-70.858004
2314761,45.2050709,-69.2232147
2314762,46.0813562,-67.9596739
2314765,44.0724032,-70.8915362
2314767,44.9002664,-69.9417077
2314768,43.7199229,-70.0296588
2314771,43.7338618,-70.1183069
2314772,43.8546651,-69.8036929
2314773,43.3847035,-70.4967112
2314775,44.0835662,-70.3713348
2314776,44.2371956,-69.9722586
2314777,45.4204037,-68.4241052
2314778,44.8816804,-68.7386437
2314779,44.4668954,-69.7439691
2314780,44.2471366,-69.5682373
2314782,44.9498274,-68.6755657
2314783,44.1425576,-70.0022043
2314784,43.5337707,-70.356845
2314785,44.8520328,-69.3071834
2314787,44.0465108,-69.1540591
2314788,44.4012751,-69.9522928
2314789,43.8960902,-70.1245106
2314790,44.5231229,-68.1407208
2314791,44.4849213,-68.8918292
2314793,43.8544197,-70.4340517
2314794,46.9231984,-68.038897
2314795,44.3484443,-70.4072851
2314796,44.5849587,-68.7646255
2314803,44.9580187,-70.6971922
2314805,44.4681943,-70.1990985
2314806,46.0921107,-68.2495819
2314809,44.6810307,-70.1814016
2314811,45.0661839,-69.7057705
2314814,44.631269,-67.9271202
2314815,44.673957,-68.954898
2314817,44.9652597,-69.6669351
2314818,45.1813734,-70.508044
2314820,43.9088397,-69.2331902
2314822,44.4228007,-69.1037472
2314823,44.5912335,-70.7724243
2314824,44.3591146,-68.9900466
2314825,46.9691223,-68.6302254
2314833,44.5335462,-70.3949586
2314834,45.2615746,-68.3937049
2314835,44.7025963,-70.6475845
2314836,46.1700938,-68.3769445
2314837,43.8875458,-70.6553581
2314838,45.960083,-68.4576452
2314839,47.0583816,-68.6561538
2314844,44.1168327,-69.8296069
2382001,46.698872,-68.870171
2382002,44.82136,-70.9076635
2382003,45.1651767,-70.5704763
2382004,44.0608975,-69.7997483
2382005,44.6289184,-69.428881
2382006,44.3257398,-69.4270148
2382007,43.8178673,-68.8792551
2382008,45.7606513,-70.0452651
2382009,45.9679411,-69.2860307
2382010,45.768155,-68.583602
2382011,44.9393854,-68.1734956
2382012,45.1158087,-67.7009888
2382013,43.9101846,-69.4004395
2400030,39.6123134,-78.7031037
2400060,38.9916174,-76.5608941
2400090,39.3000324,-76.6104761
2400120,39.4431666,-76.6165693
2400150,38.5227191,-76.5297621
2400180,38.8715306,-75.831662
2400210,39.563328,-77.0153297
2400240,39.5623537,-75.9415852
2400270,38.4728542,-77.0154285
2400300,38.4199446,-76.0773856
2400330,39.4701764,-77.3976363
2400360,39.5472985,-79.2746192
2400390,39.5374292,-76.2997894
2400420,39.2522639,-76.9244057
2400450,39.2412793,-76.125986
2400480,39.1373815,-77.2030633
2400510,38.8292778,-76.848188
2400540,39.0470126,-76.0858413
2400570,38.0744501,-75.8533228
2400600,38.2230765,-76.534487
2400630,38.7483486,-76.1784757
2400660,39.6036207,-77.8146709
2400690,38.367369,-75.6320856
2400720,38.2221332,-75.3099315
2500001,42.3975002,-72.1036444
2500002,42.2312495,-72.0057589
2500013,42.0807189,-72.9006767
2500067,42.5959833,-70.7586819
2500542,42.5690045,-71.6186757
2500544,41.6796828,-69.9829754
2501650,42.1160199,-70.9568068
2501710,42.4846466,-71.4671365
2501780,42.5932348,-73.1343316
2501800,42.0635814,-72.6535865
2501860,42.8512764,-70.9557903
2501950,42.6480405,-71.1617485
2501980,42.4187215,-71.1639124
2502040,42.6165675,-71.9184439
2502100,42.2577546,-71.4735257
2502160,42.6345004,-72.1975121
2502190,41.9316531,-71.2945028
2502220,42.1988672,-71.8457222
2502250,42.1324575,-71.0540119
2502310,41.6614808,-70.3569508
2502400,42.4993284,-71.2819028
2502430,42.2790098,-72.4004682
2502460,42.0766822,-71.4744898
2502490,42.3953169,-71.1802841
2502530,42.247671,-73.3436751
2502580,42.3717812,-71.6811961
2502640,42.5566592,-70.84496
2502670,42.5596744,-71.2609482
2502715,42.0402513,-71.5440359
2502790,42.3385513,-71.018253
2502820,41.7174595,-70.5918241
2502940,42.2061879,-71.0023199
2503030,41.956913,-71.0047834
2503090,42.082543,-71.0246378
2503150,42.3238534,-71.1420033
2503240,42.5032267,-71.201713
2503270,42.3760428,-71.1186798
2503300,42.1757371,-71.1253849
2503360,41.875179,-70.7467151
2503390,42.3983684,-73.0733318
2503510,42.5970548,-71.3696996
2503540,42.3968243,-71.0313479
2503660,42.1775863,-72.5701892
2503750,42.4118873,-71.6900054
2503780,42.262428,-70.7988829
2503990,42.5741744,-70.9505165
2504020,41.5665098,-70.9582285
2504050,42.2468719,-71.1794622
2504140,41.6884714,-70.2035977
2504200,41.8372629,-71.2190465
2504230,42.0530722,-71.7522414
2504320,42.679723,-71.3006796
2504360,42.1074452,-71.9610981
2504410,42.0444072,-70.7060604
2504440,42.0371166,-70.9421767
2504500,42.0623782,-72.498111
2504590,42.2654347,-72.6708131
2504620,42.0391873,-71.1089996
2504770,42.4059375,-71.0546487
2504800,41.6336673,-70.8713617
2504830,41.7253505,-71.0941619
2504860,41.5948868,-70.5992462
2504890,42.601977,-71.8158697
2504950,42.0613376,-71.2458016
2504980,42.3079052,-71.4361957
2505010,42.0848585,-71.4105714
2505070,41.7987696,-70.9847382
2505130,42.5842062,-71.9887369
2505160,42.2451142,-72.9231241
2505220,42.7262256,-70.9833179
2505270,42.5776213,-72.5152615
2505280,42.6288499,-70.6858747
2505340,41.4431098,-70.8627068
2505370,42.2091512,-71.6836442
2505400,42.2449487,-72.5001426
2505490,42.6146712,-72.5970627
2505500,42.6267084,-71.5464627
2505580,42.3564876,-72.5686318
2505670,42.6192038,-70.8668183
2505730,42.103588,-72.4217063
2505790,42.1229562,-70.8563099
2505880,42.504256,-71.5885119
2505940,42.3894016,-72.6168064
2505970,42.7829453,-71.0874356
2506090,42.2243197,-70.8806743
2506150,42.140346,-70.9978616
2506240,42.1959508,-71.4534301
2506270,42.2116578,-72.6424476
2506300,42.1230066,-71.531404
2506330,42.2240957,-71.5404885
2506390,42.3890712,-71.5458637
2506420,42.3402327,-70.8833012
2506480,42.6959806,-70.8356476
2506660,42.7002733,-71.1613574
2506690,42.2832769,-73.2273218
2506720,42.2384267,-71.9123398
2506750,42.3678582,-73.2697633
2506780,42.5208757,-71.7706106
2506840,42.4452217,-71.2300145
2506960,42.5359311,-71.4905688
2506990,42.048054,-72.569275
2507020,42.6389955,-71.3210199
2507050,42.1835768,-72.4578116
2507080,42.5826069,-71.7204641
2507110,42.4747616,-70.9620295
2507140,42.5341456,-71.0383332
2507170,42.4293799,-71.0587065
2507230,42.017302,-71.2164203
2507260,42.4956288,-70.8358197
2507320,42.3496175,-71.547214
2507350,42.1151393,-70.7103308
2507440,41.6176232,-70.4927131
2507500,42.4259551,-71.4562562
2507530,42.1845991,-71.3053065
2507560,42.4238438,-71.1092309
2507590,42.1562029,-71.4303445
2507620,42.455723,-71.0590194
2507680,42.1414149,-71.5837098
2507740,42.7426414,-71.1786505
2507770,41.8780043,-70.8692669
2507860,42.1586917,-71.5214188
2507890,42.1922464,-71.777649
2507920,42.1731025,-71.3637564
2507980,42.2415592,-71.0824366
2507990,42.6086054,-72.7871831
2508040,42.0935962,-72.3214936
2508160,42.6152896,-73.2397273
2508250,41.2933918,-70.1021635
2508280,42.5522578,-72.0992789
2508310,42.4489538,-71.6117413
2508340,42.2848223,-71.3488109
2508370,42.2815935,-71.2424143
2508430,41.6613028,-70.9379126
2508580,42.8121411,-70.886646
2508610,42.3317684,-71.2083997
2508670,42.6755651,-73.118114
2508700,42.6739092,-71.0913339
2508730,41.9704544,-71.3349301
2508760,42.2675643,-72.0668759
2508790,42.6704475,-71.7139084
2508820,42.5783984,-71.0844451
2508850,42.3270445,-72.6746304
2508940,42.1289365,-71.6557872
2509000,41.9653413,-71.1817803
2509030,42.1645688,-70.8188439
2509060,42.1873642,-71.1959711
2509270,42.1282605,-71.8671001
2509300,42.1888618,-72.3064803
2509360,42.53431,-70.9694427
2509420,42.0678019,-70.8057144
2509450,42.7955911,-70.9890946
2509600,42.7039755,-72.5242298
2509630,42.4518397,-73.2606845
2509720,41.894085,-70.6186096
2509840,42.0569267,-70.1904751
2509870,42.2610059,-71.0089876
2509930,42.1789925,-71.052654
2509990,42.5351829,-71.1054234
2510050,42.4210055,-70.99036
2510170,42.1292512,-70.9087358
2510200,42.656952,-70.6046301
2510380,42.4992484,-70.8982037
2510470,41.7132003,-70.4857371
2510500,42.4684323,-71.0139456
2510560,42.2050615,-70.7429781
2510590,41.8397984,-71.3180471
2510620,42.1084634,-71.1851819
2510770,42.2847672,-71.7142277
2510890,42.3904453,-71.1010331
2510920,42.2565324,-72.5802475
2511010,42.0597374,-72.0339083
2511040,42.1389191,-73.3370926
2511130,42.115454,-72.5399783
2511220,42.4742082,-71.0976654
2511250,42.119006,-71.1036499
2511400,42.1320492,-71.7503217
2511430,42.4680592,-70.8912602
2511460,41.7581626,-71.2141812
2511520,41.9033244,-71.0949874
2511580,42.6120881,-71.2278451
2511740,42.7768367,-70.8748946
2511760,42.6677617,-71.4288204
2511850,42.0611658,-71.6436275
2511880,42.3968971,-71.8778422
2511910,42.5043613,-71.0640612
2511970,42.1462862,-71.2556036
2512000,42.3889211,-71.2422678
2512030,42.2754618,-72.2801578
2512060,41.7610398,-70.701779
2512100,42.222424,-72.1853592
2512180,42.3694508,-71.1779249
2512210,42.3604268,-71.3610994
2512240,42.0470748,-71.8458053
2512270,42.3059316,-71.282917
2512390,42.3694173,-71.7850362
2512420,42.0216172,-71.026717
2512510,42.1254511,-72.6497341
2512600,42.2684262,-71.6133087
2512630,42.1388377,-72.7559114
2512660,42.5855413,-71.44025
2512750,42.3605009,-71.3034392
2512780,41.5797936,-71.0818218
2512810,42.219646,-71.2167708
2512840,42.2072998,-70.943687
2512930,42.0660005,-70.8940703
2513050,42.5646465,-71.1645158
2513080,42.6681596,-72.0556441
2513110,42.4527518,-71.1443188
2513170,42.3755413,-70.9706464
2513200,42.4887033,-71.1543831
2513230,42.2694781,-71.8077831
2599997,41.8843643,-70.3596714
2607590,44.244032,-85.5653238
2620010,44.2745951,-85.9737332
2623130,44.0819018,-86.4495977
2629490,43.8622385,-85.5185443
2600019,46.2689777,-86.9583586
2607470,46.6615827,-86.1725421
2600006,46.3914205,-89.9231208
2635010,46.4505755,-89.7143807
2619470,46.6468337,-90.1148413
2605780,43.7045489,-85.4967077
2610650,42.1656661,-84.6260137
2623790,42.2279178,-84.3060821
2635940,42.2641997,-84.5672484
2620850,42.279279,-85.2076117
2606600,41.7816383,-86.2401843
2612810,42.0152442,-86.2917599
2612990,41.7863685,-86.0574795
2602670,42.9196855,-83.0341925
2623490,42.9199831,-82.7325176
2625230,42.7266076,-82.8449463
2612600,42.7364314,-84.4800042
2621810,45.457415,-84.800964
2601920,41.9843327,-84.3460816
2624570,41.7602365,-84.2158682
2630780,41.7951529,-84.0757783
2633720,42.0020394,-83.9566052
2615540,42.3245057,-83.3412811
2617220,42.1298962,-83.1507699
2617520,42.3953726,-83.0559448
2617760,42.4366901,-82.933439
2618330,42.4052257,-83.0976505
2622320,41.8661456,-84.0260092
2610750,41.8381766,-85.7702063
2622740,42.0214275,-85.8608863
2609840,42.4375705,-83.3365987
2625020,46.4640027,-87.5765607
2618990,42.6255577,-83.5961564
2606870,42.5181218,-83.7613951
2604740,42.9711943,-83.6675355
2605010,42.490839,-83.1822597
2609930,42.5366648,-83.1504828
2619890,44.9505534,-84.38293
2609560,43.6711525,-85.1369454
2612960,43.4623906,-85.0332702
2624600,43.5510674,-85.4539971
2610980,42.2902927,-86.2774848
2612150,42.0153845,-86.1267355
2627660,42.2399802,-85.8929031
2603570,45.0117681,-84.1554597
2604950,44.6200811,-85.988117
2617940,42.7631383,-84.3793607
2632610,42.3568987,-84.6814298
2604800,43.0157737,-83.5999084
2614550,43.067638,-83.8584195
2615750,43.1195962,-83.6080282
2621240,42.1382734,-85.8421079
2613090,43.8389935,-83.2110774
2625780,43.9634849,-82.9188196
2633870,44.794937,-85.5847858
2632940,44.0080662,-83.9120846
2608940,42.3189172,-84.0489059
2612540,42.2996165,-84.3027838
2624960,42.1704499,-84.2546993
2616080,42.9323526,-85.6977639
2616470,42.9198409,-85.7771811
2616500,43.3254759,-85.8054516
2620310,43.2414307,-85.76135
2630030,43.1043786,-85.5155753
2632370,43.1514378,-85.7374125
2618600,44.2838983,-84.6969481
2612450,42.4660175,-82.9553717
2614460,42.4621485,-83.0638435
2624000,44.6144915,-84.1578001
2615600,46.070051,-85.2907193
2625920,45.415958,-85.8502457
2612030,42.3620182,-83.8843371
2628140,42.4678666,-83.9184852
2606570,42.8408603,-83.4439952
2609900,42.7412859,-83.4269051
2614250,42.7531413,-83.715143
2620730,42.756867,-83.2619442
2626130,42.47763,-83.4855641
2626190,42.4587914,-83.1870571
2627240,42.8499134,-83.240594
2630300,42.5089951,-83.15461
2632250,42.447938,-83.6355837
2635160,42.5569415,-83.4731347
2635310,42.6595589,-83.3937836
2624420,43.1739397,-83.877102
2627150,43.0515156,-84.3786732
2633410,43.3828173,-84.066976
2609150,43.199602,-84.1263869
2625140,41.7882743,-86.7226201
2607140,41.8242415,-86.3947839
2622800,44.0832291,-85.1214649
2609750,43.8378325,-84.717168
2610200,43.7205411,-84.5585986
2614100,43.8797383,-84.9310104
2632880,43.458864,-84.578359
2601950,41.91375,-84.0387613
2618930,42.1332568,-83.3786942
2604470,41.7729858,-83.5965196
2604350,45.6006736,-85.510999
2611970,45.9563283,-83.8350977
2630360,46.2241958,-84.7867885
2611550,42.8284454,-84.5923022
2615420,43.1566529,-84.6738053
2616410,42.7632956,-84.7524618
2632820,42.9797107,-84.5734551
2621150,42.739005,-84.5521996
2604650,42.4604341,-85.0547432
2633360,44.9439905,-85.6410419
2607080,42.0977923,-83.2863966
2611600,42.3158735,-83.217175
2615870,42.0759287,-83.2004101
2621570,42.1475003,-83.5802322
2621600,42.2432907,-83.1812577
2621840,42.3863642,-83.3755438
2633540,42.2275289,-83.2735303
2633900,42.1351157,-83.1957699
2634560,42.206431,-83.486905
2636485,42.1463454,-83.2714645
2613050,44.8472155,-85.3637973
2614570,44.5911673,-85.3024312
2624750,43.6349401,-84.7639347
2607530,42.8160688,-83.9735306
2607890,42.9683802,-83.7387398
2611430,43.027771,-83.5133682
2614520,43.0320868,-83.6920153
2620940,43.1693976,-83.459202
2621690,42.8072443,-83.8246831
2624720,43.131617,-83.6789495
2625350,46.6568412,-85.5946445
2600005,42.3314922,-85.2305673
2622970,42.2248933,-84.9725911
2603900,43.6446108,-83.8955955
2611190,46.2063578,-88.3258257
2620610,44.4062461,-85.1063198
2699997,43.6990473,-83.5069481
2624180,43.4799932,-86.3661485
2625800,43.2486135,-86.2872307
2626760,43.2363137,-86.1778799
2629370,43.1985643,-85.9628236
2619950,42.2782181,-85.6373187
2631020,42.1173118,-85.6759993
2615450,42.288945,-85.3831665
2617700,45.5218751,-84.990777
2634680,42.4643229,-83.0068468
2613530,43.6177367,-83.7799702
2636300,43.3877564,-86.3017862
2623310,44.2157866,-85.1409502
2604440,43.922351,-84.3748729
2613560,43.918118,-85.2333863
2634380,43.6897419,-82.8885138
2600017,43.803373,-83.0109104
2606000,41.8090229,-83.8755977
2610050,42.0836035,-83.9776565
2618810,41.8629573,-84.3047636
2626520,41.9935296,-84.1791548
2635040,41.7458628,-84.4287389
2602730,44.9119122,-83.3287039
2606780,43.3474753,-83.9087516
2614760,43.3575621,-83.7485103
2622410,44.1560346,-86.3999352
2622200,43.9669775,-86.4242046
2635130,43.7541428,-86.0502149
2627840,43.7331522,-86.4733531
2607710,41.756681,-84.6843937
2610410,41.9813933,-85.3242183
2634410,42.0630676,-85.1347832
2603510,42.1311945,-85.2438881
2610140,41.9118684,-84.9972332
2621750,42.0383171,-84.7863762
2633750,42.1121026,-84.9903462
2606960,41.8574057,-85.1699374
2618540,42.1393326,-84.8198314
2629400,41.8433161,-84.7767855
2618720,42.6209281,-83.9337386
2602820,42.2879295,-83.736297
2630660,42.1654107,-83.8141835
2604260,43.6167647,-83.9620376
2629520,43.4737445,-83.7081649
2632640,43.3001874,-84.1636134
2606090,42.5798286,-83.2788848
2614070,42.4856479,-83.3759608
2618450,42.7830707,-83.5838918
2628740,42.6603696,-83.2788607
2635820,42.5764889,-83.3778893
2611030,44.7172077,-84.6459674
2606270,42.405322,-86.01527
2616050,42.3519652,-85.8372996
2618570,42.6580269,-85.7706403
2636660,42.8461871,-85.9944887
2611910,42.5060679,-85.4172287
2622980,42.5462103,-85.6378982
2630960,42.6714786,-86.1865841
2624870,43.2019212,-86.2409625
2617160,43.1923965,-85.2650715
2614610,42.9579957,-85.5183449
2616440,42.9641316,-85.6585188
2620340,42.8706135,-85.6084281
2625950,43.0334843,-85.5934178
2618180,43.4260469,-84.2140511
2618510,43.3868858,-86.1116868
2624120,43.1707044,-86.2522359
2624840,43.2260957,-86.2635491
2626220,43.2567743,-86.0825226
2629540,43.3058371,-86.2500182
2625290,43.1392105,-83.9978847
2630390,43.4172758,-83.8989344
2630450,43.447214,-84.0216453
2617370,44.395758,-83.8148385
2626970,44.4073387,-83.3204196
2636390,44.2158194,-83.894405
2616380,43.0117306,-86.1618179
2619830,42.9092107,-85.8194916
2608400,43.5819535,-83.1342697
2623910,43.2592822,-83.5501676
2602010,43.5451084,-83.5536946
2634710,43.3759228,-83.5685322
2627180,43.692017,-83.2764068
2623280,43.3327475,-83.3579696
2604530,43.0716507,-85.2508071
2619530,46.4889381,-87.6671307
2608010,45.579212,-87.4964489
2623550,45.2824501,-87.4549396
2630930,42.930051,-85.206982
2602520,42.2489389,-83.2167222
2603540,42.9842419,-83.6219437
2604500,43.0898469,-83.6966646
2600013,46.720711,-87.4117425
2629580,46.5137723,-88.0152854
2618360,45.0692339,-84.0430604
2626490,44.3303075,-86.2806795
2627900,42.8178091,-84.2584681
2601980,42.0466849,-83.3751113
2612300,41.9811201,-83.6401908
2615970,45.8625173,-87.1327671
2629340,45.770431,-86.9134545
2618270,43.6136111,-86.0545281
2636060,43.6054173,-85.7351149
2625320,43.4230285,-85.7187835
2611700,43.5625969,-82.7458636
2606900,46.46638,-84.8710885
2628020,46.143426,-84.3112457
2630990,46.3835767,-84.2747496
2636240,46.6066139,-85.1144319
2622620,42.6116448,-85.0559167
2629760,42.2743459,-83.1241616
2625740,42.4444031,-82.8736606
2618840,42.8550909,-85.8745444
2627060,42.4103049,-85.7197776
2602220,42.5354046,-85.8891925
2628530,42.4370479,-85.600167
2626370,42.4412023,-84.8938371
2629160,42.6442935,-84.7312159
2634920,43.404626,-84.9103437
2616350,42.9187864,-83.6385065
2612330,42.9158454,-83.993232
2620670,42.8672454,-83.7260885
2633420,42.9379751,-83.8360951
2626040,45.8024586,-87.8131984
2610620,43.0627291,-85.6572599
2618390,41.8862976,-84.6226982
2617820,44.0501895,-84.7841687
2635850,44.3281655,-84.1891148
2615990,44.0394656,-84.4792314
2601890,47.0466293,-88.7328412
2617550,47.2296976,-88.6216571
2600014,46.5060245,-89.2513932
2608880,46.9814798,-88.5348051
2627960,42.9517725,-84.8108438
2635520,42.7354977,-84.6242419
2603690,42.6295229,-83.1886507
2605850,42.5395627,-83.2586992
2614280,42.460551,-83.1432814
2618030,42.4622171,-83.1024254
2621120,42.5189281,-83.1051587
2622290,42.4881211,-83.0997878
2632310,42.4772493,-83.2625479
2634260,42.5838824,-83.1455329
2607800,43.0207291,-82.9062457
2612240,42.9375716,-83.1740292
2625680,43.2216473,-83.2188796
2635910,42.8539163,-86.1347455
2609570,42.6248209,-82.9332451
2633510,44.3334293,-83.3479531
2603600,44.0599123,-83.6153441
2608580,42.4819957,-83.0334361
2610080,42.5542261,-82.9027213
2611670,42.1021021,-85.9991228
2636270,41.7718088,-83.7203858
2634440,43.6749465,-83.4602887
2622860,43.3652873,-83.0528641
2620400,43.4196174,-83.2160546
2612480,42.9465811,-85.6067625
2616110,42.8988134,-85.6652846
2620160,42.878437,-85.6721261
2620910,43.4023336,-85.2731004
2633930,43.3699695,-85.5241855
2636570,42.8994008,-85.7072378
2614690,46.3151285,-87.3737595
2625400,46.4841316,-87.8974983
2603810,43.9503361,-85.870746
2606720,45.8711026,-88.0095198
2600018,46.5638281,-88.730721
2603990,46.7560992,-88.5784264
2607690,47.4586945,-88.1624848
2626940,47.1341665,-88.4665418
2628890,46.9684959,-88.6351959
2630060,45.3462719,-83.9070795
2615830,44.4818146,-84.5297819
2624810,46.5580045,-86.6799766
2622470,45.9868991,-86.1734159
2608640,43.253889,-85.0636844
2606510,45.143798,-84.8798747
2608730,45.2805087,-85.2450459
2608610,45.0680596,-85.2382649
2621390,45.1408188,-85.9882955
2615390,43.1431772,-86.1361298
2602550,42.9775937,-85.9585688
2632280,42.3731848,-83.292129
2632340,42.2058618,-83.2061533
2620280,43.0364717,-85.7573291
2616320,42.9155298,-83.4997755
2615730,44.9958367,-84.7118451
2622350,44.8947554,-85.0632923
2612560,45.1452516,-85.1162164
2605690,45.7191095,-86.6701479
2623830,46.0899697,-87.1874684
2619620,42.214475,-84.4211786
2634650,42.194192,-84.3855013
2635340,46.2516551,-89.2107233
2601103,42.3830375,-83.1022365
2604830,42.098265,-86.3891525
2625560,41.8592659,-86.235516
2629790,41.8347937,-86.5551118
2610830,43.0686115,-85.9154593
2615150,43.4657578,-85.9515969
2614230,42.5558426,-86.1072802
2617400,42.6969367,-86.0088921
2618420,42.7725503,-86.121532
2632300,42.4154791,-86.2153287
2633810,42.6974498,-85.4487453
2602190,42.6119166,-82.6412238
2612420,42.7800288,-82.5687813
2628830,43.017501,-82.5322872
2636600,43.0808357,-82.7461941
2627720,45.6088557,-84.8319344
2617730,42.2491171,-85.1231527
2605430,41.9494886,-86.3642912
2608910,45.6001002,-84.4354741
2636480,45.2643697,-84.5531021
2619170,45.407557,-84.5532584
2621420,45.9220299,-84.4302599
2600012,46.034571,-84.7509671
2622230,45.8784816,-84.6445415
2626550,46.8395681,-89.5032333
2636630,42.2644901,-83.6069909
2606990,42.1020519,-84.2748964
2607620,42.8144731,-85.5105577
2635550,42.6769327,-85.6342523
2620980,42.7740587,-85.1243722
2622050,42.9413545,-85.3664421
2607560,42.8059305,-85.7160163
2608520,43.2276459,-85.5010412
2604290,43.6769132,-84.8955143
2622260,45.7436506,-84.6966042
2627930,45.312568,-84.8635554
2610590,42.2792561,-85.5022789
2617250,42.3832742,-85.388982
2627420,42.3447658,-85.5638105
2628950,42.205187,-85.586131
2619100,43.0576257,-83.0804804
2604020,45.7922299,-87.3759284
2632550,43.0682098,-86.109671
2636540,42.2106735,-83.1572083
2634950,42.1211946,-85.4656947
2607410,41.8659481,-85.3388795
2636330,42.3913102,-83.7464743
2625980,42.4252044,-83.5092953
2628560,42.346974,-83.5167253
2617860,43.6512203,-86.5389076
2631320,43.6141883,-86.5358261
2620070,43.0731935,-83.6067556
2613110,45.1637308,-85.2929991
2608130,43.1700501,-84.886027
2614700,43.0205233,-84.7346032
2629120,42.8483643,-84.906838
2614790,44.6636776,-86.2575003
2635220,42.4999433,-82.9850915
2623580,43.7377224,-84.3781368
2623820,43.6769526,-84.2375489
2607320,43.5895736,-84.3996271
2600007,43.7762571,-82.696611
2611140,43.2439177,-82.6347222
2627690,43.2636599,-82.8121574
2616020,45.0097693,-86.136299
2620050,44.6061406,-84.9634416
2600016,42.3360258,-83.2936955
2602040,45.005577,-84.9547786
2606500,45.2256945,-85.0270748
2610560,44.7427157,-83.9505087
2619250,43.0059557,-85.009643
2623250,42.2032728,-85.7517522
2610380,42.1902515,-86.3285627
2621210,42.2169212,-86.0441061
2606840,41.9419641,-86.5441522
2620820,41.9927803,-86.4899815
2632850,42.0596679,-86.4563031
2628170,43.8325727,-84.075431
2613500,45.7797541,-87.2121808
2612690,42.5157665,-84.6579405
2636420,42.6882106,-84.2973412
2629250,41.9193965,-84.868397
2623670,44.3849254,-85.7049736
2626400,45.3743688,-84.1949071
2634620,45.1533231,-84.5680086
2606630,43.4587464,-84.4397075
2623610,43.3806225,-84.3206034
2631380,43.5314949,-84.7173631
2619800,41.9756313,-83.2798437
2624150,41.9373154,-83.4422925
2633120,41.882661,-83.7036799
2617910,42.6582193,-83.769861
2619050,41.8828834,-83.5622357
2623100,41.791233,-83.4860026
2619580,43.2699254,-84.5918668
2602160,44.6934054,-83.2770563
2606930,41.9591008,-83.8059647
2617970,42.5918963,-85.280211
2627810,42.3850743,-85.116869
2622380,42.170123,-84.0452061
2623850,42.0814469,-83.665979
2616830,42.2678971,-84.1965959
2610020,42.2102165,-85.3636147
2608770,42.6042516,-84.8268716
2621180,43.0331097,-83.3164244
2623460,42.2786701,-83.1909625
2629460,42.4153483,-83.2983531
2629910,42.1738498,-83.1916345
2630120,42.2285999,-83.3614903
2620380,44.5765012,-85.5426489
2622500,44.4330806,-85.3949857
2607170,44.5085927,-85.6916068
2618480,42.644463,-84.5779287
2611400,42.5592193,-84.2762842
2623070,42.5806399,-84.461886
2635730,42.6705545,-84.1847491
2623520,42.0156463,-85.4736736
2608670,41.9057656,-85.5323649
2627210,43.0232855,-84.2126228
2608280,43.9441479,-83.2513365
2610860,42.9976578,-84.0566006
2633090,41.8028372,-85.4145721
2600015,42.2905644,-83.3959807
2604170,42.8288357,-84.4447756
2614730,42.6563711,-84.0859905
2620550,42.8818038,-84.3708174
2624630,42.8434626,-84.1404769
2620700,47.0725998,-88.2717389
2630210,42.5067504,-82.9363471
2632220,42.4600234,-82.9028495
2632670,42.5220505,-82.8938184
2632910,46.2196502,-88.7490293
2608430,41.8904079,-85.9851438
2617640,42.107778,-84.50922
2625650,41.978321,-84.4870282
2628500,41.8427432,-84.4788731
2619920,42.0062613,-84.6351576
2621450,42.4531285,-84.4444285
2626010,42.3619506,-84.43552
2626280,42.7032903,-84.4219961
2633030,42.4423813,-84.1792809
2602640,43.3832223,-84.7426262
2611610,42.2758474,-83.2463507
2611640,42.2888425,-83.2985545
2612930,42.249592,-83.1404393
2623040,42.897259,-82.5458386
2608040,43.4851969,-83.3803266
2614820,42.5489887,-82.9476608
2629670,42.8196751,-82.7371803
2607040,43.2104665,-82.9767817
2608160,43.4066671,-82.6385218
2630840,43.4290095,-82.8663331
2633840,41.9795526,-85.6759423
2636120,41.7932622,-85.6717519
2628200,44.0550212,-85.5509024
2623160,44.0275823,-86.1710825
2630090,42.7906129,-83.0291087
2603240,42.8483679,-82.8912958
2621870,42.618454,-82.8378423
2602790,42.7015943,-82.7355614
2629130,45.2843185,-83.6684178
2629220,45.8182428,-87.5530703
2633000,45.4272757,-87.5149944
2604320,44.4456279,-86.111686
2617880,42.1819476,-86.1629444
2635460,42.1479025,-86.2550244
2603870,42.3132466,-86.1024932
2620880,42.4864126,-82.9027719
2624690,42.5957668,-82.8830418
2629940,42.703582,-83.147301
2634470,42.6461126,-83.0281741
2635190,42.5349303,-83.0454193
2615060,43.5141536,-84.1060875
2603480,43.1970872,-84.414031
2605820,43.2581413,-83.8234294
2608070,43.4593129,-83.9390957
2610110,43.1829004,-83.7227148
2635970,43.0682217,-83.7573245
2604620,44.9898806,-85.1985022
2619410,45.8277282,-88.0615742
2630480,46.1060879,-87.9024565
2717880,48.9194318,-96.6907616
2791447,48.7510461,-96.9832754
2707500,44.478968,-92.8530418
2730150,44.5396097,-93.0106439
2712480,43.8579099,-95.629108
2700090,43.9869789,-95.8416774
2703660,46.652391,-96.4724032
2732430,45.0121283,-93.1338462
2742360,45.1013449,-93.0247794
2722950,45.0835001,-93.1554309
2723850,44.9829666,-92.9808588
2700099,44.7392519,-95.6553514
2700125,45.1318276,-96.073222
2700183,44.1304544,-95.4523905
2700132,44.1462761,-95.211772
2799997,44.8837896,-93.2123416
2713110,47.7246717,-90.4437558
2715030,44.8247171,-93.0445817
2705790,44.8296656,-93.315217
2732070,45.1037223,-93.6742182
2707350,44.0126349,-92.6267452
2717100,44.2935274,-92.916876
2703180,45.2197648,-93.33442
2710170,45.040383,-93.7693725
2711670,44.9050192,-93.5476249
2714220,44.8468508,-93.4573412
2722920,44.9414384,-93.6669297
2725200,45.1079725,-93.4304112
2742160,45.0126263,-93.4968701
2718270,48.2649955,-93.659864
2700091,45.0003452,-95.3616935
2728140,45.4018451,-94.7324896
2707290,44.7875938,-93.3081439
2715750,44.6509943,-93.5727788
2717780,44.6343539,-93.2908232
2733000,44.743442,-93.5100318
2718360,43.5370279,-92.9649064
2713140,43.7069184,-92.5771379
2721320,44.9856003,-95.7060085
2700480,47.3034637,-96.6118108
2710060,45.0827086,-94.2583955
2703150,45.2695742,-94.1215621
2717220,45.3319061,-94.2827711
2712240,45.709067,-93.914815
2732880,45.6931297,-94.1303212
2700106,45.0735832,-94.7472047
2723400,45.2902759,-94.9950583
2742720,45.0876733,-95.0239358
2713040,43.6369519,-94.3165151
2733210,44.2683274,-94.7357253
2711190,45.3251291,-94.5217934
2700008,47.7887978,-92.5257295
2711040,46.9446286,-92.0577521
2718060,43.5655039,-92.4712195
2733450,43.984602,-92.039663
2742780,43.8862995,-95.155021
2733790,45.2184248,-93.6846938
2718810,45.2268294,-93.9950566
2700107,48.65122,-96.1652202
2712300,47.5680727,-95.6958251
2715000,48.414281,-93.2781962
2733420,45.0303318,-93.2154174
2733780,44.948693,-93.3637621
2700150,45.5331969,-96.4835852
2708940,45.5495192,-96.1278103
2717250,43.801333,-91.3358683
2714280,43.77677,-91.5745845
2738850,48.0911239,-96.182704
2703540,48.7669679,-95.99403
2742750,46.3282087,-92.901354
2719170,46.5792522,-93.2257499
2714010,46.9527982,-93.5237792
2700017,45.3905812,-92.8050286
2707410,45.5423445,-93.260583
2732550,45.6761888,-92.9785228
2723370,46.9471619,-94.8808815
2704440,47.5133401,-94.9334162
2717940,47.2173235,-94.8752198
2707380,43.6137125,-91.4305114
2730030,45.5717423,-93.5999875
2733510,45.5026164,-94.1647786
2703750,46.3073222,-95.6908082
2710230,46.923596,-95.7837481
2713860,46.31903,-95.4644919
2723520,46.5498613,-95.34319
2730870,47.0544103,-94.0510611
2742270,44.873609,-93.1412907
2732390,44.7517975,-93.1233268
2733270,44.8880271,-93.0404974
2703060,45.915255,-95.3865288
2713380,45.4777225,-95.780133
2732850,45.7250338,-94.9872834
2708880,45.3194524,-92.7452584
2741850,48.9739301,-95.0293359
2706240,45.067676,-93.3020893
2707200,45.1478809,-93.8166389
2714260,44.9377718,-93.4124363
2742120,47.1318027,-95.7882293
2700383,45.6236312,-95.8931006
2713930,43.7674773,-95.3491484
2705660,44.7806157,-94.925447
2716830,44.9443336,-95.1990629
2718940,44.4366057,-95.7463164
2706060,45.7231163,-93.1987464
2723430,44.5563001,-93.5121658
2700013,44.2452308,-93.57558
2717460,44.2915588,-96.3335852
2740680,43.8412678,-94.4373776
2733600,43.9846964,-94.6361772
2707320,43.9378261,-94.8072871
2700231,43.6221225,-95.0818993
2718960,43.6844096,-94.7132729
2714040,43.5800159,-96.3621938
2715510,46.1577728,-93.4420907
2720670,45.8154999,-93.6915235
2728380,45.8537903,-92.9273121
2733900,46.3778639,-94.7615286
2732970,46.6154599,-95.0206271
2700102,44.5680932,-94.1212058
2711760,44.3094184,-93.2504574
2723880,44.4658288,-93.2065442
2700007,43.6950381,-92.3179725
2700100,43.603159,-92.1087506
2717910,43.7275447,-91.9448122
2712270,45.2738655,-92.994513
2733330,45.1448127,-93.2105141
2706150,46.3623768,-96.5184185
2720550,45.6320783,-94.7776215
2738280,45.9464225,-94.6396887
2728350,46.3477855,-94.4646279
2705430,46.2454425,-95.0755683
2700022,46.434274,-95.1865091
2706300,46.0997576,-94.8787597
2718070,44.4791898,-93.9252557
2733870,44.3392038,-94.0012329
2741460,44.849005,-93.7993655
2741910,44.9437455,-93.8830768
2700128,44.7972145,-94.193539
2723910,44.763526,-93.8938593
2708190,44.8002408,-93.6379197
2702730,43.6921396,-95.9207054
2744160,43.6415789,-95.6597357
2711220,43.8820974,-96.1016365
2741060,44.3128251,-92.0308925
2708910,47.541039,-92.8621902
2711520,47.9073158,-91.9323094
2712210,46.9180728,-92.9431903
2720580,46.776207,-95.1015948
2712360,46.8118024,-95.5747638
2728230,46.5673809,-95.6268444
2740830,46.312269,-95.8754669
2716980,44.0248415,-92.7369587
2700287,44.1847281,-92.1941707
2713590,43.8447085,-92.8184578
2700130,43.6634707,-94.0614148
2728110,46.1399272,-95.3563314
2712900,44.4187097,-92.5910235
2717520,44.3928129,-92.3338849
2709510,45.0522498,-93.2538287
2700089,43.8850975,-93.4117599
2728050,44.0443277,-93.2162179
2700005,43.6790272,-93.7140255
2711130,47.9564692,-96.9232401
2712180,47.8318732,-96.7965684
2703570,47.396434,-95.3651414
2702910,47.0223286,-94.5605862
2708070,47.3331398,-94.3905378
2700109,45.9300277,-94.8429574
2740860,45.8246278,-94.5295989
2710090,44.8993198,-96.012372
2730060,44.7026583,-93.4149192
2717570,48.5883957,-94.8874052
2713020,48.1687338,-95.7872845
2732250,48.7834631,-95.7126967
2718780,44.1836337,-93.9750795
2723490,44.2913557,-94.4685354
2728320,45.9942788,-94.0548626
2732520,45.841294,-94.2385041
2705460,45.3914634,-93.7066591
2700019,45.6285414,-95.4455663
2725140,45.885153,-95.1055025
2718750,45.0855899,-92.9479147
2725050,46.0922672,-93.7583993
2728970,46.7429495,-94.4513385
2709750,46.5777632,-93.9814802
2728200,46.6262214,-94.2239081
2702760,46.5641443,-93.6489304
2713560,46.8477456,-96.3122452
2713680,44.5088558,-96.3990986
2721270,44.5695891,-96.0003253
2710140,47.5138502,-93.8474093
2713170,47.6833946,-93.3914386
2710260,46.9549953,-96.550747
2728170,46.5793301,-96.0610266
2711010,43.9950204,-92.2155593
2711460,43.531348,-95.9835394
2718330,43.6779079,-96.1823567
2704470,45.3094946,-95.616953
2700105,45.4636,-95.0949723
2713530,44.6945396,-92.8625847
2721420,46.8979991,-96.7204655
2740810,47.0571296,-96.2474296
2700162,46.8693853,-96.0612805
2702720,43.6244356,-92.743064
2706090,46.3229193,-94.1252103
2714190,45.708146,-94.4219789
2708100,45.15546,-93.106858
2733540,45.3804629,-93.3313746
2702970,43.6770341,-93.313803
2700148,43.5464193,-93.2988039
2700379,44.4063973,-93.615515
2700385,47.8991209,-95.8699638
2700382,45.9964135,-95.6617685
2700127,48.4182075,-96.8641803
2723550,48.3059436,-96.3363092
2718920,48.3598285,-95.4220433
2791446,48.6132563,-96.5352209
2700024,48.1769101,-96.8124444
2702930,45.6081888,-94.5642478
2732820,45.6463738,-94.2489914
2733300,43.5756792,-91.6318727
2700103,47.7535773,-95.4621883
2730510,47.8701514,-95.181105
2718240,46.0420885,-94.4054992
2740920,46.4358047,-94.9641285
2731750,44.877133,-93.2873664
2700088,44.608687,-95.6348351
2740740,47.4744895,-91.4873255
2700001,47.5653577,-92.7232384
2711880,46.2724241,-96.0903114
2732460,46.4416465,-96.3541823
2709690,46.6705876,-92.9108987
2738880,46.713831,-92.3607923
2744190,46.5190014,-92.3437281
2705760,43.8564536,-93.068749
2740665,44.0816379,-92.9166166
2717010,48.2086227,-94.6516094
2732700,48.2561998,-94.0709705
2728080,47.0227262,-95.1357955
2714070,46.0433439,-92.8958363
2723970,45.8486604,-93.4488492
2711085,46.2146579,-92.5934769
2721480,45.9520506,-93.2714573
2709540,44.1000337,-94.9100631
2723010,43.9386145,-94.9535831
2700006,43.9061261,-93.9885016
2791445,44.0846976,-94.1950556
2791451,44.028136,-93.7224228
2718570,44.0440069,-94.4143202
2733480,44.0826578,-93.8714048
2709330,44.3053501,-93.8195353
2704050,44.6196823,-93.7819563
2700124,43.5982023,-94.5435189
2711910,47.5660362,-96.3333442
2713980,47.4062911,-92.9693635
2791450,47.4226819,-92.1921374
2700023,44.7532546,-94.6502106
2700123,45.0423581,-94.0396813
2714970,44.898475,-94.401803
2702640,44.8804377,-94.0614127
2700294,44.251535,-96.0693417
2700108,43.9778346,-96.3110668
2711250,44.8910772,-93.3578231
2700104,45.8922198,-95.9400423
2703300,46.1181063,-95.8362972
2713890,45.8133242,-96.1516174
2703690,46.5603249,-92.7112679
2707590,46.611118,-92.5231059
2718090,44.0032164,-91.8793479
2744070,43.9892275,-91.6630395
2711820,44.6270693,-93.1249707
2709440,45.4665729,-94.461339
2707470,44.7154673,-96.2609803
2713920,46.8929526,-92.2276458
2730090,46.860097,-92.3344233
2721450,46.4333463,-92.796174
2709420,46.7509775,-92.5333728
2703870,45.4446179,-93.8684422
2730450,47.8694782,-96.2980227
2791449,47.6679681,-95.9930738
2709720,47.7977999,-96.5770606
2745735,44.289631,-92.5862494
2728950,44.1720063,-92.6269089
2712420,45.0846155,-93.2592376
2721240,44.9633242,-93.2683198
2725080,44.9973086,-93.610104
2731780,45.0304737,-93.378405
2711370,45.3272507,-93.5722122
2700466,47.5577062,-92.4844344
2721390,45.3003336,-93.8474812
2733390,44.2607998,-94.9772089
2707450,46.0573479,-96.3783584
2742330,45.8110018,-96.4602097
2718210,45.1256455,-94.4978787
2700326,44.2033249,-95.7343321
2741430,44.4211852,-95.3004837
2733840,44.948901,-93.1040631
2700328,45.2577515,-96.3329085
2700110,44.4705864,-94.8958927
2700182,44.5631644,-95.1370458
2708220,43.8432728,-92.2038938
2718540,43.5763611,-91.8301799
2738160,43.8474388,-92.5088855
2728290,43.7863593,-91.7953792
2712580,44.5502905,-94.5223144
2705730,47.6928832,-94.5782797
2709480,47.3437825,-93.3505926
2723310,47.3907141,-93.1490963
2723580,44.3081116,-94.2074862
2700163,44.7903949,-95.2199991
2700101,47.3165421,-96.2256869
2709360,47.5940442,-96.7922684
2718660,47.3456638,-95.839557
2730480,44.5518375,-92.6089783
2719320,44.1736173,-93.2634396
2741880,44.0788088,-93.5189102
2717120,45.233847,-95.3282556
2733810,44.8546881,-92.9284365
2738190,45.0391574,-92.8361886
2723820,45.5052345,-92.9526805
2703030,43.6364923,-93.5615029
2731800,44.0567547,-92.4410717
2703450,43.6693745,-93.0110587
2800185,33.7375793,-90.9516102
2800186,33.9828503,-90.7617666
2800187,33.6055289,-90.5950901
2800189,33.4223538,-88.8761594
2800191,33.65967,-88.782468
2800195,33.1259415,-90.0911968
2800196,33.5007144,-89.6396251
2800198,33.5497896,-90.2949343
2800200,33.9115021,-88.9911767
2800360,33.803174,-88.6071574
2800390,34.8703808,-88.5901763
2800420,31.2039333,-90.7955421
2800450,33.9753329,-88.5644047
2800510,33.1855748,-89.4725612
2800540,34.5159774,-88.6490381
2800570,30.3081266,-89.3541444
2800600,34.8095927,-89.200213
2800630,30.4122161,-88.9409476
2800750,33.7588549,-90.725595
2800820,34.6575856,-88.5626098
2800840,31.5710045,-90.3947917
2800870,33.9366339,-89.3371142
2800900,32.625108,-90.0597208
2800930,33.4407948,-89.918887
2800990,33.3459638,-89.2513319
2801020,31.9728096,-90.9154239
2801050,34.2009281,-90.5747844
2801090,32.4077542,-90.3724407
2801110,34.2303156,-90.6040104
2801140,33.9927997,-89.7324401
2801170,31.3130426,-89.8335249
2801200,33.5408819,-88.4268643
2801220,31.9641408,-90.2681627
2801260,34.9468487,-88.515107
2801290,31.633331,-89.5488968
2801320,34.8749217,-89.9912114
2801380,32.0127206,-88.9963925
2801410,33.967418,-90.064478
2801440,32.1831696,-88.698327
2801470,32.3462138,-89.4953397
2801490,31.1355048,-89.2676366
2801530,31.4777726,-90.8954573
2801560,30.8554304,-88.6422681
2801590,31.2128455,-88.6348108
2801620,33.4188861,-91.1318233
2801680,33.770031,-89.8027405
2801710,30.3860926,-89.0676877
2801740,30.3942565,-89.456794
2801770,30.5490738,-89.2070987
2801800,31.3121504,-89.3057715
2801830,31.8618619,-90.49922
2801860,32.228055,-90.4977264
2801890,33.1976768,-90.8247927
2801950,34.7783831,-89.4701056
2802040,33.1309962,-90.5234209
2802100,34.2810747,-88.3631269
2802160,30.5459181,-88.6734092
2802190,32.3182716,-90.2151739
2802220,31.7336333,-91.0438779
2802250,31.5648075,-89.8270863
2802280,31.6166011,-89.1685317
2802310,32.7501361,-88.6256306
2802340,33.0904678,-89.5886219
2802370,34.255259,-89.3619138
2802400,31.1671789,-89.5010757
2802430,32.4109571,-88.6537911
2802460,31.6938347,-89.1433954
2802490,31.5500087,-90.1075299
2802520,32.7606302,-89.5222495
2802550,34.4023181,-88.6131097
2802610,33.4130061,-90.8665908
2802640,31.4361569,-90.3637117
2802670,30.3659391,-89.1618233
2802700,33.0787236,-89.0373913
2802730,33.4613532,-88.4413891
2802790,32.7593662,-89.9113827
2802820,31.221978,-89.8178685
2802850,34.8679133,-89.6069718
2802880,31.2533502,-90.4907585
2802910,32.3494742,-88.7427644
2802940,33.8967185,-88.3645147
2803000,30.3883778,-88.4590453
2803030,31.4862243,-91.3517966
2803060,32.7553274,-89.1143345
2803090,34.0813454,-88.6033114
2803120,34.5341011,-88.936525
2803150,32.4219085,-89.08876
2803180,32.3036744,-89.207219
2803210,34.47493,-89.9724424
2803240,31.2905377,-90.3713389
2803270,34.8763823,-88.9133145
2803300,33.106606,-88.5661522
2803360,30.3922808,-88.7557559
2803390,33.9717489,-88.7614086
2803450,34.3653652,-89.5349487
2803480,30.3322656,-88.5811746
2803510,30.3819957,-89.2673985
2803520,32.2724563,-90.0918269
2803530,31.3417705,-89.210176
2803540,30.6316349,-89.6366661
2803570,31.124768,-89.0034955
2803600,32.7735454,-89.1091343
2803630,30.5518505,-89.7010485
2803660,34.2229902,-89.0609865
2803690,34.2484174,-88.9358575
2803720,30.8190664,-89.5622328
2803750,34.6245435,-88.5056374
2803780,31.9969503,-88.6792559
2803810,34.2528327,-90.2901707
2803830,32.2692938,-89.9333337
2803870,31.3500325,-88.926235
2803900,32.4138679,-89.5474393
2803930,34.596737,-89.9707012
2803960,32.8088397,-90.8740804
2803990,31.9025047,-89.9177086
2804020,32.019029,-89.4948763
2804050,34.2838671,-89.9335723
2804080,31.1086884,-90.4147269
2804110,34.6898759,-88.910302
2804170,30.790184,-89.112297
2804230,34.6566052,-89.941709
2804260,34.7388349,-88.2348272
2804290,34.6522011,-90.3717697
2804320,34.2678518,-88.7326452
2804350,34.5359123,-89.1222278
2804380,32.5737491,-89.1687681
2804440,31.164492,-90.1034306
2804470,32.3560946,-90.8523838
2804500,34.1201,-89.6345623
2804530,31.642503,-88.678214
2804560,33.6120605,-89.2839612
2804590,32.0183144,-89.2188239
2804650,33.9200722,-90.3176323
2804680,33.2011532,-91.0413752
2804710,31.1610908,-91.3246169
2804770,32.8622192,-90.407996
2804800,32.7656747,-90.3879282
2908250,38.9541306,-94.577159
2910320,38.5077575,-94.0748765
2914490,38.7230232,-94.0087683
2931020,38.7659631,-93.7140139
2916660,38.7643917,-94.0755217
2918360,38.6253698,-93.6779587
2901000,38.9503806,-92.3430263
2928560,38.7504508,-92.2717081
2908460,37.1726916,-89.6580993
2923130,37.0859176,-89.7052648
2927060,39.7498135,-94.7981857
2931460,37.9083799,-93.5866988
2932110,38.5362034,-93.5343975
2909810,38.1270149,-93.02976
2909900,38.4395464,-93.1888003
2918670,38.3834148,-93.3838028
2923270,38.045243,-93.6292585
2929610,38.3936672,-92.9808973
2923460,38.4364926,-90.7953565
2929100,38.316599,-90.9663767
2916860,36.6088873,-91.6633173
2904530,37.00247,-89.8179403
2910770,36.7859022,-90.0220249
2932490,37.1317569,-90.0922581
2925650,36.9314837,-90.1598557
2926400,36.7873397,-89.7942957
2916950,40.0032342,-92.5016611
2923430,36.9880744,-93.1909303
2928740,37.0041863,-93.0432984
2923340,38.3724278,-91.4496153
2900001,38.2721258,-91.714754
2919080,38.4820722,-91.7815466
2910410,38.0945909,-91.4269904
2929250,38.008438,-91.6161648
2905370,37.672767,-93.3801499
2914320,37.8971999,-93.1139849
2931920,37.9609558,-93.3803997
2909720,38.6427555,-90.3297138
2913620,38.5323506,-90.2750587
2916290,38.7223936,-90.2632213
2910800,37.0209641,-94.3522765
2931500,37.1741017,-94.4426142
2927540,37.0769094,-94.1237424
2907460,37.1632099,-94.3086709
2916350,37.0631676,-94.5042859
2922830,39.473952,-94.7322134
2931710,39.4308169,-94.9085464
2910520,38.1777354,-93.7100905
2931070,38.1945677,-93.3212983
2908730,38.6126895,-93.8457845
2904170,38.3533904,-94.1374177
2906360,38.2483026,-94.3370772
2907380,39.3729473,-93.4909903
2930300,39.5794859,-93.509588
2922470,40.327815,-93.3215861
2925590,40.3825625,-93.5946455
2923100,38.986199,-93.9320692
2929880,38.9789643,-93.3810707
2929280,38.6356988,-90.2445816
2922920,39.5894294,-93.161948
2911730,37.6340461,-93.5531763
2913530,37.630156,-93.2460085
2919350,37.289911,-90.0293538
2924530,37.7199513,-89.8572938
2921690,40.5143542,-94.8072777
2910830,37.9825755,-92.1034714
2926890,37.9200551,-91.7562722
2911220,36.7301546,-89.3007382
2904890,37.0324454,-89.4793898
2928800,36.8817322,-93.2773499
2922890,38.389357,-90.6176018
2918220,39.4435957,-94.1706061
2925230,39.3125626,-94.7233773
2918540,39.2551406,-94.397331
2925290,39.5616879,-94.465058
2922800,39.2102953,-94.5247343
2912900,39.1954214,-92.8500813
2915270,38.8711743,-93.2288413
2928360,39.2719249,-93.0613692
2906150,38.7965821,-92.766529
2928380,38.6856185,-93.1023766
2930870,38.1700124,-91.9852415
2910350,37.9576288,-92.2671211
2917880,37.7557182,-92.3070445
2904620,38.7937321,-94.5606224
2925330,38.7747962,-94.2863911
2903000,39.1461264,-93.5157987
2918480,39.1551544,-93.8018101
2926480,39.3154889,-93.9698539
2931560,39.1122669,-94.001486
2913650,39.6739729,-91.365222
2910590,39.5924585,-94.957314
2911940,39.6239638,-94.8002251
2913560,39.1024182,-92.2184153
2929340,40.2510498,-94.5287185
2906450,40.4607141,-93.8026607
2908430,36.877926,-93.0284092
2921000,37.2118278,-93.8646769
2921480,40.1491653,-95.2333009
2915450,37.2118784,-89.5059771
2912930,37.4161847,-94.1251868
2917850,37.5324243,-94.2514161
2928170,37.6791214,-94.2133429
2912010,38.7639614,-90.3191459
2913830,38.8287207,-90.2989704
2918690,38.530201,-90.3959216
2920670,38.4757734,-90.338565
2923580,38.6450002,-90.4914016
2910080,38.9547396,-93.6072534
2914400,39.0742727,-93.7006498
2923010,38.9880432,-94.1246489
2919170,37.1292744,-93.0789176
2926220,37.1438738,-93.4846925
2930990,37.4061692,-93.5463783
2920160,37.4795319,-93.4487999
2928860,37.2088675,-93.2714044
2925350,37.4615894,-93.2783088
2905580,38.9228934,-92.7138917
2923310,38.6972769,-92.9549811
2930330,38.6444455,-92.8156777
2925170,38.8527488,-92.9579122
2906170,37.4346786,-91.2168978
2927090,37.6396289,-91.3742536
2929810,37.2133105,-91.6620205
2911760,40.3285037,-95.3221046
2928410,39.3874249,-94.5639712
2911650,39.32783,-94.218947
2916450,39.3909379,-94.3793955
2931440,37.7655497,-92.1553666
2916200,40.2470447,-94.6830723
2920490,40.3426688,-94.8788717
2925500,37.9708845,-90.8803286
2930720,37.7909922,-90.9074306
2918240,37.8440333,-90.6525729
2919890,36.5765369,-90.0204497
2905730,36.1847578,-89.9011998
2907050,36.5191812,-90.1119279
2914460,36.344313,-90.015504
2909120,36.4535366,-89.9878764
2905130,37.729697,-90.6021747
2913380,37.114448,-90.3798208
2925450,36.7952299,-90.4465174
2921960,38.6255632,-91.2635487
2905940,39.7992934,-93.0827667
2920750,40.5234172,-93.4999526
2920050,39.6798599,-92.9260444
2927660,40.4693611,-92.5190156
2906430,37.1152073,-92.0916288
2932070,36.9546668,-91.9741429
2918600,37.5167249,-91.882191
2922140,37.8985094,-91.9525694
2916380,40.4072747,-91.729472
2923490,39.8156305,-91.5403903
2912690,40.1412634,-93.3858432
2925640,40.4813186,-93.0145585
2920940,40.2171199,-93.1437236
2922770,40.505495,-94.0261951
2917970,39.5627064,-94.2874361
2918270,37.6823948,-92.6324446
2926430,37.8894536,-92.42418
2908670,36.9041621,-89.274766
2921360,38.2591274,-93.9695707
2906480,38.43961,-93.6329942
2919380,37.9824719,-92.9520724
2911580,37.3491938,-93.7163313
2929520,37.6715836,-93.8235849
2910500,38.1037701,-90.5207924
2912030,38.2001997,-90.4593448
2914430,38.2546203,-90.5556013
2931140,38.027934,-90.719351
2918420,37.2175251,-89.9132832
2922650,38.6943058,-90.3050002
2931530,38.5914335,-90.3565098
2907470,36.1885111,-89.6676785
2910140,36.0310438,-89.7796825
2928530,36.0842141,-89.8770808
2902970,40.2536168,-94.3373215
2909930,38.3794864,-92.1940557
2911550,38.3810875,-92.3316569
2916190,38.5943603,-92.1802016
2928430,38.7552188,-91.822101
2921330,38.9442685,-91.452486
2912550,38.8601538,-92.0067023
2930900,40.4592205,-95.069459
2906030,39.4171277,-93.1075442
2916530,39.4752111,-92.9334326
2915600,37.420151,-89.6994212
2907120,37.2874161,-89.5742943
2923070,37.5436013,-89.763334
2910620,37.2266034,-89.7779494
2905790,40.1887706,-92.40237
2927630,38.1689803,-92.5759506
2923220,39.2178231,-94.1226758
2925410,39.5285088,-94.034869
2925710,39.4982148,-91.5337092
2919840,39.493702,-92.2264718
2921210,39.6337178,-91.743154
2928290,39.1151349,-91.1236726
2919260,39.4751436,-91.1340263
2905660,39.3362198,-91.2614803
2923550,39.2230567,-94.6997604
2911250,39.6326314,-94.61689
2920810,39.2113329,-91.8772718
2929700,39.2487705,-92.3087097
2926490,40.3707765,-93.924871
2905850,39.7952445,-93.8404246
2912660,39.898208,-93.9359663
2930390,39.9698371,-93.7949415
2921840,37.8795413,-94.430616
2915330,38.105954,-94.564548
2927600,37.9523502,-94.2002372
2929490,39.7541711,-94.469929
2910920,36.6677512,-90.7768224
2921750,36.6114378,-90.4966452
2923700,38.7370249,-90.4379064
2926640,38.7093362,-90.3683712
2926670,38.749281,-90.2379893
2930660,38.6665713,-90.3320981
2900003,36.4319856,-89.6683217
2928260,36.8810932,-89.6209639
2926610,36.5462114,-89.8376219
2923730,38.7446744,-94.455692
2903200,38.4938215,-94.3431288
2902850,38.4081427,-94.3498523
2920820,38.3190094,-94.5400488
2911070,38.5080946,-94.5411948
2927520,39.4823044,-92.7663277
2921940,39.0239116,-92.7345961
2910950,36.7854583,-92.2452126
2923400,36.5574777,-92.6767927
2919920,39.1812362,-93.3257984
2920410,39.0509999,-93.1684019
2913230,40.2204228,-92.9394966
2914340,38.9339822,-94.5068139
2921540,36.9802608,-91.6059257
2912630,36.8236664,-93.4757679
2908170,36.638919,-93.7541955
2926160,36.698245,-93.4340479
2930810,36.963645,-93.8130821
2920550,39.9028405,-94.4040681
2927570,39.9265546,-94.7996339
2913080,39.0142673,-94.1912077
2915480,39.0832789,-94.402672
2926070,39.0036875,-94.4610383
2910020,39.1710164,-91.6802038
2921875,38.7371978,-92.0949445
2922740,38.9601571,-91.8869679
2931620,39.1080788,-91.4543992
2916740,40.1823975,-92.617057
2922980,40.2427226,-92.7668497
2920280,39.8754036,-91.7382066
2903480,39.8997878,-92.5182533
2928140,39.8697575,-92.052507
2903150,37.5524447,-90.6214258
2920370,37.3771263,-90.2561509
2910380,38.2360394,-90.3805132
2912300,38.4034731,-90.4400779
2913170,38.2303128,-90.7123953
2914250,38.2890634,-90.4107972
2914840,37.3116066,-92.0168452
2921510,37.14209,-92.2985925
2911990,39.1600521,-92.6381266
2912600,36.643122,-92.4267217
2923160,38.8844475,-90.3797328
2931650,38.8000832,-90.8672815
2908400,39.2210675,-92.1002869
2905760,36.7155412,-93.2250186
2913290,38.6180846,-93.3836687
2916830,38.7927078,-93.5753533
2927830,38.6868032,-93.2342602
2908320,38.8296955,-93.8435036
2913760,38.6348571,-94.3481508
2931800,38.6222615,-94.5274093
2928590,37.2197588,-90.9931053
2918450,37.5579219,-90.9034205
2923530,39.4501842,-91.9501688
2912240,36.621748,-93.0552706
2931680,36.6074093,-91.9944366
2905310,39.0224592,-94.3044383
2916400,39.065021,-94.5422019
2915510,37.7292442,-91.1559563
2907080,40.1997283,-91.6520394
2916920,38.777,-93.4249575
2902880,37.0929989,-89.9219196
2923640,37.5108438,-90.0044482
2903060,36.7420566,-91.396016
2930270,36.5574052,-91.4864024
2930780,39.2905813,-91.4983363
2914370,39.2828238,-92.5286672
2921100,39.4245966,-92.3966754
2916500,36.2700028,-89.9485333
2923760,36.3395335,-89.7427429
2905880,38.6201467,-90.3476682
2922500,37.3935449,-92.7871489
2926310,38.1027052,-94.3305481
2904950,36.673392,-89.9879824
2905250,36.9112877,-89.9575956
2905610,39.449996,-93.3189703
2913500,39.5999766,-93.3436123
2929430,37.9318033,-91.3184791
2910200,36.5597043,-91.2815916
2932220,37.0084394,-91.2886026
2912290,39.1502526,-94.2407045
2913140,38.8741345,-94.523952
2927900,36.8751606,-94.5785885
2900002,40.2843982,-94.0345716
2912870,40.1548559,-93.8312357
2913590,39.7601852,-94.0108108
2912540,37.5177215,-90.3535325
2918300,38.906211,-94.3304185
2919230,38.871139,-94.1644135
2904050,36.9157836,-92.6806528
2919980,37.1276197,-92.5861068
2908370,38.8468191,-90.7084154
2931110,38.5679723,-90.9808464
2930570,38.4232296,-91.1126107
2929760,38.2074663,-91.0991628
2905640,38.0769337,-91.1607426
2922950,37.1118561,-92.4248676
2913770,37.3374001,-92.5351386
2906510,38.6438914,-92.535523
2911340,38.3535651,-92.610952
2925530,38.8286247,-92.5980542
2930840,38.4038973,-92.8143219
2905070,37.0381436,-93.5637633
2915390,36.9236796,-93.4765013
2914550,36.5552607,-93.2328615
2905280,36.5488666,-93.4478136
2910440,37.4897917,-93.6580201
2919140,37.4214217,-93.9915749
2913320,37.4562701,-93.829081
2926790,40.4424621,-95.5734229
2903120,38.0951221,-93.9587889
2921880,39.8631793,-92.7703801
2922620,39.3452427,-93.6912702
2913680,39.3376791,-93.8084169
2905820,39.562364,-93.7844713
2911450,37.2251638,-91.3608236
2930510,38.2309462,-92.4321095
2915420,38.0914045,-92.3217776
2930600,39.9722987,-94.5748301
2922560,40.2218975,-95.0478224
2916590,40.0754011,-94.5021899
2922710,40.0625968,-94.8801693
2925140,39.2787504,-90.9287919
2931050,38.7996999,-91.2129598
2932310,38.7941649,-91.0221604
2921660,40.3938803,-94.6728912
2932300,40.4770669,-94.4304225
2909780,37.0134722,-93.4389213
2912180,37.1394526,-92.9295014
2920310,37.0171252,-93.6417789
2922530,37.0307594,-93.3201802
2920610,36.6191409,-94.3583371
2930420,36.855432,-94.2011864
2921810,36.834242,-94.4095148
2929940,40.4877337,-95.3306829
2929130,38.226113,-92.2858039
2931830,38.4125871,-91.9980425
2913710,39.1344498,-92.4332753
2905700,36.7548134,-92.8773656
2916770,38.5861781,-90.4265795
2917820,38.6473595,-90.387682
2920010,38.6190538,-90.3236837
2928470,37.3766024,-90.6841696
2909750,37.1629999,-90.6266192
2907350,37.223575,-94.5534972
2928680,39.6906348,-93.671211
2911670,36.6771723,-93.970605
2928710,36.5656189,-94.0010267
2921120,36.9303357,-93.8952549
2925620,36.8208767,-93.8865401
2911310,37.8306494,-94.0017618
2915300,37.7783929,-93.5480674
2911400,39.1359411,-90.8167346
2932190,39.000511,-90.772845
2930450,38.9861456,-91.0161926
2911100,36.9122679,-90.7740126
2921720,36.568889,-90.6421453
2930520,36.6884725,-90.2667211
2908760,39.8018528,-93.5428779
2923250,39.7569727,-94.3668237
2905910,37.7148271,-94.4817498
2918510,37.513443,-94.5071051
2927870,36.1054164,-90.0977884
2928620,36.0372917,-90.2750649
2909860,38.3926601,-93.7840214
2928500,40.1921654,-94.7859597
2912780,36.4370466,-89.8884066
2900004,36.6640651,-89.5925077
2925110,36.9726544,-94.0288276
2903270,37.2738453,-93.5785115
2932100,38.3629813,-90.3935928
2926850,38.5602731,-90.6266524
2929640,37.2678702,-93.1158191
2932010,37.3007081,-93.3910728
2913800,36.2456238,-89.7597083
2919410,39.7178133,-92.4196247
2922860,39.5443672,-92.4154837
2931860,39.475428,-92.600541
2921600,37.1113544,-93.8255311
2920700,40.4476855,-92.1428235
2906120,37.6614867,-93.020427
2925210,37.5306959,-92.230618
2929580,37.8405835,-92.5514613
2910110,37.5188897,-92.7637695
2907020,39.7367442,-94.2258072
2923670,40.0519987,-94.1628415
2932250,39.8934836,-94.1381021
2915630,40.0502123,-93.9849219
2930360,40.1257838,-93.6723884
2914280,38.6618483,-91.5081787
2908490,38.6203838,-91.7338304
2920640,39.8578374,-93.2947155
2906000,39.9821779,-93.1396718
2904140,36.5876071,-92.1811295
2930750,36.9651644,-91.0394011
2928920,38.793621,-90.5247439
2928950,38.7006126,-90.7518262
2902910,38.5617363,-90.3275373
2904500,38.5500492,-90.3010404
2916140,37.3261574,-94.3177743
2904980,39.7523608,-92.5689102
2906090,39.8841197,-92.8887897
2928110,39.6978712,-92.1055411
2927930,37.1582384,-92.7655113
2911280,40.1284564,-92.1560353
2918460,40.0678744,-91.7538065
2921420,37.0024283,-89.6418078
2906990,38.0423961,-92.7317529
2911700,37.389921,-93.1535792
2920430,37.3407321,-92.9222587
2930690,38.558285,-90.4834557
2914310,37.9006559,-93.3052519
2904020,36.9329262,-93.7096196
2910290,36.8756359,-93.6006685
2931950,36.7699125,-94.0355993
2911910,37.7382708,-90.3037944
2929170,37.8465139,-90.4846469
2905430,37.9504091,-90.4798606
2929370,37.9423565,-90.1875482
2915660,38.7444486,-92.4482678
2926970,38.5015158,-92.4219222
2910260,40.1539503,-95.3811199
2923190,39.9837508,-95.1166144
3000099,48.2134104,-113.0927582
3000102,47.9756126,-111.6223969
3000654,45.1777253,-111.2145939
3000655,46.6920742,-111.7704865
3000656,45.7722542,-108.4232181
3001860,46.9129553,-114.608016
3002640,48.2223864,-104.1430666
3002730,46.2577616,-104.2255865
3003270,45.0515718,-109.0043711
3004800,45.1614679,-108.6322858
3007410,46.3069915,-114.0542175
3008130,46.2784256,-107.8071138
3008280,45.8592371,-114.1484564
3009120,48.2931093,-108.3732981
3009930,45.1448114,-111.6893471
3011100,46.6383853,-114.0997272
3011520,47.1924816,-114.4814516
3012210,47.6779275,-110.2251812
3012300,47.2648003,-110.5273483
3012420,48.1402626,-106.7763441
3013260,46.1970624,-114.0829822
3013470,46.4349821,-109.8836882
3013660,48.0744699,-108.6751949
3014640,47.5627743,-114.5977234
3014700,46.0129181,-108.1070184
3016290,46.3984825,-109.0156962
3016710,44.6708769,-112.3885092
3017580,48.0477714,-107.932279
3019170,48.2265467,-106.2756602
3019740,48.7986484,-106.3952833
3021000,46.3819924,-104.6598538
3023160,47.4266552,-108.772077
3023340,46.3626429,-109.3212913
3023670,48.794429,-105.5417385
3024930,47.3460297,-115.3218988
3025470,47.1002802,-114.8650872
3025950,46.8123882,-105.5039383
3027270,46.4046943,-114.2430146
3027630,44.7998833,-111.1903797
3027730,48.8563682,-104.17083
3027930,48.8155213,-107.622051
3028380,47.5920752,-109.2727545
3028470,47.1419168,-108.2265753
3028770,46.5856996,-110.9217396
3028020,46.9629657,-104.2745184
3003750,48.0527038,-110.070308
3020850,47.5476578,-114.887581
3004980,46.3459646,-111.4919778
3016530,48.2699975,-115.3661912
3016810,47.1920322,-112.7472898
3006110,47.3329503,-114.0197476
3011650,45.4259907,-108.8152258
3012840,46.285772,-113.4674064
3013530,45.6098408,-111.682997
3014070,47.602723,-110.7493077
3014430,46.8815857,-110.0309861
3024990,47.032558,-110.30532
3025320,48.8145768,-111.8062319
3014760,46.2271129,-107.2752957
3018170,48.5184529,-104.3755937
3020960,48.8012906,-104.6876376
3022710,45.3653689,-109.1509144
3022920,46.4206746,-106.3658533
3026730,45.5286826,-112.3675253
3100002,41.2716001,-97.1529842
3100003,41.157395,-96.9571975
3100004,42.4782009,-97.1089678
3100006,41.8796205,-96.7657476
3100008,41.9884228,-96.9843582
3100010,41.5882241,-99.851819
3100011,41.3386628,-99.5913952
3100012,41.2183799,-99.9135098
3100015,40.3131672,-100.1664422
3100016,40.923133,-98.3543191
3100021,40.8926083,-96.5113739
3100022,41.1320218,-100.7515913
3100023,41.0982912,-100.5512379
3100024,41.172887,-101.1692275
3100029,40.0771683,-98.1750914
3100041,41.9416146,-97.2117025
3100065,40.1108481,-98.9582119
3100066,40.324831,-98.6403305
3100067,41.5243537,-103.6777238
3100070,40.8886177,-99.2647601
3100072,41.366907,-102.9248755
3100073,41.4336086,-100.2089995
3100080,40.1120863,-99.3455364
3100082,42.6030306,-99.1596113
3100085,41.2469099,-98.4768979
3100088,40.5894577,-96.6371393
3100089,41.2548307,-98.2463628
3100090,41.7927005,-103.3130888
3100095,40.6468752,-96.8859126
3100096,40.6312916,-97.2848295
3100097,41.8918622,-103.9623468
3100098,41.768987,-103.6802617
3100099,40.9055899,-97.3586249
3100109,40.1592552,-99.6787646
3100110,41.1155054,-102.0469177
3100111,40.6537149,-100.1667687
3100112,41.5321465,-97.4162334
3100115,41.4795741,-96.7608089
3100117,40.8354169,-97.796943
3100118,40.5493501,-97.6005427
3100120,40.1551872,-100.9142391
3100121,40.7309482,-98.3480936
3100123,41.148398,-97.8310649
3100124,40.3197645,-97.666783
3100125,40.0834424,-96.8726915
3100129,41.4183712,-97.7023852
3100130,41.0684776,-97.6079058
3100133,40.5933281,-97.3981212
3100140,41.1474548,-102.5563477
3100141,42.3176838,-96.6765725
3100157,40.8347635,-101.6959456
3100163,40.5090059,-101.7540561
3100165,41.3024486,-96.3356861
3100170,42.6542331,-102.2417863
3100172,42.5174983,-99.0016985
3100176,40.4280431,-96.1763482
3100178,40.2046087,-100.3671227
3100183,41.7209502,-96.9544049
3100184,41.602905,-98.2563292
3100185,41.5034544,-98.565367
3100187,42.880806,-98.7270781
3100189,42.2555496,-98.2910801
3101992,40.882122,-96.282981
3102770,40.5421901,-98.4383129
3102790,42.3595618,-99.9239198
3102820,41.7737475,-98.0637111
3102880,42.448281,-96.8493994
3102910,42.0780302,-102.8279137
3103090,40.3271896,-99.9251419
3103120,41.4289031,-99.1559965
3103130,41.487251,-96.3192793
3103210,41.5136043,-101.6887874
3103330,40.414524,-95.7675977
3103360,40.8838343,-98.0583894
3103420,40.5178288,-99.1517111
3103440,42.0347759,-96.5482592
3103540,41.9753022,-97.6019251
3103600,40.3048941,-96.7421656
3103810,41.1178832,-95.9065399
3103990,41.3740727,-96.1730495
3104020,40.5305259,-99.6537182
3104140,42.6461275,-97.6902285
3104200,40.3099931,-98.4221536
3104290,41.0300698,-100.3644666
3104640,41.9209477,-99.0677567
3104870,41.3726808,-96.6304307
3104920,41.1401839,-98.0689078
3104950,41.038415,-96.7504442
3104980,42.8186918,-103.0425765
3105010,42.1454012,-98.7874921
3105160,41.7196528,-97.132617
3105280,42.8727904,-101.1886967
3105340,41.4002029,-97.4535626
3105460,40.8949649,-99.970528
3105520,42.6910531,-103.3588672
3105550,42.4882355,-97.945475
3105910,40.143697,-97.773975
3105970,40.3312817,-96.9822926
3109120,40.541764,-101.0050061
3162950,41.0517593,-98.6879103
3169840,40.6215893,-97.1260411
3170020,41.3165392,-98.6147125
3170050,41.994833,-98.133134
3170110,41.2858243,-96.2336927
3170140,40.7082242,-99.3595578
3170220,40.5667159,-99.8862773
3170530,40.1155666,-95.5970338
3170650,41.4318768,-95.9972462
3170710,41.415309,-96.4802032
3170800,41.6289625,-102.3563853
3171010,40.7680187,-98.164747
3171100,40.995816,-100.1765507
3171220,41.1208911,-96.2638473
3171370,40.9021238,-97.880703
3171520,42.666724,-97.1405256
3171550,40.6295208,-98.0979744
3171580,40.5839282,-98.3713525
3171610,42.6206811,-102.7043549
3171730,42.3643927,-103.1215611
3171820,41.1925353,-100.9720819
3171940,40.464589,-99.3684139
3172000,42.357343,-96.4934623
3172150,41.6777086,-97.551421
3172335,40.4000175,-95.9997741
3172390,40.7200786,-99.1052912
3172420,40.6291086,-98.6634074
3172480,42.8741814,-99.7009922
3172570,41.2076194,-103.7728671
3172700,40.2324049,-98.125022
3172720,41.7059757,-97.2633344
3172780,40.1818628,-96.4095898
3172810,40.809782,-99.7385793
3172840,40.7964584,-96.7048948
3172910,41.1492075,-99.195296
3172990,40.4708285,-99.4975496
3173050,40.9953596,-96.1309607
3173090,41.2712185,-98.9307751
3173120,41.8650032,-99.4183761
3173210,41.970434,-96.3764583
3173230,41.8228753,-97.4934581
3173290,40.8974009,-96.8414133
3173440,40.6914148,-100.6477894
3173470,40.2232095,-100.6598285
3173500,40.7395494,-97.6015357
3173560,41.5595625,-101.0565264
3173590,41.2247798,-96.4976557
3173600,40.632492,-100.5150831
3173710,40.7668737,-97.0323324
3173740,41.2143713,-96.1542587
3173800,41.8073195,-103.470319
3173830,40.4553612,-98.8877253
3173890,41.9937322,-103.7843561
3174040,42.0653943,-101.149699
3174220,42.1835678,-97.9802856
3174340,41.7673216,-97.77937
3174430,42.0567668,-97.3758549
3174580,40.9871662,-98.3555559
3174640,41.8217781,-96.4344989
3174760,41.2037223,-101.7266059
3174820,41.2900058,-96.0131418
3175000,41.2282244,-97.5701292
3175060,40.7645587,-99.5125288
3175210,40.6775346,-96.4349452
3175270,41.1552348,-96.0467685
3175360,41.1736918,-101.3841036
3175390,42.1244847,-96.7355034
3175510,42.1967222,-97.5303913
3175570,42.3256517,-97.8260471
3175630,41.0774524,-96.1016526
3175660,41.0085584,-95.9360958
3175770,42.5356069,-96.7119268
3175810,41.2190579,-103.3656693
3175900,41.2071075,-96.0402212
3175930,42.3733125,-97.3395449
3175960,41.0064474,-98.934563
3175990,40.1068234,-98.5528206
3176170,42.394749,-99.4208512
3100018,40.4167716,-101.281189
3100025,42.0251033,-97.805099
3100034,41.051748,-96.3868614
3175330,40.0790097,-96.1891434
3100071,41.7841539,-96.2282584
3100114,41.6289017,-96.4963416
3104100,41.5333802,-96.1636797
3100076,41.6770014,-96.703597
3174160,40.6576027,-95.8927104
3174200,40.8797629,-95.9419811
3100077,40.155352,-101.5780853
3100132,40.1254162,-97.5667363
3170440,40.1349798,-97.2113764
3173660,40.3283461,-97.3206876
3100091,41.3837536,-98.0311895
3100105,41.7322039,-102.9905936
3100134,40.3009531,-99.1501957
3103060,41.26282,-99.3653728
3170980,40.7485253,-98.862695
3174940,41.6032477,-98.9727828
3175690,40.9513928,-99.1169756
3100116,40.3912673,-96.5468366
3100179,40.1813868,-95.9308052
3105630,42.7537265,-97.5151133
3175030,42.3638128,-97.5892141
3119560,42.1182868,-96.3462953
3172210,42.0481668,-101.8113166
3174370,42.7345995,-97.9870716
3174850,42.5341653,-98.5750577
3176380,41.8932875,-100.0381445
3176390,40.4449332,-98.0798913
3176400,42.8291433,-97.8399013
3176410,41.6345462,-99.4444105
3176450,41.5044114,-97.0698255
3176470,41.9103955,-103.544068
3176560,40.9451543,-97.0920404
3176590,41.2283217,-97.3776314
3176620,40.8040392,-98.7410173
3176650,40.4185159,-97.7507764
3176710,41.0931107,-103.036762
3176800,42.5230771,-103.7313161
3176980,41.5649298,-97.8574893
3177100,41.5299996,-100.5892612
3177180,40.1218425,-96.6262425
3177340,40.9886375,-99.5590189
3177520,40.6008045,-97.8605455
3177550,40.6784159,-96.1744756
3177730,42.0310447,-100.6187958
3178020,42.5497414,-100.9376282
3178120,42.6150886,-98.1394115
3178210,41.20379,-96.6533407
3178240,42.2557887,-96.873287
3178260,40.8061283,-101.0746389
3178450,42.5055537,-97.5295412
3178520,42.2317729,-97.0632775
3178540,40.8836569,-96.1236626
3178660,41.2441806,-96.0519781
3178670,41.9347925,-98.6227202
3178720,40.4870283,-97.0119829
3178810,42.2318469,-96.4589525
3178840,42.1702195,-97.202838
3178940,40.8462842,-98.5745551
3178990,42.7471005,-97.1670874
3179050,40.8595456,-97.5986076
3179080,41.2317332,-96.408836
3178300,42.1509003,-96.486371
3176860,42.4569107,-96.4521464
3177190,40.4721648,-96.3593718
3200030,39.5377097,-118.2641661
3200060,36.2141295,-115.0143977
3200090,38.9051292,-119.6090191
3200120,41.1411327,-115.3514239
3200150,37.7789658,-117.6323824
3200180,39.9777878,-116.2722082
3200210,41.4079136,-118.1275915
3200240,39.9002105,-117.0472398
3200270,37.634605,-114.8630367
3200300,39.0222125,-119.1974246
3200330,38.516647,-118.4162794
3200360,37.9658636,-116.4590107
3200390,39.1530598,-119.7473681
3200420,40.439639,-118.4094765
3200450,39.4383853,-119.5246462
3200480,40.7313196,-119.6632695
3200510,39.4181759,-114.9005649
3300035,44.3934847,-71.1986349
3300616,43.4522291,-71.0146523
3301350,43.9594503,-71.2742511
3301740,42.9355843,-71.5368709
3301830,44.0359247,-71.8465565
3301860,44.4843279,-71.2771227
3301950,43.1331765,-71.5372422
3302200,44.127498,-71.0606912
3302340,43.38647,-72.3344957
3302370,45.018249,-71.3255686
3302400,44.895203,-71.4095268
3302430,44.8161845,-71.512441
3302460,43.2268116,-71.5586867
3302480,42.9471726,-71.9319266
3302490,44.0057853,-71.0651698
3302510,44.8695924,-71.2564772
3302640,43.1863602,-70.8836226
3302730,44.6650096,-71.2518056
3302850,43.9069595,-71.0475213
3302870,43.911799,-71.7689963
3302880,43.0510273,-71.0882538
3302990,43.1646077,-72.3570374
3303000,43.3669235,-71.0625029
3303090,43.4539146,-71.669893
3303180,43.5194994,-71.3758373
3303240,43.0191982,-71.555445
3303275,43.0187779,-72.3433831
3303279,44.0384029,-71.1708879
3303293,43.0206159,-72.2143736
3303304,43.2720918,-72.1010334
3303330,43.6511891,-71.1504709
3303640,44.1408876,-71.3755309
3303660,44.075844,-72.0046505
3303750,43.1144973,-71.9074919
3303780,42.8092977,-72.5048221
3303900,43.2021909,-71.6967887
3303930,42.7604969,-71.4093933
3303960,43.8248258,-71.4126429
3304030,42.7878355,-72.0351363
3304040,43.3585822,-71.953808
3304050,42.9538419,-72.3068747
3304140,43.5765351,-71.4822628
3304230,43.6354277,-72.2538366
3304260,44.0946897,-71.6313821
3304290,44.2518282,-71.9128413
3304350,42.8460814,-71.4682813
3304380,44.3433515,-71.7951184
3304410,42.8797894,-71.3923261
3304590,42.9849406,-71.4441315
3304670,42.7518915,-71.8626204
3304680,43.6768567,-72.0070913
3304740,42.8520331,-71.5198768
3304760,43.3331787,-71.626402
3304770,43.4830066,-71.0706405
3304830,42.8186453,-71.6733537
3304890,42.8472203,-72.2419932
3304960,43.7205148,-71.368582
3304980,42.7490744,-71.4905435
3305220,43.6437153,-71.799277
3305280,43.0709125,-70.9469395
3305310,43.3713455,-72.2027889
3305400,44.5684949,-71.5193004
3305520,43.1278374,-70.9604401
3305550,42.7309925,-71.3370749
3305580,43.1677223,-71.4385169
3305700,45.145326,-71.2548765
3305730,43.2885012,-71.3093678
3305820,43.0605935,-70.7803494
3305880,43.032583,-71.2031436
3305940,43.2984927,-70.9770055
3306060,42.7882669,-71.2217245
3306080,42.8995551,-71.0643604
3306180,43.479148,-71.4496499
3306240,43.2534762,-70.8879437
3306540,43.3900947,-72.0931359
3306720,42.9255926,-71.1820883
3307050,44.3794006,-71.5396863
3307115,42.8675399,-71.7709597
3307170,42.8110921,-71.3026878
3307200,43.1130444,-72.0136387
3307300,43.4959639,-71.5977111
3333009,43.8833326,-72.0338448
3399997,44.3360157,-71.3018685
3402640,39.9367868,-75.1066438
3412990,39.7857197,-74.9808158
3408640,39.818832,-74.9899655
3406360,39.9062159,-75.062951
3410560,40.8249977,-74.2108562
3411880,40.8206164,-74.1562502
3409810,40.9028851,-74.0634573
3411430,40.7862555,-74.1262199
3412420,40.9472994,-74.0701694
3412450,41.0361833,-74.0442926
3413770,40.8326768,-74.0140875
3413800,40.8547046,-74.0199264
3414160,41.0002412,-73.9340677
3402370,39.8793503,-75.1203958
3403030,39.7297952,-74.8805311
3403240,39.8026811,-74.983763
3403480,39.2737695,-75.0453429
3403540,40.3134499,-74.5202332
3403630,40.2497012,-73.9974576
3403690,40.0495285,-74.9472376
3403840,39.2065547,-74.8183858
3403960,39.2694966,-75.1333181
3404200,40.7520111,-74.1621893
3404440,40.82465,-73.9737928
3404470,40.053506,-74.918438
3418150,39.8379065,-75.15153
3417070,39.7484244,-75.0690921
3414460,40.8203143,-74.1060409
3416080,40.8903167,-74.0114782
3407440,40.9516482,-74.6623771
3416710,41.1951969,-74.4887566
3412870,39.9683681,-75.0578511
3418060,39.7017223,-74.9083512
3410320,39.3900935,-75.0547965
3411670,39.0059437,-74.7975051
3412090,39.7907291,-74.2146092
3412210,39.7391928,-75.4114057
3402820,40.5837895,-74.2274575
3404020,40.5902943,-74.4656518
3400720,40.9186794,-74.8289726
3409750,40.4252175,-74.2264375
3410110,40.4047858,-74.0714039
3413680,40.4256273,-74.1686904
3407830,40.7114174,-74.0647599
3407890,40.7523319,-74.1230925
3411460,40.7936435,-74.0250269
3414850,40.781958,-74.0676485
3400780,40.2359448,-74.0024167
3400930,40.2228837,-74.0102318
3407650,40.234313,-74.0159388
3403570,40.6560901,-74.3035628
3405940,40.8047984,-74.204569
3407680,40.723859,-74.2325223
3407290,40.6958894,-74.2288001
3407920,40.6780895,-74.2881141
3411310,40.6988898,-74.4066229
3400790,40.2322961,-74.0000085
3413530,40.6071525,-74.2805307
3412300,40.8086499,-74.9934211
3413260,40.6364833,-75.1749057
3413380,39.5347979,-74.4760989
3413500,39.5293548,-75.3922428
3413980,40.9958863,-74.3145321
3414040,40.0111349,-75.0141279
3414070,40.9064962,-74.0780051
3414220,40.2207424,-74.4701547
3414520,41.023696,-74.0925529
3414730,40.1304989,-74.0338426
3414760,39.1507809,-74.702732
3413290,40.0777477,-74.0699206
3413320,40.0793378,-74.0466475
3413230,40.0457155,-74.4852452
3408820,40.7858277,-74.3291
3411340,40.7242204,-74.1725735
3415180,40.5539473,-74.5274549
3415240,40.8648008,-74.0481151
3415570,40.153764,-74.0268533
3415600,40.1494828,-74.0461693
3410290,40.4502231,-74.4347863
3410350,40.8780875,-74.6011764
3412900,40.9626704,-74.3052049
3410650,40.9128323,-74.3589163
3402430,40.078824,-74.852483
3403780,40.0130239,-74.9474228
3410710,39.9787162,-74.9426511
3412390,40.003099,-75.0358892
3414010,40.035677,-74.9558009
3499997,39.1131138,-74.9573478
3413350,41.0027335,-74.2867425
3411970,39.2695045,-74.5997464
3417940,38.9875502,-74.8181879
3402760,38.9369094,-74.9653744
3406570,39.66078,-74.7670212
3408671,39.3113371,-74.5269565
3412810,39.9585862,-74.6046057
3401500,40.9223342,-73.9980008
3403270,40.8220503,-73.9879322
3403600,40.9400183,-73.958313
3403300,40.8621369,-74.1603932
3412690,40.9147662,-74.1628291
3417520,41.1051852,-74.3909982
3403930,40.8855999,-74.5591632
3409240,40.7580439,-74.4178066
3406810,40.7477011,-75.122777
3407320,40.9995,-74.0965826
3407470,40.9069791,-74.9766748
3407770,40.3490381,-74.4402016
3408160,40.0131186,-74.3203559
3408280,39.8205431,-75.0054446
3407860,40.4518695,-74.1556341
3411160,40.2138156,-74.0537123
3416890,40.1658273,-74.0979898
3410020,39.0932647,-74.8389216
3404740,40.8911966,-73.972515
3405310,40.8506403,-73.9710074
3403990,40.9452388,-73.9924284
3404660,40.9045259,-74.1195136
3404710,40.9749901,-74.0232476
3417280,40.9458547,-74.2450769
3406120,40.6038315,-74.483208
3411640,40.6212554,-74.4394664
3412270,40.7680399,-74.2356922
3405880,39.7000956,-75.1114226
3412720,39.8399753,-75.2399603
3413830,40.9815914,-74.1135057
3409330,41.0820667,-74.1830614
3401920,40.8742931,-74.0297371
3411280,40.9341614,-74.0194531
3413590,41.0613248,-74.1469957
3414490,40.9030993,-74.0935906
3406270,40.8893976,-74.0456981
3417820,40.9886191,-74.0490412
3405490,40.4768719,-74.5504471
3407230,40.497692,-74.670505
3404500,40.5043964,-74.3488425
3409270,40.4046321,-74.3085374
3410050,40.5746255,-74.4982588
3411490,40.4503922,-74.4794159
3418120,40.5612623,-74.2923771
3407170,40.5007945,-74.4279107
3409990,40.5424449,-74.362767
3403900,39.8170922,-75.1165773
3416110,40.9183086,-73.9505227
3416860,41.0133673,-74.1252167
3402100,40.5677486,-74.5372499
3409630,40.5412695,-74.5892731
3415090,40.5697495,-74.6076819
3413080,39.7330938,-75.1296728
3404920,40.2633442,-74.7987038
3407530,40.3563619,-74.8120022
3416290,40.2238406,-74.7636236
3404320,40.2626034,-74.5319777
3413410,40.3582436,-74.6667284
3401530,40.6761185,-74.4227556
3404590,40.6663673,-74.1935028
3408610,40.6273367,-74.2363098
3410530,41.2809575,-74.7305114
3410680,40.8413344,-74.0576708
3400660,39.4235629,-74.4930249
3412930,40.5201604,-74.2713313
3414640,40.4669448,-74.3201919
3415360,40.5744129,-74.4147996
3415390,40.4456522,-74.3784585
3404110,40.4262486,-74.418244
3410500,40.3194824,-74.428785
3400769,40.3700197,-74.9101615
3434001,40.0007874,-74.5820081
3406990,40.9569572,-74.1585611
3412540,40.8575524,-74.1290888
3411940,39.9023003,-75.0805727
3403000,39.9046107,-74.9969997
3406390,39.8937041,-75.0335578
3401350,40.7934814,-74.1611589
3401830,40.8091411,-74.1871418
3415330,40.7419997,-74.2647892
3417610,40.7857553,-74.265058
3402580,40.8472337,-74.2944278
3402850,40.8580173,-74.2297838
3404230,40.7650548,-74.2116548
3405760,40.8797971,-74.1082503
3405970,40.9594705,-74.125202
3406930,40.8604778,-74.0683231
3408520,40.8633911,-73.9884656
3408850,40.8779151,-74.0825
3406000,39.8916942,-75.1166923
3406330,39.8791269,-75.0659184
3407080,39.8365157,-75.0219649
3406300,40.8537041,-74.8248771
3414550,39.5682361,-75.472553
3418330,39.6573957,-75.3191316
3417250,39.7432143,-74.8208615
3417850,39.3963322,-74.8269539
3417910,40.8211975,-75.0305025
3417970,38.971526,-74.8373297
3418030,40.6348845,-74.2898473
3418090,39.2283502,-74.8096207
3418270,39.9164778,-75.0955486
3400900,41.0215571,-74.728186
3401110,39.0883487,-74.7382348
3401140,40.1914176,-74.0151054
3401170,39.8689349,-75.0513618
3401230,40.0703149,-74.0481623
3401050,39.8909917,-75.0733288
3412360,40.8470173,-73.9970615
3409690,39.3309129,-74.5068485
3409780,39.295626,-74.928882
3409960,39.9502216,-75.0503373
3410230,40.213339,-74.4316813
3415810,39.0416905,-74.7688371
3416350,40.44749,-74.170046
3416470,39.7676825,-74.2773957
3416590,39.6123748,-75.2095489
3416650,39.2581116,-74.7269122
3416680,39.3420459,-74.4826256
3417040,39.6841629,-74.5726394
3417100,40.2238157,-74.5949905
3403420,39.9152748,-75.0783915
3416920,40.8530836,-74.1063227
3418300,40.8501831,-74.0870676
3401260,40.6624946,-74.1102012
3406870,40.742978,-74.1529113
3410200,40.7416078,-74.3212863
3416740,40.832468,-74.2428627
3409420,40.1124211,-74.0381588
3415150,40.1700112,-74.0248613
3416560,40.1535728,-74.529315
3412060,40.2544122,-74.0319368
3406540,40.2062665,-74.6752741
3408400,40.2958873,-74.7200934
3417700,40.3032972,-74.6125044
3403150,40.6184736,-74.3159999
3417760,40.6516437,-74.3434472
3413140,40.6154442,-74.4157753
3415900,40.7156222,-74.3646841
3400009,40.7189925,-74.6158734
3402280,40.5887063,-74.6138428
3410590,40.4261235,-74.678446
3418000,40.0279495,-74.8869838
3402030,40.1429022,-74.7111989
3402460,40.0606312,-74.835891
3403120,40.0001617,-74.9916319
3405220,40.0951419,-74.7866089
3406240,40.7927841,-74.0045723
3406720,40.7409562,-74.4968143
3401320,40.673089,-74.686325
3401410,40.1796631,-74.0244398
3401620,39.807116,-74.9241783
3401740,40.0648106,-74.9219042
3401860,41.0354714,-74.3356133
3401890,40.6568857,-75.0762248
3401980,40.9312638,-74.4249278
3402130,40.2016041,-74.0120565
3402160,40.5600242,-74.7161186
3402310,40.1053366,-74.0644076
3402340,39.4138574,-74.3779024
3402400,39.5145409,-74.898625
3403510,39.3016745,-74.7055782
3409660,39.9523809,-74.9948958
3411400,41.0514865,-74.7536009
3415510,41.0522832,-74.6279063
3404680,39.5333174,-75.4984782
3404770,40.8846338,-73.9446545
3404860,39.3539329,-74.775135
3405070,40.8211103,-74.0030322
3410770,40.8388059,-74.4741963
3410860,40.9207509,-74.6407909
3410890,39.8795238,-75.0918141
3411040,40.6807216,-74.3602919
3411130,40.2004697,-74.0333306
3411250,40.0413516,-74.5681472
3411370,39.5510409,-75.0102172
3411220,40.4866775,-74.4444144
3413050,40.5455388,-74.4607205
3415120,40.4885327,-74.279133
3415210,40.3846946,-74.5227618
3415540,40.3901707,-74.4010865
3416800,39.4650072,-74.9971151
3401950,40.9038179,-74.4063688
3402520,40.9977675,-74.3470027
3480370,40.4117712,-74.0198359
3410470,39.6602243,-74.9691952
3417430,39.8419669,-75.1850895
3403180,39.6640632,-75.0743971
3407350,40.7452508,-74.0279257
3416380,40.7674246,-74.0322786
3413110,39.5426497,-75.1299006
3400960,39.3773368,-74.4510702
3404560,39.3804071,-74.6123412
3406090,40.9740727,-74.8025843
3405280,39.5967446,-74.8431626
3405790,40.6513307,-74.3231515
3406180,39.83473,-75.2884822
3406210,40.6802735,-75.1187089
3401650,40.6774549,-74.5672771
3407950,40.4326259,-74.2003424
3408940,40.2953722,-73.989899
3409120,39.6263411,-75.5034509
3412840,39.6992576,-75.4451796
3417670,39.0005979,-74.823573
3407410,40.3749643,-74.1738486
3402220,40.0617726,-74.1095574
3407740,40.0909277,-74.3612691
3408100,39.8551526,-74.2671517
3408220,40.0770685,-74.1985101
3409450,39.9616241,-74.3753153
3416230,39.9839478,-74.1691947
3407800,41.0012568,-74.5512898
3414670,40.6340981,-74.3756947
3416500,40.6952664,-74.2690777
3400004,40.7303287,-74.4188773
3410810,40.7963215,-74.4906524
3412480,40.8596359,-74.4233483
3413650,40.8416396,-74.5785221
3414340,40.8884103,-74.6514969
3400008,40.8692829,-74.9106124
3417310,40.7680098,-74.0170078
3417580,40.7860317,-74.0095067
3400810,39.5583646,-75.3177437
3400840,40.6594468,-75.1570525
3400870,40.9687824,-73.9168962
3413200,39.3885241,-74.5094193
3401440,40.8298024,-75.0733366
3412960,40.691974,-75.1790059
3411010,40.8908526,-74.4420319
3408040,40.9820358,-74.3858956
3410980,40.865597,-74.7419301
3404980,40.9358298,-74.1175045
3409210,40.7971128,-74.11298
3410140,40.9958086,-74.1412624
3408310,39.9694741,-74.0718801
3408340,39.8673079,-75.0289028
3408370,39.3348775,-75.1845789
3408580,40.9237508,-74.304235
3408760,40.8434313,-74.0342395
3408880,39.792079,-75.355179
3409000,40.714002,-75.1554696
3409030,39.450506,-75.4577411
3409480,39.6232487,-75.4146621
3414280,40.6522106,-74.2601578
3414310,40.6653092,-74.2665583
3415630,40.6979658,-74.3344355
3402250,39.429192,-75.2285951
3500001,34.6242043,-105.3108578
3500010,35.300659,-106.7347432
3500030,32.229254,-105.9505623
3500210,35.4655685,-106.4258812
3500240,36.391661,-107.8638216
3500300,32.291833,-104.2807289
3500480,36.6652744,-105.0739773
3500540,32.6398052,-105.6098145
3500660,35.8461435,-107.1601165
3500750,33.2082013,-104.2786927
3501140,34.8070098,-103.2671903
3501170,34.8652226,-107.9479988
3501200,33.0919367,-104.3358224
3501290,33.5451712,-105.0738566
3501320,34.7193525,-103.9466783
3501410,35.696907,-106.6654977
3501530,35.6440668,-104.8630266
3501650,35.8660986,-106.2916806
3501710,32.3068828,-103.9548169
3501770,34.1028009,-107.4552168
3501860,36.0165587,-105.2932817
3502010,35.6396712,-105.601639
3502100,34.1497596,-103.292008
3502130,34.2709946,-108.3284373
3502190,36.8145,-104.3773426
3502250,33.6422529,-104.3448198
3502670,33.1665903,-105.8989081
3502730,36.0087669,-104.7382039
3500060,35.0667858,-106.7022189
3501890,35.0719315,-105.9142147
3500090,31.70955,-108.6374335
3501620,32.3676526,-108.8981993
3500120,32.7875499,-104.6922913
3501470,33.0123543,-104.3494053
3500150,36.8876784,-107.7897738
3500990,36.6194464,-108.2135454
3500180,34.4978392,-106.8087577
3501680,34.7861722,-106.8847795
3500270,33.5913481,-105.5328317
3500330,33.729868,-105.9856955
3500630,34.1389195,-105.5317135
3502220,33.5838447,-108.5098651
3500390,36.4797993,-108.6750792
3500420,36.6557222,-106.5431268
3501380,36.3025552,-107.0118425
3501980,36.6360632,-106.0440041
3500510,36.3627838,-103.3430818
3500570,34.4777941,-103.275401
3501830,34.5580867,-103.6169943
3500600,32.8256856,-107.9942877
3500690,32.1845231,-107.7471911
3500720,36.7460476,-103.7425615
3502310,33.368915,-105.5763545
3502490,36.3484771,-104.4048304
3500790,33.788288,-103.2794657
3501020,34.2546811,-103.7085764
3500810,36.7549353,-107.1765211
3500840,33.9085498,-103.7327288
3502580,34.3391364,-103.0821439
3500900,36.1026513,-106.0896979
3502070,35.8616739,-105.9859857
3502370,35.5426864,-105.9724868
3500930,34.6812881,-105.9359059
3500960,32.3961746,-103.3908956
3501050,34.3592729,-104.3686961
3501080,31.9887061,-106.8584781
3501110,35.6296575,-108.228353
3502800,35.0391281,-108.7470734
3501230,32.7505006,-106.7864268
3501500,32.3738753,-106.8399556
3501260,32.6436866,-103.4103099
3501740,32.9325284,-103.4312924
3502550,33.3480347,-103.424288
3501350,32.1225657,-103.4011743
3501560,35.3909431,-104.6799831
3502400,34.9708335,-104.6972609
3501590,35.49635,-103.3027166
3501800,36.5945736,-104.4701751
3501920,35.7727346,-103.6959016
3502280,36.0160831,-104.1046658
3501950,34.3916901,-106.3081863
3502040,36.1023381,-105.593727
3502520,36.3895424,-105.5621694
3502160,36.8087127,-105.5139472
3502340,35.1819593,-103.1940013
3502640,35.0745833,-103.7802751
3502430,32.6773909,-108.5095436
3502460,33.7668962,-106.8212171
3502610,33.1194684,-107.1881612
3610560,42.0633526,-76.8060854
3621630,42.3312546,-76.7422229
3630270,42.0598622,-76.5758553
3614850,42.1963729,-76.8147599
3622530,41.5660869,-73.602253
3621180,41.3405273,-73.5976089
3613230,41.4619725,-73.874913
3618120,41.3830275,-73.7371717
3609210,41.7063404,-73.5757279
3606630,43.9976226,-75.6132299
3611910,44.0185856,-76.0321855
3617880,44.0248012,-76.2286732
3604200,43.9245023,-75.325569
3613770,44.1313252,-75.3343158
3617820,43.7648399,-75.5946955
3624450,42.64574,-73.7325135
3600020,42.2527458,-77.239595
3614820,42.3569266,-77.6142115
3600007,42.0898019,-77.4983654
3604050,42.3393843,-77.3499899
3603630,42.424318,-77.4487545
3614280,40.7653062,-73.6663956
3616680,42.9107316,-78.6492152
3630780,42.8382775,-78.7523363
3699997,44.0748956,-75.7698122
3629070,40.8835172,-72.4519481
3621930,41.1591059,-72.2498337
3623490,40.970709,-73.0811988
3624060,40.810019,-72.589263
3622560,41.0560657,-73.9956908
3628320,41.1647748,-74.1559817
3608370,43.2285927,-73.9222116
3626670,42.8661496,-73.7860608
3626160,43.0988788,-73.6251295
3627240,43.2235073,-73.6705762
3616740,42.7914132,-73.6387213
3600014,42.9166394,-76.8832971
3612330,41.4070381,-74.3350422
3614430,41.3607293,-74.0197489
3619320,41.4574689,-74.4236281
3619560,41.3926767,-74.5244226
3620700,41.5154019,-74.0473266
3630030,41.4351599,-74.1815294
3602920,42.9616071,-78.7904499
3607020,43.0179014,-78.962657
3607680,42.9384267,-78.7817784
3606300,42.8577778,-74.5271407
3630990,42.3024818,-79.5860932
3600018,42.2086704,-79.4987346
3624660,42.2555629,-79.6902401
3607710,44.1927086,-74.9487414
3614310,44.5771385,-75.4368516
3617430,44.7235124,-75.3311288
3619890,44.5534663,-75.6045468
3621360,44.7886372,-74.9880266
3627960,44.8082544,-74.7466211
3608610,43.9638367,-73.5832486
3619830,44.0549668,-73.5326186
3619920,42.9109458,-75.6788884
3612300,42.7647757,-77.1949664
3622740,42.6469993,-77.0576628
3618030,43.0736919,-76.9861188
3603030,42.1536232,-77.8023395
3604350,42.3453499,-78.1208056
3606180,42.9802348,-77.8499312
3631170,43.0428652,-77.7528014
3624210,43.2534211,-76.7022854
3616140,44.122772,-73.8835
3616500,44.2643469,-73.9465825
3625470,43.1957503,-73.3355052
3615570,42.4080496,-76.4742559
3622170,42.0719805,-76.2193625
3609330,42.4863192,-76.3198439
3603180,41.0113124,-73.8413137
3605640,40.9394931,-73.8264399
3601107,43.0511696,-74.6490207
3601087,42.9856343,-75.0022855
3631410,42.6863669,-73.7000521
3631830,42.6867352,-73.6232467
3628950,42.727359,-73.6705864
3614730,42.8967245,-73.5517315
3615270,43.7967504,-74.3611925
3621300,43.2603185,-74.2749966
3619800,42.755585,-76.3872778
3626940,42.8861164,-76.4107286
3629250,42.8879399,-76.6570454
3600015,42.050872,-78.5371731
3611490,42.3114654,-78.4389139
3630900,42.4129936,-78.6282225
3611700,43.3443747,-76.4131019
3613590,43.3171531,-76.563655
3622920,43.2693471,-76.307647
3620370,43.0488345,-75.2776671
3623370,43.571009,-74.8410968
3626760,43.135995,-75.5779773
3628800,43.8217686,-75.0401144
3630160,42.9320279,-75.3997566
3630930,42.8870434,-75.1828505
3621510,43.0788475,-78.3231394
3625140,43.1864439,-78.5478102
3603990,42.9897233,-78.1773166
3610380,43.0857591,-78.1680026
3616950,42.9860476,-78.0086684
3618960,43.2003729,-78.3816418
3600024,42.3337857,-78.8285916
3600003,44.3866769,-75.0986983
3609960,40.6420179,-73.6631168
3610050,40.773079,-73.6216055
3610980,40.722177,-73.4369387
3610590,42.1255652,-76.8545037
3630240,42.4111563,-76.8945694
3618600,42.9303832,-78.746486
3620970,42.5651995,-78.8789594
3627000,42.8832328,-78.7851812
3606420,42.2532934,-76.3445476
3608460,42.5263358,-76.1883439
3620670,42.2875574,-76.191081
3605670,42.8027579,-75.384738
3605040,43.467045,-75.2997028
3600013,43.0983497,-75.6730825
3620610,43.0997121,-75.289276
3624360,43.3661861,-75.145858
3631050,43.1278416,-75.4409232
3606900,43.2795041,-76.0384211
3602670,44.3199062,-75.878416
3612360,44.3665403,-75.464044
3613440,44.4329818,-75.7123157
3614880,43.9088793,-76.3071516
3615300,44.1864639,-75.7145207
3616380,44.2030588,-75.9577343
3630120,43.9652734,-75.8953171
3606990,41.1721185,-73.7692173
3610080,40.9605184,-73.8076028
3614190,41.2512755,-73.9164602
3619950,41.2081001,-73.6357489
3620160,41.1032888,-73.7706915
3620490,40.9232433,-73.7793439
3622680,40.9004583,-73.8071383
3624000,41.3953643,-73.8390532
3624630,41.0390248,-73.6853244
3627180,41.3051539,-73.7272534
3629400,41.0758665,-73.7866609
3631980,41.2625938,-73.8044923
3621720,42.0747373,-78.4258069
3619530,43.8553317,-74.1183589
3623970,43.7468866,-73.4175272
3626130,43.9347824,-73.8021697
3631500,44.3499779,-73.3903259
3611400,43.0616416,-75.1285696
3617460,43.0260142,-74.8376312
3620460,41.7433857,-74.1235717
3621270,40.9479608,-73.3850025
3616440,42.8184241,-78.8327692
3618690,40.7577718,-72.8431982
3619410,40.9657953,-72.9908908
3619710,41.0275095,-71.9617613
3620520,40.9906994,-72.4711356
3620910,40.7295878,-73.3364592
3621840,42.0430652,-74.2948265
3626850,42.2646458,-75.3335765
3604290,44.7698694,-73.4795797
3607080,44.8987776,-74.0806853
3622830,44.5931452,-73.5567505
3630660,40.694868,-73.6503074
3608310,40.6802031,-73.3952686
3613530,40.8351648,-72.520152
3607860,43.0710714,-76.8191782
3611740,43.1043822,-77.3138016
3625290,40.9492135,-73.7164109
3628650,41.0923668,-73.8676395
3607560,42.5465433,-75.8854448
3607770,43.0414789,-75.3870685
3611370,42.9440424,-74.6493493
3614760,42.8936064,-73.3528095
3618630,40.6318174,-73.4471934
3608160,40.7703685,-73.1464445
3609660,40.9728935,-72.2021023
3613980,40.8205069,-73.2178574
3619200,40.8670598,-73.0655128
3619230,40.8760747,-72.9295681
3620040,40.9645007,-73.0318202
3622470,40.782774,-73.0018862
3624690,40.9740409,-72.714717
3625350,40.8157318,-73.064671
3627060,40.9187865,-73.177293
3627620,41.0553968,-72.472265
3628200,40.9731544,-73.1152773
3611760,40.7257555,-73.6453981
3624750,43.1699272,-77.6168907
3620820,43.0928407,-79.0147434
3628590,43.0409981,-76.1435544
3629370,43.0963822,-75.2259832
3626010,42.8026407,-73.9271999
3631800,40.746689,-73.3710449
3625380,41.0004568,-72.3468955
3624840,40.9652028,-72.9542562
3614550,42.6531453,-78.5454097
3609720,40.713454,-73.176039
3621540,40.6337349,-73.205639
3627300,40.8259182,-73.4088651
3618990,42.6910802,-73.7245849
3613620,40.8819918,-73.3739357
3615540,40.7109394,-73.2224522
3616260,40.9183861,-73.280166
3617380,40.6895952,-73.3738405
3618540,43.1660142,-77.1913503
3627120,43.2181139,-77.0494024
3631440,43.2428811,-77.1841624
3623430,43.0349724,-76.6618324
3606470,44.5923295,-75.1818839
3614250,44.4636068,-75.3023457
3618660,44.928754,-74.906938
3625500,44.9465698,-74.5315128
3600012,42.0816729,-78.1768684
3603240,42.4209974,-77.7113473
3606360,42.4461991,-77.8221268
3608970,42.5359619,-78.4231252
3626190,42.1479678,-77.9922526
3630480,42.0712423,-77.9427362
3600124,42.2053932,-77.6157532
3628980,42.5057519,-76.6849842
3609390,42.5024714,-77.001393
3610500,41.7311232,-74.4225739
3618510,42.1411479,-74.5700152
3618570,41.6204184,-74.0015739
3624960,41.8393363,-74.2450617
3625800,42.0925906,-73.9881105
3629790,41.6399703,-74.1578546
3615090,40.8795869,-73.4163714
3616230,42.98018,-78.8825167
3624990,40.680231,-73.5865123
3625050,40.8002283,-73.6405628
3628050,43.1287201,-78.7759107
3623010,41.585009,-74.3496409
3629970,41.2762758,-74.3732892
3605340,41.1416162,-73.8273722
3617160,40.713911,-73.5128344
3630960,40.7671454,-73.5809688
3631710,40.6358824,-73.7004957
3602580,42.9205858,-78.2500655
3602520,43.2373647,-78.2055367
3611280,43.483025,-73.5312453
3612900,43.078778,-73.5011154
3631290,43.5716368,-73.4156304
3611310,43.2732202,-73.5733778
3624120,43.813365,-74.7236956
3619260,42.5420198,-74.3261453
3621780,42.4608823,-75.0503693
3629240,42.3967021,-75.234819
3608250,42.7029635,-74.9641563
3619860,42.5917135,-75.2176403
3607050,42.461767,-74.8281719
3602940,40.6781672,-73.4191516
3611430,42.3523469,-75.1097412
3609060,42.0910816,-75.4268767
3613560,41.9743964,-75.2398394
3622100,42.6929044,-75.7366554
3604757,42.4625345,-75.3513704
3622260,42.4427479,-75.6446522
3614940,42.2030113,-73.7591397
3628620,42.1775634,-73.5851493
3607110,42.3639447,-73.5458831
3624240,42.0160299,-73.8368479
3627360,43.6529181,-75.3445472
3613020,42.6003588,-76.3651378
3608490,42.3474292,-73.8443517
3624150,42.515232,-73.8624313
3612870,42.4387709,-74.0356875
3631920,40.9458622,-73.8674464
3606060,41.1374094,-73.6999536
3615870,43.6142694,-74.0670957
3629910,43.5141531,-73.8784138
3628710,42.0791671,-76.390679
3609540,42.7363394,-78.634029
3605220,42.3488734,-77.0839746
3613470,42.4259145,-77.1807711
3619350,42.5799655,-74.9550888
3617700,40.8986165,-73.5786005
3602700,42.2740486,-77.7925765
3617130,42.603369,-78.1519455
3623640,42.0688882,-78.3242628
3632010,42.312885,-78.2776263
3605580,43.2255209,-77.926506
3609690,43.2009274,-77.5513991
3611880,43.1349355,-77.7123294
3611190,42.8939612,-74.3716376
3615330,43.7222718,-74.714466
3623130,43.5002206,-74.5795437
3617760,43.965763,-74.6349623
3627330,42.3678826,-74.7217607
3614340,40.7629282,-73.5255475
3615510,40.7293768,-73.5001204
3629160,44.1931661,-74.5686278
3612270,43.1479206,-74.3848618
3619380,41.7780975,-73.6943559
3616290,41.9199948,-74.0261211
3622140,42.6360249,-76.7952119
3626430,42.9058576,-76.7738939
3606540,40.751817,-73.6103278
3609840,40.72555,-73.5596817
3611610,42.0428243,-79.1357282
3622710,43.1514642,-77.4443955
3627900,41.0427183,-72.1410913
3629190,41.1992122,-74.2245453
3608430,41.4238906,-74.060809
3628560,40.8164962,-73.4958988
3614400,41.7344434,-73.9892819
3622650,41.2901659,-73.9250786
3613740,41.0235377,-73.7192829
3612630,43.2343088,-77.6799728
3625170,43.0330931,-77.6507015
3607530,43.1040326,-77.8455454
3623160,43.0648278,-77.5176629
3630360,43.2128895,-77.4443063
3630330,43.216056,-77.3108572
3617970,43.3276569,-78.3504898
3603840,40.6501274,-73.6077093
3604740,40.7511558,-73.4836459
3608010,40.9256203,-73.4632772
3602430,43.0539631,-78.5061896
3602550,42.8988147,-78.5109994
3607230,42.8998998,-78.7607084
3611670,42.74959,-78.8814735
3612390,42.4734554,-78.9725792
3613350,42.7010131,-78.815509
3628680,43.7744126,-73.5160101
3611100,41.2640738,-71.9983101
3600008,40.7742052,-72.9304559
3605310,41.4354159,-73.5925061
3611860,41.3753251,-73.9262166
3610170,42.640348,-78.8651075
3621900,42.7444086,-78.7373161
3614670,42.7612222,-77.5049615
3620220,42.6452261,-77.3997709
3611970,42.8461265,-77.0062354
3620640,43.0759075,-77.100601
3622890,42.953058,-77.0824365
3614220,43.0490581,-74.960477
3624570,42.8378975,-75.0167793
3602820,43.4408108,-75.9818025
3622050,43.4438238,-76.4807686
3619170,43.4507131,-76.26767
3631320,43.1420739,-75.2116316
3623880,43.5565014,-76.1292527
3607290,42.1528533,-75.8471262
3628380,42.0402725,-75.8635978
3604870,42.1019868,-75.9101308
3629610,42.0535839,-76.048264
3604710,42.5962672,-73.8739019
3613080,42.7066764,-73.950482
3627210,42.7348284,-73.8322772
3629670,42.6449439,-73.952878
3630210,42.7188758,-73.7084297
3615810,40.8031304,-73.5593342
3603270,41.6787749,-73.7656122
3606570,41.4724145,-73.6978184
3615180,41.8068809,-73.8796535
3624480,41.9248846,-73.863664
3629880,41.5694215,-73.8463426
3620730,44.0071768,-74.0999654
3602340,43.8015872,-75.9621689
3608280,43.8886759,-75.7123965
3625650,43.6222261,-75.9332507
3604370,43.8011067,-76.1869185
3607650,44.1645753,-76.1722115
3616620,41.3193129,-73.8648071
3619680,41.5210806,-74.2141839
3604758,41.3406673,-74.1672741
3607380,41.3627073,-74.2780785
3610410,41.511928,-74.8539646
3612960,41.215236,-74.2894215
3619650,41.298634,-74.176113
3625320,41.3217291,-74.3869679
3613950,40.9890495,-73.8754874
3616080,41.2661426,-73.5882959
3620100,40.9131051,-73.8293172
3622020,41.16944,-73.853467
3623340,41.095356,-73.8246523
3631260,41.0238004,-73.7510485
3612720,41.0326146,-73.8063718
3624420,40.8001518,-72.710237
3606390,43.0849683,-75.761863
3609990,43.091177,-76.0215656
3626700,42.7084619,-75.5368118
3603810,42.3240343,-75.476305
3602400,42.2236236,-75.556445
3610710,42.1230619,-76.1066012
3618150,42.1888226,-76.0299693
3629940,42.7156496,-78.1760109
3621240,43.049157,-78.8712242
3614970,43.3298985,-73.5432999
3624030,43.3275352,-73.6887566
3600009,44.6581294,-73.7630228
3616170,44.4529355,-73.6420488
3607890,42.0584064,-79.6522111
3605610,42.3786293,-79.4377509
3610920,42.1537638,-79.148308
3622410,42.0495529,-79.4580993
3626730,42.1581259,-79.627915
3620850,43.1239664,-78.927993
3631560,43.2573985,-78.8340525
3612030,42.1209894,-73.7868966
3623040,41.9691217,-73.6843586
3618750,43.1171629,-74.2689682
3627750,42.2190519,-76.5435347
3608400,42.1456558,-77.0576486
3609030,42.8949763,-78.7001227
3615720,42.4858518,-74.6022121
3609240,42.0793601,-75.0118933
3629820,42.1850218,-75.1645442
3625110,42.2910874,-74.5614352
3608910,42.3031809,-74.9188977
3620010,42.6942265,-77.876888
3608790,42.5701406,-77.7337638
3631950,42.8388084,-77.8887509
3622770,42.7279182,-77.9988256
3611550,40.5846895,-73.5612871
3627570,42.7296242,-76.5843857
3603480,42.9070722,-76.5348404
3630420,43.0390979,-76.5482608
3618180,44.7627541,-74.2471431
3631020,40.7998479,-72.6510791
3610260,42.7127363,-75.1856248
3600019,42.6124169,-75.37135
3616800,42.5571884,-75.13213
3615630,42.0816537,-79.2288494
3606660,42.2822995,-79.2788997
3627660,42.0505002,-79.3257967
3609420,42.4823464,-79.3168885
3604530,42.1689678,-79.3394183
3626880,42.5298624,-79.1631569
3611520,42.4288014,-79.3267348
3613290,40.78763,-73.3767921
3605280,40.774769,-73.2595691
3606840,40.7650541,-72.7958058
3606870,40.7874499,-73.191898
3625410,40.9189247,-72.2573784
3625920,40.7294948,-73.0869668
3626640,41.0655763,-72.3196448
3607980,42.772867,-73.7077593
3602460,42.6657453,-73.7983532
3623280,44.692025,-73.4582762
3612660,42.7479043,-73.6924663
3623760,41.6945945,-73.9198692
3605850,42.8924919,-78.8596862
3630060,42.8041515,-73.6872928
3625770,43.115509,-73.8360267
3623520,41.4817038,-74.6483567
3614490,42.1757085,-78.3985463
3620580,40.6627117,-73.9386769
3628740,43.011935,-78.8834425
3604140,41.5093775,-73.9622164
3606500,41.655083,-73.9273718
3604620,42.7093071,-73.3980095
3605520,42.7868698,-73.5525035
3609630,42.5762118,-73.6523509
3618900,42.8826391,-73.6829454
3620430,42.4705539,-73.4448224
3626070,42.5104458,-73.7189727
3618240,40.9216318,-73.7438883
3602730,42.0722103,-75.6752783
3607260,42.2199703,-75.8570896
3615900,42.1458976,-75.9564895
3610950,41.7184025,-74.5799647
3600023,41.7531002,-74.987694
3617220,41.786674,-74.7676688
3628890,41.9039376,-74.5476191
3617580,41.9633117,-74.7428946
3619740,41.6286915,-74.6943953
3621000,42.7499866,-73.7545622
3617190,43.2154054,-78.9799773
3617670,43.1628887,-78.6880742
3620760,43.2763018,-78.6933455
3602370,42.1008317,-77.3148712
3623790,42.5311481,-77.2817911
3617940,43.0840278,-76.127239
3627150,43.1077808,-76.251353
3629130,42.8175733,-76.1568179
3610530,42.2685291,-78.6035792
3624090,42.1093442,-78.9062829
3623070,42.3250696,-79.0824682
3611250,42.4513428,-79.1664757
3629760,40.9443748,-72.2425434
3630540,40.7072171,-73.3597805
3630690,40.7028607,-73.295526
3612240,43.3164868,-73.6516287
3616530,43.5789048,-74.4240332
3606330,42.8563571,-77.3034968
3622380,43.0685886,-77.2661576
3624270,42.9803453,-77.2439211
3614700,42.9472487,-77.5767288
3629640,42.9890598,-77.3900057
3604920,42.8914399,-77.4552403
3615210,42.4013967,-73.7100914
3600016,42.6331311,-73.5375989
3606210,43.0293154,-73.3778171
3628110,42.9752964,-73.679613
3603210,43.2321534,-73.479006
3612450,43.4000654,-73.3122873
3613830,43.3557369,-73.4131564
3603960,43.3177602,-78.5450881
3625440,42.1508682,-78.7111563
3617520,43.1366513,-76.207355
3621210,43.1603615,-76.105366
3607470,43.0906556,-75.8835628
3616410,42.9169235,-76.115135
3614010,41.2442858,-74.0162418
3620340,41.1429377,-73.9681263
3627810,41.1439137,-74.0623399
3626100,42.7041027,-74.2722453
3620880,42.8191299,-73.8754266
3600004,42.76326,-73.9357955
3626310,42.88027,-74.008198
3600001,43.1854341,-74.7183786
3610230,43.2576075,-74.084938
3623670,44.6657309,-74.9920116
3623310,41.1377774,-73.7850239
3623460,41.0055086,-73.672731
3625260,40.9447383,-73.6863743
3629040,40.9415088,-73.8139053
3605370,40.9161943,-72.3064325
3608130,40.8392886,-73.286328
3608880,40.7611363,-73.3252604
3615780,40.9145647,-73.0463441
3626840,40.9606829,-72.8870532
3627540,40.8900684,-72.3921037
3626370,40.8363406,-73.6240579
3626400,40.5971567,-73.489494
3629280,40.7148763,-73.5958961
3629850,40.6180533,-73.5105908
3603000,42.1459512,-74.8003381
3625020,41.9633899,-74.9577928
3600006,42.773601,-74.7828049
3615980,43.0169629,-74.4286474
3625980,42.8177124,-74.0776458
3605820,44.8020343,-74.5086145
3618080,42.9287488,-75.5076886
3630390,41.8863622,-73.5412997
3600021,41.0127286,-72.5476452
3605010,43.5929255,-73.639469
3616960,43.6925053,-73.7858677
3613110,43.3682589,-73.9386174
3616470,43.4077102,-73.6694485
3620190,41.0889894,-74.0146544
3621480,41.10707,-73.9223033
3627450,41.0456755,-73.9346594
3621450,42.5649617,-77.9364897
3631350,42.0206464,-77.760331
3611070,42.4701295,-78.1151581
3600017,42.2975014,-77.9879364
3611640,42.204035,-78.1404889
3630630,43.0669947,-76.2932867
3613710,42.1918865,-75.6664955
3614610,43.2052117,-78.0576845
3623220,40.7754829,-73.4644782
3623580,40.8492928,-73.7055578
3624780,40.6688225,-73.6357919
3606690,43.1787544,-76.562143
3616980,43.2096914,-76.8520602
3603420,42.7897545,-78.3418593
3615360,42.7964479,-78.572626
3607590,43.0071013,-78.6227344
3612990,42.5453281,-78.7030487
3616560,42.6304417,-79.0348751
3628500,43.0195591,-78.80442
3631470,43.0096864,-78.7317791
3625950,40.9890445,-73.775544
3624930,42.7744309,-76.8577662
3630450,43.3986534,-74.3518863
3600010,42.6624126,-74.5337948
3604650,42.6116313,-74.1108187
3609360,42.7574701,-74.1910953
3626580,42.77693,-74.613165
3628020,42.4166282,-74.648014
3606720,42.208689,-73.9388876
3610860,42.8487489,-75.9886886
3606780,42.9113584,-75.8243333
3618330,42.9988527,-75.9733028
3607320,43.0124709,-76.1891954
3604110,40.7346529,-73.0444413
3615480,40.6053572,-73.6490463
3616830,40.5860567,-73.7250967
3617730,40.5833686,-73.6438138
3619500,40.7514651,-73.6440825
3621570,40.6187158,-73.6357373
3606090,43.0751552,-78.0195319
3608340,42.9763537,-78.3542463
3602880,40.9905098,-72.0697464
3608850,42.7344901,-75.8691519
3618450,42.4700652,-76.07212
3618840,42.5891925,-76.0560731
3631380,42.3269654,-75.9849124
3621330,42.5538185,-75.5711865
3607170,44.8629639,-73.4318447
3621260,44.8118022,-73.864913
3625740,44.396765,-74.1742252
3603720,40.6409154,-73.3166911
3604080,40.7105648,-73.2543936
3612180,40.8847565,-73.6447811
3612510,40.7989089,-73.7336528
3614130,40.7038292,-73.6232898
3605460,43.1165956,-77.5725517
3609930,43.111754,-77.4918917
3614460,43.2939562,-77.8020492
3603870,43.1716356,-76.3562298
3609090,42.9990791,-76.0529422
3618480,42.9434112,-76.3120702
3621810,42.951821,-76.2307147
3612750,42.3592136,-75.7594987
3606160,42.3304403,-74.0786844
3612120,42.4102721,-74.3957343
3631590,42.2950979,-74.2720652
3615060,42.1929919,-74.2215782
3622200,42.9163793,-74.848538
3614640,42.6995995,-76.149576
3615990,43.0535263,-76.4371575
3600125,40.8623282,-72.7875206
3603660,42.9064432,-77.7371079
3611940,42.7555173,-77.7776669
3617640,42.7835568,-77.6619547
3600011,42.5655529,-77.5483527
3608100,44.4115496,-74.7991649
3618090,44.7856408,-75.1723244
3621660,44.6655962,-75.520764
3622440,44.5568914,-74.7266506
3627990,44.5638514,-74.524079
3621250,44.9605734,-73.555713
3613380,42.8193201,-75.5149772
3601189,44.2253359,-73.5432279
3600005,43.0611143,-74.1779523
3602970,42.9145175,-74.1890262
3603930,43.0095008,-73.8482586
3605940,42.9339053,-73.9187372
3611730,43.0461131,-74.029627
3608580,41.2107648,-73.8780708
3609120,41.0129921,-73.8727446
3610200,40.9985556,-73.8198696
3610650,41.052748,-73.824386
3615450,41.0454178,-73.8655412
3622500,42.8955867,-78.0298269
3631860,42.8225941,-78.1103816
3609870,40.7637592,-72.7670323
3609900,40.8458508,-72.5753545
3610680,40.8474329,-73.3403427
3612840,41.1166117,-72.3774477
3615390,43.2231798,-77.5971764
3616200,43.329379,-78.0428003
3610890,43.0843076,-77.4245869
3627780,43.1886406,-77.779176
3603060,42.5844043,-74.8372883
3631740,42.609999,-74.7247492
3616710,42.5638114,-76.5422467
3620790,42.3371404,-76.6102451
3606240,43.3902061,-75.717702
3600002,42.9899699,-75.2509182
3614580,43.2786077,-75.2859919
3621960,43.1667127,-75.3716886
3624900,43.257843,-75.4818811
3628140,42.9901273,-75.6060726
3630600,43.1545422,-74.9724876
3617910,40.6518304,-73.677253
3618210,40.6719104,-73.6594783
3618270,40.7961633,-73.6910295
3622290,40.892853,-73.5235492
3623190,40.7099833,-73.4770657
3700011,35.0372618,-78.8074917
3700012,35.5924897,-77.3727387
3700030,36.0439535,-79.4005733
3700090,35.9209506,-81.1774668
3700120,36.4893563,-81.1322987
3700148,35.1227512,-79.1634175
3700153,35.4947402,-83.2747656
3700180,34.9749722,-80.1097633
3700210,36.4434687,-81.4993343
3700240,35.7127445,-79.8108826
3700270,35.6129381,-82.5474965
3700300,36.07209,-81.9202847
3700330,35.4823128,-76.8420144
3700360,36.0590432,-76.9623641
3700383,34.6586228,-77.3527887
3700390,34.5919375,-78.5394885
3700420,34.0387542,-78.2277653
3700450,35.6093706,-82.5304234
3700480,35.746182,-81.7061795
3700530,35.3832518,-80.548533
3700580,35.9663959,-81.5125404
3700600,36.3423438,-76.1624876
3700630,34.8583428,-76.5358602
3700660,36.3943252,-79.3396193
3700690,35.6524339,-81.206583
3700720,35.921708,-79.0761533
3700750,35.7049939,-79.2514542
3700780,35.1371499,-84.0614491
3700840,36.128979,-76.6027521
3700870,35.0529971,-83.7522638
3700900,35.3346302,-81.5571145
3700930,35.0132363,-78.3375422
3700960,34.2616017,-78.6393077
3701080,36.3721739,-75.9412242
3701110,35.6900677,-75.7268325
3701140,35.7951312,-80.207107
3701170,35.9293554,-80.5425524
3701200,34.9344033,-77.9335434
3701260,36.0338282,-78.8781246
3701320,35.9170773,-77.6027422
3701380,36.2861667,-80.8337331
3701500,36.1324661,-80.2569608
3701530,36.0882413,-78.283106
3701620,35.2928335,-81.1773638
3701680,36.4421353,-76.7023552
3701770,35.3483644,-83.8309147
3701800,36.299884,-78.6576338
3701830,35.481959,-77.6816876
3701920,36.079065,-79.7886652
3701950,36.2414527,-77.6541049
3702010,35.3686603,-78.8716648
3702040,35.5588823,-82.9813074
3702100,35.3364267,-82.4795828
3702160,36.3635174,-76.981616
3702190,35.7351918,-81.3491443
3702250,34.9615414,-79.2439344
3702280,35.4081567,-76.1536867
3702310,35.8225662,-80.8811926
3702340,35.2767839,-83.1308683
3702370,35.5134188,-78.3673482
3702400,35.0322677,-77.3561946
3702430,35.4952818,-80.6161891
3702560,35.4763365,-79.1721174
3702610,35.2400662,-77.6355141
3702640,35.8163091,-80.263079
3702680,35.4884909,-81.2268928
3702760,35.1529593,-83.421901
3702820,35.8642061,-82.7126312
3702880,35.8473006,-77.1196022
3702940,35.6822683,-82.0480453
3702970,35.2468623,-80.8338317
3703000,36.013102,-82.1635541
3703060,35.3275482,-79.9107517
3703090,35.3082734,-79.4927233
3703120,35.58202,-80.7964448
3703210,36.5134504,-80.5936301
3703270,35.9659447,-77.9875546
3703310,35.1168292,-77.0813197
3703330,34.1834455,-77.8642043
3703360,35.7075739,-81.2145632
3703420,36.4217739,-77.3983518
3703450,34.8264091,-77.5315579
3703480,36.0890695,-79.1258309
3703510,35.1475747,-76.6652684
3703540,36.2651986,-76.2606907
3703570,34.5125561,-77.8881063
3703600,36.1808969,-76.4032445
3703630,36.3883077,-78.9737165
3703720,35.2779011,-82.1676211
3703780,35.6035574,-79.9496632
3703870,35.004636,-79.7556946
3703900,36.4587898,-77.6564659
3703930,34.6392096,-79.1008811
3703990,36.3818062,-79.7827539
3704050,35.641355,-80.5217214
3704080,35.4027469,-81.9195825
3704140,34.9399448,-78.3922143
3704200,34.8400226,-79.4773366
3704320,35.3104492,-80.2543742
3704380,36.3937966,-80.2699209
3704410,36.415416,-80.6864631
3704440,35.5108912,-83.5202655
3704500,35.8835688,-80.0795888
3704530,35.210099,-82.81666
3704590,35.8704196,-76.1653454
3704620,34.9918204,-80.5304264
3704650,36.3654806,-78.4054343
3704720,35.7898464,-78.650624
3704740,36.3981051,-78.0998993
3704800,35.844713,-76.5722906
3704830,36.2353679,-81.7098875
3704880,35.3541896,-78.0086695
3704890,36.3521632,-77.6140529
3704920,34.3470838,-78.7283079
3704950,36.2088833,-81.1660949
3705020,35.7003569,-77.9215978
3705040,36.1587653,-80.6651641
3705070,35.8893259,-82.3039535
3800014,46.8652283,-100.7594168
3800016,46.0803367,-100.2227613
3800017,46.2799249,-100.2708068
3800018,48.7684466,-97.6117891
3800021,46.8742415,-98.8085798
3800023,46.1625185,-103.089046
3800025,46.6370742,-97.0836358
3800029,47.9563215,-100.4456436
3800036,46.4611158,-96.8548952
3800039,48.4029366,-102.9036932
3800041,47.4329473,-97.378455
3800044,47.1445417,-97.1016241
3800047,48.4074813,-100.6138709
3800048,46.9309437,-102.3403335
3800054,48.8998154,-97.6999888
3800056,48.2312964,-97.8715233
3800059,47.7230342,-99.0821001
3800392,46.814496,-101.4457209
3800397,48.5648573,-97.7535588
3800401,48.3910165,-97.9162163
3800404,47.2257376,-97.6740192
3800406,48.5068166,-97.4146689
3800825,48.7123333,-100.9393357
3801950,47.8548212,-100.2301494
3802170,46.0681542,-99.3130075
3802380,47.0117127,-103.8159885
3802530,48.8446318,-99.8027883
3803060,48.8098911,-100.3984433
3803090,48.8558751,-102.2568013
3803590,48.856305,-102.6402669
3804090,46.8836005,-97.2844462
3804140,47.6212958,-97.0374781
3804560,47.4061942,-98.1456153
3805160,48.8255065,-103.3611958
3805340,48.603987,-97.2229029
3805460,48.8548764,-100.0630899
3805850,46.4063233,-98.7012027
3806010,48.0471478,-103.8704491
3806090,46.0687015,-98.6200351
3806210,46.7999387,-103.1630761
3806690,46.0176345,-96.6464124
3806780,46.8351754,-96.8180562
3806910,47.5363962,-97.8247669
3807830,46.8068722,-101.8009314
3808710,46.0444591,-96.8926564
3808890,47.7387434,-99.9302551
3809410,46.09703,-102.4871903
3809570,47.3747468,-97.0172146
3810500,46.3042473,-99.0170528
3810740,46.3845738,-98.2955867
3810810,48.7832629,-98.3757497
3810860,47.9252947,-97.6517225
3810980,48.2803192,-99.4277665
3811140,46.0712287,-97.1671713
3811700,47.9851423,-99.5858572
3811850,47.6862822,-102.5558171
3812350,47.8410578,-101.314234
3812540,47.7263684,-103.2270414
3812660,46.9499949,-99.2562665
3812920,48.1256631,-97.480817
3813050,48.2912278,-97.333009
3813230,46.6952206,-98.6051435
3813710,48.364707,-103.2272472
3813920,47.9822326,-102.5405541
3814340,47.7507389,-97.6097221
3814500,46.1493898,-98.1056738
3814940,47.8824055,-102.1379051
3815150,47.1279803,-98.9247808
3816050,48.6526827,-99.8090267
3816130,48.3117694,-99.9547056
3816430,46.0446424,-97.6541142
3816470,48.0066475,-101.1123247
3817130,46.8821625,-102.9882827
3817460,48.9436386,-99.7971085
3817570,48.3195286,-102.3631399
3817670,48.424739,-98.8476245
3817910,48.3050766,-101.0465126
3818280,47.8110155,-97.1437202
3819020,46.2322388,-96.7513848
3819410,46.8736628,-96.9169773
3819470,48.9009573,-101.00516
3820130,47.145123,-100.3168933
3820190,46.2680411,-99.5646859
3820400,46.0278669,-99.8159496
3880783,47.5027045,-100.3186346
3800024,48.5971285,-102.6143368
3808460,48.6139499,-103.8023168
3800027,46.519637,-102.915479
3800031,47.3310688,-101.5874171
3800052,47.1445557,-101.2333522
3800032,47.2675514,-101.9432982
3818660,47.4702093,-101.256762
3800038,46.908392,-102.6914148
3810270,47.3742406,-102.7255194
3800040,47.8895508,-98.1503568
3800042,47.5498781,-98.5313229
3800053,47.3794129,-99.2083216
3819260,47.8675965,-98.7570495
3800043,46.6089623,-99.225388
3809130,46.5492371,-100.3200004
3800045,46.3283005,-101.8554451
3800046,46.4217625,-102.3495839
3800049,47.5735382,-99.6395925
3800050,48.7996475,-101.5732155
3801760,47.8990161,-103.6584362
3800057,46.6529357,-98.2706513
3820310,46.3362958,-97.1199899
3800058,48.132025,-101.8249795
3807850,48.4949398,-101.2229346
3810180,48.6549431,-102.0277368
3800060,47.102904,-98.3511287
3800061,46.6187337,-97.579445
3803200,46.2572237,-103.5771594
3800389,47.0000724,-99.795393
3800390,48.5681005,-99.2508621
3800405,48.2213439,-103.6773493
3805040,48.1515317,-98.8272824
3805950,48.42538,-98.4375397
3813440,48.7558277,-98.8730256
3806930,46.3932552,-101.1944912
3809180,46.9037812,-102.0591754
3807170,47.9860854,-99.0220738
3812990,48.0770615,-99.2603293
3807200,46.1027543,-100.8551956
3807590,47.6877872,-101.5486136
3817040,47.9713813,-100.7892349
3808130,47.9148034,-97.228307
3809000,47.6393243,-97.4688954
3810260,47.2999841,-98.7400919
3810600,48.093525,-98.379151
3811430,46.3960412,-97.6653116
3811820,46.7279941,-100.9303764
3812020,46.9128547,-97.7119377
3818850,46.9175065,-98.0404018
3812930,46.2307901,-97.4142394
3814290,46.2269776,-97.7274073
3813030,48.3196907,-101.2847732
3813200,47.1600232,-100.6782762
3813400,48.8701365,-99.4058136
3813510,46.5015495,-99.7767245
3813660,48.2376811,-101.2002818
3816510,45.982293,-101.3633291
3816980,46.3193979,-100.7513126
3817170,48.0446094,-101.3933868
3818500,47.547789,-100.848907
3818730,48.292383,-101.5235941
3819290,47.3177861,-101.0523276
3819680,47.6205134,-102.0002226
3904404,41.4186314,-81.6050806
3904419,41.4832577,-81.801143
3904947,40.7675986,-82.6415426
3900094,39.4447355,-84.3715753
3904427,39.2586567,-84.2659167
3904467,39.2768392,-84.4232681
3904638,39.2775432,-83.9635493
3905043,39.3170625,-84.2763198
3905046,39.5308268,-84.0743167
3904444,39.4735257,-82.2202208
3904733,39.2152139,-84.513104
3904736,39.2499634,-84.6177006
3904431,39.1424551,-84.3770491
3904543,39.1885572,-84.3360212
3904382,40.2634033,-81.8296874
3904647,40.2649075,-81.7312791
3910013,40.3295907,-82.2652731
3904895,41.6848304,-82.8105865
3904897,41.6478259,-82.8236315
3904780,40.3304963,-80.74232
3904458,39.7202047,-84.173327
3904505,39.6740328,-84.235847
3904867,39.8271083,-84.4233123
3904521,40.8654928,-83.9568103
3904742,40.8965662,-83.657849
3904743,40.9254825,-83.7926731
3905068,41.2575053,-83.5591905
3910001,41.1201972,-83.6381284
3904822,41.6170558,-83.7276098
3905054,40.784335,-81.7003578
3905055,40.8674764,-81.7948452
3904461,40.8464373,-81.746249
3904995,40.7896429,-81.5949021
3904963,38.8675368,-83.1490729
3904966,38.7207133,-82.8423802
3904839,41.0168066,-80.9202752
3905015,41.278766,-80.6741339
3904675,40.407473,-82.9603337
3904706,41.6599989,-84.3135379
3904709,41.590843,-83.8673259
3904708,41.5718519,-84.0275355
3904956,41.262122,-83.3317176
3904968,41.1029845,-82.9074149
3904970,41.1175248,-83.3004792
3910020,41.279038,-82.9950711
3904494,40.0746254,-83.7256572
3904884,39.8269235,-81.9080992
3904906,39.6030774,-82.1370373
3904535,39.7111942,-82.0840336
3904687,39.7540398,-82.4629416
3904931,40.9078664,-84.1181978
3904932,41.0957281,-84.2620371
3904935,41.1280383,-83.9816424
3904937,41.0052131,-84.0872944
3904908,39.5032993,-82.7831436
3905059,40.7370199,-81.9822301
3905041,39.583452,-84.3306567
3904893,41.5196059,-82.7945682
3904896,41.7135385,-82.8260021
3905069,41.5564694,-83.4688842
3904557,41.1543277,-84.5000286
3904938,40.9648574,-84.329646
3904386,41.2527358,-84.398145
3905020,41.1709757,-80.8662706
3904516,41.0979663,-80.6204229
3904556,41.1695581,-80.9484345
3905019,41.1724657,-80.6600452
3904436,41.5759061,-83.6507555
3904487,41.6953634,-83.7142019
3904511,39.4289356,-83.796459
3904763,39.168427,-83.800745
3904443,41.3740379,-84.1070899
3910033,40.8848219,-82.0750457
3904612,39.5568851,-84.4201583
3904910,39.6571033,-83.1417699
3904663,39.9717429,-84.5844818
3904667,40.2353251,-84.7380991
3904668,40.0013422,-84.7394227
3904606,39.0025983,-83.9501705
3904990,40.9065887,-81.6023566
3904371,40.8034893,-81.3763564
3904987,40.8582031,-81.2453485
3904447,39.7160086,-82.2467335
3905061,41.4596189,-84.7206056
3904552,41.5682134,-84.6249611
3904671,41.345183,-84.5828449
3904939,41.0000543,-83.9480624
3904579,40.7006278,-84.1809743
3904577,40.8042784,-84.1991081
3910010,39.5649841,-83.4499853
3904515,39.6562152,-83.9264995
3904726,39.6398141,-83.7411982
3904762,39.3185432,-83.5549393
3904639,39.4535703,-83.9767988
3904915,39.1194106,-83.2563556
3904976,40.4697338,-84.1663182
3910005,40.4337688,-84.0457098
3904594,40.389309,-84.3970362
3904979,40.2611634,-84.280715
3904518,40.7847103,-83.833455
3904841,40.5441568,-83.2801936
3904387,40.3166401,-83.0729221
3904676,40.2061232,-83.0184759
3904624,39.9219161,-83.9943346
3904464,40.1572329,-84.2312468
3904551,39.9658213,-84.3444252
3905062,41.6057445,-84.7450152
3905065,41.4891124,-84.4054238
3905063,41.6113122,-84.4463491
3904367,41.4825977,-84.5440264
3905064,41.6584214,-84.5634914
3904807,40.4156162,-83.6360056
3905032,40.1572609,-83.3728742
3904547,40.2897723,-83.4136158
3904375,39.1447627,-84.5035592
3904441,39.247981,-84.552236
3904486,39.2532949,-84.3560928
3904737,39.1396679,-84.6492478
3904739,39.1645826,-84.7413775
3999997,41.1925178,-81.1905648
3904465,41.5193096,-82.9735669
3904847,41.1899143,-81.9469307
3904366,41.2404885,-81.8288212
3910029,41.0307397,-81.7478449
3904506,41.4495314,-81.9301623
3904348,41.0762,-81.52042
3904455,41.0143182,-81.6462767
3904999,41.0048409,-81.5526556
3905005,41.2069602,-81.6315466
3904601,40.0402377,-81.0409395
3904520,39.9954112,-81.1716597
3904600,39.9436416,-80.7990706
3904434,40.1177649,-80.7847646
3904357,39.9968675,-80.818457
3904499,41.2344031,-80.8208746
3905011,41.3767728,-80.909192
3905017,41.405509,-80.58732
3905022,41.163072,-80.7265056
3905024,41.2403256,-80.9250756
3904408,39.2689782,-84.5188022
3904514,39.2295287,-84.4814861
3904734,39.0906501,-84.3535555
3904604,39.1881782,-83.9306418
3904525,39.6834553,-81.5107994
3904682,41.392084,-82.3774545
3904704,41.5267994,-84.3025572
3904374,39.3029006,-82.9762356
3904950,39.2318046,-83.0437006
3904644,40.6632328,-80.7928301
3904482,40.3701102,-80.6343391
3904538,41.3644357,-83.3271702
3900537,38.7147464,-83.5926534
3905002,41.2405303,-81.4482663
3904391,40.641618,-80.5826542
3905009,41.4638747,-80.9044332
3905012,41.23646,-80.5617836
3905013,41.3108581,-80.857305
3904349,40.9113021,-81.0955223
3904532,40.8961258,-80.6644474
3904838,40.9123111,-80.9898123
3904483,41.1740864,-81.432392
3904919,41.0566968,-81.3388601
3904922,41.0930326,-81.0822529
3904617,40.6818523,-81.1860523
3904991,40.7722695,-81.2575873
3905018,41.3111886,-80.7462331
3905021,41.4041362,-80.7307411
3905023,41.3185392,-80.9494197
3904832,41.0855802,-80.9165276
3904352,39.3695576,-82.1125635
3904659,41.560646,-81.5077
3904660,41.3832616,-81.4442489
3904424,39.5110239,-82.4402998
3904590,39.2373579,-82.1569888
3904565,41.1848798,-82.2568315
3904678,41.3132091,-82.5498158
3904575,40.7218942,-83.9540116
3904578,40.6751135,-84.0414253
3904549,41.6834834,-81.3334548
3904787,41.6098644,-81.3405334
3904446,38.7513454,-82.9361529
3904962,38.8553791,-82.8473763
3904965,38.7026815,-83.1772709
3910027,38.7612095,-82.9157687
3910017,41.3812232,-81.5292264
3904457,39.1606002,-84.4535679
3904469,39.2245844,-84.4341399
3904471,39.173526,-84.4932939
3904799,39.979879,-82.4296594
3904526,40.9549665,-83.374879
3904470,41.4706276,-81.8547771
3904475,41.476343,-81.5518674
3904491,40.4656204,-80.6155522
3904504,40.1160144,-82.9097315
3904933,40.9015169,-84.2829164
3904936,41.0979874,-84.1020854
3904934,40.9805524,-84.203597
3904745,41.1429815,-83.8080767
3904825,39.955753,-83.295202
3904993,40.8616028,-81.3602031
3904981,40.2476419,-84.4015677
3904595,40.4568411,-84.3904908
3904985,40.8679497,-81.4877163
3904984,40.6893946,-81.5555938
3904438,41.1317725,-81.838918
3904849,41.1671986,-81.7348383
3905056,40.9522161,-81.9134816
3904848,41.0571984,-81.9527854
3910028,40.9578708,-81.7932905
3904628,39.8815294,-83.741576
3904481,39.9292663,-83.8011934
3904623,39.8605474,-83.8988182
3904351,41.8363729,-80.8117689
3904585,41.8517614,-80.6772942
3904588,41.6151626,-80.622257
3904586,41.5672528,-80.8753219
3904405,41.7560441,-80.9319236
3904757,41.2229177,-84.1586778
3904759,41.2615801,-83.9886847
3904837,40.9470768,-80.5745012
3904498,40.5776947,-84.1546639
3904580,40.7108528,-84.3651278
3904597,40.5914336,-83.9640642
3904752,40.6264231,-83.8245029
3904377,40.364771,-81.3250714
3904567,39.8007812,-83.8985904
3904627,39.8254093,-83.6789383
3904725,39.7581721,-83.8096574
3904914,39.1365321,-82.973432
3904479,41.521445,-81.5079949
3904500,41.4412721,-81.5188997
3904656,41.3800125,-81.6332899
3904554,40.2522946,-81.5958815
3905027,40.4917223,-81.6497989
3904951,39.2613942,-83.2042072
3904954,39.4095498,-82.8750014
3904381,41.8782379,-80.5585868
3904997,41.2070384,-81.5496955
3904998,41.100603,-81.6317025
3905001,40.9538164,-81.4720418
3904707,41.5408899,-84.223759
3904758,41.4540867,-84.0039027
3904563,40.256893,-84.5090658
3910004,40.3997108,-84.2133438
3904489,41.1275372,-83.135445
3904718,41.5793173,-81.2061876
3910014,41.6928607,-81.1939692
3904642,40.730621,-80.6292553
3904851,39.1150907,-81.8734504
3904852,39.0955995,-82.1189414
3904853,38.9833029,-81.8780669
3904971,41.0531925,-83.335668
3904395,41.5910677,-81.5184748
3904437,41.5363263,-81.4353769
3904484,41.3123978,-81.8324022
3904528,41.4269913,-81.382438
3904655,41.4256965,-81.6587987
3904415,39.04597,-82.6906865
3904502,39.1139761,-82.5437849
3904858,40.3994941,-84.6195926
3910030,40.5558036,-84.5987448
3904859,40.400486,-84.7503828
3910031,40.400363,-84.5078242
3904411,40.0286516,-82.4308056
3904539,40.062285,-82.525122
3904803,40.1921789,-82.60416
3904354,41.4852506,-81.9316695
3904355,41.4785843,-81.5025848
3904613,39.4462017,-84.5449318
3904485,41.0516539,-80.5896406
3910016,41.4656416,-81.4451021
3910015,41.7242614,-81.2481223
3905016,41.2394626,-80.7508343
3904364,41.3127632,-81.633022
3904378,41.4784623,-81.6794351
3904879,40.4884087,-82.8985888
3904785,40.4896239,-82.5510661
3904844,40.5918991,-83.0038041
3904430,41.4090472,-81.5628608
3904452,41.4152484,-81.9189389
3904454,41.3093896,-81.7381419
3904529,38.4625444,-82.4501795
3904794,38.6335453,-82.6515215
3904792,38.522816,-82.550526
3904793,38.5192804,-82.3389105
3904796,38.6304837,-82.4698194
3904813,41.426433,-82.1430247
3904472,40.5638475,-84.3814835
3904808,40.4510273,-83.8785371
3904403,38.8097714,-82.2789163
3904591,39.3163813,-81.9094764
3904592,39.5059464,-82.1057077
3904362,39.9653584,-82.9344792
3904507,39.9689678,-82.8839478
3910007,40.8571977,-80.7737852
3904694,39.8180716,-82.7895649
3904513,40.1104453,-83.021355
3904697,39.8621231,-82.8860069
3904696,40.0254489,-82.8473243
3904425,39.9285058,-83.4370219
3904373,39.6257676,-84.1613693
3904439,39.6289494,-84.2680959
3904724,39.7285992,-84.0394757
3904869,39.7918377,-84.3218342
3904870,39.8068954,-84.1450169
3904865,39.7394243,-81.0640568
3904890,39.8310127,-81.4367352
3904768,40.5691651,-81.7557922
3904536,41.7517328,-81.2573959
3904900,39.7301297,-84.5425795
3906496,39.5865828,-84.7864702
3904360,41.381744,-81.8338801
3904835,40.920891,-81.0242602
3904492,40.0441035,-84.2393753
3904561,39.9573581,-84.2183751
3904664,40.0137208,-84.4773487
3904861,39.9242706,-84.1185359
3904862,40.0757984,-84.1069555
3904872,39.8833124,-84.3510287
3904626,39.9958554,-83.9199513
3904610,39.359718,-84.5310545
3904614,39.3442502,-84.6933603
3904453,41.3863169,-82.0228209
3904459,41.2987974,-82.2079689
3904811,41.4451003,-82.0051085
3904814,41.300523,-81.9374182
3904503,40.6262121,-80.6594181
3904582,40.7751586,-82.2369634
3904630,39.0633234,-84.1682386
3904555,38.9461405,-84.2213673
3904633,38.8340996,-84.1229549
3904635,39.0595736,-84.2387412
3904790,41.7639385,-81.1431044
3904402,40.7281977,-82.7718652
3904880,40.4256548,-82.7290712
3904553,40.5566541,-82.832417
3904881,40.6315714,-82.7352131
3904943,40.682626,-82.6051397
3905049,39.4877036,-81.2191852
3910019,39.4477535,-81.4225059
3905048,39.5598985,-81.513255
3910025,40.6510118,-83.5570056
3904548,40.0643669,-83.5669957
3904873,39.8181462,-84.1923167
3904875,39.8549914,-84.117823
3904384,39.7680535,-84.2030379
3904400,39.5364762,-84.2954807
3904634,39.2386358,-84.1495634
3905044,39.3338378,-84.1104131
3904421,39.4419082,-84.2133844
3904727,39.6348624,-84.0679228
3905045,39.3507828,-84.3131979
3904440,39.5030597,-84.3753944
3904488,41.1033636,-81.4221916
3904681,41.367803,-82.7000742
3904815,41.3107708,-82.3249514
3904927,39.8495736,-84.7136777
3904615,39.4860489,-84.7089374
3904564,41.5666659,-84.1424655
3904705,41.6730026,-83.9880561
3904422,40.7396414,-84.1120755
3904576,40.7970801,-84.0602129
3904783,40.4910842,-82.2428076
3904445,40.0755269,-82.4233896
3904782,40.3126332,-82.6612718
3904800,40.0201071,-82.7382531
3904888,39.9749253,-82.1340392
3910021,41.2188902,-83.1712856
3904917,41.3088718,-81.348097
3905003,41.0523267,-81.3974672
3904416,41.1707608,-81.3431493
3905000,40.9466295,-81.5646091
3905004,41.3067076,-81.5270006
3905007,41.3150429,-81.4376078
3904353,41.0178299,-81.6018429
3904410,39.3944359,-84.5691484
3904365,41.4347398,-81.7491795
3904379,41.5073137,-81.5602802
3904390,41.5324531,-81.5772226
3904397,41.4417897,-81.8527974
3904413,41.385997,-82.5862455
3904680,41.3940179,-82.8431729
3904774,41.2274594,-82.4819356
3904359,41.2478332,-82.8686303
3904771,41.2242535,-82.6823448
3904524,40.279831,-81.0788007
3904754,40.4350425,-81.2108396
3904778,40.2282832,-80.7716543
3904456,41.2070471,-82.5973332
3904509,41.0646205,-82.7298275
3904772,41.1222782,-82.4136316
3904989,40.7583375,-81.1047266
3904779,40.4850057,-80.7781704
3904369,40.1076152,-81.5816499
3906968,40.0818855,-81.3813626
3904385,39.2111467,-84.3968298
3904423,39.2266566,-84.4555475
3904527,40.5669647,-81.0467763
3904843,40.6659858,-83.1808866
3904350,40.8577795,-82.2976426
3904546,40.6412551,-82.2558947
3904650,40.9612604,-82.8878795
3904773,41.060302,-82.5523111
3904941,40.5897191,-82.4672184
3904945,40.7627152,-82.462674
3904946,40.9594765,-82.6147941
3904388,40.8296461,-84.3501502
3904474,41.4458267,-82.7105613
3904370,41.077984,-80.5923588
3904830,41.0171072,-80.6672242
3904834,41.0137337,-80.5780252
3904429,40.7640841,-82.5409745
3904944,40.6894968,-82.4076022
3904363,41.3311788,-83.7183891
3905071,41.6093853,-83.4799982
3904463,41.3837975,-81.725073
3904428,39.1851046,-84.3731061
3904451,39.215969,-84.5531806
3904912,39.0009429,-82.8645891
3904959,38.7712624,-82.7362032
3904961,38.6392429,-82.8062877
3904964,38.8976951,-82.9601845
3910026,38.7952558,-82.9724759
3904899,41.1962196,-84.7208677
3904903,41.0454784,-84.6072511
3904393,39.7043677,-84.7087776
3904609,39.4953433,-84.5201822
3904874,39.6514745,-84.4025699
3904926,39.8767392,-84.5221012
3904928,39.6167799,-84.601203
3905051,39.4927986,-81.6589089
3910018,39.3843048,-81.7052986
3904361,39.2966464,-81.6069171
3904672,41.3597877,-84.3478663
3910008,40.7934728,-82.7310088
3904619,40.142391,-83.9182717
3904719,41.3848075,-81.2857413
3904788,41.7800596,-81.059596
3904913,39.0239127,-83.0776892
3904749,40.7703561,-83.6616948
3904399,41.1845134,-83.4400238
3905070,41.2047939,-83.6977709
3904744,41.0250153,-83.7460675
3910002,41.100486,-83.502739
3904392,40.8456992,-80.56108
3904545,40.7781009,-80.7644322
3904643,40.8453785,-80.6666768
3904645,40.7977156,-80.9010212
3910006,40.898079,-80.8525556
3904480,39.8862972,-83.1252716
3904426,41.4481381,-82.1651465
3904476,41.4611957,-82.0911386
3904519,41.3977581,-82.2149782
3904812,41.494495,-82.0159374
3904817,41.2841404,-82.0299676
3904522,40.1454173,-84.4417175
3904978,40.3375409,-84.3486038
3904383,41.1414569,-81.479672
3904433,40.5892988,-83.1295963
3904842,40.5270829,-83.127546
3904747,40.9955131,-83.489867
3910000,41.0310544,-83.6139371
3904751,40.8426656,-83.5179517
3904396,39.8111817,-84.0186822
3904418,39.6982219,-84.1604589
3904495,39.883778,-84.225154
3904868,39.7128797,-84.3153255
3904871,39.7515954,-84.42115
3905042,39.5287728,-84.2042175
3904621,40.2151689,-83.7433499
3904620,40.1924164,-83.5993049
3904625,39.9576766,-83.6528819
3904435,40.7913157,-81.5322488
3904983,40.7456056,-81.3592663
3904992,40.7731117,-81.463428
3904640,39.4211248,-83.6606258
3910011,39.53886,-83.4279379
3904460,41.6458391,-83.3613952
3904490,41.650381,-83.6001275
3904820,41.5268151,-83.7833184
3904823,41.7155199,-83.5144486
3905072,41.408529,-83.7917402
3904701,40.0205189,-83.1775024
3905035,40.8950961,-84.7146561
3904540,39.306897,-83.3756515
3904949,39.4425053,-83.1874278
3904952,39.2732321,-82.8474519
3904953,39.4047849,-83.0358641
3904750,40.5488545,-83.5475842
3904550,39.18278,-84.253911
3904631,38.9519291,-84.101733
3904632,39.1444628,-84.1182453
3904636,39.0584436,-84.0585534
3904611,39.3659418,-84.4130897
3904738,39.2375206,-84.7534288
3904809,40.3180782,-83.9237453
3904657,41.3701677,-81.9324677
3904394,41.3832316,-82.1195718
3904816,41.2300262,-82.1231734
3904389,40.5405215,-81.4918646
3905029,40.5989667,-81.5440394
3910024,40.7961306,-83.2971084
3904368,40.8043194,-82.9730556
3905074,40.9900454,-83.180441
3904508,41.6063221,-81.468028
3904542,41.1668751,-80.567443
3905025,41.1573228,-80.7923292
3904449,41.1865364,-80.7486728
3904717,41.4551847,-81.0467272
3904468,41.171423,-81.2489905
3904566,41.2498176,-81.0574317
3904921,41.0936345,-81.2504366
3904776,38.9021564,-82.5886824
3905039,39.2503718,-82.4854931
3904448,40.4436677,-81.5047111
3905028,40.3267352,-81.4415974
3905030,40.5885264,-81.3964558
3905006,41.0065131,-81.4385475
3904652,40.8410717,-83.0351277
3904651,40.8060647,-82.8793741
3904510,41.625107,-81.4307487
3910022,40.8695856,-84.4949639
3910023,40.8110057,-84.6226405
3904918,41.2845228,-81.2228011
3904920,41.2793312,-81.0970655
3904923,41.2396076,-81.3458624
3904924,41.0297257,-81.199988
3904986,40.9545237,-81.3472545
3904833,41.0498844,-80.5382209
3904541,41.3068682,-84.7507597
3904670,41.2305043,-84.27595
3904358,40.3423108,-83.7822073
3904409,40.1159528,-84.6190661
3904662,40.2415092,-84.6288219
3904863,40.0440104,-84.3554935
3904533,40.1359635,-84.3566888
3904406,41.1507489,-80.7034534
3904689,39.8886065,-82.7419271
3904827,39.7977833,-83.4189206
3904380,39.9814177,-82.9723053
3904407,39.9804532,-83.0443517
3904493,40.0265568,-83.0708921
3904695,39.8400265,-82.9762727
3904730,39.9288838,-81.5438658
3904883,39.9989712,-81.7534888
3904887,40.0890398,-82.0066862
3904877,39.6249458,-81.8616967
3904537,38.865438,-83.8930152
3904607,38.7538774,-83.8385447
3904450,40.9056447,-81.3972876
3904988,40.9176528,-81.1808001
3904905,39.8485275,-82.3067795
3904699,40.089729,-82.807141
3904801,40.0902019,-82.2781476
3904802,40.206051,-82.4155514
3904648,40.2837155,-82.0256323
3904798,40.1505105,-82.6966327
3904826,40.0522481,-83.3347498
3904531,40.4870478,-84.698378
3904857,40.6836005,-84.6590074
3904679,41.602607,-82.7065059
3904716,41.5325098,-81.1008814
3904722,41.484361,-81.3056031
3904942,40.9058734,-82.4632213
3910009,40.8720275,-82.6564265
3904892,41.5514784,-83.1743801
3904894,41.5607949,-83.3521683
3904957,41.4694661,-83.3265635
3904523,40.0833564,-80.7970212
3904599,40.0802068,-80.9110448
3904821,41.667058,-83.6397703
3904517,39.9475194,-81.9741643
3904885,39.8856459,-82.0855019
3906568,38.9203894,-82.2171963
3904688,39.8540165,-82.6111269
3904587,41.704615,-80.7528201
3904420,39.7109295,-82.6187167
3904684,39.6287573,-82.7376836
3904685,39.6433392,-82.5542642
3904686,39.7822341,-82.7063278
3904700,39.9605202,-82.7990264
3904804,39.9736233,-82.6563955
3904909,39.7360911,-82.9564719
3904558,41.5258235,-83.6348903
3904560,41.539793,-83.5606462
3905067,41.4350075,-83.5065889
3904674,40.2314516,-82.8300022
3904702,40.1266257,-83.1410613
3905033,40.4219454,-83.3619267
3910012,40.3933593,-82.4532765
3905053,40.9507969,-81.7021741
3910032,40.8414173,-81.9550889
3904596,40.5036543,-84.2881031
3904414,38.5305212,-82.6763972
3904795,38.4444805,-82.557395
3904829,41.0947202,-80.7607883
3904831,41.0225407,-80.7592994
3904836,40.9526242,-80.7507504
3904376,39.5817161,-82.9884753
3904401,41.3790293,-83.1093591
3904690,39.8970422,-82.5318829
3904583,40.9750665,-82.2960916
3904846,41.0532057,-82.1768653
3904769,40.5368825,-82.013149
3904412,39.1718908,-83.5944776
3904603,38.9125765,-83.7614028
3904761,39.0803044,-83.599595
3906190,38.8866259,-83.470953
3904994,40.6503962,-81.3088822
3905058,40.7072285,-81.8273239
3910003,40.2954245,-84.1323175
3904977,40.2637428,-84.0740088
4019980,34.2525245,-96.5281696
4008310,34.2527952,-96.4125907
4006850,35.4750817,-96.3632169
4031170,36.0778252,-99.2896452
4003360,34.3800784,-96.1469529
4028800,34.5994674,-96.5961423
4006000,35.3118717,-96.4748094
4032220,35.4123675,-96.1507061
4032430,35.2233544,-96.2332867
4019260,35.5821326,-96.3129448
4030600,36.0648797,-95.8542238
4005040,34.0078495,-95.8428462
4006180,33.9348785,-96.4311434
4027640,34.0526195,-96.4883898
4015120,34.9476136,-94.6314839
4028200,35.2667849,-94.6271351
4032970,34.9730167,-94.7298543
4025590,34.9957509,-95.0460371
4004110,35.5146583,-97.6301956
4022770,35.5022286,-97.4901827
4025290,35.5277195,-97.6284952
4011160,35.2984164,-95.6316132
4013680,35.2496174,-95.8695039
4003300,34.9931601,-96.9046573
4002720,36.4414813,-98.4978762
4005910,36.9388456,-98.3385505
4007290,35.7077394,-96.9020137
4019680,35.5289012,-96.8796023
4023040,36.4886761,-95.7125873
4023280,36.2809,-95.8251055
4027390,36.3583266,-95.5320027
4000782,35.2694467,-96.0195648
4031860,36.1222637,-94.6159963
4032400,36.0258173,-94.6674794
4005460,35.7860613,-96.3374845
4003570,36.6048339,-96.1432948
4025170,36.2947439,-96.26393
4028170,36.2930109,-96.0260607
4026880,36.1309278,-96.1037597
4006480,36.0620569,-98.5929284
4016350,35.2837243,-94.9099233
4028650,35.297434,-95.1442289
4025800,35.7043343,-99.9163238
4007500,35.7085544,-99.7415716
4018990,33.968709,-97.0586243
4032940,34.152957,-97.3958758
4029850,33.8025164,-97.1306074
4019950,35.4138945,-97.36327
4020250,35.3362225,-97.4727864
4017580,35.0072458,-97.2473684
4022950,35.9077625,-98.1667324
4004830,36.7930863,-95.20742
4031290,36.6045164,-95.1672008
4029380,35.854294,-94.9654165
4015240,35.9329814,-95.1693172
4013290,34.9960585,-99.45411
4018270,34.9811736,-99.2570182
4021000,35.4001977,-97.7373875
4023970,35.6578306,-97.7543661
4030630,35.3988077,-97.9279204
4026280,34.6134766,-96.8182383
4029160,34.4977874,-96.9759093
4004350,34.206364,-98.4857313
4029640,34.2243424,-98.2352916
4031980,34.1945399,-97.9559038
4018090,34.19486,-97.3003416
4030300,33.9579824,-97.3486333
4025320,36.9493259,-94.7320506
4033240,36.8149242,-94.7102883
4012870,36.6733283,-101.6524673
4030330,36.855779,-100.877985
4013590,36.6994881,-101.4895237
4029820,36.6113159,-101.8702053
4033390,36.8726495,-101.9544355
4009780,35.4711395,-95.870414
4013950,35.7920979,-95.6721144
4020310,35.6177512,-95.8145473
4020550,35.8800141,-96.0987526
4025050,35.6912685,-95.9800913
4012570,35.6758312,-98.3947755
4027840,34.4918132,-94.6738705
4014080,33.8039777,-94.6092424
4003660,34.3440083,-94.9405938
4015370,33.8334794,-94.8570896
4010440,34.1689324,-94.5797425
4002670,34.8931517,-97.7671843
4023550,34.7479937,-97.1862038
4017850,34.810779,-97.6073618
4019380,34.807727,-97.4181704
4028980,34.7494649,-97.0221405
4006240,35.6300681,-98.1419668
4022590,35.7179534,-97.9821608
4010650,35.4680158,-97.9438355
4033480,35.5299894,-97.7493545
4007170,34.6014003,-98.1157831
4007560,35.0662672,-97.9564586
4021600,34.938008,-97.9315919
4010260,34.6560537,-99.5741323
4000033,35.7306608,-94.9418372
4020640,34.387277,-95.6982118
4026640,36.9624004,-95.5182491
4031110,36.2390103,-95.6784501
4010170,36.2826796,-98.0246172
4027630,36.8290647,-96.6110481
4030120,36.6590296,-97.3133386
4031080,35.1238865,-98.100016
4002910,35.1728019,-97.9245634
4005400,35.2236924,-97.7257532
4021510,35.2552549,-97.6101368
4008640,35.3276371,-98.8436499
4006630,35.0708726,-98.5955436
4000014,35.3184724,-99.1456559
4015720,36.0265623,-95.9684706
4016170,35.9319767,-96.2522619
4018840,36.1248868,-96.3759939
4022860,36.0213864,-96.4317102
4026910,36.010361,-96.1046961
4030240,36.1644465,-95.9448255
4013530,36.5729444,-94.7747298
4009810,36.822377,-95.9426439
4026610,34.0058731,-97.8712747
4030420,35.2826929,-97.8058196
4032280,35.695919,-97.0511324
4007140,35.4857645,-94.6804236
4026310,35.4380695,-94.4826554
4031140,35.5440188,-94.940814
4012900,35.5559372,-95.0852293
4012390,35.3599991,-94.6771703
4026790,35.4727741,-94.7906727
4008070,35.488039,-98.9868888
4000021,36.8550756,-95.6380488
4008610,36.935101,-95.8637745
4023610,36.3411597,-96.7749923
4003210,35.3302469,-94.4483321
4004950,35.1795829,-94.8073905
4024630,35.2428516,-94.4903366
4024870,35.0410212,-94.6019217
4032730,34.6691157,-94.7575977
4021540,36.9194744,-97.0810872
4006270,34.8814948,-96.2280525
4021930,36.681103,-95.6389369
4004630,36.7896662,-97.3502126
4017880,35.2683383,-97.1900945
4021720,35.223339,-97.4034725
4008940,35.922017,-97.2419191
4010200,35.962755,-96.5650755
4020340,36.313345,-97.0314758
4024690,36.632617,-97.1176645
4012420,36.4264142,-97.6132887
4031950,36.2658524,-97.9032564
4023850,36.2840059,-97.2602025
4006510,35.4283205,-99.264408
4013650,35.6501466,-99.4201407
4000032,35.4570476,-98.5619735
4010740,35.4177802,-99.3869525
4003120,35.6458867,-99.1196382
4017370,35.8709715,-99.3674512
4020080,35.5385439,-97.470003
4032370,35.428445,-97.6289542
4009090,35.0823654,-95.6524873
4029400,34.8006285,-94.9776557
4008790,36.2101777,-97.5948811
4009570,35.6931321,-97.597889
4020910,36.1051207,-97.3939176
4017760,35.861946,-95.9447036
4032880,35.5146716,-96.042245
4024930,35.4955928,-96.7100432
4023800,35.9392452,-97.0463537
4002550,35.877857,-96.8508686
4013890,35.5142689,-97.1504041
4029070,35.8118964,-96.6815712
4003810,35.733667,-96.1047292
4014370,35.4293503,-95.980313
4022800,35.6018414,-96.0212834
4027090,35.5233199,-95.9384229
4000015,35.7636727,-98.8132778
4029430,35.9502779,-98.9412526
4019410,35.1245406,-94.9927384
4016620,35.1231179,-95.2176315
4006870,36.1804949,-95.7027529
4006060,34.8284107,-96.6112392
4030960,34.8216457,-96.8488318
4002430,34.7697359,-96.6702448
4017190,34.7310102,-96.7190843
4025200,36.3140902,-95.2654689
4026730,36.295413,-95.1063341
4002460,36.430832,-95.247821
4025410,35.1323581,-95.4556987
4015450,35.0998895,-95.8689446
4018780,34.9251478,-99.6293698
4027060,35.2980777,-99.6582544
4011040,35.1669364,-99.8656892
4029310,35.413661,-99.9026902
4019800,35.3139232,-99.4807498
4022830,35.6040779,-95.4172103
4032130,35.490418,-95.1729784
4008370,36.375153,-95.8378889
4009750,35.7796525,-96.5466805
4012060,34.4046023,-97.4828097
4003180,34.2091381,-97.1313782
4028350,34.3252156,-97.1390411
4031020,34.4013592,-97.6538517
4009870,35.0196552,-97.6270862
4026550,34.7686415,-97.9301977
4016650,34.6464546,-95.981502
4006390,35.1905977,-95.5821781
4019440,34.9417023,-95.7736123
4027000,34.8278903,-95.7842176
4014130,34.2887347,-97.4343254
4013200,34.2392187,-98.7403119
4012150,34.3685804,-99.0204933
4030030,34.5002921,-99.0365111
4008490,36.9517861,-94.9250754
4005760,36.8391956,-99.5744078
4021630,35.1383348,-97.275784
4012300,34.0075489,-95.2942733
4015210,33.9981498,-95.5193732
4030197,35.8633142,-95.5153795
4004860,36.7695832,-102.4549036
4011580,36.6225226,-102.8478172
4031770,35.8653874,-98.4151835
4012690,36.2069304,-96.8987784
4033360,36.1220973,-96.7258066
4021180,34.7323403,-99.2512321
4025950,36.0377173,-96.9009504
4028680,36.1236118,-97.082704
4026940,34.9968187,-96.5375084
4032460,35.168723,-96.4790173
4014790,35.0556386,-96.3969587
4006930,35.728177,-94.7581396
4029010,34.4772883,-95.9245766
4006420,34.2143005,-96.2230324
4009910,34.19595,-97.0178461
4024240,34.1461747,-97.1714465
4013920,34.8705645,-95.4882913
4017280,34.8997211,-94.8131779
4004500,35.93719,-95.8726315
4003000,35.0673082,-98.2537055
4033603,35.2770562,-98.3328096
4033602,35.0519896,-98.4232633
4004230,35.3113657,-97.0450593
4010500,35.2762616,-96.826822
4029610,35.2328555,-96.9772264
4027570,35.3460553,-96.9430954
4009390,35.3971379,-97.0268705
4031500,35.0288701,-97.0708675
4004680,35.1512516,-97.62489
4002520,36.7207541,-94.9756983
4016380,36.5183279,-95.0530505
4032190,36.9329541,-95.211854
4007380,36.546475,-95.4642953
4011250,36.7488912,-94.82689
4019860,36.8702256,-94.8745015
4005280,35.672771,-95.1837948
4008460,34.3581649,-97.9212031
4013560,35.8544866,-97.4319484
4009000,35.9631594,-97.6140159
4010590,35.6720985,-97.447009
4006810,35.8057954,-97.7010198
4007670,36.1653864,-95.3605559
4007740,36.28533,-95.6420083
4012090,36.4308731,-95.5447267
4015480,36.1550742,-95.5216991
4005490,36.0427683,-95.7441689
4006120,34.6978424,-98.6392806
4012630,34.4863349,-98.3731545
4015420,34.6229457,-98.7688653
4032010,34.9007588,-97.2554843
4025230,35.0112057,-97.3964109
4031710,35.0613973,-97.4922755
4032070,35.5329192,-98.7385709
4016740,36.5428891,-97.8985632
4019620,36.8756539,-97.8490531
4012180,36.8259398,-99.1768919
4006960,34.9351532,-98.1154912
4007320,34.4121303,-98.6653791
4010890,34.4754448,-98.0893268
4017250,34.6447942,-98.3721849
4010290,34.5167176,-97.9081043
4010860,34.6155951,-97.4324899
4004360,36.4823826,-97.4040702
4014340,36.1114954,-97.9367446
4024720,36.6153927,-97.7416404
4011430,36.3764465,-99.6507196
4000020,36.488537,-97.1450341
4022410,36.1532363,-94.9486855
4015690,36.3934371,-94.8081892
4008250,36.2567241,-94.6570405
4015990,36.2244288,-94.8443746
4003930,33.9651012,-95.9762214
4008220,33.8600648,-96.52273
4006150,34.1176413,-96.2553038
4002370,33.8234829,-96.2872303
4010350,33.9992494,-96.3742243
4006330,35.1379089,-94.5217749
4014160,34.8774665,-94.5207775
4023370,35.1188747,-94.7333232
4015090,36.8271115,-101.196775
4013740,36.5840865,-101.1444358
4031350,35.9978303,-95.407197
4018000,36.1395273,-95.1715185
4008850,35.9814328,-95.6243765
4022620,35.8732173,-95.3276641
4016560,35.8763169,-97.9161767
4010050,35.9932314,-97.8631523
4018700,34.0784847,-96.8088015
4016590,33.9379007,-96.7441122
4009300,34.9203292,-98.2105674
4027750,36.3787315,-96.0430548
4007620,35.4533453,-97.2616595
4009060,35.4450913,-97.475144
4004650,34.8013104,-99.3294198
4014850,34.7613349,-99.8508536
4013620,34.7462379,-95.6226218
4016500,35.9552131,-96.0585068
4028590,34.7318805,-98.1517814
4031470,34.3842462,-98.3238829
4027930,34.7370367,-99.0036803
4010710,34.7573045,-98.3865021
4007800,34.509032,-95.4434638
4008130,34.577493,-96.2552025
4024180,34.6820598,-95.7941606
4030360,34.3029231,-96.2005608
4031590,34.3878156,-96.4649603
4033601,33.9715106,-96.1681738
4008040,36.2489651,-96.4764106
4005010,34.8911409,-98.4179211
4011700,34.8239977,-98.225005
4013080,35.2021349,-98.2166243
4014610,35.4712234,-98.3327659
4020100,35.3143883,-98.0120521
4015840,35.5730488,-97.2958749
4017020,36.7792914,-97.5401748
4018660,35.1646091,-97.0361205
4005820,34.7337883,-95.3239504
4032790,34.9259376,-95.3605717
4005520,34.0910917,-94.7473603
4030870,34.0250199,-95.0732161
4033210,34.1611117,-95.0046098
4007350,35.4454715,-95.5293198
4024840,35.3557245,-95.24752
4029886,35.0402108,-98.7893603
4030060,34.2758066,-96.6512596
4030480,36.9418387,-101.1000533
4018390,35.3559081,-98.4121454
4010920,36.3916526,-97.9177178
4024510,36.2959904,-97.7798332
4012720,35.944735,-96.0027441
4019290,35.1368499,-96.8230831
4005130,35.1218817,-96.6497167
4027300,35.2247169,-96.715195
4030990,35.2805411,-96.661823
4019080,34.6341545,-97.9642754
4025860,34.1098254,-97.6230061
4005340,34.6312606,-97.7402937
4009510,34.4528358,-97.18661
4033300,34.6274402,-97.1710291
4020040,34.3966383,-96.8162677
4007710,36.296593,-98.1492317
4022650,36.0942887,-98.3082189
4028710,35.808394,-94.6073815
4003630,36.7244092,-95.9259983
4014970,36.4452318,-96.413796
4023580,36.7102227,-96.3615025
4025470,36.5616056,-95.924495
4030048,36.571355,-96.7349803
4033330,36.5288534,-96.3615139
4011280,36.2818802,-98.5509602
4004020,36.1161855,-96.067709
4000802,35.4166704,-96.8852963
4003060,34.309423,-95.5072829
4027330,35.1687723,-99.1942936
4023430,34.8200553,-97.2746281
4020880,35.4264981,-94.5817135
4014670,35.5715673,-95.7036612
4011970,35.7923008,-95.2089268
4014520,35.6930203,-95.3787204
4020970,35.7343951,-95.3809914
4031650,35.5305582,-95.3010741
4011880,36.9157095,-100.4127863
4027540,36.3131752,-99.9245701
4003510,36.5957215,-100.6460512
4017220,36.7214359,-100.0183522
4012000,36.5912168,-99.5987603
4033180,36.4854339,-99.4127479
4032040,36.5425269,-98.8428592
4020280,36.4984089,-99.1477234
4027240,36.1739704,-98.8758966
4003240,36.0493926,-99.6890488
4021030,36.2532173,-99.245956
4002850,34.5728673,-99.2897784
4025500,34.2312429,-95.2743877
4027960,34.076649,-95.7142305
4000797,34.4854909,-99.5775641
4018630,35.6886783,-97.2122551
4023340,35.5319033,-96.5698233
4014700,35.0199071,-99.0777397
4030270,34.645841,-96.429405
4002760,34.8436897,-96.3979191
4022560,36.08234,-96.5608712
4009240,35.9807943,-96.7720582
4006690,35.8020435,-97.02213
4009450,35.6882419,-96.7562796
4019560,35.4155134,-97.1323937
4021360,35.1583654,-96.6028579
4016710,34.992056,-96.7467589
4029040,35.3552725,-96.6623364
4002880,36.7902162,-98.6932105
4007410,36.7291584,-98.4042002
4000013,36.6428744,-98.1686412
4021780,36.471111,-97.9880336
4025920,36.363004,-98.257118
4020460,35.0917508,-96.2099581
4029100,34.9297918,-96.080047
4003750,36.7483343,-100.4830555
4100003,44.8317294,-123.6091855
4100014,44.1197475,-117.4294416
4100015,45.08048,-122.9424527
4100016,45.3575371,-123.277704
4100019,44.265655,-123.0645537
4100020,44.7975498,-122.6577043
4100021,45.0949853,-121.1065816
4100023,45.5572882,-122.9834986
4100040,46.1974532,-123.5767604
4100047,45.4910698,-119.8832022
4100048,45.584959,-121.3145194
4100640,43.0616831,-123.9827615
4100990,42.1230789,-119.7166502
4101020,43.6332381,-117.1412385
4101120,44.6183605,-123.0802643
4101200,44.3649961,-123.6231522
4101230,45.0930097,-123.1905627
4101350,44.2073251,-117.2079015
4101470,45.6303906,-120.218975
4101500,43.0501681,-117.8428014
4101560,42.1900163,-122.5645355
4101590,44.6613371,-120.6140461
4101620,46.1068247,-123.7510373
4101660,45.745319,-118.3598234
4101710,44.7823978,-117.7502692
4101740,44.4262234,-118.0512644
4101800,43.1316535,-124.38999
4101830,45.6866806,-123.1934306
4101920,45.4957301,-122.8255214
4101980,43.8360961,-121.4163631
4102040,44.0921711,-123.2040742
4102160,44.1666875,-123.5747347
4102190,44.5036831,-121.7081163
4102310,42.1378305,-124.1334329
4102490,43.7200398,-119.1203883
4102580,42.5498902,-122.4602847
4102610,42.9567319,-123.7358306
4102640,45.2330391,-122.6911249
4102780,44.817787,-122.9101936
4102800,45.4763604,-122.4792576
4102840,44.8165079,-123.2312196
4102910,44.3994766,-123.0367881
4102940,42.5082673,-122.9772141
4103260,46.1005464,-123.2097095
4103265,46.014428,-122.9747953
4103270,45.0754721,-122.3358577
4103330,45.2530414,-120.2108054
4103390,43.2203103,-124.1163066
4103420,45.5685015,-122.0445368
4103480,44.5511468,-123.2919972
4103540,45.3543012,-117.75647
4103660,43.3903156,-124.0462322
4103690,43.9102069,-123.0348605
4103720,44.0633649,-120.3832837
4103780,43.8723587,-123.3554649
4103840,44.4997319,-121.3268316
4103860,44.9489699,-123.3294506
4103940,45.4973865,-122.5386088
4103960,42.9872545,-122.7825805
4103990,45.193976,-123.0652565
4104020,44.3851264,-119.496273
4104350,43.7597629,-123.403653
4104410,45.436888,-121.1338078
4104500,42.7758591,-122.7452562
4104530,45.6819388,-119.2326637
4104590,45.6660646,-117.8942184
4104620,43.6412027,-123.6042323
4104700,45.0986475,-122.0560139
4104740,44.1429821,-123.0583097
4104950,44.0138359,-123.5223997
4105080,45.7675945,-117.1601225
4105100,44.0106633,-124.0842489
4105160,45.5570098,-123.2581874
4105250,44.9231589,-120.2196697
4105430,45.44811,-123.2750916
4105610,45.3856499,-122.5928265
4105640,42.7751544,-123.3548262
4105670,43.2802522,-122.6249232
4105760,42.5303375,-124.1796764
4105910,42.4296069,-123.3441837
4106000,45.4655943,-122.3908811
4106120,43.7959757,-117.7611438
4106270,45.9095477,-118.7904971
4106300,45.8608244,-119.2169919
4106510,45.5117753,-121.6559762
4106600,44.4549121,-117.3293124
4106630,45.4985087,-117.9862505
4106710,44.7493954,-123.0275932
4106740,44.8022764,-121.2606462
4106750,45.9030945,-123.5574721
4106780,44.2137154,-119.1141867
4106820,43.0672871,-117.2747209
4106870,45.4357264,-116.9015554
4106900,42.3491489,-123.5215715
4106930,44.2063151,-123.3065635
4107020,42.6837613,-121.6461682
4107080,42.2638165,-121.8031617
4107200,45.2662958,-118.2891073
4107230,45.4123049,-122.6991542
4107280,42.3653864,-120.400313
4107380,44.532241,-122.8210443
4107500,44.6066258,-123.9130127
4107530,44.7773512,-119.006399
4107590,43.9411012,-122.5839671
4107710,44.0789022,-123.8424478
4107740,44.2142994,-122.7868321
4107880,42.3071136,-117.6338573
4107980,44.1224463,-122.1506889
4108010,45.2117411,-123.2816994
4108040,42.205381,-122.993269
4108100,44.7133366,-122.1936128
4108160,45.9380393,-118.2690376
4108280,44.5177771,-120.0161252
4108310,45.0844293,-122.5192688
4108430,44.3502692,-123.3924742
4108460,44.7604868,-119.4806565
4108520,45.3869477,-119.5259175
4108550,45.0653929,-122.7958424
4108650,45.67887,-123.7371662
4108700,45.2455382,-123.7604604
4108720,45.3207227,-122.9824492
4108820,43.5187838,-124.1486643
4108830,45.4263655,-122.5519442
4108880,45.2164059,-122.8145496
4108940,45.0533247,-118.0396013
4109000,43.7777878,-117.2994213
4109120,43.4465973,-123.3919806
4109150,43.7085078,-122.2768999
4109270,44.0588435,-117.0140695
4109330,45.3314353,-122.5128817
4109430,42.7897884,-120.7853255
4109480,45.5685716,-122.5620702
4109510,45.6172535,-118.6200325
4109530,45.0178623,-123.3017335
4109600,44.5957682,-123.4770613
4109630,42.16322,-122.811784
4109660,45.409294,-118.8535816
4109720,44.8900903,-117.1323662
4109750,42.0961079,-122.3534106
4109870,43.9054748,-122.866439
4109960,42.4238067,-119.7767205
4110020,42.8422294,-124.4027957
4110040,45.5584071,-122.7274106
4110080,42.8012883,-124.0124053
4110110,44.4924642,-118.5390746
4110200,42.8308193,-122.4246084
4110350,44.2176464,-121.3732182
4110410,43.7389235,-123.9078868
4110520,45.5520968,-122.4412559
4110530,42.8916338,-123.5119292
4110560,45.4454998,-122.6613922
4110680,42.5854261,-123.1092812
4110710,43.2820698,-123.4698359
4110820,44.9449465,-123.0280604
4110890,45.323984,-121.9904531
4110980,45.7750242,-122.917872
4111040,44.6836948,-122.7558049
4111100,45.9094109,-123.8912039
4111220,45.1438782,-123.4000475
4111250,45.3992158,-120.6785124
4111290,45.35399,-122.8452815
4111400,43.2978269,-120.605686
4111450,44.9584168,-122.6897009
4111490,44.308542,-121.6091702
4111580,43.6614615,-122.842187
4111610,42.9713324,-123.2620983
4111640,44.7807752,-119.8181365
4111670,44.0891223,-122.8422781
4111720,45.9118983,-122.9043443
4111760,45.2195094,-122.9484929
4111790,45.8104259,-119.158616
4111940,43.4375821,-123.1140728
4111970,44.3711535,-122.2897426
4112240,45.4051652,-122.7863608
4112320,45.4564492,-123.7528846
4112360,45.9468773,-117.5259356
4112540,45.1056562,-118.8551207
4112600,45.8987053,-119.3466404
4112690,45.1286446,-117.6518423
4112930,45.8986794,-123.2221692
4112990,45.6369759,-117.5708304
4113080,46.1608804,-123.876508
4113170,45.336291,-122.7083109
4113350,45.1139191,-123.5875097
4113490,43.0919576,-123.5423966
4113530,45.1442944,-122.857725
4113650,43.5865635,-123.2701894
4199997,42.0198799,-120.3685798
4216050,41.7232297,-75.6840605
4222980,41.8996814,-75.5395306
4222860,40.9665684,-75.2499352
4219290,40.9133939,-75.4359677
4207540,40.6246254,-79.8484233
4208010,40.3734609,-79.8501617
4208060,40.3801249,-79.8073714
4210070,40.5435091,-79.8846542
4210620,40.4243902,-79.7582537
4203180,39.9296628,-78.5801997
4205880,40.1156968,-78.6258583
4209360,39.8876229,-78.3939348
4217580,40.1757126,-78.3687905
4221240,40.8018688,-76.584885
4204530,40.5665889,-79.6891758
4207560,40.3744693,-79.3113306
4210920,40.3965261,-79.513762
4212840,40.5643179,-79.5865369
4203690,40.5090918,-78.8396104
4210950,40.3417409,-78.9473163
4217610,40.6325491,-78.7881304
4226610,40.2029364,-78.7526689
4206060,41.2102449,-79.3848882
4212720,41.2298488,-79.5376347
4217130,41.3697871,-79.3334604
4224120,41.0644354,-79.5163738
4217730,41.9227691,-77.3026698
4202480,40.3490568,-75.8874372
4212150,40.630229,-79.2064102
4214730,40.7685388,-79.0871597
4224240,40.4914243,-79.0360096
4203750,40.4806613,-79.3280743
4219800,40.9603495,-78.998661
4216290,41.190709,-76.0371043
4222770,40.7630858,-77.8981329
4223550,41.7190946,-76.4468531
4222530,40.336901,-78.3417205
4224790,39.8995373,-75.3653945
4224390,40.1513407,-75.1799989
4224510,40.1573623,-75.104279
4214760,39.9785892,-75.3882756
4226390,39.9305785,-75.2649795
4220550,39.9259412,-75.4367949
4222920,41.4392848,-76.5117166
4224820,41.8161412,-79.2226629
4215480,41.027366,-76.8947556
4213590,40.9545354,-76.906226
4211190,40.5587547,-77.1316927
4208790,39.9991106,-76.5653197
4222170,39.764305,-76.4748437
4202910,41.0131371,-77.9119408
4212725,41.262601,-77.6631622
4215120,41.2356021,-80.2588701
4221420,41.2916208,-80.4694852
4207080,41.561807,-80.0911753
4220220,41.3584579,-80.397336
4211820,41.2295517,-80.440704
4215270,40.6343582,-80.4580115
4216530,40.7485451,-80.2741964
4203630,40.8226396,-80.3576793
4224870,41.1068727,-76.7877885
4222710,40.7319948,-76.1500737
4218740,41.7086072,-80.0037464
4203300,40.6400301,-78.3588575
4213770,40.5105016,-78.5846938
4209600,40.9881721,-79.6975873
4206090,41.193903,-79.2588347
4220130,41.0061312,-79.3462937
4202310,41.1523768,-79.7017709
4225080,42.043324,-79.8534372
4203390,41.2073108,-76.3744956
4205370,41.0516871,-76.3798767
4215450,41.141745,-76.5171218
4207050,41.3515317,-79.6753998
4224630,41.4673638,-79.8424421
4218090,41.5081538,-79.696713
4210200,41.3382745,-79.9036607
4204980,41.603378,-75.5053903
4207980,41.4139837,-75.606253
4209930,41.7297201,-75.4327
4213050,41.5733074,-75.5813301
4215170,41.4513825,-75.6024136
4221090,41.4041782,-75.6659078
4223250,41.3748755,-75.7086162
4224650,41.4926741,-75.5538686
4206390,41.4323635,-80.227979
4209690,41.2073557,-80.4969968
4211220,41.1600846,-80.1089183
4204920,41.584559,-76.8733403
4225170,41.6954154,-77.3231839
4202130,40.6158274,-80.2551622
4202440,40.6436558,-80.1862966
4203120,40.7029843,-80.3500152
4203240,40.92452,-77.6958546
4222740,39.8483516,-77.8876722
4205550,39.9849023,-77.6452503
4211010,39.7867185,-77.7224293
4206590,41.6706177,-80.3681333
4208550,40.5139218,-75.5443284
4212930,40.5785624,-75.8319275
4217760,40.0650843,-76.979238
4220910,40.5921298,-76.1276519
4224960,40.1810317,-76.2953802
4211160,41.4187428,-80.3552431
4210380,40.7241822,-80.2026275
4219920,40.0228749,-75.3734336
4220370,39.8785821,-75.3286026
4222400,39.9017885,-75.2756871
4222600,39.9271435,-75.3354009
4208820,40.1454662,-76.0271441
4214580,40.0910781,-76.2974764
4206860,41.8815805,-79.6349846
4209570,42.0263133,-80.236646
4210740,41.9852564,-80.330761
4212210,42.1475419,-80.0205965
4217880,41.916189,-80.3865786
4224090,41.8601815,-79.8384043
4215540,40.940236,-80.4460866
4224060,41.0110168,-80.405851
4217010,40.610556,-80.0817865
4217220,40.5251084,-80.0248336
4218590,40.4781739,-79.8291014
4202040,40.1107172,-75.1124685
4202400,40.1677058,-75.2593901
4225110,39.7992679,-77.5434875
4299997,42.2513304,-80.1685662
4211400,40.5868562,-79.9536807
4209480,40.3147378,-75.835498
4211340,40.5341163,-76.0348037
4220970,40.4383497,-75.9979639
4224540,40.4024189,-75.5193241
4209780,40.4707774,-75.8494616
4202590,40.7960658,-79.4194543
4213470,40.669836,-79.603592
4203420,39.89124,-78.87031
4215150,39.7909681,-78.954805
4221180,40.1139761,-78.8300098
4210115,40.1562742,-79.0276529
4220760,39.7778187,-79.1301614
4220520,39.9276631,-79.2183708
4206270,40.2508112,-76.1423788
4207650,40.096392,-76.546921
4211790,40.0698067,-76.4204154
4214550,40.1687241,-76.435656
4218630,39.94146,-76.3713593
4217770,40.4965865,-80.0598379
4203210,40.1555213,-79.8129807
4203330,40.1061962,-74.9436889
4204230,40.1236377,-74.8673846
4218750,40.3826934,-75.2539401
4206960,40.2515602,-74.9640703
4218330,40.5187012,-75.1898573
4221870,40.2979776,-75.3898673
4215600,40.1519659,-79.8830076
4216740,40.5735209,-79.7535107
4217940,40.3293919,-79.7321462
4213710,40.269115,-79.179903
4221690,41.7302747,-78.4928185
4204020,41.9186713,-78.750365
4204590,40.8750737,-79.8802606
4218990,40.0093755,-75.1333459
4224570,40.3335994,-80.0841544
4225590,40.2972356,-79.9424692
4226370,40.4442073,-79.8733287
4209240,40.8889297,-80.241471
4216440,41.050499,-80.3504331
4216620,40.9737553,-80.3542877
4217310,41.3239645,-75.5421308
4205430,39.8374011,-80.1745632
4205070,39.8895572,-79.9933451
4225440,39.8516489,-80.3729478
4212390,39.9368828,-80.0767201
4222200,39.7890605,-79.9901817
4203570,40.6453283,-75.3532412
4216380,40.7586717,-75.3251956
4214850,39.9368435,-78.0379418
4204200,40.1027669,-74.8523467
4205310,40.3165109,-75.1177634
4216410,40.1709851,-74.9281981
4217280,40.2454904,-75.2852603
4218840,40.1911385,-74.8133967
4222800,40.2180556,-76.8089419
4223010,40.31608,-76.868865
4223040,40.3830246,-77.031629
4211310,40.4918306,-76.832555
4222320,40.2103153,-77.9111686
4212090,40.5160216,-77.9500957
4219200,41.3100328,-75.7386494
4204090,40.1410673,-75.0674011
4205760,40.0780947,-75.1382148
4211610,40.1976262,-75.1618315
4214160,40.0299063,-75.2789689
4214190,40.120608,-75.0749328
4222440,40.7815382,-80.0919702
4205340,40.4251113,-78.8940202
4203000,40.8662196,-75.1522534
4217370,40.7519716,-75.4682059
4217850,40.6558969,-75.7342829
4226250,40.657428,-75.5042549
4202280,40.5951747,-75.4729123
4222350,40.5164948,-75.4421318
4212630,40.5943549,-78.0465846
4223970,40.206261,-78.183893
4210830,40.717376,-78.4915324
4219020,40.8782578,-78.2183499
4207830,41.1166281,-78.6996201
4206360,40.0348552,-76.4958891
4219170,40.4409341,-79.9769938
4219350,40.5018687,-79.7481776
4220430,40.5164473,-79.8367219
4220580,40.370592,-80.178602
4225200,40.4524434,-80.2556885
4206840,40.320527,-76.4115829
4217640,40.4498264,-76.5271771
4203660,40.1558781,-77.3689483
4204860,40.242192,-76.9274001
4221570,40.0645756,-77.5073117
4226010,40.9302095,-77.1217866
4213080,41.3303639,-80.1181358
4221330,41.2339783,-80.4998197
4225650,41.17789,-80.409975
4208580,40.2874101,-76.9377554
4222050,40.1351489,-77.1673179
4215030,40.1850737,-76.9846808
4219830,40.8043114,-78.8282925
4218780,40.6221697,-78.9650299
4213290,40.5423984,-79.187334
4206240,39.9987959,-75.8443606
4205460,41.1110624,-75.9281286
4207200,41.3536064,-75.9224855
4211420,41.1998931,-75.942686
4225980,39.9452999,-76.7923593
4226820,39.9647979,-76.7318403
4222590,39.881616,-76.8737997
4207680,40.0014957,-76.8719324
4209750,40.3646522,-78.9237802
4209660,40.1702195,-77.7295488
4216890,40.4862315,-77.1139973
4205190,40.1919628,-75.0695367
4215900,40.207644,-74.7802694
4219890,40.4529602,-75.3488485
4216860,40.3675348,-75.0100998
4212170,39.8673905,-75.2763926
4202670,41.9017215,-76.5733967
4202760,40.2496522,-80.4010326
4204500,40.3885654,-80.4415266
4205640,40.1399305,-79.945643
4218960,40.2729319,-80.0816286
4205730,40.2504289,-80.2488387
4220400,40.2204902,-79.9976389
4215660,41.1583153,-76.974702
4208850,40.7207873,-75.2304868
4205160,40.6513429,-75.441706
4211730,40.5915826,-75.3043531
4218570,40.8217417,-75.2616776
4226550,40.6437222,-75.2263593
4205860,39.8480103,-75.3788036
4205910,39.8323983,-75.4298183
4210590,39.8681712,-75.5053802
4211670,39.9867378,-75.316394
4218580,39.8704546,-75.4246678
4206420,40.2348491,-78.9464287
4221270,40.0133448,-78.8813429
4221840,40.0493078,-79.1171459
4223880,39.808503,-79.3126988
4219560,40.3817816,-78.6486784
4221120,40.7877801,-76.9065871
4215210,40.7581603,-77.1467931
4219860,40.5642174,-80.164668
4221200,40.5141816,-79.9666832
4221910,40.3141037,-79.8631479
4222060,40.2989143,-79.9944038
4222790,40.3973231,-79.904655
4222830,40.4780894,-80.0701956
4202970,40.3925632,-79.9553592
4215720,40.4633566,-80.1243797
4215290,40.6373849,-77.5969746
4203900,41.8973842,-75.6861568
4215810,41.8971791,-75.9476212
4223760,40.1220313,-80.214022
4204710,40.0761735,-79.9247819
4214880,40.0865994,-80.3915937
4203360,40.1226648,-80.0707211
4203600,40.0263762,-80.0498362
4217670,40.7397184,-75.6355548
4202820,40.5318568,-80.0905844
4202850,40.6472768,-79.9953031
4203510,40.3240378,-80.0363527
4204140,40.3733777,-79.9757842
4205040,40.4191174,-80.0813257
4206810,40.5053786,-80.1159088
4210860,40.2570225,-75.9661323
4218150,40.3948778,-75.7807601
4218450,40.8530628,-75.8409968
4225230,41.0927665,-78.1171019
4203480,41.0748155,-76.1887948
4203840,40.9734448,-76.3862307
4215990,40.7951044,-76.4402596
4217460,41.9002285,-76.264414
4223790,41.8169798,-76.7587747
4220100,39.8665004,-76.4936059
4222470,39.773939,-76.9201725
4205700,40.3935024,-80.1215888
4209090,40.2520395,-79.8671076
4212750,40.3955027,-80.0391301
4215830,40.5099111,-80.2078474
4225680,40.3612065,-79.8956408
4206430,40.3498724,-78.8689595
4202490,40.3214938,-76.5243448
4218390,40.3230251,-76.5758193
4224970,41.7439191,-75.2553325
4220460,40.7132342,-80.2692185
4204050,40.4670437,-75.6819924
4207290,40.249503,-75.7558168
4216200,40.3952815,-75.923715
4223820,40.4620249,-76.2227874
4226760,40.3263034,-75.9694162
4203450,39.9811806,-77.082452
4213980,39.7602808,-77.0958388
4202340,40.5243984,-78.3972366
4206120,40.2996118,-78.5167674
4204830,41.4382909,-78.1983225
4211880,40.6384595,-79.7426865
4214940,40.3393987,-79.8234713
4216110,40.3766961,-80.0489425
4216500,40.4203035,-79.8494546
4222140,41.2008675,-77.0585728
4208490,41.2567954,-76.6501523
4216230,41.2168546,-76.7718322
4214310,41.268092,-76.9824516
4210110,40.8130958,-76.3102062
4223700,40.6976899,-76.4837865
4210440,40.7200839,-79.6826206
4204260,41.241312,-78.8501469
4215510,40.684059,-76.3060984
4219710,40.6909822,-76.206621
4207530,41.3291098,-74.871787
4216170,40.1519127,-79.4065794
4218660,40.3720163,-79.6575383
4221150,40.1981079,-79.7109835
4212990,41.5932254,-75.7630757
4202550,40.5722646,-79.4253936
4211520,40.7706845,-78.7104869
4212570,41.5529696,-78.6192456
4212690,39.8225243,-75.7110132
4218300,39.780091,-75.978656
4223640,40.0551653,-75.4479057
4202790,39.7923685,-75.8373654
4218030,39.9207546,-75.9459746
4222560,40.202529,-75.5186845
4219050,40.1233539,-75.5294573
4218810,40.8784727,-77.4942914
4205490,40.0019499,-76.7205889
4217520,40.0656554,-76.753127
4222380,39.7756374,-76.7377015
4226850,39.9502368,-76.707894
4203960,40.3351915,-75.6117972
4206780,40.3690223,-76.1452446
4220040,40.33922,-75.9262773
4224000,40.1577323,-75.8691844
4226580,40.3343904,-76.0296286
4206480,40.0789698,-76.1977655
4209120,40.1394285,-76.6145427
4213110,39.9726001,-76.2167674
4221810,39.8384977,-76.1623028
4210710,39.8500155,-77.2979632
4209940,40.3268755,-78.7225092
4212480,41.3145734,-77.3372833
4211700,40.9669439,-76.0147218
4212540,40.9682923,-75.6433019
4225140,40.9836161,-75.7743762
4218120,41.3704261,-75.7408999
4213440,40.3413346,-76.4252314
4208460,40.3334436,-76.2803388
4203870,40.6342928,-76.114583
4219140,40.5715351,-76.3898557
4221490,40.8034712,-76.2338141
4216020,40.3676465,-77.8740916
4202190,40.5483455,-79.8172593
4206030,40.2966562,-79.8890264
4224030,40.6912113,-78.1815438
4226430,40.4857062,-78.220936
4202010,41.4716267,-75.7336448
4213500,40.811785,-75.7284392
4218360,40.8510668,-75.5679031
4221540,40.882278,-76.7399898
4222260,40.8842509,-76.4385331
4214460,40.7168985,-76.7522073
4212030,40.5768205,-80.3256724
4217430,40.8093705,-80.2338066
4222230,40.5532273,-80.4567019
4226040,40.677014,-80.4579943
4209300,42.1165941,-80.0735032
4209990,41.950774,-79.9876028
4211490,42.1516018,-79.9600354
4215330,42.0851505,-80.1183475
4217160,42.2004852,-79.8262289
4219530,41.8137889,-78.2306658
4202700,41.6031809,-78.0097562
4206930,41.7655387,-77.9674654
4218210,41.9402076,-78.1130371
4224320,39.9477463,-75.2892946
4210530,41.6797245,-77.6258294
4217700,41.903095,-77.7927574
4214790,40.7091799,-79.9781531
4217100,41.0641633,-79.8846468
4221660,40.9991369,-80.055787
4221930,40.7572103,-79.8321946
4207590,40.2677965,-76.6530604
4214100,40.2903303,-76.678029
4226400,40.5186839,-76.6445593
4211580,40.2758906,-76.8850199
4212300,41.5083718,-80.4576298
4223490,41.6390437,-79.6400439
4211450,39.8117556,-76.983605
4216980,40.136666,-75.3536068
4219470,40.1051943,-75.2745665
4219680,40.2509241,-75.6447544
4222620,40.0991171,-75.2002448
4220310,41.3923425,-78.7916306
4212660,41.6711151,-78.8613699
4220640,41.3551378,-78.4728104
4213020,41.3407731,-76.1068611
4225950,41.2708918,-75.9085167
4205010,40.1574845,-77.2396615
4207110,40.2281009,-77.0678377
4225830,40.1660411,-76.8568636
4207710,40.0365134,-75.7086265
4210870,40.0398463,-75.5262773
4218270,40.1705058,-75.6804175
4224210,39.8913305,-75.7042904
4225290,39.9720309,-75.5867112
4224990,40.1741971,-80.2448856
4204890,40.2688282,-80.1714619
4222290,39.8385553,-78.189977
4209870,40.0710638,-78.0560967
4218510,40.6260781,-75.5908694
4220730,40.59697,-75.4296127
4215750,41.3902116,-76.8778066
4222370,41.6495019,-77.1091154
4226460,41.3259702,-77.0644641
4211940,40.4306919,-78.412838
4207320,40.9753587,-76.6375022
4202100,39.8168907,-79.8265042
4213320,39.8974778,-79.6948789
4206660,40.0068191,-79.4925995
4204080,39.9798781,-79.8989554
4210350,40.070497,-79.757568
4213380,40.9956835,-80.231146
4206150,41.1290979,-78.3738592
4207140,40.9451366,-78.5949409
4215960,40.8151973,-78.4575504
4218930,40.236551,-75.446927
4224480,40.0879692,-75.3704156
4225740,40.3473422,-77.3850289
4212420,40.096296,-75.1297528
4209270,40.2118728,-76.2045072
4213140,40.0330064,-76.3115766
4218900,40.0287802,-76.0525014
4215240,40.2136836,-76.756287
4205400,40.3525801,-76.8265356
4224360,40.5761577,-76.7599272
4215360,40.5607039,-76.9359199
4226070,41.4793305,-75.382023
4222410,40.1278774,-79.5945268
4210230,40.4424617,-79.6510896
4211760,40.2807347,-79.5870526
4204740,40.6311681,-78.6447401
4220250,40.284744,-78.8471471
4226130,40.2981238,-78.9658715
4210980,40.2807514,-79.4260709
4212330,40.3278191,-79.6138842
4212600,40.527132,-77.4086745
4218240,41.9466477,-78.4199759
4207230,39.8738749,-76.6947542
4200824,40.6535079,-80.3102902
4214250,40.1721728,-75.3914353
4219650,40.265119,-75.6227333
4224750,41.3951769,-75.1586825
4209960,40.3406394,-80.2996346
4214430,40.8154464,-76.1145057
4223220,40.7852318,-75.9086214
4217790,41.1921772,-76.2568077
4226300,41.2018144,-75.7573518
4226730,41.3708219,-75.8404222
4208670,41.1354986,-75.0942712
4219500,41.1240259,-75.3926773
4208280,41.513304,-79.249705
4224150,39.8363035,-79.5818106
4223850,41.4923055,-76.024705
4209150,41.735754,-76.0230325
4209540,39.7807331,-77.415401
4224300,39.966061,-77.2668416
4206550,39.8545355,-77.0612589
4204320,41.1970741,-79.0672075
4203688,40.7797947,-80.4384837
4221510,40.9497572,-80.2980071
4226520,41.0978136,-80.3138315
4210650,41.9386098,-80.148896
4220850,41.9589891,-76.4362726
4226700,41.6462637,-76.3096185
4400030,41.7330374,-71.3196762
4400065,41.690165,-71.2712405
4400090,41.9702909,-71.6986597
4400120,41.8900642,-71.3934808
4400150,41.4442501,-71.6993035
4400210,41.6983249,-71.6627339
4400240,41.7697341,-71.4850489
4400270,41.96746,-71.4205724
4400300,41.6373268,-71.501456
4400330,41.8004329,-71.3592577
4400540,41.8274402,-71.5198792
4400570,41.9154548,-71.4498149
4400630,41.5201518,-71.2801985
4400660,41.3980437,-71.486262
4400690,41.1946421,-71.5723773
4400720,41.4766815,-71.3196274
4400750,41.5715271,-71.4499072
4400780,41.8615872,-71.4568791
4400810,41.9751863,-71.5440692
4400840,41.8748244,-71.3733235
4400870,41.5921405,-71.2835764
4400900,41.8230558,-71.4187841
4400960,41.811538,-71.6327795
4400990,41.9009446,-71.5288897
4401020,41.4108465,-71.547469
4401050,41.6069833,-71.1826339
4401110,41.7030847,-71.4203098
4401140,41.679601,-71.5211135
4401170,41.3234277,-71.8024584
4401200,42.0017078,-71.4999468
4499997,41.4102788,-71.3027192
4500002,33.1700829,-80.5060267
4500690,34.229041,-82.4540577
4500720,33.5622136,-81.6413787
4500780,34.6708636,-82.5318859
4500810,34.4620214,-82.4784356
4500840,34.3598682,-82.7013152
4500870,34.5940384,-82.7887423
4500900,34.5122407,-82.7011673
4502010,32.9495613,-80.2619472
4502580,34.6868182,-80.7036885
4503030,34.2898805,-81.5996761
4503460,34.0424751,-81.7531116
4503912,32.7783341,-81.1438217
4501080,33.2605516,-81.4342278
4500750,32.9797573,-81.3632651
4501110,32.358112,-80.6894218
4501170,33.2077,-79.9536554
4501250,33.6747804,-80.7803468
4501830,32.8493856,-80.6564018
4501440,32.8205891,-79.8962425
4501500,35.0497962,-81.6076469
4503510,35.0956414,-81.9408733
4501530,34.6893388,-81.1612128
4501560,34.6370178,-80.1592269
4501860,34.3321854,-79.9621155
4501920,34.4109965,-79.31891
4501950,34.3583861,-79.4810187
4502070,33.7794526,-81.9596367
4502100,34.3956685,-81.1270007
4502130,34.141393,-79.7664471
4502190,33.9189767,-79.774123
4502160,33.9768663,-79.5923997
4502250,33.8387045,-79.5010197
4502280,33.4175309,-79.2963325
4502310,34.8830296,-82.3620572
4502610,34.5246643,-82.0856985
4502340,34.1351839,-82.165826
4502370,34.3962999,-82.2266866
4502400,34.1559394,-81.9975521
4502490,33.9092694,-78.9766749
4502520,32.4305909,-81.0216289
4502550,34.3383561,-80.5908847
4502640,34.4321966,-81.8754387
4502670,34.1586401,-80.2512086
4502700,33.886619,-81.3080619
4502730,33.9170887,-81.1104484
4502790,33.7589416,-81.1045312
4502760,33.9360946,-81.5099177
4502820,34.1247675,-81.2718924
4502970,34.60167,-79.6794351
4503000,33.8975992,-82.3161961
4503480,35.1149022,-82.1466872
4503570,34.7289033,-81.9691266
4503600,34.9149052,-82.1268461
4503060,34.7487656,-83.0615395
4503330,34.8853677,-82.7233774
4503360,33.9611342,-80.8599622
4503390,34.11355,-80.8786913
4503540,34.9527597,-81.8192747
4503630,34.8636843,-81.9384526
4503660,34.9485509,-81.8985722
4503750,34.6903743,-81.6158644
4503780,33.6264617,-79.716474
4503810,34.9567892,-81.2909919
4503900,35.0265284,-80.9450169
4503840,35.1019133,-81.2130503
4503870,34.9073299,-81.0280608
4503902,33.9161395,-80.3823757
4503908,34.0836195,-79.3540014
4503910,33.436135,-80.8029131
4503915,33.6646821,-80.2178886
4503916,33.2030211,-81.0531607
4600002,45.1571481,-96.6474542
4600003,45.4039262,-96.8846168
4600025,44.0215411,-97.608122
4600028,43.0261633,-96.6016412
4600036,44.8119794,-96.672204
4600041,45.8130411,-97.8649186
4600042,44.6853039,-100.1219679
4600045,45.4071257,-98.0300925
4600046,44.6547502,-98.4429833
4600052,43.4701606,-96.8419125
4600053,45.7262132,-97.1137032
4601026,43.7550989,-97.4268276
4601028,45.4789451,-100.081299
4602070,45.4960133,-98.5049861
4602640,43.695035,-97.7574439
4603720,44.3911624,-97.1389205
4603780,43.318354,-98.3500466
4603932,44.0026636,-98.0013024
4604270,42.9720589,-98.0840478
4604680,43.7396083,-96.7356366
4605610,44.9310489,-103.8337001
4606240,43.1869121,-101.677181
4606360,43.0473489,-96.790561
4606960,45.3190688,-96.5021242
4607050,45.4265364,-102.6094513
4607400,42.9408173,-97.8462216
4607670,43.0921823,-98.9179288
4607800,45.3979478,-99.6572623
4607950,43.585012,-96.5738292
4608520,44.3188084,-96.7656476
4609300,45.5966105,-103.4738711
4609512,43.2015128,-99.2089925
4610320,43.5827141,-97.2785481
4610560,43.2768384,-96.6427575
4611280,44.7295807,-97.0199652
4611760,43.122545,-96.9484526
4612000,43.8579967,-99.3716867
4612300,43.8989571,-96.9991269
4612940,44.9425166,-97.7586712
4614100,44.0163546,-96.7387111
4614130,43.1471612,-99.7019524
4616950,43.7042494,-103.3063153
4617850,44.3687279,-97.602029
4618120,43.8394126,-96.6754168
4619170,44.8669313,-98.1143233
4619410,44.1836132,-103.0483355
4619450,44.9278123,-101.7423657
4619580,43.951991,-100.6861382
4620100,44.9889787,-100.9446751
4620850,43.2427932,-103.8393203
4621300,43.6808511,-103.9338162
4621340,42.7262444,-96.6588311
4621390,44.2780552,-96.5542214
4621400,45.8093838,-98.529803
4621420,43.5503585,-97.5594937
4622410,44.5808141,-96.9035989
4622500,43.5484473,-98.0326947
4622560,45.7888588,-99.5833879
4622940,45.014508,-102.2682283
4624030,45.0328541,-99.2187661
4624390,44.0499753,-96.5905004
4624540,45.071967,-97.3204316
4624850,44.4139844,-100.7478218
4625500,43.3611626,-97.4709944
4626370,43.724997,-96.5421664
4626490,42.9168978,-97.1961608
4626970,44.991987,-100.0318813
4629880,43.3293315,-99.4444602
4630490,44.2793863,-101.6090767
4630800,44.6529157,-97.3202295
4631350,43.4379183,-96.7018714
4631710,43.6125854,-96.9999306
4632340,44.8986358,-97.4374185
4632430,45.8092579,-100.0322169
4633360,43.9945708,-103.7479876
4634440,45.4761625,-99.3869014
4634480,43.3843437,-103.4188394
4634600,45.1313247,-99.9740458
4635480,44.3684013,-98.1966096
4636060,45.4042536,-98.9574179
4636150,44.361164,-97.8740509
4636990,42.5289009,-96.5260464
4638220,43.7473083,-98.9836494
4639540,43.145722,-98.5354819
4639600,43.9766766,-97.1920347
4639990,44.4047669,-97.3603882
4640860,45.6002556,-97.7397211
4641300,44.2549349,-103.7736458
4641520,45.775257,-102.0058758
4641550,43.3571199,-96.8924812
4641640,45.8030631,-99.0168732
4644770,43.9559181,-99.9936853
4644940,43.7249735,-96.9006036
4645450,43.4388727,-97.2703794
4646260,45.7726911,-101.4344133
4646380,45.7571781,-100.78989
4647100,43.2193677,-97.5484436
4647942,44.4956788,-99.0125854
4648390,43.7231956,-98.0198748
4648780,43.737058,-97.1886279
4649650,43.6914235,-98.2454056
4650670,44.0101002,-102.723628
4650850,44.8946582,-103.3346764
4651750,45.136629,-98.5288451
4652770,43.1660409,-103.234079
4654270,43.4384671,-97.0919736
4654300,43.4123654,-97.9553543
4655260,44.403675,-100.1831495
4655710,43.7980116,-98.4761762
4659820,43.9941856,-103.205922
4660450,44.8725453,-98.5947607
4663360,45.8417327,-96.7196123
4665180,43.131761,-97.6916753
4665460,43.333393,-102.5614857
4666270,43.5544923,-96.7447999
4666300,44.3340644,-96.9456267
4666930,44.4661143,-103.8923772
4669930,44.5313002,-102.7596554
4670140,45.2897586,-97.0721141
4671880,45.3854758,-100.9379995
4672090,43.2087936,-100.7076636
4672450,43.2326353,-98.0480328
4674370,42.8205955,-96.9183715
4674520,43.2247224,-97.1511149
4675420,43.0446528,-98.2984059
4675600,45.6495893,-100.5535339
4675660,44.009788,-102.2984515
4676020,45.3053806,-98.5139433
4676620,44.9378538,-97.1554154
4676680,45.3050858,-97.2666501
4676740,45.0588837,-96.9534366
4676990,45.3470192,-97.4954696
4677460,44.0651909,-98.7688505
4678300,44.5213401,-96.592775
4678510,43.724481,-98.7336405
4678570,43.574392,-100.7574829
4679350,44.6412461,-97.7248025
4679710,43.4081106,-99.934388
4680100,44.408006,-98.570065
4680190,44.0479035,-98.2383278
4680430,42.9472947,-97.446777
4680437,43.735303,-101.5624194
4680438,43.3622714,-98.8544325
4680439,43.0189587,-97.1725624
4680440,44.4761756,-99.5528307
4680441,45.7289689,-100.2805198
4680445,43.5057506,-98.4489169
4680447,44.1448722,-97.1610144
4700001,36.2183967,-83.2660711
4700060,35.8147621,-83.9681029
4700078,36.5982483,-87.6003456
4700090,36.1454415,-84.1876563
4700148,35.1640565,-89.9224302
4700149,35.0489249,-89.6970764
4700150,35.3418066,-89.8669986
4700151,35.0819566,-89.7825836
4700152,35.2525166,-89.6611485
4700153,35.2341691,-89.8202657
4700180,35.5136604,-86.4582939
4700240,36.0709478,-88.0712321
4700270,35.5935612,-85.2059104
4700300,35.6656398,-83.9277192
4700330,35.0711646,-84.9411506
4700360,36.5585486,-82.2170009
4700420,36.4015922,-84.1592495
4700450,35.808394,-86.0624044
4700510,36.2847441,-82.1265932
4700570,36.2551687,-87.1008077
4700600,35.420253,-88.6113533
4700630,36.501572,-83.6606975
4700690,35.1800438,-84.8712876
4700750,35.916198,-83.1192242
4700780,35.3984984,-85.9744527
4700850,35.8433866,-89.153945
4700900,35.9523984,-84.9947614
4700960,35.6031362,-88.1102917
4700990,35.9822191,-85.8335959
4701020,36.1455325,-87.3641546
4701050,36.0622686,-89.4148916
4701080,36.0453055,-89.3791906
4701110,36.3395723,-82.2377996
4701170,35.1969933,-89.4138027
4701290,35.1502465,-86.0832398
4701390,36.0582636,-88.7994398
4701400,36.1076173,-89.0845563
4701410,35.2027228,-87.035319
4701440,36.2775091,-83.5095458
4701470,36.1794867,-82.8475235
4701530,35.3933519,-85.7103737
4701590,35.1889605,-85.1531341
4701620,36.5213528,-83.2274928
4701650,35.2187853,-88.988697
4701680,35.2018926,-88.1856958
4701740,36.4520892,-82.931485
4701770,35.5866782,-89.2826913
4701800,35.6265171,-88.3950551
4701830,36.3102304,-88.2612084
4701860,35.8023275,-87.4671159
4701890,36.0153676,-88.2653012
4701920,36.2857824,-87.7055983
4701950,35.8273948,-88.9044774
4701980,36.0408218,-87.7904526
4702010,36.0216332,-88.4030257
4702070,36.3542499,-85.6741278
4702100,36.048452,-83.4412156
4702130,36.3352202,-82.3782355
4702160,36.4532029,-81.8612467
4702190,36.5266259,-82.5499224
4702220,35.9927265,-83.9377209
4702280,36.3339054,-89.4855365
4702310,35.7629507,-89.6277318
4702340,35.2204764,-87.396546
4702400,35.8107315,-84.279574
4702430,35.5232451,-87.4969838
4702490,35.1793702,-86.5749169
4702520,35.7350854,-84.3140848
4702550,36.5377572,-86.0009596
4702580,35.6060563,-88.8334238
4702640,35.1334215,-85.618399
4702670,35.4683285,-86.7658677
4702700,35.7478102,-83.9802342
4702760,35.6156963,-87.0777632
4702790,36.0988349,-88.4846701
4702820,35.3472456,-84.7394079
4702880,35.1753751,-88.5637397
4702910,35.512203,-84.8161015
4702970,35.9378286,-88.7612648
4703000,35.4200525,-84.2348469
4703060,35.2888885,-86.358684
4703090,36.138697,-84.6392616
4703180,36.1691287,-86.7847898
4703240,35.9664826,-84.2905489
4703270,36.3561909,-89.1470761
4703300,36.5019353,-84.5097753
4703330,36.3448504,-85.2830756
4703390,35.6637521,-87.8693256
4703420,36.5593638,-85.075741
4703450,35.1094371,-84.5411124
4703480,36.1409404,-85.4961801
4703510,35.60059,-84.9495484
4703540,35.000526,-85.7360435
4703590,35.830841,-84.5499473
4703600,36.5243849,-86.8725935
4703690,35.7408992,-86.2897076
4703720,36.4305924,-84.5040915
4703750,35.3723358,-85.410082
4703780,35.7878224,-83.5249005
4703900,35.8696963,-88.3517977
4703960,36.4942735,-87.8560759
4703990,36.4504035,-82.4852861
4704020,36.4724225,-86.4584051
4704080,35.4987625,-89.7471452
4704100,35.9567516,-88.9461748
4704170,36.3930297,-86.1566909
4704200,35.3733112,-86.2182773
4704230,36.1001287,-82.4182183
4704260,36.4256717,-89.0460533
4704290,36.2841401,-83.8360878
4704320,35.6992335,-85.4584092
4704350,35.6782498,-85.7773428
4704380,36.2835348,-82.5215015
4704440,35.2428473,-87.8198433
4704470,36.3035963,-88.7211938
4704490,35.9400103,-88.6195995
4704500,35.9270486,-85.4557854
4704530,35.8948454,-86.8978885
4704550,36.1494307,-86.2911813
4700660,36.5457493,-85.5457173
4701200,35.1501776,-86.5622981
4799997,35.2786502,-90.1355161
4701230,36.3698921,-84.9377641
4701500,36.168039,-82.8197417
4703030,36.4834344,-87.3598296
4703870,36.2532006,-85.9564507
4818120,32.6933877,-95.8649374
4829220,32.4232706,-95.8052226
4812750,32.5025127,-95.9215086
4821450,32.6539699,-95.7013503
4843200,30.9736508,-95.4178118
4832640,30.5713668,-95.492061
4824810,31.886043,-94.0097402
4842360,31.9224353,-94.2228422
4820460,32.0158042,-94.3875649
4813110,32.1384956,-94.274156
4841430,32.1730881,-101.9029632
4836990,30.5617231,-95.7814737
4820100,30.7653239,-103.8841467
4815840,32.0751294,-95.9591498
4818720,32.3010287,-96.0099335
4828780,32.2000078,-96.0942447
4843170,32.1237512,-96.0867551
4822590,30.3118795,-99.2859632
4825590,30.0103258,-99.1916391
4813350,29.9128147,-99.0399266
4834550,31.3902195,-103.6318407
4819620,32.1622422,-101.3662118
4815180,33.450888,-101.8481927
4839870,33.7007409,-102.0191727
4832220,34.560678,-102.100899
4811580,27.0349936,-98.2152756
4839630,29.7740597,-96.1900288
4815990,31.3717009,-104.6318749
4820640,30.1957361,-96.8965712
4846260,32.0127273,-100.0005221
4832880,28.9248777,-97.6132994
4846650,29.0241088,-97.5279237
4845240,29.1429435,-97.4393108
4846620,29.2214752,-97.1599977
4816950,29.128785,-98.9336593
4841340,30.6546749,-94.1843688
4819980,34.6390071,-102.7216611
4816200,36.121233,-102.5495428
4812460,30.5420344,-96.7112637
4815540,31.4396085,-102.4925044
4831470,33.7318022,-102.8146983
4845570,33.576741,-102.8053614
4818480,32.3721406,-94.1599697
4822170,32.5147455,-94.5996447
4829160,32.5201457,-94.3568922
4832460,32.7197646,-94.7590115
4825110,32.6511499,-94.1683122
4808190,29.689658,-94.634114
4821150,29.7394443,-94.9610537
4826190,29.6584361,-95.037614
4817880,29.7516267,-94.4207155
4828710,30.9438797,-95.8659369
4834260,33.1156374,-97.7161749
4811340,33.1579781,-97.8169432
4812090,30.4133013,-93.9837679
4818750,30.3168083,-94.0738146
4815960,29.1377628,-97.2820466
4819950,29.5027403,-95.2071109
4823310,29.2826196,-95.0076307
4842900,32.3626492,-97.9243536
4811550,31.5460613,-99.0756639
4821000,31.4310383,-98.4915565
4837740,26.611137,-98.9041734
4817400,30.4651627,-99.156225
4812060,32.1185176,-95.3692974
4808730,32.26754,-95.0777145
4845600,32.2156436,-95.239572
4827510,32.5149438,-95.4421695
4813650,32.3538299,-95.1336501
4846230,32.4865342,-95.2100426
4810350,33.1967001,-96.2628574
4819080,33.1738264,-96.3823557
4829850,33.2171135,-96.6150564
4835850,33.1410298,-96.4959668
4810590,33.3017348,-96.3969844
4828380,33.1145654,-96.5914873
4836000,33.2430699,-96.7889887
4838220,32.9455388,-96.3111018
4814850,33.0458186,-96.3785971
4835100,33.0361785,-96.7224334
4811190,28.9752013,-95.3239246
4816290,29.2150165,-95.3349791
4808090,29.4002747,-95.3132021
4816260,29.2573279,-95.7267579
4814400,31.7883717,-97.5547163
4830300,31.914863,-97.6290515
4843760,31.6897344,-97.4866571
4813960,31.6674476,-97.2908241
4831380,31.9907989,-97.5733496
4835700,29.7478584,-97.7357173
4812870,32.0963854,-94.9741887
4824590,31.9541385,-95.2963423
4818330,34.0121584,-98.8640415
4845780,33.888479,-98.5147576
4814160,34.8777228,-100.9541713
4822850,34.9345168,-100.6035877
4829880,35.2318203,-100.6592504
4808160,34.0612013,-102.365534
4825290,35.4090849,-100.107729
4845210,32.3011042,-101.0514627
4816980,31.5911638,-96.0935697
4830450,28.9585703,-97.2660669
4833270,28.940916,-97.0958267
4833570,31.6303251,-99.974811
4834410,28.6058592,-97.9698448
4835890,36.0084208,-101.4252975
4836420,27.3224705,-98.3951367
4839060,29.4425442,-103.0822507
4844370,34.9448303,-102.8420812
4845840,35.2255588,-102.2217164
4827270,32.3339395,-94.9128863
4842390,29.3097383,-103.5404756
4841100,29.7920384,-95.5358732
4841220,29.9897624,-95.459667
4823820,30.0588853,-95.0992242
4820250,29.7688475,-95.1860508
4819820,27.8917554,-98.6241861
4829910,32.9299499,-94.096702
4815480,32.1544513,-97.2800943
4834560,31.8385954,-96.9331652
4823280,32.0243921,-97.148888
4845720,31.9691124,-97.3414248
4800006,33.2001456,-100.2640732
4825790,32.5472829,-102.0148306
4826610,32.751152,-101.8822996
4839120,32.4606598,-101.6751641
4807350,30.548936,-96.2846214
4811790,30.7424668,-96.3306153
4832190,30.3828294,-96.0322658
4825410,26.8902129,-97.5911434
4827300,33.0508799,-96.9907417
4816740,33.214106,-97.0937275
4835310,33.1858002,-97.2963143
4829370,28.6516495,-95.8769631
4821840,35.2178926,-101.1074108
4844820,29.6616745,-96.7452928
4813200,31.9080784,-95.8885962
4840500,31.6850984,-95.4115181
4834050,31.8412614,-95.6617267
4837140,26.447423,-98.6835994
4838910,26.683753,-98.5048704
4814640,32.3018298,-100.8797778
4830180,34.5941297,-100.6121713
4807500,35.2428753,-102.8066786
4800002,33.5380165,-100.8382818
4834380,33.693351,-100.7093249
4817850,29.3633743,-98.3053677
4824990,29.4939126,-98.3080383
4836450,29.5310244,-98.2781805
4840950,29.2979166,-98.6739044
4813500,31.4337611,-94.8475627
4824000,31.2557832,-94.5096911
4846740,31.1077545,-94.3849324
4826970,34.3963527,-102.6579962
4821360,33.1315313,-98.6148438
4821750,31.9864358,-101.8327753
4830570,31.8120866,-102.0646462
4809280,32.3597273,-99.306479
4843470,32.3291286,-95.3714316
4831230,26.3908751,-97.9682037
4839930,26.2415939,-98.2764325
4843800,26.1124308,-98.2270863
4844960,26.1863298,-97.9740405
4813050,32.9441755,-96.9116198
4816230,32.7359525,-96.7425077
4840620,30.4544948,-96.434522
4840770,30.3579351,-96.608198
4837470,32.7143303,-100.4077729
4814580,33.5526565,-96.8665522
4809780,33.6463795,-96.437679
4835580,33.7792281,-96.6990144
4838400,33.6578786,-96.7687508
4843140,33.4214594,-96.3394625
4834920,33.3951071,-96.9860829
4827690,30.1940006,-93.8264266
4821330,32.9422931,-98.3672589
4810200,32.3441948,-101.5049229
4814490,32.3388234,-101.2847167
4816380,31.9096648,-96.6471645
4830720,32.0129142,-96.3260268
4838900,29.6971927,-100.8249779
4820040,32.0386874,-96.8079316
4830600,32.472297,-97.0004649
4836660,32.5153887,-96.8110185
4822650,34.3965656,-102.1196403
4824300,32.5789545,-101.0457213
4808400,32.7365109,-99.9133052
4830340,32.45963,-100.0005911
4822800,32.6119379,-99.8039522
4840650,32.8172469,-100.9414048
4809450,29.7231354,-94.8580137
4813620,35.6729485,-102.6554935
4816080,31.7792489,-94.8478912
4826700,31.9501979,-94.8452215
4845150,32.1972335,-94.9052891
4807470,30.9689896,-97.3293621
4819320,30.8504813,-97.776889
4837710,30.9669812,-97.2114043
4824600,30.792392,-97.6454346
4842660,30.5682202,-97.2994272
4824150,28.8486317,-96.5755203
4818210,29.0640671,-96.7159535
4831970,33.4670266,-99.5791428
4824180,27.870289,-97.2090186
4828350,29.1254385,-96.3642665
4817160,34.5787207,-102.3365752
4815870,33.9249877,-99.8053878
4835730,33.8823175,-97.7049988
4819140,29.9358525,-96.6850318
4839540,29.7224139,-96.9397541
4819280,29.782361,-97.1385599
4838100,30.0794878,-96.7479367
4826100,29.9203957,-96.8906953
4826910,31.3892601,-95.488613
4807800,27.8282705,-98.12118
4833720,27.9837707,-97.9681786
4822770,32.6544144,-95.2459127
4830930,32.6692467,-95.4359805
4836930,27.417841,-97.8311725
4839300,27.3891416,-97.9755709
4825680,27.5571141,-97.948851
4829280,30.7337004,-99.229223
4813440,31.7652088,-94.6810752
4829250,31.642555,-94.4475334
4832090,31.5971946,-94.6731668
4844110,34.0296652,-99.2769077
4841670,36.2898101,-102.0834211
4842570,36.3844381,-102.8773967
4839390,32.6230546,-98.1950495
4830870,32.7205229,-97.9897139
4822350,34.7393025,-101.8038137
4836780,28.3675746,-97.1741231
4846380,28.1851966,-97.3544692
4821180,32.5938561,-98.3633678
4841700,32.6292239,-98.5397356
4811610,33.2220018,-102.4005488
4815750,29.9203745,-95.047451
4832400,30.1320864,-95.228702
4821990,31.8334682,-98.3856697
4831290,31.2944902,-97.385259
4843260,31.1764891,-97.2833139
4823370,30.8843712,-97.3784534
4815240,31.1472564,-97.9213164
4828110,32.496859,-94.7267978
4818600,33.5127875,-97.3355517
4827570,33.6554519,-97.2361552
4838520,33.7566803,-97.538121
4819050,33.4306488,-95.8907501
4837500,31.2988983,-99.2113721
4827930,31.3447786,-99.4250961
4809410,27.8527139,-97.8086451
4845040,31.7648022,-97.0898383
4816320,36.3344227,-100.3430512
4833360,27.9352922,-97.6052573
4824930,32.4740774,-97.3863747
4828920,32.5800145,-97.1399932
4815400,28.3229811,-99.0885249
4841520,32.2110731,-98.1425636
4827450,29.9891935,-94.7243262
4825870,33.4164496,-99.861662
4811520,31.1404539,-93.9584608
4812150,31.047658,-93.7064004
4839510,30.8962331,-100.5272161
4828140,32.8819847,-102.3449559
4844910,33.0507072,-102.3151292
4834630,33.0193145,-98.0486772
4826790,27.5106989,-99.4902325
4830000,33.3358437,-102.2584612
4817830,29.5116454,-96.1741682
4827240,33.6132928,-102.4224036
4843650,27.8560208,-99.4305607
4844810,27.50158,-98.999441
4808280,32.3122581,-102.6402058
4814450,32.5224442,-99.5126391
4828530,32.8334174,-99.6255526
4807440,32.4755641,-99.7528702
4820790,31.8680062,-101.5214944
4839690,29.54205,-97.886561
4839480,29.5482719,-98.2446382
4829100,29.5413061,-98.1118381
4832160,29.6970797,-97.9670055
4842870,33.4668004,-96.8831755
4811010,33.0725929,-97.5796332
4808100,33.3798458,-97.7011651
4810860,32.7385899,-101.439199
4807950,30.0291557,-103.5694441
4842930,33.538746,-96.5026084
4835740,33.5542963,-95.3829339
4809030,32.2178081,-96.7758786
4829580,32.3111338,-97.0298142
4844730,32.3563392,-96.863493
4818540,32.322865,-96.5680651
4834110,32.439871,-96.6780508
4819530,33.5468681,-97.5842363
4843740,30.6741964,-104.438468
4837260,35.3914421,-101.8157436
4835560,35.3720189,-101.6604048
4842840,31.8733427,-94.3938628
4818180,26.559158,-98.1941613
4826130,26.3084258,-98.437463
4831040,26.2450571,-98.3207837
4835910,26.0895619,-97.9646454
4820130,31.6207477,-105.7000063
4816650,31.8693961,-105.178996
4823400,33.7550526,-98.7639716
4821270,32.2339782,-98.6658027
4817960,32.3572158,-98.8202123
4846710,26.9969806,-99.1826027
4813530,30.2267877,-94.1888507
4817070,29.464296,-94.9919613
4823160,29.5117283,-94.4935613
4842510,29.3694741,-94.9051773
4839270,29.3810154,-95.1220198
4809390,31.7869682,-99.1311731
4827780,30.7118268,-94.9099887
4833690,30.8289064,-95.0967623
4821090,30.56838,-94.938988
4808520,31.8380791,-97.2495405
4824480,32.1611755,-97.1336178
4824260,33.9435436,-98.752226
4824530,33.2678401,-98.1329836
4833630,33.4210894,-98.8348504
4841010,36.206206,-101.1736925
4842540,36.3627168,-101.7296949
4835820,31.6553715,-98.5274654
4822230,31.7102721,-98.1683509
4812810,34.9761533,-101.9113416
4843530,32.5908002,-94.9287094
4822560,32.7760114,-95.1222059
4815600,31.5298411,-97.4987119
4820500,31.4105888,-97.7429621
4824900,31.6054865,-97.8853832
4826640,31.1227874,-98.1436639
4815720,31.2848906,-95.490625
4821630,31.4946689,-95.523504
4821900,31.0555198,-95.1696552
4825470,31.3888827,-95.1672055
4828410,31.1181367,-95.5534113
4811680,25.9394545,-97.48137
4839330,26.0866781,-97.8170609
4834230,35.3887575,-101.4441183
4822380,30.294587,-94.7561224
4842210,30.3181694,-94.9157296
4813320,31.7619633,-94.1990414
4818840,31.6962222,-94.3450563
4834710,34.0305856,-98.2674901
4828740,30.2114081,-95.7044773
4812540,30.9911202,-96.6687821
4820700,32.7344874,-94.9073926
4835010,32.9572571,-94.9766648
4815000,30.2506045,-95.4021484
4841070,30.2562453,-95.1927095
4810890,35.7031992,-101.2500394
4840230,30.4165742,-94.1819716
4809570,30.104037,-97.3699893
4840550,29.9958348,-97.2023728
4826430,33.1250853,-97.0330787
4833090,34.3027023,-99.2941571
4819500,36.3597713,-100.1572162
4836300,32.8205862,-95.4073689
4814250,34.9511749,-101.3773314
4819830,33.5261458,-102.0184618
4841970,28.965773,-95.6062331
4808310,29.1178681,-95.4732571
4814670,29.1453838,-95.6628612
4837650,32.8887864,-96.4440595
4808430,31.9867309,-106.5986342
4838850,31.568653,-106.2509347
4812780,31.9491855,-106.5291621
4831560,29.5693609,-97.1453623
4842000,29.3096419,-97.0298239
4840110,29.4322482,-97.1800713
4831500,34.0750473,-100.7942443
4814920,29.9938667,-101.2775487
4800003,30.0469641,-100.3681372
4839750,32.7037605,-102.6919259
4814760,31.8806979,-98.5665081
4823070,31.9479997,-98.055442
4829520,31.9685147,-98.9503176
4819350,29.1655497,-98.1981342
4841610,29.2761627,-97.917938
4823010,34.8840801,-102.4154208
4843980,35.3134821,-102.5102999
4834500,32.8803695,-97.8846588
4844800,32.7233193,-97.7674891
4811460,32.6484393,-97.9319766
4841280,32.9659011,-97.6749246
4841190,32.5597347,-94.8099743
4820760,32.4938348,-95.073767
4842330,31.0933849,-97.3472469
4834980,32.4991004,-94.8126327
4841350,29.6257201,-95.5657396
4834440,29.5549114,-95.3081177
4807830,29.7045064,-95.6080614
4816410,30.0353275,-94.9159479
4823640,29.7366216,-95.3803675
4825740,30.0422426,-95.5236285
4839990,29.8625472,-95.1751895
4842960,30.0973473,-95.6415501
4839150,35.6636772,-101.5641372
4836630,33.4770174,-94.1701734
4824450,32.170387,-96.8800738
4830780,32.1504649,-96.9773392
4818030,33.5920396,-96.2780933
4839450,33.630179,-96.3302851
4828500,33.5802954,-101.863017
4807410,33.865296,-101.8929231
4845420,35.417094,-100.3372167
4814070,32.3639577,-99.0175092
4836480,32.4526008,-98.6195823
4816440,32.123666,-98.5774224
4813860,34.4393318,-100.2154794
4833900,34.061013,-100.2933838
4815210,32.9504661,-96.9879894
4820340,32.9147071,-96.595168
4824420,32.8315697,-96.9626184
4817040,31.1748608,-94.7388521
4828550,31.335907,-94.6764141
4823790,31.3287132,-94.8603074
4824330,30.8251048,-102.1469556
4808870,32.2198653,-95.8294768
4818390,31.6047038,-95.6220292
4819770,32.0266413,-95.5258006
4826220,32.0937869,-95.6416587
4832250,31.9058856,-95.5150489
4843290,31.7227719,-95.7466027
4832340,33.4633256,-94.4168107
4816570,33.5272069,-94.6422434
4827390,33.3518954,-94.117185
4827060,33.4771479,-94.2279055
4841250,34.2872154,-102.3950002
4808460,33.7922835,-102.1555137
4846590,32.9186797,-95.5597989
4816020,33.1607663,-95.8356778
4841820,33.1179256,-95.6231757
4845900,30.4344433,-95.4433668
4814520,30.6441231,-95.2159316
4812240,30.2129311,-96.6069769
4821300,32.2965715,-102.0060249
4842420,30.2323427,-102.0725126
4834680,33.909386,-101.6201972
4815360,33.9871092,-102.001902
4822050,34.0655009,-101.870378
4839780,33.621035,-99.2437694
4809980,33.6356815,-99.7370532
4840320,33.3574262,-94.546715
4815810,32.1463828,-99.2012506
4841880,32.800525,-96.5475766
4818780,31.4435084,-98.100712
4829700,31.274485,-102.1854116
4808130,35.2065513,-101.8492306
4825620,32.364601,-94.819897
4842480,33.4527817,-94.094653
4811850,30.8794171,-97.1397645
4812640,30.8911291,-96.9076015
4820520,30.7696186,-96.7106599
4830690,30.735169,-96.8308143
4837590,30.6788025,-97.0580851
4815570,31.7690646,-97.8044439
4824360,31.9849959,-97.8738905
4825890,32.0713867,-97.5311393
4844520,32.1065338,-97.7089614
4835550,29.0332424,-98.0993546
4826310,29.35491,-98.1183611
4816770,33.0014919,-102.9501748
4832740,29.3071779,-97.6862004
4842990,31.48733,-106.0319025
4841580,35.8175527,-101.3613669
4808230,30.5658506,-95.9689625
4824240,30.7217157,-96.1092976
4814280,29.5466529,-95.103935
4807710,29.9439287,-95.3767681
4813590,29.793023,-95.1144823
4823910,30.0057648,-95.2006824
4834320,29.6475704,-95.2069121
4832700,33.1917303,-98.7909363
4826070,27.2929009,-98.1430942
4813020,32.9520655,-97.1477862
4818810,32.6255026,-97.2834176
4825260,32.9213709,-97.2531569
4845540,32.770687,-97.4890005
4833180,33.0330059,-97.3548799
4834650,36.269994,-100.7941602
4836970,29.5100883,-96.4663898
4822120,29.410193,-96.8226321
4836360,32.8704571,-95.795613
4820610,31.7186216,-97.2521718
4827990,27.6191979,-97.4785792
4816890,33.771767,-95.255972
4816110,29.9232994,-95.640396
4838820,27.7997279,-98.3324216
4899130,27.5643686,-98.5899837
4823850,33.038868,-94.5938912
4815120,31.7181648,-96.7182551
4811430,31.3098255,-94.213814
4814790,29.9868809,-98.867348
4824210,30.1667391,-99.4010421
4838360,31.8081561,-95.1489949
4843230,32.1252002,-95.1105142
4844940,31.4889429,-95.0142192
4825980,33.2788233,-97.3023098
4813800,33.3262694,-97.8291648
4816500,33.2376303,-97.5392241
4825920,30.3924007,-94.4061807
4844580,30.5819936,-94.3502781
4845000,30.2986068,-94.5765442
4833960,33.0445506,-99.6379768
4838280,33.1283897,-99.9352549
4841400,32.929796,-99.8420098
4822740,33.2450205,-99.6822232
4826250,28.9497135,-99.9521857
4816920,29.9741671,-94.5229423
4823880,30.1013889,-94.6424362
4845180,31.3046774,-93.9817478
4821930,36.3281309,-101.4337355
4814700,29.7458198,-96.5173579
4812510,33.6458799,-97.005394
4831860,33.6875486,-97.3734119
4840470,33.3649643,-97.4345658
4843860,33.4959382,-97.1362552
4840380,33.8038268,-97.2242606
4846320,31.4353909,-94.4525606
4817460,31.6239772,-94.8650107
4839960,31.704389,-93.9780195
4844040,31.5149808,-100.2843912
4815690,30.7175316,-101.4042113
4827810,30.6998069,-98.706036
4800012,33.5739325,-95.6870409
4815150,33.3792631,-95.6534198
4817100,28.6963001,-99.2530066
4813710,28.8130966,-98.7261146
4834470,28.8721547,-99.0757514
4822500,32.6886348,-94.5883716
4844670,32.5055093,-94.0893231
4830360,31.3034241,-100.9813037
4840170,31.9751867,-98.7601649
4825660,31.1288065,-97.7597789
4837900,31.1244673,-96.9896434
4809540,30.8010938,-97.4131076
4809860,31.1206194,-97.5185359
4838580,30.9345477,-97.5666264
4841910,36.0200119,-101.750742
4840800,30.5221852,-100.5133594
4843320,34.5535152,-101.7150603
4846410,33.0248289,-99.0310109
4842780,33.2121987,-99.24437
4825950,34.3792109,-101.7337898
4825140,28.9512093,-97.8925785
4840740,29.2107109,-98.6205329
4835520,29.0722559,-98.6754337
4812990,28.4235871,-99.7658713
4838700,31.3989706,-100.524001
4844410,31.293926,-100.2632459
4822320,29.8378899,-94.2075295
4822410,30.0953093,-94.3775771
4835430,29.9640993,-93.9093145
4824960,28.8178961,-98.5496689
4835190,28.8832873,-98.361691
4829400,28.0890326,-97.7995535
4834770,28.6166565,-97.752479
4840410,28.2492705,-97.6759779
4807890,33.1087535,-96.6707303
4808340,33.3554697,-96.5158192
4821960,33.4522645,-96.7569245
4827210,33.3822514,-96.2493072
4830120,33.2797819,-96.54902
4843890,33.4293346,-96.5615433
4845670,33.4863236,-96.3959301
4846530,33.0201832,-96.5332922
4819440,34.0147239,-101.2523446
4827890,34.1781133,-101.4415213
4843400,34.4166577,-100.8981253
4823490,33.5016327,-94.2807549
4828830,33.4987128,-94.5169491
4829460,33.3346839,-94.3523609
4836750,33.3526917,-94.259872
4814370,30.2808184,-95.0955583
4831260,30.401879,-95.6924212
4835040,33.2183447,-102.847141
4809720,28.4270428,-97.6847383
4842060,27.9731468,-97.3947326
4808580,27.9160612,-97.1403957
4821780,27.970702,-97.2804139
4840350,28.0680096,-97.5260153
4810910,31.6230476,-97.1871724
4822140,31.570372,-96.9580752
4830640,31.4974449,-97.2661831
4813230,32.5848142,-96.9723118
4826670,32.5890648,-96.7711482
4830390,32.7585043,-96.5938843
4810740,32.9547108,-96.1008097
4821720,33.1365418,-96.0941918
4818690,32.4022328,-99.6001769
4846500,32.3449743,-99.7992969
4820370,32.8625671,-97.9725088
4830950,32.8255794,-98.1446785
4835340,32.9829272,-97.8679131
4812180,32.5278246,-97.2964051
4814310,32.3037,-97.4643012
4821390,32.454965,-97.7421089
4825020,30.472352,-99.8215057
4800011,32.4212395,-97.2011825
4800009,30.0200671,-98.1201485
4808880,33.1109893,-94.2438679
4809090,32.9115435,-94.5392722
4810440,33.1636547,-94.070324
4827540,33.0011889,-94.3622293
4834800,33.2124312,-94.6584172
4836210,33.2302852,-94.1600578
4834290,33.6605651,-95.5635774
4838970,29.8571471,-97.9362878
4844310,29.6884565,-97.3419916
4836180,34.293481,-99.7989104
4833660,34.1216305,-102.1619864
4820960,32.4651779,-97.5417537
4820850,32.2298402,-97.7686371
4827630,32.5207167,-98.0296647
4818890,29.1873682,-96.903993
4807680,32.7821535,-99.3239136
4811220,32.7420911,-98.8212045
4829760,30.2626303,-97.2078029
4807980,31.6495633,-95.0833493
4832610,31.9927817,-95.0769775
4811730,31.2926954,-97.2372396
4829190,31.5355119,-96.7893894
4837110,31.4816469,-96.9387375
4837410,31.4383154,-97.0809512
4839000,26.5600555,-97.4768137
4826040,26.178865,-97.8221953
4837170,26.2530763,-97.6084515
4839360,26.2760053,-97.8195349
4835250,26.026388,-97.163104
4827600,32.2857917,-98.4141356
4837230,32.1484012,-98.9405681
4810950,34.5619101,-102.9032876
4810170,30.5971535,-94.6524154
4815300,30.9896643,-94.8329933
4827120,30.8081246,-94.7668545
4807590,29.4942745,-98.4677469
4819110,34.3668811,-102.9540351
4823760,32.3943122,-98.3636543
4817580,32.0351905,-98.3144735
4831410,32.4194819,-98.1993588
4817790,31.758397,-98.9069068
4810380,31.8275197,-98.8025228
4811700,31.6701232,-98.9712688
4825440,28.7779269,-97.8717915
4809670,30.0484436,-94.1448613
4835400,29.8894712,-93.9462073
4808550,28.0796638,-96.975809
4832130,29.2011232,-98.8681031
4833120,29.5527545,-98.6903421
4811990,31.4575792,-95.9825883
4815330,32.0423753,-96.4508785
4830420,31.6586238,-96.4953249
4842300,31.5983225,-96.2610121
4820310,29.0103365,-96.4435831
4834020,28.6025374,-96.2209029
4828020,33.0111844,-95.9662047
4812660,33.138589,-95.9406415
4813260,33.2846876,-96.2002171
4812390,33.048639,-96.1917543
4844470,29.6005279,-96.0175664
4818360,30.3318717,-97.3846259
4810620,32.3270486,-98.0483439
4813770,30.9570777,-94.5976508
4814600,30.9405169,-94.3536398
4833240,29.7613645,-100.095509
4843720,29.2091043,-99.7965368
4817280,33.5969517,-96.0719285
4831320,32.5597211,-99.2134776
4809360,29.6970902,-99.0410901
4830030,29.8042174,-99.3126812
4810830,36.2774613,-100.4885526
4832790,33.7923704,-97.6797106
4818300,31.8670793,-106.4119182
4840710,31.7889173,-106.2451413
4809330,31.1138386,-103.8626249
4822710,33.2508408,-94.9421016
4842120,33.4197576,-95.1220029
4816180,33.022325,-94.7427732
4831760,33.1369478,-95.0496488
4846170,31.8149029,-103.3874966
4823700,33.4546516,-94.6493125
4835130,33.51791,-94.1371098
4808610,33.59861,-98.6064501
4846080,33.5845066,-98.4562848
4810990,33.5219106,-97.8432891
4823190,32.2526377,-100.5592182
4830660,33.5636912,-98.2486768
4812120,34.0469302,-98.5491843
4838080,30.4954039,-97.7091574
4840890,33.3263047,-101.4885721
4813890,34.2662312,-99.4797389
4800001,33.5661903,-101.1450909
4844890,34.9144411,-100.2308269
4818070,31.2461609,-99.8959677
4833980,31.4847648,-99.8805509
4840440,33.4532384,-101.6521765
4823250,32.8445433,-96.7963891
4817640,32.6564922,-96.9284213
4829820,31.4490776,-97.4048293
4826280,31.6042774,-97.0667831
4815420,30.449704,-97.3634631
4826400,30.4451992,-97.9757385
4828890,30.3308491,-97.5584218
4817760,30.3064749,-97.8346934
4827030,30.5190273,-97.8855409
4808940,30.3525239,-97.7207036
4827870,29.8864276,-97.6102174
4821590,30.714468,-97.4320462
4827420,30.6790625,-97.9203971
4824100,30.555845,-97.540227
4842280,30.548845,-97.4247765
4820600,30.671617,-97.6728316
4831770,33.1758457,-95.2190662
4841790,33.298288,-95.4180633
4816710,33.7558642,-96.5376445
4823670,33.5167393,-96.6492209
4819170,32.5113171,-96.6335171
4840080,33.6400166,-96.5905691
4821660,32.9013523,-97.0747912
4827180,31.291429,-96.2015392
4833340,31.5544684,-95.8110079
4813410,31.243494,-95.8622344
4809200,32.8844414,-97.5653637
4816620,30.1673525,-97.640436
4826470,30.3498208,-98.009078
4834830,30.4409454,-97.586385
4838610,33.1641995,-95.3715572
4846200,32.906806,-95.2834163
4811820,33.1713056,-98.3655847
4811490,31.8640081,-100.2975367
4832010,32.2826541,-95.749486
4811640,32.26933,-95.5937721
4831650,31.8889633,-94.6865477
4833870,32.315211,-94.9647491
4822970,32.0839373,-94.7240573
4817130,30.321994,-96.8340741
4834140,32.8233035,-98.4779656
4840020,30.4864547,-95.0040262
4833030,30.8739213,-96.1040092
4808670,33.0979318,-97.1759808
4827720,33.148228,-96.9484014
4822530,26.2148289,-97.7157152
4828290,26.1887232,-97.392369
4838790,26.0863854,-97.6772388
4820070,32.6902949,-95.789932
4832970,33.2726286,-95.6200181
4822680,35.8974771,-102.4133802
4817550,27.6495846,-97.7416587
4837440,27.7672166,-97.6832677
4845120,27.7362751,-97.5228981
4819380,27.6728893,-97.2537962
4813980,31.5164796,-94.3775649
4838760,31.5094255,-94.1343998
4819560,32.736259,-96.4467585
4839570,32.4913646,-96.3918218
4815510,32.5986706,-96.4509277
4842450,32.7561289,-96.2458677
4845950,32.7151762,-96.0397286
4819840,30.3076043,-98.8362601
4808490,31.2705295,-94.9791189
4824120,33.7164474,-101.6916543
4837800,33.5662912,-101.6656649
4832430,33.7498682,-101.8584364
4812220,30.8347524,-98.2040117
4814820,33.2614716,-95.9406295
4838190,29.8567722,-95.9773131
4822920,30.0794831,-96.0793433
4839210,31.6236699,-99.3216018
4814550,31.9558857,-99.4506778
4825530,32.1089273,-96.2232485
4822020,33.605782,-100.2655891
4800005,32.2288554,-100.2961248
4837380,31.9277479,-100.5975969
4844710,31.6606485,-100.7556774
4831890,34.1727848,-102.8069569
4838310,28.8688749,-97.6907858
4827330,30.4025125,-97.0436443
4837320,27.4432545,-97.5034993
4844280,31.5433142,-97.1564334
4845630,33.7697125,-96.918845
4820220,33.6204046,-97.1259145
4844490,33.8025145,-97.0557027
4811110,31.1368814,-99.4535983
4811280,30.2147679,-96.3347731
4809810,29.9764199,-96.3409315
4832280,29.9772516,-94.0054218
4838490,29.6788615,-94.0920854
4828230,33.6371155,-101.5151348
4836390,33.6029176,-101.3683386
4821030,28.6607,-97.4304145
4811040,35.5351544,-102.2526083
4837020,32.9371427,-96.7357278
4816860,32.5809117,-96.8618674
4821420,32.7243029,-96.9974987
4838460,32.4367847,-94.9238126
4845480,32.5123413,-94.8601763
4830210,30.8852677,-99.8588613
4836540,26.5314974,-97.8051056
4835570,35.4285729,-101.9978354
4817610,35.809184,-101.9232658
4821600,31.597014,-100.4733026
4825800,29.2570702,-99.6319937
4827000,29.8153757,-99.7273017
4838430,29.369912,-99.552328
4819020,28.9796858,-98.0098185
4821060,29.5008084,-97.4831423
4842810,28.9160955,-96.1559064
4809630,28.9390882,-95.9581458
4843950,28.8421355,-95.7645543
4830480,35.8441767,-100.7620988
4838730,29.4208835,-98.4709673
4822470,29.3502634,-98.4974863
4832940,29.5778411,-98.4506569
4840680,29.3484371,-98.5762961
4820160,29.4602142,-98.4356036
4821560,35.3357966,-100.9823528
4820970,33.7376302,-97.8960182
4809750,33.6417472,-98.0431406
4813170,32.779451,-97.3968112
4824060,32.827367,-97.1236998
4826490,32.814294,-97.4042096
4807780,32.6823976,-97.6266426
4825500,32.6423438,-97.2108149
4840290,34.5078094,-101.3085448
4835490,33.148968,-101.2913114
4816350,32.9254586,-102.1139125
4832490,33.3159846,-101.9549391
4845990,33.3041328,-101.7003472
4833390,32.9745224,-101.8380135
4826850,26.4942129,-97.9303448
4826370,29.3582529,-98.6637576
4840920,29.2072729,-98.4588635
4818150,29.4110086,-98.5731858
4842630,30.6029793,-97.1550141
4828980,30.0597953,-102.966927
4833010,33.7869862,-95.5847913
4846350,33.3347444,-96.070614
4810800,33.5631058,-96.1690892
4838640,33.7448398,-96.0778211
4823460,33.6485571,-95.9338389
4807380,31.8888592,-97.0999282
4812360,31.9915369,-96.9786992
4823730,31.8372791,-96.7960965
4828800,31.9356104,-96.8926758
4831620,31.7591763,-96.9086892
4811910,31.0764586,-102.6497323
4820190,30.6767205,-102.9240439
4835760,27.4062417,-98.1884379
4809870,27.5784695,-98.1215247
4831200,33.6589773,-97.6854552
4823430,29.3512294,-99.132843
4830060,29.406069,-98.8877919
4814130,33.9455863,-98.5653587
4822980,33.8369668,-98.200333
4824030,30.7625597,-95.583222
4809690,32.2493183,-94.4532201
4842240,32.3243667,-94.56373
4817390,26.1442455,-98.0741143
4823100,26.0769679,-98.1739377
4828620,26.3971625,-97.5926019
4834860,26.18033,-98.1635131
4822830,30.8389395,-96.5498145
4819740,31.0561899,-96.4188334
4831950,30.7608056,-96.5552508
4833420,31.4095043,-97.5311551
4809060,33.5748865,-94.7956895
4814190,33.6292843,-95.0015742
4815910,32.5955904,-97.4083141
4810500,28.6889934,-96.8059744
4844150,28.8118075,-96.9982032
4821540,32.2845531,-97.1851493
4825230,32.3993069,-97.3222885
4837200,32.243303,-97.4258167
4824750,27.0532315,-98.7475716
4845380,29.2574426,-96.0789073
4810780,29.2743527,-95.9548489
4818280,29.2480396,-96.2965394
4843110,32.517281,-100.1544523
4810320,30.050009,-98.466889
4824840,30.3352126,-98.3855352
4800010,30.0412488,-97.882653
4829040,29.9750947,-104.143949
4835800,30.0788489,-104.589013
4800008,30.2065487,-98.1014813
4814880,33.048638,-95.4194128
4836510,31.4063637,-101.9715527
4822620,34.0012921,-99.0321793
4824660,33.1958583,-100.7744163
4826580,29.5500067,-95.8082717
4832310,29.3741119,-95.7815274
4819650,29.5805319,-95.5789267
4828170,32.3541675,-100.7204183
4813380,31.1461958,-94.9817455
4818060,26.2829122,-97.9664133
4826340,26.2976686,-97.9024847
4829670,26.2169528,-98.2377553
4830250,26.1465329,-97.8979868
4840590,33.6180048,-102.1558405
4841850,33.4588311,-102.5173257
4845690,33.7484686,-102.317953
4824630,30.9344247,-94.0595784
4844160,30.1675363,-94.022579
4830750,31.6210721,-100.1814127
4814010,31.2007964,-100.5392013
4821810,31.4362506,-96.5187484
4846470,31.7978967,-96.4136473
4809150,31.6610473,-96.9551289
4836570,31.3751911,-101.5143954
4812480,28.4417191,-96.5795739
4824730,32.7983135,-94.3420656
4833840,32.8142985,-94.7576864
4837830,33.4514663,-102.2021409
4839600,32.9377951,-102.5828813
4842090,33.1587063,-101.8393388
4825170,29.800117,-95.7682123
4844430,30.0876851,-95.9007394
4841550,31.8357735,-101.0549114
4811400,35.5719831,-100.2691019
4827090,35.4195354,-100.7365925
4834170,35.6283448,-100.9278498
4845450,35.4949953,-101.1766572
4810710,29.8265102,-98.663903
4814730,29.8053747,-98.2873945
4832370,29.704646,-98.1775585
4820400,31.7924525,-94.5179984
4833780,30.038956,-93.9693474
4811310,30.0150077,-93.828076
4845090,30.0958162,-93.7713458
4811250,31.1452221,-96.6360151
4829130,31.3082212,-96.8245963
4845330,31.1265645,-97.1206675
4828200,31.3939807,-97.2183499
4813920,31.3065303,-97.0656534
4829940,28.384922,-98.5788529
4813740,30.9822613,-98.7793286
4837080,31.2702609,-98.9857804
4839030,31.1377161,-98.7102465
4835370,27.7846175,-97.0944625
4807530,27.7783394,-97.9255475
4810260,27.6647933,-97.6233448
4843350,27.7972108,-97.5417255
4820010,33.1504831,-96.8104427
4839180,33.3715855,-97.1908258
4808910,33.2776278,-96.9839053
4813290,33.3388989,-96.7529773
4807650,32.7774702,-95.605852
4830810,33.0290071,-95.7905631
4812420,27.8600569,-97.6513451
4815270,27.8515083,-97.358173
4822260,32.8856411,-100.1151982
4823040,32.639999,-100.7355343
4837860,32.4894288,-100.5650139
4838040,32.9035834,-100.4868291
4842030,32.5064146,-100.3469201
4825560,31.9383916,-102.9959856
4810650,32.1228701,-97.3886992
4812700,35.9693381,-100.2645631
4816530,29.715388,-95.1102534
4835070,34.1895335,-101.7469245
4843920,32.486036,-95.6241799
4844010,32.4434621,-97.1199047
4832910,31.0631596,-96.1272219
4814970,31.6507598,-97.1310496
4810140,32.6074011,-95.1247231
4843560,32.8470082,-95.0555794
4841760,33.9786296,-102.7290353
4825710,30.6763666,-93.9831202
4832730,30.7511006,-93.7365264
4821480,31.414285,-102.8800868
4831170,31.5373139,-103.0920475
4814430,31.7756674,-106.1031743
4818900,31.5136977,-106.1371882
4846680,31.7331027,-106.3068189
4813680,33.0911834,-94.8823362
4817010,30.3721326,-93.8058216
4825200,32.5590795,-96.2277266
4828680,32.4011967,-96.1101625
4825320,32.4015294,-96.2721335
4836240,32.9109,-96.1194237
4817190,30.0951146,-99.6282112
4823970,30.0191421,-99.4166072
4820280,29.3347744,-94.8116991
4840200,31.2953252,-105.276659
4827750,33.9218169,-102.350765
4811070,29.3470865,-100.4177003
4820550,28.2471443,-98.0792701
4842690,28.5028557,-98.1928194
4828650,29.1838518,-98.7538716
4843680,29.665151,-99.5231105
4816140,29.3354947,-99.3188524
4842720,32.1718133,-97.9709555
4846440,30.7734132,-94.4241965
4800007,31.7113034,-99.5910686
4809300,31.7427418,-99.9518988
4824780,32.1715232,-99.8333203
4815930,28.7413122,-99.7458087
4809000,28.4028412,-96.9701647
4822890,31.3766015,-93.8024904
4828590,29.7009503,-97.6486764
4827960,31.2676132,-98.3718323
4831920,31.5584146,-98.7488559
4846770,31.6879549,-98.7736646
4839900,35.2552517,-100.2597303
4819700,32.7177183,-97.3726604
4808700,32.716856,-97.1055333
4817700,32.9005861,-97.4165212
4810230,32.8366131,-97.2369074
4818000,31.8653008,-102.5425068
4829010,30.5572934,-98.2123188
4818940,31.8028274,-96.1166584
4810470,32.0917042,-96.6542513
4836960,32.2291128,-96.4755085
4817730,28.7297873,-100.316678
4900030,40.2859903,-111.866621
4900060,38.357535,-113.2389481
4900090,41.6226233,-113.060252
4900120,41.7341179,-111.7453936
4900142,40.5850353,-111.7189724
4900150,39.673284,-110.5884845
4900180,40.890099,-109.5057855
4900210,40.9514614,-112.1676198
4900240,40.2893927,-110.4295838
4900270,39.0090246,-110.7210999
4900300,37.8316634,-111.4509074
4900330,38.9743261,-109.5734502
4900360,40.7030283,-112.0934277
4900390,37.9093044,-113.3067405
4900420,40.5440443,-112.0526235
4900450,39.6190504,-112.094315
4900480,37.2750892,-111.815329
4900510,41.7402562,-111.8417642
4900540,38.9567436,-113.133092
4900570,41.0910273,-111.5778846
4900600,40.6512615,-111.8955981
4900630,40.0090923,-111.5595777
4900660,39.6083009,-111.4643074
4900690,40.9605321,-111.3326304
4900720,41.2283911,-111.9681469
4900750,40.7066484,-111.5435735
4900780,38.3358805,-112.1293755
4900810,40.2453116,-111.6450565
4900840,41.6275976,-111.2402269
4900870,40.778539,-111.9298677
4900900,37.6026329,-109.7915741
4900930,38.7468245,-111.8119299
4900960,39.226634,-111.5690157
4900990,40.8572024,-110.4853178
4901020,39.778177,-113.1214952
4901050,40.4677525,-113.1239786
4901080,40.1258872,-109.5177482
4901110,40.3348838,-111.1615683
4901140,37.2625308,-113.4878003
4901170,38.2598556,-110.9908718
4901200,41.2817859,-111.9209998
5000011,44.1984151,-72.9477636
5000012,44.7277551,-71.7872794
5000013,42.9737188,-73.0753429
5000014,42.9918378,-72.9716373
5000015,44.9407189,-71.6546237
5000016,44.9110502,-71.8183509
5000017,44.8703006,-71.7370282
5000018,44.9209455,-71.9062969
5000019,44.920522,-71.8602353
5000024,43.9385994,-72.2468459
5000392,43.7997825,-73.0822958
5000393,43.4868316,-72.9389056
5000395,44.5581047,-73.0365619
5000396,44.3577329,-73.1688062
5000398,44.1391144,-73.3090427
5000399,44.8048248,-73.0268282
5000400,43.9580873,-72.6428535
5000402,43.9728942,-73.1946195
5000403,44.2593692,-72.8106387
5000408,44.1437396,-72.6274181
5000410,44.0860915,-72.7414663
5000411,43.5663162,-73.1399958
5000414,43.9677481,-72.8696307
5000415,44.5830471,-71.8244234
5000418,42.834578,-72.8617817
5000423,43.8224141,-72.7919689
5000425,44.1616578,-73.0929723
5000426,43.8309173,-72.6153688
5000427,43.3056839,-72.6422736
5000431,42.8739526,-72.5955588
5000433,44.9587667,-73.0404364
5000437,44.0956715,-72.1520753
5000439,44.3189928,-72.5588385
5000440,43.7030873,-73.2642878
5000442,43.4783045,-72.4595142
5000443,44.4232304,-72.9278111
5000444,44.9057157,-72.6955402
5000445,44.1829927,-72.4750489
5000448,44.5258809,-72.5861271
5000450,43.6075247,-72.6444699
5001830,43.0623448,-73.2223388
5002820,44.491927,-73.2388823
5002850,44.3887252,-72.2887599
5002940,44.9913563,-71.5980243
5003240,44.5541498,-73.225487
5003390,44.648082,-72.3894097
5003450,44.4375039,-72.1248218
5003930,44.7023587,-72.9977533
5004590,43.6646844,-72.3861377
5004830,43.5690887,-73.0976747
5005610,44.6459082,-73.1592206
5006180,43.7776326,-72.3240068
5006450,43.8042305,-72.836897
5007050,43.6096702,-72.9777884
5007170,43.1847019,-73.1803076
5007200,42.8902966,-72.9634911
5007470,44.436565,-73.181103
5007530,43.2920286,-72.4804181
5007800,44.4918064,-72.7126105
5007860,43.0811001,-72.9163565
5008224,44.2271914,-72.2006704
5008225,44.2959469,-72.346185
5009330,43.1688795,-72.972731
5009360,44.495587,-73.1848573
5100022,38.3363097,-77.0284536
5100023,38.5501212,-77.4620038
5100036,37.3248367,-76.7778878
5100060,37.7659435,-75.7578073
5100090,38.0241841,-78.5535056
5100120,38.8192511,-77.0836695
5100152,37.7879048,-80.008669
5100180,37.3319271,-77.9774619
5100210,37.6293013,-79.1547557
5100240,37.3707253,-78.8109404
5100270,38.8783374,-77.1007034
5100300,38.1725895,-79.1409749
5100330,38.0683679,-79.7312032
5100360,37.3122568,-79.5272234
5100390,37.1306124,-81.1258532
5100420,37.5654822,-79.7975457
5100450,36.6169541,-82.1575641
5100480,36.7642043,-77.8614832
5100510,37.2681198,-82.0381508
5100540,37.573928,-78.5291687
5100560,37.7293448,-79.3581337
5100600,37.2101515,-79.0954282
5100660,38.0280328,-77.3537363
5100690,36.7319632,-80.7278307
5100720,37.3610537,-77.05417
5100750,37.0090421,-78.6585682
5100780,38.0376579,-78.4853806
5100810,36.6793761,-76.3017884
5100840,37.3784338,-77.5858474
5100870,39.1153068,-77.9907479
5100930,38.2562215,-76.9704797
5100960,37.2616846,-77.3968043
5101020,37.4736031,-80.2310507
5101050,38.4859303,-77.9564759
5101080,37.5201891,-78.2528364
5101110,36.5833337,-79.4080707
5101140,37.1367011,-82.3492199
5101170,37.0734984,-77.6354922
5101190,36.696182,-77.5359753
5101200,37.936389,-76.9337475
5101230,38.8531833,-77.2990252
5101260,38.8295203,-77.2732524
5101290,38.884722,-77.1756027
5101320,38.7440956,-77.8215005
5101350,36.9314331,-80.3502662
5101380,37.830584,-78.2834938
5101410,36.6840142,-76.9413956
5101440,36.9911862,-79.8827149
5101470,39.2036601,-78.2638291
5101510,38.2992718,-77.4866583
5101560,36.6656397,-80.9143083
5101590,37.3180719,-80.698321
5101620,37.4035413,-76.5235051
5101650,37.7188141,-77.9176263
5101690,36.6522287,-81.2153233
5101710,38.2979805,-78.4701629
5101740,36.6803363,-77.5602774
5101770,36.766461,-78.9396142
5101800,37.0479606,-76.2972931
5101830,37.7602149,-77.4913168
5101860,38.4362547,-78.8733028
5101890,37.4375205,-77.300333
5101920,36.6206119,-79.9806618
5101950,38.3662431,-79.5644718
5101980,37.2910098,-77.2989443
5102010,36.9014184,-76.7075688
5102070,37.7177719,-76.9055814
5102100,38.2771795,-77.1626377
5102120,37.7082604,-77.0910539
5102160,37.7048433,-76.4126628
5102190,36.7017206,-83.1301117
5102250,39.0812,-77.6388976
5102280,37.9727041,-77.959795
5102310,36.9455547,-78.2405281
5102340,37.3990161,-79.1954582
5102360,38.7468077,-77.4826328
5102370,38.4120586,-78.2769614
5102390,38.7693983,-77.442323
5102400,36.6835269,-79.8636475
5102430,37.4253479,-76.2688078
5102460,36.6872563,-78.3689592
5102490,37.6088443,-76.5201062
5102520,37.1755376,-80.3877942
5102580,37.789079,-78.8834401
5102610,37.5101601,-76.9993305
5102640,37.0761357,-76.5219802
5102670,36.9230149,-76.2446413
5102710,37.3027754,-75.9240177
5102730,37.8569747,-76.3796882
5102760,36.9315489,-82.625996
5102790,37.1411668,-78.0538655
5102820,38.2493265,-78.0110923
5102850,38.6232085,-78.4918718
5102880,36.6671385,-80.286413
5102910,37.2047302,-77.3923681
5102940,36.8217206,-79.3985019
5102980,37.1283599,-76.3035337
5103000,36.8593388,-76.3569725
5103030,37.5494041,-77.9128553
5103060,37.2248813,-78.4329574
5103090,37.1873255,-77.2209931
5103130,38.7126603,-77.4827107
5103150,37.0633853,-80.7134439
5103180,37.1201203,-80.5591486
5103210,38.6845215,-78.1688241
5103240,37.531399,-77.4760085
5103270,37.9428936,-76.7305609
5103300,37.278458,-79.9581739
5103330,37.330792,-80.1912371
5103370,37.8145174,-79.4477537
5103390,38.5076118,-78.8853291
5103420,36.9334198,-82.0959342
5103460,37.2853329,-80.0552407
5103480,36.7127756,-82.6136238
5103510,38.856204,-78.5739867
5103520,36.8423183,-81.5397861
5103600,36.7200678,-77.1038135
5103640,38.1824314,-77.6572264
5103660,38.4043758,-77.4672291
5103690,38.1579778,-79.0618761
5103710,36.6971573,-76.6347808
5103750,37.1197611,-76.8801717
5103780,36.9266454,-77.2597319
5103810,37.1253949,-81.5629237
5103840,36.7795254,-76.0291418
5103870,38.9082214,-78.207594
5103900,36.7478138,-81.9503218
5103930,38.0671571,-78.9014197
5103950,37.5522614,-76.8018476
5103980,38.109311,-76.8039326
5104020,37.269481,-76.7081925
5104050,39.1738688,-78.1763562
5104080,36.9745607,-82.6215601
5104110,36.8998679,-81.0830095
5104150,37.1980627,-76.393853
5306750,47.2485479,-122.9476099
5304290,47.1293316,-117.9087222
5303660,47.0699665,-123.9657781
5306000,46.8405796,-123.3341566
5307050,47.3937248,-123.8323599
5300510,45.9202712,-120.2222993
5303030,45.9758812,-121.2747475
5304590,45.7442061,-121.2328784
5305220,47.1383851,-119.3040984
5306270,48.7955853,-117.773895
5307740,48.4976768,-122.0839869
5309330,46.272437,-123.3653845
5302490,46.9831836,-123.3549471
5304800,47.2120273,-123.4444955
5300280,46.1526639,-117.1960339
5307020,47.9416045,-124.3438379
5304080,45.8467463,-121.1353852
5305550,48.2771857,-118.9985435
5306220,48.4841337,-119.5153591
5308940,48.7278529,-119.4869517
5301080,47.6185633,-122.8170858
5305760,47.8070819,-122.5704386
5307800,48.7758702,-117.3464572
5305940,48.3170518,-122.6825252
5308340,48.2001649,-122.3749198
5304740,48.0758044,-120.2898972
5300950,47.6890934,-120.9176501
5300090,47.7560052,-118.9276085
5303000,47.0102021,-117.1468392
5300990,46.3414882,-122.9571654
5309030,46.3159647,-122.5607689
5303810,46.1117084,-122.5695858
5301170,46.6458106,-122.844502
5305190,46.6567458,-122.2286397
5306240,46.6413709,-122.5802146
5309750,46.5959401,-121.7892937
5301470,46.0306408,-118.4401576
5302160,46.1242887,-118.1215672
5309690,47.6940059,-117.2787791
5304380,47.3782493,-117.2866515
5308250,47.66299,-117.3996546
5301050,45.7566596,-120.9806209
5303090,45.8841015,-120.7655785
5310020,45.6808234,-120.9515702
5309870,46.5920271,-123.5083293
5309780,47.0558791,-121.7276706
5306840,48.1274854,-122.8450281
5304150,46.7326366,-117.9483203
5306480,46.8084853,-119.1640838
5309570,46.8411997,-118.2934232
5309900,47.464012,-119.115018
5303360,47.4514774,-118.3218664
5301410,47.1034421,-122.5825626
5302370,46.9113507,-122.143413
5306690,47.2909471,-122.6916703
5308610,47.1787752,-122.2062006
5302130,47.2357553,-122.156446
5301800,48.1725133,-122.6479773
5302700,45.6474901,-122.5080103
5309270,45.6731875,-122.6754798
5305700,47.105431,-124.1644981
5306900,46.2138865,-119.7385675
5305040,45.7770173,-121.664197
5302730,48.3366922,-118.1246689
5303870,48.1653089,-118.6611414
5304500,48.070402,-117.6257015
5301350,47.2954046,-120.8909371
5301950,46.9027983,-120.5854696
5308850,47.0756512,-121.0066395
5302310,47.4475064,-120.1744592
5306510,47.4393037,-119.935355
5300960,47.5259206,-120.4699469
5309000,46.12048,-118.6972233
5304530,48.4578918,-122.8511611
5306300,48.6691497,-122.9120454
5307650,48.5071904,-123.1037693
5303600,47.44513,-123.2804896
5307900,47.191672,-123.1675911
5305250,46.4781973,-122.408342
5306660,46.5565948,-123.2938532
5308910,46.4423187,-122.7473826
5304620,48.9522268,-122.4743822
5305010,48.8575534,-122.4654859
5305670,48.9205203,-121.5562904
5301660,48.6459284,-121.2917767
5300380,45.847845,-122.4147216
5307350,45.7989151,-122.7139669
5309540,45.9810202,-122.1784786
5304170,45.8776315,-122.641099
5308520,46.0838347,-121.8198375
5300390,47.6079089,-122.1721107
5302880,47.2486784,-122.3356875
5303960,47.3804384,-122.1546595
5304560,47.7135125,-121.8320809
5307710,47.6193352,-122.3515382
5307980,47.6214026,-121.3264878
5308760,47.3937797,-121.9248965
5300001,47.2398496,-121.6835863
5303540,47.4470514,-122.3382338
5304980,47.5658194,-122.2298375
5308040,47.4982323,-121.6522865
5308130,47.476289,-122.2757402
5307860,48.5688139,-122.9575386
5304950,47.5779661,-117.7026115
5307620,46.8981261,-119.6361552
5300780,48.5598359,-122.4297055
5301680,48.330799,-122.3491991
5308820,46.8334448,-122.7953172
5306120,47.3517359,-118.719078
5300060,46.6606232,-123.0889462
5302640,46.5400747,-122.9448433
5308070,47.4413043,-119.4586356
5310050,46.0254621,-122.5145082
5300300,47.2962908,-122.1573667
5301230,47.4393227,-117.6087072
5306540,46.8922143,-117.1155997
5307560,47.1903365,-117.3862355
5301440,46.8211635,-117.4339544
5301500,46.5689096,-117.2000617
5306930,46.7157646,-117.2082458
5308310,47.1212438,-117.6091151
5304860,48.0754534,-122.2159292
5300420,48.7232645,-122.4584901
5302850,48.8137255,-122.676892
5300810,45.6466425,-122.3699688
5303300,45.9487291,-122.5229037
5302400,47.8154269,-122.3313091
5303720,47.8215251,-121.4065442
5307530,45.7665013,-120.3047185
5309060,45.9693798,-121.5106911
5300690,48.1447458,-119.7776586
5305020,48.6027341,-120.3205296
5306150,48.2807522,-119.5470068
5309840,47.7418708,-118.7098887
5300480,47.0310454,-122.380736
5302940,47.152393,-122.3994283
5306450,47.0514128,-122.1532402
5308460,47.1398777,-122.6972597
5308700,47.2563643,-122.4620073
5303990,48.5988383,-118.2137192
5305850,47.0691819,-122.7760123
5306180,47.0676555,-122.982505
5309300,47.4111909,-122.4551051
5300150,48.5089869,-122.652483
5301980,48.2478509,-121.4181698
5306330,47.7294635,-117.3137157
5300870,46.9580085,-121.9390787
5306960,47.1713988,-122.3010561
5309180,47.2156619,-122.5535463
5308580,48.2761046,-118.0000665
5305160,47.0499703,-123.5841517
5301590,46.1677097,-118.8997845
5302340,47.4390612,-121.2750471
5304050,46.9572773,-120.1792337
5300003,46.1859234,-122.6586822
5304470,46.2356369,-123.0913946
5308280,47.3273167,-118.0336057
5309510,47.0132069,-119.0628679
5308400,46.4839141,-118.0985886
5309390,46.2730794,-118.1469466
5301920,48.429425,-117.3079238
5305820,46.7830159,-123.5200355
5306090,46.8252401,-123.998691
5307140,46.7133251,-123.7275087
5305520,46.3856597,-123.685875
5308100,46.631071,-123.8684691
5307920,47.7568401,-122.3497222
5303330,47.0995727,-123.0216474
5307110,46.8634935,-122.6999303
5309100,46.9573407,-122.9733789
5310140,46.8694814,-122.5146378
5301140,46.7332869,-122.9332472
5301890,48.8947674,-118.6303634
5307260,48.5980972,-118.659718
5303780,46.6301856,-118.4995098
5308370,46.4111163,-118.737595
5306570,46.3317922,-119.0682391
5300002,48.2169309,-118.3423313
5306780,46.4410323,-117.5502628
5309600,47.6055188,-119.9310185
5307080,47.1832845,-119.8427253
5304710,47.82378,-119.6534118
5306390,47.6848255,-120.1834132
5304890,47.0527844,-123.2547955
5308730,47.3940328,-124.2145612
5301320,46.3755419,-117.2903004
5302550,47.9790505,-120.6233271
5308430,48.3598486,-120.7834834
5309660,47.3840384,-120.3523566
5304650,46.1431946,-120.0001692
5305370,46.553366,-120.2210679
5309480,46.4558048,-120.5391438
5310170,46.4497627,-120.2342745
5309720,46.5411898,-121.0171737
5305280,46.2499006,-121.0053939
5303180,46.1999947,-120.2274128
5308970,46.2272835,-120.4333782
5309150,46.5544287,-120.4920734
5308670,46.390878,-119.9958088
5303510,46.6494978,-120.8168674
5303440,47.655174,-119.3194608
5309240,48.1568642,-117.8723013
5302610,47.309815,-119.5558007
5307950,45.8658903,-122.0652182
5305340,45.5696631,-122.2339992
5305970,47.1230201,-117.2219565
5308490,47.0115002,-117.3506981
5308790,47.2063135,-117.1031984
5302520,46.961364,-117.7472568
5300630,46.5155615,-123.1507511
5307440,47.9710699,-117.2719014
5304920,47.8206556,-117.3210462
5305640,47.8404992,-117.6274387
5309810,45.7989948,-121.4824586
5301200,47.9756412,-120.3110756
5306420,48.9648486,-119.2595326
5302460,47.0375998,-120.5875008
5300330,47.642487,-122.507764
5300660,47.5765203,-122.6511415
5302670,47.9448287,-122.2116535
5304200,48.0201973,-122.080454
5305430,47.9331011,-122.3015587
5308550,47.9115468,-121.6064218
5305910,47.7725635,-122.1572172
5305460,46.7927722,-121.226151
5302820,47.3235786,-122.3318855
5303750,47.5201534,-122.0247065
5304230,47.6779241,-122.1153356
5307230,47.4810869,-122.1997857
5301110,47.6334439,-117.1572682
5302280,47.7572108,-117.1293381
5302970,47.5100899,-117.1803879
5303270,47.6940244,-117.55334
5302070,47.9874527,-117.5162562
5305610,48.2175479,-117.1547197
5300720,47.9738805,-119.5283843
5306600,48.1203351,-120.0664026
5306060,46.4385268,-124.0232664
5300450,46.9445686,-118.0218521
5305730,46.6153857,-118.9658119
5307380,47.1210851,-118.3734693
5309450,46.0986431,-118.3388913
5300570,48.9807878,-123.0297037
5302910,45.9988614,-119.1455816
5303930,46.078821,-119.255252
5304020,46.2940189,-119.4971591
5306630,45.9718494,-119.6228483
5307320,46.5096523,-119.4908661
5303150,46.2613499,-119.918768
5301860,47.733645,-118.4436638
5302010,47.7117081,-118.1684719
5307210,47.6405733,-117.8535219
5310110,46.5893088,-120.5270576
5301710,46.8585524,-123.7243825
5307470,46.818658,-123.101926
5307680,47.0228577,-123.4830087
5300750,47.65886,-123.2522532
5301290,47.9614544,-122.7154122
5301380,47.6766698,-123.9779548
5306990,47.7915357,-123.3134365
5308190,47.9836185,-122.4645215
5304110,48.4060245,-122.5121474
5305400,48.4180234,-122.3591065
5308160,47.4872898,-122.6474592
5304260,48.1487844,-122.245887
5308020,47.9484269,-122.0290126
5305490,46.5613806,-122.878588
5309930,46.4920893,-122.955892
5300840,48.254007,-124.4458443
5301830,48.1209461,-123.8430677
5306820,48.048059,-123.4750828
5307830,48.09236,-123.11042
5304410,46.9245732,-118.6780204
5302040,46.2510948,-117.8530715
5306870,46.4028885,-118.4354367
5305310,48.8462585,-121.983881
5301260,48.3036074,-117.6837858
5305880,48.8705662,-117.7531745
5300240,48.2237314,-122.0568992
5303210,48.0549582,-121.5656139
5305130,47.8301028,-121.973721
5309990,47.2011849,-123.7651831
5300030,46.9640151,-123.7951478
5306360,48.8547769,-118.2121218
5307770,46.6847802,-120.2753314
5309360,46.7298369,-119.7160279
5304830,48.0167384,-117.8160795
5309630,47.9015841,-117.9788463
5301560,48.0466322,-118.1769714
5301630,48.5662624,-117.7719282
5303570,45.7181857,-122.3860635
5303130,48.0101299,-119.1364831
5303240,47.3292165,-122.8925913
5305790,47.4326828,-122.9420909
5308220,47.1913818,-123.0439321
5400030,39.1397248,-79.9969466
5400060,39.447938,-78.037753
5400090,38.0228143,-81.7135382
5400120,38.6993304,-80.7316597
5400150,40.2726454,-80.578691
5400180,38.4195778,-82.2433966
5400210,38.8441591,-81.1154775
5400240,38.4598259,-81.0818663
5400270,39.2643068,-80.7114979
5400300,38.0309659,-81.0860886
5400330,38.9158671,-80.8494132
5400360,39.1059882,-79.195064
5400390,37.9244177,-80.4505897
5400420,39.3121395,-78.6119886
5400450,40.5169584,-80.5701643
5400480,39.0113612,-78.8417292
5400510,39.2792197,-80.3858368
5400540,38.8342339,-81.6777168
5400570,39.3073985,-77.86322
5400600,38.3280675,-81.5235156
5400630,38.9888773,-80.4954773
5400660,38.1717696,-82.0776231
5400690,37.8305905,-81.940853
5400720,39.5058387,-80.2434018
5400750,39.8544259,-80.6717944
5400780,38.770914,-82.0290067
5400810,37.3827604,-81.658204
5400840,37.4034477,-81.106456
5400870,39.4047806,-78.9566899
5400900,37.7211608,-82.1589891
5400930,39.6336448,-80.0590736
5400960,37.5540622,-80.5503295
5400990,39.5573454,-78.2565175
5401020,38.2914318,-80.7975148
5401050,40.100323,-80.6199004
5401080,38.6744499,-79.3406173
5401110,39.3681331,-81.1611724
5401140,38.332606,-80.0101207
5401170,39.4690296,-79.6688649
5401200,38.5105179,-81.906109
5401230,37.7624694,-81.2646719
5401260,38.7810953,-79.8677881
5401290,39.1771118,-81.0663167
5401320,38.7429497,-81.3544939
5401350,37.6559986,-80.856325
5401380,39.3324778,-80.0465539
5401410,39.1111751,-79.5599678
5401440,39.465634,-80.8772193
5401470,38.9025302,-80.2316057
5401500,38.1436416,-82.4226659
5401530,38.483459,-80.4490515
5401560,39.59818,-80.6353994
5401590,39.0200337,-81.3829749
5401620,39.2116023,-81.516234
5401650,37.6036601,-81.5490317
5507560,43.6136166,-90.6459494
5515360,43.5345933,-90.9475706
5504980,43.3432584,-90.8053391
5503240,43.484224,-91.1362362
5506750,46.3663296,-90.3259783
5510170,42.8713558,-88.1343199
5501890,42.6783568,-88.2663104
5503210,44.3788415,-88.0187167
5505820,44.5134838,-87.9416407
5510920,44.8692693,-87.9375893
5514820,44.917034,-90.7914394
5514430,44.9623663,-90.9533218
5501500,43.1413958,-90.7218271
5516020,43.1137364,-90.9246581
5513470,43.2701079,-90.9967287
5512150,43.101591,-91.1020175
5509720,46.1949532,-91.7985637
5514220,45.9064724,-91.8657901
5501470,44.700663,-88.4569419
5501110,42.5593589,-90.3698911
5506300,42.5459496,-90.535347
5505730,42.5712555,-89.9314352
5503150,42.7007709,-90.0885435
5502730,44.9115238,-90.3131555
5505970,44.7633534,-90.6692131
5510320,44.1860315,-88.5219366
5511190,43.9804036,-88.5824695
5510980,44.0268508,-88.7602415
5516830,44.1517911,-88.6969519
5507830,45.6659206,-88.6868408
5502760,45.1066289,-88.0907156
5508700,45.1202221,-87.7351874
5515930,45.4495371,-88.0663944
5503840,44.6128682,-91.9246131
5504350,44.748141,-92.1446558
5513100,43.7875906,-88.663488
5504680,43.7740166,-88.391826
5516590,45.2248768,-88.7784999
5508250,44.7477849,-90.4664107
5502460,43.315933,-88.0153927
5509070,44.9913041,-88.6692512
5502580,45.3226069,-92.1637383
5503090,45.5666485,-92.0472438
5512690,44.1828418,-87.9108301
5511610,45.0382178,-87.8029305
5510950,44.865306,-88.136898
5514700,45.1236533,-88.4313372
5505250,44.8996088,-88.3465101
5511070,43.6413959,-87.8452108
5504020,42.7880046,-88.4246852
5511370,43.5595225,-89.2890582
5512060,43.5707622,-89.5141162
5514520,44.0784603,-88.2700429
5517190,44.3103444,-88.1090036
5506420,43.0735233,-90.3487769
5511850,42.7441582,-90.5182166
5509210,45.2568574,-89.7140861
5508940,45.154313,-90.3610518
5502130,45.4127006,-91.6742514
5515060,45.4227428,-92.1440293
5510440,45.2279253,-91.4602257
5508820,44.6372479,-90.1952075
5508970,46.3209542,-90.7115895
5500061,45.3137815,-91.5716344
5500300,45.3202235,-92.399854
5500720,44.9564144,-92.3182728
5514010,45.1266806,-92.6822275
5510620,45.1248617,-92.4898323
5511160,45.2748456,-92.641761
5500330,44.445276,-89.3262221
5514490,44.5429432,-89.6034314
5502640,42.5775761,-88.8770846
5516680,42.7762399,-88.7328408
5504290,42.7010482,-88.5323576
5511350,42.8921733,-88.5650095
5503640,42.6302531,-88.6954845
5516740,42.592227,-88.5457542
5500150,44.6243267,-87.495679
5505280,45.2206849,-90.7430734
5507680,45.2511317,-91.1234011
5512810,45.5593666,-91.7173764
5513770,44.4712902,-88.5655162
5516350,43.8688463,-91.090397
5513650,43.7903911,-87.7470022
5502430,43.5509608,-87.8390018
5502160,43.6632385,-88.2712747
5504260,43.8325926,-88.0436742
5512450,43.5645151,-87.9909689
5501230,43.1527244,-89.7537528
5509990,42.9821704,-89.7348175
5506870,42.9365663,-90.4154696
5500840,42.9842659,-89.9140263
5502520,44.0260761,-88.1763118
5507440,43.918973,-87.9299333
5510530,43.9007093,-88.1857354
5509900,42.7328489,-89.6108346
5516440,43.9035982,-89.4614554
5501770,43.0624067,-88.119946
5509060,43.1605832,-88.1103353
5506030,43.1398213,-88.1944466
5510060,42.9032112,-88.3274921
5510890,43.1363921,-88.5098057
5516260,43.0054285,-88.0278027
5505220,45.175756,-87.172429
5509600,43.0633484,-87.9666952
5515990,43.0631648,-88.0355835
5503860,46.0173183,-89.3632675
5513890,45.7879294,-92.3174772
5505670,45.7647187,-92.664265
5503690,43.0086767,-90.1233096
5509150,46.1516907,-90.1320229
5513950,43.3655848,-88.2887816
5512300,43.8721923,-89.134654
5513020,43.8613114,-88.8061798
5502070,43.5609083,-89.1211696
5509870,43.7494094,-89.3230517
5501140,43.9977199,-88.9667996
5505880,43.8412373,-88.9752907
5504200,44.5549224,-91.4253938
5504960,44.0979914,-91.3457687
5506810,44.3833,-91.4472405
5511970,44.353525,-89.9695234
5501920,46.0466218,-90.5638609
5511730,45.6720349,-90.4233941
5507500,43.7231325,-87.7870067
5599997,43.8457287,-88.4605447
5502970,45.2807809,-88.0801604
5505580,45.6499084,-88.3935961
5510680,45.7216205,-87.9358049
5507050,43.0001653,-88.7531516
5507170,43.0900748,-88.725187
5507710,43.0964445,-88.900635
5516290,43.390648,-88.1499956
5500960,43.4639324,-88.8431932
5506570,43.4572018,-88.6526281
5507260,43.3542636,-88.7601308
5511220,44.695381,-90.9464827
5500016,44.2847421,-91.1743954
5500420,44.248582,-91.5310028
5505370,44.447793,-91.6685143
5516650,44.4217529,-91.2435864
5512960,43.3738439,-90.4656254
5507290,44.2554967,-88.2510991
5512330,44.676603,-88.2221193
5516320,44.4384841,-88.1457128
5513620,44.7691393,-88.625144
5513680,43.7212442,-87.8703304
5505160,43.2433848,-88.1497344
5504890,43.4481638,-87.9471221
5512000,43.4090037,-87.8960709
5514940,45.5045266,-89.7464583
5503810,46.3168865,-91.2437575
5508640,46.5611351,-91.6787542
5515540,46.6684058,-91.056167
5502550,44.9697343,-91.3919398
5504230,44.8460423,-91.7011045
5502880,45.1437606,-91.1537037
5504530,43.4174173,-89.0554959
5503180,43.2519359,-89.3244651
5512120,43.3906335,-89.3921479
5512420,43.5292521,-89.005154
5508190,43.3088817,-89.531606
5512990,43.4305977,-89.2124999
5509130,43.2349214,-87.9826584
5500540,44.4867358,-88.0856163
5506630,44.611419,-88.0746407
5513530,44.5106189,-88.3563812
5501560,44.8747525,-88.9706103
5504050,44.7519836,-91.5149983
5500270,44.7998677,-91.4008328
5504500,44.7807811,-91.2649982
5514970,45.4807417,-90.8585726
5511310,44.9698798,-90.5781084
5511550,45.6205781,-88.0303145
5507860,44.9545743,-88.0333979
5515390,45.409945,-88.5487286
5500056,44.8755032,-88.7977302
5514040,42.9126431,-87.8623115
5516620,43.113137,-87.9004755
5505940,42.9595219,-87.980942
5511880,44.6282796,-92.2248351
5502100,42.984409,-89.0288391
5506060,44.9805668,-92.5036721
5500060,43.9747872,-89.7857181
5515750,43.1970404,-88.7078014
5506780,43.3297612,-88.6012713
5508880,43.5260969,-88.5619149
5500570,45.0412683,-90.0349047
5509960,44.7668207,-89.6844736
5517100,44.845413,-89.2343679
5510740,43.8284186,-88.5137876
5504080,44.9119516,-89.9823589
5513170,44.916842,-89.4718795
5515900,45.0238197,-89.6302837
5514850,45.7542347,-89.2137618
5514610,44.8285839,-87.3663053
5513500,44.9298861,-87.2830659
5515570,45.3857754,-86.9153051
5501170,45.6635235,-91.4726046
5513710,45.7177114,-91.9841573
5514880,44.734956,-89.0449809
5516710,44.1844144,-89.1793292
5506840,44.5311076,-89.130524
5516500,44.261125,-88.9207294
5513140,44.6529145,-89.3379762
5512720,45.6352447,-89.4640967
5512210,45.5327303,-90.1971879
5514160,44.0025924,-90.7805756
5510770,43.7889785,-90.5774231
5506480,43.633151,-90.4256914
5510140,43.1974376,-90.4747839
5504920,44.38226,-88.3073628
5508160,44.2843183,-88.3165872
5506600,44.3264382,-88.5593175
5507530,43.7858903,-91.1945561
5506540,43.9765199,-91.2612365
5506660,43.8555991,-87.8318238
5507380,43.530523,-88.2092897
5511940,43.7358589,-88.0335534
5505520,45.0674946,-92.2088304
5506450,44.1373109,-88.1968089
5500390,44.2794053,-88.4125648
5508790,43.1386063,-89.0833435
5509810,43.0593074,-89.2197707
5515330,42.9789185,-89.5371245
5503270,43.0652381,-89.0829516
5508910,43.010958,-89.2801493
5509510,43.1146969,-89.5826418
5505640,44.5748876,-90.4262295
5509030,44.2190585,-88.4330852
5502610,45.2286022,-92.2301007
5509090,44.8625354,-91.9345538
5501590,45.0731943,-91.9909147
5500870,45.3460046,-91.8706082
5501680,44.1843012,-88.0788906
5500030,44.9675297,-90.2822683
5514190,44.7560079,-90.2855945
5510350,44.5443964,-90.6327808
5500900,46.8633103,-90.9012055
5512030,46.7332083,-91.2963008
5500510,46.5187268,-90.8643029
5500017,42.92504,-90.959135
5502400,42.7510239,-90.9227674
5507770,42.8461975,-90.7521655
5515870,43.6265355,-88.7880838
5508220,43.5736869,-88.446868
5510860,43.6918449,-88.5513191
5515720,43.2122262,-88.9332599
5502040,44.9699799,-91.1494921
5507320,42.5803755,-87.8834203
5502820,43.3267033,-89.0571475
5507470,44.2419277,-88.3324877
5515780,42.9949361,-88.2579327
5510710,42.8482175,-88.231992
5504740,42.912386,-88.8566628
5500780,43.9106568,-90.9615717
5509000,44.0930579,-91.0513985
5511010,43.886301,-91.1968897
5516410,43.6860499,-90.9502623
5512540,43.4883296,-90.6429042
5500210,44.4860642,-90.9093804
5511790,44.3935064,-90.2768746
5505610,43.3223046,-87.9275933
5517130,43.6412265,-90.2084419
5504380,43.7801593,-90.318081
5510560,43.898098,-90.200701
5514910,44.0636176,-90.429355
5517040,43.6714224,-89.7481343
5508760,43.7125461,-89.0434869
5500450,42.7175242,-89.8505031
5501020,42.7453556,-90.3052377
5501310,42.8249888,-89.9032876
5500058,45.9281975,-90.201349
5508610,44.0827652,-87.7139475
5509750,44.2476804,-87.6726073
5501830,45.5199127,-91.2895183
5510230,44.0949206,-90.1263583
5508850,43.7586032,-90.0186455
5510380,44.2197014,-89.896922
5511820,44.1929042,-89.5379633
5517070,44.4164132,-89.8067769
5516470,43.4724213,-90.1999247
5513410,43.2993378,-89.7869798
5506960,43.3525172,-90.2448835
5514250,43.2106321,-90.0910409
5500810,43.4782823,-89.7459306
5507590,45.5026107,-91.1141946
5512780,45.3275497,-90.2682783
5515120,44.1896041,-87.566573
5515210,44.0563491,-87.8793635
5502910,45.7340243,-88.884583
5515960,44.0505412,-89.2649678
5500750,45.4905805,-92.4354855
5513230,45.5057725,-92.662129
5504860,45.6867853,-92.3874008
5504320,44.6780036,-92.4526748
5514340,44.8416352,-92.2506058
5512360,42.7473419,-87.8696823
5506270,46.0146554,-91.3252947
5516860,45.8017378,-90.9837653
5508280,45.5906968,-92.4272975
5506000,42.950629,-88.0509493
5510830,42.8795149,-87.9076756
5513260,42.9709676,-87.8717017
5513800,43.0913382,-87.8866541
5509660,42.8510666,-90.1497347
5503030,42.6209709,-90.4944397
5513830,42.5611933,-90.2049416
5504590,42.977969,-90.6371176
5512090,42.6914427,-90.7012562
5514130,44.7802316,-87.5295154
5515840,44.3430284,-89.136844
5510590,44.3663446,-88.7492244
5502670,44.599545,-88.7289162
5503510,43.0008416,-88.4333951
5510470,42.9727348,-88.1309806
5511640,43.081017,-88.245095
5501260,44.287684,-90.7725642
5502340,43.7655133,-90.7939582
5501740,42.5918085,-89.3858569
5504440,42.7612331,-89.2678618
5509570,42.7501241,-88.9257112
5514550,42.9282552,-89.2152368
5501050,42.5220251,-89.0202955
5504110,42.8393224,-89.0929948
5507020,42.6593765,-89.034135
5501350,45.1148716,-91.491499
5512180,45.2404425,-91.9761491
5502790,45.0619195,-91.7484972
5501080,42.5690095,-89.0896657
5511100,42.9184249,-89.3917282
5511130,42.6135608,-89.2209811
5501800,43.1743273,-87.9749593
5503060,42.9467109,-87.8640161
5504830,42.8850557,-88.0159481
5505910,42.9399929,-88.0008572
5512240,44.7457822,-92.6893524
5513050,44.8597402,-92.5895444
5508670,44.9257509,-89.8350225
5514580,44.8121607,-90.0706065
5500360,45.1770719,-89.1643587
5504170,45.4134913,-89.1558421
5503660,44.3558044,-87.8293875
5508340,44.5600823,-87.7044623
5500990,42.8627105,-89.5256707
5509840,42.6002826,-89.6751258
5510500,42.8310577,-89.679407
5507230,42.566765,-89.4932468
5514670,46.5259863,-92.1162101
5516230,46.0620773,-92.2472701
5513980,46.3755432,-91.8441461
5511580,44.4962604,-92.1842669
5508520,43.0696612,-89.3942047
5514640,43.1866091,-89.2069296
5515810,43.189133,-89.4560188
5507410,44.4246444,-87.5882533
5511710,46.0471985,-89.0671936
5512660,43.517983,-90.00663
5506690,44.9962768,-92.7039314
5502700,44.1818242,-91.7140205
5500180,44.3831443,-91.8877914
5504650,45.8718277,-88.4069879
5500120,42.7245388,-89.4351631
5500240,44.3105251,-89.4235948
5500600,44.6074835,-89.9793394
5500630,44.7118118,-91.0960034
5509780,44.5757536,-91.6812931
5508550,44.4865448,-88.9304077
5508730,44.6719386,-88.9129857
5600730,41.6655141,-105.7218826
5601030,41.6701404,-107.3473386
5601090,44.303732,-107.8189003
5601260,42.4702137,-110.2065072
5601420,44.65117,-108.4826306
5601460,44.8645112,-108.1368525
5601470,44.189686,-105.5261402
5601700,41.696931,-106.5669033
5601980,41.3214688,-104.9361616
5602070,44.3491549,-109.4725605
5602140,42.9071948,-105.33697
5602150,43.0106848,-105.8615318
5602370,44.5892657,-104.5672975
5602670,43.6273215,-109.5699937
5602760,41.2811558,-110.801071
5602820,43.0665784,-109.0230809
5602830,43.3367799,-109.1146899
5602870,42.5510894,-108.3743087
5602990,42.0723898,-104.3348927
5603170,44.5858205,-107.9395641
5603180,42.360779,-104.7389547
5603310,43.7202092,-108.4350765
5603770,44.0440477,-106.5885406
5604030,41.9258636,-110.5062464
5604060,42.5937409,-110.830763
5604120,41.279187,-104.320617
5604230,43.0364688,-104.4555149
5604260,41.4008812,-110.1900529
5604380,44.1066256,-109.0433185
5604450,42.9460176,-108.7142014
5604500,41.2189218,-110.3455669
5604510,42.9776447,-106.7682192
5604830,43.7460962,-104.4499704
5604860,42.8697003,-109.7727706
5605090,42.0845323,-104.9922298
5605160,44.9070726,-109.640209
5605220,42.9433502,-108.149694
5605302,41.8347132,-108.545834
5605680,44.7630532,-106.2920446
5605690,44.8071584,-107.3871421
5605695,44.7954108,-106.8311202
5605700,43.190223,-107.9578793
5605762,41.3775741,-109.3765892
5605820,43.8403581,-107.4110338
5605830,44.048662,-110.426087
5606090,43.9951024,-104.7882557
5606240,43.9856772,-108.0488153
5699997,44.7162021,-110.372581
6000030,-14.2668475,-170.6671854
6600040,13.4382885,144.7729494
6900030,14.9300771,145.6425305
7200030,18.217648,-66.4107992
7800030,18.2758499,-64.8903849
5099963,44.0929248,-72.9735212
5099905,42.9587447,-73.1843248
5099955,43.7776326,-72.3240068
5000007,44.1829927,-72.4750489
5099933,43.4868316,-72.9389056
5099911,44.4603024,-72.0049239
5099910,44.6459082,-73.1592206
5099954,43.6646844,-72.3861377
5099949,42.8326619,-72.9145092
5099921,44.9587667,-73.0404364
5099946,43.0302478,-72.7663286
5099922,44.7102892,-73.0288772
5099940,43.6096702,-72.9777884
5099956,43.2920286,-72.4804181
5000384,43.9385994,-72.2468459
5099951,43.6278297,-72.6547124
5099947,43.1346567,-72.5442172
5099901,44.1616578,-73.0929723
5099928,43.9580873,-72.6428535
5099920,44.8905162,-72.7225691
5099909,44.3668667,-72.2140541
5099912,44.4232304,-72.9278111
5099914,44.3577329,-73.1688062
5099919,44.7435656,-71.7303196
5000385,43.3481098,-72.6871294
5099904,43.7030873,-73.2642878
5099930,43.8718522,-72.6413552
5099931,44.8927794,-72.2100315
5000405,43.5690887,-73.0976747
5000394,44.5581047,-73.0365619
5099917,44.495587,-73.1848573
5099935,44.539936,-72.3594021
5000407,44.5736341,-71.9481301
5099924,44.8017867,-73.300759
5099906,43.2498804,-73.0068623
5099915,44.491927,-73.2388823
5099907,44.5541498,-73.225487
5099916,44.436565,-73.181103
5000406,44.0860915,-72.7414663
5099952,43.4783045,-72.4595142
5099948,42.8656106,-72.589797
5099942,44.2593692,-72.8106387
5099936,43.7675177,-73.0138596
5099934,44.76111,-72.202544
5099932,44.3189928,-72.5588385
5000404,44.1146127,-72.5115622
5099927,44.0818662,-72.2115699
5099926,44.5031313,-72.6418825
5099925,44.6865876,-72.67176
5099923,44.8048248,-73.0268282
5099902,44.1391144,-73.3090427
5099903,43.9728942,-73.1946195
