RFP_ID,Status,Account_Name,Event_Name,Event_Type,Event_Format,Event_Configuration,Market_Segment,Organization_Industry,Lead_Source,Client_Priority,Inquiry_Date,Decision_Date,Decision_Days,Arrival_Date,Departure_Date,Nights,Lead_Time,Peak_Room_Block,Total_Room_Nights_Requested,Attendees,Has_Meeting_Space,Meeting_Spaces,Has_FnB_Requirements,Has_Special_Requirements,Response_Due_Days,Budget_Provided,Budget_Amount,Destinations_Considered,Forecasted_Occupancy,Baseline_ADR,Quoted_ADR,Proposed_Room_Revenue,Proposed_Meeting_Revenue,Proposed_FnB_Revenue,Proposed_Total_Revenue,Actual_Room_Nights,Actual_Room_Revenue,Actual_Meeting_Revenue,Actual_FnB_Revenue,Actual_Total_Revenue,Actual_Pickup_Rate,Actual_FnB_Per_Person,Lost_Reason,Year,Month,Num_Room_Types,Pct_Standard_Rooms,Pct_Premium_Rooms,Has_Suites,Rate_Spread,Min_Room_Rate,Max_Room_Rate,Suite_Rate,Standard_Rate,Peak_Night_Index,Night_Variance_Pct,Rooms_Night_1,Rooms_Night_2,Rooms_Night_3,Rooms_Night_4,Num_Meeting_Rooms,Num_Sessions,Num_Meeting_Days,Total_Meeting_Hours,Uses_Ballroom,Uses_Boardroom,Num_Setup_Styles,Primary_Setup,Max_AV_Level,Has_Premium_AV,Avg_AV_Level,Total_Room_Rental,Total_AV_Cost,Total_Session_FnB,Total_Meeting_Cost,Num_FnB_Types,Has_Dinner,Has_Reception,Has_Evening_Session,Full_Day_Pct,Avg_Room_Utilization
L-202301-84668,Lost,Financial Services Group,Innovation Workshop,Corporate,In-person,Full Package,Technology,Technology,Referral,High,2022-10-25,2022-11-13,9,2023-01-04,2023-01-06,2,71,21,42,26,1,Breakout Room,1,0,10,0.0,0.0,4,48.5,154.33,143.06,5998.78,4402.21,4709.07,15110.06,0,0.0,0.0,0.0,0.0,,0.0,Rates Too High / Client Declined,2023,1,3,52.6,47.4,1,99.61,189.36,288.97,223.64,223.64,2,38.1,13,21,0,0,1,4,2,16,0,0,1,Classroom,2,0,2.09,567.86,312,6552,7269.2,3,0,0,0,100.0,0.65
L-202301-83792,Lost,Global Industries,Town Hall Meeting,Corporate,In-person,Full Package,Government,Government,Website,Low,2022-12-06,2022-12-20,7,2023-01-15,2023-01-17,2,40,56,112,62,1,Half Ballroom,1,0,7,1.0,75166.31,1,46.5,142.66,148.84,17549.73,5268.61,9982.29,32800.63,0,0.0,0.0,0.0,0.0,,0.0,Dates Not Available,2023,1,3,55.1,44.9,0,133.5,138.18,271.68,0.0,138.18,2,3.6,54,56,0,0,1,1,1,8,1,0,1,Classroom,1,0,0.95,1369.73,604,2976,5734.58,4,0,0,0,100.0,0.52
L-202301-11504,Lost,Retail Corporation,Product Launch Event,Corporate,Hybrid,Full Package,Legal,Legal,Website,Low,2022-11-07,2022-12-03,12,2023-01-18,2023-01-19,1,72,51,51,66,1,Half Ballroom,1,1,14,0.0,0.0,1,48.0,145.13,142.81,8247.72,2994.42,5661.01,16903.15,0,0.0,0.0,0.0,0.0,,0.0,Space Not Adequate,2023,1,2,70.5,29.5,0,141.18,136.29,277.47,0.0,136.29,1,0.0,51,0,0,0,1,4,2,16,1,0,1,Banquet,3,1,2.71,1094.93,888,0,1916.76,0,0,0,0,0.0,0.55
L-202301-82132,Lost,Professional Engineers Society,Industry Forum,Association,Hybrid,Full Package,Other,Other,Sales Call,Low,2022-04-27,2022-06-01,25,2023-01-26,2023-01-28,2,274,41,82,45,1,Half Ballroom,1,1,10,1.0,34493.76,2,49.6,148.11,139.44,12072.5,3793.82,8860.85,24727.17,0,0.0,0.0,0.0,0.0,,0.0,Rates Too High / Client Declined,2023,1,4,55.8,44.2,1,159.36,125.03,284.39,197.4,125.03,2,14.6,35,41,0,0,1,2,2,16,1,0,1,Theater,0,0,0.32,853.36,0,5176,7570.82,4,0,0,0,100.0,0.38
L-202301-27601,Lost,Personal Event,Holiday Party,Wedding/Social,In-person,Full Package,Other,Other,Cvent,High,2022-08-24,2022-09-23,17,2023-01-30,2023-02-02,3,159,31,93,35,1,Breakout Room,1,0,13,0.0,0.0,1,44.2,142.2,140.75,14397.74,8177.16,14292.87,36867.77,0,0.0,0.0,0.0,0.0,,0.0,Chose Another Venue,2023,1,2,60.8,39.2,1,127.25,127.62,254.87,254.87,127.62,2,16.1,23,31,19,0,1,1,2,8,0,0,1,Banquet,3,1,2.65,360.22,119,1206,3592.53,2,0,0,0,100.0,0.88
L-202301-31299,Lost,Private Party,Bar/Bat Mitzvah,Wedding/Social,In-person,Full Package,Social,Social/Private,Sales Call,Low,2022-06-16,2022-07-28,32,2023-01-30,2023-01-31,1,228,33,33,45,1,Half Ballroom,1,1,10,1.0,23596.02,3,49.8,157.83,159.58,5359.12,3134.97,6079.43,14573.52,0,0.0,0.0,0.0,0.0,,0.0,Rates Too High / Client Declined,2023,1,3,58.1,41.9,1,100.94,150.27,251.21,251.21,251.21,1,0.0,33,0,0,0,1,8,3,36,1,0,1,Banquet,2,0,2.21,1175.5,917,11000,13820.87,5,1,1,1,100.0,0.38
L-202302-44675,Lost,Manufacturing Alliance,Board of Directors Meeting,Corporate,In-person,Meeting Only,Healthcare,Healthcare,Cvent,Medium,2022-12-19,2023-01-09,13,2023-02-03,2023-02-05,2,46,0,0,109,1,Half Ballroom,1,0,8,0.0,0.0,4,56.1,152.19,0.0,0.0,7114.69,19518.77,26633.46,0,0.0,0.0,0.0,0.0,,0.0,Dates Not Available,2023,2,0,0.0,0.0,0,0.0,0.0,0.0,0.0,0.0,0,0.0,0,0,0,0,2,1,2,16,1,0,1,Theater,2,0,1.59,1587.4,1390,360,2303.39,1,0,0,0,0.0,0.91
L-202302-62488,Lost,Banking Consortium,Regional Team Meeting,Corporate,In-person,Meeting Only,Finance,Finance,Direct Inquiry,Medium,2022-11-05,2022-11-25,13,2023-02-10,2023-02-12,2,97,0,0,29,1,Breakout Room,0,0,7,0.0,0.0,2,53.5,154.84,0.0,0.0,4526.78,4356.84,8883.62,0,0.0,0.0,0.0,0.0,,0.0,Budget Constraints,2023,2,0,0.0,0.0,0,0.0,0.0,0.0,0.0,0.0,0,0.0,0,0,0,0,1,3,3,24,0,0,1,Theater,3,1,2.66,483.26,884,6012,8311.45,3,0,0,0,100.0,0.72
L-202302-35995,Lost,HR Professionals Network,Networking Summit,Association,In-person,Full Package,Healthcare,Healthcare,Cvent,Low,2022-03-06,2022-03-31,17,2023-02-13,2023-02-15,2,344,59,118,75,1,Half Ballroom,1,1,8,0.0,0.0,1,54.3,148.68,146.32,18198.29,4577.18,12077.26,34852.73,0,0.0,0.0,0.0,0.0,,0.0,Dates Not Available,2023,2,4,55.9,44.1,1,96.3,125.45,221.75,221.75,125.45,2,0.0,59,59,0,0,1,2,2,16,1,0,1,Banquet,2,0,1.66,896.03,676,3270,5759.99,5,1,0,1,0.0,0.62
L-202302-82140,Lost,Retail Corporation,Product Launch Event,Corporate,Hybrid,Full Package,Technology,Technology,Sales Call,Medium,2022-11-27,2022-12-15,8,2023-02-14,2023-02-17,3,79,21,63,25,1,Breakout Room,1,0,10,1.0,36906.7,1,54.1,153.2,151.3,10526.32,6713.44,6615.03,23854.79,0,0.0,0.0,0.0,0.0,,0.0,Budget Constraints,2023,2,2,53.4,46.6,1,27.65,241.36,269.01,241.36,269.01,2,21.4,20,21,11,0,1,2,2,16,0,0,1,Classroom,0,0,0.25,481.38,0,0,732.15,0,0,0,0,50.0,0.62
L-202302-85454,Lost,Global Industries,New Hire Orientation,Corporate,In-person,Full Package,Other,Other,Third-Party Planner,Medium,2022-12-03,2022-12-20,10,2023-02-14,2023-02-16,2,73,47,94,61,1,Half Ballroom,1,1,7,0.0,0.0,4,52.0,145.36,140.36,14472.68,5068.43,12201.2,31742.31,0,0.0,0.0,0.0,0.0,,0.0,Client Went Direct,2023,2,4,58.8,41.2,1,135.39,131.23,266.62,188.15,153.67,2,2.1,46,47,0,0,2,2,1,8,1,0,1,Classroom,2,0,1.72,1548.59,216,1728,4033.01,2,0,0,0,100.0,0.51
L-202302-23006,Lost,Manufacturing Alliance,Regional Team Meeting,Corporate,In-person,Full Package,Legal,Legal,Website,Medium,2022-12-15,2023-01-04,9,2023-02-20,2023-02-21,1,67,23,23,29,1,Breakout Room,1,0,11,0.0,0.0,3,52.3,150.5,146.11,3572.98,2712.74,2362.99,8648.71,0,0.0,0.0,0.0,0.0,,0.0,Space Not Adequate,2023,2,4,67.8,32.2,1,134.88,154.05,288.93,175.53,154.05,1,0.0,23,0,0,0,1,8,3,24,0,0,1,Classroom,0,0,0.44,399.15,0,0,767.51,0,0,0,0,0.0,0.72
L-202302-25157,Lost,Legal Society,Leadership Institute,Association,In-person,Full Package,Other,Other,RFP,Low,2022-05-31,2022-07-03,20,2023-02-20,2023-02-23,3,265,120,360,164,1,Grand Ballroom,1,0,13,1.0,47285.44,2,55.2,152.66,157.87,58435.42,9219.37,45599.01,113253.8,0,0.0,0.0,0.0,0.0,,0.0,Dates Not Available,2023,2,3,63.8,36.2,0,163.71,128.96,292.67,0.0,128.96,2,4.1,114,120,108,0,2,1,1,8,1,0,1,Classroom,2,0,1.96,3033.61,1371,2373,8636.66,3,0,0,0,0.0,0.68
L-202302-74340,Lost,Manufacturing Alliance,Customer Advisory Board,Corporate,Virtual,Full Package,Legal,Legal,RFP,Low,2023-01-18,2023-02-10,12,2023-02-21,2023-02-23,2,34,56,112,76,1,Half Ballroom,1,1,11,1.0,9108.06,3,53.9,160.35,146.69,16966.03,5304.4,13806.69,36077.12,0,0.0,0.0,0.0,0.0,,0.0,Space Not Adequate,2023,2,2,59.6,40.4,1,88.43,153.58,242.01,242.01,153.58,2,16.1,47,56,0,0,1,2,3,36,1,0,1,Classroom,2,0,1.58,1243.69,1469,318,2866.5,1,0,0,0,0.0,0.63
L-202302-70552,Lost,Technology Innovators,Leadership Summit,Corporate,In-person,Full Package,Finance,Finance,RFP,Low,2022-11-25,2022-12-17,9,2023-02-22,2023-02-23,1,89,40,40,44,1,Half Ballroom,1,0,13,0.0,0.0,1,54.1,148.76,138.09,6162.83,2685.6,3046.88,11895.31,0,0.0,0.0,0.0,0.0,,0.0,Lost to Competition,2023,2,3,63.6,36.4,1,131.43,153.79,285.22,173.06,173.06,1,0.0,40,0,0,0,1,2,1,8,1,0,1,Banquet,2,0,2.35,977.63,1118,0,3609.87,0,0,0,0,0.0,0.37
L-202302-45325,Lost,Financial Services Group,Leadership Summit,Corporate,In-person,Full Package,Finance,Finance,Cvent,High,2022-11-15,2022-12-03,8,2023-02-25,2023-02-26,1,102,62,62,68,1,Half Ballroom,1,1,10,0.0,0.0,4,54.4,154.32,150.1,8977.59,2658.57,5689.32,17325.48,0,0.0,0.0,0.0,0.0,,0.0,Canceled by Client,2023,2,2,51.8,48.2,1,69.48,146.28,215.76,215.76,215.76,1,0.0,62,0,0,0,2,5,3,36,1,0,1,Classroom,3,1,2.53,1495.39,152,3900,5447.52,4,1,1,1,100.0,0.57
L-202302-90301,Lost,Professional Services Group,Product Launch Event,Corporate,Hybrid,Rooms Only,Professional Services,Professional Services,Website,Medium,2022-12-18,2023-01-01,7,2023-02-25,2023-02-26,1,69,50,50,55,0,,0,0,7,0.0,0.0,4,62.6,149.51,152.48,8177.65,0.0,0.0,8177.65,0,0.0,0.0,0.0,0.0,,0.0,Client Went Direct,2023,2,4,73.4,26.6,1,109.45,135.12,244.57,244.57,135.12,1,0.0,50,0,0,0,0,0,0,0,0,0,0,,0,0,0.0,0.0,0,0,0.0,0,0,0,0,0.0,0.0
L-202302-15383,Lost,Professional Services Group,New Hire Orientation,Corporate,Hybrid,Full Package,Professional Services,Professional Services,Sales Call,Medium,2022-10-20,2022-11-15,13,2023-02-26,2023-02-27,1,129,50,50,62,1,Half Ballroom,1,1,13,0.0,0.0,1,56.8,157.13,156.26,8323.09,2406.15,4818.28,15547.52,0,0.0,0.0,0.0,0.0,,0.0,Lost to Competition,2023,2,4,63.9,36.1,1,93.72,128.11,221.83,221.83,128.11,1,0.0,50,0,0,0,1,2,1,8,1,0,1,Classroom,2,0,2.41,1011.73,932,2052,4003.58,2,0,0,0,100.0,0.52
L-202303-52823,Lost,Pharmaceutical Partners,Sales Kickoff,Corporate,In-person,Full Package,Government,Government,Repeat Client,Medium,2022-12-25,2023-01-19,12,2023-03-03,2023-03-04,1,68,65,65,74,1,Half Ballroom,1,1,13,1.0,33823.0,4,79.0,190.08,193.24,9771.5,2773.64,6903.77,19448.91,0,0.0,0.0,0.0,0.0,,0.0,Canceled by Client,2023,3,4,53.7,46.3,1,74.15,141.96,216.11,216.11,141.96,1,0.0,65,0,0,0,1,1,1,8,1,0,1,Classroom,3,1,2.54,963.64,840,1504,2808.01,2,0,0,0,100.0,0.62
L-202303-85248,Lost,Insurance Federation,Certification Training,Association,In-person,Full Package,Association,Association,Website,Medium,2022-06-05,2022-07-10,25,2023-03-04,2023-03-07,3,272,10,30,13,1,Boardroom,1,1,10,0.0,0.0,3,73.1,183.14,178.78,4846.12,3532.45,4251.07,12629.64,0,0.0,0.0,0.0,0.0,,0.0,Rates Too High / Client Declined,2023,3,2,51.2,48.8,1,93.54,139.14,232.68,232.68,139.14,2,37.4,1,10,7,0,1,4,3,24,0,1,1,Boardroom,3,1,2.59,395.26,247,8088,8736.73,3,0,0,0,50.0,0.93
L-202303-63841,Lost,Industry Trade Group,Industry Forum,Association,Hybrid,Full Package,Education,Education,RFP,High,2022-07-08,2022-08-07,18,2023-03-08,2023-03-10,2,243,49,98,58,1,Half Ballroom,1,1,12,1.0,46716.38,2,62.3,150.52,143.07,14972.23,5036.74,9309.87,29318.84,0,0.0,0.0,0.0,0.0,,0.0,Budget Constraints,2023,3,4,71.8,28.2,1,139.69,132.43,272.12,229.03,132.43,2,18.4,40,49,0,0,1,1,2,8,1,0,1,Classroom,2,0,1.57,1264.15,1260,948,3609.87,2,0,0,0,0.0,0.48
L-202303-84000,Lost,TechCorp Solutions,Annual Sales Conference,Corporate,In-person,Full Package,Other,Other,Cvent,Low,2022-11-23,2022-12-09,9,2023-03-08,2023-03-09,1,105,21,21,23,1,Breakout Room,1,0,7,1.0,41701.94,2,62.3,161.79,149.92,3111.57,2464.33,1674.15,7250.05,0,0.0,0.0,0.0,0.0,,0.0,Dates Not Available,2023,3,4,71.3,28.7,1,102.4,135.92,238.32,238.32,146.56,1,0.0,21,0,0,0,1,2,2,24,0,0,1,Theater,0,0,0.08,450.24,0,4392,5139.62,3,0,0,0,100.0,0.57
L-202303-25220,Lost,TechCorp Solutions,Strategic Planning Retreat,Corporate,In-person,Full Package,Other,Other,Third-Party Planner,Medium,2022-11-29,2022-12-18,8,2023-03-10,2023-03-12,2,101,89,178,104,1,Half Ballroom,1,1,11,0.0,0.0,3,66.3,167.61,166.93,28458.1,8450.62,19145.59,56054.31,0,0.0,0.0,0.0,0.0,,0.0,Canceled by Client,2023,3,3,70.6,29.4,1,36.06,132.84,168.9,168.9,132.84,2,12.4,78,89,0,0,1,1,2,16,1,0,1,Theater,2,0,2.15,1380.35,820,874,2848.61,2,0,0,0,0.0,0.87
L-202303-62262,Lost,Social Event,Retirement Party,Wedding/Social,In-person,Rooms Only,Social,Social/Private,RFP,High,2022-09-20,2022-11-05,39,2023-03-11,2023-03-12,1,172,14,14,15,0,,1,0,7,1.0,53633.61,1,58.8,161.35,146.37,2247.17,0.0,0.0,2247.17,0,0.0,0.0,0.0,0.0,,0.0,Chose Another Venue,2023,3,4,50.1,49.9,1,109.02,135.12,244.14,244.14,151.32,1,0.0,14,0,0,0,0,0,0,0,0,0,0,,0,0,0.0,0.0,0,0,0.0,0,0,0,0,0.0,0.0
L-202303-30232,Lost,Banking Consortium,Annual Sales Conference,Corporate,Hybrid,Full Package,Legal,Legal,Third-Party Planner,Medium,2022-12-21,2023-01-11,11,2023-03-14,2023-03-16,2,83,46,92,57,1,Half Ballroom,1,0,10,1.0,19635.74,3,63.3,155.09,160.74,14874.88,4530.57,9006.58,28412.03,0,0.0,0.0,0.0,0.0,,0.0,Space Not Adequate,2023,3,3,72.8,27.2,0,149.33,136.94,286.27,0.0,136.94,2,17.4,38,46,0,0,1,3,2,16,1,0,1,Theater,3,1,2.96,1232.98,1126,840,2817.66,1,0,0,0,50.0,0.47
L-202303-83620,Lost,Education Foundation,Certification Training,Association,Hybrid,Full Package,Association,Association,Third-Party Planner,Low,2022-06-15,2022-07-19,27,2023-03-19,2023-03-21,2,277,80,160,104,1,Half Ballroom,1,1,7,0.0,0.0,1,62.2,160.33,149.41,24488.21,5901.99,22269.07,52659.27,0,0.0,0.0,0.0,0.0,,0.0,Client Went Direct,2023,3,4,74.3,25.7,1,167.29,126.32,293.61,195.76,135.74,2,5.0,76,80,0,0,2,7,3,24,1,0,1,Classroom,0,0,0.03,1356.94,0,7938,9197.85,3,0,0,0,0.0,0.87
L-202303-18799,Lost,Pharmaceutical Partners,Executive Offsite,Corporate,In-person,Full Package,Government,Government,Third-Party Planner,Medium,2022-12-26,2023-01-11,8,2023-03-22,2023-03-24,2,86,38,76,51,1,Half Ballroom,1,0,8,0.0,0.0,4,65.8,157.17,162.51,11586.21,5252.13,7646.89,24485.23,0,0.0,0.0,0.0,0.0,,0.0,Chose Another Venue,2023,3,3,66.5,33.5,1,99.63,130.14,229.77,229.77,150.27,2,26.3,28,38,0,0,1,2,1,4,1,0,1,Classroom,3,1,2.75,1298.92,44,6296,7486.59,4,1,0,1,0.0,0.42
L-202303-27275,Lost,Heritage Travel,Historic Sites Tour,SMERF,In-person,Rooms Only,Association,Association,Sales Call,High,2023-02-05,2023-02-25,13,2023-03-22,2023-03-24,2,45,60,120,66,0,,1,1,7,0.0,0.0,1,61.3,153.56,139.32,17366.0,0.0,0.0,17366.0,0,0.0,0.0,0.0,0.0,,0.0,Lost to Competition,2023,3,4,73.0,27.0,1,97.11,140.4,237.51,237.51,140.4,2,11.7,53,60,0,0,0,0,0,0,0,0,0,,0,0,0.0,0.0,0,0,0.0,0,0,0,0,0.0,0.0
L-202303-10371,Lost,Legal Society,Industry Forum,Association,In-person,Full Package,Other,Other,Sales Call,High,2022-10-20,2022-11-21,23,2023-03-26,2023-03-28,2,157,108,216,146,1,Grand Ballroom,1,1,9,0.0,0.0,3,62.6,159.77,166.59,33045.7,7421.39,26213.12,66680.21,0,0.0,0.0,0.0,0.0,,0.0,Canceled by Client,2023,3,2,70.4,29.6,1,81.9,147.6,229.5,229.5,147.6,2,6.5,101,108,0,0,2,2,2,16,1,0,1,Classroom,2,0,1.98,2140.61,1176,1340,4219.94,2,0,0,0,50.0,0.61
L-202304-75410,Lost,Industry Trade Group,Educational Seminar Series,Association,Virtual,Full Package,Education,Education,RFP,Low,2022-08-11,2022-09-01,14,2023-04-01,2023-04-04,3,233,76,228,92,1,Half Ballroom,1,0,7,1.0,5974.5,4,73.7,169.56,163.44,35235.52,7010.72,22288.95,64535.19,0,0.0,0.0,0.0,0.0,,0.0,Chose Another Venue,2023,4,4,62.7,37.3,0,139.57,136.59,276.16,0.0,154.34,2,6.1,73,76,65,0,2,1,1,8,1,0,1,Classroom,0,0,0.07,1351.14,0,380,2783.63,1,0,0,0,0.0,0.77
L-202304-90534,Lost,Volunteer Network,Charity Fundraiser,SMERF,In-person,Meeting Only,Education,Education,Cvent,Low,2023-01-03,2023-01-24,12,2023-04-05,2023-04-07,2,92,0,0,36,1,Breakout Room,0,0,9,0.0,0.0,4,80.1,166.48,0.0,0.0,3283.34,2695.83,5979.17,0,0.0,0.0,0.0,0.0,,0.0,Canceled by Client,2023,4,0,0.0,0.0,0,0.0,0.0,0.0,0.0,0.0,0,0.0,0,0,0,0,1,2,1,4,0,0,1,Classroom,3,1,2.85,488.31,215,3504,5232.72,3,0,0,0,50.0,0.9
L-202304-96787,Lost,Local School District,Band Competition,SMERF,In-person,Full Package,Other,Other,Referral,Medium,2022-11-25,2022-12-22,18,2023-04-10,2023-04-11,1,136,72,72,81,1,Half Ballroom,1,1,9,1.0,40125.33,3,73.5,170.7,154.36,11019.58,1928.29,3264.14,16212.01,0,0.0,0.0,0.0,0.0,,0.0,Chose Another Venue,2023,4,4,73.1,26.9,1,113.46,154.74,268.2,227.25,154.74,1,0.0,72,0,0,0,2,5,2,8,1,0,1,Theater,2,0,1.8,1728.35,771,5700,7249.65,3,0,0,0,0.0,0.68
L-202304-15706,Lost,Tour Operator Network,Architecture Tour Group,Corporate,In-person,Rooms Only,Legal,Legal,Cvent,Medium,2023-02-17,2023-03-05,9,2023-04-13,2023-04-15,2,55,35,70,38,0,,0,0,7,0.0,0.0,1,82.6,165.6,151.92,11078.83,0.0,0.0,11078.83,0,0.0,0.0,0.0,0.0,,0.0,Lost to Competition,2023,4,4,69.9,30.1,0,160.46,133.14,293.6,0.0,149.09,2,14.3,30,35,0,0,0,0,0,0,0,0,0,,0,0,0.0,0.0,0,0,0.0,0,0,0,0,0.0,0.0
L-202304-81509,Lost,Personal Event,Graduation Celebration,Wedding/Social,In-person,Full Package,Social,Social/Private,RFP,Low,2022-09-05,2022-09-29,14,2023-04-16,2023-04-17,1,223,47,47,60,1,Half Ballroom,1,1,10,0.0,0.0,3,78.7,169.88,172.24,7718.35,2747.29,8927.6,19393.24,0,0.0,0.0,0.0,0.0,,0.0,Space Not Adequate,2023,4,2,72.5,27.5,1,81.21,158.95,240.16,240.16,240.16,1,0.0,47,0,0,0,1,2,1,12,1,0,1,Banquet,2,0,1.7,1103.05,1383,7630,12691.04,5,0,0,0,100.0,0.5
L-202304-83989,Lost,Consulting Network,Product Launch Event,Corporate,In-person,Full Package,Legal,Legal,Repeat Client,Medium,2023-02-20,2023-03-14,9,2023-04-22,2023-04-23,1,61,55,55,74,1,Half Ballroom,1,0,13,1.0,74908.51,2,78.1,171.74,166.05,9190.18,3399.65,5131.2,17721.03,0,0.0,0.0,0.0,0.0,,0.0,Lost to Competition,2023,4,2,57.0,43.0,1,62.15,169.04,231.19,231.19,231.19,1,0.0,55,0,0,0,1,5,2,8,1,0,1,Classroom,2,0,1.58,821.37,1156,8595,10729.9,3,0,0,0,50.0,0.62
L-202304-74382,Lost,Financial Services Group,Product Launch Event,Corporate,In-person,Full Package,Professional Services,Professional Services,Direct Inquiry,High,2022-11-21,2022-12-12,14,2023-04-23,2023-04-26,3,153,32,96,36,1,Breakout Room,1,1,7,0.0,0.0,4,82.1,167.42,166.4,13842.47,7684.44,8331.74,29858.65,0,0.0,0.0,0.0,0.0,,0.0,Chose Another Venue,2023,4,4,61.6,38.4,1,123.73,129.67,253.4,253.4,129.67,2,9.2,25,32,27,0,1,2,2,24,0,0,1,Theater,2,0,2.09,350.54,1094,972,3382.12,1,0,0,0,100.0,0.9
L-202304-15399,Lost,HR Professionals Network,Professional Development Symposium,Association,In-person,Full Package,Education,Education,Third-Party Planner,High,2022-06-30,2022-08-10,27,2023-04-27,2023-04-29,2,301,81,162,91,1,Half Ballroom,1,0,14,0.0,0.0,4,76.6,171.43,159.94,26384.78,6505.59,18282.98,51173.35,0,0.0,0.0,0.0,0.0,,0.0,Space Not Adequate,2023,4,2,67.9,32.1,0,1.69,151.79,153.48,0.0,153.48,2,7.4,75,81,0,0,1,7,3,24,1,0,1,Classroom,2,0,1.79,1101.9,288,21896,22718.34,4,1,0,1,0.0,0.76
L-202305-46569,Lost,Nonprofit Foundation,Youth Group Gathering,SMERF,In-person,Full Package,SMERF,SMERF,RFP,Medium,2022-12-21,2023-01-09,10,2023-05-07,2023-05-08,1,137,5,5,5,1,Boardroom,1,1,9,0.0,0.0,2,81.8,170.87,176.16,796.51,1026.88,188.45,2011.84,0,0.0,0.0,0.0,0.0,,0.0,Space Not Adequate,2023,5,4,51.6,48.4,1,141.6,131.86,273.46,192.29,131.86,1,0.0,5,0,0,0,1,4,2,16,0,1,1,Boardroom,3,1,2.87,315.2,579,3480,4707.07,2,0,0,0,100.0,0.36
L-202305-12009,Lost,Social Event,Retirement Party,Wedding/Social,In-person,Full Package,Social,Social/Private,Direct Inquiry,Low,2022-05-11,2022-06-10,16,2023-05-10,2023-05-11,1,364,24,24,33,1,Breakout Room,1,1,14,1.0,67821.3,4,79.9,172.88,156.66,3636.75,2628.88,4845.98,11111.61,0,0.0,0.0,0.0,0.0,,0.0,Chose Another Venue,2023,5,4,55.5,44.5,1,143.51,135.91,279.42,168.96,135.91,1,0.0,24,0,0,0,1,1,2,24,0,0,1,Banquet,1,0,0.97,445.58,337,0,3153.34,0,0,0,0,100.0,0.82
L-202305-60132,Lost,HR Professionals Network,Leadership Institute,Association,In-person,Full Package,Other,Other,Website,Low,2022-09-15,2022-10-13,21,2023-05-12,2023-05-16,4,239,72,288,97,1,Half Ballroom,1,1,7,0.0,0.0,3,92.5,191.24,192.85,42268.82,11310.42,42209.08,95788.32,0,0.0,0.0,0.0,0.0,,0.0,Client Went Direct,2023,5,3,50.6,49.4,1,70.55,153.98,224.53,224.53,153.98,2,6.2,71,72,71,61,1,5,2,16,1,0,1,Classroom,3,1,2.68,930.94,304,0,729.65,0,0,0,0,100.0,0.81
L-202305-82362,Lost,Social Event,Charity Gala,Wedding/Social,In-person,Full Package,Other,Other,Sales Call,High,2022-10-02,2022-11-16,36,2023-05-13,2023-05-14,1,223,7,7,9,1,Boardroom,1,0,9,0.0,0.0,4,93.8,194.15,178.33,1102.46,1808.47,1313.73,4224.66,0,0.0,0.0,0.0,0.0,,0.0,Client Went Direct,2023,5,2,63.2,36.8,0,128.86,155.06,283.92,0.0,155.06,1,0.0,7,0,0,0,1,1,1,8,0,1,1,Boardroom,1,0,0.7,362.13,1116,756,2450.2,3,0,0,0,50.0,0.64
L-202305-33040,Lost,Private Individual,Engagement Party,Wedding/Social,In-person,Rooms Only,Social,Social/Private,Direct Inquiry,High,2022-06-22,2022-08-06,41,2023-05-14,2023-05-15,1,326,14,14,15,0,,0,0,4,1.0,36485.79,2,88.8,188.57,183.72,1998.4,0.0,0.0,1998.4,0,0.0,0.0,0.0,0.0,,0.0,Client Went Direct,2023,5,2,63.3,36.7,1,37.72,150.96,188.68,188.68,150.96,1,0.0,14,0,0,0,0,0,0,0,0,0,0,,0,0,0.0,0.0,0,0,0.0,0,0,0,0,0.0,0.0
L-202305-71080,Lost,Dental Association,Educational Seminar Series,Association,In-person,Full Package,Education,Education,Website,Low,2023-01-02,2023-01-28,19,2023-05-17,2023-05-19,2,135,9,18,12,1,Boardroom,1,0,7,1.0,64933.06,4,80.0,172.47,165.65,2946.88,2409.14,2672.7,8028.72,0,0.0,0.0,0.0,0.0,,0.0,Budget Constraints,2023,5,2,74.2,25.8,1,47.44,143.43,190.87,190.87,143.43,2,0.0,9,9,0,0,1,2,3,24,0,1,1,Boardroom,1,0,0.95,273.85,897,1696,3669.87,2,0,0,0,100.0,0.86
L-202305-25549,Lost,Insurance Federation,Policy Symposium,Association,In-person,Full Package,Government,Government,Direct Inquiry,Medium,2022-08-21,2022-09-17,18,2023-05-21,2023-05-23,2,273,60,120,83,1,Half Ballroom,1,0,9,0.0,0.0,3,81.6,169.86,166.94,18918.71,5353.97,14079.12,38351.8,0,0.0,0.0,0.0,0.0,,0.0,Client Went Direct,2023,5,4,73.6,26.4,1,95.04,141.67,236.71,236.71,152.82,2,3.3,58,60,0,0,2,2,1,8,1,0,1,Theater,1,0,0.71,1776.19,1288,2848,5185.42,4,1,0,1,0.0,0.69
L-202305-53480,Lost,Veterans Group,Band Competition,SMERF,In-person,Meeting Only,Other,Other,Direct Inquiry,High,2023-01-15,2023-02-01,11,2023-05-22,2023-05-23,1,127,0,0,121,1,Grand Ballroom,0,0,6,0.0,0.0,1,84.2,171.88,0.0,0.0,2410.22,5392.77,7802.99,0,0.0,0.0,0.0,0.0,,0.0,Canceled by Client,2023,5,0,0.0,0.0,0,0.0,0.0,0.0,0.0,0.0,0,0.0,0,0,0,0,1,7,3,24,1,0,1,Classroom,3,1,2.93,2431.67,574,20356,22169.9,4,0,0,0,50.0,0.5
L-202305-42302,Lost,Nursing Council,Policy Symposium,Association,In-person,Full Package,Healthcare,Healthcare,Website,Medium,2022-09-30,2022-10-28,15,2023-05-25,2023-05-27,2,237,121,242,136,1,Grand Ballroom,1,1,13,1.0,70922.67,1,80.2,163.27,153.71,38330.24,6825.59,21360.92,66516.75,0,0.0,0.0,0.0,0.0,,0.0,Canceled by Client,2023,5,3,61.8,38.2,1,124.28,143.78,268.06,219.48,143.78,2,0.8,120,121,0,0,1,7,3,12,1,0,1,Theater,3,1,2.5,2367.14,676,0,2686.44,0,0,0,0,100.0,0.57
L-202305-74304,Lost,HR Professionals Network,Annual Member Conference,Association,Hybrid,Full Package,Healthcare,Healthcare,Sales Call,Low,2022-08-24,2022-09-19,15,2023-05-26,2023-05-27,1,275,59,59,71,1,Half Ballroom,1,0,11,1.0,68890.09,2,77.0,171.85,163.03,9643.76,2274.43,7828.95,19747.14,0,0.0,0.0,0.0,0.0,,0.0,Client Went Direct,2023,5,4,66.1,33.9,0,146.29,135.16,281.45,0.0,135.16,1,0.0,59,0,0,0,2,1,1,8,1,0,1,Classroom,1,0,0.95,1182.03,486,2504,4158.5,4,1,0,0,0.0,0.59
L-202305-92478,Lost,Technology Innovators,Leadership Summit,Corporate,Hybrid,Full Package,Technology,Technology,Direct Inquiry,Low,2023-04-20,2023-05-15,11,2023-05-26,2023-05-28,2,36,60,120,76,1,Half Ballroom,1,0,14,0.0,0.0,1,88.4,164.84,151.42,19509.67,6153.64,14823.23,40486.54,0,0.0,0.0,0.0,0.0,,0.0,Space Not Adequate,2023,5,2,50.5,49.5,1,56.83,127.19,184.02,184.02,127.19,2,10.0,54,60,0,0,2,2,1,8,1,0,1,Banquet,2,0,2.37,1487.27,787,0,3687.15,0,0,0,0,0.0,0.63
L-202305-97584,Lost,Volunteer Network,Youth Sports Tournament,SMERF,In-person,Full Package,Other,Other,RFP,Medium,2023-02-26,2023-03-23,18,2023-05-27,2023-05-28,1,90,50,50,66,1,Half Ballroom,1,0,7,1.0,5515.85,1,80.2,175.18,172.32,7214.53,1286.62,2536.58,11037.73,0,0.0,0.0,0.0,0.0,,0.0,Client Went Direct,2023,5,2,70.9,29.1,1,79.94,152.93,232.87,232.87,152.93,1,0.0,50,0,0,0,1,2,1,8,1,0,1,Classroom,2,0,2.2,858.11,1161,2970,5376.96,3,0,0,0,0.0,0.55
L-202305-76088,Lost,Volunteer Network,Military Reunion,SMERF,In-person,Full Package,Other,Other,Repeat Client,Low,2023-01-05,2023-02-03,17,2023-05-29,2023-05-30,1,144,25,25,29,1,Breakout Room,1,1,12,1.0,54193.66,2,78.2,174.82,174.76,3610.38,1546.55,1392.81,6549.74,0,0.0,0.0,0.0,0.0,,0.0,Chose Another Venue,2023,5,4,74.6,25.4,1,134.2,135.77,269.97,186.58,135.77,1,0.0,25,0,0,0,1,2,1,12,0,0,1,Theater,1,0,1.28,435.85,1365,0,3155.65,0,0,0,0,0.0,0.72
L-202305-12052,Lost,TechCorp Solutions,Innovation Workshop,Corporate,In-person,Full Package,Finance,Finance,Cvent,Medium,2023-03-06,2023-03-29,13,2023-05-30,2023-06-01,2,85,44,88,56,1,Half Ballroom,1,0,10,1.0,67620.83,2,86.9,173.12,161.12,13540.43,5516.54,7989.5,27046.47,0,0.0,0.0,0.0,0.0,,0.0,Client Went Direct,2023,5,4,51.6,48.4,1,135.17,152.79,287.96,222.35,152.79,2,13.6,38,44,0,0,1,4,3,12,1,0,1,Theater,2,0,2.15,820.91,751,2496,5187.33,2,0,0,0,100.0,0.47
L-202305-71875,Lost,Professional Engineers Society,Certification Training,Association,In-person,Rooms Only,Other,Other,Cvent,Low,2022-08-13,2022-09-09,20,2023-05-30,2023-06-02,3,290,57,171,62,0,,0,0,7,0.0,0.0,3,84.6,171.47,177.26,27030.26,0.0,0.0,27030.26,0,0.0,0.0,0.0,0.0,,0.0,Space Not Adequate,2023,5,2,70.9,29.1,1,38.94,197.87,236.81,236.81,197.87,2,7.1,56,57,48,0,0,0,0,0,0,0,0,,0,0,0.0,0.0,0,0,0.0,0,0,0,0,0.0,0.0
L-202306-53544,Lost,Education Foundation,Regional Chapter Meeting,Association,In-person,Meeting Only,Association,Association,Third-Party Planner,Medium,2022-07-14,2022-08-10,20,2023-06-01,2023-06-04,3,322,0,0,127,1,Grand Ballroom,0,0,7,0.0,0.0,3,74.2,160.97,0.0,0.0,8539.6,42977.78,51517.38,0,0.0,0.0,0.0,0.0,,0.0,Lost to Competition,2023,6,0,0.0,0.0,0,0.0,0.0,0.0,0.0,0.0,0,0.0,0,0,0,0,2,2,1,8,1,0,1,Classroom,2,0,2.06,2936.17,846,5688,7943.28,4,1,0,1,100.0,0.53
L-202306-78551,Lost,TechCorp Solutions,Board of Directors Meeting,Corporate,In-person,Full Package,Technology,Technology,Website,Medium,2023-03-26,2023-04-12,7,2023-06-16,2023-06-17,1,82,62,62,82,1,Half Ballroom,1,0,10,0.0,0.0,2,70.5,160.61,161.53,9816.26,2663.64,7461.18,19941.08,0,0.0,0.0,0.0,0.0,,0.0,Space Not Adequate,2023,6,2,70.8,29.2,1,60.42,130.16,190.58,190.58,130.16,1,0.0,62,0,0,0,2,4,2,24,1,0,1,Theater,3,1,2.8,1528.35,977,3360,5612.01,2,0,0,0,100.0,0.68
L-202306-11217,Lost,Energy Solutions,Strategic Planning Retreat,Corporate,In-person,Full Package,Other,Other,Referral,Low,2023-03-26,2023-04-19,10,2023-06-17,2023-06-18,1,83,50,50,65,1,Half Ballroom,1,1,14,1.0,32461.73,1,75.6,163.57,153.93,8351.39,2704.01,4480.04,15535.44,0,0.0,0.0,0.0,0.0,,0.0,Chose Another Venue,2023,6,2,71.4,28.6,1,71.14,145.2,216.34,216.34,145.2,1,0.0,50,0,0,0,1,2,1,4,1,0,1,Classroom,2,0,1.61,956.57,511,2530,4755.7,5,1,0,0,50.0,0.54
L-202306-95175,Lost,Pharmaceutical Partners,Customer Advisory Board,Corporate,In-person,Full Package,Professional Services,Professional Services,Website,Low,2023-05-09,2023-06-02,11,2023-06-19,2023-06-20,1,41,6,6,7,1,Boardroom,1,1,13,1.0,74741.34,1,66.7,163.01,160.28,905.48,1353.19,645.46,2904.13,0,0.0,0.0,0.0,0.0,,0.0,Client Went Direct,2023,6,3,54.2,45.8,1,155.48,134.35,289.83,179.78,134.35,1,0.0,6,0,0,0,1,1,1,4,0,1,1,Boardroom,0,0,0.05,316.85,0,368,1777.08,2,0,0,0,0.0,0.5
L-202306-98797,Lost,Personal Event,Holiday Party,Wedding/Social,In-person,Full Package,Social,Social/Private,Third-Party Planner,Medium,2022-08-26,2022-09-27,25,2023-06-19,2023-06-20,1,297,20,20,27,1,Breakout Room,1,0,7,1.0,78667.3,1,73.8,164.71,154.84,3120.95,3081.31,3386.29,9588.55,0,0.0,0.0,0.0,0.0,,0.0,Lost to Competition,2023,6,3,67.2,32.8,1,147.35,140.77,288.12,192.73,140.77,1,0.0,20,0,0,0,1,1,2,16,0,0,1,Reception,2,0,1.54,536.61,1476,608,6525.42,4,0,0,0,50.0,0.68
L-202306-28724,Lost,Technology Innovators,Strategic Planning Retreat,Corporate,In-person,Full Package,Government,Government,Sales Call,Medium,2023-05-09,2023-05-30,10,2023-06-21,2023-06-22,1,43,50,50,62,1,Half Ballroom,1,1,11,1.0,42592.49,4,74.3,158.98,155.95,8091.76,2848.36,4645.54,15585.66,0,0.0,0.0,0.0,0.0,,0.0,Rates Too High / Client Declined,2023,6,2,52.3,47.7,0,25.19,129.58,154.77,0.0,129.58,1,0.0,50,0,0,0,2,4,2,16,1,0,1,Classroom,2,0,1.79,1757.99,1425,3416,6269.01,2,0,0,0,100.0,0.52
L-202306-40689,Lost,Private Party,Smith-Johnson Wedding,Wedding/Social,In-person,Full Package,Social,Social/Private,Cvent,High,2022-06-24,2022-07-16,15,2023-06-24,2023-06-25,1,365,19,19,24,1,Breakout Room,1,1,7,1.0,29845.76,3,72.2,166.62,154.65,2865.0,1938.65,3023.26,7826.91,0,0.0,0.0,0.0,0.0,,0.0,Chose Another Venue,2023,6,4,68.6,31.4,1,124.54,125.46,250.0,250.0,125.46,1,0.0,19,0,0,0,1,5,2,16,0,0,1,Banquet,2,0,2.32,471.7,1276,4665,8019.64,3,0,0,0,100.0,0.6
L-202306-13515,Lost,Energy Solutions,Customer Advisory Board,Corporate,In-person,Rooms Only,Finance,Finance,Direct Inquiry,Medium,2023-02-18,2023-03-11,14,2023-06-25,2023-06-27,2,127,60,120,66,0,,0,0,7,0.0,0.0,1,70.9,170.27,159.72,19808.68,0.0,0.0,19808.68,0,0.0,0.0,0.0,0.0,,0.0,Dates Not Available,2023,6,3,56.7,43.3,1,25.12,146.44,171.56,171.56,146.44,2,3.3,58,60,0,0,0,0,0,0,0,0,0,,0,0,0.0,0.0,0,0,0.0,0,0,0,0,0.0,0.0
L-202306-53910,Lost,Manufacturing Alliance,Town Hall Meeting,Corporate,In-person,Rooms Only,Trade/Manufacturing,Trade/Manufacturing,Third-Party Planner,Medium,2023-03-20,2023-04-06,14,2023-06-25,2023-06-27,2,97,44,88,48,0,,0,1,3,0.0,0.0,4,66.2,165.44,152.51,12700.78,0.0,0.0,12700.78,0,0.0,0.0,0.0,0.0,,0.0,Space Not Adequate,2023,6,3,74.9,25.1,1,98.63,150.46,249.09,249.09,150.46,2,15.9,37,44,0,0,0,0,0,0,0,0,0,,0,0,0.0,0.0,0,0,0.0,0,0,0,0,0.0,0.0
L-202306-34505,Lost,Global Industries,Town Hall Meeting,Corporate,In-person,Full Package,Trade/Manufacturing,Trade/Manufacturing,RFP,Medium,2023-04-22,2023-05-11,12,2023-06-26,2023-06-29,3,65,72,216,86,1,Half Ballroom,1,1,7,1.0,8637.09,4,71.2,162.67,165.76,34425.3,9823.47,19910.87,64159.64,0,0.0,0.0,0.0,0.0,,0.0,Budget Constraints,2023,6,3,54.4,45.6,1,129.48,141.41,270.89,195.16,141.41,2,3.6,67,72,66,0,2,3,2,8,1,0,1,Classroom,3,1,2.99,1422.39,1012,7668,10010.41,4,0,0,0,50.0,0.72
L-202306-80373,Lost,Nursing Council,Board Retreat,Association,In-person,Full Package,Other,Other,Cvent,Low,2022-10-17,2022-11-24,28,2023-06-26,2023-06-27,1,252,69,69,78,1,Half Ballroom,1,1,10,0.0,0.0,1,70.6,157.46,143.56,11238.79,2413.1,7427.35,21079.24,0,0.0,0.0,0.0,0.0,,0.0,Dates Not Available,2023,6,4,62.4,37.6,1,119.13,147.06,266.19,242.84,147.06,1,0.0,69,0,0,0,1,1,1,8,1,0,1,Classroom,0,0,0.01,1003.39,0,1650,2380.64,3,0,0,0,100.0,0.65
L-202306-22208,Lost,Accounting Institute,Certification Training,Association,In-person,Full Package,Healthcare,Healthcare,Referral,Low,2022-08-26,2022-10-04,26,2023-06-28,2023-06-30,2,306,29,58,37,1,Breakout Room,1,1,13,0.0,0.0,4,70.4,161.99,156.92,8631.79,4862.81,7202.16,20696.76,0,0.0,0.0,0.0,0.0,,0.0,Lost to Competition,2023,6,3,61.2,38.8,1,114.64,127.59,242.23,242.23,127.59,2,0.0,29,29,0,0,1,2,1,8,0,0,1,Classroom,1,0,1.26,568.24,646,2508,4069.06,3,0,0,0,0.0,0.93
L-202307-16637,Lost,Pharmaceutical Partners,Town Hall Meeting,Corporate,Hybrid,Full Package,Government,Government,Referral,Medium,2023-03-19,2023-04-12,14,2023-07-02,2023-07-05,3,105,50,150,68,1,Half Ballroom,1,1,10,0.0,0.0,4,65.5,164.46,157.35,24856.12,7268.28,14476.08,46600.48,0,0.0,0.0,0.0,0.0,,0.0,Client Went Direct,2023,7,2,60.6,39.4,0,24.28,129.17,153.45,0.0,153.45,2,5.7,46,50,43,0,1,2,1,12,1,0,1,Banquet,1,0,0.56,1158.9,55,4584,6440.6,4,1,0,1,50.0,0.57
L-202307-67067,Lost,Premier Tours,International Tour Package,Corporate,In-person,Full Package,Trade/Manufacturing,Trade/Manufacturing,Repeat Client,Medium,2023-05-17,2023-06-13,13,2023-07-03,2023-07-04,1,47,34,34,47,1,Half Ballroom,1,1,14,0.0,0.0,2,67.0,161.78,159.47,5332.0,909.45,1447.91,7689.36,0,0.0,0.0,0.0,0.0,,0.0,Canceled by Client,2023,7,2,70.8,29.2,1,38.42,142.34,180.76,180.76,180.76,1,0.0,34,0,0,0,1,7,3,24,1,0,1,Banquet,0,0,0.37,1347.45,0,27685,30095.94,5,0,0,0,50.0,0.39
L-202307-80968,Lost,HR Professionals Network,State Convention,Association,In-person,Meeting Only,Government,Government,RFP,Medium,2022-11-07,2022-12-10,25,2023-07-03,2023-07-05,2,238,0,0,149,1,Grand Ballroom,0,0,8,1.0,53028.13,2,64.0,159.64,0.0,0.0,6156.02,32580.17,38736.19,0,0.0,0.0,0.0,0.0,,0.0,Dates Not Available,2023,7,0,0.0,0.0,0,0.0,0.0,0.0,0.0,0.0,0,0.0,0,0,0,0,2,5,3,36,1,0,1,Theater,3,1,2.57,2693.57,1126,5790,9257.77,2,0,0,0,0.0,0.62
L-202307-68856,Lost,Volunteer Network,Fraternity/Sorority Reunion,SMERF,In-person,Full Package,Education,Education,Referral,Medium,2023-04-21,2023-05-19,14,2023-07-04,2023-07-05,1,74,37,37,51,1,Half Ballroom,1,1,14,0.0,0.0,3,66.9,159.53,149.43,5727.96,1534.78,2630.6,9893.34,0,0.0,0.0,0.0,0.0,,0.0,Canceled by Client,2023,7,2,59.8,40.2,0,1.07,140.4,141.47,0.0,141.47,1,0.0,37,0,0,0,1,2,1,8,1,0,1,Theater,2,0,1.75,1283.07,237,2344,4084.31,2,0,0,0,100.0,0.42
L-202307-19725,Lost,TechCorp Solutions,Executive Offsite,Corporate,In-person,Full Package,Finance,Finance,Repeat Client,Medium,2023-04-09,2023-05-02,11,2023-07-09,2023-07-10,1,91,57,57,65,1,Half Ballroom,1,1,12,0.0,0.0,2,64.5,153.36,150.38,9519.2,2809.56,6544.11,18872.87,0,0.0,0.0,0.0,0.0,,0.0,Client Went Direct,2023,7,4,60.7,39.3,1,78.49,138.69,217.18,217.18,144.99,1,0.0,57,0,0,0,1,3,3,24,1,0,1,Classroom,2,0,1.85,898.11,1262,2058,7646.37,2,0,0,0,100.0,0.54
L-202307-33456,Lost,Faith Community,Youth Sports Tournament,SMERF,In-person,Rooms Only,SMERF,SMERF,Third-Party Planner,Low,2023-04-17,2023-05-11,21,2023-07-13,2023-07-15,2,87,47,94,51,0,,0,0,3,0.0,0.0,4,69.5,153.75,156.02,14968.01,0.0,0.0,14968.01,0,0.0,0.0,0.0,0.0,,0.0,Client Went Direct,2023,7,3,73.7,26.3,1,78.38,141.07,219.45,219.45,141.07,2,21.3,37,47,0,0,0,0,0,0,0,0,0,,0,0,0.0,0.0,0,0,0.0,0,0,0,0,0.0,0.0
L-202307-53449,Lost,Nursing Council,Policy Symposium,Association,In-person,Full Package,Education,Education,Website,Low,2022-12-17,2023-01-21,22,2023-07-13,2023-07-16,3,208,89,267,99,1,Half Ballroom,1,0,13,1.0,79113.23,2,63.0,157.11,154.64,42977.34,8839.27,31075.19,82891.8,0,0.0,0.0,0.0,0.0,,0.0,Budget Constraints,2023,7,2,63.4,36.6,0,137.69,146.47,284.16,0.0,146.47,2,2.9,88,89,83,0,2,4,2,8,1,0,1,Classroom,3,1,2.54,1850.28,1137,2376,5668.84,2,0,0,0,100.0,0.82
L-202307-28661,Lost,Social Event,Bar/Bat Mitzvah,Wedding/Social,In-person,Rooms Only,Social,Social/Private,Cvent,Low,2022-07-16,2022-08-20,28,2023-07-16,2023-07-17,1,365,48,48,52,0,,1,0,7,0.0,0.0,4,63.8,155.68,145.94,7201.82,0.0,0.0,7201.82,0,0.0,0.0,0.0,0.0,,0.0,Chose Another Venue,2023,7,4,64.6,35.4,1,150.29,133.01,283.3,220.24,133.01,1,0.0,48,0,0,0,0,0,0,0,0,0,0,,0,0,0.0,0.0,0,0,0.0,0,0,0,0,0.0,0.0
L-202307-18600,Lost,Family Celebration,Memorial Service Gathering,Wedding/Social,In-person,Full Package,Other,Other,RFP,Low,2022-07-17,2022-08-29,35,2023-07-17,2023-07-18,1,365,26,26,34,1,Breakout Room,1,0,8,0.0,0.0,4,60.5,158.89,164.01,3900.76,2619.18,4251.06,10771.0,0,0.0,0.0,0.0,0.0,,0.0,Client Went Direct,2023,7,2,72.6,27.4,0,150.17,136.1,286.27,0.0,136.1,1,0.0,26,0,0,0,1,2,2,16,0,0,1,Banquet,0,0,0.33,479.93,0,2742,3423.35,3,0,0,0,0.0,0.85
L-202307-74517,Lost,Energy Solutions,Sales Kickoff,Corporate,Hybrid,Full Package,Trade/Manufacturing,Trade/Manufacturing,Third-Party Planner,Low,2023-05-16,2023-06-01,7,2023-07-19,2023-07-22,3,64,46,138,54,1,Half Ballroom,1,1,9,1.0,66558.45,4,62.3,159.47,150.35,19828.49,6651.76,14093.0,40573.25,0,0.0,0.0,0.0,0.0,,0.0,Budget Constraints,2023,7,2,53.0,47.0,1,36.33,144.05,180.38,180.38,144.05,2,5.4,40,46,42,0,1,3,2,8,1,0,1,Classroom,0,0,0.08,825.33,0,1467,2870.36,3,0,0,0,0.0,0.45
L-202307-34633,Lost,Family Celebration,Family Reunion Weekend,Wedding/Social,In-person,Full Package,Social,Social/Private,Third-Party Planner,Low,2022-11-27,2023-01-11,38,2023-07-20,2023-07-21,1,235,26,26,30,1,Breakout Room,1,0,7,0.0,0.0,1,58.3,164.74,149.38,3932.52,2649.9,4212.35,10794.77,0,0.0,0.0,0.0,0.0,,0.0,Client Went Direct,2023,7,4,53.2,46.8,1,91.14,134.13,225.27,225.27,134.13,1,0.0,26,0,0,0,1,2,1,8,0,0,1,Banquet,0,0,0.2,537.74,0,7750,10803.24,5,0,0,0,50.0,0.75
L-202307-73273,Lost,Global Industries,Performance Review Summit,Corporate,Hybrid,Rooms Only,Professional Services,Professional Services,Website,Low,2023-05-19,2023-06-06,12,2023-07-20,2023-07-21,1,62,51,51,56,0,,1,1,6,0.0,0.0,2,66.0,160.62,160.94,7703.12,0.0,0.0,7703.12,0,0.0,0.0,0.0,0.0,,0.0,Client Went Direct,2023,7,3,58.5,41.5,1,55.63,167.18,222.81,222.81,222.81,1,0.0,51,0,0,0,0,0,0,0,0,0,0,,0,0,0.0,0.0,0,0,0.0,0,0,0,0,0.0,0.0
L-202307-21629,Lost,Pharmaceutical Partners,Management Training,Corporate,In-person,Rooms Only,Technology,Technology,Referral,Low,2023-06-09,2023-06-22,7,2023-07-21,2023-07-24,3,42,41,123,45,0,,0,1,6,0.0,0.0,3,66.3,149.85,156.09,17968.54,0.0,0.0,17968.54,0,0.0,0.0,0.0,0.0,,0.0,Budget Constraints,2023,7,4,60.1,39.9,1,117.16,126.25,243.41,243.41,126.25,2,9.8,40,41,32,0,0,0,0,0,0,0,0,,0,0,0.0,0.0,0,0,0.0,0,0,0,0,0.0,0.0
L-202307-99282,Lost,Private Party,Memorial Service Gathering,Wedding/Social,In-person,Meeting Only,Social,Social/Private,Referral,Medium,2022-07-29,2022-09-10,33,2023-07-21,2023-07-22,1,357,0,0,55,1,Half Ballroom,0,0,10,1.0,54425.3,1,66.4,160.63,0.0,0.0,3304.11,7261.31,10565.42,0,0.0,0.0,0.0,0.0,,0.0,Lost to Competition,2023,7,0,0.0,0.0,0,0.0,0.0,0.0,0.0,0.0,0,0.0,0,0,0,0,1,2,1,12,1,0,1,Banquet,3,1,2.78,925.97,1352,4380,7302.96,5,1,0,1,0.0,0.46
L-202307-70091,Lost,Retail Corporation,New Hire Orientation,Corporate,In-person,Meeting Only,Trade/Manufacturing,Trade/Manufacturing,Referral,Low,2023-05-24,2023-06-12,12,2023-07-23,2023-07-26,3,60,0,0,99,1,Half Ballroom,1,1,7,0.0,0.0,3,64.5,148.97,0.0,0.0,9679.51,26081.18,35760.69,0,0.0,0.0,0.0,0.0,,0.0,Chose Another Venue,2023,7,0,0.0,0.0,0,0.0,0.0,0.0,0.0,0.0,0,0.0,0,0,0,0,1,3,2,16,1,0,1,Classroom,2,0,2.26,881.0,923,6489,10582.28,3,0,0,0,100.0,0.82
L-202308-36201,Lost,Private Party,Smith-Johnson Wedding,Wedding/Social,In-person,Full Package,Social,Social/Private,Website,Low,2022-12-19,2023-02-02,36,2023-08-02,2023-08-04,2,226,21,42,27,1,Breakout Room,1,0,9,0.0,0.0,3,70.8,165.17,150.61,6070.92,6080.09,7315.17,19466.18,0,0.0,0.0,0.0,0.0,,0.0,Canceled by Client,2023,8,3,66.3,33.7,1,140.76,141.77,282.53,181.4,141.77,2,23.8,16,21,0,0,1,2,2,16,0,0,1,Banquet,3,1,2.96,417.81,1378,0,3563.55,0,0,0,0,100.0,0.68
L-202308-16094,Lost,Veterans Group,School District Meeting,SMERF,In-person,Meeting Only,Government,Government,Referral,Low,2023-05-03,2023-05-19,10,2023-08-04,2023-08-05,1,93,0,0,40,1,Breakout Room,0,1,6,0.0,0.0,3,70.8,159.97,0.0,0.0,1306.05,2117.36,3423.41,0,0.0,0.0,0.0,0.0,,0.0,Budget Constraints,2023,8,0,0.0,0.0,0,0.0,0.0,0.0,0.0,0.0,0,0.0,0,0,0,0,1,7,3,24,0,0,1,Classroom,0,0,0.28,565.47,0,7728,9416.05,3,0,0,0,100.0,1.0
L-202308-88234,Lost,Regional Healthcare System,Performance Review Summit,Corporate,In-person,Full Package,Healthcare,Healthcare,Sales Call,Medium,2023-04-10,2023-04-26,8,2023-08-05,2023-08-06,1,117,25,25,33,1,Breakout Room,1,0,8,0.0,0.0,4,67.4,163.78,158.18,3803.3,2143.9,3185.36,9132.56,0,0.0,0.0,0.0,0.0,,0.0,Space Not Adequate,2023,8,3,73.7,26.3,1,30.01,154.79,184.8,184.8,154.79,1,0.0,25,0,0,0,1,4,2,8,0,0,1,Classroom,0,0,0.07,540.99,0,2888,4963.43,1,0,0,0,50.0,0.82
L-202308-14234,Lost,Premier Tours,International Tour Package,Corporate,In-person,Full Package,Technology,Technology,Cvent,Medium,2023-06-20,2023-07-08,8,2023-08-07,2023-08-08,1,48,48,48,64,1,Half Ballroom,1,1,10,0.0,0.0,3,66.7,169.51,165.64,7539.72,908.53,1830.01,10278.26,0,0.0,0.0,0.0,0.0,,0.0,Chose Another Venue,2023,8,2,70.7,29.3,0,159.74,130.1,289.84,0.0,130.1,1,0.0,48,0,0,0,2,4,3,36,1,0,1,Banquet,0,0,0.44,1770.65,0,8480,10641.14,5,1,0,1,0.0,0.53
L-202308-90439,Lost,Senior Adventures,Bird Watching Tour,Corporate,Hybrid,Rooms Only,Other,Other,Referral,Low,2023-05-22,2023-06-03,9,2023-08-08,2023-08-09,1,78,40,40,44,0,,1,0,3,1.0,6082.61,1,78.0,163.45,147.4,6562.37,0.0,0.0,6562.37,0,0.0,0.0,0.0,0.0,,0.0,Rates Too High / Client Declined,2023,8,2,72.5,27.5,1,64.46,155.69,220.15,220.15,220.15,1,0.0,40,0,0,0,0,0,0,0,0,0,0,,0,0,0.0,0.0,0,0,0.0,0,0,0,0,0.0,0.0
L-202308-48557,Lost,Industry Trade Group,Networking Summit,Association,Hybrid,Full Package,Government,Government,RFP,Medium,2023-01-14,2023-02-13,20,2023-08-13,2023-08-15,2,211,74,148,99,1,Half Ballroom,1,1,10,0.0,0.0,3,68.8,168.18,175.83,24676.39,4846.18,17336.79,46859.36,0,0.0,0.0,0.0,0.0,,0.0,Canceled by Client,2023,8,2,56.4,43.6,1,69.97,172.63,242.6,242.6,172.63,2,9.5,67,74,0,0,2,3,2,16,1,0,1,Classroom,2,0,1.73,1676.59,983,11805,14745.82,5,1,0,0,0.0,0.82
L-202308-60242,Lost,Private Party,Graduation Celebration,Wedding/Social,In-person,Rooms Only,Social,Social/Private,RFP,Medium,2023-03-17,2023-04-04,14,2023-08-14,2023-08-15,1,150,21,21,23,0,,0,0,4,0.0,0.0,2,67.2,166.6,159.81,3133.96,0.0,0.0,3133.96,0,0.0,0.0,0.0,0.0,,0.0,Rates Too High / Client Declined,2023,8,3,65.9,34.1,1,95.38,143.67,239.05,239.05,143.67,1,0.0,21,0,0,0,0,0,0,0,0,0,0,,0,0,0.0,0.0,0,0,0.0,0,0,0,0,0.0,0.0
L-202308-75598,Lost,TechCorp Solutions,Product Launch Event,Corporate,In-person,Full Package,Technology,Technology,RFP,Low,2023-05-21,2023-06-11,14,2023-08-16,2023-08-18,2,87,5,10,6,1,Boardroom,1,1,7,1.0,76766.65,2,68.5,156.15,142.8,1636.89,2740.79,1084.2,5461.88,0,0.0,0.0,0.0,0.0,,0.0,Client Went Direct,2023,8,4,71.7,28.3,1,106.83,143.76,250.59,250.59,143.76,2,20.0,4,5,0,0,1,3,3,24,0,1,1,Boardroom,2,0,1.6,395.17,767,0,2114.69,0,0,0,0,0.0,0.43
L-202308-76265,Lost,Community Church,Band Competition,SMERF,In-person,Full Package,SMERF,SMERF,Third-Party Planner,Low,2023-05-04,2023-06-03,16,2023-08-21,2023-08-23,2,109,18,36,24,1,Breakout Room,1,0,14,0.0,0.0,4,66.7,161.91,160.26,5784.33,1581.52,2098.4,9464.25,0,0.0,0.0,0.0,0.0,,0.0,Canceled by Client,2023,8,3,63.1,36.9,1,141.79,144.27,286.06,197.37,144.27,2,61.1,7,18,0,0,1,1,1,12,0,0,1,Theater,0,0,0.41,562.66,0,774,2893.27,1,0,0,0,100.0,0.6
L-202308-79979,Lost,Private Party,Bar/Bat Mitzvah,Wedding/Social,In-person,Full Package,Travel,Travel/Hospitality,RFP,Medium,2023-01-15,2023-02-21,27,2023-08-22,2023-08-23,1,219,33,33,44,1,Half Ballroom,1,0,10,0.0,0.0,4,69.7,171.89,154.84,4854.43,2883.85,6384.27,14122.55,0,0.0,0.0,0.0,0.0,,0.0,Client Went Direct,2023,8,2,64.8,35.2,0,30.13,129.91,160.04,0.0,129.91,1,0.0,33,0,0,0,1,3,3,36,1,0,1,Reception,3,1,2.8,966.99,1378,7764,9903.56,4,0,0,0,100.0,0.37
L-202308-33306,Lost,Pharmaceutical Partners,Innovation Workshop,Corporate,In-person,Full Package,Finance,Finance,Referral,Low,2023-05-29,2023-06-17,11,2023-08-23,2023-08-24,1,86,57,57,71,1,Half Ballroom,1,1,8,0.0,0.0,1,70.1,168.7,163.18,8725.63,2822.64,5613.26,17161.53,0,0.0,0.0,0.0,0.0,,0.0,Lost to Competition,2023,8,2,61.4,38.6,0,12.01,143.09,155.1,0.0,143.09,1,0.0,57,0,0,0,1,2,1,8,1,0,1,Classroom,0,0,0.28,1081.7,0,1384,2199.31,1,0,0,0,100.0,0.59
L-202308-78788,Lost,Legal Society,Policy Symposium,Association,In-person,Rooms Only,Association,Association,Referral,Medium,2022-11-14,2022-12-08,21,2023-08-23,2023-08-26,3,282,48,144,52,0,,1,0,3,0.0,0.0,4,68.6,171.38,178.23,21417.7,0.0,0.0,21417.7,0,0.0,0.0,0.0,0.0,,0.0,Dates Not Available,2023,8,4,70.0,30.0,1,89.47,130.33,219.8,219.8,147.61,2,9.5,41,48,37,0,0,0,0,0,0,0,0,,0,0,0.0,0.0,0,0,0.0,0,0,0,0,0.0,0.0
L-202308-23573,Lost,Accounting Institute,Professional Development Symposium,Association,Hybrid,Full Package,Education,Education,Direct Inquiry,Low,2022-11-21,2022-12-21,23,2023-08-24,2023-08-26,2,276,75,150,97,1,Half Ballroom,1,0,7,0.0,0.0,3,72.6,164.37,168.95,22440.8,5161.56,15020.97,42623.33,0,0.0,0.0,0.0,0.0,,0.0,Lost to Competition,2023,8,4,62.8,37.2,1,113.31,153.43,266.74,244.3,244.3,2,12.0,66,75,0,0,2,1,1,8,1,0,1,Theater,0,0,0.2,1477.27,0,1315,3073.95,5,1,0,1,50.0,0.81
L-202308-35362,Lost,Service Club,Volunteer Training,SMERF,In-person,Full Package,Education,Education,RFP,Low,2023-04-16,2023-05-15,15,2023-08-25,2023-08-27,2,131,48,96,59,1,Half Ballroom,1,0,14,1.0,48084.66,3,69.8,164.7,169.48,14154.43,2860.81,4960.84,21976.08,0,0.0,0.0,0.0,0.0,,0.0,Chose Another Venue,2023,8,4,50.0,50.0,1,156.39,131.4,287.79,232.66,131.4,2,10.4,43,48,0,0,1,1,3,12,1,0,1,Theater,0,0,0.32,1096.81,0,1140,1672.15,4,0,1,1,100.0,0.49
L-202308-51144,Lost,Insurance Federation,State Convention,Association,In-person,Full Package,Other,Other,Cvent,Medium,2023-02-01,2023-03-02,22,2023-08-27,2023-08-29,2,207,65,130,83,1,Half Ballroom,1,1,7,1.0,27653.84,1,74.4,158.36,158.21,18542.75,5643.28,18714.86,42900.89,0,0.0,0.0,0.0,0.0,,0.0,Dates Not Available,2023,8,3,56.4,43.6,1,107.62,184.92,292.54,219.56,292.54,2,18.5,53,65,0,0,2,1,1,8,1,0,1,Theater,0,0,0.29,1667.54,0,0,1275.07,0,0,0,0,100.0,0.69
L-202309-45268,Lost,Pharmaceutical Partners,Product Launch Event,Corporate,In-person,Full Package,Legal,Legal,RFP,Medium,2023-06-22,2023-07-08,9,2023-09-07,2023-09-09,2,77,54,108,74,1,Half Ballroom,1,0,7,1.0,6688.91,2,83.3,171.55,156.87,17255.21,5575.31,14789.39,37619.91,0,0.0,0.0,0.0,0.0,,0.0,Dates Not Available,2023,9,2,63.2,36.8,0,24.14,128.08,152.22,0.0,128.08,2,3.7,52,54,0,0,1,1,1,12,1,0,1,Classroom,2,0,2.41,820.44,862,1480,4501.76,5,1,0,1,100.0,0.62
L-202309-73192,Lost,Private Individual,Family Reunion Weekend,Wedding/Social,In-person,Full Package,Social,Social/Private,Sales Call,High,2023-03-02,2023-04-03,25,2023-09-08,2023-09-09,1,190,10,10,12,1,Boardroom,1,0,7,0.0,0.0,4,77.8,168.62,165.15,1600.13,1622.71,1500.07,4722.91,0,0.0,0.0,0.0,0.0,,0.0,Chose Another Venue,2023,9,4,56.1,43.9,1,82.69,143.83,226.52,226.52,151.6,1,0.0,10,0,0,0,1,2,1,4,0,1,1,Boardroom,2,0,1.59,292.05,942,3708,5960.09,3,0,0,0,50.0,0.86
L-202309-73896,Lost,Dental Association,Professional Development Symposium,Association,In-person,Full Package,Government,Government,Sales Call,Low,2023-03-27,2023-05-04,25,2023-09-11,2023-09-14,3,168,88,264,120,1,Half Ballroom,1,1,13,0.0,0.0,3,80.9,168.14,169.07,38742.12,9901.07,36811.29,85454.48,0,0.0,0.0,0.0,0.0,,0.0,Client Went Direct,2023,9,3,74.7,25.3,1,85.12,143.08,228.2,228.2,144.79,2,6.0,86,88,76,0,1,3,2,16,1,0,1,Classroom,3,1,2.96,982.42,1152,2007,7783.79,1,0,0,0,50.0,1.0
L-202309-32911,Lost,State Medical Association,Awards Gala Weekend,Association,In-person,Full Package,Other,Other,RFP,Medium,2022-09-13,2022-10-21,27,2023-09-13,2023-09-14,1,365,74,74,103,1,Half Ballroom,1,1,11,1.0,42545.51,4,78.9,171.39,176.52,11145.22,2955.15,11304.09,25404.46,0,0.0,0.0,0.0,0.0,,0.0,Budget Constraints,2023,9,4,69.7,30.3,1,133.21,146.16,279.37,241.28,146.16,1,0.0,74,0,0,0,2,1,1,8,1,0,1,Classroom,3,1,2.54,1676.53,1227,0,1649.58,0,0,0,0,0.0,0.86
L-202309-84925,Lost,Education Foundation,Professional Development Symposium,Association,In-person,Full Package,Government,Government,Direct Inquiry,Medium,2022-10-20,2022-11-24,21,2023-09-14,2023-09-17,3,329,91,273,123,1,Grand Ballroom,1,0,14,0.0,0.0,4,82.1,178.0,174.87,43235.37,10194.93,30558.93,83989.23,0,0.0,0.0,0.0,0.0,,0.0,Chose Another Venue,2023,9,4,51.3,48.7,1,153.81,134.63,288.44,217.73,134.63,2,3.4,84,91,90,0,1,5,2,16,1,0,1,Classroom,3,1,2.54,1770.05,356,3770,4926.6,1,0,0,0,50.0,0.51
L-202309-85354,Lost,Energy Solutions,Quarterly Business Review,Corporate,In-person,Full Package,Healthcare,Healthcare,Sales Call,Medium,2023-05-22,2023-06-09,10,2023-09-15,2023-09-16,1,116,71,71,83,1,Half Ballroom,1,0,8,0.0,0.0,3,80.3,172.43,155.47,11306.37,3108.43,7738.64,22153.44,0,0.0,0.0,0.0,0.0,,0.0,Client Went Direct,2023,9,3,71.4,28.6,1,76.38,149.34,225.72,225.72,149.34,1,0.0,71,0,0,0,2,6,3,24,1,0,1,Theater,2,0,1.66,1744.23,1420,0,2764.53,0,0,0,0,0.0,0.69
L-202309-67065,Lost,Professional Engineers Society,Leadership Institute,Association,In-person,Full Package,Association,Association,Repeat Client,Medium,2023-04-07,2023-05-04,19,2023-09-16,2023-09-18,2,162,63,126,70,1,Half Ballroom,1,1,8,0.0,0.0,4,93.4,205.77,201.53,20992.61,4593.44,14089.05,39675.1,0,0.0,0.0,0.0,0.0,,0.0,Dates Not Available,2023,9,2,65.4,34.6,0,114.6,152.16,266.76,0.0,152.16,2,4.8,60,63,0,0,1,5,3,12,1,0,1,Classroom,3,1,2.6,1101.89,546,11675,14345.89,5,1,0,0,0.0,0.58
L-202309-93574,Lost,Retail Corporation,Strategic Planning Retreat,Corporate,In-person,Full Package,Technology,Technology,Third-Party Planner,Low,2023-07-31,2023-08-19,8,2023-09-20,2023-09-22,2,51,98,196,133,1,Grand Ballroom,1,0,11,1.0,55047.15,4,75.1,169.71,154.45,31587.21,7363.22,23609.78,62560.21,0,0.0,0.0,0.0,0.0,,0.0,Space Not Adequate,2023,9,4,69.1,30.9,1,154.83,135.54,290.37,252.46,135.54,2,12.2,86,98,0,0,1,6,3,24,1,0,1,Theater,2,0,1.62,1558.74,1487,2550,5027.81,1,0,0,0,100.0,0.55
L-202309-38885,Lost,Youth Athletics,Sports Team Tournament,SMERF,In-person,Full Package,Government,Government,Third-Party Planner,Low,2023-04-18,2023-05-17,17,2023-09-21,2023-09-22,1,156,25,25,33,1,Breakout Room,1,0,12,1.0,7654.22,2,79.9,164.64,150.1,3698.25,1466.18,1727.26,6891.69,0,0.0,0.0,0.0,0.0,,0.0,Client Went Direct,2023,9,2,58.6,41.4,0,133.67,156.38,290.05,0.0,290.05,1,0.0,25,0,0,0,1,1,1,8,0,0,1,Theater,3,1,2.95,499.46,964,0,5926.33,0,0,0,0,100.0,0.82
L-202309-94926,Lost,Social Event,Milestone Birthday Party,Wedding/Social,In-person,Full Package,Social,Social/Private,RFP,High,2022-12-02,2023-01-07,22,2023-09-22,2023-09-23,1,294,11,11,15,1,Breakout Room,1,1,14,1.0,38660.48,4,81.9,171.1,174.21,1593.72,1853.48,1967.74,5414.94,0,0.0,0.0,0.0,0.0,,0.0,Rates Too High / Client Declined,2023,9,2,57.1,42.9,1,117.98,126.94,244.92,244.92,126.94,1,0.0,11,0,0,0,1,4,2,8,0,0,1,Reception,0,0,0.11,382.56,0,5280,9745.55,5,0,0,0,100.0,0.38
L-202309-15539,Lost,Energy Solutions,Product Launch Event,Corporate,In-person,Full Package,Healthcare,Healthcare,Direct Inquiry,High,2023-06-14,2023-07-07,9,2023-09-25,2023-09-26,1,103,53,53,64,1,Half Ballroom,1,0,14,0.0,0.0,1,78.6,172.36,163.43,8628.96,3250.22,6007.61,17886.79,0,0.0,0.0,0.0,0.0,,0.0,Lost to Competition,2023,9,4,73.2,26.8,1,92.09,128.68,220.77,220.77,128.68,1,0.0,53,0,0,0,2,3,2,24,1,0,1,Theater,2,0,2.25,1562.19,281,6330,7374.99,5,1,0,1,0.0,0.53
L-202309-73813,Lost,Nursing Council,Awards Gala Weekend,Association,Hybrid,Full Package,Government,Government,RFP,Medium,2022-11-30,2023-01-09,27,2023-09-27,2023-09-29,2,301,86,172,117,1,Half Ballroom,1,1,13,1.0,70878.72,1,74.8,170.77,177.6,27449.71,5828.66,20355.45,53633.82,0,0.0,0.0,0.0,0.0,,0.0,Rates Too High / Client Declined,2023,9,3,53.3,46.7,0,29.4,131.26,160.66,0.0,132.82,2,7.0,80,86,0,0,1,6,3,24,1,0,1,Theater,1,0,1.38,1363.8,241,8700,10337.2,5,0,0,0,50.0,0.97
L-202310-26389,Lost,Nursing Council,Committee Meeting,Association,In-person,Full Package,Healthcare,Healthcare,Repeat Client,Medium,2022-12-07,2023-01-08,19,2023-10-06,2023-10-09,3,303,105,315,136,1,Grand Ballroom,1,0,13,0.0,0.0,1,82.1,173.93,168.02,52425.71,10006.73,38581.64,101014.08,0,0.0,0.0,0.0,0.0,,0.0,Chose Another Venue,2023,10,4,74.1,25.9,1,85.17,144.78,229.95,229.95,146.14,2,0.4,104,105,104,0,1,1,1,12,1,0,1,Classroom,2,0,1.77,2248.85,420,0,2273.19,0,0,0,0,50.0,0.57
L-202310-42778,Lost,Consulting Network,Customer Advisory Board,Corporate,In-person,Full Package,Finance,Finance,Referral,Medium,2023-06-23,2023-07-07,7,2023-10-07,2023-10-08,1,106,10,10,13,1,Boardroom,1,0,7,0.0,0.0,1,94.4,210.0,208.63,1547.37,1608.74,1101.72,4257.83,0,0.0,0.0,0.0,0.0,,0.0,Chose Another Venue,2023,10,3,52.4,47.6,1,30.61,140.86,171.47,171.47,140.86,1,0.0,10,0,0,0,1,1,1,8,0,1,1,Boardroom,2,0,1.99,299.06,183,1629,2562.27,3,0,0,0,100.0,0.93
L-202310-75700,Lost,Professional Services Group,Management Training,Corporate,In-person,Full Package,Trade/Manufacturing,Trade/Manufacturing,Third-Party Planner,Medium,2023-06-20,2023-07-15,14,2023-10-08,2023-10-09,1,110,8,8,10,1,Boardroom,1,0,11,0.0,0.0,1,96.3,210.0,210.51,1191.46,1322.64,800.67,3314.77,0,0.0,0.0,0.0,0.0,,0.0,Space Not Adequate,2023,10,3,59.3,40.7,1,142.71,142.28,284.99,176.8,142.28,1,0.0,8,0,0,0,1,1,1,12,0,1,1,Boardroom,2,0,2.38,255.13,298,0,2321.29,0,0,0,0,100.0,0.71
L-202310-29400,Lost,Social Event,Martinez-Garcia Wedding,Wedding/Social,In-person,Full Package,Travel,Travel/Hospitality,Third-Party Planner,Medium,2022-10-31,2022-12-09,26,2023-10-10,2023-10-11,1,344,9,9,10,1,Boardroom,1,0,13,0.0,0.0,2,82.5,179.88,188.31,1412.15,1780.55,1059.35,4252.05,0,0.0,0.0,0.0,0.0,,0.0,Budget Constraints,2023,10,2,72.3,27.7,1,86.16,143.92,230.08,230.08,143.92,1,0.0,9,0,0,0,1,6,3,12,0,1,1,Boardroom,0,0,0.14,306.46,0,0,1786.25,0,0,0,0,0.0,0.71
L-202310-84964,Lost,Nursing Council,State Convention,Association,In-person,Rooms Only,Government,Government,Cvent,Medium,2023-02-06,2023-03-02,17,2023-10-13,2023-10-15,2,249,74,148,81,0,,1,0,7,0.0,0.0,4,90.0,179.93,169.79,23110.52,0.0,0.0,23110.52,0,0.0,0.0,0.0,0.0,,0.0,Rates Too High / Client Declined,2023,10,2,51.9,48.1,0,151.3,127.27,278.57,0.0,127.27,2,6.8,69,74,0,0,0,0,0,0,0,0,0,,0,0,0.0,0.0,0,0,0.0,0,0,0,0,0.0,0.0
L-202310-80855,Lost,Pharmaceutical Partners,New Hire Orientation,Corporate,In-person,Full Package,Healthcare,Healthcare,Website,Low,2023-07-03,2023-07-24,9,2023-10-15,2023-10-17,2,104,36,72,45,1,Half Ballroom,1,1,12,1.0,12380.72,1,92.1,205.72,194.64,11849.41,4544.98,8376.52,24770.91,0,0.0,0.0,0.0,0.0,,0.0,Canceled by Client,2023,10,4,69.1,30.9,1,145.84,136.73,282.57,225.12,136.73,2,0.0,36,36,0,0,1,3,3,24,1,0,1,Classroom,1,0,0.54,1026.61,891,5745,8277.27,5,1,0,0,100.0,0.38
L-202310-93472,Lost,Private Party,Graduation Celebration,Wedding/Social,In-person,Full Package,Travel,Travel/Hospitality,Repeat Client,Low,2023-05-10,2023-06-12,24,2023-10-15,2023-10-16,1,158,5,5,5,1,Boardroom,1,0,9,1.0,22750.69,2,92.6,196.92,204.19,817.68,1791.37,628.52,3237.57,0,0.0,0.0,0.0,0.0,,0.0,Dates Not Available,2023,10,2,72.4,27.6,1,46.11,147.71,193.82,193.82,147.71,1,0.0,5,0,0,0,1,1,1,4,0,1,1,Boardroom,3,1,2.56,290.5,925,0,1738.01,0,0,0,0,100.0,0.36
L-202310-20118,Lost,Energy Solutions,Leadership Summit,Corporate,In-person,Full Package,Legal,Legal,Direct Inquiry,Medium,2023-08-11,2023-09-04,12,2023-10-19,2023-10-20,1,69,61,61,81,1,Half Ballroom,1,0,12,0.0,0.0,3,83.2,180.51,180.89,9109.53,2721.55,6016.48,17847.56,0,0.0,0.0,0.0,0.0,,0.0,Canceled by Client,2023,10,4,58.2,41.8,1,118.93,135.49,254.42,254.42,135.49,1,0.0,61,0,0,0,2,3,2,16,1,0,1,Theater,0,0,0.22,1753.39,0,0,2272.57,0,0,0,0,50.0,0.68
L-202310-34114,Lost,Personal Event,Bar/Bat Mitzvah,Wedding/Social,In-person,Full Package,Other,Other,Third-Party Planner,Low,2023-01-23,2023-02-28,29,2023-10-23,2023-10-24,1,273,26,26,32,1,Breakout Room,1,0,7,0.0,0.0,2,83.7,179.78,172.72,4140.32,3274.89,4714.81,12130.02,0,0.0,0.0,0.0,0.0,,0.0,Canceled by Client,2023,10,4,63.1,36.9,1,79.37,142.26,221.63,221.63,152.27,1,0.0,26,0,0,0,1,2,1,12,0,0,1,Banquet,3,1,2.67,466.26,401,908,2105.34,1,0,0,0,100.0,0.8
L-202310-72530,Lost,Volunteer Network,Military Reunion,SMERF,In-person,Full Package,Other,Other,Referral,Low,2023-05-30,2023-06-24,16,2023-10-23,2023-10-24,1,146,35,35,38,1,Breakout Room,1,1,9,0.0,0.0,1,82.0,174.73,176.29,5136.38,1341.27,2033.58,8511.23,0,0.0,0.0,0.0,0.0,,0.0,Client Went Direct,2023,10,3,73.7,26.3,1,146.98,144.22,291.2,180.52,144.22,1,0.0,35,0,0,0,1,5,2,8,0,0,1,Classroom,3,1,2.85,584.1,411,3915,4832.4,3,0,0,0,50.0,0.95
L-202310-78656,Lost,Education Foundation,Industry Forum,Association,In-person,Full Package,Other,Other,Third-Party Planner,Low,2023-02-18,2023-03-24,20,2023-10-23,2023-10-26,3,247,70,210,86,1,Half Ballroom,1,0,14,0.0,0.0,3,81.9,171.4,173.51,33864.49,7994.35,26249.6,68108.44,0,0.0,0.0,0.0,0.0,,0.0,Canceled by Client,2023,10,4,74.6,25.4,0,148.13,126.75,274.88,0.0,131.22,2,3.5,67,70,64,0,2,1,1,8,1,0,1,Classroom,0,0,0.16,1725.31,0,0,914.46,0,0,0,0,100.0,0.72
L-202310-36106,Lost,Cultural Journeys,Cultural Heritage Journey,Corporate,Hybrid,Full Package,Trade/Manufacturing,Trade/Manufacturing,Direct Inquiry,Medium,2023-08-11,2023-09-07,13,2023-10-24,2023-10-25,1,74,52,52,68,1,Half Ballroom,1,0,14,1.0,74224.4,3,82.6,173.98,156.67,7939.82,910.53,2336.2,11186.55,0,0.0,0.0,0.0,0.0,,0.0,Chose Another Venue,2023,10,4,70.1,29.9,1,111.08,131.54,242.62,242.62,152.83,1,0.0,52,0,0,0,1,6,3,36,1,0,1,Classroom,1,0,0.95,1102.18,163,0,1303.74,0,0,0,0,100.0,0.57
L-202310-47707,Lost,Energy Solutions,Quarterly Business Review,Corporate,In-person,Full Package,Legal,Legal,Third-Party Planner,High,2023-08-29,2023-09-20,8,2023-10-28,2023-10-30,2,60,17,34,20,1,Breakout Room,1,0,14,0.0,0.0,1,82.8,176.19,177.49,5125.12,2738.15,2835.18,10698.45,0,0.0,0.0,0.0,0.0,,0.0,Chose Another Venue,2023,10,4,68.7,31.3,1,147.5,141.71,289.21,234.99,141.71,2,11.8,15,17,0,0,1,1,1,8,0,0,1,Banquet,1,0,0.98,588.18,1469,539,2618.96,1,0,0,0,100.0,0.5
L-202311-78997,Lost,Real Estate Board,Networking Summit,Association,In-person,Full Package,Other,Other,Cvent,Low,2023-04-18,2023-05-16,18,2023-11-05,2023-11-08,3,201,39,117,48,1,Half Ballroom,1,1,10,1.0,36906.16,4,86.5,193.17,194.59,18358.37,6294.05,15338.08,39990.5,0,0.0,0.0,0.0,0.0,,0.0,Chose Another Venue,2023,11,4,52.6,47.4,1,104.03,136.76,240.79,240.79,144.81,2,9.6,30,39,33,0,1,2,1,4,1,0,1,Theater,3,1,2.72,1164.68,903,1264,3288.99,1,0,0,0,100.0,0.4
L-202311-23513,Lost,Premier Tours,Photography Expedition,Corporate,In-person,Full Package,Legal,Legal,Third-Party Planner,Low,2023-09-04,2023-09-25,7,2023-11-15,2023-11-16,1,72,49,49,65,1,Half Ballroom,1,1,14,0.0,0.0,2,71.9,161.97,161.11,7757.49,822.43,1834.78,10414.7,0,0.0,0.0,0.0,0.0,,0.0,Space Not Adequate,2023,11,3,67.0,33.0,1,27.3,141.46,168.76,168.76,141.46,1,0.0,49,0,0,0,1,1,1,12,1,0,1,Theater,1,0,1.5,1185.02,1302,3515,5882.97,5,1,0,1,50.0,0.54
L-202311-36467,Lost,Education Foundation,Annual Member Conference,Association,In-person,Full Package,Other,Other,Referral,Low,2023-05-22,2023-07-01,28,2023-11-19,2023-11-21,2,181,84,168,94,1,Half Ballroom,1,0,12,1.0,45081.42,4,83.0,192.16,190.68,26386.86,5632.38,19912.99,51932.23,0,0.0,0.0,0.0,0.0,,0.0,Lost to Competition,2023,11,3,54.3,45.7,1,163.16,129.06,292.22,184.48,129.06,2,10.7,75,84,0,0,1,7,3,24,1,0,1,Classroom,3,1,2.78,1340.77,1445,6552,12925.62,4,1,0,0,0.0,0.78
L-202311-65183,Lost,Insurance Federation,Committee Meeting,Association,In-person,Rooms Only,Education,Education,Direct Inquiry,High,2023-04-17,2023-05-18,25,2023-11-19,2023-11-21,2,216,68,136,74,0,,1,0,6,1.0,59189.66,1,85.7,200.75,209.1,21402.71,0.0,0.0,21402.71,0,0.0,0.0,0.0,0.0,,0.0,Space Not Adequate,2023,11,2,71.5,28.5,0,158.45,134.62,293.07,0.0,134.62,2,14.7,58,68,0,0,0,0,0,0,0,0,0,,0,0,0.0,0.0,0,0,0.0,0,0,0,0,0.0,0.0
L-202311-85973,Lost,Real Estate Board,Industry Forum,Association,In-person,Full Package,Government,Government,Direct Inquiry,High,2023-03-04,2023-04-03,19,2023-11-22,2023-11-24,2,263,43,86,55,1,Half Ballroom,1,0,11,0.0,0.0,2,75.7,168.39,161.46,13108.86,4131.15,8959.7,26199.71,0,0.0,0.0,0.0,0.0,,0.0,Lost to Competition,2023,11,2,70.3,29.7,1,64.73,157.56,222.29,222.29,222.29,2,11.6,38,43,0,0,1,2,1,12,1,0,1,Classroom,2,0,1.66,1307.49,863,2256,4123.97,3,0,0,0,100.0,0.46
L-202311-14145,Lost,Professional Engineers Society,Networking Summit,Association,Virtual,Full Package,Other,Other,Referral,Low,2023-03-08,2023-04-04,18,2023-11-23,2023-11-26,3,260,12,36,14,1,Boardroom,1,1,9,1.0,14291.47,3,70.6,159.22,166.43,5289.53,3717.57,4251.46,13258.56,0,0.0,0.0,0.0,0.0,,0.0,Budget Constraints,2023,11,4,55.2,44.8,1,142.03,147.1,289.13,180.45,147.1,2,38.7,4,12,1,0,1,2,3,24,0,1,1,Boardroom,1,0,1.48,295.01,799,700,3228.13,2,0,0,0,50.0,1.0
L-202311-44136,Lost,Energy Solutions,Performance Review Summit,Corporate,In-person,Rooms Only,Government,Government,Direct Inquiry,High,2023-09-08,2023-09-26,13,2023-11-24,2023-11-27,3,77,54,162,59,0,,1,1,5,0.0,0.0,2,71.2,165.73,172.96,26430.4,0.0,0.0,26430.4,0,0.0,0.0,0.0,0.0,,0.0,Budget Constraints,2023,11,3,61.6,38.4,1,136.13,143.12,279.25,186.59,143.12,2,3.8,52,54,49,0,0,0,0,0,0,0,0,,0,0,0.0,0.0,0,0,0.0,0,0,0,0,0.0,0.0
L-202311-84345,Lost,Accounting Institute,Industry Forum,Association,Virtual,Rooms Only,Healthcare,Healthcare,Third-Party Planner,Medium,2023-03-07,2023-04-07,24,2023-11-26,2023-11-29,3,264,55,165,60,0,,0,0,7,1.0,50711.67,2,71.3,166.95,162.55,25925.13,0.0,0.0,25925.13,0,0.0,0.0,0.0,0.0,,0.0,Dates Not Available,2023,11,2,51.2,48.8,1,29.5,242.77,272.27,242.77,242.77,2,6.2,53,55,47,0,0,0,0,0,0,0,0,,0,0,0.0,0.0,0,0,0.0,0,0,0,0,0.0,0.0
L-202311-64687,Lost,Financial Services Group,Strategic Planning Retreat,Corporate,Virtual,Meeting Only,Healthcare,Healthcare,Referral,Medium,2023-10-17,2023-11-08,12,2023-11-27,2023-11-28,1,41,0,0,61,1,Half Ballroom,0,0,10,1.0,68025.6,4,66.2,160.03,0.0,0.0,2695.73,5512.9,8208.63,0,0.0,0.0,0.0,0.0,,0.0,Canceled by Client,2023,11,0,0.0,0.0,0,0.0,0.0,0.0,0.0,0.0,0,0.0,0,0,0,0,1,2,1,12,1,0,1,Classroom,2,0,1.86,886.23,638,380,2213.76,1,0,0,0,100.0,0.51
L-202311-66980,Lost,Manufacturing Alliance,Management Training,Corporate,In-person,Full Package,Professional Services,Professional Services,Website,High,2023-06-23,2023-07-18,12,2023-11-30,2023-12-01,1,160,20,20,27,1,Breakout Room,1,0,13,1.0,10047.04,2,70.6,165.84,156.65,3029.88,2808.5,1855.22,7693.6,0,0.0,0.0,0.0,0.0,,0.0,Rates Too High / Client Declined,2023,11,2,72.7,27.3,1,74.52,146.71,221.23,221.23,146.71,1,0.0,20,0,0,0,1,1,1,8,0,0,1,Classroom,2,0,1.87,586.26,1318,0,3562.41,0,0,0,0,100.0,0.68
L-202312-93548,Lost,HR Professionals Network,Awards Gala Weekend,Association,Hybrid,Full Package,Association,Association,Third-Party Planner,High,2023-05-07,2023-06-05,22,2023-12-04,2023-12-05,1,211,100,100,138,1,Grand Ballroom,1,0,7,0.0,0.0,2,49.7,151.14,139.33,15811.61,3370.89,11457.29,30639.79,0,0.0,0.0,0.0,0.0,,0.0,Client Went Direct,2023,12,2,69.8,30.2,1,103.32,131.86,235.18,235.18,131.86,1,0.0,100,0,0,0,2,2,1,8,1,0,1,Theater,3,1,2.68,2671.66,402,1282,2909.04,1,0,0,0,100.0,0.57
L-202312-29014,Lost,Personal Event,Williams-Brown Wedding,Wedding/Social,In-person,Rooms Only,Travel,Travel/Hospitality,Website,High,2023-07-06,2023-08-09,27,2023-12-11,2023-12-12,1,158,29,29,31,0,,1,1,7,0.0,0.0,4,39.1,147.84,143.69,4230.46,0.0,0.0,4230.46,0,0.0,0.0,0.0,0.0,,0.0,Budget Constraints,2023,12,2,50.3,49.7,0,139.77,134.71,274.48,0.0,134.71,1,0.0,29,0,0,0,0,0,0,0,0,0,0,,0,0,0.0,0.0,0,0,0.0,0,0,0,0,0.0,0.0
L-202312-96419,Lost,Insurance Federation,Awards Gala Weekend,Association,Hybrid,Full Package,Government,Government,Cvent,High,2023-06-07,2023-07-07,19,2023-12-15,2023-12-17,2,191,33,66,39,1,Breakout Room,1,0,11,1.0,50091.36,4,41.4,138.63,139.65,10740.46,3758.3,7852.76,22351.52,0,0.0,0.0,0.0,0.0,,0.0,Dates Not Available,2023,12,3,55.2,44.8,1,134.81,150.66,285.47,168.0,150.66,2,0.0,33,33,0,0,1,1,1,8,0,0,1,Classroom,0,0,0.11,505.72,0,0,2302.09,0,0,0,0,0.0,0.97
L-202312-11554,Lost,Dental Association,Committee Meeting,Association,In-person,Full Package,Other,Other,RFP,Medium,2023-05-04,2023-06-08,23,2023-12-17,2023-12-20,3,227,76,228,104,1,Half Ballroom,1,1,12,0.0,0.0,3,48.2,145.03,145.2,34854.52,9008.08,30127.45,73990.05,0,0.0,0.0,0.0,0.0,,0.0,Budget Constraints,2023,12,4,72.8,27.2,1,95.09,134.7,229.79,229.79,134.7,2,2.7,71,76,73,0,2,1,1,8,1,0,1,Classroom,2,0,1.76,1834.35,169,515,2577.95,1,0,0,0,0.0,0.87
L-202401-81584,Lost,Senior Adventures,Museum Tour Package,SMERF,In-person,Full Package,Education,Education,Sales Call,Low,2023-07-28,2023-08-25,17,2024-01-01,2024-01-03,2,157,32,64,38,1,Breakout Room,1,1,11,0.0,0.0,1,45.6,142.42,137.64,9662.03,1377.08,3185.97,14225.08,0,0.0,0.0,0.0,0.0,,0.0,Space Not Adequate,2024,1,3,72.6,27.4,1,87.55,135.11,222.66,222.66,135.11,2,0.0,32,32,0,0,1,5,2,16,0,0,1,Theater,0,0,0.14,598.24,0,13000,14777.39,4,0,0,0,50.0,0.95
L-202401-49582,Lost,Retail Corporation,Executive Offsite,Corporate,Hybrid,Full Package,Finance,Finance,RFP,Medium,2023-11-12,2023-12-04,14,2024-01-02,2024-01-05,3,51,37,111,44,1,Half Ballroom,1,0,8,0.0,0.0,1,51.2,147.63,152.49,19114.24,8420.7,12654.48,40189.42,0,0.0,0.0,0.0,0.0,,0.0,Budget Constraints,2024,1,3,61.8,38.2,1,138.6,138.95,277.55,188.93,138.95,2,12.9,35,37,26,0,1,5,2,8,1,0,1,Classroom,3,1,2.81,1053.65,57,7490,8869.7,2,0,0,0,100.0,0.37
L-202401-68303,Lost,Retail Corporation,Product Launch Event,Corporate,In-person,Full Package,Finance,Finance,Sales Call,Medium,2023-09-12,2023-10-05,14,2024-01-03,2024-01-04,1,113,30,30,38,1,Breakout Room,1,0,9,0.0,0.0,2,45.6,151.57,149.19,4628.35,2693.53,3565.93,10887.81,0,0.0,0.0,0.0,0.0,,0.0,Client Went Direct,2024,1,4,69.7,30.3,1,125.01,141.25,266.26,230.5,141.25,1,0.0,30,0,0,0,1,5,3,24,0,0,1,Classroom,3,1,2.92,564.89,1100,9180,12040.57,4,1,0,1,0.0,0.95
L-202401-41278,Lost,Professional Engineers Society,Awards Gala Weekend,Association,In-person,Meeting Only,Government,Government,Website,High,2023-03-22,2023-04-22,26,2024-01-05,2024-01-08,3,289,0,0,39,1,Breakout Room,0,0,5,1.0,44526.65,3,46.3,158.64,0.0,0.0,6806.54,10941.15,17747.69,0,0.0,0.0,0.0,0.0,,0.0,Budget Constraints,2024,1,0,0.0,0.0,0,0.0,0.0,0.0,0.0,0.0,0,0.0,0,0,0,0,1,2,2,8,0,0,1,Theater,3,1,3.0,375.19,195,7810,9381.5,5,0,0,0,0.0,0.97
L-202401-13769,Lost,Consulting Network,New Hire Orientation,Corporate,In-person,Full Package,Finance,Finance,Third-Party Planner,Medium,2023-11-22,2023-12-15,10,2024-01-06,2024-01-07,1,45,42,42,49,1,Half Ballroom,1,1,13,0.0,0.0,4,50.4,152.38,146.89,6339.9,2787.76,3903.32,13030.98,0,0.0,0.0,0.0,0.0,,0.0,Canceled by Client,2024,1,3,69.4,30.6,0,127.15,148.39,275.54,0.0,148.68,1,0.0,42,0,0,0,1,2,3,24,1,0,1,Theater,0,0,0.28,1366.0,0,6690,7977.69,5,0,1,1,100.0,0.41
L-202401-90341,Lost,Service Club,Band Competition,SMERF,In-person,Full Package,Association,Association,Sales Call,High,2023-09-01,2023-09-25,16,2024-01-06,2024-01-08,2,127,42,84,52,1,Half Ballroom,1,0,8,1.0,5925.21,3,50.4,152.99,151.26,13598.78,2725.91,4055.18,20379.87,0,0.0,0.0,0.0,0.0,,0.0,Chose Another Venue,2024,1,4,56.0,44.0,1,100.94,129.82,230.76,230.76,129.82,2,2.4,41,42,0,0,1,1,1,8,1,0,1,Classroom,2,0,1.73,1014.28,599,0,3085.28,0,0,0,0,100.0,0.43
L-202401-69636,Lost,Nursing Council,Continuing Education Conference,Association,In-person,Full Package,Other,Other,Direct Inquiry,Low,2023-04-20,2023-05-28,27,2024-01-07,2024-01-10,3,262,83,249,100,1,Half Ballroom,1,0,11,0.0,0.0,2,49.4,147.24,144.06,41190.38,10581.05,29355.69,81127.12,0,0.0,0.0,0.0,0.0,,0.0,Canceled by Client,2024,1,2,59.1,40.9,0,26.64,133.6,160.24,0.0,133.6,2,6.0,71,83,75,0,1,5,3,36,1,0,1,Theater,3,1,2.55,1203.49,211,0,2662.71,0,0,0,0,100.0,0.83
L-202401-15250,Lost,Education Foundation,Networking Summit,Association,In-person,Full Package,Education,Education,Cvent,Medium,2023-05-17,2023-06-21,28,2024-01-14,2024-01-16,2,242,52,104,68,1,Half Ballroom,1,1,7,0.0,0.0,4,46.2,147.64,135.42,16070.33,4990.04,14516.01,35576.38,0,0.0,0.0,0.0,0.0,,0.0,Rates Too High / Client Declined,2024,1,4,73.7,26.3,1,159.7,134.07,293.77,185.38,137.76,2,3.8,50,52,0,0,1,1,1,8,1,0,1,Classroom,0,0,0.25,823.94,0,819,1622.75,3,0,0,0,100.0,0.57
L-202401-24643,Lost,Social Event,Anniversary Celebration,Wedding/Social,In-person,Full Package,Travel,Travel/Hospitality,Website,Medium,2023-01-14,2023-03-09,40,2024-01-14,2024-01-15,1,365,33,33,36,1,Breakout Room,1,1,14,1.0,11483.56,2,49.7,149.99,138.57,4935.34,3098.83,4033.45,12067.62,0,0.0,0.0,0.0,0.0,,0.0,Budget Constraints,2024,1,4,61.3,38.7,1,126.1,152.5,278.6,228.32,152.5,1,0.0,33,0,0,0,1,2,2,16,0,0,1,Banquet,2,0,1.77,388.96,1159,0,2845.14,0,0,0,0,50.0,0.9
L-202401-27759,Lost,Local School District,Youth Sports Tournament,SMERF,In-person,Meeting Only,Association,Association,Sales Call,High,2023-10-09,2023-10-28,10,2024-01-15,2024-01-16,1,98,0,0,45,1,Half Ballroom,0,0,9,1.0,18583.95,3,47.9,146.99,0.0,0.0,1355.59,1937.7,3293.29,0,0.0,0.0,0.0,0.0,,0.0,Rates Too High / Client Declined,2024,1,0,0.0,0.0,0,0.0,0.0,0.0,0.0,0.0,0,0.0,0,0,0,0,1,4,3,24,1,0,1,Theater,1,0,0.98,815.83,117,2772,3993.42,1,0,0,0,0.0,0.38
L-202401-58916,Lost,Dental Association,Board Retreat,Association,In-person,Full Package,Healthcare,Healthcare,Sales Call,Low,2023-04-04,2023-04-30,16,2024-01-23,2024-01-26,3,294,39,117,51,1,Half Ballroom,1,0,10,1.0,50139.33,1,46.8,151.65,154.65,18467.38,6428.76,11859.46,36755.6,0,0.0,0.0,0.0,0.0,,0.0,Rates Too High / Client Declined,2024,1,4,57.6,42.4,1,86.83,130.84,217.67,217.67,130.84,2,9.4,30,39,34,0,1,4,2,16,1,0,1,Classroom,1,0,1.15,1353.53,1328,7656,9972.61,3,0,0,0,100.0,0.42
L-202401-64474,Lost,Global Industries,Customer Advisory Board,Corporate,In-person,Full Package,Finance,Finance,Third-Party Planner,Medium,2023-11-27,2023-12-18,9,2024-01-24,2024-01-25,1,58,12,12,14,1,Boardroom,1,0,12,0.0,0.0,4,47.6,148.43,140.66,1810.45,1704.03,980.67,4495.15,0,0.0,0.0,0.0,0.0,,0.0,Client Went Direct,2024,1,3,53.8,46.2,1,115.57,153.94,269.51,174.22,153.94,1,0.0,12,0,0,0,1,3,3,24,0,1,1,Boardroom,2,0,2.0,356.21,889,0,1510.99,0,0,0,0,0.0,1.0
L-202401-49462,Lost,Pharmaceutical Partners,Customer Advisory Board,Corporate,In-person,Full Package,Trade/Manufacturing,Trade/Manufacturing,Third-Party Planner,Low,2023-11-14,2023-12-02,8,2024-01-27,2024-01-29,2,74,48,96,62,1,Half Ballroom,1,0,10,0.0,0.0,3,47.6,154.14,160.16,16218.33,4353.56,9843.47,30415.36,0,0.0,0.0,0.0,0.0,,0.0,Lost to Competition,2024,1,2,70.5,29.5,1,113.5,176.6,290.1,176.6,290.1,2,25.0,36,48,0,0,1,1,2,16,1,0,1,Theater,3,1,2.7,1168.15,361,209,2520.81,1,0,0,0,50.0,0.52
L-202401-21443,Lost,Private Individual,Charity Gala,Wedding/Social,In-person,Full Package,Social,Social/Private,Referral,Low,2023-04-03,2023-05-12,25,2024-01-29,2024-01-30,1,301,31,31,37,1,Breakout Room,1,0,14,1.0,72179.81,4,50.9,147.34,152.38,4790.4,3397.85,4251.8,12440.05,0,0.0,0.0,0.0,0.0,,0.0,Canceled by Client,2024,1,3,54.8,45.2,1,88.6,133.35,221.95,221.95,133.35,1,0.0,31,0,0,0,1,8,3,36,0,0,1,Banquet,1,0,0.92,526.29,1157,0,2729.98,0,0,0,0,100.0,0.93
L-202401-93435,Lost,Manufacturing Alliance,Strategic Planning Retreat,Corporate,In-person,Full Package,Finance,Finance,RFP,Medium,2023-10-31,2023-11-20,10,2024-01-31,2024-02-02,2,92,42,84,47,1,Half Ballroom,1,1,10,0.0,0.0,4,47.2,145.4,137.58,13257.96,4839.98,8132.4,26230.34,0,0.0,0.0,0.0,0.0,,0.0,Space Not Adequate,2024,1,4,66.9,33.1,1,75.55,152.68,228.23,228.23,152.68,2,19.0,34,42,0,0,1,2,1,8,1,0,1,Theater,2,0,1.53,1358.51,1088,1080,3113.92,1,0,0,0,100.0,0.39
L-202402-32298,Lost,Manufacturing Alliance,Sales Kickoff,Corporate,In-person,Full Package,Professional Services,Professional Services,Referral,High,2023-10-26,2023-11-18,14,2024-02-03,2024-02-06,3,100,25,75,28,1,Breakout Room,1,0,9,0.0,0.0,4,53.0,157.37,155.2,11902.53,7510.43,5733.0,25145.96,0,0.0,0.0,0.0,0.0,,0.0,Client Went Direct,2024,2,3,52.9,47.1,1,58.3,137.19,195.49,195.49,137.19,2,18.2,14,25,21,0,1,1,2,16,0,0,1,Theater,2,0,2.48,570.39,340,1228,4420.49,4,0,0,0,0.0,0.7
L-202402-35987,Lost,Insurance Federation,Annual Member Conference,Association,Hybrid,Rooms Only,Association,Association,Sales Call,Medium,2023-06-02,2023-06-25,19,2024-02-03,2024-02-05,2,246,89,178,97,0,,1,0,4,0.0,0.0,2,57.4,157.71,145.24,29413.38,0.0,0.0,29413.38,0,0.0,0.0,0.0,0.0,,0.0,Canceled by Client,2024,2,4,74.9,25.1,1,85.52,146.58,232.1,232.1,150.46,2,6.7,83,89,0,0,0,0,0,0,0,0,0,,0,0,0.0,0.0,0,0,0.0,0,0,0,0,0.0,0.0
L-202402-40862,Lost,Manufacturing Alliance,Performance Review Summit,Corporate,In-person,Full Package,Government,Government,Sales Call,Medium,2023-11-19,2023-12-12,13,2024-02-03,2024-02-04,1,76,65,65,75,1,Half Ballroom,1,0,10,1.0,72003.04,3,55.0,164.01,159.9,11198.69,2798.01,5947.04,19943.74,0,0.0,0.0,0.0,0.0,,0.0,Canceled by Client,2024,2,4,63.2,36.8,1,137.79,143.92,281.71,234.14,143.92,1,0.0,65,0,0,0,1,2,3,36,1,0,1,Classroom,0,0,0.46,1234.24,0,3930,6228.24,3,0,0,0,100.0,0.62
L-202402-72347,Lost,Nonprofit Foundation,Faith-Based Conference,SMERF,Hybrid,Meeting Only,Education,Education,Direct Inquiry,Medium,2023-09-18,2023-10-08,15,2024-02-07,2024-02-09,2,142,0,0,47,1,Half Ballroom,0,1,5,1.0,54041.59,4,62.0,157.95,0.0,0.0,2905.55,3470.74,6376.29,0,0.0,0.0,0.0,0.0,,0.0,Rates Too High / Client Declined,2024,2,0,0.0,0.0,0,0.0,0.0,0.0,0.0,0.0,0,0.0,0,0,0,0,1,1,1,8,1,0,1,Classroom,3,1,2.77,1326.45,937,1048,3920.44,4,0,0,0,0.0,0.39
L-202402-34975,Lost,Private Party,Memorial Service Gathering,Wedding/Social,In-person,Full Package,Social,Social/Private,Third-Party Planner,High,2023-05-11,2023-06-01,14,2024-02-08,2024-02-10,2,273,39,78,46,1,Half Ballroom,1,0,7,0.0,0.0,4,53.9,156.38,151.14,13520.51,5857.33,11508.95,30886.79,0,0.0,0.0,0.0,0.0,,0.0,Budget Constraints,2024,2,3,70.0,30.0,1,97.24,189.1,286.34,235.61,235.61,2,25.6,29,39,0,0,1,1,2,16,1,0,1,Banquet,3,1,2.61,1048.07,817,1185,2460.09,5,0,0,0,0.0,0.38
L-202402-74447,Lost,Youth Organization,Cultural Heritage Festival,SMERF,In-person,Full Package,Government,Government,Referral,Low,2023-10-23,2023-11-16,10,2024-02-09,2024-02-11,2,109,59,118,77,1,Half Ballroom,1,1,14,1.0,24560.81,1,53.7,160.99,168.57,20303.25,3281.19,7756.05,31340.49,0,0.0,0.0,0.0,0.0,,0.0,Lost to Competition,2024,2,2,54.8,45.2,1,57.91,138.65,196.56,196.56,138.65,2,0.0,59,59,0,0,1,2,1,8,1,0,1,Classroom,0,0,0.48,840.76,0,1722,3330.77,3,0,0,0,100.0,0.64
L-202402-62694,Lost,Nonprofit Foundation,Sports Team Tournament,SMERF,In-person,Full Package,Education,Education,Third-Party Planner,Low,2023-10-18,2023-11-15,14,2024-02-10,2024-02-12,2,115,30,60,38,1,Breakout Room,1,1,14,0.0,0.0,4,56.6,148.21,141.5,8943.94,2977.29,3196.09,15117.32,0,0.0,0.0,0.0,0.0,,0.0,Chose Another Venue,2024,2,3,66.3,33.7,1,105.71,125.09,230.8,230.8,125.09,2,10.0,27,30,0,0,1,3,2,16,0,0,1,Classroom,2,0,2.47,437.23,1062,6795,9213.96,3,0,0,0,100.0,0.95
L-202402-89478,Lost,Pharmaceutical Partners,Annual Sales Conference,Corporate,In-person,Full Package,Legal,Legal,Sales Call,Medium,2023-11-27,2023-12-21,13,2024-02-16,2024-02-18,2,81,45,90,49,1,Half Ballroom,1,0,11,0.0,0.0,4,56.3,159.54,153.86,15319.66,4707.35,7306.0,27333.01,0,0.0,0.0,0.0,0.0,,0.0,Client Went Direct,2024,2,2,58.3,41.7,1,69.94,154.89,224.83,224.83,154.89,2,17.8,37,45,0,0,1,1,1,8,1,0,1,Theater,0,0,0.37,840.83,0,2328,4478.06,4,0,0,0,0.0,0.41
L-202402-73680,Lost,Manufacturing Alliance,Town Hall Meeting,Corporate,In-person,Rooms Only,Healthcare,Healthcare,Cvent,High,2023-12-16,2023-12-30,9,2024-02-21,2024-02-22,1,67,61,61,67,0,,1,0,5,0.0,0.0,2,50.0,157.94,148.69,9191.8,0.0,0.0,9191.8,0,0.0,0.0,0.0,0.0,,0.0,Rates Too High / Client Declined,2024,2,4,53.6,46.4,1,64.99,130.8,195.79,195.79,142.49,1,0.0,61,0,0,0,0,0,0,0,0,0,0,,0,0,0.0,0.0,0,0,0.0,0,0,0,0,0.0,0.0
L-202402-89405,Lost,Dental Association,Board Retreat,Association,In-person,Full Package,Healthcare,Healthcare,Sales Call,Medium,2023-07-27,2023-08-22,15,2024-02-21,2024-02-23,2,209,54,108,73,1,Half Ballroom,1,0,11,1.0,47378.71,2,56.1,157.42,153.63,17180.75,5383.62,11212.56,33776.93,0,0.0,0.0,0.0,0.0,,0.0,Rates Too High / Client Declined,2024,2,4,61.6,38.4,1,127.38,147.07,274.45,219.56,147.07,2,7.4,50,54,0,0,2,1,2,16,1,0,1,Classroom,2,0,1.68,1650.75,251,1520,2249.13,4,1,0,0,0.0,0.61
L-202402-52006,Lost,Technology Innovators,Sales Kickoff,Corporate,In-person,Full Package,Technology,Technology,Direct Inquiry,High,2023-12-06,2023-12-20,7,2024-02-25,2024-02-27,2,81,55,110,60,1,Half Ballroom,1,0,7,1.0,75328.02,1,56.1,159.15,143.68,17526.94,6815.62,11094.52,35437.08,0,0.0,0.0,0.0,0.0,,0.0,Rates Too High / Client Declined,2024,2,2,63.3,36.7,0,154.65,134.46,289.11,0.0,134.46,2,1.8,54,55,0,0,1,4,2,24,1,0,1,Banquet,3,1,2.63,1005.35,1200,0,2480.75,0,0,0,0,100.0,0.5
L-202402-53160,Lost,Industry Trade Group,Regional Chapter Meeting,Association,In-person,Full Package,Other,Other,Website,Low,2023-06-07,2023-07-03,18,2024-02-25,2024-02-27,2,263,70,140,92,1,Half Ballroom,1,0,8,0.0,0.0,3,59.8,150.93,152.28,21210.28,4978.55,15394.95,41583.78,0,0.0,0.0,0.0,0.0,,0.0,Dates Not Available,2024,2,3,68.0,32.0,1,17.09,151.59,168.68,168.68,151.59,2,8.6,64,70,0,0,1,2,1,12,1,0,1,Theater,2,0,1.7,1385.56,32,1448,3408.87,4,0,0,0,0.0,0.77
L-202402-54729,Lost,Banking Consortium,Town Hall Meeting,Corporate,In-person,Full Package,Trade/Manufacturing,Trade/Manufacturing,RFP,High,2023-11-12,2023-12-03,12,2024-02-25,2024-02-27,2,105,45,90,50,1,Half Ballroom,1,0,9,1.0,58443.19,4,55.6,146.99,135.34,14032.75,5048.71,8719.02,27800.48,0,0.0,0.0,0.0,0.0,,0.0,Lost to Competition,2024,2,2,54.0,46.0,0,0.44,135.36,135.8,0.0,135.36,2,26.7,33,45,0,0,1,7,3,24,1,0,1,Theater,3,1,2.62,1318.16,827,1085,4336.59,1,0,0,0,100.0,0.42
L-202402-57636,Lost,Nonprofit Foundation,Band Competition,SMERF,In-person,Rooms Only,Education,Education,RFP,Low,2023-12-01,2023-12-25,21,2024-02-29,2024-03-02,2,90,80,160,88,0,,1,0,3,0.0,0.0,4,55.9,148.52,134.61,24027.75,0.0,0.0,24027.75,0,0.0,0.0,0.0,0.0,,0.0,Client Went Direct,2024,2,3,68.3,31.7,1,147.33,132.06,279.39,189.97,132.06,2,1.2,79,80,0,0,0,0,0,0,0,0,0,,0,0,0.0,0.0,0,0,0.0,0,0,0,0,0.0,0.0
L-202402-60283,Lost,Private Individual,Smith-Johnson Wedding,Wedding/Social,In-person,Full Package,Other,Other,Direct Inquiry,Medium,2023-05-14,2023-07-08,41,2024-02-29,2024-03-02,2,291,32,64,38,1,Breakout Room,1,1,14,1.0,12000.97,2,58.5,156.2,142.68,10888.52,5712.01,10904.67,27505.2,0,0.0,0.0,0.0,0.0,,0.0,Client Went Direct,2024,2,2,62.1,37.9,1,39.26,188.16,227.42,227.42,188.16,2,37.5,20,32,0,0,1,1,1,4,0,0,1,Banquet,2,0,2.35,547.25,24,370,1308.26,1,0,0,0,100.0,0.95
L-202403-49998,Lost,Energy Solutions,Town Hall Meeting,Corporate,In-person,Rooms Only,Healthcare,Healthcare,Direct Inquiry,Medium,2023-12-06,2023-12-24,11,2024-03-02,2024-03-03,1,87,52,52,57,0,,0,0,7,1.0,56611.2,4,66.4,157.53,156.07,7843.76,0.0,0.0,7843.76,0,0.0,0.0,0.0,0.0,,0.0,Dates Not Available,2024,3,3,57.0,43.0,1,87.88,134.82,222.7,222.7,134.82,1,0.0,52,0,0,0,0,0,0,0,0,0,0,,0,0,0.0,0.0,0,0,0.0,0,0,0,0,0.0,0.0
L-202403-64732,Lost,Global Industries,Annual Sales Conference,Corporate,In-person,Full Package,Technology,Technology,Website,Low,2023-12-03,2023-12-24,14,2024-03-03,2024-03-05,2,91,50,100,63,1,Half Ballroom,1,1,7,1.0,50361.84,3,62.7,155.4,161.57,16623.64,5501.69,8808.82,30934.15,0,0.0,0.0,0.0,0.0,,0.0,Budget Constraints,2024,3,3,70.3,29.7,1,92.27,134.95,227.22,227.22,138.61,2,12.0,44,50,0,0,1,1,1,8,1,0,1,Classroom,1,0,0.72,862.26,829,2388,4417.92,4,0,0,0,100.0,0.53
L-202403-89541,Lost,Banking Consortium,New Hire Orientation,Corporate,In-person,Meeting Only,Trade/Manufacturing,Trade/Manufacturing,Third-Party Planner,Medium,2023-12-23,2024-01-11,11,2024-03-03,2024-03-05,2,71,0,0,76,1,Half Ballroom,1,0,8,1.0,17884.68,3,64.0,155.27,0.0,0.0,5630.67,12168.31,17798.98,0,0.0,0.0,0.0,0.0,,0.0,Rates Too High / Client Declined,2024,3,0,0.0,0.0,0,0.0,0.0,0.0,0.0,0.0,0,0.0,0,0,0,0,1,8,3,12,1,0,1,Theater,1,0,0.62,1183.41,1135,2264,4685.06,1,0,0,0,100.0,0.63
L-202403-79422,Lost,HR Professionals Network,Certification Training,Association,In-person,Full Package,Association,Association,Third-Party Planner,High,2023-05-07,2023-05-31,16,2024-03-05,2024-03-07,2,303,70,140,93,1,Half Ballroom,1,0,8,0.0,0.0,1,63.0,162.01,158.04,22125.47,5981.68,18450.14,46557.29,0,0.0,0.0,0.0,0.0,,0.0,Canceled by Client,2024,3,2,56.3,43.7,1,42.43,146.17,188.6,188.6,146.17,2,2.9,68,70,0,0,1,4,2,8,1,0,1,Theater,1,0,0.69,1007.51,1439,2596,6511.19,1,0,0,0,0.0,0.78
L-202403-54433,Lost,Technology Innovators,Sales Kickoff,Corporate,In-person,Full Package,Professional Services,Professional Services,Direct Inquiry,Medium,2024-02-04,2024-02-25,11,2024-03-08,2024-03-10,2,33,23,46,25,1,Breakout Room,1,0,10,1.0,70363.42,2,76.6,189.38,172.94,7092.44,4991.56,4955.22,17039.22,0,0.0,0.0,0.0,0.0,,0.0,Budget Constraints,2024,3,3,64.5,35.5,1,81.51,149.25,230.76,230.76,149.25,2,47.8,12,23,0,0,1,5,2,16,0,0,1,Theater,1,0,0.66,547.21,279,12860,13863.48,4,1,1,1,100.0,0.62
L-202403-62286,Lost,Senior Adventures,Cultural Heritage Journey,Corporate,In-person,Rooms Only,Legal,Legal,Third-Party Planner,Medium,2023-12-13,2023-12-30,10,2024-03-08,2024-03-10,2,86,28,56,30,0,,1,1,7,0.0,0.0,1,79.6,185.93,176.08,8879.89,0.0,0.0,8879.89,0,0.0,0.0,0.0,0.0,,0.0,Rates Too High / Client Declined,2024,3,2,56.3,43.7,0,139.09,129.26,268.35,0.0,129.26,2,14.3,24,28,0,0,0,0,0,0,0,0,0,,0,0,0.0,0.0,0,0,0.0,0,0,0,0,0.0,0.0
L-202403-49748,Lost,Professional Engineers Society,Professional Development Symposium,Association,In-person,Rooms Only,Other,Other,Website,Medium,2023-07-09,2023-07-29,15,2024-03-10,2024-03-11,1,245,49,49,53,0,,1,0,5,0.0,0.0,2,79.1,184.31,183.21,8473.08,0.0,0.0,8473.08,0,0.0,0.0,0.0,0.0,,0.0,Budget Constraints,2024,3,2,54.1,45.9,0,2.57,149.01,151.58,0.0,151.58,1,0.0,49,0,0,0,0,0,0,0,0,0,0,,0,0,0.0,0.0,0,0,0.0,0,0,0,0,0.0,0.0
L-202403-26119,Lost,Education Foundation,Regional Chapter Meeting,Association,In-person,Full Package,Education,Education,Repeat Client,Medium,2023-09-12,2023-10-16,21,2024-03-11,2024-03-13,2,181,50,100,61,1,Half Ballroom,1,0,13,0.0,0.0,1,62.2,159.14,153.22,16015.66,3880.86,12283.34,32179.86,0,0.0,0.0,0.0,0.0,,0.0,Client Went Direct,2024,3,2,70.9,29.1,1,36.67,249.17,285.84,249.17,285.84,2,16.0,42,50,0,0,2,2,1,12,1,0,1,Banquet,0,0,0.37,1974.79,0,1974,3176.18,3,0,0,0,0.0,0.51
L-202403-96005,Lost,Personal Event,Milestone Birthday Party,Wedding/Social,In-person,Full Package,Social,Social/Private,Repeat Client,High,2023-09-02,2023-10-26,40,2024-03-11,2024-03-12,1,191,5,5,5,1,Boardroom,1,0,14,1.0,61677.24,2,66.5,160.74,165.05,814.13,2021.18,501.55,3336.86,0,0.0,0.0,0.0,0.0,,0.0,Canceled by Client,2024,3,4,73.2,26.8,1,138.03,142.92,280.95,190.23,142.92,1,0.0,5,0,0,0,1,1,2,8,0,1,1,Boardroom,3,1,2.79,348.5,1445,3400,7225.38,5,0,0,0,100.0,0.36
L-202403-82562,Lost,Family Celebration,Bar/Bat Mitzvah,Wedding/Social,In-person,Full Package,Social,Social/Private,RFP,Medium,2023-06-07,2023-07-13,25,2024-03-13,2024-03-15,2,280,33,66,43,1,Half Ballroom,1,1,11,0.0,0.0,1,61.0,156.34,148.71,10881.34,6868.47,12520.82,30270.63,0,0.0,0.0,0.0,0.0,,0.0,Lost to Competition,2024,3,2,68.2,31.8,1,120.27,125.1,245.37,245.37,125.1,2,12.1,29,33,0,0,1,2,2,16,1,0,1,Banquet,3,1,2.7,1179.87,1257,2532,8217.21,2,0,0,0,100.0,0.36
L-202403-42264,Lost,Accounting Institute,Awards Gala Weekend,Association,In-person,Full Package,Government,Government,Cvent,Medium,2023-09-14,2023-10-12,14,2024-03-14,2024-03-15,1,182,79,79,102,1,Half Ballroom,1,0,14,0.0,0.0,3,69.9,161.94,155.55,12269.27,2564.74,11623.32,26457.33,0,0.0,0.0,0.0,0.0,,0.0,Lost to Competition,2024,3,4,52.8,47.2,1,81.43,143.19,224.62,224.62,143.19,1,0.0,79,0,0,0,2,2,2,16,1,0,1,Classroom,0,0,0.48,1384.73,0,3798,6012.08,3,0,0,0,0.0,0.85
L-202403-26958,Lost,Social Event,Williams-Brown Wedding,Wedding/Social,In-person,Full Package,Social,Social/Private,Referral,High,2023-03-25,2023-05-03,25,2024-03-16,2024-03-17,1,357,42,42,57,1,Half Ballroom,1,0,14,0.0,0.0,2,65.2,163.64,148.31,6866.24,2796.79,5775.83,15438.86,0,0.0,0.0,0.0,0.0,,0.0,Chose Another Venue,2024,3,2,71.0,29.0,1,60.9,175.33,236.23,236.23,175.33,1,0.0,42,0,0,0,1,3,2,24,1,0,1,Banquet,2,0,2.04,1230.69,473,4398,5373.61,2,0,0,0,100.0,0.47
L-202403-47214,Lost,Banking Consortium,Regional Team Meeting,Corporate,Hybrid,Full Package,Technology,Technology,Repeat Client,Low,2024-01-05,2024-01-22,10,2024-03-17,2024-03-18,1,72,5,5,5,1,Boardroom,1,0,7,1.0,36162.68,2,64.3,158.62,162.02,865.87,1437.03,421.24,2724.14,0,0.0,0.0,0.0,0.0,,0.0,Space Not Adequate,2024,3,3,67.3,32.7,1,49.34,126.83,176.17,176.17,126.83,1,0.0,5,0,0,0,1,2,1,8,0,1,1,Boardroom,2,0,2.03,255.5,876,2310,3589.94,3,0,0,0,100.0,0.36
L-202403-68973,Lost,Local School District,Military Reunion,SMERF,Hybrid,Full Package,Association,Association,RFP,Low,2023-11-23,2023-12-18,18,2024-03-17,2024-03-19,2,115,46,92,52,1,Half Ballroom,1,1,7,1.0,76446.67,1,63.6,157.86,149.71,14305.16,3126.4,4332.11,21763.67,0,0.0,0.0,0.0,0.0,,0.0,Lost to Competition,2024,3,3,63.4,36.6,1,127.76,159.43,287.19,240.57,240.57,2,15.2,39,46,0,0,1,2,2,24,1,0,1,Theater,1,0,1.21,1273.38,810,3344,7056.39,4,0,0,0,0.0,0.43
L-202403-50481,Lost,Social Event,Memorial Service Gathering,Wedding/Social,In-person,Full Package,Social,Social/Private,Third-Party Planner,Low,2023-09-02,2023-10-03,24,2024-03-19,2024-03-20,1,199,34,34,43,1,Half Ballroom,1,0,7,0.0,0.0,4,62.4,163.7,151.3,5700.82,3000.56,6260.34,14961.72,0,0.0,0.0,0.0,0.0,,0.0,Chose Another Venue,2024,3,3,56.8,43.2,1,115.48,126.3,241.78,241.78,126.3,1,0.0,34,0,0,0,1,7,3,24,1,0,1,Reception,2,0,1.6,1347.44,508,26075,27134.19,5,1,0,0,0.0,0.36
L-202403-54453,Lost,Social Event,Retirement Party,Wedding/Social,In-person,Full Package,Social,Social/Private,Third-Party Planner,Low,2023-06-02,2023-07-19,37,2024-03-19,2024-03-20,1,291,35,35,39,1,Breakout Room,1,0,10,0.0,0.0,1,64.2,162.95,148.12,5325.18,3226.62,5008.12,13559.92,0,0.0,0.0,0.0,0.0,,0.0,Space Not Adequate,2024,3,3,57.2,42.8,0,119.94,148.67,268.61,0.0,148.67,1,0.0,35,0,0,0,1,5,2,24,0,0,1,Reception,2,0,2.22,576.12,1296,15140,19925.43,4,0,1,1,100.0,0.97
L-202403-31237,Lost,Family Celebration,Graduation Celebration,Wedding/Social,In-person,Full Package,Social,Social/Private,Cvent,Medium,2023-05-06,2023-06-03,20,2024-03-26,2024-03-27,1,325,30,30,35,1,Breakout Room,1,0,8,0.0,0.0,3,59.5,159.15,150.81,4701.54,3071.38,5055.75,12828.67,0,0.0,0.0,0.0,0.0,,0.0,Chose Another Venue,2024,3,4,63.5,36.5,1,154.79,138.35,293.14,183.16,138.35,1,0.0,30,0,0,0,1,1,1,8,0,0,1,Banquet,3,1,2.63,428.85,716,2082,3788.55,3,0,0,0,0.0,0.88
L-202403-86230,Lost,Pharmaceutical Partners,Product Launch Event,Corporate,In-person,Full Package,Healthcare,Healthcare,Cvent,Medium,2024-01-30,2024-02-24,13,2024-03-26,2024-03-27,1,56,49,49,64,1,Half Ballroom,1,0,12,0.0,0.0,1,56.6,157.19,159.69,7789.66,2754.13,6260.61,16804.4,0,0.0,0.0,0.0,0.0,,0.0,Dates Not Available,2024,3,2,74.8,25.2,1,53.94,135.94,189.88,189.88,135.94,1,0.0,49,0,0,0,2,7,3,36,1,0,1,Classroom,1,0,1.24,1649.97,564,11130,13268.93,3,0,0,0,50.0,0.53
L-202403-87660,Lost,State Medical Association,Professional Development Symposium,Association,In-person,Full Package,Education,Education,Website,Medium,2023-09-06,2023-10-03,19,2024-03-29,2024-03-31,2,205,100,200,117,1,Half Ballroom,1,0,8,0.0,0.0,4,62.6,161.93,165.03,31005.47,6235.02,18897.73,56138.22,0,0.0,0.0,0.0,0.0,,0.0,Space Not Adequate,2024,3,2,67.6,32.4,0,6.89,136.42,143.31,0.0,136.42,2,1.0,99,100,0,0,1,2,3,24,1,0,1,Theater,2,0,1.93,1064.76,1119,3678,5904.59,3,0,0,0,0.0,0.97
L-202403-95033,Lost,Faith Community,Band Competition,SMERF,In-person,Full Package,SMERF,SMERF,Website,Low,2023-12-31,2024-01-24,15,2024-03-29,2024-03-30,1,89,27,27,35,1,Breakout Room,1,0,9,0.0,0.0,1,60.5,161.92,146.5,4645.07,1563.49,1456.34,7664.9,0,0.0,0.0,0.0,0.0,,0.0,Space Not Adequate,2024,3,4,72.6,27.4,1,114.13,137.57,251.7,251.7,137.57,1,0.0,27,0,0,0,1,4,2,24,0,0,1,Classroom,2,0,1.66,365.52,907,1224,6771.18,2,0,0,0,100.0,0.88
L-202403-88852,Lost,Social Event,Smith-Johnson Wedding,Wedding/Social,In-person,Full Package,Other,Other,Referral,Low,2023-06-14,2023-07-23,29,2024-03-30,2024-03-31,1,290,13,13,14,1,Boardroom,1,0,10,0.0,0.0,4,62.2,156.17,154.51,2120.04,1930.51,1872.66,5923.21,0,0.0,0.0,0.0,0.0,,0.0,Lost to Competition,2024,3,3,65.9,34.1,0,153.59,127.12,280.71,0.0,127.12,1,0.0,13,0,0,0,1,1,2,16,0,1,1,Boardroom,3,1,2.74,252.14,583,439,1552.49,1,0,0,0,100.0,1.0
L-202404-98172,Lost,Community Church,Cultural Heritage Festival,SMERF,Virtual,Meeting Only,Other,Other,Sales Call,High,2023-11-09,2023-12-01,13,2024-04-01,2024-04-02,1,144,0,0,77,1,Half Ballroom,1,0,9,1.0,77536.75,4,79.1,163.36,0.0,0.0,2024.54,3468.99,5493.53,0,0.0,0.0,0.0,0.0,,0.0,Budget Constraints,2024,4,0,0.0,0.0,0,0.0,0.0,0.0,0.0,0.0,0,0.0,0,0,0,0,1,3,2,16,1,0,1,Banquet,2,0,2.24,942.68,1386,2265,4738.13,5,1,0,1,0.0,0.64
L-202404-36099,Lost,Energy Solutions,Innovation Workshop,Corporate,In-person,Full Package,Trade/Manufacturing,Trade/Manufacturing,RFP,Low,2024-02-16,2024-03-06,11,2024-04-02,2024-04-03,1,46,70,70,82,1,Half Ballroom,1,0,8,1.0,55965.79,4,79.7,165.77,166.26,12005.28,2628.68,8186.94,22820.9,0,0.0,0.0,0.0,0.0,,0.0,Dates Not Available,2024,4,4,71.3,28.7,1,112.61,136.71,249.32,249.32,136.71,1,0.0,70,0,0,0,2,1,1,8,1,0,1,Classroom,1,0,1.49,1602.91,21,358,899.54,1,0,0,0,50.0,0.68
L-202404-84593,Lost,Social Event,Smith-Johnson Wedding,Wedding/Social,In-person,Full Package,Travel,Travel/Hospitality,RFP,Medium,2023-04-05,2023-05-24,40,2024-04-04,2024-04-06,2,365,25,50,31,1,Breakout Room,1,1,9,0.0,0.0,2,79.7,169.61,173.41,7630.07,5750.19,8175.64,21555.9,0,0.0,0.0,0.0,0.0,,0.0,Dates Not Available,2024,4,4,63.8,36.2,0,137.22,138.5,275.72,0.0,150.42,2,0.0,25,25,0,0,1,2,2,16,0,0,1,Banquet,3,1,2.69,441.29,1120,4140,6023.95,3,0,0,0,50.0,0.78
L-202404-93724,Lost,TechCorp Solutions,Town Hall Meeting,Corporate,In-person,Full Package,Legal,Legal,Direct Inquiry,Medium,2024-02-06,2024-03-04,13,2024-04-08,2024-04-10,2,62,62,124,81,1,Half Ballroom,1,0,14,1.0,46671.64,1,73.7,168.44,153.65,20890.6,6209.32,11263.09,38363.01,0,0.0,0.0,0.0,0.0,,0.0,Budget Constraints,2024,4,2,64.9,35.1,0,25.16,125.86,151.02,0.0,125.86,2,1.6,61,62,0,0,1,2,3,24,1,0,1,Classroom,2,0,2.3,833.74,1214,494,4158.7,1,0,0,0,50.0,0.68
L-202404-79784,Lost,Industry Trade Group,State Convention,Association,In-person,Rooms Only,Healthcare,Healthcare,Repeat Client,Medium,2023-07-11,2023-08-11,27,2024-04-09,2024-04-11,2,273,102,204,112,0,,1,1,4,0.0,0.0,4,81.7,167.94,173.89,32609.6,0.0,0.0,32609.6,0,0.0,0.0,0.0,0.0,,0.0,Lost to Competition,2024,4,3,63.0,37.0,0,158.44,127.32,285.76,0.0,127.32,2,4.9,97,102,0,0,0,0,0,0,0,0,0,,0,0,0.0,0.0,0,0,0.0,0,0,0,0,0.0,0.0
L-202404-78875,Lost,Private Party,Bar/Bat Mitzvah,Wedding/Social,In-person,Full Package,Social,Social/Private,Website,Low,2023-07-25,2023-08-23,20,2024-04-11,2024-04-12,1,261,29,29,38,1,Breakout Room,1,0,9,1.0,17938.4,2,84.2,163.81,170.29,4607.73,3317.96,5426.69,13352.38,0,0.0,0.0,0.0,0.0,,0.0,Budget Constraints,2024,4,3,61.0,39.0,1,125.24,152.63,277.87,180.52,152.63,1,0.0,29,0,0,0,1,5,2,16,0,0,1,Reception,2,0,2.16,537.85,1328,2835,5380.0,1,0,0,0,100.0,0.95
L-202404-43807,Lost,Family Celebration,Martinez-Garcia Wedding,Wedding/Social,In-person,Meeting Only,Social,Social/Private,Direct Inquiry,Medium,2023-07-25,2023-09-07,39,2024-04-14,2024-04-15,1,264,0,0,145,1,Grand Ballroom,0,0,5,1.0,46252.81,1,78.9,166.4,0.0,0.0,4693.63,15929.58,20623.21,0,0.0,0.0,0.0,0.0,,0.0,Chose Another Venue,2024,4,0,0.0,0.0,0,0.0,0.0,0.0,0.0,0.0,0,0.0,0,0,0,0,2,2,2,16,1,0,1,Reception,2,0,1.67,2611.07,847,5216,7718.04,4,0,0,0,100.0,0.6
L-202404-13945,Lost,Industry Trade Group,Member Appreciation Event,Association,In-person,Full Package,Healthcare,Healthcare,Repeat Client,Low,2023-10-06,2023-11-08,23,2024-04-15,2024-04-17,2,192,84,168,95,1,Half Ballroom,1,1,10,0.0,0.0,3,78.8,166.24,159.94,26865.22,7113.85,15927.23,49906.3,0,0.0,0.0,0.0,0.0,,0.0,Canceled by Client,2024,4,2,54.6,45.4,0,128.08,165.37,293.45,0.0,165.37,2,7.1,78,84,0,0,2,4,2,8,1,0,1,Theater,2,0,1.87,1817.45,11,4984,6793.88,2,0,0,0,100.0,0.79
L-202404-29566,Lost,Technology Innovators,Regional Team Meeting,Corporate,In-person,Full Package,Other,Other,Sales Call,Medium,2023-12-12,2024-01-01,7,2024-04-16,2024-04-17,1,126,41,41,47,1,Half Ballroom,1,1,13,0.0,0.0,3,80.8,168.01,159.96,6559.46,2355.32,3252.18,12166.96,0,0.0,0.0,0.0,0.0,,0.0,Dates Not Available,2024,4,2,57.9,42.1,1,96.44,133.19,229.63,229.63,133.19,1,0.0,41,0,0,0,1,2,1,8,1,0,1,Banquet,3,1,2.87,811.03,999,2504,4764.59,4,1,0,1,0.0,0.39
L-202404-54650,Lost,Insurance Federation,Leadership Institute,Association,Hybrid,Full Package,Other,Other,Third-Party Planner,Medium,2023-11-20,2023-12-21,19,2024-04-24,2024-04-25,1,156,77,77,91,1,Half Ballroom,1,0,12,0.0,0.0,2,77.4,164.45,156.26,12292.47,3008.69,8220.87,23522.03,0,0.0,0.0,0.0,0.0,,0.0,Dates Not Available,2024,4,3,68.0,32.0,1,83.68,135.14,218.82,218.82,135.14,1,0.0,77,0,0,0,2,3,2,16,1,0,1,Theater,3,1,2.99,1663.28,632,3240,5458.64,5,0,0,0,0.0,0.76
L-202404-81188,Lost,Veterans Group,Sports Team Tournament,SMERF,In-person,Full Package,Association,Association,Website,Low,2024-01-17,2024-02-11,12,2024-04-28,2024-04-29,1,102,49,49,54,1,Half Ballroom,1,0,13,1.0,50765.66,4,78.5,166.24,158.27,7392.71,1382.48,2866.7,11641.89,0,0.0,0.0,0.0,0.0,,0.0,Space Not Adequate,2024,4,4,66.9,33.1,0,149.19,141.48,290.67,0.0,141.48,1,0.0,49,0,0,0,1,2,1,4,1,0,1,Theater,3,1,2.61,927.99,653,6160,8632.26,5,1,0,1,0.0,0.45
L-202405-50600,Lost,Nursing Council,Regional Chapter Meeting,Association,Hybrid,Full Package,Healthcare,Healthcare,Website,Low,2023-07-29,2023-09-01,21,2024-05-05,2024-05-07,2,281,45,90,60,1,Half Ballroom,1,0,13,0.0,0.0,2,84.2,173.59,157.21,15494.31,4581.37,12776.33,32852.01,0,0.0,0.0,0.0,0.0,,0.0,Budget Constraints,2024,5,2,73.0,27.0,1,73.9,148.23,222.13,222.13,148.23,2,11.1,40,45,0,0,1,2,1,12,1,0,1,Banquet,2,0,1.89,1286.31,642,0,4859.41,0,0,0,0,100.0,0.5
L-202405-25162,Lost,Manufacturing Alliance,Leadership Summit,Corporate,In-person,Full Package,Government,Government,Direct Inquiry,Medium,2024-01-31,2024-02-19,11,2024-05-06,2024-05-07,1,96,37,37,48,1,Half Ballroom,1,0,8,1.0,67057.79,3,81.5,167.42,157.78,5556.75,2480.84,3280.27,11317.86,0,0.0,0.0,0.0,0.0,,0.0,Dates Not Available,2024,5,3,71.5,28.5,1,126.75,144.53,271.28,180.04,144.53,1,0.0,37,0,0,0,1,5,3,24,1,0,1,Banquet,1,0,1.48,1398.56,1122,0,1588.98,0,0,0,0,50.0,0.4
L-202405-88625,Lost,Personal Event,Martinez-Garcia Wedding,Wedding/Social,In-person,Full Package,Social,Social/Private,RFP,Low,2023-08-17,2023-09-19,23,2024-05-09,2024-05-10,1,266,40,40,55,1,Half Ballroom,1,0,10,0.0,0.0,3,80.4,172.24,164.36,6025.14,2822.76,7255.12,16103.02,0,0.0,0.0,0.0,0.0,,0.0,Client Went Direct,2024,5,4,65.5,34.5,1,67.05,129.22,196.27,196.27,129.22,1,0.0,40,0,0,0,1,6,3,36,1,0,1,Banquet,2,0,1.76,870.8,660,8244,10582.09,3,0,0,0,100.0,0.46
L-202405-20665,Lost,Social Event,Retirement Party,Wedding/Social,In-person,Full Package,Social,Social/Private,Cvent,Low,2023-07-15,2023-08-09,17,2024-05-13,2024-05-14,1,303,28,28,34,1,Breakout Room,1,1,8,1.0,73410.28,1,77.6,171.99,176.09,4424.05,2931.93,4614.98,11970.96,0,0.0,0.0,0.0,0.0,,0.0,Budget Constraints,2024,5,4,62.1,37.9,1,131.12,140.92,272.04,231.39,146.29,1,0.0,28,0,0,0,1,3,2,16,0,0,1,Banquet,2,0,1.88,481.37,822,9210,12057.18,5,0,0,0,100.0,0.85
L-202405-26315,Lost,Senior Adventures,Museum Tour Package,SMERF,Hybrid,Rooms Only,SMERF,SMERF,Direct Inquiry,Medium,2024-02-02,2024-02-27,20,2024-05-14,2024-05-15,1,102,34,34,37,0,,0,0,5,0.0,0.0,2,80.4,169.73,169.4,5434.99,0.0,0.0,5434.99,0,0.0,0.0,0.0,0.0,,0.0,Canceled by Client,2024,5,4,66.8,33.2,1,144.77,135.51,280.28,216.23,135.51,1,0.0,34,0,0,0,0,0,0,0,0,0,0,,0,0,0.0,0.0,0,0,0.0,0,0,0,0,0.0,0.0
L-202405-82459,Lost,Industry Trade Group,Regional Chapter Meeting,Association,Hybrid,Full Package,Association,Association,Direct Inquiry,Medium,2023-09-28,2023-10-19,14,2024-05-14,2024-05-16,2,229,49,98,68,1,Half Ballroom,1,0,7,1.0,47698.54,3,82.6,162.29,168.24,14809.44,5020.55,10449.6,30279.59,0,0.0,0.0,0.0,0.0,,0.0,Chose Another Venue,2024,5,2,64.2,35.8,1,87.89,143.36,231.25,231.25,231.25,2,14.3,42,49,0,0,2,5,2,8,1,0,1,Classroom,2,0,2.47,1903.6,926,0,2198.36,0,0,0,0,0.0,0.57
L-202405-89216,Lost,Family Celebration,Bar/Bat Mitzvah,Wedding/Social,In-person,Full Package,Social,Social/Private,RFP,Low,2023-09-23,2023-11-06,32,2024-05-16,2024-05-17,1,236,33,33,39,1,Breakout Room,1,0,12,0.0,0.0,4,76.5,169.74,158.27,5050.53,3103.89,4691.14,12845.56,0,0.0,0.0,0.0,0.0,,0.0,Lost to Competition,2024,5,4,62.8,37.2,1,145.05,143.79,288.84,219.55,143.79,1,0.0,33,0,0,0,1,4,2,16,0,0,1,Reception,0,0,0.25,378.76,0,11568,13113.21,4,0,1,1,100.0,0.97
L-202405-28383,Lost,Insurance Federation,Regional Chapter Meeting,Association,Virtual,Full Package,Government,Government,Referral,Medium,2023-09-07,2023-10-01,14,2024-05-23,2024-05-25,2,259,52,104,69,1,Half Ballroom,1,0,10,0.0,0.0,3,79.9,170.59,163.31,17943.83,4897.55,12256.34,35097.72,0,0.0,0.0,0.0,0.0,,0.0,Canceled by Client,2024,5,4,70.4,29.6,1,139.81,140.04,279.85,226.12,141.15,2,1.9,51,52,0,0,2,1,1,4,1,0,1,Theater,3,1,2.89,1385.4,345,888,2437.17,4,1,0,1,0.0,0.57
L-202405-14501,Lost,Dental Association,Networking Summit,Association,In-person,Full Package,Government,Government,Sales Call,Medium,2023-09-11,2023-10-18,24,2024-05-24,2024-05-26,2,256,62,124,73,1,Half Ballroom,1,0,13,0.0,0.0,1,81.8,166.41,151.01,19536.89,4571.85,15284.37,39393.11,0,0.0,0.0,0.0,0.0,,0.0,Chose Another Venue,2024,5,3,60.8,39.2,1,116.43,136.5,252.93,252.93,136.5,2,8.1,57,62,0,0,2,4,2,24,1,0,1,Banquet,2,0,2.03,1696.85,45,0,1395.14,0,0,0,0,100.0,0.61
L-202405-61262,Lost,Education Foundation,Annual Member Conference,Association,Hybrid,Full Package,Education,Education,Sales Call,Low,2023-09-22,2023-10-16,17,2024-05-28,2024-05-30,2,249,15,30,20,1,Breakout Room,1,0,7,1.0,46797.45,4,83.4,171.75,160.04,4734.15,2843.0,3860.29,11437.44,0,0.0,0.0,0.0,0.0,,0.0,Canceled by Client,2024,5,2,63.3,36.7,1,37.9,143.61,181.51,181.51,143.61,2,60.0,6,15,0,0,1,2,2,16,0,0,1,Classroom,2,0,1.79,531.86,1399,4392,8090.08,4,0,1,0,100.0,0.5
L-202405-33464,Lost,Financial Services Group,Town Hall Meeting,Corporate,Hybrid,Full Package,Technology,Technology,Repeat Client,Medium,2024-04-11,2024-05-03,10,2024-05-30,2024-05-31,1,49,21,21,27,1,Breakout Room,1,0,12,1.0,30715.69,3,78.0,171.47,164.61,3152.99,2785.94,1907.49,7846.42,0,0.0,0.0,0.0,0.0,,0.0,Space Not Adequate,2024,5,2,69.8,30.2,1,3.99,165.67,169.66,169.66,169.66,1,0.0,21,0,0,0,1,2,2,24,0,0,1,Classroom,3,1,2.94,371.37,1088,1296,2919.21,4,0,0,0,100.0,0.68
L-202406-10905,Lost,Education Foundation,Awards Gala Weekend,Association,In-person,Meeting Only,Other,Other,Sales Call,Low,2023-06-11,2023-07-16,26,2024-06-04,2024-06-07,3,359,0,0,123,1,Grand Ballroom,1,1,9,0.0,0.0,1,72.5,170.3,0.0,0.0,9934.23,40923.51,50857.74,0,0.0,0.0,0.0,0.0,,0.0,Space Not Adequate,2024,6,0,0.0,0.0,0,0.0,0.0,0.0,0.0,0.0,0,0.0,0,0,0,0,2,1,2,16,1,0,1,Classroom,0,0,0.07,2085.48,0,1058,2263.24,2,0,0,0,100.0,0.51
L-202406-22280,Lost,Nursing Council,State Convention,Association,In-person,Full Package,Association,Association,Website,Low,2023-10-06,2023-11-11,24,2024-06-05,2024-06-08,3,243,32,96,36,1,Breakout Room,1,0,12,0.0,0.0,3,71.8,160.85,158.91,15321.79,7265.51,9295.42,31882.72,0,0.0,0.0,0.0,0.0,,0.0,Canceled by Client,2024,6,2,73.1,26.9,1,95.52,140.1,235.62,235.62,140.1,2,15.5,21,32,22,0,1,1,2,16,0,0,1,Classroom,3,1,2.92,495.05,1078,0,2265.09,0,0,0,0,50.0,0.9
L-202406-96661,Lost,Youth Organization,Volunteer Training,SMERF,In-person,Full Package,Government,Government,Third-Party Planner,Low,2024-04-17,2024-05-08,13,2024-06-08,2024-06-10,2,52,40,80,52,1,Half Ballroom,1,0,8,0.0,0.0,2,72.4,163.71,161.3,12670.79,2835.22,4618.95,20124.96,0,0.0,0.0,0.0,0.0,,0.0,Rates Too High / Client Declined,2024,6,2,58.2,41.8,0,35.66,125.49,161.15,0.0,125.49,2,20.0,32,40,0,0,1,4,2,16,1,0,1,Theater,3,1,2.58,1265.02,1493,6480,9565.1,3,0,0,0,100.0,0.43
L-202406-64797,Lost,Dental Association,Regional Chapter Meeting,Association,Hybrid,Rooms Only,Education,Education,Direct Inquiry,Low,2023-12-30,2024-01-22,17,2024-06-09,2024-06-11,2,162,63,126,69,0,,1,1,6,0.0,0.0,1,66.1,160.95,152.46,20000.2,0.0,0.0,20000.2,0,0.0,0.0,0.0,0.0,,0.0,Lost to Competition,2024,6,3,53.9,46.1,0,139.93,143.33,283.26,0.0,143.33,2,3.2,61,63,0,0,0,0,0,0,0,0,0,,0,0,0.0,0.0,0,0,0.0,0,0,0,0,0.0,0.0
L-202406-48844,Lost,Consulting Network,Customer Advisory Board,Corporate,In-person,Full Package,Healthcare,Healthcare,Direct Inquiry,Low,2024-02-14,2024-03-03,9,2024-06-10,2024-06-12,2,117,36,72,45,1,Half Ballroom,1,0,9,0.0,0.0,2,64.3,166.88,171.65,10956.52,4296.6,9017.52,24270.64,0,0.0,0.0,0.0,0.0,,0.0,Canceled by Client,2024,6,3,74.8,25.2,0,157.25,131.41,288.66,0.0,131.41,2,27.8,26,36,0,0,1,2,3,24,1,0,1,Classroom,2,0,2.06,1024.11,862,2696,4432.29,4,1,1,1,0.0,0.38
L-202406-48652,Lost,Manufacturing Alliance,Customer Advisory Board,Corporate,In-person,Full Package,Finance,Finance,Repeat Client,Low,2024-05-15,2024-06-04,11,2024-06-14,2024-06-15,1,30,56,56,78,1,Half Ballroom,1,0,9,1.0,50322.81,4,65.4,161.96,156.58,9457.29,2801.71,5811.91,18070.91,0,0.0,0.0,0.0,0.0,,0.0,Rates Too High / Client Declined,2024,6,2,63.9,36.1,0,118.79,148.93,267.72,0.0,267.72,1,0.0,56,0,0,0,2,1,1,12,1,0,1,Classroom,2,0,1.8,1792.92,596,591,3079.83,1,0,0,0,100.0,0.65
L-202406-96266,Lost,Tour Operator Network,Wine Country Excursion,SMERF,In-person,Rooms Only,Education,Education,Cvent,High,2024-02-04,2024-02-26,16,2024-06-14,2024-06-15,1,131,50,50,55,0,,0,1,6,1.0,17904.66,1,74.3,157.83,148.55,8121.22,0.0,0.0,8121.22,0,0.0,0.0,0.0,0.0,,0.0,Dates Not Available,2024,6,2,62.5,37.5,1,57.27,186.49,243.76,243.76,186.49,1,0.0,50,0,0,0,0,0,0,0,0,0,0,,0,0,0.0,0.0,0,0,0.0,0,0,0,0,0.0,0.0
L-202406-62757,Lost,Nursing Council,Regional Chapter Meeting,Association,In-person,Rooms Only,Healthcare,Healthcare,Sales Call,Low,2023-09-15,2023-10-17,27,2024-06-15,2024-06-18,3,274,39,117,42,0,,1,0,5,0.0,0.0,2,72.7,169.78,159.07,19528.76,0.0,0.0,19528.76,0,0.0,0.0,0.0,0.0,,0.0,Canceled by Client,2024,6,2,69.7,30.3,1,41.2,241.22,282.42,241.22,282.42,2,9.6,30,39,36,0,0,0,0,0,0,0,0,,0,0,0.0,0.0,0,0,0.0,0,0,0,0,0.0,0.0
L-202406-54353,Lost,Premier Tours,Historic Sites Tour,SMERF,In-person,Rooms Only,Association,Association,Website,Low,2024-02-11,2024-03-09,20,2024-06-18,2024-06-20,2,128,26,52,28,0,,0,0,7,0.0,0.0,4,68.1,165.81,150.44,8609.22,0.0,0.0,8609.22,0,0.0,0.0,0.0,0.0,,0.0,Dates Not Available,2024,6,4,63.7,36.3,1,107.26,141.21,248.47,248.47,141.21,2,11.5,23,26,0,0,0,0,0,0,0,0,0,,0,0,0.0,0.0,0,0,0.0,0,0,0,0,0.0,0.0
L-202407-85823,Lost,State Medical Association,Member Appreciation Event,Association,Hybrid,Full Package,Other,Other,RFP,Medium,2023-09-08,2023-10-11,20,2024-07-03,2024-07-04,1,299,5,5,5,1,Boardroom,1,0,13,0.0,0.0,4,68.2,158.39,166.15,838.55,1512.03,559.7,2910.28,0,0.0,0.0,0.0,0.0,,0.0,Lost to Competition,2024,7,4,63.8,36.2,1,141.5,130.07,271.57,240.84,138.29,1,0.0,5,0,0,0,1,2,1,4,0,1,1,Boardroom,2,0,2.32,325.3,1053,1554,6935.35,1,0,0,0,100.0,0.36
L-202407-48097,Lost,Heritage Travel,Historic Sites Tour,SMERF,In-person,Rooms Only,Association,Association,Direct Inquiry,Low,2024-04-17,2024-05-10,20,2024-07-05,2024-07-06,1,79,21,21,23,0,,0,0,3,1.0,8853.52,4,69.5,154.22,143.96,3343.3,0.0,0.0,3343.3,0,0.0,0.0,0.0,0.0,,0.0,Canceled by Client,2024,7,4,50.7,49.3,1,93.36,127.08,220.44,220.44,141.86,1,0.0,21,0,0,0,0,0,0,0,0,0,0,,0,0,0.0,0.0,0,0,0.0,0,0,0,0,0.0,0.0
L-202407-44668,Lost,Industry Trade Group,Leadership Institute,Association,Hybrid,Full Package,Association,Association,Cvent,Low,2023-12-30,2024-01-28,19,2024-07-09,2024-07-11,2,192,57,114,77,1,Half Ballroom,1,1,10,0.0,0.0,4,66.8,165.2,171.85,17726.22,5216.8,12836.05,35779.07,0,0.0,0.0,0.0,0.0,,0.0,Client Went Direct,2024,7,4,62.3,37.7,1,124.66,142.36,267.02,168.85,142.36,2,10.5,51,57,0,0,2,2,1,8,1,0,1,Classroom,0,0,0.25,1898.54,0,1578,3516.03,1,0,0,0,50.0,0.64
L-202407-12122,Lost,Professional Services Group,Quarterly Business Review,Corporate,In-person,Meeting Only,Finance,Finance,RFP,High,2024-04-09,2024-04-27,13,2024-07-12,2024-07-14,2,94,0,0,139,1,Grand Ballroom,1,0,5,0.0,0.0,4,60.3,155.38,0.0,0.0,6768.27,28234.07,35002.34,0,0.0,0.0,0.0,0.0,,0.0,Space Not Adequate,2024,7,0,0.0,0.0,0,0.0,0.0,0.0,0.0,0.0,0,0.0,0,0,0,0,1,4,2,16,1,0,1,Theater,3,1,2.59,2491.16,955,5208,6724.63,3,0,0,0,0.0,0.58
L-202407-77800,Lost,Cultural Journeys,Bird Watching Tour,Corporate,Virtual,Rooms Only,Other,Other,Direct Inquiry,Medium,2024-03-31,2024-04-17,14,2024-07-13,2024-07-14,1,104,22,22,24,0,,1,0,3,0.0,0.0,3,66.8,152.09,158.14,3506.38,0.0,0.0,3506.38,0,0.0,0.0,0.0,0.0,,0.0,Client Went Direct,2024,7,4,64.9,35.1,1,60.89,154.47,215.36,215.36,154.47,1,0.0,22,0,0,0,0,0,0,0,0,0,0,,0,0,0.0,0.0,0,0,0.0,0,0,0,0,0.0,0.0
L-202407-45628,Lost,Nonprofit Foundation,Fraternity/Sorority Reunion,SMERF,In-person,Full Package,Education,Education,Sales Call,Low,2024-03-15,2024-04-19,21,2024-07-14,2024-07-16,2,121,11,22,13,1,Boardroom,1,0,14,0.0,0.0,3,63.6,160.84,162.9,3575.94,1792.66,1172.31,6540.91,0,0.0,0.0,0.0,0.0,,0.0,Canceled by Client,2024,7,4,52.0,48.0,1,97.68,137.81,235.49,235.49,137.81,2,0.0,11,11,0,0,1,1,1,8,0,1,1,Boardroom,0,0,0.02,283.5,0,1600,2735.38,4,0,0,0,0.0,0.93
L-202407-99205,Lost,Senior Adventures,Wine Country Excursion,Corporate,In-person,Rooms Only,Finance,Finance,Third-Party Planner,Low,2024-05-02,2024-05-21,12,2024-07-14,2024-07-15,1,73,21,21,23,0,,1,0,7,0.0,0.0,4,68.7,158.22,148.81,3566.26,0.0,0.0,3566.26,0,0.0,0.0,0.0,0.0,,0.0,Budget Constraints,2024,7,3,68.3,31.7,1,45.01,143.21,188.22,188.22,143.21,1,0.0,21,0,0,0,0,0,0,0,0,0,0,,0,0,0.0,0.0,0,0,0.0,0,0,0,0,0.0,0.0
L-202407-67939,Lost,Consulting Network,Town Hall Meeting,Corporate,In-person,Meeting Only,Healthcare,Healthcare,Referral,Low,2024-05-08,2024-05-24,9,2024-07-16,2024-07-18,2,69,0,0,145,1,Grand Ballroom,0,0,7,0.0,0.0,4,64.4,157.64,0.0,0.0,7509.16,25092.53,32601.69,0,0.0,0.0,0.0,0.0,,0.0,Chose Another Venue,2024,7,0,0.0,0.0,0,0.0,0.0,0.0,0.0,0.0,0,0.0,0,0,0,0,1,2,3,24,1,0,1,Theater,2,0,2.44,2023.43,1472,1208,4539.34,2,0,0,0,100.0,0.6
L-202407-73413,Lost,Energy Solutions,Sales Kickoff,Corporate,Hybrid,Full Package,Government,Government,Website,High,2024-05-28,2024-06-20,12,2024-07-19,2024-07-20,1,52,50,50,55,1,Half Ballroom,1,0,11,1.0,79929.46,3,62.4,162.08,167.88,8613.76,2809.19,5509.16,16932.11,0,0.0,0.0,0.0,0.0,,0.0,Chose Another Venue,2024,7,4,54.2,45.8,1,100.32,140.32,240.64,240.64,146.57,1,0.0,50,0,0,0,1,1,1,12,1,0,1,Banquet,2,0,2.14,1201.18,318,2630,4673.4,5,0,0,0,0.0,0.46
L-202407-56939,Lost,Education Foundation,State Convention,Association,Virtual,Rooms Only,Education,Education,Sales Call,Medium,2023-07-22,2023-08-13,19,2024-07-21,2024-07-24,3,365,24,72,26,0,,0,0,3,0.0,0.0,1,68.0,156.0,156.82,11403.28,0.0,0.0,11403.28,0,0.0,0.0,0.0,0.0,,0.0,Dates Not Available,2024,7,3,68.4,31.6,1,141.84,132.11,273.95,178.31,132.11,2,15.3,15,24,19,0,0,0,0,0,0,0,0,,0,0,0.0,0.0,0,0,0.0,0,0,0,0,0.0,0.0
L-202407-24733,Lost,Industry Trade Group,Educational Seminar Series,Association,In-person,Full Package,Other,Other,Direct Inquiry,Medium,2023-11-30,2024-01-03,20,2024-07-22,2024-07-24,2,235,70,140,80,1,Half Ballroom,1,0,14,0.0,0.0,2,66.9,161.58,148.23,23496.08,5173.5,15103.84,43773.42,0,0.0,0.0,0.0,0.0,,0.0,Chose Another Venue,2024,7,4,73.4,26.6,1,141.66,138.21,279.87,215.12,138.21,2,2.9,68,70,0,0,1,4,3,24,1,0,1,Classroom,2,0,1.92,1164.71,1311,12256,14813.81,4,0,0,0,0.0,0.67
L-202407-34127,Lost,Technology Innovators,New Hire Orientation,Corporate,In-person,Full Package,Professional Services,Professional Services,Third-Party Planner,Low,2024-05-18,2024-06-06,10,2024-07-22,2024-07-24,2,65,32,64,36,1,Breakout Room,1,0,9,1.0,46228.2,2,65.2,159.73,160.45,10133.0,5290.8,6093.86,21517.66,0,0.0,0.0,0.0,0.0,,0.0,Client Went Direct,2024,7,3,53.3,46.7,1,130.03,162.72,292.75,195.9,195.9,2,25.0,24,32,0,0,1,6,3,24,0,0,1,Theater,3,1,2.7,537.11,653,13536,16393.94,4,0,0,0,0.0,0.9
L-202407-59559,Lost,Personal Event,Anniversary Celebration,Wedding/Social,In-person,Rooms Only,Social,Social/Private,Cvent,Low,2024-01-10,2024-02-07,22,2024-07-24,2024-07-26,2,196,40,80,44,0,,1,0,6,0.0,0.0,4,64.5,165.9,170.35,11875.91,0.0,0.0,11875.91,0,0.0,0.0,0.0,0.0,,0.0,Rates Too High / Client Declined,2024,7,3,60.0,40.0,1,35.21,150.33,185.54,185.54,150.33,2,5.0,38,40,0,0,0,0,0,0,0,0,0,,0,0,0.0,0.0,0,0,0.0,0,0,0,0,0.0,0.0
L-202407-29482,Lost,Private Individual,Baby Shower Weekend,Wedding/Social,In-person,Full Package,Social,Social/Private,Sales Call,Low,2024-01-27,2024-03-20,39,2024-07-28,2024-07-29,1,183,29,29,34,1,Breakout Room,1,0,14,0.0,0.0,3,64.8,156.76,143.55,4316.54,2770.27,4898.53,11985.34,0,0.0,0.0,0.0,0.0,,0.0,Client Went Direct,2024,7,3,53.4,46.6,0,142.82,151.12,293.94,0.0,151.12,1,0.0,29,0,0,0,1,1,1,4,0,0,1,Banquet,2,0,1.53,428.88,883,1020,2394.0,5,0,1,1,0.0,0.85
L-202408-34514,Lost,Global Industries,Board of Directors Meeting,Corporate,Hybrid,Full Package,Professional Services,Professional Services,Repeat Client,Medium,2024-05-05,2024-05-28,9,2024-08-01,2024-08-02,1,88,55,55,60,1,Half Ballroom,1,1,14,1.0,57364.36,2,75.0,167.81,172.71,8733.76,3170.58,4781.72,16686.06,0,0.0,0.0,0.0,0.0,,0.0,Budget Constraints,2024,8,4,64.0,36.0,1,122.75,126.68,249.43,249.43,126.68,1,0.0,55,0,0,0,1,1,2,8,1,0,1,Classroom,0,0,0.46,815.59,0,1152,1644.35,2,0,0,0,100.0,0.5
L-202408-56494,Lost,Professional Services Group,Performance Review Summit,Corporate,In-person,Full Package,Healthcare,Healthcare,Third-Party Planner,High,2024-05-09,2024-05-23,7,2024-08-02,2024-08-04,2,85,70,140,86,1,Half Ballroom,1,1,7,1.0,33008.1,3,70.7,156.89,164.35,24163.64,5213.87,15222.43,44599.94,0,0.0,0.0,0.0,0.0,,0.0,Budget Constraints,2024,8,2,56.4,43.6,1,47.45,149.8,197.25,197.25,149.8,2,8.6,64,70,0,0,2,1,1,12,1,0,1,Theater,2,0,2.46,1461.45,897,1110,4154.26,3,0,0,0,100.0,0.72
L-202408-61466,Lost,Insurance Federation,Networking Summit,Association,In-person,Full Package,Healthcare,Healthcare,Website,Medium,2023-11-26,2023-12-31,24,2024-08-02,2024-08-03,1,250,52,52,63,1,Half Ballroom,1,0,11,1.0,21217.87,1,73.5,166.84,164.14,7903.83,2642.83,6707.13,17253.79,0,0.0,0.0,0.0,0.0,,0.0,Rates Too High / Client Declined,2024,8,4,67.7,32.3,1,127.88,142.04,269.92,172.47,142.04,1,0.0,52,0,0,0,1,1,1,4,1,0,1,Classroom,1,0,1.32,1184.16,139,2900,4544.94,5,0,1,1,50.0,0.53
L-202408-12043,Lost,Real Estate Board,Educational Seminar Series,Association,In-person,Full Package,Education,Education,Website,High,2024-02-12,2024-03-07,14,2024-08-03,2024-08-04,1,173,32,32,35,1,Breakout Room,1,1,10,1.0,75990.98,3,75.2,165.61,157.03,5112.14,2435.44,3915.65,11463.23,0,0.0,0.0,0.0,0.0,,0.0,Space Not Adequate,2024,8,2,73.8,26.2,0,127.6,149.48,277.08,0.0,149.48,1,0.0,32,0,0,0,1,2,1,8,0,0,1,Classroom,1,0,0.82,576.23,1379,7440,11012.91,5,1,1,1,100.0,0.88
L-202408-90636,Lost,State Medical Association,Awards Gala Weekend,Association,In-person,Rooms Only,Association,Association,Sales Call,Medium,2023-11-23,2023-12-16,19,2024-08-03,2024-08-07,4,254,113,452,124,0,,1,1,4,0.0,0.0,2,69.2,163.16,169.3,77287.56,0.0,0.0,77287.56,0,0.0,0.0,0.0,0.0,,0.0,Dates Not Available,2024,8,3,64.2,35.8,1,129.51,141.51,271.02,181.4,181.4,2,2.3,107,113,111,107,0,0,0,0,0,0,0,,0,0,0.0,0.0,0,0,0.0,0,0,0,0,0.0,0.0
L-202408-75461,Lost,Regional Healthcare System,Board of Directors Meeting,Corporate,In-person,Rooms Only,Healthcare,Healthcare,Third-Party Planner,High,2024-04-05,2024-04-25,13,2024-08-04,2024-08-06,2,121,48,96,52,0,,0,0,7,0.0,0.0,4,69.5,168.69,162.58,14762.89,0.0,0.0,14762.89,0,0.0,0.0,0.0,0.0,,0.0,Lost to Competition,2024,8,3,67.7,32.3,1,137.99,140.62,278.61,193.2,140.62,2,25.0,36,48,0,0,0,0,0,0,0,0,0,,0,0,0.0,0.0,0,0,0.0,0,0,0,0,0.0,0.0
L-202408-38869,Lost,Insurance Federation,Policy Symposium,Association,In-person,Meeting Only,Healthcare,Healthcare,Repeat Client,Medium,2024-01-30,2024-02-24,20,2024-08-05,2024-08-07,2,188,0,0,70,1,Half Ballroom,0,1,5,0.0,0.0,4,66.8,161.35,0.0,0.0,5209.51,10803.99,16013.5,0,0.0,0.0,0.0,0.0,,0.0,Budget Constraints,2024,8,0,0.0,0.0,0,0.0,0.0,0.0,0.0,0.0,0,0.0,0,0,0,0,2,2,1,8,1,0,1,Banquet,2,0,1.77,1689.73,845,3000,4830.11,2,0,0,0,100.0,0.58
L-202408-87182,Lost,HR Professionals Network,Leadership Institute,Association,Virtual,Full Package,Government,Government,RFP,Low,2024-01-07,2024-02-10,23,2024-08-05,2024-08-07,2,211,33,66,39,1,Breakout Room,1,0,11,1.0,19766.76,4,68.7,163.2,164.78,11019.94,4676.12,6521.81,22217.87,0,0.0,0.0,0.0,0.0,,0.0,Client Went Direct,2024,8,3,64.8,35.2,1,138.44,145.84,284.28,234.93,145.84,2,33.3,22,33,0,0,1,4,2,16,0,0,1,Classroom,2,0,2.3,366.83,912,3904,6707.4,4,0,0,0,100.0,0.97
L-202408-35407,Lost,Technology Innovators,Board of Directors Meeting,Corporate,In-person,Full Package,Trade/Manufacturing,Trade/Manufacturing,RFP,High,2024-04-19,2024-05-13,13,2024-08-07,2024-08-09,2,110,44,88,56,1,Half Ballroom,1,1,11,1.0,22811.85,3,73.6,166.25,174.12,13089.85,5122.14,9706.34,27918.33,0,0.0,0.0,0.0,0.0,,0.0,Space Not Adequate,2024,8,3,70.9,29.1,1,127.08,161.65,288.73,172.46,161.65,2,15.9,37,44,0,0,1,2,1,12,1,0,1,Classroom,3,1,2.83,1340.73,815,1496,4384.06,1,0,0,0,100.0,0.47
L-202408-60538,Lost,Professional Engineers Society,Awards Gala Weekend,Association,In-person,Meeting Only,Education,Education,Repeat Client,Medium,2023-11-01,2023-12-02,22,2024-08-08,2024-08-11,3,281,0,0,136,1,Grand Ballroom,0,0,9,1.0,31219.84,3,70.4,156.19,0.0,0.0,9847.8,32460.07,42307.87,0,0.0,0.0,0.0,0.0,,0.0,Dates Not Available,2024,8,0,0.0,0.0,0,0.0,0.0,0.0,0.0,0.0,0,0.0,0,0,0,0,1,8,3,24,1,0,1,Classroom,0,0,0.3,1531.46,0,4960,6991.44,2,0,0,0,100.0,0.57
L-202408-32377,Lost,TechCorp Solutions,Management Training,Corporate,In-person,Full Package,Finance,Finance,Sales Call,Low,2024-05-08,2024-06-02,11,2024-08-09,2024-08-10,1,93,64,64,81,1,Half Ballroom,1,1,14,1.0,25458.02,4,70.0,164.71,170.54,10614.14,2665.37,6679.43,19958.94,0,0.0,0.0,0.0,0.0,,0.0,Budget Constraints,2024,8,2,67.9,32.1,1,48.37,141.49,189.86,189.86,141.49,1,0.0,64,0,0,0,2,5,3,24,1,0,1,Classroom,2,0,2.24,1367.92,1020,0,2384.18,0,0,0,0,50.0,0.68
L-202408-55723,Lost,Faith Community,Cultural Heritage Festival,SMERF,In-person,Full Package,Other,Other,Direct Inquiry,Low,2024-04-07,2024-05-03,15,2024-08-09,2024-08-10,1,124,34,34,41,1,Half Ballroom,1,0,11,0.0,0.0,1,74.2,161.44,146.95,5607.36,1602.21,1476.53,8686.1,0,0.0,0.0,0.0,0.0,,0.0,Client Went Direct,2024,8,3,75.0,25.0,1,41.56,136.23,177.79,177.79,136.23,1,0.0,34,0,0,0,1,4,3,24,1,0,1,Banquet,2,0,1.54,1223.35,231,12740,13572.0,5,1,0,1,100.0,0.34
L-202408-78820,Lost,Retail Corporation,Management Training,Corporate,In-person,Full Package,Technology,Technology,RFP,Medium,2024-05-01,2024-05-19,9,2024-08-12,2024-08-15,3,103,50,150,62,1,Half Ballroom,1,1,9,1.0,38506.03,1,66.2,162.26,166.73,25431.2,6713.2,12892.05,45036.45,0,0.0,0.0,0.0,0.0,,0.0,Canceled by Client,2024,8,2,74.1,25.9,0,152.1,125.58,277.68,0.0,125.58,2,1.9,48,50,48,0,2,2,1,8,1,0,1,Classroom,0,0,0.08,1354.95,0,5620,7984.02,5,0,0,0,0.0,0.52
L-202408-28355,Lost,Personal Event,Engagement Party,Wedding/Social,In-person,Full Package,Social,Social/Private,Repeat Client,Low,2023-08-16,2023-09-13,19,2024-08-15,2024-08-16,1,365,23,23,30,1,Breakout Room,1,0,9,1.0,24457.89,2,71.4,168.45,171.79,3761.24,2577.87,3412.34,9751.45,0,0.0,0.0,0.0,0.0,,0.0,Space Not Adequate,2024,8,3,71.9,28.1,1,86.87,153.39,240.26,240.26,240.26,1,0.0,23,0,0,0,1,7,3,36,0,0,1,Banquet,3,1,2.72,452.21,220,22435,23891.53,5,0,0,0,100.0,0.75
L-202408-70444,Lost,Professional Engineers Society,Educational Seminar Series,Association,In-person,Meeting Only,Education,Education,Sales Call,Low,2024-02-17,2024-03-15,19,2024-08-19,2024-08-21,2,184,0,0,48,1,Half Ballroom,0,1,8,0.0,0.0,2,67.8,159.56,0.0,0.0,3813.04,8018.78,11831.82,0,0.0,0.0,0.0,0.0,,0.0,Client Went Direct,2024,8,0,0.0,0.0,0,0.0,0.0,0.0,0.0,0.0,0,0.0,0,0,0,0,1,3,2,16,1,0,1,Theater,1,0,0.88,891.12,722,2232,4837.33,3,0,0,0,50.0,0.4
L-202408-22609,Lost,Youth Athletics,High School Reunion,SMERF,In-person,Full Package,Education,Education,RFP,High,2024-05-11,2024-06-03,14,2024-08-21,2024-08-23,2,102,55,110,61,1,Half Ballroom,1,1,9,1.0,7636.65,4,70.4,152.94,152.37,17022.47,3808.99,4479.21,25310.67,0,0.0,0.0,0.0,0.0,,0.0,Canceled by Client,2024,8,2,58.1,41.9,1,56.93,161.86,218.79,218.79,161.86,2,1.8,54,55,0,0,2,2,1,12,1,0,1,Theater,0,0,0.22,1736.28,0,1592,3604.29,2,0,0,0,50.0,0.51
L-202408-60625,Lost,Pharmaceutical Partners,Product Launch Event,Corporate,In-person,Meeting Only,Legal,Legal,Repeat Client,Low,2024-06-15,2024-07-06,11,2024-08-26,2024-08-27,1,72,0,0,76,1,Half Ballroom,1,0,10,1.0,36302.26,4,77.3,163.93,0.0,0.0,3288.66,6755.97,10044.63,0,0.0,0.0,0.0,0.0,,0.0,Chose Another Venue,2024,8,0,0.0,0.0,0,0.0,0.0,0.0,0.0,0.0,0,0.0,0,0,0,0,2,1,2,8,1,0,1,Theater,2,0,2.3,1805.5,89,2436,4432.17,4,0,0,0,100.0,0.63
L-202408-60342,Lost,Social Event,Baby Shower Weekend,Wedding/Social,In-person,Full Package,Social,Social/Private,Sales Call,Medium,2023-10-04,2023-11-25,41,2024-08-29,2024-08-30,1,330,44,44,60,1,Half Ballroom,1,0,11,0.0,0.0,2,73.0,161.94,168.68,7415.18,3304.76,7964.33,18684.27,0,0.0,0.0,0.0,0.0,,0.0,Rates Too High / Client Declined,2024,8,2,66.8,33.2,0,8.1,141.22,149.32,0.0,149.32,1,0.0,44,0,0,0,1,3,2,16,1,0,1,Banquet,0,0,0.27,946.63,0,11820,13369.39,5,0,0,0,100.0,0.5
L-202409-60418,Lost,Technology Innovators,Sales Kickoff,Corporate,In-person,Full Package,Government,Government,Sales Call,High,2024-05-18,2024-06-08,11,2024-09-01,2024-09-02,1,106,54,54,60,1,Half Ballroom,1,0,10,0.0,0.0,3,89.5,202.3,194.32,8667.49,2888.68,4820.91,16377.08,0,0.0,0.0,0.0,0.0,,0.0,Dates Not Available,2024,9,2,51.5,48.5,0,0.06,143.95,144.01,0.0,143.95,1,0.0,54,0,0,0,1,1,1,8,1,0,1,Theater,2,0,2.08,857.46,1223,411,4107.48,1,0,0,0,100.0,0.5
L-202409-88400,Lost,Community Church,Community Theater Production,SMERF,Hybrid,Full Package,Association,Association,Third-Party Planner,Medium,2024-06-07,2024-06-27,12,2024-09-03,2024-09-04,1,88,6,6,8,1,Boardroom,1,1,8,0.0,0.0,4,76.4,166.73,170.82,956.04,877.01,393.51,2226.56,0,0.0,0.0,0.0,0.0,,0.0,Budget Constraints,2024,9,4,72.8,27.2,1,53.25,143.89,197.14,197.14,149.0,1,0.0,6,0,0,0,1,1,3,12,0,1,1,Boardroom,2,0,2.29,382.34,540,2350,5308.14,5,1,0,1,0.0,0.57
L-202409-71254,Lost,Insurance Federation,Leadership Institute,Association,Hybrid,Full Package,Government,Government,Third-Party Planner,Medium,2023-11-25,2023-12-23,21,2024-09-06,2024-09-07,1,286,73,73,83,1,Half Ballroom,1,0,7,0.0,0.0,4,78.7,170.13,177.12,11202.55,2543.22,7306.82,21052.59,0,0.0,0.0,0.0,0.0,,0.0,Rates Too High / Client Declined,2024,9,4,59.2,40.8,1,127.5,154.89,282.39,189.47,154.89,1,0.0,73,0,0,0,2,1,2,16,1,0,1,Theater,3,1,2.63,1422.69,611,3144,5629.53,4,0,0,0,100.0,0.69
L-202409-44003,Lost,Financial Services Group,Product Launch Event,Corporate,In-person,Full Package,Legal,Legal,Cvent,Low,2024-06-01,2024-06-18,8,2024-09-10,2024-09-13,3,101,13,39,17,1,Breakout Room,1,1,9,0.0,0.0,3,72.3,173.74,168.39,6442.66,4975.93,3915.27,15333.86,0,0.0,0.0,0.0,0.0,,0.0,Space Not Adequate,2024,9,3,58.0,42.0,1,50.92,136.91,187.83,187.83,136.91,2,13.1,9,13,10,0,1,1,1,8,0,0,1,Classroom,2,0,2.18,464.15,472,2196,4087.12,3,0,0,0,100.0,0.42
L-202409-26784,Lost,HR Professionals Network,Certification Training,Association,In-person,Meeting Only,Healthcare,Healthcare,Cvent,Medium,2024-03-07,2024-04-08,27,2024-09-12,2024-09-14,2,189,0,0,132,1,Grand Ballroom,0,0,5,0.0,0.0,2,82.6,179.02,0.0,0.0,6193.96,20217.14,26411.1,0,0.0,0.0,0.0,0.0,,0.0,Budget Constraints,2024,9,0,0.0,0.0,0,0.0,0.0,0.0,0.0,0.0,0,0.0,0,0,0,0,2,5,3,36,1,0,1,Classroom,1,0,0.52,2368.6,949,1840,6125.7,2,0,0,0,100.0,0.55
L-202409-91509,Lost,Global Industries,Customer Advisory Board,Corporate,In-person,Full Package,Trade/Manufacturing,Trade/Manufacturing,RFP,Medium,2024-06-06,2024-06-25,11,2024-09-12,2024-09-14,2,98,52,104,61,1,Half Ballroom,1,0,8,1.0,17827.94,4,76.8,167.42,168.97,15726.69,6366.35,10970.86,33063.9,0,0.0,0.0,0.0,0.0,,0.0,Dates Not Available,2024,9,4,50.8,49.2,1,151.74,132.43,284.17,243.84,132.43,2,0.0,52,52,0,0,1,1,1,4,1,0,1,Classroom,2,0,2.45,1335.46,980,162,5749.17,1,0,0,0,100.0,0.51
L-202409-46608,Lost,Private Party,Family Reunion Weekend,Wedding/Social,In-person,Full Package,Social,Social/Private,Sales Call,High,2024-04-03,2024-05-15,34,2024-09-17,2024-09-18,1,167,40,40,46,1,Half Ballroom,1,1,8,1.0,63644.69,2,77.7,169.37,173.69,6061.44,2760.06,5642.75,14464.25,0,0.0,0.0,0.0,0.0,,0.0,Budget Constraints,2024,9,4,65.3,34.7,1,126.13,146.92,273.05,232.16,150.93,1,0.0,40,0,0,0,1,5,3,24,1,0,1,Banquet,3,1,2.69,1325.98,1138,11910,14288.12,3,0,0,0,100.0,0.38
L-202409-51204,Lost,Volunteer Network,Faith-Based Conference,SMERF,In-person,Full Package,Government,Government,Sales Call,Low,2024-04-17,2024-05-11,16,2024-09-19,2024-09-21,2,155,34,68,40,1,Breakout Room,1,0,8,0.0,0.0,2,82.2,174.71,178.64,10752.04,2703.68,3206.65,16662.37,0,0.0,0.0,0.0,0.0,,0.0,Canceled by Client,2024,9,4,72.0,28.0,1,107.24,143.66,250.9,250.9,143.66,2,23.5,26,34,0,0,1,2,1,8,0,0,1,Theater,3,1,2.93,369.05,370,2512,4460.2,2,0,0,0,50.0,1.0
L-202409-47672,Lost,Personal Event,Martinez-Garcia Wedding,Wedding/Social,In-person,Rooms Only,Social,Social/Private,Sales Call,Low,2024-04-27,2024-06-07,36,2024-09-24,2024-09-25,1,150,19,19,20,0,,0,1,5,1.0,40360.79,1,80.6,177.07,177.97,3241.75,0.0,0.0,3241.75,0,0.0,0.0,0.0,0.0,,0.0,Budget Constraints,2024,9,4,52.8,47.2,1,30.82,149.63,180.45,180.45,154.57,1,0.0,19,0,0,0,0,0,0,0,0,0,0,,0,0,0.0,0.0,0,0,0.0,0,0,0,0,0.0,0.0
L-202409-98356,Lost,Education Foundation,Networking Summit,Association,Hybrid,Full Package,Government,Government,Third-Party Planner,Medium,2024-02-09,2024-03-16,24,2024-09-25,2024-09-27,2,229,86,172,111,1,Half Ballroom,1,0,12,0.0,0.0,2,77.2,172.72,177.46,27729.83,6553.97,19155.41,53439.21,0,0.0,0.0,0.0,0.0,,0.0,Space Not Adequate,2024,9,4,51.9,48.1,1,134.6,138.06,272.66,222.7,138.06,2,2.3,84,86,0,0,2,4,2,16,1,0,1,Theater,0,0,0.17,1260.52,0,1608,2745.83,2,0,0,0,50.0,0.93
L-202409-66803,Lost,Private Individual,Baby Shower Weekend,Wedding/Social,In-person,Full Package,Social,Social/Private,Third-Party Planner,Low,2023-12-17,2024-01-17,20,2024-09-29,2024-10-01,2,287,30,60,41,1,Half Ballroom,1,1,11,0.0,0.0,4,90.1,205.63,196.0,9118.83,6129.29,9239.93,24488.05,0,0.0,0.0,0.0,0.0,,0.0,Lost to Competition,2024,9,4,58.6,41.4,1,147.55,143.23,290.78,182.61,143.23,2,36.7,19,30,0,0,1,1,2,24,1,0,1,Banquet,1,0,1.28,1175.6,161,820,3158.45,5,1,0,1,0.0,0.34
L-202409-44478,Lost,Energy Solutions,Leadership Summit,Corporate,Hybrid,Full Package,Professional Services,Professional Services,Third-Party Planner,Low,2024-06-17,2024-07-08,11,2024-09-30,2024-10-02,2,105,28,56,31,1,Breakout Room,1,0,10,0.0,0.0,2,81.7,169.59,168.98,9679.96,5289.75,5905.29,20875.0,0,0.0,0.0,0.0,0.0,,0.0,Client Went Direct,2024,9,3,63.7,36.3,1,125.89,143.69,269.58,194.47,194.47,2,10.7,25,28,0,0,1,2,1,8,0,0,1,Classroom,3,1,2.83,368.78,938,2504,3876.01,4,0,0,0,100.0,0.78
L-202410-50144,Lost,Pharmaceutical Partners,Management Training,Corporate,In-person,Full Package,Trade/Manufacturing,Trade/Manufacturing,Sales Call,Low,2024-08-12,2024-09-05,11,2024-10-06,2024-10-08,2,55,12,24,14,1,Boardroom,1,1,13,0.0,0.0,3,95.9,210.0,220.36,3606.73,3443.52,2025.08,9075.33,0,0.0,0.0,0.0,0.0,,0.0,Canceled by Client,2024,10,2,66.5,33.5,0,3.88,133.03,136.91,0.0,136.91,2,33.3,8,12,0,0,1,2,2,24,0,1,1,Boardroom,0,0,0.35,352.09,0,816,3283.67,1,0,0,0,50.0,1.0
L-202410-78556,Lost,Family Celebration,Retirement Party,Wedding/Social,In-person,Meeting Only,Social,Social/Private,Referral,High,2023-12-23,2024-01-26,27,2024-10-12,2024-10-15,3,294,0,0,131,1,Grand Ballroom,1,0,7,1.0,29028.42,3,80.7,176.97,0.0,0.0,14181.13,56902.71,71083.84,0,0.0,0.0,0.0,0.0,,0.0,Canceled by Client,2024,10,0,0.0,0.0,0,0.0,0.0,0.0,0.0,0.0,0,0.0,0,0,0,0,1,5,3,12,1,0,1,Reception,2,0,2.26,1858.38,534,6885,8643.08,3,0,0,0,100.0,0.55
L-202410-98694,Lost,Nursing Council,Regional Chapter Meeting,Association,In-person,Rooms Only,Government,Government,Referral,Medium,2024-04-09,2024-04-28,15,2024-10-24,2024-10-26,2,198,108,216,118,0,,0,0,4,0.0,0.0,2,78.4,172.22,175.39,35967.58,0.0,0.0,35967.58,0,0.0,0.0,0.0,0.0,,0.0,Lost to Competition,2024,10,2,56.2,43.8,0,20.23,138.84,159.07,0.0,138.84,2,4.6,103,108,0,0,0,0,0,0,0,0,0,,0,0,0.0,0.0,0,0,0.0,0,0,0,0,0.0,0.0
L-202410-60800,Lost,Faith Community,School District Meeting,SMERF,In-person,Full Package,Education,Education,RFP,Medium,2024-06-03,2024-06-30,15,2024-10-25,2024-10-28,3,144,38,114,45,1,Half Ballroom,1,0,12,1.0,6037.02,2,85.0,175.59,164.68,17914.2,5063.08,5185.56,28162.84,0,0.0,0.0,0.0,0.0,,0.0,Canceled by Client,2024,10,4,61.8,38.2,1,109.32,165.29,274.61,238.87,186.17,2,6.9,32,38,33,0,1,2,1,12,1,0,1,Classroom,3,1,2.78,812.39,253,3678,5466.07,3,0,0,0,100.0,0.38
L-202410-21848,Lost,Heritage Travel,International Tour Package,Corporate,In-person,Rooms Only,Other,Other,Sales Call,Low,2024-07-06,2024-07-23,13,2024-10-26,2024-10-27,1,112,37,37,40,0,,1,0,4,0.0,0.0,4,97.0,208.7,200.0,6357.42,0.0,0.0,6357.42,0,0.0,0.0,0.0,0.0,,0.0,Canceled by Client,2024,10,3,57.8,42.2,0,18.91,136.05,154.96,0.0,136.05,1,0.0,37,0,0,0,0,0,0,0,0,0,0,,0,0,0.0,0.0,0,0,0.0,0,0,0,0,0.0,0.0
L-202410-58005,Lost,Family Celebration,Family Reunion Weekend,Wedding/Social,In-person,Full Package,Other,Other,Sales Call,Medium,2023-11-06,2023-11-29,15,2024-10-29,2024-10-30,1,358,30,30,33,1,Breakout Room,1,1,8,0.0,0.0,4,87.6,178.23,165.02,4513.02,3081.68,4288.95,11883.65,0,0.0,0.0,0.0,0.0,,0.0,Client Went Direct,2024,10,4,70.6,29.4,1,118.25,129.83,248.08,248.08,129.83,1,0.0,30,0,0,0,1,2,2,8,0,0,1,Banquet,3,1,2.67,370.48,1411,0,3441.99,0,0,0,0,0.0,0.82
L-202411-86445,Lost,HR Professionals Network,Educational Seminar Series,Association,Hybrid,Full Package,Other,Other,Referral,High,2024-06-08,2024-07-11,25,2024-11-01,2024-11-04,3,146,49,147,56,1,Half Ballroom,1,1,8,1.0,76045.33,3,63.4,166.29,154.48,23323.15,6687.48,16237.51,46248.14,0,0.0,0.0,0.0,0.0,,0.0,Rates Too High / Client Declined,2024,11,4,61.7,38.3,1,143.51,128.14,271.65,219.8,128.14,2,10.7,47,49,37,0,1,2,1,4,1,0,1,Classroom,0,0,0.08,1344.01,0,0,1034.26,0,0,0,0,100.0,0.47
L-202411-62575,Lost,Accounting Institute,Regional Chapter Meeting,Association,In-person,Full Package,Association,Association,RFP,Low,2024-03-31,2024-04-28,14,2024-11-06,2024-11-08,2,220,53,106,64,1,Half Ballroom,1,0,14,0.0,0.0,1,71.2,163.81,168.4,16564.38,6034.1,10977.23,33575.71,0,0.0,0.0,0.0,0.0,,0.0,Dates Not Available,2024,11,2,62.8,37.2,1,89.57,150.85,240.42,240.42,240.42,2,0.0,53,53,0,0,2,6,3,24,1,0,1,Theater,2,0,1.52,1469.08,482,9828,11909.56,3,0,0,0,100.0,0.53
L-202411-80430,Lost,Professional Engineers Society,Member Appreciation Event,Association,In-person,Full Package,Education,Education,Cvent,Low,2023-12-29,2024-01-24,17,2024-11-09,2024-11-12,3,316,60,180,78,1,Half Ballroom,1,0,9,0.0,0.0,4,79.4,194.16,179.74,28165.38,8433.61,18988.14,55587.13,0,0.0,0.0,0.0,0.0,,0.0,Rates Too High / Client Declined,2024,11,4,67.6,32.4,1,118.78,153.63,272.41,244.31,187.41,2,7.1,51,60,51,0,1,6,3,12,1,0,1,Classroom,0,0,0.15,830.46,0,4698,6945.29,3,0,0,0,100.0,0.65
L-202411-19575,Lost,Personal Event,Martinez-Garcia Wedding,Wedding/Social,In-person,Full Package,Social,Social/Private,Website,Low,2024-05-28,2024-07-05,27,2024-11-11,2024-11-12,1,167,26,26,32,1,Breakout Room,1,0,11,1.0,7331.83,4,69.2,158.43,149.84,4418.11,2664.75,3348.85,10431.71,0,0.0,0.0,0.0,0.0,,0.0,Budget Constraints,2024,11,2,66.9,33.1,0,143.95,134.96,278.91,0.0,134.96,1,0.0,26,0,0,0,1,7,3,24,0,0,1,Banquet,2,0,2.3,454.62,448,5411,8656.74,1,0,0,0,100.0,0.8
L-202411-75401,Lost,Consulting Network,New Hire Orientation,Corporate,In-person,Full Package,Legal,Legal,Referral,Low,2024-09-16,2024-10-12,13,2024-11-15,2024-11-16,1,60,75,75,94,1,Half Ballroom,1,1,13,1.0,36713.82,4,69.6,167.0,151.18,11817.96,2625.51,6559.08,21002.55,0,0.0,0.0,0.0,0.0,,0.0,Canceled by Client,2024,11,3,70.2,29.8,0,139.22,148.53,287.75,0.0,148.53,1,0.0,75,0,0,0,2,2,1,4,1,0,1,Theater,3,1,2.91,1512.48,263,0,1761.46,0,0,0,0,100.0,0.78
L-202411-36186,Lost,Financial Services Group,New Hire Orientation,Corporate,In-person,Full Package,Healthcare,Healthcare,Repeat Client,High,2024-09-23,2024-10-19,12,2024-11-16,2024-11-17,1,54,5,5,5,1,Boardroom,1,0,14,1.0,62288.8,1,73.8,165.15,159.4,801.12,1423.86,468.34,2693.32,0,0.0,0.0,0.0,0.0,,0.0,Chose Another Venue,2024,11,4,71.9,28.1,1,70.53,148.08,218.61,218.61,148.08,1,0.0,5,0,0,0,1,7,3,24,0,1,1,Boardroom,2,0,2.02,334.73,326,0,1573.37,0,0,0,0,100.0,0.36
L-202411-33941,Lost,Private Party,Memorial Service Gathering,Wedding/Social,In-person,Rooms Only,Social,Social/Private,RFP,Low,2024-02-15,2024-03-28,39,2024-11-21,2024-11-22,1,280,27,27,29,0,,0,0,3,0.0,0.0,3,67.3,159.55,158.34,4439.88,0.0,0.0,4439.88,0,0.0,0.0,0.0,0.0,,0.0,Chose Another Venue,2024,11,2,61.5,38.5,0,21.22,126.21,147.43,0.0,126.21,1,0.0,27,0,0,0,0,0,0,0,0,0,0,,0,0,0.0,0.0,0,0,0.0,0,0,0,0,0.0,0.0
L-202411-60246,Lost,HR Professionals Network,Committee Meeting,Association,Hybrid,Full Package,Healthcare,Healthcare,Referral,Low,2024-04-23,2024-05-20,16,2024-11-22,2024-11-25,3,213,54,162,69,1,Half Ballroom,1,0,11,1.0,14690.56,1,72.2,163.22,165.91,27845.14,8757.93,21827.23,58430.3,0,0.0,0.0,0.0,0.0,,0.0,Client Went Direct,2024,11,3,66.3,33.7,1,132.64,146.61,279.25,243.91,146.61,2,6.9,51,54,45,0,1,2,2,16,1,0,1,Theater,1,0,0.97,854.11,492,692,2920.25,2,0,0,0,100.0,0.57
L-202411-92984,Lost,Legal Society,Certification Training,Association,Hybrid,Full Package,Healthcare,Healthcare,Third-Party Planner,Medium,2024-04-29,2024-05-31,23,2024-11-22,2024-11-24,2,207,52,104,65,1,Half Ballroom,1,0,9,0.0,0.0,2,71.6,161.65,152.71,17957.94,5306.51,13926.39,37190.84,0,0.0,0.0,0.0,0.0,,0.0,Client Went Direct,2024,11,2,64.1,35.9,1,92.47,190.5,282.97,190.5,190.5,2,13.5,45,52,0,0,2,2,1,8,1,0,1,Classroom,3,1,2.65,1691.78,229,7170,9844.85,5,0,0,0,100.0,0.54
L-202411-39979,Lost,Professional Services Group,Product Launch Event,Corporate,In-person,Full Package,Healthcare,Healthcare,Third-Party Planner,Medium,2024-09-08,2024-10-02,14,2024-11-25,2024-11-26,1,78,26,26,32,1,Breakout Room,1,0,10,0.0,0.0,2,64.8,170.13,153.19,4058.59,2516.41,2898.11,9473.11,0,0.0,0.0,0.0,0.0,,0.0,Space Not Adequate,2024,11,4,70.9,29.1,1,146.4,127.17,273.57,239.71,127.17,1,0.0,26,0,0,0,1,3,3,24,0,0,1,Theater,2,0,2.46,558.62,626,2172,3444.33,2,0,0,0,100.0,0.8
L-202411-25260,Lost,Banking Consortium,Executive Offsite,Corporate,In-person,Full Package,Government,Government,Repeat Client,Medium,2024-08-01,2024-08-22,13,2024-11-27,2024-11-28,1,118,38,38,48,1,Half Ballroom,1,0,8,1.0,66391.17,4,68.1,161.49,145.55,5950.36,2665.33,4314.63,12930.32,0,0.0,0.0,0.0,0.0,,0.0,Space Not Adequate,2024,11,3,52.5,47.5,1,126.62,126.85,253.47,253.47,126.85,1,0.0,38,0,0,0,1,3,2,16,1,0,1,Banquet,3,1,2.95,1145.4,1450,2688,4927.1,4,0,0,0,0.0,0.4
L-202411-30574,Lost,Consulting Network,Town Hall Meeting,Corporate,Hybrid,Full Package,Finance,Finance,Direct Inquiry,Medium,2024-09-04,2024-09-30,13,2024-11-27,2024-11-28,1,84,10,10,12,1,Boardroom,1,0,13,1.0,73909.1,1,71.6,160.72,167.07,1562.35,1534.0,1203.84,4300.19,0,0.0,0.0,0.0,0.0,,0.0,Rates Too High / Client Declined,2024,11,3,66.9,33.1,0,28.68,136.2,164.88,0.0,143.4,1,0.0,10,0,0,0,1,1,3,36,0,1,1,Boardroom,2,0,1.99,310.49,509,737,3720.05,1,0,0,0,0.0,0.86
L-202412-65824,Lost,Youth Organization,Youth Sports Tournament,SMERF,Virtual,Full Package,Other,Other,Direct Inquiry,Medium,2024-08-16,2024-09-15,19,2024-12-04,2024-12-05,1,110,47,47,54,1,Half Ballroom,1,0,11,1.0,71615.84,2,44.4,157.23,154.68,7361.53,1542.91,2791.78,11696.22,0,0.0,0.0,0.0,0.0,,0.0,Budget Constraints,2024,12,2,68.0,32.0,1,45.21,131.54,176.75,176.75,131.54,1,0.0,47,0,0,0,1,2,2,24,1,0,1,Theater,2,0,1.69,1275.4,905,0,1587.13,0,0,0,0,100.0,0.45
L-202412-90362,Lost,Retail Corporation,Board of Directors Meeting,Corporate,In-person,Rooms Only,Technology,Technology,Website,Medium,2024-08-25,2024-09-07,9,2024-12-07,2024-12-09,2,104,6,12,6,0,,0,1,4,1.0,31476.11,2,45.6,147.48,142.19,1783.37,0.0,0.0,1783.37,0,0.0,0.0,0.0,0.0,,0.0,Rates Too High / Client Declined,2024,12,3,72.2,27.8,1,79.67,140.77,220.44,220.44,220.44,2,33.3,4,6,0,0,0,0,0,0,0,0,0,,0,0,0.0,0.0,0,0,0.0,0,0,0,0,0.0,0.0
L-202412-21069,Lost,Professional Services Group,New Hire Orientation,Corporate,In-person,Rooms Only,Finance,Finance,Third-Party Planner,High,2024-10-06,2024-10-22,13,2024-12-08,2024-12-10,2,63,25,50,27,0,,0,0,3,0.0,0.0,3,42.6,144.92,147.9,8340.53,0.0,0.0,8340.53,0,0.0,0.0,0.0,0.0,,0.0,Budget Constraints,2024,12,3,54.4,45.6,1,81.55,156.06,237.61,237.61,237.61,2,48.0,13,25,0,0,0,0,0,0,0,0,0,,0,0,0.0,0.0,0,0,0.0,0,0,0,0,0.0,0.0
L-202412-97151,Lost,Private Individual,Martinez-Garcia Wedding,Wedding/Social,In-person,Rooms Only,Other,Other,Referral,Medium,2023-12-09,2024-01-11,29,2024-12-08,2024-12-09,1,365,26,26,28,0,,1,0,4,1.0,8583.47,2,50.9,150.31,135.45,3921.93,0.0,0.0,3921.93,0,0.0,0.0,0.0,0.0,,0.0,Client Went Direct,2024,12,4,53.9,46.1,1,110.28,137.0,247.28,247.28,137.0,1,0.0,26,0,0,0,0,0,0,0,0,0,0,,0,0,0.0,0.0,0,0,0.0,0,0,0,0,0.0,0.0
L-202412-80943,Lost,Financial Services Group,Product Launch Event,Corporate,In-person,Full Package,Professional Services,Professional Services,Website,Medium,2024-09-19,2024-10-06,8,2024-12-10,2024-12-12,2,82,52,104,59,1,Half Ballroom,1,1,9,1.0,15515.5,3,47.4,145.34,150.6,16589.03,5228.71,9587.31,31405.05,0,0.0,0.0,0.0,0.0,,0.0,Lost to Competition,2024,12,4,73.5,26.5,1,126.52,125.33,251.85,251.85,125.33,2,11.5,46,52,0,0,1,5,2,8,1,0,1,Theater,2,0,1.92,1037.76,259,2415,4493.3,1,0,0,0,50.0,0.49
L-202412-24338,Lost,Banking Consortium,Strategic Planning Retreat,Corporate,Virtual,Full Package,Trade/Manufacturing,Trade/Manufacturing,Referral,Medium,2024-10-06,2024-10-29,14,2024-12-12,2024-12-14,2,67,29,58,32,1,Breakout Room,1,0,9,1.0,66980.04,1,44.4,144.82,147.81,9101.5,5275.55,4394.83,18771.88,0,0.0,0.0,0.0,0.0,,0.0,Dates Not Available,2024,12,2,59.5,40.5,1,23.93,251.38,275.31,251.38,251.38,2,17.2,24,29,0,0,1,5,3,24,0,0,1,Classroom,1,0,1.11,399.32,1107,6615,9812.06,3,0,0,0,100.0,0.8
L-202412-94683,Lost,Social Event,Retirement Party,Wedding/Social,In-person,Rooms Only,Travel,Travel/Hospitality,Website,Medium,2024-04-10,2024-05-10,26,2024-12-13,2024-12-14,1,247,11,11,12,0,,1,1,4,0.0,0.0,3,39.4,144.68,132.72,1641.76,0.0,0.0,1641.76,0,0.0,0.0,0.0,0.0,,0.0,Client Went Direct,2024,12,3,51.9,48.1,1,120.53,127.65,248.18,248.18,127.65,1,0.0,11,0,0,0,0,0,0,0,0,0,0,,0,0,0.0,0.0,0,0,0.0,0,0,0,0,0.0,0.0
L-202412-80349,Lost,Consulting Network,Leadership Summit,Corporate,In-person,Full Package,Finance,Finance,Website,Low,2024-09-16,2024-10-06,9,2024-12-14,2024-12-16,2,89,67,134,76,1,Half Ballroom,1,1,11,0.0,0.0,4,39.5,147.87,147.68,19867.52,5435.37,10851.39,36154.28,0,0.0,0.0,0.0,0.0,,0.0,Rates Too High / Client Declined,2024,12,4,68.1,31.9,1,137.91,140.6,278.51,169.32,140.6,2,14.9,57,67,0,0,2,2,2,24,1,0,1,Theater,0,0,0.41,1332.96,0,1050,3004.56,3,0,0,0,50.0,0.63
L-202412-89958,Lost,Personal Event,Baby Shower Weekend,Wedding/Social,In-person,Full Package,Social,Social/Private,Direct Inquiry,Low,2024-04-24,2024-06-05,30,2024-12-19,2024-12-20,1,239,24,24,31,1,Breakout Room,1,1,12,1.0,50549.97,1,43.2,144.19,139.97,3876.42,3297.23,3749.84,10923.49,0,0.0,0.0,0.0,0.0,,0.0,Client Went Direct,2024,12,4,65.3,34.7,1,93.77,128.43,222.2,222.2,130.46,1,0.0,24,0,0,0,1,4,2,24,0,0,1,Reception,3,1,2.93,597.87,49,2648,7347.14,1,0,0,0,50.0,0.78
L-202412-97602,Lost,Manufacturing Alliance,Innovation Workshop,Corporate,In-person,Meeting Only,Professional Services,Professional Services,RFP,Medium,2024-10-14,2024-10-28,9,2024-12-23,2024-12-24,1,70,0,0,91,1,Half Ballroom,0,1,5,0.0,0.0,1,44.2,149.7,0.0,0.0,3511.74,6684.0,10195.74,0,0.0,0.0,0.0,0.0,,0.0,Space Not Adequate,2024,12,0,0.0,0.0,0,0.0,0.0,0.0,0.0,0.0,0,0.0,0,0,0,0,2,6,3,24,1,0,1,Theater,0,0,0.04,1328.8,0,5976,6489.23,4,0,0,0,0.0,0.76
L-202412-34135,Lost,Family Celebration,Memorial Service Gathering,Wedding/Social,In-person,Full Package,Social,Social/Private,Third-Party Planner,Low,2024-01-23,2024-02-13,14,2024-12-24,2024-12-25,1,336,39,39,48,1,Half Ballroom,1,1,7,0.0,0.0,3,52.8,148.95,135.55,6219.93,3194.83,5727.58,15142.34,0,0.0,0.0,0.0,0.0,,0.0,Budget Constraints,2024,12,2,61.8,38.2,0,120.84,162.37,283.21,0.0,283.21,1,0.0,39,0,0,0,1,5,3,24,1,0,1,Reception,1,0,1.28,1179.04,806,11580,14129.03,4,1,0,1,0.0,0.4
L-202412-12191,Lost,Veterans Group,Fraternity/Sorority Reunion,SMERF,In-person,Full Package,Association,Association,Cvent,High,2024-11-11,2024-12-13,21,2024-12-27,2024-12-28,1,46,14,14,18,1,Breakout Room,1,0,11,0.0,0.0,2,45.4,144.77,138.15,2252.62,987.68,778.3,4018.6,0,0.0,0.0,0.0,0.0,,0.0,Lost to Competition,2024,12,3,68.8,31.2,1,133.88,131.44,265.32,188.47,131.44,1,0.0,14,0,0,0,1,2,3,12,0,0,1,Banquet,2,0,2.26,527.14,402,1410,3169.61,3,0,0,0,50.0,0.45
L-202412-13332,Lost,Consulting Network,Strategic Planning Retreat,Corporate,In-person,Full Package,Professional Services,Professional Services,RFP,Low,2024-10-03,2024-10-19,7,2024-12-27,2024-12-28,1,85,39,39,53,1,Half Ballroom,1,0,9,0.0,0.0,4,43.7,152.55,157.6,5976.43,2506.3,3887.6,12370.33,0,0.0,0.0,0.0,0.0,,0.0,Dates Not Available,2024,12,4,57.9,42.1,1,134.39,138.32,272.71,247.17,138.32,1,0.0,39,0,0,0,1,3,3,36,1,0,1,Classroom,0,0,0.37,1329.02,0,1656,2100.73,3,0,0,0,0.0,0.44
L-202412-29929,Lost,Professional Services Group,Innovation Workshop,Corporate,Hybrid,Full Package,Other,Other,Referral,Medium,2024-09-15,2024-10-03,8,2024-12-27,2024-12-28,1,103,51,51,70,1,Half Ballroom,1,0,10,0.0,0.0,1,43.6,144.17,132.88,8021.32,3261.9,5974.31,17257.53,0,0.0,0.0,0.0,0.0,,0.0,Client Went Direct,2024,12,4,59.9,40.1,1,119.34,126.68,246.02,246.02,126.68,1,0.0,51,0,0,0,2,6,3,24,1,0,1,Classroom,3,1,2.77,1463.46,889,2988,5204.09,2,0,0,0,0.0,0.58
L-202412-58952,Lost,Personal Event,Memorial Service Gathering,Wedding/Social,In-person,Full Package,Social,Social/Private,Sales Call,Low,2024-03-15,2024-05-02,34,2024-12-30,2025-01-01,2,290,33,66,41,1,Half Ballroom,1,1,14,1.0,72695.61,3,49.1,148.34,151.65,9875.03,6897.16,11284.85,28057.04,0,0.0,0.0,0.0,0.0,,0.0,Rates Too High / Client Declined,2024,12,3,59.3,40.7,1,117.45,150.72,268.17,236.38,268.17,2,30.3,23,33,0,0,1,4,3,24,1,0,1,Banquet,1,0,1.02,880.24,1058,3248,5248.84,2,0,0,0,0.0,0.34
L-202412-16029,Lost,Energy Solutions,Board of Directors Meeting,Corporate,In-person,Full Package,Technology,Technology,Direct Inquiry,High,2024-08-28,2024-09-18,10,2024-12-31,2025-01-02,2,125,49,98,64,1,Half Ballroom,1,1,11,1.0,31491.99,3,41.6,146.42,152.59,16652.82,5007.75,11959.45,33620.02,0,0.0,0.0,0.0,0.0,,0.0,Budget Constraints,2024,12,4,72.1,27.9,1,91.27,135.17,226.44,226.44,135.17,2,22.4,38,49,0,0,2,3,2,8,1,0,1,Theater,0,0,0.36,1454.14,0,1146,1767.69,1,0,0,0,50.0,0.53
L-202412-28407,Lost,Professional Engineers Society,Certification Training,Association,Hybrid,Full Package,Association,Association,Sales Call,Low,2024-06-04,2024-07-03,21,2024-12-31,2025-01-03,3,210,95,285,108,1,Half Ballroom,1,0,8,0.0,0.0,3,42.4,143.43,147.15,43721.93,10604.57,33238.87,87565.37,0,0.0,0.0,0.0,0.0,,0.0,Canceled by Client,2024,12,3,52.5,47.5,0,137.27,151.99,289.26,0.0,151.99,2,2.8,89,95,94,0,2,2,1,8,1,0,1,Classroom,3,1,2.8,1505.28,422,0,1268.64,0,0,0,0,0.0,0.9
L-202501-74325,Lost,Family Celebration,Anniversary Celebration,Wedding/Social,In-person,Rooms Only,Travel,Travel/Hospitality,Repeat Client,Low,2024-05-21,2024-06-29,34,2025-01-08,2025-01-09,1,232,26,26,28,0,,0,0,5,1.0,7189.75,1,50.3,151.33,154.27,4200.23,0.0,0.0,4200.23,0,0.0,0.0,0.0,0.0,,0.0,Client Went Direct,2025,1,2,69.9,30.1,1,32.2,149.09,181.29,181.29,149.09,1,0.0,26,0,0,0,0,0,0,0,0,0,0,,0,0,0.0,0.0,0,0,0.0,0,0,0,0,0.0,0.0
L-202501-42361,Lost,Banking Consortium,Leadership Summit,Corporate,In-person,Full Package,Healthcare,Healthcare,Direct Inquiry,Medium,2024-09-28,2024-10-17,11,2025-01-11,2025-01-12,1,105,50,50,63,1,Half Ballroom,1,0,8,0.0,0.0,1,50.0,153.45,147.18,8529.1,2695.67,6396.07,17620.84,0,0.0,0.0,0.0,0.0,,0.0,Chose Another Venue,2025,1,4,69.4,30.6,1,145.91,148.56,294.47,178.25,148.56,1,0.0,50,0,0,0,1,1,1,12,1,0,1,Classroom,2,0,2.08,1154.17,67,310,2245.48,2,0,0,0,100.0,0.53
L-202501-39041,Lost,Industry Trade Group,Continuing Education Conference,Association,In-person,Full Package,Healthcare,Healthcare,Third-Party Planner,Medium,2024-04-01,2024-04-29,19,2025-01-15,2025-01-17,2,289,118,236,132,1,Grand Ballroom,1,1,9,0.0,0.0,3,47.0,148.47,152.29,37307.09,6301.96,27505.8,71114.85,0,0.0,0.0,0.0,0.0,,0.0,Dates Not Available,2025,1,2,73.3,26.7,1,19.04,154.4,173.44,173.44,154.4,2,5.9,111,118,0,0,2,1,2,16,1,0,1,Theater,0,0,0.28,2400.64,0,1532,3862.54,4,1,0,0,100.0,0.55
L-202501-38316,Lost,Travel Club International,Bird Watching Tour,SMERF,Virtual,Full Package,Education,Education,Referral,Low,2024-08-16,2024-09-07,15,2025-01-22,2025-01-23,1,159,48,48,55,1,Half Ballroom,1,0,7,1.0,43996.97,3,42.5,154.21,141.47,7872.29,718.38,1846.58,10437.25,0,0.0,0.0,0.0,0.0,,0.0,Lost to Competition,2025,1,2,71.9,28.1,1,23.82,151.69,175.51,175.51,151.69,1,0.0,48,0,0,0,1,5,2,24,1,0,1,Classroom,1,0,0.85,1397.14,274,0,1141.97,0,0,0,0,100.0,0.46
L-202501-17224,Lost,Real Estate Board,Educational Seminar Series,Association,In-person,Full Package,Government,Government,Sales Call,High,2024-06-01,2024-07-05,25,2025-01-25,2025-01-26,1,238,57,57,76,1,Half Ballroom,1,1,9,0.0,0.0,3,51.4,147.71,142.02,10082.38,2723.11,7549.49,20354.98,0,0.0,0.0,0.0,0.0,,0.0,Dates Not Available,2025,1,4,70.5,29.5,1,138.9,128.21,267.11,217.03,131.27,1,0.0,57,0,0,0,2,3,2,24,1,0,1,Classroom,3,1,2.72,1390.28,744,3954,5996.27,2,0,0,0,100.0,0.63
L-202501-57000,Lost,TechCorp Solutions,Town Hall Meeting,Corporate,Hybrid,Full Package,Healthcare,Healthcare,RFP,Low,2024-11-14,2024-12-05,11,2025-01-28,2025-01-30,2,75,37,74,44,1,Half Ballroom,1,1,10,1.0,48517.57,1,45.5,149.77,154.99,11505.3,5011.09,6968.13,23484.52,0,0.0,0.0,0.0,0.0,,0.0,Dates Not Available,2025,1,3,63.5,36.5,1,73.34,144.64,217.98,217.98,144.64,2,5.4,35,37,0,0,1,5,2,16,1,0,1,Classroom,0,0,0.03,1013.14,0,3085,3749.99,1,0,0,0,50.0,0.37
L-202501-60966,Lost,Pharmaceutical Partners,Sales Kickoff,Corporate,In-person,Meeting Only,Trade/Manufacturing,Trade/Manufacturing,Sales Call,Low,2024-11-10,2024-11-25,8,2025-01-30,2025-01-31,1,81,0,0,145,1,Grand Ballroom,0,0,7,0.0,0.0,4,45.6,151.04,0.0,0.0,3945.07,14254.02,18199.09,0,0.0,0.0,0.0,0.0,,0.0,Chose Another Venue,2025,1,0,0.0,0.0,0,0.0,0.0,0.0,0.0,0.0,0,0.0,0,0,0,0,2,1,1,4,1,0,1,Classroom,2,0,2.2,2501.23,1145,587,3686.19,1,0,0,0,100.0,0.6
L-202501-11648,Lost,Education Foundation,Regional Chapter Meeting,Association,In-person,Full Package,Other,Other,Sales Call,Low,2024-07-06,2024-08-07,19,2025-01-31,2025-02-02,2,209,59,118,70,1,Half Ballroom,1,1,13,0.0,0.0,1,50.3,153.15,141.81,19993.22,5285.98,14076.46,39355.66,0,0.0,0.0,0.0,0.0,,0.0,Space Not Adequate,2025,1,3,54.7,45.3,0,129.15,141.77,270.92,0.0,142.51,2,10.2,53,59,0,0,1,4,3,24,1,0,1,Classroom,2,0,1.76,1248.39,1160,8380,10122.42,5,0,0,0,100.0,0.58
L-202502-24031,Lost,Service Club,Church Retreat Weekend,SMERF,Hybrid,Full Package,Education,Education,Cvent,Low,2024-10-27,2024-11-18,15,2025-02-01,2025-02-03,2,97,36,72,40,1,Breakout Room,1,0,7,0.0,0.0,1,51.5,157.6,142.46,12549.38,2849.41,4077.24,19476.03,0,0.0,0.0,0.0,0.0,,0.0,Lost to Competition,2025,2,3,51.2,48.8,1,99.24,149.65,248.89,248.89,149.65,2,33.3,24,36,0,0,1,1,1,4,0,0,1,Classroom,2,0,2.15,495.7,243,550,2898.04,1,0,0,0,0.0,1.0
L-202502-54713,Lost,Global Industries,Quarterly Business Review,Corporate,In-person,Full Package,Legal,Legal,RFP,High,2024-12-09,2024-12-30,8,2025-02-01,2025-02-03,2,54,69,138,79,1,Half Ballroom,1,0,13,1.0,43363.79,3,55.1,150.92,157.92,21991.44,5955.95,12453.24,40400.63,0,0.0,0.0,0.0,0.0,,0.0,Budget Constraints,2025,2,2,63.0,37.0,1,41.62,151.88,193.5,193.5,151.88,2,10.1,62,69,0,0,2,5,3,36,1,0,1,Classroom,0,0,0.35,1387.79,0,7500,9169.4,3,0,0,0,50.0,0.66
L-202502-36151,Lost,Private Individual,Holiday Party,Wedding/Social,In-person,Full Package,Social,Social/Private,Referral,Low,2024-04-06,2024-05-10,26,2025-02-02,2025-02-03,1,302,32,32,36,1,Breakout Room,1,0,8,0.0,0.0,3,55.8,149.0,142.34,4951.1,2912.6,5283.39,13147.09,0,0.0,0.0,0.0,0.0,,0.0,Chose Another Venue,2025,2,3,52.0,48.0,1,40.01,153.97,193.98,193.98,153.97,1,0.0,32,0,0,0,1,1,1,8,0,0,1,Banquet,1,0,0.95,400.44,985,1314,4694.19,2,0,0,0,100.0,0.9
L-202502-45426,Lost,Technology Innovators,Product Launch Event,Corporate,Hybrid,Meeting Only,Finance,Finance,Website,High,2024-12-14,2024-12-30,8,2025-02-02,2025-02-04,2,50,0,0,67,1,Half Ballroom,1,1,8,1.0,73095.61,1,58.4,154.54,0.0,0.0,5264.24,12205.28,17469.52,0,0.0,0.0,0.0,0.0,,0.0,Lost to Competition,2025,2,0,0.0,0.0,0,0.0,0.0,0.0,0.0,0.0,0,0.0,0,0,0,0,2,7,3,12,1,0,1,Theater,0,0,0.5,1561.08,0,10185,12505.22,5,1,0,1,100.0,0.56
L-202502-19029,Lost,Senior Adventures,Photography Expedition,Corporate,Hybrid,Full Package,Trade/Manufacturing,Trade/Manufacturing,Sales Call,Medium,2024-12-03,2024-12-17,7,2025-02-03,2025-02-04,1,62,56,56,63,1,Half Ballroom,1,0,7,0.0,0.0,3,49.3,154.25,158.88,9166.4,1000.33,2200.41,12367.14,0,0.0,0.0,0.0,0.0,,0.0,Space Not Adequate,2025,2,3,65.9,34.1,0,37.68,125.59,163.27,0.0,125.59,1,0.0,56,0,0,0,1,2,1,8,1,0,1,Classroom,0,0,0.31,1353.01,0,2136,3778.44,2,0,0,0,100.0,0.53
L-202502-27773,Lost,Local School District,Charity Fundraiser,SMERF,In-person,Full Package,Education,Education,Sales Call,Low,2024-10-06,2024-11-04,21,2025-02-04,2025-02-05,1,121,29,29,36,1,Breakout Room,1,1,8,0.0,0.0,3,56.4,149.22,143.96,4810.17,1508.5,1386.67,7705.34,0,0.0,0.0,0.0,0.0,,0.0,Budget Constraints,2025,2,4,71.1,28.9,1,115.23,134.34,249.57,249.57,134.34,1,0.0,29,0,0,0,1,2,3,24,0,0,1,Theater,0,0,0.36,504.83,0,730,1751.27,1,0,0,0,100.0,0.9
L-202502-76269,Lost,Nursing Council,Annual Member Conference,Association,In-person,Full Package,Other,Other,Sales Call,Low,2024-02-23,2024-03-27,21,2025-02-05,2025-02-08,3,348,32,96,37,1,Breakout Room,1,1,12,0.0,0.0,4,53.2,152.82,147.49,16192.86,5807.47,12324.81,34325.14,0,0.0,0.0,0.0,0.0,,0.0,Dates Not Available,2025,2,2,74.5,25.5,0,120.35,151.31,271.66,0.0,151.31,2,6.8,27,32,31,0,1,1,1,8,0,0,1,Classroom,0,0,0.15,545.27,0,1308,3786.86,3,0,0,0,100.0,0.93
L-202502-91811,Lost,Personal Event,Family Reunion Weekend,Wedding/Social,In-person,Full Package,Social,Social/Private,Repeat Client,Medium,2024-02-06,2024-03-11,26,2025-02-05,2025-02-06,1,365,22,22,29,1,Breakout Room,1,0,8,1.0,67606.09,2,56.1,151.12,156.85,3574.78,2656.79,3727.06,9958.63,0,0.0,0.0,0.0,0.0,,0.0,Rates Too High / Client Declined,2025,2,4,58.2,41.8,1,131.7,150.37,282.07,247.8,170.72,1,0.0,22,0,0,0,1,1,2,16,0,0,1,Banquet,0,0,0.48,385.99,0,765,1773.8,5,0,0,0,0.0,0.72
L-202502-65199,Lost,Education Foundation,Member Appreciation Event,Association,In-person,Full Package,Government,Government,Repeat Client,Low,2024-07-27,2024-09-01,28,2025-02-07,2025-02-10,3,195,119,357,147,1,Grand Ballroom,1,0,8,1.0,7263.24,1,59.2,156.1,153.3,57014.85,9072.19,36221.03,102308.07,0,0.0,0.0,0.0,0.0,,0.0,Budget Constraints,2025,2,4,62.5,37.5,1,125.89,148.11,274.0,192.27,148.31,2,4.0,108,119,110,0,2,4,2,24,1,0,1,Theater,3,1,2.85,2161.53,306,10016,11836.17,4,0,0,0,100.0,0.61
L-202502-20888,Lost,Social Event,Martinez-Garcia Wedding,Wedding/Social,In-person,Full Package,Social,Social/Private,Third-Party Planner,Medium,2024-05-29,2024-07-09,34,2025-02-10,2025-02-11,1,257,25,25,32,1,Breakout Room,1,0,7,0.0,0.0,4,52.6,150.68,156.72,3853.41,3349.78,3563.04,10766.23,0,0.0,0.0,0.0,0.0,,0.0,Budget Constraints,2025,2,4,69.7,30.3,1,149.29,132.89,282.18,219.88,132.89,1,0.0,25,0,0,0,1,4,2,16,0,0,1,Reception,0,0,0.35,384.26,0,4900,7343.61,5,0,0,0,50.0,0.8
L-202503-24664,Lost,Financial Services Group,Strategic Planning Retreat,Corporate,Hybrid,Full Package,Finance,Finance,Direct Inquiry,Medium,2024-10-18,2024-11-12,12,2025-03-03,2025-03-05,2,136,22,44,27,1,Breakout Room,1,0,13,0.0,0.0,2,61.4,159.79,153.22,7811.57,4962.8,5407.24,18181.61,0,0.0,0.0,0.0,0.0,,0.0,Chose Another Venue,2025,3,4,62.7,37.3,0,141.79,138.07,279.86,0.0,139.06,2,50.0,11,22,0,0,1,5,2,16,0,0,1,Banquet,3,1,2.83,498.18,479,11850,13465.88,5,1,0,1,100.0,0.68
L-202503-61463,Lost,Service Club,Sports Team Tournament,SMERF,In-person,Full Package,SMERF,SMERF,Direct Inquiry,Medium,2024-12-15,2025-01-06,14,2025-03-11,2025-03-13,2,86,33,66,42,1,Half Ballroom,1,1,8,1.0,20690.39,4,57.5,155.38,155.17,11397.69,2796.15,3207.84,17401.68,0,0.0,0.0,0.0,0.0,,0.0,Budget Constraints,2025,3,4,66.5,33.5,1,83.79,135.26,219.05,219.05,135.26,2,21.2,26,33,0,0,1,2,1,8,1,0,1,Banquet,2,0,1.59,841.05,987,0,1802.72,0,0,0,0,100.0,0.35
L-202503-17917,Lost,Global Industries,Annual Sales Conference,Corporate,In-person,Meeting Only,Government,Government,RFP,Medium,2025-01-06,2025-01-25,13,2025-03-12,2025-03-13,1,65,0,0,35,1,Breakout Room,0,0,6,1.0,78551.7,1,63.7,162.31,0.0,0.0,2808.43,3356.55,6164.98,0,0.0,0.0,0.0,0.0,,0.0,Budget Constraints,2025,3,0,0.0,0.0,0,0.0,0.0,0.0,0.0,0.0,0,0.0,0,0,0,0,1,2,2,8,0,0,1,Theater,2,0,2.49,395.05,492,3894,5366.68,3,0,0,0,100.0,0.88
L-202503-18769,Lost,Real Estate Board,Professional Development Symposium,Association,In-person,Full Package,Education,Education,Direct Inquiry,Medium,2024-04-09,2024-05-02,15,2025-03-12,2025-03-16,4,337,19,76,24,1,Breakout Room,1,0,8,1.0,38947.99,1,60.5,161.92,154.59,11893.69,5788.64,8884.72,26567.05,0,0.0,0.0,0.0,0.0,,0.0,Space Not Adequate,2025,3,2,66.4,33.6,1,120.25,133.8,254.05,254.05,133.8,2,20.8,13,19,8,15,1,1,2,24,0,0,1,Classroom,2,0,2.16,450.09,271,0,1140.77,0,0,0,0,100.0,0.6
L-202503-21330,Lost,Personal Event,Holiday Party,Wedding/Social,In-person,Full Package,Other,Other,Website,Low,2024-04-22,2024-06-01,28,2025-03-12,2025-03-13,1,324,25,25,34,1,Breakout Room,1,1,12,1.0,34966.58,1,61.2,163.37,150.82,4191.84,2737.49,4291.97,11221.3,0,0.0,0.0,0.0,0.0,,0.0,Lost to Competition,2025,3,4,59.1,40.9,1,133.74,145.54,279.28,223.33,145.54,1,0.0,25,0,0,0,1,1,2,8,0,0,1,Banquet,0,0,0.24,398.87,0,2435,4621.13,5,1,0,1,100.0,0.85
L-202503-74032,Lost,Private Individual,Holiday Party,Wedding/Social,In-person,Full Package,Social,Social/Private,Referral,High,2024-09-22,2024-11-03,30,2025-03-18,2025-03-19,1,177,35,35,46,1,Half Ballroom,1,0,12,0.0,0.0,4,69.4,161.19,164.6,5984.11,3334.07,6321.13,15639.31,0,0.0,0.0,0.0,0.0,,0.0,Rates Too High / Client Declined,2025,3,3,67.7,32.3,1,125.19,144.47,269.66,234.06,144.47,1,0.0,35,0,0,0,1,5,2,24,1,0,1,Reception,2,0,1.73,949.11,725,7335,8496.91,3,0,0,0,100.0,0.38
L-202503-38441,Lost,Regional Healthcare System,Innovation Workshop,Corporate,Hybrid,Full Package,Legal,Legal,Third-Party Planner,Medium,2024-12-17,2025-01-07,11,2025-03-19,2025-03-20,1,92,53,53,58,1,Half Ballroom,1,0,10,0.0,0.0,2,68.1,154.92,141.66,8639.24,3322.93,4193.55,16155.72,0,0.0,0.0,0.0,0.0,,0.0,Budget Constraints,2025,3,4,70.7,29.3,1,133.37,138.75,272.12,252.31,138.75,1,0.0,53,0,0,0,1,1,1,4,1,0,1,Banquet,0,0,0.26,1277.31,0,2205,4130.06,5,0,1,0,100.0,0.48
L-202503-36222,Lost,Real Estate Board,Certification Training,Association,In-person,Full Package,Association,Association,Referral,High,2024-09-13,2024-10-09,15,2025-03-20,2025-03-22,2,188,97,194,134,1,Grand Ballroom,1,0,11,0.0,0.0,1,66.6,155.84,149.0,32867.59,6818.15,21936.07,61621.81,0,0.0,0.0,0.0,0.0,,0.0,Chose Another Venue,2025,3,2,53.1,46.9,0,22.22,135.22,157.44,0.0,135.22,2,4.1,93,97,0,0,2,1,2,16,1,0,1,Classroom,2,0,1.79,2641.05,538,0,1068.16,0,0,0,0,100.0,0.56
L-202503-72414,Lost,Industry Trade Group,Certification Training,Association,In-person,Full Package,Healthcare,Healthcare,Website,High,2024-10-09,2024-11-03,18,2025-03-21,2025-03-22,1,163,104,104,131,1,Grand Ballroom,1,0,7,1.0,23715.79,1,70.3,163.11,155.64,17404.32,3610.88,13823.21,34838.41,0,0.0,0.0,0.0,0.0,,0.0,Lost to Competition,2025,3,2,56.1,43.9,0,13.44,126.98,140.42,0.0,126.98,1,0.0,104,0,0,0,1,2,1,8,1,0,1,Classroom,2,0,2.46,1888.08,264,1268,2151.09,1,0,0,0,50.0,0.55
L-202503-19974,Lost,Financial Services Group,Innovation Workshop,Corporate,In-person,Full Package,Other,Other,Website,High,2024-12-28,2025-01-17,12,2025-03-24,2025-03-27,3,86,46,138,56,1,Half Ballroom,1,1,8,0.0,0.0,3,69.1,151.97,153.96,21374.08,7961.5,16280.91,45616.49,0,0.0,0.0,0.0,0.0,,0.0,Rates Too High / Client Declined,2025,3,4,67.8,32.2,1,105.55,136.86,242.41,242.41,153.76,2,11.8,35,46,34,0,1,1,3,24,1,0,1,Theater,1,0,1.06,1141.66,548,627,2376.38,1,0,0,0,100.0,0.47
L-202503-38242,Lost,Consulting Network,Sales Kickoff,Corporate,Hybrid,Rooms Only,Healthcare,Healthcare,Repeat Client,Low,2025-01-12,2025-01-24,9,2025-03-24,2025-03-25,1,71,41,41,45,0,,0,1,3,0.0,0.0,4,61.6,158.42,148.74,7280.44,0.0,0.0,7280.44,0,0.0,0.0,0.0,0.0,,0.0,Client Went Direct,2025,3,2,52.8,47.2,0,20.14,144.71,164.85,0.0,144.71,1,0.0,41,0,0,0,0,0,0,0,0,0,0,,0,0,0.0,0.0,0,0,0.0,0,0,0,0,0.0,0.0
L-202503-69267,Lost,Nursing Council,Certification Training,Association,In-person,Full Package,Healthcare,Healthcare,Referral,Low,2024-07-13,2024-08-09,19,2025-03-28,2025-03-31,3,258,22,66,25,1,Breakout Room,1,0,8,0.0,0.0,3,61.3,159.96,154.95,10870.46,6070.81,7100.34,24041.61,0,0.0,0.0,0.0,0.0,,0.0,Client Went Direct,2025,3,3,72.2,27.8,1,131.32,143.64,274.96,236.62,143.64,2,5.7,19,22,21,0,1,1,2,16,0,0,1,Theater,0,0,0.05,578.75,0,542,1408.89,2,0,0,0,0.0,0.62
L-202504-67544,Lost,Financial Services Group,Regional Team Meeting,Corporate,In-person,Full Package,Government,Government,Sales Call,Medium,2025-01-27,2025-02-24,14,2025-04-01,2025-04-04,3,64,54,162,67,1,Half Ballroom,1,0,14,0.0,0.0,1,74.0,175.3,161.46,25340.19,9781.2,17305.95,52427.34,0,0.0,0.0,0.0,0.0,,0.0,Budget Constraints,2025,4,4,72.0,28.0,1,55.4,137.12,192.52,192.52,137.12,2,7.8,51,54,44,0,2,7,3,12,1,0,1,Theater,1,0,0.99,1602.9,1165,3990,7279.68,3,0,0,0,100.0,0.56
L-202504-48455,Lost,Private Individual,Quinceañera Celebration,Wedding/Social,In-person,Rooms Only,Other,Other,Sales Call,Medium,2024-05-30,2024-06-25,22,2025-04-06,2025-04-07,1,311,14,14,15,0,,1,1,4,0.0,0.0,3,75.5,164.6,164.05,2235.03,0.0,0.0,2235.03,0,0.0,0.0,0.0,0.0,,0.0,Rates Too High / Client Declined,2025,4,4,70.0,30.0,1,124.12,141.92,266.04,229.51,141.92,1,0.0,14,0,0,0,0,0,0,0,0,0,0,,0,0,0.0,0.0,0,0,0.0,0,0,0,0,0.0,0.0
L-202504-52661,Lost,Personal Event,Williams-Brown Wedding,Wedding/Social,In-person,Full Package,Travel,Travel/Hospitality,Referral,Low,2024-09-17,2024-10-31,33,2025-04-08,2025-04-09,1,203,14,14,18,1,Breakout Room,1,0,11,1.0,54083.58,1,78.8,167.13,157.07,2520.63,1717.04,2339.44,6577.11,0,0.0,0.0,0.0,0.0,,0.0,Rates Too High / Client Declined,2025,4,2,53.3,46.7,0,0.18,154.66,154.84,0.0,154.66,1,0.0,14,0,0,0,1,1,1,12,0,0,1,Banquet,1,0,1.03,592.62,1281,2480,5785.03,4,1,0,1,0.0,0.45
L-202504-27964,Lost,Retail Corporation,Sales Kickoff,Corporate,In-person,Full Package,Government,Government,Website,Low,2024-12-25,2025-01-13,10,2025-04-10,2025-04-11,1,106,65,65,89,1,Half Ballroom,1,1,9,0.0,0.0,3,81.1,166.64,165.94,10592.23,3237.28,6345.37,20174.88,0,0.0,0.0,0.0,0.0,,0.0,Budget Constraints,2025,4,3,52.9,47.1,0,11.69,134.08,145.77,0.0,134.08,1,0.0,65,0,0,0,2,3,2,16,1,0,1,Classroom,1,0,1.21,1275.19,993,9348,12378.3,4,0,1,1,0.0,0.74
L-202504-52488,Lost,Dental Association,Board Retreat,Association,In-person,Full Package,Healthcare,Healthcare,Referral,Medium,2024-07-12,2024-08-12,17,2025-04-11,2025-04-14,3,273,6,18,7,1,Boardroom,1,1,14,0.0,0.0,4,79.2,165.15,151.77,3046.99,3699.69,2322.36,9069.04,0,0.0,0.0,0.0,0.0,,0.0,Lost to Competition,2025,4,3,64.2,35.8,1,65.93,131.2,197.13,197.13,131.2,2,13.6,4,6,5,0,1,2,2,24,0,1,1,Boardroom,3,1,2.51,269.51,1392,0,2629.29,0,0,0,0,50.0,0.5
L-202504-42160,Lost,Private Party,Anniversary Celebration,Wedding/Social,In-person,Full Package,Social,Social/Private,Repeat Client,Low,2024-07-02,2024-08-06,21,2025-04-14,2025-04-15,1,286,38,38,52,1,Half Ballroom,1,0,14,1.0,43944.0,1,75.9,162.34,165.98,5869.18,2940.26,6680.73,15490.17,0,0.0,0.0,0.0,0.0,,0.0,Chose Another Venue,2025,4,4,51.9,48.1,0,139.95,127.6,267.55,0.0,127.6,1,0.0,38,0,0,0,1,4,2,16,1,0,1,Banquet,2,0,2.39,950.14,452,5856,7341.6,2,0,0,0,0.0,0.43
L-202504-82174,Lost,Senior Adventures,Regional History Tour,SMERF,In-person,Rooms Only,Association,Association,RFP,Low,2025-01-05,2025-01-20,10,2025-04-15,2025-04-16,1,100,50,50,55,0,,1,1,5,1.0,62020.66,3,70.7,169.27,156.06,8871.19,0.0,0.0,8871.19,0,0.0,0.0,0.0,0.0,,0.0,Space Not Adequate,2025,4,3,64.0,36.0,1,143.32,140.56,283.88,225.76,140.56,1,0.0,50,0,0,0,0,0,0,0,0,0,0,,0,0,0.0,0.0,0,0,0.0,0,0,0,0,0.0,0.0
L-202504-31875,Lost,Private Party,Memorial Service Gathering,Wedding/Social,In-person,Full Package,Travel,Travel/Hospitality,Sales Call,Low,2024-07-29,2024-09-13,35,2025-04-17,2025-04-18,1,262,44,44,59,1,Half Ballroom,1,0,11,0.0,0.0,3,69.9,171.84,167.51,7824.07,3054.0,7228.65,18106.72,0,0.0,0.0,0.0,0.0,,0.0,Canceled by Client,2025,4,4,73.1,26.9,1,151.27,132.53,283.8,184.97,132.53,1,0.0,44,0,0,0,1,1,1,8,1,0,1,Banquet,0,0,0.5,1393.31,0,1635,2580.82,3,0,0,0,100.0,0.49
L-202504-88023,Lost,State Medical Association,Educational Seminar Series,Association,In-person,Full Package,Association,Association,Sales Call,Low,2024-06-26,2024-07-26,20,2025-04-21,2025-04-23,2,299,64,128,79,1,Half Ballroom,1,0,10,0.0,0.0,4,78.8,165.0,160.69,22117.48,5430.35,13958.24,41506.07,0,0.0,0.0,0.0,0.0,,0.0,Client Went Direct,2025,4,3,67.4,32.6,1,129.21,136.05,265.26,252.33,136.05,2,7.8,59,64,0,0,2,5,2,16,1,0,1,Classroom,2,0,1.54,1599.12,236,6435,8239.88,3,0,0,0,100.0,0.66
L-202504-93275,Lost,Volunteer Network,Community Theater Production,SMERF,In-person,Full Package,Association,Association,Third-Party Planner,Low,2025-01-11,2025-02-02,13,2025-04-21,2025-04-22,1,100,17,17,19,1,Breakout Room,1,1,9,1.0,10545.57,4,72.4,164.71,149.61,2873.05,1005.28,906.6,4784.93,0,0.0,0.0,0.0,0.0,,0.0,Space Not Adequate,2025,4,4,51.6,48.4,1,155.71,131.58,287.29,176.01,131.58,1,0.0,17,0,0,0,1,1,2,24,0,0,1,Classroom,2,0,1.64,396.67,1285,2065,7529.77,5,0,0,0,0.0,0.47
L-202504-22108,Lost,Financial Services Group,Annual Sales Conference,Corporate,In-person,Full Package,Professional Services,Professional Services,Referral,Medium,2025-02-02,2025-02-22,13,2025-04-23,2025-04-25,2,80,54,108,60,1,Half Ballroom,1,1,7,1.0,34291.77,4,79.3,161.62,166.79,18621.18,5175.61,11860.04,35656.83,0,0.0,0.0,0.0,0.0,,0.0,Chose Another Venue,2025,4,3,64.2,35.8,1,119.9,145.36,265.26,181.54,145.36,2,9.3,49,54,0,0,1,6,3,12,1,0,1,Classroom,2,0,1.85,991.03,1480,7368,11327.05,2,0,0,0,100.0,0.5
L-202504-56876,Lost,Professional Engineers Society,Regional Chapter Meeting,Association,In-person,Full Package,Healthcare,Healthcare,Sales Call,High,2024-09-21,2024-10-21,20,2025-04-29,2025-05-01,2,220,84,168,102,1,Half Ballroom,1,0,10,0.0,0.0,2,73.7,167.08,162.14,28493.0,6545.47,20917.32,55955.79,0,0.0,0.0,0.0,0.0,,0.0,Dates Not Available,2025,4,4,52.8,47.2,1,23.68,144.99,168.67,168.67,144.99,2,0.0,84,84,0,0,1,4,2,24,1,0,1,Theater,2,0,2.35,1063.76,283,672,2749.78,1,0,0,0,100.0,0.85
L-202505-17197,Lost,Private Party,Bar/Bat Mitzvah,Wedding/Social,In-person,Rooms Only,Other,Other,RFP,Low,2024-08-14,2024-09-16,29,2025-05-02,2025-05-03,1,261,17,17,18,0,,1,0,4,1.0,52187.91,3,76.7,161.18,150.41,2754.73,0.0,0.0,2754.73,0,0.0,0.0,0.0,0.0,,0.0,Canceled by Client,2025,5,2,61.1,38.9,0,117.01,158.12,275.13,0.0,275.13,1,0.0,17,0,0,0,0,0,0,0,0,0,0,,0,0,0.0,0.0,0,0,0.0,0,0,0,0,0.0,0.0
L-202505-41460,Lost,Senior Adventures,Museum Tour Package,SMERF,In-person,Rooms Only,Education,Education,Sales Call,Medium,2025-02-03,2025-02-23,13,2025-05-02,2025-05-03,1,88,32,32,35,0,,1,1,7,0.0,0.0,3,73.5,171.15,161.76,5057.28,0.0,0.0,5057.28,0,0.0,0.0,0.0,0.0,,0.0,Budget Constraints,2025,5,3,51.2,48.8,1,88.14,132.61,220.75,220.75,132.61,1,0.0,32,0,0,0,0,0,0,0,0,0,0,,0,0,0.0,0.0,0,0,0.0,0,0,0,0,0.0,0.0
L-202505-25917,Lost,Professional Services Group,Customer Advisory Board,Corporate,In-person,Full Package,Legal,Legal,RFP,High,2025-01-29,2025-02-18,11,2025-05-03,2025-05-04,1,94,21,21,29,1,Breakout Room,1,0,9,1.0,60728.07,4,78.9,165.41,164.81,3281.86,2436.94,2273.11,7991.91,0,0.0,0.0,0.0,0.0,,0.0,Chose Another Venue,2025,5,4,66.2,33.8,0,142.01,131.24,273.25,0.0,131.24,1,0.0,21,0,0,0,1,8,3,24,0,0,1,Classroom,3,1,2.61,451.86,617,10248,11641.95,3,0,0,0,100.0,0.72
L-202505-15573,Lost,Personal Event,Martinez-Garcia Wedding,Wedding/Social,In-person,Rooms Only,Social,Social/Private,Third-Party Planner,Low,2024-05-04,2024-06-03,26,2025-05-04,2025-05-06,2,365,24,48,26,0,,0,0,4,1.0,25633.78,4,80.3,170.09,176.76,7856.51,0.0,0.0,7856.51,0,0.0,0.0,0.0,0.0,,0.0,Lost to Competition,2025,5,3,60.8,39.2,1,150.36,141.76,292.12,243.44,243.44,2,50.0,12,24,0,0,0,0,0,0,0,0,0,,0,0,0.0,0.0,0,0,0.0,0,0,0,0,0.0,0.0
L-202505-57373,Lost,Social Event,Graduation Celebration,Wedding/Social,In-person,Full Package,Social,Social/Private,Cvent,Medium,2024-12-08,2025-01-28,37,2025-05-07,2025-05-09,2,150,31,62,41,1,Half Ballroom,1,0,14,0.0,0.0,1,80.2,167.09,161.02,10363.91,5817.55,8690.48,24871.94,0,0.0,0.0,0.0,0.0,,0.0,Space Not Adequate,2025,5,2,62.2,37.8,1,40.17,137.83,178.0,178.0,137.83,2,38.7,19,31,0,0,1,6,3,36,1,0,1,Banquet,0,0,0.25,941.56,0,1272,2899.93,1,0,0,0,0.0,0.34
L-202505-19463,Lost,Premier Tours,Culinary Tour Group,SMERF,In-person,Rooms Only,SMERF,SMERF,Referral,Low,2025-03-11,2025-03-27,13,2025-05-08,2025-05-09,1,58,13,13,14,0,,1,1,3,1.0,54738.69,1,79.9,180.33,169.35,2278.11,0.0,0.0,2278.11,0,0.0,0.0,0.0,0.0,,0.0,Canceled by Client,2025,5,2,64.3,35.7,1,45.54,228.55,274.09,228.55,274.09,1,0.0,13,0,0,0,0,0,0,0,0,0,0,,0,0,0.0,0.0,0,0,0.0,0,0,0,0,0.0,0.0
L-202505-51721,Lost,Professional Engineers Society,Certification Training,Association,In-person,Full Package,Education,Education,RFP,High,2024-10-10,2024-11-14,27,2025-05-09,2025-05-11,2,211,106,212,122,1,Grand Ballroom,1,0,8,1.0,43195.41,1,92.3,187.11,171.42,35670.4,5715.61,22239.82,63625.83,0,0.0,0.0,0.0,0.0,,0.0,Dates Not Available,2025,5,4,71.8,28.2,1,48.23,147.63,195.86,195.86,150.35,2,0.0,106,106,0,0,1,1,1,12,1,0,1,Classroom,2,0,2.03,2389.79,591,753,3685.94,1,0,0,0,0.0,0.51
L-202505-58072,Lost,Premier Tours,International Tour Package,Corporate,In-person,Rooms Only,Trade/Manufacturing,Trade/Manufacturing,Third-Party Planner,Medium,2025-02-15,2025-03-05,13,2025-05-10,2025-05-11,1,84,48,48,52,0,,0,1,5,1.0,15357.11,1,86.5,191.68,177.86,8525.23,0.0,0.0,8525.23,0,0.0,0.0,0.0,0.0,,0.0,Chose Another Venue,2025,5,2,58.1,41.9,0,26.39,140.93,167.32,0.0,140.93,1,0.0,48,0,0,0,0,0,0,0,0,0,0,,0,0,0.0,0.0,0,0,0.0,0,0,0,0,0.0,0.0
L-202505-65072,Lost,Youth Organization,Church Retreat Weekend,SMERF,In-person,Full Package,Other,Other,Third-Party Planner,Low,2025-01-03,2025-02-01,20,2025-05-10,2025-05-11,1,127,57,57,73,1,Half Ballroom,1,0,9,1.0,59766.78,2,91.7,199.16,197.65,9268.04,1552.7,3414.08,14234.82,0,0.0,0.0,0.0,0.0,,0.0,Space Not Adequate,2025,5,4,65.5,34.5,1,97.6,128.85,226.45,226.45,128.85,1,0.0,57,0,0,0,2,1,1,8,1,0,1,Classroom,0,0,0.05,1301.68,0,583,4136.7,1,0,0,0,100.0,0.61
L-202505-25496,Lost,Real Estate Board,Member Appreciation Event,Association,Hybrid,Full Package,Government,Government,Sales Call,High,2024-11-10,2024-12-14,24,2025-05-11,2025-05-14,3,182,68,204,79,1,Half Ballroom,1,1,10,0.0,0.0,3,87.7,186.75,178.85,34665.93,6994.75,23665.36,65326.04,0,0.0,0.0,0.0,0.0,,0.0,Budget Constraints,2025,5,4,53.4,46.6,1,47.24,128.59,175.83,175.83,154.94,2,6.2,59,68,59,0,2,5,2,16,1,0,1,Classroom,0,0,0.03,1334.48,0,6050,7402.6,2,0,0,0,100.0,0.66
L-202505-22923,Lost,Veterans Group,School District Meeting,SMERF,Virtual,Full Package,Other,Other,Repeat Client,Low,2025-03-31,2025-04-26,18,2025-05-15,2025-05-16,1,45,33,33,41,1,Half Ballroom,1,0,8,0.0,0.0,1,81.8,171.77,179.28,5659.08,1468.24,1801.67,8928.99,0,0.0,0.0,0.0,0.0,,0.0,Client Went Direct,2025,5,2,59.3,40.7,0,13.17,128.11,141.28,0.0,128.11,1,0.0,33,0,0,0,1,2,1,8,1,0,1,Theater,2,0,2.33,1128.49,26,0,1009.14,0,0,0,0,100.0,0.34
L-202505-87460,Lost,Nursing Council,Industry Forum,Association,In-person,Full Package,Healthcare,Healthcare,Direct Inquiry,Low,2024-08-07,2024-08-30,15,2025-05-15,2025-05-18,3,281,61,183,72,1,Half Ballroom,1,0,8,0.0,0.0,4,82.2,170.27,173.52,28768.36,6994.65,23984.54,59747.55,0,0.0,0.0,0.0,0.0,,0.0,Budget Constraints,2025,5,3,74.3,25.7,1,114.91,126.88,241.79,241.79,126.88,2,3.4,58,61,56,0,2,1,1,8,1,0,1,Classroom,0,0,0.45,1625.17,0,322,2562.27,1,0,0,0,0.0,0.6
L-202505-26153,Lost,Education Foundation,Committee Meeting,Association,Hybrid,Full Package,Healthcare,Healthcare,Referral,High,2024-09-12,2024-10-14,21,2025-05-24,2025-05-26,2,254,58,116,69,1,Half Ballroom,1,1,11,0.0,0.0,1,82.2,176.24,177.14,19828.12,5941.2,14053.06,39822.38,0,0.0,0.0,0.0,0.0,,0.0,Client Went Direct,2025,5,3,61.9,38.1,1,125.44,160.96,286.4,190.31,160.96,2,15.5,49,58,0,0,2,1,1,8,1,0,1,Classroom,1,0,0.78,1630.36,685,3390,7876.96,5,0,0,0,100.0,0.57
L-202505-51309,Lost,Senior Adventures,Bird Watching Tour,SMERF,Hybrid,Rooms Only,Other,Other,Sales Call,Medium,2025-01-06,2025-01-23,12,2025-05-24,2025-05-25,1,138,32,32,36,0,Meeting Room 1,1,1,5,1.0,13937.85,2,80.3,172.29,176.8,5491.14,687.71,1075.23,7254.08,0,0.0,0.0,0.0,0.0,,0.0,Chose Another Venue,2025,5,2,66.5,33.5,0,24.24,140.19,164.43,0.0,140.19,1,0.0,32,0,0,0,0,5,2,24,0,0,1,,0,0,0.42,0.0,0,4980,5684.74,3,0,0,0,50.0,0.0
L-202505-99449,Lost,Regional Healthcare System,Board of Directors Meeting,Corporate,Hybrid,Meeting Only,Other,Other,Website,Medium,2025-03-05,2025-03-22,9,2025-05-24,2025-05-26,2,80,0,0,55,1,Half Ballroom,1,0,8,1.0,48070.59,2,81.6,179.67,0.0,0.0,5250.63,10850.58,16101.21,0,0.0,0.0,0.0,0.0,,0.0,Client Went Direct,2025,5,0,0.0,0.0,0,0.0,0.0,0.0,0.0,0.0,0,0.0,0,0,0,0,1,2,1,8,1,0,1,Theater,2,0,2.32,1176.42,1208,2896,5689.52,2,0,0,0,100.0,0.46
L-202505-23575,Lost,Service Club,Youth Sports Tournament,SMERF,In-person,Full Package,Education,Education,Cvent,Low,2025-01-22,2025-02-13,12,2025-05-26,2025-05-27,1,124,58,58,77,1,Half Ballroom,1,1,10,1.0,33216.71,4,85.3,161.97,169.41,9599.08,1791.48,3924.65,15315.21,0,0.0,0.0,0.0,0.0,,0.0,Client Went Direct,2025,5,4,69.6,30.4,1,154.44,135.08,289.52,196.76,135.08,1,0.0,58,0,0,0,1,2,2,16,1,0,1,Theater,3,1,2.82,1140.79,1372,1510,5310.51,5,0,0,0,100.0,0.64
L-202505-80950,Lost,Dental Association,Annual Member Conference,Association,In-person,Rooms Only,Association,Association,Direct Inquiry,High,2024-08-14,2024-09-05,17,2025-05-27,2025-05-29,2,286,83,166,91,0,,1,0,5,1.0,33550.53,2,84.1,166.51,164.99,27915.1,0.0,0.0,27915.1,0,0.0,0.0,0.0,0.0,,0.0,Space Not Adequate,2025,5,3,58.3,41.7,1,145.25,134.48,279.73,246.71,134.48,2,0.0,83,83,0,0,0,0,0,0,0,0,0,,0,0,0.0,0.0,0,0,0.0,0,0,0,0,0.0,0.0
L-202505-37103,Lost,Real Estate Board,Educational Seminar Series,Association,In-person,Full Package,Healthcare,Healthcare,Website,Low,2024-11-15,2024-12-14,22,2025-05-28,2025-05-30,2,194,75,150,90,1,Half Ballroom,1,0,7,1.0,35323.41,4,82.9,171.71,160.57,24050.93,5904.95,18571.32,48527.2,0,0.0,0.0,0.0,0.0,,0.0,Dates Not Available,2025,5,2,64.6,35.4,1,88.68,129.12,217.8,217.8,129.12,2,4.0,72,75,0,0,1,1,2,16,1,0,1,Theater,1,0,1.35,1339.7,1348,1038,4323.38,3,0,0,0,100.0,0.75
L-202505-84261,Lost,Youth Organization,Volunteer Training,SMERF,In-person,Full Package,Government,Government,Referral,Low,2025-04-14,2025-05-16,20,2025-05-31,2025-06-01,1,47,35,35,38,1,Breakout Room,1,0,12,1.0,75609.56,2,87.9,164.76,148.55,5484.61,1651.62,1386.9,8523.13,0,0.0,0.0,0.0,0.0,,0.0,Canceled by Client,2025,5,2,55.6,44.4,1,104.42,125.89,230.31,230.31,125.89,1,0.0,35,0,0,0,1,1,3,24,0,0,1,Classroom,3,1,3.0,529.95,610,1278,3207.7,2,0,0,0,0.0,0.95
L-202506-48738,Lost,Personal Event,Bar/Bat Mitzvah,Wedding/Social,In-person,Meeting Only,Social,Social/Private,Cvent,High,2024-06-03,2024-07-20,37,2025-06-03,2025-06-04,1,365,0,0,93,1,Half Ballroom,1,0,10,1.0,28466.85,3,73.3,158.56,0.0,0.0,4715.19,11191.92,15907.11,0,0.0,0.0,0.0,0.0,,0.0,Lost to Competition,2025,6,0,0.0,0.0,0,0.0,0.0,0.0,0.0,0.0,0,0.0,0,0,0,0,2,1,1,4,1,0,1,Reception,3,1,2.89,1380.75,190,157,2081.13,1,0,0,0,100.0,0.78
L-202506-90199,Lost,Premier Tours,Cultural Heritage Journey,SMERF,In-person,Rooms Only,Other,Other,RFP,Low,2024-12-30,2025-01-19,16,2025-06-03,2025-06-04,1,155,21,21,23,0,,0,0,4,0.0,0.0,4,67.1,162.64,159.81,3718.97,0.0,0.0,3718.97,0,0.0,0.0,0.0,0.0,,0.0,Budget Constraints,2025,6,2,52.9,47.1,1,47.09,126.75,173.84,173.84,126.75,1,0.0,21,0,0,0,0,0,0,0,0,0,0,,0,0,0.0,0.0,0,0,0.0,0,0,0,0,0.0,0.0
L-202506-65904,Lost,State Medical Association,State Convention,Association,In-person,Full Package,Education,Education,Website,Medium,2024-11-24,2024-12-27,22,2025-06-04,2025-06-05,1,192,62,62,85,1,Half Ballroom,1,1,11,1.0,43868.81,3,70.1,164.72,157.53,10038.03,2641.9,7553.94,20233.87,0,0.0,0.0,0.0,0.0,,0.0,Dates Not Available,2025,6,3,71.6,28.4,1,96.97,183.86,280.83,220.11,183.86,1,0.0,62,0,0,0,2,5,3,24,1,0,1,Classroom,0,0,0.31,1527.99,0,6860,7853.98,4,0,0,0,50.0,0.71
L-202506-39232,Lost,Social Event,Williams-Brown Wedding,Wedding/Social,In-person,Full Package,Social,Social/Private,Cvent,Low,2024-07-07,2024-08-15,26,2025-06-06,2025-06-07,1,334,31,31,41,1,Half Ballroom,1,1,13,0.0,0.0,3,71.6,160.14,150.7,5587.52,2618.96,5069.72,13276.2,0,0.0,0.0,0.0,0.0,,0.0,Client Went Direct,2025,6,4,69.3,30.7,1,156.3,127.72,284.02,220.34,127.72,1,0.0,31,0,0,0,1,1,1,8,1,0,1,Banquet,0,0,0.12,1287.28,0,727,1532.6,1,0,0,0,50.0,0.34
L-202506-90544,Lost,Private Individual,Graduation Celebration,Wedding/Social,In-person,Full Package,Social,Social/Private,Direct Inquiry,Medium,2024-08-01,2024-09-19,35,2025-06-08,2025-06-09,1,311,39,39,43,1,Half Ballroom,1,1,14,0.0,0.0,1,77.4,159.88,152.23,6424.5,2684.19,6359.31,15468.0,0,0.0,0.0,0.0,0.0,,0.0,Lost to Competition,2025,6,2,63.5,36.5,1,111.21,178.32,289.53,178.32,178.32,1,0.0,39,0,0,0,1,4,2,16,1,0,1,Banquet,3,1,2.86,1310.19,413,2116,4562.93,1,0,0,0,100.0,0.36
L-202506-48528,Lost,Professional Engineers Society,Member Appreciation Event,Association,In-person,Full Package,Other,Other,Sales Call,Low,2025-01-18,2025-02-22,28,2025-06-09,2025-06-12,3,142,59,177,74,1,Half Ballroom,1,0,7,0.0,0.0,3,72.4,163.81,155.83,31203.01,7232.58,22138.51,60574.1,0,0.0,0.0,0.0,0.0,,0.0,Client Went Direct,2025,6,3,51.4,48.6,1,46.29,141.23,187.52,187.52,141.23,2,6.5,52,59,50,0,2,3,2,16,1,0,1,Banquet,3,1,2.82,1760.9,1302,8520,12102.82,5,0,0,0,50.0,0.62
L-202506-88128,Lost,Professional Services Group,Product Launch Event,Corporate,In-person,Full Package,Professional Services,Professional Services,Referral,Low,2025-04-15,2025-05-09,14,2025-06-09,2025-06-10,1,55,43,43,59,1,Half Ballroom,1,0,10,1.0,74801.65,2,76.7,163.23,170.59,6610.82,2524.12,4226.96,13361.9,0,0.0,0.0,0.0,0.0,,0.0,Client Went Direct,2025,6,2,50.6,49.4,0,5.72,129.06,134.78,0.0,134.78,1,0.0,43,0,0,0,1,2,1,8,1,0,1,Banquet,2,0,2.16,1029.97,1165,1676,5150.05,2,0,0,0,100.0,0.49
L-202506-24681,Lost,Community Church,Youth Sports Tournament,SMERF,In-person,Meeting Only,Association,Association,Sales Call,Low,2025-02-20,2025-03-18,17,2025-06-11,2025-06-12,1,111,0,0,41,1,Half Ballroom,1,0,9,1.0,15938.21,1,74.1,164.43,0.0,0.0,1687.66,1821.29,3508.95,0,0.0,0.0,0.0,0.0,,0.0,Rates Too High / Client Declined,2025,6,0,0.0,0.0,0,0.0,0.0,0.0,0.0,0.0,0,0.0,0,0,0,0,1,2,3,24,1,0,1,Classroom,3,1,2.85,842.13,1347,2488,5813.1,4,0,0,0,100.0,0.34
L-202506-48063,Lost,Education Foundation,Continuing Education Conference,Association,In-person,Full Package,Education,Education,Sales Call,Low,2024-10-07,2024-11-08,18,2025-06-17,2025-06-20,3,253,75,225,85,1,Half Ballroom,1,1,14,0.0,0.0,2,70.1,160.22,162.23,37634.36,8658.51,23615.29,69908.16,0,0.0,0.0,0.0,0.0,,0.0,Space Not Adequate,2025,6,4,65.6,34.4,1,132.87,137.92,270.79,216.48,137.92,2,0.6,74,75,74,0,2,1,1,12,1,0,1,Classroom,0,0,0.45,1638.58,0,0,1031.6,0,0,0,0,100.0,0.71
L-202506-82423,Lost,Private Individual,Graduation Celebration,Wedding/Social,In-person,Full Package,Social,Social/Private,Sales Call,High,2025-01-10,2025-02-07,14,2025-06-17,2025-06-18,1,158,50,50,68,1,Half Ballroom,1,1,14,1.0,22940.33,2,75.7,163.13,147.37,8686.4,2635.49,7890.6,19212.49,0,0.0,0.0,0.0,0.0,,0.0,Rates Too High / Client Declined,2025,6,4,59.5,40.5,1,155.78,137.28,293.06,229.04,137.28,1,0.0,50,0,0,0,2,3,2,16,1,0,1,Banquet,2,0,2.41,1422.58,1160,1791,5389.81,3,0,0,0,100.0,0.57
L-202506-19516,Lost,Consulting Network,Quarterly Business Review,Corporate,Hybrid,Full Package,Legal,Legal,Third-Party Planner,Low,2025-03-11,2025-03-31,12,2025-06-18,2025-06-20,2,99,11,22,14,1,Boardroom,1,1,8,0.0,0.0,1,73.9,159.11,151.12,3967.1,3116.68,2660.97,9744.75,0,0.0,0.0,0.0,0.0,,0.0,Budget Constraints,2025,6,4,69.6,30.4,1,129.51,139.64,269.15,217.33,139.64,2,81.8,2,11,0,0,1,1,1,8,0,1,1,Boardroom,3,1,2.85,385.62,1291,0,1777.75,0,0,0,0,0.0,1.0
L-202506-26571,Lost,State Medical Association,Professional Development Symposium,Association,In-person,Full Package,Education,Education,Sales Call,Low,2024-08-14,2024-09-13,19,2025-06-18,2025-06-19,1,308,70,70,96,1,Half Ballroom,1,0,11,1.0,30419.51,2,74.2,162.19,168.86,12456.34,2647.32,9828.71,24932.37,0,0.0,0.0,0.0,0.0,,0.0,Chose Another Venue,2025,6,4,53.3,46.7,1,157.52,129.57,287.09,224.78,129.57,1,0.0,70,0,0,0,2,1,1,8,1,0,1,Theater,2,0,2.39,1633.87,844,1660,3862.22,4,0,0,0,50.0,0.8
L-202506-14920,Lost,Consulting Network,Strategic Planning Retreat,Corporate,In-person,Full Package,Other,Other,Referral,Medium,2025-04-06,2025-04-24,8,2025-06-22,2025-06-23,1,77,23,23,30,1,Breakout Room,1,0,10,0.0,0.0,4,72.6,159.89,167.47,3591.14,2488.26,2132.65,8212.05,0,0.0,0.0,0.0,0.0,,0.0,Rates Too High / Client Declined,2025,6,2,52.1,47.9,1,77.49,142.51,220.0,220.0,142.51,1,0.0,23,0,0,0,1,1,1,12,0,0,1,Classroom,1,0,0.9,421.72,568,1686,3286.81,3,0,0,0,100.0,0.75
L-202506-72499,Lost,Real Estate Board,Industry Forum,Association,Hybrid,Full Package,Association,Association,Referral,Medium,2024-10-01,2024-10-29,19,2025-06-23,2025-06-25,2,265,93,186,109,1,Half Ballroom,1,1,9,0.0,0.0,1,69.0,164.12,170.5,30323.68,5940.86,16844.63,53109.17,0,0.0,0.0,0.0,0.0,,0.0,Budget Constraints,2025,6,4,62.8,37.2,1,90.82,144.76,235.58,235.58,151.48,2,8.6,85,93,0,0,2,2,1,12,1,0,1,Theater,0,0,0.22,1832.11,0,5830,8034.09,5,0,0,0,0.0,0.91
L-202506-35471,Lost,Heritage Travel,Regional History Tour,Corporate,In-person,Rooms Only,Finance,Finance,RFP,Low,2025-04-03,2025-04-20,10,2025-06-25,2025-06-26,1,83,53,53,58,0,,1,0,7,1.0,75230.92,3,72.3,162.88,151.32,9360.15,0.0,0.0,9360.15,0,0.0,0.0,0.0,0.0,,0.0,Space Not Adequate,2025,6,4,67.5,32.5,1,146.91,144.61,291.52,190.03,149.9,1,0.0,53,0,0,0,0,0,0,0,0,0,0,,0,0,0.0,0.0,0,0,0.0,0,0,0,0,0.0,0.0
L-202506-41149,Lost,Travel Club International,Wine Country Excursion,Corporate,In-person,Rooms Only,Professional Services,Professional Services,Repeat Client,Low,2025-05-16,2025-05-28,9,2025-06-25,2025-06-26,1,40,55,55,60,0,,1,0,3,1.0,17394.94,3,75.4,164.35,162.25,9551.1,0.0,0.0,9551.1,0,0.0,0.0,0.0,0.0,,0.0,Client Went Direct,2025,6,2,57.3,42.7,1,82.39,182.72,265.11,182.72,265.11,1,0.0,55,0,0,0,0,0,0,0,0,0,0,,0,0,0.0,0.0,0,0,0.0,0,0,0,0,0.0,0.0
L-202506-38257,Lost,Industry Trade Group,Member Appreciation Event,Association,In-person,Full Package,Education,Education,Website,High,2024-10-28,2024-12-04,23,2025-06-27,2025-06-29,2,242,85,170,97,1,Half Ballroom,1,0,14,1.0,30554.53,3,67.7,157.16,151.95,28158.14,7548.91,21819.9,57526.95,0,0.0,0.0,0.0,0.0,,0.0,Dates Not Available,2025,6,4,63.0,37.0,1,52.29,135.94,188.23,188.23,135.94,2,11.8,75,85,0,0,2,2,2,16,1,0,1,Theater,0,0,0.35,1805.86,0,1672,3156.8,4,0,0,0,0.0,0.81
L-202507-36009,Lost,Personal Event,Charity Gala,Wedding/Social,In-person,Rooms Only,Social,Social/Private,Third-Party Planner,Low,2024-10-06,2024-11-07,29,2025-07-03,2025-07-04,1,270,44,44,48,0,,1,1,3,0.0,0.0,1,70.3,157.22,156.94,7898.94,0.0,0.0,7898.94,0,0.0,0.0,0.0,0.0,,0.0,Budget Constraints,2025,7,2,50.4,49.6,0,152.16,142.21,294.37,0.0,142.21,1,0.0,44,0,0,0,0,0,0,0,0,0,0,,0,0,0.0,0.0,0,0,0.0,0,0,0,0,0.0,0.0
L-202507-98964,Lost,Professional Services Group,Management Training,Corporate,In-person,Full Package,Legal,Legal,Direct Inquiry,Low,2025-06-03,2025-06-20,9,2025-07-03,2025-07-04,1,30,31,31,34,1,Breakout Room,1,1,8,0.0,0.0,1,60.0,149.9,148.42,5419.89,2237.62,3074.65,10732.16,0,0.0,0.0,0.0,0.0,,0.0,Lost to Competition,2025,7,4,74.9,25.1,1,158.3,134.51,292.81,219.59,134.51,1,0.0,31,0,0,0,1,1,1,8,0,0,1,Classroom,2,0,1.74,482.89,1321,2652,5499.94,4,0,0,0,50.0,0.85
L-202507-32525,Lost,Senior Adventures,Nature & Wildlife Tour,Corporate,In-person,Rooms Only,Professional Services,Professional Services,Third-Party Planner,Medium,2025-04-16,2025-05-05,13,2025-07-06,2025-07-08,2,81,19,38,20,0,,1,0,6,1.0,26395.95,1,60.8,157.31,155.83,5853.97,0.0,0.0,5853.97,0,0.0,0.0,0.0,0.0,,0.0,Dates Not Available,2025,7,2,52.6,47.4,0,129.56,150.57,280.13,0.0,150.57,2,47.4,10,19,0,0,0,0,0,0,0,0,0,,0,0,0.0,0.0,0,0,0.0,0,0,0,0,0.0,0.0
L-202507-89116,Lost,Travel Club International,Culinary Tour Group,SMERF,In-person,Rooms Only,Education,Education,Sales Call,Low,2025-03-05,2025-03-23,14,2025-07-06,2025-07-07,1,123,14,14,15,0,,0,0,4,1.0,56954.47,1,67.1,153.8,152.06,2189.5,0.0,0.0,2189.5,0,0.0,0.0,0.0,0.0,,0.0,Budget Constraints,2025,7,2,64.2,35.8,1,37.61,146.44,184.05,184.05,146.44,1,0.0,14,0,0,0,0,0,0,0,0,0,0,,0,0,0.0,0.0,0,0,0.0,0,0,0,0,0.0,0.0
L-202507-52611,Lost,Insurance Federation,Industry Forum,Association,In-person,Full Package,Healthcare,Healthcare,Website,High,2024-10-20,2024-11-16,20,2025-07-08,2025-07-09,1,261,38,38,49,1,Half Ballroom,1,0,7,0.0,0.0,2,64.7,164.97,150.58,6542.37,2475.25,4458.75,13476.37,0,0.0,0.0,0.0,0.0,,0.0,Dates Not Available,2025,7,4,55.5,44.5,1,96.95,127.03,223.98,223.98,127.03,1,0.0,38,0,0,0,1,7,3,24,1,0,1,Theater,1,0,1.47,1289.94,671,9184,11862.23,4,0,0,0,0.0,0.41
L-202507-76123,Lost,Service Club,Fraternity/Sorority Reunion,SMERF,In-person,Meeting Only,Association,Association,Third-Party Planner,Low,2025-05-24,2025-06-16,13,2025-07-08,2025-07-09,1,45,0,0,96,1,Half Ballroom,0,0,10,0.0,0.0,4,60.8,158.69,0.0,0.0,2065.27,4265.71,6330.98,0,0.0,0.0,0.0,0.0,,0.0,Client Went Direct,2025,7,0,0.0,0.0,0,0.0,0.0,0.0,0.0,0.0,0,0.0,0,0,0,0,1,1,3,36,1,0,1,Classroom,1,0,1.44,1198.24,1100,2828,5049.75,4,1,0,1,100.0,0.8
L-202507-40999,Lost,Nursing Council,Regional Chapter Meeting,Association,In-person,Full Package,Association,Association,Cvent,Low,2024-09-11,2024-10-11,23,2025-07-10,2025-07-12,2,302,72,144,83,1,Half Ballroom,1,0,7,1.0,15939.54,3,65.7,162.38,151.85,23247.0,5699.94,17435.39,46382.33,0,0.0,0.0,0.0,0.0,,0.0,Space Not Adequate,2025,7,3,67.6,32.4,0,146.86,140.47,287.33,0.0,143.79,2,11.1,64,72,0,0,1,2,1,8,1,0,1,Theater,3,1,2.53,1216.08,222,1892,3930.84,2,0,0,0,100.0,0.69
L-202507-54265,Lost,Dental Association,Awards Gala Weekend,Association,Hybrid,Full Package,Healthcare,Healthcare,Website,High,2024-11-27,2024-12-28,18,2025-07-10,2025-07-13,3,225,53,159,67,1,Half Ballroom,1,1,13,0.0,0.0,4,67.1,153.19,147.47,24641.8,7674.34,18102.09,50418.23,0,0.0,0.0,0.0,0.0,,0.0,Chose Another Venue,2025,7,2,70.0,30.0,0,17.69,149.07,166.76,0.0,149.07,2,9.4,42,53,43,0,2,1,3,24,1,0,1,Classroom,2,0,2.17,1764.81,555,3745,6109.22,5,1,0,1,50.0,0.56
L-202507-44967,Lost,Social Event,Bar/Bat Mitzvah,Wedding/Social,In-person,Full Package,Social,Social/Private,Third-Party Planner,Medium,2025-01-21,2025-02-25,23,2025-07-18,2025-07-19,1,178,22,22,25,1,Breakout Room,1,0,12,0.0,0.0,2,63.2,151.2,140.08,3647.58,2811.59,2791.97,9251.14,0,0.0,0.0,0.0,0.0,,0.0,Budget Constraints,2025,7,2,50.3,49.7,1,42.69,130.71,173.4,173.4,130.71,1,0.0,22,0,0,0,1,4,3,36,0,0,1,Banquet,1,0,1.16,456.38,1228,0,1802.61,0,0,0,0,100.0,0.62
L-202507-66118,Lost,Local School District,Community Service Event,SMERF,In-person,Full Package,Education,Education,Repeat Client,Low,2025-02-14,2025-03-14,21,2025-07-18,2025-07-20,2,154,21,42,23,1,Breakout Room,1,0,7,0.0,0.0,3,64.7,154.16,148.69,6467.09,2551.08,2166.13,11184.3,0,0.0,0.0,0.0,0.0,,0.0,Lost to Competition,2025,7,2,72.5,27.5,1,87.34,163.73,251.07,251.07,163.73,2,28.6,15,21,0,0,1,2,1,8,0,0,1,Classroom,2,0,1.89,452.64,236,5940,7004.59,5,0,1,1,50.0,0.57
L-202507-99390,Lost,Professional Services Group,Quarterly Business Review,Corporate,In-person,Rooms Only,Healthcare,Healthcare,Sales Call,Medium,2025-05-14,2025-06-01,12,2025-07-18,2025-07-20,2,65,86,172,94,0,,0,0,6,0.0,0.0,4,64.1,152.61,151.9,30572.42,0.0,0.0,30572.42,0,0.0,0.0,0.0,0.0,,0.0,Space Not Adequate,2025,7,4,66.8,33.2,1,111.06,161.8,272.86,249.12,161.8,2,4.7,82,86,0,0,0,0,0,0,0,0,0,,0,0,0.0,0.0,0,0,0.0,0,0,0,0,0.0,0.0
L-202507-36557,Lost,Pharmaceutical Partners,Performance Review Summit,Corporate,In-person,Full Package,Other,Other,RFP,High,2025-04-18,2025-05-04,9,2025-07-23,2025-07-25,2,96,50,100,68,1,Half Ballroom,1,1,7,0.0,0.0,4,71.2,160.75,162.72,17437.84,5052.61,12935.59,35426.04,0,0.0,0.0,0.0,0.0,,0.0,Client Went Direct,2025,7,3,61.3,38.7,1,84.4,139.46,223.86,223.86,139.46,2,8.0,46,50,0,0,2,4,2,24,1,0,1,Classroom,1,0,0.6,1720.13,1452,8508,11233.6,3,0,0,0,100.0,0.57
L-202507-98000,Lost,Regional Healthcare System,Product Launch Event,Corporate,Virtual,Full Package,Trade/Manufacturing,Trade/Manufacturing,Cvent,Medium,2025-05-19,2025-06-04,9,2025-07-25,2025-07-26,1,67,32,32,40,1,Breakout Room,1,1,7,0.0,0.0,4,57.6,154.86,148.79,5500.03,2201.18,3166.56,10867.77,0,0.0,0.0,0.0,0.0,,0.0,Lost to Competition,2025,7,3,53.9,46.1,1,141.2,145.11,286.31,233.02,145.11,1,0.0,32,0,0,0,1,2,1,4,0,0,1,Theater,3,1,2.87,462.89,640,3128,5824.72,4,0,0,0,100.0,1.0
L-202507-81219,Lost,Global Industries,Quarterly Business Review,Corporate,In-person,Full Package,Government,Government,Direct Inquiry,Medium,2025-06-04,2025-06-29,12,2025-07-26,2025-07-28,2,52,57,114,75,1,Half Ballroom,1,0,13,0.0,0.0,4,63.8,157.55,163.23,18150.15,6477.11,15034.38,39661.64,0,0.0,0.0,0.0,0.0,,0.0,Dates Not Available,2025,7,4,72.5,27.5,1,139.76,125.76,265.52,229.55,125.76,2,1.8,56,57,0,0,1,5,2,8,1,0,1,Classroom,2,0,2.02,1223.54,630,2880,5462.28,1,0,0,0,50.0,0.62
L-202507-72707,Lost,TechCorp Solutions,Innovation Workshop,Corporate,In-person,Full Package,Technology,Technology,Referral,Medium,2025-06-27,2025-07-17,7,2025-07-27,2025-07-29,2,30,67,134,73,1,Half Ballroom,1,1,13,0.0,0.0,1,66.3,163.74,152.63,22323.5,5290.4,11307.6,38921.5,0,0.0,0.0,0.0,0.0,,0.0,Client Went Direct,2025,7,2,52.6,47.4,0,14.77,132.0,146.77,0.0,132.0,2,16.4,56,67,0,0,1,1,1,8,1,0,1,Classroom,0,0,0.48,1238.51,0,2277,3691.51,3,0,0,0,0.0,0.61
L-202507-40926,Lost,Premier Tours,Culinary Tour Group,Corporate,In-person,Rooms Only,Legal,Legal,Sales Call,High,2025-05-07,2025-05-19,9,2025-07-28,2025-07-29,1,82,38,38,41,0,,1,0,3,0.0,0.0,4,63.8,158.63,153.44,6634.06,0.0,0.0,6634.06,0,0.0,0.0,0.0,0.0,,0.0,Canceled by Client,2025,7,2,52.5,47.5,1,46.21,130.58,176.79,176.79,130.58,1,0.0,38,0,0,0,0,0,0,0,0,0,0,,0,0,0.0,0.0,0,0,0.0,0,0,0,0,0.0,0.0
L-202508-47712,Lost,Financial Services Group,Board of Directors Meeting,Corporate,In-person,Rooms Only,Finance,Finance,RFP,Low,2025-06-11,2025-06-22,7,2025-08-03,2025-08-05,2,53,43,86,47,0,,0,0,4,0.0,0.0,4,72.5,159.83,161.21,14468.88,0.0,0.0,14468.88,0,0.0,0.0,0.0,0.0,,0.0,Space Not Adequate,2025,8,3,52.8,47.2,1,129.18,151.95,281.13,235.57,235.57,2,16.3,36,43,0,0,0,0,0,0,0,0,0,,0,0,0.0,0.0,0,0,0.0,0,0,0,0,0.0,0.0
L-202508-56405,Lost,Personal Event,Milestone Birthday Party,Wedding/Social,In-person,Rooms Only,Social,Social/Private,Referral,Medium,2024-10-05,2024-10-31,22,2025-08-11,2025-08-12,1,310,33,33,36,0,,0,0,4,0.0,0.0,1,72.5,158.4,162.99,5219.72,0.0,0.0,5219.72,0,0.0,0.0,0.0,0.0,,0.0,Budget Constraints,2025,8,3,65.2,34.8,1,133.44,154.59,288.03,191.63,288.03,1,0.0,33,0,0,0,0,0,0,0,0,0,0,,0,0,0.0,0.0,0,0,0.0,0,0,0,0,0.0,0.0
L-202508-71609,Lost,Personal Event,Baby Shower Weekend,Wedding/Social,In-person,Meeting Only,Social,Social/Private,RFP,Medium,2025-03-16,2025-04-16,22,2025-08-13,2025-08-14,1,150,0,0,139,1,Grand Ballroom,0,1,9,1.0,74933.24,2,67.0,159.24,0.0,0.0,4543.36,16917.95,21461.31,0,0.0,0.0,0.0,0.0,,0.0,Chose Another Venue,2025,8,0,0.0,0.0,0,0.0,0.0,0.0,0.0,0.0,0,0.0,0,0,0,0,1,4,2,16,1,0,1,Reception,0,0,0.31,2018.58,0,9472,11725.09,4,1,0,0,0.0,0.58
L-202508-80451,Lost,Professional Engineers Society,Continuing Education Conference,Association,In-person,Full Package,Education,Education,Referral,Low,2025-01-23,2025-02-25,20,2025-08-15,2025-08-18,3,204,68,204,87,1,Half Ballroom,1,0,13,1.0,55025.95,2,69.7,164.19,171.71,31560.7,7209.22,21680.83,60450.75,0,0.0,0.0,0.0,0.0,,0.0,Space Not Adequate,2025,8,3,60.4,39.6,0,154.84,125.21,280.05,0.0,125.21,2,6.2,59,68,59,0,1,2,1,4,1,0,1,Theater,3,1,2.89,1175.03,398,0,1402.89,0,0,0,0,0.0,0.72
L-202508-39878,Lost,Tour Operator Network,Garden Tour Society,Corporate,In-person,Full Package,Other,Other,Referral,Low,2025-06-07,2025-06-26,10,2025-08-18,2025-08-20,2,72,31,62,42,1,Half Ballroom,1,0,9,0.0,0.0,2,76.4,165.19,158.57,10390.57,1518.84,2989.92,14899.33,0,0.0,0.0,0.0,0.0,,0.0,Canceled by Client,2025,8,4,55.2,44.8,1,148.61,128.96,277.57,176.31,128.96,2,3.2,30,31,0,0,1,2,1,4,1,0,1,Classroom,3,1,2.66,890.02,407,1844,4109.58,2,0,0,0,0.0,0.35
L-202508-78019,Lost,Pharmaceutical Partners,New Hire Orientation,Corporate,Hybrid,Full Package,Healthcare,Healthcare,Repeat Client,High,2025-07-01,2025-07-22,9,2025-08-19,2025-08-20,1,49,31,31,35,1,Breakout Room,1,1,12,0.0,0.0,4,68.1,154.14,158.9,4937.14,2515.95,3476.46,10929.55,0,0.0,0.0,0.0,0.0,,0.0,Rates Too High / Client Declined,2025,8,2,53.8,46.2,1,86.28,168.21,254.49,254.49,168.21,1,0.0,31,0,0,0,1,1,1,4,0,0,1,Classroom,3,1,2.66,449.16,41,1440,2234.93,4,0,0,0,100.0,0.88
L-202508-86923,Lost,Energy Solutions,Innovation Workshop,Corporate,In-person,Full Package,Professional Services,Professional Services,Referral,Low,2025-06-18,2025-07-06,7,2025-08-25,2025-08-27,2,68,30,60,38,1,Breakout Room,1,0,11,0.0,0.0,4,75.8,163.24,150.38,10519.32,5492.81,6640.13,22652.26,0,0.0,0.0,0.0,0.0,,0.0,Chose Another Venue,2025,8,3,72.4,27.6,1,135.15,152.31,287.46,180.82,152.31,2,26.7,22,30,0,0,1,1,1,8,0,0,1,Theater,2,0,1.74,490.61,446,1623,2782.56,3,0,0,0,50.0,0.95
L-202508-32482,Lost,Retail Corporation,Annual Sales Conference,Corporate,In-person,Meeting Only,Technology,Technology,Sales Call,Medium,2025-05-04,2025-05-22,8,2025-08-27,2025-08-29,2,115,0,0,36,1,Breakout Room,1,0,10,1.0,50445.05,3,75.7,173.6,0.0,0.0,4799.68,5001.79,9801.47,0,0.0,0.0,0.0,0.0,,0.0,Client Went Direct,2025,8,0,0.0,0.0,0,0.0,0.0,0.0,0.0,0.0,0,0.0,0,0,0,0,1,4,2,8,0,0,1,Classroom,0,0,0.15,393.19,0,7700,9379.06,5,0,0,0,0.0,0.9
L-202508-89443,Lost,HR Professionals Network,Educational Seminar Series,Association,In-person,Full Package,Other,Other,RFP,Medium,2024-12-10,2025-01-16,25,2025-08-30,2025-09-01,2,263,41,82,57,1,Half Ballroom,1,1,12,0.0,0.0,1,72.6,162.12,152.97,14536.39,3852.69,10589.06,28978.14,0,0.0,0.0,0.0,0.0,,0.0,Dates Not Available,2025,8,2,56.8,43.2,0,157.21,130.42,287.63,0.0,130.42,2,29.3,29,41,0,0,1,1,2,8,1,0,1,Classroom,3,1,2.91,805.72,380,1032,2654.81,3,0,0,0,50.0,0.47
L-202509-30206,Lost,Global Industries,Quarterly Business Review,Corporate,In-person,Rooms Only,Legal,Legal,Direct Inquiry,Medium,2025-07-18,2025-08-01,8,2025-09-05,2025-09-08,3,49,12,36,13,0,,0,0,6,0.0,0.0,2,82.3,169.2,153.56,5945.35,0.0,0.0,5945.35,0,0.0,0.0,0.0,0.0,,0.0,Space Not Adequate,2025,9,3,65.1,34.9,1,79.91,144.72,224.63,224.63,144.72,2,37.9,1,12,5,0,0,0,0,0,0,0,0,,0,0,0.0,0.0,0,0,0.0,0,0,0,0,0.0,0.0
L-202509-71604,Lost,Financial Services Group,Strategic Planning Retreat,Corporate,In-person,Rooms Only,Legal,Legal,Sales Call,Medium,2025-05-11,2025-05-22,7,2025-09-09,2025-09-11,2,121,50,100,55,0,,1,0,4,0.0,0.0,1,76.7,173.27,163.43,16692.64,0.0,0.0,16692.64,0,0.0,0.0,0.0,0.0,,0.0,Canceled by Client,2025,9,3,67.1,32.9,1,129.68,137.85,267.53,172.3,137.85,2,6.0,47,50,0,0,0,0,0,0,0,0,0,,0,0,0.0,0.0,0,0,0.0,0,0,0,0,0.0,0.0
L-202509-26569,Lost,TechCorp Solutions,Product Launch Event,Corporate,In-person,Full Package,Legal,Legal,Cvent,High,2025-06-13,2025-07-08,11,2025-09-14,2025-09-15,1,93,37,37,50,1,Half Ballroom,1,0,14,0.0,0.0,4,81.0,161.77,163.8,6007.05,2225.17,4231.76,12463.98,0,0.0,0.0,0.0,0.0,,0.0,Canceled by Client,2025,9,4,66.7,33.3,1,116.99,127.73,244.72,244.72,127.73,1,0.0,37,0,0,0,1,4,2,16,1,0,1,Classroom,2,0,2.01,1351.22,138,12860,13511.34,5,0,0,0,50.0,0.42
L-202509-97614,Lost,State Medical Association,Annual Member Conference,Association,In-person,Rooms Only,Other,Other,Sales Call,High,2024-11-29,2024-12-20,14,2025-09-14,2025-09-16,2,289,101,202,111,0,,0,0,7,0.0,0.0,1,77.5,166.03,160.15,33706.75,0.0,0.0,33706.75,0,0.0,0.0,0.0,0.0,,0.0,Client Went Direct,2025,9,2,55.4,44.6,0,9.45,136.2,145.65,0.0,136.2,2,0.0,101,101,0,0,0,0,0,0,0,0,0,,0,0,0.0,0.0,0,0,0.0,0,0,0,0,0.0,0.0
L-202509-92714,Lost,Travel Club International,Nature & Wildlife Tour,Corporate,In-person,Rooms Only,Trade/Manufacturing,Trade/Manufacturing,RFP,Low,2025-07-23,2025-08-11,13,2025-09-15,2025-09-17,2,54,25,50,27,0,,1,1,6,0.0,0.0,4,75.2,160.71,166.7,8424.97,0.0,0.0,8424.97,0,0.0,0.0,0.0,0.0,,0.0,Canceled by Client,2025,9,3,68.6,31.4,1,123.33,127.45,250.78,250.78,130.53,2,20.0,20,25,0,0,0,0,0,0,0,0,0,,0,0,0.0,0.0,0,0,0.0,0,0,0,0,0.0,0.0
L-202509-84869,Lost,Real Estate Board,Leadership Institute,Association,In-person,Full Package,Association,Association,Website,Low,2025-01-18,2025-02-20,19,2025-09-18,2025-09-21,3,243,53,159,70,1,Half Ballroom,1,0,14,0.0,0.0,2,77.5,169.17,161.43,25327.19,7363.41,16716.75,49407.35,0,0.0,0.0,0.0,0.0,,0.0,Space Not Adequate,2025,9,2,63.9,36.1,1,25.77,148.45,174.22,174.22,148.45,2,7.1,45,53,45,0,1,1,2,16,1,0,1,Classroom,1,0,1.12,915.6,1235,2120,5052.62,5,1,0,1,0.0,0.58
L-202509-82974,Lost,Technology Innovators,Performance Review Summit,Corporate,In-person,Rooms Only,Healthcare,Healthcare,Referral,Medium,2025-06-26,2025-07-12,10,2025-09-22,2025-09-23,1,88,38,38,41,0,,0,0,6,1.0,47182.78,1,77.9,169.12,165.52,6575.23,0.0,0.0,6575.23,0,0.0,0.0,0.0,0.0,,0.0,Client Went Direct,2025,9,2,56.7,43.3,0,133.53,133.73,267.26,0.0,133.73,1,0.0,38,0,0,0,0,0,0,0,0,0,0,,0,0,0.0,0.0,0,0,0.0,0,0,0,0,0.0,0.0
L-202509-21835,Lost,Nursing Council,Awards Gala Weekend,Association,In-person,Full Package,Government,Government,Cvent,Medium,2024-11-22,2024-12-25,24,2025-09-23,2025-09-27,4,305,45,180,54,1,Half Ballroom,1,0,9,0.0,0.0,2,77.6,173.3,173.04,31622.82,8812.08,23938.37,64373.27,0,0.0,0.0,0.0,0.0,,0.0,Space Not Adequate,2025,9,2,54.0,46.0,1,96.89,172.39,269.28,172.39,269.28,2,11.9,39,45,39,30,1,1,3,36,1,0,1,Classroom,3,1,2.68,957.69,1126,2824,5677.66,4,0,0,0,100.0,0.45
L-202509-67742,Lost,Youth Athletics,School District Meeting,SMERF,In-person,Rooms Only,Other,Other,Third-Party Planner,Medium,2025-07-25,2025-08-12,15,2025-09-23,2025-09-25,2,60,16,32,17,0,,0,1,3,0.0,0.0,4,81.3,170.88,177.17,5285.31,0.0,0.0,5285.31,0,0.0,0.0,0.0,0.0,,0.0,Space Not Adequate,2025,9,4,69.1,30.9,1,139.09,147.39,286.48,245.92,147.39,2,62.5,6,16,0,0,0,0,0,0,0,0,0,,0,0,0.0,0.0,0,0,0.0,0,0,0,0,0.0,0.0
L-202509-84925,Lost,Insurance Federation,Regional Chapter Meeting,Association,In-person,Full Package,Healthcare,Healthcare,Repeat Client,High,2025-04-13,2025-05-15,18,2025-09-25,2025-09-26,1,165,27,27,37,1,Breakout Room,1,0,14,1.0,22997.56,4,81.7,173.71,174.01,4836.0,2431.3,3016.2,10283.5,0,0.0,0.0,0.0,0.0,,0.0,Chose Another Venue,2025,9,2,71.6,28.4,1,83.19,156.21,239.4,239.4,156.21,1,0.0,27,0,0,0,1,2,2,8,0,0,1,Classroom,2,0,1.56,565.1,131,5456,6816.53,4,1,1,1,100.0,0.93
L-202510-23122,Lost,Private Individual,Quinceañera Celebration,Wedding/Social,In-person,Full Package,Social,Social/Private,Repeat Client,High,2024-12-01,2025-01-08,24,2025-10-04,2025-10-05,1,307,18,18,24,1,Breakout Room,1,0,14,1.0,55895.79,4,97.0,210.0,217.23,2923.32,1972.99,2620.74,7517.05,0,0.0,0.0,0.0,0.0,,0.0,Client Went Direct,2025,10,4,73.3,26.7,1,93.01,140.79,233.8,233.8,140.79,1,0.0,18,0,0,0,1,4,3,12,0,0,1,Banquet,2,0,1.92,407.24,286,2340,4287.3,3,0,0,0,100.0,0.6
L-202510-27115,Lost,Manufacturing Alliance,Annual Sales Conference,Corporate,In-person,Full Package,Finance,Finance,Direct Inquiry,Low,2025-08-07,2025-08-25,7,2025-10-08,2025-10-09,1,62,52,52,64,1,Half Ballroom,1,1,11,1.0,61533.98,3,85.4,171.28,178.81,8491.21,3325.82,5275.36,17092.39,0,0.0,0.0,0.0,0.0,,0.0,Canceled by Client,2025,10,2,52.8,47.2,0,139.7,137.3,277.0,0.0,137.3,1,0.0,52,0,0,0,1,1,1,8,1,0,1,Theater,2,0,2.08,1102.68,532,1480,3461.74,4,0,0,0,0.0,0.53
L-202510-30632,Lost,Senior Adventures,Bird Watching Tour,SMERF,In-person,Rooms Only,Association,Association,Website,Low,2025-08-24,2025-09-20,20,2025-10-08,2025-10-09,1,45,33,33,36,0,,1,0,7,0.0,0.0,2,85.3,168.3,155.54,5804.18,0.0,0.0,5804.18,0,0.0,0.0,0.0,0.0,,0.0,Chose Another Venue,2025,10,3,50.2,49.8,0,3.04,154.6,157.64,0.0,154.69,1,0.0,33,0,0,0,0,0,0,0,0,0,0,,0,0,0.0,0.0,0,0,0.0,0,0,0,0,0.0,0.0
L-202510-80937,Lost,State Medical Association,Leadership Institute,Association,In-person,Meeting Only,Other,Other,Third-Party Planner,High,2025-02-01,2025-03-04,22,2025-10-08,2025-10-10,2,249,0,0,33,1,Breakout Room,1,0,9,0.0,0.0,1,82.7,180.91,0.0,0.0,4754.24,5740.38,10494.62,0,0.0,0.0,0.0,0.0,,0.0,Client Went Direct,2025,10,0,0.0,0.0,0,0.0,0.0,0.0,0.0,0.0,0,0.0,0,0,0,0,1,1,1,8,0,0,1,Classroom,3,1,2.97,424.17,1283,693,2792.85,3,0,0,0,100.0,0.82
L-202510-23292,Lost,Family Celebration,Charity Gala,Wedding/Social,In-person,Full Package,Social,Social/Private,Website,Low,2024-12-20,2025-02-03,34,2025-10-09,2025-10-10,1,293,32,32,43,1,Half Ballroom,1,0,11,0.0,0.0,1,87.8,167.55,168.88,5195.21,3056.68,4702.43,12954.32,0,0.0,0.0,0.0,0.0,,0.0,Rates Too High / Client Declined,2025,10,3,59.9,40.1,1,90.37,147.19,237.56,237.56,147.19,1,0.0,32,0,0,0,1,2,1,8,1,0,1,Reception,2,0,2.25,1021.52,722,2328,5251.93,2,0,0,0,100.0,0.36
L-202510-50762,Lost,Regional Healthcare System,Product Launch Event,Corporate,In-person,Full Package,Healthcare,Healthcare,Sales Call,Medium,2025-07-23,2025-08-13,12,2025-10-11,2025-10-12,1,80,42,42,54,1,Half Ballroom,1,0,9,0.0,0.0,1,87.4,170.89,156.59,6903.93,2609.95,4315.92,13829.8,0,0.0,0.0,0.0,0.0,,0.0,Canceled by Client,2025,10,2,51.9,48.1,0,21.77,136.25,158.02,0.0,136.25,1,0.0,42,0,0,0,1,3,2,16,1,0,1,Theater,1,0,1.08,1358.1,1410,4272,7975.62,2,0,0,0,0.0,0.45
L-202510-62609,Lost,Nonprofit Foundation,Faith-Based Conference,SMERF,In-person,Full Package,SMERF,SMERF,Repeat Client,Low,2025-08-27,2025-09-28,20,2025-10-11,2025-10-12,1,45,55,55,72,1,Half Ballroom,1,1,12,0.0,0.0,3,87.3,170.36,155.01,8543.25,2062.42,2632.87,13238.54,0,0.0,0.0,0.0,0.0,,0.0,Space Not Adequate,2025,10,4,51.7,48.3,1,115.85,150.89,266.74,250.11,150.89,1,0.0,55,0,0,0,1,2,2,8,1,0,1,Theater,3,1,2.98,1176.15,455,372,5120.02,1,0,0,0,50.0,0.6
L-202510-67224,Lost,Family Celebration,Charity Gala,Wedding/Social,In-person,Full Package,Social,Social/Private,Repeat Client,Low,2024-11-25,2025-01-08,33,2025-10-12,2025-10-14,2,321,14,28,17,1,Breakout Room,1,0,11,1.0,71364.04,2,79.8,174.11,170.89,4805.99,3847.57,4573.94,13227.5,0,0.0,0.0,0.0,0.0,,0.0,Space Not Adequate,2025,10,2,64.7,35.3,1,59.61,137.69,197.3,197.3,137.69,2,50.0,7,14,0,0,1,2,2,16,0,0,1,Reception,1,0,1.18,378.52,1280,990,2831.21,1,0,0,0,100.0,0.42
L-202510-78738,Lost,Social Event,Holiday Party,Wedding/Social,In-person,Full Package,Social,Social/Private,RFP,Medium,2025-05-15,2025-06-17,20,2025-10-12,2025-10-13,1,150,37,37,46,1,Half Ballroom,1,0,13,0.0,0.0,4,81.9,177.13,167.13,5867.52,2585.04,4682.78,13135.34,0,0.0,0.0,0.0,0.0,,0.0,Budget Constraints,2025,10,3,53.7,46.3,1,109.48,165.56,275.04,174.57,275.04,1,0.0,37,0,0,0,1,2,3,24,1,0,1,Banquet,3,1,2.57,823.52,842,0,2841.23,0,0,0,0,50.0,0.38
L-202510-80804,Lost,HR Professionals Network,Continuing Education Conference,Association,In-person,Full Package,Government,Government,Referral,Low,2025-01-26,2025-02-23,21,2025-10-13,2025-10-15,2,260,58,116,69,1,Half Ballroom,1,0,7,0.0,0.0,1,85.8,171.48,157.25,18479.28,5026.92,12156.29,35662.49,0,0.0,0.0,0.0,0.0,,0.0,Rates Too High / Client Declined,2025,10,4,63.3,36.7,1,161.58,129.87,291.45,190.57,129.87,2,1.7,57,58,0,0,2,2,1,8,1,0,1,Classroom,3,1,2.92,1785.22,1380,3666,6062.19,3,0,0,0,0.0,0.57
L-202510-81522,Lost,Technology Innovators,Strategic Planning Retreat,Corporate,Hybrid,Full Package,Technology,Technology,Sales Call,High,2025-07-09,2025-08-02,10,2025-10-13,2025-10-15,2,96,51,102,56,1,Half Ballroom,1,1,14,1.0,37785.1,4,82.6,176.95,183.08,16003.93,5440.8,8421.47,29866.2,0,0.0,0.0,0.0,0.0,,0.0,Client Went Direct,2025,10,3,56.7,43.3,1,122.65,144.72,267.37,227.92,227.92,2,7.8,47,51,0,0,1,5,3,24,1,0,1,Classroom,0,0,0.38,981.67,0,7350,12205.69,5,0,0,0,0.0,0.47
L-202510-84631,Lost,TechCorp Solutions,Leadership Summit,Corporate,In-person,Full Package,Trade/Manufacturing,Trade/Manufacturing,Direct Inquiry,Medium,2025-08-02,2025-08-23,11,2025-10-14,2025-10-15,1,73,26,26,28,1,Breakout Room,1,0,10,0.0,0.0,3,75.0,180.42,181.38,4663.64,2748.65,2345.3,9757.59,0,0.0,0.0,0.0,0.0,,0.0,Rates Too High / Client Declined,2025,10,3,57.9,42.1,1,96.1,132.55,228.65,228.65,142.69,1,0.0,26,0,0,0,1,7,3,36,0,0,1,Theater,3,1,2.95,360.15,1246,26530,29926.09,5,1,0,0,100.0,0.7
L-202510-56696,Lost,Banking Consortium,Innovation Workshop,Corporate,In-person,Full Package,Technology,Technology,Website,Low,2025-07-09,2025-08-01,11,2025-10-16,2025-10-18,2,99,48,96,54,1,Half Ballroom,1,0,12,0.0,0.0,4,82.8,176.8,159.14,14827.48,5259.43,10341.81,30428.72,0,0.0,0.0,0.0,0.0,,0.0,Chose Another Venue,2025,10,3,54.2,45.8,0,155.16,129.42,284.58,0.0,129.42,2,6.2,45,48,0,0,1,8,3,24,1,0,1,Classroom,2,0,2.44,1382.31,295,6240,8164.46,5,1,1,0,100.0,0.45
L-202510-52539,Lost,Accounting Institute,Annual Member Conference,Association,In-person,Full Package,Education,Education,Referral,Low,2024-11-23,2024-12-23,20,2025-10-18,2025-10-21,3,329,59,177,65,1,Half Ballroom,1,1,10,0.0,0.0,3,97.0,210.0,201.77,28201.26,6919.19,16871.84,51992.29,0,0.0,0.0,0.0,0.0,,0.0,Space Not Adequate,2025,10,4,62.5,37.5,1,129.11,153.86,282.97,220.51,154.37,2,9.2,47,59,48,0,2,2,1,8,1,0,1,Banquet,0,0,0.16,1633.28,0,472,1275.83,1,0,0,0,50.0,0.54
L-202510-65280,Lost,TechCorp Solutions,Town Hall Meeting,Corporate,In-person,Rooms Only,Other,Other,Cvent,High,2025-08-26,2025-09-15,13,2025-10-21,2025-10-23,2,56,60,120,66,0,,0,1,7,1.0,32926.84,1,85.5,172.02,160.71,20091.47,0.0,0.0,20091.47,0,0.0,0.0,0.0,0.0,,0.0,Lost to Competition,2025,10,2,67.6,32.4,1,50.25,125.43,175.68,175.68,125.43,2,1.7,59,60,0,0,0,0,0,0,0,0,0,,0,0,0.0,0.0,0,0,0.0,0,0,0,0,0.0,0.0
L-202510-92483,Lost,Manufacturing Alliance,Leadership Summit,Corporate,In-person,Full Package,Professional Services,Professional Services,Website,High,2025-07-07,2025-07-28,14,2025-10-21,2025-10-23,2,106,34,68,45,1,Half Ballroom,1,1,7,0.0,0.0,4,81.3,171.92,175.38,11615.31,4937.02,8765.91,25318.24,0,0.0,0.0,0.0,0.0,,0.0,Budget Constraints,2025,10,2,71.6,28.4,1,100.23,133.76,233.99,233.99,133.76,2,23.5,26,34,0,0,1,5,3,24,1,0,1,Classroom,2,0,1.73,1100.48,924,13620,15972.74,4,0,1,1,100.0,0.38
L-202510-25534,Lost,Private Individual,Milestone Birthday Party,Wedding/Social,In-person,Rooms Only,Other,Other,Website,Medium,2025-05-26,2025-07-08,38,2025-10-23,2025-10-24,1,150,31,31,34,0,,0,1,5,0.0,0.0,1,87.5,167.11,152.71,4973.44,0.0,0.0,4973.44,0,0.0,0.0,0.0,0.0,,0.0,Space Not Adequate,2025,10,2,63.8,36.2,1,71.61,170.35,241.96,241.96,241.96,1,0.0,31,0,0,0,0,0,0,0,0,0,0,,0,0,0.0,0.0,0,0,0.0,0,0,0,0,0.0,0.0
L-202510-31951,Lost,Energy Solutions,Management Training,Corporate,In-person,Full Package,Legal,Legal,Direct Inquiry,Medium,2025-06-20,2025-07-15,13,2025-10-23,2025-10-24,1,125,39,39,47,1,Half Ballroom,1,0,12,1.0,7939.22,4,85.2,175.05,162.65,6889.85,2238.05,3641.58,12769.48,0,0.0,0.0,0.0,0.0,,0.0,Rates Too High / Client Declined,2025,10,4,74.6,25.4,1,150.67,138.41,289.08,172.82,146.32,1,0.0,39,0,0,0,1,7,3,24,1,0,1,Classroom,2,0,1.88,1040.36,1481,10430,13482.32,2,0,0,0,100.0,0.39
L-202510-38548,Lost,Travel Club International,Culinary Tour Group,Corporate,In-person,Rooms Only,Finance,Finance,Direct Inquiry,Medium,2025-08-30,2025-09-18,14,2025-10-23,2025-10-25,2,54,29,58,31,0,,0,0,5,0.0,0.0,1,83.9,175.2,160.89,9127.73,0.0,0.0,9127.73,0,0.0,0.0,0.0,0.0,,0.0,Space Not Adequate,2025,10,3,65.6,34.4,1,79.45,158.91,238.36,238.36,158.91,2,24.1,22,29,0,0,0,0,0,0,0,0,0,,0,0,0.0,0.0,0,0,0.0,0,0,0,0,0.0,0.0
L-202510-25553,Lost,Industry Trade Group,Professional Development Symposium,Association,Virtual,Full Package,Government,Government,Repeat Client,Low,2025-02-03,2025-03-03,14,2025-10-25,2025-10-28,3,264,31,93,35,1,Breakout Room,1,1,14,1.0,49702.08,4,85.8,179.3,163.69,15877.38,7338.29,9613.89,32829.56,0,0.0,0.0,0.0,0.0,,0.0,Chose Another Venue,2025,10,3,52.8,47.2,0,142.93,130.94,273.87,0.0,130.94,2,14.7,24,31,20,0,1,5,2,24,0,0,1,Classroom,2,0,1.76,378.61,0,10100,11366.81,5,0,0,0,50.0,0.88
L-202510-45133,Lost,Financial Services Group,Management Training,Corporate,In-person,Full Package,Legal,Legal,Website,Medium,2025-09-23,2025-10-09,8,2025-10-27,2025-10-28,1,34,48,48,62,1,Half Ballroom,1,0,8,1.0,79077.5,4,85.1,174.94,167.65,8103.48,2735.66,5835.47,16674.61,0,0.0,0.0,0.0,0.0,,0.0,Rates Too High / Client Declined,2025,10,3,55.7,44.3,1,75.31,151.64,226.95,226.95,151.64,1,0.0,48,0,0,0,1,4,2,24,1,0,1,Classroom,2,0,2.14,1046.24,504,12448,14011.85,4,1,0,1,0.0,0.52
L-202510-27123,Lost,Social Event,Family Reunion Weekend,Wedding/Social,In-person,Rooms Only,Travel,Travel/Hospitality,Sales Call,Low,2025-03-05,2025-04-07,30,2025-10-29,2025-10-30,1,238,27,27,29,0,,0,0,3,0.0,0.0,3,82.8,175.24,161.09,4201.07,0.0,0.0,4201.07,0,0.0,0.0,0.0,0.0,,0.0,Chose Another Venue,2025,10,3,58.2,41.8,1,102.19,135.39,237.58,237.58,135.39,1,0.0,27,0,0,0,0,0,0,0,0,0,0,,0,0,0.0,0.0,0,0,0.0,0,0,0,0,0.0,0.0
L-202510-15318,Lost,Cultural Journeys,Nature & Wildlife Tour,Corporate,In-person,Rooms Only,Professional Services,Professional Services,RFP,Medium,2025-09-13,2025-09-30,14,2025-10-31,2025-11-01,1,48,25,25,27,0,,1,1,3,0.0,0.0,1,81.2,169.42,167.23,3893.02,0.0,0.0,3893.02,0,0.0,0.0,0.0,0.0,,0.0,Dates Not Available,2025,10,4,64.0,36.0,0,154.53,127.75,282.28,0.0,127.75,1,0.0,25,0,0,0,0,0,0,0,0,0,0,,0,0,0.0,0.0,0,0,0.0,0,0,0,0,0.0,0.0
L-202510-66479,Lost,Insurance Federation,Networking Summit,Association,In-person,Full Package,Association,Association,Cvent,Low,2025-05-14,2025-06-23,28,2025-10-31,2025-11-03,3,170,99,297,135,1,Grand Ballroom,1,1,12,1.0,17014.83,3,82.8,173.08,175.27,47853.02,8500.54,37164.24,93517.8,0,0.0,0.0,0.0,0.0,,0.0,Canceled by Client,2025,10,4,74.0,26.0,1,113.14,128.97,242.11,242.11,128.97,2,4.8,90,99,88,0,1,2,1,8,1,0,1,Theater,2,0,1.65,2256.37,578,1096,3420.93,1,0,0,0,0.0,0.56
L-202511-19567,Lost,Family Celebration,Charity Gala,Wedding/Social,In-person,Full Package,Social,Social/Private,Referral,Low,2025-05-29,2025-07-18,41,2025-11-10,2025-11-11,1,165,30,30,38,1,Breakout Room,1,1,9,0.0,0.0,2,72.9,157.17,164.24,4925.17,2703.1,4740.33,12368.6,0,0.0,0.0,0.0,0.0,,0.0,Client Went Direct,2025,11,4,71.8,28.2,1,136.26,138.1,274.36,172.95,148.73,1,0.0,30,0,0,0,1,1,1,12,0,0,1,Banquet,3,1,2.75,382.02,229,1686,4075.39,3,0,0,0,0.0,0.95
L-202511-64106,Lost,Pharmaceutical Partners,Customer Advisory Board,Corporate,In-person,Full Package,Professional Services,Professional Services,Website,Low,2025-08-20,2025-09-04,8,2025-11-10,2025-11-12,2,82,14,28,16,1,Breakout Room,1,0,7,1.0,20012.96,4,69.8,158.7,144.59,4750.55,3060.0,2887.74,10698.29,0,0.0,0.0,0.0,0.0,,0.0,Canceled by Client,2025,11,3,57.9,42.1,1,52.1,133.29,185.39,185.39,133.29,2,50.0,7,14,0,0,1,6,3,24,0,0,1,Classroom,0,0,0.41,482.05,0,0,1054.09,0,0,0,0,100.0,0.4
L-202511-64256,Lost,Accounting Institute,Certification Training,Association,In-person,Full Package,Association,Association,Referral,Medium,2025-03-04,2025-04-05,25,2025-11-12,2025-11-14,2,253,104,208,122,1,Grand Ballroom,1,0,7,0.0,0.0,4,69.4,167.61,152.71,34560.43,7362.86,21896.66,63819.95,0,0.0,0.0,0.0,0.0,,0.0,Lost to Competition,2025,11,2,71.9,28.1,1,58.81,127.54,186.35,186.35,127.54,2,7.7,96,104,0,0,1,4,3,24,1,0,1,Classroom,3,1,2.89,2307.74,1190,8928,10740.44,3,0,0,0,0.0,0.51
L-202511-85599,Lost,Professional Services Group,Regional Team Meeting,Corporate,Hybrid,Full Package,Finance,Finance,Repeat Client,Low,2025-08-26,2025-09-12,7,2025-11-15,2025-11-18,3,81,69,207,86,1,Half Ballroom,1,0,10,0.0,0.0,4,79.4,195.51,197.33,32353.61,8677.56,24292.99,65324.16,0,0.0,0.0,0.0,0.0,,0.0,Budget Constraints,2025,11,3,68.7,31.3,1,97.99,145.74,243.73,243.73,145.74,2,6.1,66,69,59,0,1,7,3,24,1,0,1,Theater,3,1,2.89,891.2,141,0,846.12,0,0,0,0,100.0,0.72
L-202511-61328,Lost,Technology Innovators,Management Training,Corporate,In-person,Full Package,Finance,Finance,Third-Party Planner,Low,2025-08-23,2025-09-17,14,2025-11-17,2025-11-19,2,86,68,136,81,1,Half Ballroom,1,0,11,1.0,49956.7,4,71.5,164.34,153.01,24474.57,6700.71,15264.4,46439.68,0,0.0,0.0,0.0,0.0,,0.0,Lost to Competition,2025,11,4,62.4,37.6,1,115.28,151.55,266.83,239.7,152.51,2,4.4,65,68,0,0,1,4,2,24,1,0,1,Theater,0,0,0.39,1379.41,0,7820,8529.0,5,0,0,0,100.0,0.68
L-202511-79884,Lost,Real Estate Board,State Convention,Association,Hybrid,Meeting Only,Other,Other,Repeat Client,Low,2025-03-20,2025-04-14,20,2025-11-19,2025-11-22,3,244,0,0,99,1,Half Ballroom,1,1,5,0.0,0.0,1,68.8,160.13,0.0,0.0,10231.25,25274.6,35505.85,0,0.0,0.0,0.0,0.0,,0.0,Space Not Adequate,2025,11,0,0.0,0.0,0,0.0,0.0,0.0,0.0,0.0,0,0.0,0,0,0,0,2,2,1,8,1,0,1,Theater,3,1,2.96,1803.66,91,0,739.72,0,0,0,0,100.0,0.82
L-202511-43879,Lost,Accounting Institute,Industry Forum,Association,Hybrid,Full Package,Healthcare,Healthcare,Cvent,Low,2025-01-26,2025-03-04,27,2025-11-27,2025-11-30,3,305,56,168,71,1,Half Ballroom,1,0,10,0.0,0.0,1,65.0,170.53,160.65,27758.51,8598.65,23811.82,60168.98,0,0.0,0.0,0.0,0.0,,0.0,Space Not Adequate,2025,11,3,60.9,39.1,0,151.15,136.53,287.68,0.0,143.78,2,8.3,45,56,48,0,2,1,1,8,1,0,1,Classroom,0,0,0.43,1619.47,0,0,2380.14,0,0,0,0,100.0,0.59
L-202511-56631,Lost,State Medical Association,Board Retreat,Association,Hybrid,Full Package,Government,Government,Sales Call,Low,2025-02-04,2025-03-14,26,2025-11-29,2025-12-03,4,298,76,304,86,1,Half Ballroom,1,0,12,0.0,0.0,3,68.1,165.25,151.22,47044.5,11261.64,26954.09,85260.23,0,0.0,0.0,0.0,0.0,,0.0,Chose Another Venue,2025,11,4,60.3,39.7,1,110.16,167.64,277.8,217.52,277.8,2,5.1,70,76,71,65,2,5,3,24,1,0,1,Classroom,2,0,1.69,1587.82,1400,1850,3673.17,1,0,0,0,50.0,0.72
L-202511-62891,Lost,Financial Services Group,Sales Kickoff,Corporate,Hybrid,Full Package,Legal,Legal,Referral,Medium,2025-09-21,2025-10-15,14,2025-11-29,2025-12-01,2,69,35,70,44,1,Half Ballroom,1,0,10,1.0,8644.24,2,66.0,168.06,152.74,11573.66,5081.87,8377.09,25032.62,0,0.0,0.0,0.0,0.0,,0.0,Budget Constraints,2025,11,4,54.8,45.2,1,129.21,135.95,265.16,217.76,135.95,2,17.1,29,35,0,0,1,1,2,8,1,0,1,Theater,3,1,2.87,981.38,420,1412,4183.86,4,0,0,0,100.0,0.37
L-202512-35546,Lost,Local School District,Faith-Based Conference,SMERF,Hybrid,Meeting Only,SMERF,SMERF,Sales Call,High,2025-09-23,2025-10-23,21,2025-12-02,2025-12-04,2,70,0,0,83,1,Half Ballroom,0,1,9,0.0,0.0,1,43.0,150.01,0.0,0.0,4815.72,8948.32,13764.04,0,0.0,0.0,0.0,0.0,,0.0,Space Not Adequate,2025,12,0,0.0,0.0,0,0.0,0.0,0.0,0.0,0.0,0,0.0,0,0,0,0,2,5,2,16,1,0,1,Theater,0,0,0.08,1437.74,0,0,2622.08,0,0,0,0,0.0,0.69
L-202512-22368,Lost,Professional Services Group,Leadership Summit,Corporate,Hybrid,Full Package,Trade/Manufacturing,Trade/Manufacturing,Website,Medium,2025-09-27,2025-10-18,7,2025-12-06,2025-12-09,3,70,54,162,72,1,Half Ballroom,1,0,14,1.0,40465.75,3,44.6,152.79,156.93,26770.92,8777.89,20270.95,55819.76,0,0.0,0.0,0.0,0.0,,0.0,Lost to Competition,2025,12,3,68.9,31.1,1,99.87,144.5,244.37,244.37,144.5,2,8.3,43,54,49,0,2,6,3,36,1,0,1,Banquet,2,0,2.05,1811.52,968,2124,6443.72,2,0,0,0,100.0,0.6
L-202512-76517,Lost,TechCorp Solutions,Strategic Planning Retreat,Corporate,Hybrid,Rooms Only,Healthcare,Healthcare,Sales Call,Medium,2025-11-10,2025-11-29,13,2025-12-20,2025-12-22,2,40,55,110,60,0,,1,0,6,0.0,0.0,1,43.2,150.21,146.98,18411.76,0.0,0.0,18411.76,0,0.0,0.0,0.0,0.0,,0.0,Chose Another Venue,2025,12,3,65.4,34.6,1,102.13,132.61,234.74,234.74,132.61,2,16.4,46,55,0,0,0,0,0,0,0,0,0,,0,0,0.0,0.0,0,0,0.0,0,0,0,0,0.0,0.0
L-202512-70629,Lost,Nursing Council,Continuing Education Conference,Association,In-person,Full Package,Association,Association,Sales Call,Low,2025-05-02,2025-06-10,26,2025-12-22,2025-12-24,2,234,64,128,86,1,Half Ballroom,1,0,13,1.0,52601.19,3,44.6,147.49,133.96,22650.08,5319.14,13217.43,41186.65,0,0.0,0.0,0.0,0.0,,0.0,Budget Constraints,2025,12,3,59.1,40.9,1,141.03,146.5,287.53,197.81,146.5,2,1.6,63,64,0,0,2,3,3,24,1,0,1,Classroom,2,0,2.11,1839.35,1015,4122,7277.93,3,0,0,0,100.0,0.72
