RFP_ID,Status,Account_Name,Event_Name,Event_Type,Event_Format,Event_Configuration,Market_Segment,Organization_Industry,Lead_Source,Client_Priority,Inquiry_Date,Decision_Date,Decision_Days,Arrival_Date,Departure_Date,Nights,Lead_Time,Peak_Room_Block,Total_Room_Nights_Requested,Attendees,Has_Meeting_Space,Meeting_Spaces,Has_FnB_Requirements,Has_Special_Requirements,Response_Due_Days,Budget_Provided,Budget_Amount,Destinations_Considered,Forecasted_Occupancy,Baseline_ADR,Quoted_ADR,Proposed_Room_Revenue,Proposed_Meeting_Revenue,Proposed_FnB_Revenue,Proposed_Total_Revenue,Actual_Room_Nights,Actual_Room_Revenue,Actual_Meeting_Revenue,Actual_FnB_Revenue,Actual_Total_Revenue,Actual_Pickup_Rate,Actual_FnB_Per_Person,Lost_Reason,Year,Month,Num_Room_Types,Pct_Standard_Rooms,Pct_Premium_Rooms,Has_Suites,Rate_Spread,Min_Room_Rate,Max_Room_Rate,Suite_Rate,Standard_Rate,Peak_Night_Index,Night_Variance_Pct,Rooms_Night_1,Rooms_Night_2,Rooms_Night_3,Rooms_Night_4,Num_Meeting_Rooms,Num_Sessions,Num_Meeting_Days,Total_Meeting_Hours,Uses_Ballroom,Uses_Boardroom,Num_Setup_Styles,Primary_Setup,Max_AV_Level,Has_Premium_AV,Avg_AV_Level,Total_Room_Rental,Total_AV_Cost,Total_Session_FnB,Total_Meeting_Cost,Num_FnB_Types,Has_Dinner,Has_Reception,Has_Evening_Session,Full_Day_Pct,Avg_Room_Utilization
B-202301-62227,Booked,Veterans Group,Sports Team Tournament,SMERF,In-person,Full Package,Government,Government,Third-Party Planner,Medium,2022-10-04,2022-11-03,16,2023-01-01,2023-01-02,1,89,73,73,86,1,Half Ballroom,1,1,14,0.0,0.0,4,53.2,150.95,137.24,10018.52,1444.6,1545.03,13008.15,58,7959.92,1444.6,1471.46,10875.98,0.7945205479452054,17.11,,2023,1,3,60.6,39.4,1,122.05,131.95,254.0,254.0,131.95,1,0.0,73,0,0,0,2,4,1,16,1,0,1,Theater,2,0,1.25,1444.6,850,240,2426.73,1,0,0,0,0.0,0.72
B-202301-54473,Booked,HR Professionals Network,Annual Member Conference,Association,Hybrid,Full Package,Professional Services,Professional Services,Repeat Client,High,2022-03-21,2022-04-24,24,2023-01-02,2023-01-05,3,287,94,282,110,1,Half Ballroom,1,0,10,0.0,0.0,1,48.6,146.04,126.65,35715.3,1071.84,11533.83,48320.97,195,24696.75,1071.84,10984.6,36753.19,0.6914893617021277,99.86,,2023,1,2,58.3,41.7,1,105.19,131.32,236.51,236.51,131.32,2,5.2,82,94,87,0,1,6,3,36,1,0,1,Classroom,3,1,1.83,1071.84,2000,6340,11079.97,5,0,0,0,50.0,0.92
B-202301-75909,Booked,Legal Society,State Convention,Association,Virtual,Full Package,Legal,Legal,Direct Inquiry,High,2022-06-30,2022-08-05,24,2023-01-02,2023-01-05,3,186,71,213,81,1,Half Ballroom,1,1,12,1.0,73490.31,2,49.0,150.43,139.82,29781.66,1423.1,8217.53,39422.29,168,23489.76,1423.1,7826.22,32739.08,0.7887323943661971,96.62,,2023,1,4,56.6,43.4,1,103.47,126.05,229.52,229.52,126.05,2,1.8,70,71,68,0,2,8,3,36,1,0,1,Classroom,3,1,1.88,1423.1,2700,6012,11594.45,5,0,0,0,12.5,0.68
B-202301-24371,Booked,Insurance Federation,Professional Development Symposium,Association,In-person,Full Package,Finance,Finance,RFP,Medium,2022-06-19,2022-07-24,27,2023-01-03,2023-01-05,2,198,56,112,72,1,Half Ballroom,1,0,8,1.0,39071.75,3,54.1,145.51,121.22,13576.64,1392.67,12687.95,27657.26,90,10909.8,1392.67,12083.76,24386.23,0.8035714285714286,167.83,,2023,1,3,68.2,31.8,1,41.51,136.01,177.52,177.52,136.01,2,12.5,49,56,0,0,2,2,2,16,1,0,1,Theater,1,0,1.0,1392.67,300,2800,4231.75,5,0,0,0,100.0,0.6
B-202301-31174,Booked,Accounting Institute,Awards Gala Weekend,Association,In-person,Full Package,Finance,Finance,Third-Party Planner,Medium,2022-04-12,2022-05-08,16,2023-01-05,2023-01-08,3,268,59,177,81,1,Half Ballroom,1,0,10,0.0,0.0,2,45.3,149.36,127.32,22535.64,1677.51,8509.25,32722.4,113,14387.16,1677.51,8104.05,24168.72,0.6384180790960452,100.05,,2023,1,4,58.7,41.3,1,154.08,134.74,288.82,247.36,134.74,2,6.2,55,59,50,0,2,6,3,36,1,0,1,Theater,3,1,2.17,1677.51,2500,5552,10825.17,5,0,0,0,50.0,0.68
B-202301-98696,Booked,Social Event,Milestone Birthday Party,Wedding/Social,Hybrid,Rooms Only,Social,Social/Private,Third-Party Planner,Medium,2022-07-19,2022-08-13,22,2023-01-05,2023-01-06,1,170,33,33,36,0,,0,0,3,1.0,3902.88,4,46.5,152.15,128.13,4228.29,0.0,0.0,4228.29,18,2306.34,0.0,0.0,2306.34,0.5454545454545454,0.0,,2023,1,3,69.4,30.6,1,84.82,134.47,219.29,219.29,134.47,1,0.0,33,0,0,0,0,0,0,0,0,0,0,,0,0,0.0,0.0,0,0,0.0,0,0,0,0,0.0,0.0
B-202301-13478,Booked,Global Industries,Annual Sales Conference,Corporate,Hybrid,Full Package,Technology,Other,Third-Party Planner,Medium,2022-10-16,2022-11-04,12,2023-01-08,2023-01-10,2,84,72,144,83,1,Half Ballroom,1,0,7,0.0,0.0,4,49.5,145.43,128.92,18564.48,1321.36,5181.07,25066.91,135,17404.2,1321.36,4934.35,23659.91,0.9375,59.45,,2023,1,3,62.9,37.1,1,89.83,134.86,224.69,224.69,134.86,2,9.7,65,72,0,0,1,5,2,24,1,0,1,Theater,2,0,1.8,1321.36,1550,4494,7996.83,5,0,0,0,20.0,0.69
B-202301-14117,Booked,Banking Consortium,Leadership Summit,Corporate,In-person,Meeting Only,Finance,Finance,Direct Inquiry,Low,2022-11-15,2022-12-03,9,2023-01-08,2023-01-10,2,54,0,0,34,1,Breakout Room,0,1,9,1.0,11238.08,3,47.7,148.92,0.0,0.0,351.69,5056.55,5408.24,0,0.0,351.69,4815.76,5167.45,,141.64,,2023,1,0,0.0,0.0,0,0.0,0.0,0.0,0.0,0.0,0,0.0,0,0,0,0,1,2,2,16,0,0,1,Classroom,2,0,2.0,351.69,700,4420,7092.61,3,0,0,0,100.0,0.85
B-202301-63354,Booked,Accounting Institute,State Convention,Association,In-person,Full Package,Finance,Finance,RFP,High,2022-02-26,2022-03-31,25,2023-01-08,2023-01-10,2,316,64,128,72,1,Half Ballroom,1,0,8,1.0,37413.19,3,52.1,153.35,125.77,16098.56,1853.97,12449.05,30401.58,89,11193.53,1853.97,11856.24,24903.74,0.6953125,164.67,,2023,1,2,74.9,25.1,0,14.27,130.61,144.88,0.0,130.61,2,10.9,57,64,0,0,2,2,2,16,1,0,1,Classroom,2,0,1.5,1853.97,500,2840,4513.27,4,0,0,0,100.0,0.6
B-202301-84364,Booked,Legal Society,Regional Chapter Meeting,Association,Hybrid,Full Package,Legal,Legal,Referral,Medium,2022-02-22,2022-03-21,14,2023-01-08,2023-01-11,3,320,51,153,57,1,Half Ballroom,1,1,13,1.0,43376.65,1,48.5,149.92,128.68,19688.04,1384.39,12296.18,33368.61,113,14540.84,1384.39,11710.65,27635.88,0.738562091503268,205.45,,2023,1,2,64.3,35.7,1,44.93,187.36,232.29,232.29,232.29,2,8.8,40,51,45,0,1,3,3,24,1,0,1,Banquet,2,0,1.33,1384.39,650,4080,6507.65,5,0,0,0,100.0,0.47
B-202301-24168,Booked,Technology Innovators,Town Hall Meeting,Corporate,In-person,Full Package,Technology,Technology,Third-Party Planner,High,2022-11-18,2022-12-10,14,2023-01-09,2023-01-11,2,52,114,228,155,1,Grand Ballroom,1,1,8,0.0,0.0,2,44.4,155.51,127.96,29174.88,2243.7,25138.37,56556.95,203,25975.88,2243.7,23941.3,52160.88,0.8903508771929824,154.46,,2023,1,3,57.2,42.8,0,156.52,126.12,282.64,0.0,126.12,2,7.9,105,114,0,0,1,2,2,16,1,0,1,Classroom,3,1,3.0,2243.7,1300,25110,31243.84,4,0,0,0,100.0,0.65
B-202301-84341,Booked,Pharmaceutical Partners,Town Hall Meeting,Corporate,In-person,Full Package,Healthcare,Healthcare,Sales Call,Low,2022-09-15,2022-10-01,7,2023-01-09,2023-01-10,1,116,39,39,45,1,Half Ballroom,1,1,9,0.0,0.0,3,48.3,143.36,123.51,4816.89,1246.56,3591.94,9655.39,36,4446.36,1246.56,3420.9,9113.82,0.9230769230769232,76.02,,2023,1,2,52.4,47.6,1,114.86,178.04,292.9,178.04,292.9,1,0.0,39,0,0,0,1,1,1,8,1,0,1,Classroom,2,0,2.0,1246.56,350,1248,2257.06,3,0,0,0,100.0,0.38
B-202301-89507,Booked,Private Party,Williams-Brown Wedding,Wedding/Social,In-person,Full Package,Social,Social/Private,Cvent,Low,2022-05-22,2022-06-16,17,2023-01-09,2023-01-10,1,232,20,20,27,1,Breakout Room,1,1,8,0.0,0.0,3,50.5,153.38,128.4,2568.0,528.97,3510.3,6607.27,11,1412.4,528.97,3343.14,5284.51,0.55,123.82,,2023,1,3,55.0,45.0,1,161.13,132.0,293.13,180.3,132.0,1,0.0,20,0,0,0,1,1,1,4,0,0,1,Reception,2,0,2.0,528.97,350,1485,2469.24,1,1,0,1,0.0,0.68
B-202301-67433,Booked,Professional Engineers Society,Certification Training,Association,Hybrid,Meeting Only,Association,Other,Third-Party Planner,Low,2022-04-17,2022-05-06,14,2023-01-12,2023-01-14,2,270,0,0,115,1,Half Ballroom,0,1,5,0.0,0.0,3,47.1,155.93,0.0,0.0,1258.37,7741.28,8999.65,0,0.0,1258.37,7372.65,8631.02,,64.11,,2023,1,0,0.0,0.0,0,0.0,0.0,0.0,0.0,0.0,0,0.0,0,0,0,0,1,6,2,24,1,0,1,Theater,3,1,2.33,1258.37,2800,4712,9571.24,5,0,0,0,0.0,0.96
B-202301-97841,Booked,Service Club,Military Reunion,SMERF,In-person,Full Package,SMERF,Social/Community,Cvent,Low,2022-08-28,2022-09-26,16,2023-01-12,2023-01-13,1,137,33,33,43,1,Half Ballroom,1,0,13,0.0,0.0,2,45.5,151.53,130.17,4295.61,1301.76,1210.47,6807.84,27,3514.59,1301.76,1152.83,5969.18,0.8181818181818182,26.81,,2023,1,3,73.2,26.8,0,14.99,135.83,150.82,0.0,135.83,1,0.0,33,0,0,0,1,2,1,8,1,0,1,Classroom,1,0,1.0,1301.76,300,940,1944.12,2,0,0,0,0.0,0.36
B-202301-93886,Booked,Social Event,Anniversary Celebration,Wedding/Social,In-person,Full Package,Social,Social/Private,RFP,Low,2022-02-07,2022-03-05,18,2023-01-13,2023-01-14,1,340,36,36,41,1,Half Ballroom,1,0,8,0.0,0.0,2,45.9,153.71,138.37,4981.32,1318.29,5622.33,11921.94,20,2767.4,1318.29,5354.6,9440.29,0.5555555555555556,130.6,,2023,1,2,59.8,40.2,1,34.48,153.11,187.59,187.59,153.11,1,0.0,36,0,0,0,1,1,1,4,1,0,1,Banquet,0,0,0.0,1318.29,0,1320,1670.75,1,1,0,1,0.0,0.34
B-202301-38016,Booked,Heritage Travel,Regional Arts Tour,SMERF,In-person,Full Package,SMERF,SMERF,Cvent,Medium,2022-11-19,2022-12-11,14,2023-01-14,2023-01-15,1,56,13,13,17,1,Breakout Room,1,0,8,1.0,3391.41,1,46.5,139.47,122.89,1597.57,581.88,0.0,2179.45,11,1351.79,581.88,0.0,1933.67,0.8461538461538461,0.0,,2023,1,4,65.4,34.6,1,120.19,145.36,265.55,194.63,145.36,1,0.0,13,0,0,0,1,1,1,4,0,0,1,Banquet,0,0,0.0,581.88,0,0,657.41,0,0,0,0,0.0,0.42
B-202301-82845,Booked,Real Estate Board,Leadership Institute,Association,In-person,Full Package,Government,Government,Referral,Medium,2022-05-11,2022-06-10,22,2023-01-14,2023-01-16,2,248,77,154,88,1,Half Ballroom,1,0,8,1.0,57150.39,2,49.0,158.39,139.8,21529.2,1238.61,5364.74,28132.55,106,14818.8,1238.61,5109.28,21166.69,0.6883116883116883,58.06,,2023,1,4,51.9,48.1,1,137.4,150.21,287.61,184.24,150.21,2,7.8,71,77,0,0,1,6,2,24,1,0,1,Theater,3,1,2.0,1238.61,2300,2940,7282.62,4,0,0,0,0.0,0.73
B-202301-44522,Booked,Private Party,Milestone Birthday Party,Wedding/Social,Hybrid,Full Package,Social,Social/Private,Cvent,Medium,2022-07-09,2022-08-30,41,2023-01-15,2023-01-16,1,190,45,45,59,1,Half Ballroom,1,1,11,1.0,13813.94,1,50.9,150.03,126.77,5704.65,1112.35,9223.74,16040.74,25,3169.25,1112.35,8784.51,13066.11,0.5555555555555556,148.89,,2023,1,4,59.8,40.2,1,150.7,143.43,294.13,239.62,144.58,1,0.0,45,0,0,0,1,2,1,8,1,0,1,Banquet,1,0,1.0,1112.35,300,1320,2315.84,1,1,0,1,0.0,0.49
B-202301-19862,Booked,Banking Consortium,Customer Advisory Board,Corporate,In-person,Full Package,Finance,Finance,Sales Call,Medium,2022-09-24,2022-10-13,9,2023-01-18,2023-01-20,2,116,48,96,60,1,Half Ballroom,1,1,10,1.0,29601.63,2,46.6,145.54,131.94,12666.24,1055.65,9026.64,22748.53,84,11082.96,1055.65,8596.8,20735.41,0.875,143.28,,2023,1,3,59.5,40.5,1,33.0,136.06,169.06,169.06,154.97,2,10.4,43,48,0,0,1,2,2,16,1,0,1,Banquet,2,0,2.0,1055.65,700,2568,4377.37,4,0,0,0,100.0,0.5
B-202301-46265,Booked,State Medical Association,Continuing Education Conference,Association,In-person,Full Package,Healthcare,Healthcare,Repeat Client,High,2022-03-21,2022-04-29,28,2023-01-21,2023-01-23,2,306,83,166,91,1,Half Ballroom,1,0,11,0.0,0.0,2,47.4,152.24,137.92,22894.72,1152.53,6256.61,30303.86,106,14619.52,1152.53,5958.68,21730.73,0.6385542168674698,65.48,,2023,1,4,72.1,27.9,1,51.47,133.72,185.19,185.19,133.72,2,14.5,71,83,0,0,1,5,2,24,1,0,1,Classroom,2,0,1.6,1152.53,1350,4440,7795.11,5,0,0,0,20.0,0.76
B-202301-46421,Booked,TechCorp Solutions,Town Hall Meeting,Corporate,Hybrid,Full Package,Technology,Technology,Cvent,Medium,2022-10-26,2022-11-20,14,2023-01-23,2023-01-24,1,89,36,36,41,1,Half Ballroom,1,1,11,1.0,10446.8,3,49.5,143.52,130.16,4685.76,1350.92,3148.25,9184.93,29,3774.64,1350.92,2998.33,8123.89,0.8055555555555556,73.13,,2023,1,3,54.3,45.7,1,118.54,130.44,248.98,248.98,130.44,1,0.0,36,0,0,0,1,1,1,8,1,0,1,Classroom,3,1,3.0,1350.92,650,1248,2442.24,3,0,0,0,100.0,0.34
B-202301-93130,Booked,Personal Event,Milestone Birthday Party,Wedding/Social,In-person,Rooms Only,Social,Social/Private,Third-Party Planner,Low,2022-06-08,2022-07-07,25,2023-01-23,2023-01-24,1,229,16,16,17,0,,0,0,4,0.0,0.0,3,51.5,154.53,143.37,2293.92,0.0,0.0,2293.92,10,1433.7,0.0,0.0,1433.7,0.625,0.0,,2023,1,2,51.2,48.8,1,99.97,149.89,249.86,249.86,149.89,1,0.0,16,0,0,0,0,0,0,0,0,0,0,,0,0,0.0,0.0,0,0,0.0,0,0,0,0,0.0,0.0
B-202301-96673,Booked,Pharmaceutical Partners,Performance Review Summit,Corporate,In-person,Full Package,Healthcare,Healthcare,Third-Party Planner,Low,2022-10-09,2022-10-29,8,2023-01-23,2023-01-25,2,106,24,48,31,1,Breakout Room,1,1,12,0.0,0.0,1,46.7,148.68,137.64,6606.72,520.38,5446.92,12574.02,42,5780.88,520.38,5187.54,11488.8,0.875,167.34,,2023,1,3,70.0,30.0,1,91.76,152.27,244.03,244.03,152.27,2,33.3,16,24,0,0,1,2,2,16,0,0,1,Classroom,2,0,1.5,520.38,500,4712,7352.36,5,0,0,0,100.0,0.78
B-202301-86484,Booked,Social Event,Williams-Brown Wedding,Wedding/Social,In-person,Rooms Only,Social,Social/Private,Referral,Low,2022-08-27,2022-10-07,35,2023-01-24,2023-01-25,1,150,39,39,42,0,,0,1,6,1.0,6252.64,1,49.1,144.94,126.61,4937.79,0.0,0.0,4937.79,25,3165.25,0.0,0.0,3165.25,0.6410256410256411,0.0,,2023,1,2,59.2,40.8,1,25.07,152.11,177.18,177.18,152.11,1,0.0,39,0,0,0,0,0,0,0,0,0,0,,0,0,0.0,0.0,0,0,0.0,0,0,0,0,0.0,0.0
B-202301-70217,Booked,Accounting Institute,Certification Training,Association,In-person,Full Package,Finance,Finance,Referral,Low,2022-05-13,2022-06-14,25,2023-01-26,2023-01-28,2,258,15,30,17,1,Breakout Room,1,1,7,0.0,0.0,2,45.3,152.61,131.69,3950.7,473.65,2960.6,7384.95,22,2897.18,473.65,2819.62,6190.45,0.7333333333333333,165.86,,2023,1,4,57.5,42.5,1,67.96,126.33,194.29,194.29,131.27,2,20.0,12,15,0,0,1,2,2,16,0,0,1,Theater,2,0,2.0,473.65,700,1819,4451.02,4,0,0,0,100.0,0.42
B-202301-25860,Booked,Family Celebration,Graduation Celebration,Wedding/Social,In-person,Full Package,Social,Social/Private,RFP,Low,2022-02-01,2022-03-21,41,2023-01-29,2023-01-30,1,362,11,11,12,1,Boardroom,1,1,7,0.0,0.0,2,46.8,153.82,140.18,1541.98,398.69,1690.92,3631.59,6,841.08,398.69,1610.4,2850.17,0.5454545454545454,134.2,,2023,1,2,55.7,44.3,0,127.93,160.07,288.0,0.0,160.07,1,0.0,11,0,0,0,1,2,1,8,0,1,1,Boardroom,2,0,1.0,398.69,350,540,2086.71,1,0,1,1,0.0,0.86
B-202301-99399,Booked,Pharmaceutical Partners,Executive Offsite,Corporate,In-person,Rooms Only,Healthcare,Healthcare,Direct Inquiry,Medium,2022-12-30,2023-01-14,10,2023-01-29,2023-01-31,2,30,47,94,51,0,,0,0,5,0.0,0.0,1,45.3,148.04,137.43,12918.42,0.0,0.0,12918.42,80,10994.4,0.0,0.0,10994.4,0.851063829787234,0.0,,2023,1,4,63.9,36.1,1,141.34,143.03,284.37,226.54,143.03,2,23.4,36,47,0,0,0,0,0,0,0,0,0,,0,0,0.0,0.0,0,0,0.0,0,0,0,0,0.0,0.0
B-202301-97782,Booked,Accounting Institute,Networking Summit,Association,In-person,Full Package,Finance,Finance,Website,High,2022-05-19,2022-06-17,15,2023-01-30,2023-02-02,3,256,113,339,132,1,Grand Ballroom,1,1,14,0.0,0.0,2,48.7,145.69,130.06,44090.34,2009.0,27783.76,73883.1,266,34595.96,2009.0,26460.72,63065.68,0.7846607669616519,200.46,,2023,1,2,53.5,46.5,1,89.26,152.98,242.24,242.24,152.98,2,2.7,106,113,112,0,2,3,3,24,1,0,1,Classroom,2,0,2.0,2009.0,1050,25608,34207.34,5,0,0,0,100.0,0.55
B-202301-44237,Booked,Insurance Federation,Policy Symposium,Association,In-person,Full Package,Finance,Finance,Website,Low,2022-05-03,2022-06-06,23,2023-01-31,2023-02-03,3,273,23,69,29,1,Breakout Room,1,0,11,0.0,0.0,3,50.9,149.06,126.98,8761.62,564.6,7235.22,16561.44,43,5460.14,564.6,6890.69,12915.43,0.6231884057971014,237.61,,2023,1,3,50.7,49.3,0,126.62,145.8,272.42,0.0,149.3,2,14.3,20,23,15,0,1,3,3,24,0,0,1,Classroom,2,0,2.0,564.6,1050,4988,9212.45,4,0,0,0,100.0,0.72
B-202302-16826,Booked,Private Individual,Milestone Birthday Party,Wedding/Social,In-person,Full Package,Social,Social/Private,RFP,Low,2022-03-04,2022-04-23,36,2023-02-01,2023-02-02,1,334,18,18,21,1,Breakout Room,1,1,14,1.0,7778.24,2,55.1,155.85,137.59,2476.62,569.26,3126.91,6172.79,11,1513.49,569.26,2978.01,5060.76,0.6111111111111112,141.81,,2023,2,3,68.7,31.3,1,73.97,151.15,225.12,225.12,151.15,1,0.0,18,0,0,0,1,2,1,8,0,0,1,Banquet,2,0,1.5,569.26,500,1155,2900.17,1,1,0,1,0.0,0.53
B-202302-40784,Booked,Personal Event,Milestone Birthday Party,Wedding/Social,In-person,Full Package,Social,Social/Private,Website,Low,2022-02-26,2022-04-03,26,2023-02-03,2023-02-04,1,342,11,11,12,1,Boardroom,1,1,10,0.0,0.0,3,63.7,152.22,126.65,1393.15,300.75,1548.29,3242.19,5,633.25,300.75,1474.56,2408.56,0.4545454545454545,122.88,,2023,2,2,53.5,46.5,1,28.16,144.92,173.08,173.08,144.92,1,0.0,11,0,0,0,1,2,1,8,0,1,1,Boardroom,2,0,1.5,300.75,500,540,2226.56,1,0,1,1,0.0,0.86
B-202302-53369,Booked,Regional Healthcare System,Board of Directors Meeting,Corporate,Hybrid,Meeting Only,Healthcare,Healthcare,Third-Party Planner,Low,2022-11-03,2022-11-15,7,2023-02-03,2023-02-04,1,92,0,0,84,1,Half Ballroom,0,1,5,0.0,0.0,2,53.6,156.38,0.0,0.0,1578.53,2479.3,4057.83,0,0.0,1578.53,2361.24,3939.77,,28.11,,2023,2,0,0.0,0.0,0,0.0,0.0,0.0,0.0,0.0,0,0.0,0,0,0,0,2,2,1,12,1,0,1,Theater,2,0,1.5,1578.53,500,1848,3181.25,4,0,0,0,50.0,0.7
B-202302-57472,Booked,Technology Innovators,Annual Sales Conference,Corporate,In-person,Full Package,Technology,Technology,RFP,Medium,2022-11-19,2022-12-09,13,2023-02-04,2023-02-05,1,77,72,72,94,1,Half Ballroom,1,0,7,0.0,0.0,2,50.7,155.06,142.51,10260.72,1159.15,2703.39,14123.26,57,8123.07,1159.15,2574.66,11856.88,0.7916666666666666,27.39,,2023,2,4,69.3,30.7,0,155.86,129.47,285.33,0.0,129.47,1,0.0,72,0,0,0,1,3,1,12,1,0,1,Theater,3,1,2.0,1159.15,1150,2406,4638.09,3,0,0,0,0.0,0.78
B-202302-64548,Booked,Global Industries,Executive Offsite,Corporate,In-person,Full Package,Finance,Other,Third-Party Planner,Medium,2022-11-04,2022-11-29,14,2023-02-04,2023-02-07,3,92,46,138,61,1,Half Ballroom,1,0,11,0.0,0.0,1,57.1,151.09,139.0,19182.0,1364.52,14365.77,34912.29,117,16263.0,1364.52,13681.69,31309.21,0.8478260869565217,224.29,,2023,2,4,56.3,43.7,1,114.1,130.28,244.38,244.38,130.28,2,9.4,36,46,44,0,1,3,3,24,1,0,1,Classroom,2,0,1.67,1364.52,850,5688,8397.04,4,0,0,0,100.0,0.51
B-202302-69048,Booked,Personal Event,Williams-Brown Wedding,Wedding/Social,In-person,Rooms Only,Social,Social/Private,Repeat Client,Medium,2022-04-29,2022-06-04,31,2023-02-06,2023-02-07,1,283,36,36,39,0,,0,0,5,0.0,0.0,1,59.7,156.89,135.13,4864.68,0.0,0.0,4864.68,20,2702.6,0.0,0.0,2702.6,0.5555555555555556,0.0,,2023,2,2,74.0,26.0,1,22.1,158.06,180.16,180.16,180.16,1,0.0,36,0,0,0,0,0,0,0,0,0,0,,0,0,0.0,0.0,0,0,0.0,0,0,0,0,0.0,0.0
B-202302-47752,Booked,State Medical Association,Committee Meeting,Association,Hybrid,Full Package,Healthcare,Healthcare,Third-Party Planner,High,2022-07-17,2022-08-12,16,2023-02-09,2023-02-12,3,207,100,300,136,1,Grand Ballroom,1,0,10,0.0,0.0,1,51.8,162.15,146.76,44028.0,2872.58,30290.74,77191.32,207,30379.32,2872.58,28848.32,62100.22,0.69,212.12,,2023,2,2,69.4,30.6,1,101.52,137.13,238.65,238.65,137.13,2,4.3,90,100,98,0,2,3,3,24,1,0,1,Theater,3,1,2.67,2872.58,1650,22984,32190.95,5,0,0,0,100.0,0.57
B-202302-74722,Booked,Nonprofit Foundation,Military Reunion,SMERF,In-person,Full Package,Technology,Technology,Sales Call,Low,2022-12-15,2023-01-14,19,2023-02-09,2023-02-10,1,56,30,30,33,1,Breakout Room,1,0,11,0.0,0.0,3,59.5,150.07,139.06,4171.8,470.88,1153.5,5796.18,22,3059.32,470.88,1098.57,4628.77,0.7333333333333333,33.29,,2023,2,2,53.1,46.9,0,124.46,153.06,277.52,0.0,153.06,1,0.0,30,0,0,0,1,2,1,8,0,0,1,Theater,1,0,1.0,470.88,300,1551,3008.7,2,0,0,0,0.0,0.82
B-202302-80236,Booked,Banking Consortium,Leadership Summit,Corporate,In-person,Full Package,Finance,Finance,Third-Party Planner,Medium,2022-10-06,2022-11-01,14,2023-02-11,2023-02-13,2,128,36,72,41,1,Half Ballroom,1,1,12,0.0,0.0,3,51.8,154.56,133.77,9631.44,1296.11,7013.28,17940.83,62,8293.74,1296.11,6679.31,16269.16,0.8611111111111112,162.91,,2023,2,2,63.5,36.5,1,89.13,194.73,283.86,194.73,283.86,2,11.1,32,36,0,0,1,2,2,16,1,0,1,Theater,1,0,1.0,1296.11,300,2808,4372.62,5,0,0,0,100.0,0.34
B-202302-80798,Booked,Financial Services Group,Executive Offsite,Corporate,In-person,Rooms Only,Finance,Finance,Referral,Low,2022-11-15,2022-11-28,7,2023-02-11,2023-02-12,1,88,30,30,33,0,,0,1,6,1.0,4295.28,2,59.8,153.23,126.42,3792.6,0.0,0.0,3792.6,25,3160.5,0.0,0.0,3160.5,0.8333333333333334,0.0,,2023,2,4,62.8,37.2,1,134.62,147.18,281.8,240.46,154.4,1,0.0,30,0,0,0,0,0,0,0,0,0,0,,0,0,0.0,0.0,0,0,0.0,0,0,0,0,0.0,0.0
B-202302-97062,Booked,Retail Corporation,Annual Sales Conference,Corporate,In-person,Full Package,Finance,Other,Third-Party Planner,Low,2022-12-25,2023-01-12,9,2023-02-12,2023-02-13,1,49,48,48,61,1,Half Ballroom,1,0,9,1.0,14509.65,2,57.3,154.9,129.52,6216.96,1521.07,5334.72,13072.75,42,5439.84,1521.07,5080.69,12041.6,0.875,83.29,,2023,2,3,68.6,31.4,1,100.63,146.39,247.02,247.02,146.39,1,0.0,48,0,0,0,2,1,1,8,1,0,1,Classroom,2,0,2.0,1521.07,350,1560,2512.17,3,0,0,0,100.0,0.51
B-202302-82667,Booked,Youth Organization,Charity Fundraiser,SMERF,In-person,Full Package,SMERF,Social/Community,Website,Low,2022-09-14,2022-10-08,16,2023-02-13,2023-02-15,2,152,18,36,20,1,Breakout Room,1,0,8,0.0,0.0,2,51.9,151.4,132.03,4753.08,572.47,1155.63,6481.18,31,4092.93,572.47,1100.6,5766.0,0.8611111111111112,55.03,,2023,2,2,60.6,39.4,1,44.78,125.03,169.81,169.81,125.03,2,33.3,12,18,0,0,1,4,2,16,0,0,1,Theater,2,0,1.75,572.47,1200,1180,4871.14,2,0,0,0,0.0,0.5
B-202302-96900,Booked,Education Foundation,Committee Meeting,Association,In-person,Meeting Only,Education,Education,Direct Inquiry,Low,2022-05-10,2022-06-13,26,2023-02-13,2023-02-14,1,279,0,0,35,1,Breakout Room,0,0,8,1.0,5789.25,2,52.8,156.88,0.0,0.0,435.55,2699.29,3134.84,0,0.0,435.55,2570.75,3006.3,,73.45,,2023,2,0,0.0,0.0,0,0.0,0.0,0.0,0.0,0.0,0,0.0,0,0,0,0,1,1,1,8,0,0,1,Classroom,2,0,2.0,435.55,350,3045,4428.78,4,0,0,0,100.0,0.88
B-202302-42406,Booked,Local School District,Cultural Heritage Festival,SMERF,In-person,Full Package,Education,Education,RFP,Low,2022-10-01,2022-10-24,11,2023-02-15,2023-02-16,1,137,30,30,39,1,Breakout Room,1,1,12,0.0,0.0,2,51.7,160.04,138.36,4150.8,510.05,761.26,5422.11,25,3459.0,510.05,725.01,4694.06,0.8333333333333334,18.59,,2023,2,2,52.4,47.6,0,110.79,159.33,270.12,0.0,270.12,1,0.0,30,0,0,0,1,2,1,8,0,0,1,Classroom,2,0,2.0,510.05,700,432,2291.43,1,0,0,0,0.0,0.97
B-202302-59692,Booked,Legal Society,Member Appreciation Event,Association,In-person,Rooms Only,Legal,Legal,Third-Party Planner,Medium,2022-07-06,2022-08-04,26,2023-02-15,2023-02-17,2,224,85,170,93,0,,0,0,3,0.0,0.0,2,52.3,148.17,122.13,20762.1,0.0,0.0,20762.1,126,15388.38,0.0,0.0,15388.38,0.7411764705882353,0.0,,2023,2,3,66.6,33.4,0,132.63,152.0,284.63,0.0,152.0,2,8.2,78,85,0,0,0,0,0,0,0,0,0,,0,0,0.0,0.0,0,0,0.0,0,0,0,0,0.0,0.0
B-202302-70910,Booked,Global Industries,Performance Review Summit,Corporate,Virtual,Meeting Only,Professional Services,Other,Referral,Low,2022-10-28,2022-11-17,10,2023-02-15,2023-02-16,1,110,0,0,103,1,Half Ballroom,0,1,10,0.0,0.0,1,49.8,149.47,0.0,0.0,1309.87,3228.28,4538.15,0,0.0,1309.87,3074.55,4384.42,,29.85,,2023,2,0,0.0,0.0,0,0.0,0.0,0.0,0.0,0.0,0,0.0,0,0,0,0,1,2,1,12,1,0,1,Theater,2,0,2.0,1309.87,700,1590,3220.51,3,0,0,0,50.0,0.86
B-202302-87656,Booked,Tour Operator Network,Historic Sites Tour,Corporate,In-person,Rooms Only,Trade/Manufacturing,Trade/Manufacturing,RFP,Medium,2022-11-21,2022-12-04,7,2023-02-15,2023-02-16,1,86,38,38,41,0,,0,0,6,0.0,0.0,4,60.0,158.58,131.59,5000.42,0.0,0.0,5000.42,37,4868.83,0.0,0.0,4868.83,0.9736842105263158,0.0,,2023,2,4,52.7,47.3,1,141.82,139.93,281.75,246.52,139.93,1,0.0,38,0,0,0,0,0,0,0,0,0,0,,0,0,0.0,0.0,0,0,0.0,0,0,0,0,0.0,0.0
B-202302-98555,Booked,Professional Services Group,Sales Kickoff,Corporate,Hybrid,Full Package,Finance,Other,Website,Low,2022-11-24,2022-12-11,9,2023-02-15,2023-02-16,1,83,40,40,50,1,Half Ballroom,1,1,8,0.0,0.0,4,50.3,155.82,139.77,5590.8,861.11,4012.05,10463.96,36,5031.72,861.11,3821.0,9713.83,0.9,76.42,,2023,2,2,52.5,47.5,1,64.18,126.75,190.93,190.93,126.75,1,0.0,40,0,0,0,1,1,1,8,1,0,1,Classroom,2,0,2.0,861.11,350,2088,3043.11,4,0,0,0,100.0,0.42
B-202302-56105,Booked,State Medical Association,Networking Summit,Association,In-person,Full Package,Healthcare,Healthcare,Sales Call,High,2022-09-12,2022-10-16,26,2023-02-16,2023-02-19,3,157,86,258,114,1,Half Ballroom,1,0,8,1.0,66237.44,3,47.9,159.69,138.59,35756.22,1564.91,11937.68,49258.81,160,22174.4,1564.91,11369.22,35108.53,0.6201550387596899,99.73,,2023,2,2,67.0,33.0,0,117.05,151.92,268.97,0.0,151.92,2,4.7,77,86,85,0,2,8,3,36,1,0,1,Theater,2,0,1.5,1564.91,2000,6004,10815.42,5,0,0,0,12.5,0.95
B-202302-67125,Booked,Accounting Institute,Awards Gala Weekend,Association,In-person,Full Package,Finance,Finance,Third-Party Planner,High,2022-08-03,2022-09-07,25,2023-02-16,2023-02-18,2,197,65,130,72,1,Half Ballroom,1,1,10,0.0,0.0,1,54.6,158.93,134.17,17442.1,1074.99,12422.59,30939.68,100,13417.0,1074.99,11831.04,26323.03,0.7692307692307693,164.32,,2023,2,3,66.4,33.6,1,117.76,131.79,249.55,249.55,131.79,2,9.2,59,65,0,0,1,2,2,16,1,0,1,Theater,3,1,2.5,1074.99,1000,2800,4971.01,5,0,0,0,100.0,0.6
B-202302-49829,Booked,Family Celebration,Quinceañera Celebration,Wedding/Social,In-person,Rooms Only,Social,Social/Private,Sales Call,Low,2022-03-20,2022-04-22,29,2023-02-18,2023-02-19,1,335,39,39,42,0,,0,1,4,1.0,5525.36,1,57.7,159.7,145.4,5670.6,0.0,0.0,5670.6,23,3344.2,0.0,0.0,3344.2,0.5897435897435898,0.0,,2023,2,3,56.9,43.1,1,118.3,129.56,247.86,247.86,129.56,1,0.0,39,0,0,0,0,0,0,0,0,0,0,,0,0,0.0,0.0,0,0,0.0,0,0,0,0,0.0,0.0
B-202302-74451,Booked,Dental Association,Continuing Education Conference,Association,In-person,Full Package,Healthcare,Healthcare,Cvent,Low,2022-06-25,2022-07-22,16,2023-02-19,2023-02-20,1,239,50,50,62,1,Half Ballroom,1,1,11,0.0,0.0,3,56.0,155.09,141.74,7087.0,1423.48,1094.98,9605.46,31,4393.94,1423.48,1042.84,6860.26,0.62,16.82,,2023,2,2,73.2,26.8,0,109.28,160.6,269.88,0.0,160.6,1,0.0,50,0,0,0,2,1,1,8,1,0,1,Banquet,2,0,2.0,1423.48,350,360,1318.45,1,0,0,0,100.0,0.52
B-202302-26544,Booked,Financial Services Group,Quarterly Business Review,Corporate,Hybrid,Rooms Only,Finance,Finance,Direct Inquiry,Low,2022-11-24,2022-12-10,12,2023-02-20,2023-02-22,2,88,34,68,37,0,,0,1,4,1.0,9229.17,1,56.5,147.6,126.04,8570.72,0.0,0.0,8570.72,54,6806.16,0.0,0.0,6806.16,0.7941176470588235,0.0,,2023,2,2,53.3,46.7,1,72.2,165.22,237.42,237.42,165.22,2,17.6,28,34,0,0,0,0,0,0,0,0,0,,0,0,0.0,0.0,0,0,0.0,0,0,0,0,0.0,0.0
B-202302-68743,Booked,Financial Services Group,Customer Advisory Board,Corporate,Virtual,Full Package,Finance,Finance,RFP,Low,2022-12-18,2023-01-07,9,2023-02-21,2023-02-22,1,65,34,34,38,1,Breakout Room,1,0,11,0.0,0.0,2,57.2,154.6,143.28,4871.52,507.62,3303.32,8682.46,32,4584.96,507.62,3146.02,8238.6,0.9411764705882352,82.79,,2023,2,3,72.0,28.0,1,105.81,130.94,236.75,236.75,130.94,1,0.0,34,0,0,0,1,1,1,8,0,0,1,Theater,2,0,2.0,507.62,350,2700,4058.34,3,0,0,0,100.0,0.95
B-202302-33053,Booked,State Medical Association,Policy Symposium,Association,Hybrid,Full Package,Healthcare,Healthcare,Repeat Client,High,2022-09-21,2022-10-20,20,2023-02-25,2023-02-28,3,157,32,96,39,1,Breakout Room,1,0,9,0.0,0.0,2,53.8,157.95,131.03,12578.88,541.5,9125.3,22245.68,66,8647.98,541.5,8690.76,17880.24,0.6875,222.84,,2023,2,3,59.3,40.7,1,130.55,150.43,280.98,215.91,150.43,2,15.3,26,32,20,0,1,3,3,24,0,0,1,Theater,3,1,2.33,541.5,1350,8244,12622.8,5,0,0,0,100.0,0.97
B-202302-89415,Booked,Private Party,Anniversary Celebration,Wedding/Social,Hybrid,Full Package,Social,Social/Private,Referral,Low,2022-07-07,2022-08-19,36,2023-02-25,2023-02-26,1,233,11,11,14,1,Boardroom,1,0,7,1.0,4796.77,2,53.1,152.9,131.64,1448.04,339.03,1651.54,3438.61,7,921.48,339.03,1572.9,2833.41,0.6363636363636364,112.35,,2023,2,3,73.8,26.2,1,59.41,136.36,195.77,195.77,136.36,1,0.0,11,0,0,0,1,1,1,4,0,1,1,Boardroom,2,0,2.0,339.03,350,770,1760.6,1,1,0,1,0.0,1.0
B-202302-46655,Booked,Industry Trade Group,Committee Meeting,Association,In-person,Full Package,Trade/Manufacturing,Trade/Manufacturing,Website,High,2022-04-24,2022-05-22,16,2023-02-26,2023-02-28,2,308,121,242,153,1,Grand Ballroom,1,0,12,1.0,60902.14,4,58.2,153.25,137.63,33306.46,1877.74,24142.48,59326.68,166,22846.58,1877.74,22992.84,47717.16,0.6859504132231405,150.28,,2023,2,2,55.4,44.6,1,77.22,191.68,268.9,191.68,191.68,2,6.6,113,121,0,0,1,2,2,16,1,0,1,Classroom,3,1,2.5,1877.74,1000,14229,20435.23,4,0,0,0,100.0,0.64
B-202302-17816,Booked,Education Foundation,Policy Symposium,Association,In-person,Full Package,Education,Education,Referral,High,2022-07-01,2022-08-04,22,2023-02-27,2023-03-01,2,241,64,128,85,1,Half Ballroom,1,0,12,0.0,0.0,1,57.3,154.08,132.77,16994.56,1680.81,5815.53,24490.9,89,11816.53,1680.81,5538.6,19035.94,0.6953125,65.16,,2023,2,4,65.0,35.0,1,94.46,151.65,246.11,246.11,151.8,2,18.8,52,64,0,0,2,4,2,24,1,0,1,Theater,3,1,2.25,1680.81,1800,3800,7407.75,4,0,0,0,50.0,0.71
B-202302-39816,Booked,Dental Association,Networking Summit,Association,In-person,Full Package,Healthcare,Healthcare,Repeat Client,High,2022-06-08,2022-07-09,24,2023-02-27,2023-03-01,2,264,65,130,74,1,Half Ballroom,1,0,7,1.0,49122.58,2,54.4,158.68,145.38,18899.4,1326.6,10906.75,31132.75,99,14392.62,1326.6,10387.38,26106.6,0.7615384615384615,140.37,,2023,2,3,52.5,47.5,1,46.72,142.37,189.09,189.09,144.45,2,0.0,65,65,0,0,2,2,2,16,1,0,1,Theater,2,0,2.0,1326.6,700,1900,3795.27,3,0,0,0,100.0,0.62
B-202302-18564,Booked,State Medical Association,Professional Development Symposium,Association,In-person,Full Package,Healthcare,Healthcare,Referral,High,2022-10-09,2022-11-06,19,2023-02-28,2023-03-02,2,142,105,210,130,1,Grand Ballroom,1,0,9,0.0,0.0,2,51.7,158.96,140.48,29500.8,2506.91,22421.49,54429.2,142,19948.16,2506.91,21353.8,43808.87,0.6761904761904762,164.26,,2023,2,3,72.3,27.7,1,107.57,130.32,237.89,237.89,130.32,2,5.7,99,105,0,0,2,2,2,16,1,0,1,Theater,3,1,2.5,2506.91,1000,19760,25486.21,5,0,0,0,100.0,0.54
B-202303-37686,Booked,Nursing Council,Industry Forum,Association,Hybrid,Full Package,Healthcare,Healthcare,Direct Inquiry,High,2022-09-20,2022-10-25,23,2023-03-01,2023-03-03,2,162,91,182,120,1,Half Ballroom,1,1,12,0.0,0.0,1,64.3,164.62,149.05,27127.1,1188.09,8050.14,36365.33,120,17886.0,1188.09,7666.8,26740.89,0.6593406593406593,63.89,,2023,3,4,52.4,47.6,1,134.0,153.26,287.26,219.75,153.26,2,8.8,83,91,0,0,1,5,2,24,1,0,1,Classroom,3,1,1.8,1188.09,1750,4000,7684.62,5,0,0,0,20.0,1.0
B-202303-34878,Booked,Professional Services Group,Customer Advisory Board,Corporate,In-person,Full Package,Finance,Other,Website,High,2023-01-16,2023-02-02,10,2023-03-02,2023-03-04,2,45,64,128,88,1,Half Ballroom,1,0,7,0.0,0.0,1,74.2,185.2,152.72,19548.16,1034.9,6146.45,26729.51,113,17257.36,1034.9,5853.76,24146.02,0.8828125,66.52,,2023,3,2,61.0,39.0,1,17.59,154.24,171.83,171.83,154.24,2,18.8,52,64,0,0,1,6,2,24,1,0,1,Theater,3,1,2.17,1034.9,2500,4782,9244.23,5,0,0,0,0.0,0.73
B-202303-50499,Booked,Dental Association,State Convention,Association,Hybrid,Full Package,Healthcare,Healthcare,Direct Inquiry,High,2022-08-18,2022-09-20,21,2023-03-06,2023-03-09,3,200,62,186,74,1,Half Ballroom,1,1,12,1.0,54597.19,3,70.7,158.25,144.03,26789.58,960.38,18289.8,46039.76,133,19155.99,960.38,17418.86,37535.23,0.7150537634408602,235.39,,2023,3,3,62.3,37.7,1,143.59,150.76,294.35,188.26,150.76,2,8.0,61,62,51,0,1,3,3,24,1,0,1,Classroom,2,0,2.0,960.38,1050,3200,6056.6,4,0,0,0,100.0,0.62
B-202303-60140,Booked,Education Foundation,Leadership Institute,Association,In-person,Full Package,Education,Education,Cvent,High,2022-07-01,2022-08-07,27,2023-03-06,2023-03-08,2,248,80,160,99,1,Half Ballroom,1,1,10,1.0,56176.16,3,61.4,163.86,140.08,22412.8,1645.11,5728.68,29786.59,115,16109.2,1645.11,5455.89,23210.2,0.71875,55.11,,2023,3,2,70.0,30.0,0,103.86,167.91,271.77,0.0,271.77,2,5.0,76,80,0,0,2,5,2,24,1,0,1,Theater,3,1,2.4,1645.11,2350,4744,8917.91,4,0,0,0,20.0,0.82
B-202303-64387,Booked,Education Foundation,Awards Gala Weekend,Association,In-person,Full Package,Education,Education,Repeat Client,High,2022-03-09,2022-04-08,16,2023-03-09,2023-03-12,3,365,104,312,143,1,Grand Ballroom,1,0,14,1.0,92676.82,1,66.3,161.32,134.33,41910.96,2071.47,33803.27,77785.7,237,31836.21,2071.47,32193.59,66101.27,0.7596153846153846,225.13,,2023,3,3,50.2,49.8,1,117.78,176.3,294.08,250.67,250.67,2,4.3,103,104,94,0,1,3,3,24,1,0,1,Theater,2,0,2.0,2071.47,1050,22451,31030.46,5,0,0,0,100.0,0.6
B-202303-65176,Booked,Private Individual,Family Reunion Weekend,Wedding/Social,In-person,Rooms Only,Social,Social/Private,Cvent,Low,2022-04-06,2022-05-16,34,2023-03-09,2023-03-10,1,337,15,15,16,0,,0,0,6,1.0,2128.53,2,66.7,162.79,148.78,2231.7,0.0,0.0,2231.7,8,1190.24,0.0,0.0,1190.24,0.5333333333333333,0.0,,2023,3,3,61.9,38.1,1,120.68,155.15,275.83,196.31,196.31,1,0.0,15,0,0,0,0,0,0,0,0,0,0,,0,0,0.0,0.0,0,0,0.0,0,0,0,0,0.0,0.0
B-202303-99889,Booked,Professional Services Group,Annual Sales Conference,Corporate,Hybrid,Full Package,Professional Services,Other,Sales Call,Medium,2022-12-22,2023-01-17,12,2023-03-09,2023-03-11,2,77,39,78,53,1,Half Ballroom,1,1,14,0.0,0.0,3,67.5,160.69,142.45,11111.1,998.14,9308.02,21417.26,67,9544.15,998.14,8864.78,19407.07,0.8589743589743589,167.26,,2023,3,3,70.7,29.3,0,127.5,147.23,274.73,0.0,147.23,2,7.7,36,39,0,0,1,2,2,16,1,0,1,Theater,2,0,1.5,998.14,500,2280,4006.34,3,0,0,0,100.0,0.44
B-202303-18609,Booked,Global Industries,Product Launch Event,Corporate,In-person,Full Package,Healthcare,Other,Repeat Client,Medium,2022-12-19,2023-01-13,11,2023-03-11,2023-03-12,1,82,19,19,22,1,Breakout Room,1,1,14,0.0,0.0,1,65.1,164.14,149.91,2848.29,353.83,1718.41,4920.53,17,2548.47,353.83,1636.58,4538.88,0.8947368421052632,74.39,,2023,3,4,70.7,29.3,1,159.5,128.1,287.6,228.98,128.1,1,0.0,19,0,0,0,1,1,1,8,0,0,1,Classroom,3,1,3.0,353.83,650,1694,3257.67,4,0,0,0,100.0,0.55
B-202303-14082,Booked,Personal Event,Holiday Party,Wedding/Social,In-person,Full Package,Social,Social/Private,Referral,Low,2022-07-19,2022-08-15,15,2023-03-15,2023-03-17,2,239,21,42,29,1,Breakout Room,1,0,12,1.0,22261.82,3,63.1,158.24,147.04,6175.68,569.9,3603.15,10348.73,25,3676.0,569.9,3431.57,7677.47,0.5952380952380952,118.33,,2023,3,4,59.6,40.4,1,130.83,147.6,278.43,197.0,147.6,2,19.0,17,21,0,0,1,3,2,12,0,0,1,Banquet,2,0,1.67,569.9,850,1595,4206.55,1,1,0,1,0.0,0.72
B-202303-40947,Booked,Senior Adventures,Culinary Tour Group,Corporate,In-person,Rooms Only,Legal,Legal,Third-Party Planner,High,2023-01-12,2023-01-23,7,2023-03-15,2023-03-16,1,62,21,21,23,0,,0,0,4,1.0,3620.07,2,64.2,160.23,138.14,2900.94,0.0,0.0,2900.94,20,2762.8,0.0,0.0,2762.8,0.9523809523809524,0.0,,2023,3,3,72.3,27.7,1,126.03,162.21,288.24,243.61,162.21,1,0.0,21,0,0,0,0,0,0,0,0,0,0,,0,0,0.0,0.0,0,0,0.0,0,0,0,0,0.0,0.0
B-202303-90623,Booked,Pharmaceutical Partners,Product Launch Event,Corporate,Hybrid,Rooms Only,Healthcare,Healthcare,Repeat Client,Low,2022-11-09,2022-11-26,11,2023-03-15,2023-03-16,1,126,48,48,52,0,,0,1,6,1.0,6988.72,1,65.9,154.02,139.5,6696.0,0.0,0.0,6696.0,42,5859.0,0.0,0.0,5859.0,0.875,0.0,,2023,3,2,73.1,26.9,0,138.56,147.25,285.81,0.0,147.25,1,0.0,48,0,0,0,0,0,0,0,0,0,0,,0,0,0.0,0.0,0,0,0.0,0,0,0,0,0.0,0.0
B-202303-98125,Booked,Retail Corporation,Executive Offsite,Corporate,In-person,Full Package,Technology,Other,Repeat Client,High,2022-12-10,2022-12-24,7,2023-03-15,2023-03-18,3,95,60,180,76,1,Half Ballroom,1,0,7,1.0,49784.59,1,56.9,159.45,138.18,24872.4,1782.67,16651.87,43306.94,171,23628.78,1782.67,15858.92,41270.37,0.95,208.67,,2023,3,2,62.7,37.3,1,49.52,173.43,222.95,222.95,222.95,2,5.9,53,60,52,0,2,3,3,24,1,0,1,Classroom,3,1,2.0,1782.67,1150,4320,7266.81,5,0,0,0,100.0,0.63
B-202303-22999,Booked,Manufacturing Alliance,Customer Advisory Board,Corporate,In-person,Full Package,Professional Services,Other,RFP,Medium,2023-01-08,2023-01-31,9,2023-03-17,2023-03-18,1,68,76,76,103,1,Half Ballroom,1,1,14,1.0,26311.95,2,59.6,157.45,137.83,10475.08,1538.94,3077.95,15091.97,70,9648.1,1538.94,2931.38,14118.42,0.9210526315789472,28.46,,2023,3,2,57.6,42.4,1,34.13,136.68,170.81,170.81,136.68,1,0.0,76,0,0,0,2,2,1,12,1,0,1,Theater,2,0,2.0,1538.94,700,2064,3694.32,4,0,0,0,50.0,0.86
B-202303-64459,Booked,Cultural Journeys,International Tour Package,Corporate,In-person,Full Package,Legal,Legal,Referral,Medium,2023-02-09,2023-03-03,13,2023-03-17,2023-03-18,1,36,15,15,20,1,Breakout Room,1,0,9,0.0,0.0,2,66.0,162.43,143.46,2151.9,492.64,0.0,2644.54,13,1864.98,492.64,0.0,2357.62,0.8666666666666667,0.0,,2023,3,2,62.8,37.2,1,103.49,169.67,273.16,169.67,169.67,1,0.0,15,0,0,0,1,1,1,4,0,0,1,Classroom,1,0,1.0,492.64,150,0,730.87,0,0,0,0,0.0,0.5
B-202303-97562,Booked,Nursing Council,Professional Development Symposium,Association,In-person,Full Package,Healthcare,Healthcare,Third-Party Planner,High,2022-08-27,2022-09-26,23,2023-03-17,2023-03-20,3,202,39,117,43,1,Half Ballroom,1,0,7,0.0,0.0,3,67.4,158.28,144.61,16919.37,943.19,11035.56,28898.12,82,11858.02,943.19,10510.06,23311.27,0.7008547008547008,244.42,,2023,3,3,68.2,31.8,1,46.23,129.24,175.47,175.47,150.64,2,5.3,34,39,36,0,1,3,3,24,1,0,1,Classroom,3,1,2.67,943.19,1650,4780,8164.48,5,0,0,0,100.0,0.36
B-202303-63476,Booked,Social Event,Engagement Party,Wedding/Social,In-person,Full Package,Social,Social/Private,Referral,Low,2022-05-11,2022-06-10,17,2023-03-18,2023-03-19,1,311,10,10,11,1,Boardroom,1,1,13,0.0,0.0,1,61.0,153.68,132.3,1323.0,338.02,1462.81,3123.83,5,661.5,338.02,1393.15,2392.67,0.5,126.65,,2023,3,4,68.2,31.8,1,127.44,126.85,254.29,254.29,126.85,1,0.0,10,0,0,0,1,2,1,8,0,1,1,Boardroom,2,0,2.0,338.02,700,605,2565.66,1,1,0,1,0.0,0.79
B-202303-30253,Booked,Insurance Federation,State Convention,Association,In-person,Full Package,Finance,Finance,Sales Call,Medium,2022-07-15,2022-08-15,24,2023-03-19,2023-03-21,2,247,83,166,107,1,Half Ballroom,1,0,7,1.0,49277.74,2,70.9,159.69,143.7,23854.2,1278.46,6169.14,31301.8,135,19399.5,1278.46,5875.37,26553.33,0.8132530120481928,54.91,,2023,3,4,64.1,35.9,1,151.24,141.57,292.81,195.7,141.57,2,12.0,73,83,0,0,1,6,2,24,1,0,1,Theater,3,1,2.0,1278.46,2200,3960,8137.71,4,0,0,0,0.0,0.89
B-202303-93904,Booked,Pharmaceutical Partners,New Hire Orientation,Corporate,In-person,Full Package,Healthcare,Healthcare,Sales Call,High,2022-12-31,2023-01-21,7,2023-03-19,2023-03-21,2,78,92,184,109,1,Half Ballroom,1,0,14,1.0,56924.67,4,59.2,157.45,146.05,26873.2,1428.68,6916.21,35218.09,164,23952.2,1428.68,6586.87,31967.75,0.8913043478260869,60.43,,2023,3,4,67.5,32.5,1,89.9,128.14,218.04,218.04,128.14,2,3.3,89,92,0,0,2,5,2,24,1,0,1,Theater,2,0,2.0,1428.68,1750,4464,8216.61,5,0,0,0,20.0,0.91
B-202303-42850,Booked,Service Club,High School Reunion,SMERF,In-person,Full Package,SMERF,Social/Community,Third-Party Planner,Medium,2022-10-10,2022-11-05,14,2023-03-21,2023-03-23,2,162,41,82,52,1,Half Ballroom,1,0,12,0.0,0.0,4,63.7,164.34,138.74,11376.68,1330.57,4779.68,17486.93,67,9295.58,1330.57,4552.08,15178.23,0.8170731707317073,87.54,,2023,3,4,57.4,42.6,1,118.0,147.43,265.43,216.89,147.43,2,14.6,35,41,0,0,1,2,2,16,1,0,1,Classroom,2,0,1.0,1330.57,350,1640,3184.66,2,0,0,0,100.0,0.43
B-202303-47667,Booked,Professional Engineers Society,Networking Summit,Association,Hybrid,Full Package,Association,Other,Third-Party Planner,Medium,2022-07-11,2022-08-12,25,2023-03-21,2023-03-22,1,253,63,63,83,1,Half Ballroom,1,0,7,1.0,15368.9,4,62.8,158.95,136.55,8602.65,870.0,2740.0,12212.65,51,6964.05,870.0,2609.52,10443.57,0.8095238095238095,31.44,,2023,3,2,61.6,38.4,1,106.24,135.79,242.03,242.03,135.79,1,0.0,63,0,0,0,1,3,1,12,1,0,1,Theater,3,1,2.0,870.0,1150,2052,4202.08,4,0,0,0,0.0,0.69
B-202303-59308,Booked,Private Individual,Engagement Party,Wedding/Social,In-person,Rooms Only,Social,Social/Private,Repeat Client,Low,2022-03-24,2022-04-12,16,2023-03-24,2023-03-25,1,365,12,12,13,0,,0,0,3,1.0,1793.74,1,68.5,158.69,142.05,1704.6,0.0,0.0,1704.6,7,994.35,0.0,0.0,994.35,0.5833333333333334,0.0,,2023,3,3,66.4,33.6,1,139.05,143.48,282.53,224.49,143.48,1,0.0,12,0,0,0,0,0,0,0,0,0,0,,0,0,0.0,0.0,0,0,0.0,0,0,0,0,0.0,0.0
B-202303-55242,Booked,Dental Association,Member Appreciation Event,Association,In-person,Full Package,Healthcare,Healthcare,Third-Party Planner,High,2022-06-04,2022-06-30,18,2023-03-25,2023-03-28,3,294,71,213,80,1,Half Ballroom,1,0,8,0.0,0.0,3,60.8,157.99,133.14,28358.82,1604.02,16924.32,46887.16,143,19039.02,1604.02,16118.4,36761.44,0.6713615023474179,201.48,,2023,3,3,65.7,34.3,1,156.84,127.85,284.69,240.95,127.85,2,3.0,66,71,70,0,2,3,3,24,1,0,1,Classroom,3,1,2.33,1604.02,1350,4100,7325.21,5,0,0,0,100.0,0.67
B-202303-73156,Booked,Personal Event,Family Reunion Weekend,Wedding/Social,In-person,Full Package,Social,Social/Private,Referral,Low,2022-10-16,2022-11-26,31,2023-03-27,2023-03-28,1,162,28,28,37,1,Breakout Room,1,1,10,1.0,11329.94,1,59.3,153.03,134.4,3763.2,457.94,5091.29,9312.43,17,2284.8,457.94,4848.85,7591.59,0.6071428571428571,131.05,,2023,3,2,52.3,47.7,1,38.58,141.83,180.41,180.41,141.83,1,0.0,28,0,0,0,1,2,1,8,0,0,1,Banquet,0,0,0.0,457.94,0,1665,2899.0,1,0,1,1,0.0,0.93
B-202303-60422,Booked,Manufacturing Alliance,Board of Directors Meeting,Corporate,In-person,Full Package,Technology,Other,RFP,Medium,2022-12-14,2022-12-31,8,2023-03-28,2023-03-31,3,104,50,150,56,1,Half Ballroom,1,1,9,1.0,41995.55,3,64.9,162.66,143.35,21502.5,1094.44,13504.01,36100.95,128,18348.8,1094.44,12860.96,32304.2,0.8533333333333334,229.66,,2023,3,2,63.8,36.2,1,79.5,146.97,226.47,226.47,226.47,2,6.8,44,50,42,0,1,3,3,24,1,0,1,Classroom,3,1,2.67,1094.44,1650,4656,8203.55,5,0,0,0,100.0,0.47
B-202303-79942,Booked,Global Industries,Innovation Workshop,Corporate,In-person,Full Package,Finance,Other,Website,Low,2022-11-24,2022-12-12,9,2023-03-28,2023-03-30,2,124,54,108,74,1,Half Ballroom,1,1,9,1.0,28699.22,1,61.2,157.38,140.08,15128.64,1699.21,12083.9,28911.75,95,13307.6,1699.21,11508.48,26515.29,0.8796296296296297,155.52,,2023,3,2,68.5,31.5,1,38.01,130.99,169.0,169.0,130.99,2,3.7,52,54,0,0,2,2,2,16,1,0,1,Theater,2,0,1.5,1699.21,500,1680,3414.71,3,0,0,0,100.0,0.62
B-202303-80592,Booked,Energy Solutions,Sales Kickoff,Corporate,In-person,Full Package,Healthcare,Other,RFP,Medium,2023-02-25,2023-03-18,9,2023-03-28,2023-03-30,2,31,41,82,49,1,Half Ballroom,1,0,12,0.0,0.0,1,61.1,156.13,137.4,11266.8,839.32,6967.36,19073.48,68,9343.2,839.32,6635.58,16818.1,0.8292682926829268,135.42,,2023,3,4,66.0,34.0,1,140.23,141.66,281.89,173.26,151.55,2,12.2,36,41,0,0,1,2,2,16,1,0,1,Classroom,2,0,1.5,839.32,500,3048,4730.72,4,0,0,0,100.0,0.41
B-202303-30632,Booked,Legal Society,Educational Seminar Series,Association,In-person,Meeting Only,Legal,Legal,Repeat Client,Low,2022-09-04,2022-10-07,28,2023-03-29,2023-03-30,1,206,0,0,111,1,Half Ballroom,0,1,5,1.0,16956.21,2,63.2,158.06,0.0,0.0,1366.47,3419.58,4786.05,0,0.0,1366.47,3256.74,4623.21,,29.34,,2023,3,0,0.0,0.0,0,0.0,0.0,0.0,0.0,0.0,0,0.0,0,0,0,0,2,2,1,12,1,0,1,Theater,2,0,2.0,1366.47,700,1828,3390.75,4,0,0,0,50.0,0.93
B-202303-52516,Booked,Social Event,Retirement Party,Wedding/Social,In-person,Full Package,Social,Social/Private,Referral,Low,2022-05-24,2022-06-17,17,2023-03-29,2023-03-30,1,309,28,28,33,1,Breakout Room,1,1,7,1.0,13832.24,1,62.4,163.38,135.02,3780.56,526.04,4847.88,9154.48,16,2160.32,526.04,4617.03,7303.39,0.5714285714285714,139.91,,2023,3,4,50.7,49.3,1,113.25,139.89,253.14,253.14,139.89,1,0.0,28,0,0,0,1,2,1,8,0,0,1,Banquet,1,0,0.5,526.04,150,1815,3085.54,1,1,0,1,0.0,0.82
B-202303-81643,Booked,Private Individual,Holiday Party,Wedding/Social,In-person,Full Package,Social,Social/Private,RFP,Low,2022-07-17,2022-08-15,16,2023-03-29,2023-03-30,1,255,21,21,23,1,Breakout Room,1,0,13,1.0,8815.17,4,65.6,160.08,146.51,3076.71,510.88,3191.66,6779.25,11,1611.61,510.88,3039.68,5162.17,0.5238095238095238,132.16,,2023,3,2,65.1,34.9,1,104.03,143.51,247.54,247.54,143.51,1,0.0,21,0,0,0,1,2,1,8,0,0,1,Banquet,1,0,1.0,510.88,300,1265,2690.07,1,1,0,1,0.0,0.57
B-202303-94889,Booked,Energy Solutions,Annual Sales Conference,Corporate,In-person,Meeting Only,Healthcare,Other,Website,Low,2023-02-05,2023-02-19,7,2023-03-30,2023-03-31,1,53,0,0,106,1,Half Ballroom,0,0,7,0.0,0.0,2,66.6,162.77,0.0,0.0,864.5,3345.68,4210.18,0,0.0,864.5,3186.36,4050.86,,30.06,,2023,3,0,0.0,0.0,0,0.0,0.0,0.0,0.0,0.0,0,0.0,0,0,0,0,1,2,1,12,1,0,1,Theater,3,1,2.5,864.5,1000,2520,4452.85,3,0,0,0,50.0,0.88
B-202303-50953,Booked,Nursing Council,Leadership Institute,Association,In-person,Full Package,Healthcare,Healthcare,Direct Inquiry,Low,2022-05-01,2022-06-07,26,2023-03-31,2023-04-01,1,334,32,32,36,1,Breakout Room,1,1,11,0.0,0.0,1,68.8,163.31,140.16,4485.12,490.78,3036.47,8012.37,24,3363.84,490.78,2891.88,6746.5,0.75,80.33,,2023,3,2,60.2,39.8,1,78.46,154.54,233.0,233.0,154.54,1,0.0,32,0,0,0,1,1,1,8,0,0,1,Theater,3,1,3.0,490.78,650,2772,4484.75,4,0,0,0,100.0,0.9
B-202303-75836,Booked,Social Event,Graduation Celebration,Wedding/Social,In-person,Full Package,Social,Social/Private,RFP,Low,2022-08-21,2022-09-23,21,2023-03-31,2023-04-01,1,222,18,18,21,1,Breakout Room,1,1,12,1.0,5949.97,2,64.7,157.35,133.13,2396.34,467.15,2919.2,5782.69,10,1331.3,467.15,2780.19,4578.64,0.5555555555555556,132.39,,2023,3,3,63.5,36.5,1,78.64,138.66,217.3,217.3,138.66,1,0.0,18,0,0,0,1,1,1,4,0,0,1,Banquet,0,0,0.0,467.15,0,1155,1761.46,1,1,0,1,0.0,0.53
B-202303-83048,Booked,Travel Club International,Regional History Tour,Corporate,In-person,Rooms Only,Finance,Finance,Sales Call,Low,2023-01-15,2023-01-29,11,2023-03-31,2023-04-02,2,75,39,78,42,0,,0,0,3,0.0,0.0,3,60.1,159.0,132.44,10330.32,0.0,0.0,10330.32,72,9535.68,0.0,0.0,9535.68,0.9230769230769232,0.0,,2023,3,3,64.0,36.0,1,62.66,157.82,220.48,220.48,220.48,2,30.8,27,39,0,0,0,0,0,0,0,0,0,,0,0,0.0,0.0,0,0,0.0,0,0,0,0,0.0,0.0
B-202304-15741,Booked,Professional Engineers Society,Professional Development Symposium,Association,In-person,Meeting Only,Association,Other,RFP,Medium,2022-07-15,2022-08-13,24,2023-04-02,2023-04-04,2,261,0,0,138,1,Grand Ballroom,0,1,5,0.0,0.0,3,77.2,161.44,0.0,0.0,2430.47,19400.66,21831.13,0,0.0,2430.47,18476.82,20907.29,,133.89,,2023,4,0,0.0,0.0,0,0.0,0.0,0.0,0.0,0.0,0,0.0,0,0,0,0,1,2,2,16,1,0,1,Classroom,3,1,2.5,2430.47,1000,17664,23981.64,4,0,0,0,100.0,0.57
B-202304-35048,Booked,Real Estate Board,Awards Gala Weekend,Association,Virtual,Full Package,Government,Government,Referral,Medium,2022-06-27,2022-07-29,18,2023-04-02,2023-04-03,1,279,96,96,115,1,Half Ballroom,1,1,14,1.0,28428.36,2,84.4,166.85,137.97,13245.12,993.13,3330.28,17568.53,69,9519.93,993.13,3171.7,13684.76,0.71875,27.58,,2023,4,2,71.2,28.8,1,65.28,129.26,194.54,194.54,129.26,1,0.0,96,0,0,0,1,2,1,12,1,0,1,Theater,1,0,1.0,993.13,300,2292,3462.21,4,0,0,0,50.0,0.96
B-202304-40932,Booked,Social Event,Smith-Johnson Wedding,Wedding/Social,In-person,Rooms Only,Social,Social/Private,RFP,Low,2022-11-03,2022-12-11,34,2023-04-02,2023-04-03,1,150,20,20,22,0,,0,0,4,1.0,3346.08,2,79.1,165.56,147.58,2951.6,0.0,0.0,2951.6,12,1770.96,0.0,0.0,1770.96,0.6,0.0,,2023,4,2,74.6,25.4,1,45.55,225.84,271.39,225.84,271.39,1,0.0,20,0,0,0,0,0,0,0,0,0,0,,0,0,0.0,0.0,0,0,0.0,0,0,0,0,0.0,0.0
B-202304-98652,Booked,Social Event,Charity Gala,Wedding/Social,In-person,Full Package,Social,Social/Private,RFP,High,2022-06-22,2022-07-20,19,2023-04-02,2023-04-05,3,284,31,93,43,1,Half Ballroom,1,1,9,1.0,46557.98,3,78.1,172.3,154.15,14335.95,1201.66,6129.11,21666.72,53,8169.95,1201.66,5837.25,15208.86,0.5698924731182796,135.75,,2023,4,4,72.7,27.3,1,129.89,136.84,266.73,228.09,147.11,2,7.0,30,31,26,0,1,4,3,16,1,0,1,Banquet,2,0,1.0,1201.66,650,1320,3369.2,1,1,0,1,0.0,0.36
B-202304-23875,Booked,Banking Consortium,Product Launch Event,Corporate,In-person,Full Package,Finance,Finance,Website,High,2022-12-29,2023-01-17,12,2023-04-03,2023-04-06,3,95,44,132,54,1,Half Ballroom,1,1,7,0.0,0.0,3,77.4,162.35,134.22,17717.04,1169.96,13325.63,32212.63,120,16106.4,1169.96,12691.08,29967.44,0.9090909090909092,235.02,,2023,4,3,72.7,27.3,1,99.58,192.65,292.23,231.42,231.42,2,11.8,33,44,33,0,1,3,3,24,1,0,1,Classroom,2,0,2.0,1169.96,1050,5160,8042.78,5,0,0,0,100.0,0.45
B-202304-24945,Booked,Service Club,High School Reunion,SMERF,In-person,Full Package,SMERF,Social/Community,Cvent,Medium,2022-12-04,2022-12-30,12,2023-04-03,2023-04-04,1,120,65,65,81,1,Half Ballroom,1,0,14,0.0,0.0,4,80.9,170.59,141.31,9185.15,1853.98,1536.0,12575.13,58,8195.98,1853.98,1462.86,11512.82,0.8923076923076924,18.06,,2023,4,4,67.5,32.5,1,134.89,147.68,282.57,251.73,147.68,1,0.0,65,0,0,0,2,3,1,16,1,0,1,Theater,1,0,0.67,1853.98,300,432,1879.96,1,0,0,0,33.3,0.68
B-202304-72739,Booked,Education Foundation,Awards Gala Weekend,Association,In-person,Full Package,Education,Education,Repeat Client,High,2022-08-14,2022-09-10,17,2023-04-03,2023-04-07,4,232,76,304,92,1,Half Ballroom,1,0,10,0.0,0.0,2,77.1,167.31,137.39,41766.56,1053.53,12316.5,55136.59,220,30225.8,1053.53,11730.0,43009.33,0.7236842105263158,127.5,,2023,4,4,63.6,36.4,1,98.81,134.18,232.99,232.99,134.18,2,6.3,68,76,72,63,1,10,4,48,1,0,1,Classroom,3,1,1.8,1053.53,3200,7600,14722.16,5,0,0,0,20.0,0.77
B-202304-35856,Booked,Social Event,Memorial Service Gathering,Wedding/Social,In-person,Full Package,Social,Social/Private,Third-Party Planner,Low,2022-06-09,2022-07-07,18,2023-04-04,2023-04-05,1,299,29,29,37,1,Breakout Room,1,1,10,0.0,0.0,2,76.6,163.82,138.4,4013.6,446.86,4753.69,9214.15,18,2491.2,446.86,4527.32,7465.38,0.6206896551724138,122.36,,2023,4,2,72.5,27.5,1,49.11,125.22,174.33,174.33,125.22,1,0.0,29,0,0,0,1,2,1,8,0,0,1,Banquet,0,0,0.0,446.86,0,2035,3238.41,1,1,0,1,0.0,0.93
B-202304-41147,Booked,Retail Corporation,Sales Kickoff,Corporate,Virtual,Full Package,Healthcare,Other,Sales Call,Medium,2023-02-06,2023-02-25,10,2023-04-04,2023-04-06,2,57,35,70,39,1,Breakout Room,1,0,9,0.0,0.0,2,82.6,160.74,139.1,9737.0,508.29,6267.4,16512.69,64,8902.4,508.29,5968.95,15379.64,0.9142857142857144,153.05,,2023,4,2,55.4,44.6,0,2.11,140.94,143.05,0.0,140.94,2,25.7,26,35,0,0,1,2,2,16,0,0,1,Classroom,2,0,2.0,508.29,700,4608,7428.16,4,0,0,0,100.0,0.97
B-202304-21221,Booked,Financial Services Group,Management Training,Corporate,In-person,Rooms Only,Finance,Finance,Sales Call,Low,2023-01-31,2023-02-12,9,2023-04-06,2023-04-07,1,65,56,56,61,0,,0,0,3,0.0,0.0,2,78.0,172.12,150.86,8448.16,0.0,0.0,8448.16,45,6788.7,0.0,0.0,6788.7,0.8035714285714286,0.0,,2023,4,4,72.6,27.4,1,117.16,128.92,246.08,246.08,130.37,1,0.0,56,0,0,0,0,0,0,0,0,0,0,,0,0,0.0,0.0,0,0,0.0,0,0,0,0,0.0,0.0
B-202304-89254,Booked,Cultural Journeys,Garden Tour Society,Corporate,Hybrid,Rooms Only,Trade/Manufacturing,Trade/Manufacturing,Sales Call,High,2023-01-29,2023-02-17,14,2023-04-06,2023-04-07,1,67,27,27,29,0,,0,0,5,0.0,0.0,4,78.0,169.26,156.4,4222.8,0.0,0.0,4222.8,26,4066.4,0.0,0.0,4066.4,0.9629629629629628,0.0,,2023,4,3,61.0,39.0,1,126.45,140.25,266.7,229.48,140.25,1,0.0,27,0,0,0,0,0,0,0,0,0,0,,0,0,0.0,0.0,0,0,0.0,0,0,0,0,0.0,0.0
B-202304-28030,Booked,Pharmaceutical Partners,Quarterly Business Review,Corporate,Hybrid,Full Package,Healthcare,Healthcare,RFP,Medium,2023-01-16,2023-02-04,8,2023-04-07,2023-04-09,2,81,44,88,49,1,Half Ballroom,1,0,11,1.0,24294.46,2,73.0,164.51,148.72,13087.36,1249.61,7918.67,22255.64,71,10559.12,1249.61,7541.59,19350.32,0.8068181818181818,153.91,,2023,4,3,64.0,36.0,1,52.02,128.65,180.67,180.67,128.65,2,15.9,37,44,0,0,1,2,2,16,1,0,1,Classroom,2,0,1.5,1249.61,500,3072,4768.96,4,0,0,0,100.0,0.41
B-202304-92346,Booked,Global Industries,Town Hall Meeting,Corporate,Hybrid,Rooms Only,Technology,Other,Website,Low,2023-02-18,2023-03-09,12,2023-04-08,2023-04-10,2,49,45,90,49,0,,0,1,7,1.0,14426.22,1,83.0,167.23,147.19,13247.1,0.0,0.0,13247.1,87,12805.53,0.0,0.0,12805.53,0.9666666666666668,0.0,,2023,4,4,63.7,36.3,1,75.63,142.7,218.33,218.33,146.8,2,4.4,43,45,0,0,0,0,0,0,0,0,0,,0,0,0.0,0.0,0,0,0.0,0,0,0,0,0.0,0.0
B-202304-17518,Booked,Family Celebration,Smith-Johnson Wedding,Wedding/Social,Hybrid,Full Package,Social,Social/Private,Sales Call,Low,2022-06-18,2022-08-09,38,2023-04-09,2023-04-10,1,295,48,48,62,1,Half Ballroom,1,1,14,1.0,19526.27,2,81.9,162.28,140.04,6721.92,1317.96,8593.85,16633.73,29,4061.16,1317.96,8184.62,13563.74,0.6041666666666666,132.01,,2023,4,2,51.4,48.6,1,119.44,128.46,247.9,247.9,128.46,1,0.0,48,0,0,0,1,2,1,8,1,0,1,Banquet,2,0,1.5,1317.96,500,1080,2276.7,1,0,1,1,0.0,0.52
B-202304-52291,Booked,Professional Engineers Society,Annual Member Conference,Association,In-person,Full Package,Association,Other,Cvent,Medium,2022-07-29,2022-08-30,23,2023-04-10,2023-04-12,2,255,57,114,68,1,Half Ballroom,1,0,9,1.0,41735.21,2,81.6,162.82,140.18,15980.52,1445.35,9771.09,27196.96,77,10793.86,1445.35,9305.8,21545.01,0.6754385964912281,136.85,,2023,4,3,66.2,33.8,1,99.16,148.06,247.22,247.22,148.06,2,1.8,56,57,0,0,2,2,2,16,1,0,1,Classroom,3,1,2.5,1445.35,1000,2100,4235.38,5,0,0,0,100.0,0.57
B-202304-52981,Booked,Insurance Federation,Professional Development Symposium,Association,In-person,Full Package,Finance,Finance,Referral,Medium,2022-06-09,2022-07-07,14,2023-04-11,2023-04-14,3,306,51,153,60,1,Half Ballroom,1,0,14,1.0,40374.34,1,79.7,167.36,153.1,23424.3,1173.29,15857.1,40454.69,104,15922.4,1173.29,15102.0,32197.69,0.6797385620915033,251.7,,2023,4,4,58.1,41.9,1,93.76,128.89,222.65,222.65,136.5,2,6.4,47,51,43,0,1,3,3,24,1,0,1,Classroom,3,1,2.67,1173.29,1650,3120,6617.6,4,0,0,0,100.0,0.5
B-202304-20057,Booked,State Medical Association,Committee Meeting,Association,In-person,Full Package,Healthcare,Healthcare,Direct Inquiry,Medium,2022-07-21,2022-08-15,14,2023-04-12,2023-04-15,3,265,31,93,39,1,Breakout Room,1,1,11,1.0,34502.66,1,73.4,166.19,142.12,13217.16,571.88,9030.29,22819.33,74,10516.88,571.88,8600.28,19689.04,0.7956989247311828,220.52,,2023,4,2,67.8,32.2,1,46.1,220.45,266.55,220.45,266.55,2,16.0,20,31,21,0,1,3,3,24,0,0,1,Classroom,3,1,2.33,571.88,1350,7380,11823.67,5,0,0,0,100.0,0.97
B-202304-47079,Booked,Personal Event,Bar/Bat Mitzvah,Wedding/Social,In-person,Full Package,Social,Social/Private,Cvent,Low,2022-11-13,2022-12-24,30,2023-04-12,2023-04-13,1,150,39,39,47,1,Half Ballroom,1,0,11,0.0,0.0,1,78.4,168.37,156.27,6094.53,822.1,6412.54,13329.17,21,3281.67,822.1,6107.18,10210.95,0.5384615384615384,129.94,,2023,4,3,74.2,25.8,1,51.15,129.56,180.71,180.71,129.56,1,0.0,39,0,0,0,1,2,1,8,1,0,1,Reception,1,0,0.5,822.1,150,1320,2158.56,1,1,0,1,0.0,0.39
B-202304-51770,Booked,Technology Innovators,Quarterly Business Review,Corporate,In-person,Full Package,Technology,Technology,Repeat Client,High,2023-03-03,2023-03-30,14,2023-04-12,2023-04-14,2,40,81,162,109,1,Half Ballroom,1,1,13,1.0,46856.88,1,78.9,168.77,144.79,23455.98,1746.1,6899.05,32101.13,147,21284.13,1746.1,6570.52,29600.75,0.9074074074074074,60.28,,2023,4,3,51.0,49.0,1,34.29,146.6,180.89,180.89,146.6,2,12.3,71,81,0,0,2,5,2,24,1,0,1,Classroom,3,1,2.0,1746.1,1850,4614,8432.35,4,0,0,0,20.0,0.91
B-202304-94252,Booked,Social Event,Family Reunion Weekend,Wedding/Social,In-person,Full Package,Social,Social/Private,Direct Inquiry,Medium,2022-05-21,2022-06-15,14,2023-04-12,2023-04-14,2,326,30,60,40,1,Breakout Room,1,1,11,0.0,0.0,1,73.8,171.54,158.29,9497.4,452.7,5852.7,15802.8,39,6173.31,452.7,5574.0,12200.01,0.65,139.35,,2023,4,2,51.3,48.7,0,133.15,148.52,281.67,0.0,148.52,2,13.3,26,30,0,0,1,3,2,12,0,0,1,Reception,2,0,1.33,452.7,700,2200,4690.97,1,1,0,1,0.0,1.0
B-202304-58567,Booked,Legal Society,State Convention,Association,In-person,Full Package,Legal,Legal,Website,Medium,2022-09-09,2022-10-19,26,2023-04-13,2023-04-15,2,216,65,130,82,1,Half Ballroom,1,0,14,0.0,0.0,4,82.0,165.78,143.57,18664.1,1132.18,5617.16,25413.44,89,12777.73,1132.18,5349.68,19259.59,0.6846153846153846,65.24,,2023,4,2,62.8,37.2,0,17.12,126.36,143.48,0.0,126.36,2,10.8,58,65,0,0,1,4,2,24,1,0,1,Theater,3,1,2.0,1132.18,1500,4352,7625.82,5,0,0,0,50.0,0.68
B-202304-17852,Booked,Nursing Council,Policy Symposium,Association,Hybrid,Full Package,Healthcare,Healthcare,Referral,Medium,2022-10-04,2022-11-11,28,2023-04-15,2023-04-17,2,193,52,104,64,1,Half Ballroom,1,1,10,0.0,0.0,3,79.4,163.66,139.71,14529.84,970.03,9619.01,25118.88,78,10897.38,970.03,9160.96,21028.37,0.75,143.14,,2023,4,4,53.8,46.2,1,121.83,131.84,253.67,253.67,149.83,2,15.4,44,52,0,0,1,2,2,16,1,0,1,Classroom,2,0,1.5,970.03,500,2340,4062.81,5,0,0,0,100.0,0.53
B-202304-15130,Booked,Pharmaceutical Partners,Performance Review Summit,Corporate,In-person,Rooms Only,Healthcare,Healthcare,Repeat Client,Low,2023-01-23,2023-02-07,10,2023-04-17,2023-04-18,1,84,36,36,39,0,,0,0,5,0.0,0.0,1,75.8,168.61,150.43,5415.48,0.0,0.0,5415.48,31,4663.33,0.0,0.0,4663.33,0.8611111111111112,0.0,,2023,4,3,73.6,26.4,1,155.1,132.62,287.72,186.5,132.62,1,0.0,36,0,0,0,0,0,0,0,0,0,0,,0,0,0.0,0.0,0,0,0.0,0,0,0,0,0.0,0.0
B-202304-36342,Booked,Social Event,Holiday Party,Wedding/Social,In-person,Full Package,Social,Social/Private,Website,Low,2022-08-10,2022-09-09,23,2023-04-17,2023-04-18,1,250,10,10,11,1,Boardroom,1,1,7,0.0,0.0,3,76.8,169.21,142.43,1424.3,261.53,1490.3,3176.13,5,712.15,261.53,1419.33,2393.01,0.5,129.03,,2023,4,4,51.2,48.8,1,22.14,151.33,173.47,173.47,151.77,1,0.0,10,0,0,0,1,1,1,4,0,1,1,Boardroom,0,0,0.0,261.53,0,605,1145.62,1,1,0,1,0.0,0.79
B-202304-47243,Booked,Family Celebration,Martinez-Garcia Wedding,Wedding/Social,In-person,Full Package,Social,Social/Private,Repeat Client,Medium,2022-04-18,2022-05-29,32,2023-04-18,2023-04-19,1,365,37,37,48,1,Half Ballroom,1,0,9,1.0,16437.95,1,78.0,168.77,138.68,5131.16,1088.27,6237.0,12456.43,23,3189.64,1088.27,5940.0,10217.91,0.6216216216216216,123.75,,2023,4,2,65.4,34.6,1,38.33,154.33,192.66,192.66,154.33,1,0.0,37,0,0,0,1,1,1,4,1,0,1,Reception,0,0,0.0,1088.27,0,1320,1648.17,1,1,0,1,0.0,0.4
B-202304-41711,Booked,Real Estate Board,Board Retreat,Association,In-person,Rooms Only,Government,Government,Direct Inquiry,High,2022-07-16,2022-08-09,21,2023-04-21,2023-04-24,3,279,92,276,101,0,,0,1,3,1.0,44724.69,1,81.8,168.37,156.56,43210.56,0.0,0.0,43210.56,204,31938.24,0.0,0.0,31938.24,0.7391304347826086,0.0,,2023,4,3,67.5,32.5,0,146.21,147.35,293.56,0.0,147.35,2,4.5,82,92,86,0,0,0,0,0,0,0,0,,0,0,0.0,0.0,0,0,0.0,0,0,0,0,0.0,0.0
B-202304-18511,Booked,Professional Engineers Society,Committee Meeting,Association,In-person,Full Package,Association,Other,Website,Low,2022-09-08,2022-10-19,28,2023-04-22,2023-04-24,2,226,27,54,34,1,Breakout Room,1,1,13,1.0,14573.24,2,75.7,157.39,138.95,7503.3,419.39,4886.62,12809.31,36,5002.2,419.39,4653.92,10075.51,0.6666666666666666,136.88,,2023,4,3,57.8,42.2,1,88.94,154.21,243.15,243.15,154.21,2,29.6,19,27,0,0,1,2,2,16,0,0,1,Classroom,2,0,1.5,419.39,500,3638,6035.42,4,0,0,0,100.0,0.85
B-202304-26821,Booked,Consulting Network,Leadership Summit,Corporate,In-person,Full Package,Professional Services,Professional Services,RFP,Low,2023-01-22,2023-02-09,11,2023-04-22,2023-04-23,1,90,40,40,51,1,Half Ballroom,1,1,7,0.0,0.0,4,82.8,165.92,145.46,5818.4,1349.46,4471.96,11639.82,33,4800.18,1349.46,4259.01,10408.65,0.825,83.51,,2023,4,4,64.5,35.5,0,160.77,125.34,286.11,0.0,125.34,1,0.0,40,0,0,0,1,1,1,8,1,0,1,Theater,3,1,3.0,1349.46,650,1560,2840.85,3,0,0,0,100.0,0.42
B-202304-58623,Booked,Accounting Institute,Annual Member Conference,Association,Hybrid,Full Package,Finance,Finance,Cvent,High,2022-11-13,2022-12-10,19,2023-04-22,2023-04-25,3,160,73,219,90,1,Half Ballroom,1,0,8,1.0,58553.64,1,79.9,173.01,149.74,32793.06,1519.04,8486.1,42798.2,136,20364.64,1519.04,8082.0,29965.68,0.6210045662100456,89.8,,2023,4,2,72.2,27.8,1,33.34,240.64,273.98,240.64,240.64,2,6.2,72,73,63,0,2,7,3,36,1,0,1,Classroom,2,0,1.57,1519.04,1850,5488,10058.7,5,0,0,0,28.6,0.75
B-202304-91006,Booked,Personal Event,Charity Gala,Wedding/Social,In-person,Full Package,Social,Social/Private,Direct Inquiry,Low,2022-07-31,2022-09-19,38,2023-04-22,2023-04-24,2,265,16,32,20,1,Breakout Room,1,1,12,1.0,14772.14,3,74.4,166.14,150.46,4814.72,521.69,3150.42,8486.83,20,3009.2,521.69,3000.4,6531.29,0.625,150.02,,2023,4,2,53.9,46.1,1,45.83,191.04,236.87,236.87,236.87,2,0.0,16,16,0,0,1,2,2,8,0,0,1,Reception,2,0,1.5,521.69,500,1100,2854.67,1,1,0,1,0.0,0.5
B-202304-99838,Booked,Pharmaceutical Partners,Town Hall Meeting,Corporate,In-person,Full Package,Healthcare,Healthcare,Cvent,Medium,2022-12-26,2023-01-11,9,2023-04-22,2023-04-23,1,117,71,71,80,1,Half Ballroom,1,0,7,1.0,16296.07,2,73.8,161.59,137.35,9751.85,1006.11,6063.12,16821.08,56,7691.6,1006.11,5774.4,14472.11,0.7887323943661971,72.18,,2023,4,4,52.9,47.1,0,148.99,134.29,283.28,0.0,136.22,1,0.0,71,0,0,0,1,1,1,8,1,0,1,Classroom,2,0,2.0,1006.11,350,2088,2983.95,4,0,0,0,100.0,0.67
B-202304-26341,Booked,Service Club,Military Reunion,SMERF,In-person,Rooms Only,SMERF,Social/Community,Repeat Client,Low,2023-01-26,2023-02-12,14,2023-04-23,2023-04-24,1,87,14,14,15,0,,0,1,3,0.0,0.0,1,85.2,166.83,147.13,2059.82,0.0,0.0,2059.82,12,1765.56,0.0,0.0,1765.56,0.8571428571428571,0.0,,2023,4,2,61.4,38.6,0,7.33,134.67,142.0,0.0,134.67,1,0.0,14,0,0,0,0,0,0,0,0,0,0,,0,0,0.0,0.0,0,0,0.0,0,0,0,0,0.0,0.0
B-202304-60678,Booked,Technology Innovators,Management Training,Corporate,Virtual,Rooms Only,Technology,Technology,Sales Call,Low,2023-02-25,2023-03-13,11,2023-04-24,2023-04-26,2,58,51,102,56,0,,0,0,5,1.0,18325.36,2,77.1,169.03,148.93,15190.86,0.0,0.0,15190.86,85,12659.05,0.0,0.0,12659.05,0.8333333333333334,0.0,,2023,4,2,59.7,40.3,1,68.3,152.12,220.42,220.42,220.42,2,11.8,45,51,0,0,0,0,0,0,0,0,0,,0,0,0.0,0.0,0,0,0.0,0,0,0,0,0.0,0.0
B-202304-68799,Booked,Consulting Network,New Hire Orientation,Corporate,In-person,Full Package,Professional Services,Professional Services,Cvent,Low,2023-01-31,2023-02-22,11,2023-04-25,2023-04-27,2,84,44,88,60,1,Half Ballroom,1,0,11,0.0,0.0,1,79.4,163.08,136.19,11984.72,1371.05,10197.18,23552.95,78,10622.82,1371.05,9711.6,21705.47,0.8863636363636364,161.86,,2023,4,3,68.0,32.0,1,144.58,140.41,284.99,221.42,140.41,2,18.2,36,44,0,0,1,2,2,16,1,0,1,Classroom,2,0,2.0,1371.05,700,3336,5218.02,4,0,0,0,100.0,0.5
B-202304-17362,Booked,Professional Services Group,Product Launch Event,Corporate,In-person,Rooms Only,Healthcare,Other,Referral,Low,2023-01-19,2023-02-05,10,2023-04-26,2023-04-28,2,97,52,104,57,0,,0,0,7,0.0,0.0,2,79.1,167.55,155.45,16166.8,0.0,0.0,16166.8,82,12746.9,0.0,0.0,12746.9,0.7884615384615384,0.0,,2023,4,3,52.5,47.5,1,97.61,150.87,248.48,248.48,150.87,2,5.8,49,52,0,0,0,0,0,0,0,0,0,,0,0,0.0,0.0,0,0,0.0,0,0,0,0,0.0,0.0
B-202304-65640,Booked,Senior Adventures,Museum Tour Package,Corporate,In-person,Rooms Only,Trade/Manufacturing,Trade/Manufacturing,Referral,Medium,2023-01-26,2023-02-08,8,2023-04-26,2023-04-27,1,90,14,14,15,0,,0,0,5,0.0,0.0,2,79.0,169.62,149.2,2088.8,0.0,0.0,2088.8,12,1790.4,0.0,0.0,1790.4,0.8571428571428571,0.0,,2023,4,3,74.0,26.0,1,58.55,156.93,215.48,215.48,172.07,1,0.0,14,0,0,0,0,0,0,0,0,0,0,,0,0,0.0,0.0,0,0,0.0,0,0,0,0,0.0,0.0
B-202304-39102,Booked,Retail Corporation,Product Launch Event,Corporate,In-person,Meeting Only,Professional Services,Other,Cvent,Low,2023-02-13,2023-03-06,12,2023-04-27,2023-04-29,2,73,0,0,138,1,Grand Ballroom,0,1,9,1.0,31969.68,1,86.9,166.4,0.0,0.0,2113.71,24111.36,26225.07,0,0.0,2113.71,22963.2,25076.91,,166.4,,2023,4,0,0.0,0.0,0,0.0,0.0,0.0,0.0,0.0,0,0.0,0,0,0,0,1,2,2,16,1,0,1,Theater,3,1,3.0,2113.71,1300,19320,25381.65,5,0,0,0,100.0,0.57
B-202304-58213,Booked,Family Celebration,Anniversary Celebration,Wedding/Social,In-person,Rooms Only,Social,Social/Private,RFP,Low,2022-07-24,2022-08-29,31,2023-04-29,2023-04-30,1,279,22,22,24,0,,0,1,5,1.0,4005.23,3,79.5,169.23,145.52,3201.44,0.0,0.0,3201.44,14,2037.28,0.0,0.0,2037.28,0.6363636363636364,0.0,,2023,4,3,55.0,45.0,1,58.74,126.17,184.91,184.91,126.17,1,0.0,22,0,0,0,0,0,0,0,0,0,0,,0,0,0.0,0.0,0,0,0.0,0,0,0,0,0.0,0.0
B-202304-95437,Booked,State Medical Association,Continuing Education Conference,Association,In-person,Full Package,Healthcare,Healthcare,RFP,Medium,2022-05-30,2022-06-26,19,2023-04-30,2023-05-02,2,335,89,178,106,1,Half Ballroom,1,1,8,1.0,49439.28,2,81.3,159.13,144.13,25655.14,1665.02,6978.51,34298.67,127,18304.51,1665.02,6646.2,26615.73,0.7134831460674157,62.7,,2023,4,2,50.5,49.5,0,148.44,130.89,279.33,0.0,130.89,2,13.5,77,89,0,0,2,4,2,24,1,0,1,Theater,3,1,2.25,1665.02,1700,4248,7725.02,4,0,0,0,50.0,0.88
B-202305-46010,Booked,Community Church,Youth Sports Tournament,SMERF,In-person,Full Package,SMERF,Religious,Sales Call,Medium,2022-12-31,2023-01-27,18,2023-05-01,2023-05-03,2,121,45,90,62,1,Half Ballroom,1,0,9,0.0,0.0,3,81.5,172.03,150.21,13518.9,931.1,2363.78,16813.78,77,11566.17,931.1,2251.22,14748.49,0.8555555555555555,36.31,,2023,5,3,51.3,48.7,1,134.66,140.39,275.05,187.27,140.39,2,17.8,37,45,0,0,1,4,2,16,1,0,1,Classroom,2,0,1.5,931.1,1000,1400,3807.46,1,0,0,0,0.0,0.52
B-202305-48669,Booked,Manufacturing Alliance,Innovation Workshop,Corporate,In-person,Full Package,Finance,Other,Cvent,Medium,2023-02-10,2023-03-04,13,2023-05-01,2023-05-04,3,80,32,96,41,1,Half Ballroom,1,0,9,1.0,37978.47,4,81.7,175.61,158.87,15251.52,889.18,8825.25,24965.95,81,12868.47,889.18,8405.0,22162.65,0.84375,205.0,,2023,5,2,56.0,44.0,1,56.22,169.5,225.72,225.72,225.72,2,12.8,28,32,22,0,1,3,3,24,1,0,1,Classroom,3,1,2.67,889.18,1650,5208,8660.13,5,0,0,0,100.0,0.34
B-202305-69770,Booked,Banking Consortium,Leadership Summit,Corporate,In-person,Full Package,Finance,Finance,Cvent,Medium,2023-02-05,2023-02-24,7,2023-05-01,2023-05-03,2,85,46,92,51,1,Half Ballroom,1,1,12,0.0,0.0,1,82.0,169.66,145.29,13366.68,1236.1,7848.29,22451.07,74,10751.46,1236.1,7474.56,19462.12,0.8043478260869565,146.56,,2023,5,4,70.7,29.3,1,132.9,142.43,275.33,227.87,142.43,2,10.9,41,46,0,0,1,2,2,16,1,0,1,Classroom,2,0,1.5,1236.1,500,3936,5683.35,5,0,0,0,100.0,0.42
B-202305-89007,Booked,Family Celebration,Engagement Party,Wedding/Social,In-person,Rooms Only,Social,Social/Private,Direct Inquiry,Low,2022-08-10,2022-09-13,30,2023-05-01,2023-05-02,1,264,15,15,16,0,,0,0,4,0.0,0.0,3,82.8,170.4,149.37,2240.55,0.0,0.0,2240.55,8,1194.96,0.0,0.0,1194.96,0.5333333333333333,0.0,,2023,5,2,51.8,48.2,1,27.29,152.68,179.97,179.97,152.68,1,0.0,15,0,0,0,0,0,0,0,0,0,0,,0,0,0.0,0.0,0,0,0.0,0,0,0,0,0.0,0.0
B-202305-20358,Booked,Heritage Travel,Historic Sites Tour,SMERF,Virtual,Full Package,Government,Government,Referral,Low,2023-01-15,2023-02-11,14,2023-05-02,2023-05-04,2,107,38,76,52,1,Half Ballroom,1,0,13,0.0,0.0,1,85.2,158.94,142.19,10806.44,1201.48,0.0,12007.92,75,10664.25,1201.48,0.0,11865.73,0.986842105263158,0.0,,2023,5,2,59.5,40.5,1,88.52,188.64,277.16,188.64,188.64,2,15.8,32,38,0,0,1,2,2,8,1,0,1,Classroom,1,0,1.0,1201.48,300,0,970.56,0,0,0,0,0.0,0.43
B-202305-40427,Booked,Personal Event,Martinez-Garcia Wedding,Wedding/Social,In-person,Full Package,Social,Social/Private,Website,Low,2022-10-18,2022-11-24,28,2023-05-02,2023-05-03,1,196,12,12,14,1,Boardroom,1,1,9,0.0,0.0,3,84.1,168.29,143.33,1719.96,394.64,1755.77,3870.37,6,859.98,394.64,1672.16,2926.78,0.5,119.44,,2023,5,4,63.8,36.2,1,102.9,134.36,237.26,237.26,141.61,1,0.0,12,0,0,0,1,1,1,4,0,1,1,Boardroom,2,0,2.0,394.64,350,630,1573.93,1,0,1,1,0.0,1.0
B-202305-64950,Booked,Banking Consortium,Performance Review Summit,Corporate,In-person,Full Package,Finance,Finance,Repeat Client,Medium,2023-01-04,2023-01-25,9,2023-05-02,2023-05-03,1,118,75,75,87,1,Half Ballroom,1,1,12,1.0,19972.31,1,80.3,169.48,142.55,10691.25,1339.84,2790.74,14821.83,71,10121.05,1339.84,2657.85,14118.74,0.9466666666666668,30.55,,2023,5,4,56.8,43.2,1,76.2,154.71,230.91,230.91,154.71,1,0.0,75,0,0,0,1,2,1,12,1,0,1,Theater,3,1,2.5,1339.84,1000,1806,3727.84,4,0,0,0,50.0,0.72
B-202305-74866,Booked,Heritage Travel,Regional History Tour,SMERF,In-person,Rooms Only,Government,Government,Website,Low,2023-03-06,2023-03-27,18,2023-05-02,2023-05-04,2,57,28,56,30,0,,0,0,3,0.0,0.0,4,78.7,167.28,138.17,7737.52,0.0,0.0,7737.52,55,7599.35,0.0,0.0,7599.35,0.9821428571428572,0.0,,2023,5,3,65.6,34.4,1,96.7,143.96,240.66,240.66,152.75,2,42.9,16,28,0,0,0,0,0,0,0,0,0,,0,0,0.0,0.0,0,0,0.0,0,0,0,0,0.0,0.0
B-202305-98299,Booked,Global Industries,Management Training,Corporate,In-person,Full Package,Professional Services,Other,Third-Party Planner,High,2023-03-05,2023-03-29,10,2023-05-02,2023-05-04,2,58,86,172,117,1,Half Ballroom,1,1,14,0.0,0.0,3,78.6,170.05,143.48,24678.56,891.11,7497.54,33067.21,157,22526.36,891.11,7140.51,30557.98,0.9127906976744186,61.03,,2023,5,3,74.4,25.6,1,88.51,143.19,231.7,231.7,143.19,2,1.2,85,86,0,0,1,5,2,24,1,0,1,Theater,3,1,2.0,891.11,1850,4422,8267.17,5,0,0,0,20.0,0.97
B-202305-22502,Booked,Personal Event,Graduation Celebration,Wedding/Social,In-person,Full Package,Social,Social/Private,Website,Low,2022-05-03,2022-05-25,15,2023-05-03,2023-05-05,2,365,24,48,33,1,Breakout Room,1,1,7,0.0,0.0,4,79.6,169.83,142.73,6851.04,400.34,4426.54,11677.92,33,4710.09,400.34,4215.75,9326.18,0.6875,127.75,,2023,5,3,68.2,31.8,1,17.18,154.55,171.73,171.73,154.76,2,50.0,12,24,0,0,1,2,2,8,0,0,1,Banquet,1,0,1.0,400.34,300,1815,3398.86,1,1,0,1,0.0,0.82
B-202305-28018,Booked,Family Celebration,Graduation Celebration,Wedding/Social,In-person,Rooms Only,Social,Social/Private,RFP,Low,2022-05-04,2022-06-03,24,2023-05-04,2023-05-06,2,365,15,30,16,0,,0,1,6,0.0,0.0,2,82.6,171.77,142.31,4269.3,0.0,0.0,4269.3,18,2561.58,0.0,0.0,2561.58,0.6,0.0,,2023,5,4,72.7,27.3,1,155.44,137.81,293.25,232.53,137.81,2,80.0,3,15,0,0,0,0,0,0,0,0,0,,0,0,0.0,0.0,0,0,0.0,0,0,0,0,0.0,0.0
B-202305-86434,Booked,Pharmaceutical Partners,Strategic Planning Retreat,Corporate,In-person,Full Package,Healthcare,Healthcare,RFP,Low,2023-02-11,2023-02-28,10,2023-05-04,2023-05-05,1,82,47,47,52,1,Half Ballroom,1,1,7,0.0,0.0,2,82.2,176.52,152.45,7165.15,1389.38,4455.36,13009.89,38,5793.1,1389.38,4243.2,11425.68,0.8085106382978723,81.6,,2023,5,4,53.1,46.9,1,141.59,150.82,292.41,224.11,224.11,1,0.0,47,0,0,0,1,1,1,8,1,0,1,Banquet,2,0,2.0,1389.38,350,2088,3030.58,4,0,0,0,100.0,0.43
B-202305-34101,Booked,Nursing Council,State Convention,Association,In-person,Full Package,Healthcare,Healthcare,Sales Call,Medium,2022-09-05,2022-10-06,21,2023-05-05,2023-05-07,2,242,79,158,98,1,Half Ballroom,1,0,10,1.0,39520.74,1,83.2,171.63,156.03,24652.74,1172.05,6057.72,31882.51,105,16383.15,1172.05,5769.26,23324.46,0.6645569620253164,58.87,,2023,5,2,71.7,28.3,1,31.83,139.46,171.29,171.29,139.46,2,0.0,79,79,0,0,1,6,2,24,1,0,1,Classroom,3,1,1.67,1172.05,1800,4064,7903.83,5,0,0,0,0.0,0.82
B-202305-86917,Booked,Retail Corporation,Executive Offsite,Corporate,In-person,Full Package,Healthcare,Other,Referral,Low,2023-01-20,2023-02-16,14,2023-05-05,2023-05-06,1,105,56,56,65,1,Half Ballroom,1,1,13,0.0,0.0,2,80.1,166.46,144.08,8068.48,1576.13,5729.59,15374.2,44,6339.52,1576.13,5456.75,13372.4,0.7857142857142857,83.95,,2023,5,3,55.8,44.2,1,79.6,156.72,236.32,236.32,236.32,1,0.0,56,0,0,0,2,1,1,8,1,0,1,Theater,2,0,2.0,1576.13,350,2088,3027.8,4,0,0,0,100.0,0.54
B-202305-51116,Booked,State Medical Association,Industry Forum,Association,In-person,Full Package,Healthcare,Healthcare,Repeat Client,High,2022-06-13,2022-07-24,27,2023-05-07,2023-05-09,2,328,64,128,73,1,Half Ballroom,1,1,14,1.0,38977.4,2,87.2,170.63,157.25,20128.0,1640.97,12104.57,33873.54,96,15096.0,1640.97,11528.16,28265.13,0.75,157.92,,2023,5,3,52.9,47.1,1,47.24,143.4,190.64,190.64,143.4,2,4.7,61,64,0,0,2,2,2,16,1,0,1,Classroom,2,0,1.5,1640.97,500,2300,3921.61,4,0,0,0,100.0,0.61
B-202305-84289,Booked,Private Individual,Memorial Service Gathering,Wedding/Social,In-person,Full Package,Social,Social/Private,Direct Inquiry,Low,2022-09-02,2022-10-19,39,2023-05-08,2023-05-09,1,248,7,7,8,1,Boardroom,1,1,8,1.0,4685.11,2,87.8,169.24,148.91,1042.37,275.66,1030.34,2348.37,4,595.64,275.66,981.28,1852.58,0.5714285714285714,122.66,,2023,5,4,69.9,30.1,1,125.0,145.39,270.39,246.76,145.39,1,0.0,7,0,0,0,1,2,1,8,0,1,1,Boardroom,2,0,1.5,275.66,500,440,2041.42,1,1,0,1,0.0,0.57
B-202305-81361,Booked,State Medical Association,Industry Forum,Association,In-person,Full Package,Healthcare,Healthcare,Direct Inquiry,High,2022-10-31,2022-12-03,20,2023-05-10,2023-05-13,3,191,61,183,76,1,Half Ballroom,1,0,13,1.0,62927.92,3,82.8,169.56,140.82,25770.06,1508.78,19333.15,46611.99,142,19996.44,1508.78,18412.52,39917.74,0.7759562841530054,242.27,,2023,5,3,65.9,34.1,0,34.61,125.83,160.44,0.0,129.22,2,6.0,56,61,52,0,2,3,3,24,1,0,1,Classroom,2,0,1.67,1508.78,850,3880,6631.02,5,0,0,0,100.0,0.63
B-202305-85088,Booked,Manufacturing Alliance,Product Launch Event,Corporate,In-person,Full Package,Technology,Other,Website,Medium,2023-03-11,2023-04-04,10,2023-05-10,2023-05-12,2,60,58,116,68,1,Half Ballroom,1,0,14,1.0,29019.0,1,83.3,173.57,157.59,18280.44,1210.64,10661.45,30152.53,93,14655.87,1210.64,10153.76,26020.27,0.8017241379310345,149.32,,2023,5,4,62.3,37.7,1,32.41,139.51,171.92,171.92,139.51,2,8.6,53,58,0,0,1,2,2,16,1,0,1,Classroom,2,0,2.0,1210.64,700,1992,3953.4,3,0,0,0,100.0,0.57
B-202305-10680,Booked,Nursing Council,Professional Development Symposium,Association,In-person,Full Package,Healthcare,Healthcare,Website,Medium,2023-01-12,2023-02-21,28,2023-05-12,2023-05-13,1,120,72,72,88,1,Half Ballroom,1,1,12,1.0,27851.19,4,93.6,184.25,154.84,11148.48,1543.08,2631.55,15323.11,45,6967.8,1543.08,2506.24,11017.12,0.625,28.48,,2023,5,3,53.6,46.4,1,165.6,129.04,294.64,187.23,129.04,1,0.0,72,0,0,0,2,3,1,12,1,0,1,Classroom,3,1,2.33,1543.08,1350,1320,3625.26,3,0,0,0,0.0,0.73
B-202305-19637,Booked,Insurance Federation,Networking Summit,Association,In-person,Full Package,Finance,Finance,Third-Party Planner,High,2022-11-21,2022-12-28,24,2023-05-12,2023-05-15,3,172,71,213,88,1,Half Ballroom,1,1,13,0.0,0.0,1,95.1,196.54,172.29,36697.77,1185.89,7519.51,45403.17,158,27221.82,1185.89,7161.44,35569.15,0.7417840375586855,81.38,,2023,5,2,54.0,46.0,1,63.73,128.36,192.09,192.09,128.36,2,6.5,60,71,68,0,2,7,3,36,1,0,1,Classroom,3,1,1.86,1185.89,2350,5368,10568.93,5,0,0,0,28.6,0.73
B-202305-17355,Booked,Youth Organization,Church Retreat Weekend,SMERF,In-person,Full Package,SMERF,Social/Community,Sales Call,Low,2023-02-15,2023-03-11,12,2023-05-13,2023-05-14,1,87,17,17,22,1,Breakout Room,1,0,12,0.0,0.0,3,89.1,194.61,178.21,3029.57,411.61,446.29,3887.47,12,2138.52,411.61,425.04,2975.17,0.7058823529411765,19.32,,2023,5,3,60.6,39.4,1,30.95,144.36,175.31,175.31,153.92,1,0.0,17,0,0,0,1,2,1,8,0,0,1,Classroom,2,0,2.0,411.61,700,264,2203.69,1,0,0,0,0.0,0.55
B-202305-42208,Booked,Family Celebration,Anniversary Celebration,Wedding/Social,In-person,Meeting Only,Social,Social/Private,Third-Party Planner,Low,2022-06-25,2022-08-13,41,2023-05-13,2023-05-14,1,322,0,0,95,1,Half Ballroom,0,0,8,1.0,21114.08,2,88.6,187.24,0.0,0.0,1348.83,14085.7,15434.53,0,0.0,1348.83,13414.95,14763.78,,141.21,,2023,5,0,0.0,0.0,0,0.0,0.0,0.0,0.0,0.0,0,0.0,0,0,0,0,2,3,1,12,1,0,1,Reception,2,0,1.33,1348.83,650,2310,4004.7,1,1,0,1,0.0,0.79
B-202305-54444,Booked,Heritage Travel,Senior Travel Club,Corporate,In-person,Full Package,Government,Government,Repeat Client,Medium,2023-01-13,2023-02-03,8,2023-05-13,2023-05-14,1,120,51,51,70,1,Half Ballroom,1,1,13,1.0,11526.89,1,90.5,185.61,168.66,8601.66,1000.26,0.0,9601.92,48,8095.68,1000.26,0.0,9095.94,0.9411764705882352,0.0,,2023,5,2,50.4,49.6,1,109.65,175.09,284.74,175.09,175.09,1,0.0,51,0,0,0,1,1,1,4,1,0,1,Classroom,1,0,1.0,1000.26,150,0,530.48,0,0,0,0,0.0,0.58
B-202305-39002,Booked,Family Celebration,Anniversary Celebration,Wedding/Social,In-person,Full Package,Social,Social/Private,Website,Low,2022-06-10,2022-07-12,20,2023-05-14,2023-05-15,1,338,28,28,30,1,Breakout Room,1,1,12,1.0,14368.41,4,91.7,193.49,169.3,4740.4,489.96,3430.98,8661.34,16,2708.8,489.96,3267.6,6466.36,0.5714285714285714,108.92,,2023,5,2,74.2,25.8,1,57.32,232.04,289.36,232.04,232.04,1,0.0,28,0,0,0,1,1,1,4,0,0,1,Reception,0,0,0.0,489.96,0,1650,2192.06,1,1,0,1,0.0,0.75
B-202305-56160,Booked,Professional Services Group,Board of Directors Meeting,Corporate,In-person,Full Package,Professional Services,Other,RFP,Medium,2023-03-05,2023-03-24,8,2023-05-15,2023-05-17,2,71,64,128,73,1,Half Ballroom,1,0,11,1.0,34688.69,2,82.6,170.67,155.75,19936.0,1445.53,6178.76,27560.29,112,17444.0,1445.53,5884.53,24774.06,0.875,80.61,,2023,5,3,64.2,35.8,1,84.58,151.58,236.16,236.16,236.16,2,14.1,55,64,0,0,2,2,2,16,1,0,1,Classroom,2,0,2.0,1445.53,700,2544,4462.42,2,0,0,0,100.0,0.61
B-202305-45842,Booked,Private Party,Engagement Party,Wedding/Social,In-person,Full Package,Social,Social/Private,Website,Low,2022-08-13,2022-09-12,21,2023-05-16,2023-05-18,2,276,21,42,23,1,Breakout Room,1,1,9,0.0,0.0,4,80.4,171.47,156.7,6581.4,439.28,2921.43,9942.11,26,4074.2,439.28,2782.31,7295.79,0.6190476190476191,120.97,,2023,5,4,58.3,41.7,1,110.68,154.67,265.35,186.63,154.67,2,57.1,9,21,0,0,1,2,2,8,0,0,1,Banquet,0,0,0.0,439.28,0,1265,2496.84,1,1,0,1,0.0,0.57
B-202305-47649,Booked,Cultural Journeys,International Tour Package,SMERF,In-person,Full Package,Other,Other,RFP,Low,2023-02-06,2023-03-06,18,2023-05-16,2023-05-18,2,99,31,62,36,1,Breakout Room,1,1,10,0.0,0.0,3,79.9,165.88,149.4,9262.8,421.0,0.0,9683.8,59,8814.6,421.0,0.0,9235.6,0.9516129032258064,0.0,,2023,5,3,52.3,47.7,1,17.35,154.35,171.7,171.7,154.6,2,22.6,24,31,0,0,1,2,2,8,0,0,1,Classroom,0,0,0.0,421.0,0,0,1201.37,0,0,0,0,0.0,0.9
B-202305-20237,Booked,Private Individual,Baby Shower Weekend,Wedding/Social,In-person,Full Package,Social,Social/Private,RFP,Low,2022-09-05,2022-10-05,20,2023-05-17,2023-05-18,1,254,25,25,28,1,Breakout Room,1,1,10,0.0,0.0,2,79.9,175.44,148.62,3715.5,522.63,3480.37,7718.5,17,2526.54,522.63,3314.64,6363.81,0.68,118.38,,2023,5,2,54.0,46.0,1,66.11,225.08,291.19,225.08,225.08,1,0.0,25,0,0,0,1,1,1,4,0,0,1,Banquet,1,0,1.0,522.63,150,1260,2048.7,1,0,1,1,0.0,0.7
B-202305-52604,Booked,Private Individual,Memorial Service Gathering,Wedding/Social,In-person,Full Package,Social,Social/Private,Cvent,Low,2022-08-21,2022-09-22,21,2023-05-17,2023-05-18,1,269,38,38,47,1,Half Ballroom,1,0,11,0.0,0.0,2,85.6,168.49,155.15,5895.7,1319.44,5866.73,13081.87,20,3103.0,1319.44,5587.36,10009.8,0.5263157894736842,118.88,,2023,5,2,55.5,44.5,1,23.83,148.33,172.16,172.16,148.33,1,0.0,38,0,0,0,1,2,1,8,1,0,1,Banquet,1,0,0.5,1319.44,150,1320,2134.05,1,1,0,1,0.0,0.39
B-202305-50392,Booked,Accounting Institute,Committee Meeting,Association,In-person,Full Package,Finance,Finance,Direct Inquiry,High,2022-06-11,2022-07-10,21,2023-05-18,2023-05-21,3,341,79,237,96,1,Half Ballroom,1,0,8,1.0,76346.31,1,84.5,171.49,151.66,35943.42,1564.34,8812.94,46320.7,187,28360.42,1564.34,8393.28,38318.04,0.7890295358649789,87.43,,2023,5,3,74.3,25.7,1,51.11,143.64,194.75,194.75,145.42,2,5.1,70,79,71,0,2,9,3,36,1,0,1,Theater,3,1,2.0,1564.34,3250,5452,11657.97,4,0,0,0,0.0,0.8
B-202305-39603,Booked,Technology Innovators,Management Training,Corporate,In-person,Full Package,Technology,Technology,RFP,Low,2023-02-21,2023-03-13,12,2023-05-19,2023-05-20,1,87,39,39,50,1,Half Ballroom,1,0,8,0.0,0.0,1,86.1,165.24,147.56,5754.84,1161.46,4123.35,11039.65,31,4574.36,1161.46,3927.0,9662.82,0.7948717948717948,78.54,,2023,5,3,70.7,29.3,1,105.13,133.57,238.7,238.7,133.57,1,0.0,39,0,0,0,1,1,1,8,1,0,1,Theater,3,1,3.0,1161.46,650,2088,3292.39,4,0,0,0,100.0,0.42
B-202305-76809,Booked,Technology Innovators,Strategic Planning Retreat,Corporate,In-person,Full Package,Technology,Technology,Referral,Low,2023-01-31,2023-02-22,13,2023-05-19,2023-05-20,1,108,16,16,19,1,Breakout Room,1,0,9,0.0,0.0,2,77.2,168.32,147.83,2365.28,517.75,1546.52,4429.55,14,2069.62,517.75,1472.88,4060.25,0.875,77.52,,2023,5,2,73.0,27.0,1,101.63,148.89,250.52,250.52,148.89,1,0.0,16,0,0,0,1,1,1,8,0,0,1,Classroom,2,0,2.0,517.75,350,1235,2516.2,3,0,0,0,100.0,0.47
B-202305-98150,Booked,Banking Consortium,Quarterly Business Review,Corporate,In-person,Full Package,Finance,Finance,Website,Low,2023-03-01,2023-03-22,12,2023-05-19,2023-05-20,1,79,49,49,57,1,Half Ballroom,1,0,9,0.0,0.0,1,80.0,168.34,152.56,7475.44,1172.6,4628.2,13276.24,44,6712.64,1172.6,4407.81,12293.05,0.8979591836734694,77.33,,2023,5,3,61.5,38.5,1,95.45,127.88,223.33,223.33,127.88,1,0.0,49,0,0,0,1,1,1,8,1,0,1,Classroom,2,0,2.0,1172.6,350,1848,2841.93,4,0,0,0,100.0,0.47
B-202305-82856,Booked,State Medical Association,Educational Seminar Series,Association,Hybrid,Full Package,Healthcare,Healthcare,Cvent,High,2022-08-24,2022-09-19,17,2023-05-21,2023-05-24,3,270,86,258,95,1,Half Ballroom,1,0,9,1.0,70813.57,2,81.6,162.51,134.21,34626.18,1419.71,8224.39,44270.28,180,24157.8,1419.71,7832.75,33410.26,0.6976744186046512,82.45,,2023,5,3,59.7,40.3,1,88.79,184.52,273.31,215.44,184.52,2,3.6,79,86,85,0,2,7,3,36,1,0,1,Classroom,3,1,2.14,1419.71,2850,5008,10725.47,5,0,0,0,28.6,0.79
B-202305-48671,Booked,Private Party,Williams-Brown Wedding,Wedding/Social,In-person,Full Package,Social,Social/Private,Referral,Low,2022-10-12,2022-12-01,41,2023-05-23,2023-05-24,1,223,27,27,34,1,Breakout Room,1,0,9,0.0,0.0,3,79.1,171.55,142.2,3839.4,401.7,4758.45,8999.55,16,2275.2,401.7,4531.86,7208.76,0.5925925925925926,133.29,,2023,5,4,51.2,48.8,1,128.73,148.28,277.01,225.81,151.05,1,0.0,27,0,0,0,1,2,1,8,0,0,1,Reception,2,0,2.0,401.7,700,1530,3523.63,1,0,1,1,0.0,0.85
B-202305-71712,Booked,Pharmaceutical Partners,Sales Kickoff,Corporate,Hybrid,Full Package,Healthcare,Healthcare,Sales Call,Low,2023-03-12,2023-03-29,8,2023-05-23,2023-05-25,2,72,27,54,36,1,Breakout Room,1,0,9,1.0,21041.6,4,81.9,172.36,159.46,8610.84,441.81,5658.66,14711.31,47,7494.62,441.81,5389.2,13325.63,0.8703703703703703,149.7,,2023,5,2,55.9,44.1,0,20.51,138.04,158.55,0.0,138.04,2,7.4,25,27,0,0,1,2,2,16,0,0,1,Classroom,3,1,2.5,441.81,1000,5472,8497.38,5,0,0,0,100.0,0.9
B-202305-72094,Booked,State Medical Association,Annual Member Conference,Association,In-person,Full Package,Healthcare,Healthcare,Cvent,Medium,2022-09-30,2022-10-21,14,2023-05-23,2023-05-24,1,235,35,35,43,1,Half Ballroom,1,0,7,0.0,0.0,2,78.4,169.31,151.54,5303.9,920.04,3197.07,9421.01,25,3788.5,920.04,3044.83,7753.37,0.7142857142857143,70.81,,2023,5,4,60.8,39.2,1,108.18,166.84,275.02,249.64,275.02,1,0.0,35,0,0,0,1,1,1,8,1,0,1,Theater,1,0,1.0,920.04,150,1540,2332.37,4,0,0,0,100.0,0.36
B-202305-67535,Booked,State Medical Association,Board Retreat,Association,In-person,Full Package,Healthcare,Healthcare,Third-Party Planner,High,2022-11-02,2022-12-03,19,2023-05-24,2023-05-26,2,203,107,214,135,1,Grand Ballroom,1,0,12,1.0,77438.64,2,87.4,172.28,160.0,34240.0,1583.27,21843.67,57666.94,146,23360.0,1583.27,20803.5,45746.77,0.6822429906542056,154.1,,2023,5,4,69.6,30.4,1,135.66,137.29,272.95,168.74,137.29,2,6.5,100,107,0,0,1,2,2,16,1,0,1,Classroom,3,1,3.0,1583.27,1300,12420,18737.14,3,0,0,0,100.0,0.56
B-202305-72973,Booked,Tour Operator Network,Historic Sites Tour,Corporate,In-person,Full Package,Technology,Technology,Third-Party Planner,Low,2023-03-11,2023-04-01,13,2023-05-24,2023-05-25,1,74,31,31,38,1,Breakout Room,1,0,8,0.0,0.0,2,84.2,165.6,144.85,4490.35,456.19,0.0,4946.54,28,4055.8,456.19,0.0,4511.99,0.9032258064516128,0.0,,2023,5,4,56.1,43.9,1,133.24,153.02,286.26,215.67,153.02,1,0.0,31,0,0,0,1,1,1,4,0,0,1,Theater,0,0,0.0,456.19,0,0,591.72,0,0,0,0,0.0,0.95
B-202305-77466,Booked,Service Club,Volunteer Training,SMERF,In-person,Full Package,SMERF,Social/Community,Third-Party Planner,Medium,2023-03-09,2023-04-01,12,2023-05-25,2023-05-27,2,77,41,82,51,1,Half Ballroom,1,0,11,0.0,0.0,4,82.4,172.91,145.72,11949.04,1038.17,3905.94,16893.15,66,9617.52,1038.17,3719.94,14375.63,0.8048780487804879,72.94,,2023,5,2,61.8,38.2,1,24.86,164.36,189.22,189.22,164.36,2,14.6,35,41,0,0,1,2,2,16,1,0,1,Theater,2,0,1.5,1038.17,500,1180,2922.57,2,0,0,0,100.0,0.42
B-202305-57943,Booked,Technology Innovators,Leadership Summit,Corporate,In-person,Rooms Only,Technology,Technology,Cvent,Low,2023-04-10,2023-04-30,14,2023-05-29,2023-05-31,2,49,33,66,36,0,,0,1,6,0.0,0.0,1,80.8,172.66,156.2,10309.2,0.0,0.0,10309.2,55,8591.0,0.0,0.0,8591.0,0.8333333333333334,0.0,,2023,5,4,59.5,40.5,1,147.31,129.67,276.98,187.89,129.67,2,33.3,22,33,0,0,0,0,0,0,0,0,0,,0,0,0.0,0.0,0,0,0.0,0,0,0,0,0.0,0.0
B-202305-29516,Booked,Social Event,Charity Gala,Wedding/Social,In-person,Full Package,Social,Social/Private,Repeat Client,Low,2022-09-03,2022-10-21,39,2023-05-30,2023-05-31,1,269,29,29,33,1,Breakout Room,1,1,9,0.0,0.0,1,79.9,171.93,143.81,4170.49,356.13,4712.4,9239.02,19,2732.39,356.13,4488.0,7576.52,0.6551724137931034,136.0,,2023,5,4,52.9,47.1,1,114.59,139.94,254.53,254.53,139.94,1,0.0,29,0,0,0,1,1,1,4,0,0,1,Banquet,1,0,1.0,356.13,150,1485,2282.61,1,0,1,1,0.0,0.82
B-202305-79467,Booked,Private Individual,Charity Gala,Wedding/Social,In-person,Full Package,Social,Social/Private,Sales Call,Low,2022-10-10,2022-11-27,34,2023-05-31,2023-06-01,1,233,12,12,14,1,Boardroom,1,0,14,0.0,0.0,4,80.2,171.56,143.58,1722.96,309.61,2151.35,4183.92,7,1005.06,309.61,2048.9,3363.57,0.5833333333333334,146.35,,2023,5,3,71.1,28.9,0,14.91,125.43,140.34,0.0,134.31,1,0.0,12,0,0,0,1,1,1,4,0,1,1,Boardroom,2,0,2.0,309.61,350,770,1726.3,1,1,0,1,0.0,1.0
B-202305-90658,Booked,TechCorp Solutions,Leadership Summit,Corporate,In-person,Meeting Only,Technology,Technology,Referral,Low,2023-04-16,2023-05-06,13,2023-05-31,2023-06-02,2,45,0,0,56,1,Half Ballroom,0,0,7,0.0,0.0,2,78.3,171.03,0.0,0.0,879.25,8480.14,9359.39,0,0.0,879.25,8076.32,8955.57,,144.22,,2023,5,0,0.0,0.0,0,0.0,0.0,0.0,0.0,0.0,0,0.0,0,0,0,0,1,2,2,16,1,0,1,Classroom,3,1,2.5,879.25,1000,3072,5242.41,4,0,0,0,100.0,0.47
B-202306-15220,Booked,Tour Operator Network,Heritage Tour Group,Corporate,In-person,Full Package,Professional Services,Professional Services,Repeat Client,Low,2023-02-09,2023-02-28,9,2023-06-01,2023-06-03,2,112,32,64,44,1,Half Ballroom,1,0,10,0.0,0.0,2,72.4,163.39,145.5,9312.0,1208.13,0.0,10520.13,63,9166.5,1208.13,0.0,10374.63,0.984375,0.0,,2023,6,3,56.7,43.3,1,163.78,126.17,289.95,227.69,126.17,2,9.4,29,32,0,0,1,2,2,8,1,0,1,Classroom,1,0,0.5,1208.13,150,0,821.87,0,0,0,0,0.0,0.37
B-202306-35863,Booked,Private Party,Williams-Brown Wedding,Wedding/Social,In-person,Full Package,Social,Social/Private,Sales Call,Medium,2022-11-01,2022-12-11,31,2023-06-01,2023-06-03,2,212,38,76,48,1,Half Ballroom,1,1,9,1.0,35267.73,2,72.6,166.96,153.97,11701.72,916.0,6634.15,19251.87,46,7082.62,916.0,6318.24,14316.86,0.6052631578947368,131.63,,2023,6,4,67.6,32.4,0,161.18,133.55,294.73,0.0,139.7,2,26.3,28,38,0,0,1,3,2,12,1,0,1,Banquet,1,0,1.0,916.0,450,1320,2819.07,1,1,0,1,0.0,0.4
B-202306-70238,Booked,HR Professionals Network,Certification Training,Association,In-person,Full Package,Professional Services,Professional Services,Direct Inquiry,Medium,2022-09-16,2022-10-22,25,2023-06-02,2023-06-03,1,259,83,83,94,1,Half Ballroom,1,0,11,0.0,0.0,3,68.1,162.0,148.93,12361.19,1355.66,3190.97,16907.82,61,9084.73,1355.66,3039.02,13479.41,0.7349397590361446,32.33,,2023,6,3,58.2,41.8,1,143.69,141.23,284.92,197.73,141.23,1,0.0,83,0,0,0,1,2,1,12,1,0,1,Theater,1,0,1.0,1355.66,300,1492,2713.28,4,0,0,0,50.0,0.78
B-202306-22202,Booked,Nursing Council,Member Appreciation Event,Association,Hybrid,Full Package,Healthcare,Healthcare,RFP,Medium,2022-12-02,2023-01-03,24,2023-06-03,2023-06-04,1,183,85,85,106,1,Half Ballroom,1,0,8,1.0,21912.43,1,73.3,160.06,141.4,12019.0,987.73,3238.83,16245.56,56,7918.4,987.73,3084.6,11990.73,0.6588235294117647,29.1,,2023,6,2,69.9,30.1,1,33.18,234.49,267.67,234.49,267.67,1,0.0,85,0,0,0,1,3,1,12,1,0,1,Classroom,2,0,1.67,987.73,850,2252,4094.25,4,0,0,0,0.0,0.88
B-202306-56388,Booked,Retail Corporation,Customer Advisory Board,Corporate,Hybrid,Full Package,Technology,Other,Sales Call,Medium,2023-03-12,2023-04-01,9,2023-06-04,2023-06-06,2,84,38,76,42,1,Half Ballroom,1,1,11,1.0,22330.32,1,70.6,157.83,130.95,9952.2,900.06,6013.03,16865.29,65,8511.75,900.06,5726.7,15138.51,0.8552631578947368,136.35,,2023,6,4,52.8,47.2,1,141.1,127.8,268.9,246.28,127.8,2,26.3,28,38,0,0,1,2,2,16,1,0,1,Classroom,3,1,2.5,900.06,1000,3120,5227.57,4,0,0,0,100.0,0.35
B-202306-84498,Booked,Pharmaceutical Partners,Annual Sales Conference,Corporate,In-person,Full Package,Healthcare,Healthcare,Website,Medium,2023-02-25,2023-03-19,13,2023-06-05,2023-06-07,2,100,52,104,62,1,Half Ballroom,1,1,9,0.0,0.0,2,76.0,164.16,139.21,14477.84,872.59,10216.14,25566.57,93,12946.53,872.59,9729.66,23548.78,0.8942307692307693,156.93,,2023,6,4,60.0,40.0,1,86.42,143.85,230.27,230.27,143.85,2,13.5,45,52,0,0,1,2,2,16,1,0,1,Classroom,1,0,1.0,872.59,300,2520,4076.5,4,0,0,0,100.0,0.52
B-202306-37082,Booked,Pharmaceutical Partners,Board of Directors Meeting,Corporate,Hybrid,Full Package,Healthcare,Healthcare,Sales Call,Medium,2023-03-05,2023-03-28,14,2023-06-06,2023-06-08,2,93,67,134,89,1,Half Ballroom,1,0,9,0.0,0.0,2,68.5,165.73,141.66,18982.44,1452.48,6200.41,26635.33,116,16432.56,1452.48,5905.15,23790.19,0.8656716417910447,66.35,,2023,6,3,72.0,28.0,1,82.71,150.32,233.03,233.03,150.32,2,11.9,59,67,0,0,2,5,2,24,1,0,1,Classroom,3,1,2.4,1452.48,2450,4086,8433.5,5,0,0,0,20.0,0.74
B-202306-84140,Booked,Retail Corporation,Quarterly Business Review,Corporate,Hybrid,Rooms Only,Finance,Other,Referral,Medium,2023-02-14,2023-03-02,12,2023-06-06,2023-06-07,1,112,54,54,59,0,,0,0,4,0.0,0.0,2,69.9,160.9,141.7,7651.8,0.0,0.0,7651.8,45,6376.5,0.0,0.0,6376.5,0.8333333333333334,0.0,,2023,6,4,61.3,38.7,1,105.37,144.59,249.96,249.96,144.59,1,0.0,54,0,0,0,0,0,0,0,0,0,0,,0,0,0.0,0.0,0,0,0.0,0,0,0,0,0.0,0.0
B-202306-23425,Booked,Cultural Journeys,International Tour Package,SMERF,Hybrid,Rooms Only,Education,Education,Repeat Client,Low,2023-02-17,2023-03-12,19,2023-06-08,2023-06-09,1,111,13,13,14,0,,0,1,4,1.0,2060.35,1,74.3,166.85,146.13,1899.69,0.0,0.0,1899.69,12,1753.56,0.0,0.0,1753.56,0.9230769230769232,0.0,,2023,6,4,58.3,41.7,0,133.44,143.08,276.52,0.0,143.08,1,0.0,13,0,0,0,0,0,0,0,0,0,0,,0,0,0.0,0.0,0,0,0.0,0,0,0,0,0.0,0.0
B-202306-52217,Booked,Local School District,School District Meeting,SMERF,In-person,Full Package,Education,Education,Cvent,Low,2023-02-14,2023-03-13,20,2023-06-08,2023-06-09,1,114,51,51,67,1,Half Ballroom,1,0,7,1.0,10328.56,2,71.6,162.79,139.16,7097.16,1524.26,2803.45,11424.87,41,5705.56,1524.26,2669.95,9899.77,0.803921568627451,39.85,,2023,6,2,69.1,30.9,1,86.73,150.97,237.7,237.7,150.97,1,0.0,51,0,0,0,2,1,1,8,1,0,1,Banquet,0,0,0.0,1524.26,0,940,1517.46,2,0,0,0,100.0,0.56
B-202306-77999,Booked,Premier Tours,Heritage Tour Group,Corporate,Hybrid,Rooms Only,Technology,Technology,Referral,Medium,2023-03-23,2023-04-08,13,2023-06-08,2023-06-09,1,77,42,42,46,0,,0,0,3,0.0,0.0,1,74.6,162.49,141.74,5953.08,0.0,0.0,5953.08,41,5811.34,0.0,0.0,5811.34,0.9761904761904762,0.0,,2023,6,3,71.1,28.9,1,136.21,147.4,283.61,241.67,147.4,1,0.0,42,0,0,0,0,0,0,0,0,0,0,,0,0,0.0,0.0,0,0,0.0,0,0,0,0,0.0,0.0
B-202306-36326,Booked,HR Professionals Network,Board Retreat,Association,In-person,Full Package,Professional Services,Professional Services,Cvent,High,2022-09-16,2022-10-20,22,2023-06-10,2023-06-13,3,267,48,144,57,1,Half Ballroom,1,1,12,1.0,52900.15,1,74.7,160.14,146.79,21137.76,1054.43,13532.68,35724.87,102,14972.58,1054.43,12888.27,28915.28,0.7083333333333334,226.11,,2023,6,3,70.2,29.8,0,138.35,128.9,267.25,0.0,128.9,2,8.6,44,48,38,0,1,3,3,24,1,0,1,Banquet,2,0,2.0,1054.43,1050,3840,6751.85,5,0,0,0,100.0,0.47
B-202306-61502,Booked,Energy Solutions,Product Launch Event,Corporate,In-person,Full Package,Finance,Other,Third-Party Planner,Medium,2023-03-15,2023-03-31,7,2023-06-11,2023-06-13,2,88,49,98,55,1,Half Ballroom,1,0,9,1.0,26393.45,1,70.0,168.33,141.06,13823.88,936.63,9393.61,24154.12,85,11990.1,936.63,8946.3,21873.03,0.8673469387755102,162.66,,2023,6,2,65.1,34.9,0,131.64,150.83,282.47,0.0,282.47,2,12.2,43,49,0,0,1,2,2,16,1,0,1,Classroom,3,1,3.0,936.63,1300,2568,5065.16,4,0,0,0,100.0,0.46
B-202306-70562,Booked,Tour Operator Network,International Tour Package,Corporate,Hybrid,Rooms Only,Professional Services,Professional Services,Cvent,Low,2023-03-16,2023-04-04,13,2023-06-11,2023-06-12,1,87,59,59,64,0,,0,0,6,0.0,0.0,3,71.4,169.15,149.04,8793.36,0.0,0.0,8793.36,56,8346.24,0.0,0.0,8346.24,0.9491525423728814,0.0,,2023,6,3,64.6,35.4,0,145.4,149.09,294.49,0.0,149.09,1,0.0,59,0,0,0,0,0,0,0,0,0,0,,0,0,0.0,0.0,0,0,0.0,0,0,0,0,0.0,0.0
B-202306-69681,Booked,Global Industries,Leadership Summit,Corporate,Hybrid,Full Package,Professional Services,Other,Cvent,Medium,2023-03-13,2023-04-06,13,2023-06-12,2023-06-14,2,91,34,68,42,1,Half Ballroom,1,1,11,1.0,27277.71,2,70.9,161.1,134.25,9129.0,870.67,7249.6,17249.27,63,8457.75,870.67,6904.38,16232.8,0.9264705882352942,164.39,,2023,6,4,72.7,27.3,1,99.32,127.8,227.12,227.12,146.69,2,8.8,31,34,0,0,1,2,2,16,1,0,1,Classroom,3,1,2.5,870.67,1000,3408,5629.77,4,0,0,0,100.0,0.35
B-202306-28327,Booked,Technology Innovators,Board of Directors Meeting,Corporate,In-person,Rooms Only,Technology,Technology,Website,Low,2023-03-25,2023-04-13,14,2023-06-14,2023-06-16,2,81,36,72,39,0,,0,0,5,1.0,11215.66,1,72.3,169.89,156.95,11300.4,0.0,0.0,11300.4,65,10201.75,0.0,0.0,10201.75,0.9027777777777778,0.0,,2023,6,2,73.9,26.1,0,23.14,136.19,159.33,0.0,136.19,2,8.3,33,36,0,0,0,0,0,0,0,0,0,,0,0,0.0,0.0,0,0,0.0,0,0,0,0,0.0,0.0
B-202306-93296,Booked,Accounting Institute,Professional Development Symposium,Association,Hybrid,Full Package,Finance,Finance,Sales Call,Medium,2023-02-02,2023-02-26,17,2023-06-14,2023-06-16,2,132,59,118,77,1,Half Ballroom,1,0,7,1.0,34455.33,2,68.9,163.63,137.77,16256.86,825.02,12707.19,29789.07,75,10332.75,825.02,12102.09,23259.86,0.635593220338983,157.17,,2023,6,2,74.7,25.3,1,93.12,188.81,281.93,188.81,281.93,2,0.0,59,59,0,0,1,2,2,16,1,0,1,Theater,2,0,2.0,825.02,700,2140,4076.6,4,0,0,0,100.0,0.64
B-202306-21401,Booked,Family Celebration,Anniversary Celebration,Wedding/Social,In-person,Full Package,Social,Social/Private,Direct Inquiry,Low,2022-12-19,2023-02-02,32,2023-06-15,2023-06-16,1,178,16,16,21,1,Breakout Room,1,0,13,0.0,0.0,3,69.5,159.45,139.79,2236.64,451.76,2491.65,5180.05,9,1258.11,451.76,2373.0,4082.87,0.5625,113.0,,2023,6,3,57.6,42.4,1,61.22,159.02,220.24,220.24,220.24,1,0.0,16,0,0,0,1,2,1,8,0,0,1,Banquet,1,0,0.5,451.76,150,1155,2457.54,1,1,0,1,0.0,0.53
B-202306-87147,Booked,Legal Society,Committee Meeting,Association,In-person,Full Package,Legal,Legal,Sales Call,Medium,2022-10-28,2022-11-23,14,2023-06-15,2023-06-17,2,230,74,148,84,1,Half Ballroom,1,1,12,1.0,38598.58,4,69.0,166.45,149.61,22142.28,1198.03,4851.88,28192.19,102,15260.22,1198.03,4620.84,21079.09,0.6891891891891891,55.01,,2023,6,2,50.4,49.6,1,53.22,227.24,280.46,227.24,280.46,2,2.7,72,74,0,0,1,5,2,24,1,0,1,Theater,2,0,1.2,1198.03,950,4352,7153.58,5,0,0,0,20.0,0.7
B-202306-57202,Booked,HR Professionals Network,Networking Summit,Association,In-person,Full Package,Professional Services,Professional Services,Repeat Client,High,2022-11-22,2022-12-19,17,2023-06-16,2023-06-18,2,206,72,144,89,1,Half Ballroom,1,0,10,0.0,0.0,2,71.1,166.01,149.35,21506.4,1699.65,5781.75,28987.8,99,14785.65,1699.65,5506.43,21991.73,0.6875,61.87,,2023,6,3,68.5,31.5,1,63.15,131.62,194.77,194.77,152.33,2,4.2,69,72,0,0,2,6,2,24,1,0,1,Theater,3,1,1.67,1699.65,1800,4072,7839.32,4,0,0,0,0.0,0.74
B-202306-57333,Booked,Technology Innovators,Executive Offsite,Corporate,In-person,Meeting Only,Technology,Technology,Referral,Low,2023-03-29,2023-04-13,9,2023-06-16,2023-06-17,1,79,0,0,145,1,Grand Ballroom,0,0,6,1.0,17092.8,1,73.7,164.26,0.0,0.0,3003.81,12125.19,15129.0,0,0.0,3003.81,11547.8,14551.61,,79.64,,2023,6,0,0.0,0.0,0,0.0,0.0,0.0,0.0,0.0,0,0.0,0,0,0,0,2,1,1,8,1,0,1,Classroom,3,1,3.0,3003.81,650,10875,14089.28,3,0,0,0,100.0,0.6
B-202306-15453,Booked,Dental Association,Regional Chapter Meeting,Association,Hybrid,Meeting Only,Healthcare,Healthcare,Website,Low,2022-09-25,2022-10-24,22,2023-06-18,2023-06-19,1,266,0,0,94,1,Half Ballroom,0,0,7,0.0,0.0,2,75.6,158.99,0.0,0.0,1009.41,3154.45,4163.86,0,0.0,1009.41,3004.24,4013.65,,31.96,,2023,6,0,0.0,0.0,0,0.0,0.0,0.0,0.0,0.0,0,0.0,0,0,0,0,1,3,1,12,1,0,1,Classroom,3,1,1.67,1009.41,950,1828,3790.21,4,0,0,0,0.0,0.78
B-202306-77425,Booked,Dental Association,State Convention,Association,Hybrid,Meeting Only,Healthcare,Healthcare,Referral,Low,2022-12-08,2023-01-05,22,2023-06-19,2023-06-21,2,193,0,0,42,1,Half Ballroom,0,0,6,0.0,0.0,1,78.2,166.2,0.0,0.0,998.44,5974.23,6972.67,0,0.0,998.44,5689.74,6688.18,,135.47,,2023,6,0,0.0,0.0,0,0.0,0.0,0.0,0.0,0.0,0,0.0,0,0,0,0,1,2,2,16,1,0,1,Classroom,3,1,2.0,998.44,800,2840,4827.76,4,0,0,0,100.0,0.35
B-202306-99825,Booked,Professional Engineers Society,Member Appreciation Event,Association,In-person,Full Package,Association,Other,Third-Party Planner,Medium,2022-08-30,2022-10-03,23,2023-06-19,2023-06-21,2,293,39,78,44,1,Half Ballroom,1,0,11,0.0,0.0,2,72.8,163.78,143.96,11228.88,1103.48,7447.9,19780.26,53,7629.88,1103.48,7093.24,15826.6,0.6794871794871795,161.21,,2023,6,4,55.1,44.9,1,83.03,132.31,215.34,215.34,136.28,2,28.2,28,39,0,0,1,2,2,16,1,0,1,Classroom,2,0,1.5,1103.48,500,2600,4236.71,4,0,0,0,100.0,0.37
B-202306-61451,Booked,Retail Corporation,Product Launch Event,Corporate,In-person,Full Package,Professional Services,Other,Website,Medium,2023-03-25,2023-04-12,10,2023-06-20,2023-06-22,2,87,66,132,74,1,Half Ballroom,1,0,8,1.0,38447.78,1,69.1,163.19,143.07,18885.24,1454.51,10954.15,31293.9,122,17454.54,1454.51,10432.52,29341.57,0.9242424242424242,140.98,,2023,6,2,60.2,39.8,1,91.04,152.25,243.29,243.29,152.25,2,13.6,57,66,0,0,2,2,2,16,1,0,1,Banquet,3,1,2.5,1454.51,1000,3096,5345.09,5,0,0,0,100.0,0.62
B-202306-41370,Booked,Nursing Council,State Convention,Association,In-person,Full Package,Healthcare,Healthcare,Referral,Low,2022-12-21,2023-01-18,21,2023-06-21,2023-06-23,2,182,56,112,68,1,Half Ballroom,1,0,7,0.0,0.0,2,75.4,162.95,136.55,15293.6,1881.15,9451.22,26625.97,90,12289.5,1881.15,9001.16,23171.81,0.8035714285714286,132.37,,2023,6,2,70.8,29.2,1,44.73,177.26,221.99,221.99,221.99,2,3.6,54,56,0,0,2,2,2,16,1,0,1,Theater,2,0,1.5,1881.15,500,3240,4888.56,4,0,0,0,100.0,0.57
B-202306-90746,Booked,Private Party,Graduation Celebration,Wedding/Social,In-person,Full Package,Social,Social/Private,Repeat Client,High,2022-10-15,2022-11-16,21,2023-06-21,2023-06-22,1,249,57,57,67,1,Half Ballroom,1,1,11,0.0,0.0,1,76.0,155.16,140.07,7983.99,1410.18,8610.84,18005.01,33,4622.31,1410.18,8200.8,14233.29,0.5789473684210527,122.4,,2023,6,2,65.9,34.1,1,116.34,170.6,286.94,170.6,286.94,1,0.0,57,0,0,0,2,2,1,8,1,0,1,Banquet,2,0,2.0,1410.18,700,1320,2751.16,1,1,0,1,0.0,0.56
B-202306-25448,Booked,Manufacturing Alliance,Town Hall Meeting,Corporate,Virtual,Full Package,Finance,Other,Repeat Client,High,2023-03-12,2023-03-29,10,2023-06-22,2023-06-25,3,102,46,138,54,1,Half Ballroom,1,0,7,0.0,0.0,1,71.1,161.94,140.38,19372.44,982.71,12229.06,32584.21,120,16845.6,982.71,11646.72,29475.03,0.8695652173913043,215.68,,2023,6,4,64.6,35.4,0,125.53,145.23,270.76,0.0,145.23,2,6.2,42,46,39,0,1,3,3,24,1,0,1,Classroom,3,1,2.67,982.71,1650,4968,8431.45,4,0,0,0,100.0,0.45
B-202306-68176,Booked,Real Estate Board,Policy Symposium,Association,In-person,Full Package,Government,Government,Sales Call,High,2022-12-13,2023-01-21,28,2023-06-22,2023-06-24,2,191,105,210,120,1,Half Ballroom,1,1,11,0.0,0.0,4,78.9,156.25,141.38,29689.8,1259.12,7069.86,38018.78,137,19369.06,1259.12,6733.2,27361.38,0.6523809523809524,56.11,,2023,6,4,63.8,36.2,1,162.19,129.71,291.9,244.54,129.71,2,7.6,97,105,0,0,2,5,2,24,1,0,1,Classroom,3,1,2.0,1259.12,1950,4240,8177.95,5,0,0,0,20.0,1.0
B-202306-48185,Booked,State Medical Association,Awards Gala Weekend,Association,In-person,Full Package,Healthcare,Healthcare,RFP,Medium,2022-08-07,2022-09-03,18,2023-06-23,2023-06-25,2,320,59,118,79,1,Half Ballroom,1,1,9,1.0,38088.08,3,65.9,163.08,148.17,17484.06,861.8,12872.18,31218.04,87,12890.79,861.8,12259.22,26011.81,0.7372881355932204,155.18,,2023,6,4,62.5,37.5,1,151.54,135.53,287.07,228.5,135.53,2,11.9,52,59,0,0,1,2,2,16,1,0,1,Theater,2,0,1.5,861.8,500,2600,4378.48,4,0,0,0,100.0,0.66
B-202306-59412,Booked,Dental Association,Industry Forum,Association,In-person,Full Package,Healthcare,Healthcare,Cvent,High,2022-10-12,2022-11-03,15,2023-06-23,2023-06-26,3,254,86,258,106,1,Half Ballroom,1,0,7,0.0,0.0,3,75.4,160.71,140.85,36339.3,1216.4,9574.03,47129.73,204,28733.4,1216.4,9118.12,39067.92,0.7906976744186046,86.02,,2023,6,2,69.7,30.3,0,16.3,128.93,145.23,0.0,128.93,2,5.7,80,86,74,0,1,8,3,36,1,0,1,Classroom,3,1,2.12,1216.4,3200,6112,12209.13,5,0,0,0,12.5,0.88
B-202306-12960,Booked,Family Celebration,Martinez-Garcia Wedding,Wedding/Social,In-person,Full Package,Social,Social/Private,Direct Inquiry,Low,2022-09-10,2022-10-18,25,2023-06-26,2023-06-27,1,289,32,32,41,1,Half Ballroom,1,1,13,0.0,0.0,3,69.1,156.9,145.03,4640.96,832.07,5705.42,11178.45,22,3190.66,832.07,5433.73,9456.46,0.6875,132.53,,2023,6,3,62.6,37.4,1,108.91,145.47,254.38,254.38,145.47,1,0.0,32,0,0,0,1,2,1,8,1,0,1,Banquet,2,0,1.5,832.07,500,1320,2490.82,1,1,0,1,0.0,0.34
B-202306-17026,Booked,Education Foundation,Professional Development Symposium,Association,Virtual,Full Package,Education,Education,Website,High,2022-10-07,2022-11-03,15,2023-06-27,2023-06-30,3,263,55,165,76,1,Half Ballroom,1,1,12,0.0,0.0,2,67.3,161.02,134.8,22242.0,1512.11,17167.37,40921.48,103,13884.4,1512.11,16349.88,31746.39,0.6242424242424243,215.13,,2023,6,2,70.3,29.7,1,10.97,160.28,171.25,171.25,160.28,2,6.8,49,55,46,0,2,3,3,24,1,0,1,Classroom,3,1,3.0,1512.11,1950,3180,6959.96,5,0,0,0,100.0,0.63
B-202306-45197,Booked,Veterans Group,Faith-Based Conference,SMERF,In-person,Full Package,Government,Government,Sales Call,Low,2023-04-25,2023-05-26,17,2023-06-27,2023-06-28,1,63,22,22,29,1,Breakout Room,1,0,14,0.0,0.0,1,74.3,163.23,146.92,3232.24,401.58,547.8,4181.62,16,2350.72,401.58,521.71,3274.01,0.7272727272727273,17.99,,2023,6,3,71.9,28.1,1,48.31,145.1,193.41,193.41,149.93,1,0.0,22,0,0,0,1,2,1,8,0,0,1,Classroom,2,0,1.0,401.58,350,1015,2575.28,1,0,0,0,0.0,0.72
B-202306-30837,Booked,Banking Consortium,Quarterly Business Review,Corporate,In-person,Full Package,Finance,Finance,Cvent,High,2023-04-04,2023-04-27,12,2023-06-29,2023-07-02,3,86,56,168,63,1,Half Ballroom,1,1,11,1.0,45810.38,4,76.7,160.24,144.87,24338.16,1795.55,15569.73,41703.44,156,22599.72,1795.55,14828.31,39223.58,0.9285714285714286,235.37,,2023,6,3,64.8,35.2,1,136.56,150.61,287.17,171.68,150.61,2,5.3,54,56,49,0,2,3,3,24,1,0,1,Banquet,2,0,1.67,1795.55,850,4080,6636.53,5,0,0,0,100.0,0.53
B-202306-69424,Booked,Social Event,Smith-Johnson Wedding,Wedding/Social,In-person,Full Package,Social,Social/Private,Repeat Client,Low,2022-07-07,2022-08-06,20,2023-06-30,2023-07-01,1,358,27,27,32,1,Breakout Room,1,0,10,0.0,0.0,2,67.1,164.64,151.3,4085.1,447.93,4762.8,9295.83,16,2420.8,447.93,4536.0,7404.73,0.5925925925925926,141.75,,2023,6,3,65.2,34.8,0,13.23,132.89,146.12,0.0,132.89,1,0.0,27,0,0,0,1,2,1,8,0,0,1,Banquet,1,0,0.5,447.93,150,1760,3150.74,1,1,0,1,0.0,0.8
B-202306-99989,Booked,Industry Trade Group,Certification Training,Association,In-person,Meeting Only,Trade/Manufacturing,Trade/Manufacturing,Cvent,Low,2022-10-13,2022-11-16,28,2023-06-30,2023-07-01,1,260,0,0,135,1,Grand Ballroom,0,0,6,1.0,17300.32,1,67.5,160.9,0.0,0.0,1924.91,5932.24,7857.15,0,0.0,1924.91,5649.75,7574.66,,41.85,,2023,6,0,0.0,0.0,0,0.0,0.0,0.0,0.0,0.0,0,0.0,0,0,0,0,1,1,1,8,1,0,1,Theater,3,1,3.0,1924.91,650,8505,11882.02,2,0,0,0,100.0,0.56
B-202307-28566,Booked,Family Celebration,Williams-Brown Wedding,Wedding/Social,In-person,Full Package,Social,Social/Private,Direct Inquiry,Low,2022-09-05,2022-10-11,26,2023-07-01,2023-07-02,1,299,32,32,43,1,Half Ballroom,1,0,10,0.0,0.0,1,62.2,157.5,134.91,4317.12,936.95,5310.99,10565.06,22,2968.02,936.95,5058.09,8963.06,0.6875,117.63,,2023,7,4,67.2,32.8,1,151.56,131.55,283.11,247.66,131.55,1,0.0,32,0,0,0,1,1,1,4,1,0,1,Banquet,0,0,0.0,936.95,0,1320,1636.19,1,1,0,1,0.0,0.36
B-202307-36941,Booked,Cultural Journeys,Nature & Wildlife Tour,Corporate,In-person,Rooms Only,Technology,Technology,Cvent,Low,2023-04-29,2023-05-15,12,2023-07-02,2023-07-03,1,64,18,18,19,0,,0,0,4,0.0,0.0,3,68.8,160.27,133.07,2395.26,0.0,0.0,2395.26,17,2262.19,0.0,0.0,2262.19,0.9444444444444444,0.0,,2023,7,2,57.8,42.2,1,83.87,189.13,273.0,189.13,189.13,1,0.0,18,0,0,0,0,0,0,0,0,0,0,,0,0,0.0,0.0,0,0,0.0,0,0,0,0,0.0,0.0
B-202307-29424,Booked,Volunteer Network,Band Competition,SMERF,In-person,Full Package,Other,Other,Sales Call,Low,2023-04-19,2023-05-20,17,2023-07-04,2023-07-05,1,76,47,47,59,1,Half Ballroom,1,0,14,1.0,9487.02,1,66.9,161.61,140.66,6611.02,1063.8,1113.86,8788.68,40,5626.4,1063.8,1060.82,7751.02,0.851063829787234,17.98,,2023,7,4,70.7,29.3,1,91.87,141.41,233.28,233.28,141.41,1,0.0,47,0,0,0,1,1,1,8,1,0,1,Classroom,1,0,1.0,1063.8,150,240,1026.17,1,0,0,0,100.0,0.49
B-202307-62505,Booked,Private Individual,Smith-Johnson Wedding,Wedding/Social,In-person,Rooms Only,Social,Social/Private,Third-Party Planner,Low,2022-12-02,2023-01-08,34,2023-07-05,2023-07-06,1,215,23,23,25,0,,0,0,3,0.0,0.0,4,68.1,158.3,143.94,3310.62,0.0,0.0,3310.62,14,2015.16,0.0,0.0,2015.16,0.6086956521739131,0.0,,2023,7,3,50.8,49.2,1,64.08,154.3,218.38,218.38,154.3,1,0.0,23,0,0,0,0,0,0,0,0,0,0,,0,0,0.0,0.0,0,0,0.0,0,0,0,0,0.0,0.0
B-202307-34530,Booked,Youth Organization,Youth Sports Tournament,SMERF,In-person,Full Package,SMERF,Social/Community,Sales Call,Low,2023-04-15,2023-05-11,15,2023-07-06,2023-07-07,1,82,39,39,46,1,Half Ballroom,1,0,11,0.0,0.0,2,63.2,149.33,129.83,5063.37,972.62,0.0,6035.99,31,4024.73,972.62,0.0,4997.35,0.7948717948717948,0.0,,2023,7,2,68.2,31.8,0,23.69,130.12,153.81,0.0,130.12,1,0.0,39,0,0,0,1,1,1,8,1,0,1,Banquet,2,0,2.0,972.62,350,0,1007.27,0,0,0,0,100.0,0.38
B-202307-36309,Booked,Energy Solutions,Performance Review Summit,Corporate,Hybrid,Full Package,Technology,Other,Direct Inquiry,Low,2023-04-22,2023-05-12,7,2023-07-06,2023-07-08,2,75,56,112,65,1,Half Ballroom,1,1,13,1.0,41066.39,1,64.0,156.82,137.11,15356.32,1356.21,9116.15,25828.68,110,15082.1,1356.21,8682.05,25120.36,0.9821428571428572,133.57,,2023,7,3,65.7,34.3,1,55.87,125.3,181.17,181.17,147.45,2,7.1,52,56,0,0,2,2,2,16,1,0,1,Classroom,3,1,2.5,1356.21,1000,3096,5311.25,5,0,0,0,100.0,0.54
B-202307-90134,Booked,Private Party,Quinceañera Celebration,Wedding/Social,In-person,Full Package,Social,Social/Private,Direct Inquiry,Medium,2022-07-14,2022-08-21,26,2023-07-06,2023-07-08,2,357,42,84,54,1,Half Ballroom,1,1,12,1.0,35041.08,2,71.0,156.34,145.22,12198.48,1305.94,6350.97,19855.39,51,7406.22,1305.94,6048.54,14760.7,0.6071428571428571,112.01,,2023,7,3,58.0,42.0,1,107.78,182.07,289.85,219.53,219.53,2,4.8,40,42,0,0,1,2,2,8,1,0,1,Banquet,1,0,1.0,1305.94,300,1320,2318.91,1,1,0,1,0.0,0.45
B-202307-52964,Booked,Personal Event,Engagement Party,Wedding/Social,In-person,Full Package,Social,Social/Private,Direct Inquiry,Low,2022-10-16,2022-11-11,16,2023-07-07,2023-07-08,1,264,28,28,31,1,Breakout Room,1,0,10,1.0,10145.04,2,62.3,165.56,140.53,3934.84,379.42,3764.73,8078.99,17,2389.01,379.42,3585.46,6353.89,0.6071428571428571,115.66,,2023,7,2,63.7,36.3,0,12.82,147.32,160.14,0.0,147.32,1,0.0,28,0,0,0,1,2,1,8,0,0,1,Banquet,0,0,0.0,379.42,0,1395,2522.2,1,0,1,1,0.0,0.78
B-202307-10336,Booked,Professional Services Group,Sales Kickoff,Corporate,In-person,Rooms Only,Professional Services,Other,Repeat Client,Medium,2023-04-13,2023-04-26,9,2023-07-08,2023-07-10,2,86,36,72,39,0,,0,1,4,1.0,11257.42,2,62.7,156.39,138.32,9959.04,0.0,0.0,9959.04,71,9820.72,0.0,0.0,9820.72,0.9861111111111112,0.0,,2023,7,4,68.0,32.0,1,140.24,142.89,283.13,189.6,142.89,2,13.9,31,36,0,0,0,0,0,0,0,0,0,,0,0,0.0,0.0,0,0,0.0,0,0,0,0,0.0,0.0
B-202307-32983,Booked,Insurance Federation,State Convention,Association,In-person,Full Package,Finance,Finance,Website,Low,2022-11-02,2022-12-07,23,2023-07-08,2023-07-10,2,248,19,38,22,1,Breakout Room,1,0,12,1.0,10487.52,2,68.1,156.75,133.53,5074.14,571.02,3854.24,9499.4,26,3471.78,571.02,3670.7,7713.5,0.6842105263157895,166.85,,2023,7,3,61.0,39.0,1,41.53,134.8,176.33,176.33,153.93,2,31.6,13,19,0,0,1,2,2,16,0,0,1,Theater,3,1,2.5,571.02,1000,2860,5871.39,4,0,0,0,100.0,0.55
B-202307-50037,Booked,Social Event,Williams-Brown Wedding,Wedding/Social,In-person,Full Package,Social,Social/Private,Direct Inquiry,High,2022-12-27,2023-02-15,37,2023-07-08,2023-07-11,3,193,39,117,47,1,Half Ballroom,1,0,13,0.0,0.0,1,60.0,163.02,142.55,16678.35,1149.74,6330.12,24158.21,64,9123.2,1149.74,6028.69,16301.63,0.5470085470085471,128.27,,2023,7,2,58.9,41.1,1,41.38,131.43,172.81,172.81,131.43,2,12.3,37,39,28,0,1,3,3,12,1,0,1,Reception,2,0,0.67,1149.74,350,1320,2723.7,1,1,0,1,0.0,0.39
B-202307-57026,Booked,Heritage Travel,Nature & Wildlife Tour,Corporate,In-person,Rooms Only,Healthcare,Healthcare,Cvent,Low,2023-05-01,2023-05-15,8,2023-07-08,2023-07-09,1,68,26,26,28,0,,0,0,6,0.0,0.0,3,64.4,154.88,142.02,3692.52,0.0,0.0,3692.52,25,3550.5,0.0,0.0,3550.5,0.9615384615384616,0.0,,2023,7,4,71.0,29.0,1,131.02,134.52,265.54,196.06,134.52,1,0.0,26,0,0,0,0,0,0,0,0,0,0,,0,0,0.0,0.0,0,0,0.0,0,0,0,0,0.0,0.0
B-202307-10167,Booked,Global Industries,Board of Directors Meeting,Corporate,Hybrid,Meeting Only,Technology,Other,Website,Low,2023-04-12,2023-04-28,7,2023-07-09,2023-07-11,2,88,0,0,74,1,Half Ballroom,0,0,9,1.0,16809.23,2,66.6,158.79,0.0,0.0,1754.61,12733.48,14488.09,0,0.0,1754.61,12127.12,13881.73,,163.88,,2023,7,0,0.0,0.0,0,0.0,0.0,0.0,0.0,0.0,0,0.0,0,0,0,0,2,2,2,16,1,0,1,Classroom,3,1,2.0,1754.61,800,2520,4485.32,5,0,0,0,100.0,0.62
B-202307-36569,Booked,Legal Society,Certification Training,Association,In-person,Full Package,Legal,Legal,RFP,High,2022-12-01,2023-01-01,23,2023-07-09,2023-07-12,3,220,90,270,120,1,Half Ballroom,1,1,8,0.0,0.0,4,63.6,154.37,139.74,37729.8,1159.24,10092.6,48981.64,183,25572.42,1159.24,9612.0,36343.66,0.6777777777777778,80.1,,2023,7,4,72.2,27.8,1,57.43,125.37,182.8,182.8,125.37,2,3.2,83,90,87,0,1,6,3,36,1,0,1,Theater,3,1,2.0,1159.24,2300,6812,11836.79,5,0,0,0,50.0,1.0
B-202307-84912,Booked,Banking Consortium,Performance Review Summit,Corporate,In-person,Meeting Only,Finance,Finance,Website,Low,2023-03-29,2023-04-11,8,2023-07-09,2023-07-10,1,102,0,0,40,1,Breakout Room,0,0,5,0.0,0.0,3,70.8,159.68,0.0,0.0,425.71,2857.26,3282.97,0,0.0,425.71,2721.2,3146.91,,68.03,,2023,7,0,0.0,0.0,0,0.0,0.0,0.0,0.0,0.0,0,0.0,0,0,0,0,1,1,1,8,0,0,1,Classroom,2,0,2.0,425.71,350,2772,4104.62,4,0,0,0,100.0,1.0
B-202307-74437,Booked,Service Club,Youth Sports Tournament,SMERF,In-person,Full Package,SMERF,Social/Community,Referral,Low,2023-04-19,2023-05-15,16,2023-07-10,2023-07-12,2,82,45,90,62,1,Half Ballroom,1,0,10,1.0,20917.42,2,68.2,157.07,141.25,12712.5,1225.42,2320.81,16258.73,67,9463.75,1225.42,2210.3,12899.47,0.7444444444444445,35.65,,2023,7,4,61.6,38.4,1,163.75,125.14,288.89,174.08,133.3,2,8.9,41,45,0,0,1,3,2,16,1,0,1,Classroom,2,0,1.0,1225.42,500,480,2294.54,1,0,0,0,33.3,0.52
B-202307-27884,Booked,Accounting Institute,Member Appreciation Event,Association,In-person,Full Package,Finance,Finance,Repeat Client,High,2022-10-06,2022-11-04,20,2023-07-11,2023-07-14,3,278,61,183,80,1,Half Ballroom,1,0,9,1.0,48493.17,2,69.3,157.2,132.18,24188.94,1671.79,20710.2,46570.93,131,17315.58,1671.79,19724.0,38711.37,0.7158469945355191,246.55,,2023,7,2,64.1,35.9,0,8.79,145.05,153.84,0.0,153.84,2,8.6,51,61,49,0,2,3,3,24,1,0,1,Classroom,3,1,1.67,1671.79,950,3600,6340.64,5,0,0,0,100.0,0.67
B-202307-15848,Booked,Pharmaceutical Partners,Strategic Planning Retreat,Corporate,In-person,Full Package,Healthcare,Healthcare,Sales Call,Medium,2023-04-13,2023-05-04,11,2023-07-12,2023-07-14,2,90,36,72,44,1,Half Ballroom,1,0,10,0.0,0.0,2,66.7,150.91,132.16,9515.52,1341.74,7519.51,18376.77,66,8722.56,1341.74,7161.44,17225.74,0.9166666666666666,162.76,,2023,7,2,67.2,32.8,0,140.97,129.07,270.04,0.0,129.07,2,5.6,34,36,0,0,1,2,2,16,1,0,1,Classroom,2,0,2.0,1341.74,700,3408,5295.83,4,0,0,0,100.0,0.37
B-202307-43903,Booked,Real Estate Board,Board Retreat,Association,In-person,Full Package,Government,Government,Website,High,2022-12-06,2023-01-07,25,2023-07-12,2023-07-14,2,218,66,132,78,1,Half Ballroom,1,1,7,0.0,0.0,2,65.8,159.55,136.27,17987.64,1723.42,12350.52,32061.58,90,12264.3,1723.42,11762.4,25750.12,0.6818181818181818,150.8,,2023,7,4,74.3,25.7,1,114.85,167.86,282.71,223.87,167.86,2,15.2,56,66,0,0,2,2,2,16,1,0,1,Classroom,2,0,1.5,1723.42,500,2360,4033.57,3,0,0,0,100.0,0.65
B-202307-57069,Booked,Volunteer Network,Charity Fundraiser,SMERF,Virtual,Full Package,Other,Other,Direct Inquiry,Low,2023-03-10,2023-04-02,15,2023-07-13,2023-07-14,1,125,13,13,16,1,Breakout Room,1,1,8,1.0,3601.17,1,64.2,149.96,129.14,1678.82,533.25,279.38,2491.45,10,1291.4,533.25,266.08,2090.73,0.7692307692307693,16.63,,2023,7,3,55.2,44.8,0,12.04,128.59,140.63,0.0,131.64,1,0.0,13,0,0,0,1,1,1,8,0,0,1,Classroom,1,0,1.0,533.25,150,192,1295.83,1,0,0,0,100.0,0.4
B-202307-82358,Booked,Youth Athletics,Cultural Heritage Festival,SMERF,In-person,Meeting Only,SMERF,Social/Community,Repeat Client,Low,2023-02-25,2023-03-25,20,2023-07-13,2023-07-15,2,138,0,0,134,1,Grand Ballroom,0,0,8,1.0,18038.02,1,62.6,160.7,0.0,0.0,2275.65,9397.35,11673.0,0,0.0,2275.65,8949.86,11225.51,,66.79,,2023,7,0,0.0,0.0,0,0.0,0.0,0.0,0.0,0.0,0,0.0,0,0,0,0,1,3,2,16,1,0,1,Classroom,1,0,1.0,2275.65,450,5640,11489.28,2,0,0,0,33.3,0.56
B-202307-27132,Booked,Professional Engineers Society,Member Appreciation Event,Association,In-person,Full Package,Association,Other,Direct Inquiry,Medium,2022-10-20,2022-11-28,28,2023-07-14,2023-07-16,2,267,60,120,71,1,Half Ballroom,1,1,11,1.0,34964.17,3,59.1,150.5,129.33,15519.6,1468.03,10387.05,27374.68,76,9829.08,1468.03,9892.43,21189.54,0.6333333333333333,139.33,,2023,7,4,57.4,42.6,1,141.39,145.41,286.8,238.81,149.3,2,0.0,60,60,0,0,2,2,2,16,1,0,1,Classroom,2,0,1.5,1468.03,500,3280,4959.56,5,0,0,0,100.0,0.59
B-202307-74665,Booked,Banking Consortium,Executive Offsite,Corporate,In-person,Full Package,Finance,Finance,Third-Party Planner,Medium,2023-05-01,2023-05-18,7,2023-07-15,2023-07-17,2,75,43,86,56,1,Half Ballroom,1,0,10,1.0,35051.82,3,63.2,155.95,142.6,12263.6,1290.62,4895.69,18449.91,79,11265.4,1290.62,4662.56,17218.58,0.9186046511627908,83.26,,2023,7,3,51.2,48.8,1,58.81,134.29,193.1,193.1,134.29,2,16.3,36,43,0,0,1,2,2,16,1,0,1,Classroom,3,1,2.5,1290.62,1000,2544,4690.19,2,0,0,0,100.0,0.47
B-202307-53481,Booked,Financial Services Group,Sales Kickoff,Corporate,In-person,Rooms Only,Finance,Finance,Direct Inquiry,Medium,2023-05-29,2023-06-18,14,2023-07-17,2023-07-18,1,49,67,67,73,0,,0,1,6,0.0,0.0,1,63.9,158.73,134.73,9026.91,0.0,0.0,9026.91,58,7814.34,0.0,0.0,7814.34,0.8656716417910447,0.0,,2023,7,3,55.9,44.1,1,84.73,136.24,220.97,220.97,136.24,1,0.0,67,0,0,0,0,0,0,0,0,0,0,,0,0,0.0,0.0,0,0,0.0,0,0,0,0,0.0,0.0
B-202307-72847,Booked,Technology Innovators,Performance Review Summit,Corporate,In-person,Full Package,Technology,Technology,Website,Medium,2023-04-16,2023-05-01,8,2023-07-18,2023-07-19,1,93,45,45,58,1,Half Ballroom,1,0,7,0.0,0.0,2,58.6,156.46,132.34,5955.3,1269.06,4422.56,11646.92,37,4896.58,1269.06,4211.96,10377.6,0.8222222222222222,72.62,,2023,7,2,71.2,28.8,1,43.21,196.41,239.62,239.62,196.41,1,0.0,45,0,0,0,1,1,1,8,1,0,1,Theater,2,0,2.0,1269.06,350,2088,3039.74,4,0,0,0,100.0,0.48
B-202307-77045,Booked,Retail Corporation,Innovation Workshop,Corporate,Virtual,Full Package,Technology,Other,Sales Call,Low,2023-05-04,2023-05-22,9,2023-07-19,2023-07-20,1,76,35,35,44,1,Half Ballroom,1,1,9,1.0,9422.77,2,62.2,155.36,144.11,5043.85,1212.07,3600.83,9856.75,32,4611.52,1212.07,3429.36,9252.95,0.9142857142857144,77.94,,2023,7,4,51.0,49.0,1,151.85,133.47,285.32,231.83,133.47,1,0.0,35,0,0,0,1,1,1,8,1,0,1,Classroom,2,0,2.0,1212.07,350,1800,2728.16,3,0,0,0,100.0,0.37
B-202307-46822,Booked,State Medical Association,Professional Development Symposium,Association,Hybrid,Full Package,Healthcare,Healthcare,Website,Medium,2022-11-16,2022-12-23,28,2023-07-20,2023-07-22,2,246,59,118,79,1,Half Ballroom,1,0,9,0.0,0.0,1,65.5,159.07,137.91,16273.38,1693.02,12592.64,30559.04,91,12549.81,1693.02,11992.99,26235.82,0.7711864406779662,151.81,,2023,7,4,60.5,39.5,1,146.68,128.17,274.85,230.55,128.17,2,15.3,50,59,0,0,2,2,2,16,1,0,1,Classroom,2,0,2.0,1693.02,700,3240,5135.5,4,0,0,0,100.0,0.66
B-202307-11257,Booked,Financial Services Group,Annual Sales Conference,Corporate,Virtual,Full Package,Finance,Finance,Website,Low,2023-05-06,2023-05-28,8,2023-07-21,2023-07-23,2,76,35,70,38,1,Breakout Room,1,1,14,0.0,0.0,1,60.3,163.72,137.91,9653.7,445.85,6220.81,16320.36,61,8412.51,445.85,5924.58,14782.94,0.8714285714285714,155.91,,2023,7,4,53.7,46.3,1,124.88,153.54,278.42,244.28,153.54,2,34.3,23,35,0,0,1,2,2,16,0,0,1,Theater,3,1,2.5,445.85,1000,5472,8339.98,5,0,0,0,100.0,0.95
B-202307-41135,Booked,Insurance Federation,Continuing Education Conference,Association,In-person,Full Package,Finance,Finance,Referral,High,2022-10-11,2022-11-20,27,2023-07-22,2023-07-24,2,284,123,246,137,1,Grand Ballroom,1,0,13,1.0,64987.14,2,65.3,157.15,133.07,32735.22,2282.28,19729.03,54746.53,176,23420.32,2282.28,18789.55,44492.15,0.7154471544715447,137.15,,2023,7,2,68.5,31.5,1,99.74,146.54,246.28,246.28,146.54,2,8.1,113,123,0,0,1,2,2,16,1,0,1,Classroom,3,1,3.0,2282.28,1300,14385,20643.06,5,0,0,0,100.0,0.57
B-202307-79951,Booked,Professional Engineers Society,Professional Development Symposium,Association,Virtual,Full Package,Association,Other,Third-Party Planner,High,2022-11-27,2022-12-28,19,2023-07-22,2023-07-25,3,237,66,198,87,1,Half Ballroom,1,0,12,1.0,64675.74,3,63.4,158.59,140.41,27801.18,1945.61,8499.2,38245.99,151,21201.91,1945.61,8094.48,31242.0,0.7626262626262627,93.04,,2023,7,3,54.8,45.2,1,82.55,140.17,222.72,222.72,140.17,2,6.9,59,66,55,0,2,6,3,36,1,0,1,Classroom,2,0,1.67,1945.61,1700,5932,10293.05,4,0,0,0,50.0,0.72
B-202307-95404,Booked,Industry Trade Group,Board Retreat,Association,In-person,Full Package,Trade/Manufacturing,Trade/Manufacturing,Third-Party Planner,Medium,2022-12-01,2023-01-08,28,2023-07-22,2023-07-24,2,233,30,60,37,1,Breakout Room,1,1,10,0.0,0.0,2,65.4,153.92,127.35,7641.0,574.33,5146.85,13362.18,44,5603.4,574.33,4901.76,11079.49,0.7333333333333333,132.48,,2023,7,4,50.8,49.2,1,83.38,142.92,226.3,226.3,142.92,2,16.7,25,30,0,0,1,2,2,16,0,0,1,Classroom,2,0,2.0,574.33,700,4680,7434.52,4,0,0,0,100.0,0.93
B-202307-74106,Booked,Global Industries,New Hire Orientation,Corporate,In-person,Rooms Only,Healthcare,Other,Referral,Low,2023-04-30,2023-05-12,9,2023-07-26,2023-07-28,2,87,49,98,53,0,,0,1,3,0.0,0.0,1,61.8,153.06,138.59,13581.82,0.0,0.0,13581.82,88,12195.92,0.0,0.0,12195.92,0.8979591836734694,0.0,,2023,7,4,61.9,38.1,1,42.02,126.28,168.3,168.3,129.83,2,10.2,44,49,0,0,0,0,0,0,0,0,0,,0,0,0.0,0.0,0,0,0.0,0,0,0,0,0.0,0.0
B-202307-88671,Booked,Global Industries,Regional Team Meeting,Corporate,In-person,Full Package,Healthcare,Other,Referral,Low,2023-05-07,2023-05-25,7,2023-07-27,2023-07-29,2,81,9,18,10,1,Boardroom,1,0,11,1.0,8458.93,3,67.5,153.37,141.41,2545.38,325.59,1697.64,4568.61,15,2121.15,325.59,1616.8,4063.54,0.8333333333333334,161.68,,2023,7,2,62.0,38.0,0,24.48,129.99,154.47,0.0,129.99,2,22.2,7,9,0,0,1,2,2,16,0,1,1,Boardroom,2,0,2.0,325.59,700,1520,4271.15,5,0,0,0,100.0,0.71
B-202307-95998,Booked,Family Celebration,Family Reunion Weekend,Wedding/Social,In-person,Full Package,Social,Social/Private,Website,Low,2022-11-14,2022-12-23,28,2023-07-28,2023-07-29,1,256,37,37,42,1,Half Ballroom,1,1,11,0.0,0.0,1,66.3,156.13,141.63,5240.31,873.67,6400.67,12514.65,21,2974.23,873.67,6095.88,9943.78,0.5675675675675675,145.14,,2023,7,2,64.7,35.3,1,58.96,129.34,188.3,188.3,129.34,1,0.0,37,0,0,0,1,1,1,4,1,0,1,Banquet,2,0,2.0,873.67,350,1080,1745.31,1,0,1,1,0.0,0.35
B-202307-17992,Booked,Real Estate Board,Educational Seminar Series,Association,In-person,Full Package,Government,Government,Sales Call,Low,2022-10-26,2022-11-26,20,2023-07-29,2023-07-30,1,276,46,46,54,1,Half Ballroom,1,0,11,1.0,17388.77,3,65.2,155.32,134.22,6174.12,1060.39,4483.84,11718.35,33,4429.26,1060.39,4270.32,9759.97,0.717391304347826,79.08,,2023,7,4,62.1,37.9,1,83.4,148.1,231.5,231.5,148.1,1,0.0,46,0,0,0,1,1,1,8,1,0,1,Classroom,2,0,2.0,1060.39,350,1740,2667.39,4,0,0,0,100.0,0.45
B-202307-47002,Booked,Technology Innovators,Annual Sales Conference,Corporate,In-person,Full Package,Technology,Technology,Repeat Client,Medium,2023-05-29,2023-06-18,9,2023-07-29,2023-07-31,2,61,5,10,5,1,Boardroom,1,1,11,1.0,7077.79,2,61.1,157.37,134.97,1349.7,288.2,773.48,2411.38,9,1214.73,288.2,736.65,2239.58,0.9,147.33,,2023,7,2,51.7,48.3,0,0.27,141.22,141.49,0.0,141.22,2,80.0,1,5,0,0,1,2,2,16,0,1,1,Boardroom,2,0,2.0,288.2,700,760,3455.25,5,0,0,0,100.0,0.36
B-202307-60206,Booked,Nonprofit Foundation,Church Retreat Weekend,SMERF,In-person,Full Package,Technology,Technology,Website,Low,2023-02-22,2023-03-24,21,2023-07-29,2023-07-30,1,157,40,40,50,1,Half Ballroom,1,0,9,1.0,8472.75,2,60.3,157.17,140.42,5616.8,1015.08,1024.8,7656.68,30,4212.6,1015.08,976.0,6203.68,0.75,19.52,,2023,7,2,70.3,29.7,1,103.04,127.38,230.42,230.42,127.38,1,0.0,40,0,0,0,1,2,1,8,1,0,1,Classroom,2,0,1.5,1015.08,500,240,1464.96,1,0,0,0,0.0,0.42
B-202307-12857,Booked,Personal Event,Martinez-Garcia Wedding,Wedding/Social,In-person,Full Package,Social,Social/Private,Referral,Low,2022-08-30,2022-10-10,30,2023-07-30,2023-07-31,1,334,27,27,31,1,Breakout Room,1,0,11,0.0,0.0,3,63.6,161.36,137.23,3705.21,525.14,3981.84,8212.19,14,1921.22,525.14,3792.23,6238.59,0.5185185185185185,122.33,,2023,7,4,61.2,38.8,1,125.99,125.66,251.65,251.65,148.95,1,0.0,27,0,0,0,1,1,1,4,0,0,1,Banquet,0,0,0.0,525.14,0,1705,2338.74,1,1,0,1,0.0,0.78
B-202307-69233,Booked,Global Industries,Regional Team Meeting,Corporate,In-person,Full Package,Technology,Other,Website,Medium,2023-05-14,2023-06-05,10,2023-07-31,2023-08-02,2,78,63,126,78,1,Half Ballroom,1,0,12,0.0,0.0,1,62.6,159.09,131.36,16551.36,1209.39,12353.8,30114.55,112,14712.32,1209.39,11765.52,27687.23,0.8888888888888888,150.84,,2023,7,2,50.7,49.3,0,131.28,140.56,271.84,0.0,140.56,2,11.1,56,63,0,0,2,2,2,16,1,0,1,Theater,3,1,2.5,1209.39,1000,3048,5303.27,4,0,0,0,100.0,0.65
B-202307-69270,Booked,Education Foundation,Educational Seminar Series,Association,In-person,Full Package,Education,Education,Direct Inquiry,High,2022-11-23,2023-01-01,28,2023-07-31,2023-08-04,4,250,43,172,56,1,Half Ballroom,1,1,11,0.0,0.0,3,62.0,156.37,136.95,23555.4,949.01,15848.95,40353.36,118,16160.1,949.01,15094.24,32203.35,0.686046511627907,269.54,,2023,7,3,62.6,37.4,1,35.7,150.82,186.52,186.52,150.82,2,7.9,34,43,41,38,1,4,4,32,1,0,1,Classroom,2,0,1.5,949.01,1000,5100,8472.33,5,0,0,0,100.0,0.47
B-202307-72236,Booked,Insurance Federation,Board Retreat,Association,In-person,Full Package,Finance,Finance,Sales Call,Medium,2022-11-07,2022-12-16,27,2023-07-31,2023-08-02,2,266,74,148,100,1,Half Ballroom,1,0,12,1.0,36841.48,2,63.2,154.49,129.77,19205.96,1704.91,6487.95,27398.82,96,12457.92,1704.91,6179.0,20341.83,0.6486486486486487,61.79,,2023,7,3,71.3,28.7,1,144.64,150.15,294.79,223.55,150.15,2,14.9,63,74,0,0,2,5,2,24,1,0,1,Theater,3,1,1.8,1704.91,1650,3640,7249.98,3,0,0,0,20.0,0.83
B-202308-16366,Booked,Education Foundation,Awards Gala Weekend,Association,In-person,Full Package,Education,Education,RFP,Low,2022-11-10,2022-12-13,24,2023-08-01,2023-08-03,2,264,5,10,6,1,Boardroom,1,1,9,0.0,0.0,2,71.6,168.49,152.27,1522.7,362.98,1039.25,2924.93,7,1065.89,362.98,989.76,2418.63,0.7,164.96,,2023,8,2,59.8,40.2,1,18.58,152.38,170.96,170.96,152.38,2,20.0,4,5,0,0,1,2,2,16,0,1,1,Boardroom,2,0,2.0,362.98,700,972,3792.05,4,0,0,0,100.0,0.43
B-202308-25506,Booked,Nursing Council,Member Appreciation Event,Association,In-person,Full Package,Healthcare,Healthcare,Website,Medium,2022-10-24,2022-12-02,27,2023-08-01,2023-08-03,2,281,39,78,42,1,Half Ballroom,1,0,12,0.0,0.0,2,70.8,165.21,137.64,10735.92,1081.95,6095.5,17913.37,58,7983.12,1081.95,5805.24,14870.31,0.7435897435897436,138.22,,2023,8,2,71.2,28.8,1,67.41,182.91,250.32,250.32,250.32,2,20.5,31,39,0,0,1,2,2,16,1,0,1,Classroom,1,0,1.0,1081.95,300,2580,4082.05,5,0,0,0,100.0,0.35
B-202308-37444,Booked,Pharmaceutical Partners,Strategic Planning Retreat,Corporate,Hybrid,Full Package,Healthcare,Healthcare,Direct Inquiry,Low,2023-05-27,2023-06-19,10,2023-08-01,2023-08-03,2,66,25,50,31,1,Breakout Room,1,0,13,0.0,0.0,2,75.5,167.21,145.53,7276.5,510.94,4908.21,12695.65,49,7130.97,510.94,4674.49,12316.4,0.98,150.79,,2023,8,3,67.9,32.1,1,110.72,128.17,238.89,238.89,128.17,2,24.0,19,25,0,0,1,2,2,16,0,0,1,Classroom,2,0,2.0,510.94,700,4340,7112.3,5,0,0,0,100.0,0.78
B-202308-92141,Booked,Legal Society,Annual Member Conference,Association,In-person,Full Package,Legal,Legal,Third-Party Planner,Low,2022-12-06,2023-01-03,17,2023-08-01,2023-08-02,1,238,38,38,44,1,Half Ballroom,1,0,11,1.0,11192.77,3,68.3,156.34,132.97,5052.86,926.9,3563.41,9543.17,28,3723.16,926.9,3393.72,8043.78,0.7368421052631579,77.13,,2023,8,3,62.4,37.6,1,50.16,134.49,184.65,184.65,134.49,1,0.0,38,0,0,0,1,1,1,8,1,0,1,Theater,1,0,1.0,926.9,150,1740,2505.04,4,0,0,0,100.0,0.37
B-202308-64627,Booked,Global Industries,Innovation Workshop,Corporate,Hybrid,Full Package,Finance,Other,Direct Inquiry,Medium,2023-04-27,2023-05-23,13,2023-08-02,2023-08-04,2,97,72,144,87,1,Half Ballroom,1,0,13,0.0,0.0,2,68.7,172.29,156.41,22523.04,1509.16,5831.78,29863.98,115,17987.15,1509.16,5554.08,25050.39,0.7986111111111112,63.84,,2023,8,3,53.3,46.7,0,160.96,133.31,294.27,0.0,134.76,2,13.9,62,72,0,0,2,5,2,24,1,0,1,Theater,2,0,1.6,1509.16,1350,5076,8431.16,4,0,0,0,20.0,0.72
B-202308-82154,Booked,Pharmaceutical Partners,Quarterly Business Review,Corporate,Hybrid,Full Package,Healthcare,Healthcare,Referral,Medium,2023-05-19,2023-06-04,7,2023-08-02,2023-08-04,2,75,36,72,43,1,Half Ballroom,1,0,9,0.0,0.0,2,72.6,166.32,148.68,10704.96,1348.36,6466.38,18519.7,62,9218.16,1348.36,6158.46,16724.98,0.8611111111111112,143.22,,2023,8,3,56.0,44.0,0,11.05,139.36,150.41,0.0,148.27,2,5.6,34,36,0,0,1,2,2,16,1,0,1,Theater,2,0,1.5,1348.36,500,2808,4430.82,5,0,0,0,100.0,0.36
B-202308-82954,Booked,Global Industries,Customer Advisory Board,Corporate,In-person,Meeting Only,Finance,Other,Sales Call,Low,2023-05-11,2023-05-23,7,2023-08-02,2023-08-04,2,83,0,0,41,1,Half Ballroom,0,1,5,0.0,0.0,2,63.7,166.52,0.0,0.0,1080.55,7179.45,8260.0,0,0.0,1080.55,6837.57,7918.12,,166.77,,2023,8,0,0.0,0.0,0,0.0,0.0,0.0,0.0,0.0,0,0.0,0,0,0,0,1,2,2,16,1,0,1,Theater,3,1,2.5,1080.55,1000,3360,5627.07,5,0,0,0,100.0,0.34
B-202308-43018,Booked,TechCorp Solutions,Management Training,Corporate,In-person,Full Package,Technology,Technology,Repeat Client,Medium,2023-05-27,2023-06-17,10,2023-08-03,2023-08-06,3,68,14,42,15,1,Breakout Room,1,0,11,0.0,0.0,2,70.9,164.34,137.27,5765.34,509.46,3690.23,9965.03,38,5216.26,509.46,3514.5,9240.22,0.9047619047619048,234.3,,2023,8,4,65.0,35.0,1,129.77,137.99,267.76,172.56,137.99,2,27.6,7,14,5,0,1,3,3,24,0,0,1,Banquet,3,1,2.0,509.46,1150,2700,6874.54,5,0,0,0,100.0,0.38
B-202308-17686,Booked,Nursing Council,Leadership Institute,Association,Virtual,Full Package,Healthcare,Healthcare,Cvent,Medium,2023-01-24,2023-02-19,14,2023-08-04,2023-08-07,3,192,53,159,59,1,Half Ballroom,1,1,12,1.0,48091.62,1,71.1,165.38,147.57,23463.63,1107.93,13114.2,37685.76,122,18003.54,1107.93,12489.71,31601.18,0.7672955974842768,211.69,,2023,8,4,59.9,40.1,1,136.67,136.63,273.3,197.74,136.63,2,8.2,43,53,51,0,1,3,3,24,1,0,1,Classroom,3,1,2.67,1107.93,1650,3400,6925.2,5,0,0,0,100.0,0.49
B-202308-75239,Booked,Youth Athletics,Volunteer Training,SMERF,In-person,Rooms Only,SMERF,Social/Community,Referral,Medium,2023-04-01,2023-04-18,14,2023-08-04,2023-08-06,2,125,63,126,69,0,,0,0,3,0.0,0.0,2,70.3,156.88,143.13,18034.38,0.0,0.0,18034.38,100,14313.0,0.0,0.0,14313.0,0.7936507936507936,0.0,,2023,8,4,57.6,42.4,1,98.86,166.75,265.61,215.01,166.75,2,12.7,55,63,0,0,0,0,0,0,0,0,0,,0,0,0.0,0.0,0,0,0.0,0,0,0,0,0.0,0.0
B-202308-84632,Booked,Education Foundation,Board Retreat,Association,In-person,Full Package,Education,Education,Cvent,High,2023-01-08,2023-02-05,16,2023-08-07,2023-08-09,2,211,92,184,105,1,Half Ballroom,1,0,12,0.0,0.0,4,68.3,158.04,138.26,25439.84,1555.03,7373.52,34368.39,130,17973.8,1555.03,7022.4,26551.23,0.7065217391304348,66.88,,2023,8,4,56.9,43.1,1,115.54,131.32,246.86,246.86,131.32,2,8.7,84,92,0,0,2,4,2,24,1,0,1,Classroom,2,0,1.5,1555.03,1000,3692,6495.58,4,0,0,0,50.0,0.88
B-202308-47701,Booked,Industry Trade Group,Awards Gala Weekend,Association,In-person,Full Package,Trade/Manufacturing,Trade/Manufacturing,Sales Call,Medium,2023-02-06,2023-03-19,28,2023-08-08,2023-08-09,1,183,81,81,111,1,Half Ballroom,1,1,13,0.0,0.0,3,69.1,163.76,144.15,11676.15,1503.18,3868.29,17047.62,55,7928.25,1503.18,3684.09,13115.52,0.6790123456790124,33.19,,2023,8,3,63.2,36.8,0,134.88,149.73,284.61,0.0,149.73,1,0.0,81,0,0,0,2,2,1,12,1,0,1,Classroom,2,0,1.5,1503.18,500,1520,2952.5,4,0,0,0,50.0,0.93
B-202308-47070,Booked,Private Individual,Charity Gala,Wedding/Social,In-person,Full Package,Social,Social/Private,Sales Call,Low,2022-11-16,2023-01-01,34,2023-08-09,2023-08-10,1,266,22,22,30,1,Breakout Room,1,1,12,1.0,11469.78,2,69.3,168.03,141.79,3119.38,352.37,4820.44,8292.19,13,1843.27,352.37,4590.9,6786.54,0.5909090909090909,153.03,,2023,8,3,71.0,29.0,1,65.29,127.06,192.35,192.35,127.06,1,0.0,22,0,0,0,1,2,1,8,0,0,1,Reception,1,0,0.5,352.37,150,1350,2701.87,1,0,1,1,0.0,0.75
B-202308-26769,Booked,HR Professionals Network,Professional Development Symposium,Association,In-person,Full Package,Professional Services,Professional Services,Cvent,High,2023-01-21,2023-02-24,24,2023-08-10,2023-08-12,2,201,89,178,117,1,Half Ballroom,1,1,10,1.0,45867.52,1,71.2,162.16,144.08,25646.24,1344.62,7047.9,34038.76,111,15992.88,1344.62,6712.29,24049.79,0.6235955056179775,57.37,,2023,8,2,66.7,33.3,1,26.37,164.78,191.15,191.15,191.15,2,11.2,79,89,0,0,2,4,2,24,1,0,1,Theater,3,1,2.25,1344.62,1700,3992,7462.99,5,0,0,0,50.0,0.97
B-202308-22577,Booked,Family Celebration,Smith-Johnson Wedding,Wedding/Social,In-person,Full Package,Social,Social/Private,Third-Party Planner,Low,2023-03-14,2023-04-25,35,2023-08-11,2023-08-12,1,150,23,23,32,1,Breakout Room,1,0,7,1.0,10582.92,2,72.9,164.84,144.7,3328.1,538.41,5012.11,8878.62,14,2025.8,538.41,4773.44,7337.65,0.6086956521739131,149.17,,2023,8,3,61.4,38.6,1,83.41,133.27,216.68,216.68,133.27,1,0.0,23,0,0,0,1,2,1,8,0,0,1,Reception,0,0,0.0,538.41,0,1760,2981.86,1,1,0,1,0.0,0.8
B-202308-38632,Booked,Industry Trade Group,Industry Forum,Association,In-person,Meeting Only,Trade/Manufacturing,Trade/Manufacturing,Website,Low,2023-01-06,2023-01-28,15,2023-08-11,2023-08-13,2,217,0,0,85,1,Half Ballroom,0,0,7,1.0,26148.83,2,73.3,164.52,0.0,0.0,1663.88,5612.93,7276.81,0,0.0,1663.88,5345.65,7009.53,,62.89,,2023,8,0,0.0,0.0,0,0.0,0.0,0.0,0.0,0.0,0,0.0,0,0,0,0,2,6,2,24,1,0,1,Classroom,3,1,1.83,1663.88,2000,2140,6206.29,4,0,0,0,0.0,0.71
B-202308-39145,Booked,Accounting Institute,Annual Member Conference,Association,In-person,Full Package,Finance,Finance,Third-Party Planner,Low,2023-01-02,2023-01-31,21,2023-08-11,2023-08-13,2,221,5,10,6,1,Boardroom,1,0,8,0.0,0.0,1,69.9,154.64,138.83,1388.3,346.8,933.41,2668.51,7,971.81,346.8,888.96,2207.57,0.7,148.16,,2023,8,4,55.6,44.4,1,140.09,144.94,285.03,217.8,144.94,2,40.0,3,5,0,0,1,2,2,16,0,1,1,Boardroom,3,1,2.5,346.8,1000,972,3903.04,4,0,0,0,100.0,0.43
B-202308-75191,Booked,Private Party,Memorial Service Gathering,Wedding/Social,In-person,Full Package,Social,Social/Private,RFP,Low,2023-02-15,2023-03-22,22,2023-08-11,2023-08-13,2,177,20,40,22,1,Breakout Room,1,1,13,0.0,0.0,1,66.9,163.38,145.54,5821.6,479.14,3094.48,9395.22,23,3347.42,479.14,2947.12,6773.68,0.575,133.96,,2023,8,4,51.0,49.0,1,161.85,130.8,292.65,223.33,130.8,2,35.0,13,20,0,0,1,2,2,8,0,0,1,Banquet,2,0,1.0,479.14,350,1210,2795.58,1,1,0,1,0.0,0.55
B-202308-91232,Booked,Heritage Travel,Heritage Tour Group,SMERF,In-person,Rooms Only,Other,Other,RFP,Low,2023-04-26,2023-05-17,17,2023-08-11,2023-08-12,1,107,35,35,38,0,,0,0,4,1.0,5469.53,2,69.6,164.34,139.42,4879.7,0.0,0.0,4879.7,34,4740.28,0.0,0.0,4740.28,0.9714285714285714,0.0,,2023,8,2,71.3,28.7,1,45.03,151.89,196.92,196.92,151.89,1,0.0,35,0,0,0,0,0,0,0,0,0,0,,0,0,0.0,0.0,0,0,0.0,0,0,0,0,0.0,0.0
B-202308-33969,Booked,Dental Association,Networking Summit,Association,Hybrid,Full Package,Healthcare,Healthcare,Repeat Client,Medium,2022-12-09,2023-01-04,18,2023-08-12,2023-08-14,2,246,55,110,67,1,Half Ballroom,1,0,8,0.0,0.0,2,68.3,163.46,138.78,15265.8,978.07,11260.92,27504.79,90,12490.2,978.07,10724.69,24192.96,0.8181818181818182,160.07,,2023,8,4,70.5,29.5,1,138.04,129.77,267.81,171.2,129.77,2,12.7,48,55,0,0,1,2,2,16,1,0,1,Classroom,3,1,2.0,978.07,800,2840,4915.11,4,0,0,0,100.0,0.56
B-202308-48712,Booked,Insurance Federation,Board Retreat,Association,In-person,Full Package,Finance,Finance,Third-Party Planner,Medium,2022-12-06,2022-12-28,15,2023-08-12,2023-08-14,2,249,55,110,61,1,Half Ballroom,1,1,7,1.0,32975.75,2,72.9,163.4,149.57,16452.7,1317.61,9006.71,26777.02,77,11516.89,1317.61,8577.82,21412.32,0.7,140.62,,2023,8,2,60.8,39.2,0,25.11,129.88,154.99,0.0,129.88,2,12.7,48,55,0,0,2,2,2,16,1,0,1,Classroom,2,0,2.0,1317.61,700,2340,4224.52,5,0,0,0,100.0,0.51
B-202308-50250,Booked,Premier Tours,Bird Watching Tour,Corporate,In-person,Full Package,Professional Services,Professional Services,Third-Party Planner,High,2023-05-07,2023-05-23,7,2023-08-12,2023-08-13,1,97,35,35,46,1,Half Ballroom,1,0,9,1.0,8792.23,3,70.7,159.93,145.6,5096.0,1346.2,0.0,6442.2,31,4513.6,1346.2,0.0,5859.8,0.8857142857142857,0.0,,2023,8,2,72.8,27.2,1,59.66,137.53,197.19,197.19,137.53,1,0.0,35,0,0,0,1,1,1,4,1,0,1,Classroom,0,0,0.0,1346.2,0,0,315.48,0,0,0,0,0.0,0.38
B-202308-42581,Booked,Tour Operator Network,Wine Country Excursion,SMERF,In-person,Full Package,Education,Education,Repeat Client,High,2023-06-18,2023-07-10,12,2023-08-14,2023-08-16,2,57,32,64,38,1,Breakout Room,1,0,10,1.0,12624.07,1,71.6,167.39,144.63,9256.32,365.11,0.0,9621.43,62,8967.06,365.11,0.0,9332.17,0.96875,0.0,,2023,8,3,62.7,37.3,1,153.49,126.2,279.69,192.37,126.2,2,0.0,32,32,0,0,1,2,2,8,0,0,1,Theater,0,0,0.0,365.11,0,0,1252.24,0,0,0,0,0.0,0.95
B-202308-96832,Booked,TechCorp Solutions,Innovation Workshop,Corporate,Hybrid,Full Package,Technology,Technology,Referral,Low,2023-06-03,2023-06-27,13,2023-08-14,2023-08-15,1,72,43,43,50,1,Half Ballroom,1,0,11,1.0,16595.96,1,68.5,166.74,142.52,6128.36,1202.92,2125.2,9456.48,39,5558.28,1202.92,2024.0,8785.2,0.9069767441860463,40.48,,2023,8,4,73.0,27.0,1,165.43,125.22,290.65,234.12,125.22,1,0.0,43,0,0,0,1,1,1,8,1,0,1,Classroom,2,0,2.0,1202.92,350,720,1670.84,2,0,0,0,100.0,0.42
B-202308-63636,Booked,State Medical Association,Regional Chapter Meeting,Association,In-person,Full Package,Healthcare,Healthcare,Cvent,High,2022-12-11,2023-01-11,22,2023-08-16,2023-08-19,3,248,60,180,70,1,Half Ballroom,1,0,9,1.0,55737.69,2,67.1,167.67,142.14,25585.2,1325.0,17587.08,44497.28,126,17909.64,1325.0,16749.6,35984.24,0.7,239.28,,2023,8,2,63.1,36.9,0,12.77,140.94,153.71,0.0,140.94,2,5.7,52,60,58,0,1,3,3,24,1,0,1,Theater,3,1,1.67,1325.0,950,2720,5455.14,3,0,0,0,100.0,0.58
B-202308-34100,Booked,Professional Engineers Society,Certification Training,Association,In-person,Full Package,Association,Other,Website,High,2022-12-07,2023-01-11,25,2023-08-17,2023-08-19,2,253,87,174,97,1,Half Ballroom,1,0,10,1.0,52328.7,3,70.7,163.01,150.64,26211.36,1261.9,6687.47,34160.73,121,18227.44,1261.9,6369.02,25858.36,0.6954022988505747,65.66,,2023,8,4,54.7,45.3,1,155.82,132.65,288.47,250.74,132.65,2,2.3,85,87,0,0,2,5,2,24,1,0,1,Theater,3,1,2.0,1261.9,1850,3952,7659.41,5,0,0,0,20.0,0.81
B-202308-99714,Booked,Nursing Council,Networking Summit,Association,In-person,Full Package,Healthcare,Healthcare,Website,High,2022-12-24,2023-01-22,17,2023-08-20,2023-08-23,3,239,77,231,95,1,Half Ballroom,1,0,12,1.0,75288.18,2,71.4,163.0,138.67,32032.77,1053.16,9728.62,42814.55,173,23989.91,1053.16,9265.35,34308.42,0.7489177489177489,97.53,,2023,8,3,62.5,37.5,1,136.11,143.67,279.78,222.0,143.67,2,3.7,71,77,71,0,1,8,3,36,1,0,1,Classroom,3,1,1.88,1053.16,2800,3288,8940.13,5,0,0,0,12.5,0.79
B-202308-28340,Booked,Energy Solutions,Town Hall Meeting,Corporate,In-person,Full Package,Technology,Other,Sales Call,Low,2023-05-26,2023-06-13,7,2023-08-22,2023-08-23,1,88,39,39,50,1,Half Ballroom,1,0,11,1.0,16476.22,1,71.1,168.71,142.81,5569.59,1085.32,1869.53,8524.44,31,4427.11,1085.32,1780.5,7292.93,0.7948717948717948,35.61,,2023,8,4,64.4,35.6,1,143.27,141.87,285.14,217.16,141.87,1,0.0,39,0,0,0,1,1,1,8,1,0,1,Classroom,2,0,2.0,1085.32,350,1272,2166.65,2,0,0,0,100.0,0.42
B-202308-14897,Booked,Private Individual,Williams-Brown Wedding,Wedding/Social,In-person,Full Package,Social,Social/Private,Website,Low,2023-03-26,2023-05-13,36,2023-08-23,2023-08-24,1,150,24,24,32,1,Breakout Room,1,1,12,0.0,0.0,2,68.8,168.46,142.44,3418.56,442.43,3758.83,7619.82,13,1851.72,442.43,3579.84,5873.99,0.5416666666666666,111.87,,2023,8,3,72.5,27.5,1,100.39,184.24,284.63,216.78,284.63,1,0.0,24,0,0,0,1,2,1,8,0,0,1,Banquet,2,0,1.5,442.43,500,1440,3085.59,1,0,1,1,0.0,0.8
B-202308-91338,Booked,Premier Tours,Architecture Tour Group,Corporate,In-person,Rooms Only,Healthcare,Healthcare,Direct Inquiry,High,2023-05-05,2023-05-24,12,2023-08-24,2023-08-26,2,111,21,42,23,0,,0,0,7,0.0,0.0,3,65.2,161.73,137.2,5762.4,0.0,0.0,5762.4,41,5625.2,0.0,0.0,5625.2,0.9761904761904762,0.0,,2023,8,2,71.1,28.9,1,78.01,197.48,275.49,197.48,275.49,2,19.0,17,21,0,0,0,0,0,0,0,0,0,,0,0,0.0,0.0,0,0,0.0,0,0,0,0,0.0,0.0
B-202308-10287,Booked,Private Individual,Retirement Party,Wedding/Social,In-person,Full Package,Social,Social/Private,Repeat Client,Medium,2022-11-21,2022-12-19,14,2023-08-25,2023-08-26,1,277,35,35,42,1,Half Ballroom,1,1,14,0.0,0.0,2,76.0,170.28,139.94,4897.9,1070.18,5694.63,11662.71,22,3078.68,1070.18,5423.46,9572.32,0.6285714285714286,129.13,,2023,8,4,73.8,26.2,1,143.77,128.44,272.21,241.63,128.44,1,0.0,35,0,0,0,1,2,1,8,1,0,1,Banquet,2,0,1.5,1070.18,500,1320,2529.24,1,1,0,1,0.0,0.35
B-202308-62873,Booked,Faith Community,Youth Group Gathering,SMERF,In-person,Full Package,Other,Other,Website,Low,2023-04-04,2023-05-03,16,2023-08-25,2023-08-26,1,143,34,34,39,1,Breakout Room,1,0,13,1.0,8081.58,4,69.4,162.4,140.48,4776.32,364.65,0.0,5140.97,29,4073.92,364.65,0.0,4438.57,0.8529411764705882,0.0,,2023,8,4,57.2,42.8,1,92.07,131.37,223.44,223.44,131.37,1,0.0,34,0,0,0,1,2,1,8,0,0,1,Banquet,2,0,1.0,364.65,350,0,1499.91,0,0,0,0,0.0,0.97
B-202308-15170,Booked,Premier Tours,Museum Tour Package,Corporate,Hybrid,Rooms Only,Legal,Legal,Repeat Client,Medium,2023-06-30,2023-07-19,13,2023-08-27,2023-08-28,1,58,37,37,40,0,,0,1,6,1.0,5072.72,1,71.3,165.44,135.86,5026.82,0.0,0.0,5026.82,36,4890.96,0.0,0.0,4890.96,0.972972972972973,0.0,,2023,8,4,63.2,36.8,1,111.02,164.98,276.0,241.74,164.98,1,0.0,37,0,0,0,0,0,0,0,0,0,0,,0,0,0.0,0.0,0,0,0.0,0,0,0,0,0.0,0.0
B-202308-48119,Booked,Regional Healthcare System,Executive Offsite,Corporate,Hybrid,Full Package,Healthcare,Healthcare,Repeat Client,High,2023-05-31,2023-06-19,12,2023-08-27,2023-08-29,2,88,88,176,116,1,Half Ballroom,1,1,7,0.0,0.0,1,68.1,163.64,150.47,26482.72,1358.87,6489.5,34331.09,149,22420.03,1358.87,6180.48,29959.38,0.8465909090909091,53.28,,2023,8,2,55.5,44.5,1,38.82,238.51,277.33,238.51,238.51,2,8.0,81,88,0,0,1,5,2,24,1,0,1,Theater,3,1,2.0,1358.87,1850,2268,5926.91,3,0,0,0,20.0,0.97
B-202308-80484,Booked,Industry Trade Group,Policy Symposium,Association,In-person,Full Package,Trade/Manufacturing,Trade/Manufacturing,Sales Call,High,2022-12-03,2023-01-10,24,2023-08-27,2023-08-30,3,267,48,144,62,1,Half Ballroom,1,0,14,1.0,50743.32,1,65.1,160.09,143.86,20715.84,1283.94,15957.96,37957.74,105,15105.3,1283.94,15198.06,31587.3,0.7291666666666666,245.13,,2023,8,3,62.6,37.4,0,132.24,141.64,273.88,0.0,141.64,2,3.4,44,48,46,0,2,3,3,24,1,0,1,Classroom,3,1,2.0,1283.94,1150,4780,7803.64,5,0,0,0,100.0,0.52
B-202308-16014,Booked,Professional Engineers Society,Member Appreciation Event,Association,In-person,Full Package,Association,Other,Repeat Client,High,2023-01-17,2023-02-24,28,2023-08-28,2023-08-30,2,223,117,234,158,1,Grand Ballroom,1,1,10,0.0,0.0,2,74.0,159.89,142.1,33251.4,2994.29,26666.77,62912.46,173,24583.3,2994.29,25396.92,52974.51,0.7393162393162394,160.74,,2023,8,3,61.7,38.3,1,140.38,126.33,266.71,237.23,126.33,2,2.6,114,117,0,0,2,2,2,16,1,0,1,Theater,3,1,3.0,2994.29,1300,16906,23206.18,4,0,0,0,100.0,0.66
B-202308-37112,Booked,Energy Solutions,Sales Kickoff,Corporate,In-person,Rooms Only,Finance,Other,Referral,Low,2023-07-06,2023-07-20,10,2023-08-29,2023-08-31,2,54,34,68,37,0,,0,0,4,0.0,0.0,2,72.2,161.56,137.13,9324.84,0.0,0.0,9324.84,64,8776.32,0.0,0.0,8776.32,0.9411764705882352,0.0,,2023,8,2,59.4,40.6,1,122.14,131.36,253.5,253.5,131.36,2,32.4,23,34,0,0,0,0,0,0,0,0,0,,0,0,0.0,0.0,0,0,0.0,0,0,0,0,0.0,0.0
B-202308-40298,Booked,Global Industries,Customer Advisory Board,Corporate,Hybrid,Rooms Only,Professional Services,Other,Repeat Client,Medium,2023-07-02,2023-07-15,9,2023-08-29,2023-08-31,2,58,62,124,68,0,,0,0,4,1.0,15644.75,1,74.0,164.3,142.38,17655.12,0.0,0.0,17655.12,98,13953.24,0.0,0.0,13953.24,0.7903225806451613,0.0,,2023,8,4,63.3,36.7,1,99.33,130.92,230.25,230.25,142.54,2,6.5,58,62,0,0,0,0,0,0,0,0,0,,0,0,0.0,0.0,0,0,0.0,0,0,0,0,0.0,0.0
B-202308-47989,Booked,Private Individual,Memorial Service Gathering,Wedding/Social,In-person,Rooms Only,Social,Social/Private,Website,Low,2022-11-10,2022-12-04,17,2023-08-30,2023-09-01,2,293,27,54,29,0,,0,1,7,0.0,0.0,3,76.0,154.04,126.78,6846.12,0.0,0.0,6846.12,31,3930.18,0.0,0.0,3930.18,0.5740740740740741,0.0,,2023,8,2,70.3,29.7,0,26.12,134.82,160.94,0.0,134.82,2,14.8,23,27,0,0,0,0,0,0,0,0,0,,0,0,0.0,0.0,0,0,0.0,0,0,0,0,0.0,0.0
B-202308-85255,Booked,Premier Tours,Heritage Tour Group,SMERF,In-person,Rooms Only,Government,Government,Repeat Client,Medium,2023-05-13,2023-06-07,18,2023-08-30,2023-08-31,1,109,42,42,46,0,,0,0,7,0.0,0.0,2,75.5,159.65,136.21,5720.82,0.0,0.0,5720.82,41,5584.61,0.0,0.0,5584.61,0.9761904761904762,0.0,,2023,8,2,54.1,45.9,0,6.68,136.61,143.29,0.0,136.61,1,0.0,42,0,0,0,0,0,0,0,0,0,0,,0,0,0.0,0.0,0,0,0.0,0,0,0,0,0.0,0.0
B-202309-27082,Booked,Insurance Federation,Annual Member Conference,Association,Hybrid,Full Package,Finance,Finance,Repeat Client,Medium,2022-12-22,2023-01-24,26,2023-09-03,2023-09-05,2,255,56,112,75,1,Half Ballroom,1,1,7,0.0,0.0,1,92.9,207.96,179.83,20140.96,1271.96,11191.16,32604.08,85,15285.55,1271.96,10658.25,27215.76,0.7589285714285714,142.11,,2023,9,3,55.4,44.6,1,52.42,127.29,179.71,179.71,127.29,2,19.6,45,56,0,0,1,2,2,16,1,0,1,Classroom,3,1,3.0,1271.96,1300,2840,5364.31,4,0,0,0,100.0,0.62
B-202309-19149,Booked,Travel Club International,Bird Watching Tour,Corporate,Virtual,Rooms Only,Technology,Technology,Third-Party Planner,Low,2023-06-08,2023-06-26,13,2023-09-04,2023-09-05,1,88,34,34,37,0,,0,0,5,0.0,0.0,3,77.6,172.2,142.69,4851.46,0.0,0.0,4851.46,33,4708.77,0.0,0.0,4708.77,0.9705882352941176,0.0,,2023,9,4,56.6,43.4,0,147.16,145.2,292.36,0.0,145.2,1,0.0,34,0,0,0,0,0,0,0,0,0,0,,0,0,0.0,0.0,0,0,0.0,0,0,0,0,0.0,0.0
B-202309-43776,Booked,Dental Association,Awards Gala Weekend,Association,Hybrid,Full Package,Healthcare,Healthcare,Website,Medium,2023-02-17,2023-03-29,28,2023-09-04,2023-09-06,2,199,53,106,71,1,Half Ballroom,1,0,12,1.0,43401.24,3,85.3,165.95,139.44,14780.64,1673.06,12283.6,28737.3,75,10458.0,1673.06,11698.67,23829.73,0.7075471698113207,164.77,,2023,9,4,71.7,28.3,1,40.03,142.35,182.38,182.38,142.35,2,18.9,43,53,0,0,2,2,2,16,1,0,1,Classroom,2,0,1.5,1673.06,500,3040,4778.33,5,0,0,0,100.0,0.59
B-202309-54914,Booked,Personal Event,Williams-Brown Wedding,Wedding/Social,In-person,Full Package,Social,Social/Private,Referral,Low,2023-02-12,2023-03-10,14,2023-09-06,2023-09-07,1,206,17,17,21,1,Breakout Room,1,1,12,0.0,0.0,1,84.6,171.06,156.94,2667.98,445.0,2559.12,5672.1,9,1412.46,445.0,2437.26,4294.72,0.5294117647058824,116.06,,2023,9,4,73.2,26.8,1,106.72,146.58,253.3,253.3,146.58,1,0.0,17,0,0,0,1,1,1,4,0,0,1,Reception,2,0,2.0,445.0,350,945,1927.13,1,0,1,1,0.0,0.53
B-202309-63840,Booked,Cultural Journeys,Photography Expedition,Corporate,In-person,Rooms Only,Government,Government,RFP,Medium,2023-08-06,2023-08-20,11,2023-09-06,2023-09-07,1,31,41,41,45,0,,0,0,3,0.0,0.0,2,77.8,175.9,159.99,6559.59,0.0,0.0,6559.59,37,5919.63,0.0,0.0,5919.63,0.902439024390244,0.0,,2023,9,2,53.2,46.8,1,50.47,181.04,231.51,231.51,231.51,1,0.0,41,0,0,0,0,0,0,0,0,0,0,,0,0,0.0,0.0,0,0,0.0,0,0,0,0,0.0,0.0
B-202309-90856,Booked,Volunteer Network,Faith-Based Conference,SMERF,Hybrid,Full Package,Other,Other,Cvent,Low,2023-05-02,2023-05-27,12,2023-09-06,2023-09-07,1,127,20,20,23,1,Breakout Room,1,1,13,0.0,0.0,3,76.2,171.13,158.81,3176.2,450.29,429.87,4056.36,16,2540.96,450.29,409.4,3400.65,0.8,17.8,,2023,9,3,55.5,44.5,1,121.3,159.82,281.12,250.24,250.24,1,0.0,20,0,0,0,1,2,1,8,0,0,1,Banquet,1,0,1.0,450.29,300,276,1801.15,1,0,0,0,0.0,0.57
B-202309-42728,Booked,Industry Trade Group,State Convention,Association,In-person,Meeting Only,Trade/Manufacturing,Trade/Manufacturing,Referral,Low,2022-12-17,2023-01-20,28,2023-09-07,2023-09-08,1,264,0,0,44,1,Half Ballroom,0,0,6,0.0,0.0,1,77.8,166.85,0.0,0.0,1162.21,3358.74,4520.95,0,0.0,1162.21,3198.8,4361.01,,72.7,,2023,9,0,0.0,0.0,0,0.0,0.0,0.0,0.0,0.0,0,0.0,0,0,0,0,1,1,1,8,1,0,1,Theater,1,0,1.0,1162.21,150,1540,2238.75,4,0,0,0,100.0,0.37
B-202309-88579,Booked,Insurance Federation,Policy Symposium,Association,Hybrid,Full Package,Finance,Finance,Referral,Low,2022-12-25,2023-02-02,27,2023-09-07,2023-09-08,1,256,48,48,60,1,Half Ballroom,1,1,12,1.0,19228.55,2,77.3,169.33,154.73,7427.04,1032.43,5245.38,13704.85,37,5725.01,1032.43,4995.6,11753.04,0.7708333333333334,83.26,,2023,9,2,64.9,35.1,1,52.51,174.57,227.08,227.08,174.57,1,0.0,48,0,0,0,1,1,1,8,1,0,1,Classroom,2,0,2.0,1032.43,350,1300,2234.4,3,0,0,0,100.0,0.5
B-202309-62288,Booked,Travel Club International,Heritage Tour Group,SMERF,In-person,Rooms Only,SMERF,SMERF,Referral,Medium,2023-05-27,2023-06-13,14,2023-09-08,2023-09-09,1,104,24,24,26,0,,0,0,3,0.0,0.0,1,80.8,176.39,148.37,3560.88,0.0,0.0,3560.88,23,3412.51,0.0,0.0,3412.51,0.9583333333333334,0.0,,2023,9,3,62.0,38.0,1,67.94,151.99,219.93,219.93,151.99,1,0.0,24,0,0,0,0,0,0,0,0,0,0,,0,0,0.0,0.0,0,0,0.0,0,0,0,0,0.0,0.0
B-202309-27603,Booked,Banking Consortium,Quarterly Business Review,Corporate,In-person,Meeting Only,Finance,Finance,Sales Call,Low,2023-06-13,2023-06-30,11,2023-09-09,2023-09-11,2,88,0,0,137,1,Grand Ballroom,0,0,6,0.0,0.0,3,79.8,178.93,0.0,0.0,2358.43,20957.51,23315.94,0,0.0,2358.43,19959.53,22317.96,,145.69,,2023,9,0,0.0,0.0,0,0.0,0.0,0.0,0.0,0.0,0,0.0,0,0,0,0,1,2,2,16,1,0,1,Theater,3,1,2.5,2358.43,1000,13015,19159.11,4,0,0,0,100.0,0.57
B-202309-56285,Booked,Regional Healthcare System,Annual Sales Conference,Corporate,In-person,Meeting Only,Healthcare,Healthcare,Repeat Client,Low,2023-07-06,2023-07-21,7,2023-09-09,2023-09-10,1,65,0,0,76,1,Half Ballroom,0,1,8,0.0,0.0,1,80.3,177.52,0.0,0.0,821.55,6541.21,7362.76,0,0.0,821.55,6229.72,7051.27,,81.97,,2023,9,0,0.0,0.0,0,0.0,0.0,0.0,0.0,0.0,0,0.0,0,0,0,0,1,1,1,8,1,0,1,Classroom,2,0,2.0,821.55,350,1248,2200.9,3,0,0,0,100.0,0.63
B-202309-62183,Booked,Real Estate Board,Awards Gala Weekend,Association,Hybrid,Full Package,Government,Government,Referral,High,2023-03-18,2023-04-11,16,2023-09-10,2023-09-14,4,176,72,288,97,1,Half Ballroom,1,0,8,1.0,100272.85,1,76.1,185.42,155.57,44804.16,1659.66,12561.16,59024.98,210,32669.7,1659.66,11963.01,46292.37,0.7291666666666666,123.33,,2023,9,3,72.2,27.8,1,47.39,149.51,196.9,196.9,149.51,2,5.0,66,72,62,68,2,9,4,48,1,0,1,Theater,3,1,1.89,1659.66,3250,6752,13615.66,5,0,0,0,33.3,0.81
B-202309-81267,Booked,Industry Trade Group,Leadership Institute,Association,In-person,Full Package,Trade/Manufacturing,Trade/Manufacturing,Repeat Client,High,2022-10-15,2022-11-12,20,2023-09-10,2023-09-13,3,330,75,225,88,1,Half Ballroom,1,0,8,1.0,63330.73,2,80.9,168.21,146.99,33072.75,1047.92,8994.22,43114.89,172,25282.28,1047.92,8565.92,34896.12,0.7644444444444445,97.34,,2023,9,2,73.6,26.4,0,149.2,141.62,290.82,0.0,141.62,2,2.7,72,75,70,0,1,8,3,36,1,0,1,Classroom,3,1,1.75,1047.92,2500,5812,11139.05,5,0,0,0,12.5,0.73
B-202309-25890,Booked,Retail Corporation,Customer Advisory Board,Corporate,Hybrid,Full Package,Technology,Other,Referral,Low,2023-07-29,2023-08-19,8,2023-09-12,2023-09-13,1,45,51,51,69,1,Half Ballroom,1,1,13,1.0,17115.43,2,77.4,173.82,149.95,7647.45,1434.13,2753.1,11834.68,46,6897.7,1434.13,2622.0,10953.83,0.9019607843137256,38.0,,2023,9,3,58.7,41.3,0,32.71,127.27,159.98,0.0,134.12,1,0.0,51,0,0,0,2,1,1,8,1,0,1,Classroom,1,0,1.0,1434.13,150,1272,2007.85,2,0,0,0,100.0,0.57
B-202309-65567,Booked,Consulting Network,Executive Offsite,Corporate,In-person,Full Package,Professional Services,Professional Services,Website,Low,2023-05-17,2023-06-09,11,2023-09-12,2023-09-13,1,118,53,53,64,1,Half Ballroom,1,0,12,1.0,19545.21,2,71.0,171.53,147.73,7829.69,1368.36,1246.56,10444.61,42,6204.66,1368.36,1187.2,8760.22,0.7924528301886793,18.55,,2023,9,4,67.6,32.4,1,148.66,136.7,285.36,249.5,136.7,1,0.0,53,0,0,0,1,1,1,8,1,0,1,Classroom,2,0,2.0,1368.36,350,432,1328.1,1,0,0,0,100.0,0.53
B-202309-73916,Booked,Regional Healthcare System,Innovation Workshop,Corporate,In-person,Full Package,Healthcare,Healthcare,RFP,Low,2023-08-06,2023-08-28,12,2023-09-12,2023-09-14,2,37,20,40,22,1,Breakout Room,1,0,10,0.0,0.0,2,76.4,168.57,144.53,5781.2,566.71,3876.18,10224.09,32,4624.96,566.71,3691.6,8883.27,0.8,167.8,,2023,9,4,59.6,40.4,1,102.65,143.36,246.01,246.01,143.36,2,10.0,18,20,0,0,1,2,2,16,0,0,1,Theater,3,1,2.5,566.71,1000,2816,5829.69,4,0,0,0,100.0,0.55
B-202309-14039,Booked,Real Estate Board,Continuing Education Conference,Association,Hybrid,Full Package,Government,Government,Sales Call,Low,2022-12-20,2023-01-25,28,2023-09-13,2023-09-15,2,267,26,52,29,1,Breakout Room,1,0,8,0.0,0.0,2,81.4,174.38,148.03,7697.56,482.76,4337.6,12517.92,42,6217.26,482.76,4131.05,10831.07,0.8076923076923077,142.45,,2023,9,4,51.3,48.7,1,147.44,146.4,293.84,172.46,146.4,2,0.0,26,26,0,0,1,2,2,16,0,0,1,Classroom,2,0,2.0,482.76,700,3393,6027.81,5,0,0,0,100.0,0.72
B-202309-57880,Booked,Dental Association,Board Retreat,Association,In-person,Full Package,Healthcare,Healthcare,Cvent,High,2023-02-21,2023-03-29,26,2023-09-13,2023-09-16,3,204,52,156,67,1,Half Ballroom,1,1,10,1.0,54760.12,1,80.3,177.13,146.79,22899.24,1070.34,17439.06,41408.64,109,16000.11,1070.34,16608.63,33679.08,0.6987179487179487,247.89,,2023,9,3,74.5,25.5,1,50.78,129.2,179.98,179.98,129.2,2,6.3,44,52,48,0,1,3,3,24,1,0,1,Classroom,2,0,1.67,1070.34,850,3440,6105.15,4,0,0,0,100.0,0.56
B-202309-87280,Booked,Local School District,Charity Fundraiser,SMERF,In-person,Full Package,Education,Education,Website,Low,2023-07-25,2023-08-24,18,2023-09-13,2023-09-15,2,50,51,102,58,1,Half Ballroom,1,0,12,0.0,0.0,2,80.7,172.29,154.09,15717.18,975.92,3448.77,20141.87,84,12943.56,975.92,3284.54,17204.02,0.8235294117647058,56.63,,2023,9,3,58.7,41.3,1,110.85,159.96,270.81,172.59,172.59,2,13.7,44,51,0,0,1,3,2,16,1,0,1,Banquet,2,0,1.67,975.92,850,1180,3400.74,2,0,0,0,33.3,0.48
B-202309-92660,Booked,Private Individual,Retirement Party,Wedding/Social,In-person,Full Package,Social,Social/Private,Cvent,Low,2022-11-28,2023-01-17,41,2023-09-14,2023-09-16,2,290,34,68,42,1,Half Ballroom,1,0,9,0.0,0.0,4,84.7,173.52,144.67,9837.56,1304.45,5381.52,16523.53,41,5931.47,1304.45,5125.26,12361.18,0.6029411764705882,122.03,,2023,9,4,73.6,26.4,1,124.55,126.84,251.39,251.39,126.84,2,29.4,24,34,0,0,1,2,2,8,1,0,1,Banquet,2,0,1.5,1304.45,500,1080,2277.74,1,0,1,1,0.0,0.35
B-202309-72786,Booked,Service Club,Faith-Based Conference,SMERF,Hybrid,Full Package,SMERF,Social/Community,Repeat Client,Medium,2023-04-22,2023-05-21,15,2023-09-16,2023-09-17,1,147,56,56,71,1,Half Ballroom,1,0,14,0.0,0.0,1,88.1,210.0,178.61,10002.16,1571.77,0.0,11573.93,44,7858.84,1571.77,0.0,9430.61,0.7857142857142857,0.0,,2023,9,4,62.9,37.1,1,86.29,141.67,227.96,227.96,143.86,1,0.0,56,0,0,0,2,2,1,8,1,0,1,Banquet,1,0,1.0,1571.77,300,0,1041.69,0,0,0,0,0.0,0.59
B-202309-76995,Booked,Accounting Institute,Continuing Education Conference,Association,Hybrid,Full Package,Finance,Finance,Referral,Low,2023-01-12,2023-02-17,24,2023-09-16,2023-09-18,2,247,32,64,39,1,Breakout Room,1,1,12,1.0,17967.2,2,91.7,205.16,186.25,11920.0,570.26,5951.26,18441.52,40,7450.0,570.26,5667.87,13688.13,0.625,145.33,,2023,9,2,54.5,45.5,1,46.21,144.98,191.19,191.19,144.98,2,0.0,32,32,0,0,1,2,2,16,0,0,1,Banquet,3,1,2.5,570.26,1000,4212,7267.58,5,0,0,0,100.0,0.97
B-202309-37723,Booked,Industry Trade Group,Professional Development Symposium,Association,In-person,Meeting Only,Trade/Manufacturing,Trade/Manufacturing,Repeat Client,Low,2023-02-15,2023-03-16,19,2023-09-17,2023-09-19,2,214,0,0,48,1,Half Ballroom,0,1,10,1.0,15707.93,1,96.2,210.0,0.0,0.0,866.51,7741.44,8607.95,0,0.0,866.51,7372.8,8239.31,,153.6,,2023,9,0,0.0,0.0,0,0.0,0.0,0.0,0.0,0.0,0,0.0,0,0,0,0,1,2,2,16,1,0,1,Classroom,2,0,1.5,866.51,500,2060,3699.24,3,0,0,0,100.0,0.4
B-202309-54359,Booked,Professional Engineers Society,Professional Development Symposium,Association,In-person,Full Package,Association,Other,Third-Party Planner,High,2023-01-29,2023-02-24,16,2023-09-17,2023-09-20,3,231,75,225,96,1,Half Ballroom,1,0,10,1.0,76274.8,4,90.6,206.41,175.61,39512.25,1695.94,9900.58,51108.77,164,28800.04,1695.94,9429.12,39925.1,0.7288888888888889,98.22,,2023,9,2,66.0,34.0,0,7.49,141.7,149.19,0.0,141.7,2,5.5,65,75,69,0,2,8,3,36,1,0,1,Classroom,3,1,2.12,1695.94,3300,6972,13214.05,5,0,0,0,12.5,0.8
B-202309-57395,Booked,Financial Services Group,Innovation Workshop,Corporate,In-person,Rooms Only,Finance,Finance,Sales Call,Low,2023-07-08,2023-07-22,11,2023-09-19,2023-09-21,2,73,40,80,44,0,,0,0,3,0.0,0.0,2,75.6,172.23,154.01,12320.8,0.0,0.0,12320.8,74,11396.74,0.0,0.0,11396.74,0.925,0.0,,2023,9,2,55.1,44.9,1,49.96,238.17,288.13,238.17,238.17,2,27.5,29,40,0,0,0,0,0,0,0,0,0,,0,0,0.0,0.0,0,0,0.0,0,0,0,0,0.0,0.0
B-202309-80405,Booked,State Medical Association,Regional Chapter Meeting,Association,In-person,Full Package,Healthcare,Healthcare,Direct Inquiry,Medium,2022-11-28,2023-01-03,28,2023-09-19,2023-09-22,3,295,31,93,42,1,Half Ballroom,1,1,8,0.0,0.0,2,81.3,172.41,159.45,14828.85,804.64,10200.77,25834.26,61,9726.45,804.64,9715.02,20246.11,0.6559139784946236,231.31,,2023,9,2,68.1,31.9,0,146.8,130.45,277.25,0.0,130.45,2,13.5,24,31,21,0,1,3,3,24,1,0,1,Theater,2,0,1.33,804.64,650,4780,7244.04,5,0,0,0,100.0,0.35
B-202309-47548,Booked,Nursing Council,State Convention,Association,Hybrid,Full Package,Healthcare,Healthcare,Sales Call,Low,2023-03-04,2023-04-15,28,2023-09-20,2023-09-22,2,200,6,12,8,1,Boardroom,1,1,14,0.0,0.0,1,80.8,169.82,151.51,1818.12,338.03,1188.35,3344.5,9,1363.59,338.03,1131.76,2833.38,0.75,141.47,,2023,9,2,74.9,25.1,0,138.05,152.34,290.39,0.0,152.34,2,83.3,1,6,0,0,1,2,2,16,0,1,1,Boardroom,2,0,1.5,338.03,500,936,3502.61,5,0,0,0,100.0,0.57
B-202309-99208,Booked,Energy Solutions,Regional Team Meeting,Corporate,In-person,Full Package,Professional Services,Other,Website,Medium,2023-06-30,2023-07-27,13,2023-09-20,2023-09-22,2,82,56,112,74,1,Half Ballroom,1,1,14,1.0,41684.05,4,75.8,168.59,139.46,15619.52,1013.71,12884.99,29518.22,93,12969.78,1013.71,12271.42,26254.91,0.8303571428571429,165.83,,2023,9,3,74.4,25.6,1,87.76,136.51,224.27,224.27,136.51,2,12.5,49,56,0,0,1,2,2,16,1,0,1,Classroom,3,1,2.5,1013.71,1000,1968,4132.2,4,0,0,0,100.0,0.62
B-202309-48096,Booked,Volunteer Network,Cultural Heritage Festival,SMERF,In-person,Full Package,Other,Other,RFP,Low,2023-06-05,2023-06-30,12,2023-09-21,2023-09-23,2,108,14,28,16,1,Breakout Room,1,0,13,0.0,0.0,3,77.8,169.85,148.24,4150.72,548.14,616.9,5315.76,23,3409.52,548.14,587.52,4545.18,0.8214285714285714,36.72,,2023,9,4,61.5,38.5,1,123.84,153.69,277.53,215.75,153.69,2,7.1,13,14,0,0,1,4,2,16,0,0,1,Classroom,2,0,1.0,548.14,650,384,3535.95,1,0,0,0,0.0,0.4
B-202309-51405,Booked,TechCorp Solutions,Customer Advisory Board,Corporate,In-person,Full Package,Technology,Technology,Sales Call,Low,2023-06-06,2023-06-30,12,2023-09-21,2023-09-22,1,107,28,28,33,1,Breakout Room,1,0,12,1.0,11386.18,1,83.1,166.1,145.52,4074.56,356.53,1247.4,5678.49,24,3492.48,356.53,1188.0,5037.01,0.8571428571428571,36.0,,2023,9,3,62.0,38.0,1,27.5,152.66,180.16,180.16,152.66,1,0.0,28,0,0,0,1,1,1,8,0,0,1,Banquet,1,0,1.0,356.53,150,1320,2474.86,2,0,0,0,100.0,0.82
B-202309-85008,Booked,Regional Healthcare System,Sales Kickoff,Corporate,In-person,Rooms Only,Healthcare,Healthcare,Cvent,Low,2023-07-02,2023-07-21,14,2023-09-21,2023-09-22,1,81,40,40,44,0,,0,0,5,1.0,5033.17,2,74.8,170.91,140.17,5606.8,0.0,0.0,5606.8,37,5186.29,0.0,0.0,5186.29,0.925,0.0,,2023,9,3,62.6,37.4,1,97.0,183.57,280.57,218.11,280.57,1,0.0,40,0,0,0,0,0,0,0,0,0,0,,0,0,0.0,0.0,0,0,0.0,0,0,0,0,0.0,0.0
B-202309-38241,Booked,Technology Innovators,Annual Sales Conference,Corporate,In-person,Full Package,Technology,Technology,Repeat Client,High,2023-08-08,2023-08-27,7,2023-09-23,2023-09-26,3,46,64,192,79,1,Half Ballroom,1,0,12,1.0,60896.07,2,97.0,208.28,179.44,34452.48,1152.56,20327.73,55932.77,183,32837.52,1152.56,19359.74,53349.82,0.953125,245.06,,2023,9,4,60.9,39.1,1,135.8,157.28,293.08,243.06,293.08,2,7.7,52,64,58,0,1,3,3,24,1,0,1,Classroom,3,1,2.33,1152.56,1350,5976,9229.55,4,0,0,0,100.0,0.66
B-202309-84128,Booked,Professional Services Group,Sales Kickoff,Corporate,In-person,Full Package,Healthcare,Other,Referral,Low,2023-07-10,2023-07-31,12,2023-09-23,2023-09-24,1,75,37,37,44,1,Half Ballroom,1,0,9,1.0,15072.79,2,95.9,210.0,179.52,6642.24,879.23,3213.21,10734.68,29,5206.08,879.23,3060.2,9145.51,0.7837837837837838,69.55,,2023,9,4,61.0,39.0,1,138.88,149.15,288.03,218.79,149.15,1,0.0,37,0,0,0,1,1,1,8,1,0,1,Theater,1,0,1.0,879.23,150,1800,2566.19,3,0,0,0,100.0,0.37
B-202309-94494,Booked,Pharmaceutical Partners,Management Training,Corporate,In-person,Full Package,Healthcare,Healthcare,Referral,Low,2023-07-18,2023-08-03,9,2023-09-23,2023-09-24,1,67,36,36,42,1,Half Ballroom,1,1,7,0.0,0.0,2,91.8,203.29,188.18,6774.48,815.91,3472.43,11062.82,28,5269.04,815.91,3307.08,9392.03,0.7777777777777778,78.74,,2023,9,2,56.5,43.5,1,97.58,145.94,243.52,243.52,145.94,1,0.0,36,0,0,0,1,1,1,8,1,0,1,Classroom,2,0,2.0,815.91,350,1848,2828.34,4,0,0,0,100.0,0.35
B-202309-86406,Booked,Personal Event,Martinez-Garcia Wedding,Wedding/Social,In-person,Rooms Only,Social,Social/Private,Referral,Low,2022-10-07,2022-11-09,27,2023-09-24,2023-09-25,1,352,19,19,20,0,,0,0,6,0.0,0.0,2,94.5,196.66,165.76,3149.44,0.0,0.0,3149.44,11,1823.36,0.0,0.0,1823.36,0.5789473684210527,0.0,,2023,9,4,68.2,31.8,1,100.36,127.89,228.25,228.25,127.89,1,0.0,19,0,0,0,0,0,0,0,0,0,0,,0,0,0.0,0.0,0,0,0.0,0,0,0,0,0.0,0.0
B-202309-68487,Booked,Accounting Institute,Industry Forum,Association,In-person,Rooms Only,Finance,Finance,Cvent,High,2023-05-28,2023-06-18,16,2023-09-25,2023-09-28,3,120,65,195,71,0,,0,1,5,1.0,26681.3,3,78.6,170.38,151.15,29474.25,0.0,0.0,29474.25,154,23277.1,0.0,0.0,23277.1,0.7897435897435897,0.0,,2023,9,4,69.5,30.5,1,94.85,132.48,227.33,227.33,132.48,2,7.7,57,65,53,0,0,0,0,0,0,0,0,,0,0,0.0,0.0,0,0,0.0,0,0,0,0,0.0,0.0
B-202309-70387,Booked,Heritage Travel,Historic Sites Tour,SMERF,Hybrid,Rooms Only,Education,Education,Website,Low,2023-07-26,2023-08-16,14,2023-09-25,2023-09-27,2,61,41,82,45,0,,0,0,7,0.0,0.0,2,79.7,176.08,160.5,13161.0,0.0,0.0,13161.0,79,12679.5,0.0,0.0,12679.5,0.9634146341463414,0.0,,2023,9,4,59.5,40.5,0,144.14,143.01,287.15,0.0,154.17,2,0.0,41,41,0,0,0,0,0,0,0,0,0,,0,0,0.0,0.0,0,0,0.0,0,0,0,0,0.0,0.0
B-202309-22622,Booked,Retail Corporation,Customer Advisory Board,Corporate,Hybrid,Rooms Only,Professional Services,Other,Sales Call,Low,2023-06-07,2023-06-26,14,2023-09-27,2023-09-28,1,112,32,32,35,0,,0,0,5,0.0,0.0,4,81.0,166.03,139.49,4463.68,0.0,0.0,4463.68,28,3905.72,0.0,0.0,3905.72,0.875,0.0,,2023,9,2,63.4,36.6,1,83.78,134.94,218.72,218.72,134.94,1,0.0,32,0,0,0,0,0,0,0,0,0,0,,0,0,0.0,0.0,0,0,0.0,0,0,0,0,0.0,0.0
B-202309-28350,Booked,Social Event,Martinez-Garcia Wedding,Wedding/Social,In-person,Full Package,Social,Social/Private,Repeat Client,Low,2023-04-30,2023-06-16,37,2023-09-27,2023-09-28,1,150,17,17,19,1,Breakout Room,1,1,10,0.0,0.0,2,81.8,175.05,152.91,2599.47,595.69,2475.6,5670.76,9,1376.19,595.69,2357.71,4329.59,0.5294117647058824,124.09,,2023,9,4,67.7,32.3,1,95.67,142.89,238.56,238.56,142.89,1,0.0,17,0,0,0,1,2,1,8,0,0,1,Banquet,2,0,1.5,595.69,500,855,2649.1,1,0,1,1,0.0,0.47
B-202309-45382,Booked,Education Foundation,Networking Summit,Association,In-person,Full Package,Education,Education,Third-Party Planner,High,2022-11-27,2022-12-25,16,2023-09-27,2023-09-30,3,304,80,240,101,1,Half Ballroom,1,1,12,0.0,0.0,2,79.4,164.71,147.03,35287.2,1778.59,8667.47,45733.26,170,24995.1,1778.59,8254.73,35028.42,0.7083333333333334,81.73,,2023,9,3,60.1,39.9,1,157.19,132.87,290.06,253.56,132.87,2,1.6,77,80,79,0,2,8,3,36,1,0,1,Classroom,3,1,1.75,1778.59,2500,5996,11415.49,5,0,0,0,12.5,0.84
B-202309-63101,Booked,Personal Event,Memorial Service Gathering,Wedding/Social,In-person,Full Package,Social,Social/Private,Direct Inquiry,Low,2023-04-24,2023-06-16,42,2023-09-27,2023-09-28,1,156,19,19,22,1,Breakout Room,1,0,11,0.0,0.0,1,81.6,172.07,150.09,2851.71,579.72,2702.24,6133.67,10,1500.9,579.72,2573.56,4654.18,0.5263157894736842,116.98,,2023,9,4,51.8,48.2,1,97.35,131.73,229.08,229.08,140.19,1,0.0,19,0,0,0,1,1,1,4,0,0,1,Reception,1,0,1.0,579.72,150,1210,1943.43,1,1,0,1,0.0,0.55
B-202309-16086,Booked,Technology Innovators,Management Training,Corporate,In-person,Full Package,Technology,Technology,RFP,Medium,2023-07-02,2023-07-17,8,2023-09-30,2023-10-01,1,90,75,75,104,1,Half Ballroom,1,0,7,0.0,0.0,2,73.1,172.05,143.35,10751.25,1392.79,3518.42,15662.46,63,9031.05,1392.79,3350.88,13774.72,0.84,32.22,,2023,9,3,71.9,28.1,1,139.18,132.5,271.68,241.9,132.5,1,0.0,75,0,0,0,1,2,1,12,1,0,1,Theater,3,1,2.5,1392.79,1000,2430,4372.04,3,0,0,0,50.0,0.87
B-202310-30174,Booked,Professional Services Group,Town Hall Meeting,Corporate,Virtual,Full Package,Professional Services,Other,Direct Inquiry,Low,2023-07-19,2023-08-02,7,2023-10-02,2023-10-04,2,75,25,50,33,1,Breakout Room,1,0,7,0.0,0.0,1,83.8,174.22,154.02,7701.0,533.39,5607.41,13841.8,47,7238.94,533.39,5340.39,13112.72,0.94,161.83,,2023,10,2,67.6,32.4,0,17.18,128.97,146.15,0.0,128.97,2,40.0,15,25,0,0,1,2,2,16,0,0,1,Classroom,2,0,2.0,533.39,700,5346,7992.7,4,0,0,0,100.0,0.82
B-202310-79391,Booked,Retail Corporation,Product Launch Event,Corporate,In-person,Meeting Only,Healthcare,Other,Direct Inquiry,Low,2023-07-21,2023-08-07,9,2023-10-02,2023-10-04,2,73,0,0,67,1,Half Ballroom,0,0,8,1.0,19421.92,3,81.1,177.68,0.0,0.0,944.74,9707.6,10652.34,0,0.0,944.74,9245.33,10190.07,,137.99,,2023,10,0,0.0,0.0,0,0.0,0.0,0.0,0.0,0.0,0,0.0,0,0,0,0,1,2,2,16,1,0,1,Classroom,3,1,2.0,944.74,800,2832,4815.4,3,0,0,0,100.0,0.56
B-202310-29148,Booked,Premier Tours,Historic Sites Tour,Corporate,In-person,Rooms Only,Healthcare,Healthcare,Website,Medium,2023-07-29,2023-08-15,11,2023-10-03,2023-10-04,1,66,41,41,45,0,,0,0,6,0.0,0.0,2,89.8,179.92,156.43,6413.63,0.0,0.0,6413.63,40,6257.2,0.0,0.0,6257.2,0.975609756097561,0.0,,2023,10,2,59.6,40.4,1,31.75,248.64,280.39,248.64,280.39,1,0.0,41,0,0,0,0,0,0,0,0,0,0,,0,0,0.0,0.0,0,0,0.0,0,0,0,0,0.0,0.0
B-202310-45561,Booked,Private Party,Smith-Johnson Wedding,Wedding/Social,In-person,Full Package,Social,Social/Private,Direct Inquiry,Low,2023-02-03,2023-03-01,15,2023-10-03,2023-10-04,1,242,22,22,29,1,Breakout Room,1,1,11,1.0,12017.04,1,76.4,174.61,153.0,3366.0,568.35,3467.95,7402.3,14,2142.0,568.35,3302.81,6013.16,0.6363636363636364,113.89,,2023,10,3,61.7,38.3,0,41.64,126.13,167.77,0.0,126.13,1,0.0,22,0,0,0,1,2,1,8,0,0,1,Reception,0,0,0.0,568.35,0,1595,2784.76,1,1,0,1,0.0,0.72
B-202310-22943,Booked,Community Church,School District Meeting,SMERF,In-person,Meeting Only,SMERF,Religious,Third-Party Planner,Low,2023-07-06,2023-07-24,10,2023-10-04,2023-10-07,3,90,0,0,98,1,Half Ballroom,0,0,8,1.0,18182.5,2,85.3,174.27,0.0,0.0,1356.92,9623.21,10980.13,0,0.0,1356.92,9164.96,10521.88,,93.52,,2023,10,0,0.0,0.0,0,0.0,0.0,0.0,0.0,0.0,0,0.0,0,0,0,0,1,9,3,48,1,0,1,Classroom,2,0,0.78,1356.92,1200,1424,6133.73,2,0,0,0,33.3,0.82
B-202310-26389,Booked,TechCorp Solutions,Customer Advisory Board,Corporate,In-person,Rooms Only,Technology,Technology,Cvent,Low,2023-07-27,2023-08-14,13,2023-10-04,2023-10-05,1,69,51,51,56,0,,0,1,5,0.0,0.0,3,84.6,178.34,162.07,8265.57,0.0,0.0,8265.57,44,7131.08,0.0,0.0,7131.08,0.8627450980392157,0.0,,2023,10,3,51.5,48.5,1,137.34,131.97,269.31,217.38,131.97,1,0.0,51,0,0,0,0,0,0,0,0,0,0,,0,0,0.0,0.0,0,0,0.0,0,0,0,0,0.0,0.0
B-202310-56616,Booked,Manufacturing Alliance,Board of Directors Meeting,Corporate,In-person,Full Package,Professional Services,Other,Cvent,Low,2023-06-18,2023-07-09,13,2023-10-04,2023-10-06,2,108,15,30,17,1,Breakout Room,1,0,8,0.0,0.0,2,81.5,175.23,158.02,4740.6,400.9,2775.14,7916.64,27,4266.54,400.9,2642.99,7310.43,0.9,155.47,,2023,10,3,62.8,37.2,0,142.74,135.04,277.78,0.0,135.04,2,53.3,7,15,0,0,1,2,2,16,0,0,1,Banquet,3,1,2.5,400.9,1000,2788,5724.56,5,0,0,0,100.0,0.42
B-202310-66906,Booked,State Medical Association,Certification Training,Association,In-person,Full Package,Healthcare,Healthcare,Third-Party Planner,High,2023-03-19,2023-04-09,14,2023-10-04,2023-10-06,2,199,122,244,134,1,Grand Ballroom,1,0,7,0.0,0.0,3,81.0,181.79,165.4,40357.6,2132.31,21354.04,63843.95,170,28118.0,2132.31,20337.18,50587.49,0.6967213114754098,151.77,,2023,10,4,53.6,46.4,1,49.37,142.22,191.59,191.59,144.33,2,7.4,113,122,0,0,2,2,2,16,1,0,1,Classroom,3,1,2.5,2132.31,1000,20368,26450.46,5,0,0,0,100.0,0.56
B-202310-90967,Booked,Education Foundation,Professional Development Symposium,Association,In-person,Full Package,Education,Education,Referral,Medium,2023-02-03,2023-02-28,16,2023-10-04,2023-10-05,1,243,69,69,81,1,Half Ballroom,1,1,9,0.0,0.0,1,85.6,166.15,137.28,9472.32,1786.94,2800.7,14059.96,52,7138.56,1786.94,2667.33,11592.83,0.7536231884057971,32.93,,2023,10,4,69.5,30.5,1,123.82,145.52,269.34,192.67,145.52,1,0.0,69,0,0,0,2,2,1,12,1,0,1,Theater,3,1,2.0,1786.94,800,1080,2784.27,3,0,0,0,50.0,0.68
B-202310-43902,Booked,Financial Services Group,Management Training,Corporate,In-person,Full Package,Finance,Finance,Third-Party Planner,Low,2023-07-29,2023-08-19,14,2023-10-07,2023-10-08,1,70,17,17,21,1,Breakout Room,1,1,7,0.0,0.0,3,95.4,201.0,174.85,2972.45,450.73,1795.09,5218.27,14,2447.9,450.73,1709.61,4608.24,0.8235294117647058,81.41,,2023,10,3,52.7,47.3,1,92.24,128.99,221.23,221.23,133.0,1,0.0,17,0,0,0,1,1,1,8,0,0,1,Classroom,3,1,3.0,450.73,650,1575,3202.61,3,0,0,0,100.0,0.53
B-202310-50838,Booked,Private Individual,Williams-Brown Wedding,Wedding/Social,In-person,Rooms Only,Social,Social/Private,RFP,Low,2022-11-22,2022-12-17,18,2023-10-07,2023-10-08,1,319,8,8,8,0,,0,1,7,0.0,0.0,2,96.1,206.28,174.65,1397.2,0.0,0.0,1397.2,5,873.25,0.0,0.0,873.25,0.625,0.0,,2023,10,3,55.7,44.3,1,85.7,138.81,224.51,224.51,138.81,1,0.0,8,0,0,0,0,0,0,0,0,0,0,,0,0,0.0,0.0,0,0,0.0,0,0,0,0,0.0,0.0
B-202310-83472,Booked,Private Individual,Baby Shower Weekend,Wedding/Social,In-person,Full Package,Social,Social/Private,Website,Low,2022-11-27,2022-12-21,17,2023-10-07,2023-10-08,1,314,24,24,29,1,Breakout Room,1,1,7,0.0,0.0,4,97.0,210.0,193.33,4639.92,405.43,4221.89,9267.24,13,2513.29,405.43,4020.85,6939.57,0.5416666666666666,138.65,,2023,10,2,63.7,36.3,0,122.69,151.84,274.53,0.0,151.84,1,0.0,24,0,0,0,1,2,1,8,0,0,1,Banquet,1,0,0.5,405.43,150,1595,3048.16,1,1,0,1,0.0,0.72
B-202310-47247,Booked,Technology Innovators,Performance Review Summit,Corporate,In-person,Full Package,Technology,Technology,Referral,Low,2023-08-12,2023-08-30,11,2023-10-08,2023-10-09,1,57,36,36,46,1,Half Ballroom,1,0,7,0.0,0.0,2,95.2,209.3,193.62,6970.32,900.43,1755.71,9626.46,34,6583.08,900.43,1672.1,9155.61,0.9444444444444444,36.35,,2023,10,4,65.6,34.4,1,111.59,126.92,238.51,238.51,126.92,1,0.0,36,0,0,0,1,1,1,8,1,0,1,Theater,2,0,2.0,900.43,350,1272,2243.18,2,0,0,0,100.0,0.38
B-202310-61491,Booked,Community Church,School District Meeting,SMERF,Hybrid,Full Package,SMERF,Religious,Referral,Medium,2023-07-21,2023-08-12,12,2023-10-08,2023-10-09,1,79,64,64,72,1,Half Ballroom,1,0,10,1.0,11809.76,1,94.4,210.0,194.04,12418.56,1503.32,1995.84,15917.72,55,10672.2,1503.32,1900.8,14076.32,0.859375,26.4,,2023,10,3,69.2,30.8,1,118.46,151.44,269.9,245.2,151.44,1,0.0,64,0,0,0,2,2,1,8,1,0,1,Theater,2,0,1.5,1503.32,500,940,2140.83,2,0,0,0,0.0,0.6
B-202310-47226,Booked,Personal Event,Quinceañera Celebration,Wedding/Social,In-person,Rooms Only,Social,Social/Private,Direct Inquiry,Low,2022-12-20,2023-01-22,28,2023-10-09,2023-10-10,1,293,34,34,37,0,,0,0,5,0.0,0.0,3,81.4,174.78,153.16,5207.44,0.0,0.0,5207.44,22,3369.52,0.0,0.0,3369.52,0.6470588235294118,0.0,,2023,10,2,58.9,41.1,0,149.88,131.93,281.81,0.0,131.93,1,0.0,34,0,0,0,0,0,0,0,0,0,0,,0,0,0.0,0.0,0,0,0.0,0,0,0,0,0.0,0.0
B-202310-44053,Booked,Global Industries,Town Hall Meeting,Corporate,In-person,Full Package,Professional Services,Other,RFP,Medium,2023-07-08,2023-07-30,12,2023-10-10,2023-10-12,2,94,59,118,70,1,Half Ballroom,1,0,10,1.0,34319.54,1,80.6,182.41,154.53,18234.54,1502.27,12300.23,32037.04,94,14525.82,1502.27,11714.5,27742.59,0.7966101694915254,167.35,,2023,10,2,54.2,45.8,1,85.16,140.55,225.71,225.71,225.71,2,8.5,54,59,0,0,2,2,2,16,1,0,1,Classroom,3,1,2.0,1502.27,800,3648,5631.81,5,0,0,0,100.0,0.58
B-202310-19289,Booked,Dental Association,Networking Summit,Association,In-person,Full Package,Healthcare,Healthcare,Direct Inquiry,Medium,2022-11-27,2023-01-01,21,2023-10-12,2023-10-14,2,319,72,144,99,1,Half Ballroom,1,0,14,0.0,0.0,2,82.1,176.63,149.38,21510.72,1419.78,5972.97,28903.47,114,17029.32,1419.78,5688.54,24137.64,0.7916666666666666,57.46,,2023,10,4,51.0,49.0,1,147.44,133.91,281.35,194.97,133.91,2,11.1,64,72,0,0,2,5,2,24,1,0,1,Classroom,2,0,1.6,1419.78,1350,3880,7111.49,4,0,0,0,20.0,0.82
B-202310-27088,Booked,Dental Association,Member Appreciation Event,Association,In-person,Rooms Only,Healthcare,Healthcare,Repeat Client,High,2022-12-08,2022-12-31,20,2023-10-13,2023-10-15,2,309,67,134,73,0,,0,0,3,0.0,0.0,1,88.7,173.37,150.83,20211.22,0.0,0.0,20211.22,91,13725.53,0.0,0.0,13725.53,0.6791044776119403,0.0,,2023,10,4,57.7,42.3,1,96.18,133.24,229.42,229.42,133.24,2,7.5,62,67,0,0,0,0,0,0,0,0,0,,0,0,0.0,0.0,0,0,0.0,0,0,0,0,0.0,0.0
B-202310-34967,Booked,Global Industries,Leadership Summit,Corporate,In-person,Full Package,Finance,Other,Sales Call,Low,2023-06-27,2023-07-24,13,2023-10-14,2023-10-16,2,109,22,44,26,1,Breakout Room,1,0,14,1.0,13643.43,2,88.4,169.64,154.84,6812.96,354.83,4442.8,11610.59,40,6193.6,354.83,4231.24,10779.67,0.9090909090909092,162.74,,2023,10,2,57.9,42.1,1,55.62,134.86,190.48,190.48,134.86,2,4.5,21,22,0,0,1,2,2,16,0,0,1,Classroom,3,1,2.5,354.83,1000,2730,5640.34,5,0,0,0,100.0,0.65
B-202310-40603,Booked,Consulting Network,New Hire Orientation,Corporate,In-person,Full Package,Professional Services,Professional Services,Cvent,Low,2023-07-05,2023-07-28,11,2023-10-15,2023-10-16,1,102,55,55,71,1,Half Ballroom,1,1,12,1.0,20013.2,2,94.9,197.86,181.67,9991.85,1820.77,2773.26,14585.88,48,8720.16,1820.77,2641.2,13182.13,0.8727272727272727,37.2,,2023,10,3,58.7,41.3,1,75.93,139.83,215.76,215.76,139.83,1,0.0,55,0,0,0,2,1,1,8,1,0,1,Banquet,2,0,2.0,1820.77,350,1272,2162.19,2,0,0,0,100.0,0.59
B-202310-44517,Booked,Volunteer Network,Church Retreat Weekend,SMERF,In-person,Full Package,Other,Other,Cvent,Low,2023-08-04,2023-08-23,10,2023-10-15,2023-10-16,1,72,44,44,53,1,Half Ballroom,1,0,9,1.0,9061.17,2,86.5,200.51,166.85,7341.4,1156.0,0.0,8497.4,37,6173.45,1156.0,0.0,7329.45,0.8409090909090909,0.0,,2023,10,3,69.1,30.9,0,20.51,130.11,150.62,0.0,130.11,1,0.0,44,0,0,0,1,2,1,8,1,0,1,Classroom,1,0,0.5,1156.0,150,0,889.52,0,0,0,0,0.0,0.44
B-202310-15144,Booked,State Medical Association,Board Retreat,Association,In-person,Full Package,Healthcare,Healthcare,Third-Party Planner,Medium,2023-05-13,2023-06-20,27,2023-10-17,2023-10-19,2,157,34,68,41,1,Half Ballroom,1,1,11,0.0,0.0,2,85.9,173.17,146.94,9991.92,1334.47,3575.73,14902.12,49,7200.06,1334.47,3405.46,11939.99,0.7205882352941176,83.06,,2023,10,4,55.3,44.7,1,141.46,137.22,278.68,172.33,137.22,2,32.4,23,34,0,0,1,2,2,16,1,0,1,Classroom,2,0,2.0,1334.47,700,960,2812.64,2,0,0,0,100.0,0.34
B-202310-30079,Booked,Education Foundation,Networking Summit,Association,In-person,Full Package,Education,Education,Website,High,2023-05-22,2023-06-25,26,2023-10-17,2023-10-20,3,148,116,348,151,1,Grand Ballroom,1,1,8,0.0,0.0,2,83.7,178.24,153.12,53285.76,2719.06,35883.04,91887.86,247,37820.64,2719.06,34174.32,74714.02,0.7097701149425287,226.32,,2023,10,3,65.4,34.6,0,150.21,130.44,280.65,0.0,130.44,2,3.2,110,116,107,0,2,3,3,24,1,0,1,Classroom,3,1,2.33,2719.06,1350,23858,32834.37,5,0,0,0,100.0,0.63
B-202310-25517,Booked,Family Celebration,Williams-Brown Wedding,Wedding/Social,In-person,Full Package,Social,Social/Private,Repeat Client,Medium,2022-10-30,2022-12-10,32,2023-10-18,2023-10-20,2,353,47,94,56,1,Half Ballroom,1,1,9,0.0,0.0,1,85.0,182.64,156.87,14745.78,1123.44,8573.04,24442.26,56,8784.72,1123.44,8164.8,18072.96,0.5957446808510638,145.8,,2023,10,4,63.6,36.4,1,88.07,133.06,221.13,221.13,144.59,2,21.3,37,47,0,0,1,2,2,8,1,0,1,Banquet,1,0,0.5,1123.44,150,1080,1976.47,1,0,1,1,0.0,0.47
B-202310-35312,Booked,Premier Tours,Senior Travel Club,SMERF,In-person,Full Package,Education,Education,Third-Party Planner,High,2023-05-11,2023-06-03,14,2023-10-18,2023-10-20,2,160,24,48,31,1,Breakout Room,1,0,9,1.0,15013.8,1,82.3,179.5,154.65,7423.2,370.75,0.0,7793.95,44,6804.6,370.75,0.0,7175.35,0.9166666666666666,0.0,,2023,10,2,67.7,32.3,0,128.69,162.24,290.93,0.0,290.93,2,20.8,19,24,0,0,1,2,2,8,0,0,1,Classroom,1,0,1.0,370.75,300,0,1555.73,0,0,0,0,0.0,0.78
B-202310-62037,Booked,Global Industries,Leadership Summit,Corporate,In-person,Full Package,Finance,Other,RFP,Low,2023-06-19,2023-07-08,8,2023-10-18,2023-10-19,1,121,53,53,70,1,Half Ballroom,1,1,11,1.0,22217.58,1,80.2,173.27,147.35,7809.55,1540.74,5440.47,14790.76,47,6925.45,1540.74,5181.4,13647.59,0.8867924528301887,74.02,,2023,10,3,64.4,35.6,1,144.43,132.11,276.54,194.51,132.11,1,0.0,53,0,0,0,2,1,1,8,1,0,1,Banquet,3,1,3.0,1540.74,650,1008,2256.01,3,0,0,0,100.0,0.58
B-202310-64519,Booked,Community Church,Community Theater Production,SMERF,In-person,Rooms Only,SMERF,Religious,Website,Low,2023-06-26,2023-07-10,11,2023-10-18,2023-10-20,2,114,29,58,31,0,,0,0,3,0.0,0.0,3,87.4,173.45,146.18,8478.44,0.0,0.0,8478.44,48,7016.64,0.0,0.0,7016.64,0.8275862068965517,0.0,,2023,10,2,66.4,33.6,1,56.15,172.61,228.76,228.76,228.76,2,6.9,27,29,0,0,0,0,0,0,0,0,0,,0,0,0.0,0.0,0,0,0.0,0,0,0,0,0.0,0.0
B-202310-78714,Booked,HR Professionals Network,Member Appreciation Event,Association,In-person,Meeting Only,Professional Services,Professional Services,Third-Party Planner,Low,2023-03-11,2023-04-08,20,2023-10-18,2023-10-20,2,221,0,0,56,1,Half Ballroom,0,1,8,0.0,0.0,2,83.4,175.82,0.0,0.0,1293.6,8436.62,9730.22,0,0.0,1293.6,8034.88,9328.48,,143.48,,2023,10,0,0.0,0.0,0,0.0,0.0,0.0,0.0,0.0,0,0.0,0,0,0,0,1,2,2,16,1,0,1,Classroom,3,1,2.5,1293.6,1000,1660,3914.37,3,0,0,0,100.0,0.47
B-202310-50944,Booked,Nursing Council,Industry Forum,Association,In-person,Full Package,Healthcare,Healthcare,Third-Party Planner,Medium,2023-03-30,2023-04-21,15,2023-10-19,2023-10-20,1,203,70,70,86,1,Half Ballroom,1,0,7,0.0,0.0,2,86.9,171.12,157.56,11029.2,968.31,2439.91,14437.42,52,8193.12,968.31,2323.72,11485.15,0.7428571428571429,27.02,,2023,10,2,69.7,30.3,1,44.24,224.52,268.76,224.52,224.52,1,0.0,70,0,0,0,1,2,1,12,1,0,1,Theater,2,0,1.5,968.31,500,1988,3405.51,5,0,0,0,50.0,0.72
B-202310-55569,Booked,Private Party,Bar/Bat Mitzvah,Wedding/Social,In-person,Full Package,Social,Social/Private,Third-Party Planner,Low,2023-04-15,2023-06-07,42,2023-10-19,2023-10-21,2,187,33,66,43,1,Half Ballroom,1,1,11,0.0,0.0,2,84.7,175.38,150.68,9944.88,1184.08,5233.79,16362.75,39,5876.52,1184.08,4984.56,12045.16,0.5909090909090909,115.92,,2023,10,3,61.7,38.3,1,114.04,140.87,254.91,254.91,143.29,2,3.0,32,33,0,0,1,2,2,8,1,0,1,Banquet,2,0,1.5,1184.08,500,1080,2231.13,1,0,1,1,0.0,0.36
B-202310-59160,Booked,Family Celebration,Engagement Party,Wedding/Social,In-person,Full Package,Social,Social/Private,Third-Party Planner,Low,2023-05-14,2023-06-09,18,2023-10-19,2023-10-20,1,158,25,25,34,1,Breakout Room,1,1,8,0.0,0.0,3,87.8,176.22,158.37,3959.25,364.05,4386.46,8709.76,15,2375.55,364.05,4177.58,6917.18,0.6,122.87,,2023,10,2,58.5,41.5,1,65.31,153.41,218.72,218.72,153.41,1,0.0,25,0,0,0,1,2,1,8,0,0,1,Banquet,2,0,2.0,364.05,700,1870,3699.9,1,1,0,1,0.0,0.85
B-202310-14898,Booked,Accounting Institute,State Convention,Association,Hybrid,Full Package,Finance,Finance,Repeat Client,Medium,2023-02-19,2023-03-24,26,2023-10-20,2023-10-22,2,243,36,72,43,1,Half Ballroom,1,1,7,0.0,0.0,2,85.3,170.64,150.01,10800.72,803.59,7303.92,18908.23,54,8100.54,803.59,6956.11,15860.24,0.75,161.77,,2023,10,3,61.9,38.1,0,158.91,129.29,288.2,0.0,129.29,2,33.3,24,36,0,0,1,2,2,16,1,0,1,Theater,2,0,1.5,803.59,500,3280,4890.26,5,0,0,0,100.0,0.36
B-202310-27705,Booked,State Medical Association,State Convention,Association,Hybrid,Full Package,Healthcare,Healthcare,Referral,Medium,2023-02-22,2023-03-22,16,2023-10-20,2023-10-21,1,240,67,67,73,1,Half Ballroom,1,0,12,1.0,17120.34,1,83.9,175.33,154.83,10373.61,1390.27,2891.24,14655.12,51,7896.33,1390.27,2753.56,12040.16,0.7611940298507462,37.72,,2023,10,2,54.2,45.8,1,71.88,125.2,197.08,197.08,125.2,1,0.0,67,0,0,0,2,1,1,8,1,0,1,Classroom,1,0,1.0,1390.27,150,1260,2033.42,2,0,0,0,100.0,0.61
B-202310-40266,Booked,Energy Solutions,Town Hall Meeting,Corporate,In-person,Meeting Only,Technology,Other,Referral,Low,2023-07-15,2023-07-29,7,2023-10-20,2023-10-22,2,97,0,0,54,1,Half Ballroom,0,1,7,1.0,11356.6,3,79.0,181.99,0.0,0.0,976.31,8816.28,9792.59,0,0.0,976.31,8396.46,9372.77,,155.49,,2023,10,0,0.0,0.0,0,0.0,0.0,0.0,0.0,0.0,0,0.0,0,0,0,0,1,2,2,16,1,0,1,Theater,2,0,1.5,976.31,500,1680,3352.29,4,0,0,0,100.0,0.45
B-202310-63713,Booked,Retail Corporation,Town Hall Meeting,Corporate,In-person,Full Package,Professional Services,Other,Cvent,Medium,2023-07-25,2023-08-13,10,2023-10-20,2023-10-21,1,87,69,69,78,1,Half Ballroom,1,1,9,0.0,0.0,2,81.2,177.42,145.94,10069.86,1104.66,5544.63,16719.15,60,8756.4,1104.66,5280.6,15141.66,0.8695652173913043,67.7,,2023,10,4,58.4,41.6,1,154.93,135.45,290.38,173.12,135.45,1,0.0,69,0,0,0,1,1,1,8,1,0,1,Classroom,1,0,1.0,1104.66,150,2088,2802.17,4,0,0,0,100.0,0.65
B-202310-83922,Booked,Tour Operator Network,International Tour Package,Corporate,In-person,Full Package,Technology,Technology,RFP,High,2023-08-20,2023-09-14,11,2023-10-21,2023-10-22,1,62,47,47,59,1,Half Ballroom,1,0,14,0.0,0.0,2,94.8,210.0,193.55,9096.85,1355.04,0.0,10451.89,42,8129.1,1355.04,0.0,9484.14,0.8936170212765957,0.0,,2023,10,2,67.6,32.4,0,127.71,150.0,277.71,0.0,150.0,1,0.0,47,0,0,0,1,1,1,4,1,0,1,Classroom,0,0,0.0,1355.04,0,0,335.95,0,0,0,0,0.0,0.49
B-202310-90375,Booked,Professional Engineers Society,Educational Seminar Series,Association,In-person,Full Package,Association,Other,Sales Call,Low,2023-02-17,2023-03-13,17,2023-10-21,2023-10-22,1,246,44,44,52,1,Half Ballroom,1,0,7,0.0,0.0,3,95.7,210.0,181.81,7999.64,1059.55,4141.41,13200.6,31,5636.11,1059.55,3944.2,10639.86,0.7045454545454546,75.85,,2023,10,4,60.3,39.7,1,151.86,143.01,294.87,182.8,143.01,1,0.0,44,0,0,0,1,1,1,8,1,0,1,Banquet,1,0,1.0,1059.55,150,1500,2212.32,3,0,0,0,100.0,0.43
B-202310-97194,Booked,Professional Engineers Society,State Convention,Association,In-person,Full Package,Association,Other,Website,Medium,2023-04-03,2023-05-08,28,2023-10-22,2023-10-23,1,202,63,63,85,1,Half Ballroom,1,0,7,0.0,0.0,1,97.0,208.04,185.8,11705.4,1051.06,2364.23,15120.69,45,8361.0,1051.06,2251.65,11663.71,0.7142857142857143,26.49,,2023,10,4,56.5,43.5,1,97.69,129.92,227.61,227.61,143.54,1,0.0,63,0,0,0,1,2,1,12,1,0,1,Theater,3,1,3.0,1051.06,1300,1980,4212.84,4,0,0,0,50.0,0.71
B-202310-58679,Booked,Accounting Institute,Annual Member Conference,Association,In-person,Full Package,Finance,Finance,RFP,Low,2022-10-23,2022-11-24,21,2023-10-23,2023-10-25,2,365,25,50,29,1,Breakout Room,1,0,11,0.0,0.0,2,84.0,176.41,160.45,8022.5,429.94,5083.63,13536.07,40,6418.0,429.94,4841.55,11689.49,0.8,166.95,,2023,10,4,67.3,32.7,1,137.28,141.28,278.56,243.75,243.75,2,12.0,22,25,0,0,1,2,2,16,0,0,1,Classroom,2,0,2.0,429.94,700,2755,5384.2,4,0,0,0,100.0,0.72
B-202310-49833,Booked,Family Celebration,Quinceañera Celebration,Wedding/Social,In-person,Rooms Only,Social,Social/Private,Direct Inquiry,Low,2023-03-24,2023-04-21,25,2023-10-24,2023-10-25,1,214,36,36,39,0,,0,0,3,1.0,5665.43,2,83.0,174.74,154.34,5556.24,0.0,0.0,5556.24,22,3395.48,0.0,0.0,3395.48,0.6111111111111112,0.0,,2023,10,3,65.5,34.5,1,125.99,139.86,265.85,188.42,139.86,1,0.0,36,0,0,0,0,0,0,0,0,0,0,,0,0,0.0,0.0,0,0,0.0,0,0,0,0,0.0,0.0
B-202310-59514,Booked,Senior Adventures,Historic Sites Tour,SMERF,In-person,Full Package,SMERF,SMERF,RFP,High,2023-07-01,2023-08-01,18,2023-10-24,2023-10-25,1,115,27,27,35,1,Breakout Room,1,0,13,1.0,5314.17,4,85.6,178.34,147.66,3986.82,577.13,0.0,4563.95,25,3691.5,577.13,0.0,4268.63,0.925925925925926,0.0,,2023,10,2,61.8,38.2,1,68.87,196.59,265.46,196.59,265.46,1,0.0,27,0,0,0,1,1,1,4,0,0,1,Classroom,1,0,1.0,577.13,150,0,734.28,0,0,0,0,0.0,0.88
B-202310-52034,Booked,Accounting Institute,Annual Member Conference,Association,In-person,Meeting Only,Finance,Finance,Website,Medium,2023-01-03,2023-01-31,19,2023-10-25,2023-10-27,2,295,0,0,109,1,Half Ballroom,0,1,9,1.0,25981.39,1,80.7,170.73,0.0,0.0,881.6,6820.08,7701.68,0,0.0,881.6,6495.31,7376.91,,59.59,,2023,10,0,0.0,0.0,0,0.0,0.0,0.0,0.0,0.0,0,0.0,0,0,0,0,1,5,2,24,1,0,1,Theater,3,1,2.2,881.6,2150,4072,8094.7,4,0,0,0,20.0,0.91
B-202310-42346,Booked,Cultural Journeys,Photography Expedition,SMERF,In-person,Rooms Only,SMERF,SMERF,Website,Low,2023-06-30,2023-07-14,11,2023-10-28,2023-10-30,2,120,58,116,63,0,,0,0,3,0.0,0.0,1,85.9,171.22,158.56,18392.96,0.0,0.0,18392.96,106,16807.36,0.0,0.0,16807.36,0.913793103448276,0.0,,2023,10,2,63.7,36.3,0,161.46,130.23,291.69,0.0,130.23,2,19.0,47,58,0,0,0,0,0,0,0,0,0,,0,0,0.0,0.0,0,0,0.0,0,0,0,0,0.0,0.0
B-202310-95561,Booked,Technology Innovators,Regional Team Meeting,Corporate,In-person,Full Package,Technology,Technology,Repeat Client,Medium,2023-08-26,2023-09-17,14,2023-10-28,2023-10-30,2,63,10,20,12,1,Boardroom,1,1,8,0.0,0.0,1,84.7,177.28,163.55,3271.0,385.16,1718.26,5374.42,19,3107.45,385.16,1636.44,5129.05,0.95,136.37,,2023,10,2,61.9,38.1,0,4.54,148.01,152.55,0.0,152.55,2,10.0,9,10,0,0,1,2,2,16,0,1,1,Boardroom,2,0,2.0,385.16,700,1404,4261.34,5,0,0,0,100.0,0.86
B-202310-88263,Booked,Personal Event,Graduation Celebration,Wedding/Social,In-person,Rooms Only,Social,Social/Private,Repeat Client,Low,2023-04-18,2023-05-17,26,2023-10-29,2023-10-30,1,194,20,20,22,0,,0,1,3,0.0,0.0,1,83.3,177.02,148.8,2976.0,0.0,0.0,2976.0,12,1785.6,0.0,0.0,1785.6,0.6,0.0,,2023,10,2,73.9,26.1,1,55.48,172.8,228.28,228.28,228.28,1,0.0,20,0,0,0,0,0,0,0,0,0,0,,0,0,0.0,0.0,0,0,0.0,0,0,0,0,0.0,0.0
B-202310-51307,Booked,Insurance Federation,Professional Development Symposium,Association,In-person,Full Package,Finance,Finance,RFP,High,2023-03-02,2023-03-31,19,2023-10-30,2023-11-02,3,242,87,261,121,1,Grand Ballroom,1,1,10,1.0,83803.34,2,80.9,179.65,155.06,40470.66,2276.69,29343.47,72090.82,208,32252.48,2276.69,27946.16,62475.33,0.7969348659003831,230.96,,2023,10,2,55.1,44.9,0,139.4,125.62,265.02,0.0,125.62,2,3.0,82,87,81,0,1,3,3,24,1,0,1,Classroom,2,0,2.0,2276.69,1050,24805,33812.64,5,0,0,0,100.0,0.5
B-202310-92465,Booked,Nursing Council,Committee Meeting,Association,In-person,Full Package,Healthcare,Healthcare,Referral,Medium,2023-03-06,2023-04-14,26,2023-10-30,2023-11-01,2,238,55,110,72,1,Half Ballroom,1,1,13,0.0,0.0,2,83.2,177.29,146.13,16074.3,1188.65,10332.25,27595.2,76,11105.88,1188.65,9840.24,22134.77,0.6909090909090909,136.67,,2023,10,3,64.2,35.8,0,24.0,128.54,152.54,0.0,128.54,2,21.8,43,55,0,0,1,2,2,16,1,0,1,Classroom,3,1,2.5,1188.65,1000,3480,5609.82,4,0,0,0,100.0,0.6
B-202310-97993,Booked,TechCorp Solutions,Regional Team Meeting,Corporate,In-person,Meeting Only,Technology,Technology,Referral,Medium,2023-08-15,2023-09-04,13,2023-10-31,2023-11-03,3,77,0,0,121,1,Grand Ballroom,0,1,7,1.0,32199.59,1,88.2,176.3,0.0,0.0,2267.53,28631.99,30899.52,0,0.0,2267.53,27268.56,29536.09,,225.36,,2023,10,0,0.0,0.0,0,0.0,0.0,0.0,0.0,0.0,0,0.0,0,0,0,0,1,3,3,24,1,0,1,Theater,3,1,2.67,2267.53,1650,26015,35172.38,4,0,0,0,100.0,0.5
B-202311-17217,Booked,Volunteer Network,Charity Fundraiser,SMERF,In-person,Meeting Only,Other,Other,Third-Party Planner,Low,2023-08-19,2023-09-10,14,2023-11-02,2023-11-03,1,75,0,0,29,1,Breakout Room,0,0,8,0.0,0.0,4,71.8,166.21,0.0,0.0,430.25,0.0,430.25,0,0.0,430.25,0.0,430.25,,0.0,,2023,11,0,0.0,0.0,0,0.0,0.0,0.0,0.0,0.0,0,0.0,0,0,0,0,1,1,1,8,0,0,1,Classroom,2,0,2.0,430.25,350,0,1318.19,0,0,0,0,100.0,0.72
B-202311-53934,Booked,Cultural Journeys,International Tour Package,SMERF,In-person,Meeting Only,Government,Government,Sales Call,Medium,2023-08-29,2023-09-25,17,2023-11-02,2023-11-03,1,65,0,0,136,1,Grand Ballroom,0,0,10,1.0,5309.71,3,67.6,167.67,0.0,0.0,2897.08,0.0,2897.08,0,0.0,2897.08,0.0,2897.08,,0.0,,2023,11,0,0.0,0.0,0,0.0,0.0,0.0,0.0,0.0,0,0.0,0,0,0,0,2,1,1,4,1,0,1,Classroom,1,0,1.0,2897.08,150,0,1654.56,0,0,0,0,0.0,0.57
B-202311-81943,Booked,Education Foundation,Board Retreat,Association,In-person,Full Package,Education,Education,Referral,High,2023-05-20,2023-06-19,22,2023-11-02,2023-11-04,2,166,111,222,122,1,Grand Ballroom,1,0,8,1.0,66630.86,1,67.3,165.02,146.98,32629.56,2161.04,21095.51,55886.11,172,25280.56,2161.04,20090.96,47532.56,0.7747747747747747,164.68,,2023,11,3,50.3,49.7,1,129.4,145.09,274.49,175.76,145.09,2,5.4,105,111,0,0,2,2,2,16,1,0,1,Theater,3,1,2.5,2161.04,1000,13054,18853.59,4,0,0,0,100.0,0.51
B-202311-68903,Booked,Social Event,Baby Shower Weekend,Wedding/Social,In-person,Full Package,Social,Social/Private,Repeat Client,Low,2023-03-16,2023-05-01,35,2023-11-03,2023-11-04,1,232,27,27,30,1,Breakout Room,1,1,11,0.0,0.0,2,69.0,166.55,147.66,3986.82,532.58,3996.41,8515.81,18,2657.88,532.58,3806.1,6996.56,0.6666666666666666,126.87,,2023,11,3,62.1,37.9,1,70.34,146.62,216.96,216.96,146.62,1,0.0,27,0,0,0,1,2,1,8,0,0,1,Banquet,1,0,0.5,532.58,150,1350,2713.6,1,0,1,1,0.0,0.75
B-202311-71377,Booked,Consulting Network,Town Hall Meeting,Corporate,In-person,Full Package,Professional Services,Professional Services,Cvent,Low,2023-09-13,2023-10-06,13,2023-11-03,2023-11-04,1,51,39,39,48,1,Half Ballroom,1,1,10,0.0,0.0,3,69.0,166.63,147.91,5768.49,947.9,3800.66,10517.05,34,5028.94,947.9,3619.68,9596.52,0.8717948717948718,75.41,,2023,11,2,66.8,33.2,0,16.25,128.1,144.35,0.0,144.35,1,0.0,39,0,0,0,1,1,1,8,1,0,1,Classroom,3,1,3.0,947.9,650,1560,2804.99,3,0,0,0,100.0,0.4
B-202311-33363,Booked,Professional Engineers Society,Certification Training,Association,In-person,Full Package,Association,Other,Direct Inquiry,Medium,2023-03-08,2023-04-07,21,2023-11-04,2023-11-06,2,241,54,108,70,1,Half Ballroom,1,0,9,1.0,30318.95,1,89.4,203.21,167.91,18134.28,1850.77,10617.08,30602.13,77,12929.07,1850.77,10111.5,24891.34,0.7129629629629629,144.45,,2023,11,3,51.6,48.4,1,105.47,182.99,288.46,242.4,288.46,2,9.3,49,54,0,0,2,2,2,16,1,0,1,Classroom,2,0,1.5,1850.77,500,2800,4547.48,5,0,0,0,100.0,0.58
B-202311-45968,Booked,Real Estate Board,Educational Seminar Series,Association,In-person,Full Package,Government,Government,Cvent,High,2023-03-18,2023-04-19,19,2023-11-04,2023-11-07,3,231,90,270,113,1,Half Ballroom,1,0,13,1.0,102443.03,2,83.8,199.72,179.88,48567.6,993.42,10208.65,59769.67,193,34716.84,993.42,9722.52,45432.78,0.7148148148148148,86.04,,2023,11,3,51.2,48.8,0,28.63,134.2,162.83,0.0,149.46,2,2.3,85,90,88,0,1,7,3,36,1,0,1,Classroom,3,1,2.14,993.42,2850,5160,10759.7,5,0,0,0,28.6,0.94
B-202311-70674,Booked,Banking Consortium,Board of Directors Meeting,Corporate,In-person,Full Package,Finance,Finance,RFP,Low,2023-06-27,2023-07-17,8,2023-11-04,2023-11-05,1,130,27,27,34,1,Breakout Room,1,1,12,0.0,0.0,4,83.8,197.98,163.98,4427.46,360.26,2481.15,7268.87,23,3771.54,360.26,2363.0,6494.8,0.8518518518518519,69.5,,2023,11,4,73.1,26.9,0,132.45,135.79,268.24,0.0,149.63,1,0.0,27,0,0,0,1,1,1,8,0,0,1,Classroom,2,0,2.0,360.26,350,2618,4033.89,4,0,0,0,100.0,0.85
B-202311-14085,Booked,Family Celebration,Charity Gala,Wedding/Social,In-person,Full Package,Social,Social/Private,Repeat Client,Medium,2023-01-23,2023-03-08,30,2023-11-05,2023-11-06,1,286,36,36,50,1,Half Ballroom,1,0,14,0.0,0.0,2,79.6,194.81,171.47,6172.92,999.12,7304.85,14476.89,19,3257.93,999.12,6957.0,11214.05,0.5277777777777778,139.14,,2023,11,3,64.3,35.7,1,165.93,125.61,291.54,182.62,125.61,1,0.0,36,0,0,0,1,1,1,4,1,0,1,Reception,0,0,0.0,999.12,0,1320,1691.29,1,1,0,1,0.0,0.42
B-202311-46261,Booked,Financial Services Group,Innovation Workshop,Corporate,In-person,Full Package,Finance,Finance,Website,Low,2023-07-11,2023-08-05,11,2023-11-07,2023-11-09,2,119,28,56,33,1,Breakout Room,1,0,14,1.0,19128.78,2,66.5,164.12,144.27,8079.12,509.04,5700.62,14288.78,52,7502.04,509.04,5429.16,13440.24,0.9285714285714286,164.52,,2023,11,3,73.8,26.2,1,150.18,135.44,285.62,233.62,135.44,2,39.3,17,28,0,0,1,2,2,16,0,0,1,Classroom,3,1,2.0,509.04,800,4290,7251.12,4,0,0,0,100.0,0.82
B-202311-70210,Booked,Global Industries,Town Hall Meeting,Corporate,In-person,Full Package,Healthcare,Other,Cvent,Medium,2023-07-09,2023-07-29,9,2023-11-07,2023-11-09,2,121,55,110,72,1,Half Ballroom,1,0,11,1.0,33827.21,2,72.6,161.07,134.86,14834.6,1081.82,12105.07,28021.49,87,11732.82,1081.82,11528.64,24343.28,0.7909090909090909,160.12,,2023,11,3,61.3,38.7,0,32.19,131.96,164.15,0.0,131.96,2,16.4,46,55,0,0,1,2,2,16,1,0,1,Theater,3,1,2.0,1081.82,800,2832,4867.52,3,0,0,0,100.0,0.6
B-202311-73369,Booked,Insurance Federation,Committee Meeting,Association,In-person,Rooms Only,Finance,Finance,Cvent,High,2023-01-30,2023-02-17,15,2023-11-07,2023-11-09,2,281,130,260,152,0,,0,1,3,0.0,0.0,2,70.9,162.06,149.25,38805.0,0.0,0.0,38805.0,199,29700.75,0.0,0.0,29700.75,0.7158273381294964,0.0,,2023,11,4,74.8,25.2,1,142.64,151.78,294.42,227.37,151.78,2,1.5,128,130,0,0,0,0,0,0,0,0,0,,0,0,0.0,0.0,0,0,0.0,0,0,0,0,0.0,0.0
B-202311-82006,Booked,Energy Solutions,Annual Sales Conference,Corporate,Hybrid,Full Package,Healthcare,Other,Repeat Client,High,2023-10-08,2023-10-30,8,2023-11-07,2023-11-08,1,30,79,79,93,1,Half Ballroom,1,0,14,0.0,0.0,2,71.7,155.18,131.77,10409.83,1248.17,2783.03,14441.03,64,8433.28,1248.17,2650.5,12331.95,0.810126582278481,28.5,,2023,11,2,55.6,44.4,1,38.5,138.97,177.47,177.47,138.97,1,0.0,79,0,0,0,1,2,1,12,1,0,1,Theater,3,1,2.0,1248.17,800,1884,3615.97,3,0,0,0,50.0,0.78
B-202311-50340,Booked,Social Event,Holiday Party,Wedding/Social,In-person,Rooms Only,Social,Social/Private,Referral,Low,2022-12-17,2023-02-01,39,2023-11-09,2023-11-10,1,327,17,17,18,0,,0,0,7,1.0,2568.66,2,70.0,160.65,134.74,2290.58,0.0,0.0,2290.58,9,1212.66,0.0,0.0,1212.66,0.5294117647058824,0.0,,2023,11,3,55.1,44.9,1,64.2,133.7,197.9,197.9,133.7,1,0.0,17,0,0,0,0,0,0,0,0,0,0,,0,0,0.0,0.0,0,0,0.0,0,0,0,0,0.0,0.0
B-202311-26622,Booked,Dental Association,Policy Symposium,Association,In-person,Full Package,Healthcare,Healthcare,Direct Inquiry,Medium,2022-11-10,2022-12-04,17,2023-11-10,2023-11-12,2,365,54,108,60,1,Half Ballroom,1,0,7,0.0,0.0,1,63.5,151.78,138.9,15001.2,946.32,9184.77,25132.29,81,11250.9,946.32,8747.4,20944.62,0.75,145.79,,2023,11,4,60.9,39.1,1,125.47,150.45,275.92,174.75,150.45,2,16.7,45,54,0,0,1,2,2,16,1,0,1,Banquet,3,1,2.5,946.32,1000,2600,4796.92,4,0,0,0,100.0,0.5
B-202311-68491,Booked,Community Church,Volunteer Training,SMERF,In-person,Meeting Only,SMERF,Religious,Sales Call,Low,2023-07-30,2023-08-26,18,2023-11-10,2023-11-12,2,103,0,0,105,1,Half Ballroom,0,0,9,1.0,12063.87,2,67.7,162.33,0.0,0.0,1047.91,6908.26,7956.17,0,0.0,1047.91,6579.3,7627.21,,62.66,,2023,11,0,0.0,0.0,0,0.0,0.0,0.0,0.0,0.0,0,0.0,0,0,0,0,1,6,2,32,1,0,1,Classroom,2,0,1.0,1047.91,1000,2124,5373.09,2,0,0,0,33.3,0.88
B-202311-84569,Booked,Professional Engineers Society,Annual Member Conference,Association,In-person,Full Package,Association,Other,Website,High,2023-04-30,2023-05-30,17,2023-11-11,2023-11-13,2,195,86,172,116,1,Half Ballroom,1,0,13,1.0,48212.69,2,70.2,162.92,135.52,23309.44,1442.66,7267.81,32019.91,123,16668.96,1442.66,6921.72,25033.34,0.7151162790697675,59.67,,2023,11,4,64.3,35.7,1,131.15,145.99,277.14,187.4,145.99,2,8.1,79,86,0,0,2,5,2,24,1,0,1,Classroom,3,1,2.0,1442.66,1850,2780,6585.25,5,0,0,0,20.0,0.97
B-202311-96529,Booked,Travel Club International,Senior Travel Club,SMERF,In-person,Rooms Only,Education,Education,Sales Call,Low,2023-08-02,2023-08-28,19,2023-11-11,2023-11-12,1,101,50,50,55,0,,0,0,7,0.0,0.0,4,70.9,166.47,141.49,7074.5,0.0,0.0,7074.5,46,6508.54,0.0,0.0,6508.54,0.92,0.0,,2023,11,2,51.0,49.0,1,67.6,161.98,229.58,229.58,229.58,1,0.0,50,0,0,0,0,0,0,0,0,0,0,,0,0,0.0,0.0,0,0,0.0,0,0,0,0,0.0,0.0
B-202311-48590,Booked,Manufacturing Alliance,Performance Review Summit,Corporate,In-person,Full Package,Healthcare,Other,Referral,Low,2023-10-16,2023-11-07,13,2023-11-15,2023-11-16,1,30,23,23,30,1,Breakout Room,1,0,9,1.0,6969.97,1,72.5,165.36,145.81,3353.63,423.2,2137.59,5914.42,22,3207.82,423.2,2035.8,5666.82,0.9565217391304348,67.86,,2023,11,2,72.4,27.6,0,14.56,148.77,163.33,0.0,148.77,1,0.0,23,0,0,0,1,1,1,8,0,0,1,Classroom,3,1,3.0,423.2,650,2610,4242.19,4,0,0,0,100.0,0.75
B-202311-75358,Booked,Senior Adventures,Historic Sites Tour,Corporate,In-person,Rooms Only,Trade/Manufacturing,Trade/Manufacturing,Direct Inquiry,Low,2023-09-28,2023-10-18,13,2023-11-15,2023-11-16,1,48,25,25,27,0,,0,0,7,1.0,4558.5,2,64.9,161.91,137.84,3446.0,0.0,0.0,3446.0,22,3032.48,0.0,0.0,3032.48,0.88,0.0,,2023,11,2,73.5,26.5,1,98.63,131.1,229.73,229.73,131.1,1,0.0,25,0,0,0,0,0,0,0,0,0,0,,0,0,0.0,0.0,0,0,0.0,0,0,0,0,0.0,0.0
B-202311-70374,Booked,Community Church,Military Reunion,SMERF,In-person,Full Package,SMERF,Religious,Cvent,Low,2023-08-02,2023-08-30,17,2023-11-16,2023-11-17,1,106,12,12,16,1,Breakout Room,1,0,11,1.0,3663.0,2,74.5,167.64,143.69,1724.28,565.87,297.36,2587.51,10,1436.9,565.87,283.2,2285.97,0.8333333333333334,17.7,,2023,11,3,61.3,38.7,1,128.49,144.96,273.45,240.43,144.96,1,0.0,12,0,0,0,1,2,1,8,0,0,1,Banquet,1,0,1.0,565.87,300,560,2000.85,1,0,0,0,0.0,0.4
B-202311-89269,Booked,HR Professionals Network,State Convention,Association,In-person,Meeting Only,Professional Services,Professional Services,Repeat Client,Medium,2023-02-23,2023-03-25,25,2023-11-16,2023-11-19,3,266,0,0,79,1,Half Ballroom,0,1,5,0.0,0.0,2,71.8,171.93,0.0,0.0,1494.43,20306.99,21801.42,0,0.0,1494.43,19339.99,20834.42,,244.81,,2023,11,0,0.0,0.0,0,0.0,0.0,0.0,0.0,0.0,0,0.0,0,0,0,0,2,3,3,24,1,0,1,Classroom,2,0,1.67,1494.43,850,4740,7352.19,4,0,0,0,100.0,0.66
B-202311-24710,Booked,Nonprofit Foundation,School District Meeting,SMERF,In-person,Full Package,Technology,Technology,Third-Party Planner,Medium,2023-08-27,2023-09-29,21,2023-11-17,2023-11-19,2,82,40,80,53,1,Half Ballroom,1,1,12,1.0,22363.88,1,70.4,168.55,145.13,11610.4,1294.23,3722.43,16627.06,63,9143.19,1294.23,3545.17,13982.59,0.7875,66.89,,2023,11,2,74.9,25.1,1,73.11,144.54,217.65,217.65,144.54,2,25.0,30,40,0,0,1,3,2,16,1,0,1,Banquet,1,0,1.0,1294.23,450,940,2769.5,2,0,0,0,33.3,0.44
B-202311-75239,Booked,Education Foundation,Certification Training,Association,In-person,Full Package,Education,Education,RFP,High,2022-12-19,2023-01-23,27,2023-11-17,2023-11-19,2,333,124,248,166,1,Grand Ballroom,1,1,8,0.0,0.0,4,70.3,165.08,150.07,37217.36,2813.97,24646.02,64677.35,174,26112.18,2813.97,23472.4,52398.55,0.7016129032258065,141.4,,2023,11,2,52.9,47.1,0,23.65,131.28,154.93,0.0,154.93,2,4.8,118,124,0,0,2,2,2,16,1,0,1,Classroom,2,0,2.0,2813.97,700,24900,30363.36,4,0,0,0,100.0,0.69
B-202311-27049,Booked,Accounting Institute,Educational Seminar Series,Association,In-person,Meeting Only,Finance,Finance,Website,Medium,2023-04-04,2023-04-29,19,2023-11-18,2023-11-21,3,228,0,0,85,1,Half Ballroom,0,0,6,1.0,35609.74,4,86.4,193.05,0.0,0.0,1939.87,7709.41,9649.28,0,0.0,1939.87,7342.3,9282.17,,86.38,,2023,11,0,0.0,0.0,0,0.0,0.0,0.0,0.0,0.0,0,0.0,0,0,0,0,2,7,3,36,1,0,1,Theater,2,0,1.57,1939.87,1850,5200,9802.99,5,0,0,0,28.6,0.71
B-202311-37297,Booked,Nonprofit Foundation,Fraternity/Sorority Reunion,SMERF,In-person,Rooms Only,Technology,Technology,Website,Low,2023-08-08,2023-08-28,17,2023-11-18,2023-11-20,2,102,48,96,52,0,,0,0,3,0.0,0.0,3,85.2,193.47,175.86,16882.56,0.0,0.0,16882.56,82,14420.52,0.0,0.0,14420.52,0.8541666666666666,0.0,,2023,11,2,58.3,41.7,0,131.79,135.89,267.68,0.0,135.89,2,0.0,48,48,0,0,0,0,0,0,0,0,0,,0,0,0.0,0.0,0,0,0.0,0,0,0,0,0.0,0.0
B-202311-87402,Booked,Private Individual,Holiday Party,Wedding/Social,In-person,Full Package,Social,Social/Private,Referral,Low,2022-12-21,2023-02-01,28,2023-11-18,2023-11-19,1,332,16,16,18,1,Breakout Room,1,1,14,1.0,6314.87,1,85.4,198.76,178.46,2855.36,572.85,2537.14,5965.35,9,1606.14,572.85,2416.32,4595.31,0.5625,134.24,,2023,11,2,63.0,37.0,1,24.97,242.38,267.35,242.38,267.35,1,0.0,16,0,0,0,1,1,1,4,0,0,1,Reception,0,0,0.0,572.85,0,810,1391.24,1,0,1,1,0.0,0.45
B-202311-69472,Booked,Social Event,Retirement Party,Wedding/Social,In-person,Full Package,Social,Social/Private,Third-Party Planner,Low,2023-01-08,2023-02-15,29,2023-11-19,2023-11-20,1,315,5,5,6,1,Boardroom,1,1,9,1.0,2817.08,1,79.8,197.15,174.17,870.85,332.01,791.03,1993.89,3,522.51,332.01,753.36,1607.88,0.6,125.56,,2023,11,4,72.2,27.8,1,143.14,132.94,276.08,220.69,132.94,1,0.0,5,0,0,0,1,2,1,8,0,1,1,Boardroom,2,0,2.0,332.01,700,330,2186.68,1,1,0,1,0.0,0.43
B-202311-53559,Booked,Education Foundation,Member Appreciation Event,Association,Hybrid,Meeting Only,Education,Education,RFP,Low,2023-06-03,2023-06-29,17,2023-11-20,2023-11-22,2,170,0,0,116,1,Half Ballroom,0,1,9,0.0,0.0,2,64.8,164.02,0.0,0.0,1229.2,7342.1,8571.3,0,0.0,1229.2,6992.48,8221.68,,60.28,,2023,11,0,0.0,0.0,0,0.0,0.0,0.0,0.0,0.0,0,0.0,0,0,0,0,2,4,2,24,1,0,1,Theater,3,1,2.0,1229.2,1500,3968,7205.66,5,0,0,0,50.0,0.97
B-202311-76770,Booked,Consulting Network,New Hire Orientation,Corporate,In-person,Full Package,Professional Services,Professional Services,Sales Call,Low,2023-09-01,2023-09-20,10,2023-11-20,2023-11-22,2,80,20,40,25,1,Breakout Room,1,0,9,0.0,0.0,2,73.4,169.15,157.16,6286.4,590.25,3603.6,10480.25,35,5500.6,590.25,3432.0,9522.85,0.875,137.28,,2023,11,3,68.4,31.6,0,165.2,128.51,293.71,0.0,136.27,2,10.0,18,20,0,0,1,2,2,16,0,0,1,Classroom,2,0,1.5,590.25,500,2625,5078.8,5,0,0,0,100.0,0.62
B-202311-37175,Booked,TechCorp Solutions,Leadership Summit,Corporate,In-person,Meeting Only,Technology,Technology,RFP,Low,2023-09-15,2023-10-03,13,2023-11-21,2023-11-23,2,67,0,0,77,1,Half Ballroom,0,0,5,1.0,17362.55,2,71.9,161.24,0.0,0.0,1903.97,11914.86,13818.83,0,0.0,1903.97,11347.49,13251.46,,147.37,,2023,11,0,0.0,0.0,0,0.0,0.0,0.0,0.0,0.0,0,0.0,0,0,0,0,2,2,2,16,1,0,1,Classroom,3,1,2.5,1903.97,1000,2232,4398.48,4,0,0,0,100.0,0.64
B-202311-27796,Booked,Regional Healthcare System,Annual Sales Conference,Corporate,In-person,Rooms Only,Healthcare,Healthcare,RFP,Low,2023-08-17,2023-09-01,9,2023-11-22,2023-11-23,1,97,24,24,26,0,,0,0,6,0.0,0.0,2,69.7,171.53,147.22,3533.28,0.0,0.0,3533.28,21,3091.62,0.0,0.0,3091.62,0.875,0.0,,2023,11,2,55.6,44.4,1,47.3,144.98,192.28,192.28,144.98,1,0.0,24,0,0,0,0,0,0,0,0,0,0,,0,0,0.0,0.0,0,0,0.0,0,0,0,0,0.0,0.0
B-202311-63849,Booked,Consulting Network,Sales Kickoff,Corporate,Hybrid,Full Package,Professional Services,Professional Services,Third-Party Planner,Low,2023-10-07,2023-10-29,9,2023-11-23,2023-11-24,1,47,14,14,17,1,Breakout Room,1,0,13,1.0,4452.1,2,61.9,159.73,138.77,1942.78,525.71,1205.95,3674.44,11,1526.47,525.71,1148.52,3200.7,0.7857142857142857,67.56,,2023,11,2,58.0,42.0,0,138.26,152.36,290.62,0.0,152.36,1,0.0,14,0,0,0,1,1,1,8,0,0,1,Theater,2,0,2.0,525.71,350,1105,2444.34,3,0,0,0,100.0,0.42
B-202311-91948,Booked,Financial Services Group,Annual Sales Conference,Corporate,Hybrid,Full Package,Finance,Finance,Sales Call,Medium,2023-10-03,2023-10-26,11,2023-11-23,2023-11-26,3,51,39,117,51,1,Half Ballroom,1,0,12,1.0,35194.85,2,72.9,165.68,147.48,17255.16,1316.05,11466.13,30037.34,112,16517.76,1316.05,10920.12,28753.93,0.9572649572649572,214.12,,2023,11,3,59.5,40.5,1,117.43,162.74,280.17,191.64,162.74,2,12.3,28,39,37,0,1,3,3,24,1,0,1,Classroom,3,1,1.67,1316.05,950,4656,7368.63,5,0,0,0,100.0,0.42
B-202311-29558,Booked,Energy Solutions,Performance Review Summit,Corporate,In-person,Full Package,Healthcare,Other,Direct Inquiry,Medium,2023-08-23,2023-09-13,14,2023-11-25,2023-11-27,2,94,34,68,42,1,Half Ballroom,1,0,7,1.0,20982.04,2,71.0,158.58,145.5,9894.0,1103.33,6363.63,17360.96,58,8439.0,1103.33,6060.6,15602.93,0.8529411764705882,144.3,,2023,11,2,65.5,34.5,1,107.73,140.18,247.91,247.91,140.18,2,23.5,26,34,0,0,1,2,2,16,1,0,1,Classroom,3,1,2.5,1103.33,1000,3120,5391.57,4,0,0,0,100.0,0.35
B-202311-81618,Booked,Private Individual,Bar/Bat Mitzvah,Wedding/Social,In-person,Rooms Only,Social,Social/Private,Cvent,Low,2023-05-01,2023-05-24,16,2023-11-25,2023-11-26,1,208,33,33,36,0,,0,1,7,1.0,5276.18,3,69.0,166.68,149.37,4929.21,0.0,0.0,4929.21,17,2539.29,0.0,0.0,2539.29,0.5151515151515151,0.0,,2023,11,4,53.3,46.7,1,89.58,143.2,232.78,232.78,143.2,1,0.0,33,0,0,0,0,0,0,0,0,0,0,,0,0,0.0,0.0,0,0,0.0,0,0,0,0,0.0,0.0
B-202311-55693,Booked,Consulting Network,Management Training,Corporate,In-person,Full Package,Professional Services,Professional Services,RFP,Low,2023-10-29,2023-11-18,13,2023-11-28,2023-11-29,1,30,51,51,58,1,Half Ballroom,1,1,7,0.0,0.0,2,69.0,163.08,143.25,7305.75,959.51,4699.65,12964.91,48,6876.0,959.51,4475.86,12311.37,0.9411764705882352,77.17,,2023,11,2,53.1,46.9,0,23.19,143.94,167.13,0.0,143.94,1,0.0,51,0,0,0,1,1,1,8,1,0,1,Classroom,2,0,2.0,959.51,350,1560,2457.39,3,0,0,0,100.0,0.48
B-202311-34032,Booked,Education Foundation,Industry Forum,Association,In-person,Full Package,Education,Education,Referral,Medium,2023-04-30,2023-05-31,18,2023-11-30,2023-12-02,2,214,57,114,76,1,Half Ballroom,1,0,13,1.0,37197.66,2,66.7,161.92,143.51,16360.14,1270.65,12713.74,30344.53,81,11624.31,1270.65,12108.32,25003.28,0.7105263157894737,159.32,,2023,11,2,50.8,49.2,0,18.15,127.35,145.5,0.0,145.5,2,12.3,50,57,0,0,1,2,2,16,1,0,1,Classroom,2,0,2.0,1270.65,700,2600,4501.76,4,0,0,0,100.0,0.63
B-202311-49229,Booked,Real Estate Board,Professional Development Symposium,Association,In-person,Full Package,Government,Government,Website,Medium,2023-02-17,2023-03-20,20,2023-11-30,2023-12-02,2,286,54,108,65,1,Half Ballroom,1,1,11,1.0,34852.69,2,72.5,170.11,155.89,16836.12,967.35,10013.64,27817.11,77,12003.53,967.35,9536.8,22507.68,0.7129629629629629,146.72,,2023,11,3,62.0,38.0,1,89.36,143.98,233.34,233.34,143.98,2,16.7,45,54,0,0,1,2,2,16,1,0,1,Banquet,3,1,3.0,967.35,1300,2340,4809.63,5,0,0,0,100.0,0.54
B-202312-21683,Booked,Real Estate Board,Continuing Education Conference,Association,In-person,Meeting Only,Government,Government,Repeat Client,High,2023-03-20,2023-04-14,17,2023-12-01,2023-12-04,3,256,0,0,138,1,Grand Ballroom,0,0,8,0.0,0.0,2,45.1,142.63,0.0,0.0,1534.14,36083.0,37617.14,0,0.0,1534.14,34364.76,35898.9,,249.02,,2023,12,0,0.0,0.0,0,0.0,0.0,0.0,0.0,0.0,0,0.0,0,0,0,0,1,3,3,24,1,0,1,Theater,3,1,3.0,1534.14,1950,31602,41399.61,5,0,0,0,100.0,0.57
B-202312-36302,Booked,Regional Healthcare System,Executive Offsite,Corporate,In-person,Full Package,Healthcare,Healthcare,RFP,Low,2023-09-13,2023-10-10,14,2023-12-03,2023-12-04,1,81,62,62,71,1,Half Ballroom,1,0,13,0.0,0.0,2,42.8,143.51,127.52,7906.24,1661.07,5418.29,14985.6,49,6248.48,1661.07,5160.28,13069.83,0.7903225806451613,72.68,,2023,12,4,72.7,27.3,1,130.95,135.01,265.96,179.57,135.01,1,0.0,62,0,0,0,2,1,1,8,1,0,1,Classroom,2,0,2.0,1661.07,350,1848,2786.29,4,0,0,0,100.0,0.59
B-202312-15651,Booked,Consulting Network,New Hire Orientation,Corporate,Hybrid,Rooms Only,Professional Services,Professional Services,RFP,Medium,2023-09-28,2023-10-13,8,2023-12-06,2023-12-08,2,69,64,128,70,0,,0,0,7,1.0,20582.83,2,41.8,148.28,133.54,17093.12,0.0,0.0,17093.12,116,15490.64,0.0,0.0,15490.64,0.90625,0.0,,2023,12,4,62.6,37.4,1,78.5,136.77,215.27,215.27,136.77,2,1.6,63,64,0,0,0,0,0,0,0,0,0,,0,0,0.0,0.0,0,0,0.0,0,0,0,0,0.0,0.0
B-202312-50283,Booked,Local School District,High School Reunion,SMERF,In-person,Full Package,Education,Education,Direct Inquiry,Low,2023-08-31,2023-09-29,19,2023-12-06,2023-12-07,1,97,37,37,45,1,Half Ballroom,1,0,10,0.0,0.0,2,48.8,146.8,126.62,4684.94,1235.3,1290.87,7211.11,32,4051.84,1235.3,1229.4,6516.54,0.8648648648648649,27.32,,2023,12,3,65.8,34.2,1,105.19,162.82,268.01,189.13,268.01,1,0.0,37,0,0,0,1,2,1,8,1,0,1,Classroom,2,0,1.5,1235.3,500,940,2119.66,2,0,0,0,0.0,0.38
B-202312-19698,Booked,Nursing Council,Leadership Institute,Association,In-person,Full Package,Healthcare,Healthcare,Website,High,2023-07-24,2023-08-23,16,2023-12-09,2023-12-10,1,138,68,68,90,1,Half Ballroom,1,0,14,1.0,22336.84,4,48.6,149.09,137.56,9354.08,1499.85,2702.7,13556.63,51,7015.56,1499.85,2574.0,11089.41,0.75,28.6,,2023,12,2,57.3,42.7,1,39.9,136.81,176.71,176.71,136.81,1,0.0,68,0,0,0,2,3,1,12,1,0,1,Classroom,2,0,2.0,1499.85,1050,1592,3685.19,4,0,0,0,0.0,0.75
B-202312-43468,Booked,Legal Society,Educational Seminar Series,Association,In-person,Full Package,Legal,Legal,Referral,Medium,2023-05-16,2023-06-14,18,2023-12-09,2023-12-11,2,207,68,136,82,1,Half Ballroom,1,1,11,0.0,0.0,1,48.4,154.81,135.78,18466.08,1279.75,5692.07,25437.9,92,12491.76,1279.75,5421.02,19192.53,0.6764705882352942,66.11,,2023,12,3,58.8,41.2,0,145.02,132.94,277.96,0.0,132.94,2,11.8,60,68,0,0,2,4,2,24,1,0,1,Classroom,3,1,2.25,1279.75,1700,4192,7706.14,5,0,0,0,50.0,0.68
B-202312-37948,Booked,Retail Corporation,Sales Kickoff,Corporate,In-person,Full Package,Finance,Other,Cvent,Medium,2023-10-04,2023-10-28,10,2023-12-11,2023-12-14,3,68,51,153,65,1,Half Ballroom,1,1,14,0.0,0.0,4,45.9,154.0,130.7,19997.1,1554.36,16898.7,38450.16,151,19735.7,1554.36,16094.0,37384.06,0.9869281045751634,247.6,,2023,12,3,57.3,42.7,1,116.12,163.74,279.86,195.0,279.86,2,7.6,49,51,42,0,2,3,3,24,1,0,1,Theater,3,1,2.33,1554.36,1350,6024,9135.29,5,0,0,0,100.0,0.54
B-202312-47132,Booked,Professional Services Group,Leadership Summit,Corporate,In-person,Rooms Only,Professional Services,Other,RFP,Medium,2023-08-25,2023-09-12,11,2023-12-12,2023-12-13,1,109,64,64,70,0,,0,1,7,1.0,10488.99,2,41.2,153.78,137.2,8780.8,0.0,0.0,8780.8,51,6997.2,0.0,0.0,6997.2,0.796875,0.0,,2023,12,4,59.1,40.9,0,144.51,143.5,288.01,0.0,154.67,1,0.0,64,0,0,0,0,0,0,0,0,0,0,,0,0,0.0,0.0,0,0,0.0,0,0,0,0,0.0,0.0
B-202312-83100,Booked,Professional Engineers Society,Networking Summit,Association,In-person,Full Package,Association,Other,Referral,High,2023-02-28,2023-03-30,20,2023-12-12,2023-12-15,3,287,120,360,138,1,Grand Ballroom,1,0,10,0.0,0.0,2,40.2,146.68,127.35,45846.0,2533.13,33957.32,82336.45,249,31710.15,2533.13,32340.3,66583.58,0.6916666666666667,234.35,,2023,12,3,51.3,48.7,1,127.78,143.72,271.5,189.47,271.5,2,1.2,117,120,117,0,2,3,3,24,1,0,1,Theater,3,1,2.67,2533.13,1650,29394,38420.02,4,0,0,0,100.0,0.57
B-202312-95701,Booked,Senior Adventures,Heritage Tour Group,SMERF,In-person,Rooms Only,Government,Government,Direct Inquiry,Low,2023-09-06,2023-10-01,19,2023-12-13,2023-12-14,1,98,26,26,28,0,,0,0,6,0.0,0.0,3,43.7,140.39,116.31,3024.06,0.0,0.0,3024.06,24,2791.44,0.0,0.0,2791.44,0.9230769230769232,0.0,,2023,12,2,64.0,36.0,1,68.81,217.08,285.89,217.08,217.08,1,0.0,26,0,0,0,0,0,0,0,0,0,0,,0,0,0.0,0.0,0,0,0.0,0,0,0,0,0.0,0.0
B-202312-86282,Booked,Pharmaceutical Partners,Board of Directors Meeting,Corporate,Hybrid,Full Package,Healthcare,Healthcare,Cvent,Low,2023-08-23,2023-09-19,14,2023-12-15,2023-12-16,1,114,44,44,50,1,Half Ballroom,1,1,13,0.0,0.0,1,44.3,153.8,139.25,6127.0,1386.81,3499.13,11012.94,38,5291.5,1386.81,3332.5,10010.81,0.8636363636363636,66.65,,2023,12,4,73.9,26.1,1,131.14,153.34,284.48,234.61,169.77,1,0.0,44,0,0,0,1,1,1,8,1,0,1,Theater,3,1,3.0,1386.81,650,1848,3115.37,4,0,0,0,100.0,0.42
B-202312-19188,Booked,Private Individual,Quinceañera Celebration,Wedding/Social,In-person,Full Package,Social,Social/Private,RFP,Low,2023-05-15,2023-06-21,23,2023-12-16,2023-12-17,1,215,22,22,25,1,Breakout Room,1,0,14,0.0,0.0,4,47.3,150.6,135.86,2988.92,549.52,3573.94,7112.38,15,2037.9,549.52,3403.75,5991.17,0.6818181818181818,136.15,,2023,12,4,56.5,43.5,1,126.31,151.29,277.6,235.97,151.29,1,0.0,22,0,0,0,1,1,1,4,0,0,1,Banquet,0,0,0.0,549.52,0,1375,1947.26,1,1,0,1,0.0,0.62
B-202312-79798,Booked,Private Party,Williams-Brown Wedding,Wedding/Social,In-person,Rooms Only,Social,Social/Private,Sales Call,Low,2023-06-12,2023-07-16,28,2023-12-16,2023-12-17,1,187,26,26,28,0,,0,1,6,0.0,0.0,1,40.8,145.3,123.65,3214.9,0.0,0.0,3214.9,16,1978.4,0.0,0.0,1978.4,0.6153846153846154,0.0,,2023,12,2,70.8,29.2,1,74.39,153.62,228.01,228.01,153.62,1,0.0,26,0,0,0,0,0,0,0,0,0,0,,0,0,0.0,0.0,0,0,0.0,0,0,0,0,0.0,0.0
B-202312-92941,Booked,Global Industries,Performance Review Summit,Corporate,Hybrid,Full Package,Healthcare,Other,Website,Medium,2023-11-12,2023-12-05,10,2023-12-16,2023-12-18,2,34,30,60,39,1,Breakout Room,1,1,13,0.0,0.0,1,43.6,151.92,128.6,7716.0,383.22,6292.79,14392.01,48,6172.8,383.22,5993.13,12549.15,0.8,153.67,,2023,12,2,50.1,49.9,0,2.58,142.29,144.87,0.0,142.29,2,30.0,21,30,0,0,1,2,2,16,0,0,1,Theater,2,0,1.5,383.22,500,5544,8156.51,4,0,0,0,100.0,0.97
B-202312-87564,Booked,State Medical Association,Educational Seminar Series,Association,Hybrid,Full Package,Healthcare,Healthcare,Repeat Client,High,2023-03-26,2023-04-28,22,2023-12-20,2023-12-21,1,269,76,76,98,1,Half Ballroom,1,1,11,0.0,0.0,1,43.7,149.1,129.93,9874.68,1190.69,2781.39,13846.76,57,7406.01,1190.69,2648.94,11245.64,0.75,27.03,,2023,12,4,62.7,37.3,1,149.99,128.95,278.94,187.06,128.95,1,0.0,76,0,0,0,2,2,1,12,1,0,1,Theater,2,0,1.5,1190.69,500,1860,3260.04,3,0,0,0,50.0,0.82
B-202312-69037,Booked,Social Event,Williams-Brown Wedding,Wedding/Social,In-person,Full Package,Social,Social/Private,Cvent,Low,2023-05-17,2023-07-08,41,2023-12-21,2023-12-22,1,218,38,38,44,1,Half Ballroom,1,1,11,0.0,0.0,1,47.3,145.41,125.13,4754.94,1144.04,5466.38,11365.36,21,2627.73,1144.04,5206.08,8977.85,0.5526315789473685,118.32,,2023,12,2,70.1,29.9,1,45.7,144.56,190.26,190.26,190.26,1,0.0,38,0,0,0,1,2,1,8,1,0,1,Reception,1,0,1.0,1144.04,300,1320,2318.22,1,1,0,1,0.0,0.37
B-202312-17234,Booked,Family Celebration,Bar/Bat Mitzvah,Wedding/Social,In-person,Rooms Only,Social,Social/Private,Website,Low,2023-04-18,2023-05-14,21,2023-12-22,2023-12-23,1,248,22,22,24,0,,0,0,5,0.0,0.0,3,48.3,147.58,127.8,2811.6,0.0,0.0,2811.6,13,1661.4,0.0,0.0,1661.4,0.5909090909090909,0.0,,2023,12,2,69.6,30.4,0,120.78,154.88,275.66,0.0,154.88,1,0.0,22,0,0,0,0,0,0,0,0,0,0,,0,0,0.0,0.0,0,0,0.0,0,0,0,0,0.0,0.0
B-202312-33582,Booked,Personal Event,Anniversary Celebration,Wedding/Social,In-person,Full Package,Social,Social/Private,Website,Low,2023-03-18,2023-04-23,28,2023-12-22,2023-12-23,1,279,45,45,56,1,Half Ballroom,1,0,8,0.0,0.0,2,45.6,149.13,132.18,5948.1,876.25,7299.43,14123.78,26,3436.68,876.25,6951.84,11264.77,0.5777777777777777,124.14,,2023,12,2,54.9,45.1,1,17.33,162.35,179.68,179.68,162.35,1,0.0,45,0,0,0,1,2,1,8,1,0,1,Banquet,2,0,1.5,876.25,500,1080,2235.0,1,0,1,1,0.0,0.47
B-202312-14569,Booked,Private Individual,Holiday Party,Wedding/Social,In-person,Rooms Only,Social,Social/Private,RFP,Low,2022-12-23,2023-01-28,32,2023-12-23,2023-12-24,1,365,43,43,47,0,,0,1,4,1.0,6715.14,3,36.6,146.59,133.39,5735.77,0.0,0.0,5735.77,24,3201.36,0.0,0.0,3201.36,0.5581395348837209,0.0,,2023,12,2,64.8,35.2,1,72.36,154.48,226.84,226.84,154.48,1,0.0,43,0,0,0,0,0,0,0,0,0,0,,0,0,0.0,0.0,0,0,0.0,0,0,0,0,0.0,0.0
B-202312-19441,Booked,Insurance Federation,Board Retreat,Association,In-person,Full Package,Finance,Finance,Cvent,Medium,2023-02-28,2023-03-29,19,2023-12-24,2023-12-25,1,299,118,118,155,1,Grand Ballroom,1,0,10,0.0,0.0,2,45.8,141.38,120.75,14248.5,2458.21,5907.82,22614.53,76,9177.0,2458.21,5626.5,17261.71,0.6440677966101694,36.3,,2023,12,3,71.6,28.4,0,27.37,136.05,163.42,0.0,136.05,1,0.0,118,0,0,0,1,1,1,8,1,0,1,Classroom,3,1,3.0,2458.21,650,8215,11484.79,2,0,0,0,100.0,0.65
B-202312-37637,Booked,Social Event,Graduation Celebration,Wedding/Social,In-person,Full Package,Social,Social/Private,RFP,Low,2023-02-27,2023-04-14,39,2023-12-24,2023-12-25,1,300,50,50,66,1,Half Ballroom,1,0,7,1.0,18763.87,3,42.0,146.9,121.14,6057.0,1037.02,7545.38,14639.4,28,3391.92,1037.02,7186.08,11615.02,0.56,108.88,,2023,12,2,51.2,48.8,1,66.81,216.27,283.08,216.27,216.27,1,0.0,50,0,0,0,1,1,1,4,1,0,1,Banquet,0,0,0.0,1037.02,0,1320,1654.76,1,1,0,1,0.0,0.55
B-202312-94907,Booked,Professional Engineers Society,Certification Training,Association,In-person,Full Package,Association,Other,RFP,Medium,2023-01-21,2023-02-23,25,2023-12-25,2023-12-27,2,338,63,126,72,1,Half Ballroom,1,1,8,1.0,48842.79,4,41.3,138.66,117.76,14837.76,1589.49,12613.1,29040.35,93,10951.68,1589.49,12012.48,24553.65,0.7380952380952381,166.84,,2023,12,3,53.8,46.2,0,146.2,139.55,285.75,0.0,139.55,2,4.8,60,63,0,0,2,2,2,16,1,0,1,Banquet,1,0,1.0,1589.49,300,2100,3690.66,4,0,0,0,100.0,0.6
B-202312-50334,Booked,Private Party,Retirement Party,Wedding/Social,In-person,Full Package,Social,Social/Private,Repeat Client,Low,2022-12-26,2023-02-15,39,2023-12-26,2023-12-27,1,365,5,5,6,1,Boardroom,1,1,12,0.0,0.0,2,44.2,142.12,129.12,645.6,308.0,807.72,1761.32,3,387.36,308.0,769.26,1464.62,0.6,128.21,,2023,12,4,70.9,29.1,1,149.7,125.8,275.5,192.31,125.8,1,0.0,5,0,0,0,1,1,1,4,0,1,1,Boardroom,1,0,1.0,308.0,150,330,1077.33,1,1,0,1,0.0,0.43
B-202312-54216,Booked,Veterans Group,Military Reunion,SMERF,Virtual,Rooms Only,Government,Government,Repeat Client,Medium,2023-09-29,2023-10-23,17,2023-12-26,2023-12-27,1,88,60,60,66,0,,0,0,7,0.0,0.0,1,45.9,143.16,117.79,7067.4,0.0,0.0,7067.4,46,5418.34,0.0,0.0,5418.34,0.7666666666666667,0.0,,2023,12,2,57.0,43.0,1,97.61,126.94,224.55,224.55,126.94,1,0.0,60,0,0,0,0,0,0,0,0,0,0,,0,0,0.0,0.0,0,0,0.0,0,0,0,0,0.0,0.0
B-202312-34151,Booked,Professional Services Group,Regional Team Meeting,Corporate,Hybrid,Full Package,Professional Services,Other,Cvent,Low,2023-10-06,2023-10-30,14,2023-12-29,2023-12-30,1,84,48,48,57,1,Half Ballroom,1,0,10,1.0,14381.91,2,38.6,145.57,123.81,5942.88,993.84,4174.54,11111.26,38,4704.78,993.84,3975.75,9674.37,0.7916666666666666,69.75,,2023,12,4,73.2,26.8,1,148.91,138.38,287.29,219.85,138.38,1,0.0,48,0,0,0,1,1,1,8,1,0,1,Classroom,3,1,3.0,993.84,650,1008,2286.25,3,0,0,0,100.0,0.47
B-202312-95572,Booked,Consulting Network,Town Hall Meeting,Corporate,Hybrid,Full Package,Professional Services,Professional Services,Direct Inquiry,Low,2023-09-20,2023-10-13,13,2023-12-29,2023-12-30,1,100,39,39,53,1,Half Ballroom,1,1,10,1.0,13225.6,2,41.7,150.91,134.64,5250.96,904.25,2359.0,8514.21,37,4981.68,904.25,2246.67,8132.6,0.9487179487179488,42.39,,2023,12,3,56.6,43.4,1,156.18,133.72,289.9,223.25,133.72,1,0.0,39,0,0,0,1,1,1,8,1,0,1,Theater,2,0,2.0,904.25,350,720,1695.83,2,0,0,0,100.0,0.44
B-202312-25963,Booked,TechCorp Solutions,Leadership Summit,Corporate,In-person,Rooms Only,Technology,Technology,Third-Party Planner,Low,2023-10-31,2023-11-19,12,2023-12-31,2024-01-02,2,61,23,46,25,0,,0,0,7,0.0,0.0,1,45.9,145.36,120.85,5559.1,0.0,0.0,5559.1,44,5317.4,0.0,0.0,5317.4,0.9565217391304348,0.0,,2023,12,4,71.9,28.1,1,144.48,138.8,283.28,169.49,138.8,2,39.1,14,23,0,0,0,0,0,0,0,0,0,,0,0,0.0,0.0,0,0,0.0,0,0,0,0,0.0,0.0
B-202401-46335,Booked,HR Professionals Network,State Convention,Association,In-person,Full Package,Professional Services,Professional Services,Third-Party Planner,Medium,2023-04-17,2023-05-15,16,2024-01-01,2024-01-04,3,259,38,114,53,1,Half Ballroom,1,0,12,1.0,38255.98,3,50.5,147.39,130.16,14838.24,988.91,11148.36,26975.51,90,11714.4,988.91,10617.49,23320.8,0.7894736842105263,200.33,,2024,1,4,63.5,36.5,1,106.76,136.22,242.98,242.98,136.22,2,1.2,37,38,37,0,1,3,3,24,1,0,1,Banquet,2,0,1.67,988.91,850,3420,6053.26,5,0,0,0,100.0,0.44
B-202401-68387,Booked,Dental Association,Continuing Education Conference,Association,In-person,Full Package,Healthcare,Healthcare,Third-Party Planner,Medium,2023-05-24,2023-06-22,19,2024-01-01,2024-01-03,2,222,70,140,97,1,Half Ballroom,1,1,10,1.0,49547.0,1,46.2,152.84,136.66,19132.4,1128.01,5785.08,26045.49,111,15169.26,1128.01,5509.6,21806.87,0.7928571428571428,56.8,,2024,1,4,53.1,46.9,1,162.67,127.06,289.73,171.38,127.06,2,4.3,67,70,0,0,1,5,2,24,1,0,1,Classroom,2,0,1.8,1128.01,1550,4112,7506.67,5,0,0,0,20.0,0.81
B-202401-70994,Booked,Family Celebration,Charity Gala,Wedding/Social,In-person,Rooms Only,Social,Social/Private,Direct Inquiry,Low,2023-06-01,2023-07-16,41,2024-01-04,2024-01-05,1,217,37,37,40,0,,0,1,4,1.0,5925.54,1,46.5,149.73,138.99,5142.63,0.0,0.0,5142.63,21,2918.79,0.0,0.0,2918.79,0.5675675675675675,0.0,,2024,1,4,62.6,37.4,1,94.88,146.32,241.2,241.2,146.32,1,0.0,37,0,0,0,0,0,0,0,0,0,0,,0,0,0.0,0.0,0,0,0.0,0,0,0,0,0.0,0.0
B-202401-75054,Booked,Regional Healthcare System,Leadership Summit,Corporate,Hybrid,Full Package,Healthcare,Healthcare,Referral,Medium,2023-10-09,2023-11-01,13,2024-01-04,2024-01-07,3,87,35,105,47,1,Half Ballroom,1,0,10,0.0,0.0,1,45.7,150.51,132.38,13899.9,1219.15,11334.21,26453.26,92,12178.96,1219.15,10794.49,24192.6,0.8761904761904762,229.67,,2024,1,2,57.5,42.5,1,13.25,252.51,265.76,252.51,265.76,2,2.3,34,35,33,0,1,3,3,24,1,0,1,Classroom,3,1,2.67,1219.15,1650,5208,8671.82,5,0,0,0,100.0,0.39
B-202401-58891,Booked,Regional Healthcare System,New Hire Orientation,Corporate,In-person,Full Package,Healthcare,Healthcare,Direct Inquiry,Medium,2023-09-29,2023-10-21,13,2024-01-05,2024-01-06,1,98,63,63,77,1,Half Ballroom,1,0,9,0.0,0.0,2,46.1,145.41,129.98,8188.74,1223.66,3468.46,12880.86,51,6628.98,1223.66,3303.3,11155.94,0.8095238095238095,42.9,,2024,1,3,72.5,27.5,1,140.69,140.01,280.7,186.93,140.01,1,0.0,63,0,0,0,2,1,1,8,1,0,1,Classroom,1,0,1.0,1223.66,150,1512,2272.34,2,0,0,0,100.0,0.64
B-202401-72208,Booked,Personal Event,Memorial Service Gathering,Wedding/Social,In-person,Full Package,Social,Social/Private,Repeat Client,Medium,2023-04-03,2023-05-21,38,2024-01-05,2024-01-06,1,277,27,27,37,1,Breakout Room,1,1,10,0.0,0.0,1,52.0,155.53,133.85,3613.95,417.07,5067.21,9098.23,16,2141.6,417.07,4825.91,7384.58,0.5925925925925926,130.43,,2024,1,2,59.3,40.7,0,4.76,146.87,151.63,0.0,151.63,1,0.0,27,0,0,0,1,1,1,4,0,0,1,Banquet,2,0,2.0,417.07,350,1665,2629.85,1,0,1,1,0.0,0.93
B-202401-39724,Booked,Education Foundation,Networking Summit,Association,Virtual,Full Package,Education,Education,Referral,Low,2023-07-11,2023-08-11,23,2024-01-06,2024-01-07,1,179,18,18,21,1,Breakout Room,1,0,8,0.0,0.0,1,45.2,150.13,132.61,2386.98,503.88,1502.71,4393.57,13,1723.93,503.88,1431.15,3658.96,0.7222222222222222,68.15,,2024,1,2,61.4,38.6,0,160.65,128.33,288.98,0.0,128.33,1,0.0,18,0,0,0,1,1,1,8,0,0,1,Classroom,1,0,1.0,503.88,150,1617,2835.84,4,0,0,0,100.0,0.53
B-202401-84437,Booked,Family Celebration,Graduation Celebration,Wedding/Social,In-person,Rooms Only,Social,Social/Private,Sales Call,Low,2023-04-03,2023-05-01,22,2024-01-06,2024-01-08,2,278,30,60,33,0,,0,1,6,0.0,0.0,4,42.5,150.93,136.5,8190.0,0.0,0.0,8190.0,38,5187.0,0.0,0.0,5187.0,0.6333333333333333,0.0,,2024,1,3,74.2,25.8,1,57.42,136.98,194.4,194.4,136.98,2,0.0,30,30,0,0,0,0,0,0,0,0,0,,0,0,0.0,0.0,0,0,0.0,0,0,0,0,0.0,0.0
B-202401-93747,Booked,Pharmaceutical Partners,Performance Review Summit,Corporate,Virtual,Full Package,Healthcare,Healthcare,Direct Inquiry,Medium,2023-10-29,2023-11-19,9,2024-01-10,2024-01-12,2,73,37,74,46,1,Half Ballroom,1,1,12,0.0,0.0,1,45.2,146.16,127.17,9410.58,1160.16,7815.91,18386.65,61,7757.37,1160.16,7443.72,16361.25,0.8243243243243243,161.82,,2024,1,2,59.9,40.1,1,92.4,173.67,266.07,173.67,266.07,2,32.4,25,37,0,0,1,2,2,16,1,0,1,Classroom,3,1,2.5,1160.16,1000,3048,5286.44,4,0,0,0,100.0,0.38
B-202401-41079,Booked,Financial Services Group,Management Training,Corporate,In-person,Full Package,Finance,Finance,Repeat Client,Medium,2023-09-25,2023-10-17,9,2024-01-11,2024-01-12,1,108,45,45,61,1,Half Ballroom,1,0,13,1.0,18877.07,1,47.7,150.5,133.97,6028.65,1236.98,4681.41,11947.04,44,5894.68,1236.98,4458.49,11590.15,0.9777777777777776,73.09,,2024,1,4,66.2,33.8,1,152.73,130.94,283.67,215.68,130.94,1,0.0,45,0,0,0,1,1,1,8,1,0,1,Classroom,2,0,2.0,1236.98,350,1848,2765.33,4,0,0,0,100.0,0.51
B-202401-45043,Booked,Social Event,Memorial Service Gathering,Wedding/Social,In-person,Full Package,Social,Social/Private,Third-Party Planner,Low,2023-07-12,2023-08-31,38,2024-01-11,2024-01-12,1,183,18,18,23,1,Breakout Room,1,0,12,0.0,0.0,2,49.5,146.03,121.41,2185.38,524.84,3594.97,6305.19,11,1335.51,524.84,3423.78,5284.13,0.6111111111111112,148.86,,2024,1,4,72.9,27.1,0,140.03,137.86,277.89,0.0,143.31,1,0.0,18,0,0,0,1,2,1,8,0,0,1,Banquet,2,0,1.0,524.84,350,1265,2744.45,1,1,0,1,0.0,0.57
B-202401-84536,Booked,Dental Association,Certification Training,Association,In-person,Meeting Only,Healthcare,Healthcare,Third-Party Planner,Low,2023-04-30,2023-05-31,21,2024-01-11,2024-01-13,2,256,0,0,60,1,Half Ballroom,0,1,10,1.0,19530.68,3,44.7,147.73,0.0,0.0,846.29,9843.12,10689.41,0,0.0,846.29,9374.4,10220.69,,156.24,,2024,1,0,0.0,0.0,0,0.0,0.0,0.0,0.0,0.0,0,0.0,0,0,0,0,1,2,2,16,1,0,1,Banquet,3,1,2.0,846.29,800,1860,3863.2,4,0,0,0,100.0,0.5
B-202401-94500,Booked,Regional Healthcare System,Customer Advisory Board,Corporate,Hybrid,Full Package,Healthcare,Healthcare,RFP,Medium,2023-11-12,2023-12-01,7,2024-01-12,2024-01-14,2,61,45,90,53,1,Half Ballroom,1,0,12,1.0,32642.0,2,48.3,146.35,127.87,11508.3,1318.96,8595.14,21422.4,75,9590.25,1318.96,8185.85,19095.06,0.8333333333333334,154.45,,2024,1,2,74.4,25.6,1,84.96,146.95,231.91,231.91,231.91,2,26.7,33,45,0,0,1,2,2,16,1,0,1,Classroom,2,0,2.0,1318.96,700,4176,6065.38,4,0,0,0,100.0,0.44
B-202401-66051,Booked,HR Professionals Network,Annual Member Conference,Association,In-person,Full Package,Professional Services,Professional Services,Website,High,2023-04-26,2023-05-22,19,2024-01-13,2024-01-15,2,262,98,196,119,1,Half Ballroom,1,0,7,1.0,57425.02,3,49.7,139.49,116.51,22835.96,1335.85,7960.56,32132.37,148,17243.48,1335.85,7581.49,26160.82,0.7551020408163265,63.71,,2024,1,2,74.5,25.5,1,66.19,151.43,217.62,217.62,151.43,2,12.2,86,98,0,0,2,5,2,24,1,0,1,Classroom,3,1,2.0,1335.85,1850,2560,6331.61,3,0,0,0,20.0,0.99
B-202401-20013,Booked,Financial Services Group,New Hire Orientation,Corporate,Hybrid,Full Package,Finance,Finance,Repeat Client,Medium,2023-11-18,2023-12-04,9,2024-01-14,2024-01-15,1,57,37,37,49,1,Half Ballroom,1,1,7,1.0,15296.8,2,43.7,148.11,135.52,5014.24,841.7,4037.28,9893.22,31,4201.12,841.7,3845.03,8887.85,0.8378378378378378,78.47,,2024,1,3,63.4,36.6,1,137.83,146.41,284.24,251.77,146.41,1,0.0,37,0,0,0,1,1,1,8,1,0,1,Banquet,3,1,3.0,841.7,650,1800,3013.74,3,0,0,0,100.0,0.41
B-202401-34182,Booked,Pharmaceutical Partners,Annual Sales Conference,Corporate,In-person,Meeting Only,Healthcare,Healthcare,Cvent,Low,2023-11-08,2023-11-25,10,2024-01-15,2024-01-17,2,68,0,0,96,1,Half Ballroom,0,0,7,1.0,20405.93,1,43.3,145.1,0.0,0.0,1501.66,5855.47,7357.13,0,0.0,1501.66,5576.64,7078.3,,58.09,,2024,1,0,0.0,0.0,0,0.0,0.0,0.0,0.0,0.0,0,0.0,0,0,0,0,2,4,2,24,1,0,1,Theater,2,0,1.75,1501.66,1200,3630,6701.42,5,0,0,0,50.0,0.8
B-202401-43162,Booked,Private Individual,Martinez-Garcia Wedding,Wedding/Social,In-person,Rooms Only,Social,Social/Private,Direct Inquiry,Low,2023-04-04,2023-05-11,33,2024-01-16,2024-01-17,1,287,19,19,20,0,,0,0,4,1.0,3138.43,2,49.0,149.08,136.61,2595.59,0.0,0.0,2595.59,12,1639.32,0.0,0.0,1639.32,0.631578947368421,0.0,,2024,1,4,52.9,47.1,1,147.22,133.39,280.61,188.25,133.39,1,0.0,19,0,0,0,0,0,0,0,0,0,0,,0,0,0.0,0.0,0,0,0.0,0,0,0,0,0.0,0.0
B-202401-83202,Booked,Professional Engineers Society,Leadership Institute,Association,Hybrid,Full Package,Association,Other,RFP,Medium,2023-07-22,2023-08-21,17,2024-01-16,2024-01-18,2,178,64,128,83,1,Half Ballroom,1,0,13,0.0,0.0,3,42.6,149.88,128.58,16458.24,1216.74,4772.33,22447.31,82,10543.56,1216.74,4545.08,16305.38,0.640625,54.76,,2024,1,4,61.2,38.8,1,126.9,125.15,252.05,252.05,125.15,2,7.8,59,64,0,0,1,5,2,24,1,0,1,Theater,2,0,1.8,1216.74,1550,4272,7708.94,5,0,0,0,20.0,0.69
B-202401-13266,Booked,Tour Operator Network,Museum Tour Package,Corporate,In-person,Rooms Only,Technology,Technology,Cvent,Medium,2023-10-23,2023-11-13,14,2024-01-18,2024-01-19,1,87,39,39,42,0,,0,0,7,0.0,0.0,2,48.6,149.75,130.85,5103.15,0.0,0.0,5103.15,37,4841.45,0.0,0.0,4841.45,0.9487179487179488,0.0,,2024,1,3,55.8,44.2,1,75.29,143.6,218.89,218.89,143.6,1,0.0,39,0,0,0,0,0,0,0,0,0,0,,0,0,0.0,0.0,0,0,0.0,0,0,0,0,0.0,0.0
B-202401-94679,Booked,Pharmaceutical Partners,Innovation Workshop,Corporate,In-person,Full Package,Healthcare,Healthcare,Sales Call,High,2023-11-05,2023-11-23,8,2024-01-19,2024-01-22,3,75,62,186,77,1,Half Ballroom,1,1,10,0.0,0.0,4,42.3,152.58,127.5,23715.0,1356.79,19881.82,44953.61,176,22440.0,1356.79,18935.07,42731.86,0.946236559139785,245.91,,2024,1,4,66.6,33.4,1,133.92,137.65,271.57,190.08,138.44,2,6.2,55,62,53,0,2,3,3,24,1,0,1,Classroom,3,1,2.67,1356.79,1650,5448,8836.84,5,0,0,0,100.0,0.64
B-202401-68454,Booked,TechCorp Solutions,Executive Offsite,Corporate,In-person,Full Package,Technology,Technology,Sales Call,Low,2023-10-23,2023-11-08,9,2024-01-20,2024-01-21,1,89,9,9,10,1,Boardroom,1,1,7,0.0,0.0,1,51.8,149.13,137.02,1233.18,307.42,831.39,2371.99,8,1096.16,307.42,791.8,2195.38,0.8888888888888888,79.18,,2024,1,4,71.7,28.3,1,111.89,130.4,242.29,242.29,130.48,1,0.0,9,0,0,0,1,1,1,8,0,1,1,Boardroom,3,1,3.0,307.42,650,650,2232.78,3,0,0,0,100.0,0.71
B-202401-69394,Booked,Family Celebration,Graduation Celebration,Wedding/Social,In-person,Meeting Only,Social,Social/Private,Website,Low,2023-04-15,2023-05-10,19,2024-01-20,2024-01-21,1,280,0,0,38,1,Breakout Room,0,1,6,0.0,0.0,2,48.2,147.38,0.0,0.0,495.21,5381.31,5876.52,0,0.0,495.21,5125.06,5620.27,,134.87,,2024,1,0,0.0,0.0,0,0.0,0.0,0.0,0.0,0.0,0,0.0,0,0,0,0,1,2,1,8,0,0,1,Banquet,2,0,1.0,495.21,350,2090,3676.77,1,1,0,1,0.0,0.95
B-202401-93623,Booked,Industry Trade Group,Certification Training,Association,In-person,Meeting Only,Trade/Manufacturing,Trade/Manufacturing,Referral,Medium,2023-03-22,2023-04-27,26,2024-01-20,2024-01-23,3,304,0,0,98,1,Half Ballroom,0,0,10,0.0,0.0,3,48.6,147.91,0.0,0.0,1304.43,8402.81,9707.24,0,0.0,1304.43,8002.68,9307.11,,81.66,,2024,1,0,0.0,0.0,0,0.0,0.0,0.0,0.0,0.0,0,0.0,0,0,0,0,2,7,3,36,1,0,1,Theater,3,1,2.14,1304.43,2950,5792,11529.31,5,0,0,0,28.6,0.82
B-202401-93021,Booked,Social Event,Graduation Celebration,Wedding/Social,In-person,Full Package,Social,Social/Private,Website,Low,2023-06-15,2023-08-04,38,2024-01-21,2024-01-22,1,220,5,5,6,1,Boardroom,1,0,12,0.0,0.0,3,46.3,150.51,129.61,648.05,257.61,870.79,1776.45,3,388.83,257.61,829.32,1475.76,0.6,138.22,,2024,1,2,73.7,26.3,1,56.43,165.35,221.78,221.78,221.78,1,0.0,5,0,0,0,1,2,1,8,0,1,1,Boardroom,2,0,1.5,257.61,500,330,2043.36,1,1,0,1,0.0,0.43
B-202401-70199,Booked,State Medical Association,Regional Chapter Meeting,Association,Hybrid,Full Package,Healthcare,Healthcare,RFP,High,2023-06-26,2023-07-22,14,2024-01-22,2024-01-25,3,210,68,204,90,1,Half Ballroom,1,0,12,0.0,0.0,2,44.0,143.24,127.76,26063.04,1454.12,8220.56,35737.72,147,18780.72,1454.12,7829.1,28063.94,0.7205882352941176,86.99,,2024,1,2,73.7,26.3,1,19.82,165.05,184.87,184.87,165.05,2,2.8,64,68,64,0,2,7,3,36,1,0,1,Classroom,3,1,2.43,1454.12,3450,6064,12434.76,5,0,0,0,28.6,0.75
B-202401-33891,Booked,Energy Solutions,Strategic Planning Retreat,Corporate,In-person,Full Package,Healthcare,Other,Cvent,Medium,2023-10-25,2023-11-13,7,2024-01-23,2024-01-25,2,90,59,118,79,1,Half Ballroom,1,0,12,0.0,0.0,3,52.4,139.44,121.73,14364.14,1721.65,11824.52,27910.31,93,11320.89,1721.65,11261.45,24303.99,0.788135593220339,142.55,,2024,1,4,59.7,40.3,1,93.96,134.92,228.88,228.88,143.87,2,20.3,47,59,0,0,2,2,2,16,1,0,1,Classroom,1,0,1.0,1721.65,300,2568,4030.38,4,0,0,0,100.0,0.66
B-202401-46943,Booked,Retail Corporation,Annual Sales Conference,Corporate,Hybrid,Full Package,Finance,Other,Third-Party Planner,Medium,2023-10-07,2023-11-03,13,2024-01-23,2024-01-24,1,108,62,62,84,1,Half Ballroom,1,1,14,0.0,0.0,2,49.0,143.44,130.42,8086.04,1440.0,2673.34,12199.38,59,7694.78,1440.0,2546.04,11680.82,0.9516129032258064,30.31,,2024,1,2,60.4,39.6,0,13.84,135.17,149.01,0.0,135.17,1,0.0,62,0,0,0,2,3,1,12,1,0,1,Classroom,3,1,2.33,1440.0,1450,2232,4660.47,3,0,0,0,0.0,0.7
B-202401-79842,Booked,Global Industries,Customer Advisory Board,Corporate,In-person,Full Package,Professional Services,Other,RFP,Medium,2023-12-01,2023-12-23,14,2024-01-23,2024-01-24,1,53,60,60,74,1,Half Ballroom,1,1,8,0.0,0.0,4,50.5,148.72,123.49,7409.4,1520.98,5250.97,14181.35,57,7038.93,1520.98,5000.92,13560.83,0.95,67.58,,2024,1,2,67.3,32.7,1,34.09,147.7,181.79,181.79,147.7,1,0.0,60,0,0,0,2,1,1,8,1,0,1,Classroom,2,0,2.0,1520.98,350,1848,2773.28,4,0,0,0,100.0,0.62
B-202401-67947,Booked,Accounting Institute,Leadership Institute,Association,In-person,Full Package,Finance,Finance,Cvent,High,2023-05-01,2023-05-24,15,2024-01-26,2024-01-28,2,270,97,194,126,1,Grand Ballroom,1,0,8,0.0,0.0,1,45.9,148.8,122.46,23757.24,2845.05,21968.42,48570.71,156,19103.76,2845.05,20922.3,42871.11,0.8041237113402062,166.05,,2024,1,4,50.8,49.2,1,116.28,152.44,268.72,226.85,152.44,2,3.1,94,97,0,0,2,2,2,16,1,0,1,Theater,2,0,2.0,2845.05,700,16380,22340.38,4,0,0,0,100.0,0.53
B-202401-91324,Booked,Manufacturing Alliance,Regional Team Meeting,Corporate,In-person,Rooms Only,Technology,Other,Third-Party Planner,Medium,2023-09-18,2023-10-02,9,2024-01-26,2024-01-28,2,130,63,126,69,0,,0,1,5,1.0,21276.91,3,54.3,152.86,137.03,17265.78,0.0,0.0,17265.78,108,14799.24,0.0,0.0,14799.24,0.8571428571428571,0.0,,2024,1,2,70.6,29.4,1,58.04,129.89,187.93,187.93,129.89,2,19.0,51,63,0,0,0,0,0,0,0,0,0,,0,0,0.0,0.0,0,0,0.0,0,0,0,0,0.0,0.0
B-202401-11901,Booked,Financial Services Group,Product Launch Event,Corporate,In-person,Full Package,Finance,Finance,RFP,Medium,2023-12-28,2024-01-18,13,2024-01-27,2024-01-30,3,30,33,99,43,1,Half Ballroom,1,1,8,1.0,29016.23,2,45.1,157.99,141.04,13962.96,872.19,11133.09,25968.24,95,13398.8,872.19,10602.94,24873.93,0.9595959595959596,246.58,,2024,1,2,71.4,28.6,1,35.76,145.57,181.33,181.33,145.57,2,14.5,22,33,24,0,1,3,3,24,1,0,1,Banquet,2,0,2.0,872.19,1050,4128,6924.08,4,0,0,0,100.0,0.36
B-202401-87018,Booked,Global Industries,Town Hall Meeting,Corporate,In-person,Full Package,Professional Services,Other,Repeat Client,Medium,2023-10-29,2023-11-15,10,2024-01-30,2024-01-31,1,93,30,30,34,1,Breakout Room,1,1,7,1.0,11316.9,2,53.4,150.62,128.82,3864.6,433.93,2456.16,6754.69,28,3606.96,433.93,2339.2,6380.09,0.9333333333333332,68.8,,2024,1,4,54.2,45.8,1,57.25,133.86,191.11,191.11,133.86,1,0.0,30,0,0,0,1,1,1,8,0,0,1,Classroom,1,0,1.0,433.93,150,2210,3420.93,3,0,0,0,100.0,0.85
B-202402-36094,Booked,Global Industries,Sales Kickoff,Corporate,In-person,Full Package,Finance,Other,Cvent,Medium,2023-11-03,2023-11-22,9,2024-02-03,2024-02-05,2,92,39,78,45,1,Half Ballroom,1,0,10,0.0,0.0,1,54.9,154.92,143.72,11210.16,1233.44,6780.85,19224.45,68,9772.96,1233.44,6457.95,17464.35,0.8717948717948718,143.51,,2024,2,2,62.7,37.3,0,16.71,149.22,165.93,0.0,149.22,2,5.1,37,39,0,0,1,2,2,16,1,0,1,Classroom,3,1,3.0,1233.44,1300,3360,5823.2,5,0,0,0,100.0,0.38
B-202402-79607,Booked,Family Celebration,Quinceañera Celebration,Wedding/Social,In-person,Full Package,Social,Social/Private,Referral,Low,2023-05-22,2023-07-03,32,2024-02-03,2024-02-04,1,257,46,46,56,1,Half Ballroom,1,1,10,0.0,0.0,1,55.5,155.15,130.25,5991.5,1046.25,8204.95,15242.7,28,3647.0,1046.25,7814.24,12507.49,0.6086956521739131,139.54,,2024,2,2,72.0,28.0,0,8.89,139.55,148.44,0.0,148.44,1,0.0,46,0,0,0,1,1,1,4,1,0,1,Banquet,1,0,1.0,1046.25,150,1320,1816.69,1,1,0,1,0.0,0.47
B-202402-26760,Booked,Regional Healthcare System,Regional Team Meeting,Corporate,In-person,Full Package,Healthcare,Healthcare,Referral,Medium,2023-10-07,2023-10-21,7,2024-02-04,2024-02-06,2,120,41,82,55,1,Half Ballroom,1,1,7,1.0,27792.73,1,53.3,154.73,139.88,11470.16,1025.21,8439.58,20934.95,75,10491.0,1025.21,8037.7,19553.91,0.9146341463414634,146.14,,2024,2,3,50.1,49.9,1,113.15,131.92,245.07,245.07,131.92,2,2.4,40,41,0,0,1,2,2,16,1,0,1,Classroom,2,0,1.5,1025.21,500,3936,5524.32,5,0,0,0,100.0,0.46
B-202402-75178,Booked,Cultural Journeys,International Tour Package,Corporate,In-person,Rooms Only,Legal,Legal,Repeat Client,Medium,2023-11-29,2023-12-11,7,2024-02-04,2024-02-06,2,67,34,68,37,0,,0,0,5,0.0,0.0,1,53.0,148.72,135.1,9186.8,0.0,0.0,9186.8,67,9051.7,0.0,0.0,9051.7,0.9852941176470588,0.0,,2024,2,2,72.1,27.9,1,43.06,128.07,171.13,171.13,128.07,2,11.8,30,34,0,0,0,0,0,0,0,0,0,,0,0,0.0,0.0,0,0,0.0,0,0,0,0,0.0,0.0
B-202402-42933,Booked,Youth Organization,Sports Team Tournament,SMERF,In-person,Full Package,SMERF,Social/Community,Website,Low,2023-10-17,2023-11-12,16,2024-02-07,2024-02-08,1,113,37,37,45,1,Half Ballroom,1,0,10,0.0,0.0,2,52.4,153.09,142.31,5265.47,1302.22,762.14,7329.83,28,3984.68,1302.22,725.85,6012.75,0.7567567567567568,16.13,,2024,2,2,69.2,30.8,0,18.04,133.43,151.47,0.0,133.43,1,0.0,37,0,0,0,1,1,1,8,1,0,1,Theater,2,0,2.0,1302.22,350,700,1594.0,1,0,0,0,100.0,0.38
B-202402-58182,Booked,Pharmaceutical Partners,New Hire Orientation,Corporate,In-person,Full Package,Healthcare,Healthcare,Referral,Low,2023-12-07,2023-12-26,9,2024-02-07,2024-02-08,1,62,17,17,20,1,Breakout Room,1,0,10,0.0,0.0,2,50.4,155.81,143.42,2438.14,583.23,816.27,3837.64,14,2007.88,583.23,777.4,3368.51,0.8235294117647058,38.87,,2024,2,4,63.3,36.7,1,95.64,127.81,223.45,223.45,127.81,1,0.0,17,0,0,0,1,1,1,8,0,0,1,Banquet,2,0,2.0,583.23,350,1060,2480.73,2,0,0,0,100.0,0.5
B-202402-71249,Booked,Regional Healthcare System,New Hire Orientation,Corporate,Hybrid,Full Package,Healthcare,Healthcare,RFP,Low,2023-12-09,2023-12-31,9,2024-02-07,2024-02-09,2,60,27,54,37,1,Breakout Room,1,1,13,1.0,16331.84,2,55.3,146.41,125.06,6753.24,432.91,5417.63,12603.78,43,5377.58,432.91,5159.65,10970.14,0.7962962962962963,139.45,,2024,2,4,58.1,41.9,1,148.87,143.9,292.77,171.82,153.23,2,40.7,16,27,0,0,1,2,2,16,0,0,1,Theater,3,1,2.5,432.91,1000,4680,7612.36,4,0,0,0,100.0,0.93
B-202402-50907,Booked,Travel Club International,Heritage Tour Group,SMERF,In-person,Rooms Only,SMERF,SMERF,Third-Party Planner,Medium,2023-10-28,2023-11-21,20,2024-02-08,2024-02-09,1,103,40,40,44,0,,0,0,4,0.0,0.0,3,55.7,148.97,133.36,5334.4,0.0,0.0,5334.4,39,5201.04,0.0,0.0,5201.04,0.975,0.0,,2024,2,4,59.7,40.3,1,153.98,135.01,288.99,251.57,135.01,1,0.0,40,0,0,0,0,0,0,0,0,0,0,,0,0,0.0,0.0,0,0,0.0,0,0,0,0,0.0,0.0
B-202402-43332,Booked,Heritage Travel,Senior Travel Club,Corporate,Hybrid,Rooms Only,Trade/Manufacturing,Trade/Manufacturing,Third-Party Planner,Low,2023-10-23,2023-11-04,9,2024-02-09,2024-02-10,1,109,37,37,40,0,,0,0,3,0.0,0.0,3,52.9,152.17,130.8,4839.6,0.0,0.0,4839.6,36,4708.8,0.0,0.0,4708.8,0.972972972972973,0.0,,2024,2,4,55.8,44.2,1,121.3,148.34,269.64,248.37,148.34,1,0.0,37,0,0,0,0,0,0,0,0,0,0,,0,0,0.0,0.0,0,0,0.0,0,0,0,0,0.0,0.0
B-202402-57560,Booked,Family Celebration,Anniversary Celebration,Wedding/Social,In-person,Full Package,Social,Social/Private,Sales Call,Low,2023-07-15,2023-08-24,31,2024-02-10,2024-02-11,1,210,20,20,25,1,Breakout Room,1,1,9,0.0,0.0,4,54.3,157.44,130.08,2601.6,598.1,3240.56,6440.26,12,1560.96,598.1,3086.25,5245.31,0.6,123.45,,2024,2,2,51.8,48.2,0,153.68,129.67,283.35,0.0,129.67,1,0.0,20,0,0,0,1,1,1,4,0,0,1,Reception,1,0,1.0,598.1,150,1375,2101.77,1,1,0,1,0.0,0.62
B-202402-60434,Booked,State Medical Association,State Convention,Association,In-person,Full Package,Healthcare,Healthcare,Repeat Client,High,2023-05-18,2023-06-21,27,2024-02-11,2024-02-14,3,269,83,249,102,1,Half Ballroom,1,0,7,1.0,82119.31,1,54.3,151.97,139.7,34785.3,1397.14,10484.02,46666.46,203,28359.1,1397.14,9984.78,39741.02,0.8152610441767069,97.89,,2024,2,4,65.4,34.6,1,137.25,130.37,267.62,196.99,130.37,2,3.2,82,83,77,0,1,7,3,36,1,0,1,Classroom,3,1,2.14,1397.14,2850,4388,9946.96,5,0,0,0,28.6,0.85
B-202402-61157,Booked,Real Estate Board,Annual Member Conference,Association,In-person,Full Package,Government,Government,Direct Inquiry,Medium,2023-05-07,2023-06-13,24,2024-02-11,2024-02-12,1,280,102,102,129,1,Grand Ballroom,1,0,13,1.0,38842.97,1,54.5,149.79,126.22,12874.44,2255.77,5814.87,20945.08,65,8204.3,2255.77,5537.97,15998.04,0.6372549019607843,42.93,,2024,2,2,57.0,43.0,1,71.1,146.5,217.6,217.6,146.5,1,0.0,102,0,0,0,2,1,1,8,1,0,1,Theater,3,1,3.0,2255.77,650,8127,11144.84,2,0,0,0,100.0,0.54
B-202402-80571,Booked,Manufacturing Alliance,New Hire Orientation,Corporate,In-person,Full Package,Professional Services,Other,Repeat Client,Medium,2023-11-30,2023-12-18,8,2024-02-11,2024-02-13,2,73,51,102,56,1,Half Ballroom,1,0,10,0.0,0.0,2,54.2,150.91,126.13,12865.26,1101.22,8738.86,22705.34,91,11477.83,1101.22,8322.72,20901.77,0.8921568627450981,148.62,,2024,2,4,52.3,47.7,1,140.52,151.37,291.89,231.78,170.47,2,3.9,49,51,0,0,1,2,2,16,1,0,1,Classroom,2,0,2.0,1101.22,700,3648,5513.19,5,0,0,0,100.0,0.47
B-202402-34264,Booked,Banking Consortium,Customer Advisory Board,Corporate,Virtual,Meeting Only,Finance,Finance,RFP,Low,2023-11-05,2023-11-25,12,2024-02-12,2024-02-14,2,99,0,0,111,1,Half Ballroom,0,0,8,1.0,22958.68,3,55.6,153.8,0.0,0.0,1295.38,7170.16,8465.54,0,0.0,1295.38,6828.72,8124.1,,61.52,,2024,2,0,0.0,0.0,0,0.0,0.0,0.0,0.0,0.0,0,0.0,0,0,0,0,1,5,2,24,1,0,1,Classroom,3,1,2.0,1295.38,1950,3540,7428.41,5,0,0,0,20.0,0.93
B-202402-41506,Booked,Private Individual,Quinceañera Celebration,Wedding/Social,Hybrid,Full Package,Social,Social/Private,Third-Party Planner,Low,2023-04-22,2023-05-24,19,2024-02-12,2024-02-14,2,296,21,42,27,1,Breakout Room,1,0,13,1.0,17621.58,2,50.7,151.79,139.01,5838.42,497.6,3522.2,9858.22,24,3336.24,497.6,3354.48,7188.32,0.5714285714285714,124.24,,2024,2,3,54.7,45.3,1,84.04,133.79,217.83,217.83,133.79,2,23.8,16,21,0,0,1,3,2,12,0,0,1,Banquet,1,0,0.67,497.6,300,1485,3531.55,1,1,0,1,0.0,0.68
B-202402-94834,Booked,Consulting Network,Sales Kickoff,Corporate,In-person,Full Package,Professional Services,Professional Services,Third-Party Planner,Medium,2023-11-08,2023-11-26,7,2024-02-12,2024-02-14,2,96,51,102,57,1,Half Ballroom,1,1,11,0.0,0.0,2,52.6,148.46,128.02,13058.04,1068.53,8246.13,22372.7,90,11521.8,1068.53,7853.46,20443.79,0.8823529411764706,137.78,,2024,2,4,50.5,49.5,1,98.47,127.63,226.1,226.1,150.61,2,19.6,41,51,0,0,1,2,2,16,1,0,1,Theater,3,1,2.5,1068.53,1000,3936,6148.43,5,0,0,0,100.0,0.47
B-202402-51193,Booked,Insurance Federation,Industry Forum,Association,In-person,Full Package,Finance,Finance,Third-Party Planner,High,2023-04-29,2023-05-27,19,2024-02-14,2024-02-17,3,291,59,177,73,1,Half Ballroom,1,1,9,1.0,64201.42,2,53.8,148.79,135.5,23983.5,1707.58,16733.46,42424.54,143,19376.5,1707.58,15936.63,37020.71,0.807909604519774,218.31,,2024,2,4,62.0,38.0,1,135.02,151.11,286.13,243.94,151.11,2,5.2,52,59,58,0,2,3,3,24,1,0,1,Classroom,3,1,2.33,1707.58,1350,4780,7966.42,5,0,0,0,100.0,0.61
B-202402-33474,Booked,State Medical Association,Regional Chapter Meeting,Association,Hybrid,Meeting Only,Healthcare,Healthcare,Repeat Client,High,2023-06-30,2023-07-23,17,2024-02-16,2024-02-19,3,231,0,0,102,1,Half Ballroom,0,0,6,1.0,32705.79,2,53.3,156.67,0.0,0.0,1224.79,8802.55,10027.34,0,0.0,1224.79,8383.38,9608.17,,82.19,,2024,2,0,0.0,0.0,0,0.0,0.0,0.0,0.0,0.0,0,0.0,0,0,0,0,1,8,3,36,1,0,1,Classroom,3,1,2.38,1224.79,3700,3860,10538.6,5,0,0,0,12.5,0.85
B-202402-67164,Booked,Manufacturing Alliance,Quarterly Business Review,Corporate,Hybrid,Meeting Only,Finance,Other,RFP,Low,2023-11-21,2023-12-12,11,2024-02-16,2024-02-18,2,87,0,0,107,1,Half Ballroom,0,0,10,1.0,24417.92,4,58.4,148.78,0.0,0.0,1360.99,6401.7,7762.69,0,0.0,1360.99,6096.86,7457.85,,56.98,,2024,2,0,0.0,0.0,0,0.0,0.0,0.0,0.0,0.0,0,0.0,0,0,0,0,1,4,2,24,1,0,1,Theater,3,1,2.0,1360.99,1600,4266,7679.12,5,0,0,0,50.0,0.89
B-202402-21141,Booked,Cultural Journeys,Senior Travel Club,SMERF,In-person,Rooms Only,Other,Other,RFP,Medium,2023-09-11,2023-10-05,17,2024-02-17,2024-02-18,1,159,58,58,63,0,,0,1,7,0.0,0.0,3,56.6,147.41,136.51,7917.58,0.0,0.0,7917.58,57,7781.07,0.0,0.0,7781.07,0.9827586206896552,0.0,,2024,2,4,71.0,29.0,0,146.32,140.84,287.16,0.0,150.28,1,0.0,58,0,0,0,0,0,0,0,0,0,0,,0,0,0.0,0.0,0,0,0.0,0,0,0,0,0.0,0.0
B-202402-99487,Booked,Global Industries,Board of Directors Meeting,Corporate,In-person,Full Package,Healthcare,Other,Website,Medium,2024-01-04,2024-01-21,8,2024-02-18,2024-02-20,2,45,63,126,87,1,Half Ballroom,1,1,9,0.0,0.0,3,52.8,160.8,147.63,18601.38,870.04,6055.59,25527.01,108,15944.04,870.04,5767.23,22581.31,0.8571428571428571,66.29,,2024,2,2,58.5,41.5,1,52.17,139.24,191.41,191.41,139.24,2,6.3,59,63,0,0,1,5,2,24,1,0,1,Classroom,2,0,1.8,870.04,1550,4710,8072.6,5,0,0,0,20.0,0.72
B-202402-25812,Booked,Heritage Travel,International Tour Package,Corporate,In-person,Full Package,Professional Services,Professional Services,Repeat Client,Low,2023-12-22,2024-01-10,12,2024-02-19,2024-02-20,1,59,41,41,53,1,Half Ballroom,1,0,7,0.0,0.0,1,56.6,150.9,127.15,5213.15,968.17,0.0,6181.32,40,5086.0,968.17,0.0,6054.17,0.975609756097561,0.0,,2024,2,4,60.3,39.7,1,80.53,140.41,220.94,220.94,140.41,1,0.0,41,0,0,0,1,1,1,4,1,0,1,Theater,0,0,0.0,968.17,0,0,380.14,0,0,0,0,0.0,0.44
B-202402-32264,Booked,Regional Healthcare System,Management Training,Corporate,In-person,Full Package,Healthcare,Healthcare,Direct Inquiry,Low,2023-11-13,2023-12-06,13,2024-02-19,2024-02-20,1,98,11,11,13,1,Boardroom,1,1,10,1.0,3815.66,2,55.4,154.12,126.73,1394.03,358.54,484.3,2236.87,9,1140.57,358.54,461.24,1960.35,0.8181818181818182,35.48,,2024,2,3,60.3,39.7,1,74.12,155.52,229.64,229.64,155.52,1,0.0,11,0,0,0,1,1,1,8,0,1,1,Boardroom,1,0,1.0,358.54,150,390,1557.85,2,0,0,0,100.0,0.93
B-202402-67146,Booked,Family Celebration,Bar/Bat Mitzvah,Wedding/Social,In-person,Full Package,Social,Social/Private,Cvent,Low,2023-07-16,2023-09-06,40,2024-02-20,2024-02-21,1,219,49,49,61,1,Half Ballroom,1,0,12,0.0,0.0,3,57.6,160.73,132.56,6495.44,1686.13,7620.67,15802.24,34,4507.04,1686.13,7257.78,13450.95,0.6938775510204082,118.98,,2024,2,3,55.9,44.1,1,123.89,148.89,272.78,189.86,272.78,1,0.0,49,0,0,0,2,2,1,8,1,0,1,Reception,2,0,1.5,1686.13,500,1320,2480.77,1,1,0,1,0.0,0.51
B-202402-94030,Booked,TechCorp Solutions,Town Hall Meeting,Corporate,In-person,Full Package,Technology,Technology,Cvent,Low,2023-12-31,2024-01-18,11,2024-02-21,2024-02-23,2,52,30,60,33,1,Breakout Room,1,1,7,1.0,18793.34,3,50.9,146.16,124.82,7489.2,572.64,5250.17,13312.01,57,7114.74,572.64,5000.16,12687.54,0.95,151.52,,2024,2,3,72.8,27.2,1,106.83,183.91,290.74,232.83,290.74,2,0.0,30,30,0,0,1,2,2,16,0,0,1,Banquet,2,0,2.0,572.64,700,4290,6911.55,4,0,0,0,100.0,0.82
B-202402-80699,Booked,Global Industries,Product Launch Event,Corporate,Virtual,Full Package,Technology,Other,RFP,Low,2023-10-14,2023-11-05,8,2024-02-22,2024-02-23,1,131,54,54,67,1,Half Ballroom,1,0,14,1.0,17229.32,3,51.9,154.49,143.19,7732.26,1624.71,5328.31,14685.28,45,6443.55,1624.71,5074.58,13142.84,0.8333333333333334,75.74,,2024,2,4,64.0,36.0,1,149.7,143.02,292.72,223.15,154.7,1,0.0,54,0,0,0,2,1,1,8,1,0,1,Classroom,2,0,2.0,1624.71,350,1800,2804.75,3,0,0,0,100.0,0.56
B-202402-18698,Booked,Private Individual,Memorial Service Gathering,Wedding/Social,In-person,Full Package,Social,Social/Private,Cvent,Low,2023-06-23,2023-07-23,23,2024-02-23,2024-02-24,1,245,26,26,31,1,Breakout Room,1,0,7,0.0,0.0,3,50.3,150.08,128.65,3344.9,599.7,4131.25,8075.85,17,2187.05,599.7,3934.52,6721.27,0.6538461538461539,126.92,,2024,2,3,61.6,38.4,1,92.06,180.75,272.81,245.8,245.8,1,0.0,26,0,0,0,1,1,1,4,0,0,1,Banquet,0,0,0.0,599.7,0,1705,2261.1,1,1,0,1,0.0,0.78
B-202402-88275,Booked,Travel Club International,Regional History Tour,Corporate,Hybrid,Rooms Only,Professional Services,Professional Services,Sales Call,Medium,2023-10-16,2023-11-05,14,2024-02-23,2024-02-24,1,130,38,38,41,0,,0,0,6,0.0,0.0,2,55.1,154.36,126.77,4817.26,0.0,0.0,4817.26,37,4690.49,0.0,0.0,4690.49,0.9736842105263158,0.0,,2024,2,3,55.4,44.6,0,135.77,135.15,270.92,0.0,135.15,1,0.0,38,0,0,0,0,0,0,0,0,0,0,,0,0,0.0,0.0,0,0,0.0,0,0,0,0,0.0,0.0
B-202402-94388,Booked,Manufacturing Alliance,Product Launch Event,Corporate,Hybrid,Full Package,Finance,Other,Referral,Medium,2023-12-25,2024-01-15,9,2024-02-25,2024-02-27,2,62,43,86,51,1,Half Ballroom,1,0,12,0.0,0.0,2,53.5,153.24,127.86,10995.96,1390.37,8121.39,20507.72,74,9461.64,1390.37,7734.66,18586.67,0.8604651162790697,151.66,,2024,2,4,60.9,39.1,1,144.73,125.32,270.05,175.91,125.32,2,7.0,40,43,0,0,1,2,2,16,1,0,1,Classroom,3,1,2.5,1390.37,1000,3408,5552.18,4,0,0,0,100.0,0.42
B-202402-48477,Booked,HR Professionals Network,Regional Chapter Meeting,Association,In-person,Meeting Only,Professional Services,Professional Services,RFP,Low,2023-08-11,2023-09-05,16,2024-02-26,2024-02-28,2,199,0,0,87,1,Half Ballroom,0,0,9,1.0,19222.69,2,57.5,156.3,0.0,0.0,1146.08,5133.87,6279.95,0,0.0,1146.08,4889.4,6035.48,,56.2,,2024,2,0,0.0,0.0,0,0.0,0.0,0.0,0.0,0.0,0,0.0,0,0,0,0,1,5,2,24,1,0,1,Classroom,2,0,1.8,1146.08,1550,3720,7105.89,4,0,0,0,20.0,0.72
B-202402-98760,Booked,Accounting Institute,Industry Forum,Association,In-person,Full Package,Finance,Finance,Third-Party Planner,Medium,2023-08-04,2023-09-09,25,2024-02-27,2024-02-29,2,207,54,108,66,1,Half Ballroom,1,0,11,0.0,0.0,1,53.1,154.12,133.68,14437.44,1328.16,11548.15,27313.75,73,9758.64,1328.16,10998.24,22085.04,0.6759259259259259,166.64,,2024,2,2,62.5,37.5,0,11.29,135.77,147.06,0.0,135.77,2,0.0,54,54,0,0,2,2,2,16,1,0,1,Theater,2,0,2.0,1328.16,700,3280,5201.01,5,0,0,0,100.0,0.55
B-202402-47623,Booked,Professional Engineers Society,Continuing Education Conference,Association,Hybrid,Full Package,Association,Other,Third-Party Planner,High,2023-07-02,2023-08-09,25,2024-02-28,2024-03-02,3,241,106,318,124,1,Grand Ballroom,1,1,13,0.0,0.0,2,54.6,145.8,127.11,40420.98,1871.29,25991.83,68284.1,209,26565.99,1871.29,24754.12,53191.4,0.6572327044025157,199.63,,2024,2,3,52.3,47.7,1,35.12,140.92,176.04,176.04,140.92,2,3.2,98,106,100,0,1,3,3,24,1,0,1,Theater,3,1,2.67,1871.29,1650,25296,33891.69,5,0,0,0,100.0,0.52
B-202402-63780,Booked,Insurance Federation,Industry Forum,Association,In-person,Meeting Only,Finance,Finance,Cvent,Medium,2023-07-11,2023-08-14,28,2024-02-28,2024-03-01,2,232,0,0,82,1,Half Ballroom,0,1,6,0.0,0.0,3,52.8,151.41,0.0,0.0,1335.47,5469.07,6804.54,0,0.0,1335.47,5208.64,6544.11,,63.52,,2024,2,0,0.0,0.0,0,0.0,0.0,0.0,0.0,0.0,0,0.0,0,0,0,0,1,5,2,24,1,0,1,Classroom,3,1,2.0,1335.47,1850,3348,6982.23,5,0,0,0,20.0,0.68
B-202402-74419,Booked,Insurance Federation,Professional Development Symposium,Association,In-person,Rooms Only,Finance,Finance,Referral,Low,2023-10-25,2023-11-28,27,2024-02-29,2024-03-02,2,127,5,10,5,0,,0,0,7,1.0,1392.59,1,58.8,159.76,134.39,1343.9,0.0,0.0,1343.9,7,940.73,0.0,0.0,940.73,0.7,0.0,,2024,2,3,72.5,27.5,1,128.27,144.66,272.93,247.38,144.66,2,80.0,1,5,0,0,0,0,0,0,0,0,0,,0,0,0.0,0.0,0,0,0.0,0,0,0,0,0.0,0.0
B-202403-14861,Booked,Regional Healthcare System,Town Hall Meeting,Corporate,In-person,Full Package,Healthcare,Healthcare,Sales Call,Low,2024-01-20,2024-02-11,10,2024-03-02,2024-03-04,2,42,35,70,47,1,Half Ballroom,1,0,12,0.0,0.0,1,63.7,158.64,134.2,9394.0,801.28,6812.77,17008.05,65,8723.0,801.28,6488.35,16012.63,0.9285714285714286,138.05,,2024,3,4,74.5,25.5,1,110.19,132.07,242.26,242.26,152.99,2,8.6,32,35,0,0,1,2,2,16,1,0,1,Classroom,3,1,2.5,801.28,1000,3096,5262.91,5,0,0,0,100.0,0.39
B-202403-17152,Booked,Professional Services Group,Innovation Workshop,Corporate,In-person,Full Package,Healthcare,Other,RFP,Medium,2024-02-01,2024-02-17,7,2024-03-02,2024-03-04,2,30,36,72,41,1,Half Ballroom,1,0,9,1.0,23830.99,3,60.8,158.35,145.22,10455.84,1050.2,7076.13,18582.17,57,8277.54,1050.2,6739.17,16066.91,0.7916666666666666,164.37,,2024,3,3,64.0,36.0,1,149.56,141.45,291.01,240.15,141.45,2,22.2,28,36,0,0,1,2,2,16,1,0,1,Classroom,3,1,2.5,1050.2,1000,3936,6041.35,5,0,0,0,100.0,0.34
B-202403-65690,Booked,Nursing Council,State Convention,Association,In-person,Meeting Only,Healthcare,Healthcare,Sales Call,Low,2023-04-11,2023-05-07,20,2024-03-03,2024-03-05,2,327,0,0,85,1,Half Ballroom,0,1,6,0.0,0.0,3,65.0,153.24,0.0,0.0,1474.75,5170.25,6645.0,0,0.0,1474.75,4924.05,6398.8,,57.93,,2024,3,0,0.0,0.0,0,0.0,0.0,0.0,0.0,0.0,0,0.0,0,0,0,0,2,5,2,24,1,0,1,Theater,2,0,1.4,1474.75,1150,3720,6835.88,5,0,0,0,20.0,0.71
B-202403-70670,Booked,Insurance Federation,Leadership Institute,Association,Virtual,Full Package,Finance,Finance,Direct Inquiry,High,2023-08-21,2023-09-13,15,2024-03-04,2024-03-06,2,196,84,168,112,1,Half Ballroom,1,0,8,1.0,63815.65,2,63.4,155.37,132.0,22176.0,964.46,7408.8,30549.26,120,15840.0,964.46,7056.0,23860.46,0.7142857142857143,63.0,,2024,3,2,71.9,28.1,0,16.46,134.76,151.22,0.0,134.76,2,1.2,83,84,0,0,1,6,2,24,1,0,1,Theater,2,0,1.5,964.46,1500,3540,7000.61,5,0,0,0,0.0,0.93
B-202403-74713,Booked,Social Event,Anniversary Celebration,Wedding/Social,In-person,Rooms Only,Social,Social/Private,RFP,Low,2023-10-06,2023-11-20,41,2024-03-04,2024-03-06,2,150,49,98,53,0,,0,1,4,1.0,12562.29,4,60.5,158.56,140.38,13757.24,0.0,0.0,13757.24,58,8142.04,0.0,0.0,8142.04,0.5918367346938775,0.0,,2024,3,3,51.1,48.9,1,82.93,143.09,226.02,226.02,143.09,2,0.0,49,49,0,0,0,0,0,0,0,0,0,,0,0,0.0,0.0,0,0,0.0,0,0,0,0,0.0,0.0
B-202403-63382,Booked,Dental Association,Professional Development Symposium,Association,Hybrid,Full Package,Healthcare,Healthcare,Repeat Client,High,2023-08-02,2023-09-06,24,2024-03-05,2024-03-07,2,216,74,148,82,1,Half Ballroom,1,0,11,1.0,52250.97,1,68.0,158.39,142.39,21073.72,1503.1,5785.92,28362.74,95,13527.05,1503.1,5510.4,20540.55,0.6418918918918919,67.2,,2024,3,4,74.1,25.9,1,156.02,127.69,283.71,188.72,127.69,2,1.4,73,74,0,0,2,5,2,24,1,0,1,Classroom,3,1,2.0,1503.1,1850,4544,8295.02,5,0,0,0,20.0,0.68
B-202403-76681,Booked,Veterans Group,Church Retreat Weekend,SMERF,In-person,Meeting Only,Government,Government,Referral,Low,2023-11-14,2023-12-12,18,2024-03-06,2024-03-07,1,113,0,0,97,1,Half Ballroom,0,0,10,0.0,0.0,3,62.0,157.32,0.0,0.0,1439.85,3421.14,4860.99,0,0.0,1439.85,3258.23,4698.08,,33.59,,2024,3,0,0.0,0.0,0,0.0,0.0,0.0,0.0,0.0,0,0.0,0,0,0,0,2,3,1,16,1,0,1,Theater,2,0,1.0,1439.85,500,1132,2764.71,2,0,0,0,33.3,0.81
B-202403-56461,Booked,Private Individual,Martinez-Garcia Wedding,Wedding/Social,In-person,Full Package,Social,Social/Private,Website,Low,2023-06-30,2023-08-18,40,2024-03-09,2024-03-10,1,253,38,38,42,1,Half Ballroom,1,0,9,1.0,17556.32,4,73.9,182.41,152.94,5811.72,1098.16,5426.06,12335.94,22,3364.68,1098.16,5167.68,9630.52,0.5789473684210527,123.04,,2024,3,2,57.9,42.1,0,130.02,145.08,275.1,0.0,275.1,1,0.0,38,0,0,0,1,1,1,4,1,0,1,Banquet,1,0,1.0,1098.16,150,1320,1804.87,1,1,0,1,0.0,0.35
B-202403-21171,Booked,Private Party,Memorial Service Gathering,Wedding/Social,In-person,Rooms Only,Social,Social/Private,Website,Low,2023-03-11,2023-04-04,18,2024-03-10,2024-03-11,1,365,29,29,31,0,,0,1,6,0.0,0.0,1,77.4,184.75,166.35,4824.15,0.0,0.0,4824.15,15,2495.25,0.0,0.0,2495.25,0.5172413793103449,0.0,,2024,3,2,70.5,29.5,0,35.29,128.92,164.21,0.0,128.92,1,0.0,29,0,0,0,0,0,0,0,0,0,0,,0,0,0.0,0.0,0,0,0.0,0,0,0,0,0.0,0.0
B-202403-16117,Booked,Real Estate Board,Industry Forum,Association,In-person,Meeting Only,Government,Government,Referral,Medium,2023-04-30,2023-05-30,22,2024-03-11,2024-03-14,3,316,0,0,59,1,Half Ballroom,0,1,8,0.0,0.0,2,63.5,157.14,0.0,0.0,1356.14,14784.37,16140.51,0,0.0,1356.14,14080.35,15436.49,,238.65,,2024,3,0,0.0,0.0,0,0.0,0.0,0.0,0.0,0.0,0,0.0,0,0,0,0,1,3,3,24,1,0,1,Classroom,3,1,2.0,1356.14,1150,4280,7259.34,4,0,0,0,100.0,0.49
B-202403-92629,Booked,Nursing Council,Networking Summit,Association,In-person,Full Package,Healthcare,Healthcare,Direct Inquiry,High,2023-09-05,2023-10-11,27,2024-03-11,2024-03-13,2,188,83,166,115,1,Half Ballroom,1,0,9,0.0,0.0,2,66.0,158.18,142.39,23636.74,1972.41,7899.47,33508.62,133,18937.87,1972.41,7523.3,28433.58,0.8012048192771084,65.42,,2024,3,4,54.1,45.9,1,157.43,132.98,290.41,173.69,132.98,2,12.0,73,83,0,0,2,5,2,24,1,0,1,Theater,2,0,1.4,1972.41,1150,4112,7177.06,5,0,0,0,20.0,0.96
B-202403-23902,Booked,Global Industries,Innovation Workshop,Corporate,In-person,Full Package,Healthcare,Other,Sales Call,Low,2023-12-28,2024-01-14,10,2024-03-12,2024-03-13,1,75,46,46,52,1,Half Ballroom,1,1,7,0.0,0.0,2,56.9,164.1,151.7,6978.2,1327.29,4417.69,12723.18,38,5764.6,1327.29,4207.32,11299.21,0.8260869565217391,80.91,,2024,3,2,59.8,40.2,1,94.85,126.69,221.54,221.54,126.69,1,0.0,46,0,0,0,1,1,1,8,1,0,1,Theater,2,0,2.0,1327.29,350,1560,2530.88,3,0,0,0,100.0,0.43
B-202403-32900,Booked,Pharmaceutical Partners,Annual Sales Conference,Corporate,In-person,Full Package,Healthcare,Healthcare,Referral,Medium,2024-01-21,2024-02-13,14,2024-03-12,2024-03-14,2,51,45,90,49,1,Half Ballroom,1,0,9,0.0,0.0,1,65.4,153.09,135.7,12213.0,1292.0,7942.85,21447.85,77,10448.9,1292.0,7564.62,19305.52,0.8555555555555555,154.38,,2024,3,2,69.0,31.0,1,92.42,148.89,241.31,241.31,241.31,2,11.1,40,45,0,0,1,2,2,16,1,0,1,Banquet,2,0,2.0,1292.0,700,2280,4183.13,4,0,0,0,100.0,0.41
B-202403-58163,Booked,Personal Event,Charity Gala,Wedding/Social,In-person,Full Package,Social,Social/Private,Cvent,Medium,2023-03-13,2023-04-14,25,2024-03-12,2024-03-14,2,365,33,66,38,1,Breakout Room,1,1,7,1.0,29341.94,1,66.5,154.8,133.51,8811.66,365.72,5070.09,14247.47,38,5073.38,365.72,4828.66,10267.76,0.5757575757575758,127.07,,2024,3,3,66.6,33.4,1,37.4,141.68,179.08,179.08,141.68,2,6.1,31,33,0,0,1,3,2,12,0,0,1,Banquet,2,0,1.0,365.72,500,2090,4388.81,1,1,0,1,0.0,0.95
B-202403-87468,Booked,State Medical Association,Educational Seminar Series,Association,Hybrid,Full Package,Healthcare,Healthcare,RFP,High,2023-09-05,2023-10-01,18,2024-03-13,2024-03-16,3,190,35,105,40,1,Breakout Room,1,1,8,0.0,0.0,1,65.5,163.96,144.31,15152.55,412.76,9821.7,25387.01,75,10823.25,412.76,9354.0,20590.01,0.7142857142857143,233.85,,2024,3,4,56.0,44.0,1,121.51,148.76,270.27,223.02,148.76,2,13.3,32,35,24,0,1,3,3,24,0,0,1,Banquet,2,0,2.0,412.76,1050,8172,12365.12,5,0,0,0,100.0,1.0
B-202403-10766,Booked,Manufacturing Alliance,Sales Kickoff,Corporate,In-person,Rooms Only,Technology,Other,Repeat Client,Medium,2023-12-25,2024-01-09,11,2024-03-14,2024-03-16,2,80,43,86,47,0,,0,0,4,0.0,0.0,1,57.6,151.65,134.72,11585.92,0.0,0.0,11585.92,71,9565.12,0.0,0.0,9565.12,0.8255813953488372,0.0,,2024,3,4,60.9,39.1,1,94.75,126.83,221.58,221.58,126.83,2,23.3,33,43,0,0,0,0,0,0,0,0,0,,0,0,0.0,0.0,0,0,0.0,0,0,0,0,0.0,0.0
B-202403-79193,Booked,Nursing Council,Certification Training,Association,In-person,Full Package,Healthcare,Healthcare,Cvent,Medium,2023-09-04,2023-09-28,14,2024-03-14,2024-03-17,3,192,23,69,27,1,Breakout Room,1,0,10,1.0,22352.31,4,70.4,151.36,140.49,9693.81,385.43,6345.01,16424.25,55,7726.95,385.43,6042.87,14155.25,0.7971014492753623,223.81,,2024,3,2,58.8,41.2,0,35.23,128.26,163.49,0.0,128.26,2,20.5,13,23,13,0,1,3,3,24,0,0,1,Classroom,3,1,2.33,385.43,1450,6129,10346.56,5,0,0,0,100.0,0.68
B-202403-83512,Booked,Real Estate Board,Continuing Education Conference,Association,In-person,Meeting Only,Government,Government,Direct Inquiry,Low,2023-05-13,2023-06-04,16,2024-03-15,2024-03-17,2,307,0,0,83,1,Half Ballroom,0,1,6,0.0,0.0,2,62.7,157.24,0.0,0.0,1403.52,5540.13,6943.65,0,0.0,1403.52,5276.31,6679.83,,63.57,,2024,3,0,0.0,0.0,0,0.0,0.0,0.0,0.0,0.0,0,0.0,0,0,0,0,2,4,2,24,1,0,1,Classroom,2,0,1.5,1403.52,1000,3560,6384.92,4,0,0,0,50.0,0.69
B-202403-84511,Booked,Technology Innovators,Regional Team Meeting,Corporate,In-person,Rooms Only,Technology,Technology,Repeat Client,Medium,2023-12-24,2024-01-06,7,2024-03-15,2024-03-16,1,82,70,70,77,0,,0,1,6,0.0,0.0,1,60.8,156.32,133.27,9328.9,0.0,0.0,9328.9,67,8929.09,0.0,0.0,8929.09,0.9571428571428572,0.0,,2024,3,3,67.2,32.8,1,158.26,127.62,285.88,168.13,127.62,1,0.0,70,0,0,0,0,0,0,0,0,0,0,,0,0,0.0,0.0,0,0,0.0,0,0,0,0,0.0,0.0
B-202403-31624,Booked,Nonprofit Foundation,Cultural Heritage Festival,SMERF,Virtual,Meeting Only,Technology,Technology,Referral,Low,2024-01-21,2024-02-14,16,2024-03-17,2024-03-18,1,56,0,0,119,1,Half Ballroom,0,1,8,0.0,0.0,2,64.2,167.67,0.0,0.0,1733.54,2399.04,4132.58,0,0.0,1733.54,2284.8,4018.34,,19.2,,2024,3,0,0.0,0.0,0,0.0,0.0,0.0,0.0,0.0,0,0.0,0,0,0,0,2,3,1,16,1,0,1,Theater,2,0,1.33,1733.54,700,432,2370.82,1,0,0,0,33.3,0.99
B-202403-78770,Booked,Social Event,Engagement Party,Wedding/Social,In-person,Full Package,Social,Social/Private,RFP,Medium,2023-08-09,2023-09-22,33,2024-03-17,2024-03-18,1,221,37,37,43,1,Half Ballroom,1,0,11,0.0,0.0,1,71.0,160.1,139.63,5166.31,1172.95,5734.5,12073.76,20,2792.6,1172.95,5461.43,9426.98,0.5405405405405406,127.01,,2024,3,2,71.3,28.7,1,99.04,194.21,293.25,194.21,293.25,1,0.0,37,0,0,0,1,2,1,8,1,0,1,Banquet,1,0,0.5,1172.95,150,1320,2195.39,1,1,0,1,0.0,0.36
B-202403-92665,Booked,Technology Innovators,Leadership Summit,Corporate,In-person,Full Package,Technology,Technology,Website,High,2023-12-29,2024-01-23,13,2024-03-20,2024-03-22,2,82,71,142,80,1,Half Ballroom,1,0,12,1.0,42093.02,4,60.2,161.07,136.92,19442.64,980.48,13752.48,34175.6,131,17936.52,980.48,13097.6,32014.6,0.9225352112676056,163.72,,2024,3,3,60.5,39.5,1,153.48,132.8,286.28,195.94,132.8,2,8.5,65,71,0,0,1,2,2,16,1,0,1,Theater,2,0,2.0,980.48,700,3408,5229.31,4,0,0,0,100.0,0.67
B-202403-36920,Booked,Global Industries,Customer Advisory Board,Corporate,Virtual,Full Package,Professional Services,Other,Cvent,Medium,2023-12-05,2023-12-24,11,2024-03-21,2024-03-23,2,107,32,64,36,1,Breakout Room,1,1,8,0.0,0.0,3,60.1,149.73,133.04,8514.56,557.67,5799.65,14871.88,62,8248.48,557.67,5523.48,14329.63,0.96875,153.43,,2024,3,2,56.4,43.6,1,41.34,245.09,286.43,245.09,286.43,2,15.6,27,32,0,0,1,2,2,16,0,0,1,Classroom,2,0,1.5,557.67,500,4284,6787.89,4,0,0,0,100.0,0.9
B-202403-92058,Booked,Cultural Journeys,Regional History Tour,Corporate,In-person,Full Package,Trade/Manufacturing,Trade/Manufacturing,Cvent,Low,2024-01-04,2024-01-23,10,2024-03-21,2024-03-22,1,77,28,28,32,1,Breakout Room,1,0,9,1.0,6796.53,4,61.1,156.65,134.71,3771.88,388.63,0.0,4160.51,26,3502.46,388.63,0.0,3891.09,0.9285714285714286,0.0,,2024,3,3,71.5,28.5,1,104.71,132.93,237.64,237.64,132.93,1,0.0,28,0,0,0,1,1,1,4,0,0,1,Classroom,1,0,1.0,388.63,150,0,704.17,0,0,0,0,0.0,0.8
B-202403-95729,Booked,Youth Organization,Community Theater Production,SMERF,In-person,Meeting Only,SMERF,Social/Community,Referral,Low,2024-02-05,2024-02-26,13,2024-03-21,2024-03-23,2,45,0,0,40,1,Breakout Room,0,0,8,0.0,0.0,2,66.9,157.83,0.0,0.0,521.21,3092.04,3613.25,0,0.0,521.21,2944.8,3466.01,,73.62,,2024,3,0,0.0,0.0,0,0.0,0.0,0.0,0.0,0.0,0,0.0,0,0,0,0,1,2,2,16,0,0,1,Classroom,1,0,1.0,521.21,300,2124,4348.16,2,0,0,0,100.0,1.0
B-202403-42457,Booked,Accounting Institute,Leadership Institute,Association,Hybrid,Full Package,Finance,Finance,Cvent,High,2023-08-02,2023-09-10,27,2024-03-23,2024-03-26,3,234,83,249,99,1,Half Ballroom,1,0,12,0.0,0.0,2,67.6,164.22,143.42,35711.58,1486.23,10216.21,47414.02,198,28397.16,1486.23,9729.72,39613.11,0.7951807228915663,98.28,,2024,3,4,72.8,27.2,1,94.98,127.25,222.23,222.23,127.25,2,3.2,78,83,77,0,2,7,3,36,1,0,1,Classroom,3,1,2.0,1486.23,2550,6020,11444.58,5,0,0,0,28.6,0.82
B-202403-94394,Booked,Volunteer Network,Sports Team Tournament,SMERF,In-person,Rooms Only,Other,Other,Cvent,Medium,2024-01-28,2024-02-22,18,2024-03-23,2024-03-24,1,55,43,43,47,0,,0,0,7,0.0,0.0,2,65.7,151.41,134.41,5779.63,0.0,0.0,5779.63,37,4973.17,0.0,0.0,4973.17,0.8604651162790697,0.0,,2024,3,3,72.3,27.7,1,68.15,153.24,221.39,221.39,153.24,1,0.0,43,0,0,0,0,0,0,0,0,0,0,,0,0,0.0,0.0,0,0,0.0,0,0,0,0,0.0,0.0
B-202403-12446,Booked,TechCorp Solutions,Sales Kickoff,Corporate,In-person,Full Package,Technology,Technology,Third-Party Planner,Low,2023-12-30,2024-01-14,8,2024-03-25,2024-03-26,1,86,52,52,67,1,Half Ballroom,1,0,7,1.0,17361.13,3,65.4,158.74,138.66,7210.32,1137.36,2707.77,11055.45,44,6101.04,1137.36,2578.83,9817.23,0.8461538461538461,38.49,,2024,3,4,62.4,37.6,1,123.52,127.16,250.68,250.68,127.16,1,0.0,52,0,0,0,1,1,1,8,1,0,1,Theater,3,1,3.0,1137.36,650,720,1961.02,2,0,0,0,100.0,0.56
B-202403-91764,Booked,Accounting Institute,Certification Training,Association,In-person,Full Package,Finance,Finance,RFP,Medium,2023-09-16,2023-10-13,14,2024-03-25,2024-03-26,1,191,77,77,92,1,Half Ballroom,1,0,13,1.0,18763.44,2,65.9,157.67,134.04,10321.08,1388.72,2788.84,14498.64,54,7238.16,1388.72,2656.04,11282.92,0.7012987012987013,28.87,,2024,3,3,64.9,35.1,1,95.67,186.3,281.97,232.8,186.3,1,0.0,77,0,0,0,1,2,1,12,1,0,1,Classroom,2,0,1.5,1388.72,500,1988,3430.44,5,0,0,0,50.0,0.77
B-202403-19269,Booked,Manufacturing Alliance,Innovation Workshop,Corporate,In-person,Rooms Only,Professional Services,Other,Website,Low,2023-12-16,2023-12-30,11,2024-03-26,2024-03-28,2,101,45,90,49,0,,0,0,3,1.0,14230.58,3,65.8,152.05,133.82,12043.8,0.0,0.0,12043.8,87,11642.34,0.0,0.0,11642.34,0.9666666666666668,0.0,,2024,3,2,61.8,38.2,0,21.63,139.28,160.91,0.0,139.28,2,0.0,45,45,0,0,0,0,0,0,0,0,0,,0,0,0.0,0.0,0,0,0.0,0,0,0,0,0.0,0.0
B-202403-24539,Booked,Community Church,Church Retreat Weekend,SMERF,In-person,Full Package,SMERF,Religious,RFP,Medium,2024-01-24,2024-02-17,13,2024-03-26,2024-03-28,2,62,33,66,44,1,Half Ballroom,1,1,11,0.0,0.0,2,64.5,158.89,130.76,8630.16,1253.6,1807.34,11691.1,54,7061.04,1253.6,1721.28,10035.92,0.8181818181818182,39.12,,2024,3,2,67.3,32.7,0,22.51,125.65,148.16,0.0,125.65,2,21.2,26,33,0,0,1,4,2,16,1,0,1,Classroom,2,0,0.75,1253.6,500,480,2421.02,1,0,0,0,0.0,0.37
B-202403-26395,Booked,HR Professionals Network,State Convention,Association,Hybrid,Full Package,Professional Services,Professional Services,Sales Call,High,2023-07-24,2023-08-18,14,2024-03-26,2024-03-29,3,246,104,312,114,1,Half Ballroom,1,0,11,1.0,86643.27,2,63.9,157.46,142.64,44503.68,1228.09,9996.15,55727.92,203,28955.92,1228.09,9520.14,39704.15,0.6506410256410257,83.51,,2024,3,2,59.6,40.4,1,46.44,149.17,195.61,195.61,149.17,2,4.7,92,104,98,0,1,7,3,36,1,0,1,Classroom,3,1,1.86,1228.09,2350,5276,10464.61,5,0,0,0,28.6,0.95
B-202403-66063,Booked,HR Professionals Network,Professional Development Symposium,Association,Virtual,Meeting Only,Professional Services,Professional Services,Referral,Medium,2023-10-23,2023-11-24,23,2024-03-27,2024-03-30,3,156,0,0,97,1,Half Ballroom,0,0,9,1.0,40880.91,3,60.3,159.32,0.0,0.0,1366.35,9908.99,11275.34,0,0.0,1366.35,9437.13,10803.48,,97.29,,2024,3,0,0.0,0.0,0,0.0,0.0,0.0,0.0,0.0,0,0.0,0,0,0,0,2,9,3,36,1,0,1,Theater,2,0,1.89,1366.35,2950,5312,11288.02,5,0,0,0,0.0,0.81
B-202403-75382,Booked,Personal Event,Bar/Bat Mitzvah,Wedding/Social,In-person,Full Package,Social,Social/Private,Sales Call,Low,2023-08-05,2023-08-27,15,2024-03-28,2024-03-29,1,236,29,29,40,1,Breakout Room,1,0,7,0.0,0.0,3,57.0,158.06,140.84,4084.36,576.97,5053.86,9715.19,15,2112.6,576.97,4813.2,7502.77,0.5172413793103449,120.33,,2024,3,3,62.7,37.3,1,93.58,130.99,224.57,224.57,148.03,1,0.0,29,0,0,0,1,1,1,4,0,0,1,Banquet,2,0,2.0,576.97,350,2200,3161.71,1,1,0,1,0.0,1.0
B-202403-88890,Booked,Consulting Network,Product Launch Event,Corporate,In-person,Meeting Only,Professional Services,Professional Services,Sales Call,Low,2024-02-05,2024-02-26,13,2024-03-28,2024-03-30,2,52,0,0,63,1,Half Ballroom,0,1,8,1.0,18529.43,2,66.2,156.17,0.0,0.0,1928.47,8819.78,10748.25,0,0.0,1928.47,8399.79,10328.26,,133.33,,2024,3,0,0.0,0.0,0,0.0,0.0,0.0,0.0,0.0,0,0.0,0,0,0,0,2,2,2,16,1,0,1,Classroom,3,1,2.5,1928.47,1000,1440,3687.2,3,0,0,0,100.0,0.53
B-202403-74852,Booked,HR Professionals Network,Educational Seminar Series,Association,Virtual,Full Package,Professional Services,Professional Services,Sales Call,High,2023-07-29,2023-08-31,24,2024-03-29,2024-04-01,3,244,56,168,69,1,Half Ballroom,1,1,9,0.0,0.0,3,64.5,158.61,144.66,24302.88,1439.29,17190.94,42933.11,130,18805.8,1439.29,16372.32,36617.41,0.7738095238095238,237.28,,2024,3,4,73.5,26.5,1,151.71,136.85,288.56,180.18,136.85,2,9.4,46,56,44,0,2,3,3,24,1,0,1,Classroom,2,0,1.33,1439.29,650,4780,7234.73,5,0,0,0,100.0,0.57
B-202403-12572,Booked,Education Foundation,Professional Development Symposium,Association,In-person,Rooms Only,Education,Education,RFP,Low,2023-11-02,2023-11-22,14,2024-03-31,2024-04-01,1,150,53,53,58,0,,0,1,6,1.0,9336.16,2,61.3,162.0,133.47,7073.91,0.0,0.0,7073.91,38,5071.86,0.0,0.0,5071.86,0.7169811320754716,0.0,,2024,3,3,63.6,36.4,1,121.71,152.64,274.35,233.1,233.1,1,0.0,53,0,0,0,0,0,0,0,0,0,0,,0,0,0.0,0.0,0,0,0.0,0,0,0,0,0.0,0.0
B-202403-29082,Booked,Private Party,Graduation Celebration,Wedding/Social,In-person,Full Package,Social,Social/Private,Website,Medium,2023-04-01,2023-05-10,28,2024-03-31,2024-04-01,1,365,33,33,43,1,Half Ballroom,1,1,11,0.0,0.0,3,69.5,156.79,137.41,4534.53,1055.27,5842.86,11432.66,21,2885.61,1055.27,5564.63,9505.51,0.6363636363636364,129.41,,2024,3,3,53.7,46.3,1,59.61,156.37,215.98,215.98,156.37,1,0.0,33,0,0,0,1,2,1,8,1,0,1,Reception,2,0,1.5,1055.27,500,1080,2301.45,1,0,1,1,0.0,0.36
B-202404-18853,Booked,Professional Engineers Society,Industry Forum,Association,In-person,Full Package,Association,Other,Repeat Client,High,2023-06-29,2023-08-06,27,2024-04-01,2024-04-03,2,277,121,242,161,1,Grand Ballroom,1,1,11,1.0,97283.24,2,80.3,166.32,147.21,35624.82,2550.24,23158.16,61333.22,174,25614.54,2550.24,22055.39,50220.17,0.71900826446281,136.99,,2024,4,4,63.6,36.4,1,133.72,151.18,284.9,239.77,154.01,2,1.7,119,121,0,0,2,2,2,16,1,0,1,Classroom,3,1,3.0,2550.24,1300,22540,28460.7,5,0,0,0,100.0,0.67
B-202404-70902,Booked,Cultural Journeys,Architecture Tour Group,SMERF,In-person,Rooms Only,Association,Association,RFP,Low,2024-01-28,2024-02-18,16,2024-04-02,2024-04-03,1,65,38,38,49,0,Boardroom A,1,0,5,1.0,7190.04,3,79.6,160.11,132.56,5037.28,0.0,0.0,5037.28,35,4639.6,0.0,0.0,4639.6,0.9210526315789472,0.0,,2024,4,4,73.1,26.9,1,129.23,146.31,275.54,182.34,154.39,1,0.0,38,0,0,0,0,1,1,4,0,0,1,,0,0,0.0,0.0,0,0,318.85,0,0,0,0,0.0,0.0
B-202404-17312,Booked,Manufacturing Alliance,Annual Sales Conference,Corporate,In-person,Full Package,Healthcare,Other,Sales Call,Low,2024-01-25,2024-02-20,13,2024-04-03,2024-04-04,1,69,47,47,52,1,Half Ballroom,1,0,13,0.0,0.0,1,79.0,171.84,144.74,6802.78,1328.4,3872.78,12003.96,44,6368.56,1328.4,3688.36,11385.32,0.9361702127659576,70.93,,2024,4,3,72.9,27.1,1,166.35,128.61,294.96,221.97,128.61,1,0.0,47,0,0,0,1,1,1,8,1,0,1,Classroom,2,0,2.0,1328.4,350,1560,2484.28,3,0,0,0,100.0,0.43
B-202404-18526,Booked,Personal Event,Holiday Party,Wedding/Social,In-person,Full Package,Social,Social/Private,Cvent,Low,2023-06-13,2023-07-06,16,2024-04-03,2024-04-04,1,295,38,38,44,1,Half Ballroom,1,0,7,1.0,16385.3,2,81.7,167.77,140.01,5320.38,1140.56,6138.59,12599.53,24,3360.24,1140.56,5846.28,10347.08,0.631578947368421,132.87,,2024,4,2,58.6,41.4,0,138.63,142.52,281.15,0.0,142.52,1,0.0,38,0,0,0,1,2,1,8,1,0,1,Reception,1,0,0.5,1140.56,150,1320,2162.15,1,1,0,1,0.0,0.37
B-202404-91207,Booked,Senior Adventures,Regional Arts Tour,Corporate,In-person,Full Package,Government,Government,Third-Party Planner,Medium,2024-01-02,2024-01-23,11,2024-04-03,2024-04-04,1,92,52,52,69,1,Half Ballroom,1,0,10,0.0,0.0,4,80.8,159.07,135.08,7024.16,1466.15,0.0,8490.31,47,6348.76,1466.15,0.0,7814.91,0.903846153846154,0.0,,2024,4,4,51.9,48.1,1,142.66,148.56,291.22,215.92,148.56,1,0.0,52,0,0,0,2,1,1,4,1,0,1,Classroom,0,0,0.0,1466.15,0,0,333.38,0,0,0,0,0.0,0.57
B-202404-27143,Booked,Travel Club International,Nature & Wildlife Tour,Corporate,In-person,Full Package,Finance,Finance,Repeat Client,Medium,2024-02-29,2024-03-25,11,2024-04-04,2024-04-05,1,35,36,36,41,1,Half Ballroom,1,0,14,0.0,0.0,1,79.3,169.62,154.3,5554.8,845.38,0.0,6400.18,35,5400.5,845.38,0.0,6245.88,0.9722222222222222,0.0,,2024,4,2,68.5,31.5,0,154.39,140.39,294.78,0.0,140.39,1,0.0,36,0,0,0,1,1,1,4,1,0,1,Classroom,1,0,1.0,845.38,150,0,514.69,0,0,0,0,0.0,0.34
B-202404-89079,Booked,Tour Operator Network,Garden Tour Society,Corporate,In-person,Full Package,Professional Services,Professional Services,Cvent,Medium,2024-02-06,2024-02-25,12,2024-04-05,2024-04-06,1,59,12,12,14,1,Boardroom,1,1,7,0.0,0.0,2,79.6,160.74,138.75,1665.0,367.19,0.0,2032.19,11,1526.25,367.19,0.0,1893.44,0.9166666666666666,0.0,,2024,4,4,74.8,25.2,1,98.53,125.19,223.72,223.72,125.19,1,0.0,12,0,0,0,1,1,1,4,0,1,1,Boardroom,1,0,1.0,367.19,150,0,809.94,0,0,0,0,0.0,1.0
B-202404-15776,Booked,Private Party,Graduation Celebration,Wedding/Social,Hybrid,Meeting Only,Social,Social/Private,RFP,Low,2023-08-19,2023-09-14,21,2024-04-06,2024-04-07,1,231,0,0,41,1,Half Ballroom,0,0,5,0.0,0.0,3,76.8,172.08,0.0,0.0,1018.79,5862.98,6881.77,0,0.0,1018.79,5583.79,6602.58,,136.19,,2024,4,0,0.0,0.0,0,0.0,0.0,0.0,0.0,0.0,0,0.0,0,0,0,0,1,2,1,8,1,0,1,Banquet,0,0,0.0,1018.79,0,1080,1806.53,1,0,1,1,0.0,0.34
B-202404-33078,Booked,Volunteer Network,Youth Group Gathering,SMERF,In-person,Full Package,Other,Other,Third-Party Planner,Low,2023-11-22,2023-12-21,15,2024-04-06,2024-04-08,2,136,37,74,50,1,Half Ballroom,1,0,14,0.0,0.0,3,80.2,171.22,143.91,10649.34,1111.89,4003.65,15764.88,58,8346.78,1111.89,3813.0,13271.67,0.7837837837837838,76.26,,2024,4,2,73.4,26.6,1,16.66,154.25,170.91,170.91,154.25,2,0.0,37,37,0,0,1,2,2,16,1,0,1,Theater,1,0,1.0,1111.89,300,940,2400.39,2,0,0,0,100.0,0.42
B-202404-10881,Booked,Legal Society,State Convention,Association,In-person,Full Package,Legal,Legal,Sales Call,Low,2023-06-20,2023-07-19,22,2024-04-07,2024-04-08,1,292,59,59,65,1,Half Ballroom,1,0,7,1.0,16884.9,2,79.4,160.75,140.48,8288.32,1362.35,4686.05,14336.72,39,5478.72,1362.35,4462.9,11303.97,0.6610169491525424,68.66,,2024,4,2,62.0,38.0,1,97.4,172.54,269.94,172.54,172.54,1,0.0,59,0,0,0,1,1,1,8,1,0,1,Classroom,2,0,2.0,1362.35,350,1300,2303.85,3,0,0,0,100.0,0.54
B-202404-36607,Booked,Accounting Institute,Policy Symposium,Association,Hybrid,Full Package,Finance,Finance,Direct Inquiry,High,2023-08-25,2023-09-23,19,2024-04-07,2024-04-10,3,226,67,201,91,1,Half Ballroom,1,1,10,0.0,0.0,1,76.0,161.92,145.31,29207.31,1345.54,9603.73,40156.58,154,22377.74,1345.54,9146.41,32869.69,0.7661691542288557,100.51,,2024,4,3,54.3,45.7,1,141.21,141.07,282.28,239.75,141.07,2,5.1,65,67,59,0,2,8,3,36,1,0,1,Theater,3,1,2.0,1345.54,3000,5020,10940.63,3,0,0,0,12.5,0.76
B-202404-60579,Booked,TechCorp Solutions,Product Launch Event,Corporate,Hybrid,Full Package,Technology,Technology,Cvent,Low,2024-02-10,2024-02-26,9,2024-04-07,2024-04-08,1,57,49,49,56,1,Half Ballroom,1,1,7,0.0,0.0,3,77.6,165.87,142.61,6987.89,1079.86,2370.23,10437.98,45,6417.45,1079.86,2257.36,9754.67,0.9183673469387756,40.31,,2024,4,3,57.5,42.5,1,44.24,135.35,179.59,179.59,135.35,1,0.0,49,0,0,0,1,1,1,8,1,0,1,Classroom,1,0,1.0,1079.86,150,960,1708.57,2,0,0,0,100.0,0.47
B-202404-52157,Booked,Nonprofit Foundation,Charity Fundraiser,SMERF,In-person,Full Package,Technology,Technology,RFP,Medium,2023-12-21,2024-01-15,17,2024-04-09,2024-04-10,1,110,50,50,58,1,Half Ballroom,1,0,8,1.0,13510.28,3,76.4,173.17,149.44,7472.0,937.87,1129.7,9539.57,41,6127.04,937.87,1075.9,8140.81,0.82,18.55,,2024,4,2,61.6,38.4,1,87.45,195.5,282.95,195.5,282.95,1,0.0,50,0,0,0,1,2,1,8,1,0,1,Classroom,2,0,1.5,937.87,500,240,1470.84,1,0,0,0,0.0,0.48
B-202404-58449,Booked,Legal Society,Regional Chapter Meeting,Association,In-person,Full Package,Legal,Legal,Third-Party Planner,High,2023-05-07,2023-05-29,15,2024-04-10,2024-04-13,3,339,127,381,164,1,Grand Ballroom,1,0,7,1.0,123848.08,2,87.1,159.73,143.2,54559.2,1666.31,41877.32,98102.83,265,37948.0,1666.31,39883.16,79497.47,0.6955380577427821,243.19,,2024,4,4,68.0,32.0,1,110.3,128.76,239.06,239.06,142.95,2,4.1,115,127,125,0,1,3,3,24,1,0,1,Theater,3,1,2.67,1666.31,1650,37556,46809.39,5,0,0,0,100.0,0.68
B-202404-65799,Booked,Professional Services Group,Product Launch Event,Corporate,Hybrid,Full Package,Technology,Other,Website,Medium,2024-03-01,2024-03-23,8,2024-04-11,2024-04-12,1,41,70,70,93,1,Half Ballroom,1,0,14,1.0,22720.14,2,81.4,170.26,156.73,10971.1,1450.77,2690.26,15112.13,65,10187.45,1450.77,2562.15,14200.37,0.9285714285714286,27.55,,2024,4,4,55.8,44.2,0,128.76,136.26,265.02,0.0,136.26,1,0.0,70,0,0,0,2,2,1,12,1,0,1,Classroom,3,1,2.5,1450.77,1000,936,2850.41,2,0,0,0,50.0,0.78
B-202404-69183,Booked,Real Estate Board,Industry Forum,Association,Virtual,Full Package,Government,Government,Repeat Client,Medium,2023-09-22,2023-10-24,18,2024-04-11,2024-04-13,2,202,43,86,48,1,Half Ballroom,1,0,14,0.0,0.0,1,73.7,166.33,151.45,13024.7,1045.69,6666.41,20736.8,67,10147.15,1045.69,6348.96,17541.8,0.7790697674418605,132.27,,2024,4,2,61.0,39.0,1,97.26,152.74,250.0,250.0,152.74,2,18.6,35,43,0,0,1,2,2,16,1,0,1,Classroom,1,0,1.0,1045.69,300,3000,4449.59,4,0,0,0,100.0,0.4
B-202404-89036,Booked,Education Foundation,Annual Member Conference,Association,In-person,Full Package,Education,Education,Cvent,Low,2023-07-30,2023-09-02,22,2024-04-11,2024-04-13,2,256,15,30,20,1,Breakout Room,1,1,12,1.0,14142.28,2,78.7,166.27,140.99,4229.7,521.05,3437.28,8188.03,19,2678.81,521.05,3273.6,6473.46,0.6333333333333333,163.68,,2024,4,2,67.0,33.0,1,38.28,244.75,283.03,244.75,244.75,2,73.3,4,15,0,0,1,2,2,16,0,0,1,Theater,3,1,2.5,521.05,1000,3280,6342.47,5,0,0,0,100.0,0.5
B-202404-36254,Booked,Private Individual,Martinez-Garcia Wedding,Wedding/Social,In-person,Full Package,Social,Social/Private,Repeat Client,Medium,2023-07-08,2023-08-12,25,2024-04-12,2024-04-14,2,279,36,72,41,1,Half Ballroom,1,0,10,1.0,32358.47,1,83.6,164.88,142.44,10255.68,885.83,6276.69,17418.2,42,5982.48,885.83,5977.8,12846.11,0.5833333333333334,145.8,,2024,4,2,53.1,46.9,0,27.83,125.5,153.33,0.0,125.5,2,5.6,34,36,0,0,1,2,2,8,1,0,1,Banquet,1,0,0.5,885.83,150,1320,2206.34,1,1,0,1,0.0,0.34
B-202404-36263,Booked,Personal Event,Anniversary Celebration,Wedding/Social,In-person,Rooms Only,Social,Social/Private,Direct Inquiry,Low,2023-08-14,2023-09-21,33,2024-04-14,2024-04-15,1,244,25,25,27,0,,0,0,5,0.0,0.0,2,72.8,167.68,140.28,3507.0,0.0,0.0,3507.0,14,1963.92,0.0,0.0,1963.92,0.56,0.0,,2024,4,4,62.5,37.5,1,97.23,134.31,231.54,231.54,134.31,1,0.0,25,0,0,0,0,0,0,0,0,0,0,,0,0,0.0,0.0,0,0,0.0,0,0,0,0,0.0,0.0
B-202404-63330,Booked,State Medical Association,Policy Symposium,Association,In-person,Full Package,Healthcare,Healthcare,Website,High,2023-06-22,2023-07-21,15,2024-04-14,2024-04-16,2,297,89,178,101,1,Half Ballroom,1,1,14,1.0,65786.31,2,80.2,163.48,142.32,25332.96,1237.15,5844.42,32414.53,124,17647.68,1237.15,5566.11,24450.94,0.6966292134831461,55.11,,2024,4,3,69.1,30.9,1,147.79,140.3,288.09,226.34,288.09,2,4.5,85,89,0,0,1,5,2,24,1,0,1,Theater,3,1,2.4,1237.15,2350,4792,9004.15,4,0,0,0,20.0,0.84
B-202404-75213,Booked,Real Estate Board,Member Appreciation Event,Association,Hybrid,Full Package,Government,Government,RFP,High,2023-08-30,2023-09-28,22,2024-04-14,2024-04-16,2,228,82,164,96,1,Half Ballroom,1,0,7,1.0,54070.88,3,77.8,172.66,153.14,25114.96,1624.05,6438.1,33177.11,113,17304.82,1624.05,6131.52,25060.39,0.6890243902439024,63.87,,2024,4,3,65.4,34.6,0,12.81,145.81,158.62,0.0,148.16,2,3.7,79,82,0,0,2,5,2,24,1,0,1,Classroom,2,0,1.2,1624.05,950,3920,6745.1,5,0,0,0,20.0,0.8
B-202404-87664,Booked,TechCorp Solutions,Leadership Summit,Corporate,In-person,Full Package,Technology,Technology,RFP,Low,2024-01-06,2024-01-24,10,2024-04-14,2024-04-16,2,99,29,58,39,1,Breakout Room,1,0,8,1.0,24337.61,2,79.8,166.52,137.78,7991.24,544.97,5674.85,14211.06,54,7440.12,544.97,5404.62,13389.71,0.9310344827586208,138.58,,2024,4,2,53.2,46.8,1,33.56,138.77,172.33,172.33,138.77,2,37.9,18,29,0,0,1,2,2,16,0,0,1,Theater,3,1,2.0,544.97,800,3312,5991.24,3,0,0,0,100.0,0.97
B-202404-35295,Booked,Community Church,Community Service Event,SMERF,In-person,Full Package,SMERF,Religious,Repeat Client,Medium,2024-02-27,2024-03-30,21,2024-04-15,2024-04-16,1,48,50,50,55,1,Half Ballroom,1,0,11,0.0,0.0,2,76.4,164.51,149.9,7495.0,1146.94,1127.28,9769.22,40,5996.0,1146.94,1073.6,8216.54,0.8,19.52,,2024,4,4,55.7,44.3,1,134.38,140.08,274.46,248.06,140.08,1,0.0,50,0,0,0,1,1,1,8,1,0,1,Banquet,2,0,2.0,1146.94,350,700,1652.4,1,0,0,0,100.0,0.46
B-202404-66112,Booked,Accounting Institute,Board Retreat,Association,In-person,Full Package,Finance,Finance,Direct Inquiry,High,2023-09-07,2023-10-06,19,2024-04-15,2024-04-18,3,221,66,198,79,1,Half Ballroom,1,0,10,1.0,70170.23,1,78.2,174.08,154.41,30573.18,1004.74,18609.0,50186.92,139,21462.99,1004.74,17722.86,40190.59,0.702020202020202,224.34,,2024,4,2,74.1,25.9,0,145.26,138.26,283.52,0.0,138.26,2,4.0,65,66,60,0,1,3,3,24,1,0,1,Classroom,3,1,1.67,1004.74,950,4140,6973.2,4,0,0,0,100.0,0.66
B-202404-93335,Booked,Family Celebration,Williams-Brown Wedding,Wedding/Social,In-person,Full Package,Social,Social/Private,Sales Call,Low,2023-08-18,2023-10-03,36,2024-04-15,2024-04-17,2,241,21,42,24,1,Breakout Room,1,0,10,0.0,0.0,4,81.4,168.11,152.67,6412.14,436.9,3114.72,9963.76,23,3511.41,436.9,2966.4,6914.71,0.5476190476190477,123.6,,2024,4,4,51.9,48.1,1,133.5,153.2,286.7,176.77,153.2,2,57.1,9,21,0,0,1,3,2,12,0,0,1,Banquet,1,0,0.33,436.9,150,1320,3351.3,1,1,0,1,0.0,0.6
B-202404-76115,Booked,Energy Solutions,Sales Kickoff,Corporate,Hybrid,Meeting Only,Professional Services,Other,Third-Party Planner,Medium,2024-02-25,2024-03-10,8,2024-04-16,2024-04-19,3,51,0,0,146,1,Grand Ballroom,0,0,6,0.0,0.0,2,79.8,165.87,0.0,0.0,2286.64,38412.38,40699.02,0,0.0,2286.64,36583.22,38869.86,,250.57,,2024,4,0,0.0,0.0,0,0.0,0.0,0.0,0.0,0.0,0,0.0,0,0,0,0,2,3,3,24,1,0,1,Theater,3,1,2.67,2286.64,1650,28178,37277.28,4,0,0,0,100.0,0.61
B-202404-21013,Booked,Service Club,Cultural Heritage Festival,SMERF,In-person,Full Package,SMERF,Social/Community,Referral,Low,2024-02-26,2024-03-15,11,2024-04-18,2024-04-20,2,52,27,54,33,1,Breakout Room,1,0,7,0.0,0.0,1,74.9,162.16,136.52,7372.08,540.32,1946.29,9858.69,47,6416.44,540.32,1853.61,8810.37,0.8703703703703703,56.17,,2024,4,2,50.2,49.8,0,157.15,130.25,287.4,0.0,130.25,2,37.0,17,27,0,0,1,4,2,16,0,0,1,Theater,2,0,1.5,540.32,1000,2706,6157.26,2,0,0,0,0.0,0.82
B-202404-85813,Booked,Private Party,Holiday Party,Wedding/Social,In-person,Full Package,Social,Social/Private,RFP,Low,2023-07-15,2023-08-22,28,2024-04-20,2024-04-21,1,280,20,20,27,1,Breakout Room,1,0,10,1.0,11581.42,2,78.7,156.97,144.71,2894.2,431.8,3733.98,7059.98,14,2025.94,431.8,3556.17,6013.91,0.7,131.71,,2024,4,4,51.0,49.0,1,136.5,132.56,269.06,239.06,132.56,1,0.0,20,0,0,0,1,1,1,4,0,0,1,Reception,2,0,2.0,431.8,350,1485,2480.53,1,1,0,1,0.0,0.68
B-202404-12440,Booked,State Medical Association,Committee Meeting,Association,In-person,Full Package,Healthcare,Healthcare,Sales Call,Medium,2023-10-20,2023-11-22,22,2024-04-21,2024-04-24,3,184,28,84,35,1,Breakout Room,1,1,11,1.0,31788.03,1,73.6,171.97,149.3,12541.2,402.19,7323.54,20266.93,69,10301.7,402.19,6974.8,17678.69,0.8214285714285714,199.28,,2024,4,3,61.3,38.7,0,157.01,125.18,282.19,0.0,125.18,2,17.8,24,28,16,0,1,3,3,24,0,0,1,Classroom,2,0,1.67,402.19,850,6720,10587.78,5,0,0,0,100.0,0.88
B-202404-90538,Booked,HR Professionals Network,Industry Forum,Association,In-person,Full Package,Professional Services,Professional Services,Direct Inquiry,High,2023-08-03,2023-09-05,23,2024-04-23,2024-04-26,3,264,75,225,97,1,Half Ballroom,1,0,10,0.0,0.0,1,82.5,168.85,154.18,34690.5,1359.81,8329.29,44379.6,156,24052.08,1359.81,7932.66,33344.55,0.6933333333333334,81.78,,2024,4,3,66.7,33.3,0,144.23,135.79,280.02,0.0,150.34,2,7.5,63,75,63,0,1,7,3,36,1,0,1,Classroom,3,1,1.86,1359.81,2350,5168,10282.01,5,0,0,0,28.6,0.81
B-202404-46629,Booked,Professional Engineers Society,Member Appreciation Event,Association,Hybrid,Full Package,Association,Other,Cvent,Medium,2023-07-28,2023-09-04,26,2024-04-24,2024-04-26,2,271,75,150,87,1,Half Ballroom,1,0,12,1.0,52562.23,1,81.7,168.61,155.47,23320.5,1308.12,6083.91,30712.53,100,15547.0,1308.12,5794.2,22649.32,0.6666666666666666,66.6,,2024,4,3,74.6,25.4,1,147.67,135.86,283.53,187.65,135.86,2,14.7,64,75,0,0,1,5,2,24,1,0,1,Classroom,3,1,2.4,1308.12,2450,4392,8733.07,4,0,0,0,20.0,0.72
B-202404-65550,Booked,Energy Solutions,Leadership Summit,Corporate,Hybrid,Meeting Only,Finance,Other,Direct Inquiry,Low,2024-01-28,2024-02-20,13,2024-04-24,2024-04-25,1,87,0,0,142,1,Grand Ballroom,0,1,10,0.0,0.0,2,78.2,165.21,0.0,0.0,2621.98,11534.38,14156.36,0,0.0,2621.98,10985.12,13607.1,,77.36,,2024,4,0,0.0,0.0,0,0.0,0.0,0.0,0.0,0.0,0,0.0,0,0,0,0,2,1,1,8,1,0,1,Classroom,3,1,3.0,2621.98,650,10934,14330.61,4,0,0,0,100.0,0.59
B-202404-71691,Booked,Consulting Network,Sales Kickoff,Corporate,In-person,Full Package,Professional Services,Professional Services,Third-Party Planner,Medium,2024-01-16,2024-02-12,13,2024-04-24,2024-04-26,2,99,62,124,71,1,Half Ballroom,1,1,14,0.0,0.0,3,84.4,161.29,132.77,16463.48,1558.35,11663.35,29685.18,108,14339.16,1558.35,11107.95,27005.46,0.8709677419354839,156.45,,2024,4,3,68.3,31.7,0,147.93,134.16,282.09,0.0,134.16,2,14.5,53,62,0,0,2,2,2,16,1,0,1,Classroom,2,0,2.0,1558.35,700,3408,5267.75,4,0,0,0,100.0,0.59
B-202404-40704,Booked,Private Individual,Anniversary Celebration,Wedding/Social,In-person,Full Package,Social,Social/Private,Referral,Low,2023-09-25,2023-11-01,26,2024-04-26,2024-04-27,1,214,25,25,34,1,Breakout Room,1,1,11,0.0,0.0,3,76.2,166.16,148.56,3714.0,558.71,4911.61,9184.32,16,2376.96,558.71,4677.72,7613.39,0.64,137.58,,2024,4,4,53.8,46.2,1,132.34,133.78,266.12,182.78,133.78,1,0.0,25,0,0,0,1,1,1,4,0,0,1,Reception,2,0,2.0,558.71,350,1870,2801.85,1,1,0,1,0.0,0.85
B-202404-81650,Booked,Global Industries,Performance Review Summit,Corporate,In-person,Rooms Only,Healthcare,Other,Referral,Low,2024-01-03,2024-01-18,10,2024-04-27,2024-04-29,2,115,56,112,61,0,,0,1,5,0.0,0.0,2,81.6,165.94,147.99,16574.88,0.0,0.0,16574.88,103,15242.97,0.0,0.0,15242.97,0.9196428571428572,0.0,,2024,4,4,59.7,40.3,1,134.93,134.83,269.76,222.83,134.83,2,21.4,44,56,0,0,0,0,0,0,0,0,0,,0,0,0.0,0.0,0,0,0.0,0,0,0,0,0.0,0.0
B-202404-86697,Booked,Youth Organization,Sports Team Tournament,SMERF,In-person,Meeting Only,SMERF,Social/Community,Website,Low,2023-12-30,2024-01-26,19,2024-04-27,2024-04-28,1,119,0,0,61,1,Half Ballroom,0,0,8,0.0,0.0,4,78.7,164.33,0.0,0.0,954.45,1090.77,2045.22,0,0.0,954.45,1038.83,1993.28,,17.03,,2024,4,0,0.0,0.0,0,0.0,0.0,0.0,0.0,0.0,0,0.0,0,0,0,0,1,2,1,8,1,0,1,Banquet,1,0,0.5,954.45,150,700,1540.54,1,0,0,0,0.0,0.51
B-202404-29472,Booked,State Medical Association,Industry Forum,Association,In-person,Full Package,Healthcare,Healthcare,Third-Party Planner,Medium,2023-06-26,2023-07-20,14,2024-04-28,2024-05-01,3,307,37,111,43,1,Half Ballroom,1,1,10,1.0,45303.22,4,73.5,166.08,142.82,15853.02,800.87,9390.75,26044.64,70,9997.4,800.87,8943.57,19741.84,0.6306306306306306,207.99,,2024,4,4,70.9,29.1,1,131.86,141.76,273.62,190.14,141.76,2,13.8,25,37,28,0,1,3,3,24,1,0,1,Classroom,2,0,2.0,800.87,1050,3680,6535.97,4,0,0,0,100.0,0.36
B-202404-18523,Booked,Technology Innovators,Annual Sales Conference,Corporate,In-person,Rooms Only,Technology,Technology,Website,Low,2024-03-22,2024-04-03,9,2024-04-29,2024-04-30,1,38,8,8,8,0,,0,1,3,1.0,1260.94,4,78.3,163.14,145.0,1160.0,0.0,0.0,1160.0,6,870.0,0.0,0.0,870.0,0.75,0.0,,2024,4,3,64.2,35.8,1,34.74,136.77,171.51,171.51,142.22,1,0.0,8,0,0,0,0,0,0,0,0,0,0,,0,0,0.0,0.0,0,0,0.0,0,0,0,0,0.0,0.0
B-202404-98029,Booked,Private Individual,Baby Shower Weekend,Wedding/Social,In-person,Full Package,Social,Social/Private,Direct Inquiry,Low,2023-06-22,2023-08-04,32,2024-04-29,2024-04-30,1,312,14,14,18,1,Breakout Room,1,0,11,0.0,0.0,2,81.5,169.91,157.58,2206.12,588.55,2292.38,5087.05,8,1260.64,588.55,2183.22,4032.41,0.5714285714285714,121.29,,2024,4,4,60.2,39.8,1,124.21,155.94,280.15,229.42,195.38,1,0.0,14,0,0,0,1,1,1,4,0,0,1,Reception,2,0,2.0,588.55,350,990,1954.63,1,1,0,1,0.0,0.45
B-202405-10947,Booked,Global Industries,Town Hall Meeting,Corporate,Hybrid,Full Package,Finance,Other,Direct Inquiry,High,2024-03-11,2024-04-05,11,2024-05-02,2024-05-05,3,52,62,186,82,1,Half Ballroom,1,0,14,0.0,0.0,1,81.7,171.53,144.17,26815.62,1282.91,7936.7,36035.23,179,25806.43,1282.91,7558.76,34648.1,0.9623655913978496,92.18,,2024,5,3,70.7,29.3,1,43.11,135.55,178.66,178.66,135.55,2,7.9,57,62,50,0,1,7,3,36,1,0,1,Theater,3,1,2.0,1282.91,2650,6678,12199.33,5,0,0,0,28.6,0.68
B-202405-13662,Booked,Financial Services Group,Performance Review Summit,Corporate,In-person,Meeting Only,Finance,Finance,Third-Party Planner,Low,2024-01-27,2024-02-15,13,2024-05-03,2024-05-05,2,97,0,0,68,1,Half Ballroom,0,0,6,1.0,17976.81,1,85.8,171.89,0.0,0.0,801.45,11759.58,12561.03,0,0.0,801.45,11199.6,12001.05,,164.7,,2024,5,0,0.0,0.0,0,0.0,0.0,0.0,0.0,0.0,0,0.0,0,0,0,0,1,2,2,16,1,0,1,Classroom,2,0,1.5,801.45,500,2808,4529.58,5,0,0,0,100.0,0.57
B-202405-13830,Booked,Banking Consortium,Innovation Workshop,Corporate,In-person,Meeting Only,Finance,Finance,Repeat Client,Medium,2024-02-15,2024-03-03,8,2024-05-04,2024-05-06,2,79,0,0,143,1,Grand Ballroom,0,1,9,1.0,36181.2,1,79.0,166.53,0.0,0.0,1704.33,22223.7,23928.03,0,0.0,1704.33,21165.43,22869.76,,148.01,,2024,5,0,0.0,0.0,0,0.0,0.0,0.0,0.0,0.0,0,0.0,0,0,0,0,1,2,2,16,1,0,1,Classroom,3,1,2.5,1704.33,1000,18304,24295.18,4,0,0,0,100.0,0.6
B-202405-23878,Booked,Technology Innovators,Customer Advisory Board,Corporate,In-person,Meeting Only,Technology,Technology,Sales Call,Low,2024-03-11,2024-04-01,13,2024-05-04,2024-05-06,2,54,0,0,66,1,Half Ballroom,0,0,8,0.0,0.0,1,78.5,169.65,0.0,0.0,1959.33,10783.77,12743.1,0,0.0,1959.33,10270.26,12229.59,,155.61,,2024,5,0,0.0,0.0,0,0.0,0.0,0.0,0.0,0.0,0,0.0,0,0,0,0,2,2,2,16,1,0,1,Theater,2,0,2.0,1959.33,700,2784,4736.4,3,0,0,0,100.0,0.55
B-202405-55140,Booked,Youth Organization,Volunteer Training,SMERF,In-person,Full Package,SMERF,Social/Community,Repeat Client,Medium,2024-01-05,2024-02-04,17,2024-05-04,2024-05-05,1,120,37,37,43,1,Half Ballroom,1,0,13,0.0,0.0,1,81.2,169.93,141.36,5230.32,1120.56,0.0,6350.88,27,3816.72,1120.56,0.0,4937.28,0.7297297297297297,0.0,,2024,5,2,59.4,40.6,1,99.93,125.45,225.38,225.38,125.45,1,0.0,37,0,0,0,1,2,1,8,1,0,1,Classroom,2,0,1.5,1120.56,500,0,1165.46,0,0,0,0,0.0,0.36
B-202405-61229,Booked,Regional Healthcare System,Leadership Summit,Corporate,In-person,Rooms Only,Healthcare,Healthcare,Referral,Low,2024-02-06,2024-02-21,11,2024-05-04,2024-05-06,2,88,34,68,37,0,,0,0,4,0.0,0.0,1,85.9,167.51,147.22,10010.96,0.0,0.0,10010.96,58,8538.76,0.0,0.0,8538.76,0.8529411764705882,0.0,,2024,5,3,65.6,34.4,1,141.36,131.09,272.45,194.42,131.09,2,2.9,33,34,0,0,0,0,0,0,0,0,0,,0,0,0.0,0.0,0,0,0.0,0,0,0,0,0.0,0.0
B-202405-64767,Booked,Private Party,Williams-Brown Wedding,Wedding/Social,In-person,Rooms Only,Social,Social/Private,Direct Inquiry,Low,2023-07-21,2023-09-04,40,2024-05-04,2024-05-06,2,288,24,48,26,0,,0,1,5,1.0,9366.47,1,79.4,172.2,149.29,7165.92,0.0,0.0,7165.92,31,4627.99,0.0,0.0,4627.99,0.6458333333333334,0.0,,2024,5,3,57.8,42.2,1,61.34,126.77,188.11,188.11,126.77,2,0.0,24,24,0,0,0,0,0,0,0,0,0,,0,0,0.0,0.0,0,0,0.0,0,0,0,0,0.0,0.0
B-202405-94153,Booked,Manufacturing Alliance,Product Launch Event,Corporate,In-person,Rooms Only,Professional Services,Other,Third-Party Planner,Low,2024-02-09,2024-02-22,7,2024-05-05,2024-05-07,2,86,41,82,45,0,,0,0,6,1.0,15552.55,2,82.1,175.04,159.9,13111.8,0.0,0.0,13111.8,70,11193.0,0.0,0.0,11193.0,0.8536585365853658,0.0,,2024,5,4,56.0,44.0,1,126.51,146.5,273.01,220.06,146.5,2,7.3,38,41,0,0,0,0,0,0,0,0,0,,0,0,0.0,0.0,0,0,0.0,0,0,0,0,0.0,0.0
B-202405-94358,Booked,Banking Consortium,Product Launch Event,Corporate,In-person,Full Package,Finance,Finance,Website,Medium,2024-02-14,2024-03-04,12,2024-05-05,2024-05-07,2,81,54,108,67,1,Half Ballroom,1,0,7,1.0,29382.46,1,84.4,177.14,152.65,16486.2,1129.96,10834.6,28450.76,99,15112.35,1129.96,10318.67,26560.98,0.9166666666666666,154.01,,2024,5,4,66.0,34.0,1,93.11,130.95,224.06,224.06,130.95,2,14.8,46,54,0,0,1,2,2,16,1,0,1,Theater,2,0,1.5,1129.96,500,2808,4531.9,5,0,0,0,100.0,0.56
B-202405-36787,Booked,Regional Healthcare System,Quarterly Business Review,Corporate,In-person,Full Package,Healthcare,Healthcare,Repeat Client,Medium,2024-03-02,2024-03-22,13,2024-05-06,2024-05-07,1,65,50,50,62,1,Half Ballroom,1,0,7,0.0,0.0,1,87.5,177.38,149.82,7491.0,1393.47,2475.1,11359.57,44,6592.08,1393.47,2357.24,10342.79,0.88,38.02,,2024,5,3,57.4,42.6,1,85.97,129.64,215.61,215.61,129.64,1,0.0,50,0,0,0,2,1,1,8,1,0,1,Theater,1,0,1.0,1393.47,150,1272,2065.35,2,0,0,0,100.0,0.52
B-202405-51676,Booked,Social Event,Engagement Party,Wedding/Social,In-person,Full Package,Social,Social/Private,Website,Medium,2023-07-08,2023-08-17,29,2024-05-06,2024-05-07,1,303,34,34,38,1,Breakout Room,1,1,11,1.0,12193.51,4,87.7,164.73,142.29,4837.86,520.39,4915.28,10273.53,19,2703.51,520.39,4681.22,7905.12,0.5588235294117647,123.19,,2024,5,3,70.3,29.7,1,101.72,129.43,231.15,231.15,129.43,1,0.0,34,0,0,0,1,1,1,4,0,0,1,Banquet,2,0,2.0,520.39,350,1710,2661.04,1,0,1,1,0.0,0.95
B-202405-26260,Booked,Industry Trade Group,State Convention,Association,In-person,Full Package,Trade/Manufacturing,Trade/Manufacturing,Direct Inquiry,Medium,2023-07-13,2023-08-10,17,2024-05-08,2024-05-11,3,300,46,138,53,1,Half Ballroom,1,0,11,0.0,0.0,1,85.5,167.78,151.68,20931.84,846.82,12754.42,34533.08,97,14712.96,846.82,12147.07,27706.85,0.7028985507246377,229.19,,2024,5,3,72.4,27.6,1,110.49,158.66,269.15,220.04,158.66,2,7.7,39,46,38,0,1,3,3,24,1,0,1,Theater,2,0,1.67,846.82,850,3400,6014.53,5,0,0,0,100.0,0.44
B-202405-13888,Booked,Private Party,Martinez-Garcia Wedding,Wedding/Social,In-person,Rooms Only,Social,Social/Private,Repeat Client,Low,2023-12-11,2024-01-10,26,2024-05-09,2024-05-10,1,150,29,29,31,0,,0,1,4,0.0,0.0,1,82.3,171.07,144.51,4190.79,0.0,0.0,4190.79,18,2601.18,0.0,0.0,2601.18,0.6206896551724138,0.0,,2024,5,2,63.0,37.0,1,34.07,148.17,182.24,182.24,148.17,1,0.0,29,0,0,0,0,0,0,0,0,0,0,,0,0,0.0,0.0,0,0,0.0,0,0,0,0,0.0,0.0
B-202405-28764,Booked,Premier Tours,Nature & Wildlife Tour,Corporate,In-person,Full Package,Legal,Legal,Sales Call,Low,2024-04-04,2024-04-25,14,2024-05-10,2024-05-12,2,36,12,24,16,1,Breakout Room,1,0,7,0.0,0.0,3,90.2,190.94,170.11,4082.64,474.75,0.0,4557.39,21,3572.31,474.75,0.0,4047.06,0.875,0.0,,2024,5,4,72.2,27.8,1,151.12,138.09,289.21,181.27,138.09,2,41.7,7,12,0,0,1,2,2,8,0,0,1,Theater,1,0,0.5,474.75,150,0,1397.84,0,0,0,0,0.0,0.4
B-202405-68755,Booked,Regional Healthcare System,Regional Team Meeting,Corporate,Hybrid,Meeting Only,Healthcare,Healthcare,Third-Party Planner,Low,2024-02-26,2024-03-14,10,2024-05-10,2024-05-11,1,74,0,0,59,1,Half Ballroom,0,1,7,0.0,0.0,3,90.3,185.96,0.0,0.0,1245.34,4741.03,5986.37,0,0.0,1245.34,4515.27,5760.61,,76.53,,2024,5,0,0.0,0.0,0,0.0,0.0,0.0,0.0,0.0,0,0.0,0,0,0,0,1,1,1,8,1,0,1,Classroom,3,1,3.0,1245.34,650,1560,2768.33,3,0,0,0,100.0,0.49
B-202405-80688,Booked,Banking Consortium,New Hire Orientation,Corporate,In-person,Rooms Only,Finance,Finance,Website,Medium,2024-03-27,2024-04-14,14,2024-05-11,2024-05-14,3,45,39,117,42,0,,0,1,4,1.0,16677.95,3,92.1,190.73,167.62,19611.54,0.0,0.0,19611.54,101,16929.62,0.0,0.0,16929.62,0.8632478632478633,0.0,,2024,5,2,74.5,25.5,1,71.24,167.38,238.62,238.62,238.62,2,11.1,31,39,29,0,0,0,0,0,0,0,0,,0,0,0.0,0.0,0,0,0.0,0,0,0,0,0.0,0.0
B-202405-27607,Booked,Education Foundation,Member Appreciation Event,Association,In-person,Full Package,Education,Education,Cvent,High,2023-11-13,2023-12-14,24,2024-05-12,2024-05-15,3,181,30,90,37,1,Breakout Room,1,0,7,0.0,0.0,1,95.5,195.64,161.24,14511.6,507.83,9493.0,24512.43,66,10641.84,507.83,9040.95,20190.62,0.7333333333333333,244.35,,2024,5,3,62.7,37.3,0,24.66,125.81,150.47,0.0,150.47,2,2.7,29,30,28,0,1,3,3,24,0,0,1,Banquet,3,1,2.0,507.83,1150,7380,11433.48,5,0,0,0,100.0,0.93
B-202405-15723,Booked,Accounting Institute,Professional Development Symposium,Association,Hybrid,Full Package,Finance,Finance,Repeat Client,Medium,2023-07-24,2023-08-22,17,2024-05-13,2024-05-15,2,294,43,86,58,1,Half Ballroom,1,0,12,0.0,0.0,1,83.1,165.02,152.98,13156.28,1375.49,8230.64,22762.41,60,9178.8,1375.49,7838.7,18392.99,0.6976744186046512,135.15,,2024,5,3,62.8,37.2,1,95.9,195.36,291.26,228.99,195.36,2,14.0,37,43,0,0,1,2,2,16,1,0,1,Classroom,2,0,1.5,1375.49,500,3240,4944.75,4,0,0,0,100.0,0.48
B-202405-42847,Booked,Private Party,Family Reunion Weekend,Wedding/Social,In-person,Full Package,Social,Social/Private,Third-Party Planner,Low,2023-07-08,2023-08-06,21,2024-05-13,2024-05-14,1,310,18,18,23,1,Breakout Room,1,1,8,1.0,5953.67,1,79.4,171.56,158.77,2857.86,428.06,3219.68,6505.6,10,1587.7,428.06,3066.36,5082.12,0.5555555555555556,133.32,,2024,5,2,74.1,25.9,1,65.43,217.86,283.29,217.86,283.29,1,0.0,18,0,0,0,1,1,1,4,0,0,1,Banquet,1,0,1.0,428.06,150,1265,2051.22,1,1,0,1,0.0,0.57
B-202405-56665,Booked,Travel Club International,Wine Country Excursion,SMERF,In-person,Full Package,Education,Education,Sales Call,Low,2023-12-31,2024-01-18,11,2024-05-13,2024-05-14,1,134,33,33,44,1,Half Ballroom,1,1,7,0.0,0.0,1,80.6,167.15,141.42,4666.86,1299.29,0.0,5966.15,29,4101.18,1299.29,0.0,5400.47,0.8787878787878788,0.0,,2024,5,2,68.6,31.4,1,34.43,153.56,187.99,187.99,153.56,1,0.0,33,0,0,0,1,1,1,4,1,0,1,Classroom,1,0,1.0,1299.29,150,0,492.03,0,0,0,0,0.0,0.37
B-202405-68194,Booked,Professional Services Group,Customer Advisory Board,Corporate,Virtual,Full Package,Healthcare,Other,Repeat Client,Low,2024-01-20,2024-02-12,14,2024-05-13,2024-05-14,1,114,36,36,46,1,Half Ballroom,1,0,9,1.0,13378.38,1,82.3,169.59,143.62,5170.32,1233.34,3554.4,9958.06,30,4308.6,1233.34,3385.14,8927.08,0.8333333333333334,73.59,,2024,5,3,51.9,48.1,1,36.43,150.09,186.52,186.52,150.09,1,0.0,36,0,0,0,1,1,1,8,1,0,1,Theater,1,0,1.0,1233.34,150,1008,1731.45,3,0,0,0,100.0,0.38
B-202405-70372,Booked,Financial Services Group,Sales Kickoff,Corporate,Hybrid,Full Package,Finance,Finance,Repeat Client,Low,2024-01-25,2024-02-15,14,2024-05-13,2024-05-15,2,109,29,58,33,1,Breakout Room,1,0,7,1.0,18768.63,1,79.1,173.43,149.26,8657.08,573.0,5652.45,14882.53,49,7313.74,573.0,5383.29,13270.03,0.8448275862068966,163.13,,2024,5,2,51.5,48.5,1,66.03,127.71,193.74,193.74,127.71,2,17.2,24,29,0,0,1,2,2,16,0,0,1,Theater,2,0,2.0,573.0,700,3465,6306.24,4,0,0,0,100.0,0.82
B-202405-37180,Booked,Family Celebration,Baby Shower Weekend,Wedding/Social,In-person,Full Package,Social,Social/Private,Sales Call,Low,2023-08-14,2023-09-27,32,2024-05-15,2024-05-16,1,275,32,32,35,1,Breakout Room,1,0,12,0.0,0.0,4,77.9,170.63,155.77,4984.64,373.63,5202.7,10560.97,19,2959.63,373.63,4954.95,8288.21,0.59375,141.57,,2024,5,3,67.1,32.9,1,142.68,128.84,271.52,189.47,128.84,1,0.0,32,0,0,0,1,2,1,8,0,0,1,Banquet,2,0,1.0,373.63,350,1575,3196.77,1,0,1,1,0.0,0.88
B-202405-38399,Booked,Manufacturing Alliance,Innovation Workshop,Corporate,In-person,Full Package,Healthcare,Other,Cvent,Low,2024-01-19,2024-02-05,8,2024-05-15,2024-05-16,1,117,44,44,60,1,Half Ballroom,1,1,9,0.0,0.0,2,81.0,163.14,138.27,6083.88,866.56,4701.69,11652.13,41,5669.07,866.56,4477.8,11013.43,0.9318181818181818,74.63,,2024,5,4,53.8,46.2,1,147.58,146.93,294.51,236.61,146.93,1,0.0,44,0,0,0,1,1,1,8,1,0,1,Classroom,2,0,2.0,866.56,350,1800,2760.87,3,0,0,0,100.0,0.5
B-202405-89874,Booked,Heritage Travel,Cultural Heritage Journey,SMERF,In-person,Rooms Only,Government,Government,RFP,Low,2023-11-18,2023-12-09,16,2024-05-15,2024-05-16,1,179,25,25,27,0,,0,0,5,0.0,0.0,2,84.9,167.3,144.89,3622.25,0.0,0.0,3622.25,24,3477.36,0.0,0.0,3477.36,0.96,0.0,,2024,5,2,58.9,41.1,0,158.63,131.74,290.37,0.0,131.74,1,0.0,25,0,0,0,0,0,0,0,0,0,0,,0,0,0.0,0.0,0,0,0.0,0,0,0,0,0.0,0.0
B-202405-59375,Booked,Consulting Network,Sales Kickoff,Corporate,In-person,Full Package,Professional Services,Professional Services,Third-Party Planner,Medium,2024-02-14,2024-03-01,7,2024-05-16,2024-05-17,1,92,62,62,86,1,Half Ballroom,1,0,9,0.0,0.0,1,88.1,171.03,147.33,9134.46,1706.09,2790.27,13630.82,56,8250.48,1706.09,2657.4,12613.97,0.9032258064516128,30.9,,2024,5,4,74.2,25.8,1,138.17,130.39,268.56,168.52,147.95,1,0.0,62,0,0,0,2,2,1,12,1,0,1,Classroom,3,1,2.5,1706.09,1000,2628,4467.44,5,0,0,0,50.0,0.72
B-202405-64502,Booked,Banking Consortium,Customer Advisory Board,Corporate,In-person,Rooms Only,Finance,Finance,Website,Low,2024-04-08,2024-04-20,8,2024-05-16,2024-05-18,2,38,58,116,63,0,,0,1,4,0.0,0.0,2,92.4,168.35,141.68,16434.88,0.0,0.0,16434.88,111,15726.48,0.0,0.0,15726.48,0.956896551724138,0.0,,2024,5,3,64.4,35.6,1,103.65,144.46,248.11,248.11,144.46,2,5.2,55,58,0,0,0,0,0,0,0,0,0,,0,0,0.0,0.0,0,0,0.0,0,0,0,0,0.0,0.0
B-202405-67981,Booked,Veterans Group,High School Reunion,SMERF,In-person,Full Package,Government,Government,Sales Call,Low,2023-12-22,2024-01-11,10,2024-05-17,2024-05-19,2,147,36,72,40,1,Breakout Room,1,0,10,0.0,0.0,1,81.6,173.6,150.91,10865.52,480.12,0.0,11345.64,64,9658.24,480.12,0.0,10138.36,0.8888888888888888,0.0,,2024,5,3,74.2,25.8,1,108.82,134.64,243.46,243.46,134.64,2,16.7,30,36,0,0,1,4,2,16,0,0,1,Classroom,2,0,1.75,480.12,1200,0,3608.78,0,0,0,0,0.0,1.0
B-202405-70156,Booked,Energy Solutions,Executive Offsite,Corporate,Hybrid,Full Package,Finance,Other,Third-Party Planner,Low,2024-02-17,2024-03-07,9,2024-05-17,2024-05-18,1,90,5,5,5,1,Boardroom,1,0,10,1.0,3152.29,2,84.4,167.86,142.31,711.55,399.52,200.39,1311.46,4,569.24,399.52,190.85,1159.61,0.8,38.17,,2024,5,2,72.1,27.9,1,24.96,245.22,270.18,245.22,270.18,1,0.0,5,0,0,0,1,1,1,8,0,1,1,Boardroom,2,0,2.0,399.52,350,265,1579.46,2,0,0,0,100.0,0.36
B-202405-93228,Booked,Banking Consortium,Executive Offsite,Corporate,In-person,Full Package,Finance,Finance,Website,Low,2024-03-22,2024-04-07,9,2024-05-17,2024-05-18,1,56,16,16,20,1,Breakout Room,1,0,7,0.0,0.0,3,80.5,163.96,142.82,2285.12,580.88,415.8,3281.8,14,1999.48,580.88,396.0,2976.36,0.875,19.8,,2024,5,2,70.2,29.8,0,0.75,145.91,146.66,0.0,146.66,1,0.0,16,0,0,0,1,1,1,8,0,0,1,Classroom,2,0,2.0,580.88,350,360,1666.59,1,0,0,0,100.0,0.5
B-202405-19429,Booked,Manufacturing Alliance,Product Launch Event,Corporate,In-person,Full Package,Technology,Other,Sales Call,Medium,2024-04-06,2024-04-30,10,2024-05-18,2024-05-20,2,42,31,62,35,1,Breakout Room,1,1,14,1.0,16839.19,2,81.7,172.04,152.4,9448.8,590.72,5111.56,15151.08,55,8382.0,590.72,4868.15,13840.87,0.8870967741935484,139.09,,2024,5,4,73.0,27.0,1,127.77,152.47,280.24,223.86,152.47,2,32.3,21,31,0,0,1,2,2,16,0,0,1,Classroom,2,0,2.0,590.72,700,4095,6865.41,5,0,0,0,100.0,0.88
B-202405-65369,Booked,Heritage Travel,Regional Arts Tour,Corporate,In-person,Full Package,Technology,Technology,Direct Inquiry,Low,2024-02-26,2024-03-14,8,2024-05-18,2024-05-19,1,82,35,35,48,1,Half Ballroom,1,0,9,0.0,0.0,1,81.2,165.91,148.93,5212.55,1209.87,0.0,6422.42,34,5063.62,1209.87,0.0,6273.49,0.9714285714285714,0.0,,2024,5,3,66.3,33.7,1,141.62,146.78,288.4,196.91,288.4,1,0.0,35,0,0,0,1,1,1,4,1,0,1,Classroom,1,0,1.0,1209.87,150,0,492.83,0,0,0,0,0.0,0.4
B-202405-32954,Booked,Family Celebration,Family Reunion Weekend,Wedding/Social,In-person,Full Package,Social,Social/Private,Sales Call,Low,2023-05-21,2023-07-03,29,2024-05-20,2024-05-21,1,365,29,29,34,1,Breakout Room,1,1,14,1.0,12736.24,3,83.7,171.3,149.79,4343.91,576.86,3995.9,8916.67,17,2546.43,576.86,3805.62,6928.91,0.5862068965517241,111.93,,2024,5,4,55.7,44.3,1,101.28,136.7,237.98,237.98,143.55,1,0.0,29,0,0,0,1,1,1,4,0,0,1,Reception,0,0,0.0,576.86,0,1870,2516.86,1,1,0,1,0.0,0.85
B-202405-79550,Booked,Education Foundation,Continuing Education Conference,Association,In-person,Full Package,Education,Education,Direct Inquiry,Medium,2023-10-25,2023-11-29,22,2024-05-20,2024-05-23,3,208,35,105,48,1,Half Ballroom,1,1,13,1.0,35170.93,1,79.1,167.57,140.99,14803.95,1038.5,11487.67,27330.12,75,10574.25,1038.5,10940.64,22553.39,0.7142857142857143,227.93,,2024,5,3,58.2,41.8,1,156.92,136.73,293.65,226.72,136.73,2,10.7,29,35,26,0,1,3,3,24,1,0,1,Classroom,3,1,1.67,1038.5,950,4580,7367.94,5,0,0,0,100.0,0.4
B-202405-96848,Booked,Dental Association,Professional Development Symposium,Association,In-person,Full Package,Healthcare,Healthcare,Third-Party Planner,High,2023-06-27,2023-07-30,25,2024-05-20,2024-05-23,3,328,127,381,140,1,Grand Ballroom,1,0,8,0.0,0.0,4,86.4,166.56,137.7,52463.7,2232.91,35424.06,90120.67,241,33185.7,2232.91,33737.2,69155.81,0.6325459317585301,240.98,,2024,5,4,69.0,31.0,1,89.53,130.12,219.65,219.65,154.83,2,3.2,117,127,121,0,1,3,3,24,1,0,1,Classroom,3,1,2.33,2232.91,1350,32060,40534.76,5,0,0,0,100.0,0.58
B-202405-60023,Booked,Financial Services Group,New Hire Orientation,Corporate,In-person,Full Package,Finance,Finance,Repeat Client,Low,2024-02-10,2024-03-02,10,2024-05-21,2024-05-22,1,101,32,32,44,1,Half Ballroom,1,0,11,0.0,0.0,1,80.2,172.58,151.27,4840.64,1318.56,3752.36,9911.56,30,4538.1,1318.56,3573.68,9430.34,0.9375,81.22,,2024,5,4,65.5,34.5,1,123.47,141.72,265.19,236.37,236.37,1,0.0,32,0,0,0,1,1,1,8,1,0,1,Classroom,2,0,2.0,1318.56,350,1560,2519.09,3,0,0,0,100.0,0.37
B-202405-80063,Booked,Private Party,Milestone Birthday Party,Wedding/Social,Hybrid,Rooms Only,Social,Social/Private,Repeat Client,Medium,2023-11-27,2023-12-21,20,2024-05-22,2024-05-23,1,177,37,37,40,0,,0,1,4,0.0,0.0,2,81.8,170.02,156.41,5787.17,0.0,0.0,5787.17,23,3597.43,0.0,0.0,3597.43,0.6216216216216216,0.0,,2024,5,3,55.8,44.2,1,134.99,142.55,277.54,190.61,142.55,1,0.0,37,0,0,0,0,0,0,0,0,0,0,,0,0,0.0,0.0,0,0,0.0,0,0,0,0,0.0,0.0
B-202405-93633,Booked,Real Estate Board,Board Retreat,Association,Virtual,Full Package,Government,Government,Sales Call,Medium,2023-10-01,2023-10-28,20,2024-05-22,2024-05-24,2,234,38,76,41,1,Half Ballroom,1,1,7,1.0,30481.57,3,81.4,169.26,141.87,10782.12,1285.84,6783.39,18851.35,51,7235.37,1285.84,6460.37,14981.58,0.6710526315789473,157.57,,2024,5,4,64.0,36.0,1,135.55,154.48,290.03,222.64,154.48,2,5.3,36,38,0,0,1,2,2,16,1,0,1,Banquet,3,1,2.5,1285.84,1000,2340,4615.46,5,0,0,0,100.0,0.34
B-202405-95189,Booked,Financial Services Group,Product Launch Event,Corporate,In-person,Full Package,Finance,Finance,Repeat Client,Medium,2024-02-21,2024-03-10,10,2024-05-22,2024-05-23,1,91,64,64,71,1,Half Ballroom,1,0,8,0.0,0.0,2,82.2,166.24,150.42,9626.88,1590.45,5014.98,16232.31,60,9025.2,1590.45,4776.17,15391.82,0.9375,67.27,,2024,5,4,61.1,38.9,1,99.14,129.5,228.64,228.64,142.59,1,0.0,64,0,0,0,2,1,1,8,1,0,1,Classroom,3,1,3.0,1590.45,650,1848,3066.83,4,0,0,0,100.0,0.59
B-202405-29383,Booked,Family Celebration,Smith-Johnson Wedding,Wedding/Social,In-person,Rooms Only,Social,Social/Private,Direct Inquiry,Low,2023-09-13,2023-10-20,33,2024-05-23,2024-05-24,1,253,36,36,39,0,,0,1,4,1.0,5190.28,2,75.3,162.39,145.63,5242.68,0.0,0.0,5242.68,20,2912.6,0.0,0.0,2912.6,0.5555555555555556,0.0,,2024,5,2,72.2,27.8,1,119.92,132.25,252.17,252.17,132.25,1,0.0,36,0,0,0,0,0,0,0,0,0,0,,0,0,0.0,0.0,0,0,0.0,0,0,0,0,0.0,0.0
B-202405-34662,Booked,Global Industries,Leadership Summit,Corporate,In-person,Full Package,Professional Services,Other,Website,Medium,2024-02-17,2024-03-11,11,2024-05-24,2024-05-26,2,97,54,108,68,1,Half Ballroom,1,1,12,1.0,35589.34,1,79.6,175.64,146.47,15818.76,1677.26,11391.16,28887.18,86,12596.42,1677.26,10848.72,25122.4,0.7962962962962963,159.54,,2024,5,3,51.7,48.3,0,3.71,151.05,154.76,0.0,151.05,2,9.3,49,54,0,0,2,2,2,16,1,0,1,Theater,3,1,2.5,1677.26,1000,2256,4514.01,4,0,0,0,100.0,0.57
B-202405-64484,Booked,Professional Services Group,Leadership Summit,Corporate,In-person,Full Package,Technology,Other,Cvent,High,2024-04-24,2024-05-13,10,2024-05-24,2024-05-27,3,30,69,207,78,1,Half Ballroom,1,0,9,1.0,63733.94,2,85.2,162.85,149.82,31012.74,1307.02,17717.43,50037.19,192,28765.44,1307.02,16873.74,46946.2,0.927536231884058,216.33,,2024,5,4,65.8,34.2,1,136.82,132.99,269.81,247.98,135.67,2,6.1,59,69,66,0,1,3,3,24,1,0,1,Classroom,2,0,2.0,1307.02,1050,5448,8247.73,5,0,0,0,100.0,0.65
B-202405-20909,Booked,Private Party,Baby Shower Weekend,Wedding/Social,In-person,Full Package,Social,Social/Private,Direct Inquiry,Medium,2023-09-19,2023-11-03,34,2024-05-25,2024-05-26,1,249,62,62,79,1,Half Ballroom,1,1,11,0.0,0.0,1,88.5,176.17,163.41,10131.42,1366.57,10277.51,21775.5,41,6699.81,1366.57,9788.1,17854.48,0.6612903225806451,123.9,,2024,5,4,51.6,48.4,1,129.96,145.84,275.8,218.71,145.84,1,0.0,62,0,0,0,2,1,1,4,1,0,1,Banquet,0,0,0.0,1366.57,0,1320,1674.54,1,1,0,1,0.0,0.66
B-202405-43993,Booked,State Medical Association,Industry Forum,Association,In-person,Full Package,Healthcare,Healthcare,Cvent,Medium,2023-10-11,2023-11-13,24,2024-05-26,2024-05-27,1,228,80,80,98,1,Half Ballroom,1,0,9,0.0,0.0,3,80.7,174.74,151.95,12156.0,1283.79,2957.35,16397.14,55,8357.25,1283.79,2816.52,12457.56,0.6875,28.74,,2024,5,4,56.3,43.7,0,157.06,128.88,285.94,0.0,145.27,1,0.0,80,0,0,0,2,2,1,12,1,0,1,Classroom,3,1,2.0,1283.79,800,1980,3661.56,5,0,0,0,50.0,0.82
B-202405-65535,Booked,State Medical Association,Educational Seminar Series,Association,In-person,Full Package,Healthcare,Healthcare,Third-Party Planner,High,2023-10-11,2023-11-13,21,2024-05-28,2024-05-31,3,230,84,252,111,1,Half Ballroom,1,0,12,1.0,92833.04,3,85.4,165.2,147.08,37064.16,846.82,11333.32,49244.3,165,24268.2,846.82,10793.64,35908.66,0.6547619047619048,97.24,,2024,5,4,74.9,25.1,1,111.09,132.33,243.42,243.42,132.33,2,5.9,73,84,83,0,1,6,3,36,1,0,1,Classroom,3,1,1.67,846.82,1800,6184,10547.39,5,0,0,0,50.0,0.93
B-202405-65950,Booked,Youth Athletics,Band Competition,SMERF,In-person,Full Package,SMERF,Social/Community,Third-Party Planner,Medium,2024-01-12,2024-02-06,18,2024-05-29,2024-05-31,2,138,50,100,65,1,Half Ballroom,1,0,7,1.0,24441.06,1,82.1,166.61,152.88,15288.0,1614.33,4501.77,21404.1,88,13453.44,1614.33,4287.4,19355.17,0.88,65.96,,2024,5,4,66.1,33.9,1,125.24,143.6,268.84,220.59,143.6,2,14.0,43,50,0,0,2,4,2,16,1,0,1,Classroom,1,0,0.75,1614.33,450,1880,3773.34,2,0,0,0,0.0,0.54
B-202405-74350,Booked,Volunteer Network,High School Reunion,SMERF,In-person,Full Package,Other,Other,Website,Low,2024-03-28,2024-04-16,11,2024-05-30,2024-05-31,1,63,45,45,55,1,Half Ballroom,1,0,8,1.0,12509.14,4,81.2,160.33,143.19,6443.55,950.72,0.0,7394.27,38,5441.22,950.72,0.0,6391.94,0.8444444444444444,0.0,,2024,5,4,56.8,43.2,0,138.98,138.33,277.31,0.0,138.33,1,0.0,45,0,0,0,1,1,1,8,1,0,1,Classroom,2,0,2.0,950.72,350,0,986.19,0,0,0,0,100.0,0.46
B-202406-85055,Booked,Professional Services Group,Innovation Workshop,Corporate,In-person,Rooms Only,Healthcare,Other,Third-Party Planner,Low,2024-03-17,2024-03-27,7,2024-06-01,2024-06-02,1,76,25,25,27,0,,0,0,3,0.0,0.0,1,68.1,161.9,145.12,3628.0,0.0,0.0,3628.0,22,3192.64,0.0,0.0,3192.64,0.88,0.0,,2024,6,4,71.9,28.1,1,126.55,150.43,276.98,179.1,150.43,1,0.0,25,0,0,0,0,0,0,0,0,0,0,,0,0,0.0,0.0,0,0,0.0,0,0,0,0,0.0,0.0
B-202406-86449,Booked,Local School District,Sports Team Tournament,SMERF,In-person,Meeting Only,Education,Education,Referral,Low,2024-02-20,2024-03-10,11,2024-06-01,2024-06-02,1,102,0,0,117,1,Half Ballroom,0,0,8,0.0,0.0,2,72.5,167.8,0.0,0.0,1161.22,3421.37,4582.59,0,0.0,1161.22,3258.45,4419.67,,27.85,,2024,6,0,0.0,0.0,0,0.0,0.0,0.0,0.0,0.0,0,0.0,0,0,0,0,1,3,1,16,1,0,1,Classroom,2,0,1.0,1161.22,500,940,2661.03,2,0,0,0,33.3,0.97
B-202406-49283,Booked,State Medical Association,Policy Symposium,Association,In-person,Full Package,Healthcare,Healthcare,Third-Party Planner,Low,2023-10-27,2023-11-24,18,2024-06-02,2024-06-03,1,219,26,26,36,1,Breakout Room,1,0,10,1.0,8714.56,3,72.2,169.46,154.06,4005.56,545.63,2520.5,7071.69,20,3081.2,545.63,2400.48,6027.31,0.7692307692307693,66.68,,2024,6,2,71.3,28.7,1,44.2,127.26,171.46,171.46,127.26,1,0.0,26,0,0,0,1,1,1,8,0,0,1,Theater,2,0,2.0,545.63,350,3132,4448.95,4,0,0,0,100.0,0.9
B-202406-45310,Booked,Personal Event,Williams-Brown Wedding,Wedding/Social,In-person,Full Package,Social,Social/Private,Third-Party Planner,Low,2023-06-04,2023-07-20,36,2024-06-03,2024-06-04,1,365,45,45,59,1,Half Ballroom,1,0,10,1.0,21333.91,1,75.0,161.93,143.0,6435.0,1373.58,8062.17,15870.75,29,4147.0,1373.58,7678.26,13198.84,0.6444444444444445,130.14,,2024,6,4,68.5,31.5,1,145.52,125.66,271.18,179.64,125.66,1,0.0,45,0,0,0,1,2,1,8,1,0,1,Banquet,1,0,0.5,1373.58,150,1320,2159.16,1,1,0,1,0.0,0.49
B-202406-82634,Booked,Regional Healthcare System,Leadership Summit,Corporate,Hybrid,Full Package,Healthcare,Healthcare,Direct Inquiry,Medium,2024-03-11,2024-03-30,11,2024-06-03,2024-06-05,2,84,38,76,51,1,Half Ballroom,1,1,8,1.0,26821.33,3,71.3,161.55,141.01,10716.76,820.22,8978.73,20515.71,66,9306.66,820.22,8551.17,18678.05,0.868421052631579,167.67,,2024,6,3,63.7,36.3,1,100.5,164.7,265.2,221.08,221.08,2,18.4,31,38,0,0,1,2,2,16,1,0,1,Classroom,3,1,2.5,820.22,1000,3120,5340.84,3,0,0,0,100.0,0.42
B-202406-15276,Booked,Pharmaceutical Partners,Annual Sales Conference,Corporate,In-person,Full Package,Healthcare,Healthcare,Third-Party Planner,Low,2024-04-08,2024-04-30,9,2024-06-04,2024-06-06,2,57,5,10,6,1,Boardroom,1,0,13,0.0,0.0,1,71.8,162.95,134.48,1344.8,374.04,965.22,2684.06,8,1075.84,374.04,919.26,2369.14,0.8,153.21,,2024,6,4,60.8,39.2,1,126.83,150.3,277.13,235.79,150.3,2,0.0,5,5,0,0,1,2,2,16,0,1,1,Boardroom,2,0,1.5,374.04,500,768,3341.83,4,0,0,0,100.0,0.43
B-202406-72111,Booked,Heritage Travel,Regional Arts Tour,SMERF,In-person,Rooms Only,Other,Other,Direct Inquiry,Low,2024-03-10,2024-03-29,12,2024-06-04,2024-06-05,1,86,45,45,49,0,,0,0,7,1.0,5736.5,1,67.4,163.52,148.2,6669.0,0.0,0.0,6669.0,40,5928.0,0.0,0.0,5928.0,0.8888888888888888,0.0,,2024,6,4,53.2,46.8,1,37.93,147.18,185.11,185.11,147.18,1,0.0,45,0,0,0,0,0,0,0,0,0,0,,0,0,0.0,0.0,0,0,0.0,0,0,0,0,0.0,0.0
B-202406-82105,Booked,Professional Services Group,Product Launch Event,Corporate,In-person,Meeting Only,Technology,Other,Referral,Low,2024-03-20,2024-04-03,9,2024-06-04,2024-06-06,2,76,0,0,127,1,Grand Ballroom,0,0,5,1.0,37343.27,2,71.8,164.75,0.0,0.0,2490.26,19483.77,21974.03,0,0.0,2490.26,18555.97,21046.23,,146.11,,2024,6,0,0.0,0.0,0,0.0,0.0,0.0,0.0,0.0,0,0.0,0,0,0,0,1,2,2,16,1,0,1,Classroom,2,0,2.0,2490.26,700,14859,20373.89,5,0,0,0,100.0,0.53
B-202406-86072,Booked,Industry Trade Group,State Convention,Association,In-person,Full Package,Trade/Manufacturing,Trade/Manufacturing,Sales Call,Medium,2023-10-13,2023-11-14,22,2024-06-04,2024-06-06,2,235,55,110,74,1,Half Ballroom,1,1,10,0.0,0.0,1,71.0,160.31,135.89,14947.9,1863.34,12270.38,29081.62,87,11822.43,1863.34,11686.08,25371.85,0.7909090909090909,157.92,,2024,6,4,53.2,46.8,1,150.52,130.13,280.65,238.24,130.13,2,14.5,47,55,0,0,2,2,2,16,1,0,1,Theater,3,1,2.5,1863.34,1000,2100,4397.17,5,0,0,0,100.0,0.62
B-202406-24139,Booked,Personal Event,Graduation Celebration,Wedding/Social,In-person,Full Package,Social,Social/Private,Sales Call,Low,2023-08-10,2023-09-28,36,2024-06-05,2024-06-06,1,300,23,23,26,1,Breakout Room,1,1,13,0.0,0.0,2,73.5,160.94,147.27,3387.21,539.4,3581.76,7508.37,12,1767.24,539.4,3411.2,5717.84,0.5217391304347826,131.2,,2024,6,4,61.7,38.3,0,150.71,133.4,284.11,0.0,133.4,1,0.0,23,0,0,0,1,2,1,8,0,0,1,Banquet,1,0,1.0,539.4,300,1430,2979.77,1,1,0,1,0.0,0.65
B-202406-51017,Booked,Manufacturing Alliance,Customer Advisory Board,Corporate,In-person,Full Package,Finance,Other,RFP,High,2024-02-27,2024-03-20,8,2024-06-05,2024-06-08,3,99,58,174,79,1,Half Ballroom,1,1,14,0.0,0.0,2,74.7,166.97,146.27,25450.98,1752.54,19348.09,46551.61,159,23256.93,1752.54,18426.75,43436.22,0.913793103448276,233.25,,2024,6,2,72.8,27.2,0,10.2,131.79,141.99,0.0,131.79,2,8.2,47,58,56,0,2,3,3,24,1,0,1,Banquet,3,1,2.33,1752.54,1350,3840,6918.48,4,0,0,0,100.0,0.66
B-202406-82154,Booked,Education Foundation,Awards Gala Weekend,Association,In-person,Full Package,Education,Education,Direct Inquiry,Medium,2023-09-17,2023-10-17,22,2024-06-05,2024-06-07,2,262,60,120,82,1,Half Ballroom,1,1,8,0.0,0.0,1,71.2,162.23,145.59,17470.8,1144.01,5141.89,23756.7,98,14267.82,1144.01,4897.04,20308.87,0.8166666666666667,59.72,,2024,6,4,71.1,28.9,1,99.23,134.87,234.1,234.1,134.87,2,8.3,55,60,0,0,1,4,2,24,1,0,1,Classroom,3,1,2.25,1144.01,1700,4184,7761.86,4,0,0,0,50.0,0.68
B-202406-27474,Booked,Insurance Federation,Policy Symposium,Association,Hybrid,Full Package,Finance,Finance,Third-Party Planner,High,2023-11-03,2023-12-01,18,2024-06-06,2024-06-08,2,216,88,176,106,1,Half Ballroom,1,0,10,0.0,0.0,2,70.6,159.98,140.07,24652.32,820.62,7179.96,32652.9,124,17368.68,820.62,6838.06,25027.36,0.7045454545454546,64.51,,2024,6,3,69.3,30.7,1,78.75,144.37,223.12,223.12,144.37,2,10.2,79,88,0,0,1,5,2,24,1,0,1,Classroom,2,0,1.6,820.62,1350,3648,6893.54,5,0,0,0,20.0,0.88
B-202406-50180,Booked,Professional Engineers Society,Member Appreciation Event,Association,In-person,Full Package,Association,Other,Repeat Client,High,2023-08-23,2023-09-22,16,2024-06-06,2024-06-08,2,288,39,78,52,1,Half Ballroom,1,1,14,0.0,0.0,1,66.8,160.93,138.8,10826.4,1340.48,7591.58,19758.46,58,8050.4,1340.48,7230.08,16620.96,0.7435897435897436,139.04,,2024,6,3,52.9,47.1,1,129.72,151.95,281.67,196.58,151.95,2,17.9,32,39,0,0,1,2,2,16,1,0,1,Classroom,3,1,3.0,1340.48,1300,3080,5582.17,4,0,0,0,100.0,0.43
B-202406-21433,Booked,HR Professionals Network,Industry Forum,Association,In-person,Full Package,Professional Services,Professional Services,Referral,High,2023-06-08,2023-07-05,16,2024-06-07,2024-06-09,2,365,93,186,105,1,Half Ballroom,1,1,11,0.0,0.0,1,70.5,164.56,147.33,27403.38,1476.37,6543.34,35423.09,126,18563.58,1476.37,6231.75,26271.7,0.6774193548387096,59.35,,2024,6,4,63.9,36.1,1,89.14,140.34,229.48,229.48,140.34,2,5.4,88,93,0,0,2,4,2,24,1,0,1,Theater,2,0,1.75,1476.37,1200,3440,6391.1,4,0,0,0,50.0,0.88
B-202406-46721,Booked,Community Church,Youth Sports Tournament,SMERF,In-person,Meeting Only,SMERF,Religious,Website,Low,2024-04-15,2024-05-11,21,2024-06-07,2024-06-08,1,53,0,0,80,1,Half Ballroom,0,0,5,1.0,6117.03,2,70.1,162.62,0.0,0.0,1616.47,1543.08,3159.55,0,0.0,1616.47,1469.6,3086.07,,18.37,,2024,6,0,0.0,0.0,0,0.0,0.0,0.0,0.0,0.0,0,0.0,0,0,0,0,2,1,1,8,1,0,1,Theater,1,0,1.0,1616.47,150,700,1399.32,1,0,0,0,100.0,0.67
B-202406-62596,Booked,Accounting Institute,Board Retreat,Association,In-person,Meeting Only,Finance,Finance,Cvent,Low,2024-01-11,2024-02-06,20,2024-06-08,2024-06-09,1,149,0,0,60,1,Half Ballroom,0,1,6,1.0,8210.22,2,75.8,159.91,0.0,0.0,1136.48,4883.76,6020.24,0,0.0,1136.48,4651.2,5787.68,,77.52,,2024,6,0,0.0,0.0,0,0.0,0.0,0.0,0.0,0.0,0,0.0,0,0,0,0,1,1,1,8,1,0,1,Classroom,2,0,2.0,1136.48,350,1500,2439.73,3,0,0,0,100.0,0.5
B-202406-21395,Booked,Private Party,Milestone Birthday Party,Wedding/Social,In-person,Full Package,Social,Social/Private,Third-Party Planner,Low,2023-10-23,2023-12-14,38,2024-06-10,2024-06-11,1,231,25,25,30,1,Breakout Room,1,1,14,1.0,11687.8,3,76.8,157.69,134.41,3360.25,523.38,4395.82,8279.45,17,2284.97,523.38,4186.5,6994.85,0.68,139.55,,2024,6,2,57.5,42.5,1,31.75,240.52,272.27,240.52,240.52,1,0.0,25,0,0,0,1,2,1,8,0,0,1,Banquet,2,0,1.0,523.38,350,1350,2900.92,1,0,1,1,0.0,0.75
B-202406-30252,Booked,Consulting Network,Performance Review Summit,Corporate,In-person,Full Package,Professional Services,Professional Services,Cvent,Low,2024-03-31,2024-04-24,14,2024-06-10,2024-06-11,1,71,57,57,63,1,Half Ballroom,1,1,10,0.0,0.0,2,65.3,160.36,147.91,8430.87,1016.47,4500.18,13947.52,46,6803.86,1016.47,4285.89,12106.22,0.8070175438596491,68.03,,2024,6,3,62.2,37.8,1,78.3,150.43,228.73,228.73,150.43,1,0.0,57,0,0,0,1,1,1,8,1,0,1,Banquet,2,0,2.0,1016.47,350,1560,2474.55,3,0,0,0,100.0,0.53
B-202406-11776,Booked,Private Individual,Quinceañera Celebration,Wedding/Social,In-person,Full Package,Social,Social/Private,Sales Call,Medium,2023-11-13,2023-12-31,35,2024-06-13,2024-06-15,2,213,35,70,39,1,Breakout Room,1,1,13,0.0,0.0,2,79.5,162.49,138.35,9684.5,571.05,4624.07,14879.62,41,5672.35,571.05,4403.88,10647.28,0.5857142857142857,112.92,,2024,6,2,55.6,44.4,0,4.32,125.17,129.49,0.0,129.49,2,0.0,35,35,0,0,1,2,2,8,0,0,1,Banquet,1,0,1.0,571.05,300,2145,3583.6,1,1,0,1,0.0,0.97
B-202406-23282,Booked,Banking Consortium,Management Training,Corporate,Hybrid,Rooms Only,Finance,Finance,Cvent,Medium,2024-03-24,2024-04-06,7,2024-06-13,2024-06-14,1,81,91,91,100,0,,0,1,6,0.0,0.0,2,70.7,165.76,141.32,12860.12,0.0,0.0,12860.12,75,10599.0,0.0,0.0,10599.0,0.8241758241758241,0.0,,2024,6,4,73.2,26.8,1,49.8,129.43,179.23,179.23,129.43,1,0.0,91,0,0,0,0,0,0,0,0,0,0,,0,0,0.0,0.0,0,0,0.0,0,0,0,0,0.0,0.0
B-202406-37122,Booked,Technology Innovators,Customer Advisory Board,Corporate,In-person,Full Package,Technology,Technology,Sales Call,Low,2024-03-27,2024-04-17,11,2024-06-13,2024-06-15,2,78,22,44,24,1,Breakout Room,1,0,10,0.0,0.0,3,74.7,163.61,147.52,6490.88,356.12,3648.71,10495.71,42,6195.84,356.12,3474.96,10026.92,0.9545454545454546,144.79,,2024,6,3,57.0,43.0,1,101.44,175.39,276.83,217.26,217.26,2,27.3,16,22,0,0,1,2,2,16,0,0,1,Banquet,2,0,1.5,356.12,500,2832,5226.78,3,0,0,0,100.0,0.6
B-202406-94488,Booked,Energy Solutions,Town Hall Meeting,Corporate,In-person,Full Package,Professional Services,Other,Cvent,Low,2024-04-17,2024-05-08,11,2024-06-13,2024-06-15,2,57,19,38,22,1,Breakout Room,1,0,10,0.0,0.0,4,70.7,164.83,138.47,5261.86,560.83,3232.84,9055.53,35,4846.45,560.83,3078.9,8486.18,0.9210526315789472,139.95,,2024,6,2,71.3,28.7,1,97.53,143.59,241.12,241.12,143.59,2,31.6,13,19,0,0,1,2,2,16,0,0,1,Classroom,3,1,2.5,560.83,1000,3388,6453.82,4,0,0,0,100.0,0.55
B-202406-93009,Booked,State Medical Association,Regional Chapter Meeting,Association,Hybrid,Full Package,Healthcare,Healthcare,Sales Call,High,2023-10-27,2023-11-25,21,2024-06-14,2024-06-17,3,231,63,189,73,1,Half Ballroom,1,0,8,0.0,0.0,3,65.1,160.87,138.35,26148.15,1439.56,16344.08,43931.79,121,16740.35,1439.56,15565.79,33745.7,0.6402116402116402,213.23,,2024,6,2,71.2,28.8,1,94.87,150.04,244.91,244.91,150.04,2,5.9,57,63,54,0,2,3,3,24,1,0,1,Classroom,2,0,1.33,1439.56,650,5020,7431.91,5,0,0,0,100.0,0.61
B-202406-23508,Booked,Cultural Journeys,Regional Arts Tour,Corporate,In-person,Rooms Only,Legal,Legal,Third-Party Planner,Medium,2024-03-14,2024-04-02,13,2024-06-16,2024-06-17,1,94,48,48,52,0,,0,0,6,0.0,0.0,2,68.5,164.77,136.48,6551.04,0.0,0.0,6551.04,44,6005.12,0.0,0.0,6005.12,0.9166666666666666,0.0,,2024,6,4,50.1,49.9,1,136.11,153.58,289.69,233.1,153.58,1,0.0,48,0,0,0,0,0,0,0,0,0,0,,0,0,0.0,0.0,0,0,0.0,0,0,0,0,0.0,0.0
B-202406-98706,Booked,Private Party,Williams-Brown Wedding,Wedding/Social,In-person,Full Package,Social,Social/Private,RFP,Medium,2023-10-25,2023-11-19,15,2024-06-17,2024-06-18,1,236,32,32,41,1,Half Ballroom,1,0,10,0.0,0.0,2,70.6,162.6,150.83,4826.56,954.33,5379.53,11160.42,20,3016.6,954.33,5123.36,9094.29,0.625,124.96,,2024,6,2,55.3,44.7,1,47.4,183.9,231.3,231.3,183.9,1,0.0,32,0,0,0,1,1,1,4,1,0,1,Reception,0,0,0.0,954.33,0,1080,1450.05,1,0,1,1,0.0,0.34
B-202406-60040,Booked,Nursing Council,Networking Summit,Association,In-person,Meeting Only,Healthcare,Healthcare,Repeat Client,Medium,2023-11-10,2023-12-03,14,2024-06-18,2024-06-21,3,221,0,0,76,1,Half Ballroom,0,1,9,1.0,29107.89,2,70.9,163.27,0.0,0.0,801.2,19946.01,20747.21,0,0.0,801.2,18996.2,19797.4,,249.95,,2024,6,0,0.0,0.0,0,0.0,0.0,0.0,0.0,0.0,0,0.0,0,0,0,0,1,3,3,24,1,0,1,Banquet,3,1,2.33,801.2,1350,2680,5793.96,4,0,0,0,100.0,0.63
B-202406-11244,Booked,Private Party,Charity Gala,Wedding/Social,In-person,Full Package,Social,Social/Private,RFP,Low,2023-06-20,2023-07-30,31,2024-06-19,2024-06-20,1,365,14,14,18,1,Breakout Room,1,1,9,1.0,7443.05,3,72.3,161.93,146.82,2055.48,401.55,2659.8,5116.83,9,1321.38,401.55,2533.14,4256.07,0.6428571428571429,140.73,,2024,6,3,68.5,31.5,1,118.68,162.53,281.21,216.19,281.21,1,0.0,14,0,0,0,1,1,1,4,0,0,1,Banquet,1,0,1.0,401.55,150,990,1756.56,1,1,0,1,0.0,0.45
B-202406-29473,Booked,Travel Club International,Architecture Tour Group,Corporate,In-person,Rooms Only,Healthcare,Healthcare,Website,Medium,2024-02-18,2024-03-01,9,2024-06-19,2024-06-20,1,122,32,32,35,0,,0,0,3,0.0,0.0,3,73.1,165.32,147.94,4734.08,0.0,0.0,4734.08,28,4142.32,0.0,0.0,4142.32,0.875,0.0,,2024,6,3,60.8,39.2,1,63.82,130.38,194.2,194.2,130.38,1,0.0,32,0,0,0,0,0,0,0,0,0,0,,0,0,0.0,0.0,0,0,0.0,0,0,0,0,0.0,0.0
B-202406-31130,Booked,State Medical Association,Regional Chapter Meeting,Association,In-person,Full Package,Healthcare,Healthcare,Cvent,Low,2023-09-06,2023-10-04,17,2024-06-19,2024-06-20,1,287,26,26,32,1,Breakout Room,1,1,11,1.0,12464.55,2,75.2,160.76,147.21,3827.46,515.39,2751.5,7094.35,18,2649.78,515.39,2620.48,5785.65,0.6923076923076923,81.89,,2024,6,3,56.1,43.9,1,92.82,129.94,222.76,222.76,129.94,1,0.0,26,0,0,0,1,1,1,8,0,0,1,Classroom,2,0,2.0,515.39,350,2464,3751.35,4,0,0,0,100.0,0.8
B-202406-34928,Booked,Manufacturing Alliance,Strategic Planning Retreat,Corporate,In-person,Full Package,Healthcare,Other,Direct Inquiry,Medium,2024-05-08,2024-06-03,14,2024-06-19,2024-06-22,3,42,38,114,47,1,Half Ballroom,1,1,12,0.0,0.0,2,72.6,157.53,136.32,15540.48,911.7,10951.26,27403.44,99,13495.68,911.7,10429.77,24837.15,0.868421052631579,221.91,,2024,6,2,69.0,31.0,0,9.94,143.27,153.21,0.0,153.21,2,5.7,34,38,33,0,1,3,3,24,1,0,1,Classroom,3,1,2.33,911.7,1350,5976,9064.87,4,0,0,0,100.0,0.39
B-202406-66928,Booked,Family Celebration,Memorial Service Gathering,Wedding/Social,In-person,Rooms Only,Social,Social/Private,Sales Call,Low,2023-10-11,2023-11-21,34,2024-06-20,2024-06-21,1,253,19,19,20,0,,0,0,7,0.0,0.0,3,76.1,165.01,152.07,2889.33,0.0,0.0,2889.33,11,1672.77,0.0,0.0,1672.77,0.5789473684210527,0.0,,2024,6,2,58.1,41.9,1,83.5,165.53,249.03,249.03,165.53,1,0.0,19,0,0,0,0,0,0,0,0,0,0,,0,0,0.0,0.0,0,0,0.0,0,0,0,0,0.0,0.0
B-202406-77009,Booked,Technology Innovators,Town Hall Meeting,Corporate,In-person,Full Package,Technology,Technology,Third-Party Planner,Low,2024-03-23,2024-04-13,8,2024-06-20,2024-06-21,1,89,56,56,65,1,Half Ballroom,1,0,13,1.0,21695.23,2,73.6,158.91,147.67,8269.52,1347.46,4559.1,14176.08,53,7826.51,1347.46,4342.0,13515.97,0.9464285714285714,66.8,,2024,6,2,73.4,26.6,1,63.75,129.95,193.7,193.7,129.95,1,0.0,56,0,0,0,2,1,1,8,1,0,1,Banquet,2,0,2.0,1347.46,350,1248,2178.74,3,0,0,0,100.0,0.54
B-202406-50653,Booked,Faith Community,Band Competition,SMERF,In-person,Meeting Only,Other,Other,Cvent,Low,2024-03-09,2024-03-30,13,2024-06-21,2024-06-23,2,104,0,0,138,1,Grand Ballroom,0,0,8,1.0,18722.37,2,73.5,166.09,0.0,0.0,2059.64,4822.27,6881.91,0,0.0,2059.64,4592.64,6652.28,,33.28,,2024,6,0,0.0,0.0,0,0.0,0.0,0.0,0.0,0.0,0,0.0,0,0,0,0,1,2,2,16,1,0,1,Classroom,1,0,1.0,2059.64,300,2880,7898.53,1,0,0,0,100.0,0.57
B-202406-58380,Booked,Premier Tours,Senior Travel Club,Corporate,In-person,Rooms Only,Finance,Finance,Website,High,2024-04-10,2024-04-22,9,2024-06-21,2024-06-22,1,72,51,51,56,0,,0,0,3,0.0,0.0,3,68.8,158.13,146.93,7493.43,0.0,0.0,7493.43,48,7052.64,0.0,0.0,7052.64,0.9411764705882352,0.0,,2024,6,3,64.7,35.3,1,129.73,143.52,273.25,251.41,143.52,1,0.0,51,0,0,0,0,0,0,0,0,0,0,,0,0,0.0,0.0,0,0,0.0,0,0,0,0,0.0,0.0
B-202406-27079,Booked,HR Professionals Network,Regional Chapter Meeting,Association,In-person,Full Package,Professional Services,Professional Services,Direct Inquiry,Medium,2023-08-06,2023-09-03,17,2024-06-22,2024-06-23,1,321,67,67,80,1,Half Ballroom,1,1,11,1.0,20778.11,2,75.4,159.39,139.6,9353.2,1133.44,6233.64,16720.28,50,6980.0,1133.44,5936.8,14050.24,0.746268656716418,74.21,,2024,6,3,53.3,46.7,1,133.23,159.44,292.67,183.77,183.77,1,0.0,67,0,0,0,1,1,1,8,1,0,1,Classroom,1,0,1.0,1133.44,150,1500,2280.72,3,0,0,0,100.0,0.67
B-202406-29346,Booked,Personal Event,Engagement Party,Wedding/Social,In-person,Rooms Only,Social,Social/Private,Repeat Client,Low,2023-10-28,2023-12-09,35,2024-06-22,2024-06-23,1,238,24,24,26,0,,0,1,7,0.0,0.0,1,71.4,163.53,141.24,3389.76,0.0,0.0,3389.76,14,1977.36,0.0,0.0,1977.36,0.5833333333333334,0.0,,2024,6,3,51.5,48.5,1,120.73,167.73,288.46,192.69,167.73,1,0.0,24,0,0,0,0,0,0,0,0,0,0,,0,0,0.0,0.0,0,0,0.0,0,0,0,0,0.0,0.0
B-202406-22928,Booked,Industry Trade Group,Policy Symposium,Association,Hybrid,Full Package,Trade/Manufacturing,Trade/Manufacturing,Third-Party Planner,High,2023-12-05,2024-01-10,26,2024-06-23,2024-06-25,2,201,64,128,88,1,Half Ballroom,1,0,10,1.0,37970.98,2,76.1,161.1,132.4,16947.2,1416.6,4903.67,23267.47,92,12180.8,1416.6,4670.16,18267.56,0.71875,53.07,,2024,6,3,53.4,46.6,0,166.33,125.14,291.47,0.0,125.14,2,15.6,54,64,0,0,2,6,2,24,1,0,1,Classroom,3,1,1.83,1416.6,2000,3840,7865.27,5,0,0,0,0.0,0.73
B-202406-32608,Booked,Consulting Network,Regional Team Meeting,Corporate,Hybrid,Rooms Only,Professional Services,Professional Services,Referral,Low,2024-04-03,2024-04-22,14,2024-06-23,2024-06-24,1,81,54,54,59,0,,0,0,5,1.0,7000.83,2,71.5,157.16,138.42,7474.68,0.0,0.0,7474.68,47,6505.74,0.0,0.0,6505.74,0.8703703703703703,0.0,,2024,6,2,50.3,49.7,1,51.69,181.02,232.71,232.71,181.02,1,0.0,54,0,0,0,0,0,0,0,0,0,0,,0,0,0.0,0.0,0,0,0.0,0,0,0,0,0.0,0.0
B-202406-98895,Booked,HR Professionals Network,Continuing Education Conference,Association,Hybrid,Full Package,Professional Services,Professional Services,Website,Medium,2024-01-07,2024-02-09,22,2024-06-23,2024-06-24,1,168,77,77,101,1,Half Ballroom,1,1,11,1.0,28856.95,4,70.6,171.76,154.26,11878.02,846.38,3072.27,15796.67,58,8947.08,846.38,2925.97,12719.43,0.7532467532467533,28.97,,2024,6,3,70.6,29.4,1,92.46,131.81,224.27,224.27,131.81,1,0.0,77,0,0,0,1,2,1,12,1,0,1,Theater,2,0,1.5,846.38,500,1820,3182.85,2,0,0,0,50.0,0.84
B-202406-96321,Booked,Banking Consortium,Customer Advisory Board,Corporate,Hybrid,Full Package,Finance,Finance,Repeat Client,Medium,2024-03-21,2024-04-09,9,2024-06-25,2024-06-26,1,96,27,27,31,1,Breakout Room,1,0,10,0.0,0.0,1,73.1,169.16,144.66,3905.82,590.09,1167.57,5663.48,22,3182.52,590.09,1111.97,4884.58,0.8148148148148148,35.87,,2024,6,2,69.9,30.1,1,94.82,183.25,278.07,183.25,278.07,1,0.0,27,0,0,0,1,1,1,8,0,0,1,Classroom,3,1,3.0,590.09,650,1643,3346.32,2,0,0,0,100.0,0.78
B-202406-13396,Booked,Education Foundation,Board Retreat,Association,In-person,Meeting Only,Education,Education,Website,Low,2023-08-19,2023-09-12,15,2024-06-26,2024-06-29,3,312,0,0,34,1,Breakout Room,0,0,9,0.0,0.0,3,68.6,160.59,0.0,0.0,575.0,8126.75,8701.75,0,0.0,575.0,7739.76,8314.76,,227.64,,2024,6,0,0.0,0.0,0,0.0,0.0,0.0,0.0,0.0,0,0.0,0,0,0,0,1,3,3,24,0,0,1,Classroom,2,0,1.67,575.0,850,8126,12039.62,5,0,0,0,100.0,0.85
B-202406-25448,Booked,Professional Services Group,Management Training,Corporate,In-person,Full Package,Technology,Other,Third-Party Planner,Medium,2024-03-20,2024-04-09,10,2024-06-27,2024-06-28,1,99,69,69,82,1,Half Ballroom,1,1,10,0.0,0.0,1,71.8,164.88,137.73,9503.37,1354.53,2567.5,13425.4,55,7575.15,1354.53,2445.24,11374.92,0.7971014492753623,29.82,,2024,6,4,68.2,31.8,1,154.1,130.0,284.1,181.04,130.0,1,0.0,69,0,0,0,1,3,1,12,1,0,1,Classroom,2,0,1.67,1354.53,850,2808,4666.72,4,0,0,0,0.0,0.68
B-202406-52501,Booked,Personal Event,Holiday Party,Wedding/Social,In-person,Full Package,Social,Social/Private,Third-Party Planner,Low,2023-08-06,2023-09-07,21,2024-06-27,2024-06-28,1,326,26,26,30,1,Breakout Room,1,1,11,0.0,0.0,3,74.1,158.37,145.74,3789.24,352.76,3975.93,8117.93,15,2186.1,352.76,3786.6,6325.46,0.5769230769230769,126.22,,2024,6,4,51.5,48.5,1,58.75,130.1,188.85,188.85,130.1,1,0.0,26,0,0,0,1,1,1,4,0,0,1,Reception,1,0,1.0,352.76,150,1350,2080.09,1,0,1,1,0.0,0.75
B-202406-61615,Booked,Social Event,Bar/Bat Mitzvah,Wedding/Social,In-person,Full Package,Social,Social/Private,Sales Call,Low,2023-10-16,2023-11-19,25,2024-06-27,2024-06-28,1,255,37,37,49,1,Half Ballroom,1,0,9,1.0,18085.39,2,69.5,161.25,143.87,5323.19,1207.41,6912.31,13442.91,22,3165.14,1207.41,6583.15,10955.7,0.5945945945945946,134.35,,2024,6,4,55.9,44.1,1,125.77,125.77,251.54,251.54,125.77,1,0.0,37,0,0,0,1,2,1,8,1,0,1,Banquet,2,0,1.5,1207.41,500,1320,2508.29,1,1,0,1,0.0,0.41
B-202406-60082,Booked,Private Individual,Holiday Party,Wedding/Social,In-person,Full Package,Social,Social/Private,RFP,Low,2023-12-12,2024-01-28,39,2024-06-28,2024-06-29,1,199,25,25,32,1,Breakout Room,1,1,8,1.0,13630.99,2,78.7,163.41,137.98,3449.5,526.65,4562.21,8538.36,15,2069.7,526.65,4344.96,6941.31,0.6,135.78,,2024,6,3,65.5,34.5,1,138.88,127.34,266.22,192.59,127.34,1,0.0,25,0,0,0,1,2,1,8,0,0,1,Banquet,2,0,1.5,526.65,500,1440,3171.75,1,0,1,1,0.0,0.8
B-202406-27428,Booked,TechCorp Solutions,Executive Offsite,Corporate,In-person,Full Package,Technology,Technology,Cvent,Low,2024-03-19,2024-04-08,13,2024-06-29,2024-06-30,1,102,5,5,6,1,Boardroom,1,1,7,0.0,0.0,3,71.4,163.46,139.34,696.7,348.69,477.41,1522.8,4,557.36,348.69,454.68,1360.73,0.8,75.78,,2024,6,4,68.1,31.9,1,159.7,126.74,286.44,252.93,126.74,1,0.0,5,0,0,0,1,1,1,8,0,1,1,Boardroom,2,0,2.0,348.69,350,450,1863.9,3,0,0,0,100.0,0.43
B-202406-38591,Booked,Consulting Network,Board of Directors Meeting,Corporate,In-person,Rooms Only,Professional Services,Professional Services,Referral,Medium,2024-05-01,2024-05-18,14,2024-06-29,2024-06-30,1,59,76,76,83,0,,0,0,3,0.0,0.0,2,72.2,163.5,143.16,10880.16,0.0,0.0,10880.16,73,10450.68,0.0,0.0,10450.68,0.9605263157894736,0.0,,2024,6,4,66.2,33.8,1,139.65,154.89,294.54,253.51,154.89,1,0.0,76,0,0,0,0,0,0,0,0,0,0,,0,0,0.0,0.0,0,0,0.0,0,0,0,0,0.0,0.0
B-202406-45321,Booked,Pharmaceutical Partners,Executive Offsite,Corporate,Hybrid,Full Package,Healthcare,Healthcare,Sales Call,Medium,2024-04-03,2024-04-23,9,2024-06-29,2024-06-30,1,87,69,69,96,1,Half Ballroom,1,0,11,1.0,19152.24,4,74.7,156.21,139.45,9622.05,1617.12,2943.36,14182.53,68,9482.6,1617.12,2803.2,13902.92,0.9855072463768116,29.2,,2024,6,2,54.1,45.9,1,34.7,152.89,187.59,187.59,152.89,1,0.0,69,0,0,0,2,2,1,12,1,0,1,Theater,2,0,2.0,1617.12,700,2718,4377.51,4,0,0,0,50.0,0.8
B-202406-51680,Booked,Family Celebration,Bar/Bat Mitzvah,Wedding/Social,In-person,Full Package,Social,Social/Private,Repeat Client,Low,2023-11-11,2023-12-25,37,2024-06-29,2024-06-30,1,231,25,25,28,1,Breakout Room,1,1,7,0.0,0.0,1,73.1,158.44,143.25,3581.25,404.1,3282.8,7268.15,16,2292.0,404.1,3126.48,5822.58,0.64,111.66,,2024,6,2,51.4,48.6,1,65.44,221.03,286.47,221.03,221.03,1,0.0,25,0,0,0,1,1,1,4,0,0,1,Banquet,0,0,0.0,404.1,0,1540,2181.52,1,1,0,1,0.0,0.7
B-202406-45815,Booked,Private Individual,Family Reunion Weekend,Wedding/Social,In-person,Full Package,Social,Social/Private,Website,Low,2023-07-01,2023-07-30,22,2024-06-30,2024-07-01,1,365,26,26,35,1,Breakout Room,1,1,7,1.0,10120.3,1,73.6,163.96,152.43,3963.18,350.07,4733.4,9046.65,15,2286.45,350.07,4508.0,7144.52,0.5769230769230769,128.8,,2024,6,3,63.9,36.1,1,97.62,132.2,229.82,229.82,132.2,1,0.0,26,0,0,0,1,1,1,4,0,0,1,Banquet,1,0,1.0,350.07,150,1575,2375.42,1,0,1,1,0.0,0.88
B-202406-73284,Booked,Real Estate Board,Certification Training,Association,In-person,Full Package,Government,Government,Repeat Client,High,2023-12-05,2024-01-10,23,2024-06-30,2024-07-03,3,208,93,279,116,1,Half Ballroom,1,0,13,1.0,88510.83,2,75.5,164.08,144.98,40449.42,1653.79,12052.11,54155.32,223,32330.54,1653.79,11478.2,45462.53,0.7992831541218638,98.95,,2024,6,2,74.4,25.6,1,37.53,153.57,191.1,191.1,191.1,2,5.4,85,93,81,0,2,7,3,36,1,0,1,Classroom,3,1,2.29,1653.79,3150,4492,10535.23,3,0,0,0,28.6,0.97
B-202406-90969,Booked,Family Celebration,Anniversary Celebration,Wedding/Social,In-person,Full Package,Social,Social/Private,Direct Inquiry,Low,2023-08-31,2023-10-11,29,2024-06-30,2024-07-01,1,304,45,45,50,1,Half Ballroom,1,0,12,0.0,0.0,1,72.7,163.7,144.01,6480.45,1121.37,6297.38,13899.2,28,4032.28,1121.37,5997.5,11151.15,0.6222222222222222,119.95,,2024,6,3,68.2,31.8,1,127.62,146.82,274.44,236.44,146.82,1,0.0,45,0,0,0,1,1,1,4,1,0,1,Banquet,2,0,2.0,1121.37,350,1320,2044.19,1,1,0,1,0.0,0.42
B-202407-59074,Booked,Private Party,Charity Gala,Wedding/Social,In-person,Rooms Only,Social,Social/Private,Direct Inquiry,Low,2023-09-11,2023-10-11,25,2024-07-01,2024-07-02,1,294,41,41,45,0,,0,1,5,0.0,0.0,1,66.5,153.25,142.45,5840.45,0.0,0.0,5840.45,23,3276.35,0.0,0.0,3276.35,0.5609756097560976,0.0,,2024,7,3,62.3,37.7,1,100.77,165.59,266.36,186.22,165.59,1,0.0,41,0,0,0,0,0,0,0,0,0,0,,0,0,0.0,0.0,0,0,0.0,0,0,0,0,0.0,0.0
B-202407-81260,Booked,Professional Services Group,Annual Sales Conference,Corporate,In-person,Rooms Only,Finance,Other,Cvent,Medium,2024-04-14,2024-04-30,10,2024-07-01,2024-07-02,1,78,75,75,82,0,,0,1,6,1.0,14427.19,3,67.8,162.04,138.0,10350.0,0.0,0.0,10350.0,73,10074.0,0.0,0.0,10074.0,0.9733333333333334,0.0,,2024,7,3,73.5,26.5,1,135.48,150.69,286.17,254.21,150.69,1,0.0,75,0,0,0,0,0,0,0,0,0,0,,0,0,0.0,0.0,0,0,0.0,0,0,0,0,0.0,0.0
B-202407-34596,Booked,Cultural Journeys,Bird Watching Tour,Corporate,Hybrid,Full Package,Other,Other,Repeat Client,Medium,2024-05-28,2024-06-17,11,2024-07-02,2024-07-03,1,35,60,60,78,1,Half Ballroom,1,1,9,0.0,0.0,1,68.9,164.04,147.4,8844.0,884.72,0.0,9728.72,54,7959.6,884.72,0.0,8844.32,0.9,0.0,,2024,7,4,64.5,35.5,1,125.97,145.7,271.67,218.51,145.7,1,0.0,60,0,0,0,1,1,1,4,1,0,1,Banquet,1,0,1.0,884.72,150,0,476.49,0,0,0,0,0.0,0.65
B-202407-11438,Booked,Retail Corporation,Strategic Planning Retreat,Corporate,Hybrid,Meeting Only,Healthcare,Other,Repeat Client,Low,2024-04-13,2024-05-01,13,2024-07-03,2024-07-04,1,81,0,0,49,1,Half Ballroom,0,1,5,1.0,7360.51,1,60.9,154.44,0.0,0.0,1071.8,3986.35,5058.15,0,0.0,1071.8,3796.52,4868.32,,77.48,,2024,7,0,0.0,0.0,0,0.0,0.0,0.0,0.0,0.0,0,0.0,0,0,0,0,1,1,1,8,1,0,1,Theater,2,0,2.0,1071.8,350,1848,2831.19,4,0,0,0,100.0,0.41
B-202407-12877,Booked,Financial Services Group,Management Training,Corporate,Hybrid,Full Package,Finance,Finance,Sales Call,Low,2024-05-07,2024-05-30,9,2024-07-04,2024-07-06,2,58,38,76,42,1,Half Ballroom,1,0,14,1.0,21437.98,2,69.7,156.89,132.96,10104.96,926.85,7063.94,18095.75,64,8509.44,926.85,6727.56,16163.85,0.8421052631578947,160.18,,2024,7,4,70.6,29.4,1,94.39,134.14,228.53,228.53,134.14,2,23.7,29,38,0,0,1,2,2,16,1,0,1,Classroom,3,1,2.5,926.85,1000,2520,4753.73,5,0,0,0,100.0,0.35
B-202407-32245,Booked,Youth Athletics,Cultural Heritage Festival,SMERF,Virtual,Full Package,SMERF,Social/Community,RFP,Low,2024-03-01,2024-03-26,17,2024-07-04,2024-07-05,1,125,34,34,39,1,Breakout Room,1,0,8,0.0,0.0,3,65.6,150.4,136.51,4641.34,542.68,1216.62,6400.64,29,3958.79,542.68,1158.69,5660.16,0.8529411764705882,29.71,,2024,7,2,66.3,33.7,1,66.34,160.56,226.9,226.9,160.56,1,0.0,34,0,0,0,1,2,1,8,0,0,1,Classroom,2,0,1.5,542.68,500,1692,3361.35,2,0,0,0,0.0,0.97
B-202407-64432,Booked,Retail Corporation,Leadership Summit,Corporate,In-person,Full Package,Professional Services,Other,Referral,Low,2024-04-26,2024-05-14,11,2024-07-04,2024-07-05,1,69,27,27,29,1,Breakout Room,1,1,7,0.0,0.0,2,61.1,157.2,145.32,3923.64,557.2,2080.95,6561.79,24,3487.68,557.2,1981.86,6026.74,0.8888888888888888,68.34,,2024,7,2,75.0,25.0,1,85.25,146.54,231.79,231.79,146.54,1,0.0,27,0,0,0,1,1,1,8,0,0,1,Classroom,2,0,2.0,557.2,350,2175,3544.14,3,0,0,0,100.0,0.72
B-202407-88105,Booked,TechCorp Solutions,Innovation Workshop,Corporate,In-person,Full Package,Technology,Technology,Repeat Client,Medium,2024-04-23,2024-05-09,8,2024-07-04,2024-07-06,2,72,42,84,47,1,Half Ballroom,1,0,8,0.0,0.0,2,60.7,164.2,147.64,12401.76,1070.95,7822.96,21295.67,76,11220.64,1070.95,7450.44,19742.03,0.9047619047619048,158.52,,2024,7,2,59.6,40.4,0,4.74,146.09,150.83,0.0,146.09,2,7.1,39,42,0,0,1,2,2,16,1,0,1,Classroom,2,0,1.5,1070.95,500,3360,5044.27,5,0,0,0,100.0,0.39
B-202407-50572,Booked,Premier Tours,Museum Tour Package,Corporate,In-person,Rooms Only,Technology,Technology,Direct Inquiry,Medium,2024-04-11,2024-05-02,14,2024-07-05,2024-07-06,1,85,28,28,30,0,,0,0,7,0.0,0.0,1,67.1,164.61,141.52,3962.56,0.0,0.0,3962.56,27,3821.04,0.0,0.0,3821.04,0.9642857142857144,0.0,,2024,7,4,69.5,30.5,1,146.07,147.18,293.25,223.39,152.73,1,0.0,28,0,0,0,0,0,0,0,0,0,0,,0,0,0.0,0.0,0,0,0.0,0,0,0,0,0.0,0.0
B-202407-70700,Booked,State Medical Association,Board Retreat,Association,In-person,Full Package,Healthcare,Healthcare,Referral,High,2023-09-26,2023-11-03,26,2024-07-06,2024-07-09,3,284,59,177,80,1,Half Ballroom,1,1,12,0.0,0.0,1,67.6,154.63,141.28,25006.56,810.26,20597.64,46414.46,112,15823.36,810.26,19616.8,36250.42,0.632768361581921,245.21,,2024,7,2,62.5,37.5,1,65.97,228.56,294.53,228.56,294.53,2,3.7,54,59,55,0,1,3,3,24,1,0,1,Classroom,3,1,2.0,810.26,1150,3640,6600.22,5,0,0,0,100.0,0.67
B-202407-83307,Booked,Social Event,Smith-Johnson Wedding,Wedding/Social,In-person,Full Package,Social,Social/Private,Sales Call,Low,2023-11-09,2023-12-30,42,2024-07-06,2024-07-07,1,240,28,28,37,1,Breakout Room,1,0,9,1.0,12738.67,2,67.9,157.38,136.5,3822.0,365.81,4230.38,8418.19,18,2457.0,365.81,4028.93,6851.74,0.6428571428571429,108.89,,2024,7,3,71.8,28.2,1,108.7,143.64,252.34,252.34,143.64,1,0.0,28,0,0,0,1,1,1,4,0,0,1,Banquet,2,0,2.0,365.81,350,2035,3035.16,1,1,0,1,0.0,0.93
B-202407-18450,Booked,Technology Innovators,Performance Review Summit,Corporate,Virtual,Full Package,Technology,Technology,Sales Call,Medium,2024-03-21,2024-04-12,9,2024-07-07,2024-07-08,1,108,60,60,72,1,Half Ballroom,1,1,13,1.0,21685.4,1,64.9,152.91,141.16,8469.6,1317.64,5687.39,15474.63,52,7340.32,1317.64,5416.56,14074.52,0.8666666666666667,75.23,,2024,7,3,74.0,26.0,1,123.5,144.72,268.22,192.46,144.72,1,0.0,60,0,0,0,2,1,1,8,1,0,1,Banquet,1,0,1.0,1317.64,150,1800,2558.29,3,0,0,0,100.0,0.6
B-202407-61296,Booked,Local School District,Youth Group Gathering,SMERF,In-person,Full Package,Education,Education,Sales Call,Low,2024-03-19,2024-04-16,15,2024-07-08,2024-07-09,1,111,28,28,35,1,Breakout Room,1,1,13,1.0,6958.45,2,62.5,152.37,133.04,3725.12,565.64,1356.81,5647.57,21,2793.84,565.64,1292.2,4651.68,0.75,36.92,,2024,7,4,53.6,46.4,1,153.26,135.25,288.51,191.03,135.25,1,0.0,28,0,0,0,1,1,1,8,0,0,1,Banquet,1,0,1.0,565.64,150,1645,2795.15,2,0,0,0,100.0,0.88
B-202407-33082,Booked,Professional Services Group,Annual Sales Conference,Corporate,In-person,Meeting Only,Healthcare,Other,Sales Call,Low,2024-04-16,2024-05-04,10,2024-07-09,2024-07-11,2,84,0,0,43,1,Half Ballroom,0,1,8,1.0,12884.45,2,65.2,158.69,0.0,0.0,1341.3,6707.94,8049.24,0,0.0,1341.3,6388.51,7729.81,,148.57,,2024,7,0,0.0,0.0,0,0.0,0.0,0.0,0.0,0.0,0,0.0,0,0,0,0,1,2,2,16,1,0,1,Classroom,2,0,2.0,1341.3,700,2808,4717.58,5,0,0,0,100.0,0.36
B-202407-27510,Booked,Social Event,Smith-Johnson Wedding,Wedding/Social,In-person,Rooms Only,Social,Social/Private,Direct Inquiry,Low,2024-02-04,2024-02-24,17,2024-07-12,2024-07-13,1,159,31,31,34,0,,0,1,3,0.0,0.0,3,63.9,159.79,137.14,4251.34,0.0,0.0,4251.34,17,2331.38,0.0,0.0,2331.38,0.5483870967741935,0.0,,2024,7,2,66.3,33.7,0,14.84,144.89,159.73,0.0,144.89,1,0.0,31,0,0,0,0,0,0,0,0,0,0,,0,0,0.0,0.0,0,0,0.0,0,0,0,0,0.0,0.0
B-202407-42118,Booked,State Medical Association,Professional Development Symposium,Association,In-person,Full Package,Healthcare,Healthcare,Cvent,High,2023-09-13,2023-10-14,19,2024-07-12,2024-07-16,4,303,50,200,55,1,Half Ballroom,1,0,12,0.0,0.0,4,69.9,157.63,139.51,27902.0,1214.21,17338.86,46455.07,160,22321.6,1214.21,16513.2,40049.01,0.8,300.24,,2024,7,3,71.7,28.3,0,130.15,143.04,273.19,0.0,143.04,2,11.3,47,50,43,35,1,4,4,32,1,0,1,Classroom,3,1,2.0,1214.21,1500,3960,7912.83,5,0,0,0,100.0,0.46
B-202407-65291,Booked,Real Estate Board,Awards Gala Weekend,Association,In-person,Full Package,Government,Government,Third-Party Planner,Medium,2023-12-31,2024-02-06,28,2024-07-13,2024-07-15,2,195,67,134,85,1,Half Ballroom,1,1,9,1.0,43884.26,3,64.2,164.03,149.13,19983.42,1526.53,5821.78,27331.73,92,13719.96,1526.53,5544.55,20791.04,0.6865671641791045,65.23,,2024,7,2,62.7,37.3,1,23.03,151.43,174.46,174.46,151.43,2,17.9,55,67,0,0,2,5,2,24,1,0,1,Classroom,3,1,1.8,1526.53,1650,4192,7857.53,5,0,0,0,20.0,0.71
B-202407-56165,Booked,Real Estate Board,State Convention,Association,In-person,Full Package,Government,Government,RFP,High,2023-11-03,2023-12-12,25,2024-07-14,2024-07-18,4,254,69,276,84,1,Half Ballroom,1,0,14,1.0,95096.64,2,65.5,163.31,143.82,39694.32,1063.19,10583.12,51340.63,182,26175.24,1063.19,10079.16,37317.59,0.6594202898550725,119.99,,2024,7,4,64.9,35.1,1,114.91,132.89,247.8,247.8,146.87,2,7.5,66,69,68,56,1,11,4,48,1,0,1,Classroom,3,1,2.0,1063.19,4150,6984,14927.66,5,0,0,0,9.1,0.7
B-202407-82286,Booked,Regional Healthcare System,New Hire Orientation,Corporate,In-person,Full Package,Healthcare,Healthcare,Referral,Medium,2024-05-15,2024-06-05,14,2024-07-15,2024-07-17,2,61,51,102,59,1,Half Ballroom,1,0,7,0.0,0.0,1,63.6,153.16,135.03,13773.06,856.67,9338.34,23968.07,88,11882.64,856.67,8893.66,21632.97,0.8627450980392157,150.74,,2024,7,3,65.8,34.2,1,64.93,126.4,191.33,191.33,133.58,2,13.7,44,51,0,0,1,2,2,16,1,0,1,Classroom,3,1,2.5,856.67,1000,3072,5304.04,4,0,0,0,100.0,0.49
B-202407-54215,Booked,Personal Event,Williams-Brown Wedding,Wedding/Social,In-person,Full Package,Social,Social/Private,Referral,Low,2024-02-17,2024-04-06,38,2024-07-16,2024-07-17,1,150,18,18,24,1,Breakout Room,1,0,11,1.0,7072.48,1,60.5,157.89,136.74,2461.32,387.19,2745.79,5594.3,10,1367.4,387.19,2615.04,4369.63,0.5555555555555556,108.96,,2024,7,2,69.7,30.3,1,39.11,144.81,183.92,183.92,144.81,1,0.0,18,0,0,0,1,2,1,8,0,0,1,Banquet,1,0,1.0,387.19,300,1080,2587.37,1,0,1,1,0.0,0.6
B-202407-61202,Booked,Senior Adventures,Wine Country Excursion,SMERF,In-person,Rooms Only,Government,Government,Sales Call,Medium,2024-05-15,2024-05-29,11,2024-07-17,2024-07-18,1,63,42,42,46,0,,0,0,3,0.0,0.0,4,63.6,158.39,137.16,5760.72,0.0,0.0,5760.72,41,5623.56,0.0,0.0,5623.56,0.9761904761904762,0.0,,2024,7,2,62.3,37.7,1,56.92,134.78,191.7,191.7,134.78,1,0.0,42,0,0,0,0,0,0,0,0,0,0,,0,0,0.0,0.0,0,0,0.0,0,0,0,0,0.0,0.0
B-202407-61955,Booked,Energy Solutions,Annual Sales Conference,Corporate,In-person,Full Package,Technology,Other,Cvent,Low,2024-05-09,2024-06-02,10,2024-07-17,2024-07-18,1,69,44,44,57,1,Half Ballroom,1,1,14,1.0,13832.55,3,63.6,147.69,128.44,5651.36,1196.24,4543.81,11391.41,40,5137.6,1196.24,4327.44,10661.28,0.9090909090909092,75.92,,2024,7,4,62.5,37.5,1,128.65,154.35,283.0,250.97,154.35,1,0.0,44,0,0,0,1,1,1,8,1,0,1,Classroom,2,0,2.0,1196.24,350,1800,2779.33,3,0,0,0,100.0,0.47
B-202407-47359,Booked,Local School District,Youth Group Gathering,SMERF,Hybrid,Full Package,Education,Education,Cvent,Medium,2024-03-06,2024-04-05,18,2024-07-18,2024-07-19,1,134,36,36,46,1,Half Ballroom,1,1,12,1.0,7823.68,4,64.0,160.99,134.98,4859.28,1148.23,0.0,6007.51,31,4184.38,1148.23,0.0,5332.61,0.8611111111111112,0.0,,2024,7,2,56.6,43.4,1,101.2,152.72,253.92,253.92,152.72,1,0.0,36,0,0,0,1,2,1,8,1,0,1,Theater,2,0,1.5,1148.23,500,0,1145.02,0,0,0,0,0.0,0.38
B-202407-46500,Booked,Professional Engineers Society,Committee Meeting,Association,In-person,Full Package,Association,Other,Repeat Client,High,2023-10-12,2023-11-18,28,2024-07-19,2024-07-22,3,281,62,186,69,1,Half Ballroom,1,0,9,0.0,0.0,2,59.7,158.95,141.24,26270.64,1298.6,15848.44,43417.68,139,19632.36,1298.6,15093.75,36024.71,0.7473118279569892,218.75,,2024,7,2,58.8,41.2,0,123.72,150.49,274.21,0.0,150.49,2,2.7,58,62,59,0,1,3,3,24,1,0,1,Theater,2,0,1.33,1298.6,650,3880,6369.03,5,0,0,0,100.0,0.57
B-202407-53707,Booked,Real Estate Board,Member Appreciation Event,Association,In-person,Full Package,Government,Government,Sales Call,High,2024-01-08,2024-02-13,28,2024-07-20,2024-07-24,4,194,82,328,109,1,Half Ballroom,1,0,8,1.0,89062.89,1,64.7,153.69,131.94,43276.32,1118.18,13812.97,58207.47,216,28499.04,1118.18,13155.21,42772.43,0.6585365853658537,120.69,,2024,7,2,52.2,47.8,1,27.64,151.68,179.32,179.32,151.68,2,6.3,81,82,76,69,1,9,4,48,1,0,1,Classroom,2,0,1.44,1118.18,2150,6860,12791.47,5,0,0,0,33.3,0.91
B-202407-57250,Booked,Pharmaceutical Partners,Executive Offsite,Corporate,Hybrid,Full Package,Healthcare,Healthcare,Repeat Client,High,2024-06-07,2024-06-30,10,2024-07-20,2024-07-23,3,43,66,198,90,1,Half Ballroom,1,1,13,1.0,64347.63,1,64.6,154.4,134.62,26654.76,1710.5,8865.99,37231.25,161,21673.82,1710.5,8443.8,31828.12,0.8131313131313131,93.82,,2024,7,2,53.7,46.3,0,135.96,143.59,279.55,0.0,143.59,2,3.3,62,66,61,0,2,7,3,36,1,0,1,Classroom,3,1,2.57,1710.5,3650,5358,11839.66,5,0,0,0,28.6,0.75
B-202407-45378,Booked,Private Individual,Williams-Brown Wedding,Wedding/Social,In-person,Full Package,Social,Social/Private,Website,Low,2023-11-12,2023-12-24,34,2024-07-21,2024-07-22,1,252,17,17,19,1,Breakout Room,1,0,8,0.0,0.0,2,64.1,155.52,141.89,2412.13,496.18,2554.8,5463.11,10,1418.9,496.18,2433.14,4348.22,0.5882352941176471,128.06,,2024,7,3,73.0,27.0,1,119.8,125.72,245.52,245.52,125.72,1,0.0,17,0,0,0,1,2,1,8,0,0,1,Banquet,1,0,0.5,496.18,150,855,2135.25,1,0,1,1,0.0,0.47
B-202407-61381,Booked,Retail Corporation,Strategic Planning Retreat,Corporate,In-person,Full Package,Finance,Other,Repeat Client,Medium,2024-04-25,2024-05-16,7,2024-07-21,2024-07-22,1,87,57,57,77,1,Half Ballroom,1,0,14,0.0,0.0,1,67.0,160.67,133.54,7611.78,1727.84,5454.95,14794.57,51,6810.54,1727.84,5195.19,13733.57,0.8947368421052632,67.47,,2024,7,2,52.9,47.1,0,123.22,150.17,273.39,0.0,273.39,1,0.0,57,0,0,0,2,1,1,8,1,0,1,Banquet,1,0,1.0,1727.84,150,2088,2780.19,4,0,0,0,100.0,0.64
B-202407-63907,Booked,Youth Athletics,Church Retreat Weekend,SMERF,In-person,Rooms Only,SMERF,Social/Community,Repeat Client,Medium,2024-04-14,2024-05-05,16,2024-07-21,2024-07-23,2,98,58,116,63,0,,0,0,5,0.0,0.0,1,63.2,157.8,130.03,15083.48,0.0,0.0,15083.48,92,11962.76,0.0,0.0,11962.76,0.7931034482758621,0.0,,2024,7,3,69.9,30.1,1,125.32,153.47,278.79,250.68,278.79,2,15.5,49,58,0,0,0,0,0,0,0,0,0,,0,0,0.0,0.0,0,0,0.0,0,0,0,0,0.0,0.0
B-202407-86183,Booked,Insurance Federation,Continuing Education Conference,Association,In-person,Full Package,Finance,Finance,Repeat Client,High,2023-12-11,2024-01-17,24,2024-07-21,2024-07-22,1,223,74,74,96,1,Half Ballroom,1,0,13,0.0,0.0,2,70.0,158.75,135.22,10006.28,1550.84,2866.75,14423.87,55,7437.1,1550.84,2730.24,11718.18,0.7432432432432432,28.44,,2024,7,2,57.8,42.2,1,41.66,135.46,177.12,177.12,135.46,1,0.0,74,0,0,0,2,2,1,12,1,0,1,Classroom,3,1,3.0,1550.84,1300,2020,4246.83,4,0,0,0,50.0,0.8
B-202407-68994,Booked,Legal Society,Certification Training,Association,Hybrid,Full Package,Legal,Legal,Repeat Client,Medium,2023-12-14,2024-01-24,28,2024-07-22,2024-07-24,2,221,55,110,74,1,Half Ballroom,1,1,13,0.0,0.0,1,65.4,158.44,146.84,16152.4,1714.26,10649.56,28516.22,82,12040.88,1714.26,10142.44,23897.58,0.7454545454545455,137.06,,2024,7,2,58.0,42.0,0,23.35,144.09,167.44,0.0,144.09,2,14.5,47,55,0,0,2,2,2,16,1,0,1,Classroom,2,0,2.0,1714.26,700,1660,3541.88,3,0,0,0,100.0,0.62
B-202407-71063,Booked,Nursing Council,Industry Forum,Association,In-person,Full Package,Healthcare,Healthcare,RFP,High,2023-11-09,2023-12-05,18,2024-07-22,2024-07-24,2,256,79,158,102,1,Half Ballroom,1,1,8,0.0,0.0,2,64.2,161.53,142.76,22556.08,1726.09,6601.64,30883.81,119,16988.44,1726.09,6287.28,25001.81,0.7531645569620253,61.64,,2024,7,4,68.8,31.2,1,130.34,144.89,275.23,228.11,275.23,2,7.6,73,79,0,0,2,5,2,24,1,0,1,Theater,3,1,2.0,1726.09,1850,2248,5980.47,4,0,0,0,20.0,0.85
B-202407-65667,Booked,Regional Healthcare System,Board of Directors Meeting,Corporate,In-person,Full Package,Healthcare,Healthcare,Sales Call,Medium,2024-04-15,2024-05-03,8,2024-07-24,2024-07-26,2,100,38,76,42,1,Half Ballroom,1,0,10,1.0,26160.44,1,65.9,164.13,149.52,11363.52,950.6,6316.0,18630.12,67,10017.84,950.6,6015.24,16983.68,0.881578947368421,143.22,,2024,7,4,63.2,36.8,1,147.7,146.69,294.39,237.22,146.69,2,10.5,34,38,0,0,1,2,2,16,1,0,1,Classroom,3,1,2.5,950.6,1000,3648,5869.88,5,0,0,0,100.0,0.35
B-202407-98335,Booked,Regional Healthcare System,Performance Review Summit,Corporate,In-person,Full Package,Healthcare,Healthcare,RFP,Low,2024-05-03,2024-05-24,14,2024-07-28,2024-07-29,1,86,50,50,58,1,Half Ballroom,1,0,7,1.0,19289.93,2,61.9,160.64,137.79,6889.5,1212.65,4619.87,12722.02,42,5787.18,1212.65,4399.88,11399.71,0.84,75.86,,2024,7,4,74.8,25.2,1,143.92,141.43,285.35,196.3,154.84,1,0.0,50,0,0,0,1,1,1,8,1,0,1,Classroom,2,0,2.0,1212.65,350,1848,2825.28,4,0,0,0,100.0,0.48
B-202407-23238,Booked,Senior Adventures,Senior Travel Club,SMERF,In-person,Rooms Only,Other,Other,Sales Call,Low,2024-04-17,2024-05-04,12,2024-07-29,2024-07-30,1,103,33,33,44,0,Boardroom A,1,0,5,1.0,8171.01,3,67.8,155.7,128.61,4244.13,0.0,0.0,4244.13,32,4115.52,0.0,0.0,4115.52,0.9696969696969696,0.0,,2024,7,2,56.7,43.3,1,55.9,233.63,289.53,233.63,233.63,1,0.0,33,0,0,0,0,1,1,4,0,0,1,,0,0,0.0,0.0,0,0,361.5,0,0,0,0,0.0,0.0
B-202407-49526,Booked,Nursing Council,Policy Symposium,Association,In-person,Full Package,Healthcare,Healthcare,Cvent,Medium,2023-10-06,2023-11-11,22,2024-07-29,2024-08-01,3,297,58,174,69,1,Half Ballroom,1,0,14,1.0,67694.68,3,60.7,154.61,132.25,23011.5,1612.02,15993.34,40616.86,108,14283.0,1612.02,15231.75,31126.77,0.6206896551724138,220.75,,2024,7,3,70.0,30.0,1,82.99,137.09,220.08,220.08,137.09,2,2.8,56,58,54,0,2,3,3,24,1,0,1,Theater,3,1,2.33,1612.02,1350,4040,7175.65,4,0,0,0,100.0,0.57
B-202407-99505,Booked,Technology Innovators,New Hire Orientation,Corporate,In-person,Full Package,Technology,Technology,Direct Inquiry,Low,2024-05-30,2024-06-16,7,2024-07-29,2024-07-30,1,60,37,37,43,1,Half Ballroom,1,1,10,1.0,14051.4,2,67.2,156.64,131.71,4873.27,983.28,3409.73,9266.28,30,3951.3,983.28,3247.36,8181.94,0.8108108108108109,75.52,,2024,7,3,73.5,26.5,1,59.13,135.21,194.34,194.34,135.21,1,0.0,37,0,0,0,1,1,1,8,1,0,1,Banquet,3,1,3.0,983.28,650,1560,2846.68,3,0,0,0,100.0,0.36
B-202407-66375,Booked,Technology Innovators,Sales Kickoff,Corporate,Hybrid,Rooms Only,Technology,Technology,Direct Inquiry,Low,2024-05-19,2024-06-02,10,2024-07-30,2024-07-31,1,72,42,42,46,0,,0,1,4,0.0,0.0,2,66.3,163.01,151.39,6358.38,0.0,0.0,6358.38,34,5147.26,0.0,0.0,5147.26,0.8095238095238095,0.0,,2024,7,2,59.4,40.6,1,114.39,137.84,252.23,252.23,137.84,1,0.0,42,0,0,0,0,0,0,0,0,0,0,,0,0,0.0,0.0,0,0,0.0,0,0,0,0,0.0,0.0
B-202407-70810,Booked,Social Event,Martinez-Garcia Wedding,Wedding/Social,In-person,Full Package,Social,Social/Private,RFP,Low,2023-08-30,2023-10-21,38,2024-07-31,2024-08-01,1,336,5,5,6,1,Boardroom,1,0,14,0.0,0.0,2,61.7,165.95,148.56,742.8,291.83,845.21,1879.84,2,297.12,291.83,804.96,1393.91,0.4,134.16,,2024,7,2,64.2,35.8,0,9.88,132.63,142.51,0.0,142.51,1,0.0,5,0,0,0,1,2,1,8,0,1,1,Boardroom,2,0,1.0,291.83,350,330,1901.17,1,1,0,1,0.0,0.43
B-202407-72324,Booked,Financial Services Group,Strategic Planning Retreat,Corporate,Hybrid,Full Package,Finance,Finance,Website,Low,2024-05-07,2024-05-30,13,2024-07-31,2024-08-02,2,85,13,26,16,1,Breakout Room,1,0,10,1.0,9843.82,3,68.5,158.8,136.27,3543.02,401.34,2365.1,6309.46,21,2861.67,401.34,2252.48,5515.49,0.8076923076923077,140.78,,2024,7,4,68.8,31.2,1,152.9,141.89,294.79,236.91,141.89,2,15.4,11,13,0,0,1,2,2,16,0,0,1,Theater,2,0,2.0,401.34,700,1872,4653.2,5,0,0,0,100.0,0.4
B-202407-89788,Booked,Local School District,Charity Fundraiser,SMERF,Hybrid,Full Package,Education,Education,Cvent,Medium,2024-05-07,2024-06-01,17,2024-07-31,2024-08-02,2,85,51,102,70,1,Half Ballroom,1,0,8,0.0,0.0,3,67.2,153.06,139.95,14274.9,1210.57,4288.73,19774.2,90,12595.5,1210.57,4084.5,17890.57,0.8823529411764706,58.35,,2024,7,3,56.8,43.2,1,139.37,151.18,290.55,219.94,151.18,2,5.9,48,51,0,0,1,3,2,16,1,0,1,Banquet,1,0,0.33,1210.57,150,1180,2643.46,2,0,0,0,33.3,0.58
B-202407-93914,Booked,Private Individual,Retirement Party,Wedding/Social,In-person,Rooms Only,Social,Social/Private,Cvent,Low,2023-12-26,2024-01-23,22,2024-07-31,2024-08-01,1,218,30,30,33,0,,0,0,6,1.0,3707.67,4,63.8,155.42,142.69,4280.7,0.0,0.0,4280.7,16,2283.04,0.0,0.0,2283.04,0.5333333333333333,0.0,,2024,7,4,56.3,43.7,1,105.96,129.24,235.2,235.2,129.24,1,0.0,30,0,0,0,0,0,0,0,0,0,0,,0,0,0.0,0.0,0,0,0.0,0,0,0,0,0.0,0.0
B-202408-11428,Booked,Pharmaceutical Partners,Strategic Planning Retreat,Corporate,In-person,Full Package,Healthcare,Healthcare,Repeat Client,High,2024-05-16,2024-06-12,13,2024-08-01,2024-08-03,2,77,69,138,80,1,Half Ballroom,1,0,14,1.0,37417.71,1,73.2,160.81,145.22,20040.36,1737.74,12671.4,34449.5,131,19023.82,1737.74,12068.0,32829.56,0.9492753623188406,150.85,,2024,8,2,59.5,40.5,1,78.59,153.66,232.25,232.25,153.66,2,5.8,65,69,0,0,2,2,2,16,1,0,1,Classroom,2,0,2.0,1737.74,700,3072,5024.7,4,0,0,0,100.0,0.67
B-202408-99853,Booked,Dental Association,Certification Training,Association,In-person,Full Package,Healthcare,Healthcare,Repeat Client,High,2023-09-22,2023-10-23,23,2024-08-01,2024-08-02,1,314,76,76,94,1,Half Ballroom,1,0,8,1.0,31141.7,1,68.0,164.41,139.65,10613.4,1197.68,2736.95,14548.03,61,8518.65,1197.68,2606.62,12322.95,0.8026315789473685,27.73,,2024,8,2,53.1,46.9,1,108.23,173.18,281.41,173.18,173.18,1,0.0,76,0,0,0,2,2,1,12,1,0,1,Theater,2,0,1.5,1197.68,500,1940,3309.89,4,0,0,0,50.0,0.78
B-202408-84352,Booked,Real Estate Board,Industry Forum,Association,Virtual,Full Package,Government,Government,Repeat Client,High,2023-11-17,2023-12-16,20,2024-08-02,2024-08-04,2,259,86,172,116,1,Half Ballroom,1,1,9,1.0,47198.27,1,66.0,158.68,144.69,24886.68,1368.6,6494.38,32749.66,108,15626.52,1368.6,6185.12,23180.24,0.627906976744186,53.32,,2024,8,4,74.6,25.4,0,143.17,125.87,269.04,0.0,125.87,2,14.0,74,86,0,0,2,4,2,24,1,0,1,Classroom,2,0,1.75,1368.6,1200,4080,7068.94,5,0,0,0,50.0,0.97
B-202408-97883,Booked,Private Individual,Martinez-Garcia Wedding,Wedding/Social,In-person,Rooms Only,Social,Social/Private,RFP,Low,2023-11-02,2023-12-10,31,2024-08-02,2024-08-03,1,274,29,29,31,0,,0,0,7,0.0,0.0,1,76.8,163.3,149.19,4326.51,0.0,0.0,4326.51,16,2387.04,0.0,0.0,2387.04,0.5517241379310345,0.0,,2024,8,4,59.0,41.0,1,131.6,147.64,279.24,243.77,147.64,1,0.0,29,0,0,0,0,0,0,0,0,0,0,,0,0,0.0,0.0,0,0,0.0,0,0,0,0,0.0,0.0
B-202408-95181,Booked,Real Estate Board,Awards Gala Weekend,Association,Virtual,Full Package,Government,Government,Direct Inquiry,Low,2024-02-25,2024-03-27,21,2024-08-03,2024-08-05,2,160,22,44,26,1,Breakout Room,1,1,10,1.0,18249.72,1,73.1,170.62,148.66,6541.04,521.42,4415.78,11478.24,32,4757.12,521.42,4205.5,9484.04,0.7272727272727273,161.75,,2024,8,2,62.8,37.2,1,41.17,191.88,233.05,233.05,233.05,2,18.2,18,22,0,0,1,2,2,16,0,0,1,Classroom,2,0,2.0,521.42,700,4004,6731.19,4,0,0,0,100.0,0.65
B-202408-94717,Booked,Insurance Federation,Committee Meeting,Association,In-person,Full Package,Finance,Finance,Sales Call,Medium,2023-09-28,2023-10-21,16,2024-08-04,2024-08-06,2,311,68,136,94,1,Half Ballroom,1,0,7,0.0,0.0,1,72.3,161.82,149.15,20284.4,832.38,5619.98,26736.76,100,14915.0,832.38,5352.36,21099.74,0.7352941176470589,56.94,,2024,8,4,69.5,30.5,1,135.66,150.35,286.01,244.45,150.35,2,10.3,61,68,0,0,1,4,2,24,1,0,1,Theater,2,0,2.0,832.38,1400,3084,6284.66,4,0,0,0,50.0,0.78
B-202408-62797,Booked,Private Party,Smith-Johnson Wedding,Wedding/Social,In-person,Full Package,Social,Social/Private,Referral,Low,2023-10-06,2023-11-23,39,2024-08-05,2024-08-06,1,304,34,34,46,1,Half Ballroom,1,0,9,0.0,0.0,1,71.2,163.5,139.0,4726.0,1201.66,6642.22,12569.88,22,3058.0,1201.66,6325.92,10585.58,0.6470588235294118,137.52,,2024,8,3,57.9,42.1,1,86.83,137.12,223.95,223.95,137.12,1,0.0,34,0,0,0,1,2,1,8,1,0,1,Banquet,2,0,2.0,1201.66,700,1080,2467.59,1,0,1,1,0.0,0.38
B-202408-19103,Booked,Nonprofit Foundation,Volunteer Training,SMERF,Hybrid,Full Package,Technology,Technology,Third-Party Planner,Low,2024-03-31,2024-04-26,19,2024-08-06,2024-08-08,2,128,20,40,23,1,Breakout Room,1,0,7,0.0,0.0,2,70.5,160.85,147.95,5918.0,527.33,777.15,7222.48,34,5030.3,527.33,740.14,6297.77,0.85,32.18,,2024,8,2,53.6,46.4,0,14.37,137.61,151.98,0.0,137.61,2,25.0,15,20,0,0,1,3,2,16,0,0,1,Classroom,2,0,1.33,527.33,650,805,3576.85,1,0,0,0,33.3,0.57
B-202408-33419,Booked,Private Party,Family Reunion Weekend,Wedding/Social,In-person,Full Package,Social,Social/Private,Cvent,Low,2024-01-23,2024-02-19,20,2024-08-06,2024-08-07,1,196,35,35,45,1,Half Ballroom,1,1,7,1.0,14847.57,1,73.0,167.44,148.74,5205.9,929.38,6219.99,12355.27,22,3272.28,929.38,5923.8,10125.46,0.6285714285714286,131.64,,2024,8,4,67.0,33.0,1,148.28,125.92,274.2,247.69,125.92,1,0.0,35,0,0,0,1,1,1,4,1,0,1,Banquet,2,0,2.0,929.38,350,1320,2006.22,1,1,0,1,0.0,0.38
B-202408-43357,Booked,Energy Solutions,Sales Kickoff,Corporate,In-person,Full Package,Healthcare,Other,Direct Inquiry,Medium,2024-05-24,2024-06-12,9,2024-08-06,2024-08-08,2,74,47,94,54,1,Half Ballroom,1,0,10,1.0,36009.5,3,66.3,160.37,140.21,13179.74,1057.96,9260.24,23497.94,78,10936.38,1057.96,8819.28,20813.62,0.8297872340425532,163.32,,2024,8,3,73.0,27.0,1,41.19,128.11,169.3,169.3,128.11,2,25.5,35,47,0,0,1,2,2,16,1,0,1,Classroom,2,0,2.0,1057.96,700,3120,5025.22,4,0,0,0,100.0,0.45
B-202408-87485,Booked,Global Industries,Leadership Summit,Corporate,In-person,Full Package,Technology,Other,RFP,Low,2024-07-01,2024-07-17,9,2024-08-06,2024-08-07,1,36,53,53,62,1,Half Ballroom,1,1,7,0.0,0.0,3,74.4,164.11,139.8,7409.4,946.24,4758.16,13113.8,43,6011.4,946.24,4531.58,11489.22,0.8113207547169812,73.09,,2024,8,4,54.3,45.7,1,156.16,135.33,291.49,246.2,135.33,1,0.0,53,0,0,0,1,1,1,8,1,0,1,Classroom,3,1,3.0,946.24,650,1560,2818.43,3,0,0,0,100.0,0.52
B-202408-62781,Booked,Technology Innovators,Innovation Workshop,Corporate,In-person,Rooms Only,Technology,Technology,Sales Call,Medium,2024-04-28,2024-05-10,7,2024-08-07,2024-08-09,2,101,72,144,79,0,,0,1,5,0.0,0.0,3,73.3,160.35,131.65,18957.6,0.0,0.0,18957.6,123,16192.95,0.0,0.0,16192.95,0.8541666666666666,0.0,,2024,8,4,53.5,46.5,1,120.27,131.0,251.27,251.27,133.03,2,13.9,62,72,0,0,0,0,0,0,0,0,0,,0,0,0.0,0.0,0,0,0.0,0,0,0,0,0.0,0.0
B-202408-67345,Booked,Accounting Institute,Policy Symposium,Association,In-person,Meeting Only,Finance,Finance,Third-Party Planner,Low,2023-11-29,2024-01-06,28,2024-08-07,2024-08-08,1,252,0,0,53,1,Half Ballroom,0,1,10,1.0,8544.91,2,63.5,161.98,0.0,0.0,839.9,4258.89,5098.79,0,0.0,839.9,4056.09,4895.99,,76.53,,2024,8,0,0.0,0.0,0,0.0,0.0,0.0,0.0,0.0,0,0.0,0,0,0,0,1,1,1,8,1,0,1,Classroom,2,0,2.0,839.9,350,1540,2439.54,4,0,0,0,100.0,0.44
B-202408-79159,Booked,Professional Engineers Society,Committee Meeting,Association,In-person,Full Package,Association,Other,Website,High,2023-12-03,2024-01-09,27,2024-08-07,2024-08-10,3,248,104,312,141,1,Grand Ballroom,1,0,10,0.0,0.0,2,68.4,160.66,149.21,46553.52,2344.94,36127.16,85025.62,231,34467.51,2344.94,34406.82,71219.27,0.7403846153846154,244.02,,2024,8,4,59.3,40.7,1,97.55,135.21,232.76,232.76,135.21,2,4.9,101,104,92,0,2,3,3,24,1,0,1,Classroom,3,1,2.67,2344.94,1650,29187,38343.3,4,0,0,0,100.0,0.59
B-202408-28056,Booked,Energy Solutions,Board of Directors Meeting,Corporate,Hybrid,Full Package,Technology,Other,Sales Call,Low,2024-05-14,2024-06-03,7,2024-08-09,2024-08-10,1,87,40,40,49,1,Half Ballroom,1,0,13,1.0,13911.27,3,60.4,169.89,156.78,6271.2,1001.64,3801.64,11074.48,34,5330.52,1001.64,3620.61,9952.77,0.85,73.89,,2024,8,2,58.6,41.4,1,39.92,196.8,236.72,236.72,236.72,1,0.0,40,0,0,0,1,1,1,8,1,0,1,Banquet,1,0,1.0,1001.64,150,1800,2524.28,3,0,0,0,100.0,0.41
B-202408-55327,Booked,Private Party,Martinez-Garcia Wedding,Wedding/Social,In-person,Rooms Only,Social,Social/Private,Referral,Low,2023-09-08,2023-10-12,28,2024-08-09,2024-08-10,1,336,33,33,36,0,,0,1,6,0.0,0.0,2,80.0,160.32,132.53,4373.49,0.0,0.0,4373.49,18,2385.54,0.0,0.0,2385.54,0.5454545454545454,0.0,,2024,8,4,55.0,45.0,1,97.09,139.18,236.27,236.27,151.86,1,0.0,33,0,0,0,0,0,0,0,0,0,0,,0,0,0.0,0.0,0,0,0.0,0,0,0,0,0.0,0.0
B-202408-91293,Booked,Retail Corporation,Leadership Summit,Corporate,In-person,Full Package,Finance,Other,Repeat Client,Medium,2024-04-26,2024-05-20,11,2024-08-09,2024-08-11,2,105,58,116,70,1,Half Ballroom,1,0,13,0.0,0.0,1,69.6,158.55,138.13,16023.08,1384.61,10612.66,28020.35,94,12984.22,1384.61,10107.3,24476.13,0.8103448275862069,144.39,,2024,8,4,68.6,31.4,1,154.55,127.07,281.62,221.44,146.21,2,0.0,58,58,0,0,1,2,2,16,1,0,1,Classroom,2,0,2.0,1384.61,700,2808,4666.11,5,0,0,0,100.0,0.58
B-202408-94178,Booked,Volunteer Network,Faith-Based Conference,SMERF,In-person,Full Package,Other,Other,Repeat Client,Medium,2024-03-19,2024-04-14,19,2024-08-11,2024-08-13,2,145,35,70,43,1,Half Ballroom,1,0,7,1.0,15874.22,2,67.0,165.69,136.72,9570.4,1319.03,3920.37,14809.8,58,7929.76,1319.03,3733.69,12982.48,0.8285714285714286,86.83,,2024,8,4,72.3,27.7,1,134.76,150.89,285.65,245.54,152.69,2,8.6,32,35,0,0,1,2,2,16,1,0,1,Classroom,2,0,1.5,1319.03,500,1180,2831.45,2,0,0,0,100.0,0.36
B-202408-88159,Booked,Local School District,High School Reunion,SMERF,In-person,Meeting Only,Education,Education,Third-Party Planner,Low,2024-03-30,2024-04-19,15,2024-08-12,2024-08-14,2,135,0,0,118,1,Half Ballroom,0,1,5,0.0,0.0,2,73.2,163.06,0.0,0.0,1047.25,7160.18,8207.43,0,0.0,1047.25,6819.22,7866.47,,57.79,,2024,8,0,0.0,0.0,0,0.0,0.0,0.0,0.0,0.0,0,0.0,0,0,0,0,1,7,2,32,1,0,1,Theater,2,0,1.14,1047.25,1300,2252,6048.65,2,0,0,0,14.3,0.98
B-202408-69582,Booked,Energy Solutions,Product Launch Event,Corporate,In-person,Full Package,Finance,Other,Direct Inquiry,Medium,2024-05-15,2024-05-29,7,2024-08-13,2024-08-15,2,90,41,82,55,1,Half Ballroom,1,0,7,1.0,28218.67,1,69.9,165.34,136.54,11196.28,1176.49,9195.53,21568.3,71,9694.34,1176.49,8757.65,19628.48,0.8658536585365854,159.23,,2024,8,4,61.0,39.0,1,135.8,131.03,266.83,226.06,146.1,2,2.4,40,41,0,0,1,2,2,16,1,0,1,Classroom,3,1,3.0,1176.49,1300,3936,6505.18,5,0,0,0,100.0,0.46
B-202408-10084,Booked,Nonprofit Foundation,Military Reunion,SMERF,Virtual,Meeting Only,Technology,Technology,Direct Inquiry,Low,2024-03-20,2024-04-04,10,2024-08-14,2024-08-16,2,147,0,0,57,1,Half Ballroom,0,0,5,0.0,0.0,2,71.3,164.01,0.0,0.0,1222.63,3391.7,4614.33,0,0.0,1222.63,3230.19,4452.82,,56.67,,2024,8,0,0.0,0.0,0,0.0,0.0,0.0,0.0,0.0,0,0.0,0,0,0,0,1,3,2,16,1,0,1,Classroom,2,0,1.67,1222.63,850,1880,4049.4,2,0,0,0,33.3,0.47
B-202408-62026,Booked,Professional Engineers Society,Awards Gala Weekend,Association,In-person,Meeting Only,Association,Other,Website,Medium,2024-03-10,2024-04-09,21,2024-08-14,2024-08-17,3,157,0,0,80,1,Half Ballroom,0,0,9,0.0,0.0,2,71.8,171.95,0.0,0.0,1749.12,20166.72,21915.84,0,0.0,1749.12,19206.4,20955.52,,240.08,,2024,8,0,0.0,0.0,0,0.0,0.0,0.0,0.0,0.0,0,0.0,0,0,0,0,2,3,3,24,1,0,1,Classroom,3,1,2.0,1749.12,1150,4140,7119.02,4,0,0,0,100.0,0.67
B-202408-55977,Booked,Banking Consortium,Executive Offsite,Corporate,Virtual,Rooms Only,Finance,Finance,Website,Low,2024-05-04,2024-05-20,10,2024-08-15,2024-08-17,2,103,38,76,41,0,,0,0,6,0.0,0.0,1,66.6,162.13,138.94,10559.44,0.0,0.0,10559.44,63,8753.22,0.0,0.0,8753.22,0.8289473684210527,0.0,,2024,8,3,73.3,26.7,1,124.7,161.54,286.24,242.47,286.24,2,15.8,32,38,0,0,0,0,0,0,0,0,0,,0,0,0.0,0.0,0,0,0.0,0,0,0,0,0.0,0.0
B-202408-47938,Booked,Regional Healthcare System,Quarterly Business Review,Corporate,Hybrid,Full Package,Healthcare,Healthcare,Third-Party Planner,Medium,2024-05-29,2024-06-13,8,2024-08-16,2024-08-18,2,79,54,108,74,1,Half Ballroom,1,1,7,0.0,0.0,3,77.4,162.98,148.66,16055.28,1191.93,12285.92,29533.13,101,15014.66,1191.93,11700.88,27907.47,0.9351851851851852,158.12,,2024,8,2,66.2,33.8,0,125.78,155.3,281.08,0.0,281.08,2,9.3,49,54,0,0,1,2,2,16,1,0,1,Classroom,3,1,2.5,1191.93,1000,3600,5797.98,3,0,0,0,100.0,0.62
B-202408-83525,Booked,Energy Solutions,Executive Offsite,Corporate,In-person,Rooms Only,Technology,Other,Third-Party Planner,High,2024-05-26,2024-06-07,9,2024-08-17,2024-08-19,2,83,67,134,73,0,,0,0,3,1.0,20461.35,2,72.2,166.63,141.64,18979.76,0.0,0.0,18979.76,109,15438.76,0.0,0.0,15438.76,0.8134328358208955,0.0,,2024,8,4,74.4,25.6,1,133.62,133.85,267.47,231.21,133.85,2,3.0,65,67,0,0,0,0,0,0,0,0,0,,0,0,0.0,0.0,0,0,0.0,0,0,0,0,0.0,0.0
B-202408-52268,Booked,Nonprofit Foundation,Band Competition,SMERF,Hybrid,Full Package,Technology,Technology,Cvent,Low,2024-06-05,2024-07-03,15,2024-08-19,2024-08-21,2,75,37,74,42,1,Half Ballroom,1,0,13,0.0,0.0,3,72.8,158.2,137.54,10177.96,1212.82,1711.08,13101.86,59,8114.86,1212.82,1629.6,10957.28,0.7972972972972973,38.8,,2024,8,2,59.0,41.0,0,2.25,144.23,146.48,0.0,146.48,2,18.9,30,37,0,0,1,2,2,16,1,0,1,Banquet,1,0,1.0,1212.82,300,240,1729.65,1,0,0,0,100.0,0.35
B-202408-89152,Booked,Private Individual,Williams-Brown Wedding,Wedding/Social,In-person,Rooms Only,Social,Social/Private,Referral,Low,2023-09-24,2023-10-26,29,2024-08-19,2024-08-20,1,330,19,19,20,0,,0,0,3,0.0,0.0,2,65.2,169.75,146.32,2780.08,0.0,0.0,2780.08,11,1609.52,0.0,0.0,1609.52,0.5789473684210527,0.0,,2024,8,2,60.7,39.3,0,21.62,126.91,148.53,0.0,148.53,1,0.0,19,0,0,0,0,0,0,0,0,0,0,,0,0,0.0,0.0,0,0,0.0,0,0,0,0,0.0,0.0
B-202408-51652,Booked,Private Individual,Baby Shower Weekend,Wedding/Social,In-person,Full Package,Social,Social/Private,Sales Call,Low,2024-02-10,2024-03-31,41,2024-08-22,2024-08-23,1,194,46,46,53,1,Half Ballroom,1,1,9,0.0,0.0,1,72.0,168.54,155.0,7130.0,1069.09,7319.09,15518.18,25,3875.0,1069.09,6970.56,11914.65,0.5434782608695652,131.52,,2024,8,3,71.1,28.9,1,117.73,148.98,266.71,251.49,148.98,1,0.0,46,0,0,0,1,1,1,4,1,0,1,Reception,1,0,1.0,1069.09,150,1080,1594.22,1,0,1,1,0.0,0.44
B-202408-79152,Booked,Private Party,Charity Gala,Wedding/Social,In-person,Full Package,Social,Social/Private,RFP,Low,2023-10-31,2023-12-01,18,2024-08-22,2024-08-23,1,296,33,33,42,1,Half Ballroom,1,0,13,0.0,0.0,3,66.8,158.61,140.72,4643.76,871.91,5971.58,11487.25,19,2673.68,871.91,5687.22,9232.81,0.5757575757575758,135.41,,2024,8,2,55.7,44.3,0,13.77,135.91,149.68,0.0,149.68,1,0.0,33,0,0,0,1,1,1,4,1,0,1,Banquet,0,0,0.0,871.91,0,1320,1660.82,1,1,0,1,0.0,0.35
B-202408-85660,Booked,Private Party,Milestone Birthday Party,Wedding/Social,In-person,Rooms Only,Social,Social/Private,Cvent,Low,2023-11-25,2023-12-12,14,2024-08-22,2024-08-23,1,271,36,36,39,0,,0,0,3,0.0,0.0,1,71.1,160.08,132.71,4777.56,0.0,0.0,4777.56,20,2654.2,0.0,0.0,2654.2,0.5555555555555556,0.0,,2024,8,2,62.9,37.1,1,116.67,176.21,292.88,176.21,176.21,1,0.0,36,0,0,0,0,0,0,0,0,0,0,,0,0,0.0,0.0,0,0,0.0,0,0,0,0,0.0,0.0
B-202408-28894,Booked,Professional Engineers Society,Annual Member Conference,Association,Hybrid,Full Package,Association,Other,Direct Inquiry,Medium,2024-03-16,2024-04-17,18,2024-08-23,2024-08-26,3,160,27,81,35,1,Breakout Room,1,0,14,1.0,33682.41,3,74.5,159.62,146.72,11884.32,394.71,8455.07,20734.1,59,8656.48,394.71,8052.45,17103.64,0.7283950617283951,230.07,,2024,8,2,53.2,46.8,1,89.14,163.18,252.32,252.32,163.18,2,15.5,24,27,17,0,1,3,3,24,0,0,1,Theater,2,0,1.67,394.71,850,6790,10601.01,5,0,0,0,100.0,0.88
B-202408-48577,Booked,Global Industries,Quarterly Business Review,Corporate,Hybrid,Full Package,Technology,Other,Website,Medium,2024-05-17,2024-06-03,9,2024-08-23,2024-08-27,4,98,30,120,39,1,Breakout Room,1,0,8,0.0,0.0,2,70.0,166.28,137.35,16482.0,531.93,11790.32,28804.25,107,14696.45,531.93,11228.88,26457.26,0.8916666666666667,287.92,,2024,8,3,53.7,46.3,1,52.76,135.3,188.06,188.06,135.3,2,19.2,27,30,27,15,1,4,4,32,0,0,1,Classroom,3,1,1.75,531.93,1300,9720,14980.72,5,0,0,0,100.0,0.97
B-202408-99805,Booked,Social Event,Martinez-Garcia Wedding,Wedding/Social,In-person,Full Package,Social,Social/Private,RFP,Low,2023-09-26,2023-11-14,35,2024-08-23,2024-08-24,1,332,21,21,26,1,Breakout Room,1,1,14,1.0,9256.68,2,70.5,159.58,144.72,3039.12,500.77,3322.14,6862.03,11,1591.92,500.77,3163.94,5256.63,0.5238095238095238,121.69,,2024,8,2,65.8,34.2,1,64.82,187.94,252.76,252.76,187.94,1,0.0,21,0,0,0,1,2,1,8,0,0,1,Banquet,2,0,1.0,500.77,350,1170,2770.99,1,0,1,1,0.0,0.65
B-202408-20852,Booked,Global Industries,Quarterly Business Review,Corporate,Hybrid,Full Package,Technology,Other,Referral,Medium,2024-06-24,2024-07-20,14,2024-08-25,2024-08-27,2,62,46,92,58,1,Half Ballroom,1,0,12,0.0,0.0,1,75.1,160.33,139.03,12790.76,867.57,8694.69,22353.02,80,11122.4,867.57,8280.66,20270.63,0.8695652173913043,142.77,,2024,8,3,59.9,40.1,1,78.15,167.83,245.98,245.98,167.83,2,23.9,35,46,0,0,1,2,2,16,1,0,1,Banquet,3,1,3.0,867.57,1300,4176,6762.09,4,0,0,0,100.0,0.48
B-202408-92744,Booked,Professional Engineers Society,Board Retreat,Association,In-person,Meeting Only,Association,Other,RFP,Low,2023-12-27,2024-01-30,25,2024-08-25,2024-08-27,2,242,0,0,143,1,Grand Ballroom,0,1,9,1.0,24561.68,2,67.9,171.3,0.0,0.0,2535.43,23809.29,26344.72,0,0.0,2535.43,22675.51,25210.94,,158.57,,2024,8,0,0.0,0.0,0,0.0,0.0,0.0,0.0,0.0,0,0.0,0,0,0,0,2,2,2,16,1,0,1,Classroom,3,1,3.0,2535.43,1300,24882,31414.82,4,0,0,0,100.0,0.6
B-202408-36306,Booked,Family Celebration,Milestone Birthday Party,Wedding/Social,In-person,Full Package,Social,Social/Private,Direct Inquiry,Low,2023-11-21,2024-01-09,39,2024-08-26,2024-08-28,2,279,20,40,22,1,Breakout Room,1,0,10,1.0,15963.41,1,70.7,163.21,150.15,6006.0,471.02,2687.68,9164.7,21,3153.15,471.02,2559.7,6183.87,0.525,116.35,,2024,8,2,55.6,44.4,1,54.46,228.3,282.76,228.3,282.76,2,30.0,14,20,0,0,1,2,2,8,0,0,1,Reception,0,0,0.0,471.02,0,1210,2435.15,1,1,0,1,0.0,0.55
B-202408-42154,Booked,Legal Society,Professional Development Symposium,Association,In-person,Rooms Only,Legal,Legal,Sales Call,High,2023-10-25,2023-11-17,20,2024-08-26,2024-08-30,4,306,87,348,95,0,,0,0,3,0.0,0.0,3,73.0,159.79,132.97,46273.56,0.0,0.0,46273.56,244,32444.68,0.0,0.0,32444.68,0.7011494252873564,0.0,,2024,8,3,56.7,43.3,1,137.36,132.06,269.42,190.98,132.06,2,4.9,78,87,76,78,0,0,0,0,0,0,0,,0,0,0.0,0.0,0,0,0.0,0,0,0,0,0.0,0.0
B-202408-13666,Booked,Real Estate Board,Regional Chapter Meeting,Association,Virtual,Full Package,Government,Government,Sales Call,Medium,2024-03-28,2024-04-28,20,2024-08-27,2024-08-28,1,152,91,91,112,1,Half Ballroom,1,1,11,1.0,29571.32,4,70.8,161.52,144.51,13150.41,1569.78,3456.26,18176.45,66,9537.66,1569.78,3291.68,14399.12,0.7252747252747253,29.39,,2024,8,2,50.0,50.0,1,60.26,130.56,190.82,190.82,130.56,1,0.0,91,0,0,0,2,3,1,12,1,0,1,Classroom,2,0,1.33,1569.78,650,2292,3956.81,4,0,0,0,0.0,0.93
B-202408-23780,Booked,Industry Trade Group,Annual Member Conference,Association,In-person,Full Package,Trade/Manufacturing,Trade/Manufacturing,Direct Inquiry,Low,2023-12-24,2024-01-24,24,2024-08-27,2024-08-28,1,247,23,23,31,1,Breakout Room,1,0,7,0.0,0.0,1,72.2,164.32,143.89,3309.47,551.5,2200.38,6061.35,17,2446.13,551.5,2095.6,5093.23,0.7391304347826086,67.6,,2024,8,4,60.3,39.7,1,51.18,126.67,177.85,177.85,142.27,1,0.0,23,0,0,0,1,1,1,8,0,0,1,Theater,3,1,3.0,551.5,650,2697,4332.71,4,0,0,0,100.0,0.78
B-202408-24097,Booked,Private Party,Retirement Party,Wedding/Social,In-person,Full Package,Social,Social/Private,Referral,Low,2023-11-11,2023-12-07,15,2024-08-27,2024-08-28,1,290,10,10,12,1,Boardroom,1,1,11,0.0,0.0,1,73.3,163.02,144.98,1449.8,297.6,1573.74,3321.14,6,869.88,297.6,1498.8,2666.28,0.6,124.9,,2024,8,4,56.9,43.1,1,131.2,135.99,267.19,253.09,135.99,1,0.0,10,0,0,0,1,1,1,4,0,1,1,Boardroom,1,0,1.0,297.6,150,660,1368.71,1,1,0,1,0.0,0.86
B-202408-53743,Booked,Consulting Network,Management Training,Corporate,In-person,Full Package,Professional Services,Professional Services,Direct Inquiry,Medium,2024-05-28,2024-06-20,14,2024-08-27,2024-08-28,1,91,50,50,66,1,Half Ballroom,1,1,9,1.0,14060.65,2,69.5,166.33,145.86,7293.0,1318.95,2491.34,11103.29,39,5688.54,1318.95,2372.7,9380.19,0.78,35.95,,2024,8,3,57.4,42.6,0,6.71,146.97,153.68,0.0,146.97,1,0.0,50,0,0,0,2,1,1,8,1,0,1,Classroom,2,0,2.0,1318.95,350,720,1684.84,2,0,0,0,100.0,0.55
B-202408-61211,Booked,Real Estate Board,Regional Chapter Meeting,Association,Hybrid,Full Package,Government,Government,Direct Inquiry,Medium,2024-02-09,2024-03-15,28,2024-08-27,2024-08-30,3,200,45,135,62,1,Half Ballroom,1,0,7,1.0,49997.33,1,69.2,157.64,144.83,19552.05,899.53,15557.6,36009.18,92,13324.36,899.53,14816.76,29040.65,0.6814814814814815,238.98,,2024,8,3,70.3,29.7,1,140.98,142.57,283.55,172.39,142.57,2,5.5,39,45,43,0,1,3,3,24,1,0,1,Theater,3,1,2.0,899.53,1150,3200,6179.79,4,0,0,0,100.0,0.52
B-202408-66814,Booked,Premier Tours,Regional History Tour,SMERF,In-person,Rooms Only,Association,Association,Website,Medium,2024-06-17,2024-07-11,18,2024-08-27,2024-08-28,1,71,24,24,26,0,,0,0,6,0.0,0.0,2,71.8,168.53,154.96,3719.04,0.0,0.0,3719.04,21,3254.16,0.0,0.0,3254.16,0.875,0.0,,2024,8,4,70.8,29.2,1,130.32,140.13,270.45,219.3,140.13,1,0.0,24,0,0,0,0,0,0,0,0,0,0,,0,0,0.0,0.0,0,0,0.0,0,0,0,0,0.0,0.0
B-202408-67557,Booked,Retail Corporation,New Hire Orientation,Corporate,Hybrid,Meeting Only,Healthcare,Other,Referral,Low,2024-07-22,2024-08-10,12,2024-08-27,2024-08-29,2,36,0,0,80,1,Half Ballroom,0,0,7,0.0,0.0,2,65.9,164.83,0.0,0.0,1690.63,11586.96,13277.59,0,0.0,1690.63,11035.2,12725.83,,137.94,,2024,8,0,0.0,0.0,0,0.0,0.0,0.0,0.0,0.0,0,0.0,0,0,0,0,2,2,2,16,1,0,1,Banquet,2,0,1.5,1690.63,500,3648,5333.98,5,0,0,0,100.0,0.67
B-202408-52931,Booked,Legal Society,Board Retreat,Association,In-person,Meeting Only,Legal,Legal,Repeat Client,Medium,2023-12-24,2024-01-27,27,2024-08-29,2024-09-01,3,249,0,0,53,1,Half Ballroom,0,1,7,0.0,0.0,1,69.7,159.57,0.0,0.0,897.69,11591.34,12489.03,0,0.0,897.69,11039.37,11937.06,,208.29,,2024,8,0,0.0,0.0,0,0.0,0.0,0.0,0.0,0.0,0,0.0,0,0,0,0,1,3,3,24,1,0,1,Classroom,2,0,1.67,897.69,850,4140,6761.37,4,0,0,0,100.0,0.44
B-202408-16880,Booked,Pharmaceutical Partners,Town Hall Meeting,Corporate,Hybrid,Full Package,Healthcare,Healthcare,Direct Inquiry,Medium,2024-06-26,2024-07-15,11,2024-08-30,2024-09-01,2,65,49,98,66,1,Half Ballroom,1,1,8,0.0,0.0,3,64.3,165.5,151.55,14851.9,1853.45,10367.28,27072.63,78,11820.9,1853.45,9873.6,23547.95,0.7959183673469388,149.6,,2024,8,4,73.0,27.0,1,44.0,132.06,176.06,176.06,132.06,2,2.0,48,49,0,0,2,2,2,16,1,0,1,Theater,1,0,1.0,1853.45,300,3360,4833.86,5,0,0,0,100.0,0.55
B-202408-45477,Booked,Personal Event,Baby Shower Weekend,Wedding/Social,Hybrid,Full Package,Social,Social/Private,Cvent,Low,2023-11-24,2024-01-03,29,2024-08-31,2024-09-01,1,281,31,31,43,1,Half Ballroom,1,0,11,1.0,14407.73,2,87.0,201.91,178.25,5525.75,1330.47,4714.56,11570.78,19,3386.75,1330.47,4490.06,9207.28,0.6129032258064516,104.42,,2024,8,2,50.9,49.1,1,33.06,141.69,174.75,174.75,141.69,1,0.0,31,0,0,0,1,2,1,8,1,0,1,Banquet,2,0,1.0,1330.47,350,1320,2332.74,1,1,0,1,0.0,0.36
B-202408-86499,Booked,Industry Trade Group,Professional Development Symposium,Association,Hybrid,Meeting Only,Trade/Manufacturing,Trade/Manufacturing,Referral,Medium,2024-02-20,2024-03-15,18,2024-08-31,2024-09-03,3,193,0,0,64,1,Half Ballroom,0,0,6,1.0,25490.19,1,81.5,191.11,0.0,0.0,1459.82,14034.05,15493.87,0,0.0,1459.82,13365.76,14825.58,,208.84,,2024,8,0,0.0,0.0,0,0.0,0.0,0.0,0.0,0.0,0,0.0,0,0,0,0,2,3,3,24,1,0,1,Classroom,3,1,2.33,1459.82,1350,3180,6406.14,5,0,0,0,100.0,0.53
B-202408-96372,Booked,Faith Community,School District Meeting,SMERF,In-person,Rooms Only,Other,Other,Sales Call,Low,2024-03-23,2024-04-17,20,2024-08-31,2024-09-01,1,161,21,21,23,0,,0,0,5,0.0,0.0,1,86.1,192.01,161.08,3382.68,0.0,0.0,3382.68,18,2899.44,0.0,0.0,2899.44,0.8571428571428571,0.0,,2024,8,2,53.8,46.2,1,107.55,130.22,237.77,237.77,130.22,1,0.0,21,0,0,0,0,0,0,0,0,0,0,,0,0,0.0,0.0,0,0,0.0,0,0,0,0,0.0,0.0
B-202409-14424,Booked,Consulting Network,Town Hall Meeting,Corporate,In-person,Full Package,Professional Services,Professional Services,Repeat Client,High,2024-06-27,2024-07-14,10,2024-09-01,2024-09-03,2,66,68,136,80,1,Half Ballroom,1,0,7,0.0,0.0,1,92.0,203.79,174.11,23678.96,1455.08,13512.24,38646.28,126,21937.86,1455.08,12868.8,36261.74,0.9264705882352942,160.86,,2024,9,3,60.7,39.3,1,65.03,151.63,216.66,216.66,151.63,2,10.3,61,68,0,0,2,2,2,16,1,0,1,Classroom,3,1,2.5,1455.08,1000,3600,5803.05,3,0,0,0,100.0,0.67
B-202409-15209,Booked,Retail Corporation,New Hire Orientation,Corporate,Hybrid,Meeting Only,Finance,Other,Cvent,Low,2024-07-09,2024-07-26,7,2024-09-01,2024-09-03,2,54,0,0,93,1,Half Ballroom,0,1,10,1.0,17705.45,4,90.3,205.73,0.0,0.0,1195.82,5637.33,6833.15,0,0.0,1195.82,5368.89,6564.71,,57.73,,2024,9,0,0.0,0.0,0,0.0,0.0,0.0,0.0,0.0,0,0.0,0,0,0,0,2,5,2,24,1,0,1,Theater,2,0,1.6,1195.82,1350,3690,6942.77,5,0,0,0,20.0,0.78
B-202409-56312,Booked,Family Celebration,Engagement Party,Wedding/Social,In-person,Rooms Only,Social,Social/Private,Referral,Medium,2024-01-08,2024-01-30,15,2024-09-01,2024-09-03,2,237,55,110,60,0,,0,1,7,1.0,17357.49,2,91.0,207.8,189.4,20834.0,0.0,0.0,20834.0,67,12689.8,0.0,0.0,12689.8,0.6090909090909091,0.0,,2024,9,3,53.7,46.3,1,129.91,154.16,284.07,229.09,284.07,2,7.3,51,55,0,0,0,0,0,0,0,0,0,,0,0,0.0,0.0,0,0,0.0,0,0,0,0,0.0,0.0
B-202409-55587,Booked,State Medical Association,Awards Gala Weekend,Association,Hybrid,Full Package,Healthcare,Healthcare,Referral,Medium,2023-12-11,2024-01-13,20,2024-09-02,2024-09-04,2,266,68,136,93,1,Half Ballroom,1,1,13,0.0,0.0,1,81.6,176.7,157.24,21384.64,1697.74,5692.02,28774.4,97,15252.28,1697.74,5420.97,22370.99,0.7132352941176471,58.29,,2024,9,3,72.4,27.6,0,29.84,136.6,166.44,0.0,136.6,2,8.8,62,68,0,0,2,5,2,24,1,0,1,Classroom,3,1,2.0,1697.74,1850,3044,6806.49,5,0,0,0,20.0,0.78
B-202409-41640,Booked,Regional Healthcare System,Leadership Summit,Corporate,In-person,Full Package,Healthcare,Healthcare,Referral,Medium,2024-05-30,2024-06-23,13,2024-09-03,2024-09-05,2,96,47,94,64,1,Half Ballroom,1,0,11,1.0,29810.58,3,80.1,172.46,153.94,14470.36,814.73,10548.38,25833.47,80,12315.2,814.73,10046.08,23176.01,0.851063829787234,156.97,,2024,9,3,50.0,50.0,1,129.33,163.91,293.24,227.73,163.91,2,14.9,40,47,0,0,1,2,2,16,1,0,1,Classroom,3,1,3.0,814.73,1300,3648,6117.52,5,0,0,0,100.0,0.53
B-202409-43817,Booked,Energy Solutions,Executive Offsite,Corporate,Hybrid,Full Package,Technology,Other,Website,Low,2024-06-25,2024-07-14,11,2024-09-03,2024-09-05,2,70,5,10,5,1,Boardroom,1,0,8,0.0,0.0,1,74.9,168.63,156.62,1566.2,362.73,866.62,2795.55,8,1252.96,362.73,825.35,2441.04,0.8,165.07,,2024,9,2,74.4,25.6,1,99.35,194.35,293.7,194.35,194.35,2,40.0,3,5,0,0,1,2,2,16,0,1,1,Boardroom,3,1,2.5,362.73,1000,710,3810.87,4,0,0,0,100.0,0.36
B-202409-76275,Booked,Private Party,Charity Gala,Wedding/Social,In-person,Full Package,Social,Social/Private,Website,Medium,2023-12-04,2024-01-11,25,2024-09-03,2024-09-05,2,274,45,90,61,1,Half Ballroom,1,1,13,0.0,0.0,2,76.4,171.43,152.02,13681.8,821.92,8649.31,23153.03,50,7601.0,821.92,8237.44,16660.36,0.5555555555555556,135.04,,2024,9,3,53.0,47.0,0,136.51,146.07,282.58,0.0,146.07,2,4.4,43,45,0,0,1,2,2,8,1,0,1,Reception,2,0,1.0,821.92,350,1320,2378.46,1,1,0,1,0.0,0.51
B-202409-34150,Booked,TechCorp Solutions,Innovation Workshop,Corporate,In-person,Full Package,Technology,Technology,Third-Party Planner,Low,2024-06-05,2024-06-27,14,2024-09-04,2024-09-05,1,91,29,29,39,1,Breakout Room,1,1,8,0.0,0.0,2,80.7,173.32,148.79,4314.91,456.59,3439.39,8210.89,25,3719.75,456.59,3275.61,7451.95,0.8620689655172413,83.99,,2024,9,4,72.4,27.6,1,93.23,128.89,222.12,222.12,128.89,1,0.0,29,0,0,0,1,1,1,8,0,0,1,Classroom,1,0,1.0,456.59,150,2340,3405.53,3,0,0,0,100.0,0.97
B-202409-96609,Booked,Personal Event,Baby Shower Weekend,Wedding/Social,In-person,Full Package,Social,Social/Private,Direct Inquiry,Low,2023-09-05,2023-10-26,37,2024-09-04,2024-09-05,1,365,29,29,39,1,Breakout Room,1,1,14,1.0,10766.55,2,81.8,169.14,140.76,4082.04,492.47,4939.8,9514.31,16,2252.16,492.47,4704.57,7449.2,0.5517241379310345,120.63,,2024,9,3,57.0,43.0,0,142.56,132.27,274.83,0.0,133.6,1,0.0,29,0,0,0,1,2,1,8,0,0,1,Banquet,1,0,0.5,492.47,150,1755,3103.54,1,0,1,1,0.0,0.97
B-202409-89556,Booked,Youth Organization,Charity Fundraiser,SMERF,In-person,Full Package,SMERF,Social/Community,Referral,Low,2024-04-19,2024-05-19,17,2024-09-05,2024-09-06,1,139,32,32,38,1,Breakout Room,1,0,13,1.0,9374.3,3,78.2,172.32,153.83,4922.56,584.23,1767.97,7274.76,26,3999.58,584.23,1683.78,6267.59,0.8125,44.31,,2024,9,4,66.4,33.6,1,136.14,137.33,273.47,174.8,137.33,1,0.0,32,0,0,0,1,1,1,8,0,0,1,Classroom,2,0,2.0,584.23,350,1692,3028.42,2,0,0,0,100.0,0.95
B-202409-53202,Booked,TechCorp Solutions,Town Hall Meeting,Corporate,In-person,Full Package,Technology,Technology,Cvent,Low,2024-04-21,2024-05-12,9,2024-09-07,2024-09-08,1,139,42,42,49,1,Half Ballroom,1,1,12,0.0,0.0,1,84.6,172.84,153.01,6426.42,938.67,4008.47,11373.56,37,5661.37,938.67,3817.59,10417.63,0.8809523809523809,77.91,,2024,9,3,56.7,43.3,1,82.97,182.6,265.57,220.8,265.57,1,0.0,42,0,0,0,1,1,1,8,1,0,1,Theater,2,0,2.0,938.67,350,1248,2254.53,3,0,0,0,100.0,0.41
B-202409-86373,Booked,Accounting Institute,Awards Gala Weekend,Association,In-person,Full Package,Finance,Finance,Website,High,2024-01-14,2024-02-20,28,2024-09-07,2024-09-09,2,237,87,174,112,1,Half Ballroom,1,0,9,0.0,0.0,1,79.1,170.86,143.94,25045.56,961.49,7166.54,33173.59,116,16697.04,961.49,6825.28,24483.81,0.6666666666666666,60.94,,2024,9,2,73.0,27.0,1,27.78,154.48,182.26,182.26,154.48,2,10.3,78,87,0,0,1,4,2,24,1,0,1,Theater,2,0,2.0,961.49,1400,3060,6258.64,4,0,0,0,50.0,0.93
B-202409-87151,Booked,Youth Organization,Youth Group Gathering,SMERF,Virtual,Full Package,SMERF,Social/Community,Direct Inquiry,Medium,2024-05-31,2024-06-30,19,2024-09-08,2024-09-09,1,100,69,69,80,1,Half Ballroom,1,0,11,0.0,0.0,3,82.2,170.21,154.78,10679.82,1316.53,1486.8,13483.15,56,8667.68,1316.53,1416.0,11400.21,0.8115942028985508,17.7,,2024,9,3,52.9,47.1,0,128.21,138.01,266.22,0.0,138.01,1,0.0,69,0,0,0,2,2,1,8,1,0,1,Theater,2,0,2.0,1316.53,700,240,1587.73,1,0,0,0,0.0,0.67
B-202409-71585,Booked,Global Industries,Strategic Planning Retreat,Corporate,In-person,Full Package,Healthcare,Other,Sales Call,Low,2024-06-25,2024-07-20,13,2024-09-09,2024-09-10,1,76,30,30,34,1,Breakout Room,1,1,12,1.0,10712.67,2,79.9,164.67,147.87,4436.1,524.08,1548.67,6508.85,24,3548.88,524.08,1474.92,5547.88,0.8,43.38,,2024,9,3,60.9,39.1,1,106.32,165.96,272.28,233.36,165.96,1,0.0,30,0,0,0,1,1,1,8,0,0,1,Classroom,3,1,3.0,524.08,650,1360,3092.64,2,0,0,0,100.0,0.85
B-202409-24728,Booked,Legal Society,Networking Summit,Association,In-person,Full Package,Legal,Legal,RFP,Medium,2024-03-31,2024-04-24,15,2024-09-10,2024-09-13,3,163,31,93,38,1,Breakout Room,1,1,9,1.0,30830.65,3,72.7,179.26,160.58,14933.94,586.52,8124.84,23645.3,73,11722.34,586.52,7737.94,20046.8,0.7849462365591398,203.63,,2024,9,3,73.0,27.0,1,77.99,137.12,215.11,215.11,137.12,2,16.1,27,31,19,0,1,3,3,24,0,0,1,Theater,2,0,1.33,586.52,650,8532,12045.29,4,0,0,0,100.0,0.95
B-202409-51756,Booked,Retail Corporation,Performance Review Summit,Corporate,Virtual,Full Package,Healthcare,Other,Sales Call,Medium,2024-08-11,2024-09-01,9,2024-09-10,2024-09-12,2,30,73,146,101,1,Half Ballroom,1,0,12,0.0,0.0,2,79.6,176.87,155.35,22681.1,928.65,6916.58,30526.33,126,19574.1,928.65,6587.22,27089.97,0.863013698630137,65.22,,2024,9,2,53.9,46.1,0,127.68,147.14,274.82,0.0,147.14,2,12.3,64,73,0,0,1,5,2,24,1,0,1,Theater,3,1,2.6,928.65,2650,4224,8805.6,5,0,0,0,20.0,0.84
B-202409-93200,Booked,Regional Healthcare System,Product Launch Event,Corporate,In-person,Full Package,Healthcare,Healthcare,RFP,Low,2024-06-18,2024-07-10,11,2024-09-10,2024-09-11,1,84,37,37,51,1,Half Ballroom,1,0,11,0.0,0.0,1,80.1,172.92,146.84,5433.08,1173.03,4211.71,10817.82,32,4698.88,1173.03,4011.15,9883.06,0.8648648648648649,78.65,,2024,9,3,51.4,48.6,1,134.41,146.22,280.63,170.47,170.47,1,0.0,37,0,0,0,1,1,1,8,1,0,1,Banquet,2,0,2.0,1173.03,350,2088,3017.7,4,0,0,0,100.0,0.42
B-202409-57443,Booked,Manufacturing Alliance,Sales Kickoff,Corporate,In-person,Meeting Only,Finance,Other,Third-Party Planner,Low,2024-05-21,2024-06-05,8,2024-09-11,2024-09-12,1,113,0,0,83,1,Half Ballroom,0,1,7,1.0,10681.73,1,79.4,173.71,0.0,0.0,1095.55,2477.67,3573.22,0,0.0,1095.55,2359.69,3455.24,,28.43,,2024,9,0,0.0,0.0,0,0.0,0.0,0.0,0.0,0.0,0,0.0,0,0,0,0,1,2,1,12,1,0,1,Classroom,3,1,2.5,1095.55,1000,1224,3155.77,3,0,0,0,50.0,0.69
B-202409-91465,Booked,Veterans Group,Community Theater Production,SMERF,Virtual,Meeting Only,Government,Government,Direct Inquiry,Low,2024-05-12,2024-06-08,18,2024-09-11,2024-09-12,1,122,0,0,135,1,Grand Ballroom,0,1,9,0.0,0.0,2,81.9,165.05,0.0,0.0,2155.22,2632.3,4787.52,0,0.0,2155.22,2506.95,4662.17,,18.57,,2024,9,0,0.0,0.0,0,0.0,0.0,0.0,0.0,0.0,0,0.0,0,0,0,0,1,2,1,8,1,0,1,Classroom,2,0,1.5,2155.22,500,1440,4940.58,1,0,0,0,0.0,0.56
B-202409-29669,Booked,State Medical Association,Networking Summit,Association,In-person,Full Package,Healthcare,Healthcare,Cvent,High,2023-12-04,2024-01-01,18,2024-09-12,2024-09-15,3,283,33,99,36,1,Breakout Room,1,0,10,1.0,26503.1,3,76.1,171.49,146.01,14454.99,383.66,7763.36,22602.01,69,10074.69,383.66,7393.68,17852.03,0.696969696969697,205.38,,2024,9,3,74.1,25.9,1,144.04,136.34,280.38,222.05,136.34,2,11.2,24,33,29,0,1,3,3,24,0,0,1,Classroom,3,1,2.33,383.66,1350,7380,11740.29,5,0,0,0,100.0,0.9
B-202409-29450,Booked,Private Individual,Martinez-Garcia Wedding,Wedding/Social,In-person,Full Package,Social,Social/Private,Sales Call,Low,2023-11-04,2023-12-12,30,2024-09-14,2024-09-15,1,315,28,28,34,1,Breakout Room,1,0,8,1.0,14222.77,3,91.3,202.03,167.99,4703.72,527.34,5023.35,10254.41,18,3023.82,527.34,4784.14,8335.3,0.6428571428571429,140.71,,2024,9,2,58.9,41.1,0,3.33,129.24,132.57,0.0,129.24,1,0.0,28,0,0,0,1,2,1,8,0,0,1,Banquet,2,0,1.0,527.34,350,1530,3065.76,1,0,1,1,0.0,0.85
B-202409-82029,Booked,Technology Innovators,Regional Team Meeting,Corporate,Hybrid,Full Package,Technology,Technology,Cvent,Medium,2024-08-12,2024-08-31,7,2024-09-14,2024-09-17,3,33,37,111,41,1,Half Ballroom,1,0,12,1.0,35290.23,4,89.6,197.18,170.19,18891.09,1390.19,9552.36,29833.64,94,15997.86,1390.19,9097.49,26485.54,0.8468468468468469,221.89,,2024,9,2,61.9,38.1,1,48.34,140.89,189.23,189.23,140.89,2,4.6,33,37,36,0,1,3,3,24,1,0,1,Classroom,2,0,1.67,1390.19,850,4392,7179.71,3,0,0,0,100.0,0.34
B-202409-33601,Booked,HR Professionals Network,Industry Forum,Association,In-person,Full Package,Professional Services,Professional Services,Website,Medium,2023-12-23,2024-01-23,20,2024-09-16,2024-09-19,3,268,40,120,54,1,Half Ballroom,1,1,11,0.0,0.0,3,75.9,170.24,151.47,18176.4,1348.91,11984.68,31509.99,90,13632.3,1348.91,11413.98,26395.19,0.75,211.37,,2024,9,2,68.5,31.5,1,41.41,147.61,189.02,189.02,147.61,2,8.2,32,40,37,0,1,3,3,24,1,0,1,Classroom,2,0,1.33,1348.91,650,2480,4980.39,4,0,0,0,100.0,0.45
B-202409-95240,Booked,Premier Tours,Heritage Tour Group,Corporate,In-person,Rooms Only,Technology,Technology,Direct Inquiry,Low,2024-05-23,2024-06-12,14,2024-09-16,2024-09-18,2,116,13,26,14,0,,0,0,6,1.0,4400.21,2,84.7,167.21,152.76,3971.76,0.0,0.0,3971.76,25,3819.0,0.0,0.0,3819.0,0.9615384615384616,0.0,,2024,9,2,63.5,36.5,1,45.58,191.58,237.16,237.16,191.58,2,38.5,8,13,0,0,0,0,0,0,0,0,0,,0,0,0.0,0.0,0,0,0.0,0,0,0,0,0.0,0.0
B-202409-96060,Booked,Education Foundation,Educational Seminar Series,Association,Hybrid,Full Package,Education,Education,Sales Call,Medium,2023-11-03,2023-12-04,18,2024-09-16,2024-09-19,3,318,41,123,46,1,Half Ballroom,1,0,13,1.0,30044.15,1,84.0,170.27,153.75,18911.25,1199.9,12122.82,32233.97,87,13376.25,1199.9,11545.54,26121.69,0.7073170731707317,250.99,,2024,9,2,57.4,42.6,1,43.0,142.76,185.76,185.76,142.76,2,5.0,36,41,38,0,1,3,3,24,1,0,1,Banquet,3,1,2.0,1199.9,1150,4820,7791.61,5,0,0,0,100.0,0.38
B-202409-63609,Booked,Dental Association,Annual Member Conference,Association,In-person,Full Package,Healthcare,Healthcare,Referral,Medium,2024-03-01,2024-04-08,26,2024-09-17,2024-09-19,2,200,46,92,58,1,Half Ballroom,1,0,12,1.0,29583.65,2,78.6,173.81,147.13,13535.96,1398.59,8568.02,23502.57,71,10446.23,1398.59,8160.02,20004.84,0.7717391304347826,140.69,,2024,9,4,64.2,35.8,1,113.06,136.62,249.68,249.68,136.62,2,19.6,37,46,0,0,1,2,2,16,1,0,1,Classroom,1,0,1.0,1398.59,300,3480,4974.52,4,0,0,0,100.0,0.48
B-202409-76982,Booked,Private Individual,Family Reunion Weekend,Wedding/Social,In-person,Full Package,Social,Social/Private,Repeat Client,Medium,2023-10-03,2023-11-20,35,2024-09-17,2024-09-19,2,350,39,78,45,1,Half Ballroom,1,1,13,1.0,27766.04,1,77.0,172.85,156.57,12212.46,1324.94,6099.5,19636.9,47,7358.79,1324.94,5809.05,14492.78,0.6025641025641025,129.09,,2024,9,3,51.4,48.6,1,110.81,178.13,288.94,245.86,178.13,2,30.8,27,39,0,0,1,2,2,8,1,0,1,Banquet,0,0,0.0,1324.94,0,1080,1760.41,1,0,1,1,0.0,0.38
B-202409-79174,Booked,Social Event,Charity Gala,Wedding/Social,In-person,Full Package,Social,Social/Private,Sales Call,Low,2023-10-05,2023-11-10,29,2024-09-18,2024-09-19,1,349,23,23,29,1,Breakout Room,1,0,7,0.0,0.0,1,78.2,172.33,149.7,3443.1,524.61,3201.51,7169.22,13,1946.1,524.61,3049.06,5519.77,0.5652173913043478,105.14,,2024,9,3,51.4,48.6,1,74.17,151.77,225.94,225.94,151.77,1,0.0,23,0,0,0,1,2,1,8,0,0,1,Reception,2,0,1.5,524.61,500,1595,3236.1,1,1,0,1,0.0,0.72
B-202409-12954,Booked,Industry Trade Group,Committee Meeting,Association,In-person,Meeting Only,Trade/Manufacturing,Trade/Manufacturing,Direct Inquiry,Medium,2024-02-20,2024-03-12,16,2024-09-20,2024-09-23,3,213,0,0,130,1,Grand Ballroom,0,0,5,0.0,0.0,2,75.0,176.04,0.0,0.0,1965.73,28771.47,30737.2,0,0.0,1965.73,27401.4,29367.13,,210.78,,2024,9,0,0.0,0.0,0,0.0,0.0,0.0,0.0,0.0,0,0.0,0,0,0,0,1,3,3,24,1,0,1,Classroom,3,1,2.33,1965.73,1350,25350,34480.14,4,0,0,0,100.0,0.54
B-202409-38553,Booked,Pharmaceutical Partners,Annual Sales Conference,Corporate,In-person,Rooms Only,Healthcare,Healthcare,RFP,Low,2024-06-29,2024-07-19,14,2024-09-21,2024-09-22,1,84,45,45,49,0,,0,0,6,0.0,0.0,1,78.5,169.64,145.9,6565.5,0.0,0.0,6565.5,38,5544.2,0.0,0.0,5544.2,0.8444444444444444,0.0,,2024,9,4,65.4,34.6,0,156.02,125.09,281.11,0.0,144.54,1,0.0,45,0,0,0,0,0,0,0,0,0,0,,0,0,0.0,0.0,0,0,0.0,0,0,0,0,0.0,0.0
B-202409-42232,Booked,Professional Services Group,New Hire Orientation,Corporate,In-person,Full Package,Technology,Other,Direct Inquiry,Low,2024-07-05,2024-07-23,8,2024-09-21,2024-09-22,1,78,37,37,47,1,Half Ballroom,1,1,10,1.0,12236.83,2,74.8,168.16,152.96,5659.52,1272.83,1947.35,8879.7,34,5200.64,1272.83,1854.62,8328.09,0.918918918918919,39.46,,2024,9,2,64.8,35.2,1,60.72,221.07,281.79,221.07,281.79,1,0.0,37,0,0,0,1,1,1,8,1,0,1,Classroom,2,0,2.0,1272.83,350,1272,2185.21,2,0,0,0,100.0,0.39
B-202409-58094,Booked,Social Event,Charity Gala,Wedding/Social,In-person,Full Package,Social,Social/Private,RFP,Low,2023-12-01,2024-01-17,36,2024-09-23,2024-09-24,1,297,13,13,15,1,Breakout Room,1,1,11,0.0,0.0,4,82.9,176.26,157.89,2052.57,489.2,1654.54,4196.31,8,1263.12,489.2,1575.75,3328.07,0.6153846153846154,105.05,,2024,9,2,59.2,40.8,1,51.69,128.11,179.8,179.8,128.11,1,0.0,13,0,0,0,1,2,1,8,0,0,1,Banquet,1,0,0.5,489.2,150,825,2221.72,1,1,0,1,0.0,0.38
B-202409-64808,Booked,Energy Solutions,Customer Advisory Board,Corporate,In-person,Rooms Only,Finance,Other,Third-Party Planner,Low,2024-07-03,2024-07-13,7,2024-09-23,2024-09-26,3,82,27,81,29,0,,0,1,3,1.0,12614.48,2,80.9,168.51,142.77,11564.37,0.0,0.0,11564.37,76,10850.52,0.0,0.0,10850.52,0.9382716049382716,0.0,,2024,9,2,63.3,36.7,1,92.78,152.52,245.3,245.3,152.52,2,15.2,23,27,17,0,0,0,0,0,0,0,0,,0,0,0.0,0.0,0,0,0.0,0,0,0,0,0.0,0.0
B-202409-26088,Booked,Veterans Group,Fraternity/Sorority Reunion,SMERF,In-person,Full Package,Government,Government,Referral,Low,2024-06-22,2024-07-19,19,2024-09-24,2024-09-26,2,94,43,86,56,1,Half Ballroom,1,0,8,1.0,25150.99,1,72.7,172.61,145.1,12478.6,1274.93,1939.22,15692.75,67,9721.7,1274.93,1846.88,12843.51,0.7790697674418605,32.98,,2024,9,3,51.8,48.2,0,141.67,143.79,285.46,0.0,143.79,2,27.9,31,43,0,0,1,4,2,16,1,0,1,Classroom,2,0,1.5,1274.93,1050,240,2684.01,1,0,0,0,0.0,0.47
B-202409-26538,Booked,Nonprofit Foundation,High School Reunion,SMERF,In-person,Rooms Only,Technology,Technology,Sales Call,Low,2024-05-21,2024-06-10,17,2024-09-24,2024-09-25,1,126,26,26,28,0,,0,1,3,0.0,0.0,2,80.9,176.55,163.15,4241.9,0.0,0.0,4241.9,21,3426.15,0.0,0.0,3426.15,0.8076923076923077,0.0,,2024,9,4,53.4,46.6,1,166.28,125.91,292.19,190.68,143.33,1,0.0,26,0,0,0,0,0,0,0,0,0,0,,0,0,0.0,0.0,0,0,0.0,0,0,0,0,0.0,0.0
B-202409-56525,Booked,Energy Solutions,Management Training,Corporate,In-person,Full Package,Technology,Other,Repeat Client,High,2024-07-17,2024-07-31,7,2024-09-24,2024-09-25,1,69,70,70,96,1,Half Ballroom,1,0,7,0.0,0.0,1,77.9,169.11,151.61,10612.7,907.06,3347.57,14867.33,57,8641.77,907.06,3188.16,12736.99,0.8142857142857143,33.21,,2024,9,3,73.2,26.8,1,92.82,188.07,280.89,242.26,242.26,1,0.0,70,0,0,0,1,2,1,12,1,0,1,Classroom,3,1,2.5,907.06,1000,2406,4318.83,4,0,0,0,50.0,0.8
B-202409-76764,Booked,Education Foundation,State Convention,Association,In-person,Full Package,Education,Education,Cvent,High,2024-01-14,2024-02-23,26,2024-09-24,2024-09-26,2,254,120,240,137,1,Grand Ballroom,1,0,14,1.0,82222.17,3,76.0,167.78,151.61,36386.4,2399.98,20449.72,59236.1,166,25167.26,2399.98,19475.92,47043.16,0.6916666666666667,142.16,,2024,9,4,54.3,45.7,1,110.57,139.44,250.01,250.01,139.44,2,8.3,110,120,0,0,2,2,2,16,1,0,1,Theater,3,1,2.5,2399.98,1000,19180,25280.87,4,0,0,0,100.0,0.57
B-202409-54241,Booked,Global Industries,Executive Offsite,Corporate,Hybrid,Full Package,Technology,Other,Third-Party Planner,Low,2024-07-31,2024-08-24,11,2024-09-25,2024-09-27,2,56,23,46,28,1,Breakout Room,1,1,13,0.0,0.0,2,84.7,163.7,141.47,6507.62,558.0,4645.2,11710.82,39,5517.33,558.0,4424.0,10499.33,0.8478260869565217,158.0,,2024,9,2,68.4,31.6,1,15.49,164.5,179.99,179.99,164.5,2,8.7,21,23,0,0,1,2,2,16,0,0,1,Classroom,3,1,2.5,558.0,1000,3612,6581.42,5,0,0,0,100.0,0.7
B-202409-39155,Booked,Youth Athletics,Volunteer Training,SMERF,In-person,Full Package,SMERF,Social/Community,Website,Low,2024-06-24,2024-07-22,14,2024-09-26,2024-09-27,1,94,16,16,19,1,Breakout Room,1,0,14,0.0,0.0,3,75.1,175.01,158.79,2540.64,572.76,744.73,3858.13,13,2064.27,572.76,709.27,3346.3,0.8125,37.33,,2024,9,4,60.7,39.3,1,39.14,138.38,177.52,177.52,153.9,1,0.0,16,0,0,0,1,1,1,8,0,0,1,Classroom,1,0,1.0,572.76,150,893,2081.27,2,0,0,0,100.0,0.47
B-202409-66034,Booked,Insurance Federation,Networking Summit,Association,In-person,Full Package,Finance,Finance,Cvent,High,2023-12-31,2024-02-02,20,2024-09-26,2024-09-28,2,270,80,160,108,1,Half Ballroom,1,1,13,1.0,46154.72,1,73.5,168.31,139.88,22380.8,1775.11,6544.31,30700.22,104,14547.52,1775.11,6232.68,22555.31,0.65,57.71,,2024,9,4,60.1,39.9,1,50.56,131.14,181.7,181.7,132.82,2,10.0,72,80,0,0,2,5,2,24,1,0,1,Theater,3,1,2.2,1775.11,2150,3288,7345.45,5,0,0,0,20.0,0.9
B-202409-17425,Booked,Private Individual,Baby Shower Weekend,Wedding/Social,In-person,Full Package,Social,Social/Private,Third-Party Planner,Low,2024-01-08,2024-01-31,16,2024-09-27,2024-09-28,1,263,26,26,32,1,Breakout Room,1,1,7,0.0,0.0,3,78.8,169.94,143.78,3738.28,517.95,4632.43,8888.66,15,2156.7,517.95,4411.84,7086.49,0.5769230769230769,137.87,,2024,9,2,67.4,32.6,1,122.48,172.37,294.85,172.37,294.85,1,0.0,26,0,0,0,1,1,1,4,0,0,1,Banquet,1,0,1.0,517.95,150,1760,2461.37,1,1,0,1,0.0,0.8
B-202409-26705,Booked,Personal Event,Williams-Brown Wedding,Wedding/Social,In-person,Full Package,Social,Social/Private,Sales Call,Low,2024-04-12,2024-05-05,16,2024-09-29,2024-10-01,2,170,26,52,34,1,Breakout Room,1,0,7,0.0,0.0,2,89.6,209.36,172.24,8956.48,521.71,4134.06,13612.25,30,5167.2,521.71,3937.2,9626.11,0.5769230769230769,115.8,,2024,9,2,51.0,49.0,1,50.2,143.06,193.26,193.26,143.06,2,19.2,21,26,0,0,1,3,2,12,0,0,1,Banquet,2,0,1.0,521.71,500,1530,3741.12,1,0,1,1,0.0,0.85
B-202409-44479,Booked,Global Industries,Board of Directors Meeting,Corporate,Virtual,Rooms Only,Technology,Other,RFP,Medium,2024-07-19,2024-08-06,14,2024-09-29,2024-10-01,2,72,62,124,68,0,,0,0,4,1.0,20459.2,3,92.9,204.1,181.03,22447.72,0.0,0.0,22447.72,110,19913.3,0.0,0.0,19913.3,0.8870967741935484,0.0,,2024,9,2,63.0,37.0,1,95.56,136.98,232.54,232.54,136.98,2,12.9,54,62,0,0,0,0,0,0,0,0,0,,0,0,0.0,0.0,0,0,0.0,0,0,0,0,0.0,0.0
B-202409-35712,Booked,Industry Trade Group,Board Retreat,Association,In-person,Full Package,Trade/Manufacturing,Trade/Manufacturing,Direct Inquiry,Low,2024-01-14,2024-02-10,20,2024-09-30,2024-10-01,1,260,58,58,74,1,Half Ballroom,1,1,7,1.0,23279.45,1,78.9,169.44,148.6,8618.8,878.37,6190.36,15687.53,44,6538.4,878.37,5895.58,13312.35,0.7586206896551724,79.67,,2024,9,2,65.2,34.8,1,54.14,166.87,221.01,221.01,166.87,1,0.0,58,0,0,0,1,1,1,8,1,0,1,Classroom,2,0,2.0,878.37,350,1300,2253.88,3,0,0,0,100.0,0.62
B-202409-73636,Booked,Nursing Council,Member Appreciation Event,Association,Virtual,Full Package,Healthcare,Healthcare,Referral,Medium,2024-04-24,2024-05-24,19,2024-09-30,2024-10-02,2,159,59,118,70,1,Half Ballroom,1,0,11,1.0,42472.26,2,81.9,164.85,137.78,16258.04,879.59,12234.81,29372.44,81,11160.18,879.59,11652.2,23691.97,0.6864406779661016,166.46,,2024,9,4,69.0,31.0,1,133.75,131.86,265.61,188.68,131.86,2,16.9,49,59,0,0,1,2,2,16,1,0,1,Theater,2,0,1.5,879.59,500,2140,3901.49,4,0,0,0,100.0,0.58
B-202410-55182,Booked,HR Professionals Network,Professional Development Symposium,Association,In-person,Full Package,Professional Services,Professional Services,Website,High,2024-03-22,2024-04-21,20,2024-10-01,2024-10-04,3,193,114,342,141,1,Grand Ballroom,1,0,10,0.0,0.0,2,86.4,173.95,159.92,54692.64,2360.57,32126.85,89180.06,245,39180.4,2360.57,30597.0,72137.97,0.716374269005848,217.0,,2024,10,3,58.7,41.3,1,116.46,151.91,268.37,179.54,268.37,2,4.4,106,114,102,0,1,3,3,24,1,0,1,Theater,3,1,2.33,2360.57,1350,32571,41111.1,4,0,0,0,100.0,0.59
B-202410-81001,Booked,Retail Corporation,Leadership Summit,Corporate,Hybrid,Rooms Only,Healthcare,Other,Sales Call,Low,2024-08-09,2024-08-26,12,2024-10-01,2024-10-03,2,53,19,38,20,0,,0,1,5,0.0,0.0,1,89.8,168.94,153.59,5836.42,0.0,0.0,5836.42,36,5529.24,0.0,0.0,5529.24,0.9473684210526316,0.0,,2024,10,4,69.0,31.0,1,135.88,130.29,266.17,195.55,130.29,2,57.9,8,19,0,0,0,0,0,0,0,0,0,,0,0,0.0,0.0,0,0,0.0,0,0,0,0,0.0,0.0
B-202410-26206,Booked,Professional Services Group,Quarterly Business Review,Corporate,In-person,Full Package,Healthcare,Other,Third-Party Planner,Medium,2024-07-08,2024-07-28,11,2024-10-02,2024-10-03,1,86,66,66,85,1,Half Ballroom,1,0,9,1.0,23212.73,3,83.4,180.16,160.75,10609.5,877.62,2631.98,14119.1,55,8841.25,877.62,2506.65,12225.52,0.8333333333333334,29.49,,2024,10,2,61.8,38.2,0,147.47,129.59,277.06,0.0,129.59,1,0.0,66,0,0,0,1,3,1,12,1,0,1,Theater,3,1,2.0,877.62,1150,2388,4547.83,4,0,0,0,0.0,0.71
B-202410-43033,Booked,Accounting Institute,State Convention,Association,In-person,Full Package,Finance,Finance,Third-Party Planner,Medium,2024-01-04,2024-01-28,17,2024-10-02,2024-10-04,2,272,38,76,45,1,Half Ballroom,1,0,7,1.0,26605.62,1,84.9,176.51,161.87,12302.12,827.7,6618.31,19748.13,61,9874.07,827.7,6303.15,17004.92,0.8026315789473685,140.07,,2024,10,3,57.1,42.9,1,130.41,160.23,290.64,193.73,193.73,2,26.3,28,38,0,0,1,2,2,16,1,0,1,Classroom,2,0,1.5,827.7,500,2800,4494.16,5,0,0,0,100.0,0.38
B-202410-90336,Booked,Personal Event,Retirement Party,Wedding/Social,In-person,Full Package,Social,Social/Private,Repeat Client,Medium,2024-03-11,2024-04-24,37,2024-10-02,2024-10-04,2,205,27,54,35,1,Breakout Room,1,0,7,1.0,26349.73,1,89.3,180.64,152.48,8233.92,442.35,4800.65,13476.92,33,5031.84,442.35,4572.05,10046.24,0.6111111111111112,130.63,,2024,10,4,60.3,39.7,1,146.19,144.45,290.64,242.37,144.45,2,11.1,24,27,0,0,1,3,2,12,0,0,1,Banquet,2,0,1.67,442.35,850,1925,4561.3,1,1,0,1,0.0,0.88
B-202410-63258,Booked,Senior Adventures,Cultural Heritage Journey,SMERF,In-person,Rooms Only,Government,Government,Sales Call,Low,2024-06-20,2024-07-08,15,2024-10-03,2024-10-05,2,105,41,82,45,0,,0,0,3,1.0,15440.18,3,86.8,178.53,158.62,13006.84,0.0,0.0,13006.84,78,12372.36,0.0,0.0,12372.36,0.951219512195122,0.0,,2024,10,2,74.8,25.2,1,66.47,131.36,197.83,197.83,131.36,2,19.5,33,41,0,0,0,0,0,0,0,0,0,,0,0,0.0,0.0,0,0,0.0,0,0,0,0,0.0,0.0
B-202410-67630,Booked,Global Industries,Management Training,Corporate,In-person,Full Package,Professional Services,Other,Direct Inquiry,Low,2024-07-25,2024-08-14,7,2024-10-05,2024-10-06,1,72,7,7,9,1,Boardroom,1,1,13,0.0,0.0,2,97.0,210.0,180.54,1263.78,374.77,757.51,2396.06,6,1083.24,374.77,721.44,2179.45,0.8571428571428571,80.16,,2024,10,4,56.3,43.7,1,100.82,129.02,229.84,229.84,147.36,1,0.0,7,0,0,0,1,1,1,8,0,1,1,Boardroom,3,1,3.0,374.77,650,585,2251.59,3,0,0,0,100.0,0.64
B-202410-40386,Booked,Faith Community,Community Theater Production,SMERF,In-person,Full Package,Other,Other,Third-Party Planner,Low,2024-06-29,2024-07-30,20,2024-10-06,2024-10-07,1,99,44,44,49,1,Half Ballroom,1,0,11,0.0,0.0,2,97.0,210.0,179.98,7919.12,1170.71,1501.83,10591.66,38,6839.24,1170.71,1430.31,9440.26,0.8636363636363636,29.19,,2024,10,4,65.5,34.5,1,163.61,129.6,293.21,172.44,129.6,1,0.0,44,0,0,0,1,2,1,8,1,0,1,Classroom,1,0,1.0,1170.71,300,940,1950.72,2,0,0,0,0.0,0.41
B-202410-44189,Booked,Volunteer Network,Church Retreat Weekend,SMERF,In-person,Full Package,Other,Other,Third-Party Planner,Low,2024-07-03,2024-08-03,20,2024-10-09,2024-10-11,2,98,26,52,35,1,Breakout Room,1,0,11,0.0,0.0,2,81.5,187.06,165.53,8607.56,534.61,2431.38,11573.55,44,7283.32,534.61,2315.6,10133.53,0.8461538461538461,66.16,,2024,10,4,56.3,43.7,1,142.97,144.62,287.59,250.31,144.62,2,0.0,26,26,0,0,1,4,2,16,0,0,1,Theater,2,0,1.0,534.61,650,2870,5770.77,2,0,0,0,0.0,0.88
B-202410-36799,Booked,Education Foundation,Policy Symposium,Association,In-person,Full Package,Education,Education,Cvent,Medium,2023-12-16,2024-01-13,21,2024-10-10,2024-10-12,2,299,64,128,80,1,Half Ballroom,1,0,7,0.0,0.0,2,87.6,179.84,149.48,19133.44,1163.73,13044.36,33341.53,103,15396.44,1163.73,12423.2,28983.37,0.8046875,155.29,,2024,10,2,71.1,28.9,1,22.82,159.21,182.03,182.03,159.21,2,9.4,58,64,0,0,1,2,2,16,1,0,1,Theater,1,0,1.0,1163.73,300,2580,4152.1,5,0,0,0,100.0,0.67
B-202410-55964,Booked,Professional Services Group,Strategic Planning Retreat,Corporate,Virtual,Full Package,Technology,Other,Direct Inquiry,Low,2024-06-29,2024-07-18,11,2024-10-10,2024-10-12,2,103,22,44,26,1,Breakout Room,1,0,8,1.0,20761.82,1,84.3,174.1,149.46,6576.24,362.86,4050.23,10989.33,37,5530.02,362.86,3857.36,9750.24,0.8409090909090909,148.36,,2024,10,4,53.9,46.1,1,81.78,133.86,215.64,215.64,133.86,2,22.7,17,22,0,0,1,2,2,16,0,0,1,Classroom,3,1,3.0,362.86,1300,2418,5801.32,4,0,0,0,100.0,0.65
B-202410-59005,Booked,Technology Innovators,Customer Advisory Board,Corporate,In-person,Meeting Only,Technology,Technology,Third-Party Planner,Low,2024-07-12,2024-07-31,14,2024-10-10,2024-10-11,1,90,0,0,77,1,Half Ballroom,0,0,5,1.0,12547.53,4,83.5,178.47,0.0,0.0,1614.52,6131.66,7746.18,0,0.0,1614.52,5839.68,7454.2,,75.84,,2024,10,0,0.0,0.0,0,0.0,0.0,0.0,0.0,0.0,0,0.0,0,0,0,0,2,1,1,8,1,0,1,Classroom,2,0,2.0,1614.52,350,1560,2548.47,3,0,0,0,100.0,0.64
B-202410-94189,Booked,Global Industries,Product Launch Event,Corporate,In-person,Full Package,Professional Services,Other,Third-Party Planner,Low,2024-08-26,2024-09-14,7,2024-10-10,2024-10-12,2,45,38,76,50,1,Half Ballroom,1,0,12,0.0,0.0,4,83.7,170.55,147.85,11236.6,1322.07,8359.05,20917.72,68,10053.8,1322.07,7961.0,19336.87,0.8947368421052632,159.22,,2024,10,2,51.4,48.6,0,18.58,127.79,146.37,0.0,127.79,2,18.4,31,38,0,0,1,2,2,16,1,0,1,Classroom,2,0,1.5,1322.07,500,3408,5145.34,4,0,0,0,100.0,0.42
B-202410-39626,Booked,Regional Healthcare System,Sales Kickoff,Corporate,Hybrid,Full Package,Healthcare,Healthcare,Repeat Client,Medium,2024-06-15,2024-07-04,12,2024-10-12,2024-10-14,2,119,40,80,51,1,Half Ballroom,1,1,7,0.0,0.0,2,88.0,175.17,153.59,12287.2,818.71,7106.09,20212.0,67,10290.53,818.71,6767.7,17876.94,0.8375,132.7,,2024,10,4,65.5,34.5,1,28.88,139.97,168.85,168.85,139.97,2,22.5,31,40,0,0,1,2,2,16,1,0,1,Classroom,3,1,2.0,818.71,800,3888,5952.97,4,0,0,0,100.0,0.42
B-202410-78417,Booked,Technology Innovators,Regional Team Meeting,Corporate,In-person,Full Package,Technology,Technology,RFP,Low,2024-09-02,2024-09-23,10,2024-10-12,2024-10-13,1,40,58,58,73,1,Half Ballroom,1,1,11,0.0,0.0,2,85.5,177.67,155.33,9009.14,1572.1,6379.58,16960.82,55,8543.15,1572.1,6075.79,16191.04,0.9482758620689656,83.23,,2024,10,2,59.9,40.1,1,102.04,188.01,290.05,188.01,290.05,1,0.0,58,0,0,0,2,1,1,8,1,0,1,Classroom,1,0,1.0,1572.1,150,1008,1711.39,3,0,0,0,100.0,0.61
B-202410-75147,Booked,Retail Corporation,Board of Directors Meeting,Corporate,In-person,Full Package,Finance,Other,Third-Party Planner,Medium,2024-07-10,2024-07-30,13,2024-10-13,2024-10-15,2,95,36,72,49,1,Half Ballroom,1,0,7,1.0,30709.58,1,86.3,177.11,156.36,11257.92,1274.94,7773.07,20305.93,62,9694.32,1274.94,7402.92,18372.18,0.8611111111111112,151.08,,2024,10,2,54.2,45.8,1,13.73,166.94,180.67,180.67,180.67,2,5.6,34,36,0,0,1,2,2,16,1,0,1,Classroom,3,1,2.0,1274.94,800,2280,4173.97,4,0,0,0,100.0,0.41
B-202410-34673,Booked,Education Foundation,Educational Seminar Series,Association,In-person,Full Package,Education,Education,Website,High,2024-02-23,2024-03-25,23,2024-10-14,2024-10-17,3,234,55,165,75,1,Half Ballroom,1,0,8,1.0,66869.73,1,79.7,170.32,157.23,25942.95,847.03,19842.64,46632.62,119,18710.37,847.03,18897.75,38455.15,0.7212121212121212,251.97,,2024,10,3,58.0,42.0,1,113.25,135.83,249.08,249.08,135.83,2,6.7,50,55,46,0,1,3,3,24,1,0,1,Banquet,3,1,1.67,847.03,950,4340,7058.88,5,0,0,0,100.0,0.62
B-202410-45305,Booked,Industry Trade Group,Continuing Education Conference,Association,In-person,Rooms Only,Trade/Manufacturing,Trade/Manufacturing,Repeat Client,High,2024-04-11,2024-05-12,27,2024-10-14,2024-10-18,4,186,67,268,73,0,,0,0,4,1.0,45756.77,2,81.1,169.83,148.79,39875.72,0.0,0.0,39875.72,168,24996.72,0.0,0.0,24996.72,0.6268656716417911,0.0,,2024,10,2,65.8,34.2,1,42.37,148.24,190.61,190.61,148.24,2,5.0,59,67,63,59,0,0,0,0,0,0,0,,0,0,0.0,0.0,0,0,0.0,0,0,0,0,0.0,0.0
B-202410-83813,Booked,Nursing Council,Annual Member Conference,Association,In-person,Full Package,Healthcare,Healthcare,Third-Party Planner,Medium,2024-04-17,2024-05-17,17,2024-10-15,2024-10-17,2,181,59,118,76,1,Half Ballroom,1,0,13,0.0,0.0,3,89.8,173.22,151.69,17899.42,838.79,11574.99,30313.2,76,11528.44,838.79,11023.8,23391.03,0.6440677966101694,145.05,,2024,10,3,73.3,26.7,1,51.4,133.69,185.09,185.09,133.69,2,6.8,55,59,0,0,1,2,2,16,1,0,1,Theater,3,1,2.5,838.79,1000,3240,5351.38,4,0,0,0,100.0,0.63
B-202410-72111,Booked,Heritage Travel,Culinary Tour Group,Corporate,In-person,Full Package,Technology,Technology,Cvent,Medium,2024-08-06,2024-08-30,13,2024-10-17,2024-10-18,1,72,18,18,21,1,Breakout Room,1,0,11,0.0,0.0,4,85.3,179.95,163.69,2946.42,475.03,0.0,3421.45,15,2455.35,475.03,0.0,2930.38,0.8333333333333334,0.0,,2024,10,2,70.3,29.7,1,56.66,175.14,231.8,231.8,231.8,1,0.0,18,0,0,0,1,1,1,4,0,0,1,Classroom,0,0,0.0,475.03,0,0,558.99,0,0,0,0,0.0,0.53
B-202410-73556,Booked,Tour Operator Network,Heritage Tour Group,Corporate,In-person,Rooms Only,Technology,Technology,Repeat Client,Medium,2024-07-23,2024-08-09,13,2024-10-17,2024-10-18,1,86,41,41,45,0,,0,0,4,0.0,0.0,2,78.7,182.07,165.74,6795.34,0.0,0.0,6795.34,40,6629.6,0.0,0.0,6629.6,0.975609756097561,0.0,,2024,10,2,54.9,45.1,1,84.17,147.6,231.77,231.77,147.6,1,0.0,41,0,0,0,0,0,0,0,0,0,0,,0,0,0.0,0.0,0,0,0.0,0,0,0,0,0.0,0.0
B-202410-28524,Booked,Heritage Travel,International Tour Package,SMERF,In-person,Rooms Only,Government,Government,RFP,Low,2024-07-14,2024-07-30,13,2024-10-19,2024-10-20,1,97,46,46,50,0,,0,0,3,0.0,0.0,1,86.1,182.67,168.36,7744.56,0.0,0.0,7744.56,45,7576.2,0.0,0.0,7576.2,0.9782608695652174,0.0,,2024,10,4,51.0,49.0,1,134.29,132.03,266.32,170.81,132.03,1,0.0,46,0,0,0,0,0,0,0,0,0,0,,0,0,0.0,0.0,0,0,0.0,0,0,0,0,0.0,0.0
B-202410-78461,Booked,Regional Healthcare System,Executive Offsite,Corporate,In-person,Full Package,Healthcare,Healthcare,Referral,High,2024-07-27,2024-08-20,14,2024-10-19,2024-10-20,1,84,73,73,94,1,Half Ballroom,1,1,10,0.0,0.0,3,83.6,177.24,158.97,11604.81,1431.04,3090.3,16126.15,63,10015.11,1431.04,2943.14,14389.29,0.863013698630137,31.31,,2024,10,4,71.2,28.8,1,114.14,151.76,265.9,228.78,151.76,1,0.0,73,0,0,0,2,2,1,12,1,0,1,Theater,2,0,1.5,1431.04,500,2406,3799.47,3,0,0,0,50.0,0.78
B-202410-19392,Booked,HR Professionals Network,Educational Seminar Series,Association,In-person,Full Package,Professional Services,Professional Services,Sales Call,Medium,2024-02-25,2024-03-21,17,2024-10-20,2024-10-22,2,238,57,114,71,1,Half Ballroom,1,1,8,0.0,0.0,3,95.2,196.06,171.37,19536.18,1122.49,12075.61,32734.28,82,14052.34,1122.49,11500.58,26675.41,0.7192982456140351,161.98,,2024,10,4,61.9,38.1,1,163.89,125.36,289.25,175.99,125.36,2,19.3,46,57,0,0,1,2,2,16,1,0,1,Classroom,2,0,1.5,1122.49,500,2100,3766.85,5,0,0,0,100.0,0.59
B-202410-43390,Booked,Nonprofit Foundation,Band Competition,SMERF,In-person,Full Package,Technology,Technology,Website,Medium,2024-07-08,2024-07-30,12,2024-10-20,2024-10-22,2,104,34,68,42,1,Half Ballroom,1,0,10,0.0,0.0,2,97.0,187.89,172.24,11712.32,1225.42,2359.35,15297.09,53,9128.72,1225.42,2247.0,12601.14,0.7794117647058824,53.5,,2024,10,3,67.8,32.2,1,52.69,130.87,183.56,183.56,130.87,2,11.8,30,34,0,0,1,4,2,16,1,0,1,Classroom,2,0,1.5,1225.42,1000,1180,3611.99,2,0,0,0,0.0,0.35
B-202410-94832,Booked,Manufacturing Alliance,Management Training,Corporate,Hybrid,Rooms Only,Professional Services,Other,Direct Inquiry,Low,2024-07-16,2024-08-03,11,2024-10-20,2024-10-21,1,96,45,45,49,0,,0,0,7,1.0,5790.69,2,91.7,200.24,177.54,7989.3,0.0,0.0,7989.3,41,7279.14,0.0,0.0,7279.14,0.9111111111111112,0.0,,2024,10,4,62.7,37.3,1,78.92,140.03,218.95,218.95,140.03,1,0.0,45,0,0,0,0,0,0,0,0,0,0,,0,0,0.0,0.0,0,0,0.0,0,0,0,0,0.0,0.0
B-202410-51187,Booked,TechCorp Solutions,Leadership Summit,Corporate,Virtual,Full Package,Technology,Technology,RFP,Low,2024-08-11,2024-09-04,10,2024-10-21,2024-10-22,1,71,30,30,40,1,Breakout Room,1,1,14,0.0,0.0,3,87.2,170.06,141.43,4242.9,546.64,3323.04,8112.58,26,3677.18,546.64,3164.8,7388.62,0.8666666666666667,79.12,,2024,10,3,63.5,36.5,0,7.64,140.45,148.09,0.0,148.09,1,0.0,30,0,0,0,1,1,1,8,0,0,1,Classroom,2,0,2.0,546.64,350,2700,4085.6,3,0,0,0,100.0,1.0
B-202410-84996,Booked,Family Celebration,Engagement Party,Wedding/Social,Hybrid,Full Package,Social,Social/Private,Referral,Low,2023-12-06,2024-01-23,38,2024-10-21,2024-10-22,1,320,46,46,62,1,Half Ballroom,1,1,10,0.0,0.0,2,88.0,171.08,150.94,6943.24,1639.07,8778.08,17360.39,30,4528.2,1639.07,8360.08,14527.35,0.6521739130434783,134.84,,2024,10,2,57.0,43.0,1,40.13,132.94,173.07,173.07,132.94,1,0.0,46,0,0,0,2,1,1,4,1,0,1,Reception,1,0,1.0,1639.07,150,1080,1564.6,1,0,1,1,0.0,0.52
B-202410-14436,Booked,Legal Society,Certification Training,Association,In-person,Full Package,Legal,Legal,Sales Call,Medium,2024-03-25,2024-04-30,24,2024-10-22,2024-10-24,2,211,64,128,83,1,Half Ballroom,1,0,12,1.0,35193.04,2,84.7,178.66,164.58,21066.24,1009.7,5816.39,27892.33,98,16128.84,1009.7,5539.42,22677.96,0.765625,66.74,,2024,10,3,67.2,32.8,1,36.33,153.32,189.65,189.65,153.32,2,9.4,58,64,0,0,1,4,2,24,1,0,1,Classroom,3,1,1.75,1009.7,1300,3240,6262.31,4,0,0,0,50.0,0.69
B-202410-32553,Booked,Private Party,Williams-Brown Wedding,Wedding/Social,In-person,Full Package,Social,Social/Private,Direct Inquiry,Low,2024-05-19,2024-06-16,20,2024-10-22,2024-10-23,1,156,27,27,32,1,Breakout Room,1,1,8,0.0,0.0,1,79.9,182.14,149.41,4034.07,446.71,4973.14,9453.92,15,2241.15,446.71,4736.32,7424.18,0.5555555555555556,148.01,,2024,10,4,61.1,38.9,1,85.09,141.94,227.03,227.03,141.94,1,0.0,27,0,0,0,1,1,1,4,0,0,1,Banquet,1,0,1.0,446.71,150,1760,2459.93,1,1,0,1,0.0,0.8
B-202410-70108,Booked,Heritage Travel,Culinary Tour Group,Corporate,Virtual,Rooms Only,Government,Government,Third-Party Planner,Low,2024-07-08,2024-07-23,12,2024-10-23,2024-10-24,1,107,51,51,56,0,,0,1,3,1.0,6893.01,1,84.0,186.39,169.79,8659.29,0.0,0.0,8659.29,50,8489.5,0.0,0.0,8489.5,0.9803921568627452,0.0,,2024,10,2,56.1,43.9,1,71.24,146.24,217.48,217.48,146.24,1,0.0,51,0,0,0,0,0,0,0,0,0,0,,0,0,0.0,0.0,0,0,0.0,0,0,0,0,0.0,0.0
B-202410-83716,Booked,TechCorp Solutions,Regional Team Meeting,Corporate,In-person,Full Package,Technology,Technology,Referral,Low,2024-07-28,2024-08-16,9,2024-10-23,2024-10-25,2,87,27,54,34,1,Breakout Room,1,1,10,0.0,0.0,2,82.8,172.3,147.53,7966.62,571.86,5582.05,14120.53,44,6491.32,571.86,5316.24,12379.42,0.8148148148148148,156.36,,2024,10,3,67.3,32.7,1,135.52,134.72,270.24,253.9,134.72,2,7.4,25,27,0,0,1,2,2,16,0,0,1,Theater,2,0,2.0,571.86,700,5100,7658.06,4,0,0,0,100.0,0.85
B-202410-94673,Booked,Regional Healthcare System,Regional Team Meeting,Corporate,In-person,Full Package,Healthcare,Healthcare,Third-Party Planner,Low,2024-07-03,2024-07-28,14,2024-10-23,2024-10-24,1,112,44,44,51,1,Half Ballroom,1,0,11,0.0,0.0,2,85.5,170.42,157.25,6919.0,1170.36,3609.81,11699.17,35,5503.75,1170.36,3437.91,10112.02,0.7954545454545454,67.41,,2024,10,3,62.9,37.1,0,139.75,136.61,276.36,0.0,136.61,1,0.0,44,0,0,0,1,1,1,8,1,0,1,Classroom,3,1,3.0,1170.36,650,1800,3066.0,3,0,0,0,100.0,0.42
B-202410-41927,Booked,Private Party,Quinceañera Celebration,Wedding/Social,In-person,Full Package,Social,Social/Private,Sales Call,Medium,2024-02-24,2024-03-25,20,2024-10-24,2024-10-26,2,243,38,76,50,1,Half Ballroom,1,1,10,0.0,0.0,2,86.3,181.64,151.19,11490.44,958.39,6671.18,19120.01,47,7105.93,958.39,6353.5,14417.82,0.618421052631579,127.07,,2024,10,4,73.8,26.2,1,132.53,149.51,282.04,216.9,149.51,2,26.3,28,38,0,0,1,3,2,12,1,0,1,Banquet,1,0,0.67,958.39,300,1080,2441.65,1,0,1,1,0.0,0.42
B-202410-51615,Booked,Professional Engineers Society,Regional Chapter Meeting,Association,In-person,Full Package,Association,Other,Cvent,Medium,2023-12-30,2024-01-24,16,2024-10-24,2024-10-26,2,299,50,100,64,1,Half Ballroom,1,0,9,1.0,33122.75,3,83.2,177.85,160.57,16057.0,1724.54,9948.29,27729.83,69,11079.33,1724.54,9474.56,22278.43,0.69,148.04,,2024,10,2,56.1,43.9,1,87.91,141.57,229.48,229.48,141.57,2,14.0,43,50,0,0,2,2,2,16,1,0,1,Theater,2,0,2.0,1724.54,700,2140,4055.17,4,0,0,0,100.0,0.53
B-202410-90386,Booked,Insurance Federation,Professional Development Symposium,Association,In-person,Full Package,Finance,Finance,Third-Party Planner,Medium,2024-04-12,2024-05-06,17,2024-10-25,2024-10-27,2,196,48,96,54,1,Half Ballroom,1,0,7,1.0,31648.07,4,85.0,179.37,147.41,14151.36,825.92,8594.59,23571.87,78,11497.98,825.92,8185.32,20509.22,0.8125,151.58,,2024,10,3,74.5,25.5,1,80.54,148.45,228.99,228.99,148.45,2,12.5,42,48,0,0,1,2,2,16,1,0,1,Classroom,2,0,1.5,825.92,500,3480,5121.34,4,0,0,0,100.0,0.45
B-202410-77155,Booked,Financial Services Group,Regional Team Meeting,Corporate,In-person,Full Package,Finance,Finance,Referral,Medium,2024-07-21,2024-08-10,12,2024-10-26,2024-10-28,2,97,70,140,83,1,Half Ballroom,1,1,8,1.0,51987.68,3,97.0,210.0,195.12,27316.8,1712.36,4669.5,33698.66,138,26926.56,1712.36,4447.14,33086.06,0.9857142857142858,53.58,,2024,10,4,64.8,35.2,1,139.38,126.29,265.67,190.9,127.75,2,17.1,58,70,0,0,2,4,2,24,1,0,1,Classroom,3,1,2.75,1712.36,2300,4872,8926.86,5,0,0,0,50.0,0.69
B-202410-29334,Booked,Professional Engineers Society,Annual Member Conference,Association,Hybrid,Full Package,Association,Other,Third-Party Planner,Medium,2024-02-02,2024-02-29,16,2024-10-27,2024-10-28,1,268,60,60,67,1,Half Ballroom,1,0,11,1.0,15256.39,1,97.0,210.0,186.53,11191.8,1306.45,5713.83,18212.08,41,7647.73,1306.45,5441.74,14395.92,0.6833333333333333,81.22,,2024,10,3,70.5,29.5,1,58.82,135.6,194.42,194.42,150.63,1,0.0,60,0,0,0,1,1,1,8,1,0,1,Theater,1,0,1.0,1306.45,150,1540,2257.16,4,0,0,0,100.0,0.56
B-202410-67887,Booked,Senior Adventures,Regional Arts Tour,Corporate,In-person,Full Package,Professional Services,Professional Services,Cvent,High,2024-06-25,2024-07-20,11,2024-10-27,2024-10-28,1,124,34,34,44,1,Half Ballroom,1,0,14,1.0,6850.55,3,96.9,210.0,190.47,6475.98,890.51,0.0,7366.49,32,6095.04,890.51,0.0,6985.55,0.9411764705882352,0.0,,2024,10,2,50.1,49.9,0,1.11,140.46,141.57,0.0,141.57,1,0.0,34,0,0,0,1,1,1,4,1,0,1,Classroom,1,0,1.0,890.51,150,0,526.7,0,0,0,0,0.0,0.37
B-202410-97823,Booked,Community Church,Community Service Event,SMERF,In-person,Full Package,SMERF,Religious,Website,Low,2024-06-01,2024-06-26,16,2024-10-28,2024-10-29,1,149,28,28,36,1,Breakout Room,1,0,9,0.0,0.0,2,86.1,175.13,150.29,4208.12,491.91,1093.18,5793.21,23,3456.67,491.91,1041.12,4989.7,0.8214285714285714,28.92,,2024,10,3,66.8,33.2,0,147.97,134.81,282.78,0.0,134.81,1,0.0,28,0,0,0,1,2,1,8,0,0,1,Classroom,2,0,1.5,491.91,500,1692,3395.05,2,0,0,0,0.0,0.9
B-202410-32376,Booked,Global Industries,New Hire Orientation,Corporate,In-person,Meeting Only,Finance,Other,Direct Inquiry,Low,2024-09-08,2024-09-23,9,2024-10-29,2024-10-30,1,51,0,0,87,1,Half Ballroom,0,0,6,0.0,0.0,1,81.2,181.76,0.0,0.0,1348.58,2902.19,4250.77,0,0.0,1348.58,2763.99,4112.57,,31.77,,2024,10,0,0.0,0.0,0,0.0,0.0,0.0,0.0,0.0,0,0.0,0,0,0,0,1,2,1,12,1,0,1,Theater,2,0,2.0,1348.58,700,1776,3408.55,3,0,0,0,50.0,0.72
B-202410-78692,Booked,Education Foundation,Awards Gala Weekend,Association,In-person,Rooms Only,Education,Education,Referral,Medium,2024-05-28,2024-06-20,19,2024-10-29,2024-10-31,2,154,67,134,73,0,,0,1,4,1.0,25430.3,1,82.0,172.71,151.64,20319.76,0.0,0.0,20319.76,83,12586.12,0.0,0.0,12586.12,0.6194029850746269,0.0,,2024,10,2,55.4,44.6,0,127.4,163.86,291.26,0.0,163.86,2,16.4,56,67,0,0,0,0,0,0,0,0,0,,0,0,0.0,0.0,0,0,0.0,0,0,0,0,0.0,0.0
B-202410-11398,Booked,Senior Adventures,Cultural Heritage Journey,Corporate,Hybrid,Full Package,Finance,Finance,Cvent,Low,2024-07-25,2024-08-16,8,2024-10-30,2024-10-31,1,97,23,23,28,1,Breakout Room,1,0,14,0.0,0.0,3,87.9,173.71,143.89,3309.47,351.99,0.0,3661.46,21,3021.69,351.99,0.0,3373.68,0.9130434782608696,0.0,,2024,10,3,54.6,45.4,1,47.92,140.76,188.68,188.68,142.49,1,0.0,23,0,0,0,1,1,1,4,0,0,1,Classroom,0,0,0.0,351.99,0,0,655.85,0,0,0,0,0.0,0.7
B-202410-20158,Booked,Retail Corporation,Customer Advisory Board,Corporate,In-person,Full Package,Finance,Other,Repeat Client,Medium,2024-06-04,2024-06-27,14,2024-10-30,2024-11-01,2,148,41,82,46,1,Half Ballroom,1,1,9,1.0,27049.29,1,83.3,176.11,152.6,12513.2,1354.77,8072.86,21940.83,77,11750.2,1354.77,7688.44,20793.41,0.9390243902439024,167.14,,2024,10,3,60.8,39.2,1,141.04,151.36,292.4,194.27,151.36,2,9.8,37,41,0,0,1,2,2,16,1,0,1,Classroom,2,0,1.5,1354.77,500,2568,4295.44,4,0,0,0,100.0,0.38
B-202410-82468,Booked,Banking Consortium,Town Hall Meeting,Corporate,In-person,Full Package,Finance,Finance,Website,Low,2024-08-14,2024-09-03,9,2024-10-30,2024-10-31,1,77,49,49,63,1,Half Ballroom,1,0,11,0.0,0.0,3,85.7,177.94,155.48,7618.52,834.44,2705.53,11158.49,41,6374.68,834.44,2576.7,9785.82,0.8367346938775511,40.9,,2024,10,3,64.3,35.7,1,138.61,143.41,282.02,183.34,143.41,1,0.0,49,0,0,0,1,1,1,8,1,0,1,Theater,2,0,2.0,834.44,350,720,1629.9,2,0,0,0,100.0,0.53
B-202411-63368,Booked,Social Event,Holiday Party,Wedding/Social,In-person,Full Package,Social,Social/Private,RFP,Low,2023-11-02,2023-12-16,36,2024-11-01,2024-11-02,1,365,38,38,47,1,Half Ballroom,1,1,8,1.0,17973.84,2,69.4,161.06,149.66,5687.08,954.24,6946.01,13587.33,22,3292.52,954.24,6615.25,10862.01,0.5789473684210527,140.75,,2024,11,2,68.3,31.7,1,117.59,125.78,243.37,243.37,125.78,1,0.0,38,0,0,0,1,1,1,4,1,0,1,Reception,0,0,0.0,954.24,0,1320,1651.78,1,1,0,1,0.0,0.39
B-202411-86668,Booked,Professional Services Group,Product Launch Event,Corporate,Hybrid,Full Package,Technology,Other,RFP,Medium,2024-07-24,2024-08-12,7,2024-11-01,2024-11-03,2,100,39,78,50,1,Half Ballroom,1,1,12,1.0,27531.49,2,71.5,165.75,142.78,11136.84,865.84,8629.43,20632.11,77,10994.06,865.84,8218.5,20078.4,0.9871794871794872,164.37,,2024,11,2,58.0,42.0,0,128.81,140.4,269.21,0.0,140.4,2,5.1,37,39,0,0,1,2,2,16,1,0,1,Classroom,2,0,2.0,865.84,700,3336,5296.59,4,0,0,0,100.0,0.42
B-202411-41973,Booked,Local School District,Cultural Heritage Festival,SMERF,In-person,Rooms Only,Education,Education,Referral,Medium,2024-06-17,2024-07-02,10,2024-11-02,2024-11-04,2,138,47,94,51,0,,0,0,5,0.0,0.0,2,68.1,166.88,139.2,13084.8,0.0,0.0,13084.8,83,11553.6,0.0,0.0,11553.6,0.8829787234042553,0.0,,2024,11,3,65.2,34.8,1,106.31,167.71,274.02,249.31,167.71,2,6.4,44,47,0,0,0,0,0,0,0,0,0,,0,0,0.0,0.0,0,0,0.0,0,0,0,0,0.0,0.0
B-202411-61935,Booked,Local School District,Charity Fundraiser,SMERF,In-person,Meeting Only,Education,Education,Website,Low,2024-07-12,2024-07-31,11,2024-11-06,2024-11-07,1,117,0,0,134,1,Grand Ballroom,0,0,8,0.0,0.0,1,70.3,168.93,0.0,0.0,2410.54,5249.52,7660.06,0,0.0,2410.54,4999.54,7410.08,,37.31,,2024,11,0,0.0,0.0,0,0.0,0.0,0.0,0.0,0.0,0,0.0,0,0,0,0,2,1,1,8,1,0,1,Theater,1,0,1.0,2410.54,150,5640,8398.86,2,0,0,0,100.0,0.56
B-202411-89840,Booked,Social Event,Anniversary Celebration,Wedding/Social,In-person,Full Package,Social,Social/Private,RFP,Low,2023-11-07,2023-12-08,24,2024-11-06,2024-11-08,2,365,36,72,45,1,Half Ballroom,1,1,7,1.0,35349.94,3,70.8,168.25,144.21,10383.12,1052.25,6498.29,17933.66,39,5624.19,1052.25,6188.85,12865.29,0.5416666666666666,137.53,,2024,11,4,65.4,34.6,1,141.82,142.86,284.68,248.77,154.16,2,5.6,34,36,0,0,1,2,2,8,1,0,1,Reception,2,0,2.0,1052.25,700,1320,2732.27,1,1,0,1,0.0,0.38
B-202411-80463,Booked,Personal Event,Milestone Birthday Party,Wedding/Social,In-person,Full Package,Social,Social/Private,RFP,Low,2024-02-13,2024-03-10,16,2024-11-08,2024-11-09,1,269,42,42,50,1,Half Ballroom,1,0,10,0.0,0.0,2,68.5,166.67,152.7,6413.4,1270.1,6636.53,14320.03,26,3970.2,1270.1,6320.5,11560.8,0.6190476190476191,126.41,,2024,11,2,60.7,39.3,1,110.65,143.48,254.13,254.13,143.48,1,0.0,42,0,0,0,1,2,1,8,1,0,1,Banquet,1,0,1.0,1270.1,300,1080,2126.48,1,0,1,1,0.0,0.42
B-202411-25198,Booked,Family Celebration,Smith-Johnson Wedding,Wedding/Social,In-person,Full Package,Social,Social/Private,Sales Call,Low,2024-05-06,2024-06-14,30,2024-11-09,2024-11-10,1,187,36,36,45,1,Half Ballroom,1,0,9,0.0,0.0,1,80.8,199.72,166.68,6000.48,1259.53,6649.49,13909.5,22,3666.96,1259.53,6332.85,11259.34,0.6111111111111112,140.73,,2024,11,2,71.6,28.4,0,127.38,160.37,287.75,0.0,287.75,1,0.0,36,0,0,0,1,1,1,4,1,0,1,Banquet,2,0,2.0,1259.53,350,1320,2032.4,1,1,0,1,0.0,0.38
B-202411-37149,Booked,Education Foundation,Member Appreciation Event,Association,In-person,Rooms Only,Education,Education,Referral,Medium,2023-11-11,2023-12-02,17,2024-11-09,2024-11-11,2,364,79,158,86,0,,0,0,4,1.0,30171.0,1,81.8,191.62,157.48,24881.84,0.0,0.0,24881.84,102,16062.96,0.0,0.0,16062.96,0.6455696202531646,0.0,,2024,11,2,68.3,31.7,1,69.44,164.04,233.48,233.48,164.04,2,12.7,69,79,0,0,0,0,0,0,0,0,0,,0,0,0.0,0.0,0,0,0.0,0,0,0,0,0.0,0.0
B-202411-13084,Booked,Manufacturing Alliance,Management Training,Corporate,In-person,Full Package,Technology,Other,Sales Call,Low,2024-08-23,2024-09-10,7,2024-11-11,2024-11-12,1,80,16,16,18,1,Breakout Room,1,1,11,1.0,4685.59,3,73.8,164.81,137.0,2192.0,474.86,1347.57,4014.43,15,2055.0,474.86,1283.4,3813.26,0.9375,71.3,,2024,11,3,70.3,29.7,1,150.19,132.12,282.31,239.54,132.12,1,0.0,16,0,0,0,1,1,1,8,0,0,1,Classroom,2,0,2.0,474.86,350,1350,2748.83,3,0,0,0,100.0,0.45
B-202411-76449,Booked,Private Individual,Baby Shower Weekend,Wedding/Social,Hybrid,Full Package,Social,Social/Private,Cvent,Low,2023-11-12,2023-12-28,38,2024-11-11,2024-11-12,1,365,31,31,40,1,Breakout Room,1,0,8,0.0,0.0,2,70.0,171.3,151.82,4706.42,556.29,5759.04,11021.75,18,2732.76,556.29,5484.8,8773.85,0.5806451612903226,137.12,,2024,11,4,60.4,39.6,1,135.79,148.62,284.41,188.9,152.32,1,0.0,31,0,0,0,1,1,1,4,0,0,1,Reception,2,0,2.0,556.29,350,1800,2791.59,1,0,1,1,0.0,1.0
B-202411-83566,Booked,Dental Association,Educational Seminar Series,Association,In-person,Full Package,Healthcare,Healthcare,Third-Party Planner,Medium,2024-05-22,2024-06-27,25,2024-11-11,2024-11-13,2,173,46,92,54,1,Half Ballroom,1,1,11,1.0,32722.55,3,71.1,162.54,150.02,13801.84,1324.11,8195.42,23321.37,66,9901.32,1324.11,7805.16,19030.59,0.717391304347826,144.54,,2024,11,3,57.8,42.2,1,105.0,131.78,236.78,236.78,131.78,2,23.9,35,46,0,0,1,2,2,16,1,0,1,Banquet,3,1,2.5,1324.11,1000,2840,5130.03,4,0,0,0,100.0,0.45
B-202411-10208,Booked,Financial Services Group,Town Hall Meeting,Corporate,In-person,Full Package,Finance,Finance,Website,Medium,2024-08-16,2024-09-07,11,2024-11-12,2024-11-14,2,88,35,70,48,1,Half Ballroom,1,0,11,1.0,26893.44,3,74.4,163.91,150.94,10565.8,1070.83,7768.15,19404.78,58,8754.52,1070.83,7398.24,17223.59,0.8285714285714286,154.13,,2024,11,3,66.1,33.9,0,133.56,132.32,265.88,0.0,132.32,2,17.1,29,35,0,0,1,2,2,16,1,0,1,Classroom,3,1,3.0,1070.83,1300,2808,5297.75,5,0,0,0,100.0,0.4
B-202411-38207,Booked,Industry Trade Group,Leadership Institute,Association,In-person,Full Package,Trade/Manufacturing,Trade/Manufacturing,Direct Inquiry,Low,2024-03-20,2024-04-21,25,2024-11-12,2024-11-15,3,237,10,30,11,1,Boardroom,1,0,7,0.0,0.0,1,68.6,169.91,141.55,4246.5,322.16,2802.72,7371.38,20,2831.0,322.16,2669.26,5822.42,0.6666666666666666,242.66,,2024,11,3,70.5,29.5,1,33.51,144.62,178.13,178.13,144.62,2,38.6,3,10,1,0,1,3,3,24,0,1,1,Boardroom,3,1,2.0,322.16,1150,2365,6662.84,5,0,0,0,100.0,0.79
B-202411-79634,Booked,Accounting Institute,Annual Member Conference,Association,In-person,Full Package,Finance,Finance,Repeat Client,Medium,2024-02-05,2024-03-17,27,2024-11-12,2024-11-13,1,281,44,44,51,1,Half Ballroom,1,1,14,0.0,0.0,1,66.8,160.88,132.2,5816.8,1073.38,2170.92,9061.1,29,3833.8,1073.38,2067.54,6974.72,0.6590909090909091,40.54,,2024,11,3,64.0,36.0,1,84.88,196.87,281.75,229.38,196.87,1,0.0,44,0,0,0,1,1,1,8,1,0,1,Banquet,1,0,1.0,1073.38,150,1260,2023.77,2,0,0,0,100.0,0.42
B-202411-88819,Booked,Professional Services Group,Product Launch Event,Corporate,In-person,Full Package,Finance,Other,Repeat Client,Medium,2024-08-29,2024-09-24,13,2024-11-12,2024-11-14,2,75,50,100,63,1,Half Ballroom,1,0,13,1.0,27443.8,2,69.1,155.33,128.5,12850.0,1420.37,9199.48,23469.85,92,11822.0,1420.37,8761.41,22003.78,0.92,139.07,,2024,11,4,70.7,29.3,1,168.28,125.99,294.27,173.27,135.59,2,14.0,43,50,0,0,2,2,2,16,1,0,1,Banquet,3,1,2.5,1420.37,1000,3336,5611.24,4,0,0,0,100.0,0.53
B-202411-20323,Booked,Professional Services Group,Board of Directors Meeting,Corporate,Hybrid,Full Package,Professional Services,Other,Repeat Client,Medium,2024-07-21,2024-08-07,10,2024-11-13,2024-11-15,2,115,50,100,68,1,Half Ballroom,1,0,7,1.0,34356.43,1,70.0,161.09,140.67,14067.0,1047.86,10819.96,25934.82,81,11394.27,1047.86,10304.72,22746.85,0.81,151.54,,2024,11,3,69.0,31.0,1,84.89,147.92,232.81,232.81,147.92,2,4.0,48,50,0,0,1,2,2,16,1,0,1,Theater,2,0,2.0,1047.86,700,3336,5243.01,4,0,0,0,100.0,0.57
B-202411-23950,Booked,Education Foundation,Member Appreciation Event,Association,In-person,Full Package,Education,Education,Cvent,Low,2024-02-24,2024-03-26,20,2024-11-13,2024-11-15,2,263,18,36,24,1,Breakout Room,1,1,11,1.0,15983.56,1,71.2,158.12,142.79,5140.44,536.26,3426.95,9103.65,25,3569.75,536.26,3263.76,7369.77,0.6944444444444444,135.99,,2024,11,3,63.4,36.6,1,151.04,135.6,286.64,188.09,135.6,2,11.1,16,18,0,0,1,2,2,16,0,0,1,Banquet,3,1,3.0,536.26,1300,3048,6263.01,4,0,0,0,100.0,0.6
B-202411-65798,Booked,Global Industries,Regional Team Meeting,Corporate,In-person,Meeting Only,Healthcare,Other,Website,Low,2024-08-19,2024-09-04,11,2024-11-13,2024-11-15,2,86,0,0,61,1,Half Ballroom,0,0,5,1.0,19824.37,2,67.8,164.82,0.0,0.0,1397.84,8835.06,10232.9,0,0.0,1397.84,8414.34,9812.18,,137.94,,2024,11,0,0.0,0.0,0,0.0,0.0,0.0,0.0,0.0,0,0.0,0,0,0,0,2,2,2,16,1,0,1,Theater,3,1,2.0,1397.84,800,1968,3923.95,4,0,0,0,100.0,0.51
B-202411-46924,Booked,Accounting Institute,Board Retreat,Association,Hybrid,Meeting Only,Finance,Finance,RFP,Medium,2024-03-17,2024-04-11,16,2024-11-14,2024-11-17,3,242,0,0,40,1,Breakout Room,0,1,9,0.0,0.0,3,69.4,160.29,0.0,0.0,578.08,9129.12,9707.2,0,0.0,578.08,8694.4,9272.48,,217.36,,2024,11,0,0.0,0.0,0,0.0,0.0,0.0,0.0,0.0,0,0.0,0,0,0,0,1,3,3,24,0,0,1,Classroom,2,0,1.67,578.08,850,6552,10216.76,5,0,0,0,100.0,1.0
B-202411-19154,Booked,Social Event,Memorial Service Gathering,Wedding/Social,In-person,Full Package,Social,Social/Private,Third-Party Planner,Low,2024-06-18,2024-07-25,28,2024-11-15,2024-11-16,1,150,27,27,35,1,Breakout Room,1,1,9,1.0,11653.63,4,69.8,171.62,159.04,4294.08,499.52,4380.97,9174.57,15,2385.6,499.52,4172.35,7057.47,0.5555555555555556,119.21,,2024,11,4,64.8,35.2,1,147.74,144.41,292.15,181.09,144.41,1,0.0,27,0,0,0,1,2,1,8,0,0,1,Banquet,2,0,2.0,499.52,700,1575,3523.87,1,0,1,1,0.0,0.88
B-202411-41994,Booked,Family Celebration,Graduation Celebration,Wedding/Social,In-person,Full Package,Social,Social/Private,Website,Low,2024-04-24,2024-06-15,42,2024-11-15,2024-11-16,1,205,38,38,48,1,Half Ballroom,1,1,10,0.0,0.0,3,72.3,167.98,138.21,5251.98,1259.04,7128.58,13639.6,20,2764.2,1259.04,6789.12,10812.36,0.5263157894736842,141.44,,2024,11,2,63.4,36.6,1,67.14,175.82,242.96,242.96,175.82,1,0.0,38,0,0,0,1,2,1,8,1,0,1,Banquet,2,0,1.5,1259.04,500,1320,2469.13,1,1,0,1,0.0,0.4
B-202411-83831,Booked,Legal Society,State Convention,Association,In-person,Full Package,Legal,Legal,Website,High,2024-05-27,2024-07-03,26,2024-11-15,2024-11-18,3,172,45,135,59,1,Half Ballroom,1,1,11,0.0,0.0,1,78.4,165.65,148.49,20046.15,1338.76,14355.67,35740.58,91,13512.59,1338.76,13672.07,28523.42,0.674074074074074,231.73,,2024,11,3,66.7,33.3,1,61.54,130.27,191.81,191.81,130.27,2,9.1,40,45,35,0,1,3,3,24,1,0,1,Theater,3,1,2.33,1338.76,1450,5020,8321.55,5,0,0,0,100.0,0.49
B-202411-18593,Booked,Tour Operator Network,Wine Country Excursion,Corporate,In-person,Rooms Only,Trade/Manufacturing,Trade/Manufacturing,RFP,Medium,2024-10-05,2024-10-20,8,2024-11-16,2024-11-18,2,42,50,100,55,0,,0,0,7,1.0,15054.49,2,67.6,164.47,143.5,14350.0,0.0,0.0,14350.0,97,13919.5,0.0,0.0,13919.5,0.97,0.0,,2024,11,4,62.9,37.1,1,136.44,129.41,265.85,220.71,129.41,2,4.0,48,50,0,0,0,0,0,0,0,0,0,,0,0,0.0,0.0,0,0,0.0,0,0,0,0,0.0,0.0
B-202411-32335,Booked,Retail Corporation,Board of Directors Meeting,Corporate,In-person,Full Package,Healthcare,Other,Sales Call,Low,2024-09-05,2024-10-03,14,2024-11-16,2024-11-17,1,72,13,13,16,1,Breakout Room,1,1,14,0.0,0.0,4,68.9,168.94,143.57,1866.41,480.82,1184.74,3531.97,12,1722.84,480.82,1128.32,3331.98,0.9230769230769232,70.52,,2024,11,3,52.6,47.4,1,101.9,139.77,241.67,241.67,139.77,1,0.0,13,0,0,0,1,1,1,8,0,0,1,Classroom,3,1,3.0,480.82,650,1232,2810.56,4,0,0,0,100.0,0.4
B-202411-98247,Booked,Education Foundation,Educational Seminar Series,Association,In-person,Full Package,Education,Education,Referral,Medium,2024-04-28,2024-06-03,22,2024-11-16,2024-11-18,2,202,43,86,49,1,Half Ballroom,1,1,14,0.0,0.0,2,75.1,162.09,139.66,12010.76,1190.07,7388.73,20589.56,70,9776.2,1190.07,7036.89,18003.16,0.813953488372093,143.61,,2024,11,4,58.6,41.4,1,105.71,126.74,232.45,232.45,126.74,2,25.6,32,43,0,0,1,2,2,16,1,0,1,Classroom,1,0,1.0,1190.07,300,2140,3591.44,4,0,0,0,100.0,0.41
B-202411-98436,Booked,Local School District,Church Retreat Weekend,SMERF,In-person,Full Package,Education,Education,Sales Call,Low,2024-07-11,2024-08-06,12,2024-11-18,2024-11-19,1,130,42,42,48,1,Half Ballroom,1,0,14,0.0,0.0,1,70.4,165.12,149.86,6294.12,1229.25,910.73,8434.1,32,4795.52,1229.25,867.36,6892.13,0.7619047619047619,18.07,,2024,11,3,61.0,39.0,1,39.47,147.52,186.99,186.99,147.52,1,0.0,42,0,0,0,1,2,1,8,1,0,1,Banquet,2,0,1.5,1229.25,500,240,1421.69,1,0,0,0,0.0,0.4
B-202411-88018,Booked,Banking Consortium,Board of Directors Meeting,Corporate,Hybrid,Full Package,Finance,Finance,RFP,Medium,2024-08-11,2024-09-07,13,2024-11-19,2024-11-21,2,100,45,90,56,1,Half Ballroom,1,0,14,1.0,23544.91,1,71.6,167.76,147.99,13319.1,1055.51,8501.89,22876.5,80,11839.2,1055.51,8097.04,20991.75,0.8888888888888888,144.59,,2024,11,4,68.1,31.9,1,86.34,139.81,226.15,226.15,139.81,2,15.6,38,45,0,0,1,2,2,16,1,0,1,Theater,3,1,2.0,1055.51,800,3936,5900.51,5,0,0,0,100.0,0.47
B-202411-20552,Booked,Industry Trade Group,Networking Summit,Association,In-person,Full Package,Trade/Manufacturing,Trade/Manufacturing,Cvent,Medium,2024-01-27,2024-02-29,23,2024-11-20,2024-11-22,2,298,49,98,64,1,Half Ballroom,1,1,10,1.0,29862.07,2,72.2,166.99,145.27,14236.46,1391.26,10629.7,26257.42,66,9587.82,1391.26,10123.52,21102.6,0.673469387755102,158.18,,2024,11,2,72.8,27.2,0,5.31,145.12,150.43,0.0,150.43,2,16.3,41,49,0,0,1,2,2,16,1,0,1,Theater,2,0,1.5,1391.26,500,3000,4643.76,4,0,0,0,100.0,0.53
B-202411-25675,Booked,Regional Healthcare System,Quarterly Business Review,Corporate,In-person,Full Package,Healthcare,Healthcare,Referral,Low,2024-08-25,2024-09-17,10,2024-11-20,2024-11-21,1,87,58,58,70,1,Half Ballroom,1,0,13,0.0,0.0,2,64.3,168.38,155.52,9020.16,814.05,5935.86,15770.07,46,7153.92,814.05,5653.2,13621.17,0.7931034482758621,80.76,,2024,11,2,62.5,37.5,1,45.15,141.9,187.05,187.05,141.9,1,0.0,58,0,0,0,1,1,1,8,1,0,1,Classroom,3,1,3.0,814.05,650,1560,2799.56,3,0,0,0,100.0,0.58
B-202411-28352,Booked,Family Celebration,Retirement Party,Wedding/Social,In-person,Full Package,Social,Social/Private,Referral,Low,2023-12-05,2024-01-13,26,2024-11-20,2024-11-21,1,351,29,29,36,1,Breakout Room,1,1,13,1.0,11688.53,2,67.5,159.92,145.37,4215.73,407.98,5338.87,9962.58,17,2471.29,407.98,5084.64,7963.91,0.5862068965517241,141.24,,2024,11,2,71.4,28.6,1,62.72,159.91,222.63,222.63,222.63,1,0.0,29,0,0,0,1,1,1,4,0,0,1,Reception,2,0,2.0,407.98,350,1620,2584.85,1,0,1,1,0.0,0.9
B-202411-84623,Booked,Energy Solutions,Customer Advisory Board,Corporate,In-person,Meeting Only,Finance,Other,Third-Party Planner,Low,2024-09-08,2024-09-30,12,2024-11-20,2024-11-22,2,73,0,0,99,1,Half Ballroom,0,1,10,0.0,0.0,2,69.3,170.36,0.0,0.0,1880.82,5643.45,7524.27,0,0.0,1880.82,5374.71,7255.53,,54.29,,2024,11,0,0.0,0.0,0,0.0,0.0,0.0,0.0,0.0,0,0.0,0,0,0,0,2,4,2,24,1,0,1,Theater,3,1,2.75,1880.82,2300,5436,9517.67,4,0,0,0,50.0,0.82
B-202411-93211,Booked,Family Celebration,Milestone Birthday Party,Wedding/Social,In-person,Full Package,Social,Social/Private,RFP,Low,2024-02-21,2024-03-20,21,2024-11-20,2024-11-21,1,273,41,41,46,1,Half Ballroom,1,1,7,0.0,0.0,3,72.0,164.81,152.87,6267.67,1178.8,6748.48,14194.95,22,3363.14,1178.8,6427.12,10969.06,0.5365853658536586,139.72,,2024,11,3,73.0,27.0,1,75.96,151.95,227.91,227.91,151.95,1,0.0,41,0,0,0,1,2,1,8,1,0,1,Banquet,0,0,0.0,1178.8,0,1320,2055.45,1,1,0,1,0.0,0.38
B-202411-55259,Booked,Personal Event,Smith-Johnson Wedding,Wedding/Social,In-person,Meeting Only,Social,Social/Private,Repeat Client,Low,2024-06-24,2024-07-14,15,2024-11-21,2024-11-22,1,150,0,0,51,1,Half Ballroom,0,0,5,1.0,11131.77,1,71.5,164.71,0.0,0.0,996.88,6922.41,7919.29,0,0.0,996.88,6592.77,7589.65,,129.27,,2024,11,0,0.0,0.0,0,0.0,0.0,0.0,0.0,0.0,0,0.0,0,0,0,0,1,2,1,8,1,0,1,Reception,1,0,1.0,996.88,300,1320,2319.08,1,1,0,1,0.0,0.42
B-202411-70062,Booked,Global Industries,Executive Offsite,Corporate,In-person,Full Package,Professional Services,Other,Website,Low,2024-10-04,2024-10-25,8,2024-11-21,2024-11-24,3,48,8,24,10,1,Boardroom,1,1,13,0.0,0.0,3,67.8,163.28,148.18,3556.32,283.22,2231.14,6070.68,20,2963.6,283.22,2124.9,5371.72,0.8333333333333334,212.49,,2024,11,3,50.9,49.1,1,143.3,149.21,292.51,251.62,149.21,2,35.8,4,8,1,0,1,3,3,24,0,1,1,Boardroom,3,1,2.33,283.22,1350,1950,6130.65,3,0,0,0,100.0,0.71
B-202411-41704,Booked,Faith Community,Military Reunion,SMERF,In-person,Meeting Only,Other,Other,Third-Party Planner,Low,2024-10-08,2024-11-01,15,2024-11-22,2024-11-23,1,45,0,0,149,1,Grand Ballroom,0,0,9,0.0,0.0,1,66.5,166.39,0.0,0.0,2029.84,2532.93,4562.77,0,0.0,2029.84,2412.31,4442.15,,16.19,,2024,11,0,0.0,0.0,0,0.0,0.0,0.0,0.0,0.0,0,0.0,0,0,0,0,1,1,1,8,1,0,1,Theater,2,0,2.0,2029.84,350,4200,7214.25,1,0,0,0,100.0,0.62
B-202411-97063,Booked,Volunteer Network,School District Meeting,SMERF,In-person,Full Package,Other,Other,Third-Party Planner,Low,2024-09-07,2024-10-01,13,2024-11-24,2024-11-25,1,78,25,25,30,1,Breakout Room,1,0,11,1.0,5712.96,2,83.5,202.02,174.62,4365.5,541.35,962.96,5869.81,20,3492.4,541.35,917.1,4950.85,0.8,30.57,,2024,11,2,50.5,49.5,0,6.15,153.25,159.4,0.0,153.25,1,0.0,25,0,0,0,1,2,1,8,0,0,1,Classroom,1,0,0.5,541.35,150,1410,2745.86,2,0,0,0,0.0,0.75
B-202411-23489,Booked,Family Celebration,Bar/Bat Mitzvah,Wedding/Social,In-person,Rooms Only,Social,Social/Private,Website,Low,2024-05-09,2024-05-29,15,2024-11-25,2024-11-26,1,200,18,18,19,0,,0,1,5,0.0,0.0,3,70.7,172.6,142.24,2560.32,0.0,0.0,2560.32,10,1422.4,0.0,0.0,1422.4,0.5555555555555556,0.0,,2024,11,3,60.7,39.3,1,81.9,153.15,235.05,235.05,153.15,1,0.0,18,0,0,0,0,0,0,0,0,0,0,,0,0,0.0,0.0,0,0,0.0,0,0,0,0,0.0,0.0
B-202411-24651,Booked,Education Foundation,Regional Chapter Meeting,Association,In-person,Full Package,Education,Education,Referral,Low,2024-05-31,2024-07-05,24,2024-11-25,2024-11-29,4,178,11,44,13,1,Boardroom,1,0,11,1.0,16138.76,2,71.8,161.3,149.83,6592.52,254.83,4161.34,11008.69,35,5244.05,254.83,3963.18,9462.06,0.7954545454545454,304.86,,2024,11,3,58.3,41.7,1,159.0,133.86,292.86,175.43,133.86,2,24.4,4,11,5,7,1,4,4,32,0,1,1,Boardroom,2,0,2.0,254.83,1400,2470,7971.05,3,0,0,0,100.0,0.93
B-202411-36504,Booked,Regional Healthcare System,Innovation Workshop,Corporate,In-person,Full Package,Healthcare,Healthcare,RFP,Medium,2024-08-14,2024-09-02,11,2024-11-25,2024-11-27,2,103,56,112,72,1,Half Ballroom,1,0,8,1.0,44625.95,3,74.7,163.12,139.49,15622.88,1370.61,10144.01,27137.5,104,14506.96,1370.61,9660.96,25538.53,0.9285714285714286,134.18,,2024,11,2,54.1,45.9,1,85.38,185.19,270.57,185.19,185.19,2,5.4,53,56,0,0,2,2,2,16,1,0,1,Classroom,3,1,3.0,1370.61,1300,2280,4769.46,4,0,0,0,100.0,0.6
B-202411-75921,Booked,Pharmaceutical Partners,Regional Team Meeting,Corporate,In-person,Full Package,Healthcare,Healthcare,Third-Party Planner,Low,2024-09-04,2024-09-23,8,2024-11-26,2024-11-28,2,83,49,98,66,1,Half Ballroom,1,1,11,0.0,0.0,2,66.1,170.26,154.62,15152.76,1124.74,11181.56,27459.06,97,14998.14,1124.74,10649.1,26771.98,0.9897959183673468,161.35,,2024,11,2,56.1,43.9,0,13.39,135.82,149.21,0.0,135.82,2,16.3,41,49,0,0,1,2,2,16,1,0,1,Banquet,2,0,1.5,1124.74,500,2568,4286.2,4,0,0,0,100.0,0.55
B-202411-84278,Booked,Banking Consortium,Customer Advisory Board,Corporate,In-person,Full Package,Finance,Finance,Repeat Client,Medium,2024-10-03,2024-10-24,14,2024-11-26,2024-11-28,2,54,33,66,38,1,Breakout Room,1,0,7,1.0,25144.87,2,66.9,168.87,140.23,9255.18,524.71,5683.76,15463.65,63,8834.49,524.71,5413.1,14772.3,0.9545454545454546,142.45,,2024,11,2,60.5,39.5,1,24.86,167.06,191.92,191.92,167.06,2,21.2,26,33,0,0,1,2,2,16,0,0,1,Classroom,3,1,2.5,524.71,1000,5040,8056.08,4,0,0,0,100.0,0.95
B-202411-15230,Booked,Dental Association,Annual Member Conference,Association,In-person,Full Package,Healthcare,Healthcare,Sales Call,Medium,2024-05-03,2024-05-30,16,2024-11-27,2024-11-29,2,208,74,148,90,1,Half Ballroom,1,0,11,1.0,44838.6,2,66.4,157.09,134.66,19929.68,1750.89,6250.23,27930.8,120,16159.2,1750.89,5952.6,23862.69,0.8108108108108109,66.14,,2024,11,4,72.8,27.2,1,88.81,148.05,236.86,236.86,148.05,2,2.7,72,74,0,0,2,5,2,24,1,0,1,Theater,3,1,2.2,1750.89,2150,3936,7943.42,5,0,0,0,20.0,0.75
B-202411-32988,Booked,Real Estate Board,Continuing Education Conference,Association,In-person,Full Package,Government,Government,Cvent,Medium,2024-05-17,2024-06-18,18,2024-11-28,2024-12-01,3,195,37,111,50,1,Half Ballroom,1,1,14,1.0,38506.68,2,67.1,164.58,142.57,15825.27,1336.62,13004.78,30166.67,81,11548.17,1336.62,12385.5,25270.29,0.7297297297297297,247.71,,2024,11,2,57.1,42.9,0,144.48,137.04,281.52,0.0,137.04,2,8.4,36,37,30,0,1,3,3,24,1,0,1,Classroom,2,0,1.67,1336.62,850,3160,5910.28,4,0,0,0,100.0,0.42
B-202412-15171,Booked,Regional Healthcare System,Executive Offsite,Corporate,In-person,Rooms Only,Healthcare,Healthcare,Repeat Client,Medium,2024-09-08,2024-09-23,9,2024-12-01,2024-12-02,1,84,86,86,94,0,,0,0,6,1.0,11400.66,2,42.0,143.49,133.02,11439.72,0.0,0.0,11439.72,68,9045.36,0.0,0.0,9045.36,0.7906976744186046,0.0,,2024,12,4,68.1,31.9,1,152.49,138.18,290.67,224.57,138.18,1,0.0,86,0,0,0,0,0,0,0,0,0,0,,0,0,0.0,0.0,0,0,0.0,0,0,0,0,0.0,0.0
B-202412-53461,Booked,Manufacturing Alliance,Performance Review Summit,Corporate,Hybrid,Full Package,Technology,Other,Website,Medium,2024-10-01,2024-10-23,13,2024-12-01,2024-12-04,3,61,43,129,58,1,Half Ballroom,1,0,9,1.0,52492.34,2,49.1,144.47,123.9,15983.1,1362.03,14192.14,31537.27,112,13876.8,1362.03,13516.32,28755.15,0.8682170542635659,233.04,,2024,12,3,57.9,42.1,1,77.9,151.59,229.49,229.49,151.59,2,9.4,34,43,35,0,1,3,3,24,1,0,1,Theater,3,1,2.33,1362.03,1450,5160,8492.79,5,0,0,0,100.0,0.48
B-202412-61111,Booked,Tour Operator Network,Cultural Heritage Journey,SMERF,Hybrid,Rooms Only,Other,Other,Referral,Low,2024-10-17,2024-11-13,20,2024-12-01,2024-12-02,1,45,26,26,28,0,Meeting Room 1,1,0,7,0.0,0.0,2,45.5,151.68,138.42,3598.92,0.0,0.0,3598.92,24,3322.08,0.0,0.0,3322.08,0.9230769230769232,0.0,,2024,12,2,52.0,48.0,0,8.72,152.02,160.74,0.0,152.02,1,0.0,26,0,0,0,0,1,1,4,0,0,1,,0,0,0.0,0.0,0,0,630.34,0,0,0,0,0.0,0.0
B-202412-65052,Booked,Professional Engineers Society,Awards Gala Weekend,Association,In-person,Full Package,Association,Other,RFP,High,2023-12-24,2024-01-22,20,2024-12-01,2024-12-03,2,343,85,170,118,1,Half Ballroom,1,0,9,0.0,0.0,3,45.8,151.27,130.23,22139.1,1145.38,7115.58,30400.06,124,16148.52,1145.38,6776.74,24070.64,0.7294117647058823,57.43,,2024,12,4,70.5,29.5,1,161.38,126.93,288.31,221.07,126.93,2,5.9,80,85,0,0,1,5,2,24,1,0,1,Theater,2,0,1.6,1145.38,1350,3320,6569.2,3,0,0,0,20.0,0.98
B-202412-42636,Booked,Professional Services Group,Board of Directors Meeting,Corporate,Virtual,Full Package,Technology,Other,Website,Low,2024-09-21,2024-10-13,9,2024-12-02,2024-12-03,1,72,26,26,33,1,Breakout Room,1,1,13,0.0,0.0,4,42.2,145.61,127.9,3325.4,561.62,2523.91,6410.93,22,2813.8,561.62,2403.72,5779.14,0.8461538461538461,72.84,,2024,12,4,67.2,32.8,1,142.28,129.25,271.53,234.02,129.25,1,0.0,26,0,0,0,1,1,1,8,0,0,1,Theater,3,1,3.0,561.62,650,2145,3800.35,3,0,0,0,100.0,0.82
B-202412-85395,Booked,Local School District,Cultural Heritage Festival,SMERF,In-person,Full Package,Education,Education,Website,Low,2024-08-01,2024-08-30,16,2024-12-03,2024-12-04,1,124,50,50,61,1,Half Ballroom,1,0,13,0.0,0.0,2,41.3,144.28,126.24,6312.0,1516.98,1127.28,8956.26,43,5428.32,1516.98,1073.6,8018.9,0.86,17.6,,2024,12,2,68.0,32.0,1,82.85,145.13,227.98,227.98,227.98,1,0.0,50,0,0,0,2,1,1,8,1,0,1,Classroom,1,0,1.0,1516.98,150,240,984.95,1,0,0,0,100.0,0.51
B-202412-54917,Booked,Technology Innovators,Sales Kickoff,Corporate,Hybrid,Full Package,Technology,Technology,Direct Inquiry,Low,2024-09-09,2024-09-30,7,2024-12-04,2024-12-05,1,86,13,13,16,1,Breakout Room,1,0,14,1.0,5105.88,1,42.2,142.79,130.12,1691.56,463.63,1312.58,3467.77,10,1301.2,463.63,1250.08,3014.91,0.7692307692307693,78.13,,2024,12,4,56.6,43.4,1,125.92,142.04,267.96,233.48,142.04,1,0.0,13,0,0,0,1,1,1,8,0,0,1,Classroom,1,0,1.0,463.63,150,1040,2242.38,3,0,0,0,100.0,0.4
B-202412-55700,Booked,Volunteer Network,Faith-Based Conference,SMERF,In-person,Rooms Only,Other,Other,Cvent,Low,2024-07-12,2024-08-02,16,2024-12-06,2024-12-07,1,147,40,40,44,0,,0,0,5,1.0,6581.07,2,49.1,148.95,125.42,5016.8,0.0,0.0,5016.8,30,3762.6,0.0,0.0,3762.6,0.75,0.0,,2024,12,3,53.7,46.3,1,37.36,141.04,178.4,178.4,141.04,1,0.0,40,0,0,0,0,0,0,0,0,0,0,,0,0,0.0,0.0,0,0,0.0,0,0,0,0,0.0,0.0
B-202412-44446,Booked,Youth Organization,School District Meeting,SMERF,In-person,Meeting Only,SMERF,Social/Community,RFP,Low,2024-07-21,2024-08-09,14,2024-12-07,2024-12-08,1,139,0,0,81,1,Half Ballroom,0,0,5,0.0,0.0,2,40.9,151.19,0.0,0.0,1233.01,2828.76,4061.77,0,0.0,1233.01,2694.06,3927.07,,33.26,,2024,12,0,0.0,0.0,0,0.0,0.0,0.0,0.0,0.0,0,0.0,0,0,0,0,1,4,1,16,1,0,1,Theater,1,0,0.5,1233.01,300,800,2435.98,2,0,0,0,0.0,0.68
B-202412-82521,Booked,Regional Healthcare System,Executive Offsite,Corporate,In-person,Full Package,Healthcare,Healthcare,Website,High,2024-10-03,2024-10-22,11,2024-12-10,2024-12-13,3,68,69,207,95,1,Half Ballroom,1,1,8,0.0,0.0,1,43.4,147.94,122.62,25382.34,1485.74,9943.08,36811.16,189,23175.18,1485.74,9469.6,34130.52,0.9130434782608696,99.68,,2024,12,2,65.4,34.6,0,11.75,134.79,146.54,0.0,134.79,2,6.1,62,69,59,0,2,7,3,36,1,0,1,Theater,3,1,2.14,1485.74,2850,6474,12166.99,5,0,0,0,28.6,0.79
B-202412-93148,Booked,Tour Operator Network,Wine Country Excursion,SMERF,In-person,Rooms Only,Other,Other,RFP,Low,2024-09-03,2024-09-20,11,2024-12-10,2024-12-11,1,98,43,43,56,0,Boardroom A,1,0,6,0.0,0.0,2,48.3,149.23,131.66,5661.38,0.0,0.0,5661.38,42,5529.72,0.0,0.0,5529.72,0.9767441860465116,0.0,,2024,12,3,56.6,43.4,1,46.11,127.05,173.16,173.16,127.05,1,0.0,43,0,0,0,0,1,1,4,0,0,1,,1,0,1.0,0.0,150,0,468.54,0,0,0,0,0.0,0.0
B-202412-57917,Booked,Manufacturing Alliance,Performance Review Summit,Corporate,In-person,Full Package,Professional Services,Other,Cvent,Medium,2024-09-27,2024-10-24,13,2024-12-11,2024-12-13,2,75,59,118,73,1,Half Ballroom,1,1,14,0.0,0.0,3,40.2,152.43,127.47,15041.46,1912.67,10916.49,27870.62,112,14276.64,1912.67,10396.66,26585.97,0.9491525423728814,142.42,,2024,12,2,58.5,41.5,1,45.86,133.19,179.05,179.05,133.19,2,5.1,56,59,0,0,2,2,2,16,1,0,1,Classroom,2,0,2.0,1912.67,700,3600,5468.69,4,0,0,0,100.0,0.61
B-202412-73878,Booked,Social Event,Family Reunion Weekend,Wedding/Social,In-person,Full Package,Social,Social/Private,Referral,Low,2024-01-24,2024-03-06,30,2024-12-11,2024-12-12,1,322,23,23,28,1,Breakout Room,1,1,12,0.0,0.0,3,49.4,144.36,128.13,2946.99,475.78,4135.4,7558.17,13,1665.69,475.78,3938.48,6079.95,0.5652173913043478,140.66,,2024,12,2,67.3,32.7,0,18.19,139.69,157.88,0.0,139.69,1,0.0,23,0,0,0,1,1,1,4,0,0,1,Banquet,0,0,0.0,475.78,0,1540,2194.66,1,1,0,1,0.0,0.7
B-202412-48196,Booked,Professional Services Group,Town Hall Meeting,Corporate,In-person,Full Package,Finance,Other,Referral,Medium,2024-10-08,2024-10-25,8,2024-12-18,2024-12-20,2,71,47,94,53,1,Half Ballroom,1,0,9,1.0,26025.16,1,46.2,149.5,126.54,11894.76,1337.08,9254.04,22485.88,86,10882.44,1337.08,8813.37,21032.89,0.9148936170212766,166.29,,2024,12,3,51.7,48.3,1,70.05,146.97,217.02,217.02,146.97,2,6.4,44,47,0,0,1,2,2,16,1,0,1,Classroom,2,0,1.5,1337.08,500,3360,5044.37,5,0,0,0,100.0,0.44
B-202412-14485,Booked,Family Celebration,Graduation Celebration,Wedding/Social,In-person,Rooms Only,Social,Social/Private,Cvent,Medium,2024-03-07,2024-03-30,19,2024-12-19,2024-12-21,2,287,47,94,51,0,,0,1,4,0.0,0.0,3,39.6,146.02,133.06,12507.64,0.0,0.0,12507.64,52,6919.12,0.0,0.0,6919.12,0.5531914893617021,0.0,,2024,12,3,51.4,48.6,1,40.09,145.34,185.43,185.43,150.1,2,17.0,39,47,0,0,0,0,0,0,0,0,0,,0,0,0.0,0.0,0,0,0.0,0,0,0,0,0.0,0.0
B-202412-87474,Booked,Consulting Network,Town Hall Meeting,Corporate,In-person,Rooms Only,Professional Services,Professional Services,Third-Party Planner,Low,2024-09-21,2024-10-10,14,2024-12-19,2024-12-20,1,89,49,49,53,0,,0,0,5,1.0,7494.17,4,46.8,151.36,127.68,6256.32,0.0,0.0,6256.32,44,5617.92,0.0,0.0,5617.92,0.8979591836734694,0.0,,2024,12,2,71.0,29.0,1,88.77,137.15,225.92,225.92,137.15,1,0.0,49,0,0,0,0,0,0,0,0,0,0,,0,0,0.0,0.0,0,0,0.0,0,0,0,0,0.0,0.0
B-202412-13032,Booked,Dental Association,State Convention,Association,Hybrid,Meeting Only,Healthcare,Healthcare,Referral,Low,2024-02-11,2024-03-15,24,2024-12-20,2024-12-23,3,313,0,0,40,1,Breakout Room,0,0,9,1.0,21560.09,1,43.0,150.72,0.0,0.0,473.36,8423.52,8896.88,0,0.0,473.36,8022.4,8495.76,,200.56,,2024,12,0,0.0,0.0,0,0.0,0.0,0.0,0.0,0.0,0,0.0,0,0,0,0,1,3,3,24,0,0,1,Banquet,3,1,2.33,473.36,1350,7416,11822.45,5,0,0,0,100.0,1.0
B-202412-97498,Booked,Private Party,Baby Shower Weekend,Wedding/Social,In-person,Rooms Only,Social,Social/Private,Sales Call,Low,2024-04-29,2024-06-06,33,2024-12-20,2024-12-23,3,235,23,69,25,0,,0,0,5,0.0,0.0,1,43.0,144.92,128.12,8840.28,0.0,0.0,8840.28,39,4996.68,0.0,0.0,4996.68,0.5652173913043478,0.0,,2024,12,2,62.4,37.6,1,13.07,159.42,172.49,172.49,159.42,2,14.2,15,23,19,0,0,0,0,0,0,0,0,,0,0,0.0,0.0,0,0,0.0,0,0,0,0,0.0,0.0
B-202412-41172,Booked,Private Individual,Williams-Brown Wedding,Wedding/Social,In-person,Full Package,Social,Social/Private,Cvent,Low,2024-02-06,2024-03-09,24,2024-12-21,2024-12-22,1,319,22,22,26,1,Breakout Room,1,1,8,0.0,0.0,2,38.9,148.57,135.08,2971.76,531.18,3834.83,7337.77,14,1891.12,531.18,3652.22,6074.52,0.6363636363636364,140.47,,2024,12,2,67.9,32.1,1,46.38,141.28,187.66,187.66,187.66,1,0.0,22,0,0,0,1,1,1,4,0,0,1,Banquet,2,0,2.0,531.18,350,1430,2336.31,1,1,0,1,0.0,0.65
B-202412-50784,Booked,Pharmaceutical Partners,Executive Offsite,Corporate,Hybrid,Rooms Only,Healthcare,Healthcare,Direct Inquiry,Medium,2024-09-29,2024-10-16,10,2024-12-21,2024-12-23,2,83,69,138,75,0,,0,0,7,0.0,0.0,1,46.0,143.97,133.51,18424.38,0.0,0.0,18424.38,133,17756.83,0.0,0.0,17756.83,0.9637681159420288,0.0,,2024,12,2,68.1,31.9,1,34.23,159.29,193.52,193.52,193.52,2,8.7,63,69,0,0,0,0,0,0,0,0,0,,0,0,0.0,0.0,0,0,0.0,0,0,0,0,0.0,0.0
B-202412-81213,Booked,Family Celebration,Baby Shower Weekend,Wedding/Social,In-person,Meeting Only,Social,Social/Private,Sales Call,Low,2024-05-15,2024-06-29,39,2024-12-21,2024-12-22,1,220,0,0,37,1,Breakout Room,0,1,6,1.0,8428.19,3,45.0,146.64,0.0,0.0,590.2,4664.33,5254.53,0,0.0,590.2,4442.22,5032.42,,120.06,,2024,12,0,0.0,0.0,0,0.0,0.0,0.0,0.0,0.0,0,0.0,0,0,0,0,1,1,1,4,0,0,1,Banquet,0,0,0.0,590.2,0,2035,2584.57,1,1,0,1,0.0,0.93
B-202412-85292,Booked,Service Club,Community Theater Production,SMERF,In-person,Full Package,SMERF,Social/Community,RFP,Medium,2024-09-26,2024-10-25,21,2024-12-21,2024-12-23,2,86,35,70,47,1,Half Ballroom,1,0,8,0.0,0.0,2,47.9,146.05,124.34,8703.8,802.11,3281.28,12787.19,62,7709.08,802.11,3125.03,11636.22,0.8857142857142857,66.49,,2024,12,3,69.3,30.7,1,84.53,183.28,267.81,226.82,267.81,2,8.6,32,35,0,0,1,3,2,16,1,0,1,Classroom,2,0,1.0,802.11,500,940,2672.47,2,0,0,0,33.3,0.39
B-202412-22424,Booked,Regional Healthcare System,Strategic Planning Retreat,Corporate,In-person,Meeting Only,Healthcare,Healthcare,Third-Party Planner,Low,2024-09-20,2024-10-07,12,2024-12-22,2024-12-23,1,93,0,0,61,1,Half Ballroom,0,0,5,0.0,0.0,3,50.0,148.92,0.0,0.0,944.18,4530.26,5474.44,0,0.0,944.18,4314.53,5258.71,,70.73,,2024,12,0,0.0,0.0,0,0.0,0.0,0.0,0.0,0.0,0,0.0,0,0,0,0,1,1,1,8,1,0,1,Theater,2,0,2.0,944.18,350,1008,2014.67,3,0,0,0,100.0,0.51
B-202412-49705,Booked,Legal Society,Certification Training,Association,In-person,Full Package,Legal,Legal,Third-Party Planner,Medium,2024-05-29,2024-07-05,26,2024-12-22,2024-12-24,2,207,41,82,50,1,Half Ballroom,1,0,11,1.0,24686.62,3,45.7,150.59,137.03,11236.46,1285.45,7488.6,20010.51,65,8906.95,1285.45,7132.0,17324.4,0.7926829268292683,142.64,,2024,12,4,56.5,43.5,1,87.62,133.63,221.25,221.25,135.95,2,19.5,33,41,0,0,1,2,2,16,1,0,1,Theater,3,1,2.0,1285.45,800,3040,5062.58,5,0,0,0,100.0,0.42
B-202412-51534,Booked,Professional Engineers Society,Industry Forum,Association,Hybrid,Meeting Only,Association,Other,RFP,Low,2024-03-15,2024-04-06,14,2024-12-24,2024-12-28,4,284,0,0,49,1,Half Ballroom,0,0,8,1.0,33177.3,1,44.2,147.82,0.0,0.0,1316.15,15628.97,16945.12,0,0.0,1316.15,14884.73,16200.88,,303.77,,2024,12,0,0.0,0.0,0,0.0,0.0,0.0,0.0,0.0,0,0.0,0,0,0,0,1,4,4,32,1,0,1,Theater,2,0,1.25,1316.15,800,6120,9282.76,5,0,0,0,100.0,0.41
B-202412-26338,Booked,Industry Trade Group,Member Appreciation Event,Association,Hybrid,Full Package,Trade/Manufacturing,Trade/Manufacturing,Third-Party Planner,Medium,2024-02-07,2024-03-18,28,2024-12-25,2024-12-28,3,322,24,72,33,1,Breakout Room,1,1,12,1.0,22578.22,1,46.4,148.02,135.0,9720.0,583.29,7718.29,18021.58,50,6750.0,583.29,7350.75,14684.04,0.6944444444444444,222.75,,2024,12,3,57.3,42.7,1,139.96,125.17,265.13,234.45,125.17,2,12.3,22,24,17,0,1,3,3,24,0,0,1,Classroom,3,1,2.0,583.29,1150,4851,9025.35,5,0,0,0,100.0,0.82
B-202412-80707,Booked,Insurance Federation,Networking Summit,Association,In-person,Full Package,Finance,Finance,Direct Inquiry,Medium,2024-04-06,2024-05-05,15,2024-12-26,2024-12-28,2,264,71,142,92,1,Half Ballroom,1,1,14,1.0,38863.11,1,44.3,149.16,133.15,18907.3,1369.55,5592.17,25869.02,96,12782.4,1369.55,5325.88,19477.83,0.676056338028169,57.89,,2024,12,4,59.1,40.9,1,140.3,138.76,279.06,242.67,138.76,2,11.3,63,71,0,0,2,5,2,24,1,0,1,Classroom,3,1,2.2,1369.55,2150,3960,7950.62,5,0,0,0,20.0,0.77
B-202412-29715,Booked,Legal Society,Regional Chapter Meeting,Association,In-person,Full Package,Legal,Legal,Sales Call,Medium,2024-07-20,2024-08-17,17,2024-12-27,2024-12-30,3,160,41,123,48,1,Half Ballroom,1,0,11,1.0,50411.28,1,42.0,151.34,133.05,16365.15,1244.53,12330.86,29940.54,96,12772.8,1244.53,11743.68,25761.01,0.7804878048780488,244.66,,2024,12,4,58.0,42.0,1,137.09,139.43,276.52,169.99,142.58,2,11.7,39,41,30,0,1,3,3,24,1,0,1,Theater,3,1,2.0,1244.53,1150,4620,7626.81,4,0,0,0,100.0,0.4
B-202412-48415,Booked,Personal Event,Smith-Johnson Wedding,Wedding/Social,Hybrid,Full Package,Social,Social/Private,Third-Party Planner,Low,2024-07-31,2024-09-16,37,2024-12-28,2024-12-29,1,150,14,14,17,1,Breakout Room,1,1,10,0.0,0.0,2,44.6,148.95,130.68,1829.52,356.56,2311.4,4497.48,7,914.76,356.56,2201.33,3472.65,0.5,129.49,,2024,12,4,73.1,26.9,1,92.36,131.28,223.64,223.64,131.28,1,0.0,14,0,0,0,1,1,1,4,0,0,1,Banquet,1,0,1.0,356.56,150,765,1507.68,1,0,1,1,0.0,0.42
B-202412-65215,Booked,Nonprofit Foundation,Faith-Based Conference,SMERF,In-person,Meeting Only,Technology,Technology,Sales Call,Low,2024-10-17,2024-11-07,12,2024-12-29,2024-12-31,2,73,0,0,84,1,Half Ballroom,0,0,9,1.0,10937.87,2,48.0,142.02,0.0,0.0,1593.05,3549.17,5142.22,0,0.0,1593.05,3380.16,4973.21,,40.24,,2024,12,0,0.0,0.0,0,0.0,0.0,0.0,0.0,0.0,0,0.0,0,0,0,0,2,5,2,32,1,0,1,Theater,2,0,0.8,1593.05,650,432,3506.33,1,0,0,0,60.0,0.7
B-202412-76561,Booked,Dental Association,Board Retreat,Association,Virtual,Full Package,Healthcare,Healthcare,Referral,Low,2024-04-07,2024-05-12,25,2024-12-29,2024-12-30,1,266,42,42,51,1,Half Ballroom,1,0,10,1.0,13712.39,1,46.7,146.84,124.11,5212.62,1238.07,3787.06,10237.75,28,3475.08,1238.07,3606.72,8319.87,0.6666666666666666,70.72,,2024,12,3,71.7,28.3,0,126.64,141.54,268.18,0.0,141.54,1,0.0,42,0,0,0,1,1,1,8,1,0,1,Theater,1,0,1.0,1238.07,150,1540,2233.1,4,0,0,0,100.0,0.42
B-202501-33253,Booked,Legal Society,Professional Development Symposium,Association,In-person,Full Package,Legal,Legal,Cvent,Medium,2024-04-29,2024-05-25,16,2025-01-04,2025-01-05,1,250,130,130,180,1,Grand Ballroom,1,1,10,1.0,40750.31,3,44.4,152.82,133.67,17377.1,1965.76,7508.97,26851.83,100,13367.0,1965.76,7151.4,22484.16,0.7575757575757576,39.73,,2025,1,2,69.0,31.0,1,17.59,162.17,179.76,179.76,179.76,1,0.0,130,0,0,0,1,1,1,8,1,0,1,Classroom,3,1,3.0,1965.76,650,11340,14472.44,2,0,0,0,100.0,0.75
B-202501-99302,Booked,Personal Event,Quinceañera Celebration,Wedding/Social,In-person,Full Package,Social,Social/Private,Sales Call,Medium,2024-05-11,2024-06-08,18,2025-01-05,2025-01-06,1,239,34,34,40,1,Breakout Room,1,0,10,0.0,0.0,1,49.0,148.32,130.81,4447.54,478.53,5905.62,10831.69,22,2877.82,478.53,5624.4,8980.75,0.6470588235294118,140.61,,2025,1,2,74.0,26.0,1,40.9,132.05,172.95,172.95,132.05,1,0.0,34,0,0,0,1,1,1,4,0,0,1,Reception,2,0,2.0,478.53,350,1800,2755.66,1,0,1,1,0.0,1.0
B-202501-88377,Booked,Technology Innovators,Strategic Planning Retreat,Corporate,In-person,Full Package,Technology,Technology,Repeat Client,Medium,2024-11-09,2024-11-30,13,2025-01-07,2025-01-09,2,59,5,10,6,1,Boardroom,1,0,8,0.0,0.0,2,49.5,151.26,135.57,1355.7,262.57,872.99,2491.26,8,1084.56,262.57,831.42,2178.55,0.8,138.57,,2025,1,3,53.4,46.6,1,108.48,125.52,234.0,234.0,125.52,2,60.0,2,5,0,0,1,2,2,16,0,1,1,Boardroom,3,1,2.5,262.57,1000,702,3689.16,5,0,0,0,100.0,0.43
B-202501-38701,Booked,State Medical Association,Educational Seminar Series,Association,In-person,Full Package,Healthcare,Healthcare,RFP,High,2024-07-16,2024-08-13,16,2025-01-08,2025-01-11,3,176,59,177,80,1,Half Ballroom,1,0,12,0.0,0.0,3,50.0,149.93,123.94,21937.38,1156.53,17372.88,40466.79,117,14500.98,1156.53,16545.6,32203.11,0.6610169491525424,206.82,,2025,1,4,74.7,25.3,1,140.94,149.76,290.7,231.59,149.76,2,5.6,56,59,51,0,1,3,3,24,1,0,1,Classroom,2,0,1.67,1156.53,850,4080,6594.21,5,0,0,0,100.0,0.67
B-202501-22324,Booked,HR Professionals Network,Policy Symposium,Association,Hybrid,Full Package,Professional Services,Professional Services,Repeat Client,High,2024-03-02,2024-04-02,22,2025-01-11,2025-01-14,3,315,95,285,111,1,Half Ballroom,1,0,9,1.0,97829.47,2,47.5,149.53,122.74,34980.9,828.71,10158.5,45968.11,204,25038.96,828.71,9674.76,35542.43,0.7157894736842105,87.16,,2025,1,4,59.2,40.8,1,142.78,140.82,283.6,236.57,140.82,2,4.4,92,95,85,0,1,6,3,36,1,0,1,Classroom,3,1,2.33,828.71,2800,5912,11428.8,5,0,0,0,50.0,0.93
B-202501-57377,Booked,Private Party,Memorial Service Gathering,Wedding/Social,In-person,Rooms Only,Social,Social/Private,Website,Low,2024-04-10,2024-05-08,22,2025-01-11,2025-01-12,1,276,35,35,38,0,,0,1,6,0.0,0.0,2,46.9,152.24,139.4,4879.0,0.0,0.0,4879.0,19,2648.6,0.0,0.0,2648.6,0.5428571428571428,0.0,,2025,1,4,52.0,48.0,1,151.47,131.78,283.25,178.38,131.78,1,0.0,35,0,0,0,0,0,0,0,0,0,0,,0,0,0.0,0.0,0,0,0.0,0,0,0,0,0.0,0.0
B-202501-62894,Booked,Consulting Network,Innovation Workshop,Corporate,In-person,Meeting Only,Professional Services,Professional Services,Repeat Client,Medium,2024-10-24,2024-11-09,10,2025-01-11,2025-01-13,2,79,0,0,114,1,Half Ballroom,0,1,6,0.0,0.0,1,47.4,154.01,0.0,0.0,1095.94,7895.41,8991.35,0,0.0,1095.94,7519.44,8615.38,,65.96,,2025,1,0,0.0,0.0,0,0.0,0.0,0.0,0.0,0.0,0,0.0,0,0,0,0,1,5,2,24,1,0,1,Theater,3,1,2.2,1095.94,2150,4818,8925.8,5,0,0,0,20.0,0.95
B-202501-93817,Booked,Youth Athletics,Volunteer Training,SMERF,In-person,Rooms Only,SMERF,Social/Community,Sales Call,Low,2024-08-31,2024-09-22,15,2025-01-11,2025-01-12,1,133,58,58,63,0,,0,0,7,1.0,11682.67,3,46.6,149.0,126.71,7349.18,0.0,0.0,7349.18,50,6335.5,0.0,0.0,6335.5,0.8620689655172413,0.0,,2025,1,4,54.3,45.7,1,143.08,131.61,274.69,189.75,131.61,1,0.0,58,0,0,0,0,0,0,0,0,0,0,,0,0,0.0,0.0,0,0,0.0,0,0,0,0,0.0,0.0
B-202501-27479,Booked,Tour Operator Network,Culinary Tour Group,Corporate,In-person,Full Package,Trade/Manufacturing,Trade/Manufacturing,RFP,Medium,2024-10-05,2024-10-21,7,2025-01-14,2025-01-15,1,101,72,72,83,1,Half Ballroom,1,1,9,0.0,0.0,3,44.9,142.13,121.29,8732.88,1335.18,0.0,10068.06,66,8005.14,1335.18,0.0,9340.32,0.9166666666666666,0.0,,2025,1,3,58.9,41.1,1,123.01,167.55,290.56,227.66,290.56,1,0.0,72,0,0,0,1,2,1,8,1,0,1,Theater,1,0,0.5,1335.18,150,0,762.4,0,0,0,0,0.0,0.69
B-202501-75160,Booked,Dental Association,Committee Meeting,Association,In-person,Full Package,Healthcare,Healthcare,Direct Inquiry,Medium,2024-04-09,2024-05-15,22,2025-01-15,2025-01-17,2,281,69,138,84,1,Half Ballroom,1,1,14,1.0,37761.22,1,50.3,148.12,128.99,17800.62,1840.46,5502.8,25143.88,103,13285.97,1840.46,5240.76,20367.19,0.7463768115942029,62.39,,2025,1,4,65.7,34.3,1,139.44,140.02,279.46,223.88,140.02,2,7.2,64,69,0,0,2,5,2,24,1,0,1,Theater,3,1,1.4,1840.46,1250,4000,7173.61,5,0,0,0,20.0,0.7
B-202501-23673,Booked,Cultural Journeys,Cultural Heritage Journey,SMERF,In-person,Rooms Only,Education,Education,Repeat Client,Medium,2024-11-19,2024-12-11,18,2025-01-16,2025-01-18,2,58,32,64,35,0,,0,0,4,0.0,0.0,1,44.6,145.23,119.54,7650.56,0.0,0.0,7650.56,63,7531.02,0.0,0.0,7531.02,0.984375,0.0,,2025,1,4,71.1,28.9,0,140.93,134.57,275.5,0.0,152.78,2,12.5,28,32,0,0,0,0,0,0,0,0,0,,0,0,0.0,0.0,0,0,0.0,0,0,0,0,0.0,0.0
B-202501-31129,Booked,Private Individual,Martinez-Garcia Wedding,Wedding/Social,In-person,Full Package,Social,Social/Private,Repeat Client,Medium,2024-04-30,2024-06-19,37,2025-01-17,2025-01-18,1,262,37,37,43,1,Half Ballroom,1,1,13,0.0,0.0,1,50.9,147.91,123.68,4576.16,915.08,6121.44,11612.68,21,2597.28,915.08,5829.94,9342.3,0.5675675675675675,135.58,,2025,1,2,74.1,25.9,0,137.27,146.9,284.17,0.0,146.9,1,0.0,37,0,0,0,1,2,1,8,1,0,1,Reception,1,0,1.0,915.08,300,1320,2333.99,1,1,0,1,0.0,0.36
B-202501-89179,Booked,Travel Club International,Architecture Tour Group,SMERF,In-person,Rooms Only,Association,Association,RFP,Medium,2024-11-03,2024-11-27,18,2025-01-18,2025-01-19,1,76,39,39,51,0,Boardroom A,1,0,6,1.0,7114.61,1,50.1,148.33,122.65,4783.35,0.0,0.0,4783.35,38,4660.7,0.0,0.0,4660.7,0.9743589743589745,0.0,,2025,1,4,55.6,44.4,1,123.1,128.41,251.51,251.51,128.41,1,0.0,39,0,0,0,0,1,1,4,0,0,1,,1,0,1.0,0.0,150,0,518.99,0,0,0,0,0.0,0.0
B-202501-41275,Booked,Professional Services Group,New Hire Orientation,Corporate,Hybrid,Rooms Only,Finance,Other,Repeat Client,Medium,2024-11-20,2024-12-09,13,2025-01-19,2025-01-20,1,60,30,30,33,0,,0,1,6,1.0,5544.34,2,47.9,148.65,132.87,3986.1,0.0,0.0,3986.1,24,3188.88,0.0,0.0,3188.88,0.8,0.0,,2025,1,3,64.3,35.7,1,155.27,136.65,291.92,189.34,136.65,1,0.0,30,0,0,0,0,0,0,0,0,0,0,,0,0,0.0,0.0,0,0,0.0,0,0,0,0,0.0,0.0
B-202501-20775,Booked,Professional Engineers Society,Member Appreciation Event,Association,In-person,Meeting Only,Association,Other,Referral,Medium,2024-06-23,2024-07-20,20,2025-01-20,2025-01-23,3,211,0,0,53,1,Half Ballroom,0,0,7,0.0,0.0,1,47.2,147.35,0.0,0.0,1251.31,12167.32,13418.63,0,0.0,1251.31,11587.92,12839.23,,218.64,,2025,1,0,0.0,0.0,0,0.0,0.0,0.0,0.0,0.0,0,0.0,0,0,0,0,1,3,3,24,1,0,1,Classroom,2,0,1.67,1251.31,850,3400,6073.29,5,0,0,0,100.0,0.44
B-202501-16285,Booked,Travel Club International,Photography Expedition,Corporate,In-person,Rooms Only,Professional Services,Professional Services,Cvent,Medium,2024-12-22,2025-01-10,13,2025-01-21,2025-01-22,1,30,22,22,24,0,,0,1,6,0.0,0.0,2,48.3,147.84,122.56,2696.32,0.0,0.0,2696.32,21,2573.76,0.0,0.0,2573.76,0.9545454545454546,0.0,,2025,1,2,62.8,37.2,0,133.57,143.2,276.77,0.0,143.2,1,0.0,22,0,0,0,0,0,0,0,0,0,0,,0,0,0.0,0.0,0,0,0.0,0,0,0,0,0.0,0.0
B-202501-55521,Booked,Nursing Council,Networking Summit,Association,Hybrid,Full Package,Healthcare,Healthcare,Sales Call,High,2024-07-13,2024-08-11,19,2025-01-23,2025-01-25,2,194,86,172,116,1,Half Ballroom,1,0,10,1.0,42947.82,4,47.4,152.21,125.36,21561.92,1413.75,8065.6,31041.27,114,14291.04,1413.75,7681.52,23386.31,0.6627906976744186,66.22,,2025,1,4,68.9,31.1,1,122.15,149.31,271.46,193.04,151.36,2,11.6,76,86,0,0,2,4,2,24,1,0,1,Theater,3,1,2.25,1413.75,1800,3740,7358.16,4,0,0,0,50.0,0.97
B-202501-57706,Booked,Nursing Council,Networking Summit,Association,In-person,Full Package,Healthcare,Healthcare,Referral,Medium,2024-04-22,2024-05-22,16,2025-01-23,2025-01-25,2,276,36,72,44,1,Half Ballroom,1,0,14,0.0,0.0,2,44.5,146.59,131.35,9457.2,871.47,7267.26,17595.93,51,6698.85,871.47,6921.2,14491.52,0.7083333333333334,157.3,,2025,1,2,64.9,35.1,0,5.26,145.65,150.91,0.0,150.91,2,8.3,33,36,0,0,1,2,2,16,1,0,1,Theater,3,1,2.5,871.47,1000,3000,5261.63,3,0,0,0,100.0,0.37
B-202501-36336,Booked,Volunteer Network,Volunteer Training,SMERF,In-person,Full Package,Other,Other,Sales Call,Medium,2024-09-11,2024-10-12,20,2025-01-25,2025-01-27,2,136,50,100,59,1,Half Ballroom,1,0,11,0.0,0.0,2,47.6,147.07,125.83,12583.0,1234.54,2407.38,16224.92,76,9563.08,1234.54,2292.74,13090.36,0.76,38.86,,2025,1,3,71.1,28.9,1,81.58,140.86,222.44,222.44,140.86,2,10.0,45,50,0,0,1,4,2,16,1,0,1,Classroom,2,0,1.25,1234.54,800,480,2618.07,1,0,0,0,0.0,0.49
B-202501-37443,Booked,Consulting Network,Management Training,Corporate,In-person,Full Package,Professional Services,Professional Services,Referral,Medium,2024-11-28,2024-12-17,7,2025-01-25,2025-01-27,2,58,37,74,49,1,Half Ballroom,1,0,12,1.0,23728.39,1,48.4,149.26,129.21,9561.54,1084.73,6867.03,17513.3,62,8011.02,1084.73,6540.03,15635.78,0.8378378378378378,133.47,,2025,1,3,57.9,42.1,1,142.42,140.96,283.38,188.45,188.45,2,18.9,30,37,0,0,1,2,2,16,1,0,1,Classroom,2,0,2.0,1084.73,700,3360,5223.05,4,0,0,0,100.0,0.41
B-202501-82918,Booked,Energy Solutions,Annual Sales Conference,Corporate,In-person,Full Package,Professional Services,Other,RFP,Medium,2024-10-16,2024-11-07,11,2025-01-27,2025-01-29,2,103,53,106,74,1,Half Ballroom,1,0,11,1.0,31245.0,2,49.3,151.09,130.15,13795.9,818.68,12045.83,26660.41,101,13145.15,818.68,11472.22,25436.05,0.9528301886792452,155.03,,2025,1,2,72.2,27.8,0,3.5,145.32,148.82,0.0,145.32,2,5.7,50,53,0,0,1,2,2,16,1,0,1,Theater,2,0,2.0,818.68,700,3360,5234.52,4,0,0,0,100.0,0.62
B-202501-18359,Booked,Legal Society,Annual Member Conference,Association,In-person,Full Package,Legal,Legal,RFP,Low,2024-08-31,2024-10-08,28,2025-01-28,2025-01-30,2,150,27,54,30,1,Breakout Room,1,0,10,1.0,20773.75,2,45.8,143.64,123.43,6665.22,467.21,4677.12,11809.55,35,4320.05,467.21,4454.4,9241.66,0.6481481481481481,148.48,,2025,1,4,60.2,39.8,1,97.47,126.78,224.25,224.25,136.84,2,18.5,22,27,0,0,1,2,2,16,0,0,1,Classroom,2,0,1.5,467.21,500,4560,6951.41,5,0,0,0,100.0,0.75
B-202501-56111,Booked,Education Foundation,Board Retreat,Association,In-person,Full Package,Education,Education,RFP,Low,2024-07-21,2024-08-18,18,2025-01-28,2025-01-29,1,191,50,50,66,1,Half Ballroom,1,0,10,1.0,21530.21,3,48.0,144.75,125.68,6284.0,1409.65,4885.65,12579.3,35,4398.8,1409.65,4653.0,10461.45,0.7,70.5,,2025,1,4,70.6,29.4,1,137.03,143.16,280.19,171.3,143.16,1,0.0,50,0,0,0,2,1,1,8,1,0,1,Classroom,2,0,2.0,1409.65,350,1300,2259.73,3,0,0,0,100.0,0.55
B-202501-96967,Booked,Consulting Network,Performance Review Summit,Corporate,In-person,Rooms Only,Professional Services,Professional Services,Repeat Client,Medium,2024-11-29,2024-12-20,14,2025-01-28,2025-01-30,2,60,36,72,39,0,,0,1,7,0.0,0.0,2,46.8,150.88,124.63,8973.36,0.0,0.0,8973.36,58,7228.54,0.0,0.0,7228.54,0.8055555555555556,0.0,,2025,1,4,51.0,49.0,1,146.86,125.56,272.42,175.48,125.56,2,5.6,34,36,0,0,0,0,0,0,0,0,0,,0,0,0.0,0.0,0,0,0.0,0,0,0,0,0.0,0.0
B-202501-33264,Booked,Service Club,Band Competition,SMERF,In-person,Full Package,SMERF,Social/Community,Cvent,Medium,2024-08-20,2024-09-11,14,2025-01-29,2025-01-31,2,162,39,78,44,1,Half Ballroom,1,0,8,0.0,0.0,2,54.6,148.46,132.33,10321.74,1305.95,2949.87,14577.56,64,8469.12,1305.95,2809.4,12584.47,0.8205128205128205,63.85,,2025,1,2,72.3,27.7,1,29.38,166.98,196.36,196.36,166.98,2,15.4,33,39,0,0,1,3,2,16,1,0,1,Banquet,1,0,0.67,1305.95,300,1180,2803.16,2,0,0,0,33.3,0.37
B-202501-25247,Booked,State Medical Association,Networking Summit,Association,In-person,Full Package,Healthcare,Healthcare,Direct Inquiry,Medium,2024-09-17,2024-10-19,22,2025-01-30,2025-02-02,3,135,48,144,52,1,Half Ballroom,1,1,10,1.0,47771.5,1,46.6,149.9,126.27,18182.88,1366.94,13018.82,32568.64,99,12500.73,1366.94,12398.88,26266.55,0.6875,238.44,,2025,1,3,65.0,35.0,1,105.81,134.67,240.48,240.48,134.67,2,2.0,46,48,46,0,1,3,3,24,1,0,1,Classroom,2,0,1.33,1366.94,650,4340,6866.24,5,0,0,0,100.0,0.43
B-202501-55751,Booked,Global Industries,Town Hall Meeting,Corporate,Hybrid,Full Package,Technology,Other,Referral,Medium,2024-11-13,2024-11-29,8,2025-01-30,2025-02-01,2,78,39,78,49,1,Half Ballroom,1,1,8,0.0,0.0,2,52.0,153.22,134.68,10505.04,893.03,8159.46,19557.53,75,10101.0,893.03,7770.91,18764.94,0.9615384615384616,158.59,,2025,1,4,59.3,40.7,1,97.0,143.32,240.32,240.32,143.32,2,5.1,37,39,0,0,1,2,2,16,1,0,1,Theater,1,0,1.0,893.03,300,3312,4721.3,3,0,0,0,100.0,0.41
B-202501-94188,Booked,Heritage Travel,Senior Travel Club,Corporate,Hybrid,Rooms Only,Finance,Finance,Referral,High,2024-10-22,2024-11-06,10,2025-01-30,2025-01-31,1,100,23,23,25,0,,0,0,5,1.0,3959.71,2,51.1,148.45,134.17,3085.91,0.0,0.0,3085.91,21,2817.57,0.0,0.0,2817.57,0.9130434782608696,0.0,,2025,1,3,54.6,45.4,0,147.53,131.27,278.8,0.0,131.27,1,0.0,23,0,0,0,0,0,0,0,0,0,0,,0,0,0.0,0.0,0,0,0.0,0,0,0,0,0.0,0.0
B-202501-93424,Booked,Pharmaceutical Partners,Sales Kickoff,Corporate,In-person,Full Package,Healthcare,Healthcare,Repeat Client,High,2024-10-29,2024-11-20,13,2025-01-31,2025-02-02,2,94,63,126,72,1,Half Ballroom,1,0,9,0.0,0.0,2,45.1,147.2,132.9,16745.4,1562.93,10354.18,28662.51,107,14220.3,1562.93,9861.12,25644.35,0.8492063492063492,136.96,,2025,1,3,64.5,35.5,1,96.55,125.47,222.02,222.02,125.47,2,9.5,57,63,0,0,2,2,2,16,1,0,1,Classroom,3,1,2.0,1562.93,800,3408,5423.02,4,0,0,0,100.0,0.6
B-202501-99674,Booked,Financial Services Group,Regional Team Meeting,Corporate,In-person,Full Package,Finance,Finance,Website,Medium,2024-11-07,2024-11-24,8,2025-01-31,2025-02-01,1,85,39,39,51,1,Half Ballroom,1,1,9,0.0,0.0,2,44.5,155.38,131.3,5120.7,1132.51,4191.89,10445.1,34,4464.2,1132.51,3992.28,9588.99,0.8717948717948718,78.28,,2025,1,4,58.5,41.5,1,139.03,147.43,286.46,248.2,150.73,1,0.0,39,0,0,0,1,1,1,8,1,0,1,Classroom,2,0,2.0,1132.51,350,1848,2799.93,4,0,0,0,100.0,0.42
B-202502-30016,Booked,Heritage Travel,Regional History Tour,SMERF,In-person,Rooms Only,SMERF,SMERF,Website,Low,2024-10-30,2024-11-15,10,2025-02-02,2025-02-03,1,95,28,28,38,0,Meeting Room 1,1,0,6,1.0,8793.51,1,52.4,152.38,127.42,3567.76,0.0,0.0,3567.76,27,3440.34,0.0,0.0,3440.34,0.9642857142857144,0.0,,2025,2,4,62.0,38.0,0,143.82,126.61,270.43,0.0,146.96,1,0.0,28,0,0,0,0,1,1,4,0,0,1,,1,0,1.0,0.0,150,0,750.49,0,0,0,0,0.0,0.0
B-202502-54260,Booked,Energy Solutions,Executive Offsite,Corporate,In-person,Full Package,Professional Services,Other,Sales Call,Low,2024-11-13,2024-12-09,14,2025-02-02,2025-02-03,1,81,28,28,38,1,Breakout Room,1,0,12,0.0,0.0,1,54.2,158.65,135.13,3783.64,382.03,3341.23,7506.9,25,3378.25,382.03,3182.12,6942.4,0.8928571428571429,83.74,,2025,2,2,65.6,34.4,1,57.68,130.41,188.09,188.09,130.41,1,0.0,28,0,0,0,1,1,1,8,0,0,1,Classroom,1,0,1.0,382.03,150,2772,3835.72,4,0,0,0,100.0,0.95
B-202502-52910,Booked,Regional Healthcare System,Leadership Summit,Corporate,In-person,Full Package,Healthcare,Healthcare,RFP,Low,2024-11-25,2024-12-11,7,2025-02-03,2025-02-04,1,70,40,40,55,1,Half Ballroom,1,1,9,0.0,0.0,2,53.8,158.67,146.21,5848.4,1272.86,2508.66,9629.92,32,4678.72,1272.86,2389.2,8340.78,0.8,43.44,,2025,2,2,64.1,35.9,1,37.32,142.21,179.53,179.53,179.53,1,0.0,40,0,0,0,1,1,1,8,1,0,1,Banquet,3,1,3.0,1272.86,650,1272,2537.73,2,0,0,0,100.0,0.46
B-202502-92402,Booked,Volunteer Network,Church Retreat Weekend,SMERF,In-person,Meeting Only,Other,Other,Sales Call,Low,2024-10-18,2024-11-08,15,2025-02-06,2025-02-08,2,111,0,0,114,1,Half Ballroom,0,0,6,1.0,16564.22,3,59.7,156.61,0.0,0.0,1393.49,6766.64,8160.13,0,0.0,1393.49,6444.42,7837.91,,56.53,,2025,2,0,0.0,0.0,0,0.0,0.0,0.0,0.0,0.0,0,0.0,0,0,0,0,1,7,2,32,1,0,1,Classroom,2,0,1.29,1393.49,1500,992,5109.21,2,0,0,0,14.3,0.95
B-202502-14678,Booked,Professional Engineers Society,Industry Forum,Association,In-person,Full Package,Association,Other,RFP,Medium,2024-03-07,2024-04-12,23,2025-02-07,2025-02-10,3,337,35,105,43,1,Half Ballroom,1,0,13,1.0,38697.13,2,49.9,156.46,144.14,15134.7,879.62,9808.39,25822.71,78,11242.92,879.62,9341.32,21463.86,0.7428571428571429,217.24,,2025,2,3,72.3,27.7,0,144.82,144.19,289.01,0.0,147.31,2,13.0,24,35,28,0,1,3,3,24,1,0,1,Theater,3,1,2.0,879.62,1150,4120,7109.89,5,0,0,0,100.0,0.36
B-202502-66747,Booked,Financial Services Group,Innovation Workshop,Corporate,In-person,Meeting Only,Finance,Finance,Referral,Low,2024-11-27,2024-12-11,9,2025-02-09,2025-02-10,1,74,0,0,30,1,Breakout Room,0,0,5,1.0,4673.95,2,49.9,151.14,0.0,0.0,378.69,578.97,957.66,0,0.0,378.69,551.4,930.09,,18.38,,2025,2,0,0.0,0.0,0,0.0,0.0,0.0,0.0,0.0,0,0.0,0,0,0,0,1,1,1,8,0,0,1,Classroom,2,0,2.0,378.69,350,540,1802.47,1,0,0,0,100.0,0.75
B-202502-60694,Booked,Real Estate Board,Policy Symposium,Association,Hybrid,Rooms Only,Government,Government,Sales Call,Medium,2024-03-09,2024-03-29,15,2025-02-10,2025-02-12,2,338,75,150,82,0,,0,0,5,0.0,0.0,4,58.9,158.61,132.64,19896.0,0.0,0.0,19896.0,111,14723.04,0.0,0.0,14723.04,0.74,0.0,,2025,2,3,64.7,35.3,1,112.91,131.75,244.66,244.66,131.75,2,12.0,66,75,0,0,0,0,0,0,0,0,0,,0,0,0.0,0.0,0,0,0.0,0,0,0,0,0.0,0.0
B-202502-66588,Booked,Manufacturing Alliance,Regional Team Meeting,Corporate,In-person,Full Package,Technology,Other,Cvent,Low,2024-12-09,2025-01-03,11,2025-02-12,2025-02-13,1,65,40,40,45,1,Half Ballroom,1,0,14,0.0,0.0,2,54.8,153.9,139.06,5562.4,1361.58,751.75,7675.73,35,4867.1,1361.58,715.95,6944.63,0.875,15.91,,2025,2,2,74.0,26.0,1,104.43,130.34,234.77,234.77,130.34,1,0.0,40,0,0,0,1,1,1,8,1,0,1,Banquet,2,0,2.0,1361.58,350,672,1664.63,1,0,0,0,100.0,0.38
B-202502-67423,Booked,Professional Engineers Society,State Convention,Association,In-person,Meeting Only,Association,Other,Third-Party Planner,Low,2024-04-20,2024-05-20,22,2025-02-14,2025-02-16,2,300,0,0,81,1,Half Ballroom,0,0,8,1.0,20387.25,2,56.6,158.53,0.0,0.0,1019.12,5239.08,6258.2,0,0.0,1019.12,4989.6,6008.72,,61.6,,2025,2,0,0.0,0.0,0,0.0,0.0,0.0,0.0,0.0,0,0.0,0,0,0,0,1,5,2,24,1,0,1,Classroom,3,1,2.0,1019.12,1850,4200,7998.31,4,0,0,0,20.0,0.68
B-202502-63504,Booked,Tour Operator Network,Historic Sites Tour,SMERF,In-person,Rooms Only,Government,Government,Website,Low,2024-11-22,2024-12-16,19,2025-02-15,2025-02-16,1,85,50,50,64,0,Boardroom A,1,0,5,1.0,13521.06,4,55.3,156.07,128.89,6444.5,0.0,0.0,6444.5,46,5928.94,0.0,0.0,5928.94,0.92,0.0,,2025,2,4,60.2,39.8,1,159.19,130.43,289.62,242.65,130.43,1,0.0,50,0,0,0,0,1,1,4,0,0,1,,0,0,0.0,0.0,0,0,344.39,0,0,0,0,0.0,0.0
B-202502-32966,Booked,Service Club,Cultural Heritage Festival,SMERF,In-person,Full Package,SMERF,Social/Community,RFP,Medium,2024-10-10,2024-11-05,19,2025-02-16,2025-02-17,1,129,60,60,71,1,Half Ballroom,1,0,7,0.0,0.0,3,58.0,154.41,130.79,7847.4,822.0,1440.31,10109.71,46,6016.34,822.0,1371.72,8210.06,0.7666666666666667,19.32,,2025,2,3,68.9,31.1,1,139.87,134.1,273.97,248.16,134.1,1,0.0,60,0,0,0,1,2,1,8,1,0,1,Theater,2,0,1.5,822.0,500,240,1441.61,1,0,0,0,0.0,0.59
B-202502-45824,Booked,Industry Trade Group,Annual Member Conference,Association,Hybrid,Full Package,Trade/Manufacturing,Trade/Manufacturing,Sales Call,High,2024-06-22,2024-07-20,15,2025-02-19,2025-02-22,3,242,114,342,151,1,Grand Ballroom,1,0,13,1.0,95085.95,1,52.1,156.89,143.26,48994.92,2850.9,39415.53,91261.35,256,36674.56,2850.9,37538.6,77064.06,0.7485380116959064,248.6,,2025,2,2,51.4,48.6,0,15.53,132.03,147.56,0.0,132.03,2,3.7,107,114,104,0,2,3,3,24,1,0,1,Classroom,3,1,2.67,2850.9,1650,22348,31476.86,4,0,0,0,100.0,0.63
B-202502-68632,Booked,Pharmaceutical Partners,Board of Directors Meeting,Corporate,In-person,Rooms Only,Healthcare,Healthcare,RFP,Low,2024-10-31,2024-11-15,11,2025-02-19,2025-02-21,2,111,15,30,16,0,,0,0,4,1.0,5730.77,4,54.8,154.4,138.04,4141.2,0.0,0.0,4141.2,27,3727.08,0.0,0.0,3727.08,0.9,0.0,,2025,2,4,58.1,41.9,1,144.58,140.08,284.66,234.21,140.08,2,53.3,7,15,0,0,0,0,0,0,0,0,0,,0,0,0.0,0.0,0,0,0.0,0,0,0,0,0.0,0.0
B-202502-52160,Booked,Retail Corporation,Regional Team Meeting,Corporate,Hybrid,Full Package,Professional Services,Other,Direct Inquiry,Medium,2024-12-29,2025-01-22,12,2025-02-20,2025-02-23,3,53,41,123,45,1,Half Ballroom,1,1,12,1.0,46917.5,1,54.7,151.16,136.12,16742.76,965.21,11120.29,28828.26,114,15517.68,965.21,10590.75,27073.64,0.926829268292683,235.35,,2025,2,3,68.5,31.5,1,155.37,127.77,283.14,233.95,127.77,2,6.4,36,41,35,0,1,3,3,24,1,0,1,Theater,3,1,2.0,965.21,1150,4872,7766.84,5,0,0,0,100.0,0.38
B-202502-61834,Booked,Consulting Network,New Hire Orientation,Corporate,In-person,Full Package,Professional Services,Professional Services,Referral,High,2024-10-23,2024-11-11,7,2025-02-20,2025-02-21,1,120,66,66,86,1,Half Ballroom,1,0,12,0.0,0.0,2,53.0,151.95,131.76,8696.16,827.5,2409.2,11932.86,55,7246.8,827.5,2294.48,10368.78,0.8333333333333334,26.68,,2025,2,3,57.2,42.8,0,145.94,139.17,285.11,0.0,139.17,1,0.0,66,0,0,0,1,3,1,12,1,0,1,Classroom,3,1,2.0,827.5,1150,1152,3334.81,3,0,0,0,0.0,0.72
B-202502-30072,Booked,Nonprofit Foundation,Military Reunion,SMERF,In-person,Meeting Only,Technology,Technology,Website,Low,2025-01-07,2025-02-02,18,2025-02-21,2025-02-23,2,45,0,0,93,1,Half Ballroom,0,0,8,0.0,0.0,2,56.3,148.72,0.0,0.0,885.6,5162.76,6048.36,0,0.0,885.6,4916.91,5802.51,,52.87,,2025,2,0,0.0,0.0,0,0.0,0.0,0.0,0.0,0.0,0,0.0,0,0,0,0,1,7,2,32,1,0,1,Theater,2,0,1.29,885.6,1500,2492,6542.12,2,0,0,0,14.3,0.78
B-202502-45732,Booked,Nonprofit Foundation,Volunteer Training,SMERF,In-person,Full Package,Technology,Technology,Third-Party Planner,Medium,2025-01-07,2025-01-26,10,2025-02-21,2025-02-22,1,45,42,42,54,1,Half Ballroom,1,0,9,0.0,0.0,3,59.6,155.11,142.6,5989.2,961.61,1859.76,8810.57,37,5276.2,961.61,1771.2,8009.01,0.8809523809523809,32.8,,2025,2,2,57.7,42.3,1,97.05,143.94,240.99,240.99,143.94,1,0.0,42,0,0,0,1,2,1,8,1,0,1,Theater,1,0,1.0,961.61,300,940,1988.32,2,0,0,0,0.0,0.45
B-202502-18566,Booked,HR Professionals Network,Awards Gala Weekend,Association,In-person,Full Package,Professional Services,Professional Services,Direct Inquiry,High,2024-04-25,2024-05-23,14,2025-02-22,2025-02-25,3,303,122,366,134,1,Grand Ballroom,1,0,14,0.0,0.0,3,55.6,158.01,142.23,52056.18,2293.4,34094.42,88444.0,273,38828.79,2293.4,32470.88,73593.07,0.7459016393442623,242.32,,2025,2,3,70.1,29.9,1,99.48,135.3,234.78,234.78,135.3,2,3.3,113,122,114,0,1,3,3,24,1,0,1,Classroom,3,1,3.0,2293.4,1950,24388,33902.04,5,0,0,0,100.0,0.56
B-202502-79459,Booked,Legal Society,Certification Training,Association,Hybrid,Full Package,Legal,Legal,Website,High,2024-07-08,2024-08-12,23,2025-02-22,2025-02-24,2,229,91,182,106,1,Half Ballroom,1,1,12,1.0,60605.06,1,50.1,151.37,125.42,22826.44,1811.19,6307.37,30945.0,127,15928.34,1811.19,6007.02,23746.55,0.6978021978021978,56.67,,2025,2,3,51.0,49.0,1,139.99,152.24,292.23,170.26,170.26,2,1.1,90,91,0,0,2,5,2,24,1,0,1,Classroom,3,1,2.4,1811.19,2450,3512,7884.85,4,0,0,0,20.0,0.88
B-202502-51996,Booked,Financial Services Group,Quarterly Business Review,Corporate,In-person,Full Package,Finance,Finance,Direct Inquiry,Medium,2024-12-11,2025-01-06,14,2025-02-23,2025-02-25,2,74,60,120,69,1,Half Ballroom,1,1,12,0.0,0.0,2,58.5,155.89,136.62,16394.4,1486.56,11125.42,29006.38,109,14891.58,1486.56,10595.64,26973.78,0.9083333333333332,153.56,,2025,2,4,60.8,39.2,1,115.32,126.83,242.15,242.15,126.83,2,18.3,49,60,0,0,2,2,2,16,1,0,1,Theater,3,1,2.5,1486.56,1000,3648,5915.6,5,0,0,0,100.0,0.57
B-202502-55382,Booked,Private Party,Baby Shower Weekend,Wedding/Social,Hybrid,Full Package,Social,Social/Private,Sales Call,Low,2024-05-17,2024-06-14,17,2025-02-23,2025-02-25,2,282,39,78,49,1,Half Ballroom,1,1,11,0.0,0.0,2,52.8,154.54,143.11,11162.58,860.44,6695.19,18718.21,46,6583.06,860.44,6376.37,13819.87,0.5897435897435898,130.13,,2025,2,2,52.0,48.0,0,7.2,145.13,152.33,0.0,145.13,2,12.8,34,39,0,0,1,2,2,8,1,0,1,Banquet,1,0,0.5,860.44,150,1320,2137.14,1,1,0,1,0.0,0.41
B-202502-37919,Booked,Pharmaceutical Partners,Performance Review Summit,Corporate,Hybrid,Rooms Only,Healthcare,Healthcare,Third-Party Planner,Medium,2024-11-15,2024-11-30,11,2025-02-24,2025-02-26,2,101,68,136,74,0,,0,1,4,1.0,20190.52,3,54.4,155.28,143.84,19562.24,0.0,0.0,19562.24,117,16829.28,0.0,0.0,16829.28,0.8602941176470589,0.0,,2025,2,4,55.3,44.7,0,132.96,136.44,269.4,0.0,151.12,2,10.3,61,68,0,0,0,0,0,0,0,0,0,,0,0,0.0,0.0,0,0,0.0,0,0,0,0,0.0,0.0
B-202502-30437,Booked,Veterans Group,Faith-Based Conference,SMERF,In-person,Full Package,Government,Government,Website,Medium,2024-10-29,2024-11-25,17,2025-02-27,2025-02-28,1,121,80,80,102,1,Half Ballroom,1,0,10,0.0,0.0,2,52.9,150.96,138.02,11041.6,1416.77,1859.26,14317.63,71,9799.42,1416.77,1770.72,12986.91,0.8875,17.36,,2025,2,2,50.1,49.9,1,79.85,148.04,227.89,227.89,227.89,1,0.0,80,0,0,0,2,4,1,16,1,0,1,Classroom,2,0,1.25,1416.77,850,432,2623.26,1,0,0,0,0.0,0.85
B-202502-79278,Booked,Consulting Network,Annual Sales Conference,Corporate,Virtual,Full Package,Professional Services,Professional Services,Repeat Client,Medium,2024-12-26,2025-01-13,9,2025-02-27,2025-02-28,1,63,55,55,69,1,Half Ballroom,1,0,9,1.0,22890.66,2,53.3,146.59,122.25,6723.75,1692.5,4864.29,13280.54,45,5501.25,1692.5,4632.66,11826.41,0.8181818181818182,67.14,,2025,2,4,66.0,34.0,1,135.87,158.33,294.2,230.03,193.55,1,0.0,55,0,0,0,2,1,1,8,1,0,1,Classroom,2,0,2.0,1692.5,350,1848,2841.97,4,0,0,0,100.0,0.57
B-202502-24220,Booked,Senior Adventures,Architecture Tour Group,Corporate,Hybrid,Rooms Only,Other,Other,Referral,Low,2024-12-12,2024-12-27,10,2025-02-28,2025-03-01,1,78,16,16,17,0,,0,0,5,1.0,2872.79,1,57.1,153.53,137.54,2200.64,0.0,0.0,2200.64,15,2063.1,0.0,0.0,2063.1,0.9375,0.0,,2025,2,3,62.2,37.8,1,93.68,133.67,227.35,227.35,133.67,1,0.0,16,0,0,0,0,0,0,0,0,0,0,,0,0,0.0,0.0,0,0,0.0,0,0,0,0,0.0,0.0
B-202502-73790,Booked,Private Party,Family Reunion Weekend,Wedding/Social,In-person,Rooms Only,Social,Social/Private,Third-Party Planner,Low,2024-04-03,2024-05-19,42,2025-02-28,2025-03-01,1,331,46,46,50,0,,0,1,4,0.0,0.0,3,54.5,153.72,138.49,6370.54,0.0,0.0,6370.54,24,3323.76,0.0,0.0,3323.76,0.5217391304347826,0.0,,2025,2,2,50.1,49.9,0,115.75,155.93,271.68,0.0,271.68,1,0.0,46,0,0,0,0,0,0,0,0,0,0,,0,0,0.0,0.0,0,0,0.0,0,0,0,0,0.0,0.0
B-202502-77295,Booked,Regional Healthcare System,Regional Team Meeting,Corporate,Hybrid,Full Package,Healthcare,Healthcare,Website,Medium,2024-12-18,2025-01-02,8,2025-02-28,2025-03-02,2,72,62,124,86,1,Half Ballroom,1,1,7,0.0,0.0,1,54.4,154.49,139.17,17257.08,927.57,5806.29,23990.94,109,15169.53,927.57,5529.8,21626.9,0.8790322580645161,64.3,,2025,2,4,71.7,28.3,1,119.21,133.32,252.53,252.53,133.32,2,17.7,51,62,0,0,1,4,2,24,1,0,1,Classroom,3,1,2.25,927.57,1700,3444,6940.54,4,0,0,0,50.0,0.72
B-202502-92350,Booked,Technology Innovators,Annual Sales Conference,Corporate,In-person,Rooms Only,Technology,Technology,Repeat Client,Medium,2024-11-01,2024-11-16,12,2025-02-28,2025-03-01,1,119,60,60,66,0,,0,1,3,0.0,0.0,1,53.7,152.52,130.8,7848.0,0.0,0.0,7848.0,53,6932.4,0.0,0.0,6932.4,0.8833333333333333,0.0,,2025,2,3,62.6,37.4,0,24.01,129.76,153.77,0.0,135.31,1,0.0,60,0,0,0,0,0,0,0,0,0,0,,0,0,0.0,0.0,0,0,0.0,0,0,0,0,0.0,0.0
B-202503-47963,Booked,Professional Services Group,Innovation Workshop,Corporate,In-person,Full Package,Finance,Other,Sales Call,Medium,2025-01-30,2025-02-22,9,2025-03-01,2025-03-03,2,30,75,150,83,1,Half Ballroom,1,1,14,0.0,0.0,2,61.6,160.21,137.45,20617.5,1396.01,4705.23,26718.74,119,16356.55,1396.01,4481.17,22233.73,0.7933333333333333,53.99,,2025,3,4,62.9,37.1,1,145.97,147.29,293.26,252.66,147.29,2,2.7,73,75,0,0,2,4,2,24,1,0,1,Classroom,3,1,1.75,1396.01,1300,4668,7899.45,4,0,0,0,50.0,0.69
B-202503-70645,Booked,Education Foundation,Leadership Institute,Association,In-person,Meeting Only,Education,Education,Website,Medium,2024-10-06,2024-11-04,24,2025-03-03,2025-03-07,4,148,0,0,33,1,Breakout Room,0,0,5,0.0,0.0,1,67.8,155.19,0.0,0.0,379.98,9801.1,10181.08,0,0.0,379.98,9334.38,9714.36,,282.86,,2025,3,0,0.0,0.0,0,0.0,0.0,0.0,0.0,0.0,0,0.0,0,0,0,0,1,4,4,32,0,0,1,Banquet,2,0,1.75,379.98,1200,8151,13387.8,5,0,0,0,100.0,0.82
B-202503-21284,Booked,Community Church,Charity Fundraiser,SMERF,In-person,Full Package,SMERF,Religious,RFP,Low,2024-11-27,2024-12-19,11,2025-03-06,2025-03-07,1,99,23,23,28,1,Breakout Room,1,0,11,1.0,7469.0,2,78.5,187.38,165.24,3800.52,494.66,519.79,4814.97,19,3139.56,494.66,495.04,4129.26,0.8260869565217391,17.68,,2025,3,4,65.2,34.8,1,138.27,146.36,284.63,245.92,146.36,1,0.0,23,0,0,0,1,2,1,8,0,0,1,Classroom,1,0,0.5,494.66,150,336,1688.58,1,0,0,0,0.0,0.7
B-202503-58773,Booked,Family Celebration,Family Reunion Weekend,Wedding/Social,In-person,Full Package,Social,Social/Private,Sales Call,Low,2024-06-06,2024-07-14,30,2025-03-06,2025-03-07,1,273,30,30,41,1,Half Ballroom,1,1,8,0.0,0.0,1,74.4,188.69,168.57,5057.1,973.18,4921.05,10951.33,19,3202.83,973.18,4686.71,8862.72,0.6333333333333333,114.31,,2025,3,3,68.4,31.6,1,29.94,146.13,176.07,176.07,146.13,1,0.0,30,0,0,0,1,2,1,8,1,0,1,Banquet,2,0,1.5,973.18,500,1320,2465.99,1,1,0,1,0.0,0.34
B-202503-82001,Booked,Consulting Network,Annual Sales Conference,Corporate,Hybrid,Full Package,Professional Services,Professional Services,Sales Call,Low,2025-01-12,2025-02-01,10,2025-03-06,2025-03-07,1,53,17,17,19,1,Breakout Room,1,1,10,1.0,6263.53,3,78.0,183.79,167.52,2847.84,515.03,1430.81,4793.68,14,2345.28,515.03,1362.68,4222.99,0.8235294117647058,71.72,,2025,3,4,66.0,34.0,1,103.38,147.56,250.94,250.94,154.24,1,0.0,17,0,0,0,1,1,1,8,0,0,1,Classroom,2,0,2.0,515.03,350,1463,2817.45,4,0,0,0,100.0,0.47
B-202503-15460,Booked,Professional Services Group,Innovation Workshop,Corporate,In-person,Full Package,Finance,Other,Sales Call,Low,2025-01-17,2025-02-06,12,2025-03-07,2025-03-08,1,49,5,5,6,1,Boardroom,1,0,8,0.0,0.0,3,79.1,186.38,155.9,779.5,281.69,249.79,1310.98,4,623.6,281.69,237.9,1143.19,0.8,39.65,,2025,3,3,66.5,33.5,1,105.66,137.86,243.52,243.52,137.86,1,0.0,5,0,0,0,1,1,1,8,0,1,1,Boardroom,3,1,3.0,281.69,650,240,1858.87,2,0,0,0,100.0,0.43
B-202503-52127,Booked,Professional Engineers Society,State Convention,Association,In-person,Full Package,Association,Other,Repeat Client,High,2024-10-18,2024-11-24,27,2025-03-07,2025-03-11,4,140,47,188,53,1,Half Ballroom,1,0,10,1.0,56139.36,1,75.0,193.04,159.22,29933.36,1304.57,18178.63,49416.56,138,21972.36,1304.57,17312.98,40589.91,0.7340425531914894,326.66,,2025,3,4,60.3,39.7,1,156.03,131.65,287.68,170.18,131.65,2,10.3,38,47,37,34,1,4,4,32,1,0,1,Classroom,3,1,2.0,1304.57,1500,6280,10107.75,5,0,0,0,100.0,0.44
B-202503-65442,Booked,Financial Services Group,Performance Review Summit,Corporate,In-person,Rooms Only,Finance,Finance,Referral,Medium,2024-11-27,2024-12-14,13,2025-03-08,2025-03-10,2,101,56,112,61,0,,0,1,4,0.0,0.0,1,75.7,184.1,158.52,17754.24,0.0,0.0,17754.24,104,16486.08,0.0,0.0,16486.08,0.9285714285714286,0.0,,2025,3,2,67.3,32.7,1,52.9,139.48,192.38,192.38,139.48,2,7.1,52,56,0,0,0,0,0,0,0,0,0,,0,0,0.0,0.0,0,0,0.0,0,0,0,0,0.0,0.0
B-202503-36825,Booked,Manufacturing Alliance,Leadership Summit,Corporate,In-person,Rooms Only,Finance,Other,Cvent,Low,2024-12-20,2025-01-04,12,2025-03-09,2025-03-11,2,79,40,80,44,0,,0,1,3,1.0,15474.62,1,76.7,186.94,153.59,12287.2,0.0,0.0,12287.2,72,11058.48,0.0,0.0,11058.48,0.9,0.0,,2025,3,4,69.9,30.1,1,74.39,150.55,224.94,224.94,150.55,2,0.0,40,40,0,0,0,0,0,0,0,0,0,,0,0,0.0,0.0,0,0,0.0,0,0,0,0,0.0,0.0
B-202503-41558,Booked,Industry Trade Group,Educational Seminar Series,Association,In-person,Full Package,Trade/Manufacturing,Trade/Manufacturing,Sales Call,Low,2024-07-05,2024-08-06,21,2025-03-09,2025-03-11,2,247,41,82,45,1,Half Ballroom,1,1,11,0.0,0.0,4,77.0,183.56,162.83,13352.06,1216.07,7190.51,21758.64,63,10258.29,1216.07,6848.1,18322.46,0.7682926829268293,152.18,,2025,3,3,57.7,42.3,1,80.77,192.22,272.99,235.63,235.63,2,7.3,38,41,0,0,1,2,2,16,1,0,1,Classroom,2,0,1.5,1216.07,500,3480,5107.45,4,0,0,0,100.0,0.38
B-202503-33713,Booked,Volunteer Network,High School Reunion,SMERF,Virtual,Full Package,Other,Other,Direct Inquiry,Low,2025-01-20,2025-02-23,21,2025-03-10,2025-03-11,1,49,43,43,49,1,Half Ballroom,1,1,13,0.0,0.0,1,59.9,159.04,131.01,5633.43,953.26,845.32,7432.01,35,4585.35,953.26,805.07,6343.68,0.813953488372093,16.43,,2025,3,3,59.7,40.3,1,99.48,152.82,252.3,252.3,152.82,1,0.0,43,0,0,0,1,1,1,8,1,0,1,Classroom,1,0,1.0,953.26,150,700,1482.25,1,0,0,0,100.0,0.41
B-202503-84463,Booked,Manufacturing Alliance,Annual Sales Conference,Corporate,In-person,Rooms Only,Healthcare,Other,Direct Inquiry,Low,2024-12-27,2025-01-17,14,2025-03-10,2025-03-11,1,73,58,58,63,0,,0,1,7,1.0,10309.0,1,61.1,153.67,130.94,7594.52,0.0,0.0,7594.52,54,7070.76,0.0,0.0,7070.76,0.9310344827586208,0.0,,2025,3,2,72.6,27.4,1,34.06,147.25,181.31,181.31,147.25,1,0.0,58,0,0,0,0,0,0,0,0,0,0,,0,0,0.0,0.0,0,0,0.0,0,0,0,0,0.0,0.0
B-202503-64085,Booked,Professional Engineers Society,Industry Forum,Association,In-person,Full Package,Association,Other,Website,High,2024-07-22,2024-08-21,19,2025-03-12,2025-03-15,3,233,60,180,79,1,Half Ballroom,1,0,11,0.0,0.0,1,61.0,164.23,136.09,24496.2,1354.13,19965.24,45815.57,135,18372.15,1354.13,19014.51,38740.79,0.75,240.69,,2025,3,3,68.3,31.7,1,104.62,150.13,254.75,254.75,150.13,2,5.5,53,60,53,0,2,3,3,24,1,0,1,Theater,3,1,2.0,1354.13,1150,4280,7350.36,4,0,0,0,100.0,0.66
B-202503-11739,Booked,Private Party,Retirement Party,Wedding/Social,In-person,Rooms Only,Social,Social/Private,RFP,Low,2024-03-14,2024-04-17,28,2025-03-14,2025-03-15,1,365,23,23,25,0,,0,0,6,1.0,3337.73,1,59.1,149.78,131.3,3019.9,0.0,0.0,3019.9,13,1706.9,0.0,0.0,1706.9,0.5652173913043478,0.0,,2025,3,3,61.3,38.7,1,94.86,151.79,246.65,246.65,151.79,1,0.0,23,0,0,0,0,0,0,0,0,0,0,,0,0,0.0,0.0,0,0,0.0,0,0,0,0,0.0,0.0
B-202503-10827,Booked,Dental Association,Committee Meeting,Association,In-person,Full Package,Healthcare,Healthcare,Direct Inquiry,Medium,2024-06-07,2024-07-10,22,2025-03-15,2025-03-17,2,281,76,152,87,1,Half Ballroom,1,1,11,1.0,41457.87,3,63.8,157.6,133.4,20276.8,1283.95,5816.25,27377.0,112,14940.8,1283.95,5539.29,21764.04,0.7368421052631579,63.67,,2025,3,2,67.4,32.6,1,56.43,138.32,194.75,194.75,138.32,2,13.2,66,76,0,0,2,5,2,24,1,0,1,Classroom,3,1,2.0,1283.95,1850,3468,7325.89,5,0,0,0,20.0,0.72
B-202503-38704,Booked,TechCorp Solutions,Annual Sales Conference,Corporate,Hybrid,Full Package,Technology,Technology,Third-Party Planner,Medium,2025-02-13,2025-03-12,13,2025-03-16,2025-03-18,2,31,39,78,54,1,Half Ballroom,1,1,14,1.0,25658.21,2,67.6,163.62,135.15,10541.7,1272.58,8064.44,19878.72,66,8919.9,1272.58,7680.42,17872.9,0.8461538461538461,142.23,,2025,3,3,61.9,38.1,1,48.42,146.0,194.42,194.42,149.97,2,17.9,32,39,0,0,1,2,2,16,1,0,1,Theater,3,1,2.0,1272.58,800,2760,4692.96,3,0,0,0,100.0,0.45
B-202503-47400,Booked,Regional Healthcare System,Sales Kickoff,Corporate,In-person,Full Package,Healthcare,Healthcare,RFP,Low,2024-12-15,2025-01-08,13,2025-03-16,2025-03-17,1,91,49,49,55,1,Half Ballroom,1,1,11,1.0,19289.66,2,64.5,157.94,132.21,6478.29,804.39,4502.77,11785.45,46,6081.66,804.39,4288.35,11174.4,0.9387755102040816,77.97,,2025,3,3,54.2,45.8,0,37.99,128.68,166.67,0.0,140.53,1,0.0,49,0,0,0,1,1,1,8,1,0,1,Classroom,1,0,1.0,804.39,150,1560,2334.08,3,0,0,0,100.0,0.46
B-202503-50371,Booked,Financial Services Group,Product Launch Event,Corporate,Virtual,Full Package,Finance,Finance,Sales Call,Medium,2024-12-10,2025-01-05,14,2025-03-16,2025-03-17,1,96,58,58,69,1,Half Ballroom,1,0,12,0.0,0.0,4,67.6,160.25,142.22,8248.76,1234.7,5124.39,14607.85,55,7822.1,1234.7,4880.37,13937.17,0.9482758620689656,70.73,,2025,3,2,51.0,49.0,0,6.78,134.57,141.35,0.0,134.57,1,0.0,58,0,0,0,1,1,1,8,1,0,1,Classroom,3,1,3.0,1234.7,650,1560,2756.12,3,0,0,0,100.0,0.57
B-202503-92977,Booked,Family Celebration,Williams-Brown Wedding,Wedding/Social,In-person,Meeting Only,Social,Social/Private,Direct Inquiry,Low,2024-04-04,2024-05-04,22,2025-03-16,2025-03-17,1,346,0,0,66,1,Half Ballroom,0,1,8,0.0,0.0,2,63.5,165.02,0.0,0.0,1210.72,8406.78,9617.5,0,0.0,1210.72,8006.46,9217.18,,121.31,,2025,3,0,0.0,0.0,0,0.0,0.0,0.0,0.0,0.0,0,0.0,0,0,0,0,2,2,1,8,1,0,1,Banquet,1,0,0.5,1210.72,150,1320,2209.52,1,1,0,1,0.0,0.55
B-202503-96324,Booked,Consulting Network,Management Training,Corporate,In-person,Rooms Only,Professional Services,Professional Services,RFP,Low,2025-01-31,2025-02-11,7,2025-03-18,2025-03-20,2,46,37,74,40,0,,0,1,4,0.0,0.0,4,62.3,155.87,131.02,9695.48,0.0,0.0,9695.48,60,7861.2,0.0,0.0,7861.2,0.8108108108108109,0.0,,2025,3,2,65.9,34.1,1,59.99,186.31,246.3,246.3,246.3,2,27.0,27,37,0,0,0,0,0,0,0,0,0,,0,0,0.0,0.0,0,0,0.0,0,0,0,0,0.0,0.0
B-202503-55794,Booked,Financial Services Group,Annual Sales Conference,Corporate,In-person,Meeting Only,Finance,Finance,Third-Party Planner,Medium,2024-12-18,2025-01-03,8,2025-03-19,2025-03-21,2,91,0,0,99,1,Half Ballroom,0,1,8,0.0,0.0,1,59.3,162.25,0.0,0.0,1531.09,5772.34,7303.43,0,0.0,1531.09,5497.47,7028.56,,55.53,,2025,3,0,0.0,0.0,0,0.0,0.0,0.0,0.0,0.0,0,0.0,0,0,0,0,2,6,2,24,1,0,1,Classroom,3,1,2.0,1531.09,2200,5286,9427.84,5,0,0,0,0.0,0.82
B-202503-63477,Booked,Nursing Council,Policy Symposium,Association,Hybrid,Full Package,Healthcare,Healthcare,Third-Party Planner,High,2024-07-17,2024-08-09,14,2025-03-19,2025-03-23,4,245,60,240,70,1,Half Ballroom,1,0,9,1.0,69583.67,4,62.4,156.11,128.43,30823.2,1817.79,21059.22,53700.21,187,24016.41,1817.79,20056.4,45890.6,0.7791666666666667,286.52,,2025,3,2,52.5,47.5,0,11.3,140.04,151.34,0.0,151.34,2,8.0,49,60,59,51,2,4,4,32,1,0,1,Banquet,3,1,2.0,1817.79,1500,5840,9813.56,5,0,0,0,100.0,0.58
B-202503-52452,Booked,Retail Corporation,Regional Team Meeting,Corporate,In-person,Full Package,Professional Services,Other,Direct Inquiry,Low,2024-12-22,2025-01-09,8,2025-03-21,2025-03-22,1,89,45,45,51,1,Half Ballroom,1,0,10,1.0,13165.78,1,59.4,160.27,139.52,6278.4,940.64,4332.73,11551.77,44,6138.88,940.64,4126.41,11205.93,0.9777777777777776,80.91,,2025,3,3,61.7,38.3,1,109.2,132.77,241.97,241.97,132.77,1,0.0,45,0,0,0,1,1,1,8,1,0,1,Theater,1,0,1.0,940.64,150,1560,2365.87,3,0,0,0,100.0,0.42
B-202503-65236,Booked,TechCorp Solutions,Executive Offsite,Corporate,In-person,Meeting Only,Technology,Technology,Direct Inquiry,Low,2025-01-13,2025-01-27,8,2025-03-21,2025-03-22,1,67,0,0,72,1,Half Ballroom,0,1,6,1.0,7096.84,2,62.2,151.72,0.0,0.0,1744.29,5438.66,7182.95,0,0.0,1744.29,5179.68,6923.97,,71.94,,2025,3,0,0.0,0.0,0,0.0,0.0,0.0,0.0,0.0,0,0.0,0,0,0,0,2,1,1,8,1,0,1,Classroom,2,0,2.0,1744.29,350,1560,2520.11,3,0,0,0,100.0,0.6
B-202503-41066,Booked,Personal Event,Family Reunion Weekend,Wedding/Social,In-person,Full Package,Social,Social/Private,Third-Party Planner,Low,2024-03-23,2024-04-30,31,2025-03-23,2025-03-24,1,365,35,35,43,1,Half Ballroom,1,0,7,1.0,14132.47,2,61.3,156.24,138.93,4862.55,1217.48,5036.03,11116.06,22,3056.46,1217.48,4796.22,9070.16,0.6285714285714286,111.54,,2025,3,4,74.5,25.5,1,50.9,146.05,196.95,196.95,146.05,1,0.0,35,0,0,0,1,1,1,4,1,0,1,Reception,2,0,2.0,1217.48,350,1320,1993.56,1,1,0,1,0.0,0.36
B-202503-98892,Booked,Pharmaceutical Partners,Leadership Summit,Corporate,In-person,Full Package,Healthcare,Healthcare,Website,Medium,2025-01-03,2025-01-19,8,2025-03-23,2025-03-24,1,79,60,60,76,1,Half Ballroom,1,0,8,0.0,0.0,2,60.9,157.26,134.65,8079.0,1457.43,6263.5,15799.93,50,6732.5,1457.43,5965.24,14155.17,0.8333333333333334,78.49,,2025,3,2,62.6,37.4,1,49.42,166.57,215.99,215.99,215.99,1,0.0,60,0,0,0,2,1,1,8,1,0,1,Classroom,2,0,2.0,1457.43,350,1248,2250.97,3,0,0,0,100.0,0.63
B-202503-26794,Booked,Dental Association,Awards Gala Weekend,Association,In-person,Full Package,Healthcare,Healthcare,Website,High,2024-08-31,2024-09-24,16,2025-03-24,2025-03-27,3,205,52,156,66,1,Half Ballroom,1,1,8,0.0,0.0,4,58.1,160.93,143.81,22434.36,1196.52,15747.73,39378.61,106,15243.86,1196.52,14997.84,31438.22,0.6794871794871795,227.24,,2025,3,3,55.5,44.5,1,115.73,153.24,268.97,174.91,153.24,2,4.8,46,52,50,0,1,3,3,24,1,0,1,Classroom,2,0,2.0,1196.52,1050,3600,6499.13,5,0,0,0,100.0,0.55
B-202503-45033,Booked,Nonprofit Foundation,Community Theater Production,SMERF,Hybrid,Full Package,Technology,Technology,Referral,Medium,2024-11-13,2024-12-04,10,2025-03-24,2025-03-26,2,131,57,114,74,1,Half Ballroom,1,0,11,0.0,0.0,3,61.8,157.51,140.52,16019.28,1440.04,4130.53,21589.85,87,12225.24,1440.04,3933.84,17599.12,0.7631578947368421,53.16,,2025,3,4,51.9,48.1,0,155.43,127.83,283.26,0.0,137.05,2,10.5,51,57,0,0,2,4,2,16,1,0,1,Classroom,2,0,0.75,1440.04,500,1640,3587.76,2,0,0,0,0.0,0.62
B-202503-53895,Booked,HR Professionals Network,Awards Gala Weekend,Association,In-person,Full Package,Professional Services,Professional Services,Cvent,High,2024-11-21,2024-12-26,24,2025-03-24,2025-03-27,3,123,71,213,80,1,Half Ballroom,1,1,11,0.0,0.0,2,61.0,158.17,129.7,27626.1,1702.84,17069.64,46398.58,148,19195.6,1702.84,16256.8,37155.24,0.6948356807511737,203.21,,2025,3,3,68.5,31.5,1,146.04,128.18,274.22,216.81,128.18,2,6.9,64,71,59,0,2,3,3,24,1,0,1,Classroom,3,1,2.67,1702.84,1650,4120,7615.63,5,0,0,0,100.0,0.67
B-202503-45855,Booked,Regional Healthcare System,Customer Advisory Board,Corporate,In-person,Full Package,Healthcare,Healthcare,RFP,Low,2025-01-29,2025-02-20,8,2025-03-25,2025-03-27,2,55,15,30,17,1,Breakout Room,1,1,14,0.0,0.0,2,64.5,163.06,137.86,4135.8,442.05,2429.56,7007.41,28,3860.08,442.05,2313.87,6616.0,0.9333333333333332,136.11,,2025,3,2,54.0,46.0,1,73.91,164.13,238.04,238.04,164.13,2,40.0,9,15,0,0,1,2,2,16,0,0,1,Theater,3,1,2.0,442.05,800,2414,5093.04,4,0,0,0,100.0,0.42
B-202503-81554,Booked,Real Estate Board,Certification Training,Association,In-person,Full Package,Government,Government,Referral,High,2024-09-20,2024-10-29,25,2025-03-25,2025-03-27,2,186,72,144,84,1,Half Ballroom,1,1,14,0.0,0.0,2,62.1,166.01,139.13,20034.72,1594.97,5626.28,27255.97,112,15582.56,1594.97,5358.36,22535.89,0.7777777777777778,63.79,,2025,3,3,63.5,36.5,1,86.39,152.4,238.79,238.79,152.4,2,16.7,60,72,0,0,2,4,2,24,1,0,1,Theater,3,1,2.25,1594.97,1800,2832,6439.66,5,0,0,0,50.0,0.7
B-202503-30848,Booked,Education Foundation,Member Appreciation Event,Association,In-person,Full Package,Education,Education,Repeat Client,Medium,2024-09-26,2024-11-02,24,2025-03-27,2025-03-29,2,182,29,58,38,1,Breakout Room,1,1,13,0.0,0.0,1,61.5,155.39,129.5,7511.0,585.93,6245.15,14342.08,44,5698.0,585.93,5947.76,12231.69,0.7586206896551724,156.52,,2025,3,4,66.8,33.2,1,150.14,127.78,277.92,220.92,127.78,2,24.1,22,29,0,0,1,2,2,16,0,0,1,Classroom,2,0,2.0,585.93,700,4680,7299.39,4,0,0,0,100.0,0.95
B-202503-62352,Booked,Legal Society,Professional Development Symposium,Association,Hybrid,Rooms Only,Legal,Legal,Sales Call,Medium,2024-07-14,2024-08-09,22,2025-03-28,2025-03-31,3,257,45,135,49,0,,0,0,4,1.0,21296.01,2,67.5,161.29,146.15,19730.25,0.0,0.0,19730.25,85,12422.75,0.0,0.0,12422.75,0.6296296296296297,0.0,,2025,3,4,55.8,44.2,1,104.61,129.69,234.3,234.3,129.69,2,8.6,38,45,36,0,0,0,0,0,0,0,0,,0,0,0.0,0.0,0,0,0.0,0,0,0,0,0.0,0.0
B-202503-72534,Booked,Global Industries,Annual Sales Conference,Corporate,In-person,Rooms Only,Professional Services,Other,Direct Inquiry,Low,2024-12-27,2025-01-16,13,2025-03-28,2025-03-30,2,91,53,106,58,0,,0,1,7,0.0,0.0,1,64.1,158.95,141.89,15040.34,0.0,0.0,15040.34,100,14189.0,0.0,0.0,14189.0,0.9433962264150944,0.0,,2025,3,3,52.0,48.0,1,134.62,145.29,279.91,234.39,145.29,2,18.9,43,53,0,0,0,0,0,0,0,0,0,,0,0,0.0,0.0,0,0,0.0,0,0,0,0,0.0,0.0
B-202503-27284,Booked,Personal Event,Baby Shower Weekend,Wedding/Social,In-person,Full Package,Social,Social/Private,Direct Inquiry,Low,2024-10-30,2024-12-14,36,2025-03-29,2025-03-30,1,150,21,21,23,1,Breakout Room,1,1,9,1.0,9970.56,1,65.8,160.64,147.84,3104.64,429.26,3278.6,6812.5,13,1921.92,429.26,3122.48,5473.66,0.6190476190476191,135.76,,2025,3,4,61.6,38.4,1,144.26,141.4,285.66,233.93,141.4,1,0.0,21,0,0,0,1,2,1,8,0,0,1,Banquet,1,0,1.0,429.26,300,1265,2740.86,1,1,0,1,0.0,0.57
B-202503-49763,Booked,Manufacturing Alliance,Board of Directors Meeting,Corporate,Hybrid,Full Package,Finance,Other,Third-Party Planner,Medium,2025-02-26,2025-03-20,11,2025-03-29,2025-03-31,2,31,60,120,74,1,Half Ballroom,1,1,11,0.0,0.0,1,62.4,156.56,131.73,15807.6,1242.01,10393.15,27442.76,111,14622.03,1242.01,9898.24,25762.28,0.925,133.76,,2025,3,2,67.2,32.8,1,70.42,174.05,244.47,244.47,244.47,2,3.3,58,60,0,0,2,2,2,16,1,0,1,Classroom,2,0,2.0,1242.01,700,2520,4444.46,5,0,0,0,100.0,0.62
B-202503-76368,Booked,Volunteer Network,Military Reunion,SMERF,In-person,Full Package,Other,Other,Cvent,High,2024-12-23,2025-01-26,20,2025-03-29,2025-03-31,2,96,62,124,79,1,Half Ballroom,1,0,14,0.0,0.0,4,60.2,156.81,136.76,16958.24,1323.78,4769.62,23051.64,106,14496.56,1323.78,4542.5,20362.84,0.8548387096774194,57.5,,2025,3,2,73.3,26.7,1,37.45,147.7,185.15,185.15,147.7,2,3.2,60,62,0,0,1,4,2,16,1,0,1,Classroom,2,0,1.0,1323.78,650,1640,3691.45,2,0,0,0,0.0,0.66
B-202503-91630,Booked,Volunteer Network,Community Service Event,SMERF,Virtual,Full Package,Other,Other,Direct Inquiry,Low,2024-12-29,2025-01-25,15,2025-03-30,2025-03-31,1,91,32,32,37,1,Breakout Room,1,0,12,1.0,9267.87,1,60.3,158.04,141.34,4522.88,481.3,697.36,5701.54,27,3816.18,481.3,664.15,4961.63,0.84375,17.95,,2025,3,2,58.9,41.1,1,58.64,194.68,253.32,253.32,253.32,1,0.0,32,0,0,0,1,2,1,8,0,0,1,Theater,1,0,1.0,481.3,300,1260,2718.11,1,0,0,0,0.0,0.93
B-202504-25869,Booked,Industry Trade Group,Board Retreat,Association,In-person,Meeting Only,Trade/Manufacturing,Trade/Manufacturing,Direct Inquiry,Low,2024-09-17,2024-10-13,20,2025-04-01,2025-04-03,2,196,0,0,48,1,Half Ballroom,0,1,6,1.0,15159.84,1,75.9,161.21,0.0,0.0,960.33,7948.08,8908.41,0,0.0,960.33,7569.6,8529.93,,157.7,,2025,4,0,0.0,0.0,0,0.0,0.0,0.0,0.0,0.0,0,0.0,0,0,0,0,1,2,2,16,1,0,1,Theater,2,0,1.5,960.33,500,2840,4523.63,4,0,0,0,100.0,0.4
B-202504-58979,Booked,Legal Society,Annual Member Conference,Association,In-person,Full Package,Legal,Legal,Sales Call,Medium,2024-09-13,2024-10-13,22,2025-04-01,2025-04-03,2,200,64,128,79,1,Half Ballroom,1,0,8,0.0,0.0,2,78.5,163.6,149.21,19098.88,1526.19,11250.51,31875.58,90,13428.9,1526.19,10714.77,25669.86,0.703125,135.63,,2025,4,4,53.6,46.4,1,152.51,126.76,279.27,224.94,144.84,2,18.8,52,64,0,0,2,2,2,16,1,0,1,Classroom,3,1,2.0,1526.19,800,2840,4845.4,4,0,0,0,100.0,0.66
B-202504-76872,Booked,Banking Consortium,Strategic Planning Retreat,Corporate,In-person,Rooms Only,Finance,Finance,Sales Call,Low,2024-12-18,2024-12-29,7,2025-04-01,2025-04-04,3,104,28,84,30,0,,0,1,4,0.0,0.0,3,81.6,167.67,138.78,11657.52,0.0,0.0,11657.52,68,9437.04,0.0,0.0,9437.04,0.8095238095238095,0.0,,2025,4,4,54.7,45.3,1,146.19,141.21,287.4,233.19,141.21,2,13.4,19,28,25,0,0,0,0,0,0,0,0,,0,0,0.0,0.0,0,0,0.0,0,0,0,0,0.0,0.0
B-202504-27339,Booked,Education Foundation,Member Appreciation Event,Association,In-person,Full Package,Education,Education,Cvent,High,2024-09-18,2024-10-15,16,2025-04-02,2025-04-05,3,196,79,237,107,1,Half Ballroom,1,0,11,0.0,0.0,2,81.0,173.21,143.37,33978.69,1280.1,10637.3,45896.09,148,21218.76,1280.1,10130.76,32629.62,0.6244725738396625,94.68,,2025,4,3,53.2,46.8,1,87.51,162.28,249.79,249.79,249.79,2,3.6,72,79,76,0,2,7,3,36,1,0,1,Classroom,3,1,2.14,1280.1,2750,6764,12393.05,5,0,0,0,28.6,0.89
B-202504-46353,Booked,Pharmaceutical Partners,Leadership Summit,Corporate,Hybrid,Rooms Only,Healthcare,Healthcare,Direct Inquiry,Low,2024-12-02,2024-12-14,8,2025-04-02,2025-04-04,2,121,58,116,63,0,,0,0,4,1.0,17001.32,3,73.1,167.76,151.87,17616.92,0.0,0.0,17616.92,103,15642.61,0.0,0.0,15642.61,0.8879310344827587,0.0,,2025,4,4,72.9,27.1,1,137.65,150.04,287.69,236.35,150.04,2,6.9,54,58,0,0,0,0,0,0,0,0,0,,0,0,0.0,0.0,0,0,0.0,0,0,0,0,0.0,0.0
B-202504-82433,Booked,Accounting Institute,Industry Forum,Association,Hybrid,Full Package,Finance,Finance,RFP,Medium,2024-08-08,2024-09-12,25,2025-04-02,2025-04-04,2,237,41,82,47,1,Half Ballroom,1,0,10,1.0,24627.8,3,78.7,162.77,148.93,12212.26,1199.4,7842.21,21253.87,60,8935.8,1199.4,7468.77,17603.97,0.7317073170731707,158.91,,2025,4,4,68.7,31.3,1,136.24,150.09,286.33,173.76,151.18,2,24.4,31,41,0,0,1,2,2,16,1,0,1,Classroom,2,0,2.0,1199.4,700,2800,4722.87,5,0,0,0,100.0,0.39
B-202504-29079,Booked,State Medical Association,Networking Summit,Association,In-person,Rooms Only,Healthcare,Healthcare,Sales Call,High,2024-04-03,2024-05-06,26,2025-04-03,2025-04-06,3,365,65,195,71,0,,0,0,7,1.0,28361.97,1,78.9,165.12,147.54,28770.3,0.0,0.0,28770.3,157,23163.78,0.0,0.0,23163.78,0.8051282051282052,0.0,,2025,4,4,71.2,28.8,1,164.89,129.72,294.61,180.13,129.72,2,8.1,53,65,63,0,0,0,0,0,0,0,0,,0,0,0.0,0.0,0,0,0.0,0,0,0,0,0.0,0.0
B-202504-56500,Booked,Technology Innovators,Product Launch Event,Corporate,In-person,Rooms Only,Technology,Technology,Sales Call,High,2025-01-29,2025-02-15,13,2025-04-03,2025-04-06,3,64,55,165,60,0,,0,0,4,0.0,0.0,2,84.7,166.51,144.23,23797.95,0.0,0.0,23797.95,152,21922.96,0.0,0.0,21922.96,0.9212121212121211,0.0,,2025,4,2,60.7,39.3,1,81.45,145.02,226.47,226.47,145.02,2,7.0,46,55,48,0,0,0,0,0,0,0,0,,0,0,0.0,0.0,0,0,0.0,0,0,0,0,0.0,0.0
B-202504-70709,Booked,TechCorp Solutions,Town Hall Meeting,Corporate,In-person,Full Package,Technology,Technology,RFP,Medium,2024-12-24,2025-01-14,10,2025-04-03,2025-04-04,1,100,58,58,75,1,Half Ballroom,1,1,11,1.0,21681.18,2,82.2,171.66,142.12,8242.96,1382.63,5650.31,15275.9,53,7532.36,1382.63,5381.25,14296.24,0.913793103448276,71.75,,2025,4,4,58.2,41.8,1,105.88,137.96,243.84,243.84,137.96,1,0.0,58,0,0,0,1,1,1,8,1,0,1,Classroom,3,1,3.0,1382.63,650,1560,2754.47,3,0,0,0,100.0,0.62
B-202504-92745,Booked,Personal Event,Milestone Birthday Party,Wedding/Social,In-person,Rooms Only,Social,Social/Private,Repeat Client,Low,2024-07-22,2024-08-12,18,2025-04-03,2025-04-04,1,255,18,18,19,0,,0,0,3,1.0,3408.3,2,77.6,170.02,156.46,2816.28,0.0,0.0,2816.28,11,1721.06,0.0,0.0,1721.06,0.6111111111111112,0.0,,2025,4,2,65.6,34.4,1,56.28,231.67,287.95,231.67,231.67,1,0.0,18,0,0,0,0,0,0,0,0,0,0,,0,0,0.0,0.0,0,0,0.0,0,0,0,0,0.0,0.0
B-202504-97115,Booked,Community Church,Church Retreat Weekend,SMERF,In-person,Full Package,SMERF,Religious,Cvent,Low,2024-12-04,2025-01-04,20,2025-04-03,2025-04-04,1,120,17,17,20,1,Breakout Room,1,1,11,0.0,0.0,3,81.2,171.86,157.1,2670.7,578.95,597.24,3846.89,13,2042.3,578.95,568.8,3190.05,0.7647058823529411,28.44,,2025,4,2,57.9,42.1,1,36.87,186.72,223.59,223.59,223.59,1,0.0,17,0,0,0,1,2,1,8,0,0,1,Theater,1,0,1.0,578.95,300,940,2483.77,2,0,0,0,0.0,0.5
B-202504-64055,Booked,Family Celebration,Quinceañera Celebration,Wedding/Social,In-person,Rooms Only,Social,Social/Private,Referral,Low,2024-04-18,2024-05-15,21,2025-04-04,2025-04-05,1,351,45,45,49,0,,0,1,6,1.0,6468.87,2,74.0,166.83,154.8,6966.0,0.0,0.0,6966.0,24,3715.2,0.0,0.0,3715.2,0.5333333333333333,0.0,,2025,4,4,56.0,44.0,1,76.93,145.69,222.62,222.62,154.05,1,0.0,45,0,0,0,0,0,0,0,0,0,0,,0,0,0.0,0.0,0,0,0.0,0,0,0,0,0.0,0.0
B-202504-86741,Booked,Manufacturing Alliance,Management Training,Corporate,In-person,Meeting Only,Healthcare,Other,RFP,Low,2025-02-22,2025-03-11,8,2025-04-06,2025-04-08,2,43,0,0,101,1,Half Ballroom,0,1,9,1.0,30935.66,3,77.6,168.5,0.0,0.0,972.11,7091.56,8063.67,0,0.0,972.11,6753.87,7725.98,,66.87,,2025,4,0,0.0,0.0,0,0.0,0.0,0.0,0.0,0.0,0,0.0,0,0,0,0,1,4,2,24,1,0,1,Theater,3,1,2.25,972.11,1800,4056,7588.4,5,0,0,0,50.0,0.84
B-202504-89325,Booked,Youth Athletics,Military Reunion,SMERF,In-person,Meeting Only,SMERF,Social/Community,Repeat Client,Low,2024-11-13,2024-12-12,21,2025-04-06,2025-04-07,1,144,0,0,28,1,Breakout Room,0,0,8,0.0,0.0,1,80.9,164.17,0.0,0.0,572.72,0.0,572.72,0,0.0,572.72,0.0,572.72,,0.0,,2025,4,0,0.0,0.0,0,0.0,0.0,0.0,0.0,0.0,0,0.0,0,0,0,0,1,2,1,8,0,0,1,Theater,2,0,1.5,572.72,500,0,1751.25,0,0,0,0,0.0,0.7
B-202504-99526,Booked,Private Individual,Graduation Celebration,Wedding/Social,In-person,Rooms Only,Social,Social/Private,Referral,Low,2024-06-09,2024-07-24,40,2025-04-06,2025-04-07,1,301,24,24,26,0,,0,0,5,1.0,5015.26,2,77.2,161.9,139.72,3353.28,0.0,0.0,3353.28,14,1956.08,0.0,0.0,1956.08,0.5833333333333334,0.0,,2025,4,4,72.1,27.9,1,96.2,130.41,226.61,226.61,130.41,1,0.0,24,0,0,0,0,0,0,0,0,0,0,,0,0,0.0,0.0,0,0,0.0,0,0,0,0,0.0,0.0
B-202504-12285,Booked,Education Foundation,Industry Forum,Association,In-person,Full Package,Education,Education,Sales Call,High,2024-09-01,2024-10-03,23,2025-04-07,2025-04-09,2,218,98,196,110,1,Half Ballroom,1,0,9,1.0,67887.09,4,79.9,165.23,152.82,29952.72,959.16,6772.92,37684.8,144,22006.08,959.16,6450.4,29415.64,0.7346938775510204,58.64,,2025,4,2,74.2,25.8,0,145.2,146.62,291.82,0.0,146.62,2,1.0,97,98,0,0,1,4,2,24,1,0,1,Classroom,3,1,2.5,959.16,2000,4284,8058.75,4,0,0,0,50.0,0.92
B-202504-60837,Booked,Private Party,Retirement Party,Wedding/Social,In-person,Rooms Only,Social,Social/Private,RFP,Low,2024-11-08,2024-12-18,34,2025-04-07,2025-04-08,1,150,39,39,42,0,,0,1,6,1.0,5809.23,4,76.9,166.62,136.82,5335.98,0.0,0.0,5335.98,25,3420.5,0.0,0.0,3420.5,0.6410256410256411,0.0,,2025,4,2,73.4,26.6,0,18.76,130.01,148.77,0.0,148.77,1,0.0,39,0,0,0,0,0,0,0,0,0,0,,0,0,0.0,0.0,0,0,0.0,0,0,0,0,0.0,0.0
B-202504-93026,Booked,Manufacturing Alliance,Performance Review Summit,Corporate,In-person,Full Package,Professional Services,Other,Third-Party Planner,Low,2025-02-05,2025-02-20,8,2025-04-07,2025-04-09,2,61,15,30,17,1,Breakout Room,1,1,7,0.0,0.0,2,78.2,169.95,156.11,4683.3,457.26,2807.27,7947.83,25,3902.75,457.26,2673.59,7033.6,0.8333333333333334,157.27,,2025,4,3,62.8,37.2,1,66.23,130.66,196.89,196.89,130.66,2,53.3,7,15,0,0,1,2,2,16,0,0,1,Classroom,2,0,2.0,457.26,700,2754,5538.91,4,0,0,0,100.0,0.42
B-202504-96546,Booked,Professional Engineers Society,Leadership Institute,Association,In-person,Full Package,Association,Other,Sales Call,High,2024-10-08,2024-11-07,22,2025-04-07,2025-04-10,3,181,56,168,62,1,Half Ballroom,1,1,8,0.0,0.0,1,81.8,172.02,153.86,25848.48,859.4,14909.2,41617.08,108,16616.88,859.4,14199.24,31675.52,0.6428571428571429,229.02,,2025,4,3,70.7,29.3,1,96.62,149.84,246.46,246.46,149.84,2,8.0,51,56,45,0,1,3,3,24,1,0,1,Banquet,2,0,1.67,859.4,850,3400,5966.82,5,0,0,0,100.0,0.52
B-202504-89902,Booked,Financial Services Group,Leadership Summit,Corporate,In-person,Full Package,Finance,Finance,Sales Call,Low,2024-12-30,2025-01-18,11,2025-04-08,2025-04-10,2,99,33,66,45,1,Half Ballroom,1,0,8,1.0,29091.9,3,81.6,164.86,138.44,9137.04,1256.66,7797.2,18190.9,57,7891.08,1256.66,7425.9,16573.64,0.8636363636363636,165.02,,2025,4,4,61.4,38.6,1,35.49,137.46,172.95,172.95,137.46,2,30.3,23,33,0,0,1,2,2,16,1,0,1,Classroom,1,0,1.0,1256.66,300,3360,4778.75,5,0,0,0,100.0,0.38
B-202504-65554,Booked,Tour Operator Network,Wine Country Excursion,Corporate,In-person,Rooms Only,Healthcare,Healthcare,Sales Call,Low,2025-01-21,2025-02-04,11,2025-04-09,2025-04-10,1,78,26,26,28,0,,0,1,3,0.0,0.0,2,79.6,168.11,146.0,3796.0,0.0,0.0,3796.0,24,3504.0,0.0,0.0,3504.0,0.9230769230769232,0.0,,2025,4,2,63.3,36.7,1,85.57,129.75,215.32,215.32,129.75,1,0.0,26,0,0,0,0,0,0,0,0,0,0,,0,0,0.0,0.0,0,0,0.0,0,0,0,0,0.0,0.0
B-202504-89337,Booked,HR Professionals Network,Committee Meeting,Association,In-person,Full Package,Professional Services,Professional Services,Website,High,2024-10-17,2024-11-12,16,2025-04-10,2025-04-12,2,175,89,178,122,1,Grand Ballroom,1,1,10,0.0,0.0,1,79.1,161.81,141.48,25183.44,2157.43,20141.16,47482.03,135,19099.8,2157.43,19182.06,40439.29,0.7584269662921348,157.23,,2025,4,2,61.4,38.6,0,0.93,128.69,129.62,0.0,129.62,2,6.7,83,89,0,0,1,2,2,16,1,0,1,Theater,2,0,2.0,2157.43,700,15738,21577.73,5,0,0,0,100.0,0.51
B-202504-20139,Booked,Consulting Network,Regional Team Meeting,Corporate,In-person,Full Package,Professional Services,Professional Services,Third-Party Planner,Medium,2025-02-04,2025-03-03,13,2025-04-12,2025-04-14,2,67,39,78,44,1,Half Ballroom,1,1,14,1.0,24091.27,4,79.1,164.0,147.84,11531.52,1244.44,6711.01,19486.97,71,10496.64,1244.44,6391.44,18132.52,0.9102564102564102,145.26,,2025,4,2,71.4,28.6,1,39.86,193.52,233.38,233.38,193.52,2,12.8,34,39,0,0,1,2,2,16,1,0,1,Banquet,3,1,3.0,1244.44,1300,3096,5581.51,5,0,0,0,100.0,0.37
B-202504-74350,Booked,Technology Innovators,Annual Sales Conference,Corporate,In-person,Full Package,Technology,Technology,Website,Low,2025-01-18,2025-02-05,10,2025-04-12,2025-04-13,1,84,52,52,68,1,Half Ballroom,1,0,8,0.0,0.0,4,73.9,167.27,145.68,7575.36,1297.8,5248.61,14121.77,51,7429.68,1297.8,4998.68,13726.16,0.9807692307692308,73.51,,2025,4,4,51.2,48.8,1,139.47,126.75,266.22,192.42,153.89,1,0.0,52,0,0,0,1,1,1,8,1,0,1,Classroom,2,0,2.0,1297.8,350,1008,1923.48,3,0,0,0,100.0,0.57
B-202504-71566,Booked,Dental Association,State Convention,Association,In-person,Full Package,Healthcare,Healthcare,Third-Party Planner,Medium,2024-09-10,2024-10-05,18,2025-04-13,2025-04-16,3,215,47,141,61,1,Half Ballroom,1,1,7,0.0,0.0,1,79.9,164.0,139.88,19723.08,1163.73,14635.43,35522.24,105,14687.4,1163.73,13938.5,29789.63,0.7446808510638298,228.5,,2025,4,3,70.2,29.8,1,43.38,139.33,182.71,182.71,139.33,2,6.9,39,47,43,0,1,3,3,24,1,0,1,Banquet,2,0,1.33,1163.73,650,2700,5162.93,5,0,0,0,100.0,0.51
B-202504-46556,Booked,Family Celebration,Bar/Bat Mitzvah,Wedding/Social,In-person,Rooms Only,Social,Social/Private,Repeat Client,Medium,2024-06-25,2024-07-29,27,2025-04-14,2025-04-15,1,293,26,26,28,0,,0,0,7,0.0,0.0,1,82.1,173.23,143.18,3722.68,0.0,0.0,3722.68,17,2434.06,0.0,0.0,2434.06,0.6538461538461539,0.0,,2025,4,2,60.8,39.2,1,42.63,241.62,284.25,241.62,284.25,1,0.0,26,0,0,0,0,0,0,0,0,0,0,,0,0,0.0,0.0,0,0,0.0,0,0,0,0,0.0,0.0
B-202504-23155,Booked,Energy Solutions,Regional Team Meeting,Corporate,In-person,Full Package,Finance,Other,Sales Call,Low,2025-01-15,2025-02-09,14,2025-04-15,2025-04-16,1,90,49,49,59,1,Half Ballroom,1,0,11,0.0,0.0,3,78.3,164.3,140.17,6868.33,811.05,4698.91,12378.29,44,6167.48,811.05,4475.15,11453.68,0.8979591836734694,75.85,,2025,4,3,61.8,38.2,0,152.24,132.41,284.65,0.0,132.41,1,0.0,49,0,0,0,1,1,1,8,1,0,1,Theater,2,0,2.0,811.05,350,1560,2488.93,3,0,0,0,100.0,0.49
B-202504-19464,Booked,Private Individual,Engagement Party,Wedding/Social,In-person,Full Package,Social,Social/Private,Repeat Client,Low,2024-08-31,2024-10-21,40,2025-04-16,2025-04-17,1,228,27,27,31,1,Breakout Room,1,0,11,1.0,9577.69,2,79.7,165.28,140.31,3788.37,525.34,3933.99,8247.7,16,2244.96,525.34,3746.66,6516.96,0.5925925925925926,120.86,,2025,4,2,64.3,35.7,0,4.24,144.52,148.76,0.0,148.76,1,0.0,27,0,0,0,1,2,1,8,0,0,1,Banquet,2,0,1.5,525.34,500,1395,3174.82,1,0,1,1,0.0,0.78
B-202504-74182,Booked,Accounting Institute,Board Retreat,Association,Hybrid,Full Package,Finance,Finance,Cvent,High,2024-06-09,2024-07-08,21,2025-04-16,2025-04-18,2,311,65,130,81,1,Half Ballroom,1,0,8,0.0,0.0,2,77.0,168.72,142.13,18476.9,1813.62,5161.68,25452.2,89,12649.57,1813.62,4915.89,19379.08,0.6846153846153846,60.69,,2025,4,2,69.6,30.4,0,125.1,153.75,278.85,0.0,278.85,2,6.2,61,65,0,0,2,4,2,24,1,0,1,Classroom,3,1,2.5,1813.62,2000,4032,7906.14,5,0,0,0,50.0,0.68
B-202504-36886,Booked,Youth Organization,Community Theater Production,SMERF,In-person,Full Package,SMERF,Social/Community,Direct Inquiry,Medium,2024-12-08,2025-01-02,18,2025-04-18,2025-04-20,2,131,46,92,56,1,Half Ballroom,1,0,7,0.0,0.0,3,75.4,169.13,148.2,13634.4,1166.01,0.0,14800.41,78,11559.6,1166.01,0.0,12725.61,0.8478260869565217,0.0,,2025,4,3,55.9,44.1,1,118.78,169.45,288.23,250.9,250.9,2,2.2,45,46,0,0,1,4,2,16,1,0,1,Theater,2,0,1.25,1166.01,800,0,2152.15,0,0,0,0,0.0,0.47
B-202504-43387,Booked,Energy Solutions,Executive Offsite,Corporate,In-person,Full Package,Finance,Other,RFP,High,2025-01-24,2025-02-15,11,2025-04-18,2025-04-20,2,84,91,182,106,1,Half Ballroom,1,1,11,1.0,47778.97,1,75.2,169.8,154.58,28133.56,1069.6,6410.88,35614.04,157,24269.06,1069.6,6105.6,31444.26,0.8626373626373627,57.6,,2025,4,2,74.9,25.1,1,103.33,141.18,244.51,244.51,141.18,2,2.2,89,91,0,0,1,4,2,24,1,0,1,Theater,3,1,2.5,1069.6,2000,3456,7205.61,4,0,0,0,50.0,0.88
B-202504-62939,Booked,Professional Services Group,Product Launch Event,Corporate,In-person,Full Package,Finance,Other,Sales Call,Medium,2025-02-09,2025-03-04,11,2025-04-18,2025-04-20,2,68,61,122,75,1,Half Ballroom,1,1,12,0.0,0.0,2,75.4,174.23,147.22,17960.84,1380.91,10956.49,30298.24,99,14574.78,1380.91,10434.75,26390.44,0.8114754098360656,139.13,,2025,4,4,60.0,40.0,1,117.85,125.37,243.22,243.22,125.37,2,4.9,58,61,0,0,2,2,2,16,1,0,1,Classroom,3,1,2.5,1380.91,1000,3096,5295.36,5,0,0,0,100.0,0.62
B-202504-65478,Booked,Local School District,Band Competition,SMERF,In-person,Full Package,Education,Education,Referral,Medium,2025-01-05,2025-01-31,16,2025-04-18,2025-04-19,1,103,62,62,72,1,Half Ballroom,1,0,10,0.0,0.0,1,81.9,164.31,146.96,9111.52,1472.97,1463.62,12048.11,52,7641.92,1472.97,1393.92,10508.81,0.8387096774193549,19.36,,2025,4,3,51.5,48.5,1,140.09,139.6,279.69,190.55,139.6,1,0.0,62,0,0,0,2,2,1,8,1,0,1,Theater,1,0,0.5,1472.97,150,240,1130.43,1,0,0,0,0.0,0.6
B-202504-70625,Booked,Family Celebration,Martinez-Garcia Wedding,Wedding/Social,In-person,Rooms Only,Social,Social/Private,Cvent,Medium,2024-06-14,2024-07-23,36,2025-04-18,2025-04-19,1,308,35,35,38,0,,0,1,3,0.0,0.0,2,79.6,161.94,141.17,4940.95,0.0,0.0,4940.95,19,2682.23,0.0,0.0,2682.23,0.5428571428571428,0.0,,2025,4,2,69.8,30.2,0,117.92,167.06,284.98,0.0,284.98,1,0.0,35,0,0,0,0,0,0,0,0,0,0,,0,0,0.0,0.0,0,0,0.0,0,0,0,0,0.0,0.0
B-202504-83356,Booked,Professional Services Group,Town Hall Meeting,Corporate,In-person,Rooms Only,Healthcare,Other,Cvent,Low,2025-03-20,2025-04-05,11,2025-04-19,2025-04-21,2,30,29,58,31,0,,0,1,5,1.0,10638.07,3,73.9,167.68,155.54,9021.32,0.0,0.0,9021.32,48,7465.92,0.0,0.0,7465.92,0.8275862068965517,0.0,,2025,4,2,73.0,27.0,0,127.36,155.23,282.59,0.0,282.59,2,34.5,19,29,0,0,0,0,0,0,0,0,0,,0,0,0.0,0.0,0,0,0.0,0,0,0,0,0.0,0.0
B-202504-44961,Booked,Social Event,Anniversary Celebration,Wedding/Social,In-person,Meeting Only,Social,Social/Private,Third-Party Planner,Low,2024-04-20,2024-05-23,28,2025-04-20,2025-04-21,1,365,0,0,70,1,Half Ballroom,0,0,5,0.0,0.0,3,76.1,172.77,0.0,0.0,1355.09,9479.3,10834.39,0,0.0,1355.09,9027.9,10382.99,,128.97,,2025,4,0,0.0,0.0,0,0.0,0.0,0.0,0.0,0.0,0,0.0,0,0,0,0,2,2,1,8,1,0,1,Banquet,1,0,0.5,1355.09,150,1320,2178.37,1,1,0,1,0.0,0.58
B-202504-14131,Booked,Accounting Institute,Policy Symposium,Association,Virtual,Full Package,Finance,Finance,Direct Inquiry,Medium,2024-07-25,2024-08-31,23,2025-04-22,2025-04-24,2,271,62,124,74,1,Half Ballroom,1,1,14,1.0,38197.96,2,76.6,174.59,152.08,18857.92,812.73,11937.83,31608.48,97,14751.76,812.73,11369.36,26933.85,0.782258064516129,153.64,,2025,4,3,57.3,42.7,1,87.86,141.54,229.4,229.4,141.54,2,9.7,56,62,0,0,1,2,2,16,1,0,1,Classroom,2,0,1.5,812.73,500,3040,4774.84,5,0,0,0,100.0,0.62
B-202504-76829,Booked,Private Individual,Baby Shower Weekend,Wedding/Social,In-person,Full Package,Social,Social/Private,Cvent,Low,2024-11-23,2025-01-03,29,2025-04-22,2025-04-23,1,150,11,11,14,1,Boardroom,1,1,12,1.0,4587.74,2,77.5,161.21,148.91,1638.01,366.95,1848.67,3853.63,7,1042.37,366.95,1760.64,3169.96,0.6363636363636364,125.76,,2025,4,2,69.2,30.8,1,50.29,172.58,222.87,222.87,222.87,1,0.0,11,0,0,0,1,2,1,8,0,1,1,Boardroom,2,0,1.5,366.95,500,770,2396.51,1,1,0,1,0.0,1.0
B-202504-81142,Booked,Family Celebration,Williams-Brown Wedding,Wedding/Social,In-person,Full Package,Social,Social/Private,Third-Party Planner,Low,2024-09-22,2024-10-15,15,2025-04-22,2025-04-23,1,212,20,20,23,1,Breakout Room,1,0,8,0.0,0.0,4,74.7,167.82,139.79,2795.8,569.54,2969.0,6334.34,11,1537.69,569.54,2827.62,4934.85,0.55,122.94,,2025,4,4,66.3,33.7,0,146.21,132.94,279.15,0.0,132.94,1,0.0,20,0,0,0,1,1,1,4,0,0,1,Banquet,1,0,1.0,569.54,150,1265,1997.47,1,1,0,1,0.0,0.57
B-202504-88323,Booked,Technology Innovators,Leadership Summit,Corporate,Virtual,Full Package,Technology,Technology,Website,Low,2025-02-04,2025-02-19,7,2025-04-22,2025-04-23,1,77,12,12,14,1,Boardroom,1,1,8,0.0,0.0,3,86.3,164.8,144.8,1737.6,334.97,528.02,2600.59,9,1303.2,334.97,502.88,2141.05,0.75,35.92,,2025,4,2,72.8,27.2,1,73.8,149.23,223.03,223.03,149.23,1,0.0,12,0,0,0,1,1,1,8,0,1,1,Boardroom,1,0,1.0,334.97,150,742,1856.79,2,0,0,0,100.0,1.0
B-202504-56013,Booked,Youth Athletics,Fraternity/Sorority Reunion,SMERF,In-person,Full Package,SMERF,Social/Community,Sales Call,Medium,2025-01-24,2025-02-16,14,2025-04-23,2025-04-24,1,89,34,34,47,1,Half Ballroom,1,0,9,0.0,0.0,1,78.7,162.72,139.01,4726.34,1145.97,783.18,6655.49,25,3475.25,1145.97,745.89,5367.11,0.7352941176470589,15.87,,2025,4,3,58.3,41.7,1,126.63,160.3,286.93,168.93,168.93,1,0.0,34,0,0,0,1,2,1,8,1,0,1,Classroom,1,0,0.5,1145.97,150,240,1149.05,1,0,0,0,0.0,0.39
B-202504-93903,Booked,Banking Consortium,Strategic Planning Retreat,Corporate,In-person,Meeting Only,Finance,Finance,Repeat Client,Low,2025-02-12,2025-03-01,12,2025-04-23,2025-04-24,1,70,0,0,33,1,Breakout Room,0,1,5,1.0,5759.31,1,75.5,165.65,0.0,0.0,446.14,2602.56,3048.7,0,0.0,446.14,2478.63,2924.77,,75.11,,2025,4,0,0.0,0.0,0,0.0,0.0,0.0,0.0,0.0,0,0.0,0,0,0,0,1,1,1,8,0,0,1,Classroom,2,0,2.0,446.14,350,2541,3837.65,4,0,0,0,100.0,0.82
B-202504-67086,Booked,Real Estate Board,Certification Training,Association,Hybrid,Full Package,Government,Government,Third-Party Planner,Low,2024-08-31,2024-09-28,15,2025-04-25,2025-04-27,2,237,14,28,17,1,Breakout Room,1,1,13,0.0,0.0,4,77.4,166.33,146.1,4090.8,576.13,2716.77,7383.7,20,2922.0,576.13,2587.4,6085.53,0.7142857142857143,152.2,,2025,4,4,67.5,32.5,1,133.98,145.75,279.73,254.47,254.47,2,64.3,5,14,0,0,1,2,2,16,0,0,1,Classroom,2,0,1.5,576.13,500,2159,4605.47,4,0,0,0,100.0,0.42
B-202504-39536,Booked,Travel Club International,Regional History Tour,Corporate,In-person,Rooms Only,Legal,Legal,Sales Call,Low,2025-03-28,2025-04-13,12,2025-04-27,2025-04-28,1,30,30,30,33,0,,0,0,4,0.0,0.0,3,76.8,162.81,136.13,4083.9,0.0,0.0,4083.9,27,3675.51,0.0,0.0,3675.51,0.9,0.0,,2025,4,3,72.1,27.9,0,152.3,127.61,279.91,0.0,127.61,1,0.0,30,0,0,0,0,0,0,0,0,0,0,,0,0,0.0,0.0,0,0,0.0,0,0,0,0,0.0,0.0
B-202504-73195,Booked,Professional Services Group,Leadership Summit,Corporate,In-person,Full Package,Finance,Other,Cvent,Medium,2025-02-17,2025-03-10,10,2025-04-27,2025-04-28,1,69,72,72,84,1,Half Ballroom,1,1,11,0.0,0.0,3,78.4,164.8,143.3,10317.6,1222.32,2605.43,14145.35,62,8884.6,1222.32,2481.36,12588.28,0.8611111111111112,29.54,,2025,4,4,51.7,48.3,1,166.33,125.08,291.41,249.14,125.08,1,0.0,72,0,0,0,1,3,1,12,1,0,1,Theater,2,0,1.67,1222.32,850,1062,2892.59,2,0,0,0,0.0,0.7
B-202504-34382,Booked,Dental Association,Professional Development Symposium,Association,In-person,Full Package,Healthcare,Healthcare,Cvent,Medium,2024-11-08,2024-12-01,16,2025-04-28,2025-04-29,1,171,61,61,74,1,Half Ballroom,1,0,7,0.0,0.0,3,79.2,167.11,151.44,9237.84,1061.25,3001.55,13300.64,48,7269.12,1061.25,2858.62,11188.99,0.7868852459016393,38.63,,2025,4,3,55.4,44.6,1,132.53,158.32,290.85,233.92,233.92,1,0.0,61,0,0,0,1,1,1,8,1,0,1,Classroom,1,0,1.0,1061.25,150,1260,2030.53,2,0,0,0,100.0,0.62
B-202505-30788,Booked,State Medical Association,Member Appreciation Event,Association,In-person,Full Package,Healthcare,Healthcare,Referral,High,2024-10-24,2024-11-16,15,2025-05-01,2025-05-04,3,189,101,303,134,1,Grand Ballroom,1,0,8,1.0,96289.15,2,80.4,170.25,156.56,47437.68,1864.95,30602.25,79904.88,245,38357.2,1864.95,29145.0,69367.15,0.8085808580858086,217.5,,2025,5,3,53.7,46.3,0,38.4,127.24,165.64,0.0,139.29,2,3.8,94,101,92,0,1,3,3,24,1,0,1,Classroom,3,1,2.33,1864.95,1350,14874,23743.13,4,0,0,0,100.0,0.56
B-202505-43841,Booked,Social Event,Holiday Party,Wedding/Social,In-person,Rooms Only,Social,Social/Private,RFP,Low,2024-07-26,2024-08-23,21,2025-05-01,2025-05-02,1,279,36,36,39,0,,0,1,7,0.0,0.0,3,86.4,170.49,157.85,5682.6,0.0,0.0,5682.6,23,3630.55,0.0,0.0,3630.55,0.6388888888888888,0.0,,2025,5,3,62.6,37.4,1,53.88,130.46,184.34,184.34,130.46,1,0.0,36,0,0,0,0,0,0,0,0,0,0,,0,0,0.0,0.0,0,0,0.0,0,0,0,0,0.0,0.0
B-202505-38664,Booked,Banking Consortium,Strategic Planning Retreat,Corporate,In-person,Full Package,Finance,Finance,Referral,Medium,2025-02-16,2025-03-13,12,2025-05-02,2025-05-03,1,75,65,65,78,1,Half Ballroom,1,1,13,1.0,23761.44,1,85.9,169.61,156.63,10180.95,1697.04,5466.82,17344.81,57,8927.91,1697.04,5206.5,15831.45,0.8769230769230769,66.75,,2025,5,2,70.1,29.9,1,62.44,129.51,191.95,191.95,129.51,1,0.0,65,0,0,0,2,1,1,8,1,0,1,Banquet,1,0,1.0,1697.04,150,1560,2295.3,3,0,0,0,100.0,0.65
B-202505-86758,Booked,Dental Association,Certification Training,Association,In-person,Full Package,Healthcare,Healthcare,Website,High,2024-07-13,2024-08-15,24,2025-05-02,2025-05-04,2,293,82,164,111,1,Half Ballroom,1,0,9,0.0,0.0,2,80.0,165.78,151.77,24890.28,829.23,6905.59,32625.1,125,18971.25,829.23,6576.75,26377.23,0.7621951219512195,59.25,,2025,5,2,68.9,31.1,0,153.31,135.88,289.19,0.0,135.88,2,6.1,77,82,0,0,1,5,2,24,1,0,1,Theater,2,0,1.8,829.23,1550,3320,6845.11,4,0,0,0,20.0,0.93
B-202505-92776,Booked,Heritage Travel,Culinary Tour Group,Corporate,In-person,Full Package,Government,Government,Sales Call,High,2025-02-12,2025-03-06,11,2025-05-02,2025-05-03,1,79,42,42,55,1,Half Ballroom,1,1,11,0.0,0.0,1,82.8,166.42,146.54,6154.68,1293.23,0.0,7447.91,40,5861.6,1293.23,0.0,7154.83,0.9523809523809524,0.0,,2025,5,4,53.8,46.2,1,167.03,125.12,292.15,233.1,125.12,1,0.0,42,0,0,0,1,1,1,4,1,0,1,Classroom,0,0,0.0,1293.23,0,0,360.7,0,0,0,0,0.0,0.46
B-202505-34265,Booked,Accounting Institute,Professional Development Symposium,Association,In-person,Meeting Only,Finance,Finance,Third-Party Planner,Medium,2024-08-13,2024-09-09,22,2025-05-03,2025-05-06,3,263,0,0,114,1,Half Ballroom,0,1,5,1.0,45057.51,1,81.1,171.84,0.0,0.0,1584.52,11365.52,12950.04,0,0.0,1584.52,10824.3,12408.82,,94.95,,2025,5,0,0.0,0.0,0,0.0,0.0,0.0,0.0,0.0,0,0.0,0,0,0,0,2,8,3,36,1,0,1,Classroom,3,1,1.75,1584.52,2600,5540,11051.83,5,0,0,0,12.5,0.95
B-202505-70241,Booked,HR Professionals Network,Continuing Education Conference,Association,In-person,Full Package,Professional Services,Professional Services,RFP,High,2024-10-12,2024-11-20,25,2025-05-04,2025-05-08,4,204,66,264,84,1,Half Ballroom,1,0,14,0.0,0.0,3,80.5,162.7,141.76,37424.64,1519.96,11747.36,50691.96,174,24666.24,1519.96,11187.96,37374.16,0.6590909090909091,133.19,,2025,5,3,63.7,36.3,0,131.76,142.8,274.56,0.0,142.8,2,6.0,65,66,64,56,2,8,4,48,1,0,1,Classroom,3,1,2.0,1519.96,2900,7028,13511.56,5,0,0,0,50.0,0.7
B-202505-31016,Booked,Global Industries,Town Hall Meeting,Corporate,In-person,Full Package,Finance,Other,Repeat Client,High,2025-02-03,2025-02-24,12,2025-05-06,2025-05-08,2,92,44,88,59,1,Half Ballroom,1,1,9,1.0,30389.61,1,80.9,167.84,148.22,13043.36,836.96,8242.45,22122.77,81,12005.82,836.96,7849.95,20692.73,0.9204545454545454,133.05,,2025,5,2,55.3,44.7,1,34.41,193.59,228.0,228.0,228.0,2,4.5,42,44,0,0,1,2,2,16,1,0,1,Theater,2,0,2.0,836.96,700,3600,5456.29,4,0,0,0,100.0,0.49
B-202505-36248,Booked,Technology Innovators,Quarterly Business Review,Corporate,Hybrid,Rooms Only,Technology,Technology,Website,High,2025-02-21,2025-03-05,8,2025-05-06,2025-05-09,3,74,66,198,72,0,,0,0,4,1.0,36389.38,3,81.2,166.9,148.73,29448.54,0.0,0.0,29448.54,180,26771.4,0.0,0.0,26771.4,0.9090909090909092,0.0,,2025,5,3,68.1,31.9,1,83.11,150.87,233.98,233.98,150.87,2,6.3,56,66,59,0,0,0,0,0,0,0,0,,0,0,0.0,0.0,0,0,0.0,0,0,0,0,0.0,0.0
B-202505-70752,Booked,Manufacturing Alliance,Town Hall Meeting,Corporate,In-person,Full Package,Professional Services,Other,Sales Call,Medium,2024-12-26,2025-01-12,10,2025-05-06,2025-05-09,3,131,27,81,36,1,Breakout Room,1,0,7,0.0,0.0,1,83.9,164.89,141.22,11438.82,539.89,9140.42,21119.13,64,9038.08,539.89,8705.16,18283.13,0.7901234567901234,241.81,,2025,5,2,61.3,38.7,0,128.36,143.15,271.51,0.0,143.15,2,10.5,21,27,21,0,1,3,3,24,0,0,1,Theater,2,0,2.0,539.89,1050,6912,11012.98,5,0,0,0,100.0,0.9
B-202505-56585,Booked,Private Individual,Smith-Johnson Wedding,Wedding/Social,In-person,Rooms Only,Social,Social/Private,RFP,Low,2024-06-03,2024-07-21,42,2025-05-07,2025-05-08,1,338,15,15,16,0,,0,1,6,0.0,0.0,2,81.8,167.05,142.41,2136.15,0.0,0.0,2136.15,10,1424.1,0.0,0.0,1424.1,0.6666666666666666,0.0,,2025,5,4,74.6,25.4,1,117.89,151.54,269.43,231.22,151.54,1,0.0,15,0,0,0,0,0,0,0,0,0,0,,0,0,0.0,0.0,0,0,0.0,0,0,0,0,0.0,0.0
B-202505-99175,Booked,Retail Corporation,New Hire Orientation,Corporate,Hybrid,Full Package,Healthcare,Other,Third-Party Planner,Low,2025-02-22,2025-03-15,7,2025-05-07,2025-05-08,1,74,62,62,73,1,Half Ballroom,1,0,14,1.0,20038.13,1,78.7,167.64,141.49,8772.38,1450.97,5091.86,15315.21,58,8206.42,1450.97,4849.39,14506.78,0.935483870967742,66.43,,2025,5,4,59.2,40.8,1,139.56,149.25,288.81,226.76,288.81,1,0.0,62,0,0,0,2,1,1,8,1,0,1,Banquet,1,0,1.0,1450.97,150,1560,2312.91,3,0,0,0,100.0,0.61
B-202505-73068,Booked,Family Celebration,Family Reunion Weekend,Wedding/Social,Hybrid,Full Package,Social,Social/Private,Repeat Client,Low,2024-06-17,2024-07-30,33,2025-05-08,2025-05-09,1,325,26,26,34,1,Breakout Room,1,1,10,1.0,12934.67,1,80.1,172.67,142.11,3694.86,591.96,3949.49,8236.31,16,2273.76,591.96,3761.42,6627.14,0.6153846153846154,110.63,,2025,5,4,51.4,48.6,1,123.44,131.2,254.64,254.64,131.2,1,0.0,26,0,0,0,1,2,1,8,0,0,1,Reception,1,0,1.0,591.96,300,1870,3432.8,1,1,0,1,0.0,0.85
B-202505-50677,Booked,Real Estate Board,Board Retreat,Association,In-person,Rooms Only,Government,Government,Repeat Client,Medium,2024-09-16,2024-10-13,20,2025-05-12,2025-05-13,1,238,102,102,112,0,,0,0,7,0.0,0.0,2,76.4,171.09,157.1,16024.2,0.0,0.0,16024.2,81,12725.1,0.0,0.0,12725.1,0.7941176470588235,0.0,,2025,5,3,62.0,38.0,1,113.73,132.07,245.8,245.8,132.07,1,0.0,102,0,0,0,0,0,0,0,0,0,0,,0,0,0.0,0.0,0,0,0.0,0,0,0,0,0.0,0.0
B-202505-16260,Booked,Consulting Network,Quarterly Business Review,Corporate,Virtual,Meeting Only,Professional Services,Professional Services,Third-Party Planner,Low,2025-02-14,2025-03-03,10,2025-05-13,2025-05-14,1,88,0,0,127,1,Grand Ballroom,0,0,7,1.0,13332.98,2,83.9,169.65,0.0,0.0,1871.1,9801.23,11672.33,0,0.0,1871.1,9334.5,11205.6,,73.5,,2025,5,0,0.0,0.0,0,0.0,0.0,0.0,0.0,0.0,0,0.0,0,0,0,0,1,1,1,8,1,0,1,Theater,3,1,3.0,1871.1,650,8255,11265.0,3,0,0,0,100.0,0.53
B-202505-17781,Booked,Energy Solutions,Executive Offsite,Corporate,In-person,Full Package,Finance,Other,Third-Party Planner,Low,2025-03-08,2025-04-01,12,2025-05-16,2025-05-17,1,69,54,54,62,1,Half Ballroom,1,1,12,0.0,0.0,1,77.5,175.21,151.09,8158.86,1378.39,5008.14,14545.39,48,7252.32,1378.39,4769.66,13400.37,0.8888888888888888,76.93,,2025,5,4,57.8,42.2,1,151.84,140.27,292.11,175.97,140.27,1,0.0,54,0,0,0,1,1,1,8,1,0,1,Theater,2,0,2.0,1378.39,350,1848,2750.38,4,0,0,0,100.0,0.52
B-202505-64689,Booked,Energy Solutions,Regional Team Meeting,Corporate,Hybrid,Full Package,Professional Services,Other,Repeat Client,High,2025-02-09,2025-02-28,11,2025-05-16,2025-05-19,3,96,54,162,74,1,Half Ballroom,1,1,8,1.0,54752.73,1,83.4,175.61,162.16,26269.92,1362.17,16383.82,44015.91,149,24161.84,1362.17,15603.64,41127.65,0.9197530864197532,210.86,,2025,5,4,53.0,47.0,1,142.76,130.52,273.28,244.95,130.8,2,7.8,44,54,51,0,2,3,3,24,1,0,1,Classroom,3,1,1.67,1362.17,950,4080,6801.65,5,0,0,0,100.0,0.62
B-202505-82299,Booked,Accounting Institute,Regional Chapter Meeting,Association,In-person,Full Package,Finance,Finance,Cvent,High,2024-11-11,2024-12-16,21,2025-05-16,2025-05-18,2,186,94,188,106,1,Half Ballroom,1,1,14,0.0,0.0,2,85.9,168.94,147.8,27786.4,1743.82,7076.45,36606.67,142,20987.6,1743.82,6739.48,29470.9,0.7553191489361702,63.58,,2025,5,2,74.4,25.6,0,1.46,146.46,147.92,0.0,147.92,2,3.2,91,94,0,0,2,5,2,24,1,0,1,Classroom,2,0,1.4,1743.82,1150,3968,6954.96,5,0,0,0,20.0,0.88
B-202505-22099,Booked,Community Church,Church Retreat Weekend,SMERF,In-person,Rooms Only,SMERF,Religious,Cvent,Low,2025-04-03,2025-04-25,18,2025-05-18,2025-05-19,1,45,39,39,42,0,,0,0,4,0.0,0.0,2,84.9,166.58,149.85,5844.15,0.0,0.0,5844.15,31,4645.35,0.0,0.0,4645.35,0.7948717948717948,0.0,,2025,5,2,71.5,28.5,0,143.76,130.8,274.56,0.0,130.8,1,0.0,39,0,0,0,0,0,0,0,0,0,0,,0,0,0.0,0.0,0,0,0.0,0,0,0,0,0.0,0.0
B-202505-15179,Booked,Global Industries,Management Training,Corporate,In-person,Full Package,Professional Services,Other,Direct Inquiry,Medium,2025-03-20,2025-04-17,14,2025-05-19,2025-05-20,1,60,52,52,70,1,Half Ballroom,1,1,14,0.0,0.0,1,79.9,171.27,141.51,7358.52,1730.38,5850.6,14939.5,49,6933.99,1730.38,5572.0,14236.37,0.9423076923076924,79.6,,2025,5,3,56.6,43.4,1,48.11,136.53,184.64,184.64,136.53,1,0.0,52,0,0,0,2,1,1,8,1,0,1,Classroom,2,0,2.0,1730.38,350,1800,2736.13,3,0,0,0,100.0,0.58
B-202505-29876,Booked,Financial Services Group,Strategic Planning Retreat,Corporate,Hybrid,Full Package,Finance,Finance,Sales Call,Low,2025-02-12,2025-02-27,7,2025-05-19,2025-05-21,2,96,56,112,70,1,Half Ballroom,1,0,8,1.0,30834.09,3,76.9,169.32,146.75,16436.0,1851.9,11524.07,29811.97,110,16142.5,1851.9,10975.3,28969.7,0.9821428571428572,156.79,,2025,5,2,54.6,45.4,1,32.39,142.41,174.8,174.8,142.41,2,7.1,52,56,0,0,2,2,2,16,1,0,1,Classroom,2,0,2.0,1851.9,700,2568,4426.0,4,0,0,0,100.0,0.58
B-202505-43152,Booked,Global Industries,Annual Sales Conference,Corporate,Hybrid,Full Package,Technology,Other,Sales Call,Low,2025-02-15,2025-03-08,12,2025-05-19,2025-05-21,2,93,19,38,24,1,Breakout Room,1,1,9,1.0,12931.29,3,79.3,169.9,141.66,5383.08,469.52,3782.27,9634.87,35,4958.1,469.52,3602.16,9029.78,0.9210526315789472,150.09,,2025,5,3,70.3,29.7,0,117.34,153.47,270.81,0.0,153.47,2,10.5,17,19,0,0,1,2,2,16,0,0,1,Classroom,2,0,2.0,469.52,700,3648,6357.7,5,0,0,0,100.0,0.6
B-202505-19395,Booked,Dental Association,Regional Chapter Meeting,Association,Hybrid,Full Package,Healthcare,Healthcare,Referral,Medium,2024-10-19,2024-11-09,14,2025-05-20,2025-05-22,2,213,40,80,45,1,Half Ballroom,1,0,7,1.0,22770.98,2,80.8,173.86,157.83,12626.4,1112.31,6381.11,20119.82,56,8838.48,1112.31,6077.25,16028.04,0.7,135.05,,2025,5,4,72.4,27.6,1,144.46,147.81,292.27,185.18,147.81,2,22.5,31,40,0,0,1,2,2,16,1,0,1,Classroom,1,0,1.0,1112.31,300,1620,3162.0,3,0,0,0,100.0,0.38
B-202505-47184,Booked,Global Industries,Customer Advisory Board,Corporate,In-person,Full Package,Healthcare,Other,RFP,Medium,2025-03-01,2025-03-26,13,2025-05-20,2025-05-21,1,80,81,81,98,1,Half Ballroom,1,0,12,0.0,0.0,4,84.4,163.04,148.38,12018.78,1427.36,2919.27,16365.41,66,9793.08,1427.36,2780.26,14000.7,0.8148148148148148,28.37,,2025,5,4,61.8,38.2,1,31.36,141.42,172.78,172.78,141.42,1,0.0,81,0,0,0,2,3,1,12,1,0,1,Classroom,2,0,1.67,1427.36,850,2628,4484.96,5,0,0,0,0.0,0.82
B-202505-61694,Booked,Financial Services Group,Performance Review Summit,Corporate,In-person,Rooms Only,Finance,Finance,Repeat Client,Medium,2025-03-07,2025-03-23,12,2025-05-20,2025-05-21,1,74,30,30,33,0,,0,1,4,0.0,0.0,1,81.5,168.43,150.89,4526.7,0.0,0.0,4526.7,26,3923.14,0.0,0.0,3923.14,0.8666666666666667,0.0,,2025,5,3,67.0,33.0,1,139.78,147.72,287.5,180.63,147.72,1,0.0,30,0,0,0,0,0,0,0,0,0,0,,0,0,0.0,0.0,0,0,0.0,0,0,0,0,0.0,0.0
B-202505-24519,Booked,Tour Operator Network,Senior Travel Club,Corporate,In-person,Rooms Only,Legal,Legal,Direct Inquiry,Medium,2025-02-18,2025-03-05,8,2025-05-21,2025-05-22,1,92,49,49,53,0,,0,1,7,0.0,0.0,2,82.9,170.84,155.23,7606.27,0.0,0.0,7606.27,45,6985.35,0.0,0.0,6985.35,0.9183673469387756,0.0,,2025,5,2,64.1,35.9,0,153.53,132.77,286.3,0.0,132.77,1,0.0,49,0,0,0,0,0,0,0,0,0,0,,0,0,0.0,0.0,0,0,0.0,0,0,0,0,0.0,0.0
B-202505-62572,Booked,Dental Association,Awards Gala Weekend,Association,Hybrid,Full Package,Healthcare,Healthcare,Referral,Medium,2024-09-14,2024-10-16,21,2025-05-21,2025-05-22,1,249,84,84,112,1,Half Ballroom,1,0,11,1.0,26108.02,3,80.3,169.16,145.18,12195.12,1432.11,3662.06,17289.29,52,7549.36,1432.11,3487.68,12469.15,0.6190476190476191,31.14,,2025,5,4,73.6,26.4,1,125.88,140.01,265.89,237.47,140.01,1,0.0,84,0,0,0,2,3,1,12,1,0,1,Classroom,2,0,1.67,1432.11,850,2020,3886.56,4,0,0,0,0.0,0.93
B-202505-79036,Booked,Tour Operator Network,Architecture Tour Group,SMERF,Hybrid,Rooms Only,Association,Association,Website,Medium,2024-12-14,2025-01-06,19,2025-05-21,2025-05-22,1,158,19,19,20,0,,0,0,4,1.0,3711.44,1,77.8,160.95,142.73,2711.87,0.0,0.0,2711.87,17,2426.41,0.0,0.0,2426.41,0.8947368421052632,0.0,,2025,5,4,57.2,42.8,1,159.49,132.86,292.35,247.39,132.86,1,0.0,19,0,0,0,0,0,0,0,0,0,0,,0,0,0.0,0.0,0,0,0.0,0,0,0,0,0.0,0.0
B-202505-20414,Booked,Consulting Network,Quarterly Business Review,Corporate,Hybrid,Full Package,Professional Services,Professional Services,Cvent,Low,2025-02-09,2025-02-27,9,2025-05-23,2025-05-24,1,103,57,57,72,1,Half Ballroom,1,0,9,0.0,0.0,1,83.1,176.83,157.3,8966.1,1614.85,5416.74,15997.69,53,8336.9,1614.85,5158.8,15110.55,0.9298245614035088,71.65,,2025,5,2,66.3,33.7,1,35.44,149.86,185.3,185.3,149.86,1,0.0,57,0,0,0,2,1,1,8,1,0,1,Theater,1,0,1.0,1614.85,150,1848,2554.65,4,0,0,0,100.0,0.6
B-202505-28012,Booked,Legal Society,Educational Seminar Series,Association,In-person,Rooms Only,Legal,Legal,Cvent,Low,2024-08-21,2024-09-14,19,2025-05-23,2025-05-24,1,275,37,37,40,0,,0,0,5,1.0,8232.21,2,78.9,174.35,159.25,5892.25,0.0,0.0,5892.25,26,4140.5,0.0,0.0,4140.5,0.7027027027027027,0.0,,2025,5,3,70.9,29.1,1,142.47,143.23,285.7,173.05,173.05,1,0.0,37,0,0,0,0,0,0,0,0,0,0,,0,0,0.0,0.0,0,0,0.0,0,0,0,0,0.0,0.0
B-202505-41359,Booked,Dental Association,Regional Chapter Meeting,Association,In-person,Meeting Only,Healthcare,Healthcare,Website,Low,2024-10-31,2024-11-28,18,2025-05-23,2025-05-25,2,204,0,0,80,1,Half Ballroom,0,0,10,0.0,0.0,2,82.5,167.83,0.0,0.0,1378.49,13733.16,15111.65,0,0.0,1378.49,13079.2,14457.69,,163.49,,2025,5,0,0.0,0.0,0,0.0,0.0,0.0,0.0,0.0,0,0.0,0,0,0,0,2,2,2,16,1,0,1,Classroom,3,1,2.5,1378.49,1000,2340,4539.86,5,0,0,0,100.0,0.67
B-202505-18662,Booked,TechCorp Solutions,New Hire Orientation,Corporate,Virtual,Rooms Only,Technology,Technology,Referral,Low,2025-03-05,2025-03-22,12,2025-05-24,2025-05-26,2,80,46,92,50,0,,0,1,5,0.0,0.0,1,79.1,169.59,143.66,13216.72,0.0,0.0,13216.72,73,10487.18,0.0,0.0,10487.18,0.7934782608695652,0.0,,2025,5,3,55.1,44.9,1,141.17,151.74,292.91,181.36,151.74,2,0.0,46,46,0,0,0,0,0,0,0,0,0,,0,0,0.0,0.0,0,0,0.0,0,0,0,0,0.0,0.0
B-202505-96117,Booked,Consulting Network,Innovation Workshop,Corporate,In-person,Meeting Only,Professional Services,Professional Services,Repeat Client,Medium,2025-03-19,2025-04-04,11,2025-05-24,2025-05-26,2,66,0,0,96,1,Half Ballroom,0,0,5,1.0,23132.82,1,79.2,166.57,0.0,0.0,1537.36,5816.16,7353.52,0,0.0,1537.36,5539.2,7076.56,,57.7,,2025,5,0,0.0,0.0,0,0.0,0.0,0.0,0.0,0.0,0,0.0,0,0,0,0,2,5,2,24,1,0,1,Classroom,3,1,2.6,1537.36,2650,4164,8633.24,5,0,0,0,20.0,0.8
B-202505-16710,Booked,Volunteer Network,Youth Sports Tournament,SMERF,In-person,Full Package,Other,Other,Referral,Low,2025-02-18,2025-03-23,19,2025-05-25,2025-05-26,1,96,31,31,43,1,Half Ballroom,1,0,14,0.0,0.0,2,83.5,162.54,135.16,4189.96,1209.95,1490.85,6890.76,22,2973.52,1209.95,1419.86,5603.33,0.7096774193548387,33.02,,2025,5,2,64.2,35.8,0,6.91,149.49,156.4,0.0,149.49,1,0.0,31,0,0,0,1,2,1,8,1,0,1,Classroom,2,0,1.0,1209.95,350,940,1999.34,2,0,0,0,0.0,0.36
B-202505-25917,Booked,Social Event,Milestone Birthday Party,Wedding/Social,In-person,Full Package,Social,Social/Private,Repeat Client,Low,2024-09-14,2024-10-12,18,2025-05-25,2025-05-26,1,253,25,25,33,1,Breakout Room,1,0,10,0.0,0.0,1,83.6,168.09,140.2,3505.0,568.87,4874.22,8948.09,15,2103.0,568.87,4642.11,7313.98,0.6,140.67,,2025,5,4,60.5,39.5,1,134.81,144.8,279.61,250.03,144.8,1,0.0,25,0,0,0,1,1,1,4,0,0,1,Reception,0,0,0.0,568.87,0,1815,2400.79,1,1,0,1,0.0,0.82
B-202505-33120,Booked,Global Industries,Executive Offsite,Corporate,Virtual,Full Package,Professional Services,Other,Website,Medium,2025-03-04,2025-03-26,8,2025-05-26,2025-05-27,1,83,73,73,97,1,Half Ballroom,1,0,14,0.0,0.0,2,79.2,173.98,149.26,10895.98,1824.67,2913.93,15634.58,60,8955.6,1824.67,2775.17,13555.44,0.821917808219178,28.61,,2025,5,2,68.0,32.0,0,15.52,125.94,141.46,0.0,125.94,1,0.0,73,0,0,0,2,2,1,12,1,0,1,Classroom,3,1,2.0,1824.67,800,2694,4437.2,4,0,0,0,50.0,0.81
B-202505-42151,Booked,Personal Event,Quinceañera Celebration,Wedding/Social,In-person,Full Package,Social,Social/Private,Referral,Low,2024-09-23,2024-10-28,26,2025-05-26,2025-05-27,1,245,14,14,18,1,Breakout Room,1,1,9,1.0,6729.33,1,80.4,161.79,145.68,2039.52,419.15,2343.03,4801.7,9,1311.12,419.15,2231.46,3961.73,0.6428571428571429,123.97,,2025,5,4,69.3,30.7,1,138.45,135.08,273.53,194.78,135.08,1,0.0,14,0,0,0,1,2,1,8,0,0,1,Banquet,2,0,1.5,419.15,500,810,2525.24,1,0,1,1,0.0,0.45
B-202505-19751,Booked,Family Celebration,Williams-Brown Wedding,Wedding/Social,In-person,Full Package,Social,Social/Private,Website,Low,2024-10-11,2024-11-06,16,2025-05-28,2025-05-29,1,229,36,36,43,1,Half Ballroom,1,1,10,0.0,0.0,4,80.8,166.29,143.01,5148.36,911.14,6015.33,12074.83,20,2860.2,911.14,5728.89,9500.23,0.5555555555555556,133.23,,2025,5,3,59.7,40.3,1,103.24,135.62,238.86,238.86,135.62,1,0.0,36,0,0,0,1,1,1,4,1,0,1,Banquet,2,0,2.0,911.14,350,1080,1791.91,1,0,1,1,0.0,0.36
B-202505-41881,Booked,Youth Organization,High School Reunion,SMERF,In-person,Full Package,SMERF,Social/Community,Sales Call,Low,2025-03-18,2025-04-06,10,2025-05-28,2025-05-29,1,71,38,38,45,1,Half Ballroom,1,0,9,1.0,8377.04,3,80.8,168.88,144.85,5504.3,1200.48,847.67,7552.45,33,4780.05,1200.48,807.3,6787.83,0.868421052631579,17.94,,2025,5,4,67.7,32.3,1,88.25,134.52,222.77,222.77,134.52,1,0.0,38,0,0,0,1,1,1,8,1,0,1,Classroom,2,0,2.0,1200.48,350,700,1661.3,1,0,0,0,100.0,0.38
B-202505-15073,Booked,Manufacturing Alliance,Product Launch Event,Corporate,Hybrid,Full Package,Technology,Other,Referral,Medium,2025-01-19,2025-02-08,12,2025-05-29,2025-05-31,2,130,71,142,92,1,Half Ballroom,1,1,8,1.0,49654.41,2,82.7,165.73,151.14,21461.88,1779.04,5738.04,28978.96,131,19799.34,1779.04,5464.8,27043.18,0.9225352112676056,59.4,,2025,5,3,69.4,30.6,1,148.57,134.57,283.14,190.5,134.57,2,9.9,64,71,0,0,2,4,2,24,1,0,1,Theater,3,1,2.25,1779.04,1700,5340,8766.81,5,0,0,0,50.0,0.77
B-202505-45305,Booked,Accounting Institute,Member Appreciation Event,Association,Virtual,Full Package,Finance,Finance,Sales Call,High,2024-08-22,2024-09-26,21,2025-05-30,2025-06-02,3,281,62,186,79,1,Half Ballroom,1,1,14,1.0,73881.95,1,77.0,171.46,151.55,28188.3,1456.82,17496.64,47141.76,152,23035.6,1456.82,16663.47,41155.89,0.8172043010752689,210.93,,2025,5,4,59.5,40.5,1,34.21,135.39,169.6,169.6,135.39,2,5.9,53,62,57,0,2,3,3,24,1,0,1,Theater,3,1,2.33,1456.82,1450,3900,7074.31,4,0,0,0,100.0,0.66
B-202505-72026,Booked,Personal Event,Engagement Party,Wedding/Social,In-person,Full Package,Social,Social/Private,Referral,Low,2024-07-27,2024-09-02,30,2025-05-30,2025-05-31,1,307,35,35,42,1,Half Ballroom,1,1,7,1.0,16490.78,1,82.2,169.51,153.01,5355.35,1193.55,5323.31,11872.21,20,3060.2,1193.55,5069.82,9323.57,0.5714285714285714,120.71,,2025,5,2,69.6,30.4,1,104.57,175.65,280.22,175.65,280.22,1,0.0,35,0,0,0,1,1,1,4,1,0,1,Banquet,2,0,2.0,1193.55,350,1320,2015.65,1,1,0,1,0.0,0.35
B-202505-43769,Booked,Cultural Journeys,Culinary Tour Group,SMERF,In-person,Rooms Only,Other,Other,Direct Inquiry,Low,2025-02-03,2025-02-20,12,2025-05-31,2025-06-02,2,117,25,50,27,0,,0,0,5,0.0,0.0,1,86.5,169.84,144.9,7245.0,0.0,0.0,7245.0,49,7100.1,0.0,0.0,7100.1,0.98,0.0,,2025,5,2,55.2,44.8,1,98.48,152.02,250.5,250.5,152.02,2,0.0,25,25,0,0,0,0,0,0,0,0,0,,0,0,0.0,0.0,0,0,0.0,0,0,0,0,0.0,0.0
B-202505-59535,Booked,Accounting Institute,Awards Gala Weekend,Association,In-person,Full Package,Finance,Finance,Repeat Client,High,2024-10-20,2024-11-21,25,2025-05-31,2025-06-03,3,223,53,159,68,1,Half Ballroom,1,1,7,1.0,54457.55,2,80.5,162.61,146.84,23347.56,1736.2,14945.45,40029.21,123,18061.32,1736.2,14233.76,34031.28,0.7735849056603774,209.32,,2025,5,3,56.0,44.0,1,59.79,132.25,192.04,192.04,132.25,2,7.3,44,53,46,0,2,3,3,24,1,0,1,Classroom,3,1,2.0,1736.2,1150,3840,6888.18,5,0,0,0,100.0,0.57
B-202506-11511,Booked,Family Celebration,Williams-Brown Wedding,Wedding/Social,In-person,Full Package,Social,Social/Private,Website,Low,2024-10-02,2024-11-13,35,2025-06-01,2025-06-03,2,242,16,32,21,1,Breakout Room,1,0,7,0.0,0.0,1,69.6,159.22,143.46,4590.72,530.37,2502.68,7623.77,20,2869.2,530.37,2383.5,5783.07,0.625,113.5,,2025,6,4,67.4,32.6,1,141.88,149.72,291.6,188.18,154.34,2,62.5,6,16,0,0,1,2,2,8,0,0,1,Banquet,1,0,0.5,530.37,150,945,2192.42,1,0,1,1,0.0,0.53
B-202506-92209,Booked,Retail Corporation,Product Launch Event,Corporate,In-person,Full Package,Professional Services,Other,Cvent,Low,2025-03-17,2025-04-11,11,2025-06-01,2025-06-02,1,76,29,29,32,1,Breakout Room,1,1,14,0.0,0.0,2,77.9,162.97,149.64,4339.56,539.73,1504.61,6383.9,25,3741.0,539.73,1432.96,5713.69,0.8620689655172413,44.78,,2025,6,4,53.7,46.3,1,142.19,140.21,282.4,170.34,140.21,1,0.0,29,0,0,0,1,1,1,8,0,0,1,Classroom,2,0,2.0,539.73,350,1280,2639.22,2,0,0,0,100.0,0.8
B-202506-37759,Booked,Nursing Council,Continuing Education Conference,Association,Virtual,Full Package,Healthcare,Healthcare,Repeat Client,Medium,2024-10-28,2024-12-02,26,2025-06-03,2025-06-06,3,218,14,42,16,1,Breakout Room,1,1,9,0.0,0.0,1,74.5,167.2,142.29,5976.18,467.34,3898.1,10341.62,27,3841.83,467.34,3712.48,8021.65,0.6428571428571429,232.03,,2025,6,4,62.5,37.5,1,91.92,140.07,231.99,231.99,140.07,2,29.4,8,14,4,0,1,3,3,24,0,0,1,Theater,2,0,1.33,467.34,650,2720,6276.44,5,0,0,0,100.0,0.4
B-202506-37899,Booked,Local School District,Faith-Based Conference,SMERF,In-person,Full Package,Education,Education,RFP,Medium,2025-02-07,2025-02-28,14,2025-06-03,2025-06-05,2,116,53,106,73,1,Half Ballroom,1,0,7,0.0,0.0,2,80.3,161.21,138.19,14648.14,941.55,2718.78,18308.47,90,12437.1,941.55,2589.31,15967.96,0.8490566037735849,35.47,,2025,6,2,50.3,49.7,0,116.04,149.41,265.45,0.0,149.41,2,7.5,49,53,0,0,1,4,2,16,1,0,1,Classroom,2,0,1.0,941.55,650,240,2340.96,1,0,0,0,0.0,0.61
B-202506-73016,Booked,Personal Event,Williams-Brown Wedding,Wedding/Social,In-person,Rooms Only,Social,Social/Private,Repeat Client,Medium,2024-06-03,2024-06-26,17,2025-06-03,2025-06-04,1,365,49,49,53,0,,0,1,6,0.0,0.0,1,73.8,166.88,144.47,7079.03,0.0,0.0,7079.03,29,4189.63,0.0,0.0,4189.63,0.5918367346938775,0.0,,2025,6,4,68.9,31.1,1,106.59,140.48,247.07,247.07,140.48,1,0.0,49,0,0,0,0,0,0,0,0,0,0,,0,0,0.0,0.0,0,0,0.0,0,0,0,0,0.0,0.0
B-202506-11533,Booked,Social Event,Anniversary Celebration,Wedding/Social,In-person,Rooms Only,Social,Social/Private,Website,Low,2025-01-05,2025-02-23,42,2025-06-04,2025-06-06,2,150,21,42,23,0,,0,1,7,0.0,0.0,2,75.1,164.93,147.6,6199.2,0.0,0.0,6199.2,22,3247.2,0.0,0.0,3247.2,0.5238095238095238,0.0,,2025,6,3,58.5,41.5,1,99.65,171.11,270.76,232.5,270.76,2,52.4,10,21,0,0,0,0,0,0,0,0,0,,0,0,0.0,0.0,0,0,0.0,0,0,0,0,0.0,0.0
B-202506-39601,Booked,Personal Event,Holiday Party,Wedding/Social,In-person,Full Package,Social,Social/Private,Referral,Low,2024-07-09,2024-08-20,30,2025-06-04,2025-06-05,1,330,21,21,25,1,Breakout Room,1,1,12,0.0,0.0,1,71.3,161.93,146.05,3067.05,398.47,3714.9,7180.42,11,1606.55,398.47,3538.0,5543.02,0.5238095238095238,141.52,,2025,6,4,71.5,28.5,1,141.46,142.85,284.31,247.32,191.51,1,0.0,21,0,0,0,1,2,1,8,0,0,1,Reception,1,0,1.0,398.47,300,1125,2719.34,1,0,1,1,0.0,0.62
B-202506-43010,Booked,Nursing Council,Awards Gala Weekend,Association,In-person,Full Package,Healthcare,Healthcare,Third-Party Planner,Medium,2024-09-09,2024-10-15,28,2025-06-04,2025-06-07,3,268,46,138,56,1,Half Ballroom,1,0,8,1.0,57482.99,3,75.6,167.5,149.0,20562.0,1142.28,11807.63,33511.91,103,15347.0,1142.28,11245.36,27734.64,0.7463768115942029,200.81,,2025,6,3,58.0,42.0,1,44.13,128.0,172.13,172.13,135.36,2,9.8,35,46,40,0,1,3,3,24,1,0,1,Classroom,3,1,2.33,1142.28,1350,3800,6938.04,4,0,0,0,100.0,0.47
B-202506-86399,Booked,Youth Organization,High School Reunion,SMERF,In-person,Full Package,SMERF,Social/Community,Website,Low,2025-04-18,2025-05-11,10,2025-06-04,2025-06-05,1,47,28,28,38,1,Breakout Room,1,1,13,0.0,0.0,1,69.9,159.45,133.97,3751.16,562.39,707.03,5020.58,24,3215.28,562.39,673.36,4451.03,0.8571428571428571,17.72,,2025,6,2,59.0,41.0,1,15.76,250.83,266.59,250.83,266.59,1,0.0,28,0,0,0,1,2,1,8,0,0,1,Classroom,0,0,0.0,562.39,0,432,1684.28,1,0,0,0,0.0,0.95
B-202506-91870,Booked,Professional Services Group,Regional Team Meeting,Corporate,In-person,Meeting Only,Technology,Other,Website,Low,2025-02-03,2025-02-27,14,2025-06-04,2025-06-05,1,121,0,0,138,1,Grand Ballroom,0,1,10,0.0,0.0,3,74.7,167.46,0.0,0.0,2449.8,11980.33,14430.13,0,0.0,2449.8,11409.84,13859.64,,82.68,,2025,6,0,0.0,0.0,0,0.0,0.0,0.0,0.0,0.0,0,0.0,0,0,0,0,1,1,1,8,1,0,1,Classroom,2,0,2.0,2449.8,350,10350,13124.51,3,0,0,0,100.0,0.57
B-202506-45102,Booked,Personal Event,Memorial Service Gathering,Wedding/Social,In-person,Full Package,Social,Social/Private,Cvent,Low,2024-09-01,2024-10-16,32,2025-06-05,2025-06-06,1,277,23,23,31,1,Breakout Room,1,1,13,0.0,0.0,4,73.0,161.21,136.22,3133.06,583.54,3844.48,7561.08,14,1907.08,583.54,3661.41,6152.03,0.6086956521739131,118.11,,2025,6,4,70.3,29.7,1,75.6,141.33,216.93,216.93,141.33,1,0.0,23,0,0,0,1,1,1,4,0,0,1,Reception,2,0,2.0,583.54,350,1705,2631.02,1,1,0,1,0.0,0.78
B-202506-92689,Booked,Private Individual,Bar/Bat Mitzvah,Wedding/Social,In-person,Full Package,Social,Social/Private,Third-Party Planner,Low,2024-06-09,2024-07-03,14,2025-06-08,2025-06-09,1,364,32,32,39,1,Breakout Room,1,1,10,0.0,0.0,1,70.6,164.62,140.0,4480.0,351.24,4929.97,9761.21,20,2800.0,351.24,4695.21,7846.45,0.625,120.39,,2025,6,4,53.1,46.9,1,148.13,125.63,273.76,180.86,125.63,1,0.0,32,0,0,0,1,1,1,4,0,0,1,Banquet,2,0,2.0,351.24,350,2145,3090.05,1,1,0,1,0.0,0.97
B-202506-43903,Booked,Insurance Federation,Continuing Education Conference,Association,In-person,Full Package,Finance,Finance,Direct Inquiry,High,2024-10-12,2024-11-12,20,2025-06-09,2025-06-13,4,240,101,404,127,1,Grand Ballroom,1,1,11,1.0,102846.88,3,71.8,159.8,147.83,59723.32,2332.36,43849.48,105905.16,282,41688.06,2332.36,41761.41,85781.83,0.698019801980198,328.83,,2025,6,3,58.8,41.2,1,132.4,162.18,294.58,197.18,294.58,2,4.5,93,101,91,89,1,4,4,32,1,0,1,Classroom,3,1,2.5,2332.36,2000,34417,46726.62,5,0,0,0,100.0,0.53
B-202506-81535,Booked,Family Celebration,Bar/Bat Mitzvah,Wedding/Social,In-person,Full Package,Social,Social/Private,Referral,Low,2025-01-10,2025-02-10,20,2025-06-09,2025-06-10,1,150,22,22,28,1,Breakout Room,1,1,11,1.0,9521.25,1,69.8,163.68,141.66,3116.52,404.51,3863.75,7384.78,12,1699.92,404.51,3679.76,5784.19,0.5454545454545454,131.42,,2025,6,2,60.9,39.1,1,29.44,164.01,193.45,193.45,193.45,1,0.0,22,0,0,0,1,1,1,4,0,0,1,Reception,1,0,1.0,404.51,150,1260,2061.33,1,0,1,1,0.0,0.7
B-202506-81946,Booked,Retail Corporation,Management Training,Corporate,In-person,Full Package,Finance,Other,Repeat Client,Medium,2025-03-31,2025-04-20,11,2025-06-09,2025-06-11,2,70,52,104,70,1,Half Ballroom,1,1,9,0.0,0.0,1,70.4,164.91,146.83,15270.32,1325.2,11244.77,27840.29,87,12774.21,1325.2,10709.3,24808.71,0.8365384615384616,152.99,,2025,6,3,65.8,34.2,1,39.14,134.38,173.52,173.52,134.38,2,19.2,42,52,0,0,1,2,2,16,1,0,1,Banquet,3,1,2.0,1325.2,800,2568,4637.4,4,0,0,0,100.0,0.58
B-202506-65856,Booked,Dental Association,Regional Chapter Meeting,Association,In-person,Full Package,Healthcare,Healthcare,Cvent,High,2024-11-02,2024-11-30,17,2025-06-10,2025-06-13,3,220,62,186,77,1,Half Ballroom,1,0,11,0.0,0.0,3,74.2,162.24,134.62,25039.32,1760.18,19708.0,46507.5,131,17635.22,1760.18,18769.52,38164.92,0.7043010752688172,243.76,,2025,6,4,60.1,39.9,1,137.12,144.57,281.69,225.94,144.57,2,7.3,51,62,57,0,2,3,3,24,1,0,1,Theater,3,1,2.33,1760.18,1350,3180,6352.73,5,0,0,0,100.0,0.64
B-202506-38068,Booked,Real Estate Board,Leadership Institute,Association,In-person,Full Package,Government,Government,Referral,High,2024-09-04,2024-09-30,18,2025-06-11,2025-06-14,3,280,38,114,44,1,Half Ballroom,1,0,8,0.0,0.0,3,71.7,161.5,148.74,16956.36,1275.51,11504.26,29736.13,79,11750.46,1275.51,10956.44,23982.41,0.6929824561403509,249.01,,2025,6,4,65.0,35.0,1,120.56,151.17,271.73,233.52,151.17,2,9.7,33,38,29,0,1,3,3,24,1,0,1,Classroom,2,0,2.0,1275.51,1050,3180,6059.92,5,0,0,0,100.0,0.37
B-202506-48588,Booked,Industry Trade Group,Networking Summit,Association,Hybrid,Full Package,Trade/Manufacturing,Trade/Manufacturing,Cvent,Medium,2024-10-19,2024-11-17,22,2025-06-11,2025-06-13,2,235,61,122,81,1,Half Ballroom,1,1,7,1.0,33380.52,2,70.2,159.32,134.97,16466.34,1503.81,5335.19,23305.34,82,11067.54,1503.81,5081.13,17652.48,0.6721311475409836,62.73,,2025,6,3,65.8,34.2,1,70.63,167.98,238.61,238.61,169.96,2,0.0,61,61,0,0,2,4,2,24,1,0,1,Theater,3,1,1.75,1503.81,1300,3404,6437.03,4,0,0,0,50.0,0.68
B-202506-72506,Booked,Faith Community,Fraternity/Sorority Reunion,SMERF,In-person,Rooms Only,Other,Other,Third-Party Planner,Low,2025-01-21,2025-02-08,14,2025-06-11,2025-06-12,1,141,40,40,44,0,,0,0,4,0.0,0.0,3,67.8,162.73,150.13,6005.2,0.0,0.0,6005.2,32,4804.16,0.0,0.0,4804.16,0.8,0.0,,2025,6,3,66.1,33.9,0,142.82,152.16,294.98,0.0,152.16,1,0.0,40,0,0,0,0,0,0,0,0,0,0,,0,0,0.0,0.0,0,0,0.0,0,0,0,0,0.0,0.0
B-202506-49268,Booked,Banking Consortium,Performance Review Summit,Corporate,In-person,Rooms Only,Finance,Finance,Third-Party Planner,Medium,2025-03-11,2025-03-23,9,2025-06-12,2025-06-15,3,93,30,90,33,0,,0,1,3,1.0,14878.42,2,76.6,170.56,148.63,13376.7,0.0,0.0,13376.7,82,12187.66,0.0,0.0,12187.66,0.9111111111111112,0.0,,2025,6,3,52.1,47.9,1,103.14,151.57,254.71,254.71,151.57,2,17.3,19,30,19,0,0,0,0,0,0,0,0,,0,0,0.0,0.0,0,0,0.0,0,0,0,0,0.0,0.0
B-202506-55323,Booked,Veterans Group,Charity Fundraiser,SMERF,In-person,Full Package,Government,Government,Sales Call,Low,2025-02-15,2025-03-12,16,2025-06-12,2025-06-13,1,117,59,59,80,1,Half Ballroom,1,1,9,0.0,0.0,2,70.6,161.51,140.55,8292.45,1394.91,1655.64,11343.0,45,6324.75,1394.91,1576.8,9296.46,0.7627118644067796,19.71,,2025,6,3,56.2,43.8,1,35.69,134.25,169.94,169.94,134.25,1,0.0,59,0,0,0,1,1,1,8,1,0,1,Classroom,2,0,2.0,1394.91,350,700,1671.43,1,0,0,0,100.0,0.67
B-202506-26114,Booked,Retail Corporation,Executive Offsite,Corporate,In-person,Full Package,Professional Services,Other,Cvent,Low,2025-03-10,2025-04-01,14,2025-06-13,2025-06-14,1,95,45,45,55,1,Half Ballroom,1,1,8,0.0,0.0,4,70.3,161.78,135.72,6107.4,970.74,4451.37,11529.51,42,5700.24,970.74,4239.4,10910.38,0.9333333333333332,77.08,,2025,6,2,51.7,48.3,0,4.11,142.51,146.62,0.0,146.62,1,0.0,45,0,0,0,1,1,1,8,1,0,1,Classroom,2,0,2.0,970.74,350,2088,3031.64,4,0,0,0,100.0,0.46
B-202506-30297,Booked,Financial Services Group,Board of Directors Meeting,Corporate,In-person,Meeting Only,Finance,Finance,Repeat Client,Low,2025-03-04,2025-03-20,10,2025-06-13,2025-06-15,2,101,0,0,43,1,Half Ballroom,0,0,6,1.0,13354.64,1,68.6,169.11,0.0,0.0,1123.52,6440.65,7564.17,0,0.0,1123.52,6133.95,7257.47,,142.65,,2025,6,0,0.0,0.0,0,0.0,0.0,0.0,0.0,0.0,0,0.0,0,0,0,0,1,2,2,16,1,0,1,Classroom,3,1,3.0,1123.52,1300,3048,5457.78,4,0,0,0,100.0,0.36
B-202506-59091,Booked,Regional Healthcare System,Performance Review Summit,Corporate,Hybrid,Rooms Only,Healthcare,Healthcare,RFP,Low,2025-03-22,2025-04-03,9,2025-06-13,2025-06-14,1,83,21,21,23,0,,0,0,3,1.0,3243.67,2,70.7,162.59,149.62,3142.02,0.0,0.0,3142.02,18,2693.16,0.0,0.0,2693.16,0.8571428571428571,0.0,,2025,6,4,57.4,42.6,1,157.76,125.47,283.23,186.01,132.68,1,0.0,21,0,0,0,0,0,0,0,0,0,0,,0,0,0.0,0.0,0,0,0.0,0,0,0,0,0.0,0.0
B-202506-82318,Booked,Financial Services Group,Annual Sales Conference,Corporate,Hybrid,Full Package,Finance,Finance,RFP,Medium,2025-03-10,2025-04-02,11,2025-06-13,2025-06-15,2,95,35,70,45,1,Half Ballroom,1,0,12,1.0,25132.8,2,68.8,163.58,136.34,9543.8,1122.12,6625.39,17291.31,55,7498.7,1122.12,6309.9,14930.72,0.7857142857142857,140.22,,2025,6,3,65.4,34.6,1,88.65,187.9,276.55,238.15,276.55,2,25.7,26,35,0,0,1,2,2,16,1,0,1,Classroom,3,1,2.0,1122.12,800,3936,5872.27,5,0,0,0,100.0,0.38
B-202506-89616,Booked,Veterans Group,Cultural Heritage Festival,SMERF,In-person,Rooms Only,Government,Government,Website,Low,2024-12-17,2025-01-08,16,2025-06-13,2025-06-15,2,178,42,84,46,0,,0,0,6,1.0,14551.98,4,73.1,163.03,146.36,12294.24,0.0,0.0,12294.24,73,10684.28,0.0,0.0,10684.28,0.8690476190476191,0.0,,2025,6,2,55.5,44.5,1,36.83,140.46,177.29,177.29,140.46,2,11.9,37,42,0,0,0,0,0,0,0,0,0,,0,0,0.0,0.0,0,0,0.0,0,0,0,0,0.0,0.0
B-202506-12714,Booked,Professional Services Group,Sales Kickoff,Corporate,In-person,Meeting Only,Technology,Other,Referral,Low,2025-04-13,2025-05-06,14,2025-06-14,2025-06-15,1,62,0,0,137,1,Grand Ballroom,0,0,9,0.0,0.0,2,72.0,165.58,0.0,0.0,1813.16,11942.43,13755.59,0,0.0,1813.16,11373.74,13186.9,,83.02,,2025,6,0,0.0,0.0,0,0.0,0.0,0.0,0.0,0.0,0,0.0,0,0,0,0,1,1,1,8,1,0,1,Theater,3,1,3.0,1813.16,650,7124,10232.75,3,0,0,0,100.0,0.57
B-202506-63763,Booked,Private Party,Smith-Johnson Wedding,Wedding/Social,In-person,Full Package,Social,Social/Private,Direct Inquiry,Medium,2024-09-28,2024-10-31,22,2025-06-14,2025-06-16,2,259,33,66,40,1,Breakout Room,1,1,11,0.0,0.0,1,74.1,162.39,150.56,9936.96,439.93,5014.8,15391.69,41,6172.96,439.93,4776.0,11388.89,0.6212121212121212,119.4,,2025,6,2,50.2,49.8,1,86.55,135.92,222.47,222.47,135.92,2,6.1,31,33,0,0,1,3,2,12,0,0,1,Banquet,2,0,1.0,439.93,500,2200,4475.07,1,1,0,1,0.0,1.0
B-202506-73620,Booked,Retail Corporation,Regional Team Meeting,Corporate,In-person,Rooms Only,Healthcare,Other,Cvent,Medium,2025-03-03,2025-03-19,12,2025-06-14,2025-06-16,2,103,48,96,52,0,,0,0,4,0.0,0.0,2,71.8,165.15,150.71,14468.16,0.0,0.0,14468.16,81,12207.51,0.0,0.0,12207.51,0.84375,0.0,,2025,6,3,72.4,27.6,0,135.66,154.91,290.57,0.0,154.91,2,2.1,47,48,0,0,0,0,0,0,0,0,0,,0,0,0.0,0.0,0,0,0.0,0,0,0,0,0.0,0.0
B-202506-24216,Booked,Family Celebration,Quinceañera Celebration,Wedding/Social,In-person,Full Package,Social,Social/Private,Direct Inquiry,Low,2024-12-13,2025-01-10,16,2025-06-16,2025-06-17,1,185,34,34,44,1,Half Ballroom,1,0,12,1.0,17697.15,2,73.9,161.65,146.31,4974.54,872.2,6873.17,12719.91,21,3072.51,872.2,6545.88,10490.59,0.6176470588235294,148.77,,2025,6,2,64.7,35.3,1,110.61,141.44,252.05,252.05,141.44,1,0.0,34,0,0,0,1,1,1,4,1,0,1,Reception,1,0,1.0,872.2,150,1320,1837.0,1,1,0,1,0.0,0.37
B-202506-80919,Booked,Industry Trade Group,Leadership Institute,Association,In-person,Full Package,Trade/Manufacturing,Trade/Manufacturing,Direct Inquiry,Low,2024-10-18,2024-11-26,25,2025-06-16,2025-06-18,2,241,26,52,33,1,Breakout Room,1,1,14,0.0,0.0,1,72.4,161.23,136.92,7119.84,552.02,5273.73,12945.59,38,5202.96,552.02,5022.6,10777.58,0.7307692307692307,152.2,,2025,6,4,59.7,40.3,1,140.41,125.04,265.45,219.09,125.04,2,23.1,20,26,0,0,1,2,2,16,0,0,1,Classroom,2,0,2.0,552.02,700,5016,7729.42,5,0,0,0,100.0,0.82
B-202506-83719,Booked,Retail Corporation,Quarterly Business Review,Corporate,In-person,Full Package,Healthcare,Other,Website,Low,2025-04-08,2025-05-02,12,2025-06-16,2025-06-17,1,69,24,24,31,1,Breakout Room,1,0,12,1.0,8015.65,4,71.9,165.58,151.46,3635.04,564.73,1270.75,5470.52,21,3180.66,564.73,1210.24,4955.63,0.875,39.04,,2025,6,3,59.5,40.5,1,150.7,141.07,291.77,238.86,141.07,1,0.0,24,0,0,0,1,1,1,8,0,0,1,Classroom,1,0,1.0,564.73,150,1953,3192.9,2,0,0,0,100.0,0.78
B-202506-67979,Booked,Veterans Group,Community Theater Production,SMERF,In-person,Meeting Only,Government,Government,Repeat Client,Low,2025-02-20,2025-03-15,15,2025-06-17,2025-06-18,1,117,0,0,79,1,Half Ballroom,0,0,8,0.0,0.0,2,70.1,164.4,0.0,0.0,1951.49,2469.42,4420.91,0,0.0,1951.49,2351.83,4303.32,,29.77,,2025,6,0,0.0,0.0,0,0.0,0.0,0.0,0.0,0.0,0,0.0,0,0,0,0,2,2,1,8,1,0,1,Theater,2,0,1.5,1951.49,500,940,2150.36,2,0,0,0,0.0,0.66
B-202506-62165,Booked,Nursing Council,Annual Member Conference,Association,In-person,Full Package,Healthcare,Healthcare,Direct Inquiry,Medium,2024-11-13,2024-12-15,25,2025-06-18,2025-06-21,3,217,50,150,61,1,Half Ballroom,1,1,7,1.0,60187.58,2,72.5,166.74,148.79,22318.5,1157.7,13354.43,36830.63,105,15622.95,1157.7,12718.5,29499.15,0.7,208.5,,2025,6,2,58.5,41.5,0,136.09,139.91,276.0,0.0,139.91,2,10.5,40,50,38,0,1,3,3,24,1,0,1,Classroom,3,1,1.67,1157.7,950,4060,6667.28,5,0,0,0,100.0,0.51
B-202506-18498,Booked,State Medical Association,Networking Summit,Association,Hybrid,Full Package,Healthcare,Healthcare,Website,High,2024-06-28,2024-07-23,18,2025-06-19,2025-06-21,2,356,90,180,106,1,Half Ballroom,1,1,7,0.0,0.0,1,71.3,165.5,153.71,27667.8,1029.82,6308.48,35006.1,127,19521.17,1029.82,6008.08,26559.07,0.7055555555555556,56.68,,2025,6,4,51.2,48.8,1,154.18,129.71,283.89,218.81,129.71,2,11.1,80,90,0,0,1,6,2,24,1,0,1,Classroom,3,1,2.33,1029.82,2700,3920,8558.51,5,0,0,0,0.0,0.88
B-202506-79248,Booked,Retail Corporation,Innovation Workshop,Corporate,Hybrid,Meeting Only,Healthcare,Other,Cvent,Low,2025-03-03,2025-03-21,13,2025-06-21,2025-06-22,1,110,0,0,44,1,Half Ballroom,0,1,5,1.0,7770.57,2,69.4,162.78,0.0,0.0,887.13,3115.73,4002.86,0,0.0,887.13,2967.36,3854.49,,67.44,,2025,6,0,0.0,0.0,0,0.0,0.0,0.0,0.0,0.0,0,0.0,0,0,0,0,1,1,1,8,1,0,1,Classroom,2,0,2.0,887.13,350,1008,1941.36,3,0,0,0,100.0,0.37
B-202506-59449,Booked,Financial Services Group,Executive Offsite,Corporate,In-person,Full Package,Finance,Finance,Direct Inquiry,Low,2025-03-30,2025-04-22,12,2025-06-22,2025-06-23,1,84,56,56,68,1,Half Ballroom,1,0,11,0.0,0.0,3,70.8,157.89,133.48,7474.88,1013.55,4915.18,13403.61,52,6940.96,1013.55,4681.12,12635.63,0.9285714285714286,68.84,,2025,6,3,50.8,49.2,1,139.67,153.37,293.04,193.43,293.04,1,0.0,56,0,0,0,1,1,1,8,1,0,1,Classroom,1,0,1.0,1013.55,150,1800,2590.63,3,0,0,0,100.0,0.57
B-202506-18253,Booked,Dental Association,Regional Chapter Meeting,Association,In-person,Full Package,Healthcare,Healthcare,Referral,Medium,2024-08-15,2024-09-18,27,2025-06-24,2025-06-26,2,313,60,120,83,1,Half Ballroom,1,1,7,0.0,0.0,2,69.7,171.71,151.6,18192.0,1376.53,5618.56,25187.09,82,12431.2,1376.53,5351.01,19158.74,0.6833333333333333,64.47,,2025,6,2,52.1,47.9,1,66.12,179.51,245.63,245.63,179.51,2,16.7,50,60,0,0,1,5,2,24,1,0,1,Classroom,3,1,2.4,1376.53,2350,4320,8584.99,5,0,0,0,20.0,0.69
B-202506-41646,Booked,State Medical Association,Awards Gala Weekend,Association,In-person,Full Package,Healthcare,Healthcare,Third-Party Planner,High,2024-11-18,2024-12-24,23,2025-06-24,2025-06-26,2,218,81,162,106,1,Half Ballroom,1,0,13,0.0,0.0,2,71.9,160.83,141.23,22879.26,1625.52,6682.45,31187.23,111,15676.53,1625.52,6364.24,23666.29,0.6851851851851852,60.04,,2025,6,3,60.3,39.7,1,73.01,154.48,227.49,227.49,154.48,2,13.6,70,81,0,0,2,6,2,24,1,0,1,Theater,2,0,1.67,1625.52,1700,4152,7819.96,4,0,0,0,0.0,0.88
B-202506-15546,Booked,Senior Adventures,International Tour Package,Corporate,In-person,Full Package,Other,Other,Website,Medium,2025-03-16,2025-04-09,14,2025-06-25,2025-06-26,1,101,59,59,72,1,Half Ballroom,1,0,10,0.0,0.0,1,76.4,160.06,133.29,7864.11,1150.55,0.0,9014.66,58,7730.82,1150.55,0.0,8881.37,0.9830508474576272,0.0,,2025,6,2,52.5,47.5,1,51.17,134.23,185.4,185.4,134.23,1,0.0,59,0,0,0,1,1,1,4,1,0,1,Classroom,0,0,0.0,1150.55,0,0,353.31,0,0,0,0,0.0,0.6
B-202506-85076,Booked,Heritage Travel,Photography Expedition,Corporate,Hybrid,Full Package,Trade/Manufacturing,Trade/Manufacturing,Sales Call,High,2025-05-05,2025-05-27,10,2025-06-25,2025-06-27,2,51,16,32,21,1,Breakout Room,1,0,12,0.0,0.0,3,73.8,165.49,148.98,4767.36,578.49,0.0,5345.85,29,4320.42,578.49,0.0,4898.91,0.90625,0.0,,2025,6,4,59.0,41.0,1,138.45,138.11,276.56,238.68,138.11,2,75.0,4,16,0,0,1,2,2,8,0,0,1,Classroom,1,0,0.5,578.49,150,0,1338.8,0,0,0,0,0.0,0.53
B-202506-23392,Booked,Nursing Council,Regional Chapter Meeting,Association,Hybrid,Full Package,Healthcare,Healthcare,Third-Party Planner,Medium,2025-02-19,2025-03-16,18,2025-06-26,2025-06-28,2,127,33,66,37,1,Breakout Room,1,0,7,1.0,23585.56,1,71.5,160.08,137.32,9063.12,552.66,6117.32,15733.1,47,6454.04,552.66,5826.02,12832.72,0.7121212121212122,157.46,,2025,6,3,53.0,47.0,0,29.13,129.22,158.35,0.0,129.22,2,12.1,29,33,0,0,1,2,2,16,0,0,1,Theater,2,0,2.0,552.66,700,3780,6523.92,5,0,0,0,100.0,0.93
B-202506-89281,Booked,Legal Society,Policy Symposium,Association,Hybrid,Full Package,Legal,Legal,Direct Inquiry,High,2024-10-01,2024-10-28,16,2025-06-26,2025-06-27,1,268,62,62,81,1,Half Ballroom,1,1,11,1.0,25842.44,1,65.2,170.25,157.42,9760.04,1324.01,2570.21,13654.26,51,8028.42,1324.01,2447.82,11800.25,0.8225806451612904,30.22,,2025,6,3,52.3,47.7,0,147.04,137.0,284.04,0.0,148.04,1,0.0,62,0,0,0,1,2,1,12,1,0,1,Classroom,3,1,2.5,1324.01,1000,2180,4099.29,5,0,0,0,50.0,0.68
B-202506-27383,Booked,Regional Healthcare System,Board of Directors Meeting,Corporate,In-person,Full Package,Healthcare,Healthcare,Third-Party Planner,Low,2025-04-12,2025-05-03,7,2025-06-27,2025-06-28,1,76,43,43,53,1,Half Ballroom,1,1,14,1.0,14664.42,2,73.6,161.71,136.7,5878.1,1064.24,3871.57,10813.91,36,4921.2,1064.24,3687.21,9672.65,0.8372093023255814,69.57,,2025,6,3,57.0,43.0,1,72.31,152.39,224.7,224.7,153.08,1,0.0,43,0,0,0,1,1,1,8,1,0,1,Classroom,3,1,3.0,1064.24,650,1848,3069.64,4,0,0,0,100.0,0.44
B-202506-75721,Booked,Education Foundation,Regional Chapter Meeting,Association,In-person,Full Package,Education,Education,Cvent,Low,2024-11-28,2025-01-04,23,2025-06-27,2025-06-29,2,211,23,46,27,1,Breakout Room,1,1,14,1.0,20214.85,2,72.0,161.63,137.17,6309.82,552.37,4191.83,11054.02,30,4115.1,552.37,3992.22,8659.69,0.6521739130434783,147.86,,2025,6,2,70.3,29.7,0,2.24,125.71,127.95,0.0,125.71,2,4.3,22,23,0,0,1,2,2,16,0,0,1,Classroom,2,0,1.5,552.37,500,2835,5257.23,4,0,0,0,100.0,0.68
B-202506-85605,Booked,Senior Adventures,Heritage Tour Group,SMERF,In-person,Rooms Only,Education,Education,Referral,Low,2025-03-30,2025-04-22,17,2025-06-27,2025-06-28,1,89,43,43,47,0,,0,0,6,0.0,0.0,2,73.2,156.04,143.49,6170.07,0.0,0.0,6170.07,38,5452.62,0.0,0.0,5452.62,0.8837209302325582,0.0,,2025,6,3,63.2,36.8,1,112.96,138.98,251.94,251.94,138.98,1,0.0,43,0,0,0,0,0,0,0,0,0,0,,0,0,0.0,0.0,0,0,0.0,0,0,0,0,0.0,0.0
B-202506-54671,Booked,Accounting Institute,Policy Symposium,Association,In-person,Full Package,Finance,Finance,RFP,High,2024-09-12,2024-10-09,15,2025-06-29,2025-07-01,2,290,71,142,91,1,Half Ballroom,1,0,12,1.0,37785.7,2,71.1,166.16,152.45,21647.9,1547.38,6056.91,29252.19,102,15549.9,1547.38,5768.49,22865.77,0.7183098591549296,63.39,,2025,6,4,50.8,49.2,1,135.7,130.83,266.53,170.29,130.83,2,15.5,60,71,0,0,2,4,2,24,1,0,1,Classroom,3,1,2.25,1547.38,1700,3680,7257.47,4,0,0,0,50.0,0.76
B-202506-55265,Booked,State Medical Association,Annual Member Conference,Association,In-person,Rooms Only,Healthcare,Healthcare,Referral,High,2024-12-14,2025-01-06,18,2025-06-29,2025-07-01,2,197,101,202,111,0,,0,1,5,0.0,0.0,2,69.0,165.69,149.04,30106.08,0.0,0.0,30106.08,128,19077.12,0.0,0.0,19077.12,0.6336633663366337,0.0,,2025,6,2,58.0,42.0,0,6.41,138.36,144.77,0.0,144.77,2,9.9,91,101,0,0,0,0,0,0,0,0,0,,0,0,0.0,0.0,0,0,0.0,0,0,0,0,0.0,0.0
B-202506-79932,Booked,Professional Engineers Society,Networking Summit,Association,Hybrid,Meeting Only,Association,Other,Cvent,Low,2024-12-29,2025-01-31,27,2025-06-29,2025-07-01,2,182,0,0,96,1,Half Ballroom,0,0,6,1.0,26979.47,2,77.2,157.32,0.0,0.0,1003.13,5544.0,6547.13,0,0.0,1003.13,5280.0,6283.13,,55.0,,2025,6,0,0.0,0.0,0,0.0,0.0,0.0,0.0,0.0,0,0.0,0,0,0,0,1,5,2,24,1,0,1,Theater,2,0,1.4,1003.13,1150,4280,7310.05,5,0,0,0,20.0,0.8
B-202506-87892,Booked,Volunteer Network,Fraternity/Sorority Reunion,SMERF,In-person,Meeting Only,Other,Other,Website,Low,2025-01-22,2025-02-15,17,2025-06-29,2025-06-30,1,158,0,0,109,1,Half Ballroom,0,0,7,1.0,6150.72,2,71.7,162.51,0.0,0.0,1709.56,1997.15,3706.71,0,0.0,1709.56,1902.05,3611.61,,17.45,,2025,6,0,0.0,0.0,0,0.0,0.0,0.0,0.0,0.0,0,0.0,0,0,0,0,2,3,1,16,1,0,1,Theater,2,0,1.0,1709.56,500,432,2134.92,1,0,0,0,33.3,0.91
B-202507-10820,Booked,Youth Organization,Community Theater Production,SMERF,In-person,Full Package,SMERF,Social/Community,Website,Low,2025-03-25,2025-04-23,20,2025-07-01,2025-07-02,1,98,34,34,37,1,Breakout Room,1,0,9,0.0,0.0,1,63.0,162.93,149.52,5083.68,549.64,1277.78,6911.1,27,4037.04,549.64,1216.93,5803.61,0.7941176470588235,32.89,,2025,7,3,64.6,35.4,1,122.32,148.27,270.59,178.37,148.27,1,0.0,34,0,0,0,1,2,1,8,0,0,1,Theater,1,0,1.0,549.64,300,1692,3202.05,2,0,0,0,0.0,0.93
B-202507-91365,Booked,Real Estate Board,Member Appreciation Event,Association,Hybrid,Full Package,Government,Government,Website,Medium,2024-12-11,2025-01-04,15,2025-07-02,2025-07-05,3,203,48,144,66,1,Half Ballroom,1,0,9,0.0,0.0,2,65.9,157.49,132.0,19008.0,1458.78,14209.27,34676.05,93,12276.0,1458.78,13532.64,27267.42,0.6458333333333334,205.04,,2025,7,3,62.2,37.8,1,144.93,149.87,294.8,168.2,149.87,2,8.4,40,48,39,0,2,3,3,24,1,0,1,Classroom,2,0,1.67,1458.78,850,4380,7002.65,4,0,0,0,100.0,0.55
B-202507-97388,Booked,Global Industries,Product Launch Event,Corporate,In-person,Full Package,Healthcare,Other,Cvent,Medium,2025-05-29,2025-06-14,8,2025-07-02,2025-07-04,2,34,34,68,45,1,Half Ballroom,1,1,8,0.0,0.0,2,70.0,152.83,138.44,9413.92,1107.63,7792.47,18314.02,56,7752.64,1107.63,7421.4,16281.67,0.8235294117647058,164.92,,2025,7,3,71.1,28.9,0,148.39,146.55,294.94,0.0,146.55,2,8.8,31,34,0,0,1,2,2,16,1,0,1,Classroom,3,1,2.5,1107.63,1000,3120,5297.47,4,0,0,0,100.0,0.38
B-202507-44222,Booked,Energy Solutions,Product Launch Event,Corporate,Hybrid,Rooms Only,Finance,Other,Cvent,Low,2025-05-07,2025-05-24,13,2025-07-04,2025-07-05,1,58,53,53,58,0,,0,0,4,0.0,0.0,2,63.7,163.23,139.53,7395.09,0.0,0.0,7395.09,45,6278.85,0.0,0.0,6278.85,0.8490566037735849,0.0,,2025,7,3,64.8,35.2,1,90.12,145.77,235.89,235.89,145.77,1,0.0,53,0,0,0,0,0,0,0,0,0,0,,0,0,0.0,0.0,0,0,0.0,0,0,0,0,0.0,0.0
B-202507-60749,Booked,Professional Engineers Society,Member Appreciation Event,Association,Virtual,Full Package,Association,Other,Direct Inquiry,Medium,2024-11-16,2024-12-12,16,2025-07-04,2025-07-06,2,230,53,106,61,1,Half Ballroom,1,0,10,0.0,0.0,1,62.4,153.39,129.32,13707.92,1083.05,9097.02,23887.99,76,9828.32,1083.05,8663.83,19575.2,0.7169811320754716,142.03,,2025,7,3,70.8,29.2,1,121.75,154.73,276.48,241.31,241.31,2,0.0,53,53,0,0,1,2,2,16,1,0,1,Classroom,3,1,3.0,1083.05,1300,1660,4193.32,3,0,0,0,100.0,0.51
B-202507-99872,Booked,Faith Community,Fraternity/Sorority Reunion,SMERF,Hybrid,Meeting Only,Other,Other,Sales Call,Low,2025-01-15,2025-02-12,18,2025-07-04,2025-07-05,1,170,0,0,123,1,Grand Ballroom,0,0,10,1.0,8084.01,1,62.0,156.86,0.0,0.0,1537.13,3640.74,5177.87,0,0.0,1537.13,3467.37,5004.5,,28.19,,2025,7,0,0.0,0.0,0,0.0,0.0,0.0,0.0,0.0,0,0.0,0,0,0,0,1,2,1,8,1,0,1,Theater,2,0,1.5,1537.13,500,5640,9093.8,2,0,0,0,0.0,0.51
B-202507-25169,Booked,Global Industries,Quarterly Business Review,Corporate,In-person,Full Package,Healthcare,Other,Third-Party Planner,Medium,2025-04-27,2025-05-24,14,2025-07-05,2025-07-06,1,69,62,62,84,1,Half Ballroom,1,1,13,0.0,0.0,2,64.4,158.95,139.08,8622.96,861.03,2841.8,12325.79,55,7649.4,861.03,2706.48,11216.91,0.8870967741935484,32.22,,2025,7,4,62.7,37.3,1,109.04,128.24,237.28,237.28,128.24,1,0.0,62,0,0,0,1,3,1,12,1,0,1,Theater,2,0,1.33,861.03,650,1350,2984.71,3,0,0,0,0.0,0.7
B-202507-81580,Booked,Retail Corporation,New Hire Orientation,Corporate,In-person,Full Package,Professional Services,Other,Website,Medium,2025-05-03,2025-05-23,9,2025-07-05,2025-07-07,2,63,38,76,52,1,Half Ballroom,1,0,11,0.0,0.0,1,65.9,152.0,127.0,9652.0,1091.1,8148.5,18891.6,61,7747.0,1091.1,7760.48,16598.58,0.8026315789473685,149.24,,2025,7,4,51.3,48.7,1,146.88,137.23,284.11,238.92,137.23,2,10.5,34,38,0,0,1,2,2,16,1,0,1,Classroom,3,1,2.0,1091.1,800,2520,4521.13,5,0,0,0,100.0,0.43
B-202507-31531,Booked,Consulting Network,Leadership Summit,Corporate,In-person,Full Package,Professional Services,Professional Services,Direct Inquiry,Low,2025-04-06,2025-04-25,8,2025-07-07,2025-07-08,1,92,57,57,64,1,Half Ballroom,1,0,11,0.0,0.0,2,66.8,155.49,130.56,7441.92,1432.33,2637.6,11511.85,54,7050.24,1432.33,2512.0,10994.57,0.9473684210526316,39.25,,2025,7,3,74.4,25.6,0,135.05,135.08,270.13,0.0,142.77,1,0.0,57,0,0,0,2,1,1,8,1,0,1,Classroom,3,1,3.0,1432.33,650,720,1966.83,2,0,0,0,100.0,0.53
B-202507-57986,Booked,Industry Trade Group,Certification Training,Association,In-person,Full Package,Trade/Manufacturing,Trade/Manufacturing,Repeat Client,Medium,2024-10-01,2024-11-12,28,2025-07-07,2025-07-09,2,279,48,96,64,1,Half Ballroom,1,0,14,0.0,0.0,1,67.1,154.42,130.85,12561.6,827.23,10939.49,24328.32,61,7981.85,827.23,10418.56,19227.64,0.6354166666666666,162.79,,2025,7,2,74.0,26.0,1,33.08,148.89,181.97,181.97,181.97,2,14.6,41,48,0,0,1,2,2,16,1,0,1,Theater,2,0,2.0,827.23,700,2580,4500.32,5,0,0,0,100.0,0.53
B-202507-31966,Booked,Faith Community,Faith-Based Conference,SMERF,In-person,Full Package,Other,Other,RFP,Medium,2025-04-01,2025-04-24,13,2025-07-09,2025-07-10,1,99,34,34,42,1,Half Ballroom,1,0,10,0.0,0.0,3,59.9,156.56,131.0,4454.0,1211.12,1908.21,7573.33,25,3275.0,1211.12,1817.34,6303.46,0.7352941176470589,43.27,,2025,7,3,57.0,43.0,1,45.25,128.16,173.41,173.41,148.76,1,0.0,34,0,0,0,1,1,1,8,1,0,1,Classroom,1,0,1.0,1211.12,150,940,1647.84,2,0,0,0,100.0,0.35
B-202507-32111,Booked,Dental Association,Awards Gala Weekend,Association,Hybrid,Full Package,Healthcare,Healthcare,Referral,High,2024-12-23,2025-01-15,16,2025-07-09,2025-07-11,2,198,98,196,117,1,Half Ballroom,1,0,7,0.0,0.0,1,66.6,166.06,140.61,27559.56,1886.93,6902.94,36349.43,139,19544.79,1886.93,6574.23,28005.95,0.7091836734693877,56.19,,2025,7,4,63.0,37.0,1,128.32,153.73,282.05,242.6,153.73,2,5.1,93,98,0,0,2,5,2,24,1,0,1,Classroom,3,1,2.0,1886.93,1850,4320,8139.52,5,0,0,0,20.0,0.97
B-202507-12563,Booked,Social Event,Anniversary Celebration,Wedding/Social,In-person,Full Package,Social,Social/Private,Sales Call,Low,2024-09-05,2024-10-20,36,2025-07-10,2025-07-11,1,308,44,44,52,1,Half Ballroom,1,1,9,1.0,19948.99,4,61.8,163.58,139.46,6136.24,1162.31,7593.77,14892.32,25,3486.5,1162.31,7232.16,11880.97,0.5681818181818182,139.08,,2025,7,3,51.5,48.5,1,91.17,138.63,229.8,229.8,152.81,1,0.0,44,0,0,0,1,2,1,8,1,0,1,Banquet,2,0,1.0,1162.31,350,1320,2335.62,1,1,0,1,0.0,0.43
B-202507-29299,Booked,Energy Solutions,Board of Directors Meeting,Corporate,Hybrid,Rooms Only,Technology,Other,Sales Call,Low,2025-03-17,2025-03-29,7,2025-07-11,2025-07-13,2,116,27,54,29,0,,0,0,5,0.0,0.0,2,63.7,156.98,141.24,7626.96,0.0,0.0,7626.96,42,5932.08,0.0,0.0,5932.08,0.7777777777777778,0.0,,2025,7,2,74.8,25.2,1,53.74,164.6,218.34,218.34,218.34,2,29.6,19,27,0,0,0,0,0,0,0,0,0,,0,0,0.0,0.0,0,0,0.0,0,0,0,0,0.0,0.0
B-202507-45301,Booked,Professional Services Group,Innovation Workshop,Corporate,Hybrid,Full Package,Healthcare,Other,Third-Party Planner,Medium,2025-04-11,2025-05-02,11,2025-07-12,2025-07-13,1,92,50,50,64,1,Half Ballroom,1,0,10,0.0,0.0,3,64.8,158.71,146.77,7338.5,1073.86,4772.54,13184.9,40,5870.8,1073.86,4545.28,11489.94,0.8,71.02,,2025,7,4,54.2,45.8,1,72.43,145.18,217.61,217.61,147.89,1,0.0,50,0,0,0,1,1,1,8,1,0,1,Classroom,1,0,1.0,1073.86,150,1800,2522.3,3,0,0,0,100.0,0.53
B-202507-19550,Booked,HR Professionals Network,Regional Chapter Meeting,Association,In-person,Full Package,Professional Services,Professional Services,Referral,Low,2024-12-29,2025-02-05,24,2025-07-13,2025-07-14,1,196,29,29,37,1,Breakout Room,1,0,14,1.0,13749.43,1,63.3,163.69,135.7,3935.3,379.7,2953.77,7268.77,20,2714.0,379.7,2813.11,5906.81,0.6896551724137931,76.03,,2025,7,3,74.6,25.4,1,131.38,136.25,267.63,233.54,136.25,1,0.0,29,0,0,0,1,1,1,8,0,0,1,Theater,2,0,2.0,379.7,350,2340,3769.87,3,0,0,0,100.0,0.93
B-202507-20434,Booked,Youth Athletics,Cultural Heritage Festival,SMERF,Virtual,Meeting Only,SMERF,Social/Community,Website,Low,2025-04-14,2025-05-10,20,2025-07-13,2025-07-14,1,90,0,0,48,1,Half Ballroom,0,0,6,0.0,0.0,3,65.9,155.29,0.0,0.0,938.79,798.84,1737.63,0,0.0,938.79,760.8,1699.59,,15.85,,2025,7,0,0.0,0.0,0,0.0,0.0,0.0,0.0,0.0,0,0.0,0,0,0,0,1,2,1,8,1,0,1,Theater,2,0,1.5,938.79,500,240,1449.18,1,0,0,0,0.0,0.4
B-202507-52630,Booked,Pharmaceutical Partners,New Hire Orientation,Corporate,In-person,Rooms Only,Healthcare,Healthcare,Third-Party Planner,Medium,2025-03-20,2025-04-01,9,2025-07-13,2025-07-14,1,115,69,69,75,0,,0,1,3,0.0,0.0,4,64.9,160.3,139.87,9651.03,0.0,0.0,9651.03,63,8811.81,0.0,0.0,8811.81,0.9130434782608696,0.0,,2025,7,4,57.6,42.4,1,145.12,127.65,272.77,240.13,127.65,1,0.0,69,0,0,0,0,0,0,0,0,0,0,,0,0,0.0,0.0,0,0,0.0,0,0,0,0,0.0,0.0
B-202507-74307,Booked,Energy Solutions,Customer Advisory Board,Corporate,In-person,Full Package,Professional Services,Other,Sales Call,High,2025-04-01,2025-04-21,7,2025-07-13,2025-07-14,1,103,68,68,84,1,Half Ballroom,1,1,13,0.0,0.0,2,69.0,158.92,131.19,8920.92,1861.04,2646.0,13427.96,63,8264.97,1861.04,2520.0,12646.01,0.9264705882352942,30.0,,2025,7,4,52.4,47.6,1,147.03,145.29,292.32,215.96,215.96,1,0.0,68,0,0,0,2,2,1,12,1,0,1,Classroom,2,0,2.0,1861.04,700,2280,3815.83,4,0,0,0,50.0,0.7
B-202507-92514,Booked,State Medical Association,Certification Training,Association,In-person,Full Package,Healthcare,Healthcare,RFP,High,2024-12-26,2025-02-02,24,2025-07-14,2025-07-16,2,200,77,154,89,1,Half Ballroom,1,1,14,0.0,0.0,2,67.3,156.88,139.23,21441.42,993.74,5435.99,27871.15,106,14758.38,993.74,5177.13,20929.25,0.6883116883116883,58.17,,2025,7,3,61.8,38.2,1,118.69,149.17,267.86,228.6,149.17,2,14.3,66,77,0,0,1,6,2,24,1,0,1,Theater,3,1,2.0,993.74,2200,3352,7683.76,4,0,0,0,0.0,0.74
B-202507-44123,Booked,Social Event,Williams-Brown Wedding,Wedding/Social,In-person,Full Package,Social,Social/Private,Website,Low,2025-02-12,2025-03-25,31,2025-07-16,2025-07-18,2,154,48,96,60,1,Half Ballroom,1,1,10,1.0,45813.17,3,64.8,160.52,146.63,14076.48,916.61,7585.83,22578.92,59,8651.17,916.61,7224.6,16792.38,0.6145833333333334,120.41,,2025,7,3,59.7,40.3,0,122.64,153.55,276.19,0.0,153.55,2,4.2,46,48,0,0,1,3,2,12,1,0,1,Banquet,1,0,0.67,916.61,300,1320,2650.18,1,1,0,1,0.0,0.5
B-202507-87150,Booked,Banking Consortium,Product Launch Event,Corporate,In-person,Full Package,Finance,Finance,Direct Inquiry,Medium,2025-04-24,2025-05-11,7,2025-07-16,2025-07-17,1,83,30,30,39,1,Breakout Room,1,0,10,0.0,0.0,1,68.2,159.02,134.93,4047.9,511.17,1515.97,6075.04,27,3643.11,511.17,1443.78,5598.06,0.9,37.02,,2025,7,2,64.4,35.6,1,21.45,193.88,215.33,215.33,215.33,1,0.0,30,0,0,0,1,1,1,8,0,0,1,Classroom,2,0,2.0,511.17,350,1080,2514.95,2,0,0,0,100.0,0.97
B-202507-52700,Booked,Family Celebration,Anniversary Celebration,Wedding/Social,In-person,Rooms Only,Social,Social/Private,Third-Party Planner,Low,2025-01-17,2025-02-23,32,2025-07-17,2025-07-18,1,181,34,34,37,0,,0,0,5,0.0,0.0,1,65.0,162.8,147.83,5026.22,0.0,0.0,5026.22,19,2808.77,0.0,0.0,2808.77,0.5588235294117647,0.0,,2025,7,3,73.7,26.3,1,63.13,134.76,197.89,197.89,134.76,1,0.0,34,0,0,0,0,0,0,0,0,0,0,,0,0,0.0,0.0,0,0,0.0,0,0,0,0,0.0,0.0
B-202507-74737,Booked,Education Foundation,Professional Development Symposium,Association,In-person,Full Package,Education,Education,Website,High,2024-12-07,2025-01-05,16,2025-07-17,2025-07-20,3,222,53,159,70,1,Half Ballroom,1,0,13,0.0,0.0,2,67.8,164.15,139.94,22250.46,1714.25,18190.51,42155.22,119,16652.86,1714.25,17324.3,35691.41,0.7484276729559748,247.49,,2025,7,2,67.5,32.5,0,35.89,126.54,162.43,0.0,126.54,2,8.5,48,53,42,0,2,3,3,24,1,0,1,Classroom,2,0,1.67,1714.25,850,4100,6792.21,5,0,0,0,100.0,0.58
B-202507-96078,Booked,Faith Community,Faith-Based Conference,SMERF,In-person,Full Package,Other,Other,Third-Party Planner,Low,2025-05-19,2025-06-08,10,2025-07-18,2025-07-19,1,60,52,52,57,1,Half Ballroom,1,0,10,0.0,0.0,3,63.6,158.59,137.78,7164.56,1114.07,974.96,9253.59,40,5511.2,1114.07,928.53,7553.8,0.7692307692307693,16.29,,2025,7,4,69.1,30.9,1,138.64,146.85,285.49,183.29,146.85,1,0.0,52,0,0,0,1,1,1,8,1,0,1,Classroom,2,0,2.0,1114.07,350,700,1651.82,1,0,0,0,100.0,0.47
B-202507-96364,Booked,Community Church,Community Theater Production,SMERF,In-person,Rooms Only,SMERF,Religious,Sales Call,Low,2025-04-08,2025-04-28,15,2025-07-18,2025-07-20,2,101,28,56,30,0,,0,0,5,0.0,0.0,3,67.6,157.44,141.96,7949.76,0.0,0.0,7949.76,49,6956.04,0.0,0.0,6956.04,0.875,0.0,,2025,7,3,51.7,48.3,1,37.93,130.21,168.14,168.14,130.21,2,39.3,17,28,0,0,0,0,0,0,0,0,0,,0,0,0.0,0.0,0,0,0.0,0,0,0,0,0.0,0.0
B-202507-99373,Booked,Real Estate Board,Member Appreciation Event,Association,In-person,Full Package,Government,Government,Direct Inquiry,High,2024-09-02,2024-09-30,15,2025-07-18,2025-07-21,3,319,88,264,103,1,Half Ballroom,1,1,13,1.0,71113.1,2,68.1,156.95,136.75,36102.0,1523.76,9781.09,47406.85,208,28444.0,1523.76,9315.32,39283.08,0.7878787878787878,90.44,,2025,7,4,55.2,44.8,1,116.17,130.33,246.5,246.5,137.98,2,1.9,84,88,86,0,2,7,3,36,1,0,1,Theater,2,0,1.71,1523.76,2050,5592,10531.24,5,0,0,0,28.6,0.86
B-202507-98212,Booked,HR Professionals Network,Certification Training,Association,In-person,Full Package,Professional Services,Professional Services,RFP,High,2024-11-29,2025-01-01,21,2025-07-19,2025-07-22,3,232,49,147,56,1,Half Ballroom,1,0,12,1.0,46871.81,2,65.0,156.46,143.51,21095.97,1289.2,13602.79,35987.96,117,16790.67,1289.2,12955.04,31034.91,0.7959183673469388,231.34,,2025,7,3,72.4,27.6,1,92.54,151.35,243.89,243.89,151.35,2,8.2,48,49,40,0,1,3,3,24,1,0,1,Classroom,3,1,2.67,1289.2,1650,4080,7664.45,5,0,0,0,100.0,0.47
B-202507-16145,Booked,Youth Athletics,Church Retreat Weekend,SMERF,In-person,Full Package,SMERF,Social/Community,RFP,Low,2025-03-23,2025-04-17,13,2025-07-20,2025-07-21,1,119,22,22,27,1,Breakout Room,1,0,12,0.0,0.0,3,65.1,162.09,136.4,3000.8,352.57,0.0,3353.37,16,2182.4,352.57,0.0,2534.97,0.7272727272727273,0.0,,2025,7,3,61.7,38.3,1,95.52,173.87,269.39,220.36,269.39,1,0.0,22,0,0,0,1,1,1,8,0,0,1,Classroom,0,0,0.0,352.57,0,0,1094.38,0,0,0,0,100.0,0.68
B-202507-60393,Booked,Private Party,Martinez-Garcia Wedding,Wedding/Social,In-person,Full Package,Social,Social/Private,RFP,Low,2024-07-20,2024-08-27,30,2025-07-20,2025-07-21,1,365,8,8,9,1,Boardroom,1,0,8,1.0,5060.78,4,66.5,153.16,140.08,1120.64,322.9,1137.87,2581.41,4,560.32,322.9,1083.69,1966.91,0.5,120.41,,2025,7,3,72.3,27.7,1,150.33,127.94,278.27,188.9,127.94,1,0.0,8,0,0,0,1,2,1,8,0,1,1,Boardroom,1,0,0.5,322.9,150,495,1842.0,1,1,0,1,0.0,0.64
B-202507-97789,Booked,Pharmaceutical Partners,Annual Sales Conference,Corporate,In-person,Full Package,Healthcare,Healthcare,Cvent,Low,2025-04-30,2025-05-24,11,2025-07-20,2025-07-21,1,81,28,28,34,1,Breakout Room,1,0,13,1.0,7780.72,4,64.4,157.69,134.76,3773.28,454.18,2382.26,6609.72,25,3369.0,454.18,2268.82,6092.0,0.8928571428571429,66.73,,2025,7,4,62.2,37.8,1,64.03,132.79,196.82,196.82,132.79,1,0.0,28,0,0,0,1,1,1,8,0,0,1,Classroom,2,0,2.0,454.18,350,2618,3929.33,4,0,0,0,100.0,0.85
B-202507-10834,Booked,Consulting Network,Innovation Workshop,Corporate,In-person,Full Package,Professional Services,Professional Services,Referral,Medium,2025-04-28,2025-05-13,8,2025-07-21,2025-07-23,2,84,46,92,55,1,Half Ballroom,1,1,7,0.0,0.0,3,65.5,156.3,144.71,13313.32,1176.65,9463.49,23953.46,79,11432.09,1176.65,9012.85,21621.59,0.8586956521739131,163.87,,2025,7,2,66.1,33.9,1,39.03,182.31,221.34,221.34,182.31,2,2.2,45,46,0,0,1,2,2,16,1,0,1,Classroom,2,0,1.5,1176.65,500,2808,4458.29,5,0,0,0,100.0,0.46
B-202507-12204,Booked,Legal Society,State Convention,Association,In-person,Meeting Only,Legal,Legal,Third-Party Planner,Medium,2024-11-12,2024-12-08,21,2025-07-21,2025-07-24,3,251,0,0,81,1,Half Ballroom,0,0,5,1.0,36201.37,3,75.3,160.91,0.0,0.0,1275.85,7044.69,8320.54,0,0.0,1275.85,6709.23,7985.08,,82.83,,2025,7,0,0.0,0.0,0,0.0,0.0,0.0,0.0,0.0,0,0.0,0,0,0,0,2,7,3,36,1,0,1,Classroom,3,1,2.0,1275.85,2550,5080,10429.35,4,0,0,0,28.6,0.68
B-202507-22137,Booked,Local School District,Band Competition,SMERF,In-person,Meeting Only,Education,Education,Direct Inquiry,Low,2025-04-26,2025-05-17,16,2025-07-21,2025-07-23,2,86,0,0,73,1,Half Ballroom,0,0,5,0.0,0.0,3,64.2,158.03,0.0,0.0,833.69,2913.47,3747.16,0,0.0,833.69,2774.73,3608.42,,38.01,,2025,7,0,0.0,0.0,0,0.0,0.0,0.0,0.0,0.0,0,0.0,0,0,0,0,1,4,2,16,1,0,1,Classroom,1,0,1.0,833.69,600,240,2221.06,1,0,0,0,0.0,0.61
B-202507-82170,Booked,Education Foundation,Policy Symposium,Association,In-person,Full Package,Education,Education,Sales Call,Medium,2024-11-13,2024-12-21,24,2025-07-22,2025-07-24,2,251,55,110,69,1,Half Ballroom,1,1,14,0.0,0.0,3,73.2,158.43,136.25,14987.5,1851.75,10332.09,27171.34,84,11445.0,1851.75,9840.09,23136.84,0.7636363636363637,142.61,,2025,7,3,69.8,30.2,0,129.88,140.21,270.09,0.0,140.21,2,18.2,45,55,0,0,2,2,2,16,1,0,1,Classroom,2,0,1.5,1851.75,500,2380,4120.2,4,0,0,0,100.0,0.57
B-202507-85504,Booked,HR Professionals Network,Industry Forum,Association,In-person,Meeting Only,Professional Services,Professional Services,Cvent,Low,2024-11-30,2025-01-02,28,2025-07-22,2025-07-24,2,234,0,0,126,1,Grand Ballroom,0,1,5,0.0,0.0,3,57.8,157.11,0.0,0.0,2616.69,20392.72,23009.41,0,0.0,2616.69,19421.64,22038.33,,154.14,,2025,7,0,0.0,0.0,0,0.0,0.0,0.0,0.0,0.0,0,0.0,0,0,0,0,2,2,2,16,1,0,1,Classroom,3,1,2.5,2616.69,1000,14742,20823.04,5,0,0,0,100.0,0.53
B-202507-55220,Booked,Education Foundation,Committee Meeting,Association,Hybrid,Full Package,Education,Education,Third-Party Planner,High,2025-03-25,2025-04-24,22,2025-07-23,2025-07-27,4,120,50,200,62,1,Half Ballroom,1,1,8,0.0,0.0,2,66.9,152.7,138.91,27782.0,1365.14,18168.11,47315.25,134,18613.94,1365.14,17302.96,37282.04,0.67,279.08,,2025,7,2,55.3,44.7,0,16.37,140.58,156.95,0.0,140.58,2,5.4,43,50,48,45,2,4,4,32,1,0,1,Banquet,2,0,1.75,1365.14,1200,5880,9661.5,5,0,0,0,100.0,0.52
B-202507-32438,Booked,Energy Solutions,Sales Kickoff,Corporate,In-person,Full Package,Professional Services,Other,Third-Party Planner,Low,2025-05-09,2025-05-31,9,2025-07-24,2025-07-25,1,76,44,44,58,1,Half Ballroom,1,0,13,0.0,0.0,3,56.5,165.31,144.41,6354.04,1387.93,4558.36,12300.33,40,5776.4,1387.93,4341.3,11505.63,0.9090909090909092,74.85,,2025,7,3,68.4,31.6,1,159.02,125.95,284.97,231.72,125.95,1,0.0,44,0,0,0,1,1,1,8,1,0,1,Theater,2,0,2.0,1387.93,350,1560,2452.11,3,0,0,0,100.0,0.48
B-202507-89494,Booked,Tour Operator Network,Photography Expedition,Corporate,In-person,Rooms Only,Technology,Technology,Website,Medium,2025-04-26,2025-05-11,8,2025-07-24,2025-07-25,1,89,31,31,34,0,,0,1,7,0.0,0.0,2,64.5,153.86,133.31,4132.61,0.0,0.0,4132.61,30,3999.3,0.0,0.0,3999.3,0.967741935483871,0.0,,2025,7,2,64.4,35.6,0,112.02,155.45,267.47,0.0,267.47,1,0.0,31,0,0,0,0,0,0,0,0,0,0,,0,0,0.0,0.0,0,0,0.0,0,0,0,0,0.0,0.0
B-202507-45609,Booked,Private Individual,Bar/Bat Mitzvah,Wedding/Social,In-person,Full Package,Social,Social/Private,Cvent,Low,2024-10-16,2024-12-02,35,2025-07-25,2025-07-27,2,282,29,58,33,1,Breakout Room,1,1,12,1.0,26993.59,1,63.2,154.71,129.74,7524.92,461.31,4794.17,12780.4,34,4411.16,461.31,4565.88,9438.35,0.5862068965517241,138.36,,2025,7,2,63.6,36.4,0,18.46,139.08,157.54,0.0,139.08,2,0.0,29,29,0,0,1,3,2,12,0,0,1,Reception,0,0,0.0,461.31,0,1815,3586.14,1,1,0,1,0.0,0.82
B-202507-69851,Booked,Private Individual,Baby Shower Weekend,Wedding/Social,In-person,Meeting Only,Social,Social/Private,Direct Inquiry,Low,2024-11-11,2024-12-16,26,2025-07-25,2025-07-26,1,256,0,0,103,1,Half Ballroom,0,1,9,0.0,0.0,2,63.6,158.88,0.0,0.0,1109.14,16523.16,17632.3,0,0.0,1109.14,15736.34,16845.48,,152.78,,2025,7,0,0.0,0.0,0,0.0,0.0,0.0,0.0,0.0,0,0.0,0,0,0,0,1,3,1,12,1,0,1,Banquet,0,0,0.0,1109.14,0,2130,3099.11,2,1,1,1,0.0,0.86
B-202507-10996,Booked,Professional Services Group,Product Launch Event,Corporate,In-person,Full Package,Finance,Other,Referral,Low,2025-05-18,2025-06-09,10,2025-07-27,2025-07-28,1,70,33,33,39,1,Breakout Room,1,1,12,0.0,0.0,1,65.1,164.35,146.82,4845.06,592.34,3005.73,8443.13,30,4404.6,592.34,2862.6,7859.54,0.9090909090909092,73.4,,2025,7,2,67.0,33.0,0,17.92,143.03,160.95,0.0,143.03,1,0.0,33,0,0,0,1,1,1,8,0,0,1,Classroom,3,1,3.0,592.34,650,2340,4046.94,3,0,0,0,100.0,0.97
B-202507-45002,Booked,Professional Engineers Society,Leadership Institute,Association,In-person,Full Package,Association,Other,Referral,Medium,2024-09-28,2024-11-06,27,2025-07-27,2025-07-30,3,302,28,84,35,1,Breakout Room,1,0,12,1.0,33420.6,3,64.6,162.57,137.41,11542.44,404.81,8135.35,20082.6,56,7694.96,404.81,7747.95,15847.72,0.6666666666666666,221.37,,2025,7,4,73.2,26.8,1,47.53,127.94,175.47,175.47,127.94,2,18.2,16,28,19,0,1,3,3,24,0,0,1,Classroom,2,0,1.67,404.81,850,7245,10985.91,4,0,0,0,100.0,0.88
B-202507-47316,Booked,Social Event,Bar/Bat Mitzvah,Wedding/Social,In-person,Full Package,Social,Social/Private,Direct Inquiry,Low,2024-12-13,2025-01-16,22,2025-07-27,2025-07-29,2,226,50,100,68,1,Half Ballroom,1,0,12,0.0,0.0,1,67.0,161.73,150.06,15006.0,1837.37,9313.42,26156.79,61,9153.66,1837.37,8869.92,19860.95,0.61,130.44,,2025,7,2,64.5,35.5,1,23.95,167.22,191.17,191.17,167.22,2,20.0,40,50,0,0,2,2,2,8,1,0,1,Banquet,1,0,1.0,1837.37,300,1320,2304.52,1,1,0,1,0.0,0.57
B-202507-14444,Booked,Social Event,Williams-Brown Wedding,Wedding/Social,In-person,Full Package,Social,Social/Private,Direct Inquiry,Low,2024-10-03,2024-11-20,37,2025-07-28,2025-07-30,2,298,14,28,18,1,Breakout Room,1,1,11,1.0,10399.48,3,68.4,157.37,143.16,4008.48,497.78,2456.05,6962.31,17,2433.72,497.78,2339.1,5270.6,0.6071428571428571,129.95,,2025,7,3,61.4,38.6,1,99.51,193.97,293.48,216.51,216.51,2,28.6,10,14,0,0,1,3,2,12,0,0,1,Banquet,1,0,1.0,497.78,450,990,3332.66,1,1,0,1,0.0,0.45
B-202507-75491,Booked,Youth Athletics,Fraternity/Sorority Reunion,SMERF,In-person,Full Package,SMERF,Social/Community,Cvent,Low,2025-05-01,2025-05-20,12,2025-07-29,2025-07-30,1,89,16,16,18,1,Breakout Room,1,0,7,0.0,0.0,3,67.8,157.34,130.43,2086.88,558.81,634.85,3280.54,14,1826.02,558.81,604.62,2989.45,0.875,33.59,,2025,7,2,68.3,31.7,1,55.92,163.79,219.71,219.71,163.79,1,0.0,16,0,0,0,1,2,1,8,0,0,1,Theater,2,0,1.0,558.81,350,846,2494.56,2,0,0,0,0.0,0.45
B-202507-77541,Booked,Financial Services Group,New Hire Orientation,Corporate,In-person,Full Package,Finance,Finance,Third-Party Planner,Medium,2025-04-27,2025-05-16,9,2025-07-29,2025-07-31,2,93,55,110,69,1,Half Ballroom,1,0,10,1.0,37802.15,1,67.0,159.47,133.48,14682.8,1480.54,9869.14,26032.48,93,12413.64,1480.54,9399.18,23293.36,0.8454545454545455,136.22,,2025,7,2,66.8,33.2,1,29.96,141.67,171.63,171.63,141.67,2,7.3,51,55,0,0,2,2,2,16,1,0,1,Classroom,3,1,3.0,1480.54,1300,3120,5699.35,4,0,0,0,100.0,0.57
B-202507-16251,Booked,Consulting Network,Board of Directors Meeting,Corporate,In-person,Full Package,Professional Services,Professional Services,RFP,Low,2025-05-07,2025-06-03,14,2025-07-30,2025-07-31,1,84,43,43,54,1,Half Ballroom,1,1,13,1.0,11345.11,2,59.8,151.68,138.08,5937.44,1159.45,4562.65,11659.54,36,4970.88,1159.45,4345.38,10475.71,0.8372093023255814,80.47,,2025,7,2,73.9,26.1,0,26.16,128.75,154.91,0.0,128.75,1,0.0,43,0,0,0,1,1,1,8,1,0,1,Classroom,2,0,2.0,1159.45,350,1560,2513.95,3,0,0,0,100.0,0.45
B-202507-70383,Booked,Family Celebration,Milestone Birthday Party,Wedding/Social,In-person,Full Package,Social,Social/Private,Cvent,Low,2024-10-30,2024-12-14,38,2025-07-30,2025-07-31,1,273,32,32,38,1,Breakout Room,1,1,7,0.0,0.0,3,65.9,157.73,130.0,4160.0,511.38,4906.1,9577.48,20,2600.0,511.38,4672.48,7783.86,0.625,122.96,,2025,7,2,51.5,48.5,1,93.3,143.38,236.68,236.68,143.38,1,0.0,32,0,0,0,1,2,1,8,0,0,1,Banquet,2,0,2.0,511.38,700,1710,3596.96,1,0,1,1,0.0,0.95
B-202507-86356,Booked,Consulting Network,Quarterly Business Review,Corporate,In-person,Full Package,Professional Services,Professional Services,Third-Party Planner,Medium,2025-04-25,2025-05-13,8,2025-07-30,2025-08-01,2,96,73,146,101,1,Half Ballroom,1,1,10,0.0,0.0,3,66.4,157.86,138.59,20234.14,1134.35,6153.02,27521.51,121,16769.39,1134.35,5860.02,23763.76,0.8287671232876712,58.02,,2025,7,4,69.5,30.5,1,48.61,145.27,193.88,193.88,145.27,2,9.6,66,73,0,0,1,5,2,24,1,0,1,Theater,3,1,1.6,1134.35,1450,4206,7572.14,5,0,0,0,20.0,0.84
B-202507-14692,Booked,Personal Event,Retirement Party,Wedding/Social,Hybrid,Meeting Only,Social,Social/Private,RFP,Low,2025-01-28,2025-03-16,39,2025-07-31,2025-08-01,1,184,0,0,36,1,Breakout Room,0,1,8,1.0,7823.01,3,63.9,160.73,0.0,0.0,537.35,4658.09,5195.44,0,0.0,537.35,4436.28,4973.63,,123.23,,2025,7,0,0.0,0.0,0,0.0,0.0,0.0,0.0,0.0,0,0.0,0,0,0,0,1,1,1,4,0,0,1,Banquet,1,0,1.0,537.35,150,1980,2758.64,1,1,0,1,0.0,0.9
B-202507-51592,Booked,Family Celebration,Bar/Bat Mitzvah,Wedding/Social,In-person,Full Package,Social,Social/Private,Sales Call,Medium,2024-07-31,2024-09-19,36,2025-07-31,2025-08-01,1,365,42,42,48,1,Half Ballroom,1,0,14,1.0,19730.9,1,67.3,161.15,149.8,6291.6,1034.71,7297.42,14623.73,23,3445.4,1034.71,6949.92,11430.03,0.5476190476190477,144.79,,2025,7,3,55.7,44.3,1,45.45,144.77,190.22,190.22,151.33,1,0.0,42,0,0,0,1,2,1,8,1,0,1,Reception,2,0,1.0,1034.71,350,1080,2148.13,1,0,1,1,0.0,0.4
B-202507-71442,Booked,Regional Healthcare System,New Hire Orientation,Corporate,In-person,Rooms Only,Healthcare,Healthcare,RFP,Low,2025-06-08,2025-06-21,10,2025-07-31,2025-08-01,1,53,57,57,62,0,,0,0,3,1.0,11201.16,1,65.0,156.85,136.53,7782.21,0.0,0.0,7782.21,48,6553.44,0.0,0.0,6553.44,0.8421052631578947,0.0,,2025,7,4,71.1,28.9,1,137.53,151.17,288.7,219.99,151.17,1,0.0,57,0,0,0,0,0,0,0,0,0,0,,0,0,0.0,0.0,0,0,0.0,0,0,0,0,0.0,0.0
B-202507-79181,Booked,State Medical Association,Board Retreat,Association,In-person,Full Package,Healthcare,Healthcare,Direct Inquiry,Low,2024-10-25,2024-11-20,19,2025-07-31,2025-08-03,3,279,5,15,6,1,Boardroom,1,1,7,1.0,6860.11,2,62.3,159.49,139.83,2097.45,357.83,1487.75,3943.03,11,1538.13,357.83,1416.9,3312.86,0.7333333333333333,236.15,,2025,7,3,71.0,29.0,0,126.02,145.0,271.02,0.0,145.0,2,34.0,4,5,1,0,1,3,3,24,0,1,1,Boardroom,2,0,2.0,357.83,1050,1224,5303.2,5,0,0,0,100.0,0.43
B-202507-83227,Booked,Real Estate Board,Policy Symposium,Association,In-person,Rooms Only,Government,Government,Referral,Low,2024-12-16,2025-01-14,22,2025-07-31,2025-08-02,2,227,21,42,23,0,,0,0,7,1.0,8615.9,1,62.2,157.08,135.63,5696.46,0.0,0.0,5696.46,30,4068.9,0.0,0.0,4068.9,0.7142857142857143,0.0,,2025,7,2,64.3,35.7,0,148.76,145.31,294.07,0.0,145.31,2,23.8,16,21,0,0,0,0,0,0,0,0,0,,0,0,0.0,0.0,0,0,0.0,0,0,0,0,0.0,0.0
B-202508-44865,Booked,Education Foundation,Board Retreat,Association,Hybrid,Full Package,Education,Education,RFP,Medium,2025-01-31,2025-03-06,26,2025-08-01,2025-08-03,2,182,77,154,94,1,Half Ballroom,1,0,8,0.0,0.0,2,68.0,159.35,136.01,20945.54,1724.45,5648.6,28318.59,115,15641.15,1724.45,5379.62,22745.22,0.7467532467532467,57.23,,2025,8,2,62.7,37.3,0,127.5,145.18,272.68,0.0,145.18,2,14.3,66,77,0,0,2,6,2,24,1,0,1,Classroom,3,1,1.67,1724.45,1800,3880,7722.64,4,0,0,0,0.0,0.78
B-202508-49597,Booked,Community Church,Cultural Heritage Festival,SMERF,In-person,Full Package,SMERF,Religious,Third-Party Planner,Medium,2025-04-26,2025-05-21,13,2025-08-01,2025-08-03,2,97,50,100,68,1,Half Ballroom,1,0,12,0.0,0.0,3,70.9,161.31,138.51,13851.0,1594.6,4366.82,19812.42,76,10526.76,1594.6,4158.88,16280.24,0.76,61.16,,2025,8,2,73.1,26.9,0,5.12,142.53,147.65,0.0,142.53,2,6.0,47,50,0,0,2,4,2,16,1,0,1,Classroom,2,0,1.25,1594.6,850,1180,3427.17,2,0,0,0,0.0,0.57
B-202508-77069,Booked,Accounting Institute,Educational Seminar Series,Association,Hybrid,Full Package,Finance,Finance,Sales Call,Medium,2024-09-01,2024-10-05,21,2025-08-01,2025-08-03,2,334,63,126,72,1,Half Ballroom,1,0,13,1.0,32993.68,2,70.9,162.83,142.67,17976.42,1005.74,11344.54,30326.7,88,12554.96,1005.74,10804.32,24365.02,0.6984126984126984,150.06,,2025,8,4,60.5,39.5,0,160.36,130.73,291.09,0.0,132.83,2,15.9,53,63,0,0,1,2,2,16,1,0,1,Theater,3,1,2.5,1005.74,1000,2340,4545.78,5,0,0,0,100.0,0.6
B-202508-35224,Booked,Personal Event,Anniversary Celebration,Wedding/Social,In-person,Full Package,Social,Social/Private,Third-Party Planner,Low,2024-12-04,2024-12-25,14,2025-08-02,2025-08-03,1,241,24,24,29,1,Breakout Room,1,1,7,0.0,0.0,2,72.7,165.28,150.88,3621.12,350.53,3587.01,7558.66,14,2112.32,350.53,3416.2,5879.05,0.5833333333333334,117.8,,2025,8,3,74.7,25.3,1,92.72,140.51,233.23,233.23,140.51,1,0.0,24,0,0,0,1,2,1,8,0,0,1,Banquet,2,0,1.5,350.53,500,1305,3003.23,1,0,1,1,0.0,0.72
B-202508-35733,Booked,Banking Consortium,Innovation Workshop,Corporate,In-person,Full Package,Finance,Finance,Third-Party Planner,Low,2025-05-28,2025-06-19,9,2025-08-02,2025-08-03,1,66,48,48,61,1,Half Ballroom,1,0,13,1.0,16090.94,3,67.0,161.71,136.3,6542.4,1678.73,5147.06,13368.19,40,5452.0,1678.73,4901.96,12032.69,0.8333333333333334,80.36,,2025,8,3,51.0,49.0,1,74.6,148.65,223.25,223.25,148.65,1,0.0,48,0,0,0,2,1,1,8,1,0,1,Banquet,2,0,2.0,1678.73,350,1560,2460.52,3,0,0,0,100.0,0.51
B-202508-64076,Booked,Retail Corporation,Town Hall Meeting,Corporate,Virtual,Rooms Only,Professional Services,Other,Repeat Client,Low,2025-06-07,2025-06-24,12,2025-08-02,2025-08-04,2,56,19,38,20,0,,0,0,5,1.0,6716.31,1,68.9,166.53,140.4,5335.2,0.0,0.0,5335.2,33,4633.2,0.0,0.0,4633.2,0.868421052631579,0.0,,2025,8,4,64.1,35.9,1,74.14,146.22,220.36,220.36,146.22,2,63.2,7,19,0,0,0,0,0,0,0,0,0,,0,0,0.0,0.0,0,0,0.0,0,0,0,0,0.0,0.0
B-202508-90758,Booked,TechCorp Solutions,Executive Offsite,Corporate,Virtual,Full Package,Technology,Technology,Third-Party Planner,Low,2025-05-01,2025-05-25,12,2025-08-02,2025-08-03,1,93,23,23,31,1,Breakout Room,1,0,12,0.0,0.0,3,70.1,160.64,138.84,3193.32,505.53,2150.58,5849.43,19,2637.96,505.53,2048.17,5191.66,0.8260869565217391,66.07,,2025,8,4,66.3,33.7,1,47.56,133.53,181.09,181.09,136.16,1,0.0,23,0,0,0,1,1,1,8,0,0,1,Classroom,3,1,3.0,505.53,650,2015,3619.44,3,0,0,0,100.0,0.78
B-202508-98268,Booked,Faith Community,Faith-Based Conference,SMERF,In-person,Full Package,Other,Other,Cvent,Medium,2025-05-31,2025-06-30,16,2025-08-02,2025-08-03,1,63,41,41,46,1,Half Ballroom,1,0,14,1.0,9509.75,2,64.5,170.83,148.1,6072.1,830.55,2158.04,9060.69,30,4443.0,830.55,2055.28,7328.83,0.7317073170731707,44.68,,2025,8,3,59.7,40.3,1,55.28,133.83,189.11,189.11,150.34,1,0.0,41,0,0,0,1,1,1,8,1,0,1,Theater,2,0,2.0,830.55,350,940,1854.61,2,0,0,0,100.0,0.38
B-202508-46968,Booked,Manufacturing Alliance,Innovation Workshop,Corporate,In-person,Full Package,Healthcare,Other,Repeat Client,Low,2025-04-27,2025-05-19,13,2025-08-05,2025-08-06,1,100,27,27,30,1,Breakout Room,1,0,9,0.0,0.0,1,70.6,163.29,151.09,4079.43,535.19,2147.04,6761.66,23,3475.07,535.19,2044.8,6055.06,0.8518518518518519,68.16,,2025,8,3,56.4,43.6,1,139.25,130.68,269.93,173.64,130.68,1,0.0,27,0,0,0,1,1,1,8,0,0,1,Classroom,3,1,3.0,535.19,650,1260,2951.74,3,0,0,0,100.0,0.75
B-202508-47572,Booked,Private Party,Charity Gala,Wedding/Social,Hybrid,Rooms Only,Social,Social/Private,Repeat Client,Low,2024-12-17,2025-02-01,42,2025-08-05,2025-08-06,1,231,22,22,24,0,,0,0,4,0.0,0.0,1,75.5,169.66,149.55,3290.1,0.0,0.0,3290.1,12,1794.6,0.0,0.0,1794.6,0.5454545454545454,0.0,,2025,8,2,69.7,30.3,1,82.18,140.28,222.46,222.46,140.28,1,0.0,22,0,0,0,0,0,0,0,0,0,0,,0,0,0.0,0.0,0,0,0.0,0,0,0,0,0.0,0.0
B-202508-90777,Booked,Manufacturing Alliance,Executive Offsite,Corporate,Hybrid,Full Package,Professional Services,Other,RFP,Low,2025-05-03,2025-05-19,8,2025-08-05,2025-08-06,1,94,41,41,50,1,Half Ballroom,1,1,8,1.0,11597.0,4,77.4,166.24,138.59,5682.19,1059.0,1998.68,8739.87,32,4434.88,1059.0,1903.5,7397.38,0.7804878048780488,38.07,,2025,8,4,56.4,43.6,1,116.98,149.22,266.2,226.6,149.22,1,0.0,41,0,0,0,1,1,1,8,1,0,1,Theater,1,0,1.0,1059.0,150,1272,2054.19,2,0,0,0,100.0,0.42
B-202508-96732,Booked,Community Church,Band Competition,SMERF,In-person,Rooms Only,SMERF,Religious,RFP,Medium,2025-02-24,2025-03-22,20,2025-08-05,2025-08-07,2,162,53,106,58,0,,0,0,6,0.0,0.0,3,70.4,163.61,135.57,14370.42,0.0,0.0,14370.42,83,11252.31,0.0,0.0,11252.31,0.7830188679245284,0.0,,2025,8,3,69.0,31.0,1,134.7,140.17,274.87,251.55,140.17,2,13.2,46,53,0,0,0,0,0,0,0,0,0,,0,0,0.0,0.0,0,0,0.0,0,0,0,0,0.0,0.0
B-202508-15586,Booked,Global Industries,Executive Offsite,Corporate,In-person,Full Package,Technology,Other,RFP,Medium,2025-05-14,2025-06-03,10,2025-08-06,2025-08-08,2,84,50,100,55,1,Half Ballroom,1,1,10,0.0,0.0,2,77.4,161.26,132.28,13228.0,1182.36,9008.42,23418.78,86,11376.08,1182.36,8579.45,21137.89,0.86,155.99,,2025,8,3,73.3,26.7,1,54.99,137.94,192.93,192.93,137.94,2,4.0,48,50,0,0,1,2,2,16,1,0,1,Classroom,2,0,1.5,1182.36,500,2520,4280.03,5,0,0,0,100.0,0.46
B-202508-15920,Booked,HR Professionals Network,Policy Symposium,Association,In-person,Full Package,Professional Services,Professional Services,Sales Call,High,2024-09-30,2024-11-03,21,2025-08-06,2025-08-08,2,310,114,228,149,1,Grand Ballroom,1,0,13,1.0,84136.84,2,72.1,166.39,154.35,35191.8,2268.35,23639.59,61099.74,152,23461.2,2268.35,22513.9,48243.45,0.6666666666666666,151.1,,2025,8,3,67.6,32.4,1,113.91,158.23,272.14,172.57,158.23,2,0.9,113,114,0,0,1,2,2,16,1,0,1,Classroom,2,0,2.0,2268.35,700,17433,23238.55,5,0,0,0,100.0,0.62
B-202508-18621,Booked,Private Individual,Quinceañera Celebration,Wedding/Social,In-person,Full Package,Social,Social/Private,Website,Low,2024-11-01,2024-11-29,14,2025-08-08,2025-08-09,1,280,33,33,44,1,Half Ballroom,1,0,14,0.0,0.0,4,71.4,159.75,139.6,4606.8,1166.65,5331.02,11104.47,18,2512.8,1166.65,5077.16,8756.61,0.5454545454545454,115.39,,2025,8,2,71.6,28.4,0,13.77,136.75,150.52,0.0,136.75,1,0.0,33,0,0,0,1,1,1,4,1,0,1,Banquet,1,0,1.0,1166.65,150,1320,1795.53,1,1,0,1,0.0,0.37
B-202508-30787,Booked,Retail Corporation,Executive Offsite,Corporate,Hybrid,Rooms Only,Professional Services,Other,Repeat Client,Low,2025-05-03,2025-05-19,11,2025-08-11,2025-08-13,2,100,24,48,26,0,,0,0,5,1.0,7448.86,2,73.8,165.64,152.93,7340.64,0.0,0.0,7340.64,40,6117.2,0.0,0.0,6117.2,0.8333333333333334,0.0,,2025,8,3,67.1,32.9,1,94.12,128.04,222.16,222.16,128.04,2,41.7,14,24,0,0,0,0,0,0,0,0,0,,0,0,0.0,0.0,0,0,0.0,0,0,0,0,0.0,0.0
B-202508-70746,Booked,State Medical Association,Networking Summit,Association,In-person,Meeting Only,Healthcare,Healthcare,Repeat Client,Medium,2024-12-20,2025-01-10,16,2025-08-11,2025-08-14,3,234,0,0,50,1,Half Ballroom,0,1,5,1.0,18620.36,2,73.6,167.86,0.0,0.0,1389.38,10893.23,12282.61,0,0.0,1389.38,10374.5,11763.88,,207.49,,2025,8,0,0.0,0.0,0,0.0,0.0,0.0,0.0,0.0,0,0.0,0,0,0,0,1,3,3,24,1,0,1,Banquet,3,1,1.67,1389.38,950,3640,6439.35,5,0,0,0,100.0,0.42
B-202508-31365,Booked,Faith Community,Church Retreat Weekend,SMERF,In-person,Full Package,Other,Other,Repeat Client,Low,2025-05-04,2025-06-01,21,2025-08-12,2025-08-13,1,100,29,29,39,1,Breakout Room,1,0,7,0.0,0.0,1,77.7,159.35,143.69,4167.01,429.27,1320.64,5916.92,24,3448.56,429.27,1257.75,5135.58,0.8275862068965517,32.25,,2025,8,4,69.6,30.4,1,97.86,131.81,229.67,229.67,135.53,1,0.0,29,0,0,0,1,2,1,8,0,0,1,Classroom,2,0,2.0,429.27,700,1692,3543.51,2,0,0,0,0.0,0.97
B-202508-58784,Booked,Private Party,Baby Shower Weekend,Wedding/Social,In-person,Full Package,Social,Social/Private,RFP,Low,2024-10-27,2024-11-29,20,2025-08-12,2025-08-13,1,289,48,48,57,1,Half Ballroom,1,1,13,0.0,0.0,3,71.6,162.09,142.27,6828.96,1284.33,8041.45,16154.74,28,3983.56,1284.33,7658.52,12926.41,0.5833333333333334,134.36,,2025,8,4,66.3,33.7,1,119.42,134.39,253.81,253.81,134.39,1,0.0,48,0,0,0,1,1,1,4,1,0,1,Banquet,2,0,2.0,1284.33,350,1320,2041.62,1,1,0,1,0.0,0.47
B-202508-74796,Booked,Youth Organization,Band Competition,SMERF,In-person,Rooms Only,SMERF,Social/Community,Repeat Client,Medium,2025-05-01,2025-05-25,18,2025-08-12,2025-08-13,1,103,40,40,44,0,,0,0,6,1.0,6921.57,1,73.0,160.02,141.59,5663.6,0.0,0.0,5663.6,33,4672.47,0.0,0.0,4672.47,0.825,0.0,,2025,8,3,70.2,29.8,1,149.34,143.36,292.7,249.12,143.36,1,0.0,40,0,0,0,0,0,0,0,0,0,0,,0,0,0.0,0.0,0,0,0.0,0,0,0,0,0.0,0.0
B-202508-17115,Booked,Local School District,Church Retreat Weekend,SMERF,In-person,Full Package,Education,Education,Website,Low,2025-05-08,2025-06-04,16,2025-08-13,2025-08-15,2,97,21,42,24,1,Breakout Room,1,0,11,1.0,13348.74,1,71.3,158.6,133.94,5625.48,404.23,818.24,6847.95,36,4821.84,404.23,779.28,6005.35,0.8571428571428571,32.47,,2025,8,2,60.7,39.3,1,39.72,197.21,236.93,236.93,236.93,2,52.4,10,21,0,0,1,3,2,16,0,0,1,Classroom,1,0,1.0,404.23,450,576,3306.78,1,0,0,0,33.3,0.6
B-202508-27083,Booked,Insurance Federation,Certification Training,Association,In-person,Full Package,Finance,Finance,Website,Medium,2025-01-19,2025-02-22,21,2025-08-13,2025-08-15,2,206,47,94,63,1,Half Ballroom,1,0,13,1.0,39291.43,1,76.5,162.94,149.82,14083.08,1669.64,9075.78,24828.5,68,10187.76,1669.64,8643.6,20501.0,0.723404255319149,137.2,,2025,8,2,70.1,29.9,0,128.29,156.81,285.1,0.0,156.81,2,0.0,47,47,0,0,2,2,2,16,1,0,1,Classroom,2,0,2.0,1669.64,700,2840,4726.56,4,0,0,0,100.0,0.53
B-202508-29782,Booked,Private Individual,Quinceañera Celebration,Wedding/Social,In-person,Full Package,Social,Social/Private,Cvent,Medium,2025-03-16,2025-04-24,25,2025-08-13,2025-08-14,1,150,33,33,37,1,Breakout Room,1,1,14,0.0,0.0,2,62.8,162.92,150.72,4973.76,444.55,5721.83,11140.14,18,2712.96,444.55,5449.36,8606.87,0.5454545454545454,147.28,,2025,8,3,73.1,26.9,1,140.78,148.57,289.35,192.87,148.57,1,0.0,33,0,0,0,1,1,1,4,0,0,1,Banquet,1,0,1.0,444.55,150,2035,2819.44,1,1,0,1,0.0,0.93
B-202508-90511,Booked,Private Party,Williams-Brown Wedding,Wedding/Social,In-person,Rooms Only,Social,Social/Private,Direct Inquiry,Low,2025-02-09,2025-03-09,23,2025-08-14,2025-08-15,1,186,29,29,31,0,,0,0,5,0.0,0.0,2,73.6,166.69,144.85,4200.65,0.0,0.0,4200.65,16,2317.6,0.0,0.0,2317.6,0.5517241379310345,0.0,,2025,8,2,57.8,42.2,1,40.13,183.14,223.27,223.27,223.27,1,0.0,29,0,0,0,0,0,0,0,0,0,0,,0,0,0.0,0.0,0,0,0.0,0,0,0,0,0.0,0.0
B-202508-77760,Booked,Dental Association,Regional Chapter Meeting,Association,In-person,Full Package,Healthcare,Healthcare,Repeat Client,High,2025-01-25,2025-02-26,25,2025-08-15,2025-08-17,2,202,42,84,56,1,Half Ballroom,1,0,7,1.0,22640.34,1,72.1,164.48,140.47,11799.48,835.47,9252.18,21887.13,63,8849.61,835.47,8811.6,18496.68,0.75,157.35,,2025,8,4,57.2,42.8,1,137.71,153.85,291.56,192.54,154.13,2,19.0,34,42,0,0,1,2,2,16,1,0,1,Theater,2,0,1.5,835.47,500,2100,3768.61,5,0,0,0,100.0,0.47
B-202508-97364,Booked,Professional Engineers Society,Regional Chapter Meeting,Association,In-person,Rooms Only,Association,Other,Direct Inquiry,Medium,2024-12-20,2025-01-14,20,2025-08-15,2025-08-17,2,238,96,192,105,0,,0,0,5,1.0,34647.29,1,69.0,167.19,146.9,28204.8,0.0,0.0,28204.8,141,20712.9,0.0,0.0,20712.9,0.734375,0.0,,2025,8,4,54.9,45.1,1,56.71,126.63,183.34,183.34,126.63,2,12.5,84,96,0,0,0,0,0,0,0,0,0,,0,0,0.0,0.0,0,0,0.0,0,0,0,0,0.0,0.0
B-202508-25793,Booked,Nursing Council,Member Appreciation Event,Association,In-person,Full Package,Healthcare,Healthcare,Referral,Low,2024-11-27,2024-12-24,19,2025-08-16,2025-08-18,2,262,31,62,34,1,Breakout Room,1,0,8,0.0,0.0,1,67.8,155.58,135.48,8399.76,426.39,4926.24,13752.39,39,5283.72,426.39,4691.66,10401.77,0.6290322580645161,137.99,,2025,8,2,68.6,31.4,1,43.53,185.53,229.06,229.06,185.53,2,35.5,20,31,0,0,1,2,2,16,0,0,1,Banquet,2,0,2.0,426.39,700,5576,8211.83,5,0,0,0,100.0,0.85
B-202508-11511,Booked,Veterans Group,Volunteer Training,SMERF,Hybrid,Full Package,Government,Government,RFP,Low,2025-06-18,2025-07-15,18,2025-08-17,2025-08-19,2,60,5,10,5,1,Boardroom,1,1,9,0.0,0.0,2,66.3,166.27,152.42,1524.2,392.75,314.95,2231.9,8,1219.36,392.75,299.95,1912.06,0.8,59.99,,2025,8,4,62.4,37.6,1,133.17,137.61,270.78,186.83,137.61,2,0.0,5,5,0,0,1,3,2,16,0,1,1,Boardroom,1,0,1.0,392.75,450,295,2906.32,2,0,0,0,33.3,0.36
B-202508-10373,Booked,Personal Event,Milestone Birthday Party,Wedding/Social,In-person,Rooms Only,Social,Social/Private,Direct Inquiry,Low,2024-12-05,2025-01-10,30,2025-08-18,2025-08-19,1,256,40,40,44,0,,0,1,6,0.0,0.0,3,74.4,161.23,135.19,5407.6,0.0,0.0,5407.6,23,3109.37,0.0,0.0,3109.37,0.575,0.0,,2025,8,3,65.3,34.7,1,61.85,134.9,196.75,196.75,151.23,1,0.0,40,0,0,0,0,0,0,0,0,0,0,,0,0,0.0,0.0,0,0,0.0,0,0,0,0,0.0,0.0
B-202508-62508,Booked,Manufacturing Alliance,Performance Review Summit,Corporate,In-person,Meeting Only,Finance,Other,Website,Low,2025-06-21,2025-07-09,13,2025-08-18,2025-08-19,1,58,0,0,124,1,Grand Ballroom,0,1,5,0.0,0.0,2,69.7,166.14,0.0,0.0,2066.46,4708.03,6774.49,0,0.0,2066.46,4483.84,6550.3,,36.16,,2025,8,0,0.0,0.0,0,0.0,0.0,0.0,0.0,0.0,0,0.0,0,0,0,0,1,1,1,8,1,0,1,Theater,3,1,3.0,2066.46,650,6572,9622.8,2,0,0,0,100.0,0.52
B-202508-27646,Booked,Family Celebration,Williams-Brown Wedding,Wedding/Social,In-person,Full Package,Social,Social/Private,Direct Inquiry,Low,2024-09-11,2024-10-19,31,2025-08-19,2025-08-20,1,342,44,44,56,1,Half Ballroom,1,0,7,1.0,16077.88,2,69.1,165.78,143.5,6314.0,1394.24,7544.63,15252.87,24,3444.0,1394.24,7185.36,12023.6,0.5454545454545454,128.31,,2025,8,2,67.4,32.6,0,6.68,138.41,145.09,0.0,138.41,1,0.0,44,0,0,0,1,2,1,8,1,0,1,Banquet,2,0,1.5,1394.24,500,1320,2531.1,1,1,0,1,0.0,0.47
B-202508-82356,Booked,Banking Consortium,Annual Sales Conference,Corporate,Hybrid,Full Package,Finance,Finance,Referral,Medium,2025-06-28,2025-07-15,7,2025-08-19,2025-08-20,1,52,61,61,82,1,Half Ballroom,1,0,10,1.0,23837.62,1,77.6,166.64,153.73,9377.53,1396.53,2491.73,13265.79,51,7840.23,1396.53,2373.08,11609.84,0.8360655737704918,28.94,,2025,8,4,50.9,49.1,1,127.58,141.23,268.81,229.42,268.81,1,0.0,61,0,0,0,1,2,1,12,1,0,1,Classroom,2,0,2.0,1396.53,700,2628,4212.78,5,0,0,0,50.0,0.68
B-202508-65694,Booked,Tour Operator Network,International Tour Package,SMERF,In-person,Rooms Only,Other,Other,RFP,Medium,2025-04-28,2025-05-24,21,2025-08-20,2025-08-21,1,114,29,29,31,0,,0,0,5,0.0,0.0,4,74.6,162.95,134.55,3901.95,0.0,0.0,3901.95,25,3363.75,0.0,0.0,3363.75,0.8620689655172413,0.0,,2025,8,3,57.6,42.4,1,140.02,127.57,267.59,221.13,127.57,1,0.0,29,0,0,0,0,0,0,0,0,0,0,,0,0,0.0,0.0,0,0,0.0,0,0,0,0,0.0,0.0
B-202508-68040,Booked,Youth Organization,Youth Group Gathering,SMERF,In-person,Full Package,SMERF,Social/Community,Referral,Low,2025-05-14,2025-06-05,13,2025-08-20,2025-08-21,1,98,18,18,23,1,Breakout Room,1,0,9,0.0,0.0,2,74.7,161.54,140.03,2520.54,511.3,440.5,3472.34,16,2240.48,511.3,419.52,3171.3,0.8888888888888888,18.24,,2025,8,3,68.0,32.0,1,107.11,164.13,271.24,182.34,164.13,1,0.0,18,0,0,0,1,1,1,8,0,0,1,Classroom,0,0,0.0,511.3,0,276,1333.88,1,0,0,0,100.0,0.57
B-202508-68079,Booked,State Medical Association,Educational Seminar Series,Association,In-person,Full Package,Healthcare,Healthcare,Cvent,High,2024-12-24,2025-01-29,27,2025-08-20,2025-08-21,1,239,77,77,94,1,Half Ballroom,1,0,9,1.0,20984.02,2,70.9,166.02,140.93,10851.61,1081.39,2978.77,14911.77,49,6905.57,1081.39,2836.92,10823.88,0.6363636363636364,30.18,,2025,8,4,64.6,35.4,0,161.97,130.24,292.21,0.0,131.29,1,0.0,77,0,0,0,1,2,1,12,1,0,1,Theater,2,0,2.0,1081.39,700,1780,3313.03,4,0,0,0,50.0,0.78
B-202508-92283,Booked,Professional Services Group,Innovation Workshop,Corporate,Hybrid,Meeting Only,Technology,Other,Direct Inquiry,Low,2025-06-15,2025-06-30,7,2025-08-21,2025-08-23,2,67,0,0,37,1,Breakout Room,0,1,8,1.0,14075.59,1,68.0,160.88,0.0,0.0,405.64,5447.16,5852.8,0,0.0,405.64,5187.77,5593.41,,140.21,,2025,8,0,0.0,0.0,0,0.0,0.0,0.0,0.0,0.0,0,0.0,0,0,0,0,1,2,2,16,0,0,1,Banquet,3,1,2.5,405.64,1000,2988,6041.24,3,0,0,0,100.0,0.93
B-202508-45013,Booked,Energy Solutions,Regional Team Meeting,Corporate,In-person,Full Package,Professional Services,Other,RFP,High,2025-07-12,2025-08-02,13,2025-08-22,2025-08-25,3,41,59,177,75,1,Half Ballroom,1,1,8,1.0,66994.74,4,72.0,162.03,136.81,24215.37,1753.14,17465.17,43433.68,152,20795.12,1753.14,16633.5,39181.76,0.8587570621468926,221.78,,2025,8,2,62.1,37.9,1,66.24,179.03,245.27,245.27,245.27,2,6.8,50,59,58,0,2,3,3,24,1,0,1,Theater,3,1,2.0,1753.14,1150,3528,6434.33,5,0,0,0,100.0,0.62
B-202508-45443,Booked,Social Event,Charity Gala,Wedding/Social,Hybrid,Full Package,Social,Social/Private,RFP,Low,2024-09-28,2024-11-15,39,2025-08-22,2025-08-23,1,328,29,29,37,1,Breakout Room,1,0,9,1.0,10366.21,2,68.8,155.67,130.6,3787.4,481.28,4789.04,9057.72,18,2350.8,481.28,4560.99,7393.07,0.6206896551724138,123.27,,2025,8,2,71.5,28.5,0,142.74,146.01,288.75,0.0,288.75,1,0.0,29,0,0,0,1,2,1,8,0,0,1,Banquet,1,0,1.0,481.28,300,2035,3518.95,1,1,0,1,0.0,0.93
B-202508-90636,Booked,Industry Trade Group,Regional Chapter Meeting,Association,In-person,Full Package,Trade/Manufacturing,Trade/Manufacturing,Website,High,2025-02-02,2025-03-11,28,2025-08-22,2025-08-25,3,201,54,162,67,1,Half Ballroom,1,0,9,1.0,49096.75,1,67.4,164.17,151.41,24528.42,1588.04,16070.75,42187.21,113,17109.33,1588.04,15305.48,34002.85,0.6975308641975309,228.44,,2025,8,3,64.5,35.5,1,34.75,146.22,180.97,180.97,146.22,2,8.3,45,54,44,0,2,3,3,24,1,0,1,Banquet,2,0,2.0,1588.04,1050,3440,6383.66,4,0,0,0,100.0,0.56
B-202508-12284,Booked,Education Foundation,Member Appreciation Event,Association,In-person,Meeting Only,Education,Education,Repeat Client,Medium,2024-10-09,2024-10-29,14,2025-08-23,2025-08-26,3,318,0,0,80,1,Half Ballroom,0,1,6,1.0,34616.55,1,76.2,157.19,0.0,0.0,1656.56,20362.44,22019.0,0,0.0,1656.56,19392.8,21049.36,,242.41,,2025,8,0,0.0,0.0,0,0.0,0.0,0.0,0.0,0.0,0,0.0,0,0,0,0,2,3,3,24,1,0,1,Classroom,3,1,2.67,1656.56,1650,3600,7080.72,5,0,0,0,100.0,0.67
B-202508-40493,Booked,Social Event,Holiday Party,Wedding/Social,In-person,Full Package,Social,Social/Private,Third-Party Planner,Low,2024-10-02,2024-11-04,21,2025-08-23,2025-08-25,2,325,12,24,14,1,Boardroom,1,0,12,0.0,0.0,3,70.6,166.97,146.87,3524.88,294.56,2024.34,5843.78,14,2056.18,294.56,1927.94,4278.68,0.5833333333333334,137.71,,2025,8,4,52.4,47.6,1,133.19,139.87,273.06,242.89,139.87,2,83.3,2,12,0,0,1,2,2,8,0,1,1,Boardroom,1,0,0.5,294.56,150,630,1994.83,1,0,1,1,0.0,1.0
B-202508-18653,Booked,Service Club,School District Meeting,SMERF,In-person,Meeting Only,SMERF,Social/Community,Website,Low,2025-04-01,2025-04-19,10,2025-08-24,2025-08-25,1,145,0,0,128,1,Grand Ballroom,0,0,8,1.0,9988.51,4,72.8,165.39,0.0,0.0,1664.66,2390.98,4055.64,0,0.0,1664.66,2277.12,3941.78,,17.79,,2025,8,0,0.0,0.0,0,0.0,0.0,0.0,0.0,0.0,0,0.0,0,0,0,0,1,1,1,8,1,0,1,Theater,1,0,1.0,1664.66,150,1440,3882.38,1,0,0,0,100.0,0.53
B-202508-33988,Booked,Industry Trade Group,Industry Forum,Association,In-person,Full Package,Trade/Manufacturing,Trade/Manufacturing,Cvent,Medium,2025-02-02,2025-02-25,16,2025-08-25,2025-08-27,2,204,51,102,67,1,Half Ballroom,1,0,7,1.0,32193.53,2,72.4,159.23,140.14,14294.28,1709.43,11048.47,27052.18,65,9109.1,1709.43,10522.35,21340.88,0.6372549019607843,157.05,,2025,8,2,69.2,30.8,1,46.01,150.95,196.96,196.96,150.95,2,19.6,41,51,0,0,2,2,2,16,1,0,1,Classroom,3,1,2.5,1709.43,1000,3000,5268.88,4,0,0,0,100.0,0.56
B-202508-44617,Booked,Professional Engineers Society,Continuing Education Conference,Association,In-person,Full Package,Association,Other,RFP,High,2024-12-02,2025-01-08,24,2025-08-26,2025-08-28,2,267,82,164,111,1,Half Ballroom,1,0,13,1.0,45546.5,2,72.7,167.18,149.73,24555.72,1346.48,7170.16,33072.36,113,16919.49,1346.48,6828.72,25094.69,0.6890243902439024,61.52,,2025,8,4,59.7,40.3,1,111.87,135.17,247.04,247.04,135.17,2,13.4,71,82,0,0,2,4,2,24,1,0,1,Theater,3,1,1.75,1346.48,1300,3252,6389.23,5,0,0,0,50.0,0.93
B-202508-22736,Booked,Accounting Institute,Leadership Institute,Association,In-person,Full Package,Finance,Finance,RFP,Medium,2025-02-13,2025-03-20,27,2025-08-27,2025-08-29,2,195,47,94,65,1,Half Ballroom,1,0,8,1.0,41226.78,2,68.3,165.3,147.91,13903.54,1603.74,10760.98,26268.26,67,9909.97,1603.74,10248.55,21762.26,0.7127659574468085,157.67,,2025,8,3,60.2,39.8,1,165.14,126.08,291.22,171.68,126.08,2,2.1,46,47,0,0,2,2,2,16,1,0,1,Classroom,3,1,2.5,1603.74,1000,1860,3986.15,4,0,0,0,100.0,0.54
B-202508-34761,Booked,Professional Services Group,Product Launch Event,Corporate,In-person,Full Package,Finance,Other,Repeat Client,Medium,2025-03-31,2025-04-22,9,2025-08-27,2025-08-28,1,149,53,53,67,1,Half Ballroom,1,0,13,1.0,17515.02,2,72.4,156.92,131.77,6983.81,1750.51,5875.63,14609.95,50,6588.5,1750.51,5595.84,13934.85,0.9433962264150944,83.52,,2025,8,3,55.4,44.6,1,57.59,139.39,196.98,196.98,139.39,1,0.0,53,0,0,0,2,1,1,8,1,0,1,Classroom,3,1,3.0,1750.51,650,1848,3062.97,4,0,0,0,100.0,0.56
B-202508-42543,Booked,Professional Engineers Society,Educational Seminar Series,Association,In-person,Rooms Only,Association,Other,Third-Party Planner,Medium,2025-03-12,2025-04-01,15,2025-08-27,2025-08-31,4,168,45,180,49,0,,0,0,5,1.0,32213.61,1,70.8,165.32,143.44,25819.2,0.0,0.0,25819.2,128,18360.32,0.0,0.0,18360.32,0.7111111111111111,0.0,,2025,8,2,53.0,47.0,0,120.44,159.1,279.54,0.0,279.54,2,11.8,44,45,33,35,0,0,0,0,0,0,0,,0,0,0.0,0.0,0,0,0.0,0,0,0,0,0.0,0.0
B-202508-42912,Booked,Dental Association,Industry Forum,Association,Hybrid,Meeting Only,Healthcare,Healthcare,RFP,Low,2025-03-12,2025-04-11,23,2025-08-27,2025-08-29,2,168,0,0,80,1,Half Ballroom,0,0,7,0.0,0.0,4,71.6,166.77,0.0,0.0,867.1,12618.48,13485.58,0,0.0,867.1,12017.6,12884.7,,150.22,,2025,8,0,0.0,0.0,0,0.0,0.0,0.0,0.0,0.0,0,0.0,0,0,0,0,1,2,2,16,1,0,1,Classroom,2,0,1.5,867.1,500,3000,4711.12,4,0,0,0,100.0,0.67
B-202508-46073,Booked,Pharmaceutical Partners,Strategic Planning Retreat,Corporate,Hybrid,Full Package,Healthcare,Healthcare,Third-Party Planner,High,2025-05-25,2025-06-15,11,2025-08-27,2025-08-30,3,94,60,180,75,1,Half Ballroom,1,1,10,0.0,0.0,3,65.5,163.55,148.27,26688.6,1283.83,16105.95,44078.38,159,23574.93,1283.83,15339.0,40197.76,0.8833333333333333,204.52,,2025,8,3,50.5,49.5,1,114.59,156.4,270.99,217.61,217.61,2,4.2,54,60,58,0,1,3,3,24,1,0,1,Theater,3,1,2.33,1283.83,1350,4104,7262.92,3,0,0,0,100.0,0.62
B-202508-89034,Booked,Private Party,Quinceañera Celebration,Wedding/Social,In-person,Rooms Only,Social,Social/Private,Repeat Client,Low,2025-01-26,2025-02-19,18,2025-08-27,2025-08-28,1,213,29,29,31,0,,0,0,6,0.0,0.0,1,76.3,160.55,132.68,3847.72,0.0,0.0,3847.72,17,2255.56,0.0,0.0,2255.56,0.5862068965517241,0.0,,2025,8,2,51.5,48.5,1,121.87,130.39,252.26,252.26,130.39,1,0.0,29,0,0,0,0,0,0,0,0,0,0,,0,0,0.0,0.0,0,0,0.0,0,0,0,0,0.0,0.0
B-202508-80137,Booked,Youth Athletics,School District Meeting,SMERF,In-person,Full Package,SMERF,Social/Community,Sales Call,Low,2025-05-16,2025-06-09,16,2025-08-29,2025-08-30,1,105,38,38,43,1,Half Ballroom,1,1,8,1.0,8248.91,2,74.3,162.62,148.02,5624.76,956.93,891.26,7472.95,28,4144.56,956.93,848.82,5950.31,0.7368421052631579,19.74,,2025,8,4,69.8,30.2,1,153.54,141.37,294.91,187.88,141.37,1,0.0,38,0,0,0,1,2,1,8,1,0,1,Classroom,2,0,1.5,956.93,500,700,1865.24,1,0,0,0,0.0,0.36
B-202508-67340,Booked,Local School District,Faith-Based Conference,SMERF,In-person,Meeting Only,Education,Education,RFP,Low,2025-07-01,2025-08-01,21,2025-08-30,2025-09-01,2,60,0,0,80,1,Half Ballroom,0,0,10,0.0,0.0,2,67.2,160.11,0.0,0.0,1579.51,5390.28,6969.79,0,0.0,1579.51,5133.6,6713.11,,64.17,,2025,8,0,0.0,0.0,0,0.0,0.0,0.0,0.0,0.0,0,0.0,0,0,0,0,2,4,2,16,1,0,1,Theater,2,0,1.5,1579.51,1000,940,3385.75,2,0,0,0,0.0,0.67
B-202509-48728,Booked,Youth Organization,Volunteer Training,SMERF,In-person,Full Package,SMERF,Social/Community,Repeat Client,Medium,2025-05-09,2025-05-30,14,2025-09-01,2025-09-02,1,115,31,31,37,1,Breakout Room,1,0,7,0.0,0.0,1,74.9,177.54,163.9,5080.9,405.25,1200.46,6686.61,22,3605.8,405.25,1143.3,5154.35,0.7096774193548387,30.9,,2025,9,3,68.1,31.9,1,147.23,143.47,290.7,170.86,143.47,1,0.0,31,0,0,0,1,2,1,8,0,0,1,Banquet,2,0,1.0,405.25,350,1692,3234.64,2,0,0,0,0.0,0.93
B-202509-66260,Booked,Manufacturing Alliance,Town Hall Meeting,Corporate,In-person,Full Package,Finance,Other,Direct Inquiry,Low,2025-06-13,2025-07-02,8,2025-09-02,2025-09-03,1,81,27,27,32,1,Breakout Room,1,0,11,1.0,10901.07,1,80.7,170.3,153.51,4144.77,523.7,1423.3,6091.77,23,3530.73,523.7,1355.52,5409.95,0.8518518518518519,42.36,,2025,9,3,68.0,32.0,1,106.32,175.2,281.52,241.42,175.2,1,0.0,27,0,0,0,1,1,1,8,0,0,1,Classroom,3,1,3.0,523.7,650,2016,3711.15,2,0,0,0,100.0,0.8
B-202509-78179,Booked,Nonprofit Foundation,Cultural Heritage Festival,SMERF,In-person,Full Package,Technology,Technology,Direct Inquiry,Low,2025-05-12,2025-06-13,21,2025-09-02,2025-09-04,2,113,20,40,23,1,Breakout Room,1,0,11,0.0,0.0,3,79.1,169.22,139.03,5561.2,547.58,1284.3,7393.08,33,4587.99,547.58,1223.14,6358.71,0.825,53.18,,2025,9,4,58.8,41.2,1,137.81,134.96,272.77,215.51,134.96,2,40.0,12,20,0,0,1,3,2,16,0,0,1,Banquet,2,0,1.67,547.58,850,1886,4866.49,2,0,0,0,33.3,0.57
B-202509-92919,Booked,Service Club,Faith-Based Conference,SMERF,In-person,Meeting Only,SMERF,Social/Community,Referral,Low,2025-06-19,2025-07-19,21,2025-09-02,2025-09-03,1,75,0,0,102,1,Half Ballroom,0,0,9,0.0,0.0,1,80.5,174.91,0.0,0.0,1571.14,4586.02,6157.16,0,0.0,1571.14,4367.64,5938.78,,42.82,,2025,9,0,0.0,0.0,0,0.0,0.0,0.0,0.0,0.0,0,0.0,0,0,0,0,2,2,1,16,1,0,1,Theater,1,0,1.0,1571.14,300,1132,2480.31,2,0,0,0,100.0,0.85
B-202509-58732,Booked,Insurance Federation,Certification Training,Association,In-person,Rooms Only,Finance,Finance,Direct Inquiry,High,2025-02-01,2025-02-21,17,2025-09-03,2025-09-06,3,214,117,351,128,0,,0,0,3,0.0,0.0,2,75.4,161.63,144.98,50887.98,0.0,0.0,50887.98,239,34650.22,0.0,0.0,34650.22,0.6809116809116809,0.0,,2025,9,2,57.1,42.9,1,41.8,130.12,171.92,171.92,130.12,2,2.2,112,117,111,0,0,0,0,0,0,0,0,,0,0,0.0,0.0,0,0,0.0,0,0,0,0,0.0,0.0
B-202509-13906,Booked,Technology Innovators,Product Launch Event,Corporate,In-person,Full Package,Technology,Technology,Sales Call,Low,2025-07-05,2025-07-22,10,2025-09-04,2025-09-05,1,61,32,32,43,1,Half Ballroom,1,1,7,0.0,0.0,3,81.9,168.6,152.31,4873.92,1220.36,2992.54,9086.82,26,3960.06,1220.36,2850.04,8030.46,0.8125,66.28,,2025,9,2,59.4,40.6,0,112.02,157.36,269.38,0.0,269.38,1,0.0,32,0,0,0,1,1,1,8,1,0,1,Classroom,2,0,2.0,1220.36,350,1008,1975.86,3,0,0,0,100.0,0.36
B-202509-20303,Booked,State Medical Association,Member Appreciation Event,Association,In-person,Full Package,Healthcare,Healthcare,Website,Medium,2025-02-01,2025-03-09,26,2025-09-04,2025-09-05,1,215,64,64,83,1,Half Ballroom,1,0,10,0.0,0.0,1,80.4,174.59,145.33,9301.12,1543.93,2898.61,13743.66,47,6830.51,1543.93,2760.58,11135.02,0.734375,33.26,,2025,9,2,59.9,40.1,1,65.86,218.37,284.23,218.37,284.23,1,0.0,64,0,0,0,2,3,1,12,1,0,1,Classroom,3,1,2.67,1543.93,1650,1980,4697.35,5,0,0,0,0.0,0.69
B-202509-77668,Booked,Tour Operator Network,Nature & Wildlife Tour,Corporate,In-person,Rooms Only,Technology,Technology,Direct Inquiry,Medium,2025-07-02,2025-07-15,7,2025-09-04,2025-09-05,1,64,25,25,27,0,,0,0,6,1.0,4937.82,1,81.3,174.15,150.27,3756.75,0.0,0.0,3756.75,24,3606.48,0.0,0.0,3606.48,0.96,0.0,,2025,9,3,61.0,39.0,1,139.71,137.98,277.69,168.29,137.98,1,0.0,25,0,0,0,0,0,0,0,0,0,0,,0,0,0.0,0.0,0,0,0.0,0,0,0,0,0.0,0.0
B-202509-50729,Booked,Nursing Council,Leadership Institute,Association,In-person,Rooms Only,Healthcare,Healthcare,Referral,Low,2024-12-14,2025-01-18,28,2025-09-06,2025-09-07,1,266,44,44,48,0,,0,0,7,1.0,8084.89,1,90.5,209.9,180.65,7948.6,0.0,0.0,7948.6,30,5419.5,0.0,0.0,5419.5,0.6818181818181818,0.0,,2025,9,2,59.6,40.4,1,51.47,224.94,276.41,224.94,276.41,1,0.0,44,0,0,0,0,0,0,0,0,0,0,,0,0,0.0,0.0,0,0,0.0,0,0,0,0,0.0,0.0
B-202509-70176,Booked,Accounting Institute,Networking Summit,Association,In-person,Full Package,Finance,Finance,Sales Call,High,2025-02-24,2025-03-26,17,2025-09-06,2025-09-09,3,194,51,153,64,1,Half Ballroom,1,0,13,1.0,54372.85,2,89.7,201.43,180.33,27590.49,1112.95,15477.5,44180.94,109,19655.97,1112.95,14740.48,35509.4,0.7124183006535948,230.32,,2025,9,2,62.8,37.2,0,11.12,143.99,155.11,0.0,143.99,2,8.9,47,51,40,0,1,3,3,24,1,0,1,Banquet,2,0,1.67,1112.95,850,4340,7032.08,5,0,0,0,100.0,0.53
B-202509-77460,Booked,Accounting Institute,Continuing Education Conference,Association,In-person,Full Package,Finance,Finance,Third-Party Planner,High,2024-12-10,2025-01-06,18,2025-09-06,2025-09-08,2,270,94,188,123,1,Grand Ballroom,1,0,9,1.0,62160.44,1,97.0,200.6,167.79,31544.52,2023.57,17139.5,50707.59,137,22987.23,2023.57,16323.33,41334.13,0.7287234042553191,132.71,,2025,9,4,65.6,34.4,1,119.79,166.62,286.41,231.86,166.62,2,5.3,89,94,0,0,1,2,2,16,1,0,1,Theater,2,0,2.0,2023.57,700,21402,26968.65,4,0,0,0,100.0,0.51
B-202509-63564,Booked,Retail Corporation,Town Hall Meeting,Corporate,In-person,Full Package,Finance,Other,Cvent,Low,2025-05-14,2025-06-05,10,2025-09-07,2025-09-08,1,116,38,38,45,1,Half Ballroom,1,1,12,1.0,14708.74,2,88.1,201.24,165.48,6288.24,1119.25,3672.27,11079.76,32,5295.36,1119.25,3497.4,9912.01,0.8421052631578947,77.72,,2025,9,2,58.5,41.5,1,109.13,180.71,289.84,180.71,289.84,1,0.0,38,0,0,0,1,1,1,8,1,0,1,Classroom,2,0,2.0,1119.25,350,1800,2727.87,3,0,0,0,100.0,0.38
B-202509-10276,Booked,TechCorp Solutions,Leadership Summit,Corporate,In-person,Rooms Only,Technology,Technology,Cvent,Medium,2025-05-29,2025-06-17,14,2025-09-08,2025-09-09,1,102,66,66,72,0,,0,0,5,1.0,10167.97,1,80.9,172.19,158.58,10466.28,0.0,0.0,10466.28,59,9356.22,0.0,0.0,9356.22,0.8939393939393939,0.0,,2025,9,3,74.2,25.8,1,140.73,149.02,289.75,216.46,216.46,1,0.0,66,0,0,0,0,0,0,0,0,0,0,,0,0,0.0,0.0,0,0,0.0,0,0,0,0,0.0,0.0
B-202509-87167,Booked,Consulting Network,Board of Directors Meeting,Corporate,In-person,Full Package,Professional Services,Professional Services,Website,Medium,2025-06-09,2025-06-29,12,2025-09-08,2025-09-10,2,91,45,90,61,1,Half Ballroom,1,0,8,0.0,0.0,2,73.0,176.61,161.32,14518.8,1244.31,8940.74,24703.85,83,13389.56,1244.31,8514.99,23148.86,0.9222222222222224,139.59,,2025,9,4,66.0,34.0,1,123.13,143.13,266.26,216.04,143.13,2,8.9,41,45,0,0,1,2,2,16,1,0,1,Classroom,2,0,1.5,1244.31,500,2784,4548.75,3,0,0,0,100.0,0.51
B-202509-87623,Booked,Insurance Federation,Regional Chapter Meeting,Association,Hybrid,Full Package,Finance,Finance,Cvent,High,2025-01-12,2025-02-12,23,2025-09-09,2025-09-11,2,240,81,162,111,1,Half Ballroom,1,0,8,1.0,65625.38,2,80.7,174.96,158.5,25677.0,802.52,6981.35,33460.87,119,18861.5,802.52,6648.9,26312.92,0.7345679012345679,59.9,,2025,9,2,54.4,45.6,1,78.02,196.23,274.25,196.23,196.23,2,2.5,79,81,0,0,1,4,2,24,1,0,1,Theater,3,1,1.75,802.52,1300,2340,5443.12,5,0,0,0,50.0,0.93
B-202509-97821,Booked,Legal Society,Member Appreciation Event,Association,Hybrid,Rooms Only,Legal,Legal,Cvent,Low,2024-12-29,2025-01-28,26,2025-09-09,2025-09-11,2,254,16,32,17,0,,0,1,4,1.0,6542.31,4,71.6,167.36,137.25,4392.0,0.0,0.0,4392.0,22,3019.5,0.0,0.0,3019.5,0.6875,0.0,,2025,9,2,68.7,31.3,1,115.21,129.39,244.6,244.6,129.39,2,0.0,16,16,0,0,0,0,0,0,0,0,0,,0,0,0.0,0.0,0,0,0.0,0,0,0,0,0.0,0.0
B-202509-51419,Booked,HR Professionals Network,State Convention,Association,In-person,Full Package,Professional Services,Professional Services,RFP,Medium,2024-11-25,2024-12-23,14,2025-09-10,2025-09-13,3,289,30,90,36,1,Breakout Room,1,0,14,0.0,0.0,2,81.6,167.55,146.88,13219.2,413.86,9104.89,22737.95,58,8519.04,413.86,8671.32,17604.22,0.6444444444444445,240.87,,2025,9,2,51.9,48.1,0,15.12,152.85,167.97,0.0,152.85,2,15.9,19,30,28,0,1,3,3,24,0,0,1,Classroom,3,1,2.33,413.86,1450,6624,10968.77,4,0,0,0,100.0,0.9
B-202509-27412,Booked,Community Church,Band Competition,SMERF,In-person,Full Package,SMERF,Religious,Referral,Medium,2025-05-06,2025-05-27,14,2025-09-11,2025-09-13,2,128,45,90,50,1,Half Ballroom,1,0,7,0.0,0.0,2,79.9,172.09,156.37,14073.3,1186.21,1797.6,17057.11,71,11102.27,1186.21,1712.0,14000.48,0.7888888888888889,34.24,,2025,9,2,55.4,44.6,1,99.51,189.3,288.81,189.3,288.81,2,8.9,41,45,0,0,1,4,2,16,1,0,1,Classroom,2,0,1.25,1186.21,800,240,2473.38,1,0,0,0,0.0,0.42
B-202509-35512,Booked,Retail Corporation,Annual Sales Conference,Corporate,Hybrid,Full Package,Professional Services,Other,Direct Inquiry,Low,2025-07-02,2025-07-25,9,2025-09-12,2025-09-13,1,72,48,48,58,1,Half Ballroom,1,0,14,1.0,16764.34,1,79.2,169.07,139.95,6717.6,1066.8,4228.29,12012.69,43,6017.85,1066.8,4026.94,11111.59,0.8958333333333334,69.43,,2025,9,3,68.3,31.7,1,66.11,131.08,197.19,197.19,131.08,1,0.0,48,0,0,0,1,1,1,8,1,0,1,Classroom,2,0,2.0,1066.8,350,1800,2775.3,3,0,0,0,100.0,0.48
B-202509-58434,Booked,Personal Event,Anniversary Celebration,Wedding/Social,In-person,Full Package,Social,Social/Private,Direct Inquiry,Low,2024-12-31,2025-02-06,30,2025-09-14,2025-09-15,1,257,16,16,21,1,Breakout Room,1,1,7,1.0,7736.85,2,77.5,166.2,143.79,2300.64,499.39,3158.66,5958.69,9,1294.11,499.39,3008.25,4801.75,0.5625,143.25,,2025,9,2,58.8,41.2,1,98.61,152.12,250.73,250.73,152.12,1,0.0,16,0,0,0,1,1,1,4,0,0,1,Banquet,0,0,0.0,499.39,0,945,1580.77,1,0,1,1,0.0,0.53
B-202509-63843,Booked,Nursing Council,Leadership Institute,Association,In-person,Full Package,Healthcare,Healthcare,Third-Party Planner,High,2025-04-19,2025-05-18,17,2025-09-14,2025-09-16,2,148,71,142,80,1,Half Ballroom,1,1,12,0.0,0.0,3,82.2,164.92,150.17,21324.14,987.78,11681.88,33993.8,101,15167.17,987.78,11125.6,27280.55,0.7112676056338029,139.07,,2025,9,2,53.2,46.8,0,146.35,130.22,276.57,0.0,130.22,2,1.4,70,71,0,0,1,2,2,16,1,0,1,Classroom,3,1,2.5,987.78,1000,1660,3862.43,3,0,0,0,100.0,0.67
B-202509-44646,Booked,Retail Corporation,Management Training,Corporate,In-person,Full Package,Healthcare,Other,Repeat Client,Low,2025-06-04,2025-06-24,10,2025-09-15,2025-09-17,2,103,18,36,21,1,Breakout Room,1,0,10,1.0,11004.54,1,77.8,166.94,148.97,5362.92,546.91,3372.55,9282.38,32,4767.04,546.91,3211.95,8525.9,0.8888888888888888,152.95,,2025,9,2,56.9,43.1,1,51.46,144.69,196.15,196.15,196.15,2,22.2,14,18,0,0,1,2,2,16,0,0,1,Classroom,2,0,1.5,546.91,500,3150,5548.84,4,0,0,0,100.0,0.53
B-202509-48114,Booked,Family Celebration,Bar/Bat Mitzvah,Wedding/Social,In-person,Full Package,Social,Social/Private,Repeat Client,Medium,2024-11-18,2024-12-14,17,2025-09-15,2025-09-18,3,301,10,30,13,1,Boardroom,1,0,9,0.0,0.0,2,79.9,177.1,162.79,4883.7,281.86,1715.4,6880.96,19,3093.01,281.86,1633.71,5008.58,0.6333333333333333,125.67,,2025,9,4,52.1,47.9,1,108.03,159.45,267.48,225.3,197.41,2,36.8,1,10,6,0,1,4,3,16,0,1,1,Boardroom,2,0,1.5,281.86,1000,585,3925.84,1,0,1,1,0.0,0.93
B-202509-62185,Booked,Private Party,Engagement Party,Wedding/Social,In-person,Full Package,Social,Social/Private,Repeat Client,Medium,2025-03-10,2025-04-18,27,2025-09-15,2025-09-16,1,189,30,30,35,1,Breakout Room,1,0,12,1.0,13049.77,1,78.8,171.85,145.7,4371.0,418.82,4269.62,9059.44,16,2331.2,418.82,4066.3,6816.32,0.5333333333333333,116.18,,2025,9,3,57.7,42.3,1,108.63,130.8,239.43,239.43,154.91,1,0.0,30,0,0,0,1,1,1,4,0,0,1,Banquet,1,0,1.0,418.82,150,1925,2622.24,1,1,0,1,0.0,0.88
B-202509-26766,Booked,Legal Society,Professional Development Symposium,Association,In-person,Full Package,Legal,Legal,Referral,High,2025-01-29,2025-02-25,15,2025-09-17,2025-09-19,2,231,70,140,91,1,Half Ballroom,1,0,12,1.0,52200.14,2,80.4,171.45,145.36,20350.4,1174.75,5933.66,27458.81,110,15989.6,1174.75,5651.1,22815.45,0.7857142857142857,62.1,,2025,9,2,54.9,45.1,0,128.86,139.65,268.51,0.0,139.65,2,4.3,67,70,0,0,1,5,2,24,1,0,1,Classroom,3,1,1.8,1174.75,1650,4552,8193.83,4,0,0,0,20.0,0.76
B-202509-93809,Booked,Personal Event,Family Reunion Weekend,Wedding/Social,In-person,Rooms Only,Social,Social/Private,Referral,Low,2024-12-22,2025-02-03,36,2025-09-18,2025-09-19,1,270,28,28,30,0,,0,1,7,0.0,0.0,3,80.1,168.04,152.06,4257.68,0.0,0.0,4257.68,17,2585.02,0.0,0.0,2585.02,0.6071428571428571,0.0,,2025,9,2,60.2,39.8,1,59.42,228.05,287.47,228.05,287.47,1,0.0,28,0,0,0,0,0,0,0,0,0,0,,0,0,0.0,0.0,0,0,0.0,0,0,0,0,0.0,0.0
B-202509-29785,Booked,Financial Services Group,Customer Advisory Board,Corporate,In-person,Full Package,Finance,Finance,Third-Party Planner,Medium,2025-08-02,2025-08-25,14,2025-09-19,2025-09-20,1,48,65,65,90,1,Half Ballroom,1,0,9,1.0,18996.92,1,77.0,167.76,151.14,9824.1,1813.76,2811.38,14449.24,60,9068.4,1813.76,2677.5,13559.66,0.9230769230769232,29.75,,2025,9,3,56.3,43.7,1,24.17,145.76,169.93,169.93,145.76,1,0.0,65,0,0,0,2,2,1,12,1,0,1,Theater,3,1,2.5,1813.76,1000,2406,4280.5,4,0,0,0,50.0,0.75
B-202509-85025,Booked,State Medical Association,Annual Member Conference,Association,In-person,Full Package,Healthcare,Healthcare,Direct Inquiry,High,2025-03-27,2025-04-22,15,2025-09-20,2025-09-23,3,177,55,165,73,1,Half Ballroom,1,0,11,1.0,58165.65,2,89.4,207.46,172.59,28477.35,1164.36,15949.33,45591.04,117,20193.03,1164.36,15189.84,36547.23,0.7090909090909091,208.08,,2025,9,2,60.9,39.1,1,89.91,145.7,235.61,235.61,235.61,2,7.6,45,55,52,0,1,3,3,24,1,0,1,Classroom,3,1,2.33,1164.36,1350,4780,7980.79,5,0,0,0,100.0,0.61
B-202509-88526,Booked,Premier Tours,Heritage Tour Group,SMERF,In-person,Rooms Only,Government,Government,Repeat Client,High,2025-07-21,2025-08-14,21,2025-09-20,2025-09-21,1,61,49,49,54,0,Boardroom A,1,0,3,0.0,0.0,2,96.2,209.13,194.03,9507.47,0.0,0.0,9507.47,48,9313.44,0.0,0.0,9313.44,0.979591836734694,0.0,,2025,9,2,74.1,25.9,1,45.02,230.66,275.68,230.66,275.68,1,0.0,49,0,0,0,0,1,1,4,0,0,1,,1,0,1.0,0.0,150,0,500.57,0,0,0,0,0.0,0.0
B-202509-90924,Booked,Volunteer Network,Sports Team Tournament,SMERF,In-person,Full Package,Other,Other,Sales Call,Low,2025-06-19,2025-07-21,20,2025-09-20,2025-09-22,2,93,31,62,40,1,Breakout Room,1,0,12,1.0,22063.8,3,88.2,206.64,169.67,10519.54,407.79,1665.3,12592.63,50,8483.5,407.79,1586.0,10477.29,0.8064516129032258,39.65,,2025,9,2,53.9,46.1,1,42.85,138.2,181.05,181.05,138.2,2,32.3,21,31,0,0,1,4,2,16,0,0,1,Banquet,1,0,0.75,407.79,450,1260,4072.79,1,0,0,0,0.0,1.0
B-202509-21147,Booked,Nonprofit Foundation,Fraternity/Sorority Reunion,SMERF,In-person,Meeting Only,Technology,Technology,Website,Low,2025-06-18,2025-07-15,20,2025-09-21,2025-09-22,1,95,0,0,90,1,Half Ballroom,0,1,7,1.0,7058.01,2,90.4,208.46,0.0,0.0,1630.45,1802.12,3432.57,0,0.0,1630.45,1716.3,3346.75,,19.07,,2025,9,0,0.0,0.0,0,0.0,0.0,0.0,0.0,0.0,0,0.0,0,0,0,0,2,4,1,16,1,0,1,Classroom,1,0,0.5,1630.45,300,432,1989.4,1,0,0,0,0.0,0.75
B-202509-29278,Booked,Family Celebration,Holiday Party,Wedding/Social,In-person,Rooms Only,Social,Social/Private,Third-Party Planner,Low,2025-04-07,2025-05-12,29,2025-09-21,2025-09-22,1,167,22,22,24,0,,0,1,6,0.0,0.0,4,96.6,204.2,167.63,3687.86,0.0,0.0,3687.86,15,2514.45,0.0,0.0,2514.45,0.6818181818181818,0.0,,2025,9,2,74.4,25.6,0,7.78,135.14,142.92,0.0,135.14,1,0.0,22,0,0,0,0,0,0,0,0,0,0,,0,0,0.0,0.0,0,0,0.0,0,0,0,0,0.0,0.0
B-202509-19538,Booked,Social Event,Smith-Johnson Wedding,Wedding/Social,In-person,Full Package,Social,Social/Private,Sales Call,Low,2024-12-30,2025-02-18,36,2025-09-22,2025-09-23,1,266,23,23,27,1,Breakout Room,1,0,14,0.0,0.0,1,80.6,171.79,142.72,3282.56,589.75,3734.26,7606.57,14,1998.08,589.75,3556.44,6144.27,0.6086956521739131,131.72,,2025,9,3,55.8,44.2,1,121.35,162.57,283.92,189.5,283.92,1,0.0,23,0,0,0,1,1,1,4,0,0,1,Reception,1,0,1.0,589.75,150,1485,2238.21,1,1,0,1,0.0,0.68
B-202509-26581,Booked,Nursing Council,Committee Meeting,Association,In-person,Rooms Only,Healthcare,Healthcare,Direct Inquiry,Medium,2024-11-12,2024-12-04,17,2025-09-23,2025-09-26,3,315,54,162,59,0,,0,0,5,0.0,0.0,3,76.4,166.45,145.77,23614.74,0.0,0.0,23614.74,112,16326.24,0.0,0.0,16326.24,0.691358024691358,0.0,,2025,9,3,60.9,39.1,1,131.48,137.68,269.16,227.85,137.68,2,4.5,51,54,48,0,0,0,0,0,0,0,0,,0,0,0.0,0.0,0,0,0.0,0,0,0,0,0.0,0.0
B-202509-45101,Booked,Global Industries,Town Hall Meeting,Corporate,In-person,Meeting Only,Technology,Other,Sales Call,Low,2025-08-17,2025-09-03,11,2025-09-23,2025-09-24,1,37,0,0,140,1,Grand Ballroom,0,0,6,0.0,0.0,1,77.7,165.61,0.0,0.0,2143.64,10341.45,12485.09,0,0.0,2143.64,9849.0,11992.64,,70.35,,2025,9,0,0.0,0.0,0,0.0,0.0,0.0,0.0,0.0,0,0.0,0,0,0,0,1,1,1,8,1,0,1,Classroom,3,1,3.0,2143.64,650,10780,13877.64,4,0,0,0,100.0,0.58
B-202509-28982,Booked,Financial Services Group,Town Hall Meeting,Corporate,Hybrid,Full Package,Finance,Finance,Website,Medium,2025-08-10,2025-08-31,7,2025-09-24,2025-09-25,1,45,45,45,57,1,Half Ballroom,1,1,14,1.0,13337.31,2,78.8,170.93,148.96,6703.2,1037.22,4217.03,11957.45,41,6107.36,1037.22,4016.22,11160.8,0.9111111111111112,70.46,,2025,9,3,73.5,26.5,1,76.2,145.91,222.11,222.11,145.91,1,0.0,45,0,0,0,1,1,1,8,1,0,1,Theater,1,0,1.0,1037.22,150,1848,2613.33,4,0,0,0,100.0,0.47
B-202509-92853,Booked,TechCorp Solutions,Product Launch Event,Corporate,Virtual,Full Package,Technology,Technology,Direct Inquiry,Low,2025-07-07,2025-07-24,7,2025-09-24,2025-09-25,1,79,47,47,54,1,Half Ballroom,1,0,10,0.0,0.0,2,79.4,173.33,144.48,6790.56,1110.33,4551.31,12452.2,41,5923.68,1110.33,4334.58,11368.59,0.8723404255319149,80.27,,2025,9,3,69.8,30.2,0,17.79,133.83,151.62,0.0,151.62,1,0.0,47,0,0,0,1,1,1,8,1,0,1,Classroom,2,0,2.0,1110.33,350,1560,2564.66,3,0,0,0,100.0,0.45
B-202509-52458,Booked,Family Celebration,Anniversary Celebration,Wedding/Social,In-person,Full Package,Social,Social/Private,Direct Inquiry,Low,2025-01-16,2025-02-28,30,2025-09-26,2025-09-27,1,253,11,11,13,1,Boardroom,1,1,13,0.0,0.0,1,76.5,168.77,143.91,1583.01,354.06,1817.91,3754.98,6,863.46,354.06,1731.34,2948.86,0.5454545454545454,133.18,,2025,9,2,69.6,30.4,1,61.94,134.66,196.6,196.6,134.66,1,0.0,11,0,0,0,1,2,1,8,0,1,1,Boardroom,2,0,2.0,354.06,700,585,2409.76,1,0,1,1,0.0,0.93
B-202509-57721,Booked,Real Estate Board,Regional Chapter Meeting,Association,Hybrid,Full Package,Government,Government,RFP,High,2025-01-18,2025-02-18,23,2025-09-26,2025-09-29,3,251,62,186,75,1,Half Ballroom,1,0,8,1.0,57182.3,3,78.9,175.73,151.68,28212.48,1167.1,16431.19,45810.77,136,20628.48,1167.1,15648.75,37444.33,0.7311827956989247,208.65,,2025,9,4,73.2,26.8,1,138.13,151.78,289.91,229.27,151.78,2,4.6,59,62,55,0,1,3,3,24,1,0,1,Classroom,3,1,2.33,1167.1,1350,3160,6378.8,5,0,0,0,100.0,0.62
B-202509-85927,Booked,Dental Association,Policy Symposium,Association,In-person,Full Package,Healthcare,Healthcare,Sales Call,Low,2024-12-24,2025-01-27,23,2025-09-26,2025-09-28,2,276,32,64,44,1,Half Ballroom,1,1,11,1.0,31426.54,3,81.0,167.51,154.66,9898.24,823.79,7163.31,17885.34,52,8042.32,823.79,6822.2,15688.31,0.8125,155.05,,2025,9,3,70.9,29.1,1,112.33,155.51,267.84,241.39,267.84,2,6.2,30,32,0,0,1,2,2,16,1,0,1,Classroom,2,0,1.5,823.79,500,3480,5281.3,4,0,0,0,100.0,0.37
B-202509-53116,Booked,Private Party,Baby Shower Weekend,Wedding/Social,In-person,Rooms Only,Social,Social/Private,Third-Party Planner,Low,2025-01-08,2025-02-14,32,2025-09-27,2025-09-28,1,262,12,12,13,0,,0,0,5,0.0,0.0,4,82.2,174.74,152.4,1828.8,0.0,0.0,1828.8,7,1066.8,0.0,0.0,1066.8,0.5833333333333334,0.0,,2025,9,3,73.9,26.1,1,115.34,151.7,267.04,239.82,151.7,1,0.0,12,0,0,0,0,0,0,0,0,0,0,,0,0,0.0,0.0,0,0,0.0,0,0,0,0,0.0,0.0
B-202509-57399,Booked,Retail Corporation,New Hire Orientation,Corporate,Virtual,Full Package,Healthcare,Other,Third-Party Planner,Low,2025-08-18,2025-09-08,8,2025-09-27,2025-09-28,1,40,52,52,64,1,Half Ballroom,1,0,13,0.0,0.0,3,78.1,172.66,159.2,8278.4,1888.4,5237.57,15404.37,46,7323.2,1888.4,4988.16,14199.76,0.8846153846153846,77.94,,2025,9,4,66.4,33.6,0,136.74,140.57,277.31,0.0,140.57,1,0.0,52,0,0,0,2,1,1,8,1,0,1,Banquet,2,0,2.0,1888.4,350,1248,2178.31,3,0,0,0,100.0,0.53
B-202509-32925,Booked,Technology Innovators,Innovation Workshop,Corporate,Hybrid,Full Package,Technology,Technology,Cvent,Low,2025-07-12,2025-07-30,11,2025-09-28,2025-09-30,2,78,27,54,32,1,Breakout Room,1,1,7,1.0,17386.58,2,80.9,174.74,157.69,8515.26,459.16,5441.52,14415.94,52,8199.88,459.16,5182.4,13841.44,0.9629629629629628,161.95,,2025,9,2,58.9,41.1,1,99.72,182.34,282.06,182.34,282.06,2,25.9,20,27,0,0,1,2,2,16,0,0,1,Classroom,2,0,2.0,459.16,700,4928,7702.47,4,0,0,0,100.0,0.8
B-202509-65704,Booked,Private Party,Engagement Party,Wedding/Social,In-person,Full Package,Social,Social/Private,Referral,Low,2025-01-26,2025-03-08,28,2025-09-28,2025-09-29,1,245,33,33,37,1,Breakout Room,1,1,13,0.0,0.0,2,77.9,172.17,157.81,5207.73,403.43,4472.41,10083.57,21,3314.01,403.43,4259.44,7976.88,0.6363636363636364,115.12,,2025,9,2,59.8,40.2,1,54.95,126.4,181.35,181.35,126.4,1,0.0,33,0,0,0,1,2,1,8,0,0,1,Banquet,2,0,1.0,403.43,350,1665,3261.36,1,0,1,1,0.0,0.93
B-202509-85738,Booked,Education Foundation,Awards Gala Weekend,Association,Virtual,Full Package,Education,Education,Third-Party Planner,High,2025-04-26,2025-05-25,21,2025-09-28,2025-10-01,3,155,67,201,82,1,Half Ballroom,1,0,8,0.0,0.0,3,78.9,173.17,142.32,28606.32,1682.95,7073.12,37362.39,133,18928.56,1682.95,6736.3,27347.81,0.6616915422885572,82.15,,2025,9,2,73.9,26.1,1,98.05,195.06,293.11,195.06,293.11,2,6.9,56,67,64,0,2,9,3,36,1,0,1,Theater,3,1,2.0,1682.95,3350,5012,11456.16,5,0,0,0,0.0,0.68
B-202509-21343,Booked,Professional Services Group,Performance Review Summit,Corporate,In-person,Rooms Only,Finance,Other,Sales Call,Low,2025-07-17,2025-08-07,14,2025-09-30,2025-10-01,1,75,14,14,15,0,,0,1,7,0.0,0.0,4,72.9,174.55,153.8,2153.2,0.0,0.0,2153.2,11,1691.8,0.0,0.0,1691.8,0.7857142857142857,0.0,,2025,9,2,54.3,45.7,1,39.31,196.16,235.47,235.47,196.16,1,0.0,14,0,0,0,0,0,0,0,0,0,0,,0,0,0.0,0.0,0,0,0.0,0,0,0,0,0.0,0.0
B-202509-58504,Booked,Consulting Network,Annual Sales Conference,Corporate,Hybrid,Full Package,Professional Services,Professional Services,Sales Call,Low,2025-07-07,2025-07-25,11,2025-09-30,2025-10-01,1,85,49,49,67,1,Half Ballroom,1,1,7,0.0,0.0,2,77.5,173.84,143.1,7011.9,1481.77,2980.03,11473.7,40,5724.0,1481.77,2838.12,10043.89,0.8163265306122449,42.36,,2025,9,4,68.6,31.4,1,162.18,127.19,289.37,194.55,127.19,1,0.0,49,0,0,0,2,1,1,8,1,0,1,Theater,1,0,1.0,1481.77,150,720,1500.08,2,0,0,0,100.0,0.56
B-202509-58908,Booked,Global Industries,Regional Team Meeting,Corporate,Hybrid,Rooms Only,Healthcare,Other,Sales Call,Low,2025-08-16,2025-09-02,13,2025-09-30,2025-10-03,3,45,5,15,5,0,,0,0,4,0.0,0.0,4,78.2,174.27,154.86,2322.9,0.0,0.0,2322.9,13,2013.18,0.0,0.0,2013.18,0.8666666666666667,0.0,,2025,9,4,72.5,27.5,1,76.64,146.92,223.56,223.56,146.92,2,16.3,3,5,4,0,0,0,0,0,0,0,0,,0,0,0.0,0.0,0,0,0.0,0,0,0,0,0.0,0.0
B-202510-70093,Booked,Financial Services Group,Management Training,Corporate,In-person,Full Package,Finance,Finance,Direct Inquiry,Medium,2025-07-21,2025-08-15,12,2025-10-01,2025-10-03,2,72,46,92,61,1,Half Ballroom,1,1,13,1.0,32030.5,2,84.9,180.31,151.42,13930.64,1693.35,8781.9,24405.89,74,11205.08,1693.35,8363.71,21262.14,0.8043478260869565,137.11,,2025,10,3,66.2,33.8,1,128.1,145.31,273.41,231.65,145.31,2,4.3,44,46,0,0,2,2,2,16,1,0,1,Banquet,2,0,2.0,1693.35,700,3120,5000.26,4,0,0,0,100.0,0.51
B-202510-15744,Booked,Personal Event,Retirement Party,Wedding/Social,In-person,Full Package,Social,Social/Private,Website,Low,2024-10-02,2024-11-12,29,2025-10-02,2025-10-03,1,365,19,19,21,1,Breakout Room,1,1,12,1.0,8504.99,2,79.0,169.02,145.79,2770.01,427.84,2733.32,5931.17,13,1895.27,427.84,2603.16,4926.27,0.6842105263157895,123.96,,2025,10,4,68.3,31.7,1,140.25,130.01,270.26,187.71,130.01,1,0.0,19,0,0,0,1,1,1,4,0,0,1,Banquet,0,0,0.0,427.84,0,1155,1740.73,1,1,0,1,0.0,0.53
B-202510-15951,Booked,Banking Consortium,Quarterly Business Review,Corporate,In-person,Full Package,Finance,Finance,Repeat Client,Medium,2025-07-10,2025-07-31,14,2025-10-02,2025-10-03,1,84,44,44,53,1,Half Ballroom,1,1,7,1.0,16360.96,2,90.8,170.83,141.9,6243.6,1287.62,2352.33,9883.55,40,5676.0,1287.62,2240.31,9203.93,0.9090909090909092,42.27,,2025,10,3,70.7,29.3,1,55.34,132.9,188.24,188.24,132.9,1,0.0,44,0,0,0,1,1,1,8,1,0,1,Theater,2,0,2.0,1287.62,350,1272,2249.09,2,0,0,0,100.0,0.44
B-202510-19290,Booked,Social Event,Quinceañera Celebration,Wedding/Social,In-person,Rooms Only,Social,Social/Private,Third-Party Planner,Low,2025-04-02,2025-04-26,17,2025-10-02,2025-10-03,1,183,9,9,9,0,,0,1,7,0.0,0.0,1,80.3,173.79,152.6,1373.4,0.0,0.0,1373.4,5,763.0,0.0,0.0,763.0,0.5555555555555556,0.0,,2025,10,3,63.4,36.6,1,137.28,144.58,281.86,227.29,144.58,1,0.0,9,0,0,0,0,0,0,0,0,0,0,,0,0,0.0,0.0,0,0,0.0,0,0,0,0,0.0,0.0
B-202510-35427,Booked,HR Professionals Network,Educational Seminar Series,Association,Virtual,Full Package,Professional Services,Professional Services,RFP,Medium,2025-03-05,2025-04-13,28,2025-10-02,2025-10-03,1,211,57,57,77,1,Half Ballroom,1,0,11,0.0,0.0,4,84.1,182.1,156.12,8898.84,1358.72,5908.52,16166.08,42,6557.04,1358.72,5627.16,13542.92,0.7368421052631579,73.08,,2025,10,2,71.7,28.3,0,144.22,129.9,274.12,0.0,129.9,1,0.0,57,0,0,0,1,1,1,8,1,0,1,Classroom,2,0,2.0,1358.72,350,840,1839.37,3,0,0,0,100.0,0.64
B-202510-47252,Booked,Financial Services Group,Performance Review Summit,Corporate,Virtual,Full Package,Finance,Finance,Sales Call,Low,2025-07-29,2025-08-20,9,2025-10-02,2025-10-03,1,65,43,43,48,1,Half Ballroom,1,1,13,0.0,0.0,3,85.7,172.93,155.97,6706.71,806.26,1953.5,9466.47,37,5770.89,806.26,1860.48,8437.63,0.8604651162790697,38.76,,2025,10,4,55.0,45.0,1,80.57,135.07,215.64,215.64,135.07,1,0.0,43,0,0,0,1,1,1,8,1,0,1,Classroom,1,0,1.0,806.26,150,1272,1999.84,2,0,0,0,100.0,0.4
B-202510-67571,Booked,Insurance Federation,Continuing Education Conference,Association,In-person,Full Package,Finance,Finance,Direct Inquiry,Low,2024-12-17,2025-01-12,16,2025-10-03,2025-10-05,2,290,29,58,34,1,Breakout Room,1,1,10,0.0,0.0,3,84.4,179.62,154.78,8977.24,468.75,5462.1,14908.09,39,6036.42,468.75,5202.0,11707.17,0.6724137931034483,153.0,,2025,10,2,54.9,45.1,0,154.59,132.61,287.2,0.0,132.61,2,37.9,18,29,0,0,1,2,2,16,0,0,1,Classroom,3,1,2.5,468.75,1000,3230,6246.81,3,0,0,0,100.0,0.85
B-202510-73868,Booked,TechCorp Solutions,Strategic Planning Retreat,Corporate,In-person,Full Package,Technology,Technology,Referral,High,2025-07-27,2025-08-14,9,2025-10-03,2025-10-06,3,68,61,183,79,1,Half Ballroom,1,0,9,1.0,63062.42,2,87.5,179.45,152.63,27931.29,1238.83,17723.93,46894.05,164,25031.32,1238.83,16879.93,43150.08,0.8961748633879781,213.67,,2025,10,3,63.6,36.4,1,36.27,133.02,169.29,169.29,133.02,2,4.1,55,61,57,0,1,3,3,24,1,0,1,Classroom,2,0,1.67,1238.83,850,4920,7538.24,5,0,0,0,100.0,0.66
B-202510-87803,Booked,Tour Operator Network,Regional Arts Tour,SMERF,In-person,Rooms Only,SMERF,SMERF,Cvent,Low,2025-05-17,2025-06-02,11,2025-10-03,2025-10-05,2,139,20,40,22,0,,0,0,5,1.0,7750.0,3,89.2,177.3,149.99,5999.6,0.0,0.0,5999.6,39,5849.61,0.0,0.0,5849.61,0.975,0.0,,2025,10,4,74.8,25.2,1,103.89,149.44,253.33,253.33,149.51,2,50.0,10,20,0,0,0,0,0,0,0,0,0,,0,0,0.0,0.0,0,0,0.0,0,0,0,0,0.0,0.0
B-202510-75946,Booked,Private Individual,Quinceañera Celebration,Wedding/Social,In-person,Full Package,Social,Social/Private,Sales Call,Medium,2024-10-04,2024-11-20,36,2025-10-04,2025-10-06,2,365,31,62,36,1,Breakout Room,1,0,11,0.0,0.0,3,97.0,210.0,184.98,11468.76,541.99,4337.17,16347.92,34,6289.32,541.99,4130.64,10961.95,0.5483870967741935,114.74,,2025,10,2,66.3,33.7,1,23.85,146.17,170.02,170.02,146.17,2,12.9,27,31,0,0,1,2,2,8,0,0,1,Reception,2,0,1.5,541.99,500,1620,3264.33,1,0,1,1,0.0,0.9
B-202510-90614,Booked,TechCorp Solutions,Strategic Planning Retreat,Corporate,In-person,Full Package,Technology,Technology,Direct Inquiry,Low,2025-08-01,2025-08-23,13,2025-10-06,2025-10-07,1,66,54,54,68,1,Half Ballroom,1,0,9,0.0,0.0,3,86.7,182.51,159.02,8587.08,1876.24,2968.1,13431.42,47,7473.94,1876.24,2826.76,12176.94,0.8703703703703703,41.57,,2025,10,2,56.0,44.0,0,10.38,140.62,151.0,0.0,140.62,1,0.0,54,0,0,0,2,1,1,8,1,0,1,Theater,3,1,3.0,1876.24,650,1272,2505.26,2,0,0,0,100.0,0.57
B-202510-17528,Booked,Dental Association,Member Appreciation Event,Association,In-person,Full Package,Healthcare,Healthcare,Sales Call,Medium,2025-02-04,2025-03-09,19,2025-10-07,2025-10-09,2,245,49,98,64,1,Half Ballroom,1,0,14,0.0,0.0,2,80.0,174.41,155.28,15217.44,1345.27,9371.04,25933.75,71,11024.88,1345.27,8924.8,21294.95,0.7244897959183674,139.45,,2025,10,3,61.4,38.6,0,6.45,134.78,141.23,0.0,134.78,2,22.4,38,49,0,0,1,2,2,16,1,0,1,Classroom,2,0,2.0,1345.27,700,3280,5185.65,5,0,0,0,100.0,0.53
B-202510-54411,Booked,Private Party,Quinceañera Celebration,Wedding/Social,In-person,Full Package,Social,Social/Private,Referral,Low,2024-10-27,2024-12-16,37,2025-10-08,2025-10-09,1,346,26,26,35,1,Breakout Room,1,0,13,0.0,0.0,1,83.9,179.22,164.3,4271.8,422.24,4164.88,8858.92,17,2793.1,422.24,3966.55,7181.89,0.6538461538461539,113.33,,2025,10,3,54.1,45.9,1,165.58,128.36,293.94,231.5,128.36,1,0.0,26,0,0,0,1,1,1,4,0,0,1,Banquet,1,0,1.0,422.24,150,1925,2703.06,1,1,0,1,0.0,0.88
B-202510-20599,Booked,Professional Engineers Society,Continuing Education Conference,Association,In-person,Full Package,Association,Other,Repeat Client,High,2025-02-17,2025-03-13,16,2025-10-11,2025-10-13,2,236,75,150,99,1,Half Ballroom,1,0,8,0.0,0.0,1,83.8,181.88,149.7,22455.0,928.48,5580.04,28963.52,106,15868.2,928.48,5314.32,22111.0,0.7066666666666667,53.68,,2025,10,4,69.0,31.0,1,96.29,145.95,242.24,242.24,145.95,2,1.3,74,75,0,0,1,5,2,24,1,0,1,Classroom,3,1,2.0,928.48,1850,4480,8227.14,5,0,0,0,20.0,0.82
B-202510-38127,Booked,State Medical Association,Continuing Education Conference,Association,In-person,Full Package,Healthcare,Healthcare,Repeat Client,Medium,2025-05-05,2025-06-06,25,2025-10-11,2025-10-13,2,159,30,60,41,1,Half Ballroom,1,1,7,0.0,0.0,1,76.2,174.97,160.61,9636.6,1038.11,6661.56,17336.27,46,7388.06,1038.11,6344.34,14770.51,0.7666666666666667,154.74,,2025,10,4,57.2,42.8,1,132.91,153.51,286.42,232.64,153.51,2,30.0,21,30,0,0,1,2,2,16,1,0,1,Classroom,3,1,2.5,1038.11,1000,2600,4800.3,4,0,0,0,100.0,0.34
B-202510-57546,Booked,Global Industries,Product Launch Event,Corporate,In-person,Full Package,Technology,Other,Referral,Low,2025-08-06,2025-08-23,10,2025-10-11,2025-10-12,1,66,59,59,77,1,Half Ballroom,1,1,7,1.0,20670.65,1,80.6,174.89,148.82,8780.38,1305.02,3369.02,13454.42,50,7441.0,1305.02,3208.59,11954.61,0.847457627118644,41.67,,2025,10,2,52.0,48.0,1,21.42,153.46,174.88,174.88,174.88,1,0.0,59,0,0,0,1,1,1,8,1,0,1,Classroom,2,0,2.0,1305.02,350,1272,2254.63,2,0,0,0,100.0,0.64
B-202510-39479,Booked,Pharmaceutical Partners,Strategic Planning Retreat,Corporate,In-person,Full Package,Healthcare,Healthcare,Direct Inquiry,Medium,2025-07-06,2025-08-03,14,2025-10-12,2025-10-14,2,98,43,86,50,1,Half Ballroom,1,0,14,0.0,0.0,3,82.9,178.15,150.26,12922.36,1237.75,7619.33,21779.44,79,11870.54,1237.75,7256.5,20364.79,0.9186046511627908,145.13,,2025,10,2,53.9,46.1,1,35.21,251.34,286.55,251.34,251.34,2,2.3,42,43,0,0,1,2,2,16,1,0,1,Theater,3,1,3.0,1237.75,1300,1680,4111.65,4,0,0,0,100.0,0.42
B-202510-49740,Booked,Personal Event,Martinez-Garcia Wedding,Wedding/Social,In-person,Full Package,Social,Social/Private,Sales Call,Low,2025-01-20,2025-02-17,15,2025-10-12,2025-10-14,2,265,16,32,18,1,Breakout Room,1,1,13,0.0,0.0,3,81.8,174.07,153.19,4902.08,592.14,2299.75,7793.97,20,3063.8,592.14,2190.24,5846.18,0.625,121.68,,2025,10,4,50.7,49.3,1,152.64,135.33,287.97,186.28,135.33,2,50.0,8,16,0,0,1,2,2,8,0,0,1,Banquet,1,0,0.5,592.14,150,990,2313.81,1,1,0,1,0.0,0.45
B-202510-53982,Booked,State Medical Association,Educational Seminar Series,Association,Hybrid,Full Package,Healthcare,Healthcare,Sales Call,Medium,2025-03-10,2025-04-15,23,2025-10-12,2025-10-15,3,216,43,129,48,1,Half Ballroom,1,1,13,0.0,0.0,3,83.2,179.65,164.7,21246.3,1225.18,12495.17,34966.65,93,15317.1,1225.18,11900.16,28442.44,0.7209302325581395,247.92,,2025,10,3,55.7,44.3,1,142.43,138.82,281.25,192.56,138.82,2,5.7,37,43,40,0,1,3,3,24,1,0,1,Classroom,2,0,2.0,1225.18,1050,3400,6333.81,5,0,0,0,100.0,0.4
B-202510-25397,Booked,Education Foundation,Industry Forum,Association,Hybrid,Meeting Only,Education,Education,Cvent,Low,2024-12-01,2024-12-30,21,2025-10-13,2025-10-15,2,316,0,0,62,1,Half Ballroom,0,0,8,0.0,0.0,4,83.0,179.35,0.0,0.0,1446.46,8762.46,10208.92,0,0.0,1446.46,8345.2,9791.66,,134.6,,2025,10,0,0.0,0.0,0,0.0,0.0,0.0,0.0,0.0,0,0.0,0,0,0,0,2,2,2,16,1,0,1,Classroom,2,0,2.0,1446.46,700,2800,4624.84,5,0,0,0,100.0,0.52
B-202510-45006,Booked,Family Celebration,Martinez-Garcia Wedding,Wedding/Social,In-person,Rooms Only,Social,Social/Private,RFP,Low,2024-12-15,2025-01-22,33,2025-10-13,2025-10-14,1,302,10,10,11,0,,0,1,5,1.0,1389.61,1,79.5,174.65,150.51,1505.1,0.0,0.0,1505.1,6,903.06,0.0,0.0,903.06,0.6,0.0,,2025,10,2,66.6,33.4,1,86.44,141.97,228.41,228.41,228.41,1,0.0,10,0,0,0,0,0,0,0,0,0,0,,0,0,0.0,0.0,0,0,0.0,0,0,0,0,0.0,0.0
B-202510-68547,Booked,Legal Society,Leadership Institute,Association,In-person,Meeting Only,Legal,Legal,Sales Call,Low,2025-02-13,2025-03-17,25,2025-10-13,2025-10-16,3,242,0,0,39,1,Breakout Room,0,1,7,0.0,0.0,2,83.6,173.12,0.0,0.0,415.19,8172.8,8587.99,0,0.0,415.19,7783.62,8198.81,,199.58,,2025,10,0,0.0,0.0,0,0.0,0.0,0.0,0.0,0.0,0,0.0,0,0,0,0,1,3,3,24,0,0,1,Classroom,2,0,1.67,415.19,850,5220,9110.04,5,0,0,0,100.0,0.97
B-202510-75678,Booked,Industry Trade Group,Regional Chapter Meeting,Association,Hybrid,Meeting Only,Trade/Manufacturing,Trade/Manufacturing,Repeat Client,High,2024-12-17,2025-01-21,25,2025-10-14,2025-10-17,3,301,0,0,71,1,Half Ballroom,0,0,10,0.0,0.0,2,80.0,175.5,0.0,0.0,1885.49,15074.76,16960.25,0,0.0,1885.49,14356.91,16242.4,,202.21,,2025,10,0,0.0,0.0,0,0.0,0.0,0.0,0.0,0.0,0,0.0,0,0,0,0,2,3,3,24,1,0,1,Classroom,3,1,2.33,1885.49,1450,3640,6762.66,5,0,0,0,100.0,0.59
B-202510-85115,Booked,Social Event,Anniversary Celebration,Wedding/Social,In-person,Full Package,Social,Social/Private,RFP,Low,2025-04-26,2025-05-25,22,2025-10-14,2025-10-15,1,171,32,32,43,1,Half Ballroom,1,0,7,1.0,14662.94,1,83.5,176.71,153.07,4898.24,970.03,6082.61,11950.88,19,2908.33,970.03,5792.96,9671.32,0.59375,134.72,,2025,10,4,72.7,27.3,1,42.22,133.17,175.39,175.39,133.17,1,0.0,32,0,0,0,1,1,1,4,1,0,1,Banquet,1,0,1.0,970.03,150,1320,1826.07,1,1,0,1,0.0,0.36
B-202510-38837,Booked,Financial Services Group,Executive Offsite,Corporate,In-person,Full Package,Finance,Finance,Direct Inquiry,Medium,2025-07-02,2025-07-22,8,2025-10-15,2025-10-17,2,105,49,98,57,1,Half Ballroom,1,1,12,1.0,34986.1,2,82.2,168.57,139.98,13718.04,1079.5,8383.19,23180.73,92,12878.16,1079.5,7983.99,21941.65,0.9387755102040816,140.07,,2025,10,4,60.7,39.3,1,107.2,146.49,253.69,253.69,150.85,2,20.4,39,49,0,0,1,2,2,16,1,0,1,Classroom,3,1,2.5,1079.5,1000,1944,4162.41,3,0,0,0,100.0,0.47
B-202510-59739,Booked,TechCorp Solutions,Management Training,Corporate,Hybrid,Meeting Only,Technology,Technology,Repeat Client,Low,2025-07-22,2025-08-10,10,2025-10-16,2025-10-18,2,86,0,0,57,1,Half Ballroom,0,1,9,0.0,0.0,2,86.6,179.13,0.0,0.0,905.9,8891.32,9797.22,0,0.0,905.9,8467.92,9373.82,,148.56,,2025,10,0,0.0,0.0,0,0.0,0.0,0.0,0.0,0.0,0,0.0,0,0,0,0,1,2,2,16,1,0,1,Theater,3,1,2.5,905.9,1000,2568,4792.92,4,0,0,0,100.0,0.47
B-202510-89150,Booked,Family Celebration,Baby Shower Weekend,Wedding/Social,In-person,Full Package,Social,Social/Private,Third-Party Planner,Low,2024-12-28,2025-01-28,19,2025-10-16,2025-10-17,1,292,27,27,30,1,Breakout Room,1,0,12,1.0,10600.87,4,87.1,179.91,157.57,4254.39,399.14,3910.41,8563.94,17,2678.69,399.14,3724.2,6802.03,0.6296296296296297,124.14,,2025,10,4,56.7,43.3,1,137.8,152.42,290.22,231.52,185.33,1,0.0,27,0,0,0,1,2,1,8,0,0,1,Banquet,2,0,1.0,399.14,350,1650,3265.44,1,1,0,1,0.0,0.75
B-202510-89707,Booked,Professional Services Group,New Hire Orientation,Corporate,In-person,Full Package,Professional Services,Other,Repeat Client,Medium,2025-08-05,2025-08-27,9,2025-10-16,2025-10-18,2,72,31,62,42,1,Half Ballroom,1,1,13,1.0,19734.82,1,83.2,176.49,158.8,9845.6,1165.66,6972.21,17983.47,55,8734.0,1165.66,6640.2,16539.86,0.8870967741935484,158.1,,2025,10,2,62.8,37.2,1,59.55,173.59,233.14,233.14,233.14,2,9.7,28,31,0,0,1,2,2,16,1,0,1,Classroom,3,1,2.0,1165.66,800,2472,4467.34,3,0,0,0,100.0,0.35
B-202510-11827,Booked,Retail Corporation,Customer Advisory Board,Corporate,In-person,Full Package,Technology,Other,Sales Call,Medium,2025-07-02,2025-07-25,9,2025-10-17,2025-10-20,3,107,42,126,57,1,Half Ballroom,1,1,14,1.0,52853.58,3,85.1,176.64,156.84,19761.84,951.75,13500.36,34213.95,120,18820.8,951.75,12857.49,32630.04,0.9523809523809524,225.57,,2025,10,4,73.5,26.5,1,145.21,141.79,287.0,177.98,141.79,2,5.1,38,42,37,0,1,3,3,24,1,0,1,Banquet,3,1,3.0,951.75,1950,5736,9422.32,5,0,0,0,100.0,0.47
B-202510-35727,Booked,Youth Organization,Church Retreat Weekend,SMERF,In-person,Full Package,SMERF,Social/Community,Website,Low,2025-09-04,2025-10-07,19,2025-10-19,2025-10-20,1,45,24,24,31,1,Breakout Room,1,0,14,1.0,5660.66,2,95.9,210.0,175.52,4212.48,555.65,561.49,5329.62,18,3159.36,555.65,534.75,4249.76,0.75,17.25,,2025,10,3,63.3,36.7,1,70.18,164.54,234.72,234.72,171.68,1,0.0,24,0,0,0,1,2,1,8,0,0,1,Classroom,2,0,2.0,555.65,700,372,2237.15,1,0,0,0,0.0,0.78
B-202510-91045,Booked,TechCorp Solutions,Management Training,Corporate,In-person,Full Package,Technology,Technology,Direct Inquiry,Low,2025-07-07,2025-07-25,9,2025-10-19,2025-10-20,1,104,22,22,27,1,Breakout Room,1,1,9,1.0,6695.99,1,95.1,210.0,191.68,4216.96,599.85,2310.81,7127.62,19,3641.92,599.85,2200.77,6442.54,0.8636363636363636,81.51,,2025,10,2,65.8,34.2,0,5.38,136.09,141.47,0.0,136.09,1,0.0,22,0,0,0,1,1,1,8,0,0,1,Classroom,2,0,2.0,599.85,350,1755,3199.17,3,0,0,0,100.0,0.68
B-202510-27304,Booked,Accounting Institute,Member Appreciation Event,Association,In-person,Full Package,Finance,Finance,Repeat Client,High,2025-02-01,2025-03-02,17,2025-10-20,2025-10-22,2,261,75,150,97,1,Half Ballroom,1,0,12,1.0,58699.97,2,88.8,175.08,161.43,24214.5,1071.82,5698.51,30984.83,93,15012.99,1071.82,5427.15,21511.96,0.62,55.95,,2025,10,4,67.5,32.5,1,148.33,141.8,290.13,223.42,141.8,2,0.0,75,75,0,0,1,5,2,24,1,0,1,Theater,3,1,1.8,1071.82,1650,4784,8311.62,5,0,0,0,20.0,0.81
B-202510-15980,Booked,Senior Adventures,Nature & Wildlife Tour,SMERF,In-person,Rooms Only,Other,Other,Website,Low,2025-08-24,2025-09-18,18,2025-10-21,2025-10-22,1,58,43,43,47,0,,0,0,7,0.0,0.0,2,84.9,178.07,162.16,6972.88,0.0,0.0,6972.88,39,6324.24,0.0,0.0,6324.24,0.9069767441860463,0.0,,2025,10,4,67.7,32.3,1,142.77,151.69,294.46,253.85,151.69,1,0.0,43,0,0,0,0,0,0,0,0,0,0,,0,0,0.0,0.0,0,0,0.0,0,0,0,0,0.0,0.0
B-202510-40225,Booked,Pharmaceutical Partners,Annual Sales Conference,Corporate,In-person,Full Package,Healthcare,Healthcare,Website,Medium,2025-08-05,2025-08-29,10,2025-10-21,2025-10-23,2,77,44,88,49,1,Half Ballroom,1,1,14,0.0,0.0,2,84.7,174.51,145.85,12834.8,1204.38,7957.26,21996.44,71,10355.35,1204.38,7578.34,19138.07,0.8068181818181818,154.66,,2025,10,3,67.5,32.5,1,150.55,139.08,289.63,182.34,139.08,2,0.0,44,44,0,0,1,2,2,16,1,0,1,Classroom,3,1,2.5,1204.38,1000,2280,4501.59,4,0,0,0,100.0,0.41
B-202510-85062,Booked,Regional Healthcare System,Executive Offsite,Corporate,Hybrid,Full Package,Healthcare,Healthcare,Direct Inquiry,Low,2025-07-15,2025-08-04,11,2025-10-21,2025-10-23,2,98,26,52,30,1,Breakout Room,1,1,9,0.0,0.0,1,83.4,172.22,150.52,7827.04,392.24,4225.73,12445.01,48,7224.96,392.24,4024.5,11641.7,0.9230769230769232,134.15,,2025,10,3,73.5,26.5,0,130.72,138.82,269.54,0.0,144.05,2,3.8,25,26,0,0,1,2,2,16,0,0,1,Classroom,3,1,2.5,392.24,1000,4560,7636.15,5,0,0,0,100.0,0.75
B-202510-33485,Booked,Financial Services Group,Quarterly Business Review,Corporate,In-person,Full Package,Finance,Finance,Sales Call,Low,2025-07-13,2025-08-07,13,2025-10-22,2025-10-23,1,101,58,58,79,1,Half Ballroom,1,0,12,1.0,21530.47,2,80.9,178.52,151.24,8771.92,1373.74,5497.1,15642.76,46,6957.04,1373.74,5235.33,13566.11,0.7931034482758621,66.27,,2025,10,3,63.8,36.2,0,145.72,130.01,275.73,0.0,130.01,1,0.0,58,0,0,0,2,1,1,8,1,0,1,Classroom,2,0,2.0,1373.74,350,1248,2231.59,3,0,0,0,100.0,0.66
B-202510-34715,Booked,Private Party,Graduation Celebration,Wedding/Social,In-person,Full Package,Social,Social/Private,Third-Party Planner,Medium,2024-12-25,2025-01-25,21,2025-10-22,2025-10-23,1,301,30,30,38,1,Breakout Room,1,0,10,0.0,0.0,2,86.5,175.54,144.84,4345.2,519.46,5786.3,10650.96,19,2751.96,519.46,5510.76,8782.18,0.6333333333333333,145.02,,2025,10,4,62.3,37.7,1,119.58,162.9,282.48,248.58,162.9,1,0.0,30,0,0,0,1,2,1,8,0,0,1,Banquet,2,0,1.5,519.46,500,2090,3763.71,1,1,0,1,0.0,0.95
B-202510-10143,Booked,Real Estate Board,Committee Meeting,Association,In-person,Rooms Only,Government,Government,Direct Inquiry,High,2025-01-02,2025-02-02,28,2025-10-23,2025-10-26,3,294,74,222,81,0,,0,1,3,1.0,33484.16,2,84.8,179.89,152.4,33832.8,0.0,0.0,33832.8,169,25755.6,0.0,0.0,25755.6,0.7612612612612613,0.0,,2025,10,2,55.8,44.2,1,100.65,177.97,278.62,177.97,278.62,2,5.4,73,74,65,0,0,0,0,0,0,0,0,,0,0,0.0,0.0,0,0,0.0,0,0,0,0,0.0,0.0
B-202510-10802,Booked,Regional Healthcare System,New Hire Orientation,Corporate,In-person,Full Package,Healthcare,Healthcare,Third-Party Planner,Medium,2025-08-07,2025-08-30,10,2025-10-23,2025-10-24,1,77,74,74,85,1,Half Ballroom,1,0,13,0.0,0.0,2,83.8,179.89,162.18,12001.32,1725.36,2617.7,16344.38,59,9568.62,1725.36,2493.05,13787.03,0.7972972972972973,29.33,,2025,10,4,64.1,35.9,1,161.62,129.16,290.78,181.89,129.16,1,0.0,74,0,0,0,2,3,1,12,1,0,1,Classroom,3,1,2.67,1725.36,1650,1848,4474.28,4,0,0,0,0.0,0.71
B-202510-63420,Booked,HR Professionals Network,Networking Summit,Association,In-person,Full Package,Professional Services,Professional Services,Repeat Client,High,2025-06-26,2025-07-20,15,2025-10-24,2025-10-26,2,120,71,142,91,1,Half Ballroom,1,0,9,0.0,0.0,1,79.8,171.13,152.08,21595.36,1255.1,5734.91,28585.37,96,14599.68,1255.1,5461.82,21316.6,0.676056338028169,60.02,,2025,10,3,71.6,28.4,1,94.47,143.52,237.99,237.99,143.52,2,9.9,64,71,0,0,1,4,2,24,1,0,1,Theater,3,1,1.5,1255.1,1100,3300,6312.15,4,0,0,0,50.0,0.76
B-202510-68351,Booked,Regional Healthcare System,Annual Sales Conference,Corporate,Hybrid,Full Package,Healthcare,Healthcare,Website,Low,2025-08-30,2025-09-27,14,2025-10-26,2025-10-27,1,57,21,21,23,1,Breakout Room,1,1,14,0.0,0.0,1,84.6,172.88,150.61,3162.81,561.89,1779.61,5504.31,19,2861.59,561.89,1694.87,5118.35,0.9047619047619048,73.69,,2025,10,3,58.7,41.3,0,134.11,145.16,279.27,0.0,145.16,1,0.0,21,0,0,0,1,1,1,8,0,0,1,Theater,2,0,2.0,561.89,350,1771,3136.56,4,0,0,0,100.0,0.57
B-202510-84172,Booked,Faith Community,Community Service Event,SMERF,In-person,Full Package,Other,Other,Website,Low,2025-06-27,2025-07-16,12,2025-10-26,2025-10-27,1,121,47,47,63,1,Half Ballroom,1,1,7,0.0,0.0,2,83.8,184.22,170.56,8016.32,1050.6,1197.98,10264.9,40,6822.4,1050.6,1140.93,9013.93,0.851063829787234,18.11,,2025,10,3,52.3,47.7,1,36.37,144.03,180.4,180.4,154.08,1,0.0,47,0,0,0,1,1,1,8,1,0,1,Banquet,2,0,2.0,1050.6,350,240,1152.01,1,0,0,0,100.0,0.53
B-202510-91842,Booked,Global Industries,Town Hall Meeting,Corporate,Hybrid,Full Package,Technology,Other,Sales Call,Medium,2025-08-29,2025-09-26,14,2025-10-27,2025-10-28,1,59,61,61,84,1,Half Ballroom,1,1,14,1.0,23495.81,3,78.0,178.41,155.97,9514.17,1137.53,2378.75,13030.45,49,7642.53,1137.53,2265.48,11045.54,0.8032786885245902,26.97,,2025,10,3,62.6,37.4,1,136.31,131.43,267.74,169.93,131.43,1,0.0,61,0,0,0,1,3,1,12,1,0,1,Theater,2,0,2.0,1137.53,1050,2280,4298.32,5,0,0,0,0.0,0.7
B-202510-57178,Booked,Manufacturing Alliance,Product Launch Event,Corporate,Hybrid,Meeting Only,Technology,Other,Third-Party Planner,Low,2025-08-03,2025-08-23,11,2025-10-29,2025-10-31,2,87,0,0,57,1,Half Ballroom,0,0,9,1.0,13698.69,2,77.1,178.25,0.0,0.0,1366.75,8460.99,9827.74,0,0.0,1366.75,8058.09,9424.84,,141.37,,2025,10,0,0.0,0.0,0,0.0,0.0,0.0,0.0,0.0,0,0.0,0,0,0,0,1,2,2,16,1,0,1,Classroom,2,0,2.0,1366.75,700,2808,4753.51,5,0,0,0,100.0,0.47
B-202510-69371,Booked,Social Event,Family Reunion Weekend,Wedding/Social,In-person,Full Package,Social,Social/Private,Third-Party Planner,Low,2024-12-10,2025-01-12,19,2025-10-29,2025-10-30,1,323,43,43,54,1,Half Ballroom,1,0,14,1.0,21017.1,2,85.0,179.33,154.53,6644.79,1010.74,8049.13,15704.66,27,4172.31,1010.74,7665.84,12848.89,0.627906976744186,141.96,,2025,10,3,60.3,39.7,1,98.03,149.45,247.48,247.48,149.45,1,0.0,43,0,0,0,1,2,1,8,1,0,1,Banquet,1,0,1.0,1010.74,300,1080,2106.94,1,0,1,1,0.0,0.45
B-202510-69839,Booked,State Medical Association,Networking Summit,Association,In-person,Full Package,Healthcare,Healthcare,Referral,Medium,2024-12-01,2024-12-30,19,2025-10-29,2025-10-31,2,332,72,144,95,1,Half Ballroom,1,0,10,1.0,49673.7,1,85.5,176.99,152.74,21994.56,1031.51,6470.78,29496.85,107,16343.18,1031.51,6162.65,23537.34,0.7430555555555556,64.87,,2025,10,2,69.6,30.4,1,94.0,196.84,290.84,196.84,290.84,2,0.0,72,72,0,0,1,4,2,24,1,0,1,Theater,2,0,1.75,1031.51,1200,3140,6108.73,5,0,0,0,50.0,0.79
B-202510-95674,Booked,Real Estate Board,Annual Member Conference,Association,Hybrid,Full Package,Government,Government,Referral,Medium,2024-11-16,2024-12-26,26,2025-10-29,2025-10-31,2,347,58,116,79,1,Half Ballroom,1,0,14,1.0,40918.07,3,84.0,172.24,155.63,18053.08,1454.14,12670.61,32177.83,77,11983.51,1454.14,12067.25,25504.9,0.6637931034482759,152.75,,2025,10,2,71.3,28.7,1,42.6,132.42,175.02,175.02,132.42,2,6.9,54,58,0,0,2,2,2,16,1,0,1,Classroom,3,1,2.5,1454.14,1000,3000,5191.42,4,0,0,0,100.0,0.66
B-202510-35589,Booked,Dental Association,Industry Forum,Association,Hybrid,Full Package,Healthcare,Healthcare,Referral,High,2025-01-13,2025-02-23,28,2025-10-30,2025-11-01,2,290,102,204,121,1,Grand Ballroom,1,1,13,0.0,0.0,1,82.1,175.42,145.74,29730.96,2334.65,16832.85,48898.46,144,20986.56,2334.65,16031.29,39352.5,0.7058823529411765,132.49,,2025,10,4,61.9,38.1,1,148.97,139.7,288.67,181.13,139.7,2,6.9,95,102,0,0,2,2,2,16,1,0,1,Theater,2,0,2.0,2334.65,700,19602,25302.07,4,0,0,0,100.0,0.5
B-202510-55365,Booked,Pharmaceutical Partners,Innovation Workshop,Corporate,Hybrid,Meeting Only,Healthcare,Healthcare,Cvent,Low,2025-08-19,2025-09-01,8,2025-10-31,2025-11-02,2,73,0,0,141,1,Grand Ballroom,0,1,5,0.0,0.0,2,84.2,171.98,0.0,0.0,1699.28,20235.47,21934.75,0,0.0,1699.28,19271.88,20971.16,,136.68,,2025,10,0,0.0,0.0,0,0.0,0.0,0.0,0.0,0.0,0,0.0,0,0,0,0,1,2,2,16,1,0,1,Theater,3,1,2.5,1699.28,1000,15087,20765.1,4,0,0,0,100.0,0.59
B-202511-30443,Booked,TechCorp Solutions,Regional Team Meeting,Corporate,Hybrid,Full Package,Technology,Technology,Repeat Client,High,2025-08-21,2025-09-10,10,2025-11-01,2025-11-03,2,72,67,134,75,1,Half Ballroom,1,0,10,0.0,0.0,1,80.9,205.12,186.98,25055.32,911.37,13154.4,39121.09,124,23185.52,911.37,12528.0,36624.89,0.9253731343283582,167.04,,2025,11,4,61.3,38.7,1,142.09,132.87,274.96,186.95,132.87,2,9.0,61,67,0,0,1,2,2,16,1,0,1,Theater,2,0,1.5,911.37,500,3408,5219.74,4,0,0,0,100.0,0.62
B-202511-72086,Booked,Personal Event,Bar/Bat Mitzvah,Wedding/Social,In-person,Rooms Only,Social,Social/Private,Cvent,Low,2024-12-30,2025-02-07,36,2025-11-01,2025-11-02,1,306,24,24,26,0,,0,0,3,0.0,0.0,4,79.9,200.77,171.22,4109.28,0.0,0.0,4109.28,15,2568.3,0.0,0.0,2568.3,0.625,0.0,,2025,11,3,60.0,40.0,1,127.89,147.58,275.47,249.38,147.58,1,0.0,24,0,0,0,0,0,0,0,0,0,0,,0,0,0.0,0.0,0,0,0.0,0,0,0,0,0.0,0.0
B-202511-98607,Booked,Technology Innovators,Performance Review Summit,Corporate,In-person,Full Package,Technology,Technology,Referral,Medium,2025-09-19,2025-10-08,7,2025-11-01,2025-11-03,2,43,40,80,46,1,Half Ballroom,1,1,12,1.0,31845.68,3,85.9,202.17,181.89,14551.2,889.61,7145.02,22585.83,73,13277.97,889.61,6804.78,20972.36,0.9125,147.93,,2025,11,3,50.8,49.2,1,148.05,146.63,294.68,174.01,294.68,2,20.0,32,40,0,0,1,2,2,16,1,0,1,Classroom,2,0,1.5,889.61,500,1728,3426.59,3,0,0,0,100.0,0.38
B-202511-10069,Booked,Legal Society,Committee Meeting,Association,In-person,Full Package,Legal,Legal,Cvent,Medium,2025-02-27,2025-03-26,17,2025-11-02,2025-11-03,1,248,82,82,90,1,Half Ballroom,1,1,10,1.0,24932.61,1,82.6,198.27,177.91,14588.62,1800.8,2936.12,19325.54,51,9073.41,1800.8,2796.3,13670.51,0.6219512195121951,31.07,,2025,11,4,55.0,45.0,1,102.28,144.61,246.89,246.89,144.61,1,0.0,82,0,0,0,2,2,1,12,1,0,1,Classroom,2,0,1.5,1800.8,500,1540,2932.78,3,0,0,0,50.0,0.75
B-202511-14555,Booked,Private Party,Anniversary Celebration,Wedding/Social,In-person,Rooms Only,Social,Social/Private,Sales Call,Low,2025-03-09,2025-04-10,27,2025-11-03,2025-11-04,1,239,28,28,30,0,,0,0,5,0.0,0.0,3,65.9,165.16,138.98,3891.44,0.0,0.0,3891.44,17,2362.66,0.0,0.0,2362.66,0.6071428571428571,0.0,,2025,11,4,73.5,26.5,1,77.51,145.96,223.47,223.47,145.96,1,0.0,28,0,0,0,0,0,0,0,0,0,0,,0,0,0.0,0.0,0,0,0.0,0,0,0,0,0.0,0.0
B-202511-74297,Booked,Real Estate Board,Awards Gala Weekend,Association,Hybrid,Full Package,Government,Government,Third-Party Planner,Medium,2025-06-15,2025-07-24,25,2025-11-03,2025-11-06,3,141,30,90,35,1,Breakout Room,1,0,14,0.0,0.0,4,70.2,164.8,138.21,12438.9,383.0,8085.74,20907.64,58,8016.18,383.0,7700.7,16099.88,0.6444444444444445,220.02,,2025,11,2,62.7,37.3,1,40.37,175.64,216.01,216.01,175.64,2,12.3,21,30,26,0,1,3,3,24,0,0,1,Classroom,3,1,2.0,383.0,1150,6370,10421.64,5,0,0,0,100.0,0.88
B-202511-91583,Booked,TechCorp Solutions,Performance Review Summit,Corporate,In-person,Full Package,Technology,Technology,Third-Party Planner,Low,2025-07-28,2025-08-17,8,2025-11-04,2025-11-06,2,99,45,90,54,1,Half Ballroom,1,0,12,0.0,0.0,1,75.3,163.84,146.35,13171.5,1381.15,8734.64,23287.29,89,13025.15,1381.15,8318.7,22725.0,0.9888888888888888,154.05,,2025,11,4,73.7,26.3,1,119.78,149.69,269.47,241.44,149.69,2,22.2,35,45,0,0,1,2,2,16,1,0,1,Theater,3,1,2.0,1381.15,800,3408,5366.6,4,0,0,0,100.0,0.45
B-202511-21770,Booked,Private Party,Memorial Service Gathering,Wedding/Social,Hybrid,Rooms Only,Social,Social/Private,Repeat Client,High,2024-11-29,2024-12-29,26,2025-11-05,2025-11-06,1,341,65,65,71,0,,0,1,4,1.0,9797.47,2,71.7,166.58,137.77,8955.05,0.0,0.0,8955.05,41,5648.57,0.0,0.0,5648.57,0.6307692307692307,0.0,,2025,11,3,70.6,29.4,1,161.95,129.59,291.54,182.03,129.59,1,0.0,65,0,0,0,0,0,0,0,0,0,0,,0,0,0.0,0.0,0,0,0.0,0,0,0,0,0.0,0.0
B-202511-32719,Booked,Energy Solutions,Annual Sales Conference,Corporate,In-person,Meeting Only,Professional Services,Other,RFP,Medium,2025-07-23,2025-08-13,11,2025-11-05,2025-11-07,2,105,0,0,135,1,Grand Ballroom,0,0,10,0.0,0.0,4,67.6,163.71,0.0,0.0,2816.39,20998.84,23815.23,0,0.0,2816.39,19998.9,22815.29,,148.14,,2025,11,0,0.0,0.0,0,0.0,0.0,0.0,0.0,0.0,0,0.0,0,0,0,0,2,2,2,16,1,0,1,Theater,3,1,2.5,2816.39,1000,20520,26754.21,5,0,0,0,100.0,0.56
B-202511-59827,Booked,Travel Club International,Senior Travel Club,Corporate,In-person,Rooms Only,Government,Government,Website,High,2025-08-06,2025-08-22,10,2025-11-05,2025-11-06,1,91,34,34,37,0,,0,0,6,0.0,0.0,4,66.4,169.68,145.89,4960.26,0.0,0.0,4960.26,33,4814.37,0.0,0.0,4814.37,0.9705882352941176,0.0,,2025,11,4,60.0,40.0,1,129.78,137.91,267.69,243.89,137.91,1,0.0,34,0,0,0,0,0,0,0,0,0,0,,0,0,0.0,0.0,0,0,0.0,0,0,0,0,0.0,0.0
B-202511-22018,Booked,Social Event,Anniversary Celebration,Wedding/Social,Hybrid,Full Package,Social,Social/Private,Referral,Low,2025-04-07,2025-05-02,17,2025-11-07,2025-11-08,1,214,18,18,21,1,Breakout Room,1,1,8,0.0,0.0,3,69.3,163.07,141.34,2544.12,365.61,2916.11,5825.84,10,1413.4,365.61,2777.25,4556.26,0.5555555555555556,132.25,,2025,11,2,69.3,30.7,0,5.58,138.0,143.58,0.0,138.0,1,0.0,18,0,0,0,1,2,1,8,0,0,1,Banquet,1,0,0.5,365.61,150,1155,2461.44,1,1,0,1,0.0,0.53
B-202511-15987,Booked,Family Celebration,Holiday Party,Wedding/Social,In-person,Full Package,Social,Social/Private,Cvent,Low,2025-01-01,2025-02-02,23,2025-11-08,2025-11-09,1,311,35,35,39,1,Breakout Room,1,0,9,0.0,0.0,3,74.6,163.47,135.4,4739.0,460.31,4914.82,10114.13,22,2978.8,460.31,4680.78,8119.89,0.6285714285714286,120.02,,2025,11,4,65.5,34.5,1,165.32,125.95,291.27,222.16,131.15,1,0.0,35,0,0,0,1,2,1,8,0,0,1,Reception,0,0,0.0,460.31,0,1755,2894.21,1,0,1,1,0.0,0.97
B-202511-74458,Booked,Youth Athletics,School District Meeting,SMERF,In-person,Meeting Only,SMERF,Social/Community,Direct Inquiry,Low,2025-08-01,2025-08-25,18,2025-11-09,2025-11-10,1,100,0,0,38,1,Breakout Room,0,0,6,0.0,0.0,1,70.1,162.41,0.0,0.0,558.61,803.59,1362.2,0,0.0,558.61,765.32,1323.93,,20.14,,2025,11,0,0.0,0.0,0,0.0,0.0,0.0,0.0,0.0,0,0.0,0,0,0,0,1,1,1,8,0,0,1,Banquet,0,0,0.0,558.61,0,432,1402.59,1,0,0,0,100.0,0.95
B-202511-66732,Booked,Community Church,High School Reunion,SMERF,In-person,Meeting Only,SMERF,Religious,Direct Inquiry,Low,2025-07-07,2025-08-01,20,2025-11-10,2025-11-11,1,126,0,0,73,1,Half Ballroom,0,0,5,0.0,0.0,1,75.7,167.95,0.0,0.0,1731.41,1477.05,3208.46,0,0.0,1731.41,1406.71,3138.12,,19.27,,2025,11,0,0.0,0.0,0,0.0,0.0,0.0,0.0,0.0,0,0.0,0,0,0,0,2,2,1,8,1,0,1,Classroom,2,0,1.5,1731.41,500,700,1919.87,1,0,0,0,0.0,0.61
B-202511-61067,Booked,Legal Society,Networking Summit,Association,In-person,Full Package,Legal,Legal,Third-Party Planner,Medium,2025-02-10,2025-03-21,25,2025-11-12,2025-11-14,2,275,44,88,59,1,Half Ballroom,1,1,14,0.0,0.0,2,73.4,162.01,133.35,11734.8,1019.96,8308.73,21063.49,72,9601.2,1019.96,7913.08,18534.24,0.8181818181818182,134.12,,2025,11,2,52.7,47.3,0,20.8,130.43,151.23,0.0,130.43,2,15.9,37,44,0,0,1,2,2,16,1,0,1,Theater,2,0,2.0,1019.96,700,1900,3856.36,4,0,0,0,100.0,0.49
B-202511-46287,Booked,Private Party,Memorial Service Gathering,Wedding/Social,In-person,Rooms Only,Social,Social/Private,Website,Low,2024-11-23,2024-12-15,17,2025-11-13,2025-11-14,1,355,38,38,41,0,,0,0,5,0.0,0.0,1,71.7,165.18,136.19,5175.22,0.0,0.0,5175.22,23,3132.37,0.0,0.0,3132.37,0.6052631578947368,0.0,,2025,11,4,53.3,46.7,1,58.1,134.84,192.94,192.94,134.92,1,0.0,38,0,0,0,0,0,0,0,0,0,0,,0,0,0.0,0.0,0,0,0.0,0,0,0,0,0.0,0.0
B-202511-76678,Booked,Youth Organization,Community Theater Production,SMERF,In-person,Rooms Only,SMERF,Social/Community,Cvent,Low,2025-09-29,2025-10-25,21,2025-11-13,2025-11-14,1,45,20,20,22,0,,0,0,5,1.0,3170.47,4,70.1,163.16,136.32,2726.4,0.0,0.0,2726.4,17,2317.44,0.0,0.0,2317.44,0.85,0.0,,2025,11,2,62.0,38.0,1,107.13,127.61,234.74,234.74,127.61,1,0.0,20,0,0,0,0,0,0,0,0,0,0,,0,0,0.0,0.0,0,0,0.0,0,0,0,0,0.0,0.0
B-202511-20271,Booked,Technology Innovators,Product Launch Event,Corporate,Virtual,Full Package,Technology,Technology,Third-Party Planner,Medium,2025-08-26,2025-09-16,13,2025-11-14,2025-11-17,3,80,31,93,39,1,Breakout Room,1,0,8,0.0,0.0,3,67.6,159.05,135.45,12596.85,550.58,8800.97,21948.4,88,11919.6,550.58,8381.88,20852.06,0.946236559139785,214.92,,2025,11,3,60.7,39.3,1,149.03,139.01,288.04,229.32,139.01,2,4.0,29,31,28,0,1,3,3,24,0,0,1,Banquet,3,1,2.0,550.58,1150,6192,10471.03,4,0,0,0,100.0,0.97
B-202511-84655,Booked,Pharmaceutical Partners,Innovation Workshop,Corporate,In-person,Full Package,Healthcare,Healthcare,Website,Medium,2025-08-06,2025-08-20,7,2025-11-14,2025-11-16,2,100,53,106,67,1,Half Ballroom,1,1,7,1.0,41177.15,3,66.8,155.37,136.92,14513.52,1425.53,10784.66,26723.71,99,13555.08,1425.53,10271.1,25251.71,0.9339622641509434,153.3,,2025,11,2,55.2,44.8,0,131.68,134.08,265.76,0.0,134.08,2,5.7,50,53,0,0,2,2,2,16,1,0,1,Theater,3,1,3.0,1425.53,1300,2232,4756.96,4,0,0,0,100.0,0.56
B-202511-68014,Booked,Nonprofit Foundation,Fraternity/Sorority Reunion,SMERF,In-person,Full Package,Technology,Technology,Sales Call,Low,2025-05-11,2025-06-08,16,2025-11-16,2025-11-17,1,189,23,23,26,1,Breakout Room,1,1,12,0.0,0.0,3,82.7,197.49,171.05,3934.15,527.75,0.0,4461.9,17,2907.85,527.75,0.0,3435.6,0.7391304347826086,0.0,,2025,11,2,54.7,45.3,1,103.9,140.34,244.24,244.24,140.34,1,0.0,23,0,0,0,1,2,1,8,0,0,1,Theater,1,0,1.0,527.75,300,0,1558.36,0,0,0,0,0.0,0.65
B-202511-85025,Booked,Senior Adventures,Garden Tour Society,SMERF,In-person,Rooms Only,Government,Government,Sales Call,Low,2025-07-22,2025-08-15,20,2025-11-16,2025-11-17,1,117,34,34,37,0,,0,0,4,0.0,0.0,3,78.9,198.18,172.82,5875.88,0.0,0.0,5875.88,33,5703.06,0.0,0.0,5703.06,0.9705882352941176,0.0,,2025,11,4,51.3,48.7,1,155.37,130.92,286.29,229.58,130.92,1,0.0,34,0,0,0,0,0,0,0,0,0,0,,0,0,0.0,0.0,0,0,0.0,0,0,0,0,0.0,0.0
B-202511-87183,Booked,Pharmaceutical Partners,Management Training,Corporate,In-person,Full Package,Healthcare,Healthcare,Third-Party Planner,Low,2025-08-27,2025-09-17,7,2025-11-16,2025-11-18,2,81,52,104,72,1,Half Ballroom,1,0,14,0.0,0.0,3,88.8,194.45,172.44,17933.76,1594.96,10292.94,29821.66,83,14312.52,1594.96,9802.8,25710.28,0.7980769230769231,136.15,,2025,11,4,64.7,35.3,1,153.04,134.85,287.89,187.35,140.36,2,9.6,47,52,0,0,2,2,2,16,1,0,1,Theater,3,1,2.0,1594.96,800,3360,5255.99,5,0,0,0,100.0,0.6
B-202511-89578,Booked,Real Estate Board,Awards Gala Weekend,Association,In-person,Full Package,Government,Government,Direct Inquiry,High,2025-02-11,2025-03-10,14,2025-11-17,2025-11-20,3,279,72,216,96,1,Half Ballroom,1,1,13,0.0,0.0,2,70.9,163.22,143.33,30959.28,1221.72,8640.58,40821.58,159,22789.47,1221.72,8229.12,32240.31,0.7361111111111112,85.72,,2025,11,4,63.4,36.6,1,78.34,151.76,230.1,230.1,151.76,2,5.1,68,72,63,0,1,7,3,36,1,0,1,Theater,3,1,1.71,1221.72,2150,4848,9813.72,5,0,0,0,28.6,0.8
B-202511-26176,Booked,Manufacturing Alliance,Sales Kickoff,Corporate,Virtual,Full Package,Professional Services,Other,Third-Party Planner,High,2025-09-07,2025-09-25,7,2025-11-19,2025-11-22,3,73,93,279,123,1,Grand Ballroom,1,0,11,1.0,95604.22,2,70.0,164.85,148.88,41537.52,2798.16,26209.7,70545.38,255,37964.4,2798.16,24961.62,65724.18,0.913978494623656,202.94,,2025,11,2,58.7,41.3,1,44.25,148.8,193.05,193.05,148.8,2,1.8,92,93,89,0,2,3,3,24,1,0,1,Theater,3,1,3.0,2798.16,1950,27921,37067.33,5,0,0,0,100.0,0.51
B-202511-47236,Booked,Family Celebration,Graduation Celebration,Wedding/Social,In-person,Full Package,Social,Social/Private,Referral,Low,2025-05-10,2025-06-06,14,2025-11-19,2025-11-20,1,193,34,34,37,1,Breakout Room,1,1,13,1.0,14711.51,1,64.2,157.78,135.89,4620.26,587.43,4914.53,10122.22,18,2446.02,587.43,4680.5,7713.95,0.5294117647058824,126.5,,2025,11,2,65.6,34.4,0,15.88,144.69,160.57,0.0,144.69,1,0.0,34,0,0,0,1,1,1,4,0,0,1,Reception,1,0,1.0,587.43,150,1665,2417.47,1,0,1,1,0.0,0.93
B-202511-73522,Booked,Professional Services Group,Sales Kickoff,Corporate,Hybrid,Full Package,Technology,Other,Cvent,Medium,2025-08-22,2025-09-15,12,2025-11-19,2025-11-21,2,89,38,76,45,1,Half Ballroom,1,0,12,0.0,0.0,3,73.6,157.08,129.52,9843.52,1352.5,6664.14,17860.16,72,9325.44,1352.5,6346.8,17024.74,0.9473684210526316,141.04,,2025,11,4,56.7,43.3,1,52.46,136.56,189.02,189.02,136.56,2,10.5,34,38,0,0,1,2,2,16,1,0,1,Classroom,3,1,2.5,1352.5,1000,3696,5919.59,4,0,0,0,100.0,0.38
B-202511-29463,Booked,Family Celebration,Bar/Bat Mitzvah,Wedding/Social,In-person,Rooms Only,Social,Social/Private,Repeat Client,Low,2024-11-21,2025-01-04,39,2025-11-21,2025-11-22,1,365,25,25,27,0,,0,1,5,1.0,4147.77,1,73.6,165.92,150.86,3771.5,0.0,0.0,3771.5,14,2112.04,0.0,0.0,2112.04,0.56,0.0,,2025,11,3,53.0,47.0,1,147.24,143.85,291.09,193.38,143.85,1,0.0,25,0,0,0,0,0,0,0,0,0,0,,0,0,0.0,0.0,0,0,0.0,0,0,0,0,0.0,0.0
B-202511-74617,Booked,Travel Club International,Architecture Tour Group,Corporate,In-person,Rooms Only,Trade/Manufacturing,Trade/Manufacturing,Cvent,Medium,2025-08-24,2025-09-08,8,2025-11-23,2025-11-24,1,91,61,61,67,0,,0,0,7,1.0,8159.59,2,72.1,158.98,132.03,8053.83,0.0,0.0,8053.83,55,7261.65,0.0,0.0,7261.65,0.9016393442622952,0.0,,2025,11,4,66.0,34.0,1,119.29,151.0,270.29,238.36,151.0,1,0.0,61,0,0,0,0,0,0,0,0,0,0,,0,0,0.0,0.0,0,0,0.0,0,0,0,0,0.0,0.0
B-202511-99827,Booked,Banking Consortium,New Hire Orientation,Corporate,In-person,Full Package,Finance,Finance,Cvent,Medium,2025-08-20,2025-09-05,8,2025-11-23,2025-11-25,2,95,61,122,70,1,Half Ballroom,1,0,8,1.0,40632.31,2,68.3,166.1,152.34,18585.48,1386.04,5261.87,25233.39,105,15995.7,1386.04,5011.3,22393.04,0.860655737704918,71.59,,2025,11,2,65.9,34.1,1,54.66,132.76,187.42,187.42,132.76,2,13.1,53,61,0,0,2,2,2,16,1,0,1,Banquet,3,1,2.5,1386.04,1000,1704,3966.3,2,0,0,0,100.0,0.58
B-202511-50525,Booked,Professional Services Group,New Hire Orientation,Corporate,Hybrid,Meeting Only,Finance,Other,Cvent,Medium,2025-09-30,2025-10-18,8,2025-11-24,2025-11-27,3,55,0,0,65,1,Half Ballroom,0,0,10,0.0,0.0,3,74.7,161.86,0.0,0.0,1306.14,16055.13,17361.27,0,0.0,1306.14,15290.6,16596.74,,235.24,,2025,11,0,0.0,0.0,0,0.0,0.0,0.0,0.0,0.0,0,0.0,0,0,0,0,1,3,3,24,1,0,1,Classroom,2,0,1.67,1306.14,850,4968,7693.14,4,0,0,0,100.0,0.54
B-202511-58235,Booked,Energy Solutions,Management Training,Corporate,Virtual,Rooms Only,Healthcare,Other,RFP,Low,2025-09-28,2025-10-10,7,2025-11-24,2025-11-26,2,57,32,64,35,0,,0,1,5,0.0,0.0,3,70.5,166.55,142.37,9111.68,0.0,0.0,9111.68,53,7545.61,0.0,0.0,7545.61,0.828125,0.0,,2025,11,2,54.8,45.2,0,121.07,156.01,277.08,0.0,277.08,2,34.4,21,32,0,0,0,0,0,0,0,0,0,,0,0,0.0,0.0,0,0,0.0,0,0,0,0,0.0,0.0
B-202511-85191,Booked,Insurance Federation,Annual Member Conference,Association,Hybrid,Full Package,Finance,Finance,Sales Call,Medium,2025-04-06,2025-05-11,28,2025-11-26,2025-11-27,1,234,60,60,82,1,Half Ballroom,1,1,7,0.0,0.0,2,73.7,167.15,143.06,8583.6,1898.61,2487.43,12969.64,43,6151.58,1898.61,2368.98,10419.17,0.7166666666666667,28.89,,2025,11,4,61.2,38.8,1,117.21,157.63,274.84,224.89,179.48,1,0.0,60,0,0,0,2,3,1,12,1,0,1,Classroom,2,0,1.67,1898.61,850,1160,3012.76,3,0,0,0,0.0,0.68
B-202511-55555,Booked,Professional Engineers Society,Continuing Education Conference,Association,In-person,Full Package,Association,Other,Sales Call,High,2025-04-27,2025-06-03,28,2025-11-27,2025-11-29,2,214,80,160,104,1,Half Ballroom,1,1,9,1.0,52092.9,4,70.1,159.66,146.88,23500.8,1798.89,5772.31,31072.0,128,18800.64,1798.89,5497.44,26096.97,0.8,52.86,,2025,11,3,56.7,43.3,0,133.12,144.7,277.82,0.0,144.7,2,0.0,80,80,0,0,2,6,2,24,1,0,1,Theater,2,0,1.5,1798.89,1500,3720,7240.93,4,0,0,0,0.0,0.87
B-202511-12213,Booked,Regional Healthcare System,Strategic Planning Retreat,Corporate,In-person,Full Package,Healthcare,Healthcare,Cvent,High,2025-08-23,2025-09-13,12,2025-11-30,2025-12-03,3,99,30,90,39,1,Breakout Room,1,1,9,0.0,0.0,2,68.3,159.37,132.71,11943.9,522.5,10262.89,22729.29,72,9555.12,522.5,9774.18,19851.8,0.8,250.62,,2025,11,3,57.9,42.1,1,86.47,196.58,283.05,228.45,196.58,2,15.0,24,30,19,0,1,3,3,24,0,0,1,Classroom,3,1,2.67,522.5,1650,7740,12439.57,5,0,0,0,100.0,0.97
B-202511-18820,Booked,Global Industries,Sales Kickoff,Corporate,In-person,Full Package,Technology,Other,Cvent,Medium,2025-10-18,2025-11-06,11,2025-11-30,2025-12-02,2,43,30,60,33,1,Breakout Room,1,0,8,0.0,0.0,3,68.2,168.31,144.54,8672.4,408.51,5045.39,14126.3,57,8238.78,408.51,4805.13,13452.42,0.95,145.61,,2025,11,2,56.0,44.0,0,8.54,142.34,150.88,0.0,142.34,2,10.0,27,30,0,0,1,2,2,16,0,0,1,Theater,3,1,2.5,408.51,1000,4686,7817.7,4,0,0,0,100.0,0.82
B-202511-32148,Booked,HR Professionals Network,Policy Symposium,Association,In-person,Full Package,Professional Services,Professional Services,Third-Party Planner,Medium,2025-04-23,2025-05-25,25,2025-11-30,2025-12-02,2,221,62,124,80,1,Half Ballroom,1,0,7,0.0,0.0,4,73.0,160.65,137.12,17002.88,1772.57,13431.6,32207.05,97,13300.64,1772.57,12792.0,27865.21,0.782258064516129,159.9,,2025,11,3,72.2,27.8,1,96.18,141.76,237.94,237.94,141.76,2,0.0,62,62,0,0,2,2,2,16,1,0,1,Theater,3,1,2.5,1772.57,1000,2600,4799.37,4,0,0,0,100.0,0.67
B-202512-27621,Booked,Energy Solutions,Strategic Planning Retreat,Corporate,In-person,Rooms Only,Finance,Other,Third-Party Planner,Low,2025-10-17,2025-10-31,9,2025-12-01,2025-12-02,1,45,5,5,5,0,,0,0,5,0.0,0.0,1,50.7,146.6,121.98,609.9,0.0,0.0,609.9,4,487.92,0.0,0.0,487.92,0.8,0.0,,2025,12,4,58.0,42.0,1,148.98,136.22,285.2,242.2,136.22,1,0.0,5,0,0,0,0,0,0,0,0,0,0,,0,0,0.0,0.0,0,0,0.0,0,0,0,0,0.0,0.0
B-202512-31370,Booked,Travel Club International,Historic Sites Tour,Corporate,In-person,Full Package,Finance,Finance,Direct Inquiry,Low,2025-10-03,2025-10-29,12,2025-12-03,2025-12-05,2,61,18,36,23,1,Breakout Room,1,0,14,0.0,0.0,2,44.5,146.62,133.79,4816.44,489.36,0.0,5305.8,32,4281.28,489.36,0.0,4770.64,0.8888888888888888,0.0,,2025,12,4,61.8,38.2,0,126.46,139.11,265.57,0.0,139.11,2,66.7,6,18,0,0,1,2,2,8,0,0,1,Classroom,0,0,0.0,489.36,0,0,1191.86,0,0,0,0,0.0,0.57
B-202512-88737,Booked,Family Celebration,Family Reunion Weekend,Wedding/Social,In-person,Full Package,Social,Social/Private,Sales Call,Low,2025-03-26,2025-04-22,15,2025-12-04,2025-12-05,1,253,21,21,28,1,Breakout Room,1,1,12,1.0,12874.2,2,43.3,144.27,118.97,2498.37,413.35,4138.64,7050.36,12,1427.64,413.35,3941.56,5782.55,0.5714285714285714,140.77,,2025,12,4,71.9,28.1,1,146.62,145.56,292.18,218.86,145.96,1,0.0,21,0,0,0,1,2,1,8,0,0,1,Banquet,2,0,1.0,413.35,350,1260,2812.78,1,0,1,1,0.0,0.7
B-202512-58052,Booked,Senior Adventures,Regional Arts Tour,Corporate,In-person,Rooms Only,Trade/Manufacturing,Trade/Manufacturing,Direct Inquiry,Medium,2025-10-14,2025-10-31,13,2025-12-05,2025-12-07,2,52,30,60,33,0,,0,0,4,0.0,0.0,2,42.0,147.27,129.25,7755.0,0.0,0.0,7755.0,59,7625.75,0.0,0.0,7625.75,0.9833333333333332,0.0,,2025,12,4,66.3,33.7,1,120.19,127.76,247.95,247.95,127.76,2,20.0,24,30,0,0,0,0,0,0,0,0,0,,0,0,0.0,0.0,0,0,0.0,0,0,0,0,0.0,0.0
B-202512-75274,Booked,Veterans Group,Faith-Based Conference,SMERF,In-person,Full Package,Government,Government,Referral,Low,2025-09-16,2025-10-03,10,2025-12-06,2025-12-08,2,81,37,74,44,1,Half Ballroom,1,0,7,0.0,0.0,2,50.7,143.73,124.77,9232.98,1083.15,2920.3,13236.43,60,7486.2,1083.15,2781.24,11350.59,0.8108108108108109,63.21,,2025,12,4,62.4,37.6,1,124.48,143.92,268.4,246.2,143.92,2,2.7,36,37,0,0,1,4,2,16,1,0,1,Theater,2,0,1.0,1083.15,650,1880,3942.65,2,0,0,0,0.0,0.37
B-202512-35856,Booked,Industry Trade Group,Industry Forum,Association,In-person,Full Package,Trade/Manufacturing,Trade/Manufacturing,Direct Inquiry,Low,2025-04-24,2025-05-20,18,2025-12-08,2025-12-09,1,228,48,48,58,1,Half Ballroom,1,0,8,1.0,18539.65,2,44.5,143.45,123.45,5925.6,1144.24,4235.59,11305.43,33,4073.85,1144.24,4033.9,9251.99,0.6875,69.55,,2025,12,2,62.5,37.5,1,100.35,132.04,232.39,232.39,132.04,1,0.0,48,0,0,0,1,1,1,8,1,0,1,Classroom,2,0,2.0,1144.24,350,1300,2197.45,3,0,0,0,100.0,0.48
B-202512-39205,Booked,Technology Innovators,Management Training,Corporate,Hybrid,Full Package,Technology,Technology,Sales Call,Medium,2025-09-08,2025-10-01,14,2025-12-08,2025-12-10,2,91,45,90,56,1,Half Ballroom,1,1,9,0.0,0.0,4,49.5,148.75,126.6,11394.0,1394.39,8791.19,21579.58,77,9748.2,1394.39,8372.56,19515.15,0.8555555555555555,149.51,,2025,12,2,57.0,43.0,1,65.37,178.97,244.34,244.34,244.34,2,2.2,44,45,0,0,1,2,2,16,1,0,1,Theater,2,0,1.5,1394.39,500,2832,4537.45,3,0,0,0,100.0,0.47
B-202512-45501,Booked,Private Party,Milestone Birthday Party,Wedding/Social,In-person,Full Package,Social,Social/Private,Cvent,Low,2024-12-22,2025-02-12,38,2025-12-08,2025-12-09,1,351,26,26,28,1,Breakout Room,1,1,14,0.0,0.0,3,48.5,153.87,129.14,3357.64,454.06,3351.89,7163.59,14,1807.96,454.06,3192.28,5454.3,0.5384615384615384,114.01,,2025,12,2,56.0,44.0,0,3.27,145.07,148.34,0.0,145.07,1,0.0,26,0,0,0,1,1,1,4,0,0,1,Banquet,0,0,0.0,454.06,0,1540,2158.7,1,1,0,1,0.0,0.7
B-202512-70722,Booked,Pharmaceutical Partners,Management Training,Corporate,In-person,Meeting Only,Healthcare,Healthcare,Sales Call,Low,2025-10-21,2025-11-02,7,2025-12-08,2025-12-10,2,48,0,0,107,1,Half Ballroom,0,0,5,1.0,18775.38,2,45.8,140.87,0.0,0.0,1678.22,6351.15,8029.37,0,0.0,1678.22,6048.71,7726.93,,56.53,,2025,12,0,0.0,0.0,0,0.0,0.0,0.0,0.0,0.0,0,0.0,0,0,0,0,2,4,2,24,1,0,1,Theater,3,1,2.0,1678.22,1500,5322,8627.12,5,0,0,0,50.0,0.89
B-202512-37604,Booked,Private Individual,Charity Gala,Wedding/Social,In-person,Full Package,Social,Social/Private,Cvent,Medium,2025-03-21,2025-04-29,29,2025-12-09,2025-12-10,1,263,44,44,49,1,Half Ballroom,1,0,10,1.0,16604.0,1,40.9,150.06,133.39,5869.16,1201.53,6648.37,13719.06,28,3734.92,1201.53,6331.78,11268.23,0.6363636363636364,129.22,,2025,12,4,52.4,47.6,1,144.5,146.07,290.57,181.01,146.07,1,0.0,44,0,0,0,1,2,1,8,1,0,1,Banquet,2,0,1.5,1201.53,500,1320,2478.99,1,1,0,1,0.0,0.41
B-202512-69082,Booked,Global Industries,Innovation Workshop,Corporate,In-person,Full Package,Healthcare,Other,Direct Inquiry,High,2025-09-21,2025-10-08,8,2025-12-10,2025-12-13,3,80,49,147,60,1,Half Ballroom,1,0,9,1.0,49648.42,3,43.5,148.99,128.24,18851.28,1283.95,14312.34,34447.57,142,18210.08,1283.95,13630.8,33124.83,0.9659863945578232,227.18,,2025,12,3,55.9,44.1,1,124.87,143.6,268.47,183.75,268.47,2,6.0,42,49,47,0,1,3,3,24,1,0,1,Theater,3,1,2.0,1283.95,1150,4080,7003.98,5,0,0,0,100.0,0.5
B-202512-68779,Booked,Manufacturing Alliance,Sales Kickoff,Corporate,In-person,Full Package,Healthcare,Other,Sales Call,Medium,2025-10-08,2025-10-30,14,2025-12-13,2025-12-14,1,66,60,60,79,1,Half Ballroom,1,0,8,1.0,23673.62,2,45.2,151.58,140.24,8414.4,1304.94,3283.16,13002.5,48,6731.52,1304.94,3126.82,11163.28,0.8,39.58,,2025,12,2,71.7,28.3,1,95.86,151.44,247.3,247.3,151.44,1,0.0,60,0,0,0,1,1,1,8,1,0,1,Classroom,2,0,2.0,1304.94,350,960,1940.52,2,0,0,0,100.0,0.66
B-202512-79963,Booked,Energy Solutions,Town Hall Meeting,Corporate,Hybrid,Full Package,Finance,Other,Website,Low,2025-09-28,2025-10-13,8,2025-12-13,2025-12-14,1,76,55,55,72,1,Half Ballroom,1,0,7,0.0,0.0,4,43.9,147.6,123.94,6816.7,1213.69,3011.9,11042.29,48,5949.12,1213.69,2868.48,10031.29,0.8727272727272727,39.84,,2025,12,4,65.1,34.9,1,133.48,147.06,280.54,247.88,147.06,1,0.0,55,0,0,0,1,1,1,8,1,0,1,Theater,1,0,1.0,1213.69,150,720,1499.01,2,0,0,0,100.0,0.6
B-202512-96932,Booked,Private Individual,Williams-Brown Wedding,Wedding/Social,In-person,Full Package,Social,Social/Private,Sales Call,Low,2025-06-06,2025-07-26,40,2025-12-13,2025-12-14,1,190,51,51,65,1,Half Ballroom,1,0,10,0.0,0.0,3,41.4,147.68,133.46,6806.46,1392.6,8319.68,16518.74,29,3870.34,1392.6,7923.5,13186.44,0.5686274509803921,121.9,,2025,12,3,69.5,30.5,1,82.44,163.03,245.47,245.47,184.12,1,0.0,51,0,0,0,2,1,1,4,1,0,1,Reception,2,0,2.0,1392.6,350,1080,1768.52,1,0,1,1,0.0,0.54
B-202512-99797,Booked,Youth Organization,Church Retreat Weekend,SMERF,In-person,Meeting Only,SMERF,Social/Community,Cvent,Low,2025-10-07,2025-11-03,18,2025-12-13,2025-12-14,1,67,0,0,100,1,Half Ballroom,0,0,9,0.0,0.0,3,47.1,147.5,0.0,0.0,997.69,1736.7,2734.39,0,0.0,997.69,1654.0,2651.69,,16.54,,2025,12,0,0.0,0.0,0,0.0,0.0,0.0,0.0,0.0,0,0.0,0,0,0,0,1,4,1,16,1,0,1,Classroom,1,0,1.0,997.69,600,240,2145.11,1,0,0,0,0.0,0.83
B-202512-20001,Booked,Professional Services Group,Quarterly Business Review,Corporate,Virtual,Meeting Only,Professional Services,Other,Third-Party Planner,Low,2025-09-24,2025-10-17,13,2025-12-15,2025-12-17,2,82,0,0,37,1,Breakout Room,0,0,10,1.0,12349.8,2,37.6,148.54,0.0,0.0,544.07,5812.35,6356.42,0,0.0,544.07,5535.57,6079.64,,149.61,,2025,12,0,0.0,0.0,0,0.0,0.0,0.0,0.0,0.0,0,0.0,0,0,0,0,1,2,2,16,0,0,1,Classroom,2,0,1.5,544.07,500,3420,5864.93,3,0,0,0,100.0,0.93
B-202512-33810,Booked,HR Professionals Network,Industry Forum,Association,In-person,Full Package,Professional Services,Professional Services,RFP,High,2025-02-06,2025-03-09,18,2025-12-16,2025-12-19,3,313,78,234,95,1,Half Ballroom,1,0,13,0.0,0.0,4,42.3,145.47,123.01,28784.34,854.37,8646.33,38285.04,164,20173.64,854.37,8234.6,29262.61,0.7008547008547008,86.68,,2025,12,2,57.4,42.6,1,84.6,159.67,244.27,244.27,244.27,2,5.2,73,78,68,0,1,7,3,36,1,0,1,Theater,2,0,1.86,854.37,2250,6180,11250.55,5,0,0,0,28.6,0.79
B-202512-53331,Booked,Volunteer Network,Fraternity/Sorority Reunion,SMERF,In-person,Rooms Only,Other,Other,RFP,Low,2025-08-17,2025-09-08,15,2025-12-17,2025-12-18,1,122,37,37,40,0,,0,0,7,0.0,0.0,2,46.2,157.03,133.66,4945.42,0.0,0.0,4945.42,33,4410.78,0.0,0.0,4410.78,0.8918918918918919,0.0,,2025,12,2,56.6,43.4,0,25.65,126.14,151.79,0.0,126.14,1,0.0,37,0,0,0,0,0,0,0,0,0,0,,0,0,0.0,0.0,0,0,0.0,0,0,0,0,0.0,0.0
B-202512-67074,Booked,Private Individual,Charity Gala,Wedding/Social,In-person,Full Package,Social,Social/Private,Website,Low,2025-03-04,2025-03-29,14,2025-12-18,2025-12-19,1,289,22,22,26,1,Breakout Room,1,1,11,0.0,0.0,3,40.2,150.3,127.17,2797.74,422.42,4082.99,7303.15,13,1653.21,422.42,3888.56,5964.19,0.5909090909090909,149.56,,2025,12,4,71.1,28.9,1,92.32,125.7,218.02,218.02,125.7,1,0.0,22,0,0,0,1,1,1,4,0,0,1,Banquet,2,0,2.0,422.42,350,1430,2374.36,1,1,0,1,0.0,0.65
B-202512-89244,Booked,Nursing Council,Regional Chapter Meeting,Association,Hybrid,Rooms Only,Healthcare,Healthcare,Website,High,2025-06-23,2025-07-19,19,2025-12-18,2025-12-21,3,178,103,309,113,0,,0,0,7,1.0,61159.09,4,45.1,144.35,130.21,40234.89,0.0,0.0,40234.89,199,25911.79,0.0,0.0,25911.79,0.6440129449838188,0.0,,2025,12,2,57.5,42.5,0,15.64,125.71,141.35,0.0,125.71,2,4.8,99,103,91,0,0,0,0,0,0,0,0,,0,0,0.0,0.0,0,0,0.0,0,0,0,0,0.0,0.0
B-202512-95344,Booked,Private Individual,Bar/Bat Mitzvah,Wedding/Social,In-person,Full Package,Social,Social/Private,Direct Inquiry,Low,2024-12-24,2025-01-20,20,2025-12-18,2025-12-19,1,359,27,27,35,1,Breakout Room,1,1,7,0.0,0.0,2,45.4,138.73,113.88,3074.76,366.26,4349.36,7790.38,17,1935.96,366.26,4142.25,6444.47,0.6296296296296297,118.35,,2025,12,2,50.4,49.6,1,31.15,158.1,189.25,189.25,189.25,1,0.0,27,0,0,0,1,1,1,4,0,0,1,Reception,1,0,1.0,366.26,150,1925,2723.57,1,1,0,1,0.0,0.88
B-202512-19350,Booked,Regional Healthcare System,Board of Directors Meeting,Corporate,In-person,Full Package,Healthcare,Healthcare,Cvent,Low,2025-09-01,2025-09-22,9,2025-12-19,2025-12-20,1,109,36,36,49,1,Half Ballroom,1,1,12,1.0,13294.25,2,39.5,149.75,137.85,4962.6,1165.93,3751.22,9879.75,30,4135.5,1165.93,3572.59,8874.02,0.8333333333333334,72.91,,2025,12,2,64.2,35.8,0,133.31,161.19,294.5,0.0,294.5,1,0.0,36,0,0,0,1,1,1,8,1,0,1,Classroom,1,0,1.0,1165.93,150,2088,2872.61,4,0,0,0,100.0,0.41
B-202512-15301,Booked,Global Industries,Board of Directors Meeting,Corporate,In-person,Meeting Only,Technology,Other,Third-Party Planner,Low,2025-11-12,2025-12-01,12,2025-12-21,2025-12-23,2,39,0,0,59,1,Half Ballroom,0,0,7,1.0,17103.47,4,46.3,149.08,0.0,0.0,888.24,8640.17,9528.41,0,0.0,888.24,8228.73,9116.97,,139.47,,2025,12,0,0.0,0.0,0,0.0,0.0,0.0,0.0,0.0,0,0.0,0,0,0,0,1,2,2,16,1,0,1,Theater,1,0,1.0,888.24,300,2568,4093.45,4,0,0,0,100.0,0.49
B-202512-73870,Booked,Regional Healthcare System,Annual Sales Conference,Corporate,Hybrid,Full Package,Healthcare,Healthcare,Repeat Client,High,2025-07-29,2025-08-19,10,2025-12-21,2025-12-23,2,145,78,156,106,1,Half Ballroom,1,0,11,1.0,47994.53,2,47.0,152.44,131.28,20479.68,1463.23,6832.71,28775.62,147,19298.16,1463.23,6507.34,27268.73,0.9423076923076924,61.39,,2025,12,4,70.9,29.1,1,135.05,142.12,277.17,234.46,142.12,2,15.4,66,78,0,0,2,5,2,24,1,0,1,Classroom,3,1,2.2,1463.23,2050,4818,8744.12,5,0,0,0,20.0,0.88
B-202512-35624,Booked,Travel Club International,Culinary Tour Group,Corporate,In-person,Full Package,Trade/Manufacturing,Trade/Manufacturing,Direct Inquiry,High,2025-10-05,2025-10-26,10,2025-12-23,2025-12-24,1,79,26,26,36,1,Breakout Room,1,0,11,0.0,0.0,3,41.8,148.85,126.28,3283.28,379.0,0.0,3662.28,25,3157.0,379.0,0.0,3536.0,0.9615384615384616,0.0,,2025,12,3,59.2,40.8,1,79.85,140.52,220.37,220.37,140.52,1,0.0,26,0,0,0,1,1,1,4,0,0,1,Banquet,1,0,1.0,379.0,150,0,702.91,0,0,0,0,0.0,0.9
B-202512-82456,Booked,TechCorp Solutions,Customer Advisory Board,Corporate,In-person,Full Package,Technology,Technology,Third-Party Planner,Low,2025-09-08,2025-10-02,14,2025-12-23,2025-12-25,2,106,25,50,33,1,Breakout Room,1,0,10,1.0,21150.43,2,46.4,142.27,130.28,6514.0,558.72,4864.86,11937.58,41,5341.48,558.72,4633.2,10533.4,0.82,140.4,,2025,12,3,51.5,48.5,1,124.15,169.58,293.73,250.56,250.56,2,0.0,25,25,0,0,1,2,2,16,0,0,1,Classroom,3,1,3.0,558.72,1300,4620,7936.06,4,0,0,0,100.0,0.82
B-202512-88404,Booked,Accounting Institute,Networking Summit,Association,Hybrid,Full Package,Finance,Finance,Referral,High,2025-03-07,2025-04-16,27,2025-12-23,2025-12-25,2,291,77,154,101,1,Half Ballroom,1,1,13,0.0,0.0,1,53.1,141.06,122.28,18831.12,1039.39,7120.2,26990.71,112,13695.36,1039.39,6781.14,21515.89,0.7272727272727273,67.14,,2025,12,4,51.9,48.1,1,92.8,131.01,223.81,223.81,131.01,2,10.4,69,77,0,0,1,4,2,24,1,0,1,Classroom,2,0,1.75,1039.39,1200,3784,6793.24,4,0,0,0,50.0,0.84
B-202512-38876,Booked,Consulting Network,Performance Review Summit,Corporate,In-person,Meeting Only,Professional Services,Professional Services,Sales Call,Low,2025-09-20,2025-10-07,7,2025-12-24,2025-12-26,2,95,0,0,83,1,Half Ballroom,0,1,10,0.0,0.0,2,42.4,150.68,0.0,0.0,984.26,5595.03,6579.29,0,0.0,984.26,5328.6,6312.86,,64.2,,2025,12,0,0.0,0.0,0,0.0,0.0,0.0,0.0,0.0,0,0.0,0,0,0,0,1,4,2,24,1,0,1,Classroom,3,1,2.0,984.26,1500,3324,6691.87,5,0,0,0,50.0,0.69
B-202512-92434,Booked,Real Estate Board,Continuing Education Conference,Association,In-person,Full Package,Government,Government,Cvent,High,2025-05-22,2025-06-15,15,2025-12-26,2025-12-29,3,218,77,231,92,1,Half Ballroom,1,0,9,1.0,58836.59,1,43.9,143.95,128.43,29667.33,1085.72,7790.79,38543.84,160,20548.8,1085.72,7419.8,29054.32,0.6926406926406926,80.65,,2025,12,3,54.3,45.7,0,31.0,129.11,160.11,0.0,148.39,2,4.0,70,77,76,0,1,7,3,36,1,0,1,Classroom,3,1,1.86,1085.72,2350,3880,9103.03,4,0,0,0,28.6,0.77
B-202512-48187,Booked,Faith Community,Church Retreat Weekend,SMERF,In-person,Full Package,Other,Other,Direct Inquiry,Low,2025-10-23,2025-11-24,20,2025-12-28,2025-12-29,1,66,21,21,28,1,Breakout Room,1,0,12,0.0,0.0,2,49.5,149.98,123.66,2596.86,589.23,555.37,3741.46,18,2225.88,589.23,528.92,3344.03,0.8571428571428571,18.89,,2025,12,3,68.4,31.6,1,128.46,145.47,273.93,185.12,145.47,1,0.0,21,0,0,0,1,1,1,8,0,0,1,Classroom,2,0,2.0,589.23,350,336,1708.51,1,0,0,0,100.0,0.7
B-202512-67349,Booked,Consulting Network,Town Hall Meeting,Corporate,In-person,Full Package,Professional Services,Professional Services,Website,High,2025-10-01,2025-10-22,12,2025-12-30,2026-01-01,2,90,70,140,79,1,Half Ballroom,1,0,9,1.0,36509.35,2,42.7,151.28,127.96,17914.4,974.62,12326.37,31215.39,116,14843.36,974.62,11739.4,27557.38,0.8285714285714286,148.6,,2025,12,2,63.2,36.8,0,16.75,136.0,152.75,0.0,136.0,2,14.3,60,70,0,0,1,2,2,16,1,0,1,Classroom,3,1,3.0,974.62,1300,3648,6160.41,5,0,0,0,100.0,0.66
