RFP_ID,Status,Account_Name,Event_Name,Event_Type,Event_Format,Event_Configuration,Market_Segment,Organization_Industry,Lead_Source,Client_Priority,Inquiry_Date,Decision_Date,Decision_Days,Arrival_Date,Departure_Date,Nights,Lead_Time,Peak_Room_Block,Total_Room_Nights_Requested,Attendees,Has_Meeting_Space,Meeting_Spaces,Has_FnB_Requirements,Has_Special_Requirements,Response_Due_Days,Budget_Provided,Budget_Amount,Destinations_Considered,Forecasted_Occupancy,Baseline_ADR,Quoted_ADR,Proposed_Room_Revenue,Proposed_Meeting_Revenue,Proposed_FnB_Revenue,Proposed_Total_Revenue,Actual_Room_Nights,Actual_Room_Revenue,Actual_Meeting_Revenue,Actual_FnB_Revenue,Actual_Total_Revenue,Actual_Pickup_Rate,Actual_FnB_Per_Person,Lost_Reason,Year,Month,Num_Room_Types,Pct_Standard_Rooms,Pct_Premium_Rooms,Has_Suites,Rate_Spread,Min_Room_Rate,Max_Room_Rate,Suite_Rate,Standard_Rate,Peak_Night_Index,Night_Variance_Pct,Rooms_Night_1,Rooms_Night_2,Rooms_Night_3,Rooms_Night_4,Num_Meeting_Rooms,Num_Sessions,Num_Meeting_Days,Total_Meeting_Hours,Uses_Ballroom,Uses_Boardroom,Num_Setup_Styles,Primary_Setup,Max_AV_Level,Has_Premium_AV,Avg_AV_Level,Total_Room_Rental,Total_AV_Cost,Total_Session_FnB,Total_Meeting_Cost,Num_FnB_Types,Has_Dinner,Has_Reception,Has_Evening_Session,Full_Day_Pct,Avg_Room_Utilization,ADR_Discount_Pct,Revenue_Per_Room_Night,Rooms_Per_Attendee,Meeting_Space_Ratio,Demand_Tier,Is_Compression_Date,Day_of_Week_Arrival,Arrival_DOW_Name,Is_Weekend_Arrival,Is_Repeat_Client,Flag_Missing_Rate_Target,Flag_Short_Response_Window,Flag_Rate_Below_Baseline,Account_Prior_Events,Account_Prior_Booked,Account_Prior_Revenue,Account_Win_Rate,Is_First_Time_Account,Has_Prior_Decline,Rooms_Available_Peak_Date,Displacement_Risk_Score,Displacement_Risk_Level,Flag_High_Displacement,Flag_Date_Conflict,Completeness_Score,Urgency_Index
B-202301-62227,Booked,Veterans Group,Sports Team Tournament,SMERF,In-person,Full Package,Government,Government,Third-Party Planner,Medium,2022-10-04,2022-11-03,16,2023-01-01,2023-01-02,1,89,73,73,86,1,Half Ballroom,1,1,14,0.0,0.0,4,53.2,150.95,114.04,8324.92,1444.6,927.02,10696.54,58,6614.32,1444.6,882.88,8941.8,0.7945205479452054,10.266,,2023,1,3,60.6,39.4,1,101.42,109.64,211.06,211.06,109.64,1,0.0,73,0,0,0,2,4,1,16,1,0,1,Theater,2,0,1.25,1444.6,850,240,2426.73,1,0,0,0,0.0,0.72,24.45,146.53,0.849,0.233,Low,0,6,Sun,1,0,1,0,1,0,0,0.0,,1,0,147,0.497,Moderate,0,0,93.3,0.1573
B-202301-54473,Booked,HR Professionals Network,Annual Member Conference,Association,Hybrid,Full Package,Professional Services,Professional Services,Repeat Client,High,2022-03-21,2022-04-24,24,2023-01-02,2023-01-05,3,287,94,282,110,1,Half Ballroom,1,0,10,0.0,0.0,1,48.6,146.04,105.63,29787.66,1071.84,6920.3,37779.8,195,20597.85,1071.84,6590.76,28260.45,0.6914893617021277,19.972,,2023,1,2,58.3,41.7,1,87.74,109.52,197.26,197.26,109.52,2,5.2,82,94,87,0,1,6,3,36,1,0,1,Classroom,3,1,1.83,1071.84,2000,6340,11079.97,5,0,0,0,50.0,0.92,27.67,133.97,0.855,0.091,Low,0,0,Mon,0,1,1,0,1,0,0,0.0,,1,0,0,,Unknown,0,1,93.3,0.0348
B-202301-75909,Booked,Legal Society,State Convention,Association,Virtual,Full Package,Legal,Legal,Direct Inquiry,High,2022-06-30,2022-08-05,24,2023-01-02,2023-01-05,3,186,71,213,81,1,Half Ballroom,1,1,12,1.0,73490.31,2,49.0,150.43,114.01,24284.13,1423.1,4930.52,30637.75,168,19153.68,1423.1,4695.73,25272.51,0.7887323943661971,19.324,,2023,1,4,56.6,43.4,1,84.37,102.78,187.15,187.15,102.78,2,1.8,70,71,68,0,2,8,3,36,1,0,1,Classroom,3,1,1.88,1423.1,2700,6012,11594.45,5,0,0,0,12.5,0.68,24.21,143.84,0.877,0.247,Low,0,0,Mon,0,0,0,0,1,0,0,0.0,,1,0,0,,Unknown,0,1,100.0,0.0645
B-202301-24371,Booked,Insurance Federation,Professional Development Symposium,Association,In-person,Full Package,Finance,Finance,RFP,Medium,2022-06-19,2022-07-24,27,2023-01-03,2023-01-05,2,198,56,112,72,1,Half Ballroom,1,0,8,1.0,39071.75,3,54.1,145.51,119.86,13424.32,1392.67,7612.77,22429.76,90,10787.4,1392.67,7250.26,19430.33,0.8035714285714286,50.349,,2023,1,3,68.2,31.8,1,41.05,134.48,175.53,175.53,134.48,2,12.5,49,56,0,0,2,2,2,16,1,0,1,Theater,1,0,1.0,1392.67,300,2800,4231.75,5,0,0,0,100.0,0.6,17.63,200.27,0.778,0.278,Low,0,1,Tue,0,0,0,0,1,0,0,0.0,,1,0,0,,Unknown,0,1,100.0,0.0404
B-202301-31174,Booked,Accounting Institute,Awards Gala Weekend,Association,In-person,Full Package,Finance,Finance,Third-Party Planner,Medium,2022-04-12,2022-05-08,16,2023-01-05,2023-01-08,3,268,59,177,81,1,Half Ballroom,1,0,10,0.0,0.0,2,45.3,149.36,107.54,19034.58,1677.51,5105.55,25817.64,113,12152.02,1677.51,4862.43,18691.96,0.6384180790960452,20.01,,2023,1,4,58.7,41.3,1,130.14,113.81,243.95,208.93,113.81,2,6.2,55,59,50,0,2,6,3,36,1,0,1,Theater,3,1,2.17,1677.51,2500,5552,10825.17,5,0,0,0,50.0,0.68,28.0,145.86,0.728,0.247,Low,0,3,Thu,0,0,1,0,1,0,0,0.0,,1,0,161,0.366,Moderate,0,0,93.3,0.0373
B-202301-98696,Booked,Social Event,Milestone Birthday Party,Wedding/Social,Hybrid,Rooms Only,Social,Social/Private,Third-Party Planner,Medium,2022-07-19,2022-08-13,22,2023-01-05,2023-01-06,1,170,33,33,36,0,,0,0,3,1.0,3902.88,4,46.5,152.15,114.9,3791.7,0.0,0.0,3791.7,18,2068.2,0.0,0.0,2068.2,0.5454545454545454,0.0,,2023,1,3,69.4,30.6,1,76.06,120.59,196.65,196.65,120.59,1,0.0,33,0,0,0,0,0,0,0,0,0,0,,0,0,0.0,0.0,0,0,0.0,0,0,0,0,0.0,0.0,24.48,114.9,0.917,0.0,Low,0,3,Thu,0,0,0,1,1,0,0,0.0,,1,0,128,0.258,Moderate,0,0,100.0,0.0176
B-202301-13478,Booked,Global Industries,Annual Sales Conference,Corporate,Hybrid,Full Package,Technology,Other,Third-Party Planner,Medium,2022-10-16,2022-11-04,12,2023-01-08,2023-01-10,2,84,72,144,83,1,Half Ballroom,1,0,7,0.0,0.0,4,49.5,145.43,114.41,16475.04,1321.36,3108.64,20905.04,135,15445.35,1321.36,2960.61,19727.32,0.9375,17.835,,2023,1,3,62.9,37.1,1,79.72,119.68,199.4,199.4,119.68,2,9.7,65,72,0,0,1,5,2,24,1,0,1,Theater,2,0,1.8,1321.36,1550,4494,7996.83,5,0,0,0,20.0,0.69,21.33,145.17,0.867,0.12,Low,0,6,Sun,1,0,1,0,1,0,0,0.0,,1,0,0,,Unknown,0,1,93.3,0.0833
B-202301-14117,Booked,Banking Consortium,Leadership Summit,Corporate,In-person,Meeting Only,Finance,Finance,Direct Inquiry,Low,2022-11-15,2022-12-03,9,2023-01-08,2023-01-10,2,54,0,0,34,1,Breakout Room,0,1,9,1.0,11238.08,3,47.7,148.92,0.0,0.0,351.69,3033.93,3385.62,0,0.0,351.69,2889.46,3241.15,,42.492,,2023,1,0,0.0,0.0,0,0.0,0.0,0.0,0.0,0.0,0,0.0,0,0,0,0,1,2,2,16,0,0,1,Classroom,2,0,2.0,351.69,700,4420,7092.61,3,0,0,0,100.0,0.85,100.0,,0.0,0.294,Low,0,6,Sun,1,0,0,0,1,0,0,0.0,,1,0,33,0.0,Low,0,0,86.7,0.1667
B-202301-63354,Booked,Accounting Institute,State Convention,Association,In-person,Full Package,Finance,Finance,RFP,High,2022-02-26,2022-03-31,25,2023-01-08,2023-01-10,2,316,64,128,72,1,Half Ballroom,1,0,8,1.0,37413.19,3,52.1,153.35,119.38,15280.64,1853.97,7469.43,24604.04,89,10624.82,1853.97,7113.74,19592.53,0.6953125,49.401,,2023,1,2,74.9,25.1,0,13.55,123.97,137.52,0.0,123.97,2,10.9,57,64,0,0,2,2,2,16,1,0,1,Classroom,2,0,1.5,1853.97,500,2840,4513.27,4,0,0,0,100.0,0.6,22.15,192.22,0.889,0.278,Low,0,6,Sun,1,0,0,0,1,1,1,18691.96,1.0,0,0,0,,Unknown,0,1,100.0,0.0253
B-202301-84364,Booked,Legal Society,Regional Chapter Meeting,Association,Hybrid,Full Package,Legal,Legal,Referral,Medium,2022-02-22,2022-03-21,14,2023-01-08,2023-01-11,3,320,51,153,57,1,Half Ballroom,1,1,13,1.0,43376.65,1,48.5,149.92,107.94,16514.82,1384.39,7377.71,25276.92,113,12197.22,1384.39,7026.39,20608.0,0.738562091503268,41.09,,2023,1,2,64.3,35.7,1,37.69,157.16,194.85,194.85,194.85,2,8.8,40,51,45,0,1,3,3,24,1,0,1,Banquet,2,0,1.33,1384.39,650,4080,6507.65,5,0,0,0,100.0,0.47,28.0,165.21,0.895,0.175,Low,0,6,Sun,1,0,0,0,1,1,1,25272.51,1.0,0,0,0,,Unknown,0,1,100.0,0.0406
B-202301-24168,Booked,Technology Innovators,Town Hall Meeting,Corporate,In-person,Full Package,Technology,Technology,Third-Party Planner,High,2022-11-18,2022-12-10,14,2023-01-09,2023-01-11,2,52,114,228,155,1,Grand Ballroom,1,1,8,0.0,0.0,2,44.4,155.51,111.97,25529.16,2243.7,15083.02,42855.88,203,22729.91,2243.7,14364.78,39338.39,0.8903508771929824,46.338,,2023,1,3,57.2,42.8,0,136.96,110.36,247.32,0.0,110.36,2,7.9,105,114,0,0,1,2,2,16,1,0,1,Classroom,3,1,3.0,2243.7,1300,25110,31243.84,4,0,0,0,100.0,0.65,28.0,187.96,0.735,0.065,Low,0,0,Mon,0,0,1,0,1,0,0,0.0,,1,0,55,1.0,High,1,1,93.3,0.1538
B-202301-84341,Booked,Pharmaceutical Partners,Town Hall Meeting,Corporate,In-person,Full Package,Healthcare,Healthcare,Sales Call,Low,2022-09-15,2022-10-01,7,2023-01-09,2023-01-10,1,116,39,39,45,1,Half Ballroom,1,1,9,0.0,0.0,3,48.3,143.36,106.96,4171.44,1246.56,2155.16,7573.16,36,3850.56,1246.56,2052.54,7149.66,0.9230769230769232,45.612,,2023,1,2,52.4,47.6,1,99.47,154.18,253.65,154.18,253.65,1,0.0,39,0,0,0,1,1,1,8,1,0,1,Classroom,2,0,2.0,1246.56,350,1248,2257.06,3,0,0,0,100.0,0.38,25.39,194.18,0.867,0.222,Low,0,0,Mon,0,0,1,0,1,0,0,0.0,,1,0,0,,Unknown,0,1,93.3,0.0776
B-202301-89507,Booked,Private Party,Williams-Brown Wedding,Wedding/Social,In-person,Full Package,Social,Social/Private,Cvent,Low,2022-05-22,2022-06-16,17,2023-01-09,2023-01-10,1,232,20,20,27,1,Breakout Room,1,1,8,0.0,0.0,3,50.5,153.38,110.43,2208.6,528.97,2106.18,4843.75,11,1214.73,528.97,2005.88,3749.58,0.55,74.292,,2023,1,3,55.0,45.0,1,138.58,113.53,252.11,155.07,113.53,1,0.0,20,0,0,0,1,1,1,4,0,0,1,Reception,2,0,2.0,528.97,350,1485,2469.24,1,1,0,1,0.0,0.68,28.0,242.19,0.741,0.37,Low,0,0,Mon,0,0,1,0,1,0,0,0.0,,1,0,0,,Unknown,0,1,93.3,0.0345
B-202301-67433,Booked,Professional Engineers Society,Certification Training,Association,Hybrid,Meeting Only,Association,Other,Third-Party Planner,Low,2022-04-17,2022-05-06,14,2023-01-12,2023-01-14,2,270,0,0,115,1,Half Ballroom,0,1,5,0.0,0.0,3,47.1,155.93,0.0,0.0,1258.37,4644.77,5903.14,0,0.0,1258.37,4423.59,5681.96,,19.233,,2023,1,0,0.0,0.0,0,0.0,0.0,0.0,0.0,0.0,0,0.0,0,0,0,0,1,6,2,24,1,0,1,Theater,3,1,2.33,1258.37,2800,4712,9571.24,5,0,0,0,0.0,0.96,100.0,,0.0,0.087,Low,0,3,Thu,0,0,1,1,1,0,0,0.0,,1,0,187,0.0,Low,0,0,80.0,0.0185
B-202301-97841,Booked,Service Club,Military Reunion,SMERF,In-person,Full Package,SMERF,Social/Community,Cvent,Low,2022-08-28,2022-09-26,16,2023-01-12,2023-01-13,1,137,33,33,43,1,Half Ballroom,1,0,13,0.0,0.0,2,45.5,151.53,109.1,3600.3,1301.76,726.28,5628.34,27,2945.7,1301.76,691.7,4939.16,0.8181818181818182,16.086,,2023,1,3,73.2,26.8,0,12.57,113.84,126.41,0.0,113.84,1,0.0,33,0,0,0,1,2,1,8,1,0,1,Classroom,1,0,1.0,1301.76,300,940,1944.12,2,0,0,0,0.0,0.36,28.0,170.56,0.767,0.233,Low,0,3,Thu,0,0,1,0,1,0,0,0.0,,1,0,187,0.176,Low,0,0,93.3,0.0949
B-202301-93886,Booked,Social Event,Anniversary Celebration,Wedding/Social,In-person,Full Package,Social,Social/Private,RFP,Low,2022-02-07,2022-03-05,18,2023-01-13,2023-01-14,1,340,36,36,41,1,Half Ballroom,1,0,8,0.0,0.0,2,45.9,153.71,110.67,3984.12,1318.29,3373.4,8675.81,20,2213.4,1318.29,3212.76,6744.45,0.5555555555555556,78.36,,2023,1,2,59.8,40.2,1,27.58,122.46,150.04,150.04,122.46,1,0.0,36,0,0,0,1,1,1,4,1,0,1,Banquet,0,0,0.0,1318.29,0,1320,1670.75,1,1,0,1,0.0,0.34,28.0,240.99,0.878,0.244,Low,0,4,Fri,1,0,1,0,1,1,1,2068.2,1.0,0,0,184,0.196,Low,0,0,93.3,0.0235
B-202301-38016,Booked,Heritage Travel,Regional Arts Tour,SMERF,In-person,Full Package,SMERF,SMERF,Cvent,Medium,2022-11-19,2022-12-11,14,2023-01-14,2023-01-15,1,56,13,13,17,1,Breakout Room,0,0,8,1.0,3391.41,1,46.5,139.47,100.42,1305.46,581.88,0.0,1887.34,11,1104.62,581.88,0.0,1686.5,0.8461538461538461,0.0,,2023,1,4,65.4,34.6,1,98.22,118.78,217.0,159.04,118.78,1,0.0,13,0,0,0,1,1,1,4,0,0,1,Banquet,0,0,0.0,581.88,0,0,657.41,0,0,0,0,0.0,0.42,28.0,145.18,0.765,0.588,Low,0,5,Sat,1,0,0,0,1,0,0,0.0,,1,0,130,0.1,Low,0,0,100.0,0.1429
B-202301-82845,Booked,Real Estate Board,Leadership Institute,Association,In-person,Full Package,Government,Government,Referral,Medium,2022-05-11,2022-06-10,22,2023-01-14,2023-01-16,2,248,77,154,88,1,Half Ballroom,1,0,8,1.0,57150.39,2,49.0,158.39,114.04,17562.16,1238.61,3218.84,22019.61,106,12088.24,1238.61,3065.57,16392.42,0.6883116883116883,17.418,,2023,1,4,51.9,48.1,1,112.08,122.53,234.61,150.29,122.53,2,7.8,71,77,0,0,1,6,2,24,1,0,1,Theater,3,1,2.0,1238.61,2300,2940,7282.62,4,0,0,0,0.0,0.73,28.0,142.98,0.875,0.114,Low,0,5,Sat,1,0,0,0,1,0,0,0.0,,1,0,98,0.786,High,1,0,100.0,0.0323
B-202301-44522,Booked,Private Party,Milestone Birthday Party,Wedding/Social,Hybrid,Full Package,Social,Social/Private,Cvent,Medium,2022-07-09,2022-08-30,41,2023-01-15,2023-01-16,1,190,45,45,59,1,Half Ballroom,1,1,11,1.0,13813.94,1,50.9,150.03,108.02,4860.9,1112.35,5534.24,11507.49,25,2700.5,1112.35,5270.71,9083.56,0.5555555555555556,89.334,,2023,1,4,59.8,40.2,1,128.41,122.22,250.63,204.18,123.2,1,0.0,45,0,0,0,1,2,1,8,1,0,1,Banquet,1,0,1.0,1112.35,300,1320,2315.84,1,1,0,1,0.0,0.49,28.0,255.72,0.763,0.169,Low,0,6,Sun,1,0,0,0,1,1,1,3749.58,1.0,0,0,98,0.459,Moderate,0,0,100.0,0.0579
B-202301-19862,Booked,Banking Consortium,Customer Advisory Board,Corporate,In-person,Full Package,Finance,Finance,Sales Call,Medium,2022-09-24,2022-10-13,9,2023-01-18,2023-01-20,2,116,48,96,60,1,Half Ballroom,1,1,10,1.0,29601.63,2,46.6,145.54,105.34,10112.64,1055.65,5415.98,16584.27,84,8848.56,1055.65,5158.08,15062.29,0.875,42.984,,2023,1,3,59.5,40.5,1,26.35,108.63,134.98,134.98,123.73,2,10.4,43,48,0,0,1,2,2,16,1,0,1,Banquet,2,0,2.0,1055.65,700,2568,4377.37,4,0,0,0,100.0,0.5,27.62,172.75,0.8,0.167,Low,0,2,Wed,0,0,0,0,1,1,1,3241.15,1.0,0,0,172,0.279,Moderate,0,0,100.0,0.0862
B-202301-46265,Booked,State Medical Association,Continuing Education Conference,Association,In-person,Full Package,Healthcare,Healthcare,Repeat Client,High,2022-03-21,2022-04-29,28,2023-01-21,2023-01-23,2,306,83,166,91,1,Half Ballroom,1,0,11,0.0,0.0,2,47.4,152.24,109.61,18195.26,1152.53,3753.97,23101.76,106,11618.66,1152.53,3575.21,16346.4,0.6385542168674698,19.644,,2023,1,4,72.1,27.9,1,40.91,106.27,147.18,147.18,106.27,2,14.5,71,83,0,0,1,5,2,24,1,0,1,Classroom,2,0,1.6,1152.53,1350,4440,7795.11,5,0,0,0,20.0,0.76,28.0,139.17,0.912,0.11,Low,0,5,Sat,1,1,1,0,1,0,0,0.0,,1,0,137,0.606,High,1,0,93.3,0.0359
B-202301-46421,Booked,TechCorp Solutions,Town Hall Meeting,Corporate,Hybrid,Full Package,Technology,Technology,Cvent,Medium,2022-10-26,2022-11-20,14,2023-01-23,2023-01-24,1,89,36,36,41,1,Half Ballroom,1,1,11,1.0,10446.8,3,49.5,143.52,105.38,3793.68,1350.92,1888.95,7033.55,29,3056.02,1350.92,1799.0,6205.94,0.8055555555555556,43.878,,2023,1,3,54.3,45.7,1,95.97,105.61,201.58,201.58,105.61,1,0.0,36,0,0,0,1,1,1,8,1,0,1,Classroom,3,1,3.0,1350.92,650,1248,2442.24,3,0,0,0,100.0,0.34,26.57,195.38,0.878,0.244,Low,0,0,Mon,0,0,0,0,1,0,0,0.0,,1,0,144,0.25,Moderate,0,0,100.0,0.1236
B-202301-93130,Booked,Personal Event,Milestone Birthday Party,Wedding/Social,In-person,Rooms Only,Social,Social/Private,Third-Party Planner,Low,2022-06-08,2022-07-07,25,2023-01-23,2023-01-24,1,229,16,16,17,0,,0,0,4,0.0,0.0,3,51.5,154.53,112.26,1796.16,0.0,0.0,1796.16,10,1122.6,0.0,0.0,1122.6,0.625,0.0,,2023,1,2,51.2,48.8,1,78.27,117.37,195.64,195.64,117.37,1,0.0,16,0,0,0,0,0,0,0,0,0,0,,0,0,0.0,0.0,0,0,0.0,0,0,0,0,0.0,0.0,27.35,112.26,0.941,0.0,Low,0,0,Mon,0,0,1,1,1,0,0,0.0,,1,0,144,0.111,Low,0,0,93.3,0.0175
B-202301-96673,Booked,Pharmaceutical Partners,Performance Review Summit,Corporate,In-person,Full Package,Healthcare,Healthcare,Third-Party Planner,Low,2022-10-09,2022-10-29,8,2023-01-23,2023-01-25,2,106,24,48,31,1,Breakout Room,1,1,12,0.0,0.0,1,46.7,148.68,107.05,5138.4,520.38,3268.15,8926.93,42,4496.1,520.38,3112.52,8129.0,0.875,50.202,,2023,1,3,70.0,30.0,1,71.37,118.43,189.8,189.8,118.43,2,33.3,16,24,0,0,1,2,2,16,0,0,1,Classroom,2,0,1.5,520.38,500,4712,7352.36,5,0,0,0,100.0,0.78,28.0,185.98,0.774,0.323,Low,0,0,Mon,0,0,1,0,1,1,1,7149.66,1.0,0,0,157,0.153,Low,0,0,93.3,0.1132
B-202301-86484,Booked,Social Event,Williams-Brown Wedding,Wedding/Social,In-person,Rooms Only,Social,Social/Private,Referral,Low,2022-08-27,2022-10-07,35,2023-01-24,2023-01-25,1,150,39,39,42,0,,0,1,6,1.0,6252.64,1,49.1,144.94,104.36,4070.04,0.0,0.0,4070.04,25,2609.0,0.0,0.0,2609.0,0.6410256410256411,0.0,,2023,1,2,59.2,40.8,1,20.66,125.38,146.04,146.04,125.38,1,0.0,39,0,0,0,0,0,0,0,0,0,0,,0,0,0.0,0.0,0,0,0.0,0,0,0,0,0.0,0.0,28.0,104.36,0.929,0.0,Low,0,1,Tue,0,0,0,0,1,2,2,8812.65,1.0,0,0,157,0.248,Low,0,0,100.0,0.04
B-202301-70217,Booked,Accounting Institute,Certification Training,Association,In-person,Full Package,Finance,Finance,Referral,Low,2022-05-13,2022-06-14,25,2023-01-26,2023-01-28,2,258,15,30,17,1,Breakout Room,1,1,7,0.0,0.0,2,45.3,152.61,109.88,3296.4,473.65,1776.36,5546.41,22,2417.36,473.65,1691.77,4582.78,0.7333333333333333,49.758,,2023,1,4,57.5,42.5,1,56.7,105.41,162.11,162.11,109.53,2,20.0,12,15,0,0,1,2,2,16,0,0,1,Theater,2,0,2.0,473.65,700,1819,4451.02,4,0,0,0,100.0,0.42,28.0,184.88,0.882,0.588,Low,0,3,Thu,0,0,1,0,1,2,2,38284.49,1.0,0,0,205,0.073,Low,0,0,93.3,0.0271
B-202301-25860,Booked,Family Celebration,Graduation Celebration,Wedding/Social,In-person,Full Package,Social,Social/Private,RFP,Low,2022-02-01,2022-03-21,41,2023-01-29,2023-01-30,1,362,11,11,12,1,Boardroom,1,1,7,0.0,0.0,2,46.8,153.82,110.75,1218.25,398.69,1014.55,2631.49,6,664.5,398.69,966.24,2029.43,0.5454545454545454,80.52,,2023,1,2,55.7,44.3,0,101.08,126.46,227.54,0.0,126.46,1,0.0,11,0,0,0,1,2,1,8,0,1,1,Boardroom,2,0,1.0,398.69,350,540,2086.71,1,0,1,1,0.0,0.86,28.0,239.23,0.917,0.833,Low,0,6,Sun,1,0,1,0,1,0,0,0.0,,1,0,162,0.068,Low,0,0,93.3,0.0193
B-202301-99399,Booked,Pharmaceutical Partners,Executive Offsite,Corporate,In-person,Rooms Only,Healthcare,Healthcare,Direct Inquiry,Medium,2022-12-30,2023-01-14,10,2023-01-29,2023-01-31,2,30,47,94,51,0,,0,0,5,0.0,0.0,1,45.3,148.04,117.91,11083.54,0.0,0.0,11083.54,80,9432.8,0.0,0.0,9432.8,0.851063829787234,0.0,,2023,1,4,63.9,36.1,1,121.27,122.71,243.98,194.36,122.71,2,23.4,36,47,0,0,0,0,0,0,0,0,0,,0,0,0.0,0.0,0,0,0.0,0,0,0,0,0.0,0.0,20.35,117.91,0.922,0.0,Low,0,6,Sun,1,0,1,1,1,2,2,15278.66,1.0,0,0,60,0.783,High,1,0,93.3,0.1667
B-202301-97782,Booked,Accounting Institute,Networking Summit,Association,In-person,Full Package,Finance,Finance,Website,High,2022-05-19,2022-06-17,15,2023-01-30,2023-02-02,3,256,113,339,132,1,Grand Ballroom,1,1,14,0.0,0.0,2,48.7,145.69,106.22,36008.58,2009.0,16670.26,54687.84,266,28254.52,2009.0,15876.43,46139.95,0.7846607669616519,40.092,,2023,1,2,53.5,46.5,1,72.9,124.94,197.84,197.84,124.94,2,2.7,106,113,112,0,2,3,3,24,1,0,1,Classroom,2,0,2.0,2009.0,1050,25608,34207.34,5,0,0,0,100.0,0.55,27.09,161.32,0.856,0.152,Low,0,0,Mon,0,0,1,0,1,3,3,42867.27,1.0,0,0,84,1.0,High,1,1,93.3,0.0547
B-202301-44237,Booked,Insurance Federation,Policy Symposium,Association,In-person,Full Package,Finance,Finance,Website,Low,2022-05-03,2022-06-06,23,2023-01-31,2023-02-03,3,273,23,69,29,1,Breakout Room,1,0,11,0.0,0.0,3,50.9,149.06,107.32,7405.08,564.6,4341.13,12310.81,43,4614.76,564.6,4134.41,9313.77,0.6231884057971014,47.522,,2023,1,3,50.7,49.3,0,107.01,123.23,230.24,0.0,126.18,2,14.3,20,23,15,0,1,3,3,24,0,0,1,Classroom,2,0,2.0,564.6,1050,4988,9212.45,4,0,0,0,100.0,0.72,28.0,178.42,0.793,0.345,Low,0,1,Tue,0,0,1,0,1,1,1,19430.33,1.0,0,0,66,0.348,Moderate,0,0,93.3,0.0403
B-202302-16826,Booked,Private Individual,Milestone Birthday Party,Wedding/Social,In-person,Full Package,Social,Social/Private,RFP,Low,2022-03-04,2022-04-23,36,2023-02-01,2023-02-02,1,334,18,18,21,1,Breakout Room,1,1,14,1.0,7778.24,2,55.1,155.85,118.31,2129.58,569.26,1876.15,4574.99,11,1301.41,569.26,1786.81,3657.48,0.6111111111111112,85.086,,2023,2,3,68.7,31.3,1,63.6,129.97,193.57,193.57,129.97,1,0.0,18,0,0,0,1,2,1,8,0,0,1,Banquet,2,0,1.5,569.26,500,1155,2900.17,1,1,0,1,0.0,0.53,24.09,254.17,0.857,0.476,Low,0,2,Wed,0,0,0,0,1,0,0,0.0,,1,0,66,0.273,Moderate,0,0,100.0,0.0419
B-202302-40784,Booked,Personal Event,Milestone Birthday Party,Wedding/Social,In-person,Full Package,Social,Social/Private,Website,Low,2022-02-26,2022-04-03,26,2023-02-03,2023-02-04,1,342,11,11,12,1,Boardroom,1,1,10,0.0,0.0,3,63.7,152.22,112.83,1241.13,300.75,928.97,2470.85,5,564.15,300.75,884.74,1749.64,0.4545454545454545,73.728,,2023,2,2,53.5,46.5,1,25.08,129.11,154.19,154.19,129.11,1,0.0,11,0,0,0,1,2,1,8,0,1,1,Boardroom,2,0,1.5,300.75,500,540,2226.56,1,0,1,1,0.0,0.86,25.88,224.62,0.917,0.833,Shoulder,0,4,Fri,1,0,1,0,1,2,1,1122.6,0.5,0,1,209,0.053,Low,0,0,93.3,0.0292
B-202302-53369,Booked,Regional Healthcare System,Board of Directors Meeting,Corporate,Hybrid,Meeting Only,Healthcare,Healthcare,Third-Party Planner,Low,2022-11-03,2022-11-15,7,2023-02-03,2023-02-04,1,92,0,0,84,1,Half Ballroom,0,1,5,0.0,0.0,2,53.6,156.38,0.0,0.0,1578.53,1487.58,3066.11,0,0.0,1578.53,1416.74,2995.27,,16.866,,2023,2,0,0.0,0.0,0,0.0,0.0,0.0,0.0,0.0,0,0.0,0,0,0,0,2,2,1,12,1,0,1,Theater,2,0,1.5,1578.53,500,1848,3181.25,4,0,0,0,50.0,0.7,100.0,,0.0,0.238,Low,0,4,Fri,1,0,1,1,1,0,0,0.0,,1,0,209,0.0,Low,0,0,80.0,0.0543
B-202302-57472,Booked,Technology Innovators,Annual Sales Conference,Corporate,In-person,Full Package,Technology,Technology,RFP,Medium,2022-11-19,2022-12-09,13,2023-02-04,2023-02-05,1,77,72,72,94,1,Half Ballroom,1,0,7,0.0,0.0,2,50.7,155.06,123.29,8876.88,1159.15,1622.03,11658.06,57,7027.53,1159.15,1544.8,9731.48,0.7916666666666666,16.434,,2023,2,4,69.3,30.7,0,134.84,112.01,246.85,0.0,112.01,1,0.0,72,0,0,0,1,3,1,12,1,0,1,Theater,3,1,2.0,1159.15,1150,2406,4638.09,3,0,0,0,0.0,0.78,20.49,161.92,0.766,0.106,Low,0,5,Sat,1,0,1,0,1,1,1,39338.39,1.0,0,0,102,0.706,High,1,0,93.3,0.0909
B-202302-64548,Booked,Global Industries,Executive Offsite,Corporate,In-person,Full Package,Finance,Other,Third-Party Planner,Medium,2022-11-04,2022-11-29,14,2023-02-04,2023-02-07,3,92,46,138,61,1,Half Ballroom,1,0,11,0.0,0.0,1,57.1,151.09,124.45,17174.1,1364.52,8619.46,27158.08,117,14560.65,1364.52,8209.01,24134.18,0.8478260869565217,44.858,,2023,2,4,56.3,43.7,1,102.16,116.64,218.8,218.8,116.64,2,9.4,36,46,44,0,1,3,3,24,1,0,1,Classroom,2,0,1.67,1364.52,850,5688,8397.04,4,0,0,0,100.0,0.51,17.63,196.8,0.754,0.164,Low,0,5,Sat,1,0,1,0,1,2,1,19727.32,0.5,0,1,174,0.264,Moderate,0,0,93.3,0.1196
B-202302-69048,Booked,Personal Event,Williams-Brown Wedding,Wedding/Social,In-person,Rooms Only,Social,Social/Private,Repeat Client,Medium,2022-04-29,2022-06-04,31,2023-02-06,2023-02-07,1,283,36,36,39,0,,0,0,5,0.0,0.0,1,59.7,156.89,124.41,4478.76,0.0,0.0,4478.76,20,2488.2,0.0,0.0,2488.2,0.5555555555555556,0.0,,2023,2,2,74.0,26.0,1,20.35,145.52,165.87,165.87,165.87,1,0.0,36,0,0,0,0,0,0,0,0,0,0,,0,0,0.0,0.0,0,0,0.0,0,0,0,0,0.0,0.0,20.7,124.41,0.923,0.0,Low,0,0,Mon,0,1,1,1,1,3,2,2872.24,0.6667,0,1,138,0.261,Moderate,0,0,93.3,0.0177
B-202302-47752,Booked,State Medical Association,Committee Meeting,Association,Hybrid,Full Package,Healthcare,Healthcare,Third-Party Planner,High,2022-07-17,2022-08-12,16,2023-02-09,2023-02-12,3,207,100,300,136,1,Grand Ballroom,1,0,10,0.0,0.0,1,51.8,162.15,120.37,36111.0,2872.58,18174.44,57158.02,207,24916.59,2872.58,17308.99,45098.16,0.69,42.424,,2023,2,2,69.4,30.6,1,83.27,112.47,195.74,195.74,112.47,2,4.3,90,100,98,0,2,3,3,24,1,0,1,Theater,3,1,2.67,2872.58,1650,22984,32190.95,5,0,0,0,100.0,0.57,25.77,190.53,0.735,0.147,Low,0,3,Thu,0,0,1,0,1,1,1,16346.4,1.0,0,0,120,0.833,High,1,0,93.3,0.0483
B-202302-74722,Booked,Nonprofit Foundation,Military Reunion,SMERF,In-person,Full Package,Technology,Technology,Sales Call,Low,2022-12-15,2023-01-14,19,2023-02-09,2023-02-10,1,56,30,30,33,1,Breakout Room,1,0,11,0.0,0.0,3,59.5,150.07,108.05,3241.5,470.88,692.1,4404.48,22,2377.1,470.88,659.14,3507.12,0.7333333333333333,19.974,,2023,2,2,53.1,46.9,0,96.7,118.93,215.63,0.0,118.93,1,0.0,30,0,0,0,1,2,1,8,0,0,1,Theater,1,0,1.0,470.88,300,1551,3008.7,2,0,0,0,0.0,0.82,28.0,146.82,0.909,0.303,Low,0,3,Thu,0,0,1,0,1,0,0,0.0,,1,0,90,0.333,Moderate,0,0,93.3,0.1964
B-202302-80236,Booked,Banking Consortium,Leadership Summit,Corporate,In-person,Full Package,Finance,Finance,Third-Party Planner,Medium,2022-10-06,2022-11-01,14,2023-02-11,2023-02-13,2,128,36,72,41,1,Half Ballroom,1,1,12,0.0,0.0,3,51.8,154.56,116.84,8412.48,1296.11,4207.97,13916.56,62,7244.08,1296.11,4007.59,12547.78,0.8611111111111112,48.873,,2023,2,2,63.5,36.5,1,77.85,170.08,247.93,170.08,247.93,2,11.1,32,36,0,0,1,2,2,16,1,0,1,Theater,1,0,1.0,1296.11,300,2808,4372.62,5,0,0,0,100.0,0.34,24.4,193.29,0.878,0.244,Low,0,5,Sat,1,0,1,0,1,3,2,18303.44,0.6667,0,1,136,0.265,Moderate,0,0,93.3,0.0938
B-202302-80798,Booked,Financial Services Group,Executive Offsite,Corporate,In-person,Rooms Only,Finance,Finance,Referral,Low,2022-11-15,2022-11-28,7,2023-02-11,2023-02-12,1,88,30,30,33,0,,0,1,6,1.0,4295.28,2,59.8,153.23,133.42,4002.6,0.0,0.0,4002.6,25,3335.5,0.0,0.0,3335.5,0.8333333333333334,0.0,,2023,2,4,62.8,37.2,1,142.07,155.33,297.4,253.77,162.95,1,0.0,30,0,0,0,0,0,0,0,0,0,0,,0,0,0.0,0.0,0,0,0.0,0,0,0,0,0.0,0.0,12.93,133.42,0.909,0.0,Low,0,5,Sat,1,0,0,0,1,1,0,0.0,0.0,0,1,54,0.556,Moderate,0,0,100.0,0.0682
B-202302-97062,Booked,Retail Corporation,Annual Sales Conference,Corporate,In-person,Full Package,Finance,Other,Third-Party Planner,Low,2022-12-25,2023-01-12,9,2023-02-12,2023-02-13,1,49,48,48,61,1,Half Ballroom,1,0,9,1.0,14509.65,2,57.3,154.9,127.35,6112.8,1521.07,3200.83,10834.7,42,5348.7,1521.07,3048.41,9918.18,0.875,49.974,,2023,2,3,68.6,31.4,1,98.94,143.94,242.88,242.88,143.94,1,0.0,48,0,0,0,2,1,1,8,1,0,1,Classroom,2,0,2.0,1521.07,350,1560,2512.17,3,0,0,0,100.0,0.51,17.79,225.72,0.787,0.328,Low,0,6,Sun,1,0,0,0,1,1,0,0.0,0.0,0,1,136,0.353,Moderate,0,0,100.0,0.1837
B-202302-82667,Booked,Youth Organization,Charity Fundraiser,SMERF,In-person,Full Package,SMERF,Social/Community,Website,Low,2022-09-14,2022-10-08,16,2023-02-13,2023-02-15,2,152,18,36,20,1,Breakout Room,1,0,8,0.0,0.0,2,51.9,151.4,109.01,3924.36,572.47,693.38,5190.21,31,3379.31,572.47,660.36,4612.14,0.8611111111111112,16.509,,2023,2,2,60.6,39.4,1,36.97,103.23,140.2,140.2,103.23,2,33.3,12,18,0,0,1,4,2,16,0,0,1,Theater,2,0,1.75,572.47,1200,1180,4871.14,2,0,0,0,0.0,0.5,28.0,144.17,0.9,0.5,Low,0,0,Mon,0,0,1,0,1,0,0,0.0,,1,0,202,0.089,Low,0,0,93.3,0.0526
B-202302-96900,Booked,Education Foundation,Committee Meeting,Association,In-person,Meeting Only,Education,Education,Direct Inquiry,Low,2022-05-10,2022-06-13,26,2023-02-13,2023-02-14,1,279,0,0,35,1,Breakout Room,0,0,8,1.0,5789.25,2,52.8,156.88,0.0,0.0,435.55,1619.57,2055.12,0,0.0,435.55,1542.45,1978.0,,44.07,,2023,2,0,0.0,0.0,0,0.0,0.0,0.0,0.0,0.0,0,0.0,0,0,0,0,1,1,1,8,0,0,1,Classroom,2,0,2.0,435.55,350,3045,4428.78,4,0,0,0,100.0,0.88,100.0,,0.0,0.286,Low,0,0,Mon,0,0,0,0,1,0,0,0.0,,1,0,202,0.0,Low,0,0,86.7,0.0287
B-202302-42406,Booked,Local School District,Cultural Heritage Festival,SMERF,In-person,Full Package,Education,Education,RFP,Low,2022-10-01,2022-10-24,11,2023-02-15,2023-02-16,1,137,30,30,39,1,Breakout Room,1,1,12,0.0,0.0,2,51.7,160.04,120.8,3624.0,510.05,456.76,4590.81,25,3020.0,510.05,435.01,3965.06,0.8333333333333334,11.154,,2023,2,2,52.4,47.6,0,96.73,139.11,235.84,0.0,235.84,1,0.0,30,0,0,0,1,2,1,8,0,0,1,Classroom,2,0,2.0,510.05,700,432,2291.43,1,0,0,0,0.0,0.97,24.52,153.03,0.769,0.256,Low,0,2,Wed,0,0,1,0,1,0,0,0.0,,1,0,27,1.0,High,1,1,93.3,0.0876
B-202302-59692,Booked,Legal Society,Member Appreciation Event,Association,In-person,Rooms Only,Legal,Legal,Third-Party Planner,Medium,2022-07-06,2022-08-04,26,2023-02-15,2023-02-17,2,224,85,170,93,0,,0,0,3,0.0,0.0,2,52.3,148.17,116.41,19789.7,0.0,0.0,19789.7,126,14667.66,0.0,0.0,14667.66,0.7411764705882353,0.0,,2023,2,3,66.6,33.4,0,126.42,144.88,271.3,0.0,144.88,2,8.2,78,85,0,0,0,0,0,0,0,0,0,,0,0,0.0,0.0,0,0,0.0,0,0,0,0,0.0,0.0,21.43,116.41,0.914,0.0,Low,0,2,Wed,0,0,1,1,1,2,2,45880.51,1.0,0,0,0,,Unknown,0,1,93.3,0.0134
B-202302-70910,Booked,Global Industries,Performance Review Summit,Corporate,Virtual,Meeting Only,Professional Services,Other,Referral,Low,2022-10-28,2022-11-17,10,2023-02-15,2023-02-16,1,110,0,0,103,1,Half Ballroom,0,1,10,0.0,0.0,1,49.8,149.47,0.0,0.0,1309.87,1936.97,3246.84,0,0.0,1309.87,1844.73,3154.6,,17.91,,2023,2,0,0.0,0.0,0,0.0,0.0,0.0,0.0,0.0,0,0.0,0,0,0,0,1,2,1,12,1,0,1,Theater,2,0,2.0,1309.87,700,1590,3220.51,3,0,0,0,50.0,0.86,100.0,,0.0,0.097,Low,0,2,Wed,0,0,1,0,1,4,2,43861.5,0.5,0,1,27,0.0,Low,0,0,80.0,0.0909
B-202302-87656,Booked,Tour Operator Network,Historic Sites Tour,Corporate,In-person,Rooms Only,Trade/Manufacturing,Trade/Manufacturing,RFP,Medium,2022-11-21,2022-12-04,7,2023-02-15,2023-02-16,1,86,38,38,41,0,,0,0,6,0.0,0.0,4,60.0,158.58,131.25,4987.5,0.0,0.0,4987.5,37,4856.25,0.0,0.0,4856.25,0.9736842105263158,0.0,,2023,2,4,52.7,47.3,1,141.45,139.57,281.02,245.88,139.57,1,0.0,38,0,0,0,0,0,0,0,0,0,0,,0,0,0.0,0.0,0,0,0.0,0,0,0,0,0.0,0.0,17.23,131.25,0.927,0.0,Shoulder,0,2,Wed,0,0,1,0,1,0,0,0.0,,1,0,27,1.0,High,1,1,93.3,0.0698
B-202302-98555,Booked,Professional Services Group,Sales Kickoff,Corporate,Hybrid,Full Package,Finance,Other,Website,Low,2022-11-24,2022-12-11,9,2023-02-15,2023-02-16,1,83,40,40,50,1,Half Ballroom,1,1,8,0.0,0.0,4,50.3,155.82,119.3,4772.0,861.11,2407.23,8040.34,36,4294.8,861.11,2292.6,7448.51,0.9,45.852,,2023,2,2,52.5,47.5,1,54.78,108.19,162.97,162.97,108.19,1,0.0,40,0,0,0,1,1,1,8,1,0,1,Classroom,2,0,2.0,861.11,350,2088,3043.11,4,0,0,0,100.0,0.42,23.44,201.01,0.8,0.2,Low,0,2,Wed,0,0,1,0,1,0,0,0.0,,1,0,27,1.0,High,1,1,93.3,0.0964
B-202302-56105,Booked,State Medical Association,Networking Summit,Association,In-person,Full Package,Healthcare,Healthcare,Sales Call,High,2022-09-12,2022-10-16,26,2023-02-16,2023-02-19,3,157,86,258,114,1,Half Ballroom,1,0,8,1.0,66237.44,3,47.9,159.69,121.72,31403.76,1564.91,7162.61,40131.28,160,19475.2,1564.91,6821.53,27861.64,0.6201550387596899,19.946,,2023,2,2,67.0,33.0,0,102.8,133.43,236.23,0.0,133.43,2,4.7,77,86,85,0,2,8,3,36,1,0,1,Theater,2,0,1.5,1564.91,2000,6004,10815.42,5,0,0,0,12.5,0.95,23.78,155.55,0.754,0.175,Low,0,3,Thu,0,0,0,0,1,2,2,61444.56,1.0,0,0,69,1.0,High,1,1,100.0,0.051
B-202302-67125,Booked,Accounting Institute,Awards Gala Weekend,Association,In-person,Full Package,Finance,Finance,Third-Party Planner,High,2022-08-03,2022-09-07,25,2023-02-16,2023-02-18,2,197,65,130,72,1,Half Ballroom,1,1,10,0.0,0.0,1,54.6,158.93,120.41,15653.3,1074.99,7453.55,24181.84,100,12041.0,1074.99,7098.62,20214.61,0.7692307692307693,49.296,,2023,2,3,66.4,33.6,1,105.69,118.27,223.96,223.96,118.27,2,9.2,59,65,0,0,1,2,2,16,1,0,1,Theater,3,1,2.5,1074.99,1000,2800,4971.01,5,0,0,0,100.0,0.6,24.24,186.01,0.903,0.139,Low,0,3,Thu,0,0,1,0,1,4,4,89007.22,1.0,0,0,69,0.942,High,1,0,93.3,0.0508
B-202302-49829,Booked,Family Celebration,Quinceañera Celebration,Wedding/Social,In-person,Rooms Only,Social,Social/Private,Sales Call,Low,2022-03-20,2022-04-22,29,2023-02-18,2023-02-19,1,335,39,39,42,0,,0,1,4,1.0,5525.36,1,57.7,159.7,122.04,4759.56,0.0,0.0,4759.56,23,2806.92,0.0,0.0,2806.92,0.5897435897435898,0.0,,2023,2,3,56.9,43.1,1,99.3,108.74,208.04,208.04,108.74,1,0.0,39,0,0,0,0,0,0,0,0,0,0,,0,0,0.0,0.0,0,0,0.0,0,0,0,0,0.0,0.0,23.58,122.04,0.929,0.0,Low,0,5,Sat,1,0,0,1,1,1,1,2029.43,1.0,0,0,95,0.411,Moderate,0,0,100.0,0.0119
B-202302-74451,Booked,Dental Association,Continuing Education Conference,Association,In-person,Full Package,Healthcare,Healthcare,Cvent,Low,2022-06-25,2022-07-22,16,2023-02-19,2023-02-20,1,239,50,50,62,1,Half Ballroom,1,1,11,0.0,0.0,3,56.0,155.09,112.25,5612.5,1423.48,656.99,7692.97,31,3479.75,1423.48,625.7,5528.93,0.62,10.092,,2023,2,2,73.2,26.8,0,86.54,127.19,213.73,0.0,127.19,1,0.0,50,0,0,0,2,1,1,8,1,0,1,Banquet,2,0,2.0,1423.48,350,360,1318.45,1,0,0,0,100.0,0.52,27.62,153.86,0.806,0.323,Low,0,6,Sun,1,0,1,0,1,0,0,0.0,,1,0,170,0.294,Moderate,0,0,93.3,0.046
B-202302-26544,Booked,Financial Services Group,Quarterly Business Review,Corporate,Hybrid,Rooms Only,Finance,Finance,Direct Inquiry,Low,2022-11-24,2022-12-10,12,2023-02-20,2023-02-22,2,88,34,68,37,0,,0,1,4,1.0,9229.17,1,56.5,147.6,111.31,7569.08,0.0,0.0,7569.08,54,6010.74,0.0,0.0,6010.74,0.7941176470588235,0.0,,2023,2,2,53.3,46.7,1,63.76,145.91,209.67,209.67,145.91,2,17.6,28,34,0,0,0,0,0,0,0,0,0,,0,0,0.0,0.0,0,0,0.0,0,0,0,0,0.0,0.0,24.59,111.31,0.919,0.0,Low,0,0,Mon,0,0,0,1,1,2,1,3335.5,0.5,0,1,152,0.224,Low,0,0,100.0,0.0455
B-202302-68743,Booked,Financial Services Group,Customer Advisory Board,Corporate,Virtual,Full Package,Finance,Finance,RFP,Low,2022-12-18,2023-01-07,9,2023-02-21,2023-02-22,1,65,34,34,38,1,Breakout Room,1,0,11,0.0,0.0,2,57.2,154.6,124.41,4229.94,507.62,1981.99,6719.55,32,3981.12,507.62,1887.61,6376.35,0.9411764705882352,49.674,,2023,2,3,72.0,28.0,1,91.87,113.7,205.57,205.57,113.7,1,0.0,34,0,0,0,1,1,1,8,0,0,1,Theater,2,0,2.0,507.62,350,2700,4058.34,3,0,0,0,100.0,0.95,19.53,197.63,0.895,0.263,Low,0,1,Tue,0,0,1,0,1,3,2,9346.24,0.6667,0,1,152,0.224,Low,0,0,93.3,0.1692
B-202302-33053,Booked,State Medical Association,Policy Symposium,Association,Hybrid,Full Package,Healthcare,Healthcare,Repeat Client,High,2022-09-21,2022-10-20,20,2023-02-25,2023-02-28,3,157,32,96,39,1,Breakout Room,1,0,9,0.0,0.0,2,53.8,157.95,117.61,11290.56,541.5,5475.18,17307.24,66,7762.26,541.5,5214.46,13518.22,0.6875,44.568,,2023,2,3,59.3,40.7,1,117.18,135.02,252.2,193.8,135.02,2,15.3,26,32,20,0,1,3,3,24,0,0,1,Theater,3,1,2.33,541.5,1350,8244,12622.8,5,0,0,0,100.0,0.97,25.54,180.28,0.821,0.256,Low,0,5,Sat,1,1,1,0,1,3,3,89306.2,1.0,0,0,67,0.478,Moderate,0,0,93.3,0.0573
B-202302-89415,Booked,Private Party,Anniversary Celebration,Wedding/Social,Hybrid,Full Package,Social,Social/Private,Referral,Low,2022-07-07,2022-08-19,36,2023-02-25,2023-02-26,1,233,11,11,14,1,Boardroom,1,0,7,1.0,4796.77,2,53.1,152.9,114.56,1260.16,339.03,990.92,2590.11,7,801.92,339.03,943.74,2084.69,0.6363636363636364,67.41,,2023,2,3,73.8,26.2,1,51.7,118.67,170.37,170.37,118.67,1,0.0,11,0,0,0,1,1,1,4,0,1,1,Boardroom,2,0,2.0,339.03,350,770,1760.6,1,1,0,1,0.0,1.0,25.08,235.46,0.786,0.714,Low,0,5,Sat,1,0,0,0,1,3,2,12833.14,0.6667,0,1,177,0.062,Low,0,0,100.0,0.03
B-202302-46655,Booked,Industry Trade Group,Committee Meeting,Association,In-person,Full Package,Trade/Manufacturing,Trade/Manufacturing,Website,High,2022-04-24,2022-05-22,16,2023-02-26,2023-02-28,2,308,121,242,153,1,Grand Ballroom,1,0,12,1.0,60902.14,4,58.2,153.25,133.05,32198.1,1877.74,14485.49,48561.33,166,22086.3,1877.74,13795.7,37759.74,0.6859504132231405,45.084,,2023,2,2,55.4,44.6,1,74.65,185.3,259.95,185.3,185.3,2,6.6,113,121,0,0,1,2,2,16,1,0,1,Classroom,3,1,2.5,1877.74,1000,14229,20435.23,4,0,0,0,100.0,0.64,13.18,200.67,0.791,0.065,Low,0,6,Sun,1,0,0,0,1,0,0,0.0,,1,0,0,,Unknown,0,1,100.0,0.039
B-202302-17816,Booked,Education Foundation,Policy Symposium,Association,In-person,Full Package,Education,Education,Referral,High,2022-07-01,2022-08-04,22,2023-02-27,2023-03-01,2,241,64,128,85,1,Half Ballroom,1,0,12,0.0,0.0,1,57.3,154.08,128.08,16394.24,1680.81,3489.32,21564.37,89,11399.12,1680.81,3323.16,16403.09,0.6953125,19.548,,2023,2,4,65.0,35.0,1,91.13,146.29,237.42,237.42,146.44,2,18.8,52,64,0,0,2,4,2,24,1,0,1,Theater,3,1,2.25,1680.81,1800,3800,7407.75,4,0,0,0,50.0,0.71,16.87,168.47,0.753,0.235,Low,0,0,Mon,0,0,1,0,1,1,1,1978.0,1.0,0,0,0,,Unknown,0,1,93.3,0.0498
B-202302-39816,Booked,Dental Association,Networking Summit,Association,In-person,Full Package,Healthcare,Healthcare,Repeat Client,High,2022-06-08,2022-07-09,24,2023-02-27,2023-03-01,2,264,65,130,74,1,Half Ballroom,1,0,7,1.0,49122.58,2,54.4,158.68,123.56,16062.8,1326.6,6544.05,23933.45,99,12232.44,1326.6,6232.43,19791.47,0.7615384615384615,42.111,,2023,2,3,52.5,47.5,1,39.71,121.0,160.71,160.71,122.77,2,0.0,65,65,0,0,2,2,2,16,1,0,1,Theater,2,0,2.0,1326.6,700,1900,3795.27,3,0,0,0,100.0,0.62,22.13,184.1,0.878,0.27,Low,0,0,Mon,0,1,0,0,1,1,1,5528.93,1.0,0,0,0,,Unknown,0,1,100.0,0.0265
B-202302-18564,Booked,State Medical Association,Professional Development Symposium,Association,In-person,Full Package,Healthcare,Healthcare,Referral,High,2022-10-09,2022-11-06,19,2023-02-28,2023-03-02,2,142,105,210,130,1,Grand Ballroom,1,0,9,0.0,0.0,2,51.7,158.96,117.89,24756.9,2506.91,13452.89,40716.7,142,16740.38,2506.91,12812.28,32059.57,0.6761904761904762,49.278,,2023,2,3,72.3,27.7,1,90.28,109.36,199.64,199.64,109.36,2,5.7,99,105,0,0,2,2,2,16,1,0,1,Theater,3,1,2.5,2506.91,1000,19760,25486.21,5,0,0,0,100.0,0.54,25.84,193.89,0.808,0.154,Low,0,1,Tue,0,0,1,0,1,4,4,102824.42,1.0,0,0,24,1.0,High,1,1,93.3,0.0634
B-202303-37686,Booked,Nursing Council,Industry Forum,Association,Hybrid,Full Package,Healthcare,Healthcare,Direct Inquiry,High,2022-09-20,2022-10-25,23,2023-03-01,2023-03-03,2,162,91,182,120,1,Half Ballroom,1,1,12,0.0,0.0,1,64.3,164.62,141.26,25709.32,1188.09,4830.08,31727.49,120,16951.2,1188.09,4600.08,22739.37,0.6593406593406593,19.167,,2023,3,4,52.4,47.6,1,127.0,145.25,272.25,208.26,145.25,2,8.8,83,91,0,0,1,5,2,24,1,0,1,Classroom,3,1,1.8,1188.09,1750,4000,7684.62,5,0,0,0,20.0,1.0,14.19,174.33,0.758,0.083,Shoulder,0,2,Wed,0,0,1,0,1,0,0,0.0,,1,0,65,1.0,High,1,1,93.3,0.0741
B-202303-34878,Booked,Professional Services Group,Customer Advisory Board,Corporate,In-person,Full Package,Finance,Other,Website,High,2023-01-16,2023-02-02,10,2023-03-02,2023-03-04,2,45,64,128,88,1,Half Ballroom,1,0,7,0.0,0.0,1,74.2,185.2,163.73,20957.44,1034.9,3687.87,25680.21,113,18501.49,1034.9,3512.26,23048.65,0.8828125,19.956,,2023,3,2,61.0,39.0,1,18.86,165.36,184.22,184.22,165.36,2,18.8,52,64,0,0,1,6,2,24,1,0,1,Theater,3,1,2.17,1034.9,2500,4782,9244.23,5,0,0,0,0.0,0.73,11.59,200.63,0.727,0.114,Shoulder,0,3,Thu,0,0,1,0,1,3,1,7448.51,0.3333,0,1,156,0.41,Moderate,0,0,93.3,0.1556
B-202303-50499,Booked,Dental Association,State Convention,Association,Hybrid,Full Package,Healthcare,Healthcare,Direct Inquiry,High,2022-08-18,2022-09-20,21,2023-03-06,2023-03-09,3,200,62,186,74,1,Half Ballroom,1,1,12,1.0,54597.19,3,70.7,158.25,152.67,28396.62,960.38,10973.88,40330.88,133,20305.11,960.38,10451.32,31716.81,0.7150537634408602,47.078,,2023,3,3,62.3,37.7,1,152.21,159.8,312.01,199.55,159.8,2,8.0,61,62,51,0,1,3,3,24,1,0,1,Classroom,2,0,2.0,960.38,1050,3200,6056.6,4,0,0,0,100.0,0.62,3.53,216.83,0.838,0.135,Shoulder,0,0,Mon,0,0,0,0,1,2,2,25320.4,1.0,0,0,78,0.795,High,1,0,100.0,0.06
B-202303-60140,Booked,Education Foundation,Leadership Institute,Association,In-person,Full Package,Education,Education,Cvent,High,2022-07-01,2022-08-07,27,2023-03-06,2023-03-08,2,248,80,160,99,1,Half Ballroom,1,1,10,1.0,56176.16,3,61.4,163.86,132.8,21248.0,1645.11,3437.21,26330.32,115,15272.0,1645.11,3273.53,20190.64,0.71875,16.533,,2023,3,2,70.0,30.0,0,98.47,159.18,257.65,0.0,257.65,2,5.0,76,80,0,0,2,5,2,24,1,0,1,Theater,3,1,2.4,1645.11,2350,4744,8917.91,4,0,0,0,20.0,0.82,18.96,164.56,0.808,0.202,Shoulder,0,0,Mon,0,0,0,0,1,2,2,18381.09,1.0,0,0,78,1.0,High,1,1,100.0,0.0403
B-202303-64387,Booked,Education Foundation,Awards Gala Weekend,Association,In-person,Full Package,Education,Education,Repeat Client,High,2022-03-09,2022-04-08,16,2023-03-09,2023-03-12,3,365,104,312,143,1,Grand Ballroom,1,0,14,1.0,92676.82,1,66.3,161.32,146.32,45651.84,2071.47,20281.96,68005.27,237,34677.84,2071.47,19316.15,56065.46,0.7596153846153846,45.026,,2023,3,3,50.2,49.8,1,128.29,192.04,320.33,273.04,273.04,2,4.3,103,104,94,0,1,3,3,24,1,0,1,Theater,2,0,2.0,2071.47,1050,22451,31030.46,5,0,0,0,100.0,0.6,9.3,217.97,0.727,0.07,Shoulder,0,3,Thu,0,1,0,0,1,3,3,38571.73,1.0,0,0,77,1.0,High,1,1,100.0,0.0384
B-202303-65176,Booked,Private Individual,Family Reunion Weekend,Wedding/Social,In-person,Rooms Only,Social,Social/Private,Cvent,Low,2022-04-06,2022-05-16,34,2023-03-09,2023-03-10,1,337,15,15,16,0,,0,0,6,1.0,2128.53,2,66.7,162.79,139.47,2092.05,0.0,0.0,2092.05,8,1115.76,0.0,0.0,1115.76,0.5333333333333333,0.0,,2023,3,3,61.9,38.1,1,113.13,145.44,258.57,184.03,184.03,1,0.0,15,0,0,0,0,0,0,0,0,0,0,,0,0,0.0,0.0,0,0,0.0,0,0,0,0,0.0,0.0,14.33,139.47,0.938,0.0,Shoulder,0,3,Thu,0,0,0,0,1,1,1,3657.48,1.0,0,0,62,0.242,Low,0,0,100.0,0.0178
B-202303-99889,Booked,Professional Services Group,Annual Sales Conference,Corporate,Hybrid,Full Package,Professional Services,Other,Sales Call,Medium,2022-12-22,2023-01-17,12,2023-03-09,2023-03-11,2,77,39,78,53,1,Half Ballroom,1,1,14,0.0,0.0,3,67.5,160.69,141.22,11015.16,998.14,5584.81,17598.11,67,9461.74,998.14,5318.87,15778.75,0.8589743589743589,50.178,,2023,3,3,70.7,29.3,0,126.4,145.96,272.36,0.0,145.96,2,7.7,36,39,0,0,1,2,2,16,1,0,1,Theater,2,0,1.5,998.14,500,2280,4006.34,3,0,0,0,100.0,0.44,12.12,225.62,0.736,0.189,Shoulder,0,3,Thu,0,0,1,0,1,4,2,30497.16,0.5,0,1,77,0.506,Moderate,0,0,93.3,0.1818
B-202303-18609,Booked,Global Industries,Product Launch Event,Corporate,In-person,Full Package,Healthcare,Other,Repeat Client,Medium,2022-12-19,2023-01-13,11,2023-03-11,2023-03-12,1,82,19,19,22,1,Breakout Room,1,1,14,0.0,0.0,1,65.1,164.14,145.21,2758.99,353.83,1031.05,4143.87,17,2468.57,353.83,981.95,3804.35,0.8947368421052632,44.634,,2023,3,4,70.7,29.3,1,154.5,124.08,278.58,221.8,124.08,1,0.0,19,0,0,0,1,1,1,8,0,0,1,Classroom,3,1,3.0,353.83,650,1694,3257.67,4,0,0,0,100.0,0.55,11.53,218.1,0.864,0.455,Shoulder,0,5,Sat,1,1,1,0,1,5,3,47016.1,0.6,0,1,97,0.196,Low,0,0,93.3,0.1707
B-202303-14082,Booked,Personal Event,Holiday Party,Wedding/Social,In-person,Full Package,Social,Social/Private,Referral,Low,2022-07-19,2022-08-15,15,2023-03-15,2023-03-17,2,239,21,42,29,1,Breakout Room,1,0,12,1.0,22261.82,3,63.1,158.24,126.86,5328.12,569.9,2161.89,8059.91,25,3171.5,569.9,2058.94,5800.34,0.5952380952380952,35.499,,2023,3,4,59.6,40.4,1,112.88,127.34,240.22,169.96,127.34,2,19.0,17,21,0,0,1,3,2,12,0,0,1,Banquet,2,0,1.67,569.9,850,1595,4206.55,1,1,0,1,0.0,0.72,19.83,191.9,0.724,0.345,Shoulder,0,2,Wed,0,0,0,0,1,4,3,5360.44,0.75,0,1,139,0.151,Low,0,0,100.0,0.0502
B-202303-40947,Booked,Senior Adventures,Culinary Tour Group,Corporate,In-person,Rooms Only,Legal,Legal,Third-Party Planner,High,2023-01-12,2023-01-23,7,2023-03-15,2023-03-16,1,62,21,21,23,0,,0,0,4,1.0,3620.07,2,64.2,160.23,139.07,2920.47,0.0,0.0,2920.47,20,2781.4,0.0,0.0,2781.4,0.9523809523809524,0.0,,2023,3,3,72.3,27.7,1,126.88,163.3,290.18,245.25,163.3,1,0.0,21,0,0,0,0,0,0,0,0,0,0,,0,0,0.0,0.0,0,0,0.0,0,0,0,0,0.0,0.0,13.21,139.07,0.913,0.0,Shoulder,0,2,Wed,0,0,0,1,1,0,0,0.0,,1,0,70,0.3,Moderate,0,0,100.0,0.0645
B-202303-90623,Booked,Pharmaceutical Partners,Product Launch Event,Corporate,Hybrid,Rooms Only,Healthcare,Healthcare,Repeat Client,Low,2022-11-09,2022-11-26,11,2023-03-15,2023-03-16,1,126,48,48,52,0,,0,1,6,1.0,6988.72,1,65.9,154.02,126.09,6052.32,0.0,0.0,6052.32,42,5295.78,0.0,0.0,5295.78,0.875,0.0,,2023,3,2,73.1,26.9,0,125.24,133.1,258.34,0.0,133.1,1,0.0,48,0,0,0,0,0,0,0,0,0,0,,0,0,0.0,0.0,0,0,0.0,0,0,0,0,0.0,0.0,18.13,126.09,0.923,0.0,Shoulder,0,2,Wed,0,1,0,0,1,4,3,24711.46,0.75,0,1,70,0.686,High,1,0,100.0,0.0476
B-202303-98125,Booked,Retail Corporation,Executive Offsite,Corporate,In-person,Full Package,Technology,Other,Repeat Client,High,2022-12-10,2022-12-24,7,2023-03-15,2023-03-18,3,95,60,180,76,1,Half Ballroom,1,0,7,1.0,49784.59,1,56.9,159.45,133.47,24024.6,1782.67,9991.12,35798.39,171,22823.37,1782.67,9515.35,34121.39,0.95,41.734,,2023,3,2,62.7,37.3,1,47.83,167.52,215.35,215.35,215.35,2,5.9,53,60,52,0,2,3,3,24,1,0,1,Classroom,3,1,2.0,1782.67,1150,4320,7266.81,5,0,0,0,100.0,0.63,16.29,198.88,0.789,0.263,Low,0,2,Wed,0,1,0,0,1,3,1,9918.18,0.3333,0,1,139,0.432,Moderate,0,0,100.0,0.0737
B-202303-22999,Booked,Manufacturing Alliance,Customer Advisory Board,Corporate,In-person,Full Package,Professional Services,Other,RFP,Medium,2023-01-08,2023-01-31,9,2023-03-17,2023-03-18,1,68,76,76,103,1,Half Ballroom,1,1,14,1.0,26311.95,2,59.6,157.45,133.4,10138.4,1538.94,1846.77,13524.11,70,9338.0,1538.94,1758.83,12635.77,0.9210526315789472,17.076,,2023,3,2,57.6,42.4,1,33.03,132.29,165.32,165.32,132.29,1,0.0,76,0,0,0,2,2,1,12,1,0,1,Theater,2,0,2.0,1538.94,700,2064,3694.32,4,0,0,0,50.0,0.86,15.27,177.95,0.738,0.194,Low,0,4,Fri,1,0,0,0,1,3,0,0.0,0.0,0,1,30,1.0,High,1,1,100.0,0.2059
B-202303-64459,Booked,Cultural Journeys,International Tour Package,Corporate,In-person,Full Package,Legal,Legal,Referral,Medium,2023-02-09,2023-03-03,13,2023-03-17,2023-03-18,1,36,15,15,20,1,Breakout Room,0,0,9,0.0,0.0,2,66.0,162.43,144.27,2164.05,492.64,0.0,2656.69,13,1875.51,492.64,0.0,2368.15,0.8666666666666667,0.0,,2023,3,2,62.8,37.2,1,104.07,170.63,274.7,170.63,170.63,1,0.0,15,0,0,0,1,1,1,4,0,0,1,Classroom,1,0,1.0,492.64,150,0,730.87,0,0,0,0,0.0,0.5,11.18,177.11,0.75,0.5,Shoulder,0,4,Fri,1,0,1,0,1,0,0,0.0,,1,0,30,0.5,Moderate,0,0,93.3,0.25
B-202303-97562,Booked,Nursing Council,Professional Development Symposium,Association,In-person,Full Package,Healthcare,Healthcare,Third-Party Planner,High,2022-08-27,2022-09-26,23,2023-03-17,2023-03-20,3,202,39,117,43,1,Half Ballroom,1,0,7,0.0,0.0,3,67.4,158.28,137.67,16107.39,943.19,6621.34,23671.92,82,11288.94,943.19,6306.04,18538.17,0.7008547008547008,48.884,,2023,3,3,68.2,31.8,1,44.01,123.04,167.05,167.05,143.41,2,5.3,34,39,36,0,1,3,3,24,1,0,1,Classroom,3,1,2.67,943.19,1650,4780,8164.48,5,0,0,0,100.0,0.36,13.02,202.32,0.907,0.233,Shoulder,0,4,Fri,1,0,1,0,1,1,1,22739.37,1.0,0,0,171,0.228,Low,0,0,93.3,0.0347
B-202303-63476,Booked,Social Event,Engagement Party,Wedding/Social,In-person,Full Package,Social,Social/Private,Referral,Low,2022-05-11,2022-06-10,17,2023-03-18,2023-03-19,1,311,10,10,11,1,Boardroom,1,1,13,0.0,0.0,1,61.0,153.68,113.94,1139.4,338.02,877.69,2355.11,5,569.7,338.02,835.89,1743.61,0.5,75.99,,2023,3,4,68.2,31.8,1,109.75,109.25,219.0,219.0,109.25,1,0.0,10,0,0,0,1,2,1,8,0,1,1,Boardroom,2,0,2.0,338.02,700,605,2565.66,1,1,0,1,0.0,0.79,25.86,235.51,0.909,0.909,Shoulder,0,5,Sat,1,0,1,0,1,4,3,11421.65,0.75,0,1,171,0.058,Low,0,0,93.3,0.0418
B-202303-30253,Booked,Insurance Federation,State Convention,Association,In-person,Full Package,Finance,Finance,Sales Call,Medium,2022-07-15,2022-08-15,24,2023-03-19,2023-03-21,2,247,83,166,107,1,Half Ballroom,1,0,7,1.0,49277.74,2,70.9,159.69,140.59,23337.94,1278.46,3701.48,28317.88,135,18979.65,1278.46,3525.22,23783.33,0.8132530120481928,16.473,,2023,3,4,64.1,35.9,1,147.96,138.51,286.47,191.46,138.51,2,12.0,73,83,0,0,1,6,2,24,1,0,1,Theater,3,1,2.0,1278.46,2200,3960,8137.71,4,0,0,0,0.0,0.89,11.96,170.59,0.776,0.093,Shoulder,0,6,Sun,1,0,0,0,1,3,2,28744.1,0.6667,0,1,45,1.0,High,1,1,100.0,0.0283
B-202303-93904,Booked,Pharmaceutical Partners,New Hire Orientation,Corporate,In-person,Full Package,Healthcare,Healthcare,Sales Call,High,2022-12-31,2023-01-21,7,2023-03-19,2023-03-21,2,78,92,184,109,1,Half Ballroom,1,0,14,1.0,56924.67,4,59.2,157.45,130.67,24043.28,1428.68,4149.73,29621.69,164,21429.88,1428.68,3952.12,26810.68,0.8913043478260869,18.129,,2023,3,4,67.5,32.5,1,80.43,114.65,195.08,195.08,114.65,2,3.3,89,92,0,0,2,5,2,24,1,0,1,Theater,2,0,2.0,1428.68,1750,4464,8216.61,5,0,0,0,20.0,0.91,17.01,160.99,0.844,0.183,Low,0,6,Sun,1,0,0,0,1,5,4,30007.24,0.8,0,1,45,1.0,High,1,1,100.0,0.1795
B-202303-42850,Booked,Service Club,High School Reunion,SMERF,In-person,Full Package,SMERF,Social/Community,Third-Party Planner,Medium,2022-10-10,2022-11-05,14,2023-03-21,2023-03-23,2,162,41,82,52,1,Half Ballroom,1,0,12,0.0,0.0,4,63.7,164.34,133.63,10957.66,1330.57,2867.81,15156.04,67,8953.21,1330.57,2731.25,13015.03,0.8170731707317073,26.262,,2023,3,4,57.4,42.6,1,113.65,142.0,255.65,208.9,142.0,2,14.6,35,41,0,0,1,2,2,16,1,0,1,Classroom,2,0,1.0,1330.57,350,1640,3184.66,2,0,0,0,100.0,0.43,18.69,184.83,0.788,0.192,Shoulder,0,1,Tue,0,0,1,0,1,1,1,4939.16,1.0,0,0,179,0.229,Low,0,0,93.3,0.0741
B-202303-47667,Booked,Professional Engineers Society,Networking Summit,Association,Hybrid,Full Package,Association,Other,Third-Party Planner,Medium,2022-07-11,2022-08-12,25,2023-03-21,2023-03-22,1,253,63,63,83,1,Half Ballroom,1,0,7,1.0,15368.9,4,62.8,158.95,134.88,8497.44,870.0,1644.0,11011.44,51,6878.88,870.0,1565.71,9314.59,0.8095238095238095,18.864,,2023,3,2,61.6,38.4,1,104.94,134.13,239.07,239.07,134.13,1,0.0,63,0,0,0,1,3,1,12,1,0,1,Theater,3,1,2.0,870.0,1150,2052,4202.08,4,0,0,0,0.0,0.69,15.14,174.78,0.759,0.12,Shoulder,0,1,Tue,0,0,0,0,1,2,1,5681.96,0.5,0,1,116,0.543,Moderate,0,0,100.0,0.0277
B-202303-59308,Booked,Private Individual,Engagement Party,Wedding/Social,In-person,Rooms Only,Social,Social/Private,Repeat Client,Low,2022-03-24,2022-04-12,16,2023-03-24,2023-03-25,1,365,12,12,13,0,,0,0,3,1.0,1793.74,1,68.5,158.69,137.79,1653.48,0.0,0.0,1653.48,7,964.53,0.0,0.0,964.53,0.5833333333333334,0.0,,2023,3,3,66.4,33.6,1,134.88,139.18,274.06,217.76,139.18,1,0.0,12,0,0,0,0,0,0,0,0,0,0,,0,0,0.0,0.0,0,0,0.0,0,0,0,0,0.0,0.0,13.17,137.79,0.923,0.0,Shoulder,0,4,Fri,1,1,0,1,1,2,2,4773.24,1.0,0,0,208,0.058,Low,0,0,100.0,0.0082
B-202303-55242,Booked,Dental Association,Member Appreciation Event,Association,In-person,Full Package,Healthcare,Healthcare,Third-Party Planner,High,2022-06-04,2022-06-30,18,2023-03-25,2023-03-28,3,294,71,213,80,1,Half Ballroom,1,0,8,0.0,0.0,3,60.8,157.99,130.09,27709.17,1604.02,10154.59,39467.78,143,18602.87,1604.02,9671.04,29877.93,0.6713615023474179,40.296,,2023,3,3,65.7,34.3,1,153.25,124.92,278.17,235.43,124.92,2,3.0,66,71,70,0,2,3,3,24,1,0,1,Classroom,3,1,2.33,1604.02,1350,4100,7325.21,5,0,0,0,100.0,0.67,17.66,185.29,0.888,0.25,Shoulder,0,5,Sat,1,0,1,0,1,3,3,57037.21,1.0,0,0,149,0.477,Moderate,0,0,93.3,0.0272
B-202303-73156,Booked,Personal Event,Family Reunion Weekend,Wedding/Social,In-person,Full Package,Social,Social/Private,Referral,Low,2022-10-16,2022-11-26,31,2023-03-27,2023-03-28,1,162,28,28,37,1,Breakout Room,1,1,10,1.0,11329.94,1,59.3,153.03,119.87,3356.36,457.94,3054.77,6869.07,17,2037.79,457.94,2909.31,5405.04,0.6071428571428571,78.63,,2023,3,2,52.3,47.7,1,34.41,126.5,160.91,160.91,126.5,1,0.0,28,0,0,0,1,2,1,8,0,0,1,Banquet,0,0,0.0,457.94,0,1665,2899.0,1,0,1,1,0.0,0.93,21.67,245.32,0.757,0.27,Low,0,0,Mon,0,0,0,0,1,5,4,11160.78,0.8,0,1,121,0.231,Low,0,0,100.0,0.0617
B-202303-60422,Booked,Manufacturing Alliance,Board of Directors Meeting,Corporate,In-person,Full Package,Technology,Other,RFP,Medium,2022-12-14,2022-12-31,8,2023-03-28,2023-03-31,3,104,50,150,56,1,Half Ballroom,1,1,9,1.0,41995.55,3,64.9,162.66,143.4,21510.0,1094.44,8102.41,30706.85,128,18355.2,1094.44,7716.58,27166.22,0.8533333333333334,45.932,,2023,3,2,63.8,36.2,1,79.53,147.02,226.55,226.55,226.55,2,6.8,44,50,42,0,1,3,3,24,1,0,1,Classroom,3,1,2.67,1094.44,1650,4656,8203.55,5,0,0,0,100.0,0.47,11.84,204.71,0.893,0.179,Shoulder,0,1,Tue,0,0,0,0,1,4,1,12635.77,0.25,0,1,26,1.0,High,1,1,100.0,0.0865
B-202303-79942,Booked,Global Industries,Innovation Workshop,Corporate,In-person,Full Package,Finance,Other,Website,Low,2022-11-24,2022-12-12,9,2023-03-28,2023-03-30,2,124,54,108,74,1,Half Ballroom,1,1,9,1.0,28699.22,1,61.2,157.38,147.64,15945.12,1699.21,7250.34,24894.67,95,14025.8,1699.21,6905.09,22630.1,0.8796296296296297,46.656,,2023,3,2,68.5,31.5,1,40.06,138.06,178.12,178.12,138.06,2,3.7,52,54,0,0,2,2,2,16,1,0,1,Theater,2,0,1.5,1699.21,500,1680,3414.71,3,0,0,0,100.0,0.62,6.19,230.51,0.73,0.27,Shoulder,0,1,Tue,0,0,0,0,1,6,4,50820.45,0.6667,0,1,26,1.0,High,1,1,100.0,0.0726
B-202303-80592,Booked,Energy Solutions,Sales Kickoff,Corporate,In-person,Full Package,Healthcare,Other,RFP,Medium,2023-02-25,2023-03-18,9,2023-03-28,2023-03-30,2,31,41,82,49,1,Half Ballroom,1,0,12,0.0,0.0,1,61.1,156.13,131.32,10768.24,839.32,4180.42,15787.98,68,8929.76,839.32,3981.35,13750.43,0.8292682926829268,40.626,,2023,3,4,66.0,34.0,1,134.03,135.39,269.42,165.59,144.84,2,12.2,36,41,0,0,1,2,2,16,1,0,1,Classroom,2,0,1.5,839.32,500,3048,4730.72,4,0,0,0,100.0,0.41,15.89,192.54,0.837,0.204,Shoulder,0,1,Tue,0,0,1,0,1,0,0,0.0,,1,0,26,1.0,High,1,1,93.3,0.3871
B-202303-30632,Booked,Legal Society,Educational Seminar Series,Association,In-person,Meeting Only,Legal,Legal,Repeat Client,Low,2022-09-04,2022-10-07,28,2023-03-29,2023-03-30,1,206,0,0,111,1,Half Ballroom,0,1,5,1.0,16956.21,2,63.2,158.06,0.0,0.0,1366.47,2051.75,3418.22,0,0.0,1366.47,1954.04,3320.51,,17.604,,2023,3,0,0.0,0.0,0,0.0,0.0,0.0,0.0,0.0,0,0.0,0,0,0,0,2,2,1,12,1,0,1,Theater,2,0,2.0,1366.47,700,1828,3390.75,4,0,0,0,50.0,0.93,100.0,,0.0,0.18,Shoulder,0,2,Wed,0,1,0,1,1,5,3,60548.17,0.6,0,1,26,0.0,Low,0,0,86.7,0.0243
B-202303-52516,Booked,Social Event,Retirement Party,Wedding/Social,In-person,Full Package,Social,Social/Private,Referral,Low,2022-05-24,2022-06-17,17,2023-03-29,2023-03-30,1,309,28,28,33,1,Breakout Room,1,1,7,1.0,13832.24,1,62.4,163.38,131.98,3695.44,526.04,2908.73,7130.21,16,2111.68,526.04,2770.22,5407.94,0.5714285714285714,83.946,,2023,3,4,50.7,49.3,1,110.7,136.74,247.44,247.44,136.74,1,0.0,28,0,0,0,1,2,1,8,0,0,1,Banquet,1,0,0.5,526.04,150,1815,3085.54,1,1,0,1,0.0,0.82,19.22,254.65,0.848,0.303,Shoulder,0,2,Wed,0,0,0,0,1,5,4,13165.26,0.8,0,1,26,1.0,High,1,1,100.0,0.0227
B-202303-81643,Booked,Private Individual,Holiday Party,Wedding/Social,In-person,Full Package,Social,Social/Private,RFP,Low,2022-07-17,2022-08-15,16,2023-03-29,2023-03-30,1,255,21,21,23,1,Breakout Room,1,0,13,1.0,8815.17,4,65.6,160.08,126.15,2649.15,510.88,1915.0,5075.03,11,1387.65,510.88,1823.81,3722.34,0.5238095238095238,79.296,,2023,3,2,65.1,34.9,1,89.57,123.57,213.14,213.14,123.57,1,0.0,21,0,0,0,1,2,1,8,0,0,1,Banquet,1,0,1.0,510.88,300,1265,2690.07,1,1,0,1,0.0,0.57,21.2,241.67,0.913,0.435,Shoulder,0,2,Wed,0,0,0,0,1,3,3,5737.77,1.0,0,0,26,0.808,High,1,0,100.0,0.051
B-202303-94889,Booked,Energy Solutions,Annual Sales Conference,Corporate,In-person,Meeting Only,Healthcare,Other,Website,Low,2023-02-05,2023-02-19,7,2023-03-30,2023-03-31,1,53,0,0,106,1,Half Ballroom,0,0,7,0.0,0.0,2,66.6,162.77,0.0,0.0,864.5,2007.41,2871.91,0,0.0,864.5,1911.82,2776.32,,18.036,,2023,3,0,0.0,0.0,0,0.0,0.0,0.0,0.0,0.0,0,0.0,0,0,0,0,1,2,1,12,1,0,1,Theater,3,1,2.5,864.5,1000,2520,4452.85,3,0,0,0,50.0,0.88,100.0,,0.0,0.094,Shoulder,0,3,Thu,0,0,1,0,1,1,1,13750.43,1.0,0,0,170,0.0,Low,0,0,80.0,0.1321
B-202303-50953,Booked,Nursing Council,Leadership Institute,Association,In-person,Full Package,Healthcare,Healthcare,Direct Inquiry,Low,2022-05-01,2022-06-07,26,2023-03-31,2023-04-01,1,334,32,32,36,1,Breakout Room,1,1,11,0.0,0.0,1,68.8,163.31,147.06,4705.92,490.78,1821.88,7018.58,24,3529.44,490.78,1735.13,5755.35,0.75,48.198,,2023,3,2,60.2,39.8,1,82.32,162.15,244.47,244.47,162.15,1,0.0,32,0,0,0,1,1,1,8,0,0,1,Theater,3,1,3.0,490.78,650,2772,4484.75,4,0,0,0,100.0,0.9,9.95,219.33,0.889,0.278,Shoulder,0,4,Fri,1,0,1,0,1,2,2,41277.54,1.0,0,0,131,0.244,Low,0,0,93.3,0.0329
B-202303-75836,Booked,Social Event,Graduation Celebration,Wedding/Social,In-person,Full Package,Social,Social/Private,RFP,Low,2022-08-21,2022-09-23,21,2023-03-31,2023-04-01,1,222,18,18,21,1,Breakout Room,1,1,12,1.0,5949.97,2,64.7,157.35,135.2,2433.6,467.15,1751.52,4652.27,10,1352.0,467.15,1668.11,3487.26,0.5555555555555556,79.434,,2023,3,3,63.5,36.5,1,79.86,140.82,220.68,220.68,140.82,1,0.0,18,0,0,0,1,1,1,4,0,0,1,Banquet,0,0,0.0,467.15,0,1155,1761.46,1,1,0,1,0.0,0.53,14.08,258.46,0.857,0.476,Shoulder,0,4,Fri,1,0,0,0,1,6,5,18573.2,0.8333,0,1,131,0.137,Low,0,0,100.0,0.0541
B-202303-83048,Booked,Travel Club International,Regional History Tour,Corporate,In-person,Rooms Only,Finance,Finance,Sales Call,Low,2023-01-15,2023-01-29,11,2023-03-31,2023-04-02,2,75,39,78,42,0,,0,0,3,0.0,0.0,3,60.1,159.0,126.31,9852.18,0.0,0.0,9852.18,72,9094.32,0.0,0.0,9094.32,0.9230769230769232,0.0,,2023,3,3,64.0,36.0,1,59.76,150.52,210.28,210.28,210.28,2,30.8,27,39,0,0,0,0,0,0,0,0,0,,0,0,0.0,0.0,0,0,0.0,0,0,0,0,0.0,0.0,20.56,126.31,0.929,0.0,Shoulder,0,4,Fri,1,0,1,1,1,0,0,0.0,,1,0,181,0.215,Low,0,0,93.3,0.04
B-202304-15741,Booked,Professional Engineers Society,Professional Development Symposium,Association,In-person,Meeting Only,Association,Other,RFP,Medium,2022-07-15,2022-08-13,24,2023-04-02,2023-04-04,2,261,0,0,138,1,Grand Ballroom,0,1,5,0.0,0.0,3,77.2,161.44,0.0,0.0,2430.47,11640.4,14070.87,0,0.0,2430.47,11086.09,13516.56,,40.167,,2023,4,0,0.0,0.0,0,0.0,0.0,0.0,0.0,0.0,0,0.0,0,0,0,0,1,2,2,16,1,0,1,Classroom,3,1,2.5,2430.47,1000,17664,23981.64,4,0,0,0,100.0,0.57,100.0,,0.0,0.072,Shoulder,0,6,Sun,1,0,1,1,1,3,2,14996.55,0.6667,0,1,73,0.0,Low,0,0,80.0,0.0192
B-202304-35048,Booked,Real Estate Board,Awards Gala Weekend,Association,Virtual,Full Package,Government,Government,Referral,Medium,2022-06-27,2022-07-29,18,2023-04-02,2023-04-03,1,279,96,96,115,1,Half Ballroom,1,1,14,1.0,28428.36,2,84.4,166.85,171.63,16476.48,993.13,1998.17,19467.78,69,11842.47,993.13,1903.02,14738.62,0.71875,16.548,,2023,4,2,71.2,28.8,1,81.2,160.8,242.0,242.0,160.8,1,0.0,96,0,0,0,1,2,1,12,1,0,1,Theater,1,0,1.0,993.13,300,2292,3462.21,4,0,0,0,50.0,0.96,-2.86,202.79,0.835,0.087,Peak,0,6,Sun,1,0,0,0,0,1,1,16392.42,1.0,0,0,73,1.0,High,1,1,100.0,0.0502
B-202304-40932,Booked,Social Event,Smith-Johnson Wedding,Wedding/Social,In-person,Rooms Only,Social,Social/Private,RFP,Low,2022-11-03,2022-12-11,34,2023-04-02,2023-04-03,1,150,20,20,22,0,,0,0,4,1.0,3346.08,2,79.1,165.56,170.6,3412.0,0.0,0.0,3412.0,12,2047.2,0.0,0.0,2047.2,0.6,0.0,,2023,4,2,74.6,25.4,1,52.65,261.07,313.72,261.07,313.72,1,0.0,20,0,0,0,0,0,0,0,0,0,0,,0,0,0.0,0.0,0,0,0.0,0,0,0,0,0.0,0.0,-3.04,170.6,0.909,0.0,Peak,0,6,Sun,1,0,0,1,0,7,6,22060.46,0.8571,0,1,73,0.274,Moderate,0,0,100.0,0.0267
B-202304-98652,Booked,Social Event,Charity Gala,Wedding/Social,In-person,Full Package,Social,Social/Private,RFP,High,2022-06-22,2022-07-20,19,2023-04-02,2023-04-05,3,284,31,93,43,1,Half Ballroom,1,1,9,1.0,46557.98,3,78.1,172.3,157.69,14665.17,1201.66,3677.47,19544.3,53,8357.57,1201.66,3502.35,13061.58,0.5698924731182796,27.15,,2023,4,4,72.7,27.3,1,132.88,139.98,272.86,233.33,150.49,2,7.0,30,31,26,0,1,4,3,16,1,0,1,Banquet,2,0,1.0,1201.66,650,1320,3369.2,1,1,0,1,0.0,0.36,8.48,210.15,0.721,0.233,Peak,0,6,Sun,1,0,0,0,1,7,6,22060.46,0.8571,0,1,4,1.0,High,1,1,100.0,0.0317
B-202304-23875,Booked,Banking Consortium,Product Launch Event,Corporate,In-person,Full Package,Finance,Finance,Website,High,2022-12-29,2023-01-17,12,2023-04-03,2023-04-06,3,95,44,132,54,1,Half Ballroom,1,1,7,0.0,0.0,3,77.4,162.35,156.92,20713.44,1169.96,7995.38,29878.78,120,18830.4,1169.96,7614.65,27615.01,0.9090909090909092,47.004,,2023,4,3,72.7,27.3,1,116.42,225.23,341.65,270.56,270.56,2,11.8,33,44,33,0,1,3,3,24,1,0,1,Classroom,2,0,2.0,1169.96,1050,5160,8042.78,5,0,0,0,100.0,0.45,3.34,226.35,0.815,0.185,Shoulder,0,0,Mon,0,0,1,0,1,5,3,30851.22,0.6,0,1,5,1.0,High,1,1,93.3,0.0737
B-202304-24945,Booked,Service Club,High School Reunion,SMERF,In-person,Full Package,SMERF,Social/Community,Cvent,Medium,2022-12-04,2022-12-30,12,2023-04-03,2023-04-04,1,120,65,65,81,1,Half Ballroom,1,0,14,0.0,0.0,4,80.9,170.59,163.97,10658.05,1853.98,921.6,13433.63,58,9510.26,1853.98,877.72,12241.96,0.8923076923076924,10.836,,2023,4,4,67.5,32.5,1,156.52,171.36,327.88,292.1,171.36,1,0.0,65,0,0,0,2,3,1,16,1,0,1,Theater,1,0,0.67,1853.98,300,432,1879.96,1,0,0,0,33.3,0.68,3.88,206.67,0.802,0.247,Peak,0,0,Mon,0,0,1,0,1,2,2,17954.19,1.0,0,0,4,1.0,High,1,1,93.3,0.1167
B-202304-72739,Booked,Education Foundation,Awards Gala Weekend,Association,In-person,Full Package,Education,Education,Repeat Client,High,2022-08-14,2022-09-10,17,2023-04-03,2023-04-07,4,232,76,304,92,1,Half Ballroom,1,0,10,0.0,0.0,2,77.1,167.31,156.71,47639.84,1053.53,7389.9,56083.27,220,34476.2,1053.53,7038.0,42567.73,0.7236842105263158,19.125,,2023,4,4,63.6,36.4,1,112.7,153.05,265.75,265.75,153.05,2,6.3,68,76,72,63,1,10,4,48,1,0,1,Classroom,3,1,1.8,1053.53,3200,7600,14722.16,5,0,0,0,20.0,0.77,6.34,184.48,0.826,0.109,Shoulder,0,0,Mon,0,1,1,0,1,5,4,94637.19,0.8,0,1,5,1.0,High,1,1,93.3,0.0431
B-202304-35856,Booked,Social Event,Memorial Service Gathering,Wedding/Social,In-person,Full Package,Social,Social/Private,Third-Party Planner,Low,2022-06-09,2022-07-07,18,2023-04-04,2023-04-05,1,299,29,29,37,1,Breakout Room,1,1,10,0.0,0.0,2,76.6,163.82,141.01,4089.29,446.86,2852.21,7388.36,18,2538.18,446.86,2716.39,5701.43,0.6206896551724138,73.416,,2023,4,2,72.5,27.5,1,50.04,127.58,177.62,177.62,127.58,1,0.0,29,0,0,0,1,2,1,8,0,0,1,Banquet,0,0,0.0,446.86,0,2035,3238.41,1,1,0,1,0.0,0.93,13.92,254.77,0.784,0.27,Shoulder,0,1,Tue,0,0,1,0,1,9,8,37169.24,0.8889,0,1,5,1.0,High,1,1,93.3,0.0334
B-202304-41147,Booked,Retail Corporation,Sales Kickoff,Corporate,Virtual,Full Package,Healthcare,Other,Sales Call,Medium,2023-02-06,2023-02-25,10,2023-04-04,2023-04-06,2,57,35,70,39,1,Breakout Room,1,0,9,0.0,0.0,2,82.6,160.74,164.52,11516.4,508.29,3760.44,15785.13,64,10529.28,508.29,3581.37,14618.94,0.9142857142857144,45.915,,2023,4,2,55.4,44.6,0,2.49,166.7,169.19,0.0,166.7,2,25.7,26,35,0,0,1,2,2,16,0,0,1,Classroom,2,0,2.0,508.29,700,4608,7428.16,4,0,0,0,100.0,0.97,-2.35,225.5,0.897,0.256,Peak,0,1,Tue,0,0,1,0,0,4,2,44039.57,0.5,0,1,65,0.538,Moderate,0,0,93.3,0.1579
B-202304-21221,Booked,Financial Services Group,Management Training,Corporate,In-person,Rooms Only,Finance,Finance,Sales Call,Low,2023-01-31,2023-02-12,9,2023-04-06,2023-04-07,1,65,56,56,61,0,,0,0,3,0.0,0.0,2,78.0,172.12,170.91,9570.96,0.0,0.0,9570.96,45,7690.95,0.0,0.0,7690.95,0.8035714285714286,0.0,,2023,4,4,72.6,27.4,1,132.74,146.05,278.79,278.79,147.7,1,0.0,56,0,0,0,0,0,0,0,0,0,0,,0,0,0.0,0.0,0,0,0.0,0,0,0,0,0.0,0.0,0.7,170.91,0.918,0.0,Peak,0,3,Thu,0,0,1,1,0,5,3,15722.59,0.6,0,1,61,0.918,High,1,0,93.3,0.0462
B-202304-89254,Booked,Cultural Journeys,Garden Tour Society,Corporate,Hybrid,Rooms Only,Trade/Manufacturing,Trade/Manufacturing,Sales Call,High,2023-01-29,2023-02-17,14,2023-04-06,2023-04-07,1,67,27,27,29,0,,0,0,5,0.0,0.0,4,78.0,169.26,162.02,4374.54,0.0,0.0,4374.54,26,4212.52,0.0,0.0,4212.52,0.9629629629629628,0.0,,2023,4,3,61.0,39.0,1,130.99,145.29,276.28,237.73,145.29,1,0.0,27,0,0,0,0,0,0,0,0,0,0,,0,0,0.0,0.0,0,0,0.0,0,0,0,0,0.0,0.0,4.28,162.02,0.931,0.0,Peak,0,3,Thu,0,0,1,1,1,1,1,2368.15,1.0,0,0,61,0.443,Moderate,0,0,93.3,0.0746
B-202304-28030,Booked,Pharmaceutical Partners,Quarterly Business Review,Corporate,Hybrid,Full Package,Healthcare,Healthcare,RFP,Medium,2023-01-16,2023-02-04,8,2023-04-07,2023-04-09,2,81,44,88,49,1,Half Ballroom,1,0,11,1.0,24294.46,2,73.0,164.51,165.5,14564.0,1249.61,4751.2,20564.81,71,11750.5,1249.61,4524.95,17525.06,0.8068181818181818,46.173,,2023,4,3,64.0,36.0,1,57.88,143.17,201.05,201.05,143.17,2,15.9,37,44,0,0,1,2,2,16,1,0,1,Classroom,2,0,1.5,1249.61,500,3072,4768.96,4,0,0,0,100.0,0.41,-0.6,233.69,0.898,0.204,Shoulder,0,4,Fri,1,0,0,0,0,7,5,56817.92,0.7143,0,1,131,0.336,Moderate,0,0,100.0,0.1358
B-202304-92346,Booked,Global Industries,Town Hall Meeting,Corporate,Hybrid,Rooms Only,Technology,Other,Website,Low,2023-02-18,2023-03-09,12,2023-04-08,2023-04-10,2,49,45,90,49,0,,0,1,7,1.0,14426.22,1,83.0,167.23,164.33,14789.7,0.0,0.0,14789.7,87,14296.71,0.0,0.0,14296.71,0.9666666666666668,0.0,,2023,4,4,63.7,36.3,1,84.43,159.32,243.75,243.75,163.89,2,4.4,43,45,0,0,0,0,0,0,0,0,0,,0,0,0.0,0.0,0,0,0.0,0,0,0,0,0.0,0.0,1.73,164.33,0.918,0.0,Peak,0,5,Sat,1,0,0,0,0,7,5,73450.55,0.7143,0,1,127,0.354,Moderate,0,0,100.0,0.1429
B-202304-17518,Booked,Family Celebration,Smith-Johnson Wedding,Wedding/Social,Hybrid,Full Package,Social,Social/Private,Sales Call,Low,2022-06-18,2022-08-09,38,2023-04-09,2023-04-10,1,295,48,48,62,1,Half Ballroom,1,1,14,1.0,19526.27,2,81.9,162.28,154.54,7417.92,1317.96,5156.31,13892.19,29,4481.66,1317.96,4910.77,10710.39,0.6041666666666666,79.206,,2023,4,2,51.4,48.6,1,131.81,141.76,273.57,273.57,141.76,1,0.0,48,0,0,0,1,2,1,8,1,0,1,Banquet,2,0,1.5,1317.96,500,1080,2276.7,1,0,1,1,0.0,0.52,4.77,289.42,0.774,0.161,Peak,0,6,Sun,1,0,0,0,1,2,2,4836.35,1.0,0,0,127,0.378,Moderate,0,0,100.0,0.0475
B-202304-52291,Booked,Professional Engineers Society,Annual Member Conference,Association,In-person,Full Package,Association,Other,Cvent,Medium,2022-07-29,2022-08-30,23,2023-04-10,2023-04-12,2,255,57,114,68,1,Half Ballroom,1,0,9,1.0,41735.21,2,81.6,162.82,165.32,18846.48,1445.35,5862.65,26154.48,77,12729.64,1445.35,5583.48,19758.47,0.6754385964912281,41.055,,2023,4,3,66.2,33.8,1,116.95,174.61,291.56,291.56,174.61,2,1.8,56,57,0,0,2,2,2,16,1,0,1,Classroom,3,1,2.5,1445.35,1000,2100,4235.38,5,0,0,0,100.0,0.57,-1.54,229.43,0.838,0.294,Peak,0,0,Mon,0,0,0,0,0,4,3,28513.11,0.75,0,1,112,0.509,Moderate,0,0,100.0,0.0353
B-202304-52981,Booked,Insurance Federation,Professional Development Symposium,Association,In-person,Full Package,Finance,Finance,Referral,Medium,2022-06-09,2022-07-07,14,2023-04-11,2023-04-14,3,306,51,153,60,1,Half Ballroom,1,0,14,1.0,40374.34,1,79.7,167.36,163.46,25009.38,1173.29,9514.26,35696.93,104,16999.84,1173.29,9061.2,27234.33,0.6797385620915033,50.34,,2023,4,4,58.1,41.9,1,100.11,137.61,237.72,237.72,145.74,2,6.4,47,51,43,0,1,3,3,24,1,0,1,Classroom,3,1,2.67,1173.29,1650,3120,6617.6,4,0,0,0,100.0,0.5,2.33,233.31,0.85,0.167,Peak,0,1,Tue,0,0,0,0,0,4,3,52527.43,0.75,0,1,0,,Unknown,0,1,100.0,0.0458
B-202304-20057,Booked,State Medical Association,Committee Meeting,Association,In-person,Full Package,Healthcare,Healthcare,Direct Inquiry,Medium,2022-07-21,2022-08-15,14,2023-04-12,2023-04-15,3,265,31,93,39,1,Breakout Room,1,1,11,1.0,34502.66,1,73.4,166.19,161.12,14984.16,571.88,5418.17,20974.21,74,11922.88,571.88,5160.17,17654.93,0.7956989247311828,44.104,,2023,4,2,67.8,32.2,1,52.27,249.92,302.19,249.92,302.19,2,16.0,20,31,21,0,1,3,3,24,0,0,1,Classroom,3,1,2.33,571.88,1350,7380,11823.67,5,0,0,0,100.0,0.97,3.05,225.53,0.795,0.256,Shoulder,0,2,Wed,0,0,0,0,1,5,5,134883.99,1.0,0,0,0,,Unknown,0,1,100.0,0.0415
B-202304-47079,Booked,Personal Event,Bar/Bat Mitzvah,Wedding/Social,In-person,Full Package,Social,Social/Private,Cvent,Low,2022-11-13,2022-12-24,30,2023-04-12,2023-04-13,1,150,39,39,47,1,Half Ballroom,1,0,11,0.0,0.0,1,78.4,168.37,146.97,5731.83,822.1,3847.52,10401.45,21,3086.37,822.1,3664.31,7572.78,0.5384615384615384,77.964,,2023,4,3,74.2,25.8,1,48.11,121.85,169.96,169.96,121.85,1,0.0,39,0,0,0,1,2,1,8,1,0,1,Reception,1,0,0.5,822.1,150,1320,2158.56,1,1,0,1,0.0,0.39,12.71,266.7,0.83,0.213,Peak,0,2,Wed,0,0,1,0,1,6,5,16565.82,0.8333,0,1,0,,Unknown,0,1,93.3,0.0733
B-202304-51770,Booked,Technology Innovators,Quarterly Business Review,Corporate,In-person,Full Package,Technology,Technology,Repeat Client,High,2023-03-03,2023-03-30,14,2023-04-12,2023-04-14,2,40,81,162,109,1,Half Ballroom,1,1,13,1.0,46856.88,1,78.9,168.77,170.22,27575.64,1746.1,4139.43,33461.17,147,25022.34,1746.1,3942.31,30710.75,0.9074074074074074,18.084,,2023,4,3,51.0,49.0,1,40.31,172.35,212.66,212.66,172.35,2,12.3,71,81,0,0,2,5,2,24,1,0,1,Classroom,3,1,2.0,1746.1,1850,4614,8432.35,4,0,0,0,20.0,0.91,-0.86,206.55,0.743,0.183,Peak,0,2,Wed,0,1,0,0,0,3,2,49069.87,0.6667,0,1,0,,Unknown,0,1,100.0,0.325
B-202304-94252,Booked,Social Event,Family Reunion Weekend,Wedding/Social,In-person,Full Package,Social,Social/Private,Direct Inquiry,Medium,2022-05-21,2022-06-15,14,2023-04-12,2023-04-14,2,326,30,60,40,1,Breakout Room,1,1,11,0.0,0.0,1,73.8,171.54,157.95,9477.0,452.7,3511.62,13441.32,39,6160.05,452.7,3344.4,9957.15,0.65,41.805,,2023,4,2,51.3,48.7,0,132.86,148.2,281.06,0.0,148.2,2,13.3,26,30,0,0,1,3,2,12,0,0,1,Reception,2,0,1.33,452.7,700,2200,4690.97,1,1,0,1,0.0,1.0,7.92,224.02,0.75,0.25,Shoulder,0,2,Wed,0,0,1,0,1,10,9,42870.67,0.9,0,1,0,,Unknown,0,1,93.3,0.0337
B-202304-58567,Booked,Legal Society,State Convention,Association,In-person,Full Package,Legal,Legal,Website,Medium,2022-09-09,2022-10-19,26,2023-04-13,2023-04-15,2,216,65,130,82,1,Half Ballroom,1,0,14,0.0,0.0,4,82.0,165.78,168.64,21923.2,1132.18,3370.3,26425.68,89,15008.96,1132.18,3209.81,19350.95,0.6846153846153846,19.572,,2023,4,2,62.8,37.2,0,20.11,148.42,168.53,0.0,148.42,2,10.8,58,65,0,0,1,4,2,24,1,0,1,Theater,3,1,2.0,1132.18,1500,4352,7625.82,5,0,0,0,50.0,0.68,-1.73,203.27,0.793,0.122,Peak,0,3,Thu,0,0,1,0,0,6,4,63868.68,0.6667,0,1,124,0.524,Moderate,0,0,93.3,0.0648
B-202304-17852,Booked,Nursing Council,Policy Symposium,Association,Hybrid,Full Package,Healthcare,Healthcare,Referral,Medium,2022-10-04,2022-11-11,28,2023-04-15,2023-04-17,2,193,52,104,64,1,Half Ballroom,1,1,10,0.0,0.0,3,79.4,163.66,149.32,15529.28,970.03,5771.41,22270.72,78,11646.96,970.03,5496.58,18113.57,0.75,42.942,,2023,4,4,53.8,46.2,1,130.21,140.91,271.12,271.12,160.14,2,15.4,44,52,0,0,1,2,2,16,1,0,1,Classroom,2,0,1.5,970.03,500,2340,4062.81,5,0,0,0,100.0,0.53,8.76,214.14,0.812,0.156,Peak,0,5,Sat,1,0,1,0,1,3,3,47032.89,1.0,0,0,168,0.31,Moderate,0,0,93.3,0.0518
B-202304-15130,Booked,Pharmaceutical Partners,Performance Review Summit,Corporate,In-person,Rooms Only,Healthcare,Healthcare,Repeat Client,Low,2023-01-23,2023-02-07,10,2023-04-17,2023-04-18,1,84,36,36,39,0,,0,0,5,0.0,0.0,1,75.8,168.61,163.26,5877.36,0.0,0.0,5877.36,31,5061.06,0.0,0.0,5061.06,0.8611111111111112,0.0,,2023,4,3,73.6,26.4,1,168.33,143.93,312.26,202.41,143.93,1,0.0,36,0,0,0,0,0,0,0,0,0,0,,0,0,0.0,0.0,0,0,0.0,0,0,0,0,0.0,0.0,3.17,163.26,0.923,0.0,Shoulder,0,0,Mon,0,1,1,1,1,8,6,74342.98,0.75,0,1,174,0.207,Low,0,0,93.3,0.0595
B-202304-36342,Booked,Social Event,Holiday Party,Wedding/Social,In-person,Full Package,Social,Social/Private,Website,Low,2022-08-10,2022-09-09,23,2023-04-17,2023-04-18,1,250,10,10,11,1,Boardroom,1,1,7,0.0,0.0,3,76.8,169.21,158.11,1581.1,261.53,894.18,2736.81,5,790.55,261.53,851.6,1903.68,0.5,77.418,,2023,4,4,51.2,48.8,1,24.58,167.99,192.57,192.57,168.48,1,0.0,10,0,0,0,1,1,1,4,0,1,1,Boardroom,0,0,0.0,261.53,0,605,1145.62,1,1,0,1,0.0,0.79,6.56,273.68,0.909,0.909,Shoulder,0,0,Mon,0,0,1,0,1,11,10,52827.82,0.9091,0,1,174,0.057,Low,0,0,93.3,0.028
B-202304-47243,Booked,Family Celebration,Martinez-Garcia Wedding,Wedding/Social,In-person,Full Package,Social,Social/Private,Repeat Client,Medium,2022-04-18,2022-05-29,32,2023-04-18,2023-04-19,1,365,37,37,48,1,Half Ballroom,1,0,9,1.0,16437.95,1,78.0,168.77,161.66,5981.42,1088.27,3742.2,10811.89,23,3718.18,1088.27,3564.0,8370.45,0.6216216216216216,74.25,,2023,4,2,65.4,34.6,1,44.68,179.9,224.58,224.58,179.9,1,0.0,37,0,0,0,1,1,1,4,1,0,1,Reception,0,0,0.0,1088.27,0,1320,1648.17,1,1,0,1,0.0,0.4,4.21,292.21,0.771,0.208,Peak,0,1,Tue,0,1,0,0,1,3,3,15546.74,1.0,0,0,183,0.202,Low,0,0,100.0,0.0247
B-202304-41711,Booked,Real Estate Board,Board Retreat,Association,In-person,Rooms Only,Government,Government,Direct Inquiry,High,2022-07-16,2022-08-09,21,2023-04-21,2023-04-24,3,279,92,276,101,0,,0,1,3,1.0,44724.69,1,81.8,168.37,162.85,44946.6,0.0,0.0,44946.6,204,33221.4,0.0,0.0,33221.4,0.7391304347826086,0.0,,2023,4,3,67.5,32.5,0,152.08,153.27,305.35,0.0,153.27,2,4.5,82,92,86,0,0,0,0,0,0,0,0,,0,0,0.0,0.0,0,0,0.0,0,0,0,0,0.0,0.0,3.28,162.85,0.911,0.0,Peak,0,4,Fri,1,0,0,1,1,2,2,31131.04,1.0,0,0,0,,Unknown,0,1,100.0,0.0108
B-202304-18511,Booked,Professional Engineers Society,Committee Meeting,Association,In-person,Full Package,Association,Other,Website,Low,2022-09-08,2022-10-19,28,2023-04-22,2023-04-24,2,226,27,54,34,1,Breakout Room,1,1,13,1.0,14573.24,2,75.7,157.39,147.14,7945.56,419.39,2931.97,11296.92,36,5297.04,419.39,2792.35,8508.78,0.6666666666666666,41.064,,2023,4,3,57.8,42.2,1,94.18,163.3,257.48,257.48,163.3,2,29.6,19,27,0,0,1,2,2,16,0,0,1,Classroom,2,0,1.5,419.39,500,3638,6035.42,4,0,0,0,100.0,0.85,6.51,209.2,0.794,0.294,Shoulder,0,5,Sat,1,0,0,0,1,5,4,48271.58,0.8,0,1,0,,Unknown,0,1,100.0,0.0575
B-202304-26821,Booked,Consulting Network,Leadership Summit,Corporate,In-person,Full Package,Professional Services,Professional Services,RFP,Low,2023-01-22,2023-02-09,11,2023-04-22,2023-04-23,1,90,40,40,51,1,Half Ballroom,1,1,7,0.0,0.0,4,82.8,165.92,169.92,6796.8,1349.46,2683.18,10829.44,33,5607.36,1349.46,2555.41,9512.23,0.825,50.106,,2023,4,4,64.5,35.5,0,187.8,146.42,334.22,0.0,146.42,1,0.0,40,0,0,0,1,1,1,8,1,0,1,Theater,3,1,3.0,1349.46,650,1560,2840.85,3,0,0,0,100.0,0.42,-2.41,270.74,0.784,0.196,Peak,0,5,Sat,1,0,1,0,0,0,0,0.0,,1,0,0,,Unknown,0,1,93.3,0.0778
B-202304-58623,Booked,Accounting Institute,Annual Member Conference,Association,Hybrid,Full Package,Finance,Finance,Cvent,High,2022-11-13,2022-12-10,19,2023-04-22,2023-04-25,3,160,73,219,90,1,Half Ballroom,1,0,8,1.0,58553.64,1,79.9,173.01,164.47,36018.93,1519.04,5091.66,42629.63,136,22367.92,1519.04,4849.2,28736.16,0.6210045662100456,17.96,,2023,4,2,72.2,27.8,1,36.62,264.31,300.93,264.31,264.31,2,6.2,72,73,63,0,2,7,3,36,1,0,1,Classroom,2,0,1.57,1519.04,1850,5488,10058.7,5,0,0,0,28.6,0.75,4.94,194.66,0.811,0.222,Peak,0,5,Sat,1,0,0,0,1,5,5,109221.83,1.0,0,0,0,,Unknown,0,1,100.0,0.05
B-202304-91006,Booked,Personal Event,Charity Gala,Wedding/Social,In-person,Full Package,Social,Social/Private,Direct Inquiry,Low,2022-07-31,2022-09-19,38,2023-04-22,2023-04-24,2,265,16,32,20,1,Breakout Room,1,1,12,1.0,14772.14,3,74.4,166.14,162.79,5209.28,521.69,1890.25,7621.22,20,3255.8,521.69,1800.24,5577.73,0.625,45.006,,2023,4,2,53.9,46.1,1,49.58,206.7,256.28,256.28,256.28,2,0.0,16,16,0,0,1,2,2,8,0,0,1,Reception,2,0,1.5,521.69,500,1100,2854.67,1,1,0,1,0.0,0.5,2.02,238.16,0.8,0.5,Shoulder,0,5,Sat,1,0,0,0,0,8,6,24138.6,0.75,0,1,0,,Unknown,0,1,100.0,0.0453
B-202304-99838,Booked,Pharmaceutical Partners,Town Hall Meeting,Corporate,In-person,Full Package,Healthcare,Healthcare,Cvent,Medium,2022-12-26,2023-01-11,9,2023-04-22,2023-04-23,1,117,71,71,80,1,Half Ballroom,1,0,7,1.0,16296.07,2,73.8,161.59,156.64,11121.44,1006.11,3637.87,15765.42,56,8771.84,1006.11,3464.64,13242.59,0.7887323943661971,43.308,,2023,4,4,52.9,47.1,0,169.92,153.15,323.07,0.0,155.35,1,0.0,71,0,0,0,1,1,1,8,1,0,1,Classroom,2,0,2.0,1006.11,350,2088,2983.95,4,0,0,0,100.0,0.67,3.06,222.05,0.888,0.125,Shoulder,0,5,Sat,1,0,0,0,1,9,7,79404.04,0.7778,0,1,0,,Unknown,0,1,100.0,0.0598
B-202304-26341,Booked,Service Club,Military Reunion,SMERF,In-person,Rooms Only,SMERF,Social/Community,Repeat Client,Low,2023-01-26,2023-02-12,14,2023-04-23,2023-04-24,1,87,14,14,15,0,,0,1,3,0.0,0.0,1,85.2,166.83,168.14,2353.96,0.0,0.0,2353.96,12,2017.68,0.0,0.0,2017.68,0.8571428571428571,0.0,,2023,4,2,61.4,38.6,0,8.38,153.9,162.28,0.0,153.9,1,0.0,14,0,0,0,0,0,0,0,0,0,0,,0,0,0.0,0.0,0,0,0.0,0,0,0,0,0.0,0.0,-0.79,168.14,0.933,0.0,Peak,1,6,Sun,1,1,1,1,0,3,3,30196.15,1.0,0,0,0,,Unknown,0,1,93.3,0.0345
B-202304-60678,Booked,Technology Innovators,Management Training,Corporate,Virtual,Rooms Only,Technology,Technology,Sales Call,Low,2023-02-25,2023-03-13,11,2023-04-24,2023-04-26,2,58,51,102,56,0,,0,0,5,1.0,18325.36,2,77.1,169.03,168.74,17211.48,0.0,0.0,17211.48,85,14342.9,0.0,0.0,14342.9,0.8333333333333334,0.0,,2023,4,2,59.7,40.3,1,77.39,172.35,249.74,249.74,249.74,2,11.8,45,51,0,0,0,0,0,0,0,0,0,,0,0,0.0,0.0,0,0,0.0,0,0,0,0,0.0,0.0,0.17,168.74,0.911,0.0,Shoulder,0,0,Mon,0,0,0,1,0,4,3,79780.62,0.75,0,1,125,0.408,Moderate,0,0,100.0,0.0862
B-202304-68799,Booked,Consulting Network,New Hire Orientation,Corporate,In-person,Full Package,Professional Services,Professional Services,Cvent,Low,2023-01-31,2023-02-22,11,2023-04-25,2023-04-27,2,84,44,88,60,1,Half Ballroom,1,0,11,0.0,0.0,1,79.4,163.08,168.22,14803.36,1371.05,6118.31,22292.72,78,13121.16,1371.05,5826.96,20319.17,0.8863636363636364,48.558,,2023,4,3,68.0,32.0,1,178.59,173.43,352.02,273.49,173.43,2,18.2,36,44,0,0,1,2,2,16,1,0,1,Classroom,2,0,2.0,1371.05,700,3336,5218.02,4,0,0,0,100.0,0.5,-3.15,253.33,0.733,0.167,Peak,0,1,Tue,0,0,1,0,0,2,1,9512.23,0.5,0,1,110,0.4,Moderate,0,0,93.3,0.131
B-202304-17362,Booked,Professional Services Group,Product Launch Event,Corporate,In-person,Rooms Only,Healthcare,Other,Referral,Low,2023-01-19,2023-02-05,10,2023-04-26,2023-04-28,2,97,52,104,57,0,,0,0,7,0.0,0.0,2,79.1,167.55,159.17,16553.68,0.0,0.0,16553.68,82,13051.94,0.0,0.0,13051.94,0.7884615384615384,0.0,,2023,4,3,52.5,47.5,1,99.95,154.48,254.43,254.43,154.48,2,5.8,49,52,0,0,0,0,0,0,0,0,0,,0,0,0.0,0.0,0,0,0.0,0,0,0,0,0.0,0.0,5.0,159.17,0.912,0.0,Peak,0,2,Wed,0,0,1,0,1,5,3,46275.91,0.6,0,1,168,0.31,Moderate,0,0,93.3,0.0722
B-202304-65640,Booked,Senior Adventures,Museum Tour Package,Corporate,In-person,Rooms Only,Trade/Manufacturing,Trade/Manufacturing,Referral,Medium,2023-01-26,2023-02-08,8,2023-04-26,2023-04-27,1,90,14,14,15,0,,0,0,5,0.0,0.0,2,79.0,169.62,174.8,2447.2,0.0,0.0,2447.2,12,2097.6,0.0,0.0,2097.6,0.8571428571428571,0.0,,2023,4,3,74.0,26.0,1,68.59,183.86,252.45,252.45,201.59,1,0.0,14,0,0,0,0,0,0,0,0,0,0,,0,0,0.0,0.0,0,0,0.0,0,0,0,0,0.0,0.0,-3.05,174.8,0.933,0.0,Peak,0,2,Wed,0,0,1,1,0,1,1,2781.4,1.0,0,0,110,0.127,Low,0,0,93.3,0.0556
B-202304-39102,Booked,Retail Corporation,Product Launch Event,Corporate,In-person,Meeting Only,Professional Services,Other,Cvent,Low,2023-02-13,2023-03-06,12,2023-04-27,2023-04-29,2,73,0,0,138,1,Grand Ballroom,0,1,9,1.0,31969.68,1,86.9,166.4,0.0,0.0,2113.71,14466.82,16580.53,0,0.0,2113.71,13777.92,15891.63,,49.92,,2023,4,0,0.0,0.0,0,0.0,0.0,0.0,0.0,0.0,0,0.0,0,0,0,0,1,2,2,16,1,0,1,Theater,3,1,3.0,2113.71,1300,19320,25381.65,5,0,0,0,100.0,0.57,100.0,,0.0,0.072,Peak,1,3,Thu,0,0,0,0,1,5,3,58658.51,0.6,0,1,168,0.0,Low,0,0,86.7,0.1233
B-202304-58213,Booked,Family Celebration,Anniversary Celebration,Wedding/Social,In-person,Rooms Only,Social,Social/Private,RFP,Low,2022-07-24,2022-08-29,31,2023-04-29,2023-04-30,1,279,22,22,24,0,,0,1,5,1.0,4005.23,3,79.5,169.23,172.93,3804.46,0.0,0.0,3804.46,14,2421.02,0.0,0.0,2421.02,0.6363636363636364,0.0,,2023,4,3,55.0,45.0,1,69.8,149.94,219.74,219.74,149.94,1,0.0,22,0,0,0,0,0,0,0,0,0,0,,0,0,0.0,0.0,0,0,0.0,0,0,0,0,0.0,0.0,-2.19,172.93,0.917,0.0,Peak,0,5,Sat,1,0,0,1,0,4,4,23917.19,1.0,0,0,198,0.111,Low,0,0,100.0,0.0179
B-202304-95437,Booked,State Medical Association,Continuing Education Conference,Association,In-person,Full Package,Healthcare,Healthcare,RFP,Medium,2022-05-30,2022-06-26,19,2023-04-30,2023-05-02,2,335,89,178,106,1,Half Ballroom,1,1,8,1.0,49439.28,2,81.3,159.13,154.45,27492.1,1665.02,4187.11,33344.23,127,19615.15,1665.02,3987.72,25267.89,0.7134831460674157,18.81,,2023,4,2,50.5,49.5,0,159.07,140.26,299.33,0.0,140.26,2,13.5,77,89,0,0,2,4,2,24,1,0,1,Theater,3,1,2.25,1665.02,1700,4248,7725.02,4,0,0,0,50.0,0.88,2.94,187.33,0.84,0.189,Peak,0,6,Sun,1,0,0,0,0,6,6,152538.92,1.0,0,0,0,,Unknown,0,1,100.0,0.0239
B-202305-46010,Booked,Community Church,Youth Sports Tournament,SMERF,In-person,Full Package,SMERF,Religious,Sales Call,Medium,2022-12-31,2023-01-27,18,2023-05-01,2023-05-03,2,121,45,90,62,1,Half Ballroom,1,0,9,0.0,0.0,3,81.5,172.03,160.31,14427.9,931.1,1418.27,16777.27,77,12343.87,931.1,1350.73,14625.7,0.8555555555555555,10.893,,2023,5,3,51.3,48.7,1,143.71,149.83,293.54,199.86,149.83,2,17.8,37,45,0,0,1,4,2,16,1,0,1,Classroom,2,0,1.5,931.1,1000,1400,3807.46,1,0,0,0,0.0,0.52,6.81,186.41,0.726,0.161,Peak,0,0,Mon,0,0,1,0,1,0,0,0.0,,1,0,0,,Unknown,0,1,93.3,0.0744
B-202305-48669,Booked,Manufacturing Alliance,Innovation Workshop,Corporate,In-person,Full Package,Finance,Other,Cvent,Medium,2023-02-10,2023-03-04,13,2023-05-01,2023-05-04,3,80,32,96,41,1,Half Ballroom,1,0,9,1.0,37978.47,4,81.7,175.61,171.75,16488.0,889.18,5295.15,22672.33,81,13911.75,889.18,5043.0,19843.93,0.84375,41.0,,2023,5,2,56.0,44.0,1,60.78,183.24,244.02,244.02,244.02,2,12.8,28,32,22,0,1,3,3,24,1,0,1,Classroom,3,1,2.67,889.18,1650,5208,8660.13,5,0,0,0,100.0,0.34,2.2,236.17,0.78,0.244,Peak,0,0,Mon,0,0,0,0,0,5,2,39801.99,0.4,0,1,0,,Unknown,0,1,100.0,0.1125
B-202305-69770,Booked,Banking Consortium,Leadership Summit,Corporate,In-person,Full Package,Finance,Finance,Cvent,Medium,2023-02-05,2023-02-24,7,2023-05-01,2023-05-03,2,85,46,92,51,1,Half Ballroom,1,1,12,0.0,0.0,1,82.0,169.66,166.84,15349.28,1236.1,4708.97,21294.35,74,12346.16,1236.1,4484.74,18067.0,0.8043478260869565,43.968,,2023,5,4,70.7,29.3,1,152.61,163.56,316.17,261.67,163.56,2,10.9,41,46,0,0,1,2,2,16,1,0,1,Classroom,2,0,1.5,1236.1,500,3936,5683.35,5,0,0,0,100.0,0.42,1.66,231.46,0.902,0.196,Peak,0,0,Mon,0,0,1,0,0,6,4,58466.23,0.6667,0,1,0,,Unknown,0,1,93.3,0.1412
B-202305-89007,Booked,Family Celebration,Engagement Party,Wedding/Social,In-person,Rooms Only,Social,Social/Private,Direct Inquiry,Low,2022-08-10,2022-09-13,30,2023-05-01,2023-05-02,1,264,15,15,16,0,,0,0,4,0.0,0.0,3,82.8,170.4,165.17,2477.55,0.0,0.0,2477.55,8,1321.36,0.0,0.0,1321.36,0.5333333333333333,0.0,,2023,5,2,51.8,48.2,1,30.18,168.83,199.01,199.01,168.83,1,0.0,15,0,0,0,0,0,0,0,0,0,0,,0,0,0.0,0.0,0,0,0.0,0,0,0,0,0.0,0.0,3.07,165.17,0.938,0.0,Peak,0,0,Mon,0,0,1,1,1,5,5,26338.21,1.0,0,0,0,,Unknown,0,1,93.3,0.0152
B-202305-20358,Booked,Heritage Travel,Historic Sites Tour,SMERF,Virtual,Full Package,Government,Government,Referral,Low,2023-01-15,2023-02-11,14,2023-05-02,2023-05-04,2,107,38,76,52,1,Half Ballroom,0,0,13,0.0,0.0,1,85.2,158.94,158.18,12021.68,1201.48,0.0,13223.16,75,11863.5,1201.48,0.0,13064.98,0.986842105263158,0.0,,2023,5,2,59.5,40.5,1,98.48,209.85,308.33,209.85,209.85,2,15.8,32,38,0,0,1,2,2,8,1,0,1,Classroom,1,0,1.0,1201.48,300,0,970.56,0,0,0,0,0.0,0.43,0.48,173.99,0.731,0.192,Peak,1,1,Tue,0,0,1,0,0,2,1,1686.5,0.5,0,1,12,1.0,High,1,1,93.3,0.1215
B-202305-40427,Booked,Personal Event,Martinez-Garcia Wedding,Wedding/Social,In-person,Full Package,Social,Social/Private,Website,Low,2022-10-18,2022-11-24,28,2023-05-02,2023-05-03,1,196,12,12,14,1,Boardroom,1,1,9,0.0,0.0,3,84.1,168.29,167.26,2007.12,394.64,1053.46,3455.22,6,1003.56,394.64,1003.3,2401.5,0.5,71.664,,2023,5,4,63.8,36.2,1,120.08,156.79,276.87,276.87,165.25,1,0.0,12,0,0,0,1,1,1,4,0,1,1,Boardroom,2,0,2.0,394.64,350,630,1573.93,1,0,1,1,0.0,1.0,0.61,287.94,0.857,0.714,Peak,0,1,Tue,0,0,1,0,0,9,7,29716.33,0.7778,0,1,0,,Unknown,0,1,93.3,0.0459
B-202305-64950,Booked,Banking Consortium,Performance Review Summit,Corporate,In-person,Full Package,Finance,Finance,Repeat Client,Medium,2023-01-04,2023-01-25,9,2023-05-02,2023-05-03,1,118,75,75,87,1,Half Ballroom,1,1,12,1.0,19972.31,1,80.3,169.48,175.49,13161.75,1339.84,1674.44,16176.03,71,12459.79,1339.84,1594.71,15394.34,0.9466666666666668,18.33,,2023,5,4,56.8,43.2,1,93.81,190.46,284.27,284.27,190.46,1,0.0,75,0,0,0,1,2,1,12,1,0,1,Theater,3,1,2.5,1339.84,1000,1806,3727.84,4,0,0,0,50.0,0.72,-3.55,215.68,0.862,0.115,Peak,0,1,Tue,0,1,0,0,0,7,5,76533.23,0.7143,0,1,0,,Unknown,0,1,100.0,0.1017
B-202305-74866,Booked,Heritage Travel,Regional History Tour,SMERF,In-person,Rooms Only,Government,Government,Website,Low,2023-03-06,2023-03-27,18,2023-05-02,2023-05-04,2,57,28,56,30,0,,0,0,3,0.0,0.0,4,78.7,167.28,155.59,8713.04,0.0,0.0,8713.04,55,8557.45,0.0,0.0,8557.45,0.9821428571428572,0.0,,2023,5,3,65.6,34.4,1,108.89,162.11,271.0,271.0,172.01,2,42.9,16,28,0,0,0,0,0,0,0,0,0,,0,0,0.0,0.0,0,0,0.0,0,0,0,0,0.0,0.0,6.99,155.59,0.933,0.0,Peak,0,1,Tue,0,0,1,1,1,2,1,1686.5,0.5,0,1,12,1.0,High,1,1,93.3,0.0526
B-202305-98299,Booked,Global Industries,Management Training,Corporate,In-person,Full Package,Professional Services,Other,Third-Party Planner,High,2023-03-05,2023-03-29,10,2023-05-02,2023-05-04,2,58,86,172,117,1,Half Ballroom,1,1,14,0.0,0.0,3,78.6,170.05,179.73,30913.56,891.11,4498.52,36303.19,157,28217.61,891.11,4284.31,33393.03,0.9127906976744186,18.309,,2023,5,3,74.4,25.6,1,110.87,179.37,290.24,290.24,179.37,2,1.2,85,86,0,0,1,5,2,24,1,0,1,Theater,3,1,2.0,891.11,1850,4422,8267.17,5,0,0,0,20.0,0.97,-5.69,211.07,0.735,0.085,Peak,0,1,Tue,0,0,1,0,0,8,6,87747.26,0.75,0,1,12,1.0,High,1,1,93.3,0.2414
B-202305-22502,Booked,Personal Event,Graduation Celebration,Wedding/Social,In-person,Full Package,Social,Social/Private,Website,Low,2022-05-03,2022-05-25,15,2023-05-03,2023-05-05,2,365,24,48,33,1,Breakout Room,1,1,7,0.0,0.0,4,79.6,169.83,159.0,7632.0,400.34,2655.92,10688.26,33,5247.0,400.34,2529.45,8176.79,0.6875,38.325,,2023,5,3,68.2,31.8,1,19.14,172.17,191.31,191.31,172.4,2,50.0,12,24,0,0,1,2,2,8,0,0,1,Banquet,1,0,1.0,400.34,300,1815,3398.86,1,1,0,1,0.0,0.82,6.38,222.67,0.727,0.303,Peak,0,2,Wed,0,0,1,0,1,10,8,32117.83,0.8,0,1,134,0.179,Low,0,0,93.3,0.0192
B-202305-28018,Booked,Family Celebration,Graduation Celebration,Wedding/Social,In-person,Rooms Only,Social,Social/Private,RFP,Low,2022-05-04,2022-06-03,24,2023-05-04,2023-05-06,2,365,15,30,16,0,,0,1,6,0.0,0.0,2,82.6,171.77,182.08,5462.4,0.0,0.0,5462.4,18,3277.44,0.0,0.0,3277.44,0.6,0.0,,2023,5,4,72.7,27.3,1,198.88,176.32,375.2,297.51,176.32,2,80.0,3,15,0,0,0,0,0,0,0,0,0,,0,0,0.0,0.0,0,0,0.0,0,0,0,0,0.0,0.0,-6.0,182.08,0.938,0.0,Peak,0,3,Thu,0,0,1,0,0,6,6,27659.57,1.0,0,0,70,0.214,Low,0,0,93.3,0.0164
B-202305-86434,Booked,Pharmaceutical Partners,Strategic Planning Retreat,Corporate,In-person,Full Package,Healthcare,Healthcare,RFP,Low,2023-02-11,2023-02-28,10,2023-05-04,2023-05-05,1,82,47,47,52,1,Half Ballroom,1,1,7,0.0,0.0,2,82.2,176.52,182.28,8567.16,1389.38,2673.22,12629.76,38,6926.64,1389.38,2545.92,10861.94,0.8085106382978723,48.96,,2023,5,4,53.1,46.9,1,169.3,180.33,349.63,267.96,267.96,1,0.0,47,0,0,0,1,1,1,8,1,0,1,Banquet,2,0,2.0,1389.38,350,2088,3030.58,4,0,0,0,100.0,0.43,-3.26,268.72,0.904,0.192,Peak,0,3,Thu,0,0,1,0,0,10,8,92646.63,0.8,0,1,134,0.351,Moderate,0,0,93.3,0.0854
B-202305-34101,Booked,Nursing Council,State Convention,Association,In-person,Full Package,Healthcare,Healthcare,Sales Call,Medium,2022-09-05,2022-10-06,21,2023-05-05,2023-05-07,2,242,79,158,98,1,Half Ballroom,1,0,10,1.0,39520.74,1,83.2,171.63,164.99,26068.42,1172.05,3634.63,30875.1,105,17323.95,1172.05,3461.56,21957.56,0.6645569620253164,17.661,,2023,5,2,71.7,28.3,1,33.66,147.47,181.13,181.13,147.47,2,0.0,79,79,0,0,1,6,2,24,1,0,1,Classroom,3,1,1.67,1172.05,1800,4064,7903.83,5,0,0,0,0.0,0.82,3.87,195.41,0.806,0.102,Peak,0,4,Fri,1,0,0,0,1,4,4,65146.46,1.0,0,0,141,0.56,Moderate,0,0,100.0,0.0413
B-202305-86917,Booked,Retail Corporation,Executive Offsite,Corporate,In-person,Full Package,Healthcare,Other,Referral,Low,2023-01-20,2023-02-16,14,2023-05-05,2023-05-06,1,105,56,56,65,1,Half Ballroom,1,1,13,0.0,0.0,2,80.1,166.46,157.8,8836.8,1576.13,3437.75,13850.68,44,6943.2,1576.13,3274.05,11793.38,0.7857142857142857,50.37,,2023,5,3,55.8,44.2,1,87.18,171.64,258.82,258.82,258.82,1,0.0,56,0,0,0,2,1,1,8,1,0,1,Theater,2,0,2.0,1576.13,350,2088,3027.8,4,0,0,0,100.0,0.54,5.2,247.33,0.862,0.308,Peak,0,4,Fri,1,0,1,0,1,6,4,74550.14,0.6667,0,1,70,0.8,High,1,0,93.3,0.1238
B-202305-51116,Booked,State Medical Association,Industry Forum,Association,In-person,Full Package,Healthcare,Healthcare,Repeat Client,High,2022-06-13,2022-07-24,27,2023-05-07,2023-05-09,2,328,64,128,73,1,Half Ballroom,1,1,14,1.0,38977.4,2,87.2,170.63,180.34,23083.52,1640.97,7262.74,31987.23,96,17312.64,1640.97,6916.9,25870.51,0.75,47.376,,2023,5,3,52.9,47.1,1,54.17,164.46,218.63,218.63,164.46,2,4.7,61,64,0,0,2,2,2,16,1,0,1,Classroom,2,0,1.5,1640.97,500,2300,3921.61,4,0,0,0,100.0,0.61,-5.69,249.9,0.877,0.274,Peak,1,6,Sun,1,1,0,0,0,7,7,177806.81,1.0,0,0,149,0.43,Moderate,0,0,100.0,0.0427
B-202305-84289,Booked,Private Individual,Memorial Service Gathering,Wedding/Social,In-person,Full Package,Social,Social/Private,Direct Inquiry,Low,2022-09-02,2022-10-19,39,2023-05-08,2023-05-09,1,248,7,7,8,1,Boardroom,1,1,8,1.0,4685.11,2,87.8,169.24,176.17,1233.19,275.66,618.2,2127.05,4,704.68,275.66,588.77,1569.11,0.5714285714285714,73.596,,2023,5,4,69.9,30.1,1,147.88,172.01,319.89,291.93,172.01,1,0.0,7,0,0,0,1,2,1,8,0,1,1,Boardroom,2,0,1.5,275.66,500,440,2041.42,1,1,0,1,0.0,0.57,-4.09,303.86,0.875,1.25,Peak,1,0,Mon,0,0,0,0,0,4,4,9460.11,1.0,0,0,149,0.047,Low,0,0,100.0,0.0323
B-202305-81361,Booked,State Medical Association,Industry Forum,Association,In-person,Full Package,Healthcare,Healthcare,Direct Inquiry,High,2022-10-31,2022-12-03,20,2023-05-10,2023-05-13,3,191,61,183,76,1,Half Ballroom,1,0,13,1.0,62927.92,3,82.8,169.56,173.18,31691.94,1508.78,11599.89,44800.61,142,24591.56,1508.78,11047.51,37147.85,0.7759562841530054,48.454,,2023,5,3,65.9,34.1,0,42.56,154.75,197.31,0.0,158.91,2,6.0,56,61,52,0,2,3,3,24,1,0,1,Classroom,2,0,1.67,1508.78,850,3880,6631.02,5,0,0,0,100.0,0.63,-2.13,244.81,0.803,0.263,Peak,0,2,Wed,0,0,0,0,0,8,8,203677.32,1.0,0,0,101,0.604,High,1,0,100.0,0.0681
B-202305-85088,Booked,Manufacturing Alliance,Product Launch Event,Corporate,In-person,Full Package,Technology,Other,Website,Medium,2023-03-11,2023-04-04,10,2023-05-10,2023-05-12,2,60,58,116,68,1,Half Ballroom,1,0,14,1.0,29019.0,1,83.3,173.57,177.65,20607.4,1210.64,6396.87,28214.91,93,16521.45,1210.64,6092.26,23824.35,0.8017241379310345,44.796,,2023,5,4,62.3,37.7,1,36.53,157.27,193.8,193.8,157.27,2,8.6,53,58,0,0,1,2,2,16,1,0,1,Classroom,2,0,2.0,1210.64,700,1992,3953.4,3,0,0,0,100.0,0.57,-2.35,243.23,0.853,0.147,Peak,0,2,Wed,0,0,0,0,0,6,3,59645.92,0.5,0,1,101,0.574,Moderate,0,0,100.0,0.2333
B-202305-10680,Booked,Nursing Council,Professional Development Symposium,Association,In-person,Full Package,Healthcare,Healthcare,Website,Medium,2023-01-12,2023-02-21,28,2023-05-12,2023-05-13,1,120,72,72,88,1,Half Ballroom,1,1,12,1.0,27851.19,4,93.6,184.25,187.6,13507.2,1543.08,1578.93,16629.21,45,8442.0,1543.08,1503.74,11488.82,0.625,17.088,,2023,5,3,53.6,46.4,1,200.64,156.34,356.98,226.84,156.34,1,0.0,72,0,0,0,2,3,1,12,1,0,1,Classroom,3,1,2.33,1543.08,1350,1320,3625.26,3,0,0,0,0.0,0.73,-1.82,230.96,0.818,0.227,Peak,1,4,Fri,1,0,0,0,0,5,5,87104.02,1.0,0,0,16,1.0,High,1,1,100.0,0.1
B-202305-19637,Booked,Insurance Federation,Networking Summit,Association,In-person,Full Package,Finance,Finance,Third-Party Planner,High,2022-11-21,2022-12-28,24,2023-05-12,2023-05-15,3,172,71,213,88,1,Half Ballroom,1,1,13,0.0,0.0,1,95.1,196.54,208.33,44374.29,1185.89,4511.71,50071.89,158,32916.14,1185.89,4296.86,38398.89,0.7417840375586855,16.276,,2023,5,2,54.0,46.0,1,77.06,155.21,232.27,232.27,155.21,2,6.5,60,71,68,0,2,7,3,36,1,0,1,Classroom,3,1,1.86,1185.89,2350,5368,10568.93,5,0,0,0,28.6,0.73,-6.0,235.08,0.807,0.227,Peak,1,4,Fri,1,0,1,0,0,5,4,79761.76,0.8,0,1,81,0.877,High,1,0,93.3,0.0756
B-202305-17355,Booked,Youth Organization,Church Retreat Weekend,SMERF,In-person,Full Package,SMERF,Social/Community,Sales Call,Low,2023-02-15,2023-03-11,12,2023-05-13,2023-05-14,1,87,17,17,22,1,Breakout Room,1,0,12,0.0,0.0,3,89.1,194.61,198.77,3379.09,411.61,267.77,4058.47,12,2385.24,411.61,255.02,3051.87,0.7058823529411765,11.592,,2023,5,3,60.6,39.4,1,34.53,161.01,195.54,195.54,171.68,1,0.0,17,0,0,0,1,2,1,8,0,0,1,Classroom,2,0,2.0,411.61,700,264,2203.69,1,0,0,0,0.0,0.55,-2.14,238.73,0.773,0.455,Peak,1,5,Sat,1,0,1,0,0,1,1,4612.14,1.0,0,0,81,0.21,Low,0,0,93.3,0.1379
B-202305-42208,Booked,Family Celebration,Anniversary Celebration,Wedding/Social,In-person,Meeting Only,Social,Social/Private,Third-Party Planner,Low,2022-06-25,2022-08-13,41,2023-05-13,2023-05-14,1,322,0,0,95,1,Half Ballroom,0,0,8,1.0,21114.08,2,88.6,187.24,0.0,0.0,1348.83,8451.42,9800.25,0,0.0,1348.83,8048.97,9397.8,,84.726,,2023,5,0,0.0,0.0,0,0.0,0.0,0.0,0.0,0.0,0,0.0,0,0,0,0,2,3,1,12,1,0,1,Reception,2,0,1.33,1348.83,650,2310,4004.7,1,1,0,1,0.0,0.79,100.0,,0.0,0.211,Peak,1,5,Sat,1,0,0,0,1,7,7,30937.01,1.0,0,0,81,0.0,Low,0,0,86.7,0.0248
B-202305-54444,Booked,Heritage Travel,Senior Travel Club,Corporate,In-person,Full Package,Government,Government,Repeat Client,Medium,2023-01-13,2023-02-03,8,2023-05-13,2023-05-14,1,120,51,51,70,1,Half Ballroom,0,1,13,1.0,11526.89,1,90.5,185.61,196.75,10034.25,1000.26,0.0,11034.51,48,9444.0,1000.26,0.0,10444.26,0.9411764705882352,0.0,,2023,5,2,50.4,49.6,1,127.91,204.25,332.16,204.25,204.25,1,0.0,51,0,0,0,1,1,1,4,1,0,1,Classroom,1,0,1.0,1000.26,150,0,530.48,0,0,0,0,0.0,0.58,-6.0,216.36,0.729,0.143,Peak,1,5,Sat,1,1,0,0,0,4,3,23308.93,0.75,0,1,81,0.63,High,1,0,100.0,0.1083
B-202305-39002,Booked,Family Celebration,Anniversary Celebration,Wedding/Social,In-person,Full Package,Social,Social/Private,Website,Low,2022-06-10,2022-07-12,20,2023-05-14,2023-05-15,1,338,28,28,30,1,Breakout Room,1,1,12,1.0,14368.41,4,91.7,193.49,195.09,5462.52,489.96,2058.59,8011.07,16,3121.44,489.96,1960.56,5571.96,0.5714285714285714,65.352,,2023,5,2,74.2,25.8,1,66.05,267.39,333.44,267.39,267.39,1,0.0,28,0,0,0,1,1,1,4,0,0,1,Reception,0,0,0.0,489.96,0,1650,2192.06,1,1,0,1,0.0,0.75,-0.83,286.11,0.933,0.333,Peak,1,6,Sun,1,0,0,0,0,8,8,40334.81,1.0,0,0,121,0.231,Low,0,0,100.0,0.0355
B-202305-56160,Booked,Professional Services Group,Board of Directors Meeting,Corporate,In-person,Full Package,Professional Services,Other,RFP,Medium,2023-03-05,2023-03-24,8,2023-05-15,2023-05-17,2,71,64,128,73,1,Half Ballroom,1,0,11,1.0,34688.69,2,82.6,170.67,174.62,22351.36,1445.53,3707.26,27504.15,112,19557.44,1445.53,3530.72,24533.69,0.875,24.183,,2023,5,3,64.2,35.8,1,94.83,169.94,264.77,264.77,264.77,2,14.1,55,64,0,0,2,2,2,16,1,0,1,Classroom,2,0,2.0,1445.53,700,2544,4462.42,2,0,0,0,100.0,0.61,-2.31,214.88,0.877,0.274,Peak,0,0,Mon,0,0,0,0,0,6,4,59327.85,0.6667,0,1,104,0.615,High,1,0,100.0,0.1549
B-202305-45842,Booked,Private Party,Engagement Party,Wedding/Social,In-person,Full Package,Social,Social/Private,Website,Low,2022-08-13,2022-09-12,21,2023-05-16,2023-05-18,2,276,21,42,23,1,Breakout Room,1,1,9,0.0,0.0,4,80.4,171.47,155.61,6535.62,439.28,1752.86,8727.76,26,4045.86,439.28,1669.39,6154.53,0.6190476190476191,36.291,,2023,5,4,58.3,41.7,1,109.91,153.59,263.5,185.33,153.59,2,57.1,9,21,0,0,1,2,2,8,0,0,1,Banquet,0,0,0.0,439.28,0,1265,2496.84,1,1,0,1,0.0,0.57,9.25,207.8,0.913,0.435,Peak,0,1,Tue,0,0,1,0,1,4,3,14917.83,0.75,0,1,105,0.2,Low,0,0,93.3,0.0326
B-202305-47649,Booked,Cultural Journeys,International Tour Package,SMERF,In-person,Full Package,Other,Other,RFP,Low,2023-02-06,2023-03-06,18,2023-05-16,2023-05-18,2,99,31,62,36,1,Breakout Room,0,1,10,0.0,0.0,3,79.9,165.88,158.17,9806.54,421.0,0.0,10227.54,59,9332.03,421.0,0.0,9753.03,0.9516129032258064,0.0,,2023,5,3,52.3,47.7,1,18.37,163.41,181.78,181.78,163.68,2,22.6,24,31,0,0,1,2,2,8,0,0,1,Classroom,0,0,0.0,421.0,0,0,1201.37,0,0,0,0,0.0,0.9,4.65,164.96,0.861,0.278,Peak,0,1,Tue,0,0,1,0,1,2,2,6580.67,1.0,0,0,105,0.295,Moderate,0,0,93.3,0.101
B-202305-20237,Booked,Private Individual,Baby Shower Weekend,Wedding/Social,In-person,Full Package,Social,Social/Private,RFP,Low,2022-09-05,2022-10-05,20,2023-05-17,2023-05-18,1,254,25,25,28,1,Breakout Room,1,1,10,0.0,0.0,2,79.9,175.44,170.46,4261.5,522.63,2088.22,6872.35,17,2897.82,522.63,1988.78,5409.23,0.68,71.028,,2023,5,2,54.0,46.0,1,75.82,258.16,333.98,258.16,258.16,1,0.0,25,0,0,0,1,1,1,4,0,0,1,Banquet,1,0,1.0,522.63,150,1260,2048.7,1,0,1,1,0.0,0.7,2.84,274.89,0.893,0.357,Peak,0,2,Wed,0,0,1,0,0,6,5,11029.22,0.8333,0,1,105,0.238,Low,0,0,93.3,0.0394
B-202305-52604,Booked,Private Individual,Memorial Service Gathering,Wedding/Social,In-person,Full Package,Social,Social/Private,Cvent,Low,2022-08-21,2022-09-22,21,2023-05-17,2023-05-18,1,269,38,38,47,1,Half Ballroom,1,0,11,0.0,0.0,2,85.6,168.49,174.91,6646.58,1319.44,3520.04,11486.06,20,3498.2,1319.44,3352.42,8170.06,0.5263157894736842,71.328,,2023,5,2,55.5,44.5,1,26.87,167.22,194.09,194.09,167.22,1,0.0,38,0,0,0,1,2,1,8,1,0,1,Banquet,1,0,0.5,1319.44,150,1320,2134.05,1,1,0,1,0.0,0.39,-3.81,302.26,0.809,0.213,Peak,1,2,Wed,0,0,1,0,0,6,5,11029.22,0.8333,0,1,105,0.362,Moderate,0,0,93.3,0.0409
B-202305-50392,Booked,Accounting Institute,Committee Meeting,Association,In-person,Full Package,Finance,Finance,Direct Inquiry,High,2022-06-11,2022-07-10,21,2023-05-18,2023-05-21,3,341,79,237,96,1,Half Ballroom,1,0,8,1.0,76346.31,1,84.5,171.49,164.78,39052.86,1564.34,5287.76,45904.96,187,30813.86,1564.34,5035.97,37414.17,0.7890295358649789,17.486,,2023,5,3,74.3,25.7,1,55.53,156.07,211.6,211.6,158.0,2,5.1,70,79,71,0,2,9,3,36,1,0,1,Theater,3,1,2.0,1564.34,3250,5452,11657.97,4,0,0,0,0.0,0.8,3.91,193.69,0.823,0.208,Peak,0,3,Thu,0,0,0,0,1,6,6,137957.99,1.0,0,0,37,1.0,High,1,1,100.0,0.0235
B-202305-39603,Booked,Technology Innovators,Management Training,Corporate,In-person,Full Package,Technology,Technology,RFP,Low,2023-02-21,2023-03-13,12,2023-05-19,2023-05-20,1,87,39,39,50,1,Half Ballroom,1,0,8,0.0,0.0,1,86.1,165.24,165.45,6452.55,1161.46,2474.01,10088.02,31,5128.95,1161.46,2356.2,8646.61,0.7948717948717948,47.124,,2023,5,3,70.7,29.3,1,117.88,149.76,267.64,267.64,149.76,1,0.0,39,0,0,0,1,1,1,8,1,0,1,Theater,3,1,3.0,1161.46,650,2088,3292.39,4,0,0,0,100.0,0.42,-0.13,258.67,0.78,0.2,Peak,1,4,Fri,1,0,1,0,0,5,4,94123.52,0.8,0,1,37,1.0,High,1,1,93.3,0.092
B-202305-76809,Booked,Technology Innovators,Strategic Planning Retreat,Corporate,In-person,Full Package,Technology,Technology,Referral,Low,2023-01-31,2023-02-22,13,2023-05-19,2023-05-20,1,108,16,16,19,1,Breakout Room,1,0,9,0.0,0.0,2,77.2,168.32,166.33,2661.28,517.75,927.91,4106.94,14,2328.62,517.75,883.73,3730.1,0.875,46.512,,2023,5,2,73.0,27.0,1,114.35,167.52,281.87,281.87,167.52,1,0.0,16,0,0,0,1,1,1,8,0,0,1,Classroom,2,0,2.0,517.75,350,1235,2516.2,3,0,0,0,100.0,0.47,1.18,256.68,0.842,0.526,Shoulder,0,4,Fri,1,0,1,0,0,5,4,94123.52,0.8,0,1,37,0.432,Moderate,0,0,93.3,0.0833
B-202305-98150,Booked,Banking Consortium,Quarterly Business Review,Corporate,In-person,Full Package,Finance,Finance,Website,Low,2023-03-01,2023-03-22,12,2023-05-19,2023-05-20,1,79,49,49,57,1,Half Ballroom,1,0,9,0.0,0.0,1,80.0,168.34,170.12,8335.88,1172.6,2776.92,12285.4,44,7485.28,1172.6,2644.69,11302.57,0.8979591836734694,46.398,,2023,5,3,61.5,38.5,1,106.44,142.6,249.04,249.04,142.6,1,0.0,49,0,0,0,1,1,1,8,1,0,1,Classroom,2,0,2.0,1172.6,350,1848,2841.93,4,0,0,0,100.0,0.47,-1.06,250.72,0.86,0.175,Peak,0,4,Fri,1,0,1,0,0,8,6,91927.57,0.75,0,1,37,1.0,High,1,1,93.3,0.1139
B-202305-82856,Booked,State Medical Association,Educational Seminar Series,Association,Hybrid,Full Package,Healthcare,Healthcare,Cvent,High,2022-08-24,2022-09-19,17,2023-05-21,2023-05-24,3,270,86,258,95,1,Half Ballroom,1,0,9,1.0,70813.57,2,81.6,162.51,164.69,42490.02,1419.71,4934.63,48844.36,180,29644.2,1419.71,4699.65,35763.56,0.6976744186046512,16.49,,2023,5,3,59.7,40.3,1,108.95,226.43,335.38,264.37,226.43,2,3.6,79,86,85,0,2,7,3,36,1,0,1,Classroom,3,1,2.14,1419.71,2850,5008,10725.47,5,0,0,0,28.6,0.79,-1.34,189.32,0.905,0.211,Peak,0,6,Sun,1,0,0,0,0,9,9,240825.17,1.0,0,0,134,0.642,High,1,0,100.0,0.0333
B-202305-48671,Booked,Private Party,Williams-Brown Wedding,Wedding/Social,In-person,Full Package,Social,Social/Private,Referral,Low,2022-10-12,2022-12-01,41,2023-05-23,2023-05-24,1,223,27,27,34,1,Breakout Room,1,0,9,0.0,0.0,3,79.1,171.55,169.53,4577.31,401.7,2855.07,7834.08,16,2712.48,401.7,2719.12,5833.3,0.5925925925925926,79.974,,2023,5,4,51.2,48.8,1,153.47,176.78,330.25,269.21,180.08,1,0.0,27,0,0,0,1,2,1,8,0,0,1,Reception,2,0,2.0,401.7,700,1530,3523.63,1,0,1,1,0.0,0.85,1.18,290.15,0.794,0.294,Peak,0,1,Tue,0,0,1,0,0,5,4,21072.36,0.8,0,1,45,0.6,High,1,0,93.3,0.0404
B-202305-71712,Booked,Pharmaceutical Partners,Sales Kickoff,Corporate,Hybrid,Full Package,Healthcare,Healthcare,Sales Call,Low,2023-03-12,2023-03-29,8,2023-05-23,2023-05-25,2,72,27,54,36,1,Breakout Room,1,0,9,1.0,21041.6,4,81.9,172.36,179.83,9710.82,441.81,3395.2,13547.83,47,8452.01,441.81,3233.52,12127.34,0.8703703703703703,44.91,,2023,5,2,55.9,44.1,0,23.13,155.67,178.8,0.0,155.67,2,7.4,25,27,0,0,1,2,2,16,0,0,1,Classroom,3,1,2.5,441.81,1000,5472,8497.38,5,0,0,0,100.0,0.9,-4.33,250.89,0.75,0.278,Peak,0,1,Tue,0,0,0,0,0,11,9,103508.57,0.8182,0,1,55,0.491,Moderate,0,0,100.0,0.125
B-202305-72094,Booked,State Medical Association,Annual Member Conference,Association,In-person,Full Package,Healthcare,Healthcare,Cvent,Medium,2022-09-30,2022-10-21,14,2023-05-23,2023-05-24,1,235,35,35,43,1,Half Ballroom,1,0,7,0.0,0.0,2,78.4,169.31,166.48,5826.8,920.04,1918.24,8665.08,25,4162.0,920.04,1826.9,6908.94,0.7142857142857143,42.486,,2023,5,4,60.8,39.2,1,118.84,183.29,302.13,274.25,302.13,1,0.0,35,0,0,0,1,1,1,8,1,0,1,Theater,1,0,1.0,920.04,150,1540,2332.37,4,0,0,0,100.0,0.36,1.67,247.57,0.814,0.233,Peak,0,1,Tue,0,0,1,0,0,10,10,276588.73,1.0,0,0,45,0.778,High,1,0,93.3,0.0298
B-202305-67535,Booked,State Medical Association,Board Retreat,Association,In-person,Full Package,Healthcare,Healthcare,Third-Party Planner,High,2022-11-02,2022-12-03,19,2023-05-24,2023-05-26,2,203,107,214,135,1,Grand Ballroom,1,0,12,1.0,77438.64,2,87.4,172.28,176.86,37848.04,1583.27,13106.2,52537.51,146,25821.56,1583.27,12482.1,39886.93,0.6822429906542056,46.23,,2023,5,4,69.6,30.4,1,149.95,151.76,301.71,186.52,151.76,2,6.5,100,107,0,0,1,2,2,16,1,0,1,Classroom,3,1,3.0,1583.27,1300,12420,18737.14,3,0,0,0,100.0,0.56,-2.66,245.5,0.793,0.074,Peak,1,2,Wed,0,0,0,0,0,11,11,283497.67,1.0,0,0,72,1.0,High,1,1,100.0,0.0591
B-202305-72973,Booked,Tour Operator Network,Historic Sites Tour,Corporate,In-person,Full Package,Technology,Technology,Third-Party Planner,Low,2023-03-11,2023-04-01,13,2023-05-24,2023-05-25,1,74,31,31,38,1,Breakout Room,0,0,8,0.0,0.0,2,84.2,165.6,174.54,5410.74,456.19,0.0,5866.93,28,4887.12,456.19,0.0,5343.31,0.9032258064516128,0.0,,2023,5,4,56.1,43.9,1,160.55,184.38,344.93,259.88,184.38,1,0.0,31,0,0,0,1,1,1,4,0,0,1,Theater,0,0,0.0,456.19,0,0,591.72,0,0,0,0,0.0,0.95,-5.4,189.26,0.816,0.263,Peak,0,2,Wed,0,0,1,0,0,2,1,4856.25,0.5,0,1,55,0.564,Moderate,0,0,93.3,0.1081
B-202305-77466,Booked,Service Club,Volunteer Training,SMERF,In-person,Full Package,SMERF,Social/Community,Third-Party Planner,Medium,2023-03-09,2023-04-01,12,2023-05-25,2023-05-27,2,77,41,82,51,1,Half Ballroom,1,0,11,0.0,0.0,4,82.4,172.91,162.24,13303.68,1038.17,2343.56,16685.41,66,10707.84,1038.17,2231.96,13977.97,0.8048780487804879,21.882,,2023,5,2,61.8,38.2,1,27.68,182.99,210.67,210.67,182.99,2,14.6,35,41,0,0,1,2,2,16,1,0,1,Theater,2,0,1.5,1038.17,500,1180,2922.57,2,0,0,0,100.0,0.42,6.17,203.48,0.804,0.196,Peak,0,3,Thu,0,0,1,0,1,4,4,32213.83,1.0,0,0,179,0.229,Low,0,0,93.3,0.1429
B-202305-57943,Booked,Technology Innovators,Leadership Summit,Corporate,In-person,Rooms Only,Technology,Technology,Cvent,Low,2023-04-10,2023-04-30,14,2023-05-29,2023-05-31,2,49,33,66,36,0,,0,1,6,0.0,0.0,1,80.8,172.66,159.14,10503.24,0.0,0.0,10503.24,55,8752.7,0.0,0.0,8752.7,0.8333333333333334,0.0,,2023,5,4,59.5,40.5,1,150.08,132.11,282.19,191.43,132.11,2,33.3,22,33,0,0,0,0,0,0,0,0,0,,0,0,0.0,0.0,0,0,0.0,0,0,0,0,0.0,0.0,7.83,159.14,0.917,0.0,Peak,0,0,Mon,0,0,1,0,1,8,6,106500.23,0.75,0,1,158,0.209,Low,0,0,93.3,0.1224
B-202305-29516,Booked,Social Event,Charity Gala,Wedding/Social,In-person,Full Package,Social,Social/Private,Repeat Client,Low,2022-09-03,2022-10-21,39,2023-05-30,2023-05-31,1,269,29,29,33,1,Breakout Room,1,1,9,0.0,0.0,1,79.9,171.93,152.1,4410.9,356.13,2827.44,7594.47,19,2889.9,356.13,2692.8,5938.83,0.6551724137931034,81.6,,2023,5,4,52.9,47.1,1,121.19,148.01,269.2,269.2,148.01,1,0.0,29,0,0,0,1,1,1,4,0,0,1,Banquet,1,0,1.0,356.13,150,1485,2282.61,1,0,1,1,0.0,0.82,11.53,261.88,0.879,0.303,Peak,0,1,Tue,0,1,1,0,1,14,11,54731.5,0.7857,0,1,158,0.184,Low,0,0,93.3,0.0335
B-202305-79467,Booked,Private Individual,Charity Gala,Wedding/Social,In-person,Full Package,Social,Social/Private,Sales Call,Low,2022-10-10,2022-11-27,34,2023-05-31,2023-06-01,1,233,12,12,14,1,Boardroom,1,0,14,0.0,0.0,4,80.2,171.56,163.7,1964.4,309.61,1290.81,3564.82,7,1145.9,309.61,1229.34,2684.85,0.5833333333333334,87.81,,2023,5,3,71.1,28.9,0,17.0,143.01,160.01,0.0,153.13,1,0.0,12,0,0,0,1,1,1,4,0,1,1,Boardroom,2,0,2.0,309.61,350,770,1726.3,1,1,0,1,0.0,1.0,4.58,297.07,0.857,0.714,Peak,0,2,Wed,0,0,1,0,1,8,7,24608.51,0.875,0,1,208,0.058,Low,0,0,93.3,0.0601
B-202305-90658,Booked,TechCorp Solutions,Leadership Summit,Corporate,In-person,Meeting Only,Technology,Technology,Referral,Low,2023-04-16,2023-05-06,13,2023-05-31,2023-06-02,2,45,0,0,56,1,Half Ballroom,0,0,7,0.0,0.0,2,78.3,171.03,0.0,0.0,879.25,5088.08,5967.33,0,0.0,879.25,4845.79,5725.04,,43.266,,2023,5,0,0.0,0.0,0,0.0,0.0,0.0,0.0,0.0,0,0.0,0,0,0,0,1,2,2,16,1,0,1,Classroom,3,1,2.5,879.25,1000,3072,5242.41,4,0,0,0,100.0,0.47,100.0,,0.0,0.179,Peak,0,2,Wed,0,0,1,0,1,4,1,6205.94,0.25,0,1,208,0.0,Low,0,0,80.0,0.1556
B-202306-15220,Booked,Tour Operator Network,Heritage Tour Group,Corporate,In-person,Full Package,Professional Services,Professional Services,Repeat Client,Low,2023-02-09,2023-02-28,9,2023-06-01,2023-06-03,2,112,32,64,44,1,Half Ballroom,0,0,10,0.0,0.0,2,72.4,163.39,147.15,9417.6,1208.13,0.0,10625.73,63,9270.45,1208.13,0.0,10478.58,0.984375,0.0,,2023,6,3,56.7,43.3,1,165.64,127.6,293.24,230.27,127.6,2,9.4,29,32,0,0,1,2,2,8,1,0,1,Classroom,1,0,0.5,1208.13,150,0,821.87,0,0,0,0,0.0,0.37,9.94,166.03,0.727,0.227,Shoulder,0,3,Thu,0,1,1,0,1,3,2,10199.56,0.6667,0,1,67,0.478,Moderate,0,0,93.3,0.0893
B-202306-35863,Booked,Private Party,Williams-Brown Wedding,Wedding/Social,In-person,Full Package,Social,Social/Private,Sales Call,Medium,2022-11-01,2022-12-11,31,2023-06-01,2023-06-03,2,212,38,76,48,1,Half Ballroom,1,1,9,1.0,35267.73,2,72.6,166.96,154.94,11775.44,916.0,3980.49,16671.93,46,7127.24,916.0,3790.94,11834.18,0.6052631578947368,39.489,,2023,6,4,67.6,32.4,0,162.2,134.39,296.59,0.0,140.58,2,26.3,28,38,0,0,1,3,2,12,1,0,1,Banquet,1,0,1.0,916.0,450,1320,2819.07,1,1,0,1,0.0,0.4,7.2,219.37,0.792,0.208,Shoulder,0,3,Thu,0,0,0,0,1,6,5,26905.66,0.8333,0,1,67,0.567,Moderate,0,0,100.0,0.0425
B-202306-70238,Booked,HR Professionals Network,Certification Training,Association,In-person,Full Package,Professional Services,Professional Services,Direct Inquiry,Medium,2022-09-16,2022-10-22,25,2023-06-02,2023-06-03,1,259,83,83,94,1,Half Ballroom,1,0,11,0.0,0.0,3,68.1,162.0,143.12,11878.96,1355.66,1914.58,15149.2,61,8730.32,1355.66,1823.41,11909.39,0.7349397590361446,19.398,,2023,6,3,58.2,41.8,1,138.08,135.72,273.8,190.02,135.72,1,0.0,83,0,0,0,1,2,1,12,1,0,1,Theater,1,0,1.0,1355.66,300,1492,2713.28,4,0,0,0,50.0,0.78,11.65,182.52,0.883,0.106,Shoulder,0,4,Fri,1,0,1,0,1,5,1,28260.45,0.2,0,1,67,1.0,High,1,1,93.3,0.0425
B-202306-22202,Booked,Nursing Council,Member Appreciation Event,Association,Hybrid,Full Package,Healthcare,Healthcare,RFP,Medium,2022-12-02,2023-01-03,24,2023-06-03,2023-06-04,1,183,85,85,106,1,Half Ballroom,1,0,8,1.0,21912.43,1,73.3,160.06,146.97,12492.45,987.73,1943.3,15423.48,56,8230.32,987.73,1850.76,11068.81,0.6588235294117647,17.46,,2023,6,2,69.9,30.1,1,34.48,243.73,278.21,243.73,278.21,1,0.0,85,0,0,0,1,3,1,12,1,0,1,Classroom,2,0,1.67,987.73,850,2252,4094.25,4,0,0,0,0.0,0.88,8.18,181.45,0.802,0.094,Shoulder,0,5,Sat,1,0,0,0,1,7,6,98592.84,0.8571,0,1,135,0.63,High,1,0,100.0,0.0437
B-202306-56388,Booked,Retail Corporation,Customer Advisory Board,Corporate,Hybrid,Full Package,Technology,Other,Sales Call,Medium,2023-03-12,2023-04-01,9,2023-06-04,2023-06-06,2,84,38,76,42,1,Half Ballroom,1,1,11,1.0,22330.32,1,70.6,157.83,141.85,10780.6,900.06,3607.82,15288.48,65,9220.25,900.06,3436.02,13556.33,0.8552631578947368,40.905,,2023,6,4,52.8,47.2,1,152.84,138.44,291.28,266.78,138.44,2,26.3,28,38,0,0,1,2,2,16,1,0,1,Classroom,3,1,2.5,900.06,1000,3120,5227.57,4,0,0,0,100.0,0.35,10.12,201.16,0.905,0.238,Shoulder,0,6,Sun,1,0,0,0,1,7,5,86343.52,0.7143,0,1,130,0.292,Moderate,0,0,100.0,0.131
B-202306-84498,Booked,Pharmaceutical Partners,Annual Sales Conference,Corporate,In-person,Full Package,Healthcare,Healthcare,Website,Medium,2023-02-25,2023-03-19,13,2023-06-05,2023-06-07,2,100,52,104,62,1,Half Ballroom,1,1,9,0.0,0.0,2,76.0,164.16,172.98,17989.92,872.59,6129.68,24992.19,93,16087.14,872.59,5837.8,22797.53,0.8942307692307693,47.079,,2023,6,4,60.0,40.0,1,107.38,178.75,286.13,286.13,178.75,2,13.5,45,52,0,0,1,2,2,16,1,0,1,Classroom,1,0,1.0,872.59,300,2520,4076.5,4,0,0,0,100.0,0.52,-5.37,240.31,0.839,0.161,Shoulder,0,0,Mon,0,0,1,0,0,12,10,115635.91,0.8333,0,1,47,1.0,High,1,1,93.3,0.09
B-202306-37082,Booked,Pharmaceutical Partners,Board of Directors Meeting,Corporate,Hybrid,Full Package,Healthcare,Healthcare,Sales Call,Medium,2023-03-05,2023-03-28,14,2023-06-06,2023-06-08,2,93,67,134,89,1,Half Ballroom,1,0,9,0.0,0.0,2,68.5,165.73,154.69,20728.46,1452.48,3720.25,25901.19,116,17944.04,1452.48,3543.09,22939.61,0.8656716417910447,19.905,,2023,6,3,72.0,28.0,1,90.31,164.15,254.46,254.46,164.15,2,11.9,59,67,0,0,2,5,2,24,1,0,1,Classroom,3,1,2.4,1452.48,2450,4086,8433.5,5,0,0,0,20.0,0.74,6.66,193.29,0.753,0.225,Shoulder,0,1,Tue,0,0,1,0,1,13,11,138433.44,0.8462,0,1,153,0.438,Moderate,0,0,93.3,0.0968
B-202306-84140,Booked,Retail Corporation,Quarterly Business Review,Corporate,Hybrid,Rooms Only,Finance,Other,Referral,Medium,2023-02-14,2023-03-02,12,2023-06-06,2023-06-07,1,112,54,54,59,0,,0,0,4,0.0,0.0,2,69.9,160.9,134.87,7282.98,0.0,0.0,7282.98,45,6069.15,0.0,0.0,6069.15,0.8333333333333334,0.0,,2023,6,4,61.3,38.7,1,100.29,137.62,237.91,237.91,137.62,1,0.0,54,0,0,0,0,0,0,0,0,0,0,,0,0,0.0,0.0,0,0,0.0,0,0,0,0,0.0,0.0,16.18,134.87,0.915,0.0,Shoulder,0,1,Tue,0,0,1,1,1,8,6,99899.85,0.75,0,1,47,1.0,High,1,1,93.3,0.0357
B-202306-23425,Booked,Cultural Journeys,International Tour Package,SMERF,Hybrid,Rooms Only,Education,Education,Repeat Client,Low,2023-02-17,2023-03-12,19,2023-06-08,2023-06-09,1,111,13,13,14,0,,0,1,4,1.0,2060.35,1,74.3,166.85,150.48,1956.24,0.0,0.0,1956.24,12,1805.76,0.0,0.0,1805.76,0.9230769230769232,0.0,,2023,6,4,58.3,41.7,0,137.41,147.34,284.75,0.0,147.34,1,0.0,13,0,0,0,0,0,0,0,0,0,0,,0,0,0.0,0.0,0,0,0.0,0,0,0,0,0.0,0.0,9.81,150.48,0.929,0.0,Shoulder,0,3,Thu,0,1,0,1,1,3,3,16333.7,1.0,0,0,114,0.114,Low,0,0,100.0,0.036
B-202306-52217,Booked,Local School District,School District Meeting,SMERF,In-person,Full Package,Education,Education,Cvent,Low,2023-02-14,2023-03-13,20,2023-06-08,2023-06-09,1,114,51,51,67,1,Half Ballroom,1,0,7,1.0,10328.56,2,71.6,162.79,137.77,7026.27,1524.26,1682.07,10232.6,41,5648.57,1524.26,1601.97,8774.8,0.803921568627451,23.91,,2023,6,2,69.1,30.9,1,85.87,149.46,235.33,235.33,149.46,1,0.0,51,0,0,0,2,1,1,8,1,0,1,Banquet,0,0,0.0,1524.26,0,940,1517.46,2,0,0,0,100.0,0.56,15.37,200.64,0.761,0.299,Shoulder,0,3,Thu,0,0,0,0,1,2,1,3965.06,0.5,0,1,114,0.447,Moderate,0,0,100.0,0.0614
B-202306-77999,Booked,Premier Tours,Heritage Tour Group,Corporate,Hybrid,Rooms Only,Technology,Technology,Referral,Medium,2023-03-23,2023-04-08,13,2023-06-08,2023-06-09,1,77,42,42,46,0,,0,0,3,0.0,0.0,1,74.6,162.49,161.01,6762.42,0.0,0.0,6762.42,41,6601.41,0.0,0.0,6601.41,0.9761904761904762,0.0,,2023,6,3,71.1,28.9,1,154.73,167.44,322.17,274.53,167.44,1,0.0,42,0,0,0,0,0,0,0,0,0,0,,0,0,0.0,0.0,0,0,0.0,0,0,0,0,0.0,0.0,0.91,161.01,0.913,0.0,Shoulder,0,3,Thu,0,0,1,1,0,0,0,0.0,,1,0,114,0.368,Moderate,0,0,93.3,0.039
B-202306-36326,Booked,HR Professionals Network,Board Retreat,Association,In-person,Full Package,Professional Services,Professional Services,Cvent,High,2022-09-16,2022-10-20,22,2023-06-10,2023-06-13,3,267,48,144,57,1,Half Ballroom,1,1,12,1.0,52900.15,1,74.7,160.14,145.07,20890.08,1054.43,8119.61,30064.12,102,14797.14,1054.43,7732.96,23584.53,0.7083333333333334,45.222,,2023,6,3,70.2,29.8,0,136.73,127.39,264.12,0.0,127.39,2,8.6,44,48,38,0,1,3,3,24,1,0,1,Banquet,2,0,2.0,1054.43,1050,3840,6751.85,5,0,0,0,100.0,0.47,9.41,208.78,0.842,0.175,Shoulder,0,5,Sat,1,0,0,0,1,6,2,40169.84,0.3333,0,1,64,0.75,High,1,0,100.0,0.0449
B-202306-61502,Booked,Energy Solutions,Product Launch Event,Corporate,In-person,Full Package,Finance,Other,Third-Party Planner,Medium,2023-03-15,2023-03-31,7,2023-06-11,2023-06-13,2,88,49,98,55,1,Half Ballroom,1,0,9,1.0,26393.45,1,70.0,168.33,154.09,15100.82,936.63,5636.17,21673.62,85,13097.65,936.63,5367.78,19402.06,0.8673469387755102,48.798,,2023,6,2,65.1,34.9,0,143.8,164.76,308.56,0.0,308.56,2,12.2,43,49,0,0,1,2,2,16,1,0,1,Classroom,3,1,3.0,936.63,1300,2568,5065.16,4,0,0,0,100.0,0.46,8.46,221.16,0.891,0.182,Shoulder,0,6,Sun,1,0,0,0,1,2,2,16526.75,1.0,0,0,89,0.551,Moderate,0,0,100.0,0.1023
B-202306-70562,Booked,Tour Operator Network,International Tour Package,Corporate,Hybrid,Rooms Only,Professional Services,Professional Services,Cvent,Low,2023-03-16,2023-04-04,13,2023-06-11,2023-06-12,1,87,59,59,64,0,,0,0,6,0.0,0.0,3,71.4,169.15,159.24,9395.16,0.0,0.0,9395.16,56,8917.44,0.0,0.0,8917.44,0.9491525423728814,0.0,,2023,6,3,64.6,35.4,0,155.35,159.29,314.64,0.0,159.29,1,0.0,59,0,0,0,0,0,0,0,0,0,0,,0,0,0.0,0.0,0,0,0.0,0,0,0,0,0.0,0.0,5.86,159.24,0.922,0.0,Shoulder,0,6,Sun,1,0,1,0,1,4,3,20678.14,0.75,0,1,64,0.922,High,1,0,93.3,0.069
B-202306-69681,Booked,Global Industries,Leadership Summit,Corporate,Hybrid,Full Package,Professional Services,Other,Cvent,Medium,2023-03-13,2023-04-06,13,2023-06-12,2023-06-14,2,91,34,68,42,1,Half Ballroom,1,1,11,1.0,27277.71,2,70.9,161.1,154.95,10536.6,870.67,4349.76,15757.03,63,9761.85,870.67,4142.63,14775.15,0.9264705882352942,49.317,,2023,6,4,72.7,27.3,1,114.63,147.51,262.14,262.14,169.31,2,8.8,31,34,0,0,1,2,2,16,1,0,1,Classroom,3,1,2.5,870.67,1000,3408,5629.77,4,0,0,0,100.0,0.35,3.82,231.72,0.81,0.238,Shoulder,0,0,Mon,0,0,0,0,1,9,7,121140.29,0.7778,0,1,186,0.183,Low,0,0,100.0,0.1209
B-202306-28327,Booked,Technology Innovators,Board of Directors Meeting,Corporate,In-person,Rooms Only,Technology,Technology,Website,Low,2023-03-25,2023-04-13,14,2023-06-14,2023-06-16,2,81,36,72,39,0,,0,0,5,1.0,11215.66,1,72.3,169.89,149.57,10769.04,0.0,0.0,10769.04,65,9722.05,0.0,0.0,9722.05,0.9027777777777778,0.0,,2023,6,2,73.9,26.1,0,22.05,129.79,151.84,0.0,129.79,2,8.3,33,36,0,0,0,0,0,0,0,0,0,,0,0,0.0,0.0,0,0,0.0,0,0,0,0,0.0,0.0,11.96,149.57,0.923,0.0,Shoulder,0,2,Wed,0,0,0,1,1,9,7,115252.93,0.7778,0,1,35,1.0,High,1,1,100.0,0.0617
B-202306-93296,Booked,Accounting Institute,Professional Development Symposium,Association,Hybrid,Full Package,Finance,Finance,Sales Call,Medium,2023-02-02,2023-02-26,17,2023-06-14,2023-06-16,2,132,59,118,77,1,Half Ballroom,1,0,7,1.0,34455.33,2,68.9,163.63,142.0,16756.0,825.02,7624.31,25205.33,75,10650.0,825.02,7261.25,18736.27,0.635593220338983,47.151,,2023,6,2,74.7,25.3,1,95.98,194.61,290.59,194.61,290.59,2,0.0,59,59,0,0,1,2,2,16,1,0,1,Theater,2,0,2.0,825.02,700,2140,4076.6,4,0,0,0,100.0,0.64,13.22,213.6,0.766,0.13,Shoulder,0,2,Wed,0,0,0,0,1,7,7,175372.16,1.0,0,0,35,1.0,High,1,1,100.0,0.053
B-202306-21401,Booked,Family Celebration,Anniversary Celebration,Wedding/Social,In-person,Full Package,Social,Social/Private,Direct Inquiry,Low,2022-12-19,2023-02-02,32,2023-06-15,2023-06-16,1,178,16,16,21,1,Breakout Room,1,0,13,0.0,0.0,3,69.5,159.45,135.05,2160.8,451.76,1494.99,4107.55,9,1215.45,451.76,1423.8,3091.01,0.5625,67.8,,2023,6,3,57.6,42.4,1,59.14,153.63,212.77,212.77,212.77,1,0.0,16,0,0,0,1,2,1,8,0,0,1,Banquet,1,0,0.5,451.76,150,1155,2457.54,1,1,0,1,0.0,0.53,15.3,256.72,0.762,0.476,Shoulder,0,3,Thu,0,0,1,0,1,9,9,45906.77,1.0,0,0,35,0.457,Moderate,0,0,93.3,0.073
B-202306-87147,Booked,Legal Society,Committee Meeting,Association,In-person,Full Package,Legal,Legal,Sales Call,Medium,2022-10-28,2022-11-23,14,2023-06-15,2023-06-17,2,230,74,148,84,1,Half Ballroom,1,1,12,1.0,38598.58,4,69.0,166.45,142.46,21084.08,1198.03,2911.13,25193.24,102,14530.92,1198.03,2772.5,18501.45,0.6891891891891891,16.503,,2023,6,2,50.4,49.6,1,50.68,216.38,267.06,216.38,267.06,2,2.7,72,74,0,0,1,5,2,24,1,0,1,Theater,2,0,1.2,1198.03,950,4352,7153.58,5,0,0,0,20.0,0.7,14.41,170.22,0.881,0.119,Shoulder,0,3,Thu,0,0,0,0,1,7,5,83219.63,0.7143,0,1,74,1.0,High,1,0,100.0,0.0522
B-202306-57202,Booked,HR Professionals Network,Networking Summit,Association,In-person,Full Package,Professional Services,Professional Services,Repeat Client,High,2022-11-22,2022-12-19,17,2023-06-16,2023-06-18,2,206,72,144,89,1,Half Ballroom,1,0,10,0.0,0.0,2,71.1,166.01,162.59,23412.96,1699.65,3469.05,28581.66,99,16096.41,1699.65,3303.86,21099.92,0.6875,18.561,,2023,6,3,68.5,31.5,1,68.75,143.29,212.04,212.04,165.83,2,4.2,69,72,0,0,2,6,2,24,1,0,1,Theater,3,1,1.67,1699.65,1800,4072,7839.32,4,0,0,0,0.0,0.74,2.06,198.48,0.809,0.225,Shoulder,0,4,Fri,1,1,1,0,0,7,3,63754.37,0.4286,0,1,148,0.486,Moderate,0,0,93.3,0.0485
B-202306-57333,Booked,Technology Innovators,Executive Offsite,Corporate,In-person,Meeting Only,Technology,Technology,Referral,Low,2023-03-29,2023-04-13,9,2023-06-16,2023-06-17,1,79,0,0,145,1,Grand Ballroom,0,0,6,1.0,17092.8,1,73.7,164.26,0.0,0.0,3003.81,7275.11,10278.92,0,0.0,3003.81,6928.68,9932.49,,47.784,,2023,6,0,0.0,0.0,0,0.0,0.0,0.0,0.0,0.0,0,0.0,0,0,0,0,2,1,1,8,1,0,1,Classroom,3,1,3.0,3003.81,650,10875,14089.28,3,0,0,0,100.0,0.6,100.0,,0.0,0.138,Shoulder,0,4,Fri,1,0,0,0,1,10,8,124974.98,0.8,0,1,74,0.0,Low,0,0,86.7,0.0759
B-202306-15453,Booked,Dental Association,Regional Chapter Meeting,Association,Hybrid,Meeting Only,Healthcare,Healthcare,Website,Low,2022-09-25,2022-10-24,22,2023-06-18,2023-06-19,1,266,0,0,94,1,Half Ballroom,0,0,7,0.0,0.0,2,75.6,158.99,0.0,0.0,1009.41,1892.67,2902.08,0,0.0,1009.41,1802.54,2811.95,,19.176,,2023,6,0,0.0,0.0,0,0.0,0.0,0.0,0.0,0.0,0,0.0,0,0,0,0,1,3,1,12,1,0,1,Classroom,3,1,1.67,1009.41,950,1828,3790.21,4,0,0,0,0.0,0.78,100.0,,0.0,0.106,Shoulder,0,6,Sun,1,0,1,0,1,5,4,86915.14,0.8,0,1,220,0.0,Low,0,0,80.0,0.0263
B-202306-77425,Booked,Dental Association,State Convention,Association,Hybrid,Meeting Only,Healthcare,Healthcare,Referral,Low,2022-12-08,2023-01-05,22,2023-06-19,2023-06-21,2,193,0,0,42,1,Half Ballroom,0,0,6,0.0,0.0,1,78.2,166.2,0.0,0.0,998.44,3584.54,4582.98,0,0.0,998.44,3413.84,4412.28,,40.641,,2023,6,0,0.0,0.0,0,0.0,0.0,0.0,0.0,0.0,0,0.0,0,0,0,0,1,2,2,16,1,0,1,Classroom,3,1,2.0,998.44,800,2840,4827.76,4,0,0,0,100.0,0.35,100.0,,0.0,0.238,Peak,0,0,Mon,0,0,1,0,1,6,5,89727.09,0.8333,0,1,181,0.0,Low,0,0,80.0,0.0311
B-202306-99825,Booked,Professional Engineers Society,Member Appreciation Event,Association,In-person,Full Package,Association,Other,Third-Party Planner,Medium,2022-08-30,2022-10-03,23,2023-06-19,2023-06-21,2,293,39,78,44,1,Half Ballroom,1,0,11,0.0,0.0,2,72.8,163.78,139.48,10879.44,1103.48,4468.74,16451.66,53,7392.44,1103.48,4255.94,12751.86,0.6794871794871795,48.363,,2023,6,4,55.1,44.9,1,80.45,128.19,208.64,208.64,132.04,2,28.2,28,39,0,0,1,2,2,16,1,0,1,Classroom,2,0,1.5,1103.48,500,2600,4236.71,4,0,0,0,100.0,0.37,14.84,210.92,0.886,0.227,Shoulder,0,0,Mon,0,0,1,0,1,7,5,56780.36,0.7143,0,1,115,0.339,Moderate,0,0,93.3,0.0375
B-202306-61451,Booked,Retail Corporation,Product Launch Event,Corporate,In-person,Full Package,Professional Services,Other,Website,Medium,2023-03-25,2023-04-12,10,2023-06-20,2023-06-22,2,87,66,132,74,1,Half Ballroom,1,0,8,1.0,38447.78,1,69.1,163.19,144.34,19052.88,1454.51,6572.49,27079.88,122,17609.48,1454.51,6259.51,25323.5,0.9242424242424242,42.294,,2023,6,2,60.2,39.8,1,91.85,153.6,245.45,245.45,153.6,2,13.6,57,66,0,0,2,2,2,16,1,0,1,Banquet,3,1,2.5,1454.51,1000,3096,5345.09,5,0,0,0,100.0,0.62,11.55,205.15,0.892,0.27,Shoulder,0,1,Tue,0,0,0,0,1,9,7,105969.0,0.7778,0,1,41,1.0,High,1,1,100.0,0.092
B-202306-41370,Booked,Nursing Council,State Convention,Association,In-person,Full Package,Healthcare,Healthcare,Referral,Low,2022-12-21,2023-01-18,21,2023-06-21,2023-06-23,2,182,56,112,68,1,Half Ballroom,1,0,7,0.0,0.0,2,75.4,162.95,153.33,17172.96,1881.15,5670.73,24724.84,90,13799.7,1881.15,5400.7,21081.55,0.8035714285714286,39.711,,2023,6,2,70.8,29.2,1,50.23,199.04,249.27,249.27,249.27,2,3.6,54,56,0,0,2,2,2,16,1,0,1,Theater,2,0,1.5,1881.15,500,3240,4888.56,4,0,0,0,100.0,0.57,5.9,220.76,0.824,0.294,Shoulder,0,2,Wed,0,0,1,0,1,8,7,109661.65,0.875,0,1,13,1.0,High,1,1,93.3,0.0385
B-202306-90746,Booked,Private Party,Graduation Celebration,Wedding/Social,In-person,Full Package,Social,Social/Private,Repeat Client,High,2022-10-15,2022-11-16,21,2023-06-21,2023-06-22,1,249,57,57,67,1,Half Ballroom,1,1,11,0.0,0.0,1,76.0,155.16,150.35,8569.95,1410.18,5166.5,15146.63,33,4961.55,1410.18,4920.48,11292.21,0.5789473684210527,73.44,,2023,6,2,65.9,34.1,1,124.88,183.12,308.0,183.12,308.0,1,0.0,57,0,0,0,2,2,1,8,1,0,1,Banquet,2,0,2.0,1410.18,700,1320,2751.16,1,1,0,1,0.0,0.56,3.1,265.73,0.851,0.299,Shoulder,0,2,Wed,0,1,1,0,1,7,6,38739.84,0.8571,0,1,41,1.0,High,1,1,93.3,0.0442
B-202306-25448,Booked,Manufacturing Alliance,Town Hall Meeting,Corporate,Virtual,Full Package,Finance,Other,Repeat Client,High,2023-03-12,2023-03-29,10,2023-06-22,2023-06-25,3,102,46,138,54,1,Half Ballroom,1,0,7,0.0,0.0,1,71.1,161.94,151.64,20926.32,982.71,7337.44,29246.47,120,18196.8,982.71,6988.03,26167.54,0.8695652173913043,43.136,,2023,6,4,64.6,35.4,0,135.6,156.88,292.48,0.0,156.88,2,6.2,42,46,39,0,1,3,3,24,1,0,1,Classroom,3,1,2.67,982.71,1650,4968,8431.45,4,0,0,0,100.0,0.45,6.36,211.93,0.852,0.185,Shoulder,0,3,Thu,0,1,1,0,1,7,4,83470.27,0.5714,0,1,0,,Unknown,0,1,93.3,0.0686
B-202306-68176,Booked,Real Estate Board,Policy Symposium,Association,In-person,Full Package,Government,Government,Sales Call,High,2022-12-13,2023-01-21,28,2023-06-22,2023-06-24,2,191,105,210,120,1,Half Ballroom,1,1,11,0.0,0.0,4,78.9,156.25,131.49,27612.9,1259.12,4241.92,33113.94,137,18014.13,1259.12,4039.92,23313.17,0.6523809523809524,16.833,,2023,6,4,63.8,36.2,1,150.84,120.64,271.48,227.43,120.64,2,7.6,97,105,0,0,2,5,2,24,1,0,1,Classroom,3,1,2.0,1259.12,1950,4240,8177.95,5,0,0,0,20.0,1.0,15.85,157.69,0.875,0.167,Peak,0,3,Thu,0,0,1,0,1,3,3,64352.44,1.0,0,0,0,,Unknown,0,1,93.3,0.0576
B-202306-48185,Booked,State Medical Association,Awards Gala Weekend,Association,In-person,Full Package,Healthcare,Healthcare,RFP,Medium,2022-08-07,2022-09-03,18,2023-06-23,2023-06-25,2,320,59,118,79,1,Half Ballroom,1,1,9,1.0,38088.08,3,65.9,163.08,133.11,15706.98,861.8,7723.31,24292.09,87,11580.57,861.8,7355.53,19797.9,0.7372881355932204,46.554,,2023,6,4,62.5,37.5,1,136.14,121.75,257.89,205.28,121.75,2,11.9,52,59,0,0,1,2,2,16,1,0,1,Theater,2,0,1.5,861.8,500,2600,4378.48,4,0,0,0,100.0,0.66,18.38,205.87,0.747,0.127,Shoulder,0,4,Fri,1,0,0,0,1,12,12,323384.6,1.0,0,0,29,1.0,High,1,1,100.0,0.0281
B-202306-59412,Booked,Dental Association,Industry Forum,Association,In-person,Full Package,Healthcare,Healthcare,Cvent,High,2022-10-12,2022-11-03,15,2023-06-23,2023-06-26,3,254,86,258,106,1,Half Ballroom,1,0,7,0.0,0.0,3,75.4,160.71,149.96,38689.68,1216.4,5744.42,45650.5,204,30591.84,1216.4,5470.87,37279.11,0.7906976744186046,17.204,,2023,6,2,69.7,30.3,0,17.35,137.27,154.62,0.0,137.27,2,5.7,80,86,74,0,1,8,3,36,1,0,1,Classroom,3,1,2.12,1216.4,3200,6112,12209.13,5,0,0,0,12.5,0.88,6.69,176.94,0.811,0.094,Shoulder,0,4,Fri,1,0,1,0,1,7,6,94139.37,0.8571,0,1,29,1.0,High,1,1,93.3,0.0276
B-202306-12960,Booked,Family Celebration,Martinez-Garcia Wedding,Wedding/Social,In-person,Full Package,Social,Social/Private,Direct Inquiry,Low,2022-09-10,2022-10-18,25,2023-06-26,2023-06-27,1,289,32,32,41,1,Half Ballroom,1,1,13,0.0,0.0,3,69.1,156.9,132.61,4243.52,832.07,3423.25,8498.84,22,2917.42,832.07,3260.24,7009.73,0.6875,79.518,,2023,6,3,62.6,37.4,1,99.59,133.01,232.6,232.6,133.01,1,0.0,32,0,0,0,1,2,1,8,1,0,1,Banquet,2,0,1.5,832.07,500,1320,2490.82,1,1,0,1,0.0,0.34,15.48,265.59,0.78,0.244,Shoulder,0,0,Mon,0,0,1,0,1,10,10,48997.78,1.0,0,0,188,0.17,Low,0,0,93.3,0.045
B-202306-17026,Booked,Education Foundation,Professional Development Symposium,Association,Virtual,Full Package,Education,Education,Website,High,2022-10-07,2022-11-03,15,2023-06-27,2023-06-30,3,263,55,165,76,1,Half Ballroom,1,1,12,0.0,0.0,2,67.3,161.02,132.19,21811.35,1512.11,10300.42,33623.88,103,13615.57,1512.11,9809.93,24937.61,0.6242424242424243,43.026,,2023,6,2,70.3,29.7,1,10.75,157.18,167.93,167.93,157.18,2,6.8,49,55,46,0,2,3,3,24,1,0,1,Classroom,3,1,3.0,1512.11,1950,3180,6959.96,5,0,0,0,100.0,0.63,17.9,203.78,0.724,0.263,Shoulder,0,1,Tue,0,0,1,0,1,7,5,137204.92,0.7143,0,1,165,0.333,Moderate,0,0,93.3,0.0456
B-202306-45197,Booked,Veterans Group,Faith-Based Conference,SMERF,In-person,Full Package,Government,Government,Sales Call,Low,2023-04-25,2023-05-26,17,2023-06-27,2023-06-28,1,63,22,22,29,1,Breakout Room,1,0,14,0.0,0.0,1,74.3,163.23,153.59,3378.98,401.58,328.68,4109.24,16,2457.44,401.58,313.03,3172.05,0.7272727272727273,10.794,,2023,6,3,71.9,28.1,1,50.5,151.69,202.19,202.19,156.74,1,0.0,22,0,0,0,1,2,1,8,0,0,1,Classroom,2,0,1.0,401.58,350,1015,2575.28,1,0,0,0,0.0,0.72,5.91,186.78,0.759,0.345,Shoulder,0,1,Tue,0,0,1,0,1,2,1,8941.8,0.5,0,1,143,0.154,Low,0,0,93.3,0.2222
B-202306-30837,Booked,Banking Consortium,Quarterly Business Review,Corporate,In-person,Full Package,Finance,Finance,Cvent,High,2023-04-04,2023-04-27,12,2023-06-29,2023-07-02,3,86,56,168,63,1,Half Ballroom,1,1,11,1.0,45810.38,4,76.7,160.24,151.32,25421.76,1795.55,9341.84,36559.15,156,23605.92,1795.55,8896.99,34298.46,0.9285714285714286,47.074,,2023,6,3,64.8,35.2,1,142.64,157.32,299.96,179.32,157.32,2,5.3,54,56,49,0,2,3,3,24,1,0,1,Banquet,2,0,1.67,1795.55,850,4080,6636.53,5,0,0,0,100.0,0.53,5.57,217.61,0.889,0.317,Shoulder,0,3,Thu,0,0,0,0,1,9,7,103230.14,0.7778,0,1,137,0.409,Moderate,0,0,100.0,0.1279
B-202306-69424,Booked,Social Event,Smith-Johnson Wedding,Wedding/Social,In-person,Full Package,Social,Social/Private,Repeat Client,Low,2022-07-07,2022-08-06,20,2023-06-30,2023-07-01,1,358,27,27,32,1,Breakout Room,1,0,10,0.0,0.0,2,67.1,164.64,142.46,3846.42,447.93,2857.68,7152.03,16,2279.36,447.93,2721.6,5448.89,0.5925925925925926,85.05,,2023,6,3,65.2,34.8,0,12.45,125.13,137.58,0.0,125.13,1,0.0,27,0,0,0,1,2,1,8,0,0,1,Banquet,1,0,0.5,447.93,150,1760,3150.74,1,1,0,1,0.0,0.8,13.47,264.89,0.844,0.312,Shoulder,0,4,Fri,1,1,1,0,1,15,12,60670.33,0.8,0,1,137,0.197,Low,0,0,93.3,0.0279
B-202306-99989,Booked,Industry Trade Group,Certification Training,Association,In-person,Meeting Only,Trade/Manufacturing,Trade/Manufacturing,Cvent,Low,2022-10-13,2022-11-16,28,2023-06-30,2023-07-01,1,260,0,0,135,1,Grand Ballroom,0,0,6,1.0,17300.32,1,67.5,160.9,0.0,0.0,1924.91,3559.34,5484.25,0,0.0,1924.91,3389.85,5314.76,,25.11,,2023,6,0,0.0,0.0,0,0.0,0.0,0.0,0.0,0.0,0,0.0,0,0,0,0,1,1,1,8,1,0,1,Theater,3,1,3.0,1924.91,650,8505,11882.02,2,0,0,0,100.0,0.56,100.0,,0.0,0.074,Shoulder,0,4,Fri,1,0,0,0,1,3,1,37759.74,0.3333,0,1,137,0.0,Low,0,0,86.7,0.0231
B-202307-28566,Booked,Family Celebration,Williams-Brown Wedding,Wedding/Social,In-person,Full Package,Social,Social/Private,Direct Inquiry,Low,2022-09-05,2022-10-11,26,2023-07-01,2023-07-02,1,299,32,32,43,1,Half Ballroom,1,0,10,0.0,0.0,1,62.2,157.5,123.42,3949.44,936.95,3186.59,8072.98,22,2715.24,936.95,3034.85,6687.04,0.6875,70.578,,2023,7,4,67.2,32.8,1,138.65,120.35,259.0,226.57,120.35,1,0.0,32,0,0,0,1,1,1,4,1,0,1,Banquet,0,0,0.0,936.95,0,1320,1636.19,1,1,0,1,0.0,0.36,21.64,252.28,0.744,0.233,Shoulder,0,5,Sat,1,0,1,0,1,11,11,56007.51,1.0,0,0,132,0.242,Low,0,0,93.3,0.0334
B-202307-36941,Booked,Cultural Journeys,Nature & Wildlife Tour,Corporate,In-person,Rooms Only,Technology,Technology,Cvent,Low,2023-04-29,2023-05-15,12,2023-07-02,2023-07-03,1,64,18,18,19,0,,0,0,4,0.0,0.0,3,68.8,160.27,144.75,2605.5,0.0,0.0,2605.5,17,2460.75,0.0,0.0,2460.75,0.9444444444444444,0.0,,2023,7,2,57.8,42.2,1,91.23,205.73,296.96,205.73,205.73,1,0.0,18,0,0,0,0,0,0,0,0,0,0,,0,0,0.0,0.0,0,0,0.0,0,0,0,0,0.0,0.0,9.68,144.75,0.947,0.0,Shoulder,0,6,Sun,1,0,1,1,1,4,4,18139.46,1.0,0,0,202,0.089,Low,0,0,93.3,0.0625
B-202307-29424,Booked,Volunteer Network,Band Competition,SMERF,In-person,Full Package,Other,Other,Sales Call,Low,2023-04-19,2023-05-20,17,2023-07-04,2023-07-05,1,76,47,47,59,1,Half Ballroom,1,0,14,1.0,9487.02,1,66.9,161.61,145.23,6825.81,1063.8,668.32,8557.93,40,5809.2,1063.8,636.49,7509.49,0.851063829787234,10.788,,2023,7,4,70.7,29.3,1,94.86,146.0,240.86,240.86,146.0,1,0.0,47,0,0,0,1,1,1,8,1,0,1,Classroom,1,0,1.0,1063.8,150,240,1026.17,1,0,0,0,100.0,0.49,10.14,182.08,0.797,0.169,Shoulder,0,1,Tue,0,0,0,0,1,3,0,0.0,0.0,0,1,173,0.272,Moderate,0,0,100.0,0.1842
B-202307-62505,Booked,Private Individual,Smith-Johnson Wedding,Wedding/Social,In-person,Rooms Only,Social,Social/Private,Third-Party Planner,Low,2022-12-02,2023-01-08,34,2023-07-05,2023-07-06,1,215,23,23,25,0,,0,0,3,0.0,0.0,4,68.1,158.3,148.82,3422.86,0.0,0.0,3422.86,14,2083.48,0.0,0.0,2083.48,0.6086956521739131,0.0,,2023,7,3,50.8,49.2,1,66.25,159.53,225.78,225.78,159.53,1,0.0,23,0,0,0,0,0,0,0,0,0,0,,0,0,0.0,0.0,0,0,0.0,0,0,0,0,0.0,0.0,5.99,148.82,0.92,0.0,Shoulder,0,2,Wed,0,0,1,1,1,9,8,27293.36,0.8889,0,1,197,0.117,Low,0,0,93.3,0.014
B-202307-34530,Booked,Youth Organization,Youth Sports Tournament,SMERF,In-person,Full Package,SMERF,Social/Community,Sales Call,Low,2023-04-15,2023-05-11,15,2023-07-06,2023-07-07,1,82,39,39,46,1,Half Ballroom,0,0,11,0.0,0.0,2,63.2,149.33,108.64,4236.96,972.62,0.0,5209.58,31,3367.84,972.62,0.0,4340.46,0.7948717948717948,0.0,,2023,7,2,68.2,31.8,0,19.83,108.88,128.71,0.0,108.88,1,0.0,39,0,0,0,1,1,1,8,1,0,1,Banquet,2,0,2.0,972.62,350,0,1007.27,0,0,0,0,100.0,0.38,27.25,133.58,0.848,0.217,Shoulder,0,3,Thu,0,0,1,0,1,2,2,7664.01,1.0,0,0,83,0.47,Moderate,0,0,93.3,0.1341
B-202307-36309,Booked,Energy Solutions,Performance Review Summit,Corporate,Hybrid,Full Package,Technology,Other,Direct Inquiry,Low,2023-04-22,2023-05-12,7,2023-07-06,2023-07-08,2,75,56,112,65,1,Half Ballroom,1,1,13,1.0,41066.39,1,64.0,156.82,134.23,15033.76,1356.21,5469.69,21859.66,110,14765.3,1356.21,5209.23,21330.74,0.9821428571428572,40.071,,2023,7,3,65.7,34.3,1,54.69,122.67,177.36,177.36,144.35,2,7.1,52,56,0,0,2,2,2,16,1,0,1,Classroom,3,1,2.5,1356.21,1000,3096,5311.25,5,0,0,0,100.0,0.54,14.41,195.18,0.862,0.308,Shoulder,0,3,Thu,0,0,0,0,1,5,3,35928.81,0.6,0,1,94,0.596,Moderate,0,0,100.0,0.1733
B-202307-90134,Booked,Private Party,Quinceañera Celebration,Wedding/Social,In-person,Full Package,Social,Social/Private,Direct Inquiry,Medium,2022-07-14,2022-08-21,26,2023-07-06,2023-07-08,2,357,42,84,54,1,Half Ballroom,1,1,12,1.0,35041.08,2,71.0,156.34,142.51,11970.84,1305.94,3810.58,17087.36,51,7268.01,1305.94,3629.12,12203.07,0.6071428571428571,33.603,,2023,7,3,58.0,42.0,1,105.77,178.67,284.44,215.43,215.43,2,4.8,40,42,0,0,1,2,2,8,1,0,1,Banquet,1,0,1.0,1305.94,300,1320,2318.91,1,1,0,1,0.0,0.45,8.85,203.42,0.778,0.185,Shoulder,0,3,Thu,0,0,0,0,1,9,7,50032.05,0.7778,0,1,94,0.447,Moderate,0,0,100.0,0.0336
B-202307-52964,Booked,Personal Event,Engagement Party,Wedding/Social,In-person,Full Package,Social,Social/Private,Direct Inquiry,Low,2022-10-16,2022-11-11,16,2023-07-07,2023-07-08,1,264,28,28,31,1,Breakout Room,1,0,10,1.0,10145.04,2,62.3,165.56,135.7,3799.6,379.42,2258.84,6437.86,17,2306.9,379.42,2151.28,4837.6,0.6071428571428571,69.396,,2023,7,2,63.7,36.3,0,12.38,142.26,154.64,0.0,142.26,1,0.0,28,0,0,0,1,2,1,8,0,0,1,Banquet,0,0,0.0,379.42,0,1395,2522.2,1,0,1,1,0.0,0.78,18.04,229.92,0.903,0.323,Shoulder,0,4,Fri,1,0,0,0,1,12,9,40294.62,0.75,0,1,94,0.298,Moderate,0,0,100.0,0.0379
B-202307-10336,Booked,Professional Services Group,Sales Kickoff,Corporate,In-person,Rooms Only,Professional Services,Other,Repeat Client,Medium,2023-04-13,2023-04-26,9,2023-07-08,2023-07-10,2,86,36,72,39,0,,0,1,4,1.0,11257.42,2,62.7,156.39,130.85,9421.2,0.0,0.0,9421.2,71,9290.35,0.0,0.0,9290.35,0.9861111111111112,0.0,,2023,7,4,68.0,32.0,1,132.67,135.17,267.84,179.36,135.17,2,13.9,31,36,0,0,0,0,0,0,0,0,0,,0,0,0.0,0.0,0,0,0.0,0,0,0,0,0.0,0.0,16.33,130.85,0.923,0.0,Shoulder,0,5,Sat,1,1,0,1,1,7,5,83861.54,0.7143,0,1,36,1.0,High,1,0,100.0,0.0465
B-202307-32983,Booked,Insurance Federation,State Convention,Association,In-person,Full Package,Finance,Finance,Website,Low,2022-11-02,2022-12-07,23,2023-07-08,2023-07-10,2,248,19,38,22,1,Breakout Room,1,0,12,1.0,10487.52,2,68.1,156.75,134.25,5101.5,571.02,2312.54,7985.06,26,3490.5,571.02,2202.42,6263.94,0.6842105263157895,50.055,,2023,7,3,61.0,39.0,1,41.75,135.53,177.28,177.28,154.76,2,31.6,13,19,0,0,1,2,2,16,0,0,1,Theater,3,1,2.5,571.02,1000,2860,5871.39,4,0,0,0,100.0,0.55,14.35,210.13,0.864,0.455,Shoulder,0,5,Sat,1,0,0,0,1,7,5,118160.65,0.7143,0,1,36,0.528,Moderate,0,0,100.0,0.0484
B-202307-50037,Booked,Social Event,Williams-Brown Wedding,Wedding/Social,In-person,Full Package,Social,Social/Private,Direct Inquiry,High,2022-12-27,2023-02-15,37,2023-07-08,2023-07-11,3,193,39,117,47,1,Half Ballroom,1,0,13,0.0,0.0,1,60.0,163.02,128.83,15073.11,1149.74,3798.07,20020.92,64,8245.12,1149.74,3617.21,13012.07,0.5470085470085471,25.654,,2023,7,2,58.9,41.1,1,37.4,118.78,156.18,156.18,118.78,2,12.3,37,39,28,0,1,3,3,12,1,0,1,Reception,2,0,0.67,1149.74,350,1320,2723.7,1,1,0,1,0.0,0.39,20.97,171.12,0.83,0.213,Shoulder,0,5,Sat,1,0,1,0,1,16,13,66119.22,0.8125,0,1,36,1.0,High,1,1,93.3,0.0674
B-202307-57026,Booked,Heritage Travel,Nature & Wildlife Tour,Corporate,In-person,Rooms Only,Healthcare,Healthcare,Cvent,Low,2023-05-01,2023-05-15,8,2023-07-08,2023-07-09,1,68,26,26,28,0,,0,0,6,0.0,0.0,3,64.4,154.88,130.35,3389.1,0.0,0.0,3389.1,25,3258.75,0.0,0.0,3258.75,0.9615384615384616,0.0,,2023,7,4,71.0,29.0,1,120.25,123.47,243.72,179.95,123.47,1,0.0,26,0,0,0,0,0,0,0,0,0,0,,0,0,0.0,0.0,0,0,0.0,0,0,0,0,0.0,0.0,15.84,130.35,0.929,0.0,Shoulder,0,5,Sat,1,0,1,0,1,5,4,33753.19,0.8,0,1,100,0.26,Moderate,0,0,93.3,0.0882
B-202307-10167,Booked,Global Industries,Board of Directors Meeting,Corporate,Hybrid,Meeting Only,Technology,Other,Website,Low,2023-04-12,2023-04-28,7,2023-07-09,2023-07-11,2,88,0,0,74,1,Half Ballroom,0,0,9,1.0,16809.23,2,66.6,158.79,0.0,0.0,1754.61,7640.09,9394.7,0,0.0,1754.61,7276.27,9030.88,,49.164,,2023,7,0,0.0,0.0,0,0.0,0.0,0.0,0.0,0.0,0,0.0,0,0,0,0,2,2,2,16,1,0,1,Classroom,3,1,2.0,1754.61,800,2520,4485.32,5,0,0,0,100.0,0.62,100.0,,0.0,0.27,Shoulder,0,6,Sun,1,0,0,0,1,11,8,135915.44,0.7273,0,1,36,0.0,Low,0,0,86.7,0.1023
B-202307-36569,Booked,Legal Society,Certification Training,Association,In-person,Full Package,Legal,Legal,RFP,High,2022-12-01,2023-01-01,23,2023-07-09,2023-07-12,3,220,90,270,120,1,Half Ballroom,1,1,8,0.0,0.0,4,63.6,154.37,133.23,35972.1,1159.24,6055.56,43186.9,183,24381.09,1159.24,5767.2,31307.53,0.6777777777777778,16.02,,2023,7,4,72.2,27.8,1,54.75,119.53,174.28,174.28,119.53,2,3.2,83,90,87,0,1,6,3,36,1,0,1,Theater,3,1,2.0,1159.24,2300,6812,11836.79,5,0,0,0,50.0,1.0,13.69,159.95,0.75,0.083,Shoulder,0,6,Sun,1,0,1,0,1,8,6,101721.08,0.75,0,1,46,1.0,High,1,1,93.3,0.0364
B-202307-84912,Booked,Banking Consortium,Performance Review Summit,Corporate,In-person,Meeting Only,Finance,Finance,Website,Low,2023-03-29,2023-04-11,8,2023-07-09,2023-07-10,1,102,0,0,40,1,Breakout Room,0,0,5,0.0,0.0,3,70.8,159.68,0.0,0.0,425.71,1714.36,2140.07,0,0.0,425.71,1632.72,2058.43,,40.818,,2023,7,0,0.0,0.0,0,0.0,0.0,0.0,0.0,0.0,0,0.0,0,0,0,0,1,1,1,8,0,0,1,Classroom,2,0,2.0,425.71,350,2772,4104.62,4,0,0,0,100.0,1.0,100.0,,0.0,0.25,Shoulder,0,6,Sun,1,0,1,1,1,10,8,137528.6,0.8,0,1,36,0.0,Low,0,0,80.0,0.049
B-202307-74437,Booked,Service Club,Youth Sports Tournament,SMERF,In-person,Full Package,SMERF,Social/Community,Referral,Low,2023-04-19,2023-05-15,16,2023-07-10,2023-07-12,2,82,45,90,62,1,Half Ballroom,1,0,10,1.0,20917.42,2,68.2,157.07,134.75,12127.5,1225.42,1392.49,14745.41,67,9028.25,1225.42,1326.18,11579.85,0.7444444444444445,10.695,,2023,7,4,61.6,38.4,1,156.22,119.38,275.6,166.07,127.17,2,8.9,41,45,0,0,1,3,2,16,1,0,1,Classroom,2,0,1.0,1225.42,500,480,2294.54,1,0,0,0,33.3,0.52,14.21,163.84,0.726,0.161,Shoulder,0,0,Mon,0,0,0,0,1,5,5,46191.8,1.0,0,0,24,1.0,High,1,1,100.0,0.122
B-202307-27884,Booked,Accounting Institute,Member Appreciation Event,Association,In-person,Full Package,Finance,Finance,Repeat Client,High,2022-10-06,2022-11-04,20,2023-07-11,2023-07-14,3,278,61,183,80,1,Half Ballroom,1,0,9,1.0,48493.17,2,69.3,157.2,145.71,26664.93,1671.79,12426.12,40762.84,131,19088.01,1671.79,11834.4,32594.2,0.7158469945355191,49.31,,2023,7,2,64.1,35.9,0,9.69,159.9,169.59,0.0,169.59,2,8.6,51,61,49,0,2,3,3,24,1,0,1,Classroom,3,1,1.67,1671.79,950,3600,6340.64,5,0,0,0,100.0,0.67,7.31,222.75,0.762,0.25,Shoulder,0,1,Tue,0,1,0,0,1,9,8,194108.43,0.8889,0,1,57,1.0,High,1,1,100.0,0.0324
B-202307-15848,Booked,Pharmaceutical Partners,Strategic Planning Retreat,Corporate,In-person,Full Package,Healthcare,Healthcare,Sales Call,Medium,2023-04-13,2023-05-04,11,2023-07-12,2023-07-14,2,90,36,72,44,1,Half Ballroom,1,0,10,0.0,0.0,2,66.7,150.91,138.65,9982.8,1341.74,4511.71,15836.25,66,9150.9,1341.74,4296.86,14789.5,0.9166666666666666,48.828,,2023,7,2,67.2,32.8,0,147.89,135.41,283.3,0.0,135.41,2,5.6,34,36,0,0,1,2,2,16,1,0,1,Classroom,2,0,2.0,1341.74,700,3408,5295.83,4,0,0,0,100.0,0.37,8.12,219.95,0.818,0.227,Shoulder,0,2,Wed,0,0,1,0,1,16,12,161373.05,0.75,0,1,44,0.818,High,1,0,93.3,0.1111
B-202307-43903,Booked,Real Estate Board,Board Retreat,Association,In-person,Full Package,Government,Government,Website,High,2022-12-06,2023-01-07,25,2023-07-12,2023-07-14,2,218,66,132,78,1,Half Ballroom,1,1,7,0.0,0.0,2,65.8,159.55,132.94,17548.08,1723.42,7410.31,26681.81,90,11964.6,1723.42,7057.44,20745.46,0.6818181818181818,45.24,,2023,7,4,74.3,25.7,1,112.04,163.76,275.8,218.4,163.76,2,15.2,56,66,0,0,2,2,2,16,1,0,1,Classroom,2,0,1.5,1723.42,500,2360,4033.57,3,0,0,0,100.0,0.65,16.68,202.13,0.846,0.256,Shoulder,0,2,Wed,0,0,1,0,1,4,4,87665.61,1.0,0,0,44,1.0,High,1,1,93.3,0.0321
B-202307-57069,Booked,Volunteer Network,Charity Fundraiser,SMERF,Virtual,Full Package,Other,Other,Direct Inquiry,Low,2023-03-10,2023-04-02,15,2023-07-13,2023-07-14,1,125,13,13,16,1,Breakout Room,1,1,8,1.0,3601.17,1,64.2,149.96,118.65,1542.45,533.25,167.63,2243.33,10,1186.5,533.25,159.65,1879.4,0.7692307692307693,9.978,,2023,7,3,55.2,44.8,0,11.07,118.14,129.21,0.0,120.95,1,0.0,13,0,0,0,1,1,1,8,0,0,1,Classroom,1,0,1.0,533.25,150,192,1295.83,1,0,0,0,100.0,0.4,20.88,172.56,0.812,0.625,Shoulder,0,3,Thu,0,0,0,0,1,5,1,7509.49,0.2,0,1,44,0.295,Moderate,0,0,100.0,0.064
B-202307-82358,Booked,Youth Athletics,Cultural Heritage Festival,SMERF,In-person,Meeting Only,SMERF,Social/Community,Repeat Client,Low,2023-02-25,2023-03-25,20,2023-07-13,2023-07-15,2,138,0,0,134,1,Grand Ballroom,0,0,8,1.0,18038.02,1,62.6,160.7,0.0,0.0,2275.65,5638.41,7914.06,0,0.0,2275.65,5369.92,7645.57,,20.037,,2023,7,0,0.0,0.0,0,0.0,0.0,0.0,0.0,0.0,0,0.0,0,0,0,0,1,3,2,16,1,0,1,Classroom,1,0,1.0,2275.65,450,5640,11489.28,2,0,0,0,33.3,0.56,100.0,,0.0,0.075,Shoulder,0,3,Thu,0,1,0,0,1,0,0,0.0,,1,0,44,0.0,Low,0,0,86.7,0.058
B-202307-27132,Booked,Professional Engineers Society,Member Appreciation Event,Association,In-person,Full Package,Association,Other,Direct Inquiry,Medium,2022-10-20,2022-11-28,28,2023-07-14,2023-07-16,2,267,60,120,71,1,Half Ballroom,1,1,11,1.0,34964.17,3,59.1,150.5,121.53,14583.6,1468.03,6232.23,22283.86,76,9236.28,1468.03,5935.46,16639.77,0.6333333333333333,41.799,,2023,7,4,57.4,42.6,1,132.86,136.64,269.5,224.41,140.3,2,0.0,60,60,0,0,2,2,2,16,1,0,1,Classroom,2,0,1.5,1468.03,500,3280,4959.56,5,0,0,0,100.0,0.59,19.25,185.7,0.845,0.282,Low,0,4,Fri,1,0,0,0,1,8,6,69532.22,0.75,0,1,117,0.513,Moderate,0,0,100.0,0.0412
B-202307-74665,Booked,Banking Consortium,Executive Offsite,Corporate,In-person,Full Package,Finance,Finance,Third-Party Planner,Medium,2023-05-01,2023-05-18,7,2023-07-15,2023-07-17,2,75,43,86,56,1,Half Ballroom,1,0,10,1.0,35051.82,3,63.2,155.95,142.96,12294.56,1290.62,2937.41,16522.59,79,11293.84,1290.62,2797.54,15382.0,0.9186046511627908,24.978,,2023,7,3,51.2,48.8,1,58.96,134.63,193.59,193.59,134.63,2,16.3,36,43,0,0,1,2,2,16,1,0,1,Classroom,3,1,2.5,1290.62,1000,2544,4690.19,2,0,0,0,100.0,0.47,8.33,192.12,0.768,0.179,Shoulder,0,5,Sat,1,0,0,0,1,11,9,139587.03,0.8182,0,1,177,0.243,Low,0,0,100.0,0.1333
B-202307-53481,Booked,Financial Services Group,Sales Kickoff,Corporate,In-person,Rooms Only,Finance,Finance,Direct Inquiry,Medium,2023-05-29,2023-06-18,14,2023-07-17,2023-07-18,1,49,67,67,73,0,,0,1,6,0.0,0.0,1,63.9,158.73,141.76,9497.92,0.0,0.0,9497.92,58,8222.08,0.0,0.0,8222.08,0.8656716417910447,0.0,,2023,7,3,55.9,44.1,1,89.15,143.35,232.5,232.5,143.35,1,0.0,67,0,0,0,0,0,0,0,0,0,0,,0,0,0.0,0.0,0,0,0.0,0,0,0,0,0.0,0.0,10.69,141.76,0.918,0.0,Shoulder,0,0,Mon,0,0,1,0,1,7,4,23413.54,0.5714,0,1,153,0.438,Moderate,0,0,93.3,0.1224
B-202307-72847,Booked,Technology Innovators,Performance Review Summit,Corporate,In-person,Full Package,Technology,Technology,Website,Medium,2023-04-16,2023-05-01,8,2023-07-18,2023-07-19,1,93,45,45,58,1,Half Ballroom,1,0,7,0.0,0.0,2,58.6,156.46,128.31,5773.95,1269.06,2653.54,9696.55,37,4747.47,1269.06,2527.18,8543.71,0.8222222222222222,43.572,,2023,7,2,71.2,28.8,1,41.89,190.43,232.32,232.32,190.43,1,0.0,45,0,0,0,1,1,1,8,1,0,1,Theater,2,0,2.0,1269.06,350,2088,3039.74,4,0,0,0,100.0,0.48,17.99,215.48,0.776,0.172,Low,0,1,Tue,0,0,1,0,1,12,9,134907.47,0.75,0,1,175,0.257,Moderate,0,0,93.3,0.0753
B-202307-77045,Booked,Retail Corporation,Innovation Workshop,Corporate,Virtual,Full Package,Technology,Other,Sales Call,Low,2023-05-04,2023-05-22,9,2023-07-19,2023-07-20,1,76,35,35,44,1,Half Ballroom,1,1,9,1.0,9422.77,2,62.2,155.36,138.51,4847.85,1212.07,2160.5,8220.42,32,4432.32,1212.07,2057.62,7702.01,0.9142857142857144,46.764,,2023,7,4,51.0,49.0,1,145.95,128.28,274.23,222.82,128.28,1,0.0,35,0,0,0,1,1,1,8,1,0,1,Classroom,2,0,2.0,1212.07,350,1800,2728.16,3,0,0,0,100.0,0.37,10.85,234.87,0.795,0.227,Shoulder,0,2,Wed,0,0,0,0,1,10,8,131292.5,0.8,0,1,185,0.189,Low,0,0,100.0,0.1184
B-202307-46822,Booked,State Medical Association,Professional Development Symposium,Association,Hybrid,Full Package,Healthcare,Healthcare,Website,Medium,2022-11-16,2022-12-23,28,2023-07-20,2023-07-22,2,246,59,118,79,1,Half Ballroom,1,0,9,0.0,0.0,1,65.5,159.07,141.02,16640.36,1693.02,7555.58,25888.96,91,12832.82,1693.02,7195.79,21721.63,0.7711864406779662,45.543,,2023,7,4,60.5,39.5,1,149.99,131.06,281.05,235.75,131.06,2,15.3,50,59,0,0,2,2,2,16,1,0,1,Classroom,2,0,2.0,1693.02,700,3240,5135.5,4,0,0,0,100.0,0.66,11.35,219.4,0.747,0.253,Shoulder,0,3,Thu,0,0,1,0,1,13,13,343182.5,1.0,0,0,126,0.468,Moderate,0,0,93.3,0.0366
B-202307-11257,Booked,Financial Services Group,Annual Sales Conference,Corporate,Virtual,Full Package,Finance,Finance,Website,Low,2023-05-06,2023-05-28,8,2023-07-21,2023-07-23,2,76,35,70,38,1,Breakout Room,1,1,14,0.0,0.0,1,60.3,163.72,140.75,9852.5,445.85,3732.49,14030.84,61,8585.75,445.85,3554.75,12586.35,0.8714285714285714,46.773,,2023,7,4,53.7,46.3,1,127.45,156.7,284.15,249.31,156.7,2,34.3,23,35,0,0,1,2,2,16,0,0,1,Theater,3,1,2.5,445.85,1000,5472,8339.98,5,0,0,0,100.0,0.95,14.03,200.44,0.921,0.263,Shoulder,0,4,Fri,1,0,1,0,1,8,5,31635.62,0.625,0,1,0,,Unknown,0,1,93.3,0.1842
B-202307-41135,Booked,Insurance Federation,Continuing Education Conference,Association,In-person,Full Package,Finance,Finance,Referral,High,2022-10-11,2022-11-20,27,2023-07-22,2023-07-24,2,284,123,246,137,1,Grand Ballroom,1,0,13,1.0,64987.14,2,65.3,157.15,134.71,33138.66,2282.28,11837.42,47258.36,176,23708.96,2282.28,11273.73,37264.97,0.7154471544715447,41.145,,2023,7,2,68.5,31.5,1,100.97,148.35,249.32,249.32,148.35,2,8.1,113,123,0,0,1,2,2,16,1,0,1,Classroom,3,1,3.0,2282.28,1300,14385,20643.06,5,0,0,0,100.0,0.57,14.28,192.11,0.898,0.073,Shoulder,0,5,Sat,1,0,0,0,1,8,6,124424.59,0.75,0,1,1,1.0,High,1,1,100.0,0.0458
B-202307-79951,Booked,Professional Engineers Society,Professional Development Symposium,Association,Virtual,Full Package,Association,Other,Third-Party Planner,High,2022-11-27,2022-12-28,19,2023-07-22,2023-07-25,3,237,66,198,87,1,Half Ballroom,1,0,12,1.0,64675.74,3,63.4,158.59,134.97,26724.06,1945.61,5099.52,33769.19,151,20380.47,1945.61,4856.69,27182.77,0.7626262626262627,18.608,,2023,7,3,54.8,45.2,1,79.35,134.74,214.09,214.09,134.74,2,6.9,59,66,55,0,2,6,3,36,1,0,1,Classroom,2,0,1.67,1945.61,1700,5932,10293.05,4,0,0,0,50.0,0.72,14.89,170.55,0.759,0.23,Shoulder,0,5,Sat,1,0,0,0,1,9,7,86171.99,0.7778,0,1,1,1.0,High,1,1,100.0,0.0506
B-202307-95404,Booked,Industry Trade Group,Board Retreat,Association,In-person,Full Package,Trade/Manufacturing,Trade/Manufacturing,Third-Party Planner,Medium,2022-12-01,2023-01-08,28,2023-07-22,2023-07-24,2,233,30,60,37,1,Breakout Room,1,1,10,0.0,0.0,2,65.4,153.92,134.99,8099.4,574.33,3088.11,11761.84,44,5939.56,574.33,2941.06,9454.95,0.7333333333333333,39.744,,2023,7,4,50.8,49.2,1,88.39,151.49,239.88,239.88,151.49,2,16.7,25,30,0,0,1,2,2,16,0,0,1,Classroom,2,0,2.0,574.33,700,4680,7434.52,4,0,0,0,100.0,0.93,12.3,196.03,0.811,0.27,Shoulder,0,5,Sat,1,0,1,0,1,4,2,43074.5,0.5,0,1,1,1.0,High,1,1,93.3,0.0429
B-202307-74106,Booked,Global Industries,New Hire Orientation,Corporate,In-person,Rooms Only,Healthcare,Other,Referral,Low,2023-04-30,2023-05-12,9,2023-07-26,2023-07-28,2,87,49,98,53,0,,0,1,3,0.0,0.0,1,61.8,153.06,142.05,13920.9,0.0,0.0,13920.9,88,12500.4,0.0,0.0,12500.4,0.8979591836734694,0.0,,2023,7,4,61.9,38.1,1,43.07,129.43,172.5,172.5,133.07,2,10.2,44,49,0,0,0,0,0,0,0,0,0,,0,0,0.0,0.0,0,0,0.0,0,0,0,0,0.0,0.0,7.19,142.05,0.925,0.0,Shoulder,0,2,Wed,0,0,1,1,1,13,9,144946.32,0.6923,0,1,162,0.302,Moderate,0,0,93.3,0.0345
B-202307-88671,Booked,Global Industries,Regional Team Meeting,Corporate,In-person,Full Package,Healthcare,Other,Referral,Low,2023-05-07,2023-05-25,7,2023-07-27,2023-07-29,2,81,9,18,10,1,Boardroom,1,0,11,1.0,8458.93,3,67.5,153.37,130.33,2345.94,325.59,1018.58,3690.11,15,1954.95,325.59,970.08,3250.62,0.8333333333333334,48.504,,2023,7,2,62.0,38.0,0,22.57,119.8,142.37,0.0,119.8,2,22.2,7,9,0,0,1,2,2,16,0,1,1,Boardroom,2,0,2.0,325.59,700,1520,4271.15,5,0,0,0,100.0,0.71,15.02,205.01,0.9,1.0,Shoulder,0,3,Thu,0,0,0,0,1,14,10,157446.72,0.7143,0,1,174,0.052,Low,0,0,100.0,0.1358
B-202307-95998,Booked,Family Celebration,Family Reunion Weekend,Wedding/Social,In-person,Full Package,Social,Social/Private,Website,Low,2022-11-14,2022-12-23,28,2023-07-28,2023-07-29,1,256,37,37,42,1,Half Ballroom,1,1,11,0.0,0.0,1,66.3,156.13,123.63,4574.31,873.67,3840.4,9288.38,21,2596.23,873.67,3657.53,7127.43,0.5675675675675675,87.084,,2023,7,2,64.7,35.3,1,51.47,112.9,164.37,164.37,112.9,1,0.0,37,0,0,0,1,1,1,4,1,0,1,Banquet,2,0,2.0,873.67,350,1080,1745.31,1,0,1,1,0.0,0.35,20.82,251.04,0.881,0.238,Shoulder,0,4,Fri,1,0,1,0,1,14,12,62694.55,0.8571,0,1,174,0.213,Low,0,0,93.3,0.043
B-202307-17992,Booked,Real Estate Board,Educational Seminar Series,Association,In-person,Full Package,Government,Government,Sales Call,Low,2022-10-26,2022-11-26,20,2023-07-29,2023-07-30,1,276,46,46,54,1,Half Ballroom,1,0,11,1.0,17388.77,3,65.2,155.32,137.91,6343.86,1060.39,2690.3,10094.55,33,4551.03,1060.39,2562.19,8173.61,0.717391304347826,47.448,,2023,7,4,62.1,37.9,1,85.69,152.17,237.86,237.86,152.17,1,0.0,46,0,0,0,1,1,1,8,1,0,1,Classroom,2,0,2.0,1060.39,350,1740,2667.39,4,0,0,0,100.0,0.45,11.21,219.45,0.852,0.185,Shoulder,0,5,Sat,1,0,0,0,1,5,5,108411.07,1.0,0,0,129,0.357,Moderate,0,0,100.0,0.0399
B-202307-47002,Booked,Technology Innovators,Annual Sales Conference,Corporate,In-person,Full Package,Technology,Technology,Repeat Client,Medium,2023-05-29,2023-06-18,9,2023-07-29,2023-07-31,2,61,5,10,5,1,Boardroom,1,1,11,1.0,7077.79,2,61.1,157.37,138.56,1385.6,288.2,464.09,2137.89,9,1247.04,288.2,441.99,1977.23,0.9,44.199,,2023,7,2,51.7,48.3,0,0.27,144.98,145.25,0.0,144.98,2,80.0,1,5,0,0,1,2,2,16,0,1,1,Boardroom,2,0,2.0,288.2,700,760,3455.25,5,0,0,0,100.0,0.36,11.95,213.79,1.0,2.0,Shoulder,0,5,Sat,1,1,0,0,1,13,10,143451.18,0.7692,0,1,188,0.027,Low,0,0,100.0,0.1803
B-202307-60206,Booked,Nonprofit Foundation,Church Retreat Weekend,SMERF,In-person,Full Package,Technology,Technology,Website,Low,2023-02-22,2023-03-24,21,2023-07-29,2023-07-30,1,157,40,40,50,1,Half Ballroom,1,0,9,1.0,8472.75,2,60.3,157.17,126.89,5075.6,1015.08,614.88,6705.56,30,3806.7,1015.08,585.6,5407.38,0.75,11.712,,2023,7,2,70.3,29.7,1,93.11,115.11,208.22,208.22,115.11,1,0.0,40,0,0,0,1,2,1,8,1,0,1,Classroom,2,0,1.5,1015.08,500,240,1464.96,1,0,0,0,0.0,0.42,19.27,167.64,0.8,0.2,Shoulder,0,5,Sat,1,0,0,0,1,2,1,3507.12,0.5,0,1,129,0.31,Moderate,0,0,100.0,0.0573
B-202307-12857,Booked,Personal Event,Martinez-Garcia Wedding,Wedding/Social,In-person,Full Package,Social,Social/Private,Referral,Low,2022-08-30,2022-10-10,30,2023-07-30,2023-07-31,1,334,27,27,31,1,Breakout Room,1,0,11,0.0,0.0,3,63.6,161.36,136.18,3676.86,525.14,2389.1,6591.1,14,1906.52,525.14,2275.34,4707.0,0.5185185185185185,73.398,,2023,7,4,61.2,38.8,1,125.02,124.7,249.72,249.72,147.81,1,0.0,27,0,0,0,1,1,1,4,0,0,1,Banquet,0,0,0.0,525.14,0,1705,2338.74,1,1,0,1,0.0,0.78,15.6,244.11,0.871,0.323,Shoulder,0,6,Sun,1,0,1,0,1,13,10,45132.22,0.7692,0,1,188,0.144,Low,0,0,93.3,0.0329
B-202307-69233,Booked,Global Industries,Regional Team Meeting,Corporate,In-person,Full Package,Technology,Other,Website,Medium,2023-05-14,2023-06-05,10,2023-07-31,2023-08-02,2,78,63,126,78,1,Half Ballroom,1,0,12,0.0,0.0,1,62.6,159.09,136.87,17245.62,1209.39,7412.28,25867.29,112,15329.44,1209.39,7059.31,23598.14,0.8888888888888888,45.252,,2023,7,2,50.7,49.3,0,136.78,146.46,283.24,0.0,146.46,2,11.1,56,63,0,0,2,2,2,16,1,0,1,Theater,3,1,2.5,1209.39,1000,3048,5303.27,4,0,0,0,100.0,0.65,13.97,205.3,0.808,0.256,Shoulder,0,0,Mon,0,0,1,0,1,15,11,160697.34,0.7333,0,1,0,,Unknown,0,1,93.3,0.1538
B-202307-69270,Booked,Education Foundation,Educational Seminar Series,Association,In-person,Full Package,Education,Education,Direct Inquiry,High,2022-11-23,2023-01-01,28,2023-07-31,2023-08-04,4,250,43,172,56,1,Half Ballroom,1,1,11,0.0,0.0,3,62.0,156.37,125.11,21518.92,949.01,9509.37,31977.3,118,14762.98,949.01,9056.54,24768.53,0.686046511627907,40.431,,2023,7,3,62.6,37.4,1,32.61,137.78,170.39,170.39,137.78,2,7.9,34,43,41,38,1,4,4,32,1,0,1,Classroom,2,0,1.5,949.01,1000,5100,8472.33,5,0,0,0,100.0,0.47,19.99,185.91,0.768,0.179,Shoulder,0,0,Mon,0,0,1,0,1,8,6,162142.53,0.75,0,1,0,,Unknown,0,1,93.3,0.044
B-202307-72236,Booked,Insurance Federation,Board Retreat,Association,In-person,Full Package,Finance,Finance,Sales Call,Medium,2022-11-07,2022-12-16,27,2023-07-31,2023-08-02,2,266,74,148,100,1,Half Ballroom,1,0,12,1.0,36841.48,2,63.2,154.49,129.56,19174.88,1704.91,3892.77,24772.56,96,12437.76,1704.91,3707.4,17850.07,0.6486486486486487,18.537,,2023,7,3,71.3,28.7,1,144.4,149.91,294.31,223.19,149.91,2,14.9,63,74,0,0,2,5,2,24,1,0,1,Theater,3,1,1.8,1704.91,1650,3640,7249.98,3,0,0,0,20.0,0.83,16.14,167.38,0.74,0.2,Shoulder,0,0,Mon,0,0,0,0,1,9,7,161689.56,0.7778,0,1,0,,Unknown,0,1,100.0,0.0451
B-202308-16366,Booked,Education Foundation,Awards Gala Weekend,Association,In-person,Full Package,Education,Education,RFP,Low,2022-11-10,2022-12-13,24,2023-08-01,2023-08-03,2,264,5,10,6,1,Boardroom,1,1,9,0.0,0.0,2,71.6,168.49,145.86,1458.6,362.98,623.55,2445.13,7,1021.02,362.98,593.86,1977.86,0.7,49.488,,2023,8,2,59.8,40.2,1,17.79,145.97,163.76,163.76,145.97,2,20.0,4,5,0,0,1,2,2,16,0,1,1,Boardroom,2,0,2.0,362.98,700,972,3792.05,4,0,0,0,100.0,0.43,13.43,244.51,0.833,1.667,Shoulder,0,1,Tue,0,0,1,0,1,9,7,186911.06,0.7778,0,1,0,,Unknown,0,1,93.3,0.0341
B-202308-25506,Booked,Nursing Council,Member Appreciation Event,Association,In-person,Full Package,Healthcare,Healthcare,Website,Medium,2022-10-24,2022-12-02,27,2023-08-01,2023-08-03,2,281,39,78,42,1,Half Ballroom,1,0,12,0.0,0.0,2,70.8,165.21,154.54,12054.12,1081.95,3657.3,16793.37,58,8963.32,1081.95,3483.14,13528.41,0.7435897435897436,41.466,,2023,8,2,71.2,28.8,1,75.69,205.37,281.06,281.06,281.06,2,20.5,31,39,0,0,1,2,2,16,1,0,1,Classroom,1,0,1.0,1081.95,300,2580,4082.05,5,0,0,0,100.0,0.35,6.46,215.3,0.929,0.238,Shoulder,0,1,Tue,0,0,1,0,1,11,8,130743.2,0.7273,0,1,0,,Unknown,0,1,93.3,0.0427
B-202308-37444,Booked,Pharmaceutical Partners,Strategic Planning Retreat,Corporate,Hybrid,Full Package,Healthcare,Healthcare,Direct Inquiry,Low,2023-05-27,2023-06-19,10,2023-08-01,2023-08-03,2,66,25,50,31,1,Breakout Room,1,0,13,0.0,0.0,2,75.5,167.21,158.53,7926.5,510.94,2944.93,11382.37,49,7767.97,510.94,2804.69,11083.6,0.98,45.237,,2023,8,3,67.9,32.1,1,120.61,139.62,260.23,260.23,139.62,2,24.0,19,25,0,0,1,2,2,16,0,0,1,Classroom,2,0,2.0,510.94,700,4340,7112.3,5,0,0,0,100.0,0.78,5.19,227.65,0.806,0.323,Shoulder,0,1,Tue,0,0,1,0,1,18,13,176162.55,0.7222,0,1,0,,Unknown,0,1,93.3,0.197
B-202308-92141,Booked,Legal Society,Annual Member Conference,Association,In-person,Full Package,Legal,Legal,Third-Party Planner,Low,2022-12-06,2023-01-03,17,2023-08-01,2023-08-02,1,238,38,38,44,1,Half Ballroom,1,0,11,1.0,11192.77,3,68.3,156.34,130.29,4951.02,926.9,2138.05,8015.97,28,3648.12,926.9,2036.23,6611.25,0.7368421052631579,46.278,,2023,8,3,62.4,37.6,1,49.15,131.78,180.93,180.93,131.78,1,0.0,38,0,0,0,1,1,1,8,1,0,1,Theater,1,0,1.0,926.9,150,1740,2505.04,4,0,0,0,100.0,0.37,16.66,210.95,0.864,0.227,Shoulder,0,1,Tue,0,0,0,0,1,9,7,133028.61,0.7778,0,1,0,,Unknown,0,1,100.0,0.0462
B-202308-64627,Booked,Global Industries,Innovation Workshop,Corporate,Hybrid,Full Package,Finance,Other,Direct Inquiry,Medium,2023-04-27,2023-05-23,13,2023-08-02,2023-08-04,2,97,72,144,87,1,Half Ballroom,1,0,13,0.0,0.0,2,68.7,172.29,154.5,22248.0,1509.16,3499.07,27256.23,115,17767.5,1509.16,3332.45,22609.11,0.7986111111111112,19.152,,2023,8,3,53.3,46.7,0,159.0,131.68,290.68,0.0,133.11,2,13.9,62,72,0,0,2,5,2,24,1,0,1,Theater,2,0,1.6,1509.16,1350,5076,8431.16,4,0,0,0,20.0,0.72,10.33,189.28,0.828,0.23,Shoulder,0,2,Wed,0,0,1,0,1,16,12,184295.48,0.75,0,1,55,1.0,High,1,1,93.3,0.134
B-202308-82154,Booked,Pharmaceutical Partners,Quarterly Business Review,Corporate,Hybrid,Full Package,Healthcare,Healthcare,Referral,Medium,2023-05-19,2023-06-04,7,2023-08-02,2023-08-04,2,75,36,72,43,1,Half Ballroom,1,0,9,0.0,0.0,2,72.6,166.32,159.22,11463.84,1348.36,3879.83,16692.03,62,9871.64,1348.36,3695.08,14915.08,0.8611111111111112,42.966,,2023,8,3,56.0,44.0,0,11.83,149.24,161.07,0.0,158.78,2,5.6,34,36,0,0,1,2,2,16,1,0,1,Theater,2,0,1.5,1348.36,500,2808,4430.82,5,0,0,0,100.0,0.36,4.27,231.83,0.837,0.233,Shoulder,0,2,Wed,0,0,1,0,1,19,14,187246.15,0.7368,0,1,55,0.655,High,1,0,93.3,0.12
B-202308-82954,Booked,Global Industries,Customer Advisory Board,Corporate,In-person,Meeting Only,Finance,Other,Sales Call,Low,2023-05-11,2023-05-23,7,2023-08-02,2023-08-04,2,83,0,0,41,1,Half Ballroom,0,1,5,0.0,0.0,2,63.7,166.52,0.0,0.0,1080.55,4307.67,5388.22,0,0.0,1080.55,4102.54,5183.09,,50.031,,2023,8,0,0.0,0.0,0,0.0,0.0,0.0,0.0,0.0,0,0.0,0,0,0,0,1,2,2,16,1,0,1,Theater,3,1,2.5,1080.55,1000,3360,5627.07,5,0,0,0,100.0,0.34,100.0,,0.0,0.244,Shoulder,0,2,Wed,0,0,1,1,1,16,12,184295.48,0.75,0,1,0,,Unknown,0,0,80.0,0.0602
B-202308-43018,Booked,TechCorp Solutions,Management Training,Corporate,In-person,Full Package,Technology,Technology,Repeat Client,Medium,2023-05-27,2023-06-17,10,2023-08-03,2023-08-06,3,68,14,42,15,1,Breakout Room,1,0,11,0.0,0.0,2,70.9,164.34,153.98,6467.16,509.46,2214.14,9190.76,38,5851.24,509.46,2108.7,8469.4,0.9047619047619048,46.86,,2023,8,4,65.0,35.0,1,145.56,154.79,300.35,193.57,154.79,2,27.6,7,14,5,0,1,3,3,24,0,0,1,Banquet,3,1,2.0,509.46,1150,2700,6874.54,5,0,0,0,100.0,0.38,6.3,218.83,0.933,0.667,Shoulder,0,3,Thu,0,1,1,0,1,7,2,11930.98,0.2857,0,1,90,0.156,Low,0,0,93.3,0.1618
B-202308-17686,Booked,Nursing Council,Leadership Institute,Association,Virtual,Full Package,Healthcare,Healthcare,Cvent,Medium,2023-01-24,2023-02-19,14,2023-08-04,2023-08-07,3,192,53,159,59,1,Half Ballroom,1,1,12,1.0,48091.62,1,71.1,165.38,150.26,23891.34,1107.93,7868.52,32867.79,122,18331.72,1107.93,7493.83,26933.48,0.7672955974842768,42.338,,2023,8,4,59.9,40.1,1,139.16,139.12,278.28,201.34,139.12,2,8.2,43,53,51,0,1,3,3,24,1,0,1,Classroom,3,1,2.67,1107.93,1650,3400,6925.2,5,0,0,0,100.0,0.49,9.14,206.72,0.898,0.169,Shoulder,0,4,Fri,1,0,0,0,1,12,9,144271.61,0.75,0,1,90,0.589,Moderate,0,0,100.0,0.0625
B-202308-75239,Booked,Youth Athletics,Volunteer Training,SMERF,In-person,Rooms Only,SMERF,Social/Community,Referral,Medium,2023-04-01,2023-04-18,14,2023-08-04,2023-08-06,2,125,63,126,69,0,,0,0,3,0.0,0.0,2,70.3,156.88,133.68,16843.68,0.0,0.0,16843.68,100,13368.0,0.0,0.0,13368.0,0.7936507936507936,0.0,,2023,8,4,57.6,42.4,1,92.33,155.74,248.07,200.81,155.74,2,12.7,55,63,0,0,0,0,0,0,0,0,0,,0,0,0.0,0.0,0,0,0.0,0,0,0,0,0.0,0.0,14.79,133.68,0.913,0.0,Shoulder,0,4,Fri,1,0,1,1,1,1,1,7645.57,1.0,0,0,90,0.7,High,1,0,93.3,0.024
B-202308-84632,Booked,Education Foundation,Board Retreat,Association,In-person,Full Package,Education,Education,Cvent,High,2023-01-08,2023-02-05,16,2023-08-07,2023-08-09,2,211,92,184,105,1,Half Ballroom,1,0,12,0.0,0.0,4,68.3,158.04,130.93,24091.12,1555.03,4424.11,30070.26,130,17020.9,1555.03,4213.44,22789.37,0.7065217391304348,20.064,,2023,8,4,56.9,43.1,1,109.41,124.36,233.77,233.77,124.36,2,8.7,84,92,0,0,2,4,2,24,1,0,1,Classroom,2,0,1.5,1555.03,1000,3692,6495.58,4,0,0,0,50.0,0.88,17.15,163.43,0.876,0.19,Shoulder,0,0,Mon,0,0,1,0,1,10,8,188888.92,0.8,0,1,47,1.0,High,1,1,93.3,0.0569
B-202308-47701,Booked,Industry Trade Group,Awards Gala Weekend,Association,In-person,Full Package,Trade/Manufacturing,Trade/Manufacturing,Sales Call,Medium,2023-02-06,2023-03-19,28,2023-08-08,2023-08-09,1,183,81,81,111,1,Half Ballroom,1,1,13,0.0,0.0,3,69.1,163.76,139.86,11328.66,1503.18,2320.97,15152.81,55,7692.3,1503.18,2210.45,11405.93,0.6790123456790124,19.914,,2023,8,3,63.2,36.8,0,130.87,145.27,276.14,0.0,145.27,1,0.0,81,0,0,0,2,2,1,12,1,0,1,Classroom,2,0,1.5,1503.18,500,1520,2952.5,4,0,0,0,50.0,0.93,14.59,187.07,0.73,0.18,Shoulder,0,1,Tue,0,0,1,0,1,5,3,52529.45,0.6,0,1,47,1.0,High,1,1,93.3,0.071
B-202308-47070,Booked,Private Individual,Charity Gala,Wedding/Social,In-person,Full Package,Social,Social/Private,Sales Call,Low,2022-11-16,2023-01-01,34,2023-08-09,2023-08-10,1,266,22,22,30,1,Breakout Room,1,1,12,1.0,11469.78,2,69.3,168.03,147.33,3241.26,352.37,2892.26,6485.89,13,1915.29,352.37,2754.54,5022.2,0.5909090909090909,91.818,,2023,8,3,71.0,29.0,1,67.85,132.02,199.87,199.87,132.02,1,0.0,22,0,0,0,1,2,1,8,0,0,1,Reception,1,0,0.5,352.37,150,1350,2701.87,1,0,1,1,0.0,0.75,12.32,294.81,0.733,0.333,Shoulder,0,2,Wed,0,0,0,0,1,10,9,29376.84,0.9,0,1,198,0.111,Low,0,0,100.0,0.0451
B-202308-26769,Booked,HR Professionals Network,Professional Development Symposium,Association,In-person,Full Package,Professional Services,Professional Services,Cvent,High,2023-01-21,2023-02-24,24,2023-08-10,2023-08-12,2,201,89,178,117,1,Half Ballroom,1,1,10,1.0,45867.52,1,71.2,162.16,157.07,27958.46,1344.62,4228.74,33531.82,111,17434.77,1344.62,4027.37,22806.76,0.6235955056179775,17.211,,2023,8,2,66.7,33.3,1,28.74,179.64,208.38,208.38,208.38,2,11.2,79,89,0,0,2,4,2,24,1,0,1,Theater,3,1,2.25,1344.62,1700,3992,7462.99,5,0,0,0,50.0,0.97,3.14,188.38,0.761,0.171,Shoulder,0,3,Thu,0,0,0,0,1,9,4,84854.29,0.4444,0,1,48,1.0,High,1,1,100.0,0.0498
B-202308-22577,Booked,Family Celebration,Smith-Johnson Wedding,Wedding/Social,In-person,Full Package,Social,Social/Private,Third-Party Planner,Low,2023-03-14,2023-04-25,35,2023-08-11,2023-08-12,1,150,23,23,32,1,Breakout Room,1,0,7,1.0,10582.92,2,72.9,164.84,152.89,3516.47,538.41,3007.27,7062.15,14,2140.46,538.41,2864.06,5542.93,0.6086956521739131,89.502,,2023,8,3,61.4,38.6,1,88.13,140.81,228.94,228.94,140.81,1,0.0,23,0,0,0,1,2,1,8,0,0,1,Reception,0,0,0.0,538.41,0,1760,2981.86,1,1,0,1,0.0,0.8,7.25,307.05,0.719,0.312,Shoulder,0,4,Fri,1,0,0,0,1,15,13,69821.98,0.8667,0,1,48,0.479,Moderate,0,0,100.0,0.0467
B-202308-38632,Booked,Industry Trade Group,Industry Forum,Association,In-person,Meeting Only,Trade/Manufacturing,Trade/Manufacturing,Website,Low,2023-01-06,2023-01-28,15,2023-08-11,2023-08-13,2,217,0,0,85,1,Half Ballroom,0,0,7,1.0,26148.83,2,73.3,164.52,0.0,0.0,1663.88,3367.76,5031.64,0,0.0,1663.88,3207.39,4871.27,,18.867,,2023,8,0,0.0,0.0,0,0.0,0.0,0.0,0.0,0.0,0,0.0,0,0,0,0,2,6,2,24,1,0,1,Classroom,3,1,1.83,1663.88,2000,2140,6206.29,4,0,0,0,0.0,0.71,100.0,,0.0,0.235,Shoulder,0,4,Fri,1,0,0,0,1,6,4,63935.38,0.6667,0,1,48,0.0,Low,0,0,86.7,0.0323
B-202308-39145,Booked,Accounting Institute,Annual Member Conference,Association,In-person,Full Package,Finance,Finance,Third-Party Planner,Low,2023-01-02,2023-01-31,21,2023-08-11,2023-08-13,2,221,5,10,6,1,Boardroom,1,0,8,0.0,0.0,1,69.9,154.64,135.84,1358.4,346.8,560.05,2265.25,7,950.88,346.8,533.38,1831.06,0.7,44.448,,2023,8,4,55.6,44.4,1,137.07,141.82,278.89,213.11,141.82,2,40.0,3,5,0,0,1,2,2,16,0,1,1,Boardroom,3,1,2.5,346.8,1000,972,3903.04,4,0,0,0,100.0,0.43,12.16,226.52,0.833,1.667,Shoulder,0,4,Fri,1,0,1,0,1,10,9,226702.63,0.9,0,1,50,0.1,Low,0,0,93.3,0.0362
B-202308-75191,Booked,Private Party,Memorial Service Gathering,Wedding/Social,In-person,Full Package,Social,Social/Private,RFP,Low,2023-02-15,2023-03-22,22,2023-08-11,2023-08-13,2,177,20,40,22,1,Breakout Room,1,1,13,0.0,0.0,1,66.9,163.38,131.54,5261.6,479.14,1856.69,7597.43,23,3025.42,479.14,1768.27,5272.83,0.575,40.188,,2023,8,4,51.0,49.0,1,146.28,118.22,264.5,201.85,118.22,2,35.0,13,20,0,0,1,2,2,8,0,0,1,Banquet,2,0,1.0,479.14,350,1210,2795.58,1,1,0,1,0.0,0.55,19.49,189.94,0.909,0.455,Shoulder,0,4,Fri,1,0,1,0,1,12,8,62235.12,0.6667,0,1,50,0.4,Moderate,0,0,93.3,0.0734
B-202308-91232,Booked,Heritage Travel,Heritage Tour Group,SMERF,In-person,Rooms Only,Other,Other,RFP,Low,2023-04-26,2023-05-17,17,2023-08-11,2023-08-12,1,107,35,35,38,0,,0,0,4,1.0,5469.53,2,69.6,164.34,140.68,4923.8,0.0,0.0,4923.8,34,4783.12,0.0,0.0,4783.12,0.9714285714285714,0.0,,2023,8,2,71.3,28.7,1,45.44,153.26,198.7,198.7,153.26,1,0.0,35,0,0,0,0,0,0,0,0,0,0,,0,0,0.0,0.0,0,0,0.0,0,0,0,0,0.0,0.0,14.4,140.68,0.921,0.0,Shoulder,0,4,Fri,1,0,0,1,1,6,5,37011.94,0.8333,0,1,48,0.729,High,1,0,100.0,0.0374
B-202308-33969,Booked,Dental Association,Networking Summit,Association,Hybrid,Full Package,Healthcare,Healthcare,Repeat Client,Medium,2022-12-09,2023-01-04,18,2023-08-12,2023-08-14,2,246,55,110,67,1,Half Ballroom,1,0,8,0.0,0.0,2,68.3,163.46,141.37,15550.7,978.07,6756.55,23285.32,90,12723.3,978.07,6434.81,20136.18,0.8181818181818182,48.021,,2023,8,4,70.5,29.5,1,140.62,132.19,272.81,174.4,132.19,2,12.7,48,55,0,0,1,2,2,16,1,0,1,Classroom,3,1,2.0,978.07,800,2840,4915.11,4,0,0,0,100.0,0.56,13.51,211.68,0.821,0.149,Shoulder,0,5,Sat,1,1,1,0,1,8,7,131418.48,0.875,0,1,110,0.5,Moderate,0,0,93.3,0.0325
B-202308-48712,Booked,Insurance Federation,Board Retreat,Association,In-person,Full Package,Finance,Finance,Third-Party Planner,Medium,2022-12-06,2022-12-28,15,2023-08-12,2023-08-14,2,249,55,110,61,1,Half Ballroom,1,1,7,1.0,32975.75,2,72.9,163.4,151.33,16646.3,1317.61,5404.03,23367.94,77,11652.41,1317.61,5146.69,18116.71,0.7,42.186,,2023,8,2,60.8,39.2,0,25.4,131.41,156.81,0.0,131.41,2,12.7,48,55,0,0,2,2,2,16,1,0,1,Classroom,2,0,2.0,1317.61,700,2340,4224.52,5,0,0,0,100.0,0.51,7.39,212.44,0.902,0.328,Shoulder,0,5,Sat,1,0,0,0,1,10,8,179539.63,0.8,0,1,110,0.5,Moderate,0,0,100.0,0.0281
B-202308-50250,Booked,Premier Tours,Bird Watching Tour,Corporate,In-person,Full Package,Professional Services,Professional Services,Third-Party Planner,High,2023-05-07,2023-05-23,7,2023-08-12,2023-08-13,1,97,35,35,46,1,Half Ballroom,0,0,9,1.0,8792.23,3,70.7,159.93,144.34,5051.9,1346.2,0.0,6398.1,31,4474.54,1346.2,0.0,5820.74,0.8857142857142857,0.0,,2023,8,2,72.8,27.2,1,59.14,136.34,195.48,195.48,136.34,1,0.0,35,0,0,0,1,1,1,4,1,0,1,Classroom,0,0,0.0,1346.2,0,0,315.48,0,0,0,0,0.0,0.38,9.75,182.8,0.761,0.217,Shoulder,0,5,Sat,1,0,0,0,1,3,1,6601.41,0.3333,0,1,50,0.7,High,1,0,100.0,0.0928
B-202308-42581,Booked,Tour Operator Network,Wine Country Excursion,SMERF,In-person,Full Package,Education,Education,Repeat Client,High,2023-06-18,2023-07-10,12,2023-08-14,2023-08-16,2,57,32,64,38,1,Breakout Room,0,0,10,1.0,12624.07,1,71.6,167.39,159.71,10221.44,365.11,0.0,10586.55,62,9902.02,365.11,0.0,10267.13,0.96875,0.0,,2023,8,3,62.7,37.3,1,169.49,139.36,308.85,212.43,139.36,2,0.0,32,32,0,0,1,2,2,8,0,0,1,Theater,0,0,0.0,365.11,0,0,1252.24,0,0,0,0,0.0,0.95,4.59,165.41,0.842,0.263,Shoulder,0,0,Mon,0,1,0,0,1,5,4,29595.58,0.8,0,1,188,0.17,Low,0,0,100.0,0.1754
B-202308-96832,Booked,TechCorp Solutions,Innovation Workshop,Corporate,Hybrid,Full Package,Technology,Technology,Referral,Low,2023-06-03,2023-06-27,13,2023-08-14,2023-08-15,1,72,43,43,50,1,Half Ballroom,1,0,11,1.0,16595.96,1,68.5,166.74,149.01,6407.43,1202.92,1275.12,8885.47,39,5811.39,1202.92,1214.4,8228.71,0.9069767441860463,24.288,,2023,8,4,73.0,27.0,1,172.97,130.92,303.89,244.78,130.92,1,0.0,43,0,0,0,1,1,1,8,1,0,1,Classroom,2,0,2.0,1202.92,350,720,1670.84,2,0,0,0,100.0,0.42,10.63,206.64,0.86,0.2,Shoulder,0,0,Mon,0,0,0,0,1,8,3,20400.38,0.375,0,1,145,0.297,Moderate,0,0,100.0,0.1528
B-202308-63636,Booked,State Medical Association,Regional Chapter Meeting,Association,In-person,Full Package,Healthcare,Healthcare,Cvent,High,2022-12-11,2023-01-11,22,2023-08-16,2023-08-19,3,248,60,180,70,1,Half Ballroom,1,0,9,1.0,55737.69,2,67.1,167.67,151.64,27295.2,1325.0,10552.25,39172.45,126,19106.64,1325.0,10049.76,30481.4,0.7,47.856,,2023,8,2,63.1,36.9,0,13.62,150.36,163.98,0.0,150.36,2,5.7,52,60,58,0,1,3,3,24,1,0,1,Theater,3,1,1.67,1325.0,950,2720,5455.14,3,0,0,0,100.0,0.58,9.56,217.62,0.857,0.143,Shoulder,0,2,Wed,0,0,0,0,1,14,14,364904.13,1.0,0,0,73,0.822,High,1,0,100.0,0.0363
B-202308-34100,Booked,Professional Engineers Society,Certification Training,Association,In-person,Full Package,Association,Other,Website,High,2022-12-07,2023-01-11,25,2023-08-17,2023-08-19,2,253,87,174,97,1,Half Ballroom,1,0,10,1.0,52328.7,3,70.7,163.01,149.08,25939.92,1261.9,4012.48,31214.3,121,18038.68,1261.9,3821.41,23121.99,0.6954022988505747,19.698,,2023,8,4,54.7,45.3,1,154.2,131.28,285.48,248.14,131.28,2,2.3,85,87,0,0,2,5,2,24,1,0,1,Theater,3,1,2.0,1261.9,1850,3952,7659.41,5,0,0,0,20.0,0.81,8.55,179.39,0.897,0.206,Shoulder,0,3,Thu,0,0,0,0,1,10,8,113354.76,0.8,0,1,73,1.0,High,1,1,100.0,0.0395
B-202308-99714,Booked,Nursing Council,Networking Summit,Association,In-person,Full Package,Healthcare,Healthcare,Website,High,2022-12-24,2023-01-22,17,2023-08-20,2023-08-23,3,239,77,231,95,1,Half Ballroom,1,0,12,1.0,75288.18,2,71.4,163.0,148.61,34328.91,1053.16,5837.17,41219.24,173,25709.53,1053.16,5559.21,32321.9,0.7489177489177489,19.506,,2023,8,3,62.5,37.5,1,145.86,153.97,299.83,237.91,153.97,2,3.7,71,77,71,0,1,8,3,36,1,0,1,Classroom,3,1,1.88,1053.16,2800,3288,8940.13,5,0,0,0,12.5,0.79,8.83,178.44,0.811,0.105,Shoulder,0,6,Sun,1,0,0,0,1,13,10,171205.09,0.7692,0,1,143,0.538,Moderate,0,0,100.0,0.0502
B-202308-28340,Booked,Energy Solutions,Town Hall Meeting,Corporate,In-person,Full Package,Technology,Other,Sales Call,Low,2023-05-26,2023-06-13,7,2023-08-22,2023-08-23,1,88,39,39,50,1,Half Ballroom,1,0,11,1.0,16476.22,1,71.1,168.71,149.79,5841.81,1085.32,1121.72,8048.85,31,4643.49,1085.32,1068.3,6797.11,0.7948717948717948,21.366,,2023,8,4,64.4,35.6,1,150.28,148.8,299.08,227.77,148.8,1,0.0,39,0,0,0,1,1,1,8,1,0,1,Classroom,2,0,2.0,1085.32,350,1272,2166.65,2,0,0,0,100.0,0.42,11.21,206.38,0.78,0.2,Shoulder,0,1,Tue,0,0,0,0,1,7,4,57259.55,0.5714,0,1,104,0.375,Moderate,0,0,100.0,0.125
B-202308-14897,Booked,Private Individual,Williams-Brown Wedding,Wedding/Social,In-person,Full Package,Social,Social/Private,Website,Low,2023-03-26,2023-05-13,36,2023-08-23,2023-08-24,1,150,24,24,32,1,Breakout Room,1,1,12,0.0,0.0,2,68.8,168.46,148.3,3559.2,442.43,2255.3,6256.93,13,1927.9,442.43,2147.9,4518.23,0.5416666666666666,67.122,,2023,8,3,72.5,27.5,1,104.52,191.82,296.34,225.7,296.34,1,0.0,24,0,0,0,1,2,1,8,0,0,1,Banquet,2,0,1.5,442.43,500,1440,3085.59,1,0,1,1,0.0,0.8,11.97,260.71,0.75,0.312,Shoulder,0,2,Wed,0,0,1,0,1,11,10,34399.04,0.9091,0,1,196,0.122,Low,0,0,93.3,0.08
B-202308-91338,Booked,Premier Tours,Architecture Tour Group,Corporate,In-person,Rooms Only,Healthcare,Healthcare,Direct Inquiry,High,2023-05-05,2023-05-24,12,2023-08-24,2023-08-26,2,111,21,42,23,0,,0,0,7,0.0,0.0,3,65.2,161.73,158.13,6641.46,0.0,0.0,6641.46,41,6483.33,0.0,0.0,6483.33,0.9761904761904762,0.0,,2023,8,2,71.1,28.9,1,89.91,227.61,317.52,227.61,317.52,2,19.0,17,21,0,0,0,0,0,0,0,0,0,,0,0,0.0,0.0,0,0,0.0,0,0,0,0,0.0,0.0,2.23,158.13,0.913,0.0,Shoulder,0,3,Thu,0,0,1,0,0,4,2,12422.15,0.5,0,1,130,0.162,Low,0,0,93.3,0.0631
B-202308-10287,Booked,Private Individual,Retirement Party,Wedding/Social,In-person,Full Package,Social,Social/Private,Repeat Client,Medium,2022-11-21,2022-12-19,14,2023-08-25,2023-08-26,1,277,35,35,42,1,Half Ballroom,1,1,14,0.0,0.0,2,76.0,170.28,163.96,5738.6,1070.18,3416.78,10225.56,22,3607.12,1070.18,3254.08,7931.38,0.6285714285714286,77.478,,2023,8,4,73.8,26.2,1,168.44,150.49,318.93,283.1,150.49,1,0.0,35,0,0,0,1,2,1,8,1,0,1,Banquet,2,0,1.5,1070.18,500,1320,2529.24,1,1,0,1,0.0,0.35,3.71,292.16,0.833,0.238,Shoulder,0,4,Fri,1,1,1,0,1,12,11,38917.27,0.9167,0,1,130,0.269,Moderate,0,0,93.3,0.0505
B-202308-62873,Booked,Faith Community,Youth Group Gathering,SMERF,In-person,Full Package,Other,Other,Website,Low,2023-04-04,2023-05-03,16,2023-08-25,2023-08-26,1,143,34,34,39,1,Breakout Room,0,0,13,1.0,8081.58,4,69.4,162.4,140.08,4762.72,364.65,0.0,5127.37,29,4062.32,364.65,0.0,4426.97,0.8529411764705882,0.0,,2023,8,4,57.2,42.8,1,91.8,131.0,222.8,222.8,131.0,1,0.0,34,0,0,0,1,2,1,8,0,0,1,Banquet,2,0,1.0,364.65,350,0,1499.91,0,0,0,0,0.0,0.97,13.74,150.8,0.872,0.256,Shoulder,0,4,Fri,1,0,0,0,1,1,0,0.0,0.0,0,1,130,0.262,Moderate,0,0,100.0,0.0909
B-202308-15170,Booked,Premier Tours,Museum Tour Package,Corporate,Hybrid,Rooms Only,Legal,Legal,Repeat Client,Medium,2023-06-30,2023-07-19,13,2023-08-27,2023-08-28,1,58,37,37,40,0,,0,1,6,1.0,5072.72,1,71.3,165.44,148.58,5497.46,0.0,0.0,5497.46,36,5348.88,0.0,0.0,5348.88,0.972972972972973,0.0,,2023,8,4,63.2,36.8,1,121.41,180.43,301.84,264.37,180.43,1,0.0,37,0,0,0,0,0,0,0,0,0,0,,0,0,0.0,0.0,0,0,0.0,0,0,0,0,0.0,0.0,10.19,148.58,0.925,0.0,Shoulder,0,6,Sun,1,1,0,0,1,5,3,18905.48,0.6,0,1,47,0.787,High,1,0,100.0,0.1034
B-202308-48119,Booked,Regional Healthcare System,Executive Offsite,Corporate,Hybrid,Full Package,Healthcare,Healthcare,Repeat Client,High,2023-05-31,2023-06-19,12,2023-08-27,2023-08-29,2,88,88,176,116,1,Half Ballroom,1,1,7,0.0,0.0,1,68.1,163.64,144.2,25379.2,1358.87,3893.7,30631.77,149,21485.8,1358.87,3708.29,26552.96,0.8465909090909091,15.984,,2023,8,2,55.5,44.5,1,37.2,228.57,265.77,228.57,228.57,2,8.0,81,88,0,0,1,5,2,24,1,0,1,Theater,3,1,2.0,1358.87,1850,2268,5926.91,3,0,0,0,20.0,0.97,11.88,174.04,0.759,0.086,Shoulder,0,6,Sun,1,1,1,0,1,2,1,2995.27,0.5,0,1,0,,Unknown,0,1,93.3,0.0795
B-202308-80484,Booked,Industry Trade Group,Policy Symposium,Association,In-person,Full Package,Trade/Manufacturing,Trade/Manufacturing,Sales Call,High,2022-12-03,2023-01-10,24,2023-08-27,2023-08-30,3,267,48,144,62,1,Half Ballroom,1,0,14,1.0,50743.32,1,65.1,160.09,133.97,19291.68,1283.94,9574.78,30150.4,105,14066.85,1283.94,9118.84,24469.63,0.7291666666666666,49.026,,2023,8,3,62.6,37.4,0,123.15,131.9,255.05,0.0,131.9,2,3.4,44,48,46,0,2,3,3,24,1,0,1,Classroom,3,1,2.0,1283.94,1150,4780,7803.64,5,0,0,0,100.0,0.52,16.32,209.38,0.774,0.323,Shoulder,0,6,Sun,1,0,0,0,1,8,5,68806.65,0.625,0,1,0,,Unknown,0,1,100.0,0.0524
B-202308-16014,Booked,Professional Engineers Society,Member Appreciation Event,Association,In-person,Full Package,Association,Other,Repeat Client,High,2023-01-17,2023-02-24,28,2023-08-28,2023-08-30,2,223,117,234,158,1,Grand Ballroom,1,1,10,0.0,0.0,2,74.0,159.89,145.65,34082.1,2994.29,16000.06,53076.45,173,25197.45,2994.29,15238.15,43429.89,0.7393162393162394,48.222,,2023,8,3,61.7,38.3,1,143.88,129.49,273.37,243.16,129.49,2,2.6,114,117,0,0,2,2,2,16,1,0,1,Theater,3,1,3.0,2994.29,1300,16906,23206.18,4,0,0,0,100.0,0.66,8.91,226.82,0.741,0.127,Shoulder,0,0,Mon,0,1,1,0,1,11,9,136476.75,0.8182,0,1,0,,Unknown,0,1,93.3,0.0448
B-202308-37112,Booked,Energy Solutions,Sales Kickoff,Corporate,In-person,Rooms Only,Finance,Other,Referral,Low,2023-07-06,2023-07-20,10,2023-08-29,2023-08-31,2,54,34,68,37,0,,0,0,4,0.0,0.0,2,72.2,161.56,144.96,9857.28,0.0,0.0,9857.28,64,9277.44,0.0,0.0,9277.44,0.9411764705882352,0.0,,2023,8,2,59.4,40.6,1,129.11,138.86,267.97,267.97,138.86,2,32.4,23,34,0,0,0,0,0,0,0,0,0,,0,0,0.0,0.0,0,0,0.0,0,0,0,0,0.0,0.0,10.27,144.96,0.919,0.0,Shoulder,0,1,Tue,0,0,1,1,1,8,5,64056.66,0.625,0,1,55,0.618,High,1,0,93.3,0.0741
B-202308-40298,Booked,Global Industries,Customer Advisory Board,Corporate,Hybrid,Rooms Only,Professional Services,Other,Repeat Client,Medium,2023-07-02,2023-07-15,9,2023-08-29,2023-08-31,2,58,62,124,68,0,,0,0,4,1.0,15644.75,1,74.0,164.3,157.4,19517.6,0.0,0.0,19517.6,98,15425.2,0.0,0.0,15425.2,0.7903225806451613,0.0,,2023,8,4,63.3,36.7,1,109.81,144.73,254.54,254.54,157.58,2,6.5,58,62,0,0,0,0,0,0,0,0,0,,0,0,0.0,0.0,0,0,0.0,0,0,0,0,0.0,0.0,4.2,157.4,0.912,0.0,Shoulder,0,1,Tue,0,1,0,1,1,18,14,212087.68,0.7778,0,1,55,1.0,High,1,1,100.0,0.069
B-202308-47989,Booked,Private Individual,Memorial Service Gathering,Wedding/Social,In-person,Rooms Only,Social,Social/Private,Website,Low,2022-11-10,2022-12-04,17,2023-08-30,2023-09-01,2,293,27,54,29,0,,0,1,7,0.0,0.0,3,76.0,154.04,143.51,7749.54,0.0,0.0,7749.54,31,4448.81,0.0,0.0,4448.81,0.5740740740740741,0.0,,2023,8,2,70.3,29.7,0,29.57,152.61,182.18,0.0,152.61,2,14.8,23,27,0,0,0,0,0,0,0,0,0,,0,0,0.0,0.0,0,0,0.0,0,0,0,0,0.0,0.0,6.84,143.51,0.931,0.0,Shoulder,0,2,Wed,0,0,1,0,1,13,12,46848.65,0.9231,0,1,193,0.14,Low,0,0,93.3,0.0239
B-202308-85255,Booked,Premier Tours,Heritage Tour Group,SMERF,In-person,Rooms Only,Government,Government,Repeat Client,Medium,2023-05-13,2023-06-07,18,2023-08-30,2023-08-31,1,109,42,42,46,0,,0,0,7,0.0,0.0,2,75.5,159.65,157.9,6631.8,0.0,0.0,6631.8,41,6473.9,0.0,0.0,6473.9,0.9761904761904762,0.0,,2023,8,2,54.1,45.9,0,7.75,158.36,166.11,0.0,158.36,1,0.0,42,0,0,0,0,0,0,0,0,0,0,,0,0,0.0,0.0,0,0,0.0,0,0,0,0,0.0,0.0,1.1,157.9,0.913,0.0,Shoulder,0,2,Wed,0,1,1,0,0,6,4,24254.36,0.6667,0,1,55,0.764,High,1,0,93.3,0.0642
B-202309-27082,Booked,Insurance Federation,Annual Member Conference,Association,Hybrid,Full Package,Finance,Finance,Repeat Client,Medium,2022-12-22,2023-01-24,26,2023-09-03,2023-09-05,2,255,56,112,75,1,Half Ballroom,1,1,7,0.0,0.0,1,92.9,207.96,220.44,24689.28,1271.96,6714.7,32675.94,85,18737.4,1271.96,6394.95,26404.31,0.7589285714285714,42.633,,2023,9,3,55.4,44.6,1,64.25,156.04,220.29,220.29,156.04,2,19.6,45,56,0,0,1,2,2,16,1,0,1,Classroom,3,1,3.0,1271.96,1300,2840,5364.31,4,0,0,0,100.0,0.62,-6.0,291.75,0.747,0.133,Peak,1,6,Sun,1,1,1,0,0,12,9,197656.34,0.75,0,1,77,0.727,High,1,0,93.3,0.0275
B-202309-19149,Booked,Travel Club International,Bird Watching Tour,Corporate,Virtual,Rooms Only,Technology,Technology,Third-Party Planner,Low,2023-06-08,2023-06-26,13,2023-09-04,2023-09-05,1,88,34,34,37,0,,0,0,5,0.0,0.0,3,77.6,172.2,163.2,5548.8,0.0,0.0,5548.8,33,5385.6,0.0,0.0,5385.6,0.9705882352941176,0.0,,2023,9,4,56.6,43.4,0,168.31,166.07,334.38,0.0,166.07,1,0.0,34,0,0,0,0,0,0,0,0,0,0,,0,0,0.0,0.0,0,0,0.0,0,0,0,0,0.0,0.0,5.23,163.2,0.919,0.0,Shoulder,0,0,Mon,0,0,1,1,1,1,1,9094.32,1.0,0,0,77,0.442,Moderate,0,0,93.3,0.0568
B-202309-43776,Booked,Dental Association,Awards Gala Weekend,Association,Hybrid,Full Package,Healthcare,Healthcare,Website,Medium,2023-02-17,2023-03-29,28,2023-09-04,2023-09-06,2,199,53,106,71,1,Half Ballroom,1,0,12,1.0,43401.24,3,85.3,165.95,162.04,17176.24,1673.06,7370.16,26219.46,75,12153.0,1673.06,7019.2,20845.26,0.7075471698113207,49.431,,2023,9,4,71.7,28.3,1,46.52,165.42,211.94,211.94,165.42,2,18.9,43,53,0,0,2,2,2,16,1,0,1,Classroom,2,0,1.5,1673.06,500,3040,4778.33,5,0,0,0,100.0,0.59,2.36,247.35,0.746,0.282,Peak,1,0,Mon,0,0,0,0,0,9,8,151554.66,0.8889,0,1,167,0.317,Moderate,0,0,100.0,0.0603
B-202309-54914,Booked,Personal Event,Williams-Brown Wedding,Wedding/Social,In-person,Full Package,Social,Social/Private,Referral,Low,2023-02-12,2023-03-10,14,2023-09-06,2023-09-07,1,206,17,17,21,1,Breakout Room,1,1,12,0.0,0.0,1,84.6,171.06,172.17,2926.89,445.0,1535.47,4907.36,9,1549.53,445.0,1462.36,3456.89,0.5294117647058824,69.636,,2023,9,4,73.2,26.8,1,117.08,160.8,277.88,277.88,160.8,1,0.0,17,0,0,0,1,1,1,4,0,0,1,Reception,2,0,2.0,445.0,350,945,1927.13,1,0,1,1,0.0,0.53,-0.65,288.67,0.81,0.476,Peak,0,2,Wed,0,0,1,0,0,14,11,49839.22,0.7857,0,1,142,0.12,Low,0,0,93.3,0.0583
B-202309-63840,Booked,Cultural Journeys,Photography Expedition,Corporate,In-person,Rooms Only,Government,Government,RFP,Medium,2023-08-06,2023-08-20,11,2023-09-06,2023-09-07,1,31,41,41,45,0,,0,0,3,0.0,0.0,2,77.8,175.9,163.51,6703.91,0.0,0.0,6703.91,37,6049.87,0.0,0.0,6049.87,0.902439024390244,0.0,,2023,9,2,53.2,46.8,1,51.58,185.02,236.6,236.6,236.6,1,0.0,41,0,0,0,0,0,0,0,0,0,0,,0,0,0.0,0.0,0,0,0.0,0,0,0,0,0.0,0.0,7.04,163.51,0.911,0.0,Shoulder,0,2,Wed,0,0,1,1,1,5,5,20600.21,1.0,0,0,142,0.289,Moderate,0,0,93.3,0.0968
B-202309-90856,Booked,Volunteer Network,Faith-Based Conference,SMERF,Hybrid,Full Package,Other,Other,Cvent,Low,2023-05-02,2023-05-27,12,2023-09-06,2023-09-07,1,127,20,20,23,1,Breakout Room,1,1,13,0.0,0.0,3,76.2,171.13,168.2,3364.0,450.29,257.92,4072.21,16,2691.2,450.29,245.64,3387.13,0.8,10.68,,2023,9,3,55.5,44.5,1,128.47,169.27,297.74,265.04,265.04,1,0.0,20,0,0,0,1,2,1,8,0,0,1,Banquet,1,0,1.0,450.29,300,276,1801.15,1,0,0,0,0.0,0.57,1.71,203.61,0.87,0.435,Shoulder,0,2,Wed,0,0,1,0,0,6,2,9388.89,0.3333,0,1,142,0.141,Low,0,0,93.3,0.1024
B-202309-42728,Booked,Industry Trade Group,State Convention,Association,In-person,Meeting Only,Trade/Manufacturing,Trade/Manufacturing,Referral,Low,2022-12-17,2023-01-20,28,2023-09-07,2023-09-08,1,264,0,0,44,1,Half Ballroom,0,0,6,0.0,0.0,1,77.8,166.85,0.0,0.0,1162.21,2015.24,3177.45,0,0.0,1162.21,1919.28,3081.49,,43.62,,2023,9,0,0.0,0.0,0,0.0,0.0,0.0,0.0,0.0,0,0.0,0,0,0,0,1,1,1,8,1,0,1,Theater,1,0,1.0,1162.21,150,1540,2238.75,4,0,0,0,100.0,0.37,100.0,,0.0,0.227,Shoulder,0,3,Thu,0,0,1,0,1,9,6,93276.28,0.6667,0,1,172,0.0,Low,0,0,80.0,0.0227
B-202309-88579,Booked,Insurance Federation,Policy Symposium,Association,Hybrid,Full Package,Finance,Finance,Referral,Low,2022-12-25,2023-02-02,27,2023-09-07,2023-09-08,1,256,48,48,60,1,Half Ballroom,1,1,12,1.0,19228.55,2,77.3,169.33,155.72,7474.56,1032.43,3147.23,11654.22,37,5761.64,1032.43,2997.36,9791.43,0.7708333333333334,49.956,,2023,9,2,64.9,35.1,1,52.84,175.69,228.53,228.53,175.69,1,0.0,48,0,0,0,1,1,1,8,1,0,1,Classroom,2,0,2.0,1032.43,350,1300,2234.4,3,0,0,0,100.0,0.5,8.04,242.8,0.8,0.167,Shoulder,0,3,Thu,0,0,0,0,1,13,10,224060.65,0.7692,0,1,172,0.279,Moderate,0,0,100.0,0.0469
B-202309-62288,Booked,Travel Club International,Heritage Tour Group,SMERF,In-person,Rooms Only,SMERF,SMERF,Referral,Medium,2023-05-27,2023-06-13,14,2023-09-08,2023-09-09,1,104,24,24,26,0,,0,0,3,0.0,0.0,1,80.8,176.39,178.25,4278.0,0.0,0.0,4278.0,23,4099.75,0.0,0.0,4099.75,0.9583333333333334,0.0,,2023,9,3,62.0,38.0,1,81.62,182.6,264.22,264.22,182.6,1,0.0,24,0,0,0,0,0,0,0,0,0,0,,0,0,0.0,0.0,0,0,0.0,0,0,0,0,0.0,0.0,-1.05,178.25,0.923,0.0,Peak,0,4,Fri,1,0,1,1,0,2,2,14479.92,1.0,0,0,196,0.122,Low,0,0,93.3,0.0288
B-202309-27603,Booked,Banking Consortium,Quarterly Business Review,Corporate,In-person,Meeting Only,Finance,Finance,Sales Call,Low,2023-06-13,2023-06-30,11,2023-09-09,2023-09-11,2,88,0,0,137,1,Grand Ballroom,0,0,6,0.0,0.0,3,79.8,178.93,0.0,0.0,2358.43,12574.51,14932.94,0,0.0,2358.43,11975.72,14334.15,,43.707,,2023,9,0,0.0,0.0,0,0.0,0.0,0.0,0.0,0.0,0,0.0,0,0,0,0,1,2,2,16,1,0,1,Theater,3,1,2.5,2358.43,1000,13015,19159.11,4,0,0,0,100.0,0.57,100.0,,0.0,0.073,Peak,0,5,Sat,1,0,1,0,1,12,10,154969.03,0.8333,0,1,220,0.0,Low,0,0,80.0,0.0682
B-202309-56285,Booked,Regional Healthcare System,Annual Sales Conference,Corporate,In-person,Meeting Only,Healthcare,Healthcare,Repeat Client,Low,2023-07-06,2023-07-21,7,2023-09-09,2023-09-10,1,65,0,0,76,1,Half Ballroom,0,1,8,0.0,0.0,1,80.3,177.52,0.0,0.0,821.55,3924.73,4746.28,0,0.0,821.55,3737.83,4559.38,,49.182,,2023,9,0,0.0,0.0,0,0.0,0.0,0.0,0.0,0.0,0,0.0,0,0,0,0,1,1,1,8,1,0,1,Classroom,2,0,2.0,821.55,350,1248,2200.9,3,0,0,0,100.0,0.63,100.0,,0.0,0.132,Peak,0,5,Sat,1,1,1,0,1,3,2,29548.23,0.6667,0,1,220,0.0,Low,0,0,80.0,0.1231
B-202309-62183,Booked,Real Estate Board,Awards Gala Weekend,Association,Hybrid,Full Package,Government,Government,Referral,High,2023-03-18,2023-04-11,16,2023-09-10,2023-09-14,4,176,72,288,97,1,Half Ballroom,1,0,8,1.0,100272.85,1,76.1,185.42,171.48,49386.24,1659.66,7536.7,58582.6,210,36010.8,1659.66,7177.81,44848.27,0.7291666666666666,18.4995,,2023,9,3,72.2,27.8,1,52.24,164.8,217.04,217.04,164.8,2,5.0,66,72,62,68,2,9,4,48,1,0,1,Theater,3,1,1.89,1659.66,3250,6752,13615.66,5,0,0,0,33.3,0.81,7.52,203.41,0.742,0.206,Shoulder,0,6,Sun,1,0,0,0,1,6,6,116584.68,1.0,0,0,73,0.986,High,1,0,100.0,0.0455
B-202309-81267,Booked,Industry Trade Group,Leadership Institute,Association,In-person,Full Package,Trade/Manufacturing,Trade/Manufacturing,Repeat Client,High,2022-10-15,2022-11-12,20,2023-09-10,2023-09-13,3,330,75,225,88,1,Half Ballroom,1,0,8,1.0,63330.73,2,80.9,168.21,166.09,37370.25,1047.92,5396.53,43814.7,172,28567.48,1047.92,5139.55,34754.95,0.7644444444444445,19.468,,2023,9,2,73.6,26.4,0,168.59,160.02,328.61,0.0,160.02,2,2.7,72,75,70,0,1,8,3,36,1,0,1,Classroom,3,1,1.75,1047.92,2500,5812,11139.05,5,0,0,0,12.5,0.73,1.26,194.73,0.852,0.114,Peak,0,6,Sun,1,1,0,0,0,10,7,96357.77,0.7,0,1,73,1.0,High,1,1,100.0,0.0242
B-202309-25890,Booked,Retail Corporation,Customer Advisory Board,Corporate,Hybrid,Full Package,Technology,Other,Referral,Low,2023-07-29,2023-08-19,8,2023-09-12,2023-09-13,1,45,51,51,69,1,Half Ballroom,1,1,13,1.0,17115.43,2,77.4,173.82,165.34,8432.34,1434.13,1651.86,11518.33,46,7605.64,1434.13,1573.2,10612.97,0.9019607843137256,22.8,,2023,9,3,58.7,41.3,0,36.07,140.33,176.4,0.0,147.89,1,0.0,51,0,0,0,2,1,1,8,1,0,1,Classroom,1,0,1.0,1434.13,150,1272,2007.85,2,0,0,0,100.0,0.57,4.88,225.85,0.739,0.29,Shoulder,0,1,Tue,0,0,0,0,1,12,9,138994.51,0.75,0,1,0,,Unknown,0,1,100.0,0.2889
B-202309-65567,Booked,Consulting Network,Executive Offsite,Corporate,In-person,Full Package,Professional Services,Professional Services,Website,Low,2023-05-17,2023-06-09,11,2023-09-12,2023-09-13,1,118,53,53,64,1,Half Ballroom,1,0,12,1.0,19545.21,2,71.0,171.53,161.74,8572.22,1368.36,747.94,10688.52,42,6793.08,1368.36,712.32,8873.76,0.7924528301886793,11.13,,2023,9,4,67.6,32.4,1,162.76,149.66,312.42,273.16,149.66,1,0.0,53,0,0,0,1,1,1,8,1,0,1,Classroom,2,0,2.0,1368.36,350,432,1328.1,1,0,0,0,100.0,0.53,5.71,201.67,0.828,0.156,Shoulder,0,1,Tue,0,0,0,0,1,3,2,29831.4,0.6667,0,1,0,,Unknown,0,1,100.0,0.1017
B-202309-73916,Booked,Regional Healthcare System,Innovation Workshop,Corporate,In-person,Full Package,Healthcare,Healthcare,RFP,Low,2023-08-06,2023-08-28,12,2023-09-12,2023-09-14,2,37,20,40,22,1,Breakout Room,1,0,10,0.0,0.0,2,76.4,168.57,154.83,6193.2,566.71,2325.71,9085.62,32,4954.56,566.71,2214.96,7736.23,0.8,50.34,,2023,9,4,59.6,40.4,1,109.96,153.58,263.54,263.54,153.58,2,10.0,18,20,0,0,1,2,2,16,0,0,1,Theater,3,1,2.5,566.71,1000,2816,5829.69,4,0,0,0,100.0,0.55,8.15,227.14,0.909,0.455,Shoulder,0,1,Tue,0,0,1,0,1,4,3,34107.61,0.75,0,1,0,,Unknown,0,1,93.3,0.2703
B-202309-14039,Booked,Real Estate Board,Continuing Education Conference,Association,Hybrid,Full Package,Government,Government,Sales Call,Low,2022-12-20,2023-01-25,28,2023-09-13,2023-09-15,2,267,26,52,29,1,Breakout Room,1,0,8,0.0,0.0,2,81.4,174.38,168.36,8754.72,482.76,2602.56,11840.04,42,7071.12,482.76,2478.63,10032.51,0.8076923076923077,42.735,,2023,9,4,51.3,48.7,1,167.69,166.51,334.2,196.15,166.51,2,0.0,26,26,0,0,1,2,2,16,0,0,1,Classroom,2,0,2.0,482.76,700,3393,6027.81,5,0,0,0,100.0,0.72,3.45,227.69,0.897,0.345,Peak,0,2,Wed,0,0,1,0,1,7,7,161432.95,1.0,0,0,57,0.456,Moderate,0,0,93.3,0.03
B-202309-57880,Booked,Dental Association,Board Retreat,Association,In-person,Full Package,Healthcare,Healthcare,Cvent,High,2023-02-21,2023-03-29,26,2023-09-13,2023-09-16,3,204,52,156,67,1,Half Ballroom,1,1,10,1.0,54760.12,1,80.3,177.13,174.86,27278.16,1070.34,10463.44,38811.94,109,19059.74,1070.34,9965.18,30095.26,0.6987179487179487,49.578,,2023,9,3,74.5,25.5,1,60.49,153.91,214.4,214.4,153.91,2,6.3,44,52,48,0,1,3,3,24,1,0,1,Classroom,2,0,1.67,1070.34,850,3440,6105.15,4,0,0,0,100.0,0.56,1.28,248.79,0.776,0.149,Peak,0,2,Wed,0,0,0,0,0,11,9,172399.92,0.8182,0,1,57,0.912,High,1,0,100.0,0.049
B-202309-87280,Booked,Local School District,Charity Fundraiser,SMERF,In-person,Full Package,Education,Education,Website,Low,2023-07-25,2023-08-24,18,2023-09-13,2023-09-15,2,50,51,102,58,1,Half Ballroom,1,0,12,0.0,0.0,2,80.7,172.29,166.46,16978.92,975.92,2069.26,20024.1,84,13982.64,975.92,1970.72,16929.28,0.8235294117647058,16.989,,2023,9,3,58.7,41.3,1,119.75,172.8,292.55,186.45,186.45,2,13.7,44,51,0,0,1,3,2,16,1,0,1,Banquet,2,0,1.67,975.92,850,1180,3400.74,2,0,0,0,33.3,0.48,3.38,196.31,0.879,0.172,Peak,0,2,Wed,0,0,1,0,1,3,2,12739.86,0.6667,0,1,57,0.895,High,1,0,93.3,0.24
B-202309-92660,Booked,Private Individual,Retirement Party,Wedding/Social,In-person,Full Package,Social,Social/Private,Cvent,Low,2022-11-28,2023-01-17,41,2023-09-14,2023-09-16,2,290,34,68,42,1,Half Ballroom,1,0,9,0.0,0.0,4,84.7,173.52,163.56,11122.08,1304.45,3228.91,15655.44,41,6705.96,1304.45,3075.16,11085.57,0.6029411764705882,36.609,,2023,9,4,73.6,26.4,1,140.81,143.4,284.21,284.21,143.4,2,29.4,24,34,0,0,1,2,2,8,1,0,1,Banquet,2,0,1.5,1304.45,500,1080,2277.74,1,0,1,1,0.0,0.35,5.74,230.23,0.81,0.238,Peak,0,3,Thu,0,0,1,0,1,15,13,51297.46,0.8667,0,1,134,0.254,Moderate,0,0,93.3,0.031
B-202309-72786,Booked,Service Club,Faith-Based Conference,SMERF,Hybrid,Full Package,SMERF,Social/Community,Repeat Client,Medium,2023-04-22,2023-05-21,15,2023-09-16,2023-09-17,1,147,56,56,71,1,Half Ballroom,0,0,14,0.0,0.0,1,88.1,210.0,215.9,12090.4,1571.77,0.0,13662.17,44,9499.6,1571.77,0.0,11071.37,0.7857142857142857,0.0,,2023,9,4,62.9,37.1,1,104.3,171.25,275.55,275.55,173.89,1,0.0,56,0,0,0,2,2,1,8,1,0,1,Banquet,1,0,1.0,1571.77,300,0,1041.69,0,0,0,0,0.0,0.59,-2.81,243.97,0.789,0.282,Peak,1,5,Sat,1,1,1,0,0,7,6,57771.65,0.8571,0,1,132,0.424,Moderate,0,0,93.3,0.0952
B-202309-76995,Booked,Accounting Institute,Continuing Education Conference,Association,Hybrid,Full Package,Finance,Finance,Referral,Low,2023-01-12,2023-02-17,24,2023-09-16,2023-09-18,2,247,32,64,39,1,Breakout Room,1,1,12,1.0,17967.2,2,91.7,205.16,210.01,13440.64,570.26,3570.76,17581.66,40,8400.4,570.26,3400.72,12371.38,0.625,43.599,,2023,9,2,54.5,45.5,1,52.1,163.48,215.58,215.58,163.48,2,0.0,32,32,0,0,1,2,2,16,0,0,1,Banquet,3,1,2.5,570.26,1000,4212,7267.58,5,0,0,0,100.0,0.97,-2.36,274.71,0.821,0.256,Peak,1,5,Sat,1,0,0,0,0,12,10,228533.69,0.8333,0,1,113,0.283,Moderate,0,0,100.0,0.0486
B-202309-37723,Booked,Industry Trade Group,Professional Development Symposium,Association,In-person,Meeting Only,Trade/Manufacturing,Trade/Manufacturing,Repeat Client,Low,2023-02-15,2023-03-16,19,2023-09-17,2023-09-19,2,214,0,0,48,1,Half Ballroom,0,1,10,1.0,15707.93,1,96.2,210.0,0.0,0.0,866.51,4644.86,5511.37,0,0.0,866.51,4423.68,5290.19,,46.08,,2023,9,0,0.0,0.0,0,0.0,0.0,0.0,0.0,0.0,0,0.0,0,0,0,0,1,2,2,16,1,0,1,Classroom,2,0,1.5,866.51,500,2060,3699.24,3,0,0,0,100.0,0.4,100.0,,0.0,0.208,Peak,1,6,Sun,1,1,0,0,1,11,8,131112.72,0.7273,0,1,113,0.0,Low,0,0,86.7,0.0467
B-202309-54359,Booked,Professional Engineers Society,Professional Development Symposium,Association,In-person,Full Package,Association,Other,Third-Party Planner,High,2023-01-29,2023-02-24,16,2023-09-17,2023-09-20,3,231,75,225,96,1,Half Ballroom,1,0,10,1.0,76274.8,4,90.6,206.41,218.79,49227.75,1695.94,5940.35,56864.04,164,35881.56,1695.94,5657.47,43234.97,0.7288888888888889,19.644,,2023,9,2,66.0,34.0,0,9.33,176.54,185.87,0.0,176.54,2,5.5,65,75,69,0,2,8,3,36,1,0,1,Classroom,3,1,2.12,1695.94,3300,6972,13214.05,5,0,0,0,12.5,0.8,-6.0,252.73,0.781,0.208,Peak,1,6,Sun,1,0,0,0,0,13,10,179906.64,0.7692,0,1,145,0.517,Moderate,0,0,100.0,0.0433
B-202309-57395,Booked,Financial Services Group,Innovation Workshop,Corporate,In-person,Rooms Only,Finance,Finance,Sales Call,Low,2023-07-08,2023-07-22,11,2023-09-19,2023-09-21,2,73,40,80,44,0,,0,0,3,0.0,0.0,2,75.6,172.23,164.91,13192.8,0.0,0.0,13192.8,74,12203.34,0.0,0.0,12203.34,0.925,0.0,,2023,9,2,55.1,44.9,1,53.49,255.03,308.52,255.03,255.03,2,27.5,29,40,0,0,0,0,0,0,0,0,0,,0,0,0.0,0.0,0,0,0.0,0,0,0,0,0.0,0.0,4.25,164.91,0.909,0.0,Shoulder,0,1,Tue,0,0,1,1,1,9,6,44221.97,0.6667,0,1,87,0.46,Moderate,0,0,93.3,0.0411
B-202309-80405,Booked,State Medical Association,Regional Chapter Meeting,Association,In-person,Full Package,Healthcare,Healthcare,Direct Inquiry,Medium,2022-11-28,2023-01-03,28,2023-09-19,2023-09-22,3,295,31,93,42,1,Half Ballroom,1,1,8,0.0,0.0,2,81.3,172.41,182.75,16995.75,804.64,6120.46,23920.85,61,11147.75,804.64,5829.01,17781.4,0.6559139784946236,46.262,,2023,9,2,68.1,31.9,0,168.25,149.51,317.76,0.0,149.51,2,13.5,24,31,21,0,1,3,3,24,1,0,1,Theater,2,0,1.33,804.64,650,4780,7244.04,5,0,0,0,100.0,0.35,-6.0,257.21,0.738,0.238,Peak,0,1,Tue,0,0,1,0,0,16,15,395385.53,0.9375,0,1,87,0.356,Moderate,0,0,93.3,0.0271
B-202309-47548,Booked,Nursing Council,State Convention,Association,Hybrid,Full Package,Healthcare,Healthcare,Sales Call,Low,2023-03-04,2023-04-15,28,2023-09-20,2023-09-22,2,200,6,12,8,1,Boardroom,1,1,14,0.0,0.0,1,80.8,169.82,176.04,2112.48,338.03,713.01,3163.52,9,1584.36,338.03,679.06,2601.45,0.75,42.441,,2023,9,2,74.9,25.1,0,160.41,177.0,337.41,0.0,177.0,2,83.3,1,6,0,0,1,2,2,16,0,1,1,Boardroom,2,0,1.5,338.03,500,936,3502.61,5,0,0,0,100.0,0.57,-3.66,263.63,0.75,1.25,Peak,0,2,Wed,0,0,1,0,0,14,11,203526.99,0.7857,0,1,45,0.133,Low,0,0,93.3,0.07
B-202309-99208,Booked,Energy Solutions,Regional Team Meeting,Corporate,In-person,Full Package,Professional Services,Other,Website,Medium,2023-06-30,2023-07-27,13,2023-09-20,2023-09-22,2,82,56,112,74,1,Half Ballroom,1,1,14,1.0,41684.05,4,75.8,168.59,161.25,18060.0,1013.71,7730.99,26804.7,93,14996.25,1013.71,7362.85,23372.81,0.8303571428571429,49.749,,2023,9,3,74.4,25.6,1,101.47,157.84,259.31,259.31,157.84,2,12.5,49,56,0,0,1,2,2,16,1,0,1,Classroom,3,1,2.5,1013.71,1000,1968,4132.2,4,0,0,0,100.0,0.62,4.35,239.33,0.757,0.135,Shoulder,0,2,Wed,0,0,0,0,1,10,6,73334.1,0.6,0,1,45,1.0,High,1,1,100.0,0.1707
B-202309-48096,Booked,Volunteer Network,Cultural Heritage Festival,SMERF,In-person,Full Package,Other,Other,RFP,Low,2023-06-05,2023-06-30,12,2023-09-21,2023-09-23,2,108,14,28,16,1,Breakout Room,1,0,13,0.0,0.0,3,77.8,169.85,161.05,4509.4,548.14,370.14,5427.68,23,3704.15,548.14,352.51,4604.8,0.8214285714285714,11.016,,2023,9,4,61.5,38.5,1,134.54,166.97,301.51,234.39,166.97,2,7.1,13,14,0,0,1,4,2,16,0,0,1,Classroom,2,0,1.0,548.14,650,384,3535.95,1,0,0,0,0.0,0.4,5.18,193.85,0.875,0.625,Shoulder,0,3,Thu,0,0,1,0,1,7,3,12776.02,0.4286,0,1,206,0.068,Low,0,0,93.3,0.1204
B-202309-51405,Booked,TechCorp Solutions,Customer Advisory Board,Corporate,In-person,Full Package,Technology,Technology,Sales Call,Low,2023-06-06,2023-06-30,12,2023-09-21,2023-09-22,1,107,28,28,33,1,Breakout Room,1,0,12,1.0,11386.18,1,83.1,166.1,176.07,4929.96,356.53,748.44,6034.93,24,4225.68,356.53,712.8,5295.01,0.8571428571428571,21.6,,2023,9,3,62.0,38.0,1,33.27,184.71,217.98,217.98,184.71,1,0.0,28,0,0,0,1,1,1,8,0,0,1,Banquet,1,0,1.0,356.53,150,1320,2474.86,2,0,0,0,100.0,0.82,-6.0,215.53,0.848,0.303,Peak,0,3,Thu,0,0,0,0,0,10,4,28629.09,0.4,0,1,45,0.622,High,1,0,100.0,0.1121
B-202309-85008,Booked,Regional Healthcare System,Sales Kickoff,Corporate,In-person,Rooms Only,Healthcare,Healthcare,Cvent,Low,2023-07-02,2023-07-21,14,2023-09-21,2023-09-22,1,81,40,40,44,0,,0,0,5,1.0,5033.17,2,74.8,170.91,155.49,6219.6,0.0,0.0,6219.6,37,5753.13,0.0,0.0,5753.13,0.925,0.0,,2023,9,3,62.6,37.4,1,107.61,203.63,311.24,241.95,311.24,1,0.0,40,0,0,0,0,0,0,0,0,0,0,,0,0,0.0,0.0,0,0,0.0,0,0,0,0,0.0,0.0,9.02,155.49,0.909,0.0,Shoulder,0,3,Thu,0,0,0,1,1,5,4,41843.84,0.8,0,1,45,0.889,High,1,0,100.0,0.0617
B-202309-38241,Booked,Technology Innovators,Annual Sales Conference,Corporate,In-person,Full Package,Technology,Technology,Repeat Client,High,2023-08-08,2023-08-27,7,2023-09-23,2023-09-26,3,46,64,192,79,1,Half Ballroom,1,0,12,1.0,60896.07,2,97.0,208.28,220.78,42389.76,1152.56,12196.64,55738.96,183,40402.74,1152.56,11615.84,53171.14,0.953125,49.012,,2023,9,4,60.9,39.1,1,167.09,193.51,360.6,299.06,360.6,2,7.7,52,64,58,0,1,3,3,24,1,0,1,Classroom,3,1,2.33,1152.56,1350,5976,9229.55,4,0,0,0,100.0,0.66,-6.0,290.31,0.81,0.127,Peak,1,5,Sat,1,1,0,0,0,14,11,145428.41,0.7857,0,1,137,0.467,Moderate,0,0,100.0,0.2609
B-202309-84128,Booked,Professional Services Group,Sales Kickoff,Corporate,In-person,Full Package,Healthcare,Other,Referral,Low,2023-07-10,2023-07-31,12,2023-09-23,2023-09-24,1,75,37,37,44,1,Half Ballroom,1,0,9,1.0,15072.79,2,95.9,210.0,222.6,8236.2,879.23,1927.93,11043.36,29,6455.4,879.23,1836.12,9170.75,0.7837837837837838,41.73,,2023,9,4,61.0,39.0,1,172.21,184.94,357.15,271.29,184.94,1,0.0,37,0,0,0,1,1,1,8,1,0,1,Theater,1,0,1.0,879.23,150,1800,2566.19,3,0,0,0,100.0,0.37,-6.0,298.47,0.841,0.227,Peak,1,5,Sat,1,0,0,0,0,8,6,93151.89,0.75,0,1,83,0.446,Moderate,0,0,100.0,0.12
B-202309-94494,Booked,Pharmaceutical Partners,Management Training,Corporate,In-person,Full Package,Healthcare,Healthcare,Referral,Low,2023-07-18,2023-08-03,9,2023-09-23,2023-09-24,1,67,36,36,42,1,Half Ballroom,1,1,7,0.0,0.0,2,91.8,203.29,203.87,7339.32,815.91,2083.46,10238.69,28,5708.36,815.91,1984.25,8508.52,0.7777777777777778,47.244,,2023,9,2,56.5,43.5,1,105.71,158.11,263.82,263.82,158.11,1,0.0,36,0,0,0,1,1,1,8,1,0,1,Classroom,2,0,2.0,815.91,350,1848,2828.34,4,0,0,0,100.0,0.35,-0.29,284.41,0.857,0.238,Peak,1,5,Sat,1,0,1,0,0,22,15,202161.23,0.6818,0,1,83,0.434,Moderate,0,0,93.3,0.1045
B-202309-86406,Booked,Personal Event,Martinez-Garcia Wedding,Wedding/Social,In-person,Rooms Only,Social,Social/Private,Referral,Low,2022-10-07,2022-11-09,27,2023-09-24,2023-09-25,1,352,19,19,20,0,,0,0,6,0.0,0.0,2,94.5,196.66,207.52,3942.88,0.0,0.0,3942.88,11,2282.72,0.0,0.0,2282.72,0.5789473684210527,0.0,,2023,9,4,68.2,31.8,1,125.64,160.11,285.75,285.75,160.11,1,0.0,19,0,0,0,0,0,0,0,0,0,0,,0,0,0.0,0.0,0,0,0.0,0,0,0,0,0.0,0.0,-5.52,207.52,0.95,0.0,Peak,1,6,Sun,1,0,1,0,0,15,12,53296.11,0.8,0,1,137,0.139,Low,0,0,93.3,0.017
B-202309-68487,Booked,Accounting Institute,Industry Forum,Association,In-person,Rooms Only,Finance,Finance,Cvent,High,2023-05-28,2023-06-18,16,2023-09-25,2023-09-28,3,120,65,195,71,0,,0,1,5,1.0,26681.3,3,78.6,170.38,169.95,33140.25,0.0,0.0,33140.25,154,26172.3,0.0,0.0,26172.3,0.7897435897435897,0.0,,2023,9,4,69.5,30.5,1,106.65,148.96,255.61,255.61,148.96,2,7.7,57,65,53,0,0,0,0,0,0,0,0,,0,0,0.0,0.0,0,0,0.0,0,0,0,0,0.0,0.0,0.25,169.95,0.915,0.0,Peak,0,0,Mon,0,0,0,1,0,13,11,240905.07,0.8462,0,1,114,0.57,Moderate,0,0,100.0,0.0417
B-202309-70387,Booked,Heritage Travel,Historic Sites Tour,SMERF,Hybrid,Rooms Only,Education,Education,Website,Low,2023-07-26,2023-08-16,14,2023-09-25,2023-09-27,2,61,41,82,45,0,,0,0,7,0.0,0.0,2,79.7,176.08,175.67,14404.94,0.0,0.0,14404.94,79,13877.93,0.0,0.0,13877.93,0.9634146341463414,0.0,,2023,9,4,59.5,40.5,0,157.76,156.53,314.29,0.0,168.74,2,0.0,41,41,0,0,0,0,0,0,0,0,0,,0,0,0.0,0.0,0,0,0.0,0,0,0,0,0.0,0.0,0.23,175.67,0.911,0.0,Peak,0,0,Mon,0,0,1,0,0,7,6,41795.06,0.8571,0,1,114,0.36,Moderate,0,0,93.3,0.1148
B-202309-22622,Booked,Retail Corporation,Customer Advisory Board,Corporate,Hybrid,Rooms Only,Professional Services,Other,Sales Call,Low,2023-06-07,2023-06-26,14,2023-09-27,2023-09-28,1,112,32,32,35,0,,0,0,5,0.0,0.0,4,81.0,166.03,175.99,5631.68,0.0,0.0,5631.68,28,4927.72,0.0,0.0,4927.72,0.875,0.0,,2023,9,2,63.4,36.6,1,105.7,170.25,275.95,275.95,170.25,1,0.0,32,0,0,0,0,0,0,0,0,0,0,,0,0,0.0,0.0,0,0,0.0,0,0,0,0,0.0,0.0,-6.0,175.99,0.914,0.0,Peak,0,2,Wed,0,0,1,1,0,14,10,149607.48,0.7143,0,1,7,1.0,High,1,1,93.3,0.0446
B-202309-28350,Booked,Social Event,Martinez-Garcia Wedding,Wedding/Social,In-person,Full Package,Social,Social/Private,Repeat Client,Low,2023-04-30,2023-06-16,37,2023-09-27,2023-09-28,1,150,17,17,19,1,Breakout Room,1,1,10,0.0,0.0,2,81.8,175.05,159.15,2705.55,595.69,1485.36,4786.6,9,1432.35,595.69,1414.63,3442.67,0.5294117647058824,74.454,,2023,9,4,67.7,32.3,1,99.58,148.72,248.3,248.3,148.72,1,0.0,17,0,0,0,1,2,1,8,0,0,1,Banquet,2,0,1.5,595.69,500,855,2649.1,1,0,1,1,0.0,0.47,9.08,281.56,0.895,0.526,Peak,0,2,Wed,0,1,1,0,1,19,14,79131.29,0.7368,0,1,7,1.0,High,1,1,93.3,0.0667
B-202309-45382,Booked,Education Foundation,Networking Summit,Association,In-person,Full Package,Education,Education,Third-Party Planner,High,2022-11-27,2022-12-25,16,2023-09-27,2023-09-30,3,304,80,240,101,1,Half Ballroom,1,1,12,0.0,0.0,2,79.4,164.71,149.4,35856.0,1778.59,5200.48,42835.07,170,25398.0,1778.59,4952.84,32129.43,0.7083333333333334,16.346,,2023,9,3,60.1,39.9,1,159.73,135.01,294.74,257.65,135.01,2,1.6,77,80,79,0,2,8,3,36,1,0,1,Classroom,3,1,1.75,1778.59,2500,5996,11415.49,5,0,0,0,12.5,0.84,9.3,178.48,0.792,0.198,Peak,0,2,Wed,0,0,1,0,1,12,9,211678.29,0.75,0,1,140,0.571,Moderate,0,0,93.3,0.0395
B-202309-63101,Booked,Personal Event,Memorial Service Gathering,Wedding/Social,In-person,Full Package,Social,Social/Private,Direct Inquiry,Low,2023-04-24,2023-06-16,42,2023-09-27,2023-09-28,1,156,19,19,22,1,Breakout Room,1,0,11,0.0,0.0,1,81.6,172.07,165.29,3140.51,579.72,1621.34,5341.57,10,1652.9,579.72,1544.14,3776.76,0.5263157894736842,70.188,,2023,9,4,51.8,48.2,1,107.21,145.07,252.28,252.28,154.39,1,0.0,19,0,0,0,1,1,1,4,0,0,1,Reception,1,0,1.0,579.72,150,1210,1943.43,1,1,0,1,0.0,0.55,3.94,281.14,0.864,0.455,Peak,0,2,Wed,0,0,1,0,1,16,13,55578.83,0.8125,0,1,7,1.0,High,1,1,93.3,0.0705
B-202309-16086,Booked,Technology Innovators,Management Training,Corporate,In-person,Full Package,Technology,Technology,RFP,Medium,2023-07-02,2023-07-17,8,2023-09-30,2023-10-01,1,90,75,75,104,1,Half Ballroom,1,0,7,0.0,0.0,2,73.1,172.05,162.33,12174.75,1392.79,2111.05,15678.59,63,10226.79,1392.79,2010.53,13630.11,0.84,19.332,,2023,9,3,71.9,28.1,1,157.61,150.04,307.65,273.93,150.04,1,0.0,75,0,0,0,1,2,1,12,1,0,1,Theater,3,1,2.5,1392.79,1000,2430,4372.04,3,0,0,0,50.0,0.87,5.65,209.05,0.721,0.096,Shoulder,0,5,Sat,1,0,1,0,1,15,12,198599.55,0.8,0,1,145,0.517,Moderate,0,0,93.3,0.0778
B-202310-30174,Booked,Professional Services Group,Town Hall Meeting,Corporate,Virtual,Full Package,Professional Services,Other,Direct Inquiry,Low,2023-07-19,2023-08-02,7,2023-10-02,2023-10-04,2,75,25,50,33,1,Breakout Room,1,0,7,0.0,0.0,1,83.8,174.22,163.37,8168.5,533.39,3364.45,12066.34,47,7678.39,533.39,3204.23,11416.01,0.94,48.549,,2023,10,2,67.6,32.4,0,18.22,136.8,155.02,0.0,136.8,2,40.0,15,25,0,0,1,2,2,16,0,0,1,Classroom,2,0,2.0,533.39,700,5346,7992.7,4,0,0,0,100.0,0.82,6.23,241.33,0.758,0.303,Peak,0,0,Mon,0,0,1,0,1,9,7,102322.64,0.7778,0,1,132,0.189,Low,0,0,93.3,0.0933
B-202310-79391,Booked,Retail Corporation,Product Launch Event,Corporate,In-person,Meeting Only,Healthcare,Other,Direct Inquiry,Low,2023-07-21,2023-08-07,9,2023-10-02,2023-10-04,2,73,0,0,67,1,Half Ballroom,0,0,8,1.0,19421.92,3,81.1,177.68,0.0,0.0,944.74,5824.56,6769.3,0,0.0,944.74,5547.2,6491.94,,41.397,,2023,10,0,0.0,0.0,0,0.0,0.0,0.0,0.0,0.0,0,0.0,0,0,0,0,1,2,2,16,1,0,1,Classroom,3,1,2.0,944.74,800,2832,4815.4,3,0,0,0,100.0,0.56,100.0,,0.0,0.149,Peak,0,0,Mon,0,0,0,0,1,15,11,154535.2,0.7333,0,1,195,0.0,Low,0,0,86.7,0.1096
B-202310-29148,Booked,Premier Tours,Historic Sites Tour,Corporate,In-person,Rooms Only,Healthcare,Healthcare,Website,Medium,2023-07-29,2023-08-15,11,2023-10-03,2023-10-04,1,66,41,41,45,0,,0,0,6,0.0,0.0,2,89.8,179.92,184.64,7570.24,0.0,0.0,7570.24,40,7385.6,0.0,0.0,7385.6,0.975609756097561,0.0,,2023,10,2,59.6,40.4,1,37.47,293.48,330.95,293.48,330.95,1,0.0,41,0,0,0,0,0,0,0,0,0,0,,0,0,0.0,0.0,0,0,0.0,0,0,0,0,0.0,0.0,-2.62,184.64,0.911,0.0,Peak,1,1,Tue,0,0,1,0,0,7,5,30728.26,0.7143,0,1,132,0.311,Moderate,0,0,93.3,0.0909
B-202310-45561,Booked,Private Party,Smith-Johnson Wedding,Wedding/Social,In-person,Full Package,Social,Social/Private,Direct Inquiry,Low,2023-02-03,2023-03-01,15,2023-10-03,2023-10-04,1,242,22,22,29,1,Breakout Room,1,1,11,1.0,12017.04,1,76.4,174.61,165.53,3641.66,568.35,2080.77,6290.78,14,2317.42,568.35,1981.69,4867.46,0.6363636363636364,68.334,,2023,10,3,61.7,38.3,0,45.05,136.46,181.51,0.0,136.46,1,0.0,22,0,0,0,1,2,1,8,0,0,1,Reception,0,0,0.0,568.35,0,1595,2784.76,1,1,0,1,0.0,0.72,5.2,285.94,0.759,0.345,Shoulder,0,1,Tue,0,0,0,0,1,15,9,67507.95,0.6,0,1,132,0.167,Low,0,0,100.0,0.0455
B-202310-22943,Booked,Community Church,School District Meeting,SMERF,In-person,Meeting Only,SMERF,Religious,Third-Party Planner,Low,2023-07-06,2023-07-24,10,2023-10-04,2023-10-07,3,90,0,0,98,1,Half Ballroom,0,0,8,1.0,18182.5,2,85.3,174.27,0.0,0.0,1356.92,5773.93,7130.85,0,0.0,1356.92,5498.98,6855.9,,18.704,,2023,10,0,0.0,0.0,0,0.0,0.0,0.0,0.0,0.0,0,0.0,0,0,0,0,1,9,3,48,1,0,1,Classroom,2,0,0.78,1356.92,1200,1424,6133.73,2,0,0,0,33.3,0.82,100.0,,0.0,0.102,Peak,1,2,Wed,0,0,0,0,1,2,1,14625.7,0.5,0,1,0,,Unknown,0,0,86.7,0.0889
B-202310-26389,Booked,TechCorp Solutions,Customer Advisory Board,Corporate,In-person,Rooms Only,Technology,Technology,Cvent,Low,2023-07-27,2023-08-14,13,2023-10-04,2023-10-05,1,69,51,51,56,0,,0,1,5,0.0,0.0,3,84.6,178.34,176.41,8996.91,0.0,0.0,8996.91,44,7762.04,0.0,0.0,7762.04,0.8627450980392157,0.0,,2023,10,3,51.5,48.5,1,149.49,143.65,293.14,236.61,143.65,1,0.0,51,0,0,0,0,0,0,0,0,0,0,,0,0,0.0,0.0,0,0,0.0,0,0,0,0,0.0,0.0,1.08,176.41,0.911,0.0,Peak,0,2,Wed,0,0,1,1,0,11,5,33924.1,0.4545,0,1,0,,Unknown,0,1,93.3,0.0725
B-202310-56616,Booked,Manufacturing Alliance,Board of Directors Meeting,Corporate,In-person,Full Package,Professional Services,Other,Cvent,Low,2023-06-18,2023-07-09,13,2023-10-04,2023-10-06,2,108,15,30,17,1,Breakout Room,1,0,8,0.0,0.0,2,81.5,175.23,171.98,5159.4,400.9,1665.08,7225.38,27,4643.46,400.9,1585.79,6630.15,0.9,46.641,,2023,10,3,62.8,37.2,0,155.35,146.97,302.32,0.0,146.97,2,53.3,7,15,0,0,1,2,2,16,0,0,1,Banquet,3,1,2.5,400.9,1000,2788,5724.56,5,0,0,0,100.0,0.42,1.85,240.85,0.882,0.588,Peak,0,2,Wed,0,0,1,0,0,9,5,109637.81,0.5556,0,1,83,0.181,Low,0,0,93.3,0.0741
B-202310-66906,Booked,State Medical Association,Certification Training,Association,In-person,Full Package,Healthcare,Healthcare,Third-Party Planner,High,2023-03-19,2023-04-09,14,2023-10-04,2023-10-06,2,199,122,244,134,1,Grand Ballroom,1,0,7,0.0,0.0,3,81.0,181.79,171.91,41946.04,2132.31,12812.42,56890.77,170,29224.7,2132.31,12202.31,43559.32,0.6967213114754098,45.531,,2023,10,4,53.6,46.4,1,51.31,147.82,199.13,199.13,150.01,2,7.4,113,122,0,0,2,2,2,16,1,0,1,Classroom,3,1,2.5,2132.31,1000,20368,26450.46,5,0,0,0,100.0,0.56,5.43,233.16,0.91,0.149,Peak,0,2,Wed,0,0,1,0,1,17,16,413166.93,0.9412,0,1,83,1.0,High,1,1,93.3,0.0352
B-202310-90967,Booked,Education Foundation,Professional Development Symposium,Association,In-person,Full Package,Education,Education,Referral,Medium,2023-02-03,2023-02-28,16,2023-10-04,2023-10-05,1,243,69,69,81,1,Half Ballroom,1,1,9,0.0,0.0,1,85.6,166.15,168.19,11605.11,1786.94,1680.42,15072.47,52,8745.88,1786.94,1600.4,12133.22,0.7536231884057971,19.758,,2023,10,4,69.5,30.5,1,151.69,178.29,329.98,236.05,178.29,1,0.0,69,0,0,0,2,2,1,12,1,0,1,Theater,3,1,2.0,1786.94,800,1080,2784.27,3,0,0,0,50.0,0.68,-1.23,218.44,0.852,0.247,Peak,1,2,Wed,0,0,1,0,0,13,10,243807.72,0.7692,0,1,0,,Unknown,0,1,93.3,0.037
B-202310-43902,Booked,Financial Services Group,Management Training,Corporate,In-person,Full Package,Finance,Finance,Third-Party Planner,Low,2023-07-29,2023-08-19,14,2023-10-07,2023-10-08,1,70,17,17,21,1,Breakout Room,1,1,7,0.0,0.0,3,95.4,201.0,213.06,3622.02,450.73,1077.05,5149.8,14,2982.84,450.73,1025.77,4459.34,0.8235294117647058,48.846,,2023,10,3,52.7,47.3,1,112.4,157.18,269.58,269.58,162.06,1,0.0,17,0,0,0,1,1,1,8,0,0,1,Classroom,3,1,3.0,450.73,650,1575,3202.61,3,0,0,0,100.0,0.53,-6.0,302.93,0.81,0.476,Peak,1,5,Sat,1,0,1,0,0,10,7,56425.31,0.7,0,1,171,0.099,Low,0,0,93.3,0.1
B-202310-50838,Booked,Private Individual,Williams-Brown Wedding,Wedding/Social,In-person,Rooms Only,Social,Social/Private,RFP,Low,2022-11-22,2022-12-17,18,2023-10-07,2023-10-08,1,319,8,8,8,0,,0,1,7,0.0,0.0,2,96.1,206.28,218.66,1749.28,0.0,0.0,1749.28,5,1093.3,0.0,0.0,1093.3,0.625,0.0,,2023,10,3,55.7,44.3,1,107.29,173.79,281.08,281.08,173.79,1,0.0,8,0,0,0,0,0,0,0,0,0,0,,0,0,0.0,0.0,0,0,0.0,0,0,0,0,0.0,0.0,-6.0,218.66,1.0,0.0,Peak,1,5,Sat,1,0,1,0,0,16,14,62383.03,0.875,0,1,171,0.047,Low,0,0,93.3,0.0219
B-202310-83472,Booked,Private Individual,Baby Shower Weekend,Wedding/Social,In-person,Full Package,Social,Social/Private,Website,Low,2022-11-27,2022-12-21,17,2023-10-07,2023-10-08,1,314,24,24,29,1,Breakout Room,1,1,7,0.0,0.0,4,97.0,210.0,222.6,5342.4,405.43,2533.13,8280.96,13,2893.8,405.43,2412.51,5711.74,0.5416666666666666,83.19,,2023,10,2,63.7,36.3,0,141.26,174.83,316.09,0.0,174.83,1,0.0,24,0,0,0,1,2,1,8,0,0,1,Banquet,1,0,0.5,405.43,150,1595,3048.16,1,1,0,1,0.0,0.72,-6.0,345.04,0.828,0.345,Peak,1,5,Sat,1,0,1,0,0,16,14,62383.03,0.875,0,1,171,0.14,Low,0,0,93.3,0.0223
B-202310-47247,Booked,Technology Innovators,Performance Review Summit,Corporate,In-person,Full Package,Technology,Technology,Referral,Low,2023-08-12,2023-08-30,11,2023-10-08,2023-10-09,1,57,36,36,46,1,Half Ballroom,1,0,7,0.0,0.0,2,95.2,209.3,221.86,7986.96,900.43,1053.43,9940.82,34,7543.24,900.43,1003.26,9446.93,0.9444444444444444,21.81,,2023,10,4,65.6,34.4,1,127.87,145.43,273.3,273.3,145.43,1,0.0,36,0,0,0,1,1,1,8,1,0,1,Theater,2,0,2.0,900.43,350,1272,2243.18,2,0,0,0,100.0,0.38,-6.0,276.13,0.783,0.217,Peak,1,6,Sun,1,0,1,0,0,16,13,212229.66,0.8125,0,1,120,0.3,Moderate,0,0,93.3,0.1228
B-202310-61491,Booked,Community Church,School District Meeting,SMERF,Hybrid,Full Package,SMERF,Religious,Referral,Medium,2023-07-21,2023-08-12,12,2023-10-08,2023-10-09,1,79,64,64,72,1,Half Ballroom,1,0,10,1.0,11809.76,1,94.4,210.0,215.0,13760.0,1503.32,1197.5,16460.82,55,11825.0,1503.32,1140.48,14468.8,0.859375,15.84,,2023,10,3,69.2,30.8,1,131.25,167.8,299.05,271.69,167.8,1,0.0,64,0,0,0,2,2,1,8,1,0,1,Theater,2,0,1.5,1503.32,500,940,2140.83,2,0,0,0,0.0,0.6,-2.38,257.2,0.889,0.278,Peak,1,6,Sun,1,0,0,0,0,3,2,21481.6,0.6667,0,1,120,0.533,Moderate,0,0,100.0,0.1266
B-202310-47226,Booked,Personal Event,Quinceañera Celebration,Wedding/Social,In-person,Rooms Only,Social,Social/Private,Direct Inquiry,Low,2022-12-20,2023-01-22,28,2023-10-09,2023-10-10,1,293,34,34,37,0,,0,0,5,0.0,0.0,3,81.4,174.78,159.62,5427.08,0.0,0.0,5427.08,22,3511.64,0.0,0.0,3511.64,0.6470588235294118,0.0,,2023,10,2,58.9,41.1,0,156.21,137.49,293.7,0.0,137.49,1,0.0,34,0,0,0,0,0,0,0,0,0,0,,0,0,0.0,0.0,0,0,0.0,0,0,0,0,0.0,0.0,8.67,159.62,0.919,0.0,Peak,0,0,Mon,0,0,1,1,1,17,14,59355.59,0.8235,0,1,186,0.183,Low,0,0,93.3,0.0171
B-202310-44053,Booked,Global Industries,Town Hall Meeting,Corporate,In-person,Full Package,Professional Services,Other,RFP,Medium,2023-07-08,2023-07-30,12,2023-10-10,2023-10-12,2,94,59,118,70,1,Half Ballroom,1,0,10,1.0,34319.54,1,80.6,182.41,193.35,22815.3,1502.27,7380.14,31697.71,94,18174.9,1502.27,7028.7,26705.87,0.7966101694915254,50.205,,2023,10,2,54.2,45.8,1,106.55,175.86,282.41,282.41,282.41,2,8.5,54,59,0,0,2,2,2,16,1,0,1,Classroom,3,1,2.0,1502.27,800,3648,5631.81,5,0,0,0,100.0,0.58,-6.0,268.62,0.843,0.286,Peak,0,1,Tue,0,0,0,0,0,19,15,227512.88,0.7895,0,1,161,0.366,Moderate,0,0,100.0,0.1064
B-202310-19289,Booked,Dental Association,Networking Summit,Association,In-person,Full Package,Healthcare,Healthcare,Direct Inquiry,Medium,2022-11-27,2023-01-01,21,2023-10-12,2023-10-14,2,319,72,144,99,1,Half Ballroom,1,0,14,0.0,0.0,2,82.1,176.63,169.35,24386.4,1419.78,3583.78,29389.96,114,19305.9,1419.78,3413.12,24138.8,0.7916666666666666,17.238,,2023,10,4,51.0,49.0,1,167.15,151.81,318.96,221.03,151.81,2,11.1,64,72,0,0,2,5,2,24,1,0,1,Classroom,2,0,1.6,1419.78,1350,3880,7111.49,4,0,0,0,20.0,0.82,4.12,204.1,0.727,0.202,Peak,0,3,Thu,0,0,1,0,1,12,10,202495.18,0.8333,0,1,81,0.889,High,1,0,93.3,0.0439
B-202310-27088,Booked,Dental Association,Member Appreciation Event,Association,In-person,Rooms Only,Healthcare,Healthcare,Repeat Client,High,2022-12-08,2022-12-31,20,2023-10-13,2023-10-15,2,309,67,134,73,0,,0,0,3,0.0,0.0,1,88.7,173.37,183.45,24582.3,0.0,0.0,24582.3,91,16693.95,0.0,0.0,16693.95,0.6791044776119403,0.0,,2023,10,4,57.7,42.3,1,116.98,162.06,279.04,279.04,162.06,2,7.5,62,67,0,0,0,0,0,0,0,0,0,,0,0,0.0,0.0,0,0,0.0,0,0,0,0,0.0,0.0,-5.81,183.45,0.918,0.0,Peak,1,4,Fri,1,1,1,1,0,13,11,226633.98,0.8462,0,1,131,0.511,Moderate,0,0,93.3,0.0097
B-202310-34967,Booked,Global Industries,Leadership Summit,Corporate,In-person,Full Package,Finance,Other,Sales Call,Low,2023-06-27,2023-07-24,13,2023-10-14,2023-10-16,2,109,22,44,26,1,Breakout Room,1,0,14,1.0,13643.43,2,88.4,169.64,177.84,7824.96,354.83,2665.68,10845.47,40,7113.6,354.83,2538.74,10007.17,0.9090909090909092,48.822,,2023,10,2,57.9,42.1,1,63.88,154.89,218.77,218.77,154.89,2,4.5,21,22,0,0,1,2,2,16,0,0,1,Classroom,3,1,2.5,354.83,1000,2730,5640.34,5,0,0,0,100.0,0.65,-4.83,246.49,0.846,0.385,Peak,1,5,Sat,1,0,0,0,0,20,16,254218.75,0.8,0,1,99,0.222,Low,0,0,100.0,0.1284
B-202310-40603,Booked,Consulting Network,New Hire Orientation,Corporate,In-person,Full Package,Professional Services,Professional Services,Cvent,Low,2023-07-05,2023-07-28,11,2023-10-15,2023-10-16,1,102,55,55,71,1,Half Ballroom,1,1,12,1.0,20013.2,2,94.9,197.86,209.73,11535.15,1820.77,1663.96,15019.88,48,10067.04,1820.77,1584.72,13472.53,0.8727272727272727,22.32,,2023,10,3,58.7,41.3,1,87.66,161.43,249.09,249.09,161.43,1,0.0,55,0,0,0,2,1,1,8,1,0,1,Banquet,2,0,2.0,1820.77,350,1272,2162.19,2,0,0,0,100.0,0.59,-6.0,273.09,0.775,0.282,Peak,1,6,Sun,1,0,0,0,0,5,3,38705.16,0.6,0,1,99,0.556,Moderate,0,0,100.0,0.1176
B-202310-44517,Booked,Volunteer Network,Church Retreat Weekend,SMERF,In-person,Full Package,Other,Other,Cvent,Low,2023-08-04,2023-08-23,10,2023-10-15,2023-10-16,1,72,44,44,53,1,Half Ballroom,0,0,9,1.0,9061.17,2,86.5,200.51,204.98,9019.12,1156.0,0.0,10175.12,37,7584.26,1156.0,0.0,8740.26,0.8409090909090909,0.0,,2023,10,3,69.1,30.9,0,25.2,159.84,185.04,0.0,159.84,1,0.0,44,0,0,0,1,2,1,8,1,0,1,Classroom,1,0,0.5,1156.0,150,0,889.52,0,0,0,0,0.0,0.44,-2.23,231.25,0.83,0.189,Peak,1,6,Sun,1,0,0,0,0,8,4,17380.82,0.5,0,1,99,0.444,Moderate,0,0,100.0,0.125
B-202310-15144,Booked,State Medical Association,Board Retreat,Association,In-person,Full Package,Healthcare,Healthcare,Third-Party Planner,Medium,2023-05-13,2023-06-20,27,2023-10-17,2023-10-19,2,157,34,68,41,1,Half Ballroom,1,1,11,0.0,0.0,2,85.9,173.17,174.24,11848.32,1334.47,2145.44,15328.23,49,8537.76,1334.47,2043.28,11915.51,0.7205882352941176,24.918,,2023,10,4,55.3,44.7,1,167.75,162.71,330.46,204.35,162.71,2,32.4,23,34,0,0,1,2,2,16,1,0,1,Classroom,2,0,2.0,1334.47,700,960,2812.64,2,0,0,0,100.0,0.34,-0.62,225.42,0.829,0.244,Peak,1,1,Tue,0,0,1,0,0,18,17,456726.25,0.9444,0,1,0,,Unknown,0,1,93.3,0.0701
B-202310-30079,Booked,Education Foundation,Networking Summit,Association,In-person,Full Package,Education,Education,Website,High,2023-05-22,2023-06-25,26,2023-10-17,2023-10-20,3,148,116,348,151,1,Grand Ballroom,1,1,8,0.0,0.0,2,83.7,178.24,163.54,56911.92,2719.06,21529.82,81160.8,247,40394.38,2719.06,20504.59,63618.03,0.7097701149425287,45.264,,2023,10,3,65.4,34.6,0,160.43,139.32,299.75,0.0,139.32,2,3.2,110,116,107,0,2,3,3,24,1,0,1,Classroom,3,1,2.33,2719.06,1350,23858,32834.37,5,0,0,0,100.0,0.63,8.25,233.22,0.768,0.132,Peak,0,1,Tue,0,0,1,0,1,14,11,255940.94,0.7857,0,1,0,,Unknown,0,1,93.3,0.0541
B-202310-25517,Booked,Family Celebration,Williams-Brown Wedding,Wedding/Social,In-person,Full Package,Social,Social/Private,Repeat Client,Medium,2022-10-30,2022-12-10,32,2023-10-18,2023-10-20,2,353,47,94,56,1,Half Ballroom,1,1,9,0.0,0.0,1,85.0,182.64,171.57,16127.58,1123.44,5143.82,22394.84,56,9607.92,1123.44,4898.88,15630.24,0.5957446808510638,43.74,,2023,10,4,63.6,36.4,1,96.32,145.53,241.85,241.85,158.14,2,21.3,37,47,0,0,1,2,2,8,1,0,1,Banquet,1,0,0.5,1123.44,150,1080,1976.47,1,0,1,1,0.0,0.47,6.06,238.24,0.839,0.179,Peak,1,2,Wed,0,1,1,0,1,16,14,75364.91,0.875,0,1,0,,Unknown,0,1,93.3,0.0255
B-202310-35312,Booked,Premier Tours,Senior Travel Club,SMERF,In-person,Full Package,Education,Education,Third-Party Planner,High,2023-05-11,2023-06-03,14,2023-10-18,2023-10-20,2,160,24,48,31,1,Breakout Room,0,0,9,1.0,15013.8,1,82.3,179.5,185.44,8901.12,370.75,0.0,9271.87,44,8159.36,370.75,0.0,8530.11,0.9166666666666666,0.0,,2023,10,2,67.7,32.3,0,154.31,194.54,348.85,0.0,348.85,2,20.8,19,24,0,0,1,2,2,8,0,0,1,Classroom,1,0,1.0,370.75,300,0,1555.73,0,0,0,0,0.0,0.78,-3.31,193.16,0.774,0.323,Peak,0,2,Wed,0,0,0,0,0,8,6,38113.86,0.75,0,1,0,,Unknown,0,1,100.0,0.0562
B-202310-62037,Booked,Global Industries,Leadership Summit,Corporate,In-person,Full Package,Finance,Other,RFP,Low,2023-06-19,2023-07-08,8,2023-10-18,2023-10-19,1,121,53,53,70,1,Half Ballroom,1,1,11,1.0,22217.58,1,80.2,173.27,183.22,9710.66,1540.74,3264.28,14515.68,47,8611.34,1540.74,3108.84,13260.92,0.8867924528301887,44.412,,2023,10,3,64.4,35.6,1,179.59,164.27,343.86,241.86,164.27,1,0.0,53,0,0,0,2,1,1,8,1,0,1,Banquet,3,1,3.0,1540.74,650,1008,2256.01,3,0,0,0,100.0,0.58,-5.74,273.88,0.757,0.286,Peak,0,2,Wed,0,0,0,0,0,21,17,264225.92,0.8095,0,1,0,,Unknown,0,1,100.0,0.0909
B-202310-64519,Booked,Community Church,Community Theater Production,SMERF,In-person,Rooms Only,SMERF,Religious,Website,Low,2023-06-26,2023-07-10,11,2023-10-18,2023-10-20,2,114,29,58,31,0,,0,0,3,0.0,0.0,3,87.4,173.45,171.58,9951.64,0.0,0.0,9951.64,48,8235.84,0.0,0.0,8235.84,0.8275862068965517,0.0,,2023,10,2,66.4,33.6,1,65.91,202.6,268.51,268.51,268.51,2,6.9,27,29,0,0,0,0,0,0,0,0,0,,0,0,0.0,0.0,0,0,0.0,0,0,0,0,0.0,0.0,1.08,171.58,0.935,0.0,Peak,1,2,Wed,0,0,1,1,0,4,3,35950.4,0.75,0,1,0,,Unknown,0,1,93.3,0.0263
B-202310-78714,Booked,HR Professionals Network,Member Appreciation Event,Association,In-person,Meeting Only,Professional Services,Professional Services,Third-Party Planner,Low,2023-03-11,2023-04-08,20,2023-10-18,2023-10-20,2,221,0,0,56,1,Half Ballroom,0,1,8,0.0,0.0,2,83.4,175.82,0.0,0.0,1293.6,5061.97,6355.57,0,0.0,1293.6,4820.93,6114.53,,43.044,,2023,10,0,0.0,0.0,0,0.0,0.0,0.0,0.0,0.0,0,0.0,0,0,0,0,1,2,2,16,1,0,1,Classroom,3,1,2.5,1293.6,1000,1660,3914.37,3,0,0,0,100.0,0.47,100.0,,0.0,0.179,Peak,0,2,Wed,0,0,1,0,1,10,5,107661.05,0.5,0,1,0,,Unknown,0,0,80.0,0.0362
B-202310-50944,Booked,Nursing Council,Industry Forum,Association,In-person,Full Package,Healthcare,Healthcare,Third-Party Planner,Medium,2023-03-30,2023-04-21,15,2023-10-19,2023-10-20,1,203,70,70,86,1,Half Ballroom,1,0,7,0.0,0.0,2,86.9,171.12,177.56,12429.2,968.31,1463.95,14861.46,52,9233.12,968.31,1394.23,11595.66,0.7428571428571429,16.212,,2023,10,2,69.7,30.3,1,49.86,253.02,302.88,253.02,253.02,1,0.0,70,0,0,0,1,2,1,12,1,0,1,Theater,2,0,1.5,968.31,500,1988,3405.51,5,0,0,0,50.0,0.72,-3.76,212.31,0.814,0.116,Peak,1,3,Thu,0,0,1,0,0,18,12,206128.44,0.6667,0,1,0,,Unknown,0,1,93.3,0.0345
B-202310-55569,Booked,Private Party,Bar/Bat Mitzvah,Wedding/Social,In-person,Full Package,Social,Social/Private,Third-Party Planner,Low,2023-04-15,2023-06-07,42,2023-10-19,2023-10-21,2,187,33,66,43,1,Half Ballroom,1,1,11,0.0,0.0,2,84.7,175.38,185.9,12269.4,1184.08,3140.27,16593.75,39,7250.1,1184.08,2990.74,11424.92,0.5909090909090909,34.776,,2023,10,3,61.7,38.3,1,140.69,173.8,314.49,314.49,176.78,2,3.0,32,33,0,0,1,2,2,8,1,0,1,Banquet,2,0,1.5,1184.08,500,1080,2231.13,1,0,1,1,0.0,0.36,-6.0,251.42,0.767,0.233,Peak,0,3,Thu,0,0,1,0,0,17,10,72375.41,0.5882,0,1,15,1.0,High,1,1,93.3,0.0588
B-202310-59160,Booked,Family Celebration,Engagement Party,Wedding/Social,In-person,Full Package,Social,Social/Private,Third-Party Planner,Low,2023-05-14,2023-06-09,18,2023-10-19,2023-10-20,1,158,25,25,34,1,Breakout Room,1,1,8,0.0,0.0,3,87.8,176.22,186.3,4657.5,364.05,2631.88,7653.43,15,2794.5,364.05,2506.55,5665.1,0.6,73.722,,2023,10,2,58.5,41.5,1,76.82,180.47,257.29,257.29,180.47,1,0.0,25,0,0,0,1,2,1,8,0,0,1,Banquet,2,0,2.0,364.05,700,1870,3699.9,1,1,0,1,0.0,0.85,-5.72,306.14,0.735,0.294,Peak,1,3,Thu,0,0,1,0,0,17,15,90995.15,0.8824,0,1,0,,Unknown,0,1,93.3,0.0506
B-202310-14898,Booked,Accounting Institute,State Convention,Association,Hybrid,Full Package,Finance,Finance,Repeat Client,Medium,2023-02-19,2023-03-24,26,2023-10-20,2023-10-22,2,243,36,72,43,1,Half Ballroom,1,1,7,0.0,0.0,2,85.3,170.64,166.23,11968.56,803.59,4382.35,17154.5,54,8976.42,803.59,4173.67,13953.68,0.75,48.531,,2023,10,3,61.9,38.1,0,176.09,143.27,319.36,0.0,143.27,2,33.3,24,36,0,0,1,2,2,16,1,0,1,Theater,2,0,1.5,803.59,500,3280,4890.26,5,0,0,0,100.0,0.36,2.58,238.26,0.837,0.233,Peak,1,4,Fri,1,1,1,0,0,14,12,267077.37,0.8571,0,1,93,0.387,Moderate,0,0,93.3,0.0288
B-202310-27705,Booked,State Medical Association,State Convention,Association,Hybrid,Full Package,Healthcare,Healthcare,Referral,Medium,2023-02-22,2023-03-22,16,2023-10-20,2023-10-21,1,240,67,67,73,1,Half Ballroom,1,0,12,1.0,17120.34,1,83.9,175.33,164.27,11006.09,1390.27,1734.74,14131.1,51,8377.77,1390.27,1652.14,11420.18,0.7611940298507462,22.632,,2023,10,2,54.2,45.8,1,76.27,132.83,209.1,209.1,132.83,1,0.0,67,0,0,0,2,1,1,8,1,0,1,Classroom,1,0,1.0,1390.27,150,1260,2033.42,2,0,0,0,100.0,0.61,6.31,210.91,0.918,0.274,Peak,0,4,Fri,1,0,0,0,1,19,18,468641.76,0.9474,0,1,15,1.0,High,1,1,100.0,0.05
B-202310-40266,Booked,Energy Solutions,Town Hall Meeting,Corporate,In-person,Meeting Only,Technology,Other,Referral,Low,2023-07-15,2023-07-29,7,2023-10-20,2023-10-22,2,97,0,0,54,1,Half Ballroom,0,1,7,1.0,11356.6,3,79.0,181.99,0.0,0.0,976.31,5289.77,6266.08,0,0.0,976.31,5037.88,6014.19,,46.647,,2023,10,0,0.0,0.0,0,0.0,0.0,0.0,0.0,0.0,0,0.0,0,0,0,0,1,2,2,16,1,0,1,Theater,2,0,1.5,976.31,500,1680,3352.29,4,0,0,0,100.0,0.45,100.0,,0.0,0.185,Peak,0,4,Fri,1,0,0,0,1,13,7,96706.91,0.5385,0,1,15,0.0,Low,0,0,86.7,0.0722
B-202310-63713,Booked,Retail Corporation,Town Hall Meeting,Corporate,In-person,Full Package,Professional Services,Other,Cvent,Medium,2023-07-25,2023-08-13,10,2023-10-20,2023-10-21,1,87,69,69,78,1,Half Ballroom,1,1,9,0.0,0.0,2,81.2,177.42,173.76,11989.44,1104.66,3326.78,16420.88,60,10425.6,1104.66,3168.36,14698.62,0.8695652173913043,40.62,,2023,10,4,58.4,41.6,1,184.46,161.27,345.73,206.12,161.27,1,0.0,69,0,0,0,1,1,1,8,1,0,1,Classroom,1,0,1.0,1104.66,150,2088,2802.17,4,0,0,0,100.0,0.65,2.06,237.98,0.885,0.128,Peak,0,4,Fri,1,0,1,0,0,16,12,161027.14,0.75,0,1,15,1.0,High,1,1,93.3,0.1034
B-202310-83922,Booked,Tour Operator Network,International Tour Package,Corporate,In-person,Full Package,Technology,Technology,RFP,High,2023-08-20,2023-09-14,11,2023-10-21,2023-10-22,1,62,47,47,59,1,Half Ballroom,0,0,14,0.0,0.0,2,94.8,210.0,222.6,10462.2,1355.04,0.0,11817.24,42,9349.2,1355.04,0.0,10704.24,0.8936170212765957,0.0,,2023,10,2,67.6,32.4,0,146.88,172.51,319.39,0.0,172.51,1,0.0,47,0,0,0,1,1,1,4,1,0,1,Classroom,0,0,0.0,1355.04,0,0,335.95,0,0,0,0,0.0,0.49,-6.0,251.43,0.797,0.169,Peak,1,5,Sat,1,0,1,0,0,6,5,39862.71,0.8333,0,1,93,0.505,Moderate,0,0,93.3,0.2258
B-202310-90375,Booked,Professional Engineers Society,Educational Seminar Series,Association,In-person,Full Package,Association,Other,Sales Call,Low,2023-02-17,2023-03-13,17,2023-10-21,2023-10-22,1,246,44,44,52,1,Half Ballroom,1,0,7,0.0,0.0,3,95.7,210.0,222.54,9791.76,1059.55,2484.85,13336.16,31,6898.74,1059.55,2366.52,10324.81,0.7045454545454546,45.51,,2023,10,4,60.3,39.7,1,185.88,175.05,360.93,223.75,175.05,1,0.0,44,0,0,0,1,1,1,8,1,0,1,Banquet,1,0,1.0,1059.55,150,1500,2212.32,3,0,0,0,100.0,0.43,-5.97,303.09,0.846,0.192,Peak,1,5,Sat,1,0,1,0,0,14,11,223141.61,0.7857,0,1,93,0.473,Moderate,0,0,93.3,0.0285
B-202310-97194,Booked,Professional Engineers Society,State Convention,Association,In-person,Full Package,Association,Other,Website,Medium,2023-04-03,2023-05-08,28,2023-10-22,2023-10-23,1,202,63,63,85,1,Half Ballroom,1,0,7,0.0,0.0,1,97.0,208.04,220.52,13892.76,1051.06,1418.54,16362.36,45,9923.4,1051.06,1350.99,12325.45,0.7142857142857143,15.894,,2023,10,4,56.5,43.5,1,115.94,154.2,270.14,270.14,170.36,1,0.0,63,0,0,0,1,2,1,12,1,0,1,Theater,3,1,3.0,1051.06,1300,1980,4212.84,4,0,0,0,50.0,0.71,-6.0,259.72,0.741,0.118,Peak,1,6,Sun,1,0,1,0,0,15,12,233466.42,0.8,0,1,157,0.401,Moderate,0,0,93.3,0.0347
B-202310-58679,Booked,Accounting Institute,Annual Member Conference,Association,In-person,Full Package,Finance,Finance,RFP,Low,2022-10-23,2022-11-24,21,2023-10-23,2023-10-25,2,365,25,50,29,1,Breakout Room,1,0,11,0.0,0.0,2,84.0,176.41,186.9,9345.0,429.94,3050.18,12825.12,40,7476.0,429.94,2904.93,10810.87,0.8,50.085,,2023,10,4,67.3,32.7,1,159.91,164.57,324.48,283.93,283.93,2,12.0,22,25,0,0,1,2,2,16,0,0,1,Classroom,2,0,2.0,429.94,700,2755,5384.2,4,0,0,0,100.0,0.72,-5.95,256.5,0.862,0.345,Peak,0,0,Mon,0,0,1,0,0,15,13,281031.05,0.8667,0,1,132,0.189,Low,0,0,93.3,0.0301
B-202310-49833,Booked,Family Celebration,Quinceañera Celebration,Wedding/Social,In-person,Rooms Only,Social,Social/Private,Direct Inquiry,Low,2023-03-24,2023-04-21,25,2023-10-24,2023-10-25,1,214,36,36,39,0,,0,0,3,1.0,5665.43,2,83.0,174.74,170.74,6146.64,0.0,0.0,6146.64,22,3756.28,0.0,0.0,3756.28,0.6111111111111112,0.0,,2023,10,3,65.5,34.5,1,139.38,154.72,294.1,208.44,154.72,1,0.0,36,0,0,0,0,0,0,0,0,0,0,,0,0,0.0,0.0,0,0,0.0,0,0,0,0,0.0,0.0,2.29,170.74,0.923,0.0,Peak,0,1,Tue,0,0,0,1,0,18,16,96660.25,0.8889,0,1,132,0.273,Moderate,0,0,100.0,0.014
B-202310-59514,Booked,Senior Adventures,Historic Sites Tour,SMERF,In-person,Full Package,SMERF,SMERF,RFP,High,2023-07-01,2023-08-01,18,2023-10-24,2023-10-25,1,115,27,27,35,1,Breakout Room,0,0,13,1.0,5314.17,4,85.6,178.34,173.05,4672.35,577.13,0.0,5249.48,25,4326.25,577.13,0.0,4903.38,0.925925925925926,0.0,,2023,10,2,61.8,38.2,1,80.72,230.39,311.11,230.39,311.11,1,0.0,27,0,0,0,1,1,1,4,0,0,1,Classroom,1,0,1.0,577.13,150,0,734.28,0,0,0,0,0.0,0.88,2.97,194.43,0.771,0.286,Peak,1,1,Tue,0,0,0,0,0,3,2,4879.0,0.6667,0,1,132,0.205,Low,0,0,100.0,0.113
B-202310-52034,Booked,Accounting Institute,Annual Member Conference,Association,In-person,Meeting Only,Finance,Finance,Website,Medium,2023-01-03,2023-01-31,19,2023-10-25,2023-10-27,2,295,0,0,109,1,Half Ballroom,0,1,9,1.0,25981.39,1,80.7,170.73,0.0,0.0,881.6,4092.05,4973.65,0,0.0,881.6,3897.19,4778.79,,17.877,,2023,10,0,0.0,0.0,0,0.0,0.0,0.0,0.0,0.0,0,0.0,0,0,0,0,1,5,2,24,1,0,1,Theater,3,1,2.2,881.6,2150,4072,8094.7,4,0,0,0,20.0,0.91,100.0,,0.0,0.092,Peak,0,2,Wed,0,0,0,0,1,16,14,291841.92,0.875,0,1,220,0.0,Low,0,0,86.7,0.0305
B-202310-42346,Booked,Cultural Journeys,Photography Expedition,SMERF,In-person,Rooms Only,SMERF,SMERF,Website,Low,2023-06-30,2023-07-14,11,2023-10-28,2023-10-30,2,120,58,116,63,0,,0,0,3,0.0,0.0,1,85.9,171.22,161.92,18782.72,0.0,0.0,18782.72,106,17163.52,0.0,0.0,17163.52,0.913793103448276,0.0,,2023,10,2,63.7,36.3,0,164.88,132.99,297.87,0.0,132.99,2,19.0,47,58,0,0,0,0,0,0,0,0,0,,0,0,0.0,0.0,0,0,0.0,0,0,0,0,0.0,0.0,5.43,161.92,0.921,0.0,Peak,1,5,Sat,1,0,1,1,1,7,6,26650.08,0.8571,0,1,132,0.439,Moderate,0,0,93.3,0.025
B-202310-95561,Booked,Technology Innovators,Regional Team Meeting,Corporate,In-person,Full Package,Technology,Technology,Repeat Client,Medium,2023-08-26,2023-09-17,14,2023-10-28,2023-10-30,2,63,10,20,12,1,Boardroom,1,1,8,0.0,0.0,1,84.7,177.28,182.6,3652.0,385.16,1030.96,5068.12,19,3469.4,385.16,981.86,4836.42,0.95,40.911,,2023,10,2,61.9,38.1,0,5.07,165.25,170.32,0.0,170.32,2,10.0,9,10,0,0,1,2,2,16,0,1,1,Boardroom,2,0,2.0,385.16,700,1404,4261.34,5,0,0,0,100.0,0.86,-3.0,253.41,0.833,0.833,Peak,0,5,Sat,1,1,1,0,0,17,14,221676.59,0.8235,0,1,132,0.076,Low,0,0,93.3,0.127
B-202310-88263,Booked,Personal Event,Graduation Celebration,Wedding/Social,In-person,Rooms Only,Social,Social/Private,Repeat Client,Low,2023-04-18,2023-05-17,26,2023-10-29,2023-10-30,1,194,20,20,22,0,,0,1,3,0.0,0.0,1,83.3,177.02,163.05,3261.0,0.0,0.0,3261.0,12,1956.6,0.0,0.0,1956.6,0.6,0.0,,2023,10,2,73.9,26.1,1,60.79,189.35,250.14,250.14,250.14,1,0.0,20,0,0,0,0,0,0,0,0,0,0,,0,0,0.0,0.0,0,0,0.0,0,0,0,0,0.0,0.0,7.89,163.05,0.909,0.0,Peak,0,6,Sun,1,1,1,1,1,19,15,62867.23,0.7895,0,1,132,0.152,Low,0,0,93.3,0.0155
B-202310-51307,Booked,Insurance Federation,Professional Development Symposium,Association,In-person,Full Package,Finance,Finance,RFP,High,2023-03-02,2023-03-31,19,2023-10-30,2023-11-02,3,242,87,261,121,1,Grand Ballroom,1,1,10,1.0,83803.34,2,80.9,179.65,184.01,48026.61,2276.69,17606.08,67909.38,208,38274.08,2276.69,16767.7,57318.47,0.7969348659003831,46.192,,2023,10,2,55.1,44.9,0,165.43,149.07,314.5,0.0,149.07,2,3.0,82,87,81,0,1,3,3,24,1,0,1,Classroom,2,0,2.0,2276.69,1050,24805,33812.64,5,0,0,0,100.0,0.5,-2.43,260.19,0.719,0.083,Peak,0,0,Mon,0,0,0,0,0,14,11,233852.08,0.7857,0,1,78,1.0,High,1,1,100.0,0.0413
B-202310-92465,Booked,Nursing Council,Committee Meeting,Association,In-person,Full Package,Healthcare,Healthcare,Referral,Medium,2023-03-06,2023-04-14,26,2023-10-30,2023-11-01,2,238,55,110,72,1,Half Ballroom,1,1,13,0.0,0.0,2,83.2,177.29,187.93,20672.3,1188.65,6199.35,28060.3,76,14282.68,1188.65,5904.14,21375.47,0.6909090909090909,41.001,,2023,10,3,64.2,35.8,0,30.86,165.31,196.17,0.0,165.31,2,21.8,43,55,0,0,1,2,2,16,1,0,1,Classroom,3,1,2.5,1188.65,1000,3480,5609.82,4,0,0,0,100.0,0.6,-6.0,255.09,0.764,0.139,Peak,0,0,Mon,0,0,1,0,0,19,13,217724.1,0.6842,0,1,78,0.705,High,1,0,93.3,0.0546
B-202310-97993,Booked,TechCorp Solutions,Regional Team Meeting,Corporate,In-person,Meeting Only,Technology,Technology,Referral,Medium,2023-08-15,2023-09-04,13,2023-10-31,2023-11-03,3,77,0,0,121,1,Grand Ballroom,0,1,7,1.0,32199.59,1,88.2,176.3,0.0,0.0,2267.53,17179.19,19446.72,0,0.0,2267.53,16361.14,18628.67,,45.072,,2023,10,0,0.0,0.0,0,0.0,0.0,0.0,0.0,0.0,0,0.0,0,0,0,0,1,3,3,24,1,0,1,Theater,3,1,2.67,2267.53,1650,26015,35172.38,4,0,0,0,100.0,0.5,100.0,,0.0,0.083,Peak,1,1,Tue,0,0,0,0,1,12,6,41686.14,0.5,0,1,78,0.0,Low,0,0,86.7,0.0909
B-202311-17217,Booked,Volunteer Network,Charity Fundraiser,SMERF,In-person,Meeting Only,Other,Other,Third-Party Planner,Low,2023-08-19,2023-09-10,14,2023-11-02,2023-11-03,1,75,0,0,29,1,Breakout Room,0,0,8,0.0,0.0,4,71.8,166.21,0.0,0.0,430.25,0.0,430.25,0,0.0,430.25,0.0,430.25,,0.0,,2023,11,0,0.0,0.0,0,0.0,0.0,0.0,0.0,0.0,0,0.0,0,0,0,0,1,1,1,8,0,0,1,Classroom,2,0,2.0,430.25,350,0,1318.19,0,0,0,0,100.0,0.72,100.0,,0.0,0.345,Shoulder,0,3,Thu,0,0,1,0,1,10,5,26121.08,0.5,0,1,109,0.0,Low,0,0,80.0,0.1067
B-202311-53934,Booked,Cultural Journeys,International Tour Package,SMERF,In-person,Meeting Only,Government,Government,Sales Call,Medium,2023-08-29,2023-09-25,17,2023-11-02,2023-11-03,1,65,0,0,136,1,Grand Ballroom,0,0,10,1.0,5309.71,3,67.6,167.67,0.0,0.0,2897.08,0.0,2897.08,0,0.0,2897.08,0.0,2897.08,,0.0,,2023,11,0,0.0,0.0,0,0.0,0.0,0.0,0.0,0.0,0,0.0,0,0,0,0,2,1,1,4,1,0,1,Classroom,1,0,1.0,2897.08,150,0,1654.56,0,0,0,0,0.0,0.57,100.0,,0.0,0.147,Shoulder,0,3,Thu,0,0,0,0,1,8,7,43813.6,0.875,0,1,109,0.0,Low,0,0,86.7,0.1538
B-202311-81943,Booked,Education Foundation,Board Retreat,Association,In-person,Full Package,Education,Education,Referral,High,2023-05-20,2023-06-19,22,2023-11-02,2023-11-04,2,166,111,222,122,1,Grand Ballroom,1,0,8,1.0,66630.86,1,67.3,165.02,141.74,31466.28,2161.04,12657.31,46284.63,172,24379.28,2161.04,12054.58,38594.9,0.7747747747747747,49.404,,2023,11,3,50.3,49.7,1,124.78,139.92,264.7,169.49,139.92,2,5.4,105,111,0,0,2,2,2,16,1,0,1,Theater,3,1,2.5,2161.04,1000,13054,18853.59,4,0,0,0,100.0,0.51,14.11,208.49,0.91,0.164,Shoulder,0,3,Thu,0,0,0,0,1,16,12,319558.97,0.75,0,1,43,1.0,High,1,1,100.0,0.0482
B-202311-68903,Booked,Social Event,Baby Shower Weekend,Wedding/Social,In-person,Full Package,Social,Social/Private,Repeat Client,Low,2023-03-16,2023-05-01,35,2023-11-03,2023-11-04,1,232,27,27,30,1,Breakout Room,1,1,11,0.0,0.0,2,69.0,166.55,139.62,3769.74,532.58,2397.85,6700.17,18,2513.16,532.58,2283.66,5329.4,0.6666666666666666,76.122,,2023,11,3,62.1,37.9,1,66.51,138.64,205.15,205.15,138.64,1,0.0,27,0,0,0,1,2,1,8,0,0,1,Banquet,1,0,0.5,532.58,150,1350,2713.6,1,0,1,1,0.0,0.75,16.17,248.15,0.9,0.333,Shoulder,0,4,Fri,1,1,1,0,1,21,15,82573.96,0.7143,0,1,43,0.628,High,1,0,93.3,0.0474
B-202311-71377,Booked,Consulting Network,Town Hall Meeting,Corporate,In-person,Full Package,Professional Services,Professional Services,Cvent,Low,2023-09-13,2023-10-06,13,2023-11-03,2023-11-04,1,51,39,39,48,1,Half Ballroom,1,1,10,0.0,0.0,3,69.0,166.63,144.54,5637.06,947.9,2280.4,8865.36,34,4914.36,947.9,2171.81,8034.07,0.8717948717948718,45.246,,2023,11,2,66.8,33.2,0,15.88,125.18,141.06,0.0,141.06,1,0.0,39,0,0,0,1,1,1,8,1,0,1,Classroom,3,1,3.0,947.9,650,1560,2804.99,3,0,0,0,100.0,0.4,13.26,227.32,0.812,0.208,Shoulder,0,4,Fri,1,0,1,0,1,6,4,52177.69,0.6667,0,1,43,0.907,High,1,0,93.3,0.1961
B-202311-33363,Booked,Professional Engineers Society,Certification Training,Association,In-person,Full Package,Association,Other,Direct Inquiry,Medium,2023-03-08,2023-04-07,21,2023-11-04,2023-11-06,2,241,54,108,70,1,Half Ballroom,1,0,9,1.0,30318.95,1,89.4,203.21,212.79,22981.32,1850.77,6370.25,31202.34,77,16384.83,1850.77,6066.9,24302.5,0.7129629629629629,43.335,,2023,11,3,51.6,48.4,1,133.66,231.9,365.56,307.19,365.56,2,9.3,49,54,0,0,2,2,2,16,1,0,1,Classroom,2,0,1.5,1850.77,500,2800,4547.48,5,0,0,0,100.0,0.58,-4.71,288.91,0.771,0.286,Peak,1,5,Sat,1,0,0,0,0,16,13,245791.87,0.8125,0,1,40,1.0,High,1,1,100.0,0.0373
B-202311-45968,Booked,Real Estate Board,Educational Seminar Series,Association,In-person,Full Package,Government,Government,Cvent,High,2023-03-18,2023-04-19,19,2023-11-04,2023-11-07,3,231,90,270,113,1,Half Ballroom,1,0,13,1.0,102443.03,2,83.8,199.72,195.16,52693.2,993.42,6125.19,59811.81,193,37665.88,993.42,5833.51,44492.81,0.7148148148148148,17.208,,2023,11,3,51.2,48.8,0,31.06,145.6,176.66,0.0,162.16,2,2.3,85,90,88,0,1,7,3,36,1,0,1,Classroom,3,1,2.14,993.42,2850,5160,10759.7,5,0,0,0,28.6,0.94,2.28,221.53,0.796,0.088,Peak,0,5,Sat,1,0,0,0,0,8,8,171465.46,1.0,0,0,40,1.0,High,1,1,100.0,0.0563
B-202311-70674,Booked,Banking Consortium,Board of Directors Meeting,Corporate,In-person,Full Package,Finance,Finance,RFP,Low,2023-06-27,2023-07-17,8,2023-11-04,2023-11-05,1,130,27,27,34,1,Breakout Room,1,1,12,0.0,0.0,4,83.8,197.98,204.16,5512.32,360.26,1488.69,7361.27,23,4695.68,360.26,1417.8,6473.74,0.8518518518518519,41.7,,2023,11,4,73.1,26.9,0,164.91,169.06,333.97,0.0,186.29,1,0.0,27,0,0,0,1,1,1,8,0,0,1,Classroom,2,0,2.0,360.26,350,2618,4033.89,4,0,0,0,100.0,0.85,-3.12,272.64,0.794,0.294,Peak,0,5,Sat,1,0,1,0,0,13,11,169303.18,0.8462,0,1,49,0.551,Moderate,0,0,93.3,0.0923
B-202311-14085,Booked,Family Celebration,Charity Gala,Wedding/Social,In-person,Full Package,Social,Social/Private,Repeat Client,Medium,2023-01-23,2023-03-08,30,2023-11-05,2023-11-06,1,286,36,36,50,1,Half Ballroom,1,0,14,0.0,0.0,2,79.6,194.81,186.0,6696.0,999.12,4382.91,12078.03,19,3534.0,999.12,4174.2,8707.32,0.5277777777777778,83.484,,2023,11,3,64.3,35.7,1,179.99,136.25,316.24,198.09,136.25,1,0.0,36,0,0,0,1,1,1,4,1,0,1,Reception,0,0,0.0,999.12,0,1320,1691.29,1,1,0,1,0.0,0.42,4.52,335.5,0.72,0.2,Peak,0,6,Sun,1,1,1,0,1,19,17,100416.53,0.8947,0,1,40,0.9,High,1,0,93.3,0.049
B-202311-46261,Booked,Financial Services Group,Innovation Workshop,Corporate,In-person,Full Package,Finance,Finance,Website,Low,2023-07-11,2023-08-05,11,2023-11-07,2023-11-09,2,119,28,56,33,1,Breakout Room,1,0,14,1.0,19128.78,2,66.5,164.12,138.8,7772.8,509.04,3420.37,11702.21,52,7217.6,509.04,3257.5,10984.14,0.9285714285714286,49.356,,2023,11,3,73.8,26.2,1,144.49,130.3,274.79,224.76,130.3,2,39.3,17,28,0,0,1,2,2,16,0,0,1,Classroom,3,1,2.0,509.04,800,4290,7251.12,4,0,0,0,100.0,0.82,15.43,208.97,0.848,0.303,Shoulder,0,1,Tue,0,0,0,0,1,11,8,60884.65,0.7273,0,1,7,1.0,High,1,1,100.0,0.1176
B-202311-70210,Booked,Global Industries,Town Hall Meeting,Corporate,In-person,Full Package,Healthcare,Other,Cvent,Medium,2023-07-09,2023-07-29,9,2023-11-07,2023-11-09,2,121,55,110,72,1,Half Ballroom,1,0,11,1.0,33827.21,2,72.6,161.07,147.82,16260.2,1081.82,7263.04,24605.06,87,12860.34,1081.82,6917.18,20859.34,0.7909090909090909,48.036,,2023,11,3,61.3,38.7,0,35.28,144.64,179.92,0.0,144.64,2,16.4,46,55,0,0,1,2,2,16,1,0,1,Theater,3,1,2.0,1081.82,800,2832,4867.52,3,0,0,0,100.0,0.6,8.23,223.68,0.764,0.139,Shoulder,0,1,Tue,0,0,0,0,1,22,18,277486.84,0.8182,0,1,7,1.0,High,1,1,100.0,0.0909
B-202311-73369,Booked,Insurance Federation,Committee Meeting,Association,In-person,Rooms Only,Finance,Finance,Cvent,High,2023-01-30,2023-02-17,15,2023-11-07,2023-11-09,2,281,130,260,152,0,,0,1,3,0.0,0.0,2,70.9,162.06,151.92,39499.2,0.0,0.0,39499.2,199,30232.08,0.0,0.0,30232.08,0.7158273381294964,0.0,,2023,11,4,74.8,25.2,1,145.19,154.5,299.69,231.44,154.5,2,1.5,128,130,0,0,0,0,0,0,0,0,0,,0,0,0.0,0.0,0,0,0.0,0,0,0,0,0.0,0.0,6.26,151.92,0.855,0.0,Shoulder,0,1,Tue,0,0,1,1,1,15,12,291170.55,0.8,0,1,7,1.0,High,1,1,93.3,0.0107
B-202311-82006,Booked,Energy Solutions,Annual Sales Conference,Corporate,Hybrid,Full Package,Healthcare,Other,Repeat Client,High,2023-10-08,2023-10-30,8,2023-11-07,2023-11-08,1,30,79,79,93,1,Half Ballroom,1,0,14,0.0,0.0,2,71.7,155.18,149.54,11813.66,1248.17,1669.82,14731.65,64,9570.56,1248.17,1590.3,12409.03,0.810126582278481,17.1,,2023,11,2,55.6,44.4,1,43.69,157.71,201.4,201.4,157.71,1,0.0,79,0,0,0,1,2,1,12,1,0,1,Theater,3,1,2.0,1248.17,800,1884,3615.97,3,0,0,0,50.0,0.78,3.63,186.48,0.849,0.108,Shoulder,0,1,Tue,0,1,1,0,1,15,8,102721.1,0.5333,0,1,0,,Unknown,0,1,93.3,0.4667
B-202311-50340,Booked,Social Event,Holiday Party,Wedding/Social,In-person,Rooms Only,Social,Social/Private,Referral,Low,2022-12-17,2023-02-01,39,2023-11-09,2023-11-10,1,327,17,17,18,0,,0,0,7,1.0,2568.66,2,70.0,160.65,133.48,2269.16,0.0,0.0,2269.16,9,1201.32,0.0,0.0,1201.32,0.5294117647058824,0.0,,2023,11,3,55.1,44.9,1,63.6,132.45,196.05,196.05,132.45,1,0.0,17,0,0,0,0,0,0,0,0,0,0,,0,0,0.0,0.0,0,0,0.0,0,0,0,0,0.0,0.0,16.91,133.48,0.944,0.0,Shoulder,0,3,Thu,0,0,0,0,1,22,16,87903.36,0.7273,0,1,203,0.084,Low,0,0,100.0,0.0214
B-202311-26622,Booked,Dental Association,Policy Symposium,Association,In-person,Full Package,Healthcare,Healthcare,Direct Inquiry,Medium,2022-11-10,2022-12-04,17,2023-11-10,2023-11-12,2,365,54,108,60,1,Half Ballroom,1,0,7,0.0,0.0,1,63.5,151.78,127.79,13801.32,946.32,5510.86,20258.5,81,10350.99,946.32,5248.44,16545.75,0.75,43.737,,2023,11,4,60.9,39.1,1,115.43,138.42,253.85,160.77,138.42,2,16.7,45,54,0,0,1,2,2,16,1,0,1,Banquet,3,1,2.5,946.32,1000,2600,4796.92,4,0,0,0,100.0,0.5,15.81,187.58,0.9,0.167,Shoulder,0,4,Fri,1,0,1,0,1,14,12,243327.93,0.8571,0,1,30,1.0,High,1,1,93.3,0.0192
B-202311-68491,Booked,Community Church,Volunteer Training,SMERF,In-person,Meeting Only,SMERF,Religious,Sales Call,Low,2023-07-30,2023-08-26,18,2023-11-10,2023-11-12,2,103,0,0,105,1,Half Ballroom,0,0,9,1.0,12063.87,2,67.7,162.33,0.0,0.0,1047.91,4144.96,5192.87,0,0.0,1047.91,3947.58,4995.49,,18.798,,2023,11,0,0.0,0.0,0,0.0,0.0,0.0,0.0,0.0,0,0.0,0,0,0,0,1,6,2,32,1,0,1,Classroom,2,0,1.0,1047.91,1000,2124,5373.09,2,0,0,0,33.3,0.88,100.0,,0.0,0.095,Shoulder,0,4,Fri,1,0,0,0,1,5,4,44186.24,0.8,0,1,166,0.0,Low,0,0,86.7,0.0874
B-202311-84569,Booked,Professional Engineers Society,Annual Member Conference,Association,In-person,Full Package,Association,Other,Website,High,2023-04-30,2023-05-30,17,2023-11-11,2023-11-13,2,195,86,172,116,1,Half Ballroom,1,0,13,1.0,48212.69,2,70.2,162.92,136.01,23393.72,1442.66,4360.69,29197.07,123,16729.23,1442.66,4153.03,22324.92,0.7151162790697675,17.901,,2023,11,4,64.3,35.7,1,131.62,146.52,278.14,188.08,146.52,2,8.1,79,86,0,0,2,5,2,24,1,0,1,Classroom,3,1,2.0,1442.66,1850,2780,6585.25,5,0,0,0,20.0,0.97,16.52,169.75,0.741,0.172,Shoulder,0,5,Sat,1,0,0,0,1,17,14,270094.37,0.8235,0,1,134,0.642,High,1,0,100.0,0.0667
B-202311-96529,Booked,Travel Club International,Senior Travel Club,SMERF,In-person,Rooms Only,Education,Education,Sales Call,Low,2023-08-02,2023-08-28,19,2023-11-11,2023-11-12,1,101,50,50,55,0,,0,0,7,0.0,0.0,4,70.9,166.47,147.98,7399.0,0.0,0.0,7399.0,46,6807.08,0.0,0.0,6807.08,0.92,0.0,,2023,11,2,51.0,49.0,1,70.7,169.41,240.11,240.11,240.11,1,0.0,50,0,0,0,0,0,0,0,0,0,0,,0,0,0.0,0.0,0,0,0.0,0,0,0,0,0.0,0.0,11.11,147.98,0.909,0.0,Shoulder,0,5,Sat,1,0,1,0,1,3,3,18579.67,1.0,0,0,30,1.0,High,1,1,93.3,0.0693
B-202311-48590,Booked,Manufacturing Alliance,Performance Review Summit,Corporate,In-person,Full Package,Healthcare,Other,Referral,Low,2023-10-16,2023-11-07,13,2023-11-15,2023-11-16,1,30,23,23,30,1,Breakout Room,1,0,9,1.0,6969.97,1,72.5,165.36,149.4,3436.2,423.2,1282.55,5141.95,22,3286.8,423.2,1221.48,4931.48,0.9565217391304348,40.716,,2023,11,2,72.4,27.6,0,14.92,152.43,167.35,0.0,152.43,1,0.0,23,0,0,0,1,1,1,8,0,0,1,Classroom,3,1,3.0,423.2,650,2610,4242.19,4,0,0,0,100.0,0.75,9.65,223.56,0.767,0.333,Shoulder,0,2,Wed,0,0,0,0,1,10,6,116267.96,0.6,0,1,172,0.134,Low,0,0,100.0,0.3
B-202311-75358,Booked,Senior Adventures,Historic Sites Tour,Corporate,In-person,Rooms Only,Trade/Manufacturing,Trade/Manufacturing,Direct Inquiry,Low,2023-09-28,2023-10-18,13,2023-11-15,2023-11-16,1,48,25,25,27,0,,0,0,7,1.0,4558.5,2,64.9,161.91,144.43,3610.75,0.0,0.0,3610.75,22,3177.46,0.0,0.0,3177.46,0.88,0.0,,2023,11,2,73.5,26.5,1,103.34,137.37,240.71,240.71,137.37,1,0.0,25,0,0,0,0,0,0,0,0,0,0,,0,0,0.0,0.0,0,0,0.0,0,0,0,0,0.0,0.0,10.8,144.43,0.926,0.0,Shoulder,0,2,Wed,0,0,0,0,1,4,3,9782.38,0.75,0,1,172,0.145,Low,0,0,100.0,0.1458
B-202311-70374,Booked,Community Church,Military Reunion,SMERF,In-person,Full Package,SMERF,Religious,Cvent,Low,2023-08-02,2023-08-30,17,2023-11-16,2023-11-17,1,106,12,12,16,1,Breakout Room,1,0,11,1.0,3663.0,2,74.5,167.64,138.1,1657.2,565.87,178.42,2401.49,10,1381.0,565.87,169.92,2116.79,0.8333333333333334,10.62,,2023,11,3,61.3,38.7,1,123.49,139.32,262.81,231.08,139.32,1,0.0,12,0,0,0,1,2,1,8,0,0,1,Banquet,1,0,1.0,565.87,300,560,2000.85,1,0,0,0,0.0,0.4,17.62,200.12,0.75,0.625,Shoulder,0,3,Thu,0,0,0,0,1,6,5,49181.73,0.8333,0,1,208,0.058,Low,0,0,100.0,0.1038
B-202311-89269,Booked,HR Professionals Network,State Convention,Association,In-person,Meeting Only,Professional Services,Professional Services,Repeat Client,Medium,2023-02-23,2023-03-25,25,2023-11-16,2023-11-19,3,266,0,0,79,1,Half Ballroom,0,1,5,0.0,0.0,2,71.8,171.93,0.0,0.0,1494.43,12184.19,13678.62,0,0.0,1494.43,11603.99,13098.42,,48.962,,2023,11,0,0.0,0.0,0,0.0,0.0,0.0,0.0,0.0,0,0.0,0,0,0,0,2,3,3,24,1,0,1,Classroom,2,0,1.67,1494.43,850,4740,7352.19,4,0,0,0,100.0,0.66,100.0,,0.0,0.253,Shoulder,0,3,Thu,0,1,1,1,1,11,6,113775.58,0.5455,0,1,208,0.0,Low,0,0,80.0,0.0188
B-202311-24710,Booked,Nonprofit Foundation,School District Meeting,SMERF,In-person,Full Package,Technology,Technology,Third-Party Planner,Medium,2023-08-27,2023-09-29,21,2023-11-17,2023-11-19,2,82,40,80,53,1,Half Ballroom,1,1,12,1.0,22363.88,1,70.4,168.55,147.5,11800.0,1294.23,2233.46,15327.69,63,9292.5,1294.23,2127.1,12713.83,0.7875,20.067,,2023,11,2,74.9,25.1,1,74.3,146.9,221.2,221.2,146.9,2,25.0,30,40,0,0,1,3,2,16,1,0,1,Banquet,1,0,1.0,1294.23,450,940,2769.5,2,0,0,0,33.3,0.44,12.49,191.6,0.755,0.189,Shoulder,0,4,Fri,1,0,0,0,1,3,2,8914.5,0.6667,0,1,0,,Unknown,0,1,100.0,0.1463
B-202311-75239,Booked,Education Foundation,Certification Training,Association,In-person,Full Package,Education,Education,RFP,High,2022-12-19,2023-01-23,27,2023-11-17,2023-11-19,2,333,124,248,166,1,Grand Ballroom,1,1,8,0.0,0.0,4,70.3,165.08,150.68,37368.64,2813.97,14787.61,54970.22,174,26218.32,2813.97,14083.44,43115.73,0.7016129032258065,42.42,,2023,11,2,52.9,47.1,0,23.75,131.81,155.56,0.0,155.56,2,4.8,118,124,0,0,2,2,2,16,1,0,1,Classroom,2,0,2.0,2813.97,700,24900,30363.36,4,0,0,0,100.0,0.69,8.72,221.65,0.747,0.12,Shoulder,0,4,Fri,1,0,1,0,1,17,13,358153.87,0.7647,0,1,0,,Unknown,0,1,93.3,0.024
B-202311-27049,Booked,Accounting Institute,Educational Seminar Series,Association,In-person,Meeting Only,Finance,Finance,Website,Medium,2023-04-04,2023-04-29,19,2023-11-18,2023-11-21,3,228,0,0,85,1,Half Ballroom,0,0,6,1.0,35609.74,4,86.4,193.05,0.0,0.0,1939.87,4625.65,6565.52,0,0.0,1939.87,4405.38,6345.25,,17.276,,2023,11,0,0.0,0.0,0,0.0,0.0,0.0,0.0,0.0,0,0.0,0,0,0,0,2,7,3,36,1,0,1,Theater,2,0,1.57,1939.87,1850,5200,9802.99,5,0,0,0,28.6,0.71,100.0,,0.0,0.235,Peak,1,5,Sat,1,0,0,0,1,17,15,296620.71,0.8824,0,1,0,,Unknown,0,0,86.7,0.0263
B-202311-37297,Booked,Nonprofit Foundation,Fraternity/Sorority Reunion,SMERF,In-person,Rooms Only,Technology,Technology,Website,Low,2023-08-08,2023-08-28,17,2023-11-18,2023-11-20,2,102,48,96,52,0,,0,0,3,0.0,0.0,3,85.2,193.47,194.85,18705.6,0.0,0.0,18705.6,82,15977.7,0.0,0.0,15977.7,0.8541666666666666,0.0,,2023,11,2,58.3,41.7,0,146.03,150.56,296.59,0.0,150.56,2,0.0,48,48,0,0,0,0,0,0,0,0,0,,0,0,0.0,0.0,0,0,0.0,0,0,0,0,0.0,0.0,-0.71,194.85,0.923,0.0,Peak,1,5,Sat,1,0,1,1,0,4,3,21628.33,0.75,0,1,167,0.287,Moderate,0,0,93.3,0.0294
B-202311-87402,Booked,Private Individual,Holiday Party,Wedding/Social,In-person,Full Package,Social,Social/Private,Referral,Low,2022-12-21,2023-02-01,28,2023-11-18,2023-11-19,1,332,16,16,18,1,Breakout Room,1,1,14,1.0,6314.87,1,85.4,198.76,184.2,2947.2,572.85,1522.28,5042.33,9,1657.8,572.85,1449.79,3680.44,0.5625,80.544,,2023,11,2,63.0,37.0,1,25.77,250.18,275.95,250.18,275.95,1,0.0,16,0,0,0,1,1,1,4,0,0,1,Reception,0,0,0.0,572.85,0,810,1391.24,1,0,1,1,0.0,0.45,7.33,315.15,0.889,0.556,Peak,1,5,Sat,1,0,0,0,1,18,16,69188.07,0.8889,0,1,0,,Unknown,0,1,100.0,0.0422
B-202311-69472,Booked,Social Event,Retirement Party,Wedding/Social,In-person,Full Package,Social,Social/Private,Third-Party Planner,Low,2023-01-08,2023-02-15,29,2023-11-19,2023-11-20,1,315,5,5,6,1,Boardroom,1,1,9,1.0,2817.08,1,79.8,197.15,186.46,932.3,332.01,474.62,1738.93,3,559.38,332.01,452.02,1343.41,0.6,75.336,,2023,11,4,72.2,27.8,1,153.24,142.32,295.56,236.26,142.32,1,0.0,5,0,0,0,1,2,1,8,0,1,1,Boardroom,2,0,2.0,332.01,700,330,2186.68,1,1,0,1,0.0,0.43,5.42,347.79,0.833,1.667,Peak,0,6,Sun,1,0,0,0,1,23,17,89104.68,0.7391,0,1,167,0.03,Low,0,0,100.0,0.0286
B-202311-53559,Booked,Education Foundation,Member Appreciation Event,Association,Hybrid,Meeting Only,Education,Education,RFP,Low,2023-06-03,2023-06-29,17,2023-11-20,2023-11-22,2,170,0,0,116,1,Half Ballroom,0,1,9,0.0,0.0,2,64.8,164.02,0.0,0.0,1229.2,4405.26,5634.46,0,0.0,1229.2,4195.49,5424.69,,18.084,,2023,11,0,0.0,0.0,0,0.0,0.0,0.0,0.0,0.0,0,0.0,0,0,0,0,2,4,2,24,1,0,1,Theater,3,1,2.0,1229.2,1500,3968,7205.66,5,0,0,0,50.0,0.97,100.0,,0.0,0.172,Shoulder,0,0,Mon,0,0,1,0,1,19,14,401269.6,0.7368,0,1,200,0.0,Low,0,0,80.0,0.0529
B-202311-76770,Booked,Consulting Network,New Hire Orientation,Corporate,In-person,Full Package,Professional Services,Professional Services,Sales Call,Low,2023-09-01,2023-09-20,10,2023-11-20,2023-11-22,2,80,20,40,25,1,Breakout Room,1,0,9,0.0,0.0,2,73.4,169.15,152.71,6108.4,590.25,2162.16,8860.81,35,5344.85,590.25,2059.2,7994.3,0.875,41.184,,2023,11,3,68.4,31.6,0,160.52,124.87,285.39,0.0,132.41,2,10.0,18,20,0,0,1,2,2,16,0,0,1,Classroom,2,0,1.5,590.25,500,2625,5078.8,5,0,0,0,100.0,0.62,9.72,221.52,0.8,0.4,Shoulder,0,0,Mon,0,0,1,0,1,7,5,60211.76,0.7143,0,1,200,0.1,Low,0,0,93.3,0.1125
B-202311-37175,Booked,TechCorp Solutions,Leadership Summit,Corporate,In-person,Meeting Only,Technology,Technology,RFP,Low,2023-09-15,2023-10-03,13,2023-11-21,2023-11-23,2,67,0,0,77,1,Half Ballroom,0,0,5,1.0,17362.55,2,71.9,161.24,0.0,0.0,1903.97,7148.92,9052.89,0,0.0,1903.97,6808.49,8712.46,,44.211,,2023,11,0,0.0,0.0,0,0.0,0.0,0.0,0.0,0.0,0,0.0,0,0,0,0,2,2,2,16,1,0,1,Classroom,3,1,2.5,1903.97,1000,2232,4398.48,4,0,0,0,100.0,0.64,100.0,,0.0,0.26,Shoulder,0,1,Tue,0,0,0,1,1,13,7,60314.81,0.5385,0,1,200,0.0,Low,0,0,86.7,0.0746
B-202311-27796,Booked,Regional Healthcare System,Annual Sales Conference,Corporate,In-person,Rooms Only,Healthcare,Healthcare,RFP,Low,2023-08-17,2023-09-01,9,2023-11-22,2023-11-23,1,97,24,24,26,0,,0,0,6,0.0,0.0,2,69.7,171.53,162.59,3902.16,0.0,0.0,3902.16,21,3414.39,0.0,0.0,3414.39,0.875,0.0,,2023,11,2,55.6,44.4,1,52.23,160.12,212.35,212.35,160.12,1,0.0,24,0,0,0,0,0,0,0,0,0,0,,0,0,0.0,0.0,0,0,0.0,0,0,0,0,0.0,0.0,5.21,162.59,0.923,0.0,Shoulder,0,2,Wed,0,0,1,0,1,6,5,47596.97,0.8333,0,1,196,0.122,Low,0,0,93.3,0.0619
B-202311-63849,Booked,Consulting Network,Sales Kickoff,Corporate,Hybrid,Full Package,Professional Services,Professional Services,Third-Party Planner,Low,2023-10-07,2023-10-29,9,2023-11-23,2023-11-24,1,47,14,14,17,1,Breakout Room,1,0,13,1.0,4452.1,2,61.9,159.73,140.34,1964.76,525.71,723.57,3214.04,11,1543.74,525.71,689.11,2758.56,0.7857142857142857,40.536,,2023,11,2,58.0,42.0,0,139.83,154.08,293.91,0.0,154.08,1,0.0,14,0,0,0,1,1,1,8,0,0,1,Theater,2,0,2.0,525.71,350,1105,2444.34,3,0,0,0,100.0,0.42,12.14,229.57,0.824,0.588,Shoulder,0,3,Thu,0,0,0,0,1,8,6,68206.06,0.75,0,1,167,0.084,Low,0,0,100.0,0.2766
B-202311-91948,Booked,Financial Services Group,Annual Sales Conference,Corporate,Hybrid,Full Package,Finance,Finance,Sales Call,Medium,2023-10-03,2023-10-26,11,2023-11-23,2023-11-26,3,51,39,117,51,1,Half Ballroom,1,0,12,1.0,35194.85,2,72.9,165.68,148.78,17407.26,1316.05,6879.68,25602.99,112,16663.36,1316.05,6552.07,24531.48,0.9572649572649572,42.824,,2023,11,3,59.5,40.5,1,118.47,164.17,282.64,193.33,164.17,2,12.3,28,39,37,0,1,3,3,24,1,0,1,Classroom,3,1,1.67,1316.05,950,4656,7368.63,5,0,0,0,100.0,0.42,10.2,218.83,0.765,0.196,Shoulder,0,3,Thu,0,0,0,0,1,12,9,71868.79,0.75,0,1,181,0.215,Low,0,0,100.0,0.2353
B-202311-29558,Booked,Energy Solutions,Performance Review Summit,Corporate,In-person,Full Package,Healthcare,Other,Direct Inquiry,Medium,2023-08-23,2023-09-13,14,2023-11-25,2023-11-27,2,94,34,68,42,1,Half Ballroom,1,0,7,1.0,20982.04,2,71.0,158.58,131.48,8940.64,1103.33,3818.18,13862.15,58,7625.84,1103.33,3636.36,12365.53,0.8529411764705882,43.29,,2023,11,2,65.5,34.5,1,97.35,126.67,224.02,224.02,126.67,2,23.5,26,34,0,0,1,2,2,16,1,0,1,Classroom,3,1,2.5,1103.33,1000,3120,5391.57,4,0,0,0,100.0,0.35,17.09,203.86,0.81,0.238,Shoulder,0,5,Sat,1,0,0,0,1,17,9,115130.13,0.5294,0,1,186,0.183,Low,0,0,100.0,0.0745
B-202311-81618,Booked,Private Individual,Bar/Bat Mitzvah,Wedding/Social,In-person,Rooms Only,Social,Social/Private,Cvent,Low,2023-05-01,2023-05-24,16,2023-11-25,2023-11-26,1,208,33,33,36,0,,0,1,7,1.0,5276.18,3,69.0,166.68,138.37,4566.21,0.0,0.0,4566.21,17,2352.29,0.0,0.0,2352.29,0.5151515151515151,0.0,,2023,11,4,53.3,46.7,1,82.99,132.65,215.64,215.64,132.65,1,0.0,33,0,0,0,0,0,0,0,0,0,0,,0,0,0.0,0.0,0,0,0.0,0,0,0,0,0.0,0.0,16.98,138.37,0.917,0.0,Shoulder,0,5,Sat,1,0,0,0,1,19,17,72868.51,0.8947,0,1,114,0.289,Moderate,0,0,100.0,0.0337
B-202311-55693,Booked,Consulting Network,Management Training,Corporate,In-person,Full Package,Professional Services,Professional Services,RFP,Low,2023-10-29,2023-11-18,13,2023-11-28,2023-11-29,1,30,51,51,58,1,Half Ballroom,1,1,7,0.0,0.0,2,69.0,163.08,149.52,7625.52,959.51,2819.79,11404.82,48,7176.96,959.51,2685.52,10821.99,0.9411764705882352,46.302,,2023,11,2,53.1,46.9,0,24.21,150.24,174.45,0.0,150.24,1,0.0,51,0,0,0,1,1,1,8,1,0,1,Classroom,2,0,2.0,959.51,350,1560,2457.39,3,0,0,0,100.0,0.48,8.31,223.62,0.879,0.172,Shoulder,0,1,Tue,0,0,1,0,1,9,7,70964.62,0.7778,0,1,169,0.302,Moderate,0,0,93.3,0.2333
B-202311-34032,Booked,Education Foundation,Industry Forum,Association,In-person,Full Package,Education,Education,Referral,Medium,2023-04-30,2023-05-31,18,2023-11-30,2023-12-02,2,214,57,114,76,1,Half Ballroom,1,0,13,1.0,37197.66,2,66.7,161.92,135.92,15494.88,1270.65,7628.24,24393.77,81,11009.52,1270.65,7264.99,19545.16,0.7105263157894737,47.796,,2023,11,2,50.8,49.2,0,17.19,120.61,137.8,0.0,137.8,2,12.3,50,57,0,0,1,2,2,16,1,0,1,Classroom,2,0,2.0,1270.65,700,2600,4501.76,4,0,0,0,100.0,0.63,16.06,213.98,0.75,0.132,Shoulder,0,3,Thu,0,0,0,0,1,20,15,406694.29,0.75,0,1,109,0.523,Moderate,0,0,100.0,0.0607
B-202311-49229,Booked,Real Estate Board,Professional Development Symposium,Association,In-person,Full Package,Government,Government,Website,Medium,2023-02-17,2023-03-20,20,2023-11-30,2023-12-02,2,286,54,108,65,1,Half Ballroom,1,1,11,1.0,34852.69,2,72.5,170.11,155.39,16782.12,967.35,6008.18,23757.65,77,11965.03,967.35,5722.08,18654.46,0.7129629629629629,44.016,,2023,11,3,62.0,38.0,1,89.07,143.52,232.59,232.59,143.52,2,16.7,45,54,0,0,1,2,2,16,1,0,1,Banquet,3,1,3.0,967.35,1300,2340,4809.63,5,0,0,0,100.0,0.54,8.65,219.98,0.831,0.154,Shoulder,0,3,Thu,0,0,0,0,1,11,9,215958.27,0.8182,0,1,109,0.495,Moderate,0,0,100.0,0.0385
B-202312-21683,Booked,Real Estate Board,Continuing Education Conference,Association,In-person,Meeting Only,Government,Government,Repeat Client,High,2023-03-20,2023-04-14,17,2023-12-01,2023-12-04,3,256,0,0,138,1,Grand Ballroom,0,0,8,0.0,0.0,2,45.1,142.63,0.0,0.0,1534.14,21649.8,23183.94,0,0.0,1534.14,20618.86,22153.0,,49.804,,2023,12,0,0.0,0.0,0,0.0,0.0,0.0,0.0,0.0,0,0.0,0,0,0,0,1,3,3,24,1,0,1,Theater,3,1,3.0,1534.14,1950,31602,41399.61,5,0,0,0,100.0,0.57,100.0,,0.0,0.072,Low,0,4,Fri,1,1,1,0,1,12,10,234612.73,0.8333,0,1,109,0.0,Low,0,0,80.0,0.0312
B-202312-36302,Booked,Regional Healthcare System,Executive Offsite,Corporate,In-person,Full Package,Healthcare,Healthcare,RFP,Low,2023-09-13,2023-10-10,14,2023-12-03,2023-12-04,1,81,62,62,71,1,Half Ballroom,1,0,13,0.0,0.0,2,42.8,143.51,103.33,6406.46,1661.07,3250.97,11318.5,49,5063.17,1661.07,3096.17,9820.41,0.7903225806451613,43.608,,2023,12,4,72.7,27.3,1,106.11,109.4,215.51,145.51,109.4,1,0.0,62,0,0,0,2,1,1,8,1,0,1,Classroom,2,0,2.0,1661.07,350,1848,2786.29,4,0,0,0,100.0,0.59,28.0,182.56,0.873,0.282,Low,0,6,Sun,1,0,1,0,1,7,6,51011.36,0.8571,0,1,158,0.392,Moderate,0,0,93.3,0.1605
B-202312-15651,Booked,Consulting Network,New Hire Orientation,Corporate,Hybrid,Rooms Only,Professional Services,Professional Services,RFP,Medium,2023-09-28,2023-10-13,8,2023-12-06,2023-12-08,2,69,64,128,70,0,,0,0,7,1.0,20582.83,2,41.8,148.28,106.76,13665.28,0.0,0.0,13665.28,116,12384.16,0.0,0.0,12384.16,0.90625,0.0,,2023,12,4,62.6,37.4,1,62.76,109.34,172.1,172.1,109.34,2,1.6,63,64,0,0,0,0,0,0,0,0,0,,0,0,0.0,0.0,0,0,0.0,0,0,0,0,0.0,0.0,28.0,106.76,0.914,0.0,Low,0,2,Wed,0,0,0,0,1,10,8,81786.61,0.8,0,1,156,0.41,Moderate,0,0,100.0,0.1014
B-202312-50283,Booked,Local School District,High School Reunion,SMERF,In-person,Full Package,Education,Education,Direct Inquiry,Low,2023-08-31,2023-09-29,19,2023-12-06,2023-12-07,1,97,37,37,45,1,Half Ballroom,1,0,10,0.0,0.0,2,48.8,146.8,105.7,3910.9,1235.3,774.52,5920.72,32,3382.4,1235.3,737.64,5355.34,0.8648648648648649,16.392,,2023,12,3,65.8,34.2,1,87.81,135.92,223.73,157.88,223.73,1,0.0,37,0,0,0,1,2,1,8,1,0,1,Classroom,2,0,1.5,1235.3,500,940,2119.66,2,0,0,0,0.0,0.38,28.0,160.02,0.822,0.222,Low,0,2,Wed,0,0,1,0,1,4,3,29669.14,0.75,0,1,119,0.311,Moderate,0,0,93.3,0.1031
B-202312-19698,Booked,Nursing Council,Leadership Institute,Association,In-person,Full Package,Healthcare,Healthcare,Website,High,2023-07-24,2023-08-23,16,2023-12-09,2023-12-10,1,138,68,68,90,1,Half Ballroom,1,0,14,1.0,22336.84,4,48.6,149.09,107.34,7299.12,1499.85,1621.62,10420.59,51,5474.34,1499.85,1544.4,8518.59,0.75,17.16,,2023,12,2,57.3,42.7,1,31.14,106.75,137.89,137.89,106.75,1,0.0,68,0,0,0,2,3,1,12,1,0,1,Classroom,2,0,2.0,1499.85,1050,1592,3685.19,4,0,0,0,0.0,0.75,28.0,153.24,0.756,0.222,Low,0,5,Sat,1,0,0,0,1,20,14,239099.57,0.7,0,1,84,0.81,High,1,0,100.0,0.1014
B-202312-43468,Booked,Legal Society,Educational Seminar Series,Association,In-person,Full Package,Legal,Legal,Referral,Medium,2023-05-16,2023-06-14,18,2023-12-09,2023-12-11,2,207,68,136,82,1,Half Ballroom,1,1,11,0.0,0.0,1,48.4,154.81,113.47,15431.92,1279.75,3415.24,20126.91,92,10439.24,1279.75,3252.61,14971.6,0.6764705882352942,19.833,,2023,12,3,58.8,41.2,0,121.19,111.1,232.29,0.0,111.1,2,11.8,60,68,0,0,2,4,2,24,1,0,1,Classroom,3,1,2.25,1279.75,1700,4192,7706.14,5,0,0,0,50.0,0.68,26.7,147.99,0.829,0.244,Low,0,5,Sat,1,0,1,0,1,11,8,139639.86,0.7273,0,1,152,0.447,Moderate,0,0,93.3,0.0531
B-202312-37948,Booked,Retail Corporation,Sales Kickoff,Corporate,In-person,Full Package,Finance,Other,Cvent,Medium,2023-10-04,2023-10-28,10,2023-12-11,2023-12-14,3,68,51,153,65,1,Half Ballroom,1,1,14,0.0,0.0,4,45.9,154.0,110.88,16964.64,1554.36,10139.22,28658.22,151,16742.88,1554.36,9656.4,27953.64,0.9869281045751634,49.52,,2023,12,3,57.3,42.7,1,98.51,138.91,237.42,165.43,237.42,2,7.6,49,51,42,0,2,3,3,24,1,0,1,Theater,3,1,2.33,1554.36,1350,6024,9135.29,5,0,0,0,100.0,0.54,28.0,187.31,0.785,0.308,Low,0,0,Mon,0,0,1,0,1,17,13,175725.76,0.7647,0,1,0,,Unknown,0,1,93.3,0.2059
B-202312-47132,Booked,Professional Services Group,Leadership Summit,Corporate,In-person,Rooms Only,Professional Services,Other,RFP,Medium,2023-08-25,2023-09-12,11,2023-12-12,2023-12-13,1,109,64,64,70,0,,0,1,7,1.0,10488.99,2,41.2,153.78,118.81,7603.84,0.0,0.0,7603.84,51,6059.31,0.0,0.0,6059.31,0.796875,0.0,,2023,12,4,59.1,40.9,0,125.14,124.27,249.41,0.0,133.94,1,0.0,64,0,0,0,0,0,0,0,0,0,0,,0,0,0.0,0.0,0,0,0.0,0,0,0,0,0.0,0.0,22.74,118.81,0.914,0.0,Low,0,1,Tue,0,0,0,0,1,11,8,113738.65,0.7273,0,1,0,,Unknown,0,1,100.0,0.0642
B-202312-83100,Booked,Professional Engineers Society,Networking Summit,Association,In-person,Full Package,Association,Other,Referral,High,2023-02-28,2023-03-30,20,2023-12-12,2023-12-15,3,287,120,360,138,1,Grand Ballroom,1,0,10,0.0,0.0,2,40.2,146.68,105.61,38019.6,2533.13,20374.39,60927.12,249,26296.89,2533.13,19404.18,48234.2,0.6916666666666667,46.87,,2023,12,3,51.3,48.7,1,105.96,119.19,225.15,157.13,225.15,2,1.2,117,120,117,0,2,3,3,24,1,0,1,Theater,3,1,2.67,2533.13,1650,29394,38420.02,4,0,0,0,100.0,0.57,28.0,169.24,0.87,0.145,Low,0,1,Tue,0,0,1,0,1,19,15,292419.29,0.7895,0,1,23,1.0,High,1,1,93.3,0.0348
B-202312-95701,Booked,Senior Adventures,Heritage Tour Group,SMERF,In-person,Rooms Only,Government,Government,Direct Inquiry,Low,2023-09-06,2023-10-01,19,2023-12-13,2023-12-14,1,98,26,26,28,0,,0,0,6,0.0,0.0,3,43.7,140.39,101.08,2628.08,0.0,0.0,2628.08,24,2425.92,0.0,0.0,2425.92,0.9230769230769232,0.0,,2023,12,2,64.0,36.0,1,59.8,188.65,248.45,188.65,188.65,1,0.0,26,0,0,0,0,0,0,0,0,0,0,,0,0,0.0,0.0,0,0,0.0,0,0,0,0,0.0,0.0,28.0,101.08,0.929,0.0,Low,0,2,Wed,0,0,1,0,1,5,4,12959.84,0.8,0,1,23,1.0,High,1,1,93.3,0.0612
B-202312-86282,Booked,Pharmaceutical Partners,Board of Directors Meeting,Corporate,Hybrid,Full Package,Healthcare,Healthcare,Cvent,Low,2023-08-23,2023-09-19,14,2023-12-15,2023-12-16,1,114,44,44,50,1,Half Ballroom,1,1,13,0.0,0.0,1,44.3,153.8,115.73,5092.12,1386.81,2099.48,8578.41,38,4397.74,1386.81,1999.5,7784.05,0.8636363636363636,39.99,,2023,12,4,73.9,26.1,1,108.99,127.44,236.43,194.98,141.1,1,0.0,44,0,0,0,1,1,1,8,1,0,1,Theater,3,1,3.0,1386.81,650,1848,3115.37,4,0,0,0,100.0,0.42,24.75,194.96,0.88,0.2,Low,0,4,Fri,1,0,1,0,1,24,16,210669.75,0.6667,0,1,176,0.25,Moderate,0,0,93.3,0.114
B-202312-19188,Booked,Private Individual,Quinceañera Celebration,Wedding/Social,In-person,Full Package,Social,Social/Private,RFP,Low,2023-05-15,2023-06-21,23,2023-12-16,2023-12-17,1,215,22,22,25,1,Breakout Room,1,0,14,0.0,0.0,4,47.3,150.6,108.43,2385.46,549.52,2144.36,5079.34,15,1626.45,549.52,2042.25,4218.22,0.6818181818181818,81.69,,2023,12,4,56.5,43.5,1,100.81,120.74,221.55,188.33,120.74,1,0.0,22,0,0,0,1,1,1,4,0,0,1,Banquet,0,0,0.0,549.52,0,1375,1947.26,1,1,0,1,0.0,0.62,28.0,230.88,0.88,0.4,Low,0,5,Sat,1,0,1,0,1,20,18,75220.8,0.9,0,1,142,0.155,Low,0,0,93.3,0.0651
B-202312-79798,Booked,Private Party,Williams-Brown Wedding,Wedding/Social,In-person,Rooms Only,Social,Social/Private,Sales Call,Low,2023-06-12,2023-07-16,28,2023-12-16,2023-12-17,1,187,26,26,28,0,,0,1,6,0.0,0.0,1,40.8,145.3,104.62,2720.12,0.0,0.0,2720.12,16,1673.92,0.0,0.0,1673.92,0.6153846153846154,0.0,,2023,12,2,70.8,29.2,1,62.94,129.98,192.92,192.92,129.98,1,0.0,26,0,0,0,0,0,0,0,0,0,0,,0,0,0.0,0.0,0,0,0.0,0,0,0,0,0.0,0.0,28.0,104.62,0.929,0.0,Low,0,5,Sat,1,0,1,0,1,18,11,83800.33,0.6111,0,1,142,0.183,Low,0,0,93.3,0.0321
B-202312-92941,Booked,Global Industries,Performance Review Summit,Corporate,Hybrid,Full Package,Healthcare,Other,Website,Medium,2023-11-12,2023-12-05,10,2023-12-16,2023-12-18,2,34,30,60,39,1,Breakout Room,1,1,13,0.0,0.0,1,43.6,151.92,109.38,6562.8,383.22,3775.67,10721.69,48,5250.24,383.22,3595.88,9229.34,0.8,46.101,,2023,12,2,50.1,49.9,0,2.2,121.02,123.22,0.0,121.02,2,30.0,21,30,0,0,1,2,2,16,0,0,1,Theater,2,0,1.5,383.22,500,5544,8156.51,4,0,0,0,100.0,0.97,28.0,178.69,0.769,0.256,Low,0,5,Sat,1,0,1,0,1,23,19,298346.18,0.8261,0,1,190,0.158,Low,0,0,93.3,0.3824
B-202312-87564,Booked,State Medical Association,Educational Seminar Series,Association,Hybrid,Full Package,Healthcare,Healthcare,Repeat Client,High,2023-03-26,2023-04-28,22,2023-12-20,2023-12-21,1,269,76,76,98,1,Half Ballroom,1,1,11,0.0,0.0,1,43.7,149.1,107.35,8158.6,1190.69,1668.83,11018.12,57,6118.95,1190.69,1589.36,8899.0,0.75,16.218,,2023,12,4,62.7,37.3,1,123.92,106.54,230.46,154.55,106.54,1,0.0,76,0,0,0,2,2,1,12,1,0,1,Theater,2,0,1.5,1190.69,500,1860,3260.04,3,0,0,0,50.0,0.82,28.0,144.98,0.776,0.204,Low,0,2,Wed,0,1,1,0,1,20,19,480061.94,0.95,0,1,144,0.528,Moderate,0,0,93.3,0.0409
B-202312-69037,Booked,Social Event,Williams-Brown Wedding,Wedding/Social,In-person,Full Package,Social,Social/Private,Cvent,Low,2023-05-17,2023-07-08,41,2023-12-21,2023-12-22,1,218,38,38,44,1,Half Ballroom,1,1,11,0.0,0.0,1,47.3,145.41,109.85,4174.3,1144.04,3279.83,8598.17,21,2306.85,1144.04,3123.65,6574.54,0.5526315789473685,70.992,,2023,12,2,70.1,29.9,1,40.12,126.91,167.03,167.03,167.03,1,0.0,38,0,0,0,1,2,1,8,1,0,1,Reception,1,0,1.0,1144.04,300,1320,2318.22,1,1,0,1,0.0,0.37,24.45,226.27,0.864,0.227,Low,0,3,Thu,0,0,1,0,1,24,18,90448.09,0.75,0,1,182,0.209,Low,0,0,93.3,0.0505
B-202312-17234,Booked,Family Celebration,Bar/Bat Mitzvah,Wedding/Social,In-person,Rooms Only,Social,Social/Private,Website,Low,2023-04-18,2023-05-14,21,2023-12-22,2023-12-23,1,248,22,22,24,0,,0,0,5,0.0,0.0,3,48.3,147.58,106.26,2337.72,0.0,0.0,2337.72,13,1381.38,0.0,0.0,1381.38,0.5909090909090909,0.0,,2023,12,2,69.6,30.4,0,100.42,128.78,229.2,0.0,128.78,1,0.0,22,0,0,0,0,0,0,0,0,0,0,,0,0,0.0,0.0,0,0,0.0,0,0,0,0,0.0,0.0,28.0,106.26,0.917,0.0,Low,0,4,Fri,1,0,1,1,1,20,18,109123.85,0.9,0,1,153,0.144,Low,0,0,93.3,0.0202
B-202312-33582,Booked,Personal Event,Anniversary Celebration,Wedding/Social,In-person,Full Package,Social,Social/Private,Website,Low,2023-03-18,2023-04-23,28,2023-12-22,2023-12-23,1,279,45,45,56,1,Half Ballroom,1,0,8,0.0,0.0,2,45.6,149.13,107.37,4831.65,876.25,4379.66,10087.56,26,2791.62,876.25,4171.1,7838.97,0.5777777777777777,74.484,,2023,12,2,54.9,45.1,1,14.07,131.88,145.95,145.95,131.88,1,0.0,45,0,0,0,1,2,1,8,1,0,1,Banquet,2,0,1.5,876.25,500,1080,2235.0,1,0,1,1,0.0,0.47,28.0,224.17,0.804,0.179,Low,0,4,Fri,1,0,1,0,1,21,16,64823.83,0.7619,0,1,153,0.294,Moderate,0,0,93.3,0.0287
B-202312-14569,Booked,Private Individual,Holiday Party,Wedding/Social,In-person,Rooms Only,Social,Social/Private,RFP,Low,2022-12-23,2023-01-28,32,2023-12-23,2023-12-24,1,365,43,43,47,0,,0,1,4,1.0,6715.14,3,36.6,146.59,105.54,4538.22,0.0,0.0,4538.22,24,2532.96,0.0,0.0,2532.96,0.5581395348837209,0.0,,2023,12,2,64.8,35.2,1,57.25,122.23,179.48,179.48,122.23,1,0.0,43,0,0,0,0,0,0,0,0,0,0,,0,0,0.0,0.0,0,0,0.0,0,0,0,0,0.0,0.0,28.0,105.54,0.915,0.0,Low,0,5,Sat,1,0,0,1,1,21,19,79439.02,0.9048,0,1,177,0.243,Low,0,0,100.0,0.011
B-202312-19441,Booked,Insurance Federation,Board Retreat,Association,In-person,Full Package,Finance,Finance,Cvent,Medium,2023-02-28,2023-03-29,19,2023-12-24,2023-12-25,1,299,118,118,155,1,Grand Ballroom,1,0,10,0.0,0.0,2,45.8,141.38,101.79,12011.22,2458.21,3544.69,18014.12,76,7736.04,2458.21,3375.9,13570.15,0.6440677966101694,21.78,,2023,12,3,71.6,28.4,0,23.07,114.69,137.76,0.0,114.69,1,0.0,118,0,0,0,1,1,1,8,1,0,1,Classroom,3,1,3.0,2458.21,650,8215,11484.79,2,0,0,0,100.0,0.65,28.0,152.66,0.761,0.065,Low,0,6,Sun,1,0,1,0,1,18,13,321402.63,0.7222,0,1,52,1.0,High,1,1,93.3,0.0334
B-202312-37637,Booked,Social Event,Graduation Celebration,Wedding/Social,In-person,Full Package,Social,Social/Private,RFP,Low,2023-02-27,2023-04-14,39,2023-12-24,2023-12-25,1,300,50,50,66,1,Half Ballroom,1,0,7,1.0,18763.87,3,42.0,146.9,105.77,5288.5,1037.02,4527.23,10852.75,28,2961.56,1037.02,4311.65,8310.23,0.56,65.328,,2023,12,2,51.2,48.8,1,58.33,188.83,247.16,188.83,188.83,1,0.0,50,0,0,0,1,1,1,4,1,0,1,Banquet,0,0,0.0,1037.02,0,1320,1654.76,1,1,0,1,0.0,0.55,28.0,217.06,0.758,0.152,Low,0,6,Sun,1,0,0,0,1,25,19,97022.63,0.76,0,1,52,0.962,High,1,0,100.0,0.0233
B-202312-94907,Booked,Professional Engineers Society,Certification Training,Association,In-person,Full Package,Association,Other,RFP,Medium,2023-01-21,2023-02-23,25,2023-12-25,2023-12-27,2,338,63,126,72,1,Half Ballroom,1,1,8,1.0,48842.79,4,41.3,138.66,99.84,12579.84,1589.49,7567.86,21737.19,93,9285.12,1589.49,7207.49,18082.1,0.7380952380952381,50.052,,2023,12,3,53.8,46.2,0,123.96,118.31,242.27,0.0,118.31,2,4.8,60,63,0,0,2,2,2,16,1,0,1,Banquet,1,0,1.0,1589.49,300,2100,3690.66,4,0,0,0,100.0,0.6,28.0,172.52,0.875,0.278,Low,0,0,Mon,0,0,0,0,1,20,16,340653.49,0.8,0,1,92,0.685,High,1,0,100.0,0.0237
B-202312-50334,Booked,Private Party,Retirement Party,Wedding/Social,In-person,Full Package,Social,Social/Private,Repeat Client,Low,2022-12-26,2023-02-15,39,2023-12-26,2023-12-27,1,365,5,5,6,1,Boardroom,1,1,12,0.0,0.0,2,44.2,142.12,102.33,511.65,308.0,484.63,1304.28,3,306.99,308.0,461.56,1076.55,0.6,76.926,,2023,12,4,70.9,29.1,1,118.64,99.7,218.34,152.41,99.7,1,0.0,5,0,0,0,1,1,1,4,0,1,1,Boardroom,1,0,1.0,308.0,150,330,1077.33,1,1,0,1,0.0,0.43,28.0,260.86,0.833,1.667,Low,0,1,Tue,0,1,1,0,1,19,12,85474.25,0.6316,0,1,92,0.054,Low,0,0,93.3,0.0329
B-202312-54216,Booked,Veterans Group,Military Reunion,SMERF,Virtual,Rooms Only,Government,Government,Repeat Client,Medium,2023-09-29,2023-10-23,17,2023-12-26,2023-12-27,1,88,60,60,66,0,,0,0,7,0.0,0.0,1,45.9,143.16,103.5,6210.0,0.0,0.0,6210.0,46,4761.0,0.0,0.0,4761.0,0.7666666666666667,0.0,,2023,12,2,57.0,43.0,1,85.77,111.54,197.31,197.31,111.54,1,0.0,60,0,0,0,0,0,0,0,0,0,0,,0,0,0.0,0.0,0,0,0.0,0,0,0,0,0.0,0.0,27.7,103.5,0.909,0.0,Low,0,1,Tue,0,1,1,0,1,4,2,12113.85,0.5,0,1,92,0.652,High,1,0,93.3,0.0795
B-202312-34151,Booked,Professional Services Group,Regional Team Meeting,Corporate,Hybrid,Full Package,Professional Services,Other,Cvent,Low,2023-10-06,2023-10-30,14,2023-12-29,2023-12-30,1,84,48,48,57,1,Half Ballroom,1,0,10,1.0,14381.91,2,38.6,145.57,104.81,5030.88,993.84,2504.72,8529.44,38,3982.78,993.84,2385.45,7362.07,0.7916666666666666,41.85,,2023,12,4,73.2,26.8,1,126.06,117.14,243.2,186.11,117.14,1,0.0,48,0,0,0,1,1,1,8,1,0,1,Classroom,3,1,3.0,993.84,650,1008,2286.25,3,0,0,0,100.0,0.47,28.0,177.7,0.842,0.175,Low,0,4,Fri,1,0,0,0,1,12,9,119797.96,0.75,0,1,133,0.361,Moderate,0,0,100.0,0.119
B-202312-95572,Booked,Consulting Network,Town Hall Meeting,Corporate,Hybrid,Full Package,Professional Services,Professional Services,Direct Inquiry,Low,2023-09-20,2023-10-13,13,2023-12-29,2023-12-30,1,100,39,39,53,1,Half Ballroom,1,1,10,1.0,13225.6,2,41.7,150.91,108.66,4237.74,904.25,1415.4,6557.39,37,4020.42,904.25,1348.0,6272.67,0.9487179487179488,25.434,,2023,12,3,56.6,43.4,1,126.04,107.92,233.96,180.17,107.92,1,0.0,39,0,0,0,1,1,1,8,1,0,1,Theater,2,0,2.0,904.25,350,720,1695.83,2,0,0,0,100.0,0.44,28.0,168.14,0.736,0.189,Low,0,4,Fri,1,0,0,0,1,11,9,94170.77,0.8182,0,1,133,0.293,Moderate,0,0,100.0,0.1
B-202312-25963,Booked,TechCorp Solutions,Leadership Summit,Corporate,In-person,Rooms Only,Technology,Technology,Third-Party Planner,Low,2023-10-31,2023-11-19,12,2023-12-31,2024-01-02,2,61,23,46,25,0,,0,0,7,0.0,0.0,1,45.9,145.36,107.93,4964.78,0.0,0.0,4964.78,44,4748.92,0.0,0.0,4748.92,0.9565217391304348,0.0,,2023,12,4,71.9,28.1,1,129.03,123.96,252.99,151.37,123.96,2,39.1,14,23,0,0,0,0,0,0,0,0,0,,0,0,0.0,0.0,0,0,0.0,0,0,0,0,0.0,0.0,25.75,107.93,0.92,0.0,Low,0,6,Sun,1,0,1,0,1,14,8,69027.27,0.5714,0,1,89,0.258,Moderate,0,0,93.3,0.1148
B-202401-46335,Booked,HR Professionals Network,State Convention,Association,In-person,Full Package,Professional Services,Professional Services,Third-Party Planner,Medium,2023-04-17,2023-05-15,16,2024-01-01,2024-01-04,3,259,38,114,53,1,Half Ballroom,1,0,12,1.0,38255.98,3,50.5,147.39,121.57,13858.98,988.91,6689.02,21536.91,90,10941.3,988.91,6370.49,18300.7,0.7894736842105263,40.066,,2024,1,4,63.5,36.5,1,99.71,127.23,226.94,226.94,127.23,2,1.2,37,38,37,0,1,3,3,24,1,0,1,Banquet,2,0,1.67,988.91,850,3420,6053.26,5,0,0,0,100.0,0.44,17.52,188.92,0.717,0.189,Low,0,0,Mon,0,0,0,0,1,13,7,126874.0,0.5385,0,1,112,0.339,Moderate,0,0,100.0,0.0463
B-202401-68387,Booked,Dental Association,Continuing Education Conference,Association,In-person,Full Package,Healthcare,Healthcare,Third-Party Planner,Medium,2023-05-24,2023-06-22,19,2024-01-01,2024-01-03,2,222,70,140,97,1,Half Ballroom,1,1,10,1.0,49547.0,1,46.2,152.84,110.04,15405.6,1128.01,3471.05,20004.66,111,12214.44,1128.01,3305.76,16648.21,0.7928571428571428,17.04,,2024,1,4,53.1,46.9,1,130.98,102.31,233.29,138.0,102.31,2,4.3,67,70,0,0,1,5,2,24,1,0,1,Classroom,2,0,1.8,1128.01,1550,4112,7506.67,5,0,0,0,20.0,0.81,28.0,142.89,0.722,0.103,Low,0,0,Mon,0,0,0,0,1,16,13,259873.68,0.8125,0,1,112,0.625,High,1,0,100.0,0.045
B-202401-70994,Booked,Family Celebration,Charity Gala,Wedding/Social,In-person,Rooms Only,Social,Social/Private,Direct Inquiry,Low,2023-06-01,2023-07-16,41,2024-01-04,2024-01-05,1,217,37,37,40,0,,0,1,4,1.0,5925.54,1,46.5,149.73,107.81,3988.97,0.0,0.0,3988.97,21,2264.01,0.0,0.0,2264.01,0.5675675675675675,0.0,,2024,1,4,62.6,37.4,1,73.59,113.5,187.09,187.09,113.5,1,0.0,37,0,0,0,0,0,0,0,0,0,0,,0,0,0.0,0.0,0,0,0.0,0,0,0,0,0.0,0.0,28.0,107.81,0.925,0.0,Low,0,3,Thu,0,0,0,1,1,21,19,110505.23,0.9048,0,1,148,0.25,Moderate,0,0,100.0,0.0184
B-202401-75054,Booked,Regional Healthcare System,Leadership Summit,Corporate,Hybrid,Full Package,Healthcare,Healthcare,Referral,Medium,2023-10-09,2023-11-01,13,2024-01-04,2024-01-07,3,87,35,105,47,1,Half Ballroom,1,0,10,0.0,0.0,1,45.7,150.51,108.37,11378.85,1219.15,6800.53,19398.53,92,9970.04,1219.15,6476.69,17665.88,0.8761904761904762,45.934,,2024,1,2,57.5,42.5,1,10.85,206.71,217.56,206.71,217.56,2,2.3,34,35,33,0,1,3,3,24,1,0,1,Classroom,3,1,2.67,1219.15,1650,5208,8671.82,5,0,0,0,100.0,0.39,28.0,184.75,0.745,0.213,Low,0,3,Thu,0,0,1,0,1,8,7,60831.77,0.875,0,1,95,0.368,Moderate,0,0,93.3,0.1149
B-202401-58891,Booked,Regional Healthcare System,New Hire Orientation,Corporate,In-person,Full Package,Healthcare,Healthcare,Direct Inquiry,Medium,2023-09-29,2023-10-21,13,2024-01-05,2024-01-06,1,98,63,63,77,1,Half Ballroom,1,0,9,0.0,0.0,2,46.1,145.41,106.39,6702.57,1223.66,2081.08,10007.31,51,5425.89,1223.66,1981.98,8631.53,0.8095238095238095,25.74,,2024,1,3,72.5,27.5,1,115.16,114.6,229.76,153.0,114.6,1,0.0,63,0,0,0,2,1,1,8,1,0,1,Classroom,1,0,1.0,1223.66,150,1512,2272.34,2,0,0,0,100.0,0.64,26.83,158.85,0.818,0.26,Low,0,4,Fri,1,0,1,0,1,9,8,78497.65,0.8889,0,1,95,0.663,High,1,0,93.3,0.0918
B-202401-72208,Booked,Personal Event,Memorial Service Gathering,Wedding/Social,In-person,Full Package,Social,Social/Private,Repeat Client,Medium,2023-04-03,2023-05-21,38,2024-01-05,2024-01-06,1,277,27,27,37,1,Breakout Room,1,1,10,0.0,0.0,1,52.0,155.53,111.98,3023.46,417.07,3040.33,6480.86,16,1791.68,417.07,2895.55,5104.3,0.5925925925925926,78.258,,2024,1,2,59.3,40.7,0,3.98,122.87,126.85,0.0,126.85,1,0.0,27,0,0,0,1,1,1,4,0,0,1,Banquet,2,0,2.0,417.07,350,1665,2629.85,1,0,1,1,0.0,0.93,28.0,240.03,0.73,0.27,Low,0,4,Fri,1,1,1,0,1,22,17,72662.8,0.7727,0,1,95,0.284,Moderate,0,0,93.3,0.0361
B-202401-39724,Booked,Education Foundation,Networking Summit,Association,Virtual,Full Package,Education,Education,Referral,Low,2023-07-11,2023-08-11,23,2024-01-06,2024-01-07,1,179,18,18,21,1,Breakout Room,1,0,8,0.0,0.0,1,45.2,150.13,108.09,1945.62,503.88,901.63,3351.13,13,1405.17,503.88,858.69,2767.74,0.7222222222222222,40.89,,2024,1,2,61.4,38.6,0,130.95,104.6,235.55,0.0,104.6,1,0.0,18,0,0,0,1,1,1,8,0,0,1,Classroom,1,0,1.0,503.88,150,1617,2835.84,4,0,0,0,100.0,0.53,28.0,186.17,0.857,0.476,Low,0,5,Sat,1,0,1,0,1,21,16,426239.45,0.7619,0,1,137,0.131,Low,0,0,93.3,0.0447
B-202401-84437,Booked,Family Celebration,Graduation Celebration,Wedding/Social,In-person,Rooms Only,Social,Social/Private,Sales Call,Low,2023-04-03,2023-05-01,22,2024-01-06,2024-01-08,2,278,30,60,33,0,,0,1,6,0.0,0.0,4,42.5,150.93,108.67,6520.2,0.0,0.0,6520.2,38,4129.46,0.0,0.0,4129.46,0.6333333333333333,0.0,,2024,1,3,74.2,25.8,1,45.72,109.05,154.77,154.77,109.05,2,0.0,30,30,0,0,0,0,0,0,0,0,0,,0,0,0.0,0.0,0,0,0.0,0,0,0,0,0.0,0.0,28.0,108.67,0.909,0.0,Low,0,5,Sat,1,0,1,0,1,22,20,112769.24,0.9091,0,1,190,0.158,Low,0,0,93.3,0.0216
B-202401-93747,Booked,Pharmaceutical Partners,Performance Review Summit,Corporate,Virtual,Full Package,Healthcare,Healthcare,Direct Inquiry,Medium,2023-10-29,2023-11-19,9,2024-01-10,2024-01-12,2,73,37,74,46,1,Half Ballroom,1,1,12,0.0,0.0,1,45.2,146.16,105.24,7787.76,1160.16,4689.55,13637.47,61,6419.64,1160.16,4466.23,12046.03,0.8243243243243243,48.546,,2024,1,2,59.9,40.1,1,76.47,143.72,220.19,143.72,220.19,2,32.4,25,37,0,0,1,2,2,16,1,0,1,Classroom,3,1,2.5,1160.16,1000,3048,5286.44,4,0,0,0,100.0,0.38,28.0,184.29,0.804,0.217,Low,0,2,Wed,0,0,1,0,1,25,17,218453.8,0.68,0,1,120,0.308,Moderate,0,0,93.3,0.1644
B-202401-41079,Booked,Financial Services Group,Management Training,Corporate,In-person,Full Package,Finance,Finance,Repeat Client,Medium,2023-09-25,2023-10-17,9,2024-01-11,2024-01-12,1,108,45,45,61,1,Half Ballroom,1,0,13,1.0,18877.07,1,47.7,150.5,113.88,5124.6,1236.98,2808.85,9170.43,44,5010.72,1236.98,2675.09,8922.79,0.9777777777777776,43.854,,2024,1,4,66.2,33.8,1,129.83,111.3,241.13,183.34,111.3,1,0.0,45,0,0,0,1,1,1,8,1,0,1,Classroom,2,0,2.0,1236.98,350,1848,2765.33,4,0,0,0,100.0,0.51,24.33,203.79,0.738,0.164,Low,0,3,Thu,0,1,0,0,1,14,10,96400.27,0.7143,0,1,120,0.375,Moderate,0,0,100.0,0.1204
B-202401-45043,Booked,Social Event,Memorial Service Gathering,Wedding/Social,In-person,Full Package,Social,Social/Private,Third-Party Planner,Low,2023-07-12,2023-08-31,38,2024-01-11,2024-01-12,1,183,18,18,23,1,Breakout Room,1,0,12,0.0,0.0,2,49.5,146.03,107.52,1935.36,524.84,2156.98,4617.18,11,1182.72,524.84,2054.27,3761.83,0.6111111111111112,89.316,,2024,1,4,72.9,27.1,0,124.01,122.09,246.1,0.0,126.91,1,0.0,18,0,0,0,1,2,1,8,0,0,1,Banquet,2,0,1.0,524.84,350,1265,2744.45,1,1,0,1,0.0,0.57,26.37,256.51,0.783,0.435,Low,0,3,Thu,0,0,1,0,1,26,20,105332.86,0.7692,0,1,120,0.15,Low,0,0,93.3,0.0656
B-202401-84536,Booked,Dental Association,Certification Training,Association,In-person,Meeting Only,Healthcare,Healthcare,Third-Party Planner,Low,2023-04-30,2023-05-31,21,2024-01-11,2024-01-13,2,256,0,0,60,1,Half Ballroom,0,1,10,1.0,19530.68,3,44.7,147.73,0.0,0.0,846.29,5905.87,6752.16,0,0.0,846.29,5624.64,6470.93,,46.872,,2024,1,0,0.0,0.0,0,0.0,0.0,0.0,0.0,0.0,0,0.0,0,0,0,0,1,2,2,16,1,0,1,Banquet,3,1,2.0,846.29,800,1860,3863.2,4,0,0,0,100.0,0.5,100.0,,0.0,0.167,Low,0,3,Thu,0,0,0,0,1,17,14,276521.89,0.8235,0,1,120,0.0,Low,0,0,86.7,0.0391
B-202401-94500,Booked,Regional Healthcare System,Customer Advisory Board,Corporate,Hybrid,Full Package,Healthcare,Healthcare,RFP,Medium,2023-11-12,2023-12-01,7,2024-01-12,2024-01-14,2,61,45,90,53,1,Half Ballroom,1,0,12,1.0,32642.0,2,48.3,146.35,114.33,10289.7,1318.96,5157.08,16765.74,75,8574.75,1318.96,4911.51,14805.22,0.8333333333333334,46.335,,2024,1,2,74.4,25.6,1,75.96,131.39,207.35,207.35,207.35,2,26.7,33,45,0,0,1,2,2,16,1,0,1,Classroom,2,0,2.0,1318.96,700,4176,6065.38,4,0,0,0,100.0,0.44,21.88,186.29,0.849,0.189,Low,0,4,Fri,1,0,0,0,1,10,9,87129.18,0.9,0,1,77,0.584,Moderate,0,0,100.0,0.1967
B-202401-66051,Booked,HR Professionals Network,Annual Member Conference,Association,In-person,Full Package,Professional Services,Professional Services,Website,High,2023-04-26,2023-05-22,19,2024-01-13,2024-01-15,2,262,98,196,119,1,Half Ballroom,1,0,7,1.0,57425.02,3,49.7,139.49,110.45,21648.2,1335.85,4776.34,27760.39,148,16346.6,1335.85,4548.89,22231.34,0.7551020408163265,19.113,,2024,1,2,74.5,25.5,1,62.75,143.55,206.3,206.3,143.55,2,12.2,86,98,0,0,2,5,2,24,1,0,1,Classroom,3,1,2.0,1335.85,1850,2560,6331.61,3,0,0,0,20.0,0.99,20.82,141.63,0.824,0.168,Low,0,5,Sat,1,0,0,0,1,14,8,145174.7,0.5714,0,1,85,1.0,High,1,1,100.0,0.0267
B-202401-20013,Booked,Financial Services Group,New Hire Orientation,Corporate,Hybrid,Full Package,Finance,Finance,Repeat Client,Medium,2023-11-18,2023-12-04,9,2024-01-14,2024-01-15,1,57,37,37,49,1,Half Ballroom,1,1,7,1.0,15296.8,2,43.7,148.11,107.55,3979.35,841.7,2422.37,7243.42,31,3334.05,841.7,2307.02,6482.77,0.8378378378378378,47.082,,2024,1,3,63.4,36.6,1,109.39,116.19,225.58,199.81,116.19,1,0.0,37,0,0,0,1,1,1,8,1,0,1,Banquet,3,1,3.0,841.7,650,1800,3013.74,3,0,0,0,100.0,0.41,27.39,195.77,0.755,0.204,Low,0,6,Sun,1,1,0,0,1,15,11,105323.06,0.7333,0,1,85,0.435,Moderate,0,0,100.0,0.1228
B-202401-34182,Booked,Pharmaceutical Partners,Annual Sales Conference,Corporate,In-person,Meeting Only,Healthcare,Healthcare,Cvent,Low,2023-11-08,2023-11-25,10,2024-01-15,2024-01-17,2,68,0,0,96,1,Half Ballroom,0,0,7,1.0,20405.93,1,43.3,145.1,0.0,0.0,1501.66,3513.28,5014.94,0,0.0,1501.66,3345.98,4847.64,,17.427,,2024,1,0,0.0,0.0,0,0.0,0.0,0.0,0.0,0.0,0,0.0,0,0,0,0,2,4,2,24,1,0,1,Theater,2,0,1.75,1501.66,1200,3630,6701.42,5,0,0,0,50.0,0.8,100.0,,0.0,0.208,Low,0,0,Mon,0,0,0,0,1,26,18,230499.83,0.6923,0,1,220,0.0,Low,0,0,86.7,0.1029
B-202401-43162,Booked,Private Individual,Martinez-Garcia Wedding,Wedding/Social,In-person,Rooms Only,Social,Social/Private,Direct Inquiry,Low,2023-04-04,2023-05-11,33,2024-01-16,2024-01-17,1,287,19,19,20,0,,0,0,4,1.0,3138.43,2,49.0,149.08,113.58,2158.02,0.0,0.0,2158.02,12,1362.96,0.0,0.0,1362.96,0.631578947368421,0.0,,2024,1,4,52.9,47.1,1,122.4,110.9,233.3,156.51,110.9,1,0.0,19,0,0,0,0,0,0,0,0,0,0,,0,0,0.0,0.0,0,0,0.0,0,0,0,0,0.0,0.0,23.81,113.58,0.95,0.0,Low,0,1,Tue,0,0,0,1,1,22,20,81971.98,0.9091,0,1,137,0.139,Low,0,0,100.0,0.0139
B-202401-83202,Booked,Professional Engineers Society,Leadership Institute,Association,Hybrid,Full Package,Association,Other,RFP,Medium,2023-07-22,2023-08-21,17,2024-01-16,2024-01-18,2,178,64,128,83,1,Half Ballroom,1,0,13,0.0,0.0,3,42.6,149.88,107.91,13812.48,1216.74,2863.4,17892.62,82,8848.62,1216.74,2727.05,12792.41,0.640625,16.428,,2024,1,4,61.2,38.8,1,106.5,105.03,211.53,211.53,105.03,2,7.8,59,64,0,0,1,5,2,24,1,0,1,Theater,2,0,1.8,1216.74,1550,4272,7708.94,5,0,0,0,20.0,0.69,28.0,139.79,0.771,0.12,Low,0,1,Tue,0,0,1,0,1,22,17,358735.59,0.7727,0,1,156,0.41,Moderate,0,0,93.3,0.073
B-202401-13266,Booked,Tour Operator Network,Museum Tour Package,Corporate,In-person,Rooms Only,Technology,Technology,Cvent,Medium,2023-10-23,2023-11-13,14,2024-01-18,2024-01-19,1,87,39,39,42,0,,0,0,7,0.0,0.0,2,48.6,149.75,111.8,4360.2,0.0,0.0,4360.2,37,4136.6,0.0,0.0,4136.6,0.9487179487179488,0.0,,2024,1,3,55.8,44.2,1,64.33,122.69,187.02,187.02,122.69,1,0.0,39,0,0,0,0,0,0,0,0,0,0,,0,0,0.0,0.0,0,0,0.0,0,0,0,0,0.0,0.0,25.34,111.8,0.929,0.0,Low,0,3,Thu,0,0,1,0,1,7,6,50566.95,0.8571,0,1,181,0.215,Low,0,0,93.3,0.0805
B-202401-94679,Booked,Pharmaceutical Partners,Innovation Workshop,Corporate,In-person,Full Package,Healthcare,Healthcare,Sales Call,High,2023-11-05,2023-11-23,8,2024-01-19,2024-01-22,3,75,62,186,77,1,Half Ballroom,1,1,10,0.0,0.0,4,42.3,152.58,109.86,20433.96,1356.79,11929.09,33719.84,176,19335.36,1356.79,11361.04,32053.19,0.946236559139785,49.182,,2024,1,4,66.6,33.4,1,115.39,118.61,234.0,163.78,119.29,2,6.2,55,62,53,0,2,3,3,24,1,0,1,Classroom,3,1,2.67,1356.79,1650,5448,8836.84,5,0,0,0,100.0,0.64,28.0,181.29,0.805,0.26,Low,0,4,Fri,1,0,1,0,1,27,19,235347.47,0.7037,0,1,149,0.416,Moderate,0,0,93.3,0.1333
B-202401-68454,Booked,TechCorp Solutions,Executive Offsite,Corporate,In-person,Full Package,Technology,Technology,Sales Call,Low,2023-10-23,2023-11-08,9,2024-01-20,2024-01-21,1,89,9,9,10,1,Boardroom,1,1,7,0.0,0.0,1,51.8,149.13,107.37,966.33,307.42,498.83,1772.58,8,858.96,307.42,475.08,1641.46,0.8888888888888888,47.508,,2024,1,4,71.7,28.3,1,87.68,102.18,189.86,189.86,102.25,1,0.0,9,0,0,0,1,1,1,8,0,1,1,Boardroom,3,1,3.0,307.42,650,650,2232.78,3,0,0,0,100.0,0.71,28.0,196.95,0.9,1.0,Low,0,5,Sat,1,0,1,0,1,15,9,73776.19,0.6,0,1,149,0.06,Low,0,0,93.3,0.0787
B-202401-69394,Booked,Family Celebration,Graduation Celebration,Wedding/Social,In-person,Meeting Only,Social,Social/Private,Website,Low,2023-04-15,2023-05-10,19,2024-01-20,2024-01-21,1,280,0,0,38,1,Breakout Room,0,1,6,0.0,0.0,2,48.2,147.38,0.0,0.0,495.21,3228.79,3724.0,0,0.0,495.21,3075.04,3570.25,,80.922,,2024,1,0,0.0,0.0,0,0.0,0.0,0.0,0.0,0.0,0,0.0,0,0,0,0,1,2,1,8,0,0,1,Banquet,2,0,1.0,495.21,350,2090,3676.77,1,1,0,1,0.0,0.95,100.0,,0.0,0.263,Low,0,5,Sat,1,0,1,0,1,23,21,116898.7,0.913,0,1,149,0.0,Low,0,0,80.0,0.0214
B-202401-93623,Booked,Industry Trade Group,Certification Training,Association,In-person,Meeting Only,Trade/Manufacturing,Trade/Manufacturing,Referral,Medium,2023-03-22,2023-04-27,26,2024-01-20,2024-01-23,3,304,0,0,98,1,Half Ballroom,0,0,10,0.0,0.0,3,48.6,147.91,0.0,0.0,1304.43,5041.69,6346.12,0,0.0,1304.43,4801.61,6106.04,,16.332,,2024,1,0,0.0,0.0,0,0.0,0.0,0.0,0.0,0.0,0,0.0,0,0,0,0,2,7,3,36,1,0,1,Theater,3,1,2.14,1304.43,2950,5792,11529.31,5,0,0,0,28.6,0.82,100.0,,0.0,0.204,Low,0,5,Sat,1,0,1,0,1,12,9,136402.91,0.75,0,1,149,0.0,Low,0,0,80.0,0.0329
B-202401-93021,Booked,Social Event,Graduation Celebration,Wedding/Social,In-person,Full Package,Social,Social/Private,Website,Low,2023-06-15,2023-08-04,38,2024-01-21,2024-01-22,1,220,5,5,6,1,Boardroom,1,0,12,0.0,0.0,3,46.3,150.51,108.37,541.85,257.61,522.47,1321.93,3,325.11,257.61,497.59,1080.31,0.6,82.932,,2024,1,2,73.7,26.3,1,47.19,138.25,185.44,185.44,185.44,1,0.0,5,0,0,0,1,2,1,8,0,1,1,Boardroom,2,0,1.5,257.61,500,330,2043.36,1,1,0,1,0.0,0.43,28.0,264.39,0.833,1.667,Low,0,6,Sun,1,0,1,0,1,28,21,109094.69,0.75,0,1,153,0.033,Low,0,0,93.3,0.0545
B-202401-70199,Booked,State Medical Association,Regional Chapter Meeting,Association,Hybrid,Full Package,Healthcare,Healthcare,RFP,High,2023-06-26,2023-07-22,14,2024-01-22,2024-01-25,3,210,68,204,90,1,Half Ballroom,1,0,12,0.0,0.0,2,44.0,143.24,103.28,21069.12,1454.12,4932.34,27455.58,147,15182.16,1454.12,4697.46,21333.74,0.7205882352941176,17.398,,2024,1,2,73.7,26.3,1,16.03,133.42,149.45,149.45,133.42,2,2.8,64,68,64,0,2,7,3,36,1,0,1,Classroom,3,1,2.43,1454.12,3450,6064,12434.76,5,0,0,0,28.6,0.75,27.9,134.59,0.756,0.222,Low,0,0,Mon,0,0,1,0,1,21,20,488960.94,0.9524,0,1,0,,Unknown,0,1,93.3,0.0571
B-202401-33891,Booked,Energy Solutions,Strategic Planning Retreat,Corporate,In-person,Full Package,Healthcare,Other,Cvent,Medium,2023-10-25,2023-11-13,7,2024-01-23,2024-01-25,2,90,59,118,79,1,Half Ballroom,1,0,12,0.0,0.0,3,52.4,139.44,111.33,13136.94,1721.65,7094.71,21953.3,93,10353.69,1721.65,6756.87,18832.21,0.788135593220339,42.765,,2024,1,4,59.7,40.3,1,85.94,123.39,209.33,209.33,131.58,2,20.3,47,59,0,0,2,2,2,16,1,0,1,Classroom,1,0,1.0,1721.65,300,2568,4030.38,4,0,0,0,100.0,0.66,20.16,186.04,0.747,0.253,Low,0,1,Tue,0,0,1,0,1,18,10,127495.66,0.5556,0,1,93,0.634,High,1,0,93.3,0.1333
B-202401-46943,Booked,Retail Corporation,Annual Sales Conference,Corporate,Hybrid,Full Package,Finance,Other,Third-Party Planner,Medium,2023-10-07,2023-11-03,13,2024-01-23,2024-01-24,1,108,62,62,84,1,Half Ballroom,1,1,14,0.0,0.0,2,49.0,143.44,109.15,6767.3,1440.0,1604.0,9811.3,59,6439.85,1440.0,1527.62,9407.47,0.9516129032258064,18.186,,2024,1,2,60.4,39.6,0,11.58,113.13,124.71,0.0,113.13,1,0.0,62,0,0,0,2,3,1,12,1,0,1,Classroom,3,1,2.33,1440.0,1450,2232,4660.47,3,0,0,0,0.0,0.7,23.91,158.25,0.738,0.238,Low,0,1,Tue,0,0,1,0,1,20,14,203679.4,0.7,0,1,0,,Unknown,0,1,93.3,0.1296
B-202401-79842,Booked,Global Industries,Customer Advisory Board,Corporate,In-person,Full Package,Professional Services,Other,RFP,Medium,2023-12-01,2023-12-23,14,2024-01-23,2024-01-24,1,53,60,60,74,1,Half Ballroom,1,1,8,0.0,0.0,4,50.5,148.72,108.92,6535.2,1520.98,3150.58,11206.76,57,6208.44,1520.98,3000.55,10729.97,0.95,40.548,,2024,1,2,67.3,32.7,1,30.07,130.27,160.34,160.34,130.27,1,0.0,60,0,0,0,2,1,1,8,1,0,1,Classroom,2,0,2.0,1520.98,350,1848,2773.28,4,0,0,0,100.0,0.62,26.76,186.78,0.811,0.27,Low,0,1,Tue,0,0,1,0,1,24,20,307575.52,0.8333,0,1,0,,Unknown,0,1,93.3,0.1509
B-202401-67947,Booked,Accounting Institute,Leadership Institute,Association,In-person,Full Package,Finance,Finance,Cvent,High,2023-05-01,2023-05-24,15,2024-01-26,2024-01-28,2,270,97,194,126,1,Grand Ballroom,1,0,8,0.0,0.0,1,45.9,148.8,113.24,21968.56,2845.05,13181.05,37994.66,156,17665.44,2845.05,12553.38,33063.87,0.8041237113402062,49.815,,2024,1,4,50.8,49.2,1,107.53,140.96,248.49,209.77,140.96,2,3.1,94,97,0,0,2,2,2,16,1,0,1,Theater,2,0,2.0,2845.05,700,16380,22340.38,4,0,0,0,100.0,0.53,23.9,195.85,0.77,0.159,Low,0,4,Fri,1,0,1,0,1,19,16,302965.96,0.8421,0,1,27,1.0,High,1,1,93.3,0.0296
B-202401-91324,Booked,Manufacturing Alliance,Regional Team Meeting,Corporate,In-person,Rooms Only,Technology,Other,Third-Party Planner,Medium,2023-09-18,2023-10-02,9,2024-01-26,2024-01-28,2,130,63,126,69,0,,0,1,5,1.0,21276.91,3,54.3,152.86,131.17,16527.42,0.0,0.0,16527.42,108,14166.36,0.0,0.0,14166.36,0.8571428571428571,0.0,,2024,1,2,70.6,29.4,1,55.55,124.34,179.89,179.89,124.34,2,19.0,51,63,0,0,0,0,0,0,0,0,0,,0,0,0.0,0.0,0,0,0.0,0,0,0,0,0.0,0.0,14.19,131.17,0.913,0.0,Low,0,4,Fri,1,0,0,1,1,12,7,121199.44,0.5833,0,1,27,1.0,High,1,1,100.0,0.0385
B-202401-11901,Booked,Financial Services Group,Product Launch Event,Corporate,In-person,Full Package,Finance,Finance,RFP,Medium,2023-12-28,2024-01-18,13,2024-01-27,2024-01-30,3,30,33,99,43,1,Half Ballroom,1,1,8,1.0,29016.23,2,45.1,157.99,113.75,11261.25,872.19,6679.85,18813.29,95,10806.25,872.19,6361.76,18040.2,0.9595959595959596,49.316,,2024,1,2,71.4,28.6,1,28.84,117.4,146.24,146.24,117.4,2,14.5,22,33,24,0,1,3,3,24,1,0,1,Banquet,2,0,2.0,872.19,1050,4128,6924.08,4,0,0,0,100.0,0.36,28.0,190.03,0.767,0.233,Low,0,5,Sat,1,0,0,0,1,16,12,111805.83,0.75,0,1,187,0.176,Low,0,0,100.0,0.2667
B-202401-87018,Booked,Global Industries,Town Hall Meeting,Corporate,In-person,Full Package,Professional Services,Other,Repeat Client,Medium,2023-10-29,2023-11-15,10,2024-01-30,2024-01-31,1,93,30,30,34,1,Breakout Room,1,1,7,1.0,11316.9,2,53.4,150.62,118.9,3567.0,433.93,1473.7,5474.63,28,3329.2,433.93,1403.52,5166.65,0.9333333333333332,41.28,,2024,1,4,54.2,45.8,1,52.84,123.55,176.39,176.39,123.55,1,0.0,30,0,0,0,1,1,1,8,0,0,1,Classroom,1,0,1.0,433.93,150,2210,3420.93,3,0,0,0,100.0,0.85,21.06,182.49,0.882,0.294,Low,0,1,Tue,0,1,0,0,1,26,21,318305.49,0.8077,0,1,190,0.158,Low,0,0,100.0,0.0753
B-202402-36094,Booked,Global Industries,Sales Kickoff,Corporate,In-person,Full Package,Finance,Other,Cvent,Medium,2023-11-03,2023-11-22,9,2024-02-03,2024-02-05,2,92,39,78,45,1,Half Ballroom,1,0,10,0.0,0.0,1,54.9,154.92,113.32,8838.96,1233.44,4068.51,14140.91,68,7705.76,1233.44,3874.77,12813.97,0.8717948717948718,43.053,,2024,2,2,62.7,37.3,0,13.17,117.66,130.83,0.0,117.66,2,5.1,37,39,0,0,1,2,2,16,1,0,1,Classroom,3,1,3.0,1233.44,1300,3360,5823.2,5,0,0,0,100.0,0.38,26.85,181.29,0.867,0.222,Low,0,5,Sat,1,0,1,0,1,27,22,323472.14,0.8148,0,1,106,0.368,Moderate,0,0,93.3,0.1087
B-202402-79607,Booked,Family Celebration,Quinceañera Celebration,Wedding/Social,In-person,Full Package,Social,Social/Private,Referral,Low,2023-05-22,2023-07-03,32,2024-02-03,2024-02-04,1,257,46,46,56,1,Half Ballroom,1,1,10,0.0,0.0,1,55.5,155.15,126.48,5818.08,1046.25,4922.97,11787.3,28,3541.44,1046.25,4688.54,9276.23,0.6086956521739131,83.724,,2024,2,2,72.0,28.0,0,8.63,135.51,144.14,0.0,144.14,1,0.0,46,0,0,0,1,1,1,4,1,0,1,Banquet,1,0,1.0,1046.25,150,1320,1816.69,1,1,0,1,0.0,0.47,18.48,256.25,0.821,0.179,Low,0,5,Sat,1,0,1,0,1,24,22,120468.95,0.9167,0,1,135,0.341,Moderate,0,0,93.3,0.0389
B-202402-26760,Booked,Regional Healthcare System,Regional Team Meeting,Corporate,In-person,Full Package,Healthcare,Healthcare,Referral,Medium,2023-10-07,2023-10-21,7,2024-02-04,2024-02-06,2,120,41,82,55,1,Half Ballroom,1,1,7,1.0,27792.73,1,53.3,154.73,111.44,9138.08,1025.21,5063.75,15227.04,75,8358.0,1025.21,4822.62,14205.83,0.9146341463414634,43.842,,2024,2,3,50.1,49.9,1,90.14,105.1,195.24,195.24,105.1,2,2.4,40,41,0,0,1,2,2,16,1,0,1,Classroom,2,0,1.5,1025.21,500,3936,5524.32,5,0,0,0,100.0,0.46,27.98,185.7,0.745,0.182,Low,0,6,Sun,1,0,0,0,1,11,10,101934.4,0.9091,0,1,145,0.283,Moderate,0,0,100.0,0.0583
B-202402-75178,Booked,Cultural Journeys,International Tour Package,Corporate,In-person,Rooms Only,Legal,Legal,Repeat Client,Medium,2023-11-29,2023-12-11,7,2024-02-04,2024-02-06,2,67,34,68,37,0,,0,0,5,0.0,0.0,1,53.0,148.72,121.49,8261.32,0.0,0.0,8261.32,67,8139.83,0.0,0.0,8139.83,0.9852941176470588,0.0,,2024,2,2,72.1,27.9,1,38.72,115.17,153.89,153.89,115.17,2,11.8,30,34,0,0,0,0,0,0,0,0,0,,0,0,0.0,0.0,0,0,0.0,0,0,0,0,0.0,0.0,18.31,121.49,0.919,0.0,Low,0,6,Sun,1,1,1,1,1,9,8,46710.68,0.8889,0,1,145,0.234,Low,0,0,93.3,0.0746
B-202402-42933,Booked,Youth Organization,Sports Team Tournament,SMERF,In-person,Full Package,SMERF,Social/Community,Website,Low,2023-10-17,2023-11-12,16,2024-02-07,2024-02-08,1,113,37,37,45,1,Half Ballroom,1,0,10,0.0,0.0,2,52.4,153.09,110.55,4090.35,1302.22,457.28,5849.85,28,3095.4,1302.22,435.51,4833.13,0.7567567567567568,9.678,,2024,2,2,69.2,30.8,0,14.02,103.65,117.67,0.0,103.65,1,0.0,37,0,0,0,1,1,1,8,1,0,1,Theater,2,0,2.0,1302.22,350,700,1594.0,1,0,0,0,100.0,0.38,27.79,158.1,0.822,0.222,Low,0,2,Wed,0,0,1,0,1,3,3,12004.47,1.0,0,0,139,0.266,Moderate,0,0,93.3,0.0885
B-202402-58182,Booked,Pharmaceutical Partners,New Hire Orientation,Corporate,In-person,Full Package,Healthcare,Healthcare,Referral,Low,2023-12-07,2023-12-26,9,2024-02-07,2024-02-08,1,62,17,17,20,1,Breakout Room,1,0,10,0.0,0.0,2,50.4,155.81,112.18,1907.06,583.23,489.76,2980.05,14,1570.52,583.23,466.44,2620.19,0.8235294117647058,23.322,,2024,2,4,63.3,36.7,1,74.81,99.97,174.78,174.78,99.97,1,0.0,17,0,0,0,1,1,1,8,0,0,1,Banquet,2,0,2.0,583.23,350,1060,2480.73,2,0,0,0,100.0,0.5,28.0,175.3,0.85,0.5,Low,0,2,Wed,0,0,1,0,1,29,20,267400.66,0.6897,0,1,139,0.122,Low,0,0,93.3,0.1613
B-202402-71249,Booked,Regional Healthcare System,New Hire Orientation,Corporate,Hybrid,Full Package,Healthcare,Healthcare,RFP,Low,2023-12-09,2023-12-31,9,2024-02-07,2024-02-09,2,60,27,54,37,1,Breakout Room,1,1,13,1.0,16331.84,2,55.3,146.41,108.43,5855.22,432.91,3250.58,9538.71,43,4662.49,432.91,3095.79,8191.19,0.7962962962962963,41.835,,2024,2,4,58.1,41.9,1,129.08,124.76,253.84,148.97,132.85,2,40.7,16,27,0,0,1,2,2,16,0,0,1,Theater,3,1,2.5,432.91,1000,4680,7612.36,4,0,0,0,100.0,0.93,25.94,176.64,0.73,0.27,Low,0,2,Wed,0,0,0,0,1,12,11,116140.23,0.9167,0,1,153,0.176,Low,0,0,100.0,0.2167
B-202402-50907,Booked,Travel Club International,Heritage Tour Group,SMERF,In-person,Rooms Only,SMERF,SMERF,Third-Party Planner,Medium,2023-10-28,2023-11-21,20,2024-02-08,2024-02-09,1,103,40,40,44,0,,0,0,4,0.0,0.0,3,55.7,148.97,122.51,4900.4,0.0,0.0,4900.4,39,4777.89,0.0,0.0,4777.89,0.975,0.0,,2024,2,4,59.7,40.3,1,141.45,124.03,265.48,231.1,124.03,1,0.0,40,0,0,0,0,0,0,0,0,0,0,,0,0,0.0,0.0,0,0,0.0,0,0,0,0,0.0,0.0,17.76,122.51,0.909,0.0,Low,0,3,Thu,0,0,1,1,1,4,4,25386.75,1.0,0,0,153,0.261,Moderate,0,0,93.3,0.0388
B-202402-43332,Booked,Heritage Travel,Senior Travel Club,Corporate,Hybrid,Rooms Only,Trade/Manufacturing,Trade/Manufacturing,Third-Party Planner,Low,2023-10-23,2023-11-04,9,2024-02-09,2024-02-10,1,109,37,37,40,0,,0,0,3,0.0,0.0,3,52.9,152.17,109.56,4053.72,0.0,0.0,4053.72,36,3944.16,0.0,0.0,3944.16,0.972972972972973,0.0,,2024,2,4,55.8,44.2,1,101.6,124.25,225.85,208.04,124.25,1,0.0,37,0,0,0,0,0,0,0,0,0,0,,0,0,0.0,0.0,0,0,0.0,0,0,0,0,0.0,0.0,28.0,109.56,0.925,0.0,Low,0,4,Fri,1,0,1,1,1,8,7,55672.99,0.875,0,1,183,0.202,Low,0,0,93.3,0.0275
B-202402-57560,Booked,Family Celebration,Anniversary Celebration,Wedding/Social,In-person,Full Package,Social,Social/Private,Sales Call,Low,2023-07-15,2023-08-24,31,2024-02-10,2024-02-11,1,210,20,20,25,1,Breakout Room,1,1,9,0.0,0.0,4,54.3,157.44,115.48,2309.6,598.1,1944.34,4852.04,12,1385.76,598.1,1851.75,3835.61,0.6,74.07,,2024,2,2,51.8,48.2,0,136.43,115.12,251.55,0.0,115.12,1,0.0,20,0,0,0,1,1,1,4,0,0,1,Reception,1,0,1.0,598.1,150,1375,2101.77,1,1,0,1,0.0,0.62,26.65,242.6,0.8,0.4,Low,0,5,Sat,1,0,1,0,1,25,23,129745.18,0.92,0,1,200,0.1,Low,0,0,93.3,0.0429
B-202402-60434,Booked,State Medical Association,State Convention,Association,In-person,Full Package,Healthcare,Healthcare,Repeat Client,High,2023-05-18,2023-06-21,27,2024-02-11,2024-02-14,3,269,83,249,102,1,Half Ballroom,1,0,7,1.0,82119.31,1,54.3,151.97,117.36,29222.64,1397.14,6290.41,36910.19,203,23824.08,1397.14,5990.87,31212.09,0.8152610441767069,19.578,,2024,2,4,65.4,34.6,1,115.3,109.52,224.82,165.49,109.52,2,3.2,82,83,77,0,1,7,3,36,1,0,1,Classroom,3,1,2.14,1397.14,2850,4388,9946.96,5,0,0,0,28.6,0.85,22.77,148.23,0.814,0.098,Low,0,6,Sun,1,1,0,0,1,22,21,510294.68,0.9545,0,1,14,1.0,High,1,1,100.0,0.026
B-202402-61157,Booked,Real Estate Board,Annual Member Conference,Association,In-person,Full Package,Government,Government,Direct Inquiry,Medium,2023-05-07,2023-06-13,24,2024-02-11,2024-02-12,1,280,102,102,129,1,Grand Ballroom,1,0,13,1.0,38842.97,1,54.5,149.79,113.36,11562.72,2255.77,3488.92,17307.41,65,7368.4,2255.77,3322.78,12946.95,0.6372549019607843,25.758,,2024,2,2,57.0,43.0,1,63.86,131.57,195.43,195.43,131.57,1,0.0,102,0,0,0,2,1,1,8,1,0,1,Theater,3,1,3.0,2255.77,650,8127,11144.84,2,0,0,0,100.0,0.54,24.32,169.68,0.791,0.155,Low,0,6,Sun,1,0,0,0,1,13,11,256765.73,0.8462,0,1,0,,Unknown,0,1,100.0,0.0464
B-202402-80571,Booked,Manufacturing Alliance,New Hire Orientation,Corporate,In-person,Full Package,Professional Services,Other,Repeat Client,Medium,2023-11-30,2023-12-18,8,2024-02-11,2024-02-13,2,73,51,102,56,1,Half Ballroom,1,0,10,0.0,0.0,2,54.2,150.91,123.96,12643.92,1101.22,5243.32,18988.46,91,11280.36,1101.22,4993.63,17375.21,0.8921568627450981,44.586,,2024,2,4,52.3,47.7,1,138.1,148.77,286.87,227.79,167.54,2,3.9,49,51,0,0,1,2,2,16,1,0,1,Classroom,2,0,2.0,1101.22,700,3648,5513.19,5,0,0,0,100.0,0.47,17.86,186.16,0.911,0.179,Low,0,6,Sun,1,1,1,0,1,16,8,135365.8,0.5,0,1,14,1.0,High,1,1,93.3,0.137
B-202402-34264,Booked,Banking Consortium,Customer Advisory Board,Corporate,Virtual,Meeting Only,Finance,Finance,RFP,Low,2023-11-05,2023-11-25,12,2024-02-12,2024-02-14,2,99,0,0,111,1,Half Ballroom,0,0,8,1.0,22958.68,3,55.6,153.8,0.0,0.0,1295.38,4302.1,5597.48,0,0.0,1295.38,4097.23,5392.61,,18.456,,2024,2,0,0.0,0.0,0,0.0,0.0,0.0,0.0,0.0,0,0.0,0,0,0,0,1,5,2,24,1,0,1,Classroom,3,1,2.0,1295.38,1950,3540,7428.41,5,0,0,0,20.0,0.93,100.0,,0.0,0.09,Low,0,0,Mon,0,0,0,0,1,14,12,175776.92,0.8571,0,1,14,0.0,Low,0,0,86.7,0.0808
B-202402-41506,Booked,Private Individual,Quinceañera Celebration,Wedding/Social,Hybrid,Full Package,Social,Social/Private,Third-Party Planner,Low,2023-04-22,2023-05-24,19,2024-02-12,2024-02-14,2,296,21,42,27,1,Breakout Room,1,0,13,1.0,17621.58,2,50.7,151.79,115.46,4849.32,497.6,2113.32,7460.24,24,2771.04,497.6,2012.69,5281.33,0.5714285714285714,37.272,,2024,2,3,54.7,45.3,1,69.81,111.12,180.93,180.93,111.12,2,23.8,16,21,0,0,1,3,2,12,0,0,1,Banquet,1,0,0.67,497.6,300,1485,3531.55,1,1,0,1,0.0,0.68,23.93,177.62,0.778,0.37,Low,0,0,Mon,0,0,0,0,1,24,21,83334.94,0.875,0,1,65,0.323,Moderate,0,0,100.0,0.0439
B-202402-94834,Booked,Consulting Network,Sales Kickoff,Corporate,In-person,Full Package,Professional Services,Professional Services,Third-Party Planner,Medium,2023-11-08,2023-11-26,7,2024-02-12,2024-02-14,2,96,51,102,57,1,Half Ballroom,1,1,11,0.0,0.0,2,52.6,148.46,114.32,11660.64,1068.53,4947.68,17676.85,90,10288.8,1068.53,4712.08,16069.41,0.8823529411764706,41.334,,2024,2,4,50.5,49.5,1,87.93,113.97,201.9,201.9,134.49,2,19.6,41,51,0,0,1,2,2,16,1,0,1,Theater,3,1,2.5,1068.53,1000,3936,6148.43,5,0,0,0,100.0,0.47,23.0,173.3,0.895,0.175,Low,0,0,Mon,0,0,1,0,1,13,10,100443.44,0.7692,0,1,65,0.785,High,1,0,93.3,0.1146
B-202402-51193,Booked,Insurance Federation,Industry Forum,Association,In-person,Full Package,Finance,Finance,Third-Party Planner,High,2023-04-29,2023-05-27,19,2024-02-14,2024-02-17,3,291,59,177,73,1,Half Ballroom,1,1,9,1.0,64201.42,2,53.8,148.79,108.04,19123.08,1707.58,10040.08,30870.74,143,15449.72,1707.58,9561.98,26719.28,0.807909604519774,43.662,,2024,2,4,62.0,38.0,1,107.65,120.49,228.14,194.5,120.49,2,5.2,52,59,58,0,2,3,3,24,1,0,1,Classroom,3,1,2.33,1707.58,1350,4780,7966.42,5,0,0,0,100.0,0.61,27.39,174.41,0.808,0.274,Low,0,2,Wed,0,0,0,0,1,20,14,334972.78,0.7,0,1,161,0.366,Moderate,0,0,100.0,0.0309
B-202402-33474,Booked,State Medical Association,Regional Chapter Meeting,Association,Hybrid,Meeting Only,Healthcare,Healthcare,Repeat Client,High,2023-06-30,2023-07-23,17,2024-02-16,2024-02-19,3,231,0,0,102,1,Half Ballroom,0,0,6,1.0,32705.79,2,53.3,156.67,0.0,0.0,1224.79,5281.53,6506.32,0,0.0,1224.79,5030.03,6254.82,,16.438,,2024,2,0,0.0,0.0,0,0.0,0.0,0.0,0.0,0.0,0,0.0,0,0,0,0,1,8,3,36,1,0,1,Classroom,3,1,2.38,1224.79,3700,3860,10538.6,5,0,0,0,12.5,0.85,100.0,,0.0,0.098,Low,0,4,Fri,1,1,0,0,1,23,22,541506.77,0.9565,0,1,161,0.0,Low,0,0,86.7,0.026
B-202402-67164,Booked,Manufacturing Alliance,Quarterly Business Review,Corporate,Hybrid,Meeting Only,Finance,Other,RFP,Low,2023-11-21,2023-12-12,11,2024-02-16,2024-02-18,2,87,0,0,107,1,Half Ballroom,0,0,10,1.0,24417.92,4,58.4,148.78,0.0,0.0,1360.99,3841.02,5202.01,0,0.0,1360.99,3658.12,5019.11,,17.094,,2024,2,0,0.0,0.0,0,0.0,0.0,0.0,0.0,0.0,0,0.0,0,0,0,0,1,4,2,24,1,0,1,Theater,3,1,2.0,1360.99,1600,4266,7679.12,5,0,0,0,50.0,0.89,100.0,,0.0,0.093,Low,0,4,Fri,1,0,0,0,1,17,9,152741.01,0.5294,0,1,161,0.0,Low,0,0,86.7,0.1149
B-202402-21141,Booked,Cultural Journeys,Senior Travel Club,SMERF,In-person,Rooms Only,Other,Other,RFP,Medium,2023-09-11,2023-10-05,17,2024-02-17,2024-02-18,1,159,58,58,63,0,,0,1,7,0.0,0.0,3,56.6,147.41,112.3,6513.4,0.0,0.0,6513.4,57,6401.1,0.0,0.0,6401.1,0.9827586206896552,0.0,,2024,2,4,71.0,29.0,0,120.37,115.86,236.23,0.0,123.63,1,0.0,58,0,0,0,0,0,0,0,0,0,0,,0,0,0.0,0.0,0,0,0.0,0,0,0,0,0.0,0.0,23.82,112.3,0.921,0.0,Low,0,5,Sat,1,0,1,0,1,10,9,54850.51,0.9,0,1,162,0.358,Moderate,0,0,93.3,0.044
B-202402-99487,Booked,Global Industries,Board of Directors Meeting,Corporate,In-person,Full Package,Healthcare,Other,Website,Medium,2024-01-04,2024-01-21,8,2024-02-18,2024-02-20,2,45,63,126,87,1,Half Ballroom,1,1,9,0.0,0.0,3,52.8,160.8,127.08,16012.08,870.04,3633.35,20515.47,108,13724.64,870.04,3460.34,18055.02,0.8571428571428571,19.887,,2024,2,2,58.5,41.5,1,44.91,119.86,164.77,164.77,119.86,2,6.3,59,63,0,0,1,5,2,24,1,0,1,Classroom,2,0,1.8,870.04,1550,4710,8072.6,5,0,0,0,20.0,0.72,20.97,162.82,0.724,0.115,Low,0,6,Sun,1,0,1,0,1,28,23,336286.11,0.8214,0,1,105,0.6,High,1,0,93.3,0.2
B-202402-25812,Booked,Heritage Travel,International Tour Package,Corporate,In-person,Full Package,Professional Services,Professional Services,Repeat Client,Low,2023-12-22,2024-01-10,12,2024-02-19,2024-02-20,1,59,41,41,53,1,Half Ballroom,0,0,7,0.0,0.0,1,56.6,150.9,120.27,4931.07,968.17,0.0,5899.24,40,4810.8,968.17,0.0,5778.97,0.975609756097561,0.0,,2024,2,4,60.3,39.7,1,76.18,132.81,208.99,208.99,132.81,1,0.0,41,0,0,0,1,1,1,4,1,0,1,Theater,0,0,0.0,968.17,0,0,380.14,0,0,0,0,0.0,0.44,20.3,143.88,0.774,0.189,Low,0,0,Mon,0,1,1,0,1,9,8,59617.15,0.8889,0,1,105,0.39,Moderate,0,0,93.3,0.1186
B-202402-32264,Booked,Regional Healthcare System,Management Training,Corporate,In-person,Full Package,Healthcare,Healthcare,Direct Inquiry,Low,2023-11-13,2023-12-06,13,2024-02-19,2024-02-20,1,98,11,11,13,1,Boardroom,1,1,10,1.0,3815.66,2,55.4,154.12,118.71,1305.81,358.54,290.58,1954.93,9,1068.39,358.54,276.74,1703.67,0.8181818181818182,21.288,,2024,2,3,60.3,39.7,1,69.43,145.68,215.11,215.11,145.68,1,0.0,11,0,0,0,1,1,1,8,0,1,1,Boardroom,1,0,1.0,358.54,150,390,1557.85,2,0,0,0,100.0,0.93,22.98,177.72,0.846,0.769,Low,0,0,Mon,0,0,0,0,1,13,12,124331.42,0.9231,0,1,105,0.105,Low,0,0,100.0,0.102
B-202402-67146,Booked,Family Celebration,Bar/Bat Mitzvah,Wedding/Social,In-person,Full Package,Social,Social/Private,Cvent,Low,2023-07-16,2023-09-06,40,2024-02-20,2024-02-21,1,219,49,49,61,1,Half Ballroom,1,0,12,0.0,0.0,3,57.6,160.73,120.37,5898.13,1686.13,4572.4,12156.66,34,4092.58,1686.13,4354.67,10133.38,0.6938775510204082,71.388,,2024,2,3,55.9,44.1,1,112.5,135.2,247.7,172.4,247.7,1,0.0,49,0,0,0,2,2,1,8,1,0,1,Reception,2,0,1.5,1686.13,500,1320,2480.77,1,1,0,1,0.0,0.51,25.11,248.1,0.803,0.328,Low,0,1,Tue,0,0,1,0,1,26,24,133580.79,0.9231,0,1,171,0.287,Moderate,0,0,93.3,0.0548
B-202402-94030,Booked,TechCorp Solutions,Town Hall Meeting,Corporate,In-person,Full Package,Technology,Technology,Cvent,Low,2023-12-31,2024-01-18,11,2024-02-21,2024-02-23,2,52,30,60,33,1,Breakout Room,1,1,7,1.0,18793.34,3,50.9,146.16,110.48,6628.8,572.64,3150.1,10351.54,57,6297.36,572.64,3000.1,9870.1,0.95,45.456,,2024,2,3,72.8,27.2,1,94.56,162.78,257.34,206.08,257.34,2,0.0,30,30,0,0,1,2,2,16,0,0,1,Banquet,2,0,2.0,572.64,700,4290,6911.55,4,0,0,0,100.0,0.82,24.41,172.53,0.909,0.303,Low,0,2,Wed,0,0,0,0,1,16,10,75417.65,0.625,0,1,136,0.221,Low,0,0,100.0,0.1346
B-202402-80699,Booked,Global Industries,Product Launch Event,Corporate,Virtual,Full Package,Technology,Other,RFP,Low,2023-10-14,2023-11-05,8,2024-02-22,2024-02-23,1,131,54,54,67,1,Half Ballroom,1,0,14,1.0,17229.32,3,51.9,154.49,118.87,6418.98,1624.71,3196.99,11240.68,45,5349.15,1624.71,3044.75,10018.61,0.8333333333333334,45.444,,2024,2,4,64.0,36.0,1,124.27,118.73,243.0,185.25,128.43,1,0.0,54,0,0,0,2,1,1,8,1,0,1,Classroom,2,0,2.0,1624.71,350,1800,2804.75,3,0,0,0,100.0,0.56,23.06,208.16,0.806,0.299,Low,0,3,Thu,0,0,0,0,1,29,24,354341.13,0.8276,0,1,136,0.397,Moderate,0,0,100.0,0.1069
B-202402-18698,Booked,Private Individual,Memorial Service Gathering,Wedding/Social,In-person,Full Package,Social,Social/Private,Cvent,Low,2023-06-23,2023-07-23,23,2024-02-23,2024-02-24,1,245,26,26,31,1,Breakout Room,1,0,7,0.0,0.0,3,50.3,150.08,108.06,2809.56,599.7,2478.75,5888.01,17,1837.02,599.7,2360.71,4797.43,0.6538461538461539,76.152,,2024,2,3,61.6,38.4,1,77.33,151.82,229.15,206.46,206.46,1,0.0,26,0,0,0,1,1,1,4,0,0,1,Banquet,0,0,0.0,599.7,0,1705,2261.1,1,1,0,1,0.0,0.78,28.0,226.46,0.839,0.323,Low,0,4,Fri,1,0,1,0,1,25,22,88616.27,0.88,0,1,156,0.167,Low,0,0,93.3,0.0286
B-202402-88275,Booked,Travel Club International,Regional History Tour,Corporate,Hybrid,Rooms Only,Professional Services,Professional Services,Sales Call,Medium,2023-10-16,2023-11-05,14,2024-02-23,2024-02-24,1,130,38,38,41,0,,0,0,6,0.0,0.0,2,55.1,154.36,132.9,5050.2,0.0,0.0,5050.2,37,4917.3,0.0,0.0,4917.3,0.9736842105263158,0.0,,2024,2,3,55.4,44.6,0,142.33,141.69,284.02,0.0,141.69,1,0.0,38,0,0,0,0,0,0,0,0,0,0,,0,0,0.0,0.0,0,0,0.0,0,0,0,0,0.0,0.0,13.9,132.9,0.927,0.0,Low,0,4,Fri,1,0,1,0,1,5,5,30164.64,1.0,0,0,156,0.244,Low,0,0,93.3,0.0462
B-202402-94388,Booked,Manufacturing Alliance,Product Launch Event,Corporate,Hybrid,Full Package,Finance,Other,Referral,Medium,2023-12-25,2024-01-15,9,2024-02-25,2024-02-27,2,62,43,86,51,1,Half Ballroom,1,0,12,0.0,0.0,2,53.5,153.24,110.33,9488.38,1390.37,4872.83,15751.58,74,8164.42,1390.37,4640.8,14195.59,0.8604651162790697,45.498,,2024,2,4,60.9,39.1,1,124.89,108.14,233.03,151.79,108.14,2,7.0,40,43,0,0,1,2,2,16,1,0,1,Classroom,3,1,2.5,1390.37,1000,3408,5552.18,4,0,0,0,100.0,0.42,28.0,183.16,0.843,0.196,Low,0,6,Sun,1,0,1,0,1,19,10,157760.12,0.5263,0,1,177,0.243,Low,0,0,93.3,0.1935
B-202402-48477,Booked,HR Professionals Network,Regional Chapter Meeting,Association,In-person,Meeting Only,Professional Services,Professional Services,RFP,Low,2023-08-11,2023-09-05,16,2024-02-26,2024-02-28,2,199,0,0,87,1,Half Ballroom,0,0,9,1.0,19222.69,2,57.5,156.3,0.0,0.0,1146.08,3080.32,4226.4,0,0.0,1146.08,2933.64,4079.72,,16.86,,2024,2,0,0.0,0.0,0,0.0,0.0,0.0,0.0,0.0,0,0.0,0,0,0,0,1,5,2,24,1,0,1,Classroom,2,0,1.8,1146.08,1550,3720,7105.89,4,0,0,0,20.0,0.72,100.0,,0.0,0.115,Low,0,0,Mon,0,0,0,0,1,15,9,167406.04,0.6,0,1,177,0.0,Low,0,0,86.7,0.0452
B-202402-98760,Booked,Accounting Institute,Industry Forum,Association,In-person,Full Package,Finance,Finance,Third-Party Planner,Medium,2023-08-04,2023-09-09,25,2024-02-27,2024-02-29,2,207,54,108,66,1,Half Ballroom,1,0,11,0.0,0.0,1,53.1,154.12,114.04,12316.32,1328.16,6928.89,20573.37,73,8324.92,1328.16,6598.94,16252.02,0.6759259259259259,49.992,,2024,2,2,62.5,37.5,0,9.63,115.82,125.45,0.0,115.82,2,0.0,54,54,0,0,2,2,2,16,1,0,1,Theater,2,0,2.0,1328.16,700,3280,5201.01,5,0,0,0,100.0,0.55,26.01,190.49,0.818,0.303,Low,0,1,Tue,0,0,1,0,1,20,17,336029.83,0.85,0,1,60,0.9,High,1,0,93.3,0.0531
B-202402-47623,Booked,Professional Engineers Society,Continuing Education Conference,Association,Hybrid,Full Package,Association,Other,Third-Party Planner,High,2023-07-02,2023-08-09,25,2024-02-28,2024-03-02,3,241,106,318,124,1,Grand Ballroom,1,1,13,0.0,0.0,2,54.6,145.8,105.05,33405.9,1871.29,15595.1,50872.29,209,21955.45,1871.29,14852.47,38679.21,0.6572327044025157,39.926,,2024,2,3,52.3,47.7,1,29.03,116.46,145.49,145.49,116.46,2,3.2,98,106,100,0,1,3,3,24,1,0,1,Theater,3,1,2.67,1871.29,1650,25296,33891.69,5,0,0,0,100.0,0.52,27.95,159.98,0.855,0.081,Low,0,2,Wed,0,0,1,0,1,23,18,371528.0,0.7826,0,1,109,0.972,High,1,0,93.3,0.0539
B-202402-63780,Booked,Insurance Federation,Industry Forum,Association,In-person,Meeting Only,Finance,Finance,Cvent,Medium,2023-07-11,2023-08-14,28,2024-02-28,2024-03-01,2,232,0,0,82,1,Half Ballroom,0,1,6,0.0,0.0,3,52.8,151.41,0.0,0.0,1335.47,3281.44,4616.91,0,0.0,1335.47,3125.18,4460.65,,19.056,,2024,2,0,0.0,0.0,0,0.0,0.0,0.0,0.0,0.0,0,0.0,0,0,0,0,1,5,2,24,1,0,1,Classroom,3,1,2.0,1335.47,1850,3348,6982.23,5,0,0,0,20.0,0.68,100.0,,0.0,0.122,Low,0,2,Wed,0,0,1,0,1,21,15,361692.06,0.7143,0,1,60,0.0,Low,0,0,80.0,0.0259
B-202402-74419,Booked,Insurance Federation,Professional Development Symposium,Association,In-person,Rooms Only,Finance,Finance,Referral,Low,2023-10-25,2023-11-28,27,2024-02-29,2024-03-02,2,127,5,10,5,0,,0,0,7,1.0,1392.59,1,58.8,159.76,119.18,1191.8,0.0,0.0,1191.8,7,834.26,0.0,0.0,834.26,0.7,0.0,,2024,2,3,72.5,27.5,1,113.75,128.29,242.04,219.38,128.29,2,80.0,1,5,0,0,0,0,0,0,0,0,0,,0,0,0.0,0.0,0,0,0.0,0,0,0,0,0.0,0.0,25.4,119.18,1.0,0.0,Low,0,3,Thu,0,0,0,0,1,22,16,366152.71,0.7273,0,1,109,0.046,Low,0,0,100.0,0.0551
B-202403-14861,Booked,Regional Healthcare System,Town Hall Meeting,Corporate,In-person,Full Package,Healthcare,Healthcare,Sales Call,Low,2024-01-20,2024-02-11,10,2024-03-02,2024-03-04,2,42,35,70,47,1,Half Ballroom,1,0,12,0.0,0.0,1,63.7,158.64,144.44,10110.8,801.28,4087.66,14999.74,65,9388.6,801.28,3893.01,14082.89,0.9285714285714286,41.415,,2024,3,4,74.5,25.5,1,118.6,142.15,260.75,260.75,164.66,2,8.6,32,35,0,0,1,2,2,16,1,0,1,Classroom,3,1,2.5,801.28,1000,3096,5262.91,5,0,0,0,100.0,0.39,8.95,214.28,0.745,0.213,Shoulder,0,5,Sat,1,0,1,0,1,14,13,126035.09,0.9286,0,1,149,0.235,Low,0,0,93.3,0.2857
B-202403-17152,Booked,Professional Services Group,Innovation Workshop,Corporate,In-person,Full Package,Healthcare,Other,RFP,Medium,2024-02-01,2024-02-17,7,2024-03-02,2024-03-04,2,30,36,72,41,1,Half Ballroom,1,0,9,1.0,23830.99,3,60.8,158.35,138.6,9979.2,1050.2,4245.68,15275.08,57,7900.2,1050.2,4043.5,12993.9,0.7916666666666666,49.311,,2024,3,3,64.0,36.0,1,142.74,135.0,277.74,229.2,135.0,2,22.2,28,36,0,0,1,2,2,16,1,0,1,Classroom,3,1,2.5,1050.2,1000,3936,6041.35,5,0,0,0,100.0,0.34,12.47,212.15,0.878,0.244,Shoulder,0,5,Sat,1,0,0,0,1,13,10,127160.03,0.7692,0,1,149,0.242,Low,0,0,100.0,0.3
B-202403-65690,Booked,Nursing Council,State Convention,Association,In-person,Meeting Only,Healthcare,Healthcare,Sales Call,Low,2023-04-11,2023-05-07,20,2024-03-03,2024-03-05,2,327,0,0,85,1,Half Ballroom,0,1,6,0.0,0.0,3,65.0,153.24,0.0,0.0,1474.75,3102.15,4576.9,0,0.0,1474.75,2954.43,4429.18,,17.379,,2024,3,0,0.0,0.0,0,0.0,0.0,0.0,0.0,0.0,0,0.0,0,0,0,0,2,5,2,24,1,0,1,Theater,2,0,1.4,1474.75,1150,3720,6835.88,5,0,0,0,20.0,0.71,100.0,,0.0,0.235,Shoulder,0,6,Sun,1,0,1,0,1,22,15,247618.16,0.6818,0,1,149,0.0,Low,0,0,80.0,0.0183
B-202403-70670,Booked,Insurance Federation,Leadership Institute,Association,Virtual,Full Package,Finance,Finance,Direct Inquiry,High,2023-08-21,2023-09-13,15,2024-03-04,2024-03-06,2,196,84,168,112,1,Half Ballroom,1,0,8,1.0,63815.65,2,63.4,155.37,136.06,22858.08,964.46,4445.28,28267.82,120,16327.2,964.46,4233.6,21525.26,0.7142857142857143,18.9,,2024,3,2,71.9,28.1,0,16.97,138.9,155.87,0.0,138.9,2,1.2,83,84,0,0,1,6,2,24,1,0,1,Theater,2,0,1.5,964.46,1500,3540,7000.61,5,0,0,0,0.0,0.93,12.43,168.26,0.75,0.089,Shoulder,0,0,Mon,0,0,0,0,1,23,17,366986.97,0.7391,0,1,13,1.0,High,1,1,100.0,0.0408
B-202403-74713,Booked,Social Event,Anniversary Celebration,Wedding/Social,In-person,Rooms Only,Social,Social/Private,RFP,Low,2023-10-06,2023-11-20,41,2024-03-04,2024-03-06,2,150,49,98,53,0,,0,1,4,1.0,12562.29,4,60.5,158.56,124.37,12188.26,0.0,0.0,12188.26,58,7213.46,0.0,0.0,7213.46,0.5918367346938775,0.0,,2024,3,3,51.1,48.9,1,73.47,126.77,200.24,200.24,126.77,2,0.0,49,49,0,0,0,0,0,0,0,0,0,,0,0,0.0,0.0,0,0,0.0,0,0,0,0,0.0,0.0,21.56,124.37,0.925,0.0,Shoulder,0,0,Mon,0,0,0,1,1,29,22,110175.0,0.7586,0,1,13,1.0,High,1,1,100.0,0.0267
B-202403-63382,Booked,Dental Association,Professional Development Symposium,Association,Hybrid,Full Package,Healthcare,Healthcare,Repeat Client,High,2023-08-02,2023-09-06,24,2024-03-05,2024-03-07,2,216,74,148,82,1,Half Ballroom,1,0,11,1.0,52250.97,1,68.0,158.39,137.64,20370.72,1503.1,3471.55,25345.37,95,13075.8,1503.1,3306.24,17885.14,0.6418918918918919,20.16,,2024,3,4,74.1,25.9,1,150.82,123.43,274.25,182.42,123.43,2,1.4,73,74,0,0,2,5,2,24,1,0,1,Classroom,3,1,2.0,1503.1,1850,4544,8295.02,5,0,0,0,20.0,0.68,13.1,171.25,0.902,0.244,Shoulder,0,1,Tue,0,1,0,0,1,20,15,282992.82,0.75,0,1,146,0.507,Moderate,0,0,100.0,0.0509
B-202403-76681,Booked,Veterans Group,Church Retreat Weekend,SMERF,In-person,Meeting Only,Government,Government,Referral,Low,2023-11-14,2023-12-12,18,2024-03-06,2024-03-07,1,113,0,0,97,1,Half Ballroom,0,0,10,0.0,0.0,3,62.0,157.32,0.0,0.0,1439.85,2052.68,3492.53,0,0.0,1439.85,1954.94,3394.79,,20.154,,2024,3,0,0.0,0.0,0,0.0,0.0,0.0,0.0,0.0,0,0.0,0,0,0,0,2,3,1,16,1,0,1,Theater,2,0,1.0,1439.85,500,1132,2764.71,2,0,0,0,33.3,0.81,100.0,,0.0,0.206,Shoulder,0,2,Wed,0,0,1,0,1,5,3,16874.85,0.6,0,1,146,0.0,Low,0,0,80.0,0.0885
B-202403-56461,Booked,Private Individual,Martinez-Garcia Wedding,Wedding/Social,In-person,Full Package,Social,Social/Private,Website,Low,2023-06-30,2023-08-18,40,2024-03-09,2024-03-10,1,253,38,38,42,1,Half Ballroom,1,0,9,1.0,17556.32,4,73.9,182.41,156.5,5947.0,1098.16,3255.64,10300.8,22,3443.0,1098.16,3100.61,7641.77,0.5789473684210527,73.824,,2024,3,2,57.9,42.1,0,133.04,148.46,281.5,0.0,281.5,1,0.0,38,0,0,0,1,1,1,4,1,0,1,Banquet,1,0,1.0,1098.16,150,1320,1804.87,1,1,0,1,0.0,0.35,14.2,271.07,0.905,0.238,Shoulder,0,5,Sat,1,0,0,0,1,27,23,93413.7,0.8519,0,1,182,0.209,Low,0,0,100.0,0.0356
B-202403-21171,Booked,Private Party,Memorial Service Gathering,Wedding/Social,In-person,Rooms Only,Social,Social/Private,Website,Low,2023-03-11,2023-04-04,18,2024-03-10,2024-03-11,1,365,29,29,31,0,,0,1,6,0.0,0.0,1,77.4,184.75,176.22,5110.38,0.0,0.0,5110.38,15,2643.3,0.0,0.0,2643.3,0.5172413793103449,0.0,,2024,3,2,70.5,29.5,0,37.38,136.57,173.95,0.0,136.57,1,0.0,29,0,0,0,0,0,0,0,0,0,0,,0,0,0.0,0.0,0,0,0.0,0,0,0,0,0.0,0.0,4.62,176.22,0.935,0.0,Shoulder,0,6,Sun,1,0,1,0,1,21,13,86550.8,0.619,0,1,191,0.152,Low,0,0,93.3,0.0164
B-202403-16117,Booked,Real Estate Board,Industry Forum,Association,In-person,Meeting Only,Government,Government,Referral,Medium,2023-04-30,2023-05-30,22,2024-03-11,2024-03-14,3,316,0,0,59,1,Half Ballroom,0,1,8,0.0,0.0,2,63.5,157.14,0.0,0.0,1356.14,8870.62,10226.76,0,0.0,1356.14,8448.21,9804.35,,47.73,,2024,3,0,0.0,0.0,0,0.0,0.0,0.0,0.0,0.0,0,0.0,0,0,0,0,1,3,3,24,1,0,1,Classroom,3,1,2.0,1356.14,1150,4280,7259.34,4,0,0,0,100.0,0.49,100.0,,0.0,0.169,Shoulder,0,0,Mon,0,0,1,0,1,14,12,269712.68,0.8571,0,1,137,0.0,Low,0,0,80.0,0.0253
B-202403-92629,Booked,Nursing Council,Networking Summit,Association,In-person,Full Package,Healthcare,Healthcare,Direct Inquiry,High,2023-09-05,2023-10-11,27,2024-03-11,2024-03-13,2,188,83,166,115,1,Half Ballroom,1,0,9,0.0,0.0,2,66.0,158.18,139.36,23133.76,1972.41,4739.68,29845.85,133,18534.88,1972.41,4513.98,25021.27,0.8012048192771084,19.626,,2024,3,4,54.1,45.9,1,154.08,130.15,284.23,169.99,130.15,2,12.0,73,83,0,0,2,5,2,24,1,0,1,Theater,2,0,1.4,1972.41,1150,4112,7177.06,5,0,0,0,20.0,0.96,11.9,179.79,0.722,0.174,Shoulder,0,0,Mon,0,0,1,0,1,23,16,252047.34,0.6957,0,1,13,1.0,High,1,1,93.3,0.0479
B-202403-23902,Booked,Global Industries,Innovation Workshop,Corporate,In-person,Full Package,Healthcare,Other,Sales Call,Low,2023-12-28,2024-01-14,10,2024-03-12,2024-03-13,1,75,46,46,52,1,Half Ballroom,1,1,7,0.0,0.0,2,56.9,164.1,130.92,6022.32,1327.29,2650.61,10000.22,38,4974.96,1327.29,2524.39,8826.64,0.8260869565217391,48.546,,2024,3,2,59.8,40.2,1,81.85,109.34,191.19,191.19,109.34,1,0.0,46,0,0,0,1,1,1,8,1,0,1,Theater,2,0,2.0,1327.29,350,1560,2530.88,3,0,0,0,100.0,0.43,20.22,217.4,0.885,0.192,Low,0,1,Tue,0,0,1,0,1,31,25,364359.74,0.8065,0,1,13,1.0,High,1,1,93.3,0.0933
B-202403-32900,Booked,Pharmaceutical Partners,Annual Sales Conference,Corporate,In-person,Full Package,Healthcare,Healthcare,Referral,Medium,2024-01-21,2024-02-13,14,2024-03-12,2024-03-14,2,51,45,90,49,1,Half Ballroom,1,0,9,0.0,0.0,1,65.4,153.09,132.01,11880.9,1292.0,4765.71,17938.61,77,10164.77,1292.0,4538.77,15995.54,0.8555555555555555,46.314,,2024,3,2,69.0,31.0,1,89.91,144.84,234.75,234.75,234.75,2,11.1,40,45,0,0,1,2,2,16,1,0,1,Banquet,2,0,2.0,1292.0,700,2280,4183.13,4,0,0,0,100.0,0.41,13.77,199.32,0.918,0.204,Shoulder,0,1,Tue,0,0,1,0,1,31,21,270020.85,0.6774,0,1,107,0.421,Moderate,0,0,93.3,0.1765
B-202403-58163,Booked,Personal Event,Charity Gala,Wedding/Social,In-person,Full Package,Social,Social/Private,Cvent,Medium,2023-03-13,2023-04-14,25,2024-03-12,2024-03-14,2,365,33,66,38,1,Breakout Room,1,1,7,1.0,29341.94,1,66.5,154.8,138.39,9133.74,365.72,3042.05,12541.51,38,5258.82,365.72,2897.2,8521.74,0.5757575757575758,38.121,,2024,3,3,66.6,33.4,1,38.77,146.86,185.63,185.63,146.86,2,6.1,31,33,0,0,1,3,2,12,0,0,1,Banquet,2,0,1.0,365.72,500,2090,4388.81,1,1,0,1,0.0,0.95,10.6,190.02,0.868,0.263,Shoulder,0,1,Tue,0,0,0,0,1,24,18,77767.1,0.75,0,1,107,0.308,Moderate,0,0,100.0,0.0192
B-202403-87468,Booked,State Medical Association,Educational Seminar Series,Association,Hybrid,Full Package,Healthcare,Healthcare,RFP,High,2023-09-05,2023-10-01,18,2024-03-13,2024-03-16,3,190,35,105,40,1,Breakout Room,1,1,8,0.0,0.0,1,65.5,163.96,137.04,14389.2,412.76,5893.02,20694.98,75,10278.0,412.76,5612.4,16303.16,0.7142857142857143,46.77,,2024,3,4,56.0,44.0,1,115.38,141.27,256.65,211.78,141.27,2,13.3,32,35,24,0,1,3,3,24,0,0,1,Banquet,2,0,2.0,412.76,1050,8172,12365.12,5,0,0,0,100.0,1.0,16.42,197.1,0.875,0.25,Shoulder,0,2,Wed,0,0,1,0,1,24,23,547761.59,0.9583,0,1,119,0.294,Moderate,0,0,93.3,0.0421
B-202403-10766,Booked,Manufacturing Alliance,Sales Kickoff,Corporate,In-person,Rooms Only,Technology,Other,Repeat Client,Medium,2023-12-25,2024-01-09,11,2024-03-14,2024-03-16,2,80,43,86,47,0,,0,0,4,0.0,0.0,1,57.6,151.65,115.03,9892.58,0.0,0.0,9892.58,71,8167.13,0.0,0.0,8167.13,0.8255813953488372,0.0,,2024,3,4,60.9,39.1,1,80.9,108.29,189.19,189.19,108.29,2,23.3,33,43,0,0,0,0,0,0,0,0,0,,0,0,0.0,0.0,0,0,0.0,0,0,0,0,0.0,0.0,24.15,115.03,0.915,0.0,Low,0,3,Thu,0,1,1,1,1,20,11,171955.71,0.55,0,1,49,0.878,High,1,0,93.3,0.05
B-202403-79193,Booked,Nursing Council,Certification Training,Association,In-person,Full Package,Healthcare,Healthcare,Cvent,Medium,2023-09-04,2023-09-28,14,2024-03-14,2024-03-17,3,192,23,69,27,1,Breakout Room,1,0,10,1.0,22352.31,4,70.4,151.36,138.86,9581.34,385.43,3807.01,13773.78,55,7637.3,385.43,3625.72,11648.45,0.7971014492753623,44.762,,2024,3,2,58.8,41.2,0,34.82,126.77,161.59,0.0,126.77,2,20.5,13,23,13,0,1,3,3,24,0,0,1,Classroom,3,1,2.33,385.43,1450,6129,10346.56,5,0,0,0,100.0,0.68,8.26,199.62,0.852,0.37,Shoulder,0,3,Thu,0,0,0,0,1,24,17,277068.61,0.7083,0,1,49,0.469,Moderate,0,0,100.0,0.0521
B-202403-83512,Booked,Real Estate Board,Continuing Education Conference,Association,In-person,Meeting Only,Government,Government,Direct Inquiry,Low,2023-05-13,2023-06-04,16,2024-03-15,2024-03-17,2,307,0,0,83,1,Half Ballroom,0,1,6,0.0,0.0,2,62.7,157.24,0.0,0.0,1403.52,3324.08,4727.6,0,0.0,1403.52,3165.79,4569.31,,19.071,,2024,3,0,0.0,0.0,0,0.0,0.0,0.0,0.0,0.0,0,0.0,0,0,0,0,2,4,2,24,1,0,1,Classroom,2,0,1.5,1403.52,1000,3560,6384.92,4,0,0,0,50.0,0.69,100.0,,0.0,0.241,Shoulder,0,4,Fri,1,0,1,0,1,15,13,279517.03,0.8667,0,1,49,0.0,Low,0,0,80.0,0.0195
B-202403-84511,Booked,Technology Innovators,Regional Team Meeting,Corporate,In-person,Rooms Only,Technology,Technology,Repeat Client,Medium,2023-12-24,2024-01-06,7,2024-03-15,2024-03-16,1,82,70,70,77,0,,0,1,6,0.0,0.0,1,60.8,156.32,119.29,8350.3,0.0,0.0,8350.3,67,7992.43,0.0,0.0,7992.43,0.9571428571428572,0.0,,2024,3,3,67.2,32.8,1,141.66,114.23,255.89,150.49,114.23,1,0.0,70,0,0,0,0,0,0,0,0,0,0,,0,0,0.0,0.0,0,0,0.0,0,0,0,0,0.0,0.0,23.69,119.29,0.909,0.0,Shoulder,0,4,Fri,1,1,1,0,1,20,15,226513.01,0.75,0,1,49,1.0,High,1,1,93.3,0.0732
B-202403-31624,Booked,Nonprofit Foundation,Cultural Heritage Festival,SMERF,Virtual,Meeting Only,Technology,Technology,Referral,Low,2024-01-21,2024-02-14,16,2024-03-17,2024-03-18,1,56,0,0,119,1,Half Ballroom,0,1,8,0.0,0.0,2,64.2,167.67,0.0,0.0,1733.54,1439.42,3172.96,0,0.0,1733.54,1370.88,3104.42,,11.52,,2024,3,0,0.0,0.0,0,0.0,0.0,0.0,0.0,0.0,0,0.0,0,0,0,0,2,3,1,16,1,0,1,Theater,2,0,1.33,1733.54,700,432,2370.82,1,0,0,0,33.3,0.99,100.0,,0.0,0.168,Shoulder,0,6,Sun,1,0,1,0,1,8,4,37606.03,0.5,0,1,183,0.0,Low,0,0,80.0,0.1429
B-202403-78770,Booked,Social Event,Engagement Party,Wedding/Social,In-person,Full Package,Social,Social/Private,RFP,Medium,2023-08-09,2023-09-22,33,2024-03-17,2024-03-18,1,221,37,37,43,1,Half Ballroom,1,0,11,0.0,0.0,1,71.0,160.1,141.55,5237.35,1172.95,3440.7,9851.0,20,2831.0,1172.95,3276.86,7280.81,0.5405405405405406,76.206,,2024,3,2,71.3,28.7,1,100.4,196.88,297.28,196.88,297.28,1,0.0,37,0,0,0,1,2,1,8,1,0,1,Banquet,1,0,0.5,1172.95,150,1320,2195.39,1,1,0,1,0.0,0.36,11.59,266.24,0.86,0.233,Shoulder,0,6,Sun,1,0,1,0,1,31,23,117388.46,0.7419,0,1,183,0.202,Low,0,0,93.3,0.0498
B-202403-92665,Booked,Technology Innovators,Leadership Summit,Corporate,In-person,Full Package,Technology,Technology,Website,High,2023-12-29,2024-01-23,13,2024-03-20,2024-03-22,2,82,71,142,80,1,Half Ballroom,1,0,12,1.0,42093.02,4,60.2,161.07,137.9,19581.8,980.48,8251.49,28813.77,131,18064.9,980.48,7858.56,26903.94,0.9225352112676056,49.116,,2024,3,3,60.5,39.5,1,154.58,133.75,288.33,197.34,133.75,2,8.5,65,71,0,0,1,2,2,16,1,0,1,Theater,2,0,2.0,980.48,700,3408,5229.31,4,0,0,0,100.0,0.67,14.39,202.91,0.888,0.125,Shoulder,0,2,Wed,0,0,0,0,1,21,16,234505.44,0.7619,0,1,89,0.798,High,1,0,100.0,0.1463
B-202403-36920,Booked,Global Industries,Customer Advisory Board,Corporate,Virtual,Full Package,Professional Services,Other,Cvent,Medium,2023-12-05,2023-12-24,11,2024-03-21,2024-03-23,2,107,32,64,36,1,Breakout Room,1,1,8,0.0,0.0,3,60.1,149.73,126.79,8114.56,557.67,3479.79,12152.02,62,7860.98,557.67,3314.09,11732.74,0.96875,46.029,,2024,3,2,56.4,43.6,1,39.39,233.58,272.97,233.58,272.97,2,15.6,27,32,0,0,1,2,2,16,0,0,1,Classroom,2,0,1.5,557.67,500,4284,6787.89,4,0,0,0,100.0,0.9,15.32,189.88,0.889,0.278,Shoulder,0,3,Thu,0,0,1,0,1,32,26,373186.38,0.8125,0,1,188,0.17,Low,0,0,93.3,0.0748
B-202403-92058,Booked,Cultural Journeys,Regional History Tour,Corporate,In-person,Full Package,Trade/Manufacturing,Trade/Manufacturing,Cvent,Low,2024-01-04,2024-01-23,10,2024-03-21,2024-03-22,1,77,28,28,32,1,Breakout Room,0,0,9,1.0,6796.53,4,61.1,156.65,129.12,3615.36,388.63,0.0,4003.99,26,3357.12,388.63,0.0,3745.75,0.9285714285714286,0.0,,2024,3,3,71.5,28.5,1,100.37,127.41,227.78,227.78,127.41,1,0.0,28,0,0,0,1,1,1,4,0,0,1,Classroom,1,0,1.0,388.63,150,0,704.17,0,0,0,0,0.0,0.8,17.57,143.0,0.875,0.312,Shoulder,0,3,Thu,0,0,0,0,1,11,10,61251.61,0.9091,0,1,89,0.315,Moderate,0,0,100.0,0.1169
B-202403-95729,Booked,Youth Organization,Community Theater Production,SMERF,In-person,Meeting Only,SMERF,Social/Community,Referral,Low,2024-02-05,2024-02-26,13,2024-03-21,2024-03-23,2,45,0,0,40,1,Breakout Room,0,0,8,0.0,0.0,2,66.9,157.83,0.0,0.0,521.21,1855.22,2376.43,0,0.0,521.21,1766.88,2288.09,,22.086,,2024,3,0,0.0,0.0,0,0.0,0.0,0.0,0.0,0.0,0,0.0,0,0,0,0,1,2,2,16,0,0,1,Classroom,1,0,1.0,521.21,300,2124,4348.16,2,0,0,0,100.0,1.0,100.0,,0.0,0.25,Shoulder,0,3,Thu,0,0,1,0,1,5,4,16837.6,0.8,0,1,89,0.0,Low,0,0,80.0,0.1778
B-202403-42457,Booked,Accounting Institute,Leadership Institute,Association,Hybrid,Full Package,Finance,Finance,Cvent,High,2023-08-02,2023-09-10,27,2024-03-23,2024-03-26,3,234,83,249,99,1,Half Ballroom,1,0,12,0.0,0.0,2,67.6,164.22,146.67,36520.83,1486.23,6129.73,44136.79,198,29040.66,1486.23,5837.83,36364.72,0.7951807228915663,19.656,,2024,3,4,72.8,27.2,1,97.14,130.13,227.27,227.27,130.13,2,3.2,78,83,77,0,2,7,3,36,1,0,1,Classroom,3,1,2.0,1486.23,2550,6020,11444.58,5,0,0,0,28.6,0.82,10.69,177.26,0.838,0.202,Shoulder,0,5,Sat,1,0,1,0,1,22,18,352281.85,0.8182,0,1,137,0.606,High,1,0,93.3,0.0513
B-202403-94394,Booked,Volunteer Network,Sports Team Tournament,SMERF,In-person,Rooms Only,Other,Other,Cvent,Medium,2024-01-28,2024-02-22,18,2024-03-23,2024-03-24,1,55,43,43,47,0,,0,0,7,0.0,0.0,2,65.7,151.41,116.16,4994.88,0.0,0.0,4994.88,37,4297.92,0.0,0.0,4297.92,0.8604651162790697,0.0,,2024,3,3,72.3,27.7,1,58.9,132.43,191.33,191.33,132.43,1,0.0,43,0,0,0,0,0,0,0,0,0,0,,0,0,0.0,0.0,0,0,0.0,0,0,0,0,0.0,0.0,23.28,116.16,0.915,0.0,Shoulder,0,5,Sat,1,0,1,0,1,11,6,26551.33,0.5455,0,1,94,0.457,Moderate,0,0,93.3,0.1273
B-202403-12446,Booked,TechCorp Solutions,Sales Kickoff,Corporate,In-person,Full Package,Technology,Technology,Third-Party Planner,Low,2023-12-30,2024-01-14,8,2024-03-25,2024-03-26,1,86,52,52,67,1,Half Ballroom,1,0,7,1.0,17361.13,3,65.4,158.74,130.05,6762.6,1137.36,1624.66,9524.62,44,5722.2,1137.36,1547.3,8406.86,0.8461538461538461,23.094,,2024,3,4,62.4,37.6,1,115.85,119.26,235.11,235.11,119.26,1,0.0,52,0,0,0,1,1,1,8,1,0,1,Theater,3,1,3.0,1137.36,650,720,1961.02,2,0,0,0,100.0,0.56,18.07,183.17,0.776,0.149,Shoulder,0,0,Mon,0,0,0,0,1,17,11,85287.75,0.6471,0,1,8,1.0,High,1,1,100.0,0.0814
B-202403-91764,Booked,Accounting Institute,Certification Training,Association,In-person,Full Package,Finance,Finance,RFP,Medium,2023-09-16,2023-10-13,14,2024-03-25,2024-03-26,1,191,77,77,92,1,Half Ballroom,1,0,13,1.0,18763.44,2,65.9,157.67,139.84,10767.68,1388.72,1673.3,13829.7,54,7551.36,1388.72,1593.62,10533.7,0.7012987012987013,17.322,,2024,3,3,64.9,35.1,1,99.81,194.36,294.17,242.87,194.36,1,0.0,77,0,0,0,1,2,1,12,1,0,1,Classroom,2,0,1.5,1388.72,500,1988,3430.44,5,0,0,0,50.0,0.77,11.31,179.61,0.837,0.109,Shoulder,0,0,Mon,0,0,0,0,1,23,19,388646.57,0.8261,0,1,8,1.0,High,1,1,100.0,0.0681
B-202403-19269,Booked,Manufacturing Alliance,Innovation Workshop,Corporate,In-person,Rooms Only,Professional Services,Other,Website,Low,2023-12-16,2023-12-30,11,2024-03-26,2024-03-28,2,101,45,90,49,0,,0,0,3,1.0,14230.58,3,65.8,152.05,134.3,12087.0,0.0,0.0,12087.0,87,11684.1,0.0,0.0,11684.1,0.9666666666666668,0.0,,2024,3,2,61.8,38.2,0,21.71,139.78,161.49,0.0,139.78,2,0.0,45,45,0,0,0,0,0,0,0,0,0,,0,0,0.0,0.0,0,0,0.0,0,0,0,0,0.0,0.0,11.67,134.3,0.918,0.0,Shoulder,0,1,Tue,0,0,0,1,1,21,12,180122.84,0.5714,0,1,38,1.0,High,1,1,100.0,0.0297
B-202403-24539,Booked,Community Church,Church Retreat Weekend,SMERF,In-person,Full Package,SMERF,Religious,RFP,Medium,2024-01-24,2024-02-17,13,2024-03-26,2024-03-28,2,62,33,66,44,1,Half Ballroom,1,1,11,0.0,0.0,2,64.5,158.89,130.07,8584.62,1253.6,1084.4,10922.62,54,7023.78,1253.6,1032.77,9310.15,0.8181818181818182,11.736,,2024,3,2,67.3,32.7,0,22.39,124.99,147.38,0.0,124.99,2,21.2,26,33,0,0,1,4,2,16,1,0,1,Classroom,2,0,0.75,1253.6,500,480,2421.02,1,0,0,0,0.0,0.37,18.14,165.49,0.75,0.227,Shoulder,0,1,Tue,0,0,1,0,1,7,6,51298.52,0.8571,0,1,38,0.868,High,1,0,93.3,0.1774
B-202403-26395,Booked,HR Professionals Network,State Convention,Association,Hybrid,Full Package,Professional Services,Professional Services,Sales Call,High,2023-07-24,2023-08-18,14,2024-03-26,2024-03-29,3,246,104,312,114,1,Half Ballroom,1,0,11,1.0,86643.27,2,63.9,157.46,134.15,41854.8,1228.09,5997.69,49080.58,203,27232.45,1228.09,5712.08,34172.62,0.6506410256410257,16.702,,2024,3,2,59.6,40.4,1,43.68,140.29,183.97,183.97,140.29,2,4.7,92,104,98,0,1,7,3,36,1,0,1,Classroom,3,1,1.86,1228.09,2350,5276,10464.61,5,0,0,0,28.6,0.95,14.8,157.31,0.912,0.088,Shoulder,0,1,Tue,0,0,0,0,1,17,10,171485.76,0.5882,0,1,38,1.0,High,1,1,100.0,0.0447
B-202403-66063,Booked,HR Professionals Network,Professional Development Symposium,Association,Virtual,Meeting Only,Professional Services,Professional Services,Referral,Medium,2023-10-23,2023-11-24,23,2024-03-27,2024-03-30,3,156,0,0,97,1,Half Ballroom,0,0,9,1.0,40880.91,3,60.3,159.32,0.0,0.0,1366.35,5945.39,7311.74,0,0.0,1366.35,5662.28,7028.63,,19.458,,2024,3,0,0.0,0.0,0,0.0,0.0,0.0,0.0,0.0,0,0.0,0,0,0,0,2,9,3,36,1,0,1,Theater,2,0,1.89,1366.35,2950,5312,11288.02,5,0,0,0,0.0,0.81,100.0,,0.0,0.206,Shoulder,0,2,Wed,0,0,0,0,1,18,11,205658.38,0.6111,0,1,38,0.0,Low,0,0,86.7,0.0577
B-202403-75382,Booked,Personal Event,Bar/Bat Mitzvah,Wedding/Social,In-person,Full Package,Social,Social/Private,Sales Call,Low,2023-08-05,2023-08-27,15,2024-03-28,2024-03-29,1,236,29,29,40,1,Breakout Room,1,0,7,0.0,0.0,3,57.0,158.06,122.31,3546.99,576.97,3032.32,7156.28,15,1834.65,576.97,2887.92,5299.54,0.5172413793103449,72.198,,2024,3,3,62.7,37.3,1,81.26,113.76,195.02,195.02,128.55,1,0.0,29,0,0,0,1,1,1,4,0,0,1,Banquet,2,0,2.0,576.97,350,2200,3161.71,1,1,0,1,0.0,1.0,22.62,246.77,0.725,0.25,Low,0,3,Thu,0,0,1,0,1,25,19,86288.84,0.76,0,1,87,0.333,Moderate,0,0,93.3,0.0297
B-202403-88890,Booked,Consulting Network,Product Launch Event,Corporate,In-person,Meeting Only,Professional Services,Professional Services,Sales Call,Low,2024-02-05,2024-02-26,13,2024-03-28,2024-03-30,2,52,0,0,63,1,Half Ballroom,0,1,8,1.0,18529.43,2,66.2,156.17,0.0,0.0,1928.47,5291.87,7220.34,0,0.0,1928.47,5039.87,6968.34,,39.999,,2024,3,0,0.0,0.0,0,0.0,0.0,0.0,0.0,0.0,0,0.0,0,0,0,0,2,2,2,16,1,0,1,Classroom,3,1,2.5,1928.47,1000,1440,3687.2,3,0,0,0,100.0,0.53,100.0,,0.0,0.317,Shoulder,0,3,Thu,0,0,0,0,1,14,11,116512.85,0.7857,0,1,87,0.0,Low,0,0,86.7,0.1538
B-202403-74852,Booked,HR Professionals Network,Educational Seminar Series,Association,Virtual,Full Package,Professional Services,Professional Services,Sales Call,High,2023-07-29,2023-08-31,24,2024-03-29,2024-04-01,3,244,56,168,69,1,Half Ballroom,1,1,9,0.0,0.0,3,64.5,158.61,138.36,23244.48,1439.29,10314.56,34998.33,130,17986.8,1439.29,9823.39,29249.48,0.7738095238095238,47.456,,2024,3,4,73.5,26.5,1,145.1,130.89,275.99,172.33,130.89,2,9.4,46,56,44,0,2,3,3,24,1,0,1,Classroom,2,0,1.33,1439.29,650,4780,7234.73,5,0,0,0,100.0,0.57,12.77,208.32,0.812,0.29,Shoulder,0,4,Fri,1,0,1,0,1,19,12,212687.01,0.6316,0,1,164,0.341,Moderate,0,0,93.3,0.0369
B-202403-12572,Booked,Education Foundation,Professional Development Symposium,Association,In-person,Rooms Only,Education,Education,RFP,Low,2023-11-02,2023-11-22,14,2024-03-31,2024-04-01,1,150,53,53,58,0,,0,1,6,1.0,9336.16,2,61.3,162.0,132.94,7045.82,0.0,0.0,7045.82,38,5051.72,0.0,0.0,5051.72,0.7169811320754716,0.0,,2024,3,3,63.6,36.4,1,121.23,152.03,273.26,232.17,232.17,1,0.0,53,0,0,0,0,0,0,0,0,0,0,,0,0,0.0,0.0,0,0,0.0,0,0,0,0,0.0,0.0,17.94,132.94,0.914,0.0,Shoulder,0,6,Sun,1,0,0,0,1,24,17,429007.19,0.7083,0,1,78,0.679,High,1,0,100.0,0.04
B-202403-29082,Booked,Private Party,Graduation Celebration,Wedding/Social,In-person,Full Package,Social,Social/Private,Website,Medium,2023-04-01,2023-05-10,28,2024-03-31,2024-04-01,1,365,33,33,43,1,Half Ballroom,1,1,11,0.0,0.0,3,69.5,156.79,143.51,4735.83,1055.27,3505.72,9296.82,21,3013.71,1055.27,3338.78,7407.76,0.6363636363636364,77.646,,2024,3,3,53.7,46.3,1,62.26,163.31,225.57,225.57,163.31,1,0.0,33,0,0,0,1,2,1,8,1,0,1,Reception,2,0,1.5,1055.27,500,1080,2301.45,1,0,1,1,0.0,0.36,8.47,281.72,0.767,0.233,Shoulder,0,6,Sun,1,0,1,0,1,22,14,89194.1,0.6364,0,1,78,0.423,Moderate,0,0,93.3,0.0301
B-202404-18853,Booked,Professional Engineers Society,Industry Forum,Association,In-person,Full Package,Association,Other,Repeat Client,High,2023-06-29,2023-08-06,27,2024-04-01,2024-04-03,2,277,121,242,161,1,Grand Ballroom,1,1,11,1.0,97283.24,2,80.3,166.32,174.47,42221.74,2550.24,13894.9,58666.88,174,30357.78,2550.24,13233.23,46141.25,0.71900826446281,41.097,,2024,4,4,63.6,36.4,1,158.48,179.18,337.66,284.17,182.53,2,1.7,119,121,0,0,2,2,2,16,1,0,1,Classroom,3,1,3.0,2550.24,1300,22540,28460.7,5,0,0,0,100.0,0.67,-4.9,242.43,0.752,0.124,Peak,0,0,Mon,0,1,0,0,0,25,19,410207.21,0.76,0,1,61,1.0,High,1,1,100.0,0.0397
B-202404-70902,Booked,Cultural Journeys,Architecture Tour Group,SMERF,In-person,Rooms Only,Association,Association,RFP,Low,2024-01-28,2024-02-18,16,2024-04-02,2024-04-03,1,65,38,38,49,0,Boardroom A,0,0,5,1.0,7190.04,3,79.6,160.11,138.2,5251.6,0.0,0.0,5251.6,35,4837.0,0.0,0.0,4837.0,0.9210526315789472,0.0,,2024,4,4,73.1,26.9,1,134.72,152.54,287.26,190.1,160.96,1,0.0,38,0,0,0,0,1,1,4,0,0,1,,0,0,0.0,0.0,0,0,318.85,0,0,0,0,0.0,0.0,13.68,138.2,0.776,0.0,Peak,0,1,Tue,0,0,0,1,1,12,11,64997.36,0.9167,0,1,61,0.623,High,1,0,100.0,0.0769
B-202404-17312,Booked,Manufacturing Alliance,Annual Sales Conference,Corporate,In-person,Full Package,Healthcare,Other,Sales Call,Low,2024-01-25,2024-02-20,13,2024-04-03,2024-04-04,1,69,47,47,52,1,Half Ballroom,1,0,13,0.0,0.0,1,79.0,171.84,164.45,7729.15,1328.4,2323.67,11381.22,44,7235.8,1328.4,2213.02,10777.22,0.9361702127659576,42.558,,2024,4,3,72.9,27.1,1,189.01,146.12,335.13,252.2,146.12,1,0.0,47,0,0,0,1,1,1,8,1,0,1,Classroom,2,0,2.0,1328.4,350,1560,2484.28,3,0,0,0,100.0,0.43,4.3,242.15,0.904,0.192,Peak,0,2,Wed,0,0,1,0,1,22,13,191806.94,0.5909,0,1,83,0.566,Moderate,0,0,93.3,0.1884
B-202404-18526,Booked,Personal Event,Holiday Party,Wedding/Social,In-person,Full Package,Social,Social/Private,Cvent,Low,2023-06-13,2023-07-06,16,2024-04-03,2024-04-04,1,295,38,38,44,1,Half Ballroom,1,0,7,1.0,16385.3,2,81.7,167.77,161.84,6149.92,1140.56,3683.15,10973.63,24,3884.16,1140.56,3507.77,8532.49,0.631578947368421,79.722,,2024,4,2,58.6,41.4,0,160.25,164.74,324.99,0.0,164.74,1,0.0,38,0,0,0,1,2,1,8,1,0,1,Reception,1,0,0.5,1140.56,150,1320,2162.15,1,1,0,1,0.0,0.37,3.53,288.78,0.864,0.227,Peak,0,2,Wed,0,0,0,0,1,26,20,91588.38,0.7692,0,1,83,0.458,Moderate,0,0,100.0,0.0237
B-202404-91207,Booked,Senior Adventures,Regional Arts Tour,Corporate,In-person,Full Package,Government,Government,Third-Party Planner,Medium,2024-01-02,2024-01-23,11,2024-04-03,2024-04-04,1,92,52,52,69,1,Half Ballroom,0,0,10,0.0,0.0,4,80.8,159.07,163.38,8495.76,1466.15,0.0,9961.91,47,7678.86,1466.15,0.0,9145.01,0.903846153846154,0.0,,2024,4,4,51.9,48.1,1,172.55,179.68,352.23,261.16,179.68,1,0.0,52,0,0,0,2,1,1,4,1,0,1,Classroom,0,0,0.0,1466.15,0,0,333.38,0,0,0,0,0.0,0.57,-2.71,191.58,0.754,0.29,Peak,0,2,Wed,0,0,1,0,0,8,5,15385.76,0.625,0,1,83,0.627,High,1,0,93.3,0.1087
B-202404-27143,Booked,Travel Club International,Nature & Wildlife Tour,Corporate,In-person,Full Package,Finance,Finance,Repeat Client,Medium,2024-02-29,2024-03-25,11,2024-04-04,2024-04-05,1,35,36,36,41,1,Half Ballroom,0,0,14,0.0,0.0,1,79.3,169.62,163.75,5895.0,845.38,0.0,6740.38,35,5731.25,845.38,0.0,6576.63,0.9722222222222222,0.0,,2024,4,2,68.5,31.5,0,163.84,148.99,312.83,0.0,148.99,1,0.0,36,0,0,0,1,1,1,4,1,0,1,Classroom,1,0,1.0,845.38,150,0,514.69,0,0,0,0,0.0,0.34,3.46,187.23,0.878,0.244,Peak,0,3,Thu,0,1,1,0,1,6,6,35081.94,1.0,0,0,184,0.196,Low,0,0,93.3,0.4
B-202404-89079,Booked,Tour Operator Network,Garden Tour Society,Corporate,In-person,Full Package,Professional Services,Professional Services,Cvent,Medium,2024-02-06,2024-02-25,12,2024-04-05,2024-04-06,1,59,12,12,14,1,Boardroom,0,1,7,0.0,0.0,2,79.6,160.74,155.37,1864.44,367.19,0.0,2231.63,11,1709.07,367.19,0.0,2076.26,0.9166666666666666,0.0,,2024,4,4,74.8,25.2,1,110.33,140.19,250.52,250.52,140.19,1,0.0,12,0,0,0,1,1,1,4,0,1,1,Boardroom,1,0,1.0,367.19,150,0,809.94,0,0,0,0,0.0,1.0,3.34,185.97,0.857,0.714,Peak,0,4,Fri,1,0,1,0,1,8,7,54703.55,0.875,0,1,208,0.058,Low,0,0,93.3,0.1186
B-202404-15776,Booked,Private Party,Graduation Celebration,Wedding/Social,Hybrid,Meeting Only,Social,Social/Private,RFP,Low,2023-08-19,2023-09-14,21,2024-04-06,2024-04-07,1,231,0,0,41,1,Half Ballroom,0,0,5,0.0,0.0,3,76.8,172.08,0.0,0.0,1018.79,3517.79,4536.58,0,0.0,1018.79,3350.27,4369.06,,81.714,,2024,4,0,0.0,0.0,0,0.0,0.0,0.0,0.0,0.0,0,0.0,0,0,0,0,1,2,1,8,1,0,1,Banquet,0,0,0.0,1018.79,0,1080,1806.53,1,0,1,1,0.0,0.34,100.0,,0.0,0.244,Shoulder,0,5,Sat,1,0,1,1,1,23,15,96601.86,0.6522,0,1,183,0.0,Low,0,0,80.0,0.0216
B-202404-33078,Booked,Volunteer Network,Youth Group Gathering,SMERF,In-person,Full Package,Other,Other,Third-Party Planner,Low,2023-11-22,2023-12-21,15,2024-04-06,2024-04-08,2,136,37,74,50,1,Half Ballroom,1,0,14,0.0,0.0,3,80.2,171.22,151.59,11217.66,1111.89,2402.19,14731.74,58,8792.22,1111.89,2287.8,12191.91,0.7837837837837838,22.878,,2024,4,2,73.4,26.6,1,17.55,162.48,180.03,180.03,162.48,2,0.0,37,37,0,0,1,2,2,16,1,0,1,Theater,1,0,1.0,1111.89,300,940,2400.39,2,0,0,0,100.0,0.42,11.46,199.08,0.74,0.2,Peak,0,5,Sat,1,0,1,0,1,12,7,30849.25,0.5833,0,1,8,1.0,High,1,1,93.3,0.1029
B-202404-10881,Booked,Legal Society,State Convention,Association,In-person,Full Package,Legal,Legal,Sales Call,Low,2023-06-20,2023-07-19,22,2024-04-07,2024-04-08,1,292,59,59,65,1,Half Ballroom,1,0,7,1.0,16884.9,2,79.4,160.75,147.61,8708.99,1362.35,2811.63,12882.97,39,5756.79,1362.35,2677.74,9796.88,0.6610169491525424,41.196,,2024,4,2,62.0,38.0,1,102.34,181.3,283.64,181.3,181.3,1,0.0,59,0,0,0,1,1,1,8,1,0,1,Classroom,2,0,2.0,1362.35,350,1300,2303.85,3,0,0,0,100.0,0.54,8.17,218.36,0.908,0.154,Peak,0,6,Sun,1,0,0,0,1,12,9,154611.46,0.75,0,1,8,1.0,High,1,1,100.0,0.024
B-202404-36607,Booked,Accounting Institute,Policy Symposium,Association,Hybrid,Full Package,Finance,Finance,Direct Inquiry,High,2023-08-25,2023-09-23,19,2024-04-07,2024-04-10,3,226,67,201,91,1,Half Ballroom,1,1,10,0.0,0.0,1,76.0,161.92,144.75,29094.75,1345.54,5762.24,36202.53,154,22291.5,1345.54,5487.85,29124.89,0.7661691542288557,20.102,,2024,4,3,54.3,45.7,1,140.66,140.53,281.19,238.83,140.53,2,5.1,65,67,59,0,2,8,3,36,1,0,1,Theater,3,1,2.0,1345.54,3000,5020,10940.63,3,0,0,0,12.5,0.76,10.6,180.11,0.736,0.22,Shoulder,0,6,Sun,1,0,1,0,1,24,20,399180.27,0.8333,0,1,153,0.438,Moderate,0,0,93.3,0.0442
B-202404-60579,Booked,TechCorp Solutions,Product Launch Event,Corporate,Hybrid,Full Package,Technology,Technology,Cvent,Low,2024-02-10,2024-02-26,9,2024-04-07,2024-04-08,1,57,49,49,56,1,Half Ballroom,1,1,7,0.0,0.0,3,77.6,165.87,154.55,7572.95,1079.86,1422.14,10074.95,45,6954.75,1079.86,1354.42,9389.03,0.9183673469387756,24.186,,2024,4,3,57.5,42.5,1,47.95,146.68,194.63,194.63,146.68,1,0.0,49,0,0,0,1,1,1,8,1,0,1,Classroom,1,0,1.0,1079.86,150,960,1708.57,2,0,0,0,100.0,0.47,6.82,205.61,0.875,0.179,Shoulder,0,6,Sun,1,0,1,0,1,18,12,93694.61,0.6667,0,1,8,1.0,High,1,1,93.3,0.1228
B-202404-52157,Booked,Nonprofit Foundation,Charity Fundraiser,SMERF,In-person,Full Package,Technology,Technology,RFP,Medium,2023-12-21,2024-01-15,17,2024-04-09,2024-04-10,1,110,50,50,58,1,Half Ballroom,1,0,8,1.0,13510.28,3,76.4,173.17,152.95,7647.5,937.87,677.82,9263.19,41,6270.95,937.87,645.54,7854.36,0.82,11.13,,2024,4,2,61.6,38.4,1,89.51,200.09,289.6,200.09,289.6,1,0.0,50,0,0,0,1,2,1,8,1,0,1,Classroom,2,0,1.5,937.87,500,240,1470.84,1,0,0,0,0.0,0.48,11.68,185.26,0.862,0.172,Shoulder,0,1,Tue,0,0,0,0,1,9,5,40710.45,0.5556,0,1,103,0.485,Moderate,0,0,100.0,0.0727
B-202404-58449,Booked,Legal Society,Regional Chapter Meeting,Association,In-person,Full Package,Legal,Legal,Third-Party Planner,High,2023-05-07,2023-05-29,15,2024-04-10,2024-04-13,3,339,127,381,164,1,Grand Ballroom,1,0,7,1.0,123848.08,2,87.1,159.73,168.76,64297.56,1666.31,25126.39,91090.26,265,44721.4,1666.31,23929.9,70317.61,0.6955380577427821,48.638,,2024,4,4,68.0,32.0,1,129.99,151.74,281.73,281.73,168.47,2,4.1,115,127,125,0,1,3,3,24,1,0,1,Theater,3,1,2.67,1666.31,1650,37556,46809.39,5,0,0,0,100.0,0.68,-5.65,239.08,0.774,0.061,Peak,1,2,Wed,0,0,0,0,0,13,10,164408.34,0.7692,0,1,0,,Unknown,0,1,100.0,0.0206
B-202404-65799,Booked,Professional Services Group,Product Launch Event,Corporate,Hybrid,Full Package,Technology,Other,Website,Medium,2024-03-01,2024-03-23,8,2024-04-11,2024-04-12,1,41,70,70,93,1,Half Ballroom,1,0,14,1.0,22720.14,2,81.4,170.26,173.43,12140.1,1450.77,1614.16,15205.03,65,11272.95,1450.77,1537.29,14261.01,0.9285714285714286,16.53,,2024,4,4,55.8,44.2,0,142.48,150.78,293.26,0.0,150.78,1,0.0,70,0,0,0,2,2,1,12,1,0,1,Classroom,3,1,2.5,1450.77,1000,936,2850.41,2,0,0,0,50.0,0.78,-1.86,217.21,0.753,0.215,Peak,0,3,Thu,0,0,0,0,0,14,11,140153.93,0.7857,0,1,0,,Unknown,0,1,100.0,0.3415
B-202404-69183,Booked,Real Estate Board,Industry Forum,Association,Virtual,Full Package,Government,Government,Repeat Client,Medium,2023-09-22,2023-10-24,18,2024-04-11,2024-04-13,2,202,43,86,48,1,Half Ballroom,1,0,14,0.0,0.0,1,73.7,166.33,147.25,12663.5,1045.69,3999.85,17709.04,67,9865.75,1045.69,3809.38,14720.82,0.7790697674418605,39.681,,2024,4,2,61.0,39.0,1,94.57,148.5,243.07,243.07,148.5,2,18.6,35,43,0,0,1,2,2,16,1,0,1,Classroom,1,0,1.0,1045.69,300,3000,4449.59,4,0,0,0,100.0,0.4,11.47,205.92,0.896,0.208,Shoulder,0,3,Thu,0,1,1,0,1,16,14,284086.34,0.875,0,1,0,,Unknown,0,1,93.3,0.0693
B-202404-89036,Booked,Education Foundation,Annual Member Conference,Association,In-person,Full Package,Education,Education,Cvent,Low,2023-07-30,2023-09-02,22,2024-04-11,2024-04-13,2,256,15,30,20,1,Breakout Room,1,1,12,1.0,14142.28,2,78.7,166.27,162.55,4876.5,521.05,2062.37,7459.92,19,3088.45,521.05,1964.16,5573.66,0.6333333333333333,49.104,,2024,4,2,67.0,33.0,1,44.13,282.18,326.31,282.18,282.18,2,73.3,4,15,0,0,1,2,2,16,0,0,1,Theater,3,1,2.5,521.05,1000,3280,6342.47,5,0,0,0,100.0,0.5,2.24,248.66,0.75,0.5,Peak,0,3,Thu,0,0,0,0,0,25,18,434058.91,0.72,0,1,0,,Unknown,0,1,100.0,0.0469
B-202404-36254,Booked,Private Individual,Martinez-Garcia Wedding,Wedding/Social,In-person,Full Package,Social,Social/Private,Repeat Client,Medium,2023-07-08,2023-08-12,25,2024-04-12,2024-04-14,2,279,36,72,41,1,Half Ballroom,1,0,10,1.0,32358.47,1,83.6,164.88,163.84,11796.48,885.83,3766.01,16448.32,42,6881.28,885.83,3586.68,11353.79,0.5833333333333334,43.74,,2024,4,2,53.1,46.9,0,32.02,144.35,176.37,0.0,144.35,2,5.6,34,36,0,0,1,2,2,8,1,0,1,Banquet,1,0,0.5,885.83,150,1320,2206.34,1,1,0,1,0.0,0.34,0.63,228.45,0.878,0.244,Peak,0,4,Fri,1,1,0,0,0,28,24,101055.47,0.8571,0,1,184,0.196,Low,0,0,100.0,0.0358
B-202404-36263,Booked,Personal Event,Anniversary Celebration,Wedding/Social,In-person,Rooms Only,Social,Social/Private,Direct Inquiry,Low,2023-08-14,2023-09-21,33,2024-04-14,2024-04-15,1,244,25,25,27,0,,0,0,5,0.0,0.0,2,72.8,167.68,166.81,4170.25,0.0,0.0,4170.25,14,2335.34,0.0,0.0,2335.34,0.56,0.0,,2024,4,4,62.5,37.5,1,115.62,159.71,275.33,275.33,159.71,1,0.0,25,0,0,0,0,0,0,0,0,0,0,,0,0,0.0,0.0,0,0,0.0,0,0,0,0,0.0,0.0,0.52,166.81,0.926,0.0,Shoulder,0,6,Sun,1,0,1,1,0,27,21,100120.87,0.7778,0,1,0,,Unknown,0,1,93.3,0.0205
B-202404-63330,Booked,State Medical Association,Policy Symposium,Association,In-person,Full Package,Healthcare,Healthcare,Website,High,2023-06-22,2023-07-21,15,2024-04-14,2024-04-16,2,297,89,178,101,1,Half Ballroom,1,1,14,1.0,65786.31,2,80.2,163.48,159.84,28451.52,1237.15,3506.65,33195.32,124,19820.16,1237.15,3339.67,24396.98,0.6966292134831461,16.533,,2024,4,3,69.1,30.9,1,165.98,157.57,323.55,254.2,323.55,2,4.5,85,89,0,0,1,5,2,24,1,0,1,Theater,3,1,2.4,1237.15,2350,4792,9004.15,4,0,0,0,20.0,0.84,2.23,186.49,0.881,0.099,Peak,0,6,Sun,1,0,0,0,0,26,24,564064.75,0.9231,0,1,0,,Unknown,0,1,100.0,0.0471
B-202404-75213,Booked,Real Estate Board,Member Appreciation Event,Association,Hybrid,Full Package,Government,Government,RFP,High,2023-08-30,2023-09-28,22,2024-04-14,2024-04-16,2,228,82,164,96,1,Half Ballroom,1,0,7,1.0,54070.88,3,77.8,172.66,174.11,28554.04,1624.05,3862.86,34040.95,113,19674.43,1624.05,3678.91,24977.39,0.6890243902439024,19.161,,2024,4,3,65.4,34.6,0,14.56,165.78,180.34,0.0,168.45,2,3.7,79,82,0,0,2,5,2,24,1,0,1,Classroom,2,0,1.2,1624.05,950,3920,6745.1,5,0,0,0,20.0,0.8,-0.84,207.57,0.854,0.208,Shoulder,0,6,Sun,1,0,0,0,0,17,15,298807.16,0.8824,0,1,0,,Unknown,0,1,100.0,0.0307
B-202404-87664,Booked,TechCorp Solutions,Leadership Summit,Corporate,In-person,Full Package,Technology,Technology,RFP,Low,2024-01-06,2024-01-24,10,2024-04-14,2024-04-16,2,99,29,58,39,1,Breakout Room,1,0,8,1.0,24337.61,2,79.8,166.52,159.9,9274.2,544.97,3404.91,13224.08,54,8634.6,544.97,3242.77,12422.34,0.9310344827586208,41.574,,2024,4,2,53.2,46.8,1,38.95,161.05,200.0,200.0,161.05,2,37.9,18,29,0,0,1,2,2,16,0,0,1,Theater,3,1,2.0,544.97,800,3312,5991.24,3,0,0,0,100.0,0.97,3.98,228.0,0.744,0.256,Peak,0,6,Sun,1,0,0,0,1,20,13,103083.64,0.65,0,1,0,,Unknown,0,1,100.0,0.0808
B-202404-35295,Booked,Community Church,Community Service Event,SMERF,In-person,Full Package,SMERF,Religious,Repeat Client,Medium,2024-02-27,2024-03-30,21,2024-04-15,2024-04-16,1,48,50,50,55,1,Half Ballroom,1,0,11,0.0,0.0,2,76.4,164.51,163.2,8160.0,1146.94,676.37,9983.31,40,6528.0,1146.94,644.16,8319.1,0.8,11.712,,2024,4,4,55.7,44.3,1,146.3,152.51,298.81,270.07,152.51,1,0.0,50,0,0,0,1,1,1,8,1,0,1,Banquet,2,0,2.0,1146.94,350,700,1652.4,1,0,0,0,100.0,0.46,0.8,199.67,0.909,0.182,Shoulder,0,0,Mon,0,1,1,0,0,9,7,60608.67,0.7778,0,1,0,,Unknown,0,1,93.3,0.2292
B-202404-66112,Booked,Accounting Institute,Board Retreat,Association,In-person,Full Package,Finance,Finance,Direct Inquiry,High,2023-09-07,2023-10-06,19,2024-04-15,2024-04-18,3,221,66,198,79,1,Half Ballroom,1,0,10,1.0,70170.23,1,78.2,174.08,163.73,32418.54,1004.74,11165.4,44588.68,139,22758.47,1004.74,10633.72,34396.93,0.702020202020202,44.868,,2024,4,2,74.1,25.9,0,154.02,146.61,300.63,0.0,146.61,2,4.0,65,66,60,0,1,3,3,24,1,0,1,Classroom,3,1,1.67,1004.74,950,4140,6973.2,4,0,0,0,100.0,0.66,5.95,225.2,0.835,0.127,Peak,0,0,Mon,0,0,0,0,1,25,21,428305.16,0.84,0,1,133,0.496,Moderate,0,0,100.0,0.0452
B-202404-93335,Booked,Family Celebration,Williams-Brown Wedding,Wedding/Social,In-person,Full Package,Social,Social/Private,Sales Call,Low,2023-08-18,2023-10-03,36,2024-04-15,2024-04-17,2,241,21,42,24,1,Breakout Room,1,0,10,0.0,0.0,4,81.4,168.11,173.77,7298.34,436.9,1868.83,9604.07,23,3996.71,436.9,1779.84,6213.45,0.5476190476190477,37.08,,2024,4,4,51.9,48.1,1,151.95,174.37,326.32,201.2,174.37,2,57.1,9,21,0,0,1,3,2,12,0,0,1,Banquet,1,0,0.33,436.9,150,1320,3351.3,1,1,0,1,0.0,0.6,-3.37,228.67,0.875,0.417,Peak,0,0,Mon,0,0,1,0,0,30,25,143714.17,0.8333,0,1,133,0.158,Low,0,0,93.3,0.0415
B-202404-76115,Booked,Energy Solutions,Sales Kickoff,Corporate,Hybrid,Meeting Only,Professional Services,Other,Third-Party Planner,Medium,2024-02-25,2024-03-10,8,2024-04-16,2024-04-19,3,51,0,0,146,1,Grand Ballroom,0,0,6,0.0,0.0,2,79.8,165.87,0.0,0.0,2286.64,23047.43,25334.07,0,0.0,2286.64,21949.93,24236.57,,50.114,,2024,4,0,0.0,0.0,0,0.0,0.0,0.0,0.0,0.0,0,0.0,0,0,0,0,2,3,3,24,1,0,1,Theater,3,1,2.67,2286.64,1650,28178,37277.28,4,0,0,0,100.0,0.61,100.0,,0.0,0.137,Peak,0,1,Tue,0,0,1,0,1,21,11,146327.87,0.5238,0,1,133,0.0,Low,0,0,80.0,0.1176
B-202404-21013,Booked,Service Club,Cultural Heritage Festival,SMERF,In-person,Full Package,SMERF,Social/Community,Referral,Low,2024-02-26,2024-03-15,11,2024-04-18,2024-04-20,2,52,27,54,33,1,Breakout Room,1,0,7,0.0,0.0,1,74.9,162.16,152.12,8214.48,540.32,1167.77,9922.57,47,7149.64,540.32,1112.17,8802.13,0.8703703703703703,16.851,,2024,4,2,50.2,49.8,0,175.11,145.13,320.24,0.0,145.13,2,37.0,17,27,0,0,1,4,2,16,0,0,1,Theater,2,0,1.5,540.32,1000,2706,6157.26,2,0,0,0,0.0,0.82,6.19,183.75,0.818,0.303,Shoulder,0,3,Thu,0,0,1,0,1,9,7,68843.02,0.7778,0,1,193,0.14,Low,0,0,93.3,0.1346
B-202404-85813,Booked,Private Party,Holiday Party,Wedding/Social,In-person,Full Package,Social,Social/Private,RFP,Low,2023-07-15,2023-08-22,28,2024-04-20,2024-04-21,1,280,20,20,27,1,Breakout Room,1,0,10,1.0,11581.42,2,78.7,156.97,151.39,3027.8,431.8,2240.39,5699.99,14,2119.46,431.8,2133.7,4684.96,0.7,79.026,,2024,4,4,51.0,49.0,1,142.8,138.68,281.48,250.1,138.68,1,0.0,20,0,0,0,1,1,1,4,0,0,1,Reception,2,0,2.0,431.8,350,1485,2480.53,1,1,0,1,0.0,0.68,3.55,285.0,0.741,0.37,Peak,0,5,Sat,1,0,0,0,1,25,16,100970.92,0.64,0,1,200,0.1,Low,0,0,100.0,0.0357
B-202404-12440,Booked,State Medical Association,Committee Meeting,Association,In-person,Full Package,Healthcare,Healthcare,Sales Call,Medium,2023-10-20,2023-11-22,22,2024-04-21,2024-04-24,3,184,28,84,35,1,Breakout Room,1,1,11,1.0,31788.03,1,73.6,171.97,147.2,12364.8,402.19,4394.12,17161.11,69,10156.8,402.19,4184.88,14743.87,0.8214285714285714,39.856,,2024,4,3,61.3,38.7,0,154.8,123.42,278.22,0.0,123.42,2,17.8,24,28,16,0,1,3,3,24,0,0,1,Classroom,2,0,1.67,402.19,850,6720,10587.78,5,0,0,0,100.0,0.88,14.4,204.3,0.8,0.286,Shoulder,0,6,Sun,1,0,0,0,1,27,25,588461.73,0.9259,0,1,192,0.146,Low,0,0,100.0,0.0598
B-202404-90538,Booked,HR Professionals Network,Industry Forum,Association,In-person,Full Package,Professional Services,Professional Services,Direct Inquiry,High,2023-08-03,2023-09-05,23,2024-04-23,2024-04-26,3,264,75,225,97,1,Half Ballroom,1,0,10,0.0,0.0,1,82.5,168.85,163.94,36886.5,1359.81,4997.57,43243.88,156,25574.64,1359.81,4759.6,31694.05,0.6933333333333334,16.356,,2024,4,3,66.7,33.3,0,153.36,144.39,297.75,0.0,159.86,2,7.5,63,75,63,0,1,7,3,36,1,0,1,Classroom,3,1,1.86,1359.81,2350,5168,10282.01,5,0,0,0,28.6,0.81,2.91,192.2,0.773,0.103,Peak,0,1,Tue,0,0,1,0,0,20,13,241936.49,0.65,0,1,8,1.0,High,1,1,93.3,0.0379
B-202404-46629,Booked,Professional Engineers Society,Member Appreciation Event,Association,Hybrid,Full Package,Association,Other,Cvent,Medium,2023-07-28,2023-09-04,26,2024-04-24,2024-04-26,2,271,75,150,87,1,Half Ballroom,1,0,12,1.0,52562.23,1,81.7,168.61,164.18,24627.0,1308.12,3650.35,29585.47,100,16418.0,1308.12,3476.52,21202.64,0.6666666666666666,19.98,,2024,4,3,74.6,25.4,1,155.94,143.47,299.41,198.16,143.47,2,14.7,64,75,0,0,1,5,2,24,1,0,1,Classroom,3,1,2.4,1308.12,2450,4392,8733.07,4,0,0,0,20.0,0.72,2.63,197.24,0.862,0.115,Peak,0,2,Wed,0,0,0,0,0,26,20,456348.46,0.7692,0,1,8,1.0,High,1,1,100.0,0.0443
B-202404-65550,Booked,Energy Solutions,Leadership Summit,Corporate,Hybrid,Meeting Only,Finance,Other,Direct Inquiry,Low,2024-01-28,2024-02-20,13,2024-04-24,2024-04-25,1,87,0,0,142,1,Grand Ballroom,0,1,10,0.0,0.0,2,78.2,165.21,0.0,0.0,2621.98,6920.63,9542.61,0,0.0,2621.98,6591.07,9213.05,,46.416,,2024,4,0,0.0,0.0,0,0.0,0.0,0.0,0.0,0.0,0,0.0,0,0,0,0,2,1,1,8,1,0,1,Classroom,3,1,3.0,2621.98,650,10934,14330.61,4,0,0,0,100.0,0.59,100.0,,0.0,0.141,Peak,0,2,Wed,0,0,1,0,1,22,12,170564.44,0.5455,0,1,8,0.0,Low,0,0,80.0,0.1149
B-202404-71691,Booked,Consulting Network,Sales Kickoff,Corporate,In-person,Full Package,Professional Services,Professional Services,Third-Party Planner,Medium,2024-01-16,2024-02-12,13,2024-04-24,2024-04-26,2,99,62,124,71,1,Half Ballroom,1,1,14,0.0,0.0,3,84.4,161.29,170.97,21200.28,1558.35,6998.01,29756.64,108,18464.76,1558.35,6664.77,26687.88,0.8709677419354839,46.935,,2024,4,3,68.3,31.7,0,190.49,172.76,363.25,0.0,172.76,2,14.5,53,62,0,0,2,2,2,16,1,0,1,Classroom,2,0,2.0,1558.35,700,3408,5267.75,4,0,0,0,100.0,0.59,-6.0,239.97,0.873,0.282,Peak,0,2,Wed,0,0,1,0,0,15,12,123481.19,0.8,0,1,8,1.0,High,1,1,93.3,0.1414
B-202404-40704,Booked,Private Individual,Anniversary Celebration,Wedding/Social,In-person,Full Package,Social,Social/Private,Referral,Low,2023-09-25,2023-11-01,26,2024-04-26,2024-04-27,1,214,25,25,34,1,Breakout Room,1,1,11,0.0,0.0,3,76.2,166.16,143.93,3598.25,558.71,2946.97,7103.93,16,2302.88,558.71,2806.63,5668.22,0.64,82.548,,2024,4,4,53.8,46.2,1,128.22,129.61,257.83,177.08,129.61,1,0.0,25,0,0,0,1,1,1,4,0,0,1,Reception,2,0,2.0,558.71,350,1870,2801.85,1,1,0,1,0.0,0.85,13.38,284.16,0.735,0.294,Shoulder,0,4,Fri,1,0,1,0,1,29,25,112409.26,0.8621,0,1,195,0.128,Low,0,0,93.3,0.0514
B-202404-81650,Booked,Global Industries,Performance Review Summit,Corporate,In-person,Rooms Only,Healthcare,Other,Referral,Low,2024-01-03,2024-01-18,10,2024-04-27,2024-04-29,2,115,56,112,61,0,,0,1,5,0.0,0.0,2,81.6,165.94,168.93,18920.16,0.0,0.0,18920.16,103,17399.79,0.0,0.0,17399.79,0.9196428571428572,0.0,,2024,4,4,59.7,40.3,1,154.02,153.91,307.93,254.36,153.91,2,21.4,44,56,0,0,0,0,0,0,0,0,0,,0,0,0.0,0.0,0,0,0.0,0,0,0,0,0.0,0.0,-1.8,168.93,0.918,0.0,Peak,0,5,Sat,1,0,1,1,0,33,27,384919.12,0.8182,0,1,127,0.441,Moderate,0,0,93.3,0.0435
B-202404-86697,Booked,Youth Organization,Sports Team Tournament,SMERF,In-person,Meeting Only,SMERF,Social/Community,Website,Low,2023-12-30,2024-01-26,19,2024-04-27,2024-04-28,1,119,0,0,61,1,Half Ballroom,0,0,8,0.0,0.0,4,78.7,164.33,0.0,0.0,954.45,654.46,1608.91,0,0.0,954.45,623.3,1577.75,,10.218,,2024,4,0,0.0,0.0,0,0.0,0.0,0.0,0.0,0.0,0,0.0,0,0,0,0,1,2,1,8,1,0,1,Banquet,1,0,0.5,954.45,150,700,1540.54,1,0,0,0,0.0,0.51,100.0,,0.0,0.164,Peak,0,5,Sat,1,0,1,0,1,6,5,19125.69,0.8333,0,1,164,0.0,Low,0,0,80.0,0.0672
B-202404-29472,Booked,State Medical Association,Industry Forum,Association,In-person,Full Package,Healthcare,Healthcare,Third-Party Planner,Medium,2023-06-26,2023-07-20,14,2024-04-28,2024-05-01,3,307,37,111,43,1,Half Ballroom,1,1,10,1.0,45303.22,4,73.5,166.08,156.18,17335.98,800.87,5634.45,23771.3,70,10932.6,800.87,5366.14,17099.61,0.6306306306306306,41.598,,2024,4,4,70.9,29.1,1,144.2,155.02,299.22,207.93,155.02,2,13.8,25,37,28,0,1,3,3,24,1,0,1,Classroom,2,0,2.0,800.87,1050,3680,6535.97,4,0,0,0,100.0,0.36,5.96,214.16,0.86,0.233,Shoulder,0,6,Sun,1,0,0,0,1,28,26,603205.6,0.9286,0,1,161,0.23,Low,0,0,100.0,0.0326
B-202404-18523,Booked,Technology Innovators,Annual Sales Conference,Corporate,In-person,Rooms Only,Technology,Technology,Website,Low,2024-03-22,2024-04-03,9,2024-04-29,2024-04-30,1,38,8,8,8,0,,0,1,3,1.0,1260.94,4,78.3,163.14,164.73,1317.84,0.0,0.0,1317.84,6,988.38,0.0,0.0,988.38,0.75,0.0,,2024,4,3,64.2,35.8,1,39.47,155.38,194.85,194.85,161.57,1,0.0,8,0,0,0,0,0,0,0,0,0,0,,0,0,0.0,0.0,0,0,0.0,0,0,0,0,0.0,0.0,-0.97,164.73,1.0,0.0,Peak,0,0,Mon,0,0,0,1,0,23,17,261409.38,0.7391,0,1,161,0.05,Low,0,0,100.0,0.0789
B-202404-98029,Booked,Private Individual,Baby Shower Weekend,Wedding/Social,In-person,Full Package,Social,Social/Private,Direct Inquiry,Low,2023-06-22,2023-08-04,32,2024-04-29,2024-04-30,1,312,14,14,18,1,Breakout Room,1,0,11,0.0,0.0,2,81.5,169.91,166.57,2331.98,588.55,1375.43,4295.96,8,1332.56,588.55,1309.93,3231.04,0.5714285714285714,72.774,,2024,4,4,60.2,39.8,1,131.29,164.84,296.13,242.51,206.53,1,0.0,14,0,0,0,1,1,1,4,0,0,1,Reception,2,0,2.0,588.55,350,990,1954.63,1,1,0,1,0.0,0.45,1.97,306.85,0.778,0.556,Peak,0,0,Mon,0,0,1,0,0,30,26,118077.48,0.8667,0,1,161,0.087,Low,0,0,93.3,0.0353
B-202405-10947,Booked,Global Industries,Town Hall Meeting,Corporate,Hybrid,Full Package,Finance,Other,Direct Inquiry,High,2024-03-11,2024-04-05,11,2024-05-02,2024-05-05,3,52,62,186,82,1,Half Ballroom,1,0,14,0.0,0.0,1,81.7,171.53,175.1,32568.6,1282.91,4762.02,38613.53,179,31342.9,1282.91,4535.26,37161.07,0.9623655913978496,18.436,,2024,5,3,70.7,29.3,1,52.36,164.63,216.99,216.99,164.63,2,7.9,57,62,50,0,1,7,3,36,1,0,1,Theater,3,1,2.0,1282.91,2650,6678,12199.33,5,0,0,0,28.6,0.68,-2.08,207.6,0.756,0.122,Peak,0,3,Thu,0,0,1,0,0,34,28,402318.91,0.8235,0,1,158,0.392,Moderate,0,0,93.3,0.2692
B-202405-13662,Booked,Financial Services Group,Performance Review Summit,Corporate,In-person,Meeting Only,Finance,Finance,Third-Party Planner,Low,2024-01-27,2024-02-15,13,2024-05-03,2024-05-05,2,97,0,0,68,1,Half Ballroom,0,0,6,1.0,17976.81,1,85.8,171.89,0.0,0.0,801.45,7055.75,7857.2,0,0.0,801.45,6719.76,7521.21,,49.41,,2024,5,0,0.0,0.0,0,0.0,0.0,0.0,0.0,0.0,0,0.0,0,0,0,0,1,2,2,16,1,0,1,Classroom,2,0,1.5,801.45,500,2808,4529.58,5,0,0,0,100.0,0.57,100.0,,0.0,0.147,Peak,1,4,Fri,1,0,0,0,1,17,13,129846.03,0.7647,0,1,158,0.0,Low,0,0,86.7,0.0619
B-202405-13830,Booked,Banking Consortium,Innovation Workshop,Corporate,In-person,Meeting Only,Finance,Finance,Repeat Client,Medium,2024-02-15,2024-03-03,8,2024-05-04,2024-05-06,2,79,0,0,143,1,Grand Ballroom,0,1,9,1.0,36181.2,1,79.0,166.53,0.0,0.0,1704.33,13334.22,15038.55,0,0.0,1704.33,12699.26,14403.59,,44.403,,2024,5,0,0.0,0.0,0,0.0,0.0,0.0,0.0,0.0,0,0.0,0,0,0,0,1,2,2,16,1,0,1,Classroom,3,1,2.5,1704.33,1000,18304,24295.18,4,0,0,0,100.0,0.6,100.0,,0.0,0.07,Peak,0,5,Sat,1,1,0,0,1,18,13,181169.53,0.7222,0,1,63,0.0,Low,0,0,86.7,0.1139
B-202405-23878,Booked,Technology Innovators,Customer Advisory Board,Corporate,In-person,Meeting Only,Technology,Technology,Sales Call,Low,2024-03-11,2024-04-01,13,2024-05-04,2024-05-06,2,54,0,0,66,1,Half Ballroom,0,0,8,0.0,0.0,1,78.5,169.65,0.0,0.0,1959.33,6470.26,8429.59,0,0.0,1959.33,6162.16,8121.49,,46.683,,2024,5,0,0.0,0.0,0,0.0,0.0,0.0,0.0,0.0,0,0.0,0,0,0,0,2,2,2,16,1,0,1,Theater,2,0,2.0,1959.33,700,2784,4736.4,3,0,0,0,100.0,0.55,100.0,,0.0,0.303,Peak,0,5,Sat,1,0,1,0,1,24,18,262397.76,0.75,0,1,63,0.0,Low,0,0,80.0,0.1481
B-202405-55140,Booked,Youth Organization,Volunteer Training,SMERF,In-person,Full Package,SMERF,Social/Community,Repeat Client,Medium,2024-01-05,2024-02-04,17,2024-05-04,2024-05-05,1,120,37,37,43,1,Half Ballroom,0,0,13,0.0,0.0,1,81.2,169.93,164.91,6101.67,1120.56,0.0,7222.23,27,4452.57,1120.56,0.0,5573.13,0.7297297297297297,0.0,,2024,5,2,59.4,40.6,1,116.58,146.35,262.93,262.93,146.35,1,0.0,37,0,0,0,1,2,1,8,1,0,1,Classroom,2,0,1.5,1120.56,500,0,1165.46,0,0,0,0,0.0,0.36,2.95,195.2,0.86,0.233,Peak,0,5,Sat,1,1,1,0,0,7,6,20703.44,0.8571,0,1,63,0.587,Moderate,0,0,93.3,0.1083
B-202405-61229,Booked,Regional Healthcare System,Leadership Summit,Corporate,In-person,Rooms Only,Healthcare,Healthcare,Referral,Low,2024-02-06,2024-02-21,11,2024-05-04,2024-05-06,2,88,34,68,37,0,,0,0,4,0.0,0.0,1,85.9,167.51,165.19,11232.92,0.0,0.0,11232.92,58,9581.02,0.0,0.0,9581.02,0.8529411764705882,0.0,,2024,5,3,65.6,34.4,1,158.62,147.09,305.71,218.15,147.09,2,2.9,33,34,0,0,0,0,0,0,0,0,0,,0,0,0.0,0.0,0,0,0.0,0,0,0,0,0.0,0.0,1.38,165.19,0.919,0.0,Peak,1,5,Sat,1,0,1,1,0,15,14,140117.98,0.9333,0,1,67,0.507,Moderate,0,0,93.3,0.0455
B-202405-64767,Booked,Private Party,Williams-Brown Wedding,Wedding/Social,In-person,Rooms Only,Social,Social/Private,Direct Inquiry,Low,2023-07-21,2023-09-04,40,2024-05-04,2024-05-06,2,288,24,48,26,0,,0,1,5,1.0,9366.47,1,79.4,172.2,155.32,7455.36,0.0,0.0,7455.36,31,4814.92,0.0,0.0,4814.92,0.6458333333333334,0.0,,2024,5,3,57.8,42.2,1,63.82,131.89,195.71,195.71,131.89,2,0.0,24,24,0,0,0,0,0,0,0,0,0,,0,0,0.0,0.0,0,0,0.0,0,0,0,0,0.0,0.0,9.8,155.32,0.923,0.0,Peak,0,5,Sat,1,0,0,1,1,26,17,105655.88,0.6538,0,1,67,0.358,Moderate,0,0,100.0,0.0174
B-202405-94153,Booked,Manufacturing Alliance,Product Launch Event,Corporate,In-person,Rooms Only,Professional Services,Other,Third-Party Planner,Low,2024-02-09,2024-02-22,7,2024-05-05,2024-05-07,2,86,41,82,45,0,,0,0,6,1.0,15552.55,2,82.1,175.04,183.6,15055.2,0.0,0.0,15055.2,70,12852.0,0.0,0.0,12852.0,0.8536585365853658,0.0,,2024,5,4,56.0,44.0,1,145.26,168.21,313.47,252.68,168.21,2,7.3,38,41,0,0,0,0,0,0,0,0,0,,0,0,0.0,0.0,0,0,0.0,0,0,0,0,0.0,0.0,-4.89,183.6,0.911,0.0,Peak,0,6,Sun,1,0,0,0,0,23,14,202584.16,0.6087,0,1,41,1.0,High,1,0,100.0,0.0698
B-202405-94358,Booked,Banking Consortium,Product Launch Event,Corporate,In-person,Full Package,Finance,Finance,Website,Medium,2024-02-14,2024-03-04,12,2024-05-05,2024-05-07,2,81,54,108,67,1,Half Ballroom,1,0,7,1.0,29382.46,1,84.4,177.14,183.1,19774.8,1129.96,6500.76,27405.52,99,18126.9,1129.96,6191.2,25448.06,0.9166666666666666,46.203,,2024,5,4,66.0,34.0,1,111.68,157.07,268.75,268.75,157.07,2,14.8,46,54,0,0,1,2,2,16,1,0,1,Theater,2,0,1.5,1129.96,500,2808,4531.9,5,0,0,0,100.0,0.56,-3.36,253.75,0.806,0.149,Peak,0,6,Sun,1,0,0,0,0,19,14,195573.12,0.7368,0,1,41,1.0,High,1,1,100.0,0.0864
B-202405-36787,Booked,Regional Healthcare System,Quarterly Business Review,Corporate,In-person,Full Package,Healthcare,Healthcare,Repeat Client,Medium,2024-03-02,2024-03-22,13,2024-05-06,2024-05-07,1,65,50,50,62,1,Half Ballroom,1,0,7,0.0,0.0,1,87.5,177.38,188.02,9401.0,1393.47,1485.06,12279.53,44,8272.88,1393.47,1414.34,11080.69,0.88,22.812,,2024,5,3,57.4,42.6,1,107.89,162.69,270.58,270.58,162.69,1,0.0,50,0,0,0,2,1,1,8,1,0,1,Theater,1,0,1.0,1393.47,150,1272,2065.35,2,0,0,0,100.0,0.52,-6.0,245.59,0.806,0.323,Peak,1,0,Mon,0,1,1,0,0,16,15,149699.0,0.9375,0,1,41,1.0,High,1,1,93.3,0.1077
B-202405-51676,Booked,Social Event,Engagement Party,Wedding/Social,In-person,Full Package,Social,Social/Private,Website,Medium,2023-07-08,2023-08-17,29,2024-05-06,2024-05-07,1,303,34,34,38,1,Breakout Room,1,1,11,1.0,12193.51,4,87.7,164.73,168.48,5728.32,520.39,2949.17,9197.88,19,3201.12,520.39,2808.73,6530.24,0.5588235294117647,73.914,,2024,5,3,70.3,29.7,1,120.45,153.25,273.7,273.7,153.25,1,0.0,34,0,0,0,1,1,1,4,0,0,1,Banquet,2,0,2.0,520.39,350,1710,2661.04,1,0,1,1,0.0,0.95,-2.28,270.53,0.895,0.263,Peak,1,0,Mon,0,0,0,0,0,36,24,124669.27,0.6667,0,1,41,0.829,High,1,0,100.0,0.0363
B-202405-26260,Booked,Industry Trade Group,State Convention,Association,In-person,Full Package,Trade/Manufacturing,Trade/Manufacturing,Direct Inquiry,Medium,2023-07-13,2023-08-10,17,2024-05-08,2024-05-11,3,300,46,138,53,1,Half Ballroom,1,0,11,0.0,0.0,1,85.5,167.78,166.67,23000.46,846.82,7652.65,31499.93,97,16166.99,846.82,7288.24,24302.05,0.7028985507246377,45.838,,2024,5,3,72.4,27.6,1,121.41,174.34,295.75,241.79,174.34,2,7.7,39,46,38,0,1,3,3,24,1,0,1,Theater,2,0,1.67,846.82,850,3400,6014.53,5,0,0,0,100.0,0.44,0.66,228.26,0.868,0.189,Peak,1,2,Wed,0,0,1,0,0,16,10,142508.95,0.625,0,1,145,0.317,Moderate,0,0,93.3,0.0367
B-202405-13888,Booked,Private Party,Martinez-Garcia Wedding,Wedding/Social,In-person,Rooms Only,Social,Social/Private,Repeat Client,Low,2023-12-11,2024-01-10,26,2024-05-09,2024-05-10,1,150,29,29,31,0,,0,1,4,0.0,0.0,1,82.3,171.07,166.32,4823.28,0.0,0.0,4823.28,18,2993.76,0.0,0.0,2993.76,0.6206896551724138,0.0,,2024,5,2,63.0,37.0,1,39.21,170.53,209.74,209.74,170.53,1,0.0,29,0,0,0,0,0,0,0,0,0,0,,0,0,0.0,0.0,0,0,0.0,0,0,0,0,0.0,0.0,2.78,166.32,0.935,0.0,Peak,0,3,Thu,0,1,1,1,0,27,18,110470.8,0.6667,0,1,145,0.2,Low,0,0,93.3,0.0267
B-202405-28764,Booked,Premier Tours,Nature & Wildlife Tour,Corporate,In-person,Full Package,Legal,Legal,Sales Call,Low,2024-04-04,2024-04-25,14,2024-05-10,2024-05-12,2,36,12,24,16,1,Breakout Room,0,0,7,0.0,0.0,3,90.2,190.94,201.29,4830.96,474.75,0.0,5305.71,21,4227.09,474.75,0.0,4701.84,0.875,0.0,,2024,5,4,72.2,27.8,1,178.82,163.4,342.22,214.5,163.4,2,41.7,7,12,0,0,1,2,2,8,0,0,1,Theater,1,0,0.5,474.75,150,0,1397.84,0,0,0,0,0.0,0.4,-5.42,221.07,0.75,0.625,Peak,1,4,Fri,1,0,1,0,0,10,7,46643.97,0.7,0,1,169,0.071,Low,0,0,93.3,0.1944
B-202405-68755,Booked,Regional Healthcare System,Regional Team Meeting,Corporate,Hybrid,Meeting Only,Healthcare,Healthcare,Third-Party Planner,Low,2024-02-26,2024-03-14,10,2024-05-10,2024-05-11,1,74,0,0,59,1,Half Ballroom,0,1,7,0.0,0.0,3,90.3,185.96,0.0,0.0,1245.34,2844.62,4089.96,0,0.0,1245.34,2709.16,3954.5,,45.918,,2024,5,0,0.0,0.0,0,0.0,0.0,0.0,0.0,0.0,0,0.0,0,0,0,0,1,1,1,8,1,0,1,Classroom,3,1,3.0,1245.34,650,1560,2768.33,3,0,0,0,100.0,0.49,100.0,,0.0,0.169,Peak,1,4,Fri,1,0,1,0,1,17,16,160779.69,0.9412,0,1,162,0.0,Low,0,0,80.0,0.0946
B-202405-80688,Booked,Banking Consortium,New Hire Orientation,Corporate,In-person,Rooms Only,Finance,Finance,Website,Medium,2024-03-27,2024-04-14,14,2024-05-11,2024-05-14,3,45,39,117,42,0,,0,1,4,1.0,16677.95,3,92.1,190.73,202.17,23653.89,0.0,0.0,23653.89,101,20419.17,0.0,0.0,20419.17,0.8632478632478633,0.0,,2024,5,2,74.5,25.5,1,85.92,201.88,287.8,287.8,287.8,2,11.1,31,39,29,0,0,0,0,0,0,0,0,,0,0,0.0,0.0,0,0,0.0,0,0,0,0,0.0,0.0,-6.0,202.17,0.929,0.0,Peak,1,5,Sat,1,0,0,1,0,20,15,221021.18,0.75,0,1,151,0.258,Moderate,0,0,100.0,0.0889
B-202405-27607,Booked,Education Foundation,Member Appreciation Event,Association,In-person,Full Package,Education,Education,Cvent,High,2023-11-13,2023-12-14,24,2024-05-12,2024-05-15,3,181,30,90,37,1,Breakout Room,1,0,7,0.0,0.0,1,95.5,195.64,207.38,18664.2,507.83,5695.8,24867.83,66,13687.08,507.83,5424.57,19619.48,0.7333333333333333,48.87,,2024,5,3,62.7,37.3,0,31.72,161.81,193.53,0.0,193.53,2,2.7,29,30,28,0,1,3,3,24,0,0,1,Banquet,3,1,2.0,507.83,1150,7380,11433.48,5,0,0,0,100.0,0.93,-6.0,276.31,0.811,0.27,Peak,1,6,Sun,1,0,1,0,0,26,19,439632.57,0.7308,0,1,0,,Unknown,0,1,93.3,0.0387
B-202405-15723,Booked,Accounting Institute,Professional Development Symposium,Association,Hybrid,Full Package,Finance,Finance,Repeat Client,Medium,2023-07-24,2023-08-22,17,2024-05-13,2024-05-15,2,294,43,86,58,1,Half Ballroom,1,0,12,0.0,0.0,1,83.1,165.02,172.45,14830.7,1375.49,4938.38,21144.57,60,10347.0,1375.49,4703.22,16425.71,0.6976744186046512,40.545,,2024,5,3,62.8,37.2,1,108.11,220.22,328.33,258.13,220.22,2,14.0,37,43,0,0,1,2,2,16,1,0,1,Classroom,2,0,1.5,1375.49,500,3240,4944.75,4,0,0,0,100.0,0.48,-4.5,245.87,0.741,0.172,Peak,0,0,Mon,0,1,1,0,0,26,22,462702.09,0.8462,0,1,118,0.364,Moderate,0,0,93.3,0.0408
B-202405-42847,Booked,Private Party,Family Reunion Weekend,Wedding/Social,In-person,Full Package,Social,Social/Private,Third-Party Planner,Low,2023-07-08,2023-08-06,21,2024-05-13,2024-05-14,1,310,18,18,23,1,Breakout Room,1,1,8,1.0,5953.67,1,79.4,171.56,156.02,2808.36,428.06,1931.81,5168.23,10,1560.2,428.06,1839.82,3828.08,0.5555555555555556,79.992,,2024,5,2,74.1,25.9,1,64.29,214.09,278.38,214.09,278.38,1,0.0,18,0,0,0,1,1,1,4,0,0,1,Banquet,1,0,1.0,428.06,150,1265,2051.22,1,1,0,1,0.0,0.57,9.06,287.12,0.783,0.435,Peak,0,0,Mon,0,0,0,0,1,28,19,113464.56,0.6786,0,1,0,,Unknown,0,1,100.0,0.0258
B-202405-56665,Booked,Travel Club International,Wine Country Excursion,SMERF,In-person,Full Package,Education,Education,Sales Call,Low,2023-12-31,2024-01-18,11,2024-05-13,2024-05-14,1,134,33,33,44,1,Half Ballroom,0,1,7,0.0,0.0,1,80.6,167.15,156.67,5170.11,1299.29,0.0,6469.4,29,4543.43,1299.29,0.0,5842.72,0.8787878787878788,0.0,,2024,5,2,68.6,31.4,1,38.14,170.12,208.26,208.26,170.12,1,0.0,33,0,0,0,1,1,1,4,1,0,1,Classroom,1,0,1.0,1299.29,150,0,492.03,0,0,0,0,0.0,0.37,6.27,196.04,0.75,0.227,Peak,0,0,Mon,0,0,1,0,1,7,7,41658.57,1.0,0,0,0,,Unknown,0,1,93.3,0.0522
B-202405-68194,Booked,Professional Services Group,Customer Advisory Board,Corporate,Virtual,Full Package,Healthcare,Other,Repeat Client,Low,2024-01-20,2024-02-12,14,2024-05-13,2024-05-14,1,114,36,36,46,1,Half Ballroom,1,0,9,1.0,13378.38,1,82.3,169.59,168.03,6049.08,1233.34,2132.64,9415.06,30,5040.9,1233.34,2031.08,8305.32,0.8333333333333334,44.154,,2024,5,3,51.9,48.1,1,42.62,175.6,218.22,218.22,175.6,1,0.0,36,0,0,0,1,1,1,8,1,0,1,Theater,1,0,1.0,1233.34,150,1008,1731.45,3,0,0,0,100.0,0.38,0.92,261.53,0.783,0.217,Peak,0,0,Mon,0,1,0,0,0,15,12,154414.94,0.8,0,1,0,,Unknown,0,1,100.0,0.0789
B-202405-70372,Booked,Financial Services Group,Sales Kickoff,Corporate,Hybrid,Full Package,Finance,Finance,Repeat Client,Low,2024-01-25,2024-02-15,14,2024-05-13,2024-05-15,2,109,29,58,33,1,Breakout Room,1,0,7,1.0,18768.63,1,79.1,173.43,180.48,10467.84,573.0,3391.47,14432.31,49,8843.52,573.0,3229.97,12646.49,0.8448275862068966,48.939,,2024,5,2,51.5,48.5,1,79.84,154.42,234.26,234.26,154.42,2,17.2,24,29,0,0,1,2,2,16,0,0,1,Theater,2,0,2.0,573.0,700,3465,6306.24,4,0,0,0,100.0,0.82,-4.07,248.83,0.879,0.303,Peak,0,0,Mon,0,1,0,0,0,18,14,137367.24,0.7778,0,1,118,0.246,Low,0,0,100.0,0.0642
B-202405-37180,Booked,Family Celebration,Baby Shower Weekend,Wedding/Social,In-person,Full Package,Social,Social/Private,Sales Call,Low,2023-08-14,2023-09-27,32,2024-05-15,2024-05-16,1,275,32,32,35,1,Breakout Room,1,0,12,0.0,0.0,4,77.9,170.63,161.05,5153.6,373.63,3121.62,8648.85,19,3059.95,373.63,2972.97,6406.55,0.59375,84.942,,2024,5,3,67.1,32.9,1,147.51,133.21,280.72,195.89,133.21,1,0.0,32,0,0,0,1,2,1,8,0,0,1,Banquet,2,0,1.0,373.63,350,1575,3196.77,1,0,1,1,0.0,0.88,5.61,270.28,0.914,0.286,Shoulder,0,2,Wed,0,0,1,0,1,31,26,149927.62,0.8387,0,1,119,0.269,Moderate,0,0,93.3,0.0436
B-202405-38399,Booked,Manufacturing Alliance,Innovation Workshop,Corporate,In-person,Full Package,Healthcare,Other,Cvent,Low,2024-01-19,2024-02-05,8,2024-05-15,2024-05-16,1,117,44,44,60,1,Half Ballroom,1,1,9,0.0,0.0,2,81.0,163.14,168.62,7419.28,866.56,2821.01,11106.85,41,6913.42,866.56,2686.68,10466.66,0.9318181818181818,44.778,,2024,5,4,53.8,46.2,1,179.97,179.18,359.15,288.55,179.18,1,0.0,44,0,0,0,1,1,1,8,1,0,1,Classroom,2,0,2.0,866.56,350,1800,2760.87,3,0,0,0,100.0,0.5,-3.36,252.43,0.733,0.167,Peak,0,2,Wed,0,0,1,0,0,25,15,215436.16,0.6,0,1,119,0.37,Moderate,0,0,93.3,0.0769
B-202405-89874,Booked,Heritage Travel,Cultural Heritage Journey,SMERF,In-person,Rooms Only,Government,Government,RFP,Low,2023-11-18,2023-12-09,16,2024-05-15,2024-05-16,1,179,25,25,27,0,,0,0,5,0.0,0.0,2,84.9,167.3,164.37,4109.25,0.0,0.0,4109.25,24,3944.88,0.0,0.0,3944.88,0.96,0.0,,2024,5,2,58.9,41.1,0,179.96,149.45,329.41,0.0,149.45,1,0.0,25,0,0,0,0,0,0,0,0,0,0,,0,0,0.0,0.0,0,0,0.0,0,0,0,0,0.0,0.0,1.75,164.37,0.926,0.0,Peak,0,2,Wed,0,0,1,1,0,10,9,65396.12,0.9,0,1,119,0.21,Low,0,0,93.3,0.0279
B-202405-59375,Booked,Consulting Network,Sales Kickoff,Corporate,In-person,Full Package,Professional Services,Professional Services,Third-Party Planner,Medium,2024-02-14,2024-03-01,7,2024-05-16,2024-05-17,1,92,62,62,86,1,Half Ballroom,1,0,9,0.0,0.0,1,88.1,171.03,181.29,11239.98,1706.09,1674.16,14620.23,56,10152.24,1706.09,1594.44,13452.77,0.9032258064516128,18.54,,2024,5,4,74.2,25.8,1,170.01,160.45,330.46,207.36,182.05,1,0.0,62,0,0,0,2,2,1,12,1,0,1,Classroom,3,1,2.5,1706.09,1000,2628,4467.44,5,0,0,0,50.0,0.72,-6.0,235.81,0.721,0.233,Peak,1,3,Thu,0,0,1,0,0,16,13,150169.07,0.8125,0,1,100,0.62,High,1,0,93.3,0.0978
B-202405-64502,Booked,Banking Consortium,Customer Advisory Board,Corporate,In-person,Rooms Only,Finance,Finance,Website,Low,2024-04-08,2024-04-20,8,2024-05-16,2024-05-18,2,38,58,116,63,0,,0,1,4,0.0,0.0,2,92.4,168.35,178.45,20700.2,0.0,0.0,20700.2,111,19807.95,0.0,0.0,19807.95,0.956896551724138,0.0,,2024,5,3,64.4,35.6,1,130.55,181.95,312.5,312.5,181.95,2,5.2,55,58,0,0,0,0,0,0,0,0,0,,0,0,0.0,0.0,0,0,0.0,0,0,0,0,0.0,0.0,-6.0,178.45,0.921,0.0,Peak,1,3,Thu,0,0,1,1,0,21,16,241440.35,0.7619,0,1,105,0.552,Moderate,0,0,93.3,0.1053
B-202405-67981,Booked,Veterans Group,High School Reunion,SMERF,In-person,Full Package,Government,Government,Sales Call,Low,2023-12-22,2024-01-11,10,2024-05-17,2024-05-19,2,147,36,72,40,1,Breakout Room,0,0,10,0.0,0.0,1,81.6,173.6,181.37,13058.64,480.12,0.0,13538.76,64,11607.68,480.12,0.0,12087.8,0.8888888888888888,0.0,,2024,5,3,74.2,25.8,1,130.78,161.82,292.6,292.6,161.82,2,16.7,30,36,0,0,1,4,2,16,0,0,1,Classroom,2,0,1.75,480.12,1200,0,3608.78,0,0,0,0,0.0,1.0,-4.48,188.04,0.9,0.25,Peak,0,4,Fri,1,0,1,0,0,7,4,20269.64,0.5714,0,1,118,0.305,Moderate,0,0,93.3,0.068
B-202405-70156,Booked,Energy Solutions,Executive Offsite,Corporate,Hybrid,Full Package,Finance,Other,Third-Party Planner,Low,2024-02-17,2024-03-07,9,2024-05-17,2024-05-18,1,90,5,5,5,1,Boardroom,1,0,10,1.0,3152.29,2,84.4,167.86,169.65,848.25,399.52,120.23,1368.0,4,678.6,399.52,114.51,1192.63,0.8,22.902,,2024,5,2,72.1,27.9,1,29.76,292.33,322.09,292.33,322.09,1,0.0,5,0,0,0,1,1,1,8,0,1,1,Boardroom,2,0,2.0,399.52,350,265,1579.46,2,0,0,0,100.0,0.36,-1.07,273.6,1.0,2.0,Peak,0,4,Fri,1,0,0,0,0,23,13,179777.49,0.5652,0,1,105,0.048,Low,0,0,100.0,0.1111
B-202405-93228,Booked,Banking Consortium,Executive Offsite,Corporate,In-person,Full Package,Finance,Finance,Website,Low,2024-03-22,2024-04-07,9,2024-05-17,2024-05-18,1,56,16,16,20,1,Breakout Room,1,0,7,0.0,0.0,3,80.5,163.96,160.05,2560.8,580.88,249.48,3391.16,14,2240.7,580.88,237.6,3059.18,0.875,11.88,,2024,5,2,70.2,29.8,0,0.84,163.51,164.35,0.0,164.35,1,0.0,16,0,0,0,1,1,1,8,0,0,1,Classroom,2,0,2.0,580.88,350,360,1666.59,1,0,0,0,100.0,0.5,2.38,211.95,0.8,0.5,Peak,0,4,Fri,1,0,1,0,0,22,17,261248.3,0.7727,0,1,105,0.152,Low,0,0,93.3,0.125
B-202405-19429,Booked,Manufacturing Alliance,Product Launch Event,Corporate,In-person,Full Package,Technology,Other,Sales Call,Medium,2024-04-06,2024-04-30,10,2024-05-18,2024-05-20,2,42,31,62,35,1,Breakout Room,1,1,14,1.0,16839.19,2,81.7,172.04,182.36,11306.32,590.72,3066.94,14963.98,55,10029.8,590.72,2920.89,13541.41,0.8870967741935484,41.727,,2024,5,4,73.0,27.0,1,152.89,182.44,335.33,267.87,182.44,2,32.3,21,31,0,0,1,2,2,16,0,0,1,Classroom,2,0,2.0,590.72,700,4095,6865.41,5,0,0,0,100.0,0.88,-6.0,241.35,0.886,0.286,Peak,0,5,Sat,1,0,0,0,0,26,16,225902.82,0.6154,0,1,189,0.164,Low,0,0,100.0,0.3333
B-202405-65369,Booked,Heritage Travel,Regional Arts Tour,Corporate,In-person,Full Package,Technology,Technology,Direct Inquiry,Low,2024-02-26,2024-03-14,8,2024-05-18,2024-05-19,1,82,35,35,48,1,Half Ballroom,0,0,9,0.0,0.0,1,81.2,165.91,175.86,6155.1,1209.87,0.0,7364.97,34,5979.24,1209.87,0.0,7189.11,0.9714285714285714,0.0,,2024,5,3,66.3,33.7,1,167.23,173.32,340.55,232.52,340.55,1,0.0,35,0,0,0,1,1,1,4,1,0,1,Classroom,1,0,1.0,1209.87,150,0,492.83,0,0,0,0,0.0,0.4,-6.0,210.43,0.729,0.208,Peak,0,5,Sat,1,0,1,0,0,11,10,69341.0,0.9091,0,1,118,0.297,Moderate,0,0,93.3,0.1098
B-202405-32954,Booked,Family Celebration,Family Reunion Weekend,Wedding/Social,In-person,Full Package,Social,Social/Private,Sales Call,Low,2023-05-21,2023-07-03,29,2024-05-20,2024-05-21,1,365,29,29,34,1,Breakout Room,1,1,14,1.0,12736.24,3,83.7,171.3,164.22,4762.38,576.86,2397.54,7736.78,17,2791.74,576.86,2283.37,5651.97,0.5862068965517241,67.158,,2024,5,4,55.7,44.3,1,111.04,149.87,260.91,260.91,157.38,1,0.0,29,0,0,0,1,1,1,4,0,0,1,Reception,0,0,0.0,576.86,0,1870,2516.86,1,1,0,1,0.0,0.85,4.13,266.79,0.853,0.294,Peak,0,0,Mon,0,0,0,0,1,33,27,156334.17,0.8182,0,1,29,1.0,High,1,0,100.0,0.0384
B-202405-79550,Booked,Education Foundation,Continuing Education Conference,Association,In-person,Full Package,Education,Education,Direct Inquiry,Medium,2023-10-25,2023-11-29,22,2024-05-20,2024-05-23,3,208,35,105,48,1,Half Ballroom,1,1,13,1.0,35170.93,1,79.1,167.57,158.52,16644.6,1038.5,6892.6,24575.7,75,11889.0,1038.5,6564.38,19491.88,0.7142857142857143,45.586,,2024,5,3,58.2,41.8,1,176.43,153.73,330.16,254.91,153.73,2,10.7,29,35,26,0,1,3,3,24,1,0,1,Classroom,3,1,1.67,1038.5,950,4580,7367.94,5,0,0,0,100.0,0.4,5.4,234.05,0.729,0.208,Peak,0,0,Mon,0,0,0,0,1,27,20,459252.05,0.7407,0,1,26,1.0,High,1,1,100.0,0.0625
B-202405-96848,Booked,Dental Association,Professional Development Symposium,Association,In-person,Full Package,Healthcare,Healthcare,Third-Party Planner,High,2023-06-27,2023-07-30,25,2024-05-20,2024-05-23,3,328,127,381,140,1,Grand Ballroom,1,0,8,0.0,0.0,4,86.4,166.56,169.88,64724.28,2232.91,21254.44,88211.63,241,40941.08,2232.91,20242.32,63416.31,0.6325459317585301,48.196,,2024,5,4,69.0,31.0,1,110.45,160.53,270.98,270.98,191.01,2,3.2,117,127,121,0,1,3,3,24,1,0,1,Classroom,3,1,2.33,2232.91,1350,32060,40534.76,5,0,0,0,100.0,0.58,-1.99,231.53,0.907,0.071,Peak,1,0,Mon,0,0,1,0,0,21,16,300877.96,0.7619,0,1,26,1.0,High,1,1,93.3,0.0244
B-202405-60023,Booked,Financial Services Group,New Hire Orientation,Corporate,In-person,Full Package,Finance,Finance,Repeat Client,Low,2024-02-10,2024-03-02,10,2024-05-21,2024-05-22,1,101,32,32,44,1,Half Ballroom,1,0,11,0.0,0.0,1,80.2,172.58,161.85,5179.2,1318.56,2251.42,8749.18,30,4855.5,1318.56,2144.21,8318.27,0.9375,48.732,,2024,5,4,65.5,34.5,1,132.11,151.63,283.74,252.9,252.9,1,0.0,32,0,0,0,1,1,1,8,1,0,1,Classroom,2,0,2.0,1318.56,350,1560,2519.09,3,0,0,0,100.0,0.37,6.22,273.41,0.727,0.227,Peak,0,1,Tue,0,1,1,0,1,19,15,150013.73,0.7895,0,1,26,1.0,High,1,1,93.3,0.1089
B-202405-80063,Booked,Private Party,Milestone Birthday Party,Wedding/Social,Hybrid,Rooms Only,Social,Social/Private,Repeat Client,Medium,2023-11-27,2023-12-21,20,2024-05-22,2024-05-23,1,177,37,37,40,0,,0,1,4,0.0,0.0,2,81.8,170.02,159.42,5898.54,0.0,0.0,5898.54,23,3666.66,0.0,0.0,3666.66,0.6216216216216216,0.0,,2024,5,3,55.8,44.2,1,137.59,145.29,282.88,194.28,145.29,1,0.0,37,0,0,0,0,0,0,0,0,0,0,,0,0,0.0,0.0,0,0,0.0,0,0,0,0,0.0,0.0,6.23,159.42,0.925,0.0,Peak,0,2,Wed,0,1,1,1,1,29,20,117292.64,0.6897,0,1,0,,Unknown,0,1,93.3,0.0226
B-202405-93633,Booked,Real Estate Board,Board Retreat,Association,Virtual,Full Package,Government,Government,Sales Call,Medium,2023-10-01,2023-10-28,20,2024-05-22,2024-05-24,2,234,38,76,41,1,Half Ballroom,1,1,7,1.0,30481.57,3,81.4,169.26,159.28,12105.28,1285.84,4070.03,17461.15,51,8123.28,1285.84,3876.22,13285.34,0.6710526315789473,47.271,,2024,5,4,64.0,36.0,1,152.18,173.44,325.62,249.96,173.44,2,5.3,36,38,0,0,1,2,2,16,1,0,1,Banquet,3,1,2.5,1285.84,1000,2340,4615.46,5,0,0,0,100.0,0.34,5.9,229.75,0.927,0.244,Peak,0,2,Wed,0,0,0,0,1,18,16,323784.55,0.8889,0,1,146,0.26,Moderate,0,0,100.0,0.0299
B-202405-95189,Booked,Financial Services Group,Product Launch Event,Corporate,In-person,Full Package,Finance,Finance,Repeat Client,Medium,2024-02-21,2024-03-10,10,2024-05-22,2024-05-23,1,91,64,64,71,1,Half Ballroom,1,0,8,0.0,0.0,2,82.2,166.24,164.06,10499.84,1590.45,3008.99,15099.28,60,9843.6,1590.45,2865.7,14299.75,0.9375,40.362,,2024,5,4,61.1,38.9,1,108.13,141.24,249.37,249.37,155.52,1,0.0,64,0,0,0,2,1,1,8,1,0,1,Classroom,3,1,3.0,1590.45,650,1848,3066.83,4,0,0,0,100.0,0.59,1.31,235.93,0.901,0.282,Peak,0,2,Wed,0,1,1,0,0,20,16,158332.0,0.8,0,1,0,,Unknown,0,1,93.3,0.0879
B-202405-29383,Booked,Family Celebration,Smith-Johnson Wedding,Wedding/Social,In-person,Rooms Only,Social,Social/Private,Direct Inquiry,Low,2023-09-13,2023-10-20,33,2024-05-23,2024-05-24,1,253,36,36,39,0,,0,1,4,1.0,5190.28,2,75.3,162.39,147.94,5325.84,0.0,0.0,5325.84,20,2958.8,0.0,0.0,2958.8,0.5555555555555556,0.0,,2024,5,2,72.2,27.8,1,121.82,134.35,256.17,256.17,134.35,1,0.0,36,0,0,0,0,0,0,0,0,0,0,,0,0,0.0,0.0,0,0,0.0,0,0,0,0,0.0,0.0,8.9,147.94,0.923,0.0,Shoulder,0,3,Thu,0,0,0,1,1,34,28,161986.14,0.8235,0,1,146,0.247,Low,0,0,100.0,0.0158
B-202405-34662,Booked,Global Industries,Leadership Summit,Corporate,In-person,Full Package,Professional Services,Other,Website,Medium,2024-02-17,2024-03-11,11,2024-05-24,2024-05-26,2,97,54,108,68,1,Half Ballroom,1,1,12,1.0,35589.34,1,79.6,175.64,185.97,20084.76,1677.26,6834.7,28596.72,86,15993.42,1677.26,6509.23,24179.91,0.7962962962962963,47.862,,2024,5,3,51.7,48.3,0,4.71,191.79,196.5,0.0,191.79,2,9.3,49,54,0,0,2,2,2,16,1,0,1,Theater,3,1,2.5,1677.26,1000,2256,4514.01,4,0,0,0,100.0,0.57,-5.88,264.78,0.794,0.294,Peak,0,4,Fri,1,0,0,0,0,35,29,439479.98,0.8286,0,1,35,1.0,High,1,1,100.0,0.1237
B-202405-64484,Booked,Professional Services Group,Leadership Summit,Corporate,In-person,Full Package,Technology,Other,Cvent,High,2024-04-24,2024-05-13,10,2024-05-24,2024-05-27,3,30,69,207,78,1,Half Ballroom,1,0,9,1.0,63733.94,2,85.2,162.85,164.75,34103.25,1307.02,10630.46,46040.73,192,31632.0,1307.02,10124.24,43063.26,0.927536231884058,43.266,,2024,5,4,65.8,34.2,1,150.46,146.24,296.7,272.69,149.19,2,6.1,59,69,66,0,1,3,3,24,1,0,1,Classroom,2,0,2.0,1307.02,1050,5448,8247.73,5,0,0,0,100.0,0.65,-1.17,222.42,0.885,0.128,Peak,1,4,Fri,1,0,0,0,0,16,13,162720.26,0.8125,0,1,35,1.0,High,1,1,100.0,0.3
B-202405-20909,Booked,Private Party,Baby Shower Weekend,Wedding/Social,In-person,Full Package,Social,Social/Private,Direct Inquiry,Medium,2023-09-19,2023-11-03,34,2024-05-25,2024-05-26,1,249,62,62,79,1,Half Ballroom,1,1,11,0.0,0.0,1,88.5,176.17,179.59,11134.58,1366.57,6166.51,18667.66,41,7363.19,1366.57,5872.86,14602.62,0.6612903225806451,74.34,,2024,5,4,51.6,48.4,1,142.83,160.28,303.11,240.37,160.28,1,0.0,62,0,0,0,2,1,1,4,1,0,1,Banquet,0,0,0.0,1366.57,0,1320,1674.54,1,1,0,1,0.0,0.66,-1.94,301.09,0.785,0.253,Peak,1,5,Sat,1,0,1,0,0,30,21,120959.3,0.7,0,1,35,1.0,High,1,1,93.3,0.0442
B-202405-43993,Booked,State Medical Association,Industry Forum,Association,In-person,Full Package,Healthcare,Healthcare,Cvent,Medium,2023-10-11,2023-11-13,24,2024-05-26,2024-05-27,1,228,80,80,98,1,Half Ballroom,1,0,9,0.0,0.0,3,80.7,174.74,170.13,13610.4,1283.79,1774.41,16668.6,55,9357.15,1283.79,1689.91,12330.85,0.6875,17.244,,2024,5,4,56.3,43.7,0,175.85,144.3,320.15,0.0,162.65,1,0.0,80,0,0,0,2,2,1,12,1,0,1,Classroom,3,1,2.0,1283.79,800,1980,3661.56,5,0,0,0,50.0,0.82,2.64,208.36,0.816,0.204,Peak,0,6,Sun,1,0,1,0,0,29,27,620305.21,0.931,0,1,71,1.0,High,1,1,93.3,0.0395
B-202405-65535,Booked,State Medical Association,Educational Seminar Series,Association,In-person,Full Package,Healthcare,Healthcare,Third-Party Planner,High,2023-10-11,2023-11-13,21,2024-05-28,2024-05-31,3,230,84,252,111,1,Half Ballroom,1,0,12,1.0,92833.04,3,85.4,165.2,173.49,43719.48,846.82,6799.99,51366.29,165,28625.85,846.82,6476.18,35948.85,0.6547619047619048,19.448,,2024,5,4,74.9,25.1,1,131.04,156.09,287.13,287.13,156.09,2,5.9,73,84,83,0,1,6,3,36,1,0,1,Classroom,3,1,1.67,846.82,1800,6184,10547.39,5,0,0,0,50.0,0.93,-5.02,203.83,0.757,0.09,Peak,1,1,Tue,0,0,0,0,0,30,28,632636.06,0.9333,0,1,86,0.977,High,1,0,100.0,0.0522
B-202405-65950,Booked,Youth Athletics,Band Competition,SMERF,In-person,Full Package,SMERF,Social/Community,Third-Party Planner,Medium,2024-01-12,2024-02-06,18,2024-05-29,2024-05-31,2,138,50,100,65,1,Half Ballroom,1,0,7,1.0,24441.06,1,82.1,166.61,163.63,16363.0,1614.33,2701.06,20678.39,88,14399.44,1614.33,2572.44,18586.21,0.88,19.788,,2024,5,4,66.1,33.9,1,134.04,153.7,287.74,236.1,153.7,2,14.0,43,50,0,0,2,4,2,16,1,0,1,Classroom,1,0,0.75,1614.33,450,1880,3773.34,2,0,0,0,0.0,0.54,1.79,206.78,0.769,0.308,Peak,0,2,Wed,0,0,0,0,0,3,2,21013.57,0.6667,0,1,41,1.0,High,1,1,100.0,0.0507
B-202405-74350,Booked,Volunteer Network,High School Reunion,SMERF,In-person,Full Package,Other,Other,Website,Low,2024-03-28,2024-04-16,11,2024-05-30,2024-05-31,1,63,45,45,55,1,Half Ballroom,0,0,8,1.0,12509.14,4,81.2,160.33,153.32,6899.4,950.72,0.0,7850.12,38,5826.16,950.72,0.0,6776.88,0.8444444444444444,0.0,,2024,5,4,56.8,43.2,0,148.81,148.12,296.93,0.0,148.12,1,0.0,45,0,0,0,1,1,1,8,1,0,1,Classroom,2,0,2.0,950.72,350,0,986.19,0,0,0,0,100.0,0.46,4.37,174.45,0.818,0.182,Peak,0,3,Thu,0,0,0,0,1,13,8,43041.16,0.6154,0,1,41,1.0,High,1,1,100.0,0.127
B-202406-85055,Booked,Professional Services Group,Innovation Workshop,Corporate,In-person,Rooms Only,Healthcare,Other,Third-Party Planner,Low,2024-03-17,2024-03-27,7,2024-06-01,2024-06-02,1,76,25,25,27,0,,0,0,3,0.0,0.0,1,68.1,161.9,146.74,3668.5,0.0,0.0,3668.5,22,3228.28,0.0,0.0,3228.28,0.88,0.0,,2024,6,4,71.9,28.1,1,127.96,152.11,280.07,181.1,152.11,1,0.0,25,0,0,0,0,0,0,0,0,0,0,,0,0,0.0,0.0,0,0,0.0,0,0,0,0,0.0,0.0,9.36,146.74,0.926,0.0,Shoulder,0,5,Sat,1,0,1,1,1,17,14,205783.52,0.8235,0,1,195,0.128,Low,0,0,93.3,0.0395
B-202406-86449,Booked,Local School District,Sports Team Tournament,SMERF,In-person,Meeting Only,Education,Education,Referral,Low,2024-02-20,2024-03-10,11,2024-06-01,2024-06-02,1,102,0,0,117,1,Half Ballroom,0,0,8,0.0,0.0,2,72.5,167.8,0.0,0.0,1161.22,2052.82,3214.04,0,0.0,1161.22,1955.07,3116.29,,16.71,,2024,6,0,0.0,0.0,0,0.0,0.0,0.0,0.0,0.0,0,0.0,0,0,0,0,1,3,1,16,1,0,1,Classroom,2,0,1.0,1161.22,500,940,2661.03,2,0,0,0,33.3,0.97,100.0,,0.0,0.085,Shoulder,0,5,Sat,1,0,1,0,1,7,4,35024.48,0.5714,0,1,195,0.0,Low,0,0,80.0,0.0784
B-202406-49283,Booked,State Medical Association,Policy Symposium,Association,In-person,Full Package,Healthcare,Healthcare,Third-Party Planner,Low,2023-10-27,2023-11-24,18,2024-06-02,2024-06-03,1,219,26,26,36,1,Breakout Room,1,0,10,1.0,8714.56,3,72.2,169.46,147.78,3842.28,545.63,1512.3,5900.21,20,2955.6,545.63,1440.29,4941.52,0.7692307692307693,40.008,,2024,6,2,71.3,28.7,1,42.4,122.07,164.47,164.47,122.07,1,0.0,26,0,0,0,1,1,1,8,0,0,1,Theater,2,0,2.0,545.63,350,3132,4448.95,4,0,0,0,100.0,0.9,12.79,226.93,0.722,0.278,Shoulder,0,6,Sun,1,0,0,0,1,31,29,668584.91,0.9355,0,1,194,0.134,Low,0,0,100.0,0.0457
B-202406-45310,Booked,Personal Event,Williams-Brown Wedding,Wedding/Social,In-person,Full Package,Social,Social/Private,Third-Party Planner,Low,2023-06-04,2023-07-20,36,2024-06-03,2024-06-04,1,365,45,45,59,1,Half Ballroom,1,0,10,1.0,21333.91,1,75.0,161.93,143.92,6476.4,1373.58,4837.3,12687.28,29,4173.68,1373.58,4606.96,10154.22,0.6444444444444445,78.084,,2024,6,4,68.5,31.5,1,146.45,126.47,272.92,180.8,126.47,1,0.0,45,0,0,0,1,2,1,8,1,0,1,Banquet,1,0,0.5,1373.58,150,1320,2159.16,1,1,0,1,0.0,0.49,11.12,281.94,0.763,0.169,Shoulder,0,0,Mon,0,0,0,0,1,29,22,102456.21,0.7586,0,1,137,0.328,Moderate,0,0,100.0,0.0274
B-202406-82634,Booked,Regional Healthcare System,Leadership Summit,Corporate,Hybrid,Full Package,Healthcare,Healthcare,Direct Inquiry,Medium,2024-03-11,2024-03-30,11,2024-06-03,2024-06-05,2,84,38,76,51,1,Half Ballroom,1,1,8,1.0,26821.33,3,71.3,161.55,146.28,11117.28,820.22,5387.24,17324.74,66,9654.48,820.22,5130.7,15605.4,0.868421052631579,50.301,,2024,6,3,63.7,36.3,1,104.25,170.86,275.11,229.34,229.34,2,18.4,31,38,0,0,1,2,2,16,1,0,1,Classroom,3,1,2.5,820.22,1000,3120,5340.84,3,0,0,0,100.0,0.42,9.45,227.96,0.745,0.196,Shoulder,0,0,Mon,0,0,0,0,1,18,17,164734.19,0.9444,0,1,77,0.494,Moderate,0,0,100.0,0.0952
B-202406-15276,Booked,Pharmaceutical Partners,Annual Sales Conference,Corporate,In-person,Full Package,Healthcare,Healthcare,Third-Party Planner,Low,2024-04-08,2024-04-30,9,2024-06-04,2024-06-06,2,57,5,10,6,1,Boardroom,1,0,13,0.0,0.0,1,71.8,162.95,147.01,1470.1,374.04,579.13,2423.27,8,1176.08,374.04,551.56,2101.68,0.8,45.963,,2024,6,4,60.8,39.2,1,138.65,164.3,302.95,257.76,164.3,2,0.0,5,5,0,0,1,2,2,16,0,1,1,Boardroom,2,0,1.5,374.04,500,768,3341.83,4,0,0,0,100.0,0.43,9.78,242.33,0.833,1.667,Shoulder,0,1,Tue,0,0,1,0,1,33,22,286016.39,0.6667,0,1,19,0.263,Moderate,0,0,93.3,0.2281
B-202406-72111,Booked,Heritage Travel,Regional Arts Tour,SMERF,In-person,Rooms Only,Other,Other,Direct Inquiry,Low,2024-03-10,2024-03-29,12,2024-06-04,2024-06-05,1,86,45,45,49,0,,0,0,7,1.0,5736.5,1,67.4,163.52,133.06,5987.7,0.0,0.0,5987.7,40,5322.4,0.0,0.0,5322.4,0.8888888888888888,0.0,,2024,6,4,53.2,46.8,1,34.06,132.14,166.2,166.2,132.14,1,0.0,45,0,0,0,0,0,0,0,0,0,0,,0,0,0.0,0.0,0,0,0.0,0,0,0,0,0.0,0.0,18.63,133.06,0.918,0.0,Shoulder,0,1,Tue,0,0,0,0,1,12,11,76530.11,0.9167,0,1,77,0.584,Moderate,0,0,100.0,0.0814
B-202406-82105,Booked,Professional Services Group,Product Launch Event,Corporate,In-person,Meeting Only,Technology,Other,Referral,Low,2024-03-20,2024-04-03,9,2024-06-04,2024-06-06,2,76,0,0,127,1,Grand Ballroom,0,0,5,1.0,37343.27,2,71.8,164.75,0.0,0.0,2490.26,11690.26,14180.52,0,0.0,2490.26,11133.58,13623.84,,43.833,,2024,6,0,0.0,0.0,0,0.0,0.0,0.0,0.0,0.0,0,0.0,0,0,0,0,1,2,2,16,1,0,1,Classroom,2,0,2.0,2490.26,700,14859,20373.89,5,0,0,0,100.0,0.53,100.0,,0.0,0.079,Shoulder,0,1,Tue,0,0,0,1,1,18,15,209011.8,0.8333,0,1,77,0.0,Low,0,0,86.7,0.0658
B-202406-86072,Booked,Industry Trade Group,State Convention,Association,In-person,Full Package,Trade/Manufacturing,Trade/Manufacturing,Sales Call,Medium,2023-10-13,2023-11-14,22,2024-06-04,2024-06-06,2,235,55,110,74,1,Half Ballroom,1,1,10,0.0,0.0,1,71.0,160.31,153.07,16837.7,1863.34,7362.23,26063.27,87,13317.09,1863.34,7011.65,22192.08,0.7909090909090909,47.376,,2024,6,4,53.2,46.8,1,169.55,146.58,316.13,268.36,146.58,2,14.5,47,55,0,0,2,2,2,16,1,0,1,Theater,3,1,2.5,1863.34,1000,2100,4397.17,5,0,0,0,100.0,0.62,4.52,236.94,0.743,0.27,Shoulder,0,1,Tue,0,0,1,0,1,18,11,166811.0,0.6111,0,1,19,1.0,High,1,1,93.3,0.0426
B-202406-24139,Booked,Personal Event,Graduation Celebration,Wedding/Social,In-person,Full Package,Social,Social/Private,Sales Call,Low,2023-08-10,2023-09-28,36,2024-06-05,2024-06-06,1,300,23,23,26,1,Breakout Room,1,1,13,0.0,0.0,2,73.5,160.94,139.17,3200.91,539.4,2149.06,5889.37,12,1670.04,539.4,2046.72,4256.16,0.5217391304347826,78.72,,2024,6,4,61.7,38.3,0,142.42,126.06,268.48,0.0,126.06,1,0.0,23,0,0,0,1,2,1,8,0,0,1,Banquet,1,0,1.0,539.4,300,1430,2979.77,1,1,0,1,0.0,0.65,13.53,256.06,0.885,0.385,Shoulder,0,2,Wed,0,0,1,0,1,30,23,112610.43,0.7667,0,1,19,1.0,High,1,1,93.3,0.0433
B-202406-51017,Booked,Manufacturing Alliance,Customer Advisory Board,Corporate,In-person,Full Package,Finance,Other,RFP,High,2024-02-27,2024-03-20,8,2024-06-05,2024-06-08,3,99,58,174,79,1,Half Ballroom,1,1,14,0.0,0.0,2,74.7,166.97,164.71,28659.54,1752.54,11608.85,42020.93,159,26188.89,1752.54,11056.05,38997.48,0.913793103448276,46.65,,2024,6,2,72.8,27.2,0,11.49,148.4,159.89,0.0,148.4,2,8.2,47,58,56,0,2,3,3,24,1,0,1,Banquet,3,1,2.33,1752.54,1350,3840,6918.48,4,0,0,0,100.0,0.66,1.35,241.5,0.734,0.253,Shoulder,0,2,Wed,0,0,1,0,0,27,17,239444.23,0.6296,0,1,0,,Unknown,0,1,93.3,0.1414
B-202406-82154,Booked,Education Foundation,Awards Gala Weekend,Association,In-person,Full Package,Education,Education,Direct Inquiry,Medium,2023-09-17,2023-10-17,22,2024-06-05,2024-06-07,2,262,60,120,82,1,Half Ballroom,1,1,8,0.0,0.0,1,71.2,162.23,142.36,17083.2,1144.01,3085.13,21312.34,98,13951.28,1144.01,2938.22,18033.51,0.8166666666666667,17.916,,2024,6,4,71.1,28.9,1,97.03,131.88,228.91,228.91,131.88,2,8.3,55,60,0,0,1,4,2,24,1,0,1,Classroom,3,1,2.25,1144.01,1700,4184,7761.86,4,0,0,0,50.0,0.68,12.25,177.6,0.732,0.122,Shoulder,0,2,Wed,0,0,1,0,1,30,21,478743.93,0.7,0,1,0,,Unknown,0,1,93.3,0.0305
B-202406-27474,Booked,Insurance Federation,Policy Symposium,Association,Hybrid,Full Package,Finance,Finance,Third-Party Planner,High,2023-11-03,2023-12-01,18,2024-06-06,2024-06-08,2,216,88,176,106,1,Half Ballroom,1,0,10,0.0,0.0,2,70.6,159.98,146.05,25704.8,820.62,4307.98,30833.4,124,18110.2,820.62,4102.84,23033.66,0.7045454545454546,19.353,,2024,6,3,69.3,30.7,1,82.12,150.53,232.65,232.65,150.53,2,10.2,79,88,0,0,1,5,2,24,1,0,1,Classroom,2,0,1.6,820.62,1350,3648,6893.54,5,0,0,0,20.0,0.88,8.71,175.19,0.83,0.094,Shoulder,0,3,Thu,0,0,1,0,1,26,18,388512.23,0.6923,0,1,0,,Unknown,0,1,93.3,0.0463
B-202406-50180,Booked,Professional Engineers Society,Member Appreciation Event,Association,In-person,Full Package,Association,Other,Repeat Client,High,2023-08-23,2023-09-22,16,2024-06-06,2024-06-08,2,288,39,78,52,1,Half Ballroom,1,1,14,0.0,0.0,1,66.8,160.93,130.96,10214.88,1340.48,4554.95,16110.31,58,7595.68,1340.48,4338.05,13274.21,0.7435897435897436,41.712,,2024,6,3,52.9,47.1,1,122.39,143.37,265.76,185.48,143.37,2,17.9,32,39,0,0,1,2,2,16,1,0,1,Classroom,3,1,3.0,1340.48,1300,3080,5582.17,4,0,0,0,100.0,0.43,18.62,206.54,0.75,0.192,Shoulder,0,3,Thu,0,1,1,0,1,27,21,477551.1,0.7778,0,1,0,,Unknown,0,1,93.3,0.0486
B-202406-21433,Booked,HR Professionals Network,Industry Forum,Association,In-person,Full Package,Professional Services,Professional Services,Referral,High,2023-06-08,2023-07-05,16,2024-06-07,2024-06-09,2,365,93,186,105,1,Half Ballroom,1,1,11,0.0,0.0,1,70.5,164.56,158.95,29564.7,1476.37,3926.0,34967.07,126,20027.7,1476.37,3739.05,25243.12,0.6774193548387096,17.805,,2024,6,4,63.9,36.1,1,96.17,151.41,247.58,247.58,151.41,2,5.4,88,93,0,0,2,4,2,24,1,0,1,Theater,2,0,1.75,1476.37,1200,3440,6391.1,4,0,0,0,50.0,0.88,3.41,188.0,0.886,0.19,Shoulder,0,4,Fri,1,0,1,0,1,21,14,273630.54,0.6667,0,1,127,0.732,High,1,0,93.3,0.0301
B-202406-46721,Booked,Community Church,Youth Sports Tournament,SMERF,In-person,Meeting Only,SMERF,Religious,Website,Low,2024-04-15,2024-05-11,21,2024-06-07,2024-06-08,1,53,0,0,80,1,Half Ballroom,0,0,5,1.0,6117.03,2,70.1,162.62,0.0,0.0,1616.47,925.85,2542.32,0,0.0,1616.47,881.76,2498.23,,11.022,,2024,6,0,0.0,0.0,0,0.0,0.0,0.0,0.0,0.0,0,0.0,0,0,0,0,2,1,1,8,1,0,1,Theater,1,0,1.0,1616.47,150,700,1399.32,1,0,0,0,100.0,0.67,100.0,,0.0,0.25,Shoulder,0,4,Fri,1,0,0,1,1,10,8,68927.77,0.8,0,1,0,,Unknown,0,0,86.7,0.0943
B-202406-62596,Booked,Accounting Institute,Board Retreat,Association,In-person,Meeting Only,Finance,Finance,Cvent,Low,2024-01-11,2024-02-06,20,2024-06-08,2024-06-09,1,149,0,0,60,1,Half Ballroom,0,1,6,1.0,8210.22,2,75.8,159.91,0.0,0.0,1136.48,2930.26,4066.74,0,0.0,1136.48,2790.72,3927.2,,46.512,,2024,6,0,0.0,0.0,0,0.0,0.0,0.0,0.0,0.0,0,0.0,0,0,0,0,1,1,1,8,1,0,1,Classroom,2,0,2.0,1136.48,350,1500,2439.73,3,0,0,0,100.0,0.5,100.0,,0.0,0.167,Shoulder,0,5,Sat,1,0,0,0,1,27,23,479127.8,0.8519,0,1,127,0.0,Low,0,0,86.7,0.0403
B-202406-21395,Booked,Private Party,Milestone Birthday Party,Wedding/Social,In-person,Full Package,Social,Social/Private,Third-Party Planner,Low,2023-10-23,2023-12-14,38,2024-06-10,2024-06-11,1,231,25,25,30,1,Breakout Room,1,1,14,1.0,11687.8,3,76.8,157.69,147.88,3697.0,523.38,2637.49,6857.87,17,2513.96,523.38,2511.9,5549.24,0.68,83.73,,2024,6,2,57.5,42.5,1,34.94,264.62,299.56,264.62,264.62,1,0.0,25,0,0,0,1,2,1,8,0,0,1,Banquet,2,0,1.0,523.38,350,1350,2900.92,1,0,1,1,0.0,0.75,6.22,274.31,0.833,0.333,Shoulder,0,0,Mon,0,0,0,0,1,31,22,135561.92,0.7097,0,1,138,0.181,Low,0,0,100.0,0.0606
B-202406-30252,Booked,Consulting Network,Performance Review Summit,Corporate,In-person,Full Package,Professional Services,Professional Services,Cvent,Low,2024-03-31,2024-04-24,14,2024-06-10,2024-06-11,1,71,57,57,63,1,Half Ballroom,1,1,10,0.0,0.0,2,65.3,160.36,144.12,8214.84,1016.47,2700.11,11931.42,46,6629.52,1016.47,2571.53,10217.52,0.8070175438596491,40.818,,2024,6,3,62.2,37.8,1,76.29,146.58,222.87,222.87,146.58,1,0.0,57,0,0,0,1,1,1,8,1,0,1,Banquet,2,0,2.0,1016.47,350,1560,2474.55,3,0,0,0,100.0,0.53,10.13,209.32,0.905,0.159,Shoulder,0,0,Mon,0,0,1,0,1,17,14,163621.84,0.8235,0,1,138,0.413,Moderate,0,0,93.3,0.1408
B-202406-11776,Booked,Private Individual,Quinceañera Celebration,Wedding/Social,In-person,Full Package,Social,Social/Private,Sales Call,Medium,2023-11-13,2023-12-31,35,2024-06-13,2024-06-15,2,213,35,70,39,1,Breakout Room,1,1,13,0.0,0.0,2,79.5,162.49,154.19,10793.3,571.05,2774.44,14138.79,41,6321.79,571.05,2642.33,9535.17,0.5857142857142857,33.876,,2024,6,2,55.6,44.4,0,4.82,139.5,144.32,0.0,144.32,2,0.0,35,35,0,0,1,2,2,8,0,0,1,Banquet,1,0,1.0,571.05,300,2145,3583.6,1,1,0,1,0.0,0.97,5.11,201.98,0.897,0.256,Peak,0,3,Thu,0,0,1,0,1,31,27,121308.52,0.871,0,1,81,0.432,Moderate,0,0,93.3,0.061
B-202406-23282,Booked,Banking Consortium,Management Training,Corporate,Hybrid,Rooms Only,Finance,Finance,Cvent,Medium,2024-03-24,2024-04-06,7,2024-06-13,2024-06-14,1,81,91,91,100,0,,0,1,6,0.0,0.0,2,70.7,165.76,148.13,13479.83,0.0,0.0,13479.83,75,11109.75,0.0,0.0,11109.75,0.8241758241758241,0.0,,2024,6,4,73.2,26.8,1,52.2,135.67,187.87,187.87,135.67,1,0.0,91,0,0,0,0,0,0,0,0,0,0,,0,0,0.0,0.0,0,0,0.0,0,0,0,0,0.0,0.0,10.64,148.13,0.91,0.0,Shoulder,0,3,Thu,0,0,1,0,1,23,18,264307.48,0.7826,0,1,53,1.0,High,1,1,93.3,0.0741
B-202406-37122,Booked,Technology Innovators,Customer Advisory Board,Corporate,In-person,Full Package,Technology,Technology,Sales Call,Low,2024-03-27,2024-04-17,11,2024-06-13,2024-06-15,2,78,22,44,24,1,Breakout Room,1,0,10,0.0,0.0,3,74.7,163.61,146.01,6424.44,356.12,2189.23,8969.79,42,6132.42,356.12,2084.98,8573.52,0.9545454545454546,43.437,,2024,6,3,57.0,43.0,1,100.41,173.59,274.0,215.04,215.04,2,27.3,16,22,0,0,1,2,2,16,0,0,1,Banquet,2,0,1.5,356.12,500,2832,5226.78,3,0,0,0,100.0,0.6,10.76,203.86,0.917,0.417,Shoulder,0,3,Thu,0,0,1,0,1,25,19,270519.25,0.76,0,1,81,0.272,Moderate,0,0,93.3,0.1282
B-202406-94488,Booked,Energy Solutions,Town Hall Meeting,Corporate,In-person,Full Package,Professional Services,Other,Cvent,Low,2024-04-17,2024-05-08,11,2024-06-13,2024-06-15,2,57,19,38,22,1,Breakout Room,1,0,10,0.0,0.0,4,70.7,164.83,146.1,5551.8,560.83,1939.7,8052.33,35,5113.5,560.83,1847.34,7521.67,0.9210526315789472,41.985,,2024,6,2,71.3,28.7,1,102.91,151.5,254.41,254.41,151.5,2,31.6,13,19,0,0,1,2,2,16,0,0,1,Classroom,3,1,2.5,560.83,1000,3388,6453.82,4,0,0,0,100.0,0.55,11.36,211.9,0.864,0.455,Shoulder,0,3,Thu,0,0,1,0,1,24,14,180970.12,0.5833,0,1,81,0.235,Low,0,0,93.3,0.1754
B-202406-93009,Booked,State Medical Association,Regional Chapter Meeting,Association,Hybrid,Full Package,Healthcare,Healthcare,Sales Call,High,2023-10-27,2023-11-25,21,2024-06-14,2024-06-17,3,231,63,189,73,1,Half Ballroom,1,0,8,0.0,0.0,3,65.1,160.87,138.26,26131.14,1439.56,9806.45,37377.15,121,16729.46,1439.56,9339.47,27508.49,0.6402116402116402,42.646,,2024,6,2,71.2,28.8,1,94.81,149.94,244.75,244.75,149.94,2,5.9,57,63,54,0,2,3,3,24,1,0,1,Classroom,2,0,1.33,1439.56,650,5020,7431.91,5,0,0,0,100.0,0.61,14.05,197.76,0.863,0.274,Shoulder,0,4,Fri,1,0,1,0,1,32,30,673526.43,0.9375,0,1,157,0.401,Moderate,0,0,93.3,0.0346
B-202406-23508,Booked,Cultural Journeys,Regional Arts Tour,Corporate,In-person,Rooms Only,Legal,Legal,Third-Party Planner,Medium,2024-03-14,2024-04-02,13,2024-06-16,2024-06-17,1,94,48,48,52,0,,0,0,6,0.0,0.0,2,68.5,164.77,149.5,7176.0,0.0,0.0,7176.0,44,6578.0,0.0,0.0,6578.0,0.9166666666666666,0.0,,2024,6,4,50.1,49.9,1,149.1,168.23,317.33,255.34,168.23,1,0.0,48,0,0,0,0,0,0,0,0,0,0,,0,0,0.0,0.0,0,0,0.0,0,0,0,0,0.0,0.0,9.27,149.5,0.923,0.0,Shoulder,0,6,Sun,1,0,1,0,1,13,12,69834.36,0.9231,0,1,109,0.44,Moderate,0,0,93.3,0.0638
B-202406-98706,Booked,Private Party,Williams-Brown Wedding,Wedding/Social,In-person,Full Package,Social,Social/Private,RFP,Medium,2023-10-25,2023-11-19,15,2024-06-17,2024-06-18,1,236,32,32,41,1,Half Ballroom,1,0,10,0.0,0.0,2,70.6,162.6,151.6,4851.2,954.33,3227.72,9033.25,20,3032.0,954.33,3074.02,7060.35,0.625,74.976,,2024,6,2,55.3,44.7,1,47.64,184.84,232.48,232.48,184.84,1,0.0,32,0,0,0,1,1,1,4,1,0,1,Reception,0,0,0.0,954.33,0,1080,1450.05,1,0,1,1,0.0,0.34,6.77,282.29,0.78,0.244,Shoulder,0,0,Mon,0,0,1,0,1,32,23,141111.16,0.7188,0,1,188,0.17,Low,0,0,93.3,0.0424
B-202406-60040,Booked,Nursing Council,Networking Summit,Association,In-person,Meeting Only,Healthcare,Healthcare,Repeat Client,Medium,2023-11-10,2023-12-03,14,2024-06-18,2024-06-21,3,221,0,0,76,1,Half Ballroom,0,1,9,1.0,29107.89,2,70.9,163.27,0.0,0.0,801.2,11967.61,12768.81,0,0.0,801.2,11397.72,12198.92,,49.99,,2024,6,0,0.0,0.0,0,0.0,0.0,0.0,0.0,0.0,0,0.0,0,0,0,0,1,3,3,24,1,0,1,Banquet,3,1,2.33,801.2,1350,2680,5793.96,4,0,0,0,100.0,0.63,100.0,,0.0,0.132,Shoulder,0,1,Tue,0,1,0,0,1,28,18,288717.06,0.6429,0,1,220,0.0,Low,0,0,86.7,0.0407
B-202406-11244,Booked,Private Party,Charity Gala,Wedding/Social,In-person,Full Package,Social,Social/Private,RFP,Low,2023-06-20,2023-07-30,31,2024-06-19,2024-06-20,1,365,14,14,18,1,Breakout Room,1,1,9,1.0,7443.05,3,72.3,161.93,140.69,1969.66,401.55,1595.88,3967.09,9,1266.21,401.55,1519.88,3187.64,0.6428571428571429,84.438,,2024,6,3,68.5,31.5,1,113.73,155.74,269.47,207.16,269.47,1,0.0,14,0,0,0,1,1,1,4,0,0,1,Banquet,1,0,1.0,401.55,150,990,1756.56,1,1,0,1,0.0,0.45,13.12,283.36,0.778,0.556,Shoulder,0,2,Wed,0,0,0,0,1,33,24,148171.51,0.7273,0,1,110,0.127,Low,0,0,100.0,0.0247
B-202406-29473,Booked,Travel Club International,Architecture Tour Group,Corporate,In-person,Rooms Only,Healthcare,Healthcare,Website,Medium,2024-02-18,2024-03-01,9,2024-06-19,2024-06-20,1,122,32,32,35,0,,0,0,3,0.0,0.0,3,73.1,165.32,163.1,5219.2,0.0,0.0,5219.2,28,4566.8,0.0,0.0,4566.8,0.875,0.0,,2024,6,3,60.8,39.2,1,70.36,143.74,214.1,214.1,143.74,1,0.0,32,0,0,0,0,0,0,0,0,0,0,,0,0,0.0,0.0,0,0,0.0,0,0,0,0,0.0,0.0,1.34,163.1,0.914,0.0,Shoulder,0,2,Wed,0,0,1,1,0,8,8,47501.29,1.0,0,0,110,0.291,Moderate,0,0,93.3,0.0246
B-202406-31130,Booked,State Medical Association,Regional Chapter Meeting,Association,In-person,Full Package,Healthcare,Healthcare,Cvent,Low,2023-09-06,2023-10-04,17,2024-06-19,2024-06-20,1,287,26,26,32,1,Breakout Room,1,1,11,1.0,12464.55,2,75.2,160.76,152.54,3966.04,515.39,1650.9,6132.33,18,2745.72,515.39,1572.29,4833.4,0.6923076923076923,49.134,,2024,6,3,56.1,43.9,1,96.19,134.64,230.83,230.83,134.64,1,0.0,26,0,0,0,1,1,1,8,0,0,1,Classroom,2,0,2.0,515.39,350,2464,3751.35,4,0,0,0,100.0,0.8,5.11,235.86,0.812,0.312,Shoulder,0,2,Wed,0,0,0,0,1,33,31,701034.92,0.9394,0,1,110,0.236,Low,0,0,100.0,0.0383
B-202406-34928,Booked,Manufacturing Alliance,Strategic Planning Retreat,Corporate,In-person,Full Package,Healthcare,Other,Direct Inquiry,Medium,2024-05-08,2024-06-03,14,2024-06-19,2024-06-22,3,42,38,114,47,1,Half Ballroom,1,1,12,0.0,0.0,2,72.6,157.53,159.84,18221.76,911.7,6570.76,25704.22,99,15824.16,911.7,6257.86,22993.72,0.868421052631579,44.382,,2024,6,2,69.0,31.0,0,11.65,167.99,179.64,0.0,179.64,2,5.7,34,38,33,0,1,3,3,24,1,0,1,Classroom,3,1,2.33,911.7,1350,5976,9064.87,4,0,0,0,100.0,0.39,-1.47,225.48,0.809,0.213,Shoulder,0,2,Wed,0,0,1,0,0,29,18,278441.71,0.6207,0,1,107,0.355,Moderate,0,0,93.3,0.2857
B-202406-66928,Booked,Family Celebration,Memorial Service Gathering,Wedding/Social,In-person,Rooms Only,Social,Social/Private,Sales Call,Low,2023-10-11,2023-11-21,34,2024-06-20,2024-06-21,1,253,19,19,20,0,,0,0,7,0.0,0.0,3,76.1,165.01,155.47,2953.93,0.0,0.0,2953.93,11,1710.17,0.0,0.0,1710.17,0.5789473684210527,0.0,,2024,6,2,58.1,41.9,1,85.37,169.23,254.6,254.6,169.23,1,0.0,19,0,0,0,0,0,0,0,0,0,0,,0,0,0.0,0.0,0,0,0.0,0,0,0,0,0.0,0.0,5.78,155.47,0.95,0.0,Shoulder,0,3,Thu,0,0,1,0,1,35,29,164944.94,0.8286,0,1,107,0.178,Low,0,0,93.3,0.0277
B-202406-77009,Booked,Technology Innovators,Town Hall Meeting,Corporate,In-person,Full Package,Technology,Technology,Third-Party Planner,Low,2024-03-23,2024-04-13,8,2024-06-20,2024-06-21,1,89,56,56,65,1,Half Ballroom,1,0,13,1.0,21695.23,2,73.6,158.91,146.9,8226.4,1347.46,2735.46,12309.32,53,7785.7,1347.46,2605.2,11738.36,0.9464285714285714,40.08,,2024,6,2,73.4,26.6,1,63.42,129.27,192.69,192.69,129.27,1,0.0,56,0,0,0,2,1,1,8,1,0,1,Banquet,2,0,2.0,1347.46,350,1248,2178.74,3,0,0,0,100.0,0.54,7.56,219.81,0.862,0.308,Shoulder,0,3,Thu,0,0,0,0,1,26,20,279092.77,0.7692,0,1,107,0.523,Moderate,0,0,100.0,0.1461
B-202406-50653,Booked,Faith Community,Band Competition,SMERF,In-person,Meeting Only,Other,Other,Cvent,Low,2024-03-09,2024-03-30,13,2024-06-21,2024-06-23,2,104,0,0,138,1,Grand Ballroom,0,0,8,1.0,18722.37,2,73.5,166.09,0.0,0.0,2059.64,2893.36,4953.0,0,0.0,2059.64,2755.58,4815.22,,9.984,,2024,6,0,0.0,0.0,0,0.0,0.0,0.0,0.0,0.0,0,0.0,0,0,0,0,1,2,2,16,1,0,1,Classroom,1,0,1.0,2059.64,300,2880,7898.53,1,0,0,0,100.0,0.57,100.0,,0.0,0.072,Shoulder,0,4,Fri,1,0,0,0,1,3,1,4426.97,0.3333,0,1,131,0.0,Low,0,0,86.7,0.0769
B-202406-58380,Booked,Premier Tours,Senior Travel Club,Corporate,In-person,Rooms Only,Finance,Finance,Website,High,2024-04-10,2024-04-22,9,2024-06-21,2024-06-22,1,72,51,51,56,0,,0,0,3,0.0,0.0,3,68.8,158.13,152.56,7780.56,0.0,0.0,7780.56,48,7322.88,0.0,0.0,7322.88,0.9411764705882352,0.0,,2024,6,3,64.7,35.3,1,134.7,149.02,283.72,261.04,149.02,1,0.0,51,0,0,0,0,0,0,0,0,0,0,,0,0,0.0,0.0,0,0,0.0,0,0,0,0,0.0,0.0,3.52,152.56,0.911,0.0,Shoulder,0,4,Fri,1,0,1,1,1,12,8,51345.81,0.6667,0,1,131,0.389,Moderate,0,0,93.3,0.0417
B-202406-27079,Booked,HR Professionals Network,Regional Chapter Meeting,Association,In-person,Full Package,Professional Services,Professional Services,Direct Inquiry,Medium,2023-08-06,2023-09-03,17,2024-06-22,2024-06-23,1,321,67,67,80,1,Half Ballroom,1,1,11,1.0,20778.11,2,75.4,159.39,153.97,10315.99,1133.44,3740.18,15189.61,50,7698.5,1133.44,3562.08,12394.02,0.746268656716418,44.526,,2024,6,3,53.3,46.7,1,146.95,175.85,322.8,202.69,202.69,1,0.0,67,0,0,0,1,1,1,8,1,0,1,Classroom,1,0,1.0,1133.44,150,1500,2280.72,3,0,0,0,100.0,0.67,3.4,226.71,0.838,0.125,Shoulder,0,5,Sat,1,0,0,0,1,22,15,298873.66,0.6818,0,1,129,0.519,Moderate,0,0,100.0,0.0343
B-202406-29346,Booked,Personal Event,Engagement Party,Wedding/Social,In-person,Rooms Only,Social,Social/Private,Repeat Client,Low,2023-10-28,2023-12-09,35,2024-06-22,2024-06-23,1,238,24,24,26,0,,0,1,7,0.0,0.0,1,71.4,163.53,147.42,3538.08,0.0,0.0,3538.08,14,2063.88,0.0,0.0,2063.88,0.5833333333333334,0.0,,2024,6,3,51.5,48.5,1,126.01,175.07,301.08,201.12,175.07,1,0.0,24,0,0,0,0,0,0,0,0,0,0,,0,0,0.0,0.0,0,0,0.0,0,0,0,0,0.0,0.0,9.85,147.42,0.923,0.0,Shoulder,0,5,Sat,1,1,1,0,1,31,24,116866.59,0.7742,0,1,129,0.186,Low,0,0,93.3,0.0294
B-202406-22928,Booked,Industry Trade Group,Policy Symposium,Association,Hybrid,Full Package,Trade/Manufacturing,Trade/Manufacturing,Third-Party Planner,High,2023-12-05,2024-01-10,26,2024-06-23,2024-06-25,2,201,64,128,88,1,Half Ballroom,1,0,10,1.0,37970.98,2,76.1,161.1,159.73,20445.44,1416.6,2942.2,24804.24,92,14695.16,1416.6,2802.1,18913.86,0.71875,15.921,,2024,6,3,53.4,46.6,0,200.67,150.97,351.64,0.0,150.97,2,15.6,54,64,0,0,2,6,2,24,1,0,1,Classroom,3,1,1.83,1416.6,2000,3840,7865.27,5,0,0,0,0.0,0.73,0.85,193.78,0.727,0.227,Shoulder,0,6,Sun,1,0,0,0,0,19,12,189003.08,0.6316,0,1,156,0.41,Moderate,0,0,100.0,0.0498
B-202406-32608,Booked,Consulting Network,Regional Team Meeting,Corporate,Hybrid,Rooms Only,Professional Services,Professional Services,Referral,Low,2024-04-03,2024-04-22,14,2024-06-23,2024-06-24,1,81,54,54,59,0,,0,0,5,1.0,7000.83,2,71.5,157.16,152.25,8221.5,0.0,0.0,8221.5,47,7155.75,0.0,0.0,7155.75,0.8703703703703703,0.0,,2024,6,2,50.3,49.7,1,56.85,199.11,255.96,255.96,199.11,1,0.0,54,0,0,0,0,0,0,0,0,0,0,,0,0,0.0,0.0,0,0,0.0,0,0,0,0,0.0,0.0,3.12,152.25,0.915,0.0,Shoulder,0,6,Sun,1,0,0,1,1,19,15,173839.36,0.7895,0,1,25,1.0,High,1,1,100.0,0.0617
B-202406-98895,Booked,HR Professionals Network,Continuing Education Conference,Association,Hybrid,Full Package,Professional Services,Professional Services,Website,Medium,2024-01-07,2024-02-09,22,2024-06-23,2024-06-24,1,168,77,77,101,1,Half Ballroom,1,1,11,1.0,28856.95,4,70.6,171.76,163.19,12565.63,846.38,1843.36,15255.37,58,9465.02,846.38,1755.58,12066.98,0.7532467532467533,17.382,,2024,6,3,70.6,29.4,1,97.81,139.44,237.25,237.25,139.44,1,0.0,77,0,0,0,1,2,1,12,1,0,1,Theater,2,0,1.5,846.38,500,1820,3182.85,2,0,0,0,50.0,0.84,4.99,198.12,0.762,0.099,Shoulder,0,6,Sun,1,0,0,0,1,23,16,311267.68,0.6957,0,1,25,1.0,High,1,1,100.0,0.0655
B-202406-96321,Booked,Banking Consortium,Customer Advisory Board,Corporate,Hybrid,Full Package,Finance,Finance,Repeat Client,Medium,2024-03-21,2024-04-09,9,2024-06-25,2024-06-26,1,96,27,27,31,1,Breakout Room,1,0,10,0.0,0.0,1,73.1,169.16,164.21,4433.67,590.09,700.54,5724.3,22,3612.62,590.09,667.18,4869.89,0.8148148148148148,21.522,,2024,6,2,69.9,30.1,1,107.63,208.02,315.65,208.02,315.65,1,0.0,27,0,0,0,1,1,1,8,0,0,1,Classroom,3,1,3.0,590.09,650,1643,3346.32,2,0,0,0,100.0,0.78,2.93,212.01,0.871,0.323,Shoulder,0,1,Tue,0,1,1,0,0,24,19,275417.23,0.7917,0,1,193,0.14,Low,0,0,93.3,0.1042
B-202406-13396,Booked,Education Foundation,Board Retreat,Association,In-person,Meeting Only,Education,Education,Website,Low,2023-08-19,2023-09-12,15,2024-06-26,2024-06-29,3,312,0,0,34,1,Breakout Room,0,0,9,0.0,0.0,3,68.6,160.59,0.0,0.0,575.0,4876.05,5451.05,0,0.0,575.0,4643.86,5218.86,,45.528,,2024,6,0,0.0,0.0,0,0.0,0.0,0.0,0.0,0.0,0,0.0,0,0,0,0,1,3,3,24,0,0,1,Classroom,2,0,1.67,575.0,850,8126,12039.62,5,0,0,0,100.0,0.85,100.0,,0.0,0.294,Shoulder,0,2,Wed,0,0,1,0,1,31,22,496777.44,0.7097,0,1,220,0.0,Low,0,0,80.0,0.0288
B-202406-25448,Booked,Professional Services Group,Management Training,Corporate,In-person,Full Package,Technology,Other,Third-Party Planner,Medium,2024-03-20,2024-04-09,10,2024-06-27,2024-06-28,1,99,69,69,82,1,Half Ballroom,1,1,10,0.0,0.0,1,71.8,164.88,155.03,10697.07,1354.53,1540.5,13592.1,55,8526.65,1354.53,1467.14,11348.32,0.7971014492753623,17.892,,2024,6,4,68.2,31.8,1,173.46,146.33,319.79,203.78,146.33,1,0.0,69,0,0,0,1,3,1,12,1,0,1,Classroom,2,0,1.67,1354.53,850,2808,4666.72,4,0,0,0,0.0,0.68,5.97,196.99,0.841,0.122,Shoulder,0,3,Thu,0,0,1,0,1,19,16,222635.64,0.8421,0,1,88,0.784,High,1,0,93.3,0.101
B-202406-52501,Booked,Personal Event,Holiday Party,Wedding/Social,In-person,Full Package,Social,Social/Private,Third-Party Planner,Low,2023-08-06,2023-09-07,21,2024-06-27,2024-06-28,1,326,26,26,30,1,Breakout Room,1,1,11,0.0,0.0,3,74.1,158.37,150.62,3916.12,352.76,2385.56,6654.44,15,2259.3,352.76,2271.96,4884.02,0.5769230769230769,75.732,,2024,6,4,51.5,48.5,1,60.71,134.46,195.17,195.17,134.46,1,0.0,26,0,0,0,1,1,1,4,0,0,1,Reception,1,0,1.0,352.76,150,1350,2080.09,1,0,1,1,0.0,0.75,4.89,255.94,0.867,0.333,Shoulder,0,3,Thu,0,0,1,0,1,32,25,118930.47,0.7812,0,1,88,0.295,Moderate,0,0,93.3,0.0337
B-202406-61615,Booked,Social Event,Bar/Bat Mitzvah,Wedding/Social,In-person,Full Package,Social,Social/Private,Sales Call,Low,2023-10-16,2023-11-19,25,2024-06-27,2024-06-28,1,255,37,37,49,1,Half Ballroom,1,0,9,1.0,18085.39,2,69.5,161.25,134.37,4971.69,1207.41,4147.39,10326.49,22,2956.14,1207.41,3949.89,8113.44,0.5945945945945946,80.61,,2024,6,4,55.9,44.1,1,117.46,117.47,234.93,234.93,117.47,1,0.0,37,0,0,0,1,2,1,8,1,0,1,Banquet,2,0,1.5,1207.41,500,1320,2508.29,1,1,0,1,0.0,0.41,16.67,279.09,0.755,0.204,Shoulder,0,3,Thu,0,0,0,0,1,38,25,131199.51,0.6579,0,1,88,0.42,Moderate,0,0,100.0,0.0353
B-202406-60082,Booked,Private Individual,Holiday Party,Wedding/Social,In-person,Full Package,Social,Social/Private,RFP,Low,2023-12-12,2024-01-28,39,2024-06-28,2024-06-29,1,199,25,25,32,1,Breakout Room,1,1,8,1.0,13630.99,2,78.7,163.41,155.95,3898.75,526.65,2737.33,7162.73,15,2339.25,526.65,2606.98,5472.88,0.6,81.468,,2024,6,3,65.5,34.5,1,156.97,143.92,300.89,217.67,143.92,1,0.0,25,0,0,0,1,2,1,8,0,0,1,Banquet,2,0,1.5,526.65,500,1440,3171.75,1,0,1,1,0.0,0.8,4.57,286.51,0.781,0.312,Peak,0,4,Fri,1,0,0,0,1,32,28,130843.69,0.875,0,1,195,0.128,Low,0,0,100.0,0.0402
B-202406-27428,Booked,TechCorp Solutions,Executive Offsite,Corporate,In-person,Full Package,Technology,Technology,Cvent,Low,2024-03-19,2024-04-08,13,2024-06-29,2024-06-30,1,102,5,5,6,1,Boardroom,1,1,7,0.0,0.0,3,71.4,163.46,148.01,740.05,348.69,286.45,1375.19,4,592.04,348.69,272.81,1213.54,0.8,45.468,,2024,6,4,68.1,31.9,1,169.63,134.63,304.26,268.67,134.63,1,0.0,5,0,0,0,1,1,1,8,0,1,1,Boardroom,2,0,2.0,348.69,350,450,1863.9,3,0,0,0,100.0,0.43,9.45,275.04,0.833,1.667,Shoulder,0,5,Sat,1,0,1,0,1,21,14,115505.98,0.6667,0,1,45,0.111,Low,0,0,93.3,0.0686
B-202406-38591,Booked,Consulting Network,Board of Directors Meeting,Corporate,In-person,Rooms Only,Professional Services,Professional Services,Referral,Medium,2024-05-01,2024-05-18,14,2024-06-29,2024-06-30,1,59,76,76,83,0,,0,0,3,0.0,0.0,2,72.2,163.5,153.49,11665.24,0.0,0.0,11665.24,73,11204.77,0.0,0.0,11204.77,0.9605263157894736,0.0,,2024,6,4,66.2,33.8,1,149.72,166.07,315.79,271.8,166.07,1,0.0,76,0,0,0,0,0,0,0,0,0,0,,0,0,0.0,0.0,0,0,0.0,0,0,0,0,0.0,0.0,6.12,153.49,0.916,0.0,Shoulder,0,5,Sat,1,0,1,1,1,20,16,180995.11,0.8,0,1,45,1.0,High,1,1,93.3,0.0508
B-202406-45321,Booked,Pharmaceutical Partners,Executive Offsite,Corporate,Hybrid,Full Package,Healthcare,Healthcare,Sales Call,Medium,2024-04-03,2024-04-23,9,2024-06-29,2024-06-30,1,87,69,69,96,1,Half Ballroom,1,0,11,1.0,19152.24,4,74.7,156.21,157.57,10872.33,1617.12,1766.02,14255.47,68,10714.76,1617.12,1681.92,14013.8,0.9855072463768116,17.52,,2024,6,2,54.1,45.9,1,39.21,172.76,211.97,211.97,172.76,1,0.0,69,0,0,0,2,2,1,12,1,0,1,Theater,2,0,2.0,1617.12,700,2718,4377.51,4,0,0,0,50.0,0.8,-0.87,206.6,0.719,0.208,Shoulder,0,5,Sat,1,0,0,0,0,34,23,288118.07,0.6765,0,1,45,1.0,High,1,1,100.0,0.1264
B-202406-51680,Booked,Family Celebration,Bar/Bat Mitzvah,Wedding/Social,In-person,Full Package,Social,Social/Private,Repeat Client,Low,2023-11-11,2023-12-25,37,2024-06-29,2024-06-30,1,231,25,25,28,1,Breakout Room,1,1,7,0.0,0.0,1,73.1,158.44,142.98,3574.5,404.1,1969.68,5948.28,16,2287.68,404.1,1875.89,4567.67,0.64,66.996,,2024,6,2,51.4,48.6,1,65.32,220.61,285.93,220.61,220.61,1,0.0,25,0,0,0,1,1,1,4,0,0,1,Banquet,0,0,0.0,404.1,0,1540,2181.52,1,1,0,1,0.0,0.7,9.76,237.93,0.893,0.357,Shoulder,0,5,Sat,1,1,1,0,1,36,30,166655.11,0.8333,0,1,45,0.556,Moderate,0,0,93.3,0.0303
B-202406-45815,Booked,Private Individual,Family Reunion Weekend,Wedding/Social,In-person,Full Package,Social,Social/Private,Website,Low,2023-07-01,2023-07-30,22,2024-06-30,2024-07-01,1,365,26,26,35,1,Breakout Room,1,1,7,1.0,10120.3,1,73.6,163.96,147.67,3839.42,350.07,2840.04,7029.53,15,2215.05,350.07,2704.8,5269.92,0.5769230769230769,77.28,,2024,6,3,63.9,36.1,1,94.57,128.07,222.64,222.64,128.07,1,0.0,26,0,0,0,1,1,1,4,0,0,1,Banquet,1,0,1.0,350.07,150,1575,2375.42,1,0,1,1,0.0,0.88,9.94,270.37,0.743,0.286,Shoulder,0,6,Sun,1,0,0,0,1,33,29,136316.57,0.8788,0,1,56,0.464,Moderate,0,0,100.0,0.0192
B-202406-73284,Booked,Real Estate Board,Certification Training,Association,In-person,Full Package,Government,Government,Repeat Client,High,2023-12-05,2024-01-10,23,2024-06-30,2024-07-03,3,208,93,279,116,1,Half Ballroom,1,0,13,1.0,88510.83,2,75.5,164.08,145.97,40725.63,1653.79,7231.27,49610.69,223,32551.31,1653.79,6886.92,41092.02,0.7992831541218638,19.79,,2024,6,2,74.4,25.6,1,37.78,154.62,192.4,192.4,192.4,2,5.4,85,93,81,0,2,7,3,36,1,0,1,Classroom,3,1,2.29,1653.79,3150,4492,10535.23,3,0,0,0,28.6,0.97,11.04,177.82,0.802,0.172,Shoulder,0,6,Sun,1,1,0,0,1,19,17,337069.89,0.8947,0,1,11,1.0,High,1,1,100.0,0.0625
B-202406-90969,Booked,Family Celebration,Anniversary Celebration,Wedding/Social,In-person,Full Package,Social,Social/Private,Direct Inquiry,Low,2023-08-31,2023-10-11,29,2024-06-30,2024-07-01,1,304,45,45,50,1,Half Ballroom,1,0,12,0.0,0.0,1,72.7,163.7,150.84,6787.8,1121.37,3778.43,11687.6,28,4223.52,1121.37,3598.5,8943.39,0.6222222222222222,71.97,,2024,6,3,68.2,31.8,1,133.68,153.78,287.46,247.65,153.78,1,0.0,45,0,0,0,1,1,1,4,1,0,1,Banquet,2,0,2.0,1121.37,350,1320,2044.19,1,1,0,1,0.0,0.42,7.86,259.72,0.9,0.2,Shoulder,0,6,Sun,1,0,1,0,1,37,31,171222.78,0.8378,0,1,56,0.804,High,1,0,93.3,0.0395
B-202407-59074,Booked,Private Party,Charity Gala,Wedding/Social,In-person,Rooms Only,Social,Social/Private,Direct Inquiry,Low,2023-09-11,2023-10-11,25,2024-07-01,2024-07-02,1,294,41,41,45,0,,0,1,5,0.0,0.0,1,66.5,153.25,132.99,5452.59,0.0,0.0,5452.59,23,3058.77,0.0,0.0,3058.77,0.5609756097560976,0.0,,2024,7,3,62.3,37.7,1,94.08,154.59,248.67,173.85,154.59,1,0.0,41,0,0,0,0,0,0,0,0,0,0,,0,0,0.0,0.0,0,0,0.0,0,0,0,0,0.0,0.0,13.22,132.99,0.911,0.0,Shoulder,0,0,Mon,0,0,1,1,1,34,25,151359.15,0.7353,0,1,11,1.0,High,1,1,93.3,0.017
B-202407-81260,Booked,Professional Services Group,Annual Sales Conference,Corporate,In-person,Rooms Only,Finance,Other,Cvent,Medium,2024-04-14,2024-04-30,10,2024-07-01,2024-07-02,1,78,75,75,82,0,,0,1,6,1.0,14427.19,3,67.8,162.04,160.25,12018.75,0.0,0.0,12018.75,73,11698.25,0.0,0.0,11698.25,0.9733333333333334,0.0,,2024,7,3,73.5,26.5,1,157.32,174.99,332.31,295.2,174.99,1,0.0,75,0,0,0,0,0,0,0,0,0,0,,0,0,0.0,0.0,0,0,0.0,0,0,0,0,0.0,0.0,1.1,160.25,0.915,0.0,Shoulder,0,0,Mon,0,0,0,0,0,20,17,233983.96,0.85,0,1,11,1.0,High,1,1,100.0,0.0769
B-202407-34596,Booked,Cultural Journeys,Bird Watching Tour,Corporate,Hybrid,Full Package,Other,Other,Repeat Client,Medium,2024-05-28,2024-06-17,11,2024-07-02,2024-07-03,1,35,60,60,78,1,Half Ballroom,0,1,9,0.0,0.0,1,68.9,164.04,147.45,8847.0,884.72,0.0,9731.72,54,7962.3,884.72,0.0,8847.02,0.9,0.0,,2024,7,4,64.5,35.5,1,126.01,145.75,271.76,218.58,145.75,1,0.0,60,0,0,0,1,1,1,4,1,0,1,Banquet,1,0,1.0,884.72,150,0,476.49,0,0,0,0,0.0,0.65,10.11,162.2,0.769,0.128,Shoulder,0,1,Tue,0,1,1,0,1,14,13,76412.36,0.9286,0,1,67,0.896,High,1,0,93.3,0.2571
B-202407-11438,Booked,Retail Corporation,Strategic Planning Retreat,Corporate,Hybrid,Meeting Only,Healthcare,Other,Repeat Client,Low,2024-04-13,2024-05-01,13,2024-07-03,2024-07-04,1,81,0,0,49,1,Half Ballroom,0,1,5,1.0,7360.51,1,60.9,154.44,0.0,0.0,1071.8,2391.81,3463.61,0,0.0,1071.8,2277.91,3349.71,,46.488,,2024,7,0,0.0,0.0,0,0.0,0.0,0.0,0.0,0.0,0,0.0,0,0,0,0,1,1,1,8,1,0,1,Theater,2,0,2.0,1071.8,350,1848,2831.19,4,0,0,0,100.0,0.41,100.0,,0.0,0.204,Shoulder,0,2,Wed,0,1,0,1,1,21,15,213086.87,0.7143,0,1,220,0.0,Low,0,0,86.7,0.0617
B-202407-12877,Booked,Financial Services Group,Management Training,Corporate,Hybrid,Full Package,Finance,Finance,Sales Call,Low,2024-05-07,2024-05-30,9,2024-07-04,2024-07-06,2,58,38,76,42,1,Half Ballroom,1,0,14,1.0,21437.98,2,69.7,156.89,152.29,11574.04,926.85,4238.36,16739.25,64,9746.56,926.85,4036.54,14709.95,0.8421052631578947,48.054,,2024,7,4,70.6,29.4,1,108.11,153.64,261.75,261.75,153.64,2,23.7,29,38,0,0,1,2,2,16,1,0,1,Classroom,3,1,2.5,926.85,1000,2520,4753.73,5,0,0,0,100.0,0.35,2.93,220.25,0.905,0.238,Shoulder,0,3,Thu,0,0,0,0,0,22,17,172631.75,0.7727,0,1,112,0.339,Moderate,0,0,100.0,0.2414
B-202407-32245,Booked,Youth Athletics,Cultural Heritage Festival,SMERF,Virtual,Full Package,SMERF,Social/Community,RFP,Low,2024-03-01,2024-03-26,17,2024-07-04,2024-07-05,1,125,34,34,39,1,Breakout Room,1,0,8,0.0,0.0,3,65.6,150.4,123.48,4198.32,542.68,729.97,5470.97,29,3580.92,542.68,695.21,4818.81,0.8529411764705882,17.826,,2024,7,2,66.3,33.7,1,60.01,145.23,205.24,205.24,145.23,1,0.0,34,0,0,0,1,2,1,8,0,0,1,Classroom,2,0,1.5,542.68,500,1692,3361.35,2,0,0,0,0.0,0.97,17.9,160.91,0.872,0.256,Shoulder,0,3,Thu,0,0,1,0,1,4,3,39599.78,0.75,0,1,79,0.43,Moderate,0,0,93.3,0.064
B-202407-64432,Booked,Retail Corporation,Leadership Summit,Corporate,In-person,Full Package,Professional Services,Other,Referral,Low,2024-04-26,2024-05-14,11,2024-07-04,2024-07-05,1,69,27,27,29,1,Breakout Room,1,1,7,0.0,0.0,2,61.1,157.2,133.61,3607.47,557.2,1248.57,5413.24,24,3206.64,557.2,1189.12,4952.96,0.8888888888888888,41.004,,2024,7,2,75.0,25.0,1,78.38,134.73,213.11,213.11,134.73,1,0.0,27,0,0,0,1,1,1,8,0,0,1,Classroom,2,0,2.0,557.2,350,2175,3544.14,3,0,0,0,100.0,0.72,15.01,200.49,0.931,0.345,Shoulder,0,3,Thu,0,0,1,0,1,22,16,216436.58,0.7273,0,1,79,0.342,Moderate,0,0,93.3,0.1014
B-202407-88105,Booked,TechCorp Solutions,Innovation Workshop,Corporate,In-person,Full Package,Technology,Technology,Repeat Client,Medium,2024-04-23,2024-05-09,8,2024-07-04,2024-07-06,2,72,42,84,47,1,Half Ballroom,1,0,8,0.0,0.0,2,60.7,164.2,142.84,11998.56,1070.95,4693.78,17763.29,76,10855.84,1070.95,4470.26,16397.05,0.9047619047619048,47.556,,2024,7,2,59.6,40.4,0,4.59,141.34,145.93,0.0,141.34,2,7.1,39,42,0,0,1,2,2,16,1,0,1,Classroom,2,0,1.5,1070.95,500,3360,5044.27,5,0,0,0,100.0,0.39,13.01,211.47,0.894,0.213,Shoulder,0,3,Thu,0,1,1,0,1,22,15,116719.52,0.6818,0,1,112,0.375,Moderate,0,0,93.3,0.1111
B-202407-50572,Booked,Premier Tours,Museum Tour Package,Corporate,In-person,Rooms Only,Technology,Technology,Direct Inquiry,Medium,2024-04-11,2024-05-02,14,2024-07-05,2024-07-06,1,85,28,28,30,0,,0,0,7,0.0,0.0,1,67.1,164.61,148.85,4167.8,0.0,0.0,4167.8,27,4018.95,0.0,0.0,4018.95,0.9642857142857144,0.0,,2024,7,4,69.5,30.5,1,153.64,154.8,308.44,234.96,160.64,1,0.0,28,0,0,0,0,0,0,0,0,0,0,,0,0,0.0,0.0,0,0,0.0,0,0,0,0,0.0,0.0,9.57,148.85,0.933,0.0,Shoulder,0,4,Fri,1,0,1,0,1,13,9,58668.69,0.6923,0,1,112,0.25,Moderate,0,0,93.3,0.0824
B-202407-70700,Booked,State Medical Association,Board Retreat,Association,In-person,Full Package,Healthcare,Healthcare,Referral,High,2023-09-26,2023-11-03,26,2024-07-06,2024-07-09,3,284,59,177,80,1,Half Ballroom,1,1,12,0.0,0.0,1,67.6,154.63,137.4,24319.8,810.26,12358.58,37488.64,112,15388.8,810.26,11770.08,27969.14,0.632768361581921,49.042,,2024,7,2,62.5,37.5,1,64.16,222.28,286.44,222.28,286.44,2,3.7,54,59,55,0,1,3,3,24,1,0,1,Classroom,3,1,2.0,810.26,1150,3640,6600.22,5,0,0,0,100.0,0.67,11.14,211.8,0.738,0.125,Shoulder,0,5,Sat,1,0,1,0,1,35,32,705868.32,0.9143,0,1,101,0.584,Moderate,0,0,93.3,0.0423
B-202407-83307,Booked,Social Event,Smith-Johnson Wedding,Wedding/Social,In-person,Full Package,Social,Social/Private,Sales Call,Low,2023-11-09,2023-12-30,42,2024-07-06,2024-07-07,1,240,28,28,37,1,Breakout Room,1,0,9,1.0,12738.67,2,67.9,157.38,141.04,3949.12,365.81,2538.23,6853.16,18,2538.72,365.81,2417.36,5321.89,0.6428571428571429,65.334,,2024,7,3,71.8,28.2,1,112.31,148.42,260.73,260.73,148.42,1,0.0,28,0,0,0,1,1,1,4,0,0,1,Banquet,2,0,2.0,365.81,350,2035,3035.16,1,1,0,1,0.0,0.93,10.38,244.76,0.757,0.27,Shoulder,0,5,Sat,1,0,0,0,1,39,26,139312.95,0.6667,0,1,133,0.211,Low,0,0,100.0,0.0375
B-202407-18450,Booked,Technology Innovators,Performance Review Summit,Corporate,Virtual,Full Package,Technology,Technology,Sales Call,Medium,2024-03-21,2024-04-12,9,2024-07-07,2024-07-08,1,108,60,60,72,1,Half Ballroom,1,1,13,1.0,21685.4,1,64.9,152.91,128.16,7689.6,1317.64,3412.43,12419.67,52,6664.32,1317.64,3249.94,11231.9,0.8666666666666667,45.138,,2024,7,3,74.0,26.0,1,112.13,131.39,243.52,174.74,131.39,1,0.0,60,0,0,0,2,1,1,8,1,0,1,Banquet,1,0,1.0,1317.64,150,1800,2558.29,3,0,0,0,100.0,0.6,16.19,206.99,0.833,0.278,Shoulder,0,6,Sun,1,0,0,0,1,27,21,290831.13,0.7778,0,1,101,0.594,Moderate,0,0,100.0,0.1204
B-202407-61296,Booked,Local School District,Youth Group Gathering,SMERF,In-person,Full Package,Education,Education,Sales Call,Low,2024-03-19,2024-04-16,15,2024-07-08,2024-07-09,1,111,28,28,35,1,Breakout Room,1,1,13,1.0,6958.45,2,62.5,152.37,122.71,3435.88,565.64,814.09,4815.61,21,2576.91,565.64,775.32,3917.87,0.75,22.152,,2024,7,4,53.6,46.4,1,141.36,124.75,266.11,176.2,124.75,1,0.0,28,0,0,0,1,1,1,8,0,0,1,Banquet,1,0,1.0,565.64,150,1645,2795.15,2,0,0,0,100.0,0.88,19.47,171.99,0.8,0.286,Shoulder,0,0,Mon,0,0,0,0,1,8,5,38140.77,0.625,0,1,133,0.211,Low,0,0,100.0,0.1171
B-202407-33082,Booked,Professional Services Group,Annual Sales Conference,Corporate,In-person,Meeting Only,Healthcare,Other,Sales Call,Low,2024-04-16,2024-05-04,10,2024-07-09,2024-07-11,2,84,0,0,43,1,Half Ballroom,0,1,8,1.0,12884.45,2,65.2,158.69,0.0,0.0,1341.3,4024.76,5366.06,0,0.0,1341.3,3833.11,5174.41,,44.571,,2024,7,0,0.0,0.0,0,0.0,0.0,0.0,0.0,0.0,0,0.0,0,0,0,0,1,2,2,16,1,0,1,Classroom,2,0,2.0,1341.3,700,2808,4717.58,5,0,0,0,100.0,0.36,100.0,,0.0,0.233,Shoulder,0,1,Tue,0,0,0,0,1,21,18,245682.21,0.8571,0,1,220,0.0,Low,0,0,86.7,0.0952
B-202407-27510,Booked,Social Event,Smith-Johnson Wedding,Wedding/Social,In-person,Rooms Only,Social,Social/Private,Direct Inquiry,Low,2024-02-04,2024-02-24,17,2024-07-12,2024-07-13,1,159,31,31,34,0,,0,1,3,0.0,0.0,3,63.9,159.79,121.48,3765.88,0.0,0.0,3765.88,17,2065.16,0.0,0.0,2065.16,0.5483870967741935,0.0,,2024,7,2,66.3,33.7,0,13.14,128.35,141.49,0.0,128.35,1,0.0,31,0,0,0,0,0,0,0,0,0,0,,0,0,0.0,0.0,0,0,0.0,0,0,0,0,0.0,0.0,23.98,121.48,0.912,0.0,Shoulder,0,4,Fri,1,0,1,1,1,40,27,144634.84,0.675,0,1,139,0.223,Low,0,0,93.3,0.0189
B-202407-42118,Booked,State Medical Association,Professional Development Symposium,Association,In-person,Full Package,Healthcare,Healthcare,Cvent,High,2023-09-13,2023-10-14,19,2024-07-12,2024-07-16,4,303,50,200,55,1,Half Ballroom,1,0,12,0.0,0.0,4,69.9,157.63,138.22,27644.0,1214.21,10403.32,39261.53,160,22115.2,1214.21,9907.92,33237.33,0.8,45.036,,2024,7,3,71.7,28.3,0,128.94,141.72,270.66,0.0,141.72,2,11.3,47,50,43,35,1,4,4,32,1,0,1,Classroom,3,1,2.0,1214.21,1500,3960,7912.83,5,0,0,0,100.0,0.46,12.31,196.31,0.909,0.182,Shoulder,0,4,Fri,1,0,1,0,1,36,33,733837.46,0.9167,0,1,103,0.485,Moderate,0,0,93.3,0.0396
B-202407-65291,Booked,Real Estate Board,Awards Gala Weekend,Association,In-person,Full Package,Government,Government,Third-Party Planner,Medium,2023-12-31,2024-02-06,28,2024-07-13,2024-07-15,2,195,67,134,85,1,Half Ballroom,1,1,9,1.0,43884.26,3,64.2,164.03,148.65,19919.1,1526.53,3493.07,24938.7,92,13675.8,1526.53,3326.73,18529.06,0.6865671641791045,19.569,,2024,7,2,62.7,37.3,1,22.96,150.94,173.9,173.9,150.94,2,17.9,55,67,0,0,2,5,2,24,1,0,1,Classroom,3,1,1.8,1526.53,1650,4192,7857.53,5,0,0,0,20.0,0.71,9.38,186.11,0.788,0.235,Shoulder,0,5,Sat,1,0,0,0,1,20,18,378161.91,0.9,0,1,34,1.0,High,1,1,100.0,0.0462
B-202407-56165,Booked,Real Estate Board,State Convention,Association,In-person,Full Package,Government,Government,RFP,High,2023-11-03,2023-12-12,25,2024-07-14,2024-07-18,4,254,69,276,84,1,Half Ballroom,1,0,14,1.0,95096.64,2,65.5,163.31,137.47,37941.72,1063.19,6349.87,45354.78,182,25019.54,1063.19,6047.5,32130.23,0.6594202898550725,17.9985,,2024,7,4,64.9,35.1,1,109.84,127.02,236.86,236.86,140.39,2,7.5,66,69,68,56,1,11,4,48,1,0,1,Classroom,3,1,2.0,1063.19,4150,6984,14927.66,5,0,0,0,9.1,0.7,15.82,164.33,0.821,0.119,Shoulder,0,6,Sun,1,0,0,0,1,21,19,396690.97,0.9048,0,1,50,1.0,High,1,1,100.0,0.0551
B-202407-82286,Booked,Regional Healthcare System,New Hire Orientation,Corporate,In-person,Full Package,Healthcare,Healthcare,Referral,Medium,2024-05-15,2024-06-05,14,2024-07-15,2024-07-17,2,61,51,102,59,1,Half Ballroom,1,0,7,0.0,0.0,1,63.6,153.16,119.59,12198.18,856.67,5603.0,18657.85,88,10523.92,856.67,5336.2,16716.79,0.8627450980392157,45.222,,2024,7,3,65.8,34.2,1,57.5,111.95,169.45,169.45,118.31,2,13.7,44,51,0,0,1,2,2,16,1,0,1,Classroom,3,1,2.5,856.67,1000,3072,5304.04,4,0,0,0,100.0,0.49,21.92,182.92,0.864,0.169,Shoulder,0,0,Mon,0,0,1,0,1,19,18,180339.59,0.9474,0,1,82,0.622,High,1,0,93.3,0.1148
B-202407-54215,Booked,Personal Event,Williams-Brown Wedding,Wedding/Social,In-person,Full Package,Social,Social/Private,Referral,Low,2024-02-17,2024-04-06,38,2024-07-16,2024-07-17,1,150,18,18,24,1,Breakout Room,1,0,11,1.0,7072.48,1,60.5,157.89,128.14,2306.52,387.19,1647.47,4341.18,10,1281.4,387.19,1569.02,3237.61,0.5555555555555556,65.376,,2024,7,2,69.7,30.3,1,36.65,135.7,172.35,172.35,135.7,1,0.0,18,0,0,0,1,2,1,8,0,0,1,Banquet,1,0,1.0,387.19,300,1080,2587.37,1,0,1,1,0.0,0.6,18.84,241.18,0.75,0.417,Shoulder,0,1,Tue,0,0,0,0,1,33,26,123814.49,0.7879,0,1,82,0.22,Low,0,0,100.0,0.0733
B-202407-61202,Booked,Senior Adventures,Wine Country Excursion,SMERF,In-person,Rooms Only,Government,Government,Sales Call,Medium,2024-05-15,2024-05-29,11,2024-07-17,2024-07-18,1,63,42,42,46,0,,0,0,3,0.0,0.0,4,63.6,158.39,123.22,5175.24,0.0,0.0,5175.24,41,5052.02,0.0,0.0,5052.02,0.9761904761904762,0.0,,2024,7,2,62.3,37.7,1,51.14,121.08,172.22,172.22,121.08,1,0.0,42,0,0,0,0,0,0,0,0,0,0,,0,0,0.0,0.0,0,0,0.0,0,0,0,0,0.0,0.0,22.2,123.22,0.913,0.0,Shoulder,0,2,Wed,0,0,1,1,1,11,6,24530.77,0.5455,0,1,65,0.646,High,1,0,93.3,0.0476
B-202407-61955,Booked,Energy Solutions,Annual Sales Conference,Corporate,In-person,Full Package,Technology,Other,Cvent,Low,2024-05-09,2024-06-02,10,2024-07-17,2024-07-18,1,69,44,44,57,1,Half Ballroom,1,1,14,1.0,13832.55,3,63.6,147.69,131.02,5764.88,1196.24,2726.29,9687.41,40,5240.8,1196.24,2596.46,9033.5,0.9090909090909092,45.552,,2024,7,4,62.5,37.5,1,131.23,157.45,288.68,256.01,157.45,1,0.0,44,0,0,0,1,1,1,8,1,0,1,Classroom,2,0,2.0,1196.24,350,1800,2779.33,3,0,0,0,100.0,0.47,11.29,220.17,0.772,0.175,Shoulder,0,2,Wed,0,0,0,0,1,25,15,188491.79,0.6,0,1,65,0.677,High,1,0,100.0,0.2029
B-202407-47359,Booked,Local School District,Youth Group Gathering,SMERF,Hybrid,Full Package,Education,Education,Cvent,Medium,2024-03-06,2024-04-05,18,2024-07-18,2024-07-19,1,134,36,36,46,1,Half Ballroom,0,1,12,1.0,7823.68,4,64.0,160.99,133.9,4820.4,1148.23,0.0,5968.63,31,4150.9,1148.23,0.0,5299.13,0.8611111111111112,0.0,,2024,7,2,56.6,43.4,1,100.39,151.5,251.89,251.89,151.5,1,0.0,36,0,0,0,1,2,1,8,1,0,1,Theater,2,0,1.5,1148.23,500,0,1145.02,0,0,0,0,0.0,0.38,16.83,165.8,0.783,0.217,Shoulder,0,3,Thu,0,0,0,0,1,9,6,42058.64,0.6667,0,1,184,0.196,Low,0,0,100.0,0.0896
B-202407-46500,Booked,Professional Engineers Society,Committee Meeting,Association,In-person,Full Package,Association,Other,Repeat Client,High,2023-10-12,2023-11-18,28,2024-07-19,2024-07-22,3,281,62,186,69,1,Half Ballroom,1,0,9,0.0,0.0,2,59.7,158.95,126.37,23504.82,1298.6,9509.06,34312.48,139,17565.43,1298.6,9056.25,27920.28,0.7473118279569892,43.75,,2024,7,2,58.8,41.2,0,110.69,134.65,245.34,0.0,134.65,2,2.7,58,62,59,0,1,3,3,24,1,0,1,Theater,2,0,1.33,1298.6,650,3880,6369.03,5,0,0,0,100.0,0.57,20.5,184.48,0.899,0.145,Low,0,4,Fri,1,1,1,0,1,28,22,490825.31,0.7857,0,1,10,1.0,High,1,1,93.3,0.032
B-202407-53707,Booked,Real Estate Board,Member Appreciation Event,Association,In-person,Full Package,Government,Government,Sales Call,High,2024-01-08,2024-02-13,28,2024-07-20,2024-07-24,4,194,82,328,109,1,Half Ballroom,1,0,8,1.0,89062.89,1,64.7,153.69,137.17,44991.76,1118.18,8287.78,54397.72,216,29628.72,1118.18,7893.13,38640.03,0.6585365853658537,18.1035,,2024,7,2,52.2,47.8,1,28.74,157.69,186.43,186.43,157.69,2,6.3,81,82,76,69,1,9,4,48,1,0,1,Classroom,2,0,1.44,1118.18,2150,6860,12791.47,5,0,0,0,33.3,0.91,10.75,165.85,0.752,0.092,Shoulder,0,5,Sat,1,0,0,0,1,22,20,428821.2,0.9091,0,1,0,,Unknown,0,1,100.0,0.0412
B-202407-57250,Booked,Pharmaceutical Partners,Executive Offsite,Corporate,Hybrid,Full Package,Healthcare,Healthcare,Repeat Client,High,2024-06-07,2024-06-30,10,2024-07-20,2024-07-23,3,43,66,198,90,1,Half Ballroom,1,1,13,1.0,64347.63,1,64.6,154.4,140.94,27906.12,1710.5,5319.59,34936.21,161,22691.34,1710.5,5066.28,29468.12,0.8131313131313131,18.764,,2024,7,2,53.7,46.3,0,142.34,150.33,292.67,0.0,150.33,2,3.3,62,66,61,0,2,7,3,36,1,0,1,Classroom,3,1,2.57,1710.5,3650,5358,11839.66,5,0,0,0,28.6,0.75,8.72,176.45,0.733,0.222,Shoulder,0,5,Sat,1,1,0,0,1,35,24,302131.87,0.6857,0,1,0,,Unknown,0,1,100.0,0.3023
B-202407-45378,Booked,Private Individual,Williams-Brown Wedding,Wedding/Social,In-person,Full Package,Social,Social/Private,Website,Low,2023-11-12,2023-12-24,34,2024-07-21,2024-07-22,1,252,17,17,19,1,Breakout Room,1,0,8,0.0,0.0,2,64.1,155.52,127.34,2164.78,496.18,1532.88,4193.84,10,1273.4,496.18,1459.88,3229.46,0.5882352941176471,76.836,,2024,7,3,73.0,27.0,1,107.51,112.83,220.34,220.34,112.83,1,0.0,17,0,0,0,1,2,1,8,0,0,1,Banquet,1,0,0.5,496.18,150,855,2135.25,1,0,1,1,0.0,0.47,18.12,246.7,0.895,0.526,Shoulder,0,6,Sun,1,0,1,0,1,34,30,141586.49,0.8824,0,1,0,,Unknown,0,1,93.3,0.0317
B-202407-61381,Booked,Retail Corporation,Strategic Planning Retreat,Corporate,In-person,Full Package,Finance,Other,Repeat Client,Medium,2024-04-25,2024-05-16,7,2024-07-21,2024-07-22,1,87,57,57,77,1,Half Ballroom,1,0,14,0.0,0.0,1,67.0,160.67,155.83,8882.31,1727.84,3272.97,13883.12,51,7947.33,1727.84,3117.11,12792.28,0.8947368421052632,40.482,,2024,7,2,52.9,47.1,0,143.78,175.24,319.02,0.0,319.02,1,0.0,57,0,0,0,2,1,1,8,1,0,1,Banquet,1,0,1.0,1727.84,150,2088,2780.19,4,0,0,0,100.0,0.64,3.01,243.56,0.74,0.26,Shoulder,0,6,Sun,1,1,1,0,1,23,17,221389.54,0.7391,0,1,0,,Unknown,0,1,93.3,0.1609
B-202407-63907,Booked,Youth Athletics,Church Retreat Weekend,SMERF,In-person,Rooms Only,SMERF,Social/Community,Repeat Client,Medium,2024-04-14,2024-05-05,16,2024-07-21,2024-07-23,2,98,58,116,63,0,,0,0,5,0.0,0.0,1,63.2,157.8,121.95,14146.2,0.0,0.0,14146.2,92,11219.4,0.0,0.0,11219.4,0.7931034482758621,0.0,,2024,7,3,69.9,30.1,1,117.54,143.93,261.47,235.1,261.47,2,15.5,49,58,0,0,0,0,0,0,0,0,0,,0,0,0.0,0.0,0,0,0.0,0,0,0,0,0.0,0.0,22.72,121.95,0.921,0.0,Shoulder,0,6,Sun,1,1,1,1,1,5,4,44418.59,0.8,0,1,0,,Unknown,0,1,93.3,0.051
B-202407-86183,Booked,Insurance Federation,Continuing Education Conference,Association,In-person,Full Package,Finance,Finance,Repeat Client,High,2023-12-11,2024-01-17,24,2024-07-21,2024-07-22,1,223,74,74,96,1,Half Ballroom,1,0,13,0.0,0.0,2,70.0,158.75,133.19,9856.06,1550.84,1720.05,13126.95,55,7325.45,1550.84,1638.14,10514.43,0.7432432432432432,17.064,,2024,7,2,57.8,42.2,1,41.03,133.43,174.46,174.46,133.43,1,0.0,74,0,0,0,2,2,1,12,1,0,1,Classroom,3,1,3.0,1550.84,1300,2020,4246.83,4,0,0,0,50.0,0.8,16.1,177.39,0.771,0.208,Shoulder,0,6,Sun,1,1,1,0,1,27,19,411545.89,0.7037,0,1,0,,Unknown,0,1,93.3,0.0583
B-202407-68994,Booked,Legal Society,Certification Training,Association,Hybrid,Full Package,Legal,Legal,Repeat Client,Medium,2023-12-14,2024-01-24,28,2024-07-22,2024-07-24,2,221,55,110,74,1,Half Ballroom,1,1,13,0.0,0.0,1,65.4,158.44,134.89,14837.9,1714.26,6389.74,22941.9,82,11060.98,1714.26,6085.46,18860.7,0.7454545454545455,41.118,,2024,7,2,58.0,42.0,0,21.45,132.36,153.81,0.0,132.36,2,14.5,47,55,0,0,2,2,2,16,1,0,1,Classroom,2,0,2.0,1714.26,700,1660,3541.88,3,0,0,0,100.0,0.62,14.86,208.56,0.743,0.27,Shoulder,0,0,Mon,0,1,1,0,1,14,11,234725.95,0.7857,0,1,4,1.0,High,1,1,93.3,0.0588
B-202407-71063,Booked,Nursing Council,Industry Forum,Association,In-person,Full Package,Healthcare,Healthcare,RFP,High,2023-11-09,2023-12-05,18,2024-07-22,2024-07-24,2,256,79,158,102,1,Half Ballroom,1,1,8,0.0,0.0,2,64.2,161.53,139.45,22033.1,1726.09,3960.98,27720.17,119,16594.55,1726.09,3772.37,22093.01,0.7531645569620253,18.492,,2024,7,4,68.8,31.2,1,127.32,141.53,268.85,222.82,268.85,2,7.6,73,79,0,0,2,5,2,24,1,0,1,Theater,3,1,2.0,1726.09,1850,2248,5980.47,4,0,0,0,20.0,0.85,13.67,175.44,0.775,0.196,Shoulder,0,0,Mon,0,0,1,0,1,29,19,300915.98,0.6552,0,1,4,1.0,High,1,1,93.3,0.0312
B-202407-65667,Booked,Regional Healthcare System,Board of Directors Meeting,Corporate,In-person,Full Package,Healthcare,Healthcare,Sales Call,Medium,2024-04-15,2024-05-03,8,2024-07-24,2024-07-26,2,100,38,76,42,1,Half Ballroom,1,0,10,1.0,26160.44,1,65.9,164.13,137.4,10442.4,950.6,3789.6,15182.6,67,9205.8,950.6,3609.14,13765.54,0.881578947368421,42.966,,2024,7,4,63.2,36.8,1,135.73,134.8,270.53,217.99,134.8,2,10.5,34,38,0,0,1,2,2,16,1,0,1,Classroom,3,1,2.5,950.6,1000,3648,5869.88,5,0,0,0,100.0,0.35,16.29,199.77,0.905,0.238,Shoulder,0,2,Wed,0,0,0,0,1,20,19,197056.38,0.95,0,1,182,0.209,Low,0,0,100.0,0.1
B-202407-98335,Booked,Regional Healthcare System,Performance Review Summit,Corporate,In-person,Full Package,Healthcare,Healthcare,RFP,Low,2024-05-03,2024-05-24,14,2024-07-28,2024-07-29,1,86,50,50,58,1,Half Ballroom,1,0,7,1.0,19289.93,2,61.9,160.64,135.25,6762.5,1212.65,2771.92,10747.07,42,5680.5,1212.65,2639.93,9533.08,0.84,45.516,,2024,7,4,74.8,25.2,1,141.27,138.82,280.09,192.68,151.99,1,0.0,50,0,0,0,1,1,1,8,1,0,1,Classroom,2,0,2.0,1212.65,350,1848,2825.28,4,0,0,0,100.0,0.48,15.81,214.94,0.862,0.172,Shoulder,0,6,Sun,1,0,0,0,1,21,20,210821.92,0.9524,0,1,170,0.294,Moderate,0,0,100.0,0.0814
B-202407-23238,Booked,Senior Adventures,Senior Travel Club,SMERF,In-person,Rooms Only,Other,Other,Sales Call,Low,2024-04-17,2024-05-04,12,2024-07-29,2024-07-30,1,103,33,33,44,0,Boardroom A,0,0,5,1.0,8171.01,3,67.8,155.7,133.3,4398.9,0.0,0.0,4398.9,32,4265.6,0.0,0.0,4265.6,0.9696969696969696,0.0,,2024,7,2,56.7,43.3,1,57.94,242.15,300.09,242.15,242.15,1,0.0,33,0,0,0,0,1,1,4,0,0,1,,0,0,0.0,0.0,0,0,361.5,0,0,0,0,0.0,0.0,14.39,133.3,0.75,0.0,Shoulder,0,0,Mon,0,0,0,1,1,12,7,29582.79,0.5833,0,1,92,0.359,Moderate,0,0,100.0,0.0485
B-202407-49526,Booked,Nursing Council,Policy Symposium,Association,In-person,Full Package,Healthcare,Healthcare,Cvent,Medium,2023-10-06,2023-11-11,22,2024-07-29,2024-08-01,3,297,58,174,69,1,Half Ballroom,1,0,14,1.0,67694.68,3,60.7,154.61,128.92,22432.08,1612.02,9596.0,33640.1,108,13923.36,1612.02,9139.05,24674.43,0.6206896551724138,44.15,,2024,7,3,70.0,30.0,1,80.9,133.64,214.54,214.54,133.64,2,2.8,56,58,54,0,2,3,3,24,1,0,1,Theater,3,1,2.33,1612.02,1350,4040,7175.65,4,0,0,0,100.0,0.57,16.62,193.33,0.841,0.29,Shoulder,0,0,Mon,0,0,0,0,1,30,20,323008.99,0.6667,0,1,120,0.483,Moderate,0,0,100.0,0.0471
B-202407-99505,Booked,Technology Innovators,New Hire Orientation,Corporate,In-person,Full Package,Technology,Technology,Direct Inquiry,Low,2024-05-30,2024-06-16,7,2024-07-29,2024-07-30,1,60,37,37,43,1,Half Ballroom,1,1,10,1.0,14051.4,2,67.2,156.64,142.6,5276.2,983.28,2045.84,8305.32,30,4278.0,983.28,1948.42,7209.7,0.8108108108108109,45.312,,2024,7,3,73.5,26.5,1,64.02,146.39,210.41,210.41,146.39,1,0.0,37,0,0,0,1,1,1,8,1,0,1,Banquet,3,1,3.0,983.28,650,1560,2846.68,3,0,0,0,100.0,0.36,8.96,224.47,0.86,0.233,Shoulder,0,0,Mon,0,0,0,0,1,29,22,302063.03,0.7586,0,1,92,0.402,Moderate,0,0,100.0,0.1667
B-202407-66375,Booked,Technology Innovators,Sales Kickoff,Corporate,Hybrid,Rooms Only,Technology,Technology,Direct Inquiry,Low,2024-05-19,2024-06-02,10,2024-07-30,2024-07-31,1,72,42,42,46,0,,0,1,4,0.0,0.0,2,66.3,163.01,146.43,6150.06,0.0,0.0,6150.06,34,4978.62,0.0,0.0,4978.62,0.8095238095238095,0.0,,2024,7,2,59.4,40.6,1,110.65,133.32,243.97,243.97,133.32,1,0.0,42,0,0,0,0,0,0,0,0,0,0,,0,0,0.0,0.0,0,0,0.0,0,0,0,0,0.0,0.0,10.17,146.43,0.913,0.0,Shoulder,0,1,Tue,0,0,1,1,1,30,23,309272.73,0.7667,0,1,120,0.35,Moderate,0,0,93.3,0.0556
B-202407-70810,Booked,Social Event,Martinez-Garcia Wedding,Wedding/Social,In-person,Full Package,Social,Social/Private,RFP,Low,2023-08-30,2023-10-21,38,2024-07-31,2024-08-01,1,336,5,5,6,1,Boardroom,1,0,14,0.0,0.0,2,61.7,165.95,137.62,688.1,291.83,507.13,1487.06,2,275.24,291.83,482.98,1050.05,0.4,80.496,,2024,7,2,64.2,35.8,0,9.16,122.86,132.02,0.0,132.02,1,0.0,5,0,0,0,1,2,1,8,0,1,1,Boardroom,2,0,1.0,291.83,350,330,1901.17,1,1,0,1,0.0,0.43,17.07,297.41,0.833,1.667,Shoulder,0,2,Wed,0,0,1,0,1,41,28,146700.0,0.6829,0,1,63,0.079,Low,0,0,93.3,0.0417
B-202407-72324,Booked,Financial Services Group,Strategic Planning Retreat,Corporate,Hybrid,Full Package,Finance,Finance,Website,Low,2024-05-07,2024-05-30,13,2024-07-31,2024-08-02,2,85,13,26,16,1,Breakout Room,1,0,10,1.0,9843.82,3,68.5,158.8,151.05,3927.3,401.34,1419.06,5747.7,21,3172.05,401.34,1351.49,4924.88,0.8076923076923077,42.234,,2024,7,4,68.8,31.2,1,169.48,157.28,326.76,262.61,157.28,2,15.4,11,13,0,0,1,2,2,16,0,0,1,Theater,2,0,2.0,401.34,700,1872,4653.2,5,0,0,0,100.0,0.4,4.88,221.07,0.812,0.625,Shoulder,0,2,Wed,0,0,0,0,1,23,18,187341.7,0.7826,0,1,11,1.0,High,1,1,100.0,0.1176
B-202407-89788,Booked,Local School District,Charity Fundraiser,SMERF,Hybrid,Full Package,Education,Education,Cvent,Medium,2024-05-07,2024-06-01,17,2024-07-31,2024-08-02,2,85,51,102,70,1,Half Ballroom,1,0,8,0.0,0.0,3,67.2,153.06,130.94,13355.88,1210.57,2573.24,17139.69,90,11784.6,1210.57,2450.7,15445.87,0.8823529411764706,17.505,,2024,7,3,56.8,43.2,1,130.39,141.45,271.84,205.78,141.45,2,5.9,48,51,0,0,1,3,2,16,1,0,1,Banquet,1,0,0.33,1210.57,150,1180,2643.46,2,0,0,0,33.3,0.58,14.45,168.04,0.729,0.143,Shoulder,0,2,Wed,0,0,1,0,1,10,7,47357.77,0.7,0,1,11,1.0,High,1,1,93.3,0.0941
B-202407-93914,Booked,Private Individual,Retirement Party,Wedding/Social,In-person,Rooms Only,Social,Social/Private,Cvent,Low,2023-12-26,2024-01-23,22,2024-07-31,2024-08-01,1,218,30,30,33,0,,0,0,6,1.0,3707.67,4,63.8,155.42,131.91,3957.3,0.0,0.0,3957.3,16,2110.56,0.0,0.0,2110.56,0.5333333333333333,0.0,,2024,7,4,56.3,43.7,1,97.95,119.48,217.43,217.43,119.48,1,0.0,30,0,0,0,0,0,0,0,0,0,0,,0,0,0.0,0.0,0,0,0.0,0,0,0,0,0.0,0.0,15.13,131.91,0.909,0.0,Shoulder,0,2,Wed,0,0,0,0,1,36,31,144815.95,0.8611,0,1,63,0.476,Moderate,0,0,100.0,0.0275
B-202408-11428,Booked,Pharmaceutical Partners,Strategic Planning Retreat,Corporate,In-person,Full Package,Healthcare,Healthcare,Repeat Client,High,2024-05-16,2024-06-12,13,2024-08-01,2024-08-03,2,77,69,138,80,1,Half Ballroom,1,0,14,1.0,37417.71,1,73.2,160.81,153.09,21126.42,1737.74,7602.84,30467.0,131,20054.79,1737.74,7240.8,29033.33,0.9492753623188406,45.255,,2024,8,2,59.5,40.5,1,82.85,161.99,244.84,244.84,161.99,2,5.8,65,69,0,0,2,2,2,16,1,0,1,Classroom,2,0,2.0,1737.74,700,3072,5024.7,4,0,0,0,100.0,0.67,4.8,220.78,0.862,0.25,Shoulder,0,3,Thu,0,1,0,0,1,36,25,331599.99,0.6944,0,1,36,1.0,High,1,1,100.0,0.1818
B-202408-99853,Booked,Dental Association,Certification Training,Association,In-person,Full Package,Healthcare,Healthcare,Repeat Client,High,2023-09-22,2023-10-23,23,2024-08-01,2024-08-02,1,314,76,76,94,1,Half Ballroom,1,0,8,1.0,31141.7,1,68.0,164.41,154.81,11765.56,1197.68,1642.17,14605.41,61,9443.41,1197.68,1563.97,12205.06,0.8026315789473685,16.638,,2024,8,2,53.1,46.9,1,119.98,191.98,311.96,191.98,191.98,1,0.0,76,0,0,0,2,2,1,12,1,0,1,Theater,2,0,1.5,1197.68,500,1940,3309.89,4,0,0,0,50.0,0.78,5.84,192.18,0.809,0.213,Shoulder,0,3,Thu,0,1,0,0,1,24,17,364294.27,0.7083,0,1,11,1.0,High,1,1,100.0,0.0255
B-202408-84352,Booked,Real Estate Board,Industry Forum,Association,Virtual,Full Package,Government,Government,Repeat Client,High,2023-11-17,2023-12-16,20,2024-08-02,2024-08-04,2,259,86,172,116,1,Half Ballroom,1,1,9,1.0,47198.27,1,66.0,158.68,149.17,25657.24,1368.6,3896.63,30922.47,108,16110.36,1368.6,3711.07,21190.03,0.627906976744186,15.996,,2024,8,4,74.6,25.4,0,147.6,129.77,277.37,0.0,129.77,2,14.0,74,86,0,0,2,4,2,24,1,0,1,Classroom,2,0,1.75,1368.6,1200,4080,7068.94,5,0,0,0,50.0,0.97,5.99,179.78,0.741,0.172,Shoulder,0,4,Fri,1,1,0,0,1,23,21,467461.23,0.913,0,1,112,0.768,High,1,0,100.0,0.0347
B-202408-97883,Booked,Private Individual,Martinez-Garcia Wedding,Wedding/Social,In-person,Rooms Only,Social,Social/Private,RFP,Low,2023-11-02,2023-12-10,31,2024-08-02,2024-08-03,1,274,29,29,31,0,,0,0,7,0.0,0.0,1,76.8,163.3,150.69,4370.01,0.0,0.0,4370.01,16,2411.04,0.0,0.0,2411.04,0.5517241379310345,0.0,,2024,8,4,59.0,41.0,1,132.93,149.12,282.05,246.22,149.12,1,0.0,29,0,0,0,0,0,0,0,0,0,0,,0,0,0.0,0.0,0,0,0.0,0,0,0,0,0.0,0.0,7.72,150.69,0.935,0.0,Shoulder,0,4,Fri,1,0,1,0,1,37,32,146926.51,0.8649,0,1,36,0.806,High,1,0,93.3,0.0255
B-202408-95181,Booked,Real Estate Board,Awards Gala Weekend,Association,Virtual,Full Package,Government,Government,Direct Inquiry,Low,2024-02-25,2024-03-27,21,2024-08-03,2024-08-05,2,160,22,44,26,1,Breakout Room,1,1,10,1.0,18249.72,1,73.1,170.62,149.73,6588.12,521.42,2649.47,9759.01,32,4791.36,521.42,2523.3,7836.08,0.7272727272727273,48.525,,2024,8,2,62.8,37.2,1,41.47,193.26,234.73,234.73,234.73,2,18.2,18,22,0,0,1,2,2,16,0,0,1,Classroom,2,0,2.0,521.42,700,4004,6731.19,4,0,0,0,100.0,0.65,12.24,221.8,0.846,0.385,Shoulder,0,5,Sat,1,0,0,0,1,24,22,488651.26,0.9167,0,1,130,0.169,Low,0,0,100.0,0.0625
B-202408-94717,Booked,Insurance Federation,Committee Meeting,Association,In-person,Full Package,Finance,Finance,Sales Call,Medium,2023-09-28,2023-10-21,16,2024-08-04,2024-08-06,2,311,68,136,94,1,Half Ballroom,1,0,7,0.0,0.0,1,72.3,161.82,144.11,19598.96,832.38,3371.99,23803.33,100,14411.0,832.38,3211.42,18454.8,0.7352941176470589,17.082,,2024,8,4,69.5,30.5,1,131.08,145.27,276.35,236.19,145.27,2,10.3,61,68,0,0,1,4,2,24,1,0,1,Theater,2,0,2.0,832.38,1400,3084,6284.66,4,0,0,0,50.0,0.78,10.94,175.02,0.723,0.106,Shoulder,0,6,Sun,1,0,1,0,1,29,20,422060.32,0.6897,0,1,118,0.576,Moderate,0,0,93.3,0.0225
B-202408-62797,Booked,Private Party,Smith-Johnson Wedding,Wedding/Social,In-person,Full Package,Social,Social/Private,Referral,Low,2023-10-06,2023-11-23,39,2024-08-05,2024-08-06,1,304,34,34,46,1,Half Ballroom,1,0,9,0.0,0.0,1,71.2,163.5,140.86,4789.24,1201.66,3985.33,9976.23,22,3098.92,1201.66,3795.55,8096.13,0.6470588235294118,82.512,,2024,8,3,57.9,42.1,1,88.0,138.95,226.95,226.95,138.95,1,0.0,34,0,0,0,1,2,1,8,1,0,1,Banquet,2,0,2.0,1201.66,700,1080,2467.59,1,0,1,1,0.0,0.38,13.85,293.42,0.739,0.217,Shoulder,0,0,Mon,0,0,1,0,1,35,26,154417.92,0.7429,0,1,118,0.288,Moderate,0,0,93.3,0.0296
B-202408-19103,Booked,Nonprofit Foundation,Volunteer Training,SMERF,Hybrid,Full Package,Technology,Technology,Third-Party Planner,Low,2024-03-31,2024-04-26,19,2024-08-06,2024-08-08,2,128,20,40,23,1,Breakout Room,1,0,7,0.0,0.0,2,70.5,160.85,143.87,5754.8,527.33,466.29,6748.42,34,4891.58,527.33,444.08,5862.99,0.85,9.654,,2024,8,2,53.6,46.4,0,13.97,133.82,147.79,0.0,133.82,2,25.0,15,20,0,0,1,3,2,16,0,0,1,Classroom,2,0,1.33,527.33,650,805,3576.85,1,0,0,0,33.3,0.57,10.56,168.71,0.87,0.435,Shoulder,0,1,Tue,0,0,1,0,1,11,6,48564.81,0.5455,0,1,0,,Unknown,0,1,93.3,0.0547
B-202408-33419,Booked,Private Party,Family Reunion Weekend,Wedding/Social,In-person,Full Package,Social,Social/Private,Cvent,Low,2024-01-23,2024-02-19,20,2024-08-06,2024-08-07,1,196,35,35,45,1,Half Ballroom,1,1,7,1.0,14847.57,1,73.0,167.44,154.95,5423.25,929.38,3731.99,10084.62,22,3408.9,929.38,3554.28,7892.56,0.6285714285714286,78.984,,2024,8,4,67.0,33.0,1,154.47,131.18,285.65,258.03,131.18,1,0.0,35,0,0,0,1,1,1,4,1,0,1,Banquet,2,0,2.0,929.38,350,1320,2006.22,1,1,0,1,0.0,0.38,7.46,288.13,0.778,0.222,Shoulder,0,1,Tue,0,0,0,0,1,36,27,162514.05,0.75,0,1,65,0.538,Moderate,0,0,100.0,0.0357
B-202408-43357,Booked,Energy Solutions,Sales Kickoff,Corporate,In-person,Full Package,Healthcare,Other,Direct Inquiry,Medium,2024-05-24,2024-06-12,9,2024-08-06,2024-08-08,2,74,47,94,54,1,Half Ballroom,1,0,10,1.0,36009.5,3,66.3,160.37,145.52,13678.88,1057.96,5556.14,20292.98,78,11350.56,1057.96,5291.57,17700.09,0.8297872340425532,48.996,,2024,8,3,73.0,27.0,1,42.75,132.96,175.71,175.71,132.96,2,25.5,35,47,0,0,1,2,2,16,1,0,1,Classroom,2,0,2.0,1057.96,700,3120,5025.22,4,0,0,0,100.0,0.45,9.26,215.88,0.87,0.185,Shoulder,0,1,Tue,0,0,0,0,1,27,16,197525.29,0.5926,0,1,0,,Unknown,0,1,100.0,0.1351
B-202408-87485,Booked,Global Industries,Leadership Summit,Corporate,In-person,Full Package,Technology,Other,RFP,Low,2024-07-01,2024-07-17,9,2024-08-06,2024-08-07,1,36,53,53,62,1,Half Ballroom,1,1,7,0.0,0.0,3,74.4,164.11,148.77,7884.81,946.24,2854.9,11685.95,43,6397.11,946.24,2718.95,10062.3,0.8113207547169812,43.854,,2024,8,4,54.3,45.7,1,166.18,144.01,310.19,262.0,144.01,1,0.0,53,0,0,0,1,1,1,8,1,0,1,Classroom,3,1,3.0,946.24,650,1560,2818.43,3,0,0,0,100.0,0.52,9.35,220.49,0.855,0.161,Shoulder,0,1,Tue,0,0,1,0,1,37,30,463659.89,0.8108,0,1,65,0.815,High,1,0,93.3,0.1944
B-202408-62781,Booked,Technology Innovators,Innovation Workshop,Corporate,In-person,Rooms Only,Technology,Technology,Sales Call,Medium,2024-04-28,2024-05-10,7,2024-08-07,2024-08-09,2,101,72,144,79,0,,0,1,5,0.0,0.0,3,73.3,160.35,151.45,21808.8,0.0,0.0,21808.8,123,18628.35,0.0,0.0,18628.35,0.8541666666666666,0.0,,2024,8,4,53.5,46.5,1,138.36,150.7,289.06,289.06,153.04,2,13.9,62,72,0,0,0,0,0,0,0,0,0,,0,0,0.0,0.0,0,0,0.0,0,0,0,0,0.0,0.0,5.55,151.45,0.911,0.0,Shoulder,0,2,Wed,0,0,1,1,1,31,24,314251.35,0.7742,0,1,44,1.0,High,1,1,93.3,0.0495
B-202408-67345,Booked,Accounting Institute,Policy Symposium,Association,In-person,Meeting Only,Finance,Finance,Third-Party Planner,Low,2023-11-29,2024-01-06,28,2024-08-07,2024-08-08,1,252,0,0,53,1,Half Ballroom,0,1,10,1.0,8544.91,2,63.5,161.98,0.0,0.0,839.9,2555.33,3395.23,0,0.0,839.9,2433.65,3273.55,,45.918,,2024,8,0,0.0,0.0,0,0.0,0.0,0.0,0.0,0.0,0,0.0,0,0,0,0,1,1,1,8,1,0,1,Classroom,2,0,2.0,839.9,350,1540,2439.54,4,0,0,0,100.0,0.44,100.0,,0.0,0.189,Shoulder,0,2,Wed,0,0,0,0,1,28,24,483055.0,0.8571,0,1,0,,Unknown,0,0,86.7,0.0397
B-202408-79159,Booked,Professional Engineers Society,Committee Meeting,Association,In-person,Full Package,Association,Other,Website,High,2023-12-03,2024-01-09,27,2024-08-07,2024-08-10,3,248,104,312,141,1,Grand Ballroom,1,0,10,0.0,0.0,2,68.4,160.66,135.09,42148.08,2344.94,21676.3,66169.32,231,31205.79,2344.94,20644.09,54194.82,0.7403846153846154,48.804,,2024,8,4,59.3,40.7,1,88.32,122.41,210.73,210.73,122.41,2,4.9,101,104,92,0,2,3,3,24,1,0,1,Classroom,3,1,2.67,2344.94,1650,29187,38343.3,4,0,0,0,100.0,0.59,15.92,212.08,0.738,0.142,Shoulder,0,2,Wed,0,0,1,0,1,29,23,518745.59,0.7931,0,1,44,1.0,High,1,1,93.3,0.0403
B-202408-28056,Booked,Energy Solutions,Board of Directors Meeting,Corporate,Hybrid,Full Package,Technology,Other,Sales Call,Low,2024-05-14,2024-06-03,7,2024-08-09,2024-08-10,1,87,40,40,49,1,Half Ballroom,1,0,13,1.0,13911.27,3,60.4,169.89,140.05,5602.0,1001.64,2280.98,8884.62,34,4761.7,1001.64,2172.37,7935.71,0.85,44.334,,2024,8,2,58.6,41.4,1,35.66,175.8,211.46,211.46,211.46,1,0.0,40,0,0,0,1,1,1,8,1,0,1,Banquet,1,0,1.0,1001.64,150,1800,2524.28,3,0,0,0,100.0,0.41,17.56,222.12,0.816,0.204,Shoulder,0,4,Fri,1,0,0,0,1,28,17,215225.38,0.6071,0,1,0,,Unknown,0,1,100.0,0.1494
B-202408-55327,Booked,Private Party,Martinez-Garcia Wedding,Wedding/Social,In-person,Rooms Only,Social,Social/Private,Referral,Low,2023-09-08,2023-10-12,28,2024-08-09,2024-08-10,1,336,33,33,36,0,,0,1,6,0.0,0.0,2,80.0,160.32,152.48,5031.84,0.0,0.0,5031.84,18,2744.64,0.0,0.0,2744.64,0.5454545454545454,0.0,,2024,8,4,55.0,45.0,1,111.71,160.13,271.84,271.84,174.72,1,0.0,33,0,0,0,0,0,0,0,0,0,0,,0,0,0.0,0.0,0,0,0.0,0,0,0,0,0.0,0.0,4.89,152.48,0.917,0.0,Peak,0,4,Fri,1,0,1,0,1,37,28,170406.61,0.7568,0,1,0,,Unknown,0,1,93.3,0.0179
B-202408-91293,Booked,Retail Corporation,Leadership Summit,Corporate,In-person,Full Package,Finance,Other,Repeat Client,Medium,2024-04-26,2024-05-20,11,2024-08-09,2024-08-11,2,105,58,116,70,1,Half Ballroom,1,0,13,0.0,0.0,1,69.6,158.55,146.68,17014.88,1384.61,6367.6,24767.09,94,13787.92,1384.61,6064.38,21236.91,0.8103448275862069,43.317,,2024,8,4,68.6,31.4,1,164.11,134.94,299.05,235.15,155.26,2,0.0,58,58,0,0,1,2,2,16,1,0,1,Classroom,2,0,2.0,1384.61,700,2808,4666.11,5,0,0,0,100.0,0.58,7.49,213.51,0.829,0.143,Shoulder,0,4,Fri,1,1,1,0,1,24,18,234181.82,0.75,0,1,162,0.358,Moderate,0,0,93.3,0.1238
B-202408-94178,Booked,Volunteer Network,Faith-Based Conference,SMERF,In-person,Full Package,Other,Other,Repeat Client,Medium,2024-03-19,2024-04-14,19,2024-08-11,2024-08-13,2,145,35,70,43,1,Half Ballroom,1,0,7,1.0,15874.22,2,67.0,165.69,135.65,9495.5,1319.03,2352.22,13166.75,58,7867.7,1319.03,2240.21,11426.94,0.8285714285714286,26.049,,2024,8,4,72.3,27.7,1,133.7,149.71,283.41,243.62,151.5,2,8.6,32,35,0,0,1,2,2,16,1,0,1,Classroom,2,0,1.5,1319.03,500,1180,2831.45,2,0,0,0,100.0,0.36,18.13,188.1,0.814,0.233,Shoulder,0,6,Sun,1,1,0,0,1,14,9,49818.04,0.6429,0,1,185,0.189,Low,0,0,100.0,0.0483
B-202408-88159,Booked,Local School District,High School Reunion,SMERF,In-person,Meeting Only,Education,Education,Third-Party Planner,Low,2024-03-30,2024-04-19,15,2024-08-12,2024-08-14,2,135,0,0,118,1,Half Ballroom,0,1,5,0.0,0.0,2,73.2,163.06,0.0,0.0,1047.25,4296.11,5343.36,0,0.0,1047.25,4091.53,5138.78,,17.337,,2024,8,0,0.0,0.0,0,0.0,0.0,0.0,0.0,0.0,0,0.0,0,0,0,0,1,7,2,32,1,0,1,Theater,2,0,1.14,1047.25,1300,2252,6048.65,2,0,0,0,14.3,0.98,100.0,,0.0,0.085,Shoulder,0,0,Mon,0,0,1,1,1,11,8,62803.64,0.7273,0,1,185,0.0,Low,0,0,80.0,0.037
B-202408-69582,Booked,Energy Solutions,Product Launch Event,Corporate,In-person,Full Package,Finance,Other,Direct Inquiry,Medium,2024-05-15,2024-05-29,7,2024-08-13,2024-08-15,2,90,41,82,55,1,Half Ballroom,1,0,7,1.0,28218.67,1,69.9,165.34,163.87,13437.34,1176.49,5517.32,20131.15,71,11634.77,1176.49,5254.59,18065.85,0.8658536585365854,47.769,,2024,8,4,61.0,39.0,1,162.98,157.26,320.24,271.31,175.34,2,2.4,40,41,0,0,1,2,2,16,1,0,1,Classroom,3,1,3.0,1176.49,1300,3936,6505.18,5,0,0,0,100.0,0.46,0.89,245.5,0.745,0.182,Shoulder,0,1,Tue,0,0,0,0,0,29,18,223161.09,0.6207,0,1,179,0.229,Low,0,0,100.0,0.0778
B-202408-10084,Booked,Nonprofit Foundation,Military Reunion,SMERF,Virtual,Meeting Only,Technology,Technology,Direct Inquiry,Low,2024-03-20,2024-04-04,10,2024-08-14,2024-08-16,2,147,0,0,57,1,Half Ballroom,0,0,5,0.0,0.0,2,71.3,164.01,0.0,0.0,1222.63,2035.02,3257.65,0,0.0,1222.63,1938.11,3160.74,,17.001,,2024,8,0,0.0,0.0,0,0.0,0.0,0.0,0.0,0.0,0,0.0,0,0,0,0,1,3,2,16,1,0,1,Classroom,2,0,1.67,1222.63,850,1880,4049.4,2,0,0,0,33.3,0.47,100.0,,0.0,0.175,Shoulder,0,2,Wed,0,0,1,1,1,12,7,54427.8,0.5833,0,1,179,0.0,Low,0,0,80.0,0.034
B-202408-62026,Booked,Professional Engineers Society,Awards Gala Weekend,Association,In-person,Meeting Only,Association,Other,Website,Medium,2024-03-10,2024-04-09,21,2024-08-14,2024-08-17,3,157,0,0,80,1,Half Ballroom,0,0,9,0.0,0.0,2,71.8,171.95,0.0,0.0,1749.12,12100.03,13849.15,0,0.0,1749.12,11523.84,13272.96,,48.016,,2024,8,0,0.0,0.0,0,0.0,0.0,0.0,0.0,0.0,0,0.0,0,0,0,0,2,3,3,24,1,0,1,Classroom,3,1,2.0,1749.12,1150,4140,7119.02,4,0,0,0,100.0,0.67,100.0,,0.0,0.25,Shoulder,0,2,Wed,0,0,1,0,1,31,24,572940.41,0.7742,0,1,179,0.0,Low,0,0,80.0,0.0573
B-202408-55977,Booked,Banking Consortium,Executive Offsite,Corporate,Virtual,Rooms Only,Finance,Finance,Website,Low,2024-05-04,2024-05-20,10,2024-08-15,2024-08-17,2,103,38,76,41,0,,0,0,6,0.0,0.0,1,66.6,162.13,146.84,11159.84,0.0,0.0,11159.84,63,9250.92,0.0,0.0,9250.92,0.8289473684210527,0.0,,2024,8,3,73.3,26.7,1,131.79,170.73,302.52,256.26,302.52,2,15.8,32,38,0,0,0,0,0,0,0,0,0,,0,0,0.0,0.0,0,0,0.0,0,0,0,0,0.0,0.0,9.43,146.84,0.927,0.0,Shoulder,0,3,Thu,0,0,1,0,1,25,20,280287.12,0.8,0,1,128,0.297,Moderate,0,0,93.3,0.0583
B-202408-47938,Booked,Regional Healthcare System,Quarterly Business Review,Corporate,Hybrid,Full Package,Healthcare,Healthcare,Third-Party Planner,Medium,2024-05-29,2024-06-13,8,2024-08-16,2024-08-18,2,79,54,108,74,1,Half Ballroom,1,1,7,0.0,0.0,3,77.4,162.98,165.62,17886.96,1191.93,7371.55,26450.44,101,16727.62,1191.93,7020.53,24940.08,0.9351851851851852,47.436,,2024,8,2,66.2,33.8,0,140.13,173.02,313.15,0.0,313.15,2,9.3,49,54,0,0,1,2,2,16,1,0,1,Classroom,3,1,2.5,1191.93,1000,3600,5797.98,3,0,0,0,100.0,0.62,-1.62,244.91,0.73,0.135,Shoulder,0,4,Fri,1,0,1,0,0,23,21,220355.0,0.913,0,1,99,0.545,Moderate,0,0,93.3,0.0886
B-202408-83525,Booked,Energy Solutions,Executive Offsite,Corporate,In-person,Rooms Only,Technology,Other,Third-Party Planner,High,2024-05-26,2024-06-07,9,2024-08-17,2024-08-19,2,83,67,134,73,0,,0,0,3,1.0,20461.35,2,72.2,166.63,158.3,21212.2,0.0,0.0,21212.2,109,17254.7,0.0,0.0,17254.7,0.8134328358208955,0.0,,2024,8,4,74.4,25.6,1,149.34,149.59,298.93,258.41,149.59,2,3.0,65,67,0,0,0,0,0,0,0,0,0,,0,0,0.0,0.0,0,0,0.0,0,0,0,0,0.0,0.0,5.0,158.3,0.918,0.0,Shoulder,0,5,Sat,1,0,0,1,1,30,19,241226.94,0.6333,0,1,153,0.438,Moderate,0,0,100.0,0.0361
B-202408-52268,Booked,Nonprofit Foundation,Band Competition,SMERF,Hybrid,Full Package,Technology,Technology,Cvent,Low,2024-06-05,2024-07-03,15,2024-08-19,2024-08-21,2,75,37,74,42,1,Half Ballroom,1,0,13,0.0,0.0,3,72.8,158.2,135.5,10027.0,1212.82,1026.65,12266.47,59,7994.5,1212.82,977.76,10185.08,0.7972972972972973,11.64,,2024,8,2,59.0,41.0,0,2.22,142.09,144.31,0.0,144.31,2,18.9,30,37,0,0,1,2,2,16,1,0,1,Banquet,1,0,1.0,1212.82,300,240,1729.65,1,0,0,0,100.0,0.35,14.35,165.76,0.881,0.238,Shoulder,0,0,Mon,0,0,1,0,1,13,8,57588.54,0.6154,0,1,183,0.202,Low,0,0,93.3,0.1733
B-202408-89152,Booked,Private Individual,Williams-Brown Wedding,Wedding/Social,In-person,Rooms Only,Social,Social/Private,Referral,Low,2023-09-24,2023-10-26,29,2024-08-19,2024-08-20,1,330,19,19,20,0,,0,0,3,0.0,0.0,2,65.2,169.75,145.91,2772.29,0.0,0.0,2772.29,11,1605.01,0.0,0.0,1605.01,0.5789473684210527,0.0,,2024,8,2,60.7,39.3,0,21.56,126.55,148.11,0.0,148.11,1,0.0,19,0,0,0,0,0,0,0,0,0,0,,0,0,0.0,0.0,0,0,0.0,0,0,0,0,0.0,0.0,14.04,145.91,0.95,0.0,Shoulder,0,0,Mon,0,0,1,1,1,38,33,149337.55,0.8684,0,1,164,0.116,Low,0,0,93.3,0.0091
B-202408-51652,Booked,Private Individual,Baby Shower Weekend,Wedding/Social,In-person,Full Package,Social,Social/Private,Sales Call,Low,2024-02-10,2024-03-31,41,2024-08-22,2024-08-23,1,194,46,46,53,1,Half Ballroom,1,1,9,0.0,0.0,1,72.0,168.54,153.61,7066.06,1069.09,4391.45,12526.6,25,3840.25,1069.09,4182.34,9091.68,0.5434782608695652,78.912,,2024,8,3,71.1,28.9,1,116.68,147.64,264.32,249.23,147.64,1,0.0,46,0,0,0,1,1,1,4,1,0,1,Reception,1,0,1.0,1069.09,150,1080,1594.22,1,0,1,1,0.0,0.44,8.86,272.32,0.868,0.189,Shoulder,0,3,Thu,0,0,1,0,1,39,34,150942.56,0.8718,0,1,105,0.438,Moderate,0,0,93.3,0.0464
B-202408-79152,Booked,Private Party,Charity Gala,Wedding/Social,In-person,Full Package,Social,Social/Private,RFP,Low,2023-10-31,2023-12-01,18,2024-08-22,2024-08-23,1,296,33,33,42,1,Half Ballroom,1,0,13,0.0,0.0,3,66.8,158.61,140.59,4639.47,871.91,3582.95,9094.33,19,2671.21,871.91,3412.33,6955.45,0.5757575757575758,81.246,,2024,8,2,55.7,44.3,0,13.76,135.78,149.54,0.0,149.54,1,0.0,33,0,0,0,1,1,1,4,1,0,1,Banquet,0,0,0.0,871.91,0,1320,1660.82,1,1,0,1,0.0,0.35,11.36,275.59,0.786,0.238,Shoulder,0,3,Thu,0,0,1,0,1,38,29,173151.25,0.7632,0,1,105,0.314,Moderate,0,0,93.3,0.0439
B-202408-85660,Booked,Private Party,Milestone Birthday Party,Wedding/Social,In-person,Rooms Only,Social,Social/Private,Cvent,Low,2023-11-25,2023-12-12,14,2024-08-22,2024-08-23,1,271,36,36,39,0,,0,0,3,0.0,0.0,1,71.1,160.08,137.25,4941.0,0.0,0.0,4941.0,20,2745.0,0.0,0.0,2745.0,0.5555555555555556,0.0,,2024,8,2,62.9,37.1,1,120.66,182.24,302.9,182.24,182.24,1,0.0,36,0,0,0,0,0,0,0,0,0,0,,0,0,0.0,0.0,0,0,0.0,0,0,0,0,0.0,0.0,14.26,137.25,0.923,0.0,Shoulder,0,3,Thu,0,0,1,1,1,38,29,173151.25,0.7632,0,1,105,0.343,Moderate,0,0,93.3,0.0111
B-202408-28894,Booked,Professional Engineers Society,Annual Member Conference,Association,Hybrid,Full Package,Association,Other,Direct Inquiry,Medium,2024-03-16,2024-04-17,18,2024-08-23,2024-08-26,3,160,27,81,35,1,Breakout Room,1,0,14,1.0,33682.41,3,74.5,159.62,156.22,12653.82,394.71,5073.04,18121.57,59,9216.98,394.71,4831.47,14443.16,0.7283950617283951,46.014,,2024,8,2,53.2,46.8,1,94.91,173.75,268.66,268.66,173.75,2,15.5,24,27,17,0,1,3,3,24,0,0,1,Theater,2,0,1.67,394.71,850,6790,10601.01,5,0,0,0,100.0,0.88,2.13,223.72,0.771,0.286,Shoulder,0,4,Fri,1,0,0,0,0,33,25,586213.37,0.7576,0,1,163,0.166,Low,0,0,100.0,0.0875
B-202408-48577,Booked,Global Industries,Quarterly Business Review,Corporate,Hybrid,Full Package,Technology,Other,Website,Medium,2024-05-17,2024-06-03,9,2024-08-23,2024-08-27,4,98,30,120,39,1,Breakout Room,1,0,8,0.0,0.0,2,70.0,166.28,154.29,18514.8,531.93,7074.19,26120.92,107,16509.03,531.93,6737.33,23778.29,0.8916666666666667,43.188,,2024,8,3,53.7,46.3,1,59.26,151.99,211.25,211.25,151.99,2,19.2,27,30,27,15,1,4,4,32,0,0,1,Classroom,3,1,1.75,531.93,1300,9720,14980.72,5,0,0,0,100.0,0.97,7.21,217.67,0.769,0.256,Shoulder,0,4,Fri,1,0,1,0,1,38,31,473722.19,0.8158,0,1,163,0.184,Low,0,0,93.3,0.0816
B-202408-99805,Booked,Social Event,Martinez-Garcia Wedding,Wedding/Social,In-person,Full Package,Social,Social/Private,RFP,Low,2023-09-26,2023-11-14,35,2024-08-23,2024-08-24,1,332,21,21,26,1,Breakout Room,1,1,14,1.0,9256.68,2,70.5,159.58,152.72,3207.12,500.77,1993.28,5701.17,11,1679.92,500.77,1898.36,4079.05,0.5238095238095238,73.014,,2024,8,2,65.8,34.2,1,68.4,198.33,266.73,266.73,198.33,1,0.0,21,0,0,0,1,2,1,8,0,0,1,Banquet,2,0,1.0,500.77,350,1170,2770.99,1,0,1,1,0.0,0.65,4.3,271.48,0.808,0.385,Shoulder,0,4,Fri,1,0,0,0,1,42,29,147750.05,0.6905,0,1,142,0.148,Low,0,0,100.0,0.0422
B-202408-20852,Booked,Global Industries,Quarterly Business Review,Corporate,Hybrid,Full Package,Technology,Other,Referral,Medium,2024-06-24,2024-07-20,14,2024-08-25,2024-08-27,2,62,46,92,58,1,Half Ballroom,1,0,12,0.0,0.0,1,75.1,160.33,149.63,13765.96,867.57,5216.81,19850.34,80,11970.4,867.57,4968.4,17806.37,0.8695652173913043,42.831,,2024,8,3,59.9,40.1,1,84.1,180.63,264.73,264.73,180.63,2,23.9,35,46,0,0,1,2,2,16,1,0,1,Banquet,3,1,3.0,867.57,1300,4176,6762.09,4,0,0,0,100.0,0.48,6.67,215.76,0.793,0.172,Shoulder,0,6,Sun,1,0,1,0,1,39,32,497500.48,0.8205,0,1,37,1.0,High,1,1,93.3,0.1935
B-202408-92744,Booked,Professional Engineers Society,Board Retreat,Association,In-person,Meeting Only,Association,Other,RFP,Low,2023-12-27,2024-01-30,25,2024-08-25,2024-08-27,2,242,0,0,143,1,Grand Ballroom,0,1,9,1.0,24561.68,2,67.9,171.3,0.0,0.0,2535.43,14285.57,16821.0,0,0.0,2535.43,13605.31,16140.74,,47.571,,2024,8,0,0.0,0.0,0,0.0,0.0,0.0,0.0,0.0,0,0.0,0,0,0,0,2,2,2,16,1,0,1,Classroom,3,1,3.0,2535.43,1300,24882,31414.82,4,0,0,0,100.0,0.6,100.0,,0.0,0.14,Shoulder,0,6,Sun,1,0,0,0,1,34,26,600656.53,0.7647,0,1,117,0.0,Low,0,0,86.7,0.0372
B-202408-36306,Booked,Family Celebration,Milestone Birthday Party,Wedding/Social,In-person,Full Package,Social,Social/Private,Direct Inquiry,Low,2023-11-21,2024-01-09,39,2024-08-26,2024-08-28,2,279,20,40,22,1,Breakout Room,1,0,10,1.0,15963.41,1,70.7,163.21,144.2,5768.0,471.02,1612.61,7851.63,21,3028.2,471.02,1535.82,5035.04,0.525,34.905,,2024,8,2,55.6,44.4,1,52.31,219.25,271.56,219.25,271.56,2,30.0,14,20,0,0,1,2,2,8,0,0,1,Reception,0,0,0.0,471.02,0,1210,2435.15,1,1,0,1,0.0,0.55,11.65,196.29,0.909,0.455,Shoulder,0,0,Mon,0,0,0,0,1,38,32,180166.17,0.8421,0,1,0,,Unknown,0,1,100.0,0.0358
B-202408-42154,Booked,Legal Society,Professional Development Symposium,Association,In-person,Rooms Only,Legal,Legal,Sales Call,High,2023-10-25,2023-11-17,20,2024-08-26,2024-08-30,4,306,87,348,95,0,,0,0,3,0.0,0.0,3,73.0,159.79,143.48,49931.04,0.0,0.0,49931.04,244,35009.12,0.0,0.0,35009.12,0.7011494252873564,0.0,,2024,8,3,56.7,43.3,1,148.22,142.5,290.72,206.08,142.5,2,4.9,78,87,76,78,0,0,0,0,0,0,0,,0,0,0.0,0.0,0,0,0.0,0,0,0,0,0.0,0.0,10.21,143.48,0.916,0.0,Shoulder,0,0,Mon,0,0,1,1,1,15,12,253586.65,0.8,0,1,0,,Unknown,0,1,93.3,0.0098
B-202408-13666,Booked,Real Estate Board,Regional Chapter Meeting,Association,Virtual,Full Package,Government,Government,Sales Call,Medium,2024-03-28,2024-04-28,20,2024-08-27,2024-08-28,1,152,91,91,112,1,Half Ballroom,1,1,11,1.0,29571.32,4,70.8,161.52,142.72,12987.52,1569.78,2073.76,16631.06,66,9419.52,1569.78,1975.01,12964.31,0.7252747252747253,17.634,,2024,8,2,50.0,50.0,1,59.52,128.94,188.46,188.46,128.94,1,0.0,91,0,0,0,2,3,1,12,1,0,1,Classroom,2,0,1.33,1569.78,650,2292,3956.81,4,0,0,0,0.0,0.93,11.64,182.76,0.812,0.179,Shoulder,0,1,Tue,0,0,0,0,1,26,23,496487.34,0.8846,0,1,0,,Unknown,0,1,100.0,0.0724
B-202408-23780,Booked,Industry Trade Group,Annual Member Conference,Association,In-person,Full Package,Trade/Manufacturing,Trade/Manufacturing,Direct Inquiry,Low,2023-12-24,2024-01-24,24,2024-08-27,2024-08-28,1,247,23,23,31,1,Breakout Room,1,0,7,0.0,0.0,1,72.2,164.32,150.28,3456.44,551.5,1320.23,5328.17,17,2554.76,551.5,1257.36,4363.62,0.7391304347826086,40.56,,2024,8,4,60.3,39.7,1,53.45,132.3,185.75,185.75,148.59,1,0.0,23,0,0,0,1,1,1,8,0,0,1,Theater,3,1,3.0,551.5,650,2697,4332.71,4,0,0,0,100.0,0.78,8.54,231.66,0.742,0.323,Shoulder,0,1,Tue,0,0,1,0,1,22,13,207916.94,0.5909,0,1,0,,Unknown,0,1,93.3,0.0283
B-202408-24097,Booked,Private Party,Retirement Party,Wedding/Social,In-person,Full Package,Social,Social/Private,Referral,Low,2023-11-11,2023-12-07,15,2024-08-27,2024-08-28,1,290,10,10,12,1,Boardroom,1,1,11,0.0,0.0,1,73.3,163.02,149.54,1495.4,297.6,944.24,2737.24,6,897.24,297.6,899.28,2094.12,0.6,74.94,,2024,8,4,56.9,43.1,1,135.32,140.27,275.59,261.05,140.27,1,0.0,10,0,0,0,1,1,1,4,0,1,1,Boardroom,1,0,1.0,297.6,150,660,1368.71,1,1,0,1,0.0,0.86,8.27,273.72,0.833,0.833,Shoulder,0,1,Tue,0,0,1,0,1,40,31,182851.7,0.775,0,1,0,,Unknown,0,1,93.3,0.0379
B-202408-53743,Booked,Consulting Network,Management Training,Corporate,In-person,Full Package,Professional Services,Professional Services,Direct Inquiry,Medium,2024-05-28,2024-06-20,14,2024-08-27,2024-08-28,1,91,50,50,66,1,Half Ballroom,1,1,9,1.0,14060.65,2,69.5,166.33,148.54,7427.0,1318.95,1494.8,10240.75,39,5793.06,1318.95,1423.62,8535.63,0.78,21.57,,2024,8,3,57.4,42.6,0,6.83,149.67,156.5,0.0,149.67,1,0.0,50,0,0,0,2,1,1,8,1,0,1,Classroom,2,0,2.0,1318.95,350,720,1684.84,2,0,0,0,100.0,0.55,10.7,204.82,0.758,0.303,Shoulder,0,1,Tue,0,0,0,0,1,22,17,192199.88,0.7727,0,1,0,,Unknown,0,1,100.0,0.0989
B-202408-61211,Booked,Real Estate Board,Regional Chapter Meeting,Association,Hybrid,Full Package,Government,Government,Direct Inquiry,Medium,2024-02-09,2024-03-15,28,2024-08-27,2024-08-30,3,200,45,135,62,1,Half Ballroom,1,0,7,1.0,49997.33,1,69.2,157.64,139.14,18783.9,899.53,9334.56,29017.99,92,12800.88,899.53,8890.06,22590.47,0.6814814814814815,47.796,,2024,8,3,70.3,29.7,1,135.44,136.97,272.41,165.62,136.97,2,5.5,39,45,43,0,1,3,3,24,1,0,1,Theater,3,1,2.0,899.53,1150,3200,6179.79,4,0,0,0,100.0,0.52,11.74,214.95,0.726,0.161,Shoulder,0,1,Tue,0,0,0,0,1,26,23,496487.34,0.8846,0,1,88,0.511,Moderate,0,0,100.0,0.035
B-202408-66814,Booked,Premier Tours,Regional History Tour,SMERF,In-person,Rooms Only,Association,Association,Website,Medium,2024-06-17,2024-07-11,18,2024-08-27,2024-08-28,1,71,24,24,26,0,,0,0,6,0.0,0.0,2,71.8,168.53,163.49,3923.76,0.0,0.0,3923.76,21,3433.29,0.0,0.0,3433.29,0.875,0.0,,2024,8,4,70.8,29.2,1,137.5,147.84,285.34,231.37,147.84,1,0.0,24,0,0,0,0,0,0,0,0,0,0,,0,0,0.0,0.0,0,0,0.0,0,0,0,0,0.0,0.0,2.99,163.49,0.923,0.0,Shoulder,0,1,Tue,0,0,1,0,0,14,10,62687.64,0.7143,0,1,0,,Unknown,0,1,93.3,0.0845
B-202408-67557,Booked,Retail Corporation,New Hire Orientation,Corporate,Hybrid,Meeting Only,Healthcare,Other,Referral,Low,2024-07-22,2024-08-10,12,2024-08-27,2024-08-29,2,36,0,0,80,1,Half Ballroom,0,0,7,0.0,0.0,2,65.9,164.83,0.0,0.0,1690.63,6952.18,8642.81,0,0.0,1690.63,6621.12,8311.75,,41.382,,2024,8,0,0.0,0.0,0,0.0,0.0,0.0,0.0,0.0,0,0.0,0,0,0,0,2,2,2,16,1,0,1,Banquet,2,0,1.5,1690.63,500,3648,5333.98,5,0,0,0,100.0,0.67,100.0,,0.0,0.25,Shoulder,0,1,Tue,0,0,1,0,1,26,19,255418.73,0.7308,0,1,0,,Unknown,0,0,80.0,0.1944
B-202408-52931,Booked,Legal Society,Board Retreat,Association,In-person,Meeting Only,Legal,Legal,Repeat Client,Medium,2023-12-24,2024-01-27,27,2024-08-29,2024-09-01,3,249,0,0,53,1,Half Ballroom,0,1,7,0.0,0.0,1,69.7,159.57,0.0,0.0,897.69,6954.8,7852.49,0,0.0,897.69,6623.62,7521.31,,41.658,,2024,8,0,0.0,0.0,0,0.0,0.0,0.0,0.0,0.0,0,0.0,0,0,0,0,1,3,3,24,1,0,1,Classroom,2,0,1.67,897.69,850,4140,6761.37,4,0,0,0,100.0,0.44,100.0,,0.0,0.189,Shoulder,0,3,Thu,0,1,1,0,1,16,13,288595.77,0.8125,0,1,88,0.0,Low,0,0,80.0,0.0281
B-202408-16880,Booked,Pharmaceutical Partners,Town Hall Meeting,Corporate,Hybrid,Full Package,Healthcare,Healthcare,Direct Inquiry,Medium,2024-06-26,2024-07-15,11,2024-08-30,2024-09-01,2,65,49,98,66,1,Half Ballroom,1,1,8,0.0,0.0,3,64.3,165.5,145.51,14259.98,1853.45,6220.37,22333.8,78,11349.78,1853.45,5924.16,19127.39,0.7959183673469388,44.88,,2024,8,4,73.0,27.0,1,42.24,126.8,169.04,169.04,126.8,2,2.0,48,49,0,0,2,2,2,16,1,0,1,Theater,1,0,1.0,1853.45,300,3360,4833.86,5,0,0,0,100.0,0.55,12.08,227.9,0.742,0.303,Shoulder,0,4,Fri,1,0,1,0,1,38,26,360633.32,0.6842,0,1,119,0.412,Moderate,0,0,93.3,0.1231
B-202408-45477,Booked,Personal Event,Baby Shower Weekend,Wedding/Social,Hybrid,Full Package,Social,Social/Private,Cvent,Low,2023-11-24,2024-01-03,29,2024-08-31,2024-09-01,1,281,31,31,43,1,Half Ballroom,1,0,11,1.0,14407.73,2,87.0,201.91,208.08,6450.48,1330.47,2828.74,10609.69,19,3953.52,1330.47,2694.04,7978.03,0.6129032258064516,62.652,,2024,8,2,50.9,49.1,1,38.59,165.4,203.99,203.99,165.4,1,0.0,31,0,0,0,1,2,1,8,1,0,1,Banquet,2,0,1.0,1330.47,350,1320,2332.74,1,1,0,1,0.0,0.36,-3.06,342.25,0.721,0.233,Peak,1,5,Sat,1,0,0,0,0,36,27,127052.1,0.75,0,1,119,0.261,Moderate,0,0,100.0,0.0391
B-202408-86499,Booked,Industry Trade Group,Professional Development Symposium,Association,Hybrid,Meeting Only,Trade/Manufacturing,Trade/Manufacturing,Referral,Medium,2024-02-20,2024-03-15,18,2024-08-31,2024-09-03,3,193,0,0,64,1,Half Ballroom,0,0,6,1.0,25490.19,1,81.5,191.11,0.0,0.0,1459.82,8420.43,9880.25,0,0.0,1459.82,8019.46,9479.28,,41.768,,2024,8,0,0.0,0.0,0,0.0,0.0,0.0,0.0,0.0,0,0.0,0,0,0,0,2,3,3,24,1,0,1,Classroom,3,1,2.33,1459.82,1350,3180,6406.14,5,0,0,0,100.0,0.53,100.0,,0.0,0.312,Peak,0,5,Sat,1,0,0,0,1,23,14,212280.56,0.6087,0,1,119,0.0,Low,0,0,86.7,0.0311
B-202408-96372,Booked,Faith Community,School District Meeting,SMERF,In-person,Rooms Only,Other,Other,Sales Call,Low,2024-03-23,2024-04-17,20,2024-08-31,2024-09-01,1,161,21,21,23,0,,0,0,5,0.0,0.0,1,86.1,192.01,187.88,3945.48,0.0,0.0,3945.48,18,3381.84,0.0,0.0,3381.84,0.8571428571428571,0.0,,2024,8,2,53.8,46.2,1,125.44,151.89,277.33,277.33,151.89,1,0.0,21,0,0,0,0,0,0,0,0,0,0,,0,0,0.0,0.0,0,0,0.0,0,0,0,0,0.0,0.0,2.15,187.88,0.913,0.0,Peak,1,5,Sat,1,0,1,1,0,5,2,9242.19,0.4,0,1,119,0.176,Low,0,0,93.3,0.0311
B-202409-14424,Booked,Consulting Network,Town Hall Meeting,Corporate,In-person,Full Package,Professional Services,Professional Services,Repeat Client,High,2024-06-27,2024-07-14,10,2024-09-01,2024-09-03,2,66,68,136,80,1,Half Ballroom,1,0,7,0.0,0.0,1,92.0,203.79,211.79,28803.44,1455.08,8107.34,38365.86,126,26685.54,1455.08,7721.28,35861.9,0.9264705882352942,48.258,,2024,9,3,60.7,39.3,1,79.11,184.44,263.55,263.55,184.44,2,10.3,61,68,0,0,2,2,2,16,1,0,1,Classroom,3,1,2.5,1455.08,1000,3600,5803.05,3,0,0,0,100.0,0.67,-3.93,282.1,0.85,0.25,Peak,1,6,Sun,1,1,1,0,0,23,18,200735.51,0.7826,0,1,29,1.0,High,1,1,93.3,0.1061
B-202409-15209,Booked,Retail Corporation,New Hire Orientation,Corporate,Hybrid,Meeting Only,Finance,Other,Cvent,Low,2024-07-09,2024-07-26,7,2024-09-01,2024-09-03,2,54,0,0,93,1,Half Ballroom,0,1,10,1.0,17705.45,4,90.3,205.73,0.0,0.0,1195.82,3382.4,4578.22,0,0.0,1195.82,3221.33,4417.15,,17.319,,2024,9,0,0.0,0.0,0,0.0,0.0,0.0,0.0,0.0,0,0.0,0,0,0,0,2,5,2,24,1,0,1,Theater,2,0,1.6,1195.82,1350,3690,6942.77,5,0,0,0,20.0,0.78,100.0,,0.0,0.215,Peak,1,6,Sun,1,0,0,0,1,27,20,263730.48,0.7407,0,1,97,0.0,Low,0,0,86.7,0.1852
B-202409-56312,Booked,Family Celebration,Engagement Party,Wedding/Social,In-person,Rooms Only,Social,Social/Private,Referral,Medium,2024-01-08,2024-01-30,15,2024-09-01,2024-09-03,2,237,55,110,60,0,,0,1,7,1.0,17357.49,2,91.0,207.8,220.27,24229.7,0.0,0.0,24229.7,67,14758.09,0.0,0.0,14758.09,0.6090909090909091,0.0,,2024,9,3,53.7,46.3,1,151.08,179.29,330.37,266.43,330.37,2,7.3,51,55,0,0,0,0,0,0,0,0,0,,0,0,0.0,0.0,0,0,0.0,0,0,0,0,0.0,0.0,-6.0,220.27,0.917,0.0,Peak,1,6,Sun,1,0,0,0,0,39,33,185201.21,0.8462,0,1,29,1.0,High,1,1,100.0,0.0295
B-202409-55587,Booked,State Medical Association,Awards Gala Weekend,Association,Hybrid,Full Package,Healthcare,Healthcare,Referral,Medium,2023-12-11,2024-01-13,20,2024-09-02,2024-09-04,2,266,68,136,93,1,Half Ballroom,1,1,13,0.0,0.0,1,81.6,176.7,184.79,25131.44,1697.74,3415.21,30244.39,97,17924.63,1697.74,3252.58,22874.95,0.7132352941176471,17.487,,2024,9,3,72.4,27.6,0,35.07,160.53,195.6,0.0,160.53,2,8.8,62,68,0,0,2,5,2,24,1,0,1,Classroom,3,1,2.0,1697.74,1850,3044,6806.49,5,0,0,0,20.0,0.78,-4.58,222.39,0.731,0.215,Peak,0,0,Mon,0,0,1,0,0,38,34,767074.79,0.8947,0,1,55,1.0,High,1,1,93.3,0.0489
B-202409-41640,Booked,Regional Healthcare System,Leadership Summit,Corporate,In-person,Full Package,Healthcare,Healthcare,Referral,Medium,2024-05-30,2024-06-23,13,2024-09-03,2024-09-05,2,96,47,94,64,1,Half Ballroom,1,0,11,1.0,29810.58,3,80.1,172.46,164.14,15429.16,814.73,6329.03,22572.92,80,13131.2,814.73,6027.65,19973.58,0.851063829787234,47.091,,2024,9,3,50.0,50.0,1,137.9,174.77,312.67,242.82,174.77,2,14.9,40,47,0,0,1,2,2,16,1,0,1,Classroom,3,1,3.0,814.73,1300,3648,6117.52,5,0,0,0,100.0,0.53,4.82,240.14,0.734,0.156,Peak,0,1,Tue,0,0,0,0,1,24,22,245295.08,0.9167,0,1,65,0.723,High,1,0,100.0,0.1146
B-202409-43817,Booked,Energy Solutions,Executive Offsite,Corporate,Hybrid,Full Package,Technology,Other,Website,Low,2024-06-25,2024-07-14,11,2024-09-03,2024-09-05,2,70,5,10,5,1,Boardroom,1,0,8,0.0,0.0,1,74.9,168.63,150.19,1501.9,362.73,519.97,2384.6,8,1201.52,362.73,495.21,2059.46,0.8,49.521,,2024,9,2,74.4,25.6,1,95.27,186.37,281.64,186.37,186.37,2,40.0,3,5,0,0,1,2,2,16,0,1,1,Boardroom,3,1,2.5,362.73,1000,710,3810.87,4,0,0,0,100.0,0.36,10.94,238.46,1.0,2.0,Shoulder,0,1,Tue,0,0,1,0,1,31,20,258481.64,0.6452,0,1,65,0.077,Low,0,0,93.3,0.1143
B-202409-76275,Booked,Private Party,Charity Gala,Wedding/Social,In-person,Full Package,Social,Social/Private,Website,Medium,2023-12-04,2024-01-11,25,2024-09-03,2024-09-05,2,274,45,90,61,1,Half Ballroom,1,1,13,0.0,0.0,2,76.4,171.43,161.17,14505.3,821.92,5189.59,20516.81,50,8058.5,821.92,4942.46,13822.88,0.5555555555555556,40.512,,2024,9,3,53.0,47.0,0,144.73,154.86,299.59,0.0,154.86,2,4.4,43,45,0,0,1,2,2,8,1,0,1,Reception,2,0,1.0,821.92,350,1320,2378.46,1,1,0,1,0.0,0.51,5.98,227.96,0.738,0.164,Shoulder,0,1,Tue,0,0,1,0,1,41,32,184945.82,0.7805,0,1,65,0.692,High,1,0,93.3,0.0474
B-202409-34150,Booked,TechCorp Solutions,Innovation Workshop,Corporate,In-person,Full Package,Technology,Technology,Third-Party Planner,Low,2024-06-05,2024-06-27,14,2024-09-04,2024-09-05,1,91,29,29,39,1,Breakout Room,1,1,8,0.0,0.0,2,80.7,173.32,183.72,5327.88,456.59,2063.63,7848.1,25,4593.0,456.59,1965.37,7014.96,0.8620689655172413,50.394,,2024,9,4,72.4,27.6,1,115.11,159.15,274.26,274.26,159.15,1,0.0,29,0,0,0,1,1,1,8,0,0,1,Classroom,1,0,1.0,456.59,150,2340,3405.53,3,0,0,0,100.0,0.97,-6.0,270.62,0.744,0.256,Peak,0,2,Wed,0,0,1,0,0,24,16,133116.57,0.6667,0,1,65,0.446,Moderate,0,0,93.3,0.0879
B-202409-96609,Booked,Personal Event,Baby Shower Weekend,Wedding/Social,In-person,Full Package,Social,Social/Private,Direct Inquiry,Low,2023-09-05,2023-10-26,37,2024-09-04,2024-09-05,1,365,29,29,39,1,Breakout Room,1,1,14,1.0,10766.55,2,81.8,169.14,160.01,4640.29,492.47,2963.88,8096.64,16,2560.16,492.47,2822.74,5875.37,0.5517241379310345,72.378,,2024,9,3,57.0,43.0,0,162.06,150.36,312.42,0.0,151.87,1,0.0,29,0,0,0,1,2,1,8,0,0,1,Banquet,1,0,0.5,492.47,150,1755,3103.54,1,0,1,1,0.0,0.97,5.4,279.19,0.744,0.256,Peak,0,2,Wed,0,0,0,0,1,37,28,135030.13,0.7568,0,1,65,0.446,Moderate,0,0,100.0,0.0384
B-202409-89556,Booked,Youth Organization,Charity Fundraiser,SMERF,In-person,Full Package,SMERF,Social/Community,Referral,Low,2024-04-19,2024-05-19,17,2024-09-05,2024-09-06,1,139,32,32,38,1,Breakout Room,1,0,13,1.0,9374.3,3,78.2,172.32,166.93,5341.76,584.23,1060.78,6986.77,26,4340.18,584.23,1010.27,5934.68,0.8125,26.586,,2024,9,4,66.4,33.6,1,147.74,149.02,296.76,189.69,149.02,1,0.0,32,0,0,0,1,1,1,8,0,0,1,Classroom,2,0,2.0,584.23,350,1692,3028.42,2,0,0,0,100.0,0.95,3.13,218.34,0.842,0.263,Peak,0,3,Thu,0,0,0,0,1,9,7,26276.57,0.7778,0,1,188,0.17,Low,0,0,100.0,0.0935
B-202409-53202,Booked,TechCorp Solutions,Town Hall Meeting,Corporate,In-person,Full Package,Technology,Technology,Cvent,Low,2024-04-21,2024-05-12,9,2024-09-07,2024-09-08,1,139,42,42,49,1,Half Ballroom,1,1,12,0.0,0.0,1,84.6,172.84,176.28,7403.76,938.67,2405.08,10747.51,37,6522.36,938.67,2290.55,9751.58,0.8809523809523809,46.746,,2024,9,3,56.7,43.3,1,95.59,210.37,305.96,254.38,305.96,1,0.0,42,0,0,0,1,1,1,8,1,0,1,Theater,2,0,2.0,938.67,350,1248,2254.53,3,0,0,0,100.0,0.41,-1.99,255.89,0.857,0.204,Peak,0,5,Sat,1,0,1,0,0,25,17,140131.53,0.68,0,1,91,0.462,Moderate,0,0,93.3,0.0863
B-202409-86373,Booked,Accounting Institute,Awards Gala Weekend,Association,In-person,Full Package,Finance,Finance,Website,High,2024-01-14,2024-02-20,28,2024-09-07,2024-09-09,2,237,87,174,112,1,Half Ballroom,1,0,9,0.0,0.0,1,79.1,170.86,172.25,29971.5,961.49,4299.92,35232.91,116,19981.0,961.49,4095.17,25037.66,0.6666666666666666,18.282,,2024,9,2,73.0,27.0,1,33.25,184.86,218.11,218.11,184.86,2,10.3,78,87,0,0,1,4,2,24,1,0,1,Theater,2,0,2.0,961.49,1400,3060,6258.64,4,0,0,0,50.0,0.93,-0.81,202.49,0.777,0.089,Peak,0,5,Sat,1,0,1,0,0,29,25,486328.55,0.8621,0,1,64,1.0,High,1,1,93.3,0.038
B-202409-87151,Booked,Youth Organization,Youth Group Gathering,SMERF,Virtual,Full Package,SMERF,Social/Community,Direct Inquiry,Medium,2024-05-31,2024-06-30,19,2024-09-08,2024-09-09,1,100,69,69,80,1,Half Ballroom,1,0,11,0.0,0.0,3,82.2,170.21,169.14,11670.66,1316.53,892.08,13879.27,56,9471.84,1316.53,849.6,11637.97,0.8115942028985508,10.62,,2024,9,3,52.9,47.1,0,140.11,150.81,290.92,0.0,150.81,1,0.0,69,0,0,0,2,2,1,8,1,0,1,Theater,2,0,2.0,1316.53,700,240,1587.73,1,0,0,0,0.0,0.67,0.63,201.15,0.862,0.25,Peak,0,6,Sun,1,0,1,0,0,10,8,32211.25,0.8,0,1,64,1.0,High,1,1,93.3,0.11
B-202409-71585,Booked,Global Industries,Strategic Planning Retreat,Corporate,In-person,Full Package,Healthcare,Other,Sales Call,Low,2024-06-25,2024-07-20,13,2024-09-09,2024-09-10,1,76,30,30,34,1,Breakout Room,1,1,12,1.0,10712.67,2,79.9,164.67,152.51,4575.3,524.08,929.2,6028.58,24,3660.24,524.08,884.95,5069.27,0.8,26.028,,2024,9,3,60.9,39.1,1,109.65,171.17,280.82,240.68,171.17,1,0.0,30,0,0,0,1,1,1,8,0,0,1,Classroom,3,1,3.0,524.08,650,1360,3092.64,2,0,0,0,100.0,0.85,7.38,200.95,0.882,0.294,Peak,0,0,Mon,0,0,0,0,1,40,33,515306.85,0.825,0,1,190,0.158,Low,0,0,100.0,0.1579
B-202409-24728,Booked,Legal Society,Networking Summit,Association,In-person,Full Package,Legal,Legal,RFP,Medium,2024-03-31,2024-04-24,15,2024-09-10,2024-09-13,3,163,31,93,38,1,Breakout Room,1,1,9,1.0,30830.65,3,72.7,179.26,174.0,16182.0,586.52,4874.9,21643.42,73,12702.0,586.52,4642.76,17931.28,0.7849462365591398,40.726,,2024,9,3,73.0,27.0,1,84.51,148.58,233.09,233.09,148.58,2,16.1,27,31,19,0,1,3,3,24,0,0,1,Theater,2,0,1.33,586.52,650,8532,12045.29,4,0,0,0,100.0,0.95,2.93,232.72,0.816,0.263,Shoulder,0,1,Tue,0,0,0,0,0,17,14,296117.08,0.8235,0,1,116,0.267,Moderate,0,0,100.0,0.0552
B-202409-51756,Booked,Retail Corporation,Performance Review Summit,Corporate,Virtual,Full Package,Healthcare,Other,Sales Call,Medium,2024-08-11,2024-09-01,9,2024-09-10,2024-09-12,2,30,73,146,101,1,Half Ballroom,1,0,12,0.0,0.0,2,79.6,176.87,186.07,27166.22,928.65,4149.95,32244.82,126,23444.82,928.65,3952.33,28325.8,0.863013698630137,19.566,,2024,9,2,53.9,46.1,0,152.92,176.24,329.16,0.0,176.24,2,12.3,64,73,0,0,1,5,2,24,1,0,1,Theater,3,1,2.6,928.65,2650,4224,8805.6,5,0,0,0,20.0,0.84,-5.2,220.85,0.723,0.099,Peak,0,1,Tue,0,0,1,0,0,28,21,268147.63,0.75,0,1,116,0.629,High,1,0,93.3,0.4
B-202409-93200,Booked,Regional Healthcare System,Product Launch Event,Corporate,In-person,Full Package,Healthcare,Healthcare,RFP,Low,2024-06-18,2024-07-10,11,2024-09-10,2024-09-11,1,84,37,37,51,1,Half Ballroom,1,0,11,0.0,0.0,1,80.1,172.92,167.0,6179.0,1173.03,2527.03,9879.06,32,5344.0,1173.03,2406.69,8923.72,0.8648648648648649,47.19,,2024,9,3,51.4,48.6,1,152.87,166.29,319.16,193.87,193.87,1,0.0,37,0,0,0,1,1,1,8,1,0,1,Banquet,2,0,2.0,1173.03,350,2088,3017.7,4,0,0,0,100.0,0.42,3.42,267.0,0.725,0.196,Peak,0,1,Tue,0,0,1,0,1,25,23,265268.66,0.92,0,1,79,0.468,Moderate,0,0,93.3,0.131
B-202409-57443,Booked,Manufacturing Alliance,Sales Kickoff,Corporate,In-person,Meeting Only,Finance,Other,Third-Party Planner,Low,2024-05-21,2024-06-05,8,2024-09-11,2024-09-12,1,113,0,0,83,1,Half Ballroom,0,1,7,1.0,10681.73,1,79.4,173.71,0.0,0.0,1095.55,1486.6,2582.15,0,0.0,1095.55,1415.81,2511.36,,17.058,,2024,9,0,0.0,0.0,0,0.0,0.0,0.0,0.0,0.0,0,0.0,0,0,0,0,1,2,1,12,1,0,1,Classroom,3,1,2.5,1095.55,1000,1224,3155.77,3,0,0,0,50.0,0.69,100.0,,0.0,0.12,Peak,0,2,Wed,0,0,0,0,1,30,19,301435.43,0.6333,0,1,116,0.0,Low,0,0,86.7,0.0619
B-202409-91465,Booked,Veterans Group,Community Theater Production,SMERF,Virtual,Meeting Only,Government,Government,Direct Inquiry,Low,2024-05-12,2024-06-08,18,2024-09-11,2024-09-12,1,122,0,0,135,1,Grand Ballroom,0,1,9,0.0,0.0,2,81.9,165.05,0.0,0.0,2155.22,1579.38,3734.6,0,0.0,2155.22,1504.17,3659.39,,11.142,,2024,9,0,0.0,0.0,0,0.0,0.0,0.0,0.0,0.0,0,0.0,0,0,0,0,1,2,1,8,1,0,1,Classroom,2,0,1.5,2155.22,500,1440,4940.58,1,0,0,0,0.0,0.56,100.0,,0.0,0.074,Peak,0,2,Wed,0,0,1,0,1,8,5,32357.44,0.625,0,1,116,0.0,Low,0,0,80.0,0.0738
B-202409-29669,Booked,State Medical Association,Networking Summit,Association,In-person,Full Package,Healthcare,Healthcare,Cvent,High,2023-12-04,2024-01-01,18,2024-09-12,2024-09-15,3,283,33,99,36,1,Breakout Room,1,0,10,1.0,26503.1,3,76.1,171.49,158.93,15734.07,383.66,4658.02,20775.75,69,10966.17,383.66,4436.21,15786.04,0.696969696969697,41.076,,2024,9,3,74.1,25.9,1,156.79,148.4,305.19,241.7,148.4,2,11.2,24,33,29,0,1,3,3,24,0,0,1,Classroom,3,1,2.33,383.66,1350,7380,11740.29,5,0,0,0,100.0,0.9,7.32,209.86,0.917,0.278,Shoulder,0,3,Thu,0,0,0,0,1,39,35,789949.74,0.8974,0,1,187,0.176,Low,0,0,100.0,0.0353
B-202409-29450,Booked,Private Individual,Martinez-Garcia Wedding,Wedding/Social,In-person,Full Package,Social,Social/Private,Sales Call,Low,2023-11-04,2023-12-12,30,2024-09-14,2024-09-15,1,315,28,28,34,1,Breakout Room,1,0,8,1.0,14222.77,3,91.3,202.03,214.15,5996.2,527.34,3014.01,9537.55,18,3854.7,527.34,2870.48,7252.52,0.6428571428571429,84.426,,2024,9,2,58.9,41.1,0,4.25,164.75,169.0,0.0,164.75,1,0.0,28,0,0,0,1,2,1,8,0,0,1,Banquet,2,0,1.0,527.34,350,1530,3065.76,1,0,1,1,0.0,0.85,-6.0,340.63,0.824,0.294,Peak,1,5,Sat,1,0,0,0,0,40,35,160034.24,0.875,0,1,122,0.23,Low,0,0,100.0,0.0254
B-202409-82029,Booked,Technology Innovators,Regional Team Meeting,Corporate,Hybrid,Full Package,Technology,Technology,Cvent,Medium,2024-08-12,2024-08-31,7,2024-09-14,2024-09-17,3,33,37,111,41,1,Half Ballroom,1,0,12,1.0,35290.23,4,89.6,197.18,209.01,23200.11,1390.19,5731.42,30321.72,94,19646.94,1390.19,5458.49,26495.62,0.8468468468468469,44.378,,2024,9,2,61.9,38.1,1,59.36,173.03,232.39,232.39,173.03,2,4.6,33,37,36,0,1,3,3,24,1,0,1,Classroom,2,0,1.67,1390.19,850,4392,7179.71,3,0,0,0,100.0,0.34,-6.0,273.17,0.902,0.244,Peak,1,5,Sat,1,0,0,0,0,34,25,332879.7,0.7353,0,1,183,0.202,Low,0,0,100.0,0.3636
B-202409-33601,Booked,HR Professionals Network,Industry Forum,Association,In-person,Full Package,Professional Services,Professional Services,Website,Medium,2023-12-23,2024-01-23,20,2024-09-16,2024-09-19,3,268,40,120,54,1,Half Ballroom,1,1,11,0.0,0.0,3,75.9,170.24,157.03,18843.6,1348.91,7190.81,27383.32,90,14132.7,1348.91,6848.39,22330.0,0.75,42.274,,2024,9,2,68.5,31.5,1,42.93,153.03,195.96,195.96,153.03,2,8.2,32,40,37,0,1,3,3,24,1,0,1,Classroom,2,0,1.33,1348.91,650,2480,4980.39,4,0,0,0,100.0,0.45,7.76,228.19,0.741,0.185,Shoulder,0,0,Mon,0,0,1,0,1,26,17,323334.66,0.6538,0,1,41,0.976,High,1,0,93.3,0.041
B-202409-95240,Booked,Premier Tours,Heritage Tour Group,Corporate,In-person,Rooms Only,Technology,Technology,Direct Inquiry,Low,2024-05-23,2024-06-12,14,2024-09-16,2024-09-18,2,116,13,26,14,0,,0,0,6,1.0,4400.21,2,84.7,167.21,176.99,4601.74,0.0,0.0,4601.74,25,4424.75,0.0,0.0,4424.75,0.9615384615384616,0.0,,2024,9,2,63.5,36.5,1,52.81,221.97,274.78,274.78,221.97,2,38.5,8,13,0,0,0,0,0,0,0,0,0,,0,0,0.0,0.0,0,0,0.0,0,0,0,0,0.0,0.0,-5.85,176.99,0.929,0.0,Peak,0,0,Mon,0,0,0,0,0,15,11,66120.93,0.7333,0,1,41,0.317,Moderate,0,0,100.0,0.0517
B-202409-96060,Booked,Education Foundation,Educational Seminar Series,Association,Hybrid,Full Package,Education,Education,Sales Call,Medium,2023-11-03,2023-12-04,18,2024-09-16,2024-09-19,3,318,41,123,46,1,Half Ballroom,1,0,13,1.0,30044.15,1,84.0,170.27,151.21,18598.83,1199.9,7273.69,27072.42,87,13155.27,1199.9,6927.32,21282.49,0.7073170731707317,50.198,,2024,9,2,57.4,42.6,1,42.29,140.4,182.69,182.69,140.4,2,5.0,36,41,38,0,1,3,3,24,1,0,1,Banquet,3,1,2.0,1199.9,1150,4820,7791.61,5,0,0,0,100.0,0.38,11.19,220.1,0.891,0.217,Peak,0,0,Mon,0,0,0,0,1,33,23,501996.3,0.697,0,1,41,1.0,High,1,0,100.0,0.0409
B-202409-63609,Booked,Dental Association,Annual Member Conference,Association,In-person,Full Package,Healthcare,Healthcare,Referral,Medium,2024-03-01,2024-04-08,26,2024-09-17,2024-09-19,2,200,46,92,58,1,Half Ballroom,1,0,12,1.0,29583.65,2,78.6,173.81,174.64,16066.88,1398.59,5140.81,22606.28,71,12399.44,1398.59,4896.01,18694.04,0.7717391304347826,42.207,,2024,9,4,64.2,35.8,1,134.2,162.16,296.36,296.36,162.16,2,19.6,37,46,0,0,1,2,2,16,1,0,1,Classroom,1,0,1.0,1398.59,300,3480,4974.52,4,0,0,0,100.0,0.48,-0.48,245.72,0.793,0.172,Peak,0,1,Tue,0,0,0,0,0,25,18,376499.33,0.72,0,1,31,1.0,High,1,1,100.0,0.06
B-202409-76982,Booked,Private Individual,Family Reunion Weekend,Wedding/Social,In-person,Full Package,Social,Social/Private,Repeat Client,Medium,2023-10-03,2023-11-20,35,2024-09-17,2024-09-19,2,350,39,78,45,1,Half Ballroom,1,1,13,1.0,27766.04,1,77.0,172.85,149.76,11681.28,1324.94,3659.7,16665.92,47,7038.72,1324.94,3485.43,11849.09,0.6025641025641025,38.727,,2024,9,3,51.4,48.6,1,105.99,170.38,276.37,235.17,170.38,2,30.8,27,39,0,0,1,2,2,8,1,0,1,Banquet,0,0,0.0,1324.94,0,1080,1760.41,1,0,1,1,0.0,0.38,13.36,213.67,0.867,0.222,Shoulder,0,1,Tue,0,1,0,0,1,41,36,167286.76,0.878,0,1,31,1.0,High,1,1,100.0,0.0371
B-202409-79174,Booked,Social Event,Charity Gala,Wedding/Social,In-person,Full Package,Social,Social/Private,Sales Call,Low,2023-10-05,2023-11-10,29,2024-09-18,2024-09-19,1,349,23,23,29,1,Breakout Room,1,0,7,0.0,0.0,1,78.2,172.33,153.51,3530.73,524.61,1920.91,5976.25,13,1995.63,524.61,1829.44,4349.68,0.5652173913043478,63.084,,2024,9,3,51.4,48.6,1,76.06,155.63,231.69,231.69,155.63,1,0.0,23,0,0,0,1,2,1,8,0,0,1,Reception,2,0,1.5,524.61,500,1595,3236.1,1,1,0,1,0.0,0.72,10.92,259.84,0.793,0.345,Peak,0,2,Wed,0,0,1,0,1,44,30,151829.1,0.6818,0,1,31,0.742,High,1,0,93.3,0.0201
B-202409-12954,Booked,Industry Trade Group,Committee Meeting,Association,In-person,Meeting Only,Trade/Manufacturing,Trade/Manufacturing,Direct Inquiry,Medium,2024-02-20,2024-03-12,16,2024-09-20,2024-09-23,3,213,0,0,130,1,Grand Ballroom,0,0,5,0.0,0.0,2,75.0,176.04,0.0,0.0,1965.73,17262.88,19228.61,0,0.0,1965.73,16440.84,18406.57,,42.156,,2024,9,0,0.0,0.0,0,0.0,0.0,0.0,0.0,0.0,0,0.0,0,0,0,0,1,3,3,24,1,0,1,Classroom,3,1,2.33,1965.73,1350,25350,34480.14,4,0,0,0,100.0,0.54,100.0,,0.0,0.077,Shoulder,0,4,Fri,1,0,1,1,1,24,15,221759.84,0.625,0,1,220,0.0,Low,0,0,80.0,0.0235
B-202409-38553,Booked,Pharmaceutical Partners,Annual Sales Conference,Corporate,In-person,Rooms Only,Healthcare,Healthcare,RFP,Low,2024-06-29,2024-07-19,14,2024-09-21,2024-09-22,1,84,45,45,49,0,,0,0,6,0.0,0.0,1,78.5,169.64,162.73,7322.85,0.0,0.0,7322.85,38,6183.74,0.0,0.0,6183.74,0.8444444444444444,0.0,,2024,9,4,65.4,34.6,0,174.02,139.52,313.54,0.0,161.21,1,0.0,45,0,0,0,0,0,0,0,0,0,0,,0,0,0.0,0.0,0,0,0.0,0,0,0,0,0.0,0.0,4.07,162.73,0.918,0.0,Peak,0,5,Sat,1,0,1,0,1,39,27,379760.71,0.6923,0,1,138,0.326,Moderate,0,0,93.3,0.0714
B-202409-42232,Booked,Professional Services Group,New Hire Orientation,Corporate,In-person,Full Package,Technology,Other,Direct Inquiry,Low,2024-07-05,2024-07-23,8,2024-09-21,2024-09-22,1,78,37,37,47,1,Half Ballroom,1,1,10,1.0,12236.83,2,74.8,168.16,161.81,5986.97,1272.83,1168.41,8428.21,34,5501.54,1272.83,1112.77,7887.14,0.918918918918919,23.676,,2024,9,2,64.8,35.2,1,64.23,233.86,298.09,233.86,298.09,1,0.0,37,0,0,0,1,1,1,8,1,0,1,Classroom,2,0,2.0,1272.83,350,1272,2185.21,2,0,0,0,100.0,0.39,3.78,227.79,0.787,0.213,Shoulder,0,5,Sat,1,0,0,0,1,24,19,250856.62,0.7917,0,1,138,0.268,Moderate,0,0,100.0,0.1282
B-202409-58094,Booked,Social Event,Charity Gala,Wedding/Social,In-person,Full Package,Social,Social/Private,RFP,Low,2023-12-01,2024-01-17,36,2024-09-23,2024-09-24,1,297,13,13,15,1,Breakout Room,1,1,11,0.0,0.0,4,82.9,176.26,171.21,2225.73,489.2,992.72,3707.65,8,1369.68,489.2,945.45,2804.33,0.6153846153846154,63.03,,2024,9,2,59.2,40.8,1,56.05,138.92,194.97,194.97,138.92,1,0.0,13,0,0,0,1,2,1,8,0,0,1,Banquet,1,0,0.5,489.2,150,825,2221.72,1,1,0,1,0.0,0.38,2.87,285.2,0.867,0.667,Peak,0,0,Mon,0,0,1,0,0,45,31,156178.78,0.6889,0,1,180,0.072,Low,0,0,93.3,0.037
B-202409-64808,Booked,Energy Solutions,Customer Advisory Board,Corporate,In-person,Rooms Only,Finance,Other,Third-Party Planner,Low,2024-07-03,2024-07-13,7,2024-09-23,2024-09-26,3,82,27,81,29,0,,0,1,3,1.0,12614.48,2,80.9,168.51,171.25,13871.25,0.0,0.0,13871.25,76,13015.0,0.0,0.0,13015.0,0.9382716049382716,0.0,,2024,9,2,63.3,36.7,1,111.29,182.94,294.23,294.23,182.94,2,15.2,23,27,17,0,0,0,0,0,0,0,0,,0,0,0.0,0.0,0,0,0.0,0,0,0,0,0.0,0.0,-1.63,171.25,0.931,0.0,Peak,0,0,Mon,0,0,0,1,0,32,21,260541.1,0.6562,0,1,0,,Unknown,0,1,100.0,0.0366
B-202409-26088,Booked,Veterans Group,Fraternity/Sorority Reunion,SMERF,In-person,Full Package,Government,Government,Referral,Low,2024-06-22,2024-07-19,19,2024-09-24,2024-09-26,2,94,43,86,56,1,Half Ballroom,1,0,8,1.0,25150.99,1,72.7,172.61,152.7,13132.2,1274.93,1163.53,15570.66,67,10230.9,1274.93,1108.13,12613.96,0.7790697674418605,9.894,,2024,9,3,51.8,48.2,0,149.09,151.32,300.41,0.0,151.32,2,27.9,31,43,0,0,1,4,2,16,1,0,1,Classroom,2,0,1.5,1274.93,1050,240,2684.01,1,0,0,0,0.0,0.47,11.53,181.05,0.768,0.179,Shoulder,0,1,Tue,0,0,0,0,1,9,6,36016.83,0.6667,0,1,7,1.0,High,1,1,100.0,0.0851
B-202409-26538,Booked,Nonprofit Foundation,High School Reunion,SMERF,In-person,Rooms Only,Technology,Technology,Sales Call,Low,2024-05-21,2024-06-10,17,2024-09-24,2024-09-25,1,126,26,26,28,0,,0,1,3,0.0,0.0,2,80.9,176.55,158.17,4112.42,0.0,0.0,4112.42,21,3321.57,0.0,0.0,3321.57,0.8076923076923077,0.0,,2024,9,4,53.4,46.6,1,161.2,122.07,283.27,184.86,138.95,1,0.0,26,0,0,0,0,0,0,0,0,0,0,,0,0,0.0,0.0,0,0,0.0,0,0,0,0,0.0,0.0,10.41,158.17,0.929,0.0,Peak,0,1,Tue,0,0,1,1,1,14,9,67773.62,0.6429,0,1,0,,Unknown,0,1,93.3,0.0238
B-202409-56525,Booked,Energy Solutions,Management Training,Corporate,In-person,Full Package,Technology,Other,Repeat Client,High,2024-07-17,2024-07-31,7,2024-09-24,2024-09-25,1,69,70,70,96,1,Half Ballroom,1,0,7,0.0,0.0,1,77.9,169.11,174.7,12229.0,907.06,2008.54,15144.6,57,9957.9,907.06,1912.9,12777.86,0.8142857142857143,19.926,,2024,9,3,73.2,26.8,1,106.96,216.71,323.67,279.16,279.16,1,0.0,70,0,0,0,1,2,1,12,1,0,1,Classroom,3,1,2.5,907.06,1000,2406,4318.83,4,0,0,0,50.0,0.8,-3.31,216.35,0.729,0.104,Shoulder,0,1,Tue,0,1,1,0,0,33,22,273556.1,0.6667,0,1,0,,Unknown,0,1,93.3,0.1014
B-202409-76764,Booked,Education Foundation,State Convention,Association,In-person,Full Package,Education,Education,Cvent,High,2024-01-14,2024-02-23,26,2024-09-24,2024-09-26,2,254,120,240,137,1,Grand Ballroom,1,0,14,1.0,82222.17,3,76.0,167.78,155.74,37377.6,2399.98,12269.83,52047.41,166,25852.84,2399.98,11685.55,39938.37,0.6916666666666667,42.648,,2024,9,4,54.3,45.7,1,113.58,143.24,256.82,256.82,143.24,2,8.3,110,120,0,0,2,2,2,16,1,0,1,Theater,3,1,2.5,2399.98,1000,19180,25280.87,4,0,0,0,100.0,0.57,7.18,216.86,0.876,0.146,Shoulder,0,1,Tue,0,0,0,0,1,34,24,523278.79,0.7059,0,1,7,1.0,High,1,1,100.0,0.0551
B-202409-54241,Booked,Global Industries,Executive Offsite,Corporate,Hybrid,Full Package,Technology,Other,Third-Party Planner,Low,2024-07-31,2024-08-24,11,2024-09-25,2024-09-27,2,56,23,46,28,1,Breakout Room,1,1,13,0.0,0.0,2,84.7,163.7,165.41,7608.86,558.0,2787.12,10953.98,39,6450.99,558.0,2654.4,9663.39,0.8478260869565217,47.4,,2024,9,2,68.4,31.6,1,18.11,192.34,210.45,210.45,192.34,2,8.7,21,23,0,0,1,2,2,16,0,0,1,Classroom,3,1,2.5,558.0,1000,3612,6581.42,5,0,0,0,100.0,0.7,-1.04,238.13,0.821,0.357,Peak,0,2,Wed,0,0,1,0,0,42,34,520376.12,0.8095,0,1,101,0.228,Low,0,0,93.3,0.2321
B-202409-39155,Booked,Youth Athletics,Volunteer Training,SMERF,In-person,Full Package,SMERF,Social/Community,Website,Low,2024-06-24,2024-07-22,14,2024-09-26,2024-09-27,1,94,16,16,19,1,Breakout Room,1,0,14,0.0,0.0,3,75.1,175.01,163.6,2617.6,572.76,446.84,3637.2,13,2126.8,572.76,425.56,3125.12,0.8125,22.398,,2024,9,4,60.7,39.3,1,40.33,142.57,182.9,182.9,158.56,1,0.0,16,0,0,0,1,1,1,8,0,0,1,Classroom,1,0,1.0,572.76,150,893,2081.27,2,0,0,0,100.0,0.47,6.52,227.32,0.842,0.526,Shoulder,0,3,Thu,0,0,1,0,1,7,5,55637.99,0.7143,0,1,101,0.158,Low,0,0,93.3,0.1489
B-202409-66034,Booked,Insurance Federation,Networking Summit,Association,In-person,Full Package,Finance,Finance,Cvent,High,2023-12-31,2024-02-02,20,2024-09-26,2024-09-28,2,270,80,160,108,1,Half Ballroom,1,1,13,1.0,46154.72,1,73.5,168.31,153.84,24614.4,1775.11,3926.59,30316.1,104,15999.36,1775.11,3739.61,21514.08,0.65,17.313,,2024,9,4,60.1,39.9,1,55.6,144.23,199.83,199.83,146.08,2,10.0,72,80,0,0,2,5,2,24,1,0,1,Theater,3,1,2.2,1775.11,2150,3288,7345.45,5,0,0,0,20.0,0.9,8.6,189.48,0.741,0.185,Shoulder,0,3,Thu,0,0,0,0,1,32,21,440515.12,0.6562,0,1,114,0.702,High,1,0,100.0,0.0481
B-202409-17425,Booked,Private Individual,Baby Shower Weekend,Wedding/Social,In-person,Full Package,Social,Social/Private,Third-Party Planner,Low,2024-01-08,2024-01-31,16,2024-09-27,2024-09-28,1,263,26,26,32,1,Breakout Room,1,1,7,0.0,0.0,3,78.8,169.94,157.44,4093.44,517.95,2779.46,7390.85,15,2361.6,517.95,2647.1,5526.65,0.5769230769230769,82.722,,2024,9,2,67.4,32.6,1,134.11,188.75,322.86,188.75,322.86,1,0.0,26,0,0,0,1,1,1,4,0,0,1,Banquet,1,0,1.0,517.95,150,1760,2461.37,1,1,0,1,0.0,0.8,7.36,284.26,0.812,0.312,Peak,0,4,Fri,1,0,1,0,1,42,37,179135.85,0.881,0,1,114,0.228,Low,0,0,93.3,0.0266
B-202409-26705,Booked,Personal Event,Williams-Brown Wedding,Wedding/Social,In-person,Full Package,Social,Social/Private,Sales Call,Low,2024-04-12,2024-05-05,16,2024-09-29,2024-10-01,2,170,26,52,34,1,Breakout Room,1,0,7,0.0,0.0,2,89.6,209.36,212.28,11038.56,521.71,2480.44,14040.71,30,6368.4,521.71,2362.32,9252.43,0.5769230769230769,34.74,,2024,9,2,51.0,49.0,1,61.87,176.32,238.19,238.19,176.32,2,19.2,21,26,0,0,1,3,2,12,0,0,1,Banquet,2,0,1.0,521.71,500,1530,3741.12,1,0,1,1,0.0,0.85,-1.39,270.01,0.765,0.294,Peak,1,6,Sun,1,0,1,0,0,39,29,140905.5,0.7436,0,1,15,1.0,High,1,1,93.3,0.0412
B-202409-44479,Booked,Global Industries,Board of Directors Meeting,Corporate,Virtual,Rooms Only,Technology,Other,RFP,Medium,2024-07-19,2024-08-06,14,2024-09-29,2024-10-01,2,72,62,124,68,0,,0,0,4,1.0,20459.2,3,92.9,204.1,216.35,26827.4,0.0,0.0,26827.4,110,23798.5,0.0,0.0,23798.5,0.8870967741935484,0.0,,2024,9,2,63.0,37.0,1,114.2,163.71,277.91,277.91,163.71,2,12.9,54,62,0,0,0,0,0,0,0,0,0,,0,0,0.0,0.0,0,0,0.0,0,0,0,0,0.0,0.0,-6.0,216.35,0.912,0.0,Peak,1,6,Sun,1,0,0,1,0,43,35,530039.51,0.814,0,1,15,1.0,High,1,1,100.0,0.0556
B-202409-35712,Booked,Industry Trade Group,Board Retreat,Association,In-person,Full Package,Trade/Manufacturing,Trade/Manufacturing,Direct Inquiry,Low,2024-01-14,2024-02-10,20,2024-09-30,2024-10-01,1,260,58,58,74,1,Half Ballroom,1,1,7,1.0,23279.45,1,78.9,169.44,164.09,9517.22,878.37,3714.22,14109.81,44,7219.96,878.37,3537.35,11635.68,0.7586206896551724,47.802,,2024,9,2,65.2,34.8,1,59.79,184.26,244.05,244.05,184.26,1,0.0,58,0,0,0,1,1,1,8,1,0,1,Classroom,2,0,2.0,878.37,350,1300,2253.88,3,0,0,0,100.0,0.62,3.16,243.27,0.784,0.135,Peak,0,0,Mon,0,0,0,0,1,25,16,240166.41,0.64,0,1,15,1.0,High,1,1,100.0,0.0269
B-202409-73636,Booked,Nursing Council,Member Appreciation Event,Association,Virtual,Full Package,Healthcare,Healthcare,Referral,Medium,2024-04-24,2024-05-24,19,2024-09-30,2024-10-02,2,159,59,118,70,1,Half Ballroom,1,0,11,1.0,42472.26,2,81.9,164.85,169.2,19965.6,879.59,7340.89,28186.08,81,13705.2,879.59,6991.32,21576.11,0.6864406779661016,49.938,,2024,9,4,69.0,31.0,1,164.25,161.93,326.18,231.71,161.93,2,16.9,49,59,0,0,1,2,2,16,1,0,1,Theater,2,0,1.5,879.59,500,2140,3901.49,4,0,0,0,100.0,0.58,-2.64,238.87,0.843,0.143,Peak,0,0,Mon,0,0,0,0,0,31,21,347683.42,0.6774,0,1,28,1.0,High,1,1,100.0,0.0692
B-202410-55182,Booked,HR Professionals Network,Professional Development Symposium,Association,In-person,Full Package,Professional Services,Professional Services,Website,High,2024-03-22,2024-04-21,20,2024-10-01,2024-10-04,3,193,114,342,141,1,Grand Ballroom,1,0,10,0.0,0.0,2,86.4,173.95,177.57,60728.94,2360.57,19276.11,82365.62,245,43504.65,2360.57,18358.2,64223.42,0.716374269005848,43.4,,2024,10,3,58.7,41.3,1,129.31,168.68,297.99,199.36,297.99,2,4.4,106,114,102,0,1,3,3,24,1,0,1,Theater,3,1,2.33,2360.57,1350,32571,41111.1,4,0,0,0,100.0,0.59,-2.08,240.84,0.809,0.071,Peak,1,1,Tue,0,0,1,0,0,27,18,345664.66,0.6667,0,1,0,,Unknown,0,1,93.3,0.0518
B-202410-81001,Booked,Retail Corporation,Leadership Summit,Corporate,Hybrid,Rooms Only,Healthcare,Other,Sales Call,Low,2024-08-09,2024-08-26,12,2024-10-01,2024-10-03,2,53,19,38,20,0,,0,1,5,0.0,0.0,1,89.8,168.94,179.08,6805.04,0.0,0.0,6805.04,36,6446.88,0.0,0.0,6446.88,0.9473684210526316,0.0,,2024,10,4,69.0,31.0,1,158.43,151.91,310.34,228.0,151.91,2,57.9,8,19,0,0,0,0,0,0,0,0,0,,0,0,0.0,0.0,0,0,0.0,0,0,0,0,0.0,0.0,-6.0,179.08,0.95,0.0,Peak,1,1,Tue,0,0,1,1,0,29,22,296473.43,0.7586,0,1,0,,Unknown,0,1,93.3,0.0943
B-202410-26206,Booked,Professional Services Group,Quarterly Business Review,Corporate,In-person,Full Package,Healthcare,Other,Third-Party Planner,Medium,2024-07-08,2024-07-28,11,2024-10-02,2024-10-03,1,86,66,66,85,1,Half Ballroom,1,0,9,1.0,23212.73,3,83.4,180.16,184.54,12179.64,877.62,1579.19,14636.45,55,10149.7,877.62,1503.99,12531.31,0.8333333333333334,17.694,,2024,10,2,61.8,38.2,0,169.29,148.77,318.06,0.0,148.77,1,0.0,66,0,0,0,1,3,1,12,1,0,1,Theater,3,1,2.0,877.62,1150,2388,4547.83,4,0,0,0,0.0,0.71,-2.43,221.76,0.776,0.118,Peak,0,2,Wed,0,0,0,0,0,25,20,258743.76,0.8,0,1,0,,Unknown,0,1,100.0,0.1047
B-202410-43033,Booked,Accounting Institute,State Convention,Association,In-person,Full Package,Finance,Finance,Third-Party Planner,Medium,2024-01-04,2024-01-28,17,2024-10-02,2024-10-04,2,272,38,76,45,1,Half Ballroom,1,0,7,1.0,26605.62,1,84.9,176.51,177.87,13518.12,827.7,3970.99,18316.81,61,10850.07,827.7,3781.89,15459.66,0.8026315789473685,42.021,,2024,10,3,57.1,42.9,1,143.3,176.07,319.37,212.88,212.88,2,26.3,28,38,0,0,1,2,2,16,1,0,1,Classroom,2,0,1.5,827.7,500,2800,4494.16,5,0,0,0,100.0,0.38,-0.77,241.01,0.844,0.222,Peak,0,2,Wed,0,0,0,0,0,30,26,511366.21,0.8667,0,1,0,,Unknown,0,1,100.0,0.0257
B-202410-90336,Booked,Personal Event,Retirement Party,Wedding/Social,In-person,Full Package,Social,Social/Private,Repeat Client,Medium,2024-03-11,2024-04-24,37,2024-10-02,2024-10-04,2,205,27,54,35,1,Breakout Room,1,0,7,1.0,26349.73,1,89.3,180.64,191.48,10339.92,442.35,2880.39,13662.66,33,6318.84,442.35,2743.23,9504.42,0.6111111111111112,39.189,,2024,10,4,60.3,39.7,1,183.58,181.4,364.98,304.36,181.4,2,11.1,24,27,0,0,1,3,2,12,0,0,1,Banquet,2,0,1.67,442.35,850,1925,4561.3,1,1,0,1,0.0,0.88,-6.0,253.01,0.771,0.286,Peak,1,2,Wed,0,1,0,0,0,40,30,150157.93,0.75,0,1,0,,Unknown,0,1,100.0,0.0341
B-202410-63258,Booked,Senior Adventures,Cultural Heritage Journey,SMERF,In-person,Rooms Only,Government,Government,Sales Call,Low,2024-06-20,2024-07-08,15,2024-10-03,2024-10-05,2,105,41,82,45,0,,0,0,3,1.0,15440.18,3,86.8,178.53,177.9,14587.8,0.0,0.0,14587.8,78,13876.2,0.0,0.0,13876.2,0.951219512195122,0.0,,2024,10,2,74.8,25.2,1,74.55,147.33,221.88,221.88,147.33,2,19.5,33,41,0,0,0,0,0,0,0,0,0,,0,0,0.0,0.0,0,0,0.0,0,0,0,0,0.0,0.0,0.35,177.9,0.911,0.0,Peak,1,3,Thu,0,0,0,1,0,13,8,33848.39,0.6154,0,1,179,0.229,Low,0,0,100.0,0.0286
B-202410-67630,Booked,Global Industries,Management Training,Corporate,In-person,Full Package,Professional Services,Other,Direct Inquiry,Low,2024-07-25,2024-08-14,7,2024-10-05,2024-10-06,1,72,7,7,9,1,Boardroom,1,1,13,0.0,0.0,2,97.0,210.0,222.6,1558.2,374.77,454.51,2387.48,6,1335.6,374.77,432.86,2143.23,0.8571428571428571,48.096,,2024,10,4,56.3,43.7,1,124.31,159.08,283.39,283.39,181.69,1,0.0,7,0,0,0,1,1,1,8,0,1,1,Boardroom,3,1,3.0,374.77,650,585,2251.59,3,0,0,0,100.0,0.64,-6.0,341.07,0.778,1.111,Peak,1,5,Sat,1,0,1,0,0,44,36,553838.01,0.8182,0,1,213,0.033,Low,0,0,93.3,0.1806
B-202410-40386,Booked,Faith Community,Community Theater Production,SMERF,In-person,Full Package,Other,Other,Third-Party Planner,Low,2024-06-29,2024-07-30,20,2024-10-06,2024-10-07,1,99,44,44,49,1,Half Ballroom,1,0,11,0.0,0.0,2,97.0,210.0,222.6,9794.4,1170.71,901.1,11866.21,38,8458.8,1170.71,858.19,10487.7,0.8636363636363636,17.514,,2024,10,4,65.5,34.5,1,202.35,160.29,362.64,213.27,160.29,1,0.0,44,0,0,0,1,2,1,8,1,0,1,Classroom,1,0,1.0,1170.71,300,940,1950.72,2,0,0,0,0.0,0.41,-6.0,269.69,0.898,0.204,Peak,1,6,Sun,1,0,1,0,0,6,3,12624.03,0.5,0,1,176,0.25,Moderate,0,0,93.3,0.1111
B-202410-44189,Booked,Volunteer Network,Church Retreat Weekend,SMERF,In-person,Full Package,Other,Other,Third-Party Planner,Low,2024-07-03,2024-08-03,20,2024-10-09,2024-10-11,2,98,26,52,35,1,Breakout Room,1,0,11,0.0,0.0,2,81.5,187.06,163.13,8482.76,534.61,1458.83,10476.2,44,7177.72,534.61,1389.36,9101.69,0.8461538461538461,19.848,,2024,10,4,56.3,43.7,1,140.9,142.52,283.42,246.68,142.52,2,0.0,26,26,0,0,1,4,2,16,0,0,1,Theater,2,0,1.0,534.61,650,2870,5770.77,2,0,0,0,0.0,0.88,12.79,201.47,0.743,0.286,Peak,0,2,Wed,0,0,1,0,1,16,10,61244.98,0.625,0,1,70,0.371,Moderate,0,0,93.3,0.1122
B-202410-36799,Booked,Education Foundation,Policy Symposium,Association,In-person,Full Package,Education,Education,Cvent,Medium,2023-12-16,2024-01-13,21,2024-10-10,2024-10-12,2,299,64,128,80,1,Half Ballroom,1,0,7,0.0,0.0,2,87.6,179.84,190.63,24400.64,1163.73,7826.62,33390.99,103,19634.89,1163.73,7453.92,28252.54,0.8046875,46.587,,2024,10,2,71.1,28.9,1,29.1,203.04,232.14,232.14,203.04,2,9.4,58,64,0,0,1,2,2,16,1,0,1,Theater,1,0,1.0,1163.73,300,2580,4152.1,5,0,0,0,100.0,0.67,-6.0,260.87,0.8,0.125,Peak,1,3,Thu,0,0,1,0,0,36,25,563217.16,0.6944,0,1,96,0.667,High,1,0,93.3,0.0234
B-202410-55964,Booked,Professional Services Group,Strategic Planning Retreat,Corporate,Virtual,Full Package,Technology,Other,Direct Inquiry,Low,2024-06-29,2024-07-18,11,2024-10-10,2024-10-12,2,103,22,44,26,1,Breakout Room,1,0,8,1.0,20761.82,1,84.3,174.1,180.76,7953.44,362.86,2430.14,10746.44,37,6688.12,362.86,2314.42,9365.4,0.8409090909090909,44.508,,2024,10,4,53.9,46.1,1,98.91,161.89,260.8,260.8,161.89,2,22.7,17,22,0,0,1,2,2,16,0,0,1,Classroom,3,1,3.0,362.86,1300,2418,5801.32,4,0,0,0,100.0,0.65,-3.83,244.24,0.846,0.385,Peak,0,3,Thu,0,0,0,0,0,26,21,271275.07,0.8077,0,1,96,0.229,Low,0,0,100.0,0.0777
B-202410-59005,Booked,Technology Innovators,Customer Advisory Board,Corporate,In-person,Meeting Only,Technology,Technology,Third-Party Planner,Low,2024-07-12,2024-07-31,14,2024-10-10,2024-10-11,1,90,0,0,77,1,Half Ballroom,0,0,5,1.0,12547.53,4,83.5,178.47,0.0,0.0,1614.52,3679.0,5293.52,0,0.0,1614.52,3503.81,5118.33,,45.504,,2024,10,0,0.0,0.0,0,0.0,0.0,0.0,0.0,0.0,0,0.0,0,0,0,0,2,1,1,8,1,0,1,Classroom,2,0,2.0,1614.52,350,1560,2548.47,3,0,0,0,100.0,0.64,100.0,,0.0,0.26,Peak,0,3,Thu,0,0,0,1,1,35,26,359375.32,0.7429,0,1,70,0.0,Low,0,0,86.7,0.0556
B-202410-94189,Booked,Global Industries,Product Launch Event,Corporate,In-person,Full Package,Professional Services,Other,Third-Party Planner,Low,2024-08-26,2024-09-14,7,2024-10-10,2024-10-12,2,45,38,76,50,1,Half Ballroom,1,0,12,0.0,0.0,4,83.7,170.55,154.13,11713.88,1322.07,5015.43,18051.38,68,10480.84,1322.07,4776.6,16579.51,0.8947368421052632,47.766,,2024,10,2,51.4,48.6,0,19.37,133.22,152.59,0.0,133.22,2,18.4,31,38,0,0,1,2,2,16,1,0,1,Classroom,2,0,1.5,1322.07,500,3408,5145.34,4,0,0,0,100.0,0.42,9.63,237.52,0.76,0.2,Peak,0,3,Thu,0,0,1,0,1,45,37,555981.24,0.8222,0,1,96,0.396,Moderate,0,0,93.3,0.2667
B-202410-39626,Booked,Regional Healthcare System,Sales Kickoff,Corporate,Hybrid,Full Package,Healthcare,Healthcare,Repeat Client,Medium,2024-06-15,2024-07-04,12,2024-10-12,2024-10-14,2,119,40,80,51,1,Half Ballroom,1,1,7,0.0,0.0,2,88.0,175.17,185.68,14854.4,818.71,4263.65,19936.76,67,12440.56,818.71,4060.62,17319.89,0.8375,39.81,,2024,10,4,65.5,34.5,1,34.92,169.21,204.13,204.13,169.21,2,22.5,31,40,0,0,1,2,2,16,1,0,1,Classroom,3,1,2.0,818.71,800,3888,5952.97,4,0,0,0,100.0,0.42,-6.0,249.21,0.784,0.196,Peak,1,5,Sat,1,1,1,0,0,26,24,274192.38,0.9231,0,1,144,0.278,Moderate,0,0,93.3,0.0588
B-202410-78417,Booked,Technology Innovators,Regional Team Meeting,Corporate,In-person,Full Package,Technology,Technology,RFP,Low,2024-09-02,2024-09-23,10,2024-10-12,2024-10-13,1,40,58,58,73,1,Half Ballroom,1,1,11,0.0,0.0,2,85.5,177.67,182.72,10597.76,1572.1,3827.75,15997.61,55,10049.6,1572.1,3645.47,15267.17,0.9482758620689656,49.938,,2024,10,2,59.9,40.1,1,120.04,221.16,341.2,221.16,341.2,1,0.0,58,0,0,0,2,1,1,8,1,0,1,Classroom,1,0,1.0,1572.1,150,1008,1711.39,3,0,0,0,100.0,0.61,-2.84,275.82,0.795,0.274,Peak,1,5,Sat,1,0,1,0,0,36,27,364493.65,0.75,0,1,122,0.475,Moderate,0,0,93.3,0.275
B-202410-75147,Booked,Retail Corporation,Board of Directors Meeting,Corporate,In-person,Full Package,Finance,Other,Third-Party Planner,Medium,2024-07-10,2024-07-30,13,2024-10-13,2024-10-15,2,95,36,72,49,1,Half Ballroom,1,0,7,1.0,30709.58,1,86.3,177.11,178.67,12864.24,1274.94,4663.84,18803.02,62,11077.54,1274.94,4441.75,16794.23,0.8611111111111112,45.324,,2024,10,2,54.2,45.8,1,15.69,190.76,206.45,206.45,206.45,2,5.6,34,36,0,0,1,2,2,16,1,0,1,Classroom,3,1,2.0,1274.94,800,2280,4173.97,4,0,0,0,100.0,0.41,-0.88,261.15,0.735,0.204,Peak,1,6,Sun,1,0,0,0,0,30,23,302920.31,0.7667,0,1,62,0.581,Moderate,0,0,100.0,0.0737
B-202410-34673,Booked,Education Foundation,Educational Seminar Series,Association,In-person,Full Package,Education,Education,Website,High,2024-02-23,2024-03-25,23,2024-10-14,2024-10-17,3,234,55,165,75,1,Half Ballroom,1,0,8,1.0,66869.73,1,79.7,170.32,170.68,28162.2,847.03,11905.58,40914.81,119,20310.92,847.03,11338.65,32496.6,0.7212121212121212,50.394,,2024,10,3,58.0,42.0,1,122.94,147.45,270.39,270.39,147.45,2,6.7,50,55,46,0,1,3,3,24,1,0,1,Banquet,3,1,1.67,847.03,950,4340,7058.88,5,0,0,0,100.0,0.62,-0.21,247.97,0.733,0.133,Peak,0,0,Mon,0,0,0,0,0,37,26,591469.7,0.7027,0,1,39,1.0,High,1,1,100.0,0.0342
B-202410-45305,Booked,Industry Trade Group,Continuing Education Conference,Association,In-person,Rooms Only,Trade/Manufacturing,Trade/Manufacturing,Repeat Client,High,2024-04-11,2024-05-12,27,2024-10-14,2024-10-18,4,186,67,268,73,0,,0,0,4,1.0,45756.77,2,81.1,169.83,160.77,43086.36,0.0,0.0,43086.36,168,27009.36,0.0,0.0,27009.36,0.6268656716417911,0.0,,2024,10,2,65.8,34.2,1,45.78,160.18,205.96,205.96,160.18,2,5.0,59,67,63,59,0,0,0,0,0,0,0,,0,0,0.0,0.0,0,0,0.0,0,0,0,0,0.0,0.0,5.33,160.77,0.918,0.0,Peak,0,0,Mon,0,1,0,1,1,26,17,251802.09,0.6538,0,1,39,1.0,High,1,1,100.0,0.0215
B-202410-83813,Booked,Nursing Council,Annual Member Conference,Association,In-person,Full Package,Healthcare,Healthcare,Third-Party Planner,Medium,2024-04-17,2024-05-17,17,2024-10-15,2024-10-17,2,181,59,118,76,1,Half Ballroom,1,0,13,0.0,0.0,3,89.8,173.22,177.28,20919.04,838.79,6944.99,28702.82,76,13473.28,838.79,6614.28,20926.35,0.6440677966101694,43.515,,2024,10,3,73.3,26.7,1,60.07,156.24,216.31,216.31,156.24,2,6.8,55,59,0,0,1,2,2,16,1,0,1,Theater,3,1,2.5,838.79,1000,3240,5351.38,4,0,0,0,100.0,0.63,-2.34,243.24,0.776,0.132,Peak,1,1,Tue,0,0,1,0,0,32,22,369259.53,0.6875,0,1,39,1.0,High,1,1,93.3,0.0718
B-202410-72111,Booked,Heritage Travel,Culinary Tour Group,Corporate,In-person,Full Package,Technology,Technology,Cvent,Medium,2024-08-06,2024-08-30,13,2024-10-17,2024-10-18,1,72,18,18,21,1,Breakout Room,0,0,11,0.0,0.0,4,85.3,179.95,190.75,3433.5,475.03,0.0,3908.53,15,2861.25,475.03,0.0,3336.28,0.8333333333333334,0.0,,2024,10,2,70.3,29.7,1,66.03,204.09,270.12,270.12,270.12,1,0.0,18,0,0,0,1,1,1,4,0,0,1,Classroom,0,0,0.0,475.03,0,0,558.99,0,0,0,0,0.0,0.53,-6.0,217.14,0.857,0.476,Peak,1,3,Thu,0,0,1,0,0,14,12,81852.51,0.8571,0,1,94,0.191,Low,0,0,93.3,0.1528
B-202410-73556,Booked,Tour Operator Network,Heritage Tour Group,Corporate,In-person,Rooms Only,Technology,Technology,Repeat Client,Medium,2024-07-23,2024-08-09,13,2024-10-17,2024-10-18,1,86,41,41,45,0,,0,0,4,0.0,0.0,2,78.7,182.07,178.79,7330.39,0.0,0.0,7330.39,40,7151.6,0.0,0.0,7151.6,0.975609756097561,0.0,,2024,10,2,54.9,45.1,1,90.8,159.22,250.02,250.02,159.22,1,0.0,41,0,0,0,0,0,0,0,0,0,0,,0,0,0.0,0.0,0,0,0.0,0,0,0,0,0.0,0.0,1.8,178.79,0.911,0.0,Peak,0,3,Thu,0,1,1,1,0,10,8,56779.81,0.8,0,1,94,0.436,Moderate,0,0,93.3,0.0465
B-202410-28524,Booked,Heritage Travel,International Tour Package,SMERF,In-person,Rooms Only,Government,Government,RFP,Low,2024-07-14,2024-07-30,13,2024-10-19,2024-10-20,1,97,46,46,50,0,,0,0,3,0.0,0.0,1,86.1,182.67,182.21,8381.66,0.0,0.0,8381.66,45,8199.45,0.0,0.0,8199.45,0.9782608695652174,0.0,,2024,10,4,51.0,49.0,1,145.34,142.89,288.23,184.86,142.89,1,0.0,46,0,0,0,0,0,0,0,0,0,0,,0,0,0.0,0.0,0,0,0.0,0,0,0,0,0.0,0.0,0.25,182.21,0.92,0.0,Peak,1,5,Sat,1,0,1,1,0,15,13,85188.79,0.8667,0,1,101,0.455,Moderate,0,0,93.3,0.0309
B-202410-78461,Booked,Regional Healthcare System,Executive Offsite,Corporate,In-person,Full Package,Healthcare,Healthcare,Referral,High,2024-07-27,2024-08-20,14,2024-10-19,2024-10-20,1,84,73,73,94,1,Half Ballroom,1,1,10,0.0,0.0,3,83.6,177.24,187.87,13714.51,1431.04,1854.18,16999.73,63,11835.81,1431.04,1765.88,15032.73,0.863013698630137,18.786,,2024,10,4,71.2,28.8,1,134.89,179.35,314.24,270.37,179.35,1,0.0,73,0,0,0,2,2,1,12,1,0,1,Theater,2,0,1.5,1431.04,500,2406,3799.47,3,0,0,0,50.0,0.78,-6.0,232.87,0.777,0.213,Peak,0,5,Sat,1,0,1,0,0,27,25,291512.27,0.9259,0,1,101,0.723,High,1,0,93.3,0.119
B-202410-19392,Booked,HR Professionals Network,Educational Seminar Series,Association,In-person,Full Package,Professional Services,Professional Services,Sales Call,Medium,2024-02-25,2024-03-21,17,2024-10-20,2024-10-22,2,238,57,114,71,1,Half Ballroom,1,1,8,0.0,0.0,3,95.2,196.06,207.82,23691.48,1122.49,7245.37,32059.34,82,17041.24,1122.49,6900.35,25064.08,0.7192982456140351,48.594,,2024,10,4,61.9,38.1,1,198.75,152.02,350.77,213.42,152.02,2,19.3,46,57,0,0,1,2,2,16,1,0,1,Classroom,2,0,1.5,1122.49,500,2100,3766.85,5,0,0,0,100.0,0.59,-6.0,281.22,0.803,0.141,Peak,1,6,Sun,1,0,1,0,0,28,19,409888.08,0.6786,0,1,53,1.0,High,1,1,93.3,0.0336
B-202410-43390,Booked,Nonprofit Foundation,Band Competition,SMERF,In-person,Full Package,Technology,Technology,Website,Medium,2024-07-08,2024-07-30,12,2024-10-20,2024-10-22,2,104,34,68,42,1,Half Ballroom,1,0,10,0.0,0.0,2,97.0,187.89,199.16,13542.88,1225.42,1415.61,16183.91,53,10555.48,1225.42,1348.2,13129.1,0.7794117647058824,16.05,,2024,10,3,67.8,32.2,1,60.93,151.32,212.25,212.25,151.32,2,11.8,30,34,0,0,1,4,2,16,1,0,1,Classroom,2,0,1.5,1225.42,1000,1180,3611.99,2,0,0,0,0.0,0.35,-6.0,238.0,0.81,0.238,Peak,1,6,Sun,1,0,1,0,0,15,10,71095.19,0.6667,0,1,53,0.642,High,1,0,93.3,0.0962
B-202410-94832,Booked,Manufacturing Alliance,Management Training,Corporate,Hybrid,Rooms Only,Professional Services,Other,Direct Inquiry,Low,2024-07-16,2024-08-03,11,2024-10-20,2024-10-21,1,96,45,45,49,0,,0,0,7,1.0,5790.69,2,91.7,200.24,212.25,9551.25,0.0,0.0,9551.25,41,8702.25,0.0,0.0,8702.25,0.9111111111111112,0.0,,2024,10,4,62.7,37.3,1,94.35,167.41,261.76,261.76,167.41,1,0.0,45,0,0,0,0,0,0,0,0,0,0,,0,0,0.0,0.0,0,0,0.0,0,0,0,0,0.0,0.0,-6.0,212.25,0.918,0.0,Peak,1,6,Sun,1,0,0,0,0,31,20,303946.79,0.6452,0,1,84,0.536,Moderate,0,0,100.0,0.0729
B-202410-51187,Booked,TechCorp Solutions,Leadership Summit,Corporate,Virtual,Full Package,Technology,Technology,RFP,Low,2024-08-11,2024-09-04,10,2024-10-21,2024-10-22,1,71,30,30,40,1,Breakout Room,1,1,14,0.0,0.0,3,87.2,170.06,180.26,5407.8,546.64,1993.82,7948.26,26,4686.76,546.64,1898.88,7132.28,0.8666666666666667,47.472,,2024,10,3,63.5,36.5,0,9.74,179.01,188.75,0.0,188.75,1,0.0,30,0,0,0,1,1,1,8,0,0,1,Classroom,2,0,2.0,546.64,350,2700,4085.6,3,0,0,0,100.0,1.0,-6.0,264.94,0.75,0.25,Peak,1,0,Mon,0,0,1,0,0,26,18,149883.11,0.6923,0,1,53,0.566,Moderate,0,0,93.3,0.1972
B-202410-84996,Booked,Family Celebration,Engagement Party,Wedding/Social,Hybrid,Full Package,Social,Social/Private,Referral,Low,2023-12-06,2024-01-23,38,2024-10-21,2024-10-22,1,320,46,46,62,1,Half Ballroom,1,1,10,0.0,0.0,2,88.0,171.08,173.08,7961.68,1639.07,5266.85,14867.6,30,5192.4,1639.07,5016.05,11847.52,0.6521739130434783,80.904,,2024,10,2,57.0,43.0,1,46.02,152.44,198.46,198.46,152.44,1,0.0,46,0,0,0,2,1,1,4,1,0,1,Reception,1,0,1.0,1639.07,150,1080,1564.6,1,0,1,1,0.0,0.52,-1.17,323.21,0.742,0.323,Peak,1,0,Mon,0,0,1,0,0,41,34,199959.3,0.8293,0,1,53,0.868,High,1,0,93.3,0.0312
B-202410-14436,Booked,Legal Society,Certification Training,Association,In-person,Full Package,Legal,Legal,Sales Call,Medium,2024-03-25,2024-04-30,24,2024-10-22,2024-10-24,2,211,64,128,83,1,Half Ballroom,1,0,12,1.0,35193.04,2,84.7,178.66,181.45,23225.6,1009.7,3489.83,27725.13,98,17782.1,1009.7,3323.65,22115.45,0.765625,20.022,,2024,10,3,67.2,32.8,1,40.05,169.04,209.09,209.09,169.04,2,9.4,58,64,0,0,1,4,2,24,1,0,1,Classroom,3,1,1.75,1009.7,1300,3240,6262.31,4,0,0,0,50.0,0.69,-1.56,216.6,0.771,0.12,Peak,0,1,Tue,0,0,0,0,0,18,15,314048.36,0.8333,0,1,34,1.0,High,1,1,100.0,0.0569
B-202410-32553,Booked,Private Party,Williams-Brown Wedding,Wedding/Social,In-person,Full Package,Social,Social/Private,Direct Inquiry,Low,2024-05-19,2024-06-16,20,2024-10-22,2024-10-23,1,156,27,27,32,1,Breakout Room,1,1,8,0.0,0.0,1,79.9,182.14,180.54,4874.58,446.71,2983.88,8305.17,15,2708.1,446.71,2841.79,5996.6,0.5555555555555556,88.806,,2024,10,4,61.1,38.9,1,102.82,171.51,274.33,274.33,171.51,1,0.0,27,0,0,0,1,1,1,4,0,0,1,Banquet,1,0,1.0,446.71,150,1760,2459.93,1,1,0,1,0.0,0.8,0.88,307.6,0.844,0.312,Peak,0,1,Tue,0,0,1,0,0,43,33,198768.7,0.7674,0,1,129,0.209,Low,0,0,93.3,0.0513
B-202410-70108,Booked,Heritage Travel,Culinary Tour Group,Corporate,Virtual,Rooms Only,Government,Government,Third-Party Planner,Low,2024-07-08,2024-07-23,12,2024-10-23,2024-10-24,1,107,51,51,56,0,,0,1,3,1.0,6893.01,1,84.0,186.39,197.57,10076.07,0.0,0.0,10076.07,50,9878.5,0.0,0.0,9878.5,0.9803921568627452,0.0,,2024,10,2,56.1,43.9,1,82.89,170.17,253.06,253.06,170.17,1,0.0,51,0,0,0,0,0,0,0,0,0,0,,0,0,0.0,0.0,0,0,0.0,0,0,0,0,0.0,0.0,-6.0,197.57,0.911,0.0,Peak,0,2,Wed,0,0,0,1,0,16,14,93388.24,0.875,0,1,34,1.0,High,1,1,100.0,0.028
B-202410-83716,Booked,TechCorp Solutions,Regional Team Meeting,Corporate,In-person,Full Package,Technology,Technology,Referral,Low,2024-07-28,2024-08-16,9,2024-10-23,2024-10-25,2,87,27,54,34,1,Breakout Room,1,1,10,0.0,0.0,2,82.8,172.3,182.62,9861.48,571.86,3349.23,13782.57,44,8035.28,571.86,3189.74,11796.88,0.8148148148148148,46.908,,2024,10,3,67.3,32.7,1,167.76,166.76,334.52,314.29,166.76,2,7.4,25,27,0,0,1,2,2,16,0,0,1,Theater,2,0,2.0,571.86,700,5100,7658.06,4,0,0,0,100.0,0.85,-5.99,255.23,0.794,0.294,Peak,0,2,Wed,0,0,1,0,0,27,19,157015.39,0.7037,0,1,105,0.257,Moderate,0,0,93.3,0.1149
B-202410-94673,Booked,Regional Healthcare System,Regional Team Meeting,Corporate,In-person,Full Package,Healthcare,Healthcare,Third-Party Planner,Low,2024-07-03,2024-07-28,14,2024-10-23,2024-10-24,1,112,44,44,51,1,Half Ballroom,1,0,11,0.0,0.0,2,85.5,170.42,180.57,7945.08,1170.36,2165.89,11281.33,35,6319.95,1170.36,2062.75,9553.06,0.7954545454545454,40.446,,2024,10,3,62.9,37.1,0,160.47,156.87,317.34,0.0,156.87,1,0.0,44,0,0,0,1,1,1,8,1,0,1,Classroom,3,1,3.0,1170.36,650,1800,3066.0,3,0,0,0,100.0,0.42,-5.96,256.39,0.863,0.196,Peak,1,2,Wed,0,0,1,0,0,28,26,306545.0,0.9286,0,1,34,1.0,High,1,1,93.3,0.0982
B-202410-41927,Booked,Private Party,Quinceañera Celebration,Wedding/Social,In-person,Full Package,Social,Social/Private,Sales Call,Medium,2024-02-24,2024-03-25,20,2024-10-24,2024-10-26,2,243,38,76,50,1,Half Ballroom,1,1,10,0.0,0.0,2,86.3,181.64,175.22,13316.72,958.39,4002.71,18277.82,47,8235.34,958.39,3812.1,13005.83,0.618421052631579,38.121,,2024,10,4,73.8,26.2,1,153.6,173.27,326.87,251.37,173.27,2,26.3,28,38,0,0,1,3,2,12,1,0,1,Banquet,1,0,0.67,958.39,300,1080,2441.65,1,0,1,1,0.0,0.42,3.53,240.5,0.76,0.2,Peak,1,3,Thu,0,0,1,0,1,44,34,204765.3,0.7727,0,1,84,0.452,Moderate,0,0,93.3,0.0412
B-202410-51615,Booked,Professional Engineers Society,Regional Chapter Meeting,Association,In-person,Full Package,Association,Other,Cvent,Medium,2023-12-30,2024-01-24,16,2024-10-24,2024-10-26,2,299,50,100,64,1,Half Ballroom,1,0,9,1.0,33122.75,3,83.2,177.85,188.52,18852.0,1724.54,5968.97,26545.51,69,13007.88,1724.54,5684.74,20417.16,0.69,44.412,,2024,10,2,56.1,43.9,1,103.21,166.21,269.42,269.42,166.21,2,14.0,43,50,0,0,2,2,2,16,1,0,1,Theater,2,0,2.0,1724.54,700,2140,4055.17,4,0,0,0,100.0,0.53,-6.0,265.46,0.781,0.312,Peak,0,3,Thu,0,0,0,0,0,35,27,616797.27,0.7714,0,1,84,0.595,Moderate,0,0,100.0,0.0301
B-202410-90386,Booked,Insurance Federation,Professional Development Symposium,Association,In-person,Full Package,Finance,Finance,Third-Party Planner,Medium,2024-04-12,2024-05-06,17,2024-10-25,2024-10-27,2,196,48,96,54,1,Half Ballroom,1,0,7,1.0,31648.07,4,85.0,179.37,183.34,17600.64,825.92,5156.75,23583.31,78,14300.52,825.92,4911.19,20037.63,0.8125,45.474,,2024,10,3,74.5,25.5,1,100.17,184.63,284.8,284.8,184.63,2,12.5,42,48,0,0,1,2,2,16,1,0,1,Classroom,2,0,1.5,825.92,500,3480,5121.34,4,0,0,0,100.0,0.45,-2.21,245.66,0.889,0.185,Peak,1,4,Fri,1,0,0,0,0,33,22,462029.2,0.6667,0,1,102,0.471,Moderate,0,0,100.0,0.0357
B-202410-77155,Booked,Financial Services Group,Regional Team Meeting,Corporate,In-person,Full Package,Finance,Finance,Referral,Medium,2024-07-21,2024-08-10,12,2024-10-26,2024-10-28,2,97,70,140,83,1,Half Ballroom,1,1,8,1.0,51987.68,3,97.0,210.0,222.6,31164.0,1712.36,2801.7,35678.06,138,30718.8,1712.36,2668.28,35099.44,0.9857142857142858,16.074,,2024,10,4,64.8,35.2,1,159.01,144.08,303.09,217.79,145.74,2,17.1,58,70,0,0,2,4,2,24,1,0,1,Classroom,3,1,2.75,1712.36,2300,4872,8926.86,5,0,0,0,50.0,0.69,-6.0,254.84,0.843,0.241,Peak,1,5,Sat,1,0,0,0,0,25,19,192266.58,0.76,0,1,56,1.0,High,1,1,100.0,0.0825
B-202410-29334,Booked,Professional Engineers Society,Annual Member Conference,Association,Hybrid,Full Package,Association,Other,Third-Party Planner,Medium,2024-02-02,2024-02-29,16,2024-10-27,2024-10-28,1,268,60,60,67,1,Half Ballroom,1,0,11,1.0,15256.39,1,97.0,210.0,222.6,13356.0,1306.45,3428.3,18090.75,41,9126.6,1306.45,3265.04,13698.09,0.6833333333333333,48.732,,2024,10,3,70.5,29.5,1,70.2,161.82,232.02,232.02,179.76,1,0.0,60,0,0,0,1,1,1,8,1,0,1,Theater,1,0,1.0,1306.45,150,1540,2257.16,4,0,0,0,100.0,0.56,-6.0,301.51,0.896,0.149,Peak,1,6,Sun,1,0,0,0,0,36,28,637214.43,0.7778,0,1,56,1.0,High,1,1,100.0,0.041
B-202410-67887,Booked,Senior Adventures,Regional Arts Tour,Corporate,In-person,Full Package,Professional Services,Professional Services,Cvent,High,2024-06-25,2024-07-20,11,2024-10-27,2024-10-28,1,124,34,34,44,1,Half Ballroom,0,0,14,1.0,6850.55,3,96.9,210.0,222.6,7568.4,890.51,0.0,8458.91,32,7123.2,890.51,0.0,8013.71,0.9411764705882352,0.0,,2024,10,2,50.1,49.9,0,1.3,164.15,165.45,0.0,165.45,1,0.0,34,0,0,0,1,1,1,4,1,0,1,Classroom,1,0,1.0,890.51,150,0,526.7,0,0,0,0,0.0,0.37,-6.0,248.79,0.773,0.227,Peak,1,6,Sun,1,0,0,0,0,14,9,47724.59,0.6429,0,1,56,0.607,High,1,0,100.0,0.1129
B-202410-97823,Booked,Community Church,Community Service Event,SMERF,In-person,Full Package,SMERF,Religious,Website,Low,2024-06-01,2024-06-26,16,2024-10-28,2024-10-29,1,149,28,28,36,1,Breakout Room,1,0,9,0.0,0.0,2,86.1,175.13,184.47,5165.16,491.91,655.91,6312.98,23,4242.81,491.91,624.67,5359.39,0.8214285714285714,17.352,,2024,10,3,66.8,33.2,0,181.62,165.47,347.09,0.0,165.47,1,0.0,28,0,0,0,1,2,1,8,0,0,1,Classroom,2,0,1.5,491.91,500,1692,3395.05,2,0,0,0,0.0,0.9,-5.33,225.46,0.778,0.278,Peak,1,0,Mon,0,0,1,0,0,12,9,71426.0,0.75,0,1,192,0.146,Low,0,0,93.3,0.0604
B-202410-32376,Booked,Global Industries,New Hire Orientation,Corporate,In-person,Meeting Only,Finance,Other,Direct Inquiry,Low,2024-09-08,2024-09-23,9,2024-10-29,2024-10-30,1,51,0,0,87,1,Half Ballroom,0,0,6,0.0,0.0,1,81.2,181.76,0.0,0.0,1348.58,1741.31,3089.89,0,0.0,1348.58,1658.39,3006.97,,19.062,,2024,10,0,0.0,0.0,0,0.0,0.0,0.0,0.0,0.0,0,0.0,0,0,0,0,1,2,1,12,1,0,1,Theater,2,0,2.0,1348.58,700,1776,3408.55,3,0,0,0,50.0,0.72,100.0,,0.0,0.115,Peak,0,1,Tue,0,0,1,0,1,46,38,572560.75,0.8261,0,1,153,0.0,Low,0,0,80.0,0.1176
B-202410-78692,Booked,Education Foundation,Awards Gala Weekend,Association,In-person,Rooms Only,Education,Education,Referral,Medium,2024-05-28,2024-06-20,19,2024-10-29,2024-10-31,2,154,67,134,73,0,,0,1,4,1.0,25430.3,1,82.0,172.71,168.61,22593.74,0.0,0.0,22593.74,83,13994.63,0.0,0.0,13994.63,0.6194029850746269,0.0,,2024,10,2,55.4,44.6,0,141.65,182.2,323.85,0.0,182.2,2,16.4,56,67,0,0,0,0,0,0,0,0,0,,0,0,0.0,0.0,0,0,0.0,0,0,0,0,0.0,0.0,2.37,168.61,0.918,0.0,Peak,0,1,Tue,0,0,0,1,0,38,27,623966.3,0.7105,0,1,40,1.0,High,1,1,100.0,0.026
B-202410-11398,Booked,Senior Adventures,Cultural Heritage Journey,Corporate,Hybrid,Full Package,Finance,Finance,Cvent,Low,2024-07-25,2024-08-16,8,2024-10-30,2024-10-31,1,97,23,23,28,1,Breakout Room,0,0,14,0.0,0.0,3,87.9,173.71,184.13,4234.99,351.99,0.0,4586.98,21,3866.73,351.99,0.0,4218.72,0.9130434782608696,0.0,,2024,10,3,54.6,45.4,1,61.33,180.12,241.45,241.45,182.34,1,0.0,23,0,0,0,1,1,1,4,0,0,1,Classroom,0,0,0.0,351.99,0,0,655.85,0,0,0,0,0.0,0.7,-6.0,199.43,0.821,0.357,Peak,1,2,Wed,0,0,1,0,0,15,10,55738.3,0.6667,0,1,40,0.575,Moderate,0,0,93.3,0.1443
B-202410-20158,Booked,Retail Corporation,Customer Advisory Board,Corporate,In-person,Full Package,Finance,Other,Repeat Client,Medium,2024-06-04,2024-06-27,14,2024-10-30,2024-11-01,2,148,41,82,46,1,Half Ballroom,1,1,9,1.0,27049.29,1,83.3,176.11,172.11,14113.02,1354.77,4843.72,20311.51,77,13252.47,1354.77,4613.06,19220.3,0.9390243902439024,50.142,,2024,10,3,60.8,39.2,1,159.07,170.71,329.78,219.11,170.71,2,9.8,37,41,0,0,1,2,2,16,1,0,1,Classroom,2,0,1.5,1354.77,500,2568,4295.44,4,0,0,0,100.0,0.38,2.27,247.7,0.891,0.217,Peak,0,2,Wed,0,1,0,0,0,31,24,319714.54,0.7742,0,1,179,0.229,Low,0,0,100.0,0.0608
B-202410-82468,Booked,Banking Consortium,Town Hall Meeting,Corporate,In-person,Full Package,Finance,Finance,Website,Low,2024-08-14,2024-09-03,9,2024-10-30,2024-10-31,1,77,49,49,63,1,Half Ballroom,1,0,11,0.0,0.0,3,85.7,177.94,188.53,9237.97,834.44,1623.32,11695.73,41,7729.73,834.44,1546.02,10110.19,0.8367346938775511,24.54,,2024,10,3,64.3,35.7,1,168.08,173.89,341.97,222.31,173.89,1,0.0,49,0,0,0,1,1,1,8,1,0,1,Theater,2,0,2.0,834.44,350,720,1629.9,2,0,0,0,100.0,0.53,-5.95,238.69,0.778,0.159,Peak,1,2,Wed,0,0,1,0,0,26,21,289538.04,0.8077,0,1,40,1.0,High,1,1,93.3,0.1429
B-202411-63368,Booked,Social Event,Holiday Party,Wedding/Social,In-person,Full Package,Social,Social/Private,RFP,Low,2023-11-02,2023-12-16,36,2024-11-01,2024-11-02,1,365,38,38,47,1,Half Ballroom,1,1,8,1.0,17973.84,2,69.4,161.06,143.87,5467.06,954.24,4167.61,10588.91,22,3165.14,954.24,3969.15,8088.53,0.5789473684210527,84.45,,2024,11,2,68.3,31.7,1,113.04,120.91,233.95,233.95,120.91,1,0.0,38,0,0,0,1,1,1,4,1,0,1,Reception,0,0,0.0,954.24,0,1320,1651.78,1,1,0,1,0.0,0.39,10.67,278.66,0.809,0.213,Shoulder,0,4,Fri,1,0,0,0,1,46,32,158983.11,0.6957,0,1,143,0.266,Moderate,0,0,100.0,0.0219
B-202411-86668,Booked,Professional Services Group,Product Launch Event,Corporate,Hybrid,Full Package,Technology,Other,RFP,Medium,2024-07-24,2024-08-12,7,2024-11-01,2024-11-03,2,100,39,78,50,1,Half Ballroom,1,1,12,1.0,27531.49,2,71.5,165.75,152.51,11895.78,865.84,5177.66,17939.28,77,11743.27,865.84,4931.1,17540.21,0.9871794871794872,49.311,,2024,11,2,58.0,42.0,0,137.59,149.97,287.56,0.0,149.97,2,5.1,37,39,0,0,1,2,2,16,1,0,1,Classroom,2,0,2.0,865.84,700,3336,5296.59,4,0,0,0,100.0,0.42,7.99,229.99,0.78,0.2,Shoulder,0,4,Fri,1,0,0,0,1,27,22,280640.47,0.8148,0,1,134,0.291,Moderate,0,0,100.0,0.12
B-202411-41973,Booked,Local School District,Cultural Heritage Festival,SMERF,In-person,Rooms Only,Education,Education,Referral,Medium,2024-06-17,2024-07-02,10,2024-11-02,2024-11-04,2,138,47,94,51,0,,0,0,5,0.0,0.0,2,68.1,166.88,141.65,13315.1,0.0,0.0,13315.1,83,11756.95,0.0,0.0,11756.95,0.8829787234042553,0.0,,2024,11,3,65.2,34.8,1,108.18,170.66,278.84,253.7,170.66,2,6.4,44,47,0,0,0,0,0,0,0,0,0,,0,0,0.0,0.0,0,0,0.0,0,0,0,0,0.0,0.0,15.12,141.65,0.922,0.0,Shoulder,0,5,Sat,1,0,1,1,1,12,9,67942.42,0.75,0,1,173,0.272,Moderate,0,0,93.3,0.0362
B-202411-61935,Booked,Local School District,Charity Fundraiser,SMERF,In-person,Meeting Only,Education,Education,Website,Low,2024-07-12,2024-07-31,11,2024-11-06,2024-11-07,1,117,0,0,134,1,Grand Ballroom,0,0,8,0.0,0.0,1,70.3,168.93,0.0,0.0,2410.54,3149.71,5560.25,0,0.0,2410.54,2999.72,5410.26,,22.386,,2024,11,0,0.0,0.0,0,0.0,0.0,0.0,0.0,0.0,0,0.0,0,0,0,0,2,1,1,8,1,0,1,Theater,1,0,1.0,2410.54,150,5640,8398.86,2,0,0,0,100.0,0.56,100.0,,0.0,0.149,Shoulder,0,2,Wed,0,0,1,0,1,13,10,79699.37,0.7692,0,1,184,0.0,Low,0,0,80.0,0.0684
B-202411-89840,Booked,Social Event,Anniversary Celebration,Wedding/Social,In-person,Full Package,Social,Social/Private,RFP,Low,2023-11-07,2023-12-08,24,2024-11-06,2024-11-08,2,365,36,72,45,1,Half Ballroom,1,1,7,1.0,35349.94,3,70.8,168.25,146.29,10532.88,1052.25,3898.97,15484.1,39,5705.31,1052.25,3713.31,10470.87,0.5416666666666666,41.259,,2024,11,4,65.4,34.6,1,143.87,144.92,288.79,252.36,156.38,2,5.6,34,36,0,0,1,2,2,8,1,0,1,Reception,2,0,2.0,1052.25,700,1320,2732.27,1,1,0,1,0.0,0.38,13.05,215.06,0.8,0.222,Shoulder,0,2,Wed,0,0,0,0,1,47,33,167071.64,0.7021,0,1,184,0.196,Low,0,0,100.0,0.0192
B-202411-80463,Booked,Personal Event,Milestone Birthday Party,Wedding/Social,In-person,Full Package,Social,Social/Private,RFP,Low,2024-02-13,2024-03-10,16,2024-11-08,2024-11-09,1,269,42,42,50,1,Half Ballroom,1,0,10,0.0,0.0,2,68.5,166.67,135.69,5698.98,1270.1,3981.92,10951.0,26,3527.94,1270.1,3792.3,8590.34,0.6190476190476191,75.846,,2024,11,2,60.7,39.3,1,98.32,127.5,225.82,225.82,127.5,1,0.0,42,0,0,0,1,2,1,8,1,0,1,Banquet,1,0,1.0,1270.1,300,1080,2126.48,1,0,1,1,0.0,0.42,18.59,260.74,0.84,0.2,Shoulder,0,4,Fri,1,0,1,0,1,41,31,159662.35,0.7561,0,1,178,0.236,Low,0,0,93.3,0.0372
B-202411-25198,Booked,Family Celebration,Smith-Johnson Wedding,Wedding/Social,In-person,Full Package,Social,Social/Private,Sales Call,Low,2024-05-06,2024-06-14,30,2024-11-09,2024-11-10,1,187,36,36,45,1,Half Ballroom,1,0,9,0.0,0.0,1,80.8,199.72,179.51,6462.36,1259.53,3989.69,11711.58,22,3949.22,1259.53,3799.71,9008.46,0.6111111111111112,84.438,,2024,11,2,71.6,28.4,0,137.19,172.71,309.9,0.0,309.9,1,0.0,36,0,0,0,1,1,1,4,1,0,1,Banquet,2,0,2.0,1259.53,350,1320,2032.4,1,1,0,1,0.0,0.38,10.12,325.32,0.8,0.222,Peak,0,5,Sat,1,0,1,0,1,43,35,211806.82,0.814,0,1,105,0.343,Moderate,0,0,93.3,0.0481
B-202411-37149,Booked,Education Foundation,Member Appreciation Event,Association,In-person,Rooms Only,Education,Education,Referral,Medium,2023-11-11,2023-12-02,17,2024-11-09,2024-11-11,2,364,79,158,86,0,,0,0,4,1.0,30171.0,1,81.8,191.62,200.85,31734.3,0.0,0.0,31734.3,102,20486.7,0.0,0.0,20486.7,0.6455696202531646,0.0,,2024,11,2,68.3,31.7,1,88.56,209.22,297.78,297.78,209.22,2,12.7,69,79,0,0,0,0,0,0,0,0,0,,0,0,0.0,0.0,0,0,0.0,0,0,0,0,0.0,0.0,-4.82,200.85,0.919,0.0,Peak,0,5,Sat,1,0,0,1,0,39,28,637960.93,0.7179,0,1,141,0.56,Moderate,0,0,100.0,0.011
B-202411-13084,Booked,Manufacturing Alliance,Management Training,Corporate,In-person,Full Package,Technology,Other,Sales Call,Low,2024-08-23,2024-09-10,7,2024-11-11,2024-11-12,1,80,16,16,18,1,Breakout Room,1,1,11,1.0,4685.59,3,73.8,164.81,148.45,2375.2,474.86,808.54,3658.6,15,2226.75,474.86,770.04,3471.65,0.9375,42.78,,2024,11,3,70.3,29.7,1,162.74,143.16,305.9,259.56,143.16,1,0.0,16,0,0,0,1,1,1,8,0,0,1,Classroom,2,0,2.0,474.86,350,1350,2748.83,3,0,0,0,100.0,0.45,9.93,228.66,0.889,0.556,Shoulder,0,0,Mon,0,0,0,0,1,32,21,312649.04,0.6562,0,1,127,0.126,Low,0,0,100.0,0.1375
B-202411-76449,Booked,Private Individual,Baby Shower Weekend,Wedding/Social,Hybrid,Full Package,Social,Social/Private,Cvent,Low,2023-11-12,2023-12-28,38,2024-11-11,2024-11-12,1,365,31,31,40,1,Breakout Room,1,0,8,0.0,0.0,2,70.0,171.3,134.28,4162.68,556.29,3455.42,8174.39,18,2417.04,556.29,3290.88,6264.21,0.5806451612903226,82.272,,2024,11,4,60.4,39.6,1,120.1,131.45,251.55,167.08,134.72,1,0.0,31,0,0,0,1,1,1,4,0,0,1,Reception,2,0,2.0,556.29,350,1800,2791.59,1,0,1,1,0.0,1.0,21.61,263.69,0.775,0.25,Shoulder,0,0,Mon,0,0,1,0,1,44,38,184662.5,0.8636,0,1,127,0.244,Low,0,0,93.3,0.0219
B-202411-83566,Booked,Dental Association,Educational Seminar Series,Association,In-person,Full Package,Healthcare,Healthcare,Third-Party Planner,Medium,2024-05-22,2024-06-27,25,2024-11-11,2024-11-13,2,173,46,92,54,1,Half Ballroom,1,1,11,1.0,32722.55,3,71.1,162.54,141.94,13058.48,1324.11,4917.25,19299.84,66,9368.04,1324.11,4683.1,15375.25,0.717391304347826,43.362,,2024,11,3,57.8,42.2,1,99.35,124.68,224.03,224.03,124.68,2,23.9,35,46,0,0,1,2,2,16,1,0,1,Banquet,3,1,2.5,1324.11,1000,2840,5130.03,4,0,0,0,100.0,0.45,12.67,209.78,0.852,0.185,Shoulder,0,0,Mon,0,0,0,0,1,26,19,395193.37,0.7308,0,1,35,1.0,High,1,1,100.0,0.0636
B-202411-10208,Booked,Financial Services Group,Town Hall Meeting,Corporate,In-person,Full Package,Finance,Finance,Website,Medium,2024-08-16,2024-09-07,11,2024-11-12,2024-11-14,2,88,35,70,48,1,Half Ballroom,1,0,11,1.0,26893.44,3,74.4,163.91,167.33,11713.1,1070.83,4660.89,17444.82,58,9705.14,1070.83,4438.94,15214.91,0.8285714285714286,46.239,,2024,11,3,66.1,33.9,0,148.06,146.69,294.75,0.0,146.69,2,17.1,29,35,0,0,1,2,2,16,1,0,1,Classroom,3,1,3.0,1070.83,1300,2808,5297.75,5,0,0,0,100.0,0.4,-2.09,249.21,0.729,0.208,Shoulder,0,1,Tue,0,0,0,0,0,26,20,227366.02,0.7692,0,1,57,0.614,High,1,0,100.0,0.125
B-202411-38207,Booked,Industry Trade Group,Leadership Institute,Association,In-person,Full Package,Trade/Manufacturing,Trade/Manufacturing,Direct Inquiry,Low,2024-03-20,2024-04-21,25,2024-11-12,2024-11-15,3,237,10,30,11,1,Boardroom,1,0,7,0.0,0.0,1,68.6,169.91,154.48,4634.4,322.16,1681.63,6638.19,20,3089.6,322.16,1601.56,5013.32,0.6666666666666666,48.532,,2024,11,3,70.5,29.5,1,36.57,157.83,194.4,194.4,157.83,2,38.6,3,10,1,0,1,3,3,24,0,1,1,Boardroom,3,1,2.0,322.16,1150,2365,6662.84,5,0,0,0,100.0,0.79,9.08,221.27,0.909,0.909,Shoulder,0,1,Tue,0,0,1,0,1,27,18,278811.45,0.6667,0,1,57,0.175,Low,0,0,93.3,0.0295
B-202411-79634,Booked,Accounting Institute,Annual Member Conference,Association,In-person,Full Package,Finance,Finance,Repeat Client,Medium,2024-02-05,2024-03-17,27,2024-11-12,2024-11-13,1,281,44,44,51,1,Half Ballroom,1,1,14,0.0,0.0,1,66.8,160.88,134.64,5924.16,1073.38,1302.55,8300.09,29,3904.56,1073.38,1240.52,6218.46,0.6590909090909091,24.324,,2024,11,3,64.0,36.0,1,86.45,200.5,286.95,233.61,200.5,1,0.0,44,0,0,0,1,1,1,8,1,0,1,Banquet,1,0,1.0,1073.38,150,1260,2023.77,2,0,0,0,100.0,0.42,16.31,188.64,0.863,0.196,Shoulder,0,1,Tue,0,1,1,0,1,32,27,526825.87,0.8438,0,1,35,1.0,High,1,1,93.3,0.0498
B-202411-88819,Booked,Professional Services Group,Product Launch Event,Corporate,In-person,Full Package,Finance,Other,Repeat Client,Medium,2024-08-29,2024-09-24,13,2024-11-12,2024-11-14,2,75,50,100,63,1,Half Ballroom,1,0,13,1.0,27443.8,2,69.1,155.33,155.78,15578.0,1420.37,5519.69,22518.06,92,14331.76,1420.37,5256.85,21008.98,0.92,41.721,,2024,11,4,70.7,29.3,1,204.0,152.74,356.74,210.05,164.38,2,14.0,43,50,0,0,2,2,2,16,1,0,1,Banquet,3,1,2.5,1420.37,1000,3336,5611.24,4,0,0,0,100.0,0.53,-0.29,225.18,0.794,0.317,Shoulder,0,1,Tue,0,1,0,0,0,28,23,298180.68,0.8214,0,1,57,0.877,High,1,0,100.0,0.1733
B-202411-20323,Booked,Professional Services Group,Board of Directors Meeting,Corporate,Hybrid,Full Package,Professional Services,Other,Repeat Client,Medium,2024-07-21,2024-08-07,10,2024-11-13,2024-11-15,2,115,50,100,68,1,Half Ballroom,1,0,7,1.0,34356.43,1,70.0,161.09,154.53,15453.0,1047.86,6491.98,22992.84,81,12516.93,1047.86,6182.83,19747.62,0.81,45.462,,2024,11,3,69.0,31.0,1,93.26,162.49,255.75,255.75,162.49,2,4.0,48,50,0,0,1,2,2,16,1,0,1,Theater,2,0,2.0,1047.86,700,3336,5243.01,4,0,0,0,100.0,0.57,4.07,229.93,0.735,0.147,Shoulder,0,2,Wed,0,1,0,0,1,29,24,319189.66,0.8276,0,1,142,0.352,Moderate,0,0,100.0,0.0609
B-202411-23950,Booked,Education Foundation,Member Appreciation Event,Association,In-person,Full Package,Education,Education,Cvent,Low,2024-02-24,2024-03-26,20,2024-11-13,2024-11-15,2,263,18,36,24,1,Breakout Room,1,1,11,1.0,15983.56,1,71.2,158.12,138.61,4989.96,536.26,2056.17,7582.39,25,3465.25,536.26,1958.26,5959.77,0.6944444444444444,40.797,,2024,11,3,63.4,36.6,1,146.62,131.63,278.25,182.58,131.63,2,11.1,16,18,0,0,1,2,2,16,0,0,1,Banquet,3,1,3.0,536.26,1300,3048,6263.01,4,0,0,0,100.0,0.6,12.34,210.62,0.75,0.417,Shoulder,0,2,Wed,0,0,0,0,1,40,29,658447.63,0.725,0,1,142,0.127,Low,0,0,100.0,0.0418
B-202411-65798,Booked,Global Industries,Regional Team Meeting,Corporate,In-person,Meeting Only,Healthcare,Other,Website,Low,2024-08-19,2024-09-04,11,2024-11-13,2024-11-15,2,86,0,0,61,1,Half Ballroom,0,0,5,1.0,19824.37,2,67.8,164.82,0.0,0.0,1397.84,5301.04,6698.88,0,0.0,1397.84,5048.6,6446.44,,41.382,,2024,11,0,0.0,0.0,0,0.0,0.0,0.0,0.0,0.0,0,0.0,0,0,0,0,2,2,2,16,1,0,1,Theater,3,1,2.0,1397.84,800,1968,3923.95,4,0,0,0,100.0,0.51,100.0,,0.0,0.328,Shoulder,0,2,Wed,0,0,0,1,1,47,39,575567.72,0.8298,0,1,57,0.0,Low,0,0,86.7,0.0581
B-202411-46924,Booked,Accounting Institute,Board Retreat,Association,Hybrid,Meeting Only,Finance,Finance,RFP,Medium,2024-03-17,2024-04-11,16,2024-11-14,2024-11-17,3,242,0,0,40,1,Breakout Room,0,1,9,0.0,0.0,3,69.4,160.29,0.0,0.0,578.08,5477.47,6055.55,0,0.0,578.08,5216.64,5794.72,,43.472,,2024,11,0,0.0,0.0,0,0.0,0.0,0.0,0.0,0.0,0,0.0,0,0,0,0,1,3,3,24,0,0,1,Classroom,2,0,1.67,578.08,850,6552,10216.76,5,0,0,0,100.0,1.0,100.0,,0.0,0.25,Shoulder,0,3,Thu,0,0,1,0,1,33,28,533044.33,0.8485,0,1,142,0.0,Low,0,0,80.0,0.0372
B-202411-19154,Booked,Social Event,Memorial Service Gathering,Wedding/Social,In-person,Full Package,Social,Social/Private,Third-Party Planner,Low,2024-06-18,2024-07-25,28,2024-11-15,2024-11-16,1,150,27,27,35,1,Breakout Room,1,1,9,1.0,11653.63,4,69.8,171.62,139.5,3766.5,499.52,2628.58,6894.6,15,2092.5,499.52,2503.41,5095.43,0.5555555555555556,71.526,,2024,11,4,64.8,35.2,1,129.59,126.67,256.26,158.84,126.67,1,0.0,27,0,0,0,1,2,1,8,0,0,1,Banquet,2,0,2.0,499.52,700,1575,3523.87,1,0,1,1,0.0,0.88,18.72,255.36,0.771,0.286,Shoulder,0,4,Fri,1,0,0,0,1,48,34,177542.51,0.7083,0,1,110,0.245,Low,0,0,100.0,0.06
B-202411-41994,Booked,Family Celebration,Graduation Celebration,Wedding/Social,In-person,Full Package,Social,Social/Private,Website,Low,2024-04-24,2024-06-15,42,2024-11-15,2024-11-16,1,205,38,38,48,1,Half Ballroom,1,1,10,0.0,0.0,3,72.3,167.98,138.18,5250.84,1259.04,4277.15,10787.03,20,2763.6,1259.04,4073.47,8096.11,0.5263157894736842,84.864,,2024,11,2,63.4,36.6,1,67.13,175.78,242.91,242.91,175.78,1,0.0,38,0,0,0,1,2,1,8,1,0,1,Banquet,2,0,1.5,1259.04,500,1320,2469.13,1,1,0,1,0.0,0.4,17.74,283.87,0.792,0.208,Shoulder,0,4,Fri,1,0,1,0,1,44,36,220815.28,0.8182,0,1,110,0.345,Moderate,0,0,93.3,0.0488
B-202411-83831,Booked,Legal Society,State Convention,Association,In-person,Full Package,Legal,Legal,Website,High,2024-05-27,2024-07-03,26,2024-11-15,2024-11-18,3,172,45,135,59,1,Half Ballroom,1,1,11,0.0,0.0,1,78.4,165.65,166.99,22543.65,1338.76,8613.4,32495.81,91,15196.09,1338.76,8203.24,24738.09,0.674074074074074,46.346,,2024,11,3,66.7,33.3,1,69.21,146.5,215.71,215.71,146.5,2,9.1,40,45,35,0,1,3,3,24,1,0,1,Theater,3,1,2.33,1338.76,1450,5020,8321.55,5,0,0,0,100.0,0.49,-0.81,240.71,0.763,0.169,Peak,0,4,Fri,1,0,1,0,0,19,16,336163.81,0.8421,0,1,69,0.652,High,1,0,93.3,0.064
B-202411-18593,Booked,Tour Operator Network,Wine Country Excursion,Corporate,In-person,Rooms Only,Trade/Manufacturing,Trade/Manufacturing,RFP,Medium,2024-10-05,2024-10-20,8,2024-11-16,2024-11-18,2,42,50,100,55,0,,0,0,7,1.0,15054.49,2,67.6,164.47,157.26,15726.0,0.0,0.0,15726.0,97,15254.22,0.0,0.0,15254.22,0.97,0.0,,2024,11,4,62.9,37.1,1,149.52,141.82,291.34,241.87,141.82,2,4.0,48,50,0,0,0,0,0,0,0,0,0,,0,0,0.0,0.0,0,0,0.0,0,0,0,0,0.0,0.0,4.38,157.26,0.909,0.0,Shoulder,0,5,Sat,1,0,0,0,1,11,9,63931.41,0.8182,0,1,82,0.61,High,1,0,100.0,0.1667
B-202411-32335,Booked,Retail Corporation,Board of Directors Meeting,Corporate,In-person,Full Package,Healthcare,Other,Sales Call,Low,2024-09-05,2024-10-03,14,2024-11-16,2024-11-17,1,72,13,13,16,1,Breakout Room,1,1,14,0.0,0.0,4,68.9,168.94,156.06,2028.78,480.82,710.84,3220.44,12,1872.72,480.82,676.99,3030.53,0.9230769230769232,42.312,,2024,11,3,52.6,47.4,1,110.76,151.93,262.69,262.69,151.93,1,0.0,13,0,0,0,1,1,1,8,0,0,1,Classroom,3,1,3.0,480.82,650,1232,2810.56,4,0,0,0,100.0,0.4,7.62,247.73,0.812,0.625,Shoulder,0,5,Sat,1,0,1,0,1,32,25,338934.84,0.7812,0,1,69,0.188,Low,0,0,93.3,0.1944
B-202411-98247,Booked,Education Foundation,Educational Seminar Series,Association,In-person,Full Package,Education,Education,Referral,Medium,2024-04-28,2024-06-03,22,2024-11-16,2024-11-18,2,202,43,86,49,1,Half Ballroom,1,1,14,0.0,0.0,2,75.1,162.09,154.73,13306.78,1190.07,4433.24,18930.09,70,10831.1,1190.07,4222.13,16243.3,0.813953488372093,43.083,,2024,11,4,58.6,41.4,1,117.11,140.42,257.53,257.53,140.42,2,25.6,32,43,0,0,1,2,2,16,1,0,1,Classroom,1,0,1.0,1190.07,300,2140,3591.44,4,0,0,0,100.0,0.41,4.54,220.12,0.878,0.204,Shoulder,0,5,Sat,1,0,1,0,1,41,30,664407.4,0.7317,0,1,82,0.524,Moderate,0,0,93.3,0.0693
B-202411-98436,Booked,Local School District,Church Retreat Weekend,SMERF,In-person,Full Package,Education,Education,Sales Call,Low,2024-07-11,2024-08-06,12,2024-11-18,2024-11-19,1,130,42,42,48,1,Half Ballroom,1,0,14,0.0,0.0,1,70.4,165.12,147.54,6196.68,1229.25,546.44,7972.37,32,4721.28,1229.25,520.42,6470.95,0.7619047619047619,10.842,,2024,11,3,61.0,39.0,1,38.86,145.24,184.1,184.1,145.24,1,0.0,42,0,0,0,1,2,1,8,1,0,1,Banquet,2,0,1.5,1229.25,500,240,1421.69,1,0,0,0,0.0,0.4,10.65,189.82,0.875,0.208,Shoulder,0,0,Mon,0,0,1,0,1,14,11,85109.63,0.7857,0,1,178,0.236,Low,0,0,93.3,0.1077
B-202411-88018,Booked,Banking Consortium,Board of Directors Meeting,Corporate,Hybrid,Full Package,Finance,Finance,RFP,Medium,2024-08-11,2024-09-07,13,2024-11-19,2024-11-21,2,100,45,90,56,1,Half Ballroom,1,0,14,1.0,23544.91,1,71.6,167.76,158.37,14253.3,1055.51,5101.13,20409.94,80,12669.6,1055.51,4858.22,18583.33,0.8888888888888888,43.377,,2024,11,4,68.1,31.9,1,92.39,149.62,242.01,242.01,149.62,2,15.6,38,45,0,0,1,2,2,16,1,0,1,Theater,3,1,2.0,1055.51,800,3936,5900.51,5,0,0,0,100.0,0.47,5.6,226.78,0.804,0.179,Shoulder,0,1,Tue,0,0,0,0,1,27,22,299648.23,0.8148,0,1,0,,Unknown,0,1,100.0,0.14
B-202411-20552,Booked,Industry Trade Group,Networking Summit,Association,In-person,Full Package,Trade/Manufacturing,Trade/Manufacturing,Cvent,Medium,2024-01-27,2024-02-29,23,2024-11-20,2024-11-22,2,298,49,98,64,1,Half Ballroom,1,1,10,1.0,29862.07,2,72.2,166.99,152.26,14921.48,1391.26,6377.82,22690.56,66,10049.16,1391.26,6074.11,17514.53,0.673469387755102,47.454,,2024,11,2,72.8,27.2,0,5.57,152.1,157.67,0.0,157.67,2,16.3,41,49,0,0,1,2,2,16,1,0,1,Theater,2,0,1.5,1391.26,500,3000,4643.76,4,0,0,0,100.0,0.53,8.82,231.54,0.766,0.156,Shoulder,0,2,Wed,0,0,0,0,1,28,19,283824.77,0.6786,0,1,163,0.301,Moderate,0,0,100.0,0.0336
B-202411-25675,Booked,Regional Healthcare System,Quarterly Business Review,Corporate,In-person,Full Package,Healthcare,Healthcare,Referral,Low,2024-08-25,2024-09-17,10,2024-11-20,2024-11-21,1,87,58,58,70,1,Half Ballroom,1,0,13,0.0,0.0,2,64.3,168.38,145.13,8417.54,814.05,3561.52,12793.11,46,6675.98,814.05,3391.92,10881.95,0.7931034482758621,48.456,,2024,11,2,62.5,37.5,1,42.13,132.42,174.55,174.55,132.42,1,0.0,58,0,0,0,1,1,1,8,1,0,1,Classroom,3,1,3.0,814.05,650,1560,2799.56,3,0,0,0,100.0,0.58,13.81,220.57,0.829,0.143,Shoulder,0,2,Wed,0,0,1,0,1,29,27,316098.06,0.931,0,1,0,,Unknown,0,1,93.3,0.1494
B-202411-28352,Booked,Family Celebration,Retirement Party,Wedding/Social,In-person,Full Package,Social,Social/Private,Referral,Low,2023-12-05,2024-01-13,26,2024-11-20,2024-11-21,1,351,29,29,36,1,Breakout Room,1,1,13,1.0,11688.53,2,67.5,159.92,131.11,3802.19,407.98,3203.32,7413.49,17,2228.87,407.98,3050.78,5687.63,0.5862068965517241,84.744,,2024,11,2,71.4,28.6,1,56.57,144.22,200.79,200.79,200.79,1,0.0,29,0,0,0,1,1,1,4,0,0,1,Reception,2,0,2.0,407.98,350,1620,2584.85,1,0,1,1,0.0,0.9,18.02,255.64,0.806,0.278,Shoulder,0,2,Wed,0,0,0,0,1,45,37,228911.39,0.8222,0,1,0,,Unknown,0,1,100.0,0.037
B-202411-84623,Booked,Energy Solutions,Customer Advisory Board,Corporate,In-person,Meeting Only,Finance,Other,Third-Party Planner,Low,2024-09-08,2024-09-30,12,2024-11-20,2024-11-22,2,73,0,0,99,1,Half Ballroom,0,1,10,0.0,0.0,2,69.3,170.36,0.0,0.0,1880.82,3386.07,5266.89,0,0.0,1880.82,3224.83,5105.65,,16.287,,2024,11,0,0.0,0.0,0,0.0,0.0,0.0,0.0,0.0,0,0.0,0,0,0,0,2,4,2,24,1,0,1,Theater,3,1,2.75,1880.82,2300,5436,9517.67,4,0,0,0,50.0,0.82,100.0,,0.0,0.202,Shoulder,0,2,Wed,0,0,1,0,1,35,23,286333.96,0.6571,0,1,0,,Unknown,0,0,80.0,0.137
B-202411-93211,Booked,Family Celebration,Milestone Birthday Party,Wedding/Social,In-person,Full Package,Social,Social/Private,RFP,Low,2024-02-21,2024-03-20,21,2024-11-20,2024-11-21,1,273,41,41,46,1,Half Ballroom,1,1,7,0.0,0.0,3,72.0,164.81,134.86,5529.26,1178.8,4049.09,10757.15,22,2966.92,1178.8,3856.27,8001.99,0.5365853658536586,83.832,,2024,11,3,73.0,27.0,1,67.01,134.05,201.06,201.06,134.05,1,0.0,41,0,0,0,1,2,1,8,1,0,1,Banquet,0,0,0.0,1178.8,0,1320,2055.45,1,1,0,1,0.0,0.38,18.17,262.37,0.891,0.217,Shoulder,0,2,Wed,0,0,1,0,1,45,37,228911.39,0.8222,0,1,0,,Unknown,0,1,93.3,0.0256
B-202411-55259,Booked,Personal Event,Smith-Johnson Wedding,Wedding/Social,In-person,Meeting Only,Social,Social/Private,Repeat Client,Low,2024-06-24,2024-07-14,15,2024-11-21,2024-11-22,1,150,0,0,51,1,Half Ballroom,0,0,5,1.0,11131.77,1,71.5,164.71,0.0,0.0,996.88,4153.45,5150.33,0,0.0,996.88,3955.66,4952.54,,77.562,,2024,11,0,0.0,0.0,0,0.0,0.0,0.0,0.0,0.0,0,0.0,0,0,0,0,1,2,1,8,1,0,1,Reception,1,0,1.0,996.88,300,1320,2319.08,1,1,0,1,0.0,0.42,100.0,,0.0,0.196,Shoulder,0,3,Thu,0,1,0,1,1,43,32,168252.69,0.7442,0,1,163,0.0,Low,0,0,86.7,0.0333
B-202411-70062,Booked,Global Industries,Executive Offsite,Corporate,In-person,Full Package,Professional Services,Other,Website,Low,2024-10-04,2024-10-25,8,2024-11-21,2024-11-24,3,48,8,24,10,1,Boardroom,1,1,13,0.0,0.0,3,67.8,163.28,139.25,3342.0,283.22,1338.68,4963.9,20,2785.0,283.22,1274.94,4343.16,0.8333333333333334,42.498,,2024,11,3,50.9,49.1,1,134.66,140.22,274.88,236.46,140.22,2,35.8,4,8,1,0,1,3,3,24,0,1,1,Boardroom,3,1,2.33,283.22,1350,1950,6130.65,3,0,0,0,100.0,0.71,14.72,206.83,0.8,1.0,Shoulder,0,3,Thu,0,0,1,0,1,48,40,582014.16,0.8333,0,1,212,0.038,Low,0,0,93.3,0.2708
B-202411-41704,Booked,Faith Community,Military Reunion,SMERF,In-person,Meeting Only,Other,Other,Third-Party Planner,Low,2024-10-08,2024-11-01,15,2024-11-22,2024-11-23,1,45,0,0,149,1,Grand Ballroom,0,0,9,0.0,0.0,1,66.5,166.39,0.0,0.0,2029.84,1519.76,3549.6,0,0.0,2029.84,1447.39,3477.23,,9.714,,2024,11,0,0.0,0.0,0,0.0,0.0,0.0,0.0,0.0,0,0.0,0,0,0,0,1,1,1,8,1,0,1,Theater,2,0,2.0,2029.84,350,4200,7214.25,1,0,0,0,100.0,0.62,100.0,,0.0,0.067,Shoulder,0,4,Fri,1,0,1,0,1,8,4,23111.73,0.5,0,1,212,0.0,Low,0,0,80.0,0.2
B-202411-97063,Booked,Volunteer Network,School District Meeting,SMERF,In-person,Full Package,Other,Other,Third-Party Planner,Low,2024-09-07,2024-10-01,13,2024-11-24,2024-11-25,1,78,25,25,30,1,Breakout Room,1,0,11,1.0,5712.96,2,83.5,202.02,182.86,4571.5,541.35,577.78,5690.63,20,3657.2,541.35,550.26,4748.81,0.8,18.342,,2024,11,2,50.5,49.5,0,6.44,160.48,166.92,0.0,160.48,1,0.0,25,0,0,0,1,2,1,8,0,0,1,Classroom,1,0,0.5,541.35,150,1410,2745.86,2,0,0,0,0.0,0.75,9.48,227.63,0.833,0.333,Peak,0,6,Sun,1,0,0,0,1,17,11,70346.67,0.6471,0,1,195,0.128,Low,0,0,100.0,0.141
B-202411-23489,Booked,Family Celebration,Bar/Bat Mitzvah,Wedding/Social,In-person,Rooms Only,Social,Social/Private,Website,Low,2024-05-09,2024-05-29,15,2024-11-25,2024-11-26,1,200,18,18,19,0,,0,1,5,0.0,0.0,3,70.7,172.6,144.3,2597.4,0.0,0.0,2597.4,10,1443.0,0.0,0.0,1443.0,0.5555555555555556,0.0,,2024,11,3,60.7,39.3,1,83.08,155.37,238.45,238.45,155.37,1,0.0,18,0,0,0,0,0,0,0,0,0,0,,0,0,0.0,0.0,0,0,0.0,0,0,0,0,0.0,0.0,16.4,144.3,0.947,0.0,Shoulder,0,0,Mon,0,0,1,1,1,47,39,242601.01,0.8298,0,1,135,0.133,Low,0,0,93.3,0.025
B-202411-24651,Booked,Education Foundation,Regional Chapter Meeting,Association,In-person,Full Package,Education,Education,Referral,Low,2024-05-31,2024-07-05,24,2024-11-25,2024-11-29,4,178,11,44,13,1,Boardroom,1,0,11,1.0,16138.76,2,71.8,161.3,150.34,6614.96,254.83,2496.8,9366.59,35,5261.9,254.83,2377.91,7894.64,0.7954545454545454,45.729,,2024,11,3,58.3,41.7,1,159.54,134.32,293.86,176.03,134.32,2,24.4,4,11,5,7,1,4,4,32,0,1,1,Boardroom,2,0,2.0,254.83,1400,2470,7971.05,3,0,0,0,100.0,0.93,6.79,212.88,0.846,0.769,Shoulder,0,0,Mon,0,0,0,0,1,42,31,680650.7,0.7381,0,1,71,0.155,Low,0,0,100.0,0.0618
B-202411-36504,Booked,Regional Healthcare System,Innovation Workshop,Corporate,In-person,Full Package,Healthcare,Healthcare,RFP,Medium,2024-08-14,2024-09-02,11,2024-11-25,2024-11-27,2,103,56,112,72,1,Half Ballroom,1,0,8,1.0,44625.95,3,74.7,163.12,149.79,16776.48,1370.61,6086.41,24233.5,104,15578.16,1370.61,5796.58,22745.35,0.9285714285714286,40.254,,2024,11,2,54.1,45.9,1,91.69,198.86,290.55,198.86,198.86,2,5.4,53,56,0,0,2,2,2,16,1,0,1,Classroom,3,1,3.0,1370.61,1300,2280,4769.46,4,0,0,0,100.0,0.6,8.17,216.37,0.778,0.278,Shoulder,0,0,Mon,0,0,0,0,1,30,28,326980.01,0.9333,0,1,71,0.789,High,1,0,100.0,0.0777
B-202411-75921,Booked,Pharmaceutical Partners,Regional Team Meeting,Corporate,In-person,Full Package,Healthcare,Healthcare,Third-Party Planner,Low,2024-09-04,2024-09-23,8,2024-11-26,2024-11-28,2,83,49,98,66,1,Half Ballroom,1,1,11,0.0,0.0,2,66.1,170.26,153.37,15030.26,1124.74,6708.94,22863.94,97,14876.89,1124.74,6389.46,22391.09,0.9897959183673468,48.405,,2024,11,2,56.1,43.9,0,13.28,134.72,148.0,0.0,134.72,2,16.3,41,49,0,0,1,2,2,16,1,0,1,Banquet,2,0,1.5,1124.74,500,2568,4286.2,4,0,0,0,100.0,0.55,9.92,233.31,0.742,0.152,Shoulder,0,1,Tue,0,0,1,0,1,41,28,385944.45,0.6829,0,1,53,0.925,High,1,0,93.3,0.1325
B-202411-84278,Booked,Banking Consortium,Customer Advisory Board,Corporate,In-person,Full Package,Finance,Finance,Repeat Client,Medium,2024-10-03,2024-10-24,14,2024-11-26,2024-11-28,2,54,33,66,38,1,Breakout Room,1,0,7,1.0,25144.87,2,66.9,168.87,144.63,9545.58,524.71,3410.26,13480.55,63,9111.69,524.71,3247.86,12884.26,0.9545454545454546,42.735,,2024,11,2,60.5,39.5,1,25.64,172.3,197.94,197.94,172.3,2,21.2,26,33,0,0,1,2,2,16,0,0,1,Classroom,3,1,2.5,524.71,1000,5040,8056.08,4,0,0,0,100.0,0.95,14.35,204.25,0.868,0.263,Shoulder,0,1,Tue,0,1,0,0,1,28,23,318231.56,0.8214,0,1,53,0.623,High,1,0,100.0,0.1296
B-202411-15230,Booked,Dental Association,Annual Member Conference,Association,In-person,Full Package,Healthcare,Healthcare,Sales Call,Medium,2024-05-03,2024-05-30,16,2024-11-27,2024-11-29,2,208,74,148,90,1,Half Ballroom,1,0,11,1.0,44838.6,2,66.4,157.09,135.95,20120.6,1750.89,3750.14,25621.63,120,16314.0,1750.89,3571.56,21636.45,0.8108108108108109,19.842,,2024,11,4,72.8,27.2,1,89.66,149.47,239.13,239.13,149.47,2,2.7,72,74,0,0,2,5,2,24,1,0,1,Theater,3,1,2.2,1750.89,2150,3936,7943.42,5,0,0,0,20.0,0.75,13.46,173.12,0.822,0.222,Shoulder,0,2,Wed,0,0,0,0,1,27,20,410568.62,0.7407,0,1,98,0.755,High,1,0,100.0,0.0529
B-202411-32988,Booked,Real Estate Board,Continuing Education Conference,Association,In-person,Full Package,Government,Government,Cvent,Medium,2024-05-17,2024-06-18,18,2024-11-28,2024-12-01,3,195,37,111,50,1,Half Ballroom,1,1,14,1.0,38506.68,2,67.1,164.58,144.76,16068.36,1336.62,7802.87,25207.85,81,11725.56,1336.62,7431.3,20493.48,0.7297297297297297,49.542,,2024,11,2,57.1,42.9,0,146.69,139.15,285.84,0.0,139.15,2,8.4,36,37,30,0,1,3,3,24,1,0,1,Classroom,2,0,1.67,1336.62,850,3160,5910.28,4,0,0,0,100.0,0.42,12.04,227.1,0.74,0.2,Shoulder,0,3,Thu,0,0,0,0,1,28,25,532042.12,0.8929,0,1,183,0.202,Low,0,0,100.0,0.0718
B-202412-15171,Booked,Regional Healthcare System,Executive Offsite,Corporate,In-person,Rooms Only,Healthcare,Healthcare,Repeat Client,Medium,2024-09-08,2024-09-23,9,2024-12-01,2024-12-02,1,84,86,86,94,0,,0,0,6,1.0,11400.66,2,42.0,143.49,103.31,8884.66,0.0,0.0,8884.66,68,7025.08,0.0,0.0,7025.08,0.7906976744186046,0.0,,2024,12,4,68.1,31.9,1,118.43,107.32,225.75,174.41,107.32,1,0.0,86,0,0,0,0,0,0,0,0,0,0,,0,0,0.0,0.0,0,0,0.0,0,0,0,0,0.0,0.0,28.0,103.31,0.915,0.0,Low,0,6,Sun,1,1,0,0,1,31,29,349725.36,0.9355,0,1,0,,Unknown,0,1,100.0,0.0714
B-202412-53461,Booked,Manufacturing Alliance,Performance Review Summit,Corporate,Hybrid,Full Package,Technology,Other,Website,Medium,2024-10-01,2024-10-23,13,2024-12-01,2024-12-04,3,61,43,129,58,1,Half Ballroom,1,0,9,1.0,52492.34,2,49.1,144.47,111.3,14357.7,1362.03,8515.28,24235.01,112,12465.6,1362.03,8109.79,21937.42,0.8682170542635659,46.608,,2024,12,3,57.9,42.1,1,69.98,136.17,206.15,206.15,136.17,2,9.4,34,43,35,0,1,3,3,24,1,0,1,Theater,3,1,2.33,1362.03,1450,5160,8492.79,5,0,0,0,100.0,0.48,22.96,187.87,0.741,0.172,Low,0,6,Sun,1,0,0,0,1,33,22,316120.69,0.6667,0,1,66,0.652,High,1,0,100.0,0.1475
B-202412-61111,Booked,Tour Operator Network,Cultural Heritage Journey,SMERF,Hybrid,Rooms Only,Other,Other,Referral,Low,2024-10-17,2024-11-13,20,2024-12-01,2024-12-02,1,45,26,26,28,0,Meeting Room 1,0,0,7,0.0,0.0,2,45.5,151.68,109.21,2839.46,0.0,0.0,2839.46,24,2621.04,0.0,0.0,2621.04,0.9230769230769232,0.0,,2024,12,2,52.0,48.0,0,6.88,119.94,126.82,0.0,119.94,1,0.0,26,0,0,0,0,1,1,4,0,0,1,,0,0,0.0,0.0,0,0,630.34,0,0,0,0,0.0,0.0,28.0,109.21,0.929,0.0,Low,0,6,Sun,1,0,1,0,1,12,10,79185.63,0.8333,0,1,0,,Unknown,0,1,93.3,0.1556
B-202412-65052,Booked,Professional Engineers Society,Awards Gala Weekend,Association,In-person,Full Package,Association,Other,RFP,High,2023-12-24,2024-01-22,20,2024-12-01,2024-12-03,2,343,85,170,118,1,Half Ballroom,1,0,9,0.0,0.0,3,45.8,151.27,110.2,18734.0,1145.38,4269.35,24148.73,124,13664.8,1145.38,4066.04,18876.22,0.7294117647058823,17.229,,2024,12,4,70.5,29.5,1,136.56,107.41,243.97,187.07,107.41,2,5.9,80,85,0,0,1,5,2,24,1,0,1,Theater,2,0,1.6,1145.38,1350,3320,6569.2,3,0,0,0,20.0,0.98,27.15,142.05,0.72,0.085,Low,0,6,Sun,1,0,1,0,1,38,29,650912.52,0.7632,0,1,66,1.0,High,1,1,93.3,0.0262
B-202412-42636,Booked,Professional Services Group,Board of Directors Meeting,Corporate,Virtual,Full Package,Technology,Other,Website,Low,2024-09-21,2024-10-13,9,2024-12-02,2024-12-03,1,72,26,26,33,1,Breakout Room,1,1,13,0.0,0.0,4,42.2,145.61,104.84,2725.84,561.62,1514.35,4801.81,22,2306.48,561.62,1442.23,4310.33,0.8461538461538461,43.704,,2024,12,4,67.2,32.8,1,116.62,105.95,222.57,191.83,105.95,1,0.0,26,0,0,0,1,1,1,8,0,0,1,Theater,3,1,3.0,561.62,650,2145,3800.35,3,0,0,0,100.0,0.82,28.0,184.68,0.788,0.303,Low,0,0,Mon,0,0,1,0,1,31,25,338937.28,0.8065,0,1,66,0.394,Moderate,0,0,93.3,0.1806
B-202412-85395,Booked,Local School District,Cultural Heritage Festival,SMERF,In-person,Full Package,Education,Education,Website,Low,2024-08-01,2024-08-30,16,2024-12-03,2024-12-04,1,124,50,50,61,1,Half Ballroom,1,0,13,0.0,0.0,2,41.3,144.28,103.88,5194.0,1516.98,676.37,7387.35,43,4466.84,1516.98,644.16,6627.98,0.86,10.56,,2024,12,2,68.0,32.0,1,68.18,119.42,187.6,187.6,187.6,1,0.0,50,0,0,0,2,1,1,8,1,0,1,Classroom,1,0,1.0,1516.98,150,240,984.95,1,0,0,0,100.0,0.51,28.0,147.75,0.82,0.328,Low,0,1,Tue,0,0,1,0,1,15,12,91580.58,0.8,0,1,127,0.394,Moderate,0,0,93.3,0.1048
B-202412-54917,Booked,Technology Innovators,Sales Kickoff,Corporate,Hybrid,Full Package,Technology,Technology,Direct Inquiry,Low,2024-09-09,2024-09-30,7,2024-12-04,2024-12-05,1,86,13,13,16,1,Breakout Room,1,0,14,1.0,5105.88,1,42.2,142.79,102.81,1336.53,463.63,787.55,2587.71,10,1028.1,463.63,750.05,2241.78,0.7692307692307693,46.878,,2024,12,4,56.6,43.4,1,99.49,112.23,211.72,184.48,112.23,1,0.0,13,0,0,0,1,1,1,8,0,0,1,Classroom,1,0,1.0,463.63,150,1040,2242.38,3,0,0,0,100.0,0.4,28.0,199.05,0.812,0.625,Low,0,2,Wed,0,0,0,0,1,37,28,379760.82,0.7568,0,1,207,0.063,Low,0,0,100.0,0.1628
B-202412-55700,Booked,Volunteer Network,Faith-Based Conference,SMERF,In-person,Rooms Only,Other,Other,Cvent,Low,2024-07-12,2024-08-02,16,2024-12-06,2024-12-07,1,147,40,40,44,0,,0,0,5,1.0,6581.07,2,49.1,148.95,107.24,4289.6,0.0,0.0,4289.6,30,3217.2,0.0,0.0,3217.2,0.75,0.0,,2024,12,3,53.7,46.3,1,31.94,120.6,152.54,152.54,120.6,1,0.0,40,0,0,0,0,0,0,0,0,0,0,,0,0,0.0,0.0,0,0,0.0,0,0,0,0,0.0,0.0,28.0,107.24,0.909,0.0,Low,0,4,Fri,1,0,0,1,1,18,12,75095.48,0.6667,0,1,180,0.222,Low,0,0,100.0,0.034
B-202412-44446,Booked,Youth Organization,School District Meeting,SMERF,In-person,Meeting Only,SMERF,Social/Community,RFP,Low,2024-07-21,2024-08-09,14,2024-12-07,2024-12-08,1,139,0,0,81,1,Half Ballroom,0,0,5,0.0,0.0,2,40.9,151.19,0.0,0.0,1233.01,1697.26,2930.27,0,0.0,1233.01,1616.44,2849.45,,19.956,,2024,12,0,0.0,0.0,0,0.0,0.0,0.0,0.0,0.0,0,0.0,0,0,0,0,1,4,1,16,1,0,1,Theater,1,0,0.5,1233.01,300,800,2435.98,2,0,0,0,0.0,0.68,100.0,,0.0,0.123,Low,0,5,Sat,1,0,1,1,1,12,9,43849.22,0.75,0,1,220,0.0,Low,0,0,80.0,0.036
B-202412-82521,Booked,Regional Healthcare System,Executive Offsite,Corporate,In-person,Full Package,Healthcare,Healthcare,Website,High,2024-10-03,2024-10-22,11,2024-12-10,2024-12-13,3,68,69,207,95,1,Half Ballroom,1,1,8,0.0,0.0,1,43.4,147.94,106.52,22049.64,1485.74,5965.85,29501.23,189,20132.28,1485.74,5681.76,27299.78,0.9130434782608696,19.936,,2024,12,2,65.4,34.6,0,10.21,117.09,127.3,0.0,117.09,2,6.1,62,69,59,0,2,7,3,36,1,0,1,Theater,3,1,2.14,1485.74,2850,6474,12166.99,5,0,0,0,28.6,0.79,28.0,142.52,0.726,0.211,Low,0,1,Tue,0,0,1,0,1,32,30,356750.44,0.9375,0,1,69,1.0,High,1,0,93.3,0.1176
B-202412-93148,Booked,Tour Operator Network,Wine Country Excursion,SMERF,In-person,Rooms Only,Other,Other,RFP,Low,2024-09-03,2024-09-20,11,2024-12-10,2024-12-11,1,98,43,43,56,0,Boardroom A,0,0,6,0.0,0.0,2,48.3,149.23,107.45,4620.35,0.0,0.0,4620.35,42,4512.9,0.0,0.0,4512.9,0.9767441860465116,0.0,,2024,12,3,56.6,43.4,1,37.63,103.69,141.32,141.32,103.69,1,0.0,43,0,0,0,0,1,1,4,0,0,1,,1,0,1.0,0.0,150,0,468.54,0,0,0,0,0.0,0.0,28.0,107.45,0.768,0.0,Low,0,1,Tue,0,0,1,0,1,13,11,81806.67,0.8462,0,1,108,0.398,Moderate,0,0,93.3,0.0612
B-202412-57917,Booked,Manufacturing Alliance,Performance Review Summit,Corporate,In-person,Full Package,Professional Services,Other,Cvent,Medium,2024-09-27,2024-10-24,13,2024-12-11,2024-12-13,2,75,59,118,73,1,Half Ballroom,1,1,14,0.0,0.0,3,40.2,152.43,109.75,12950.5,1912.67,6549.89,21413.06,112,12292.0,1912.67,6238.0,20442.67,0.9491525423728814,42.726,,2024,12,2,58.5,41.5,1,39.49,114.67,154.16,154.16,114.67,2,5.1,56,59,0,0,2,2,2,16,1,0,1,Classroom,2,0,2.0,1912.67,700,3600,5468.69,4,0,0,0,100.0,0.61,28.0,181.47,0.808,0.274,Low,0,2,Wed,0,0,1,0,1,34,23,338058.11,0.6765,0,1,92,0.641,High,1,0,93.3,0.1867
B-202412-73878,Booked,Social Event,Family Reunion Weekend,Wedding/Social,In-person,Full Package,Social,Social/Private,Referral,Low,2024-01-24,2024-03-06,30,2024-12-11,2024-12-12,1,322,23,23,28,1,Breakout Room,1,1,12,0.0,0.0,3,49.4,144.36,103.94,2390.62,475.78,2481.24,5347.64,13,1351.22,475.78,2363.09,4190.09,0.5652173913043478,84.396,,2024,12,2,67.3,32.7,0,14.75,113.32,128.07,0.0,113.32,1,0.0,23,0,0,0,1,1,1,4,0,0,1,Banquet,0,0,0.0,475.78,0,1540,2194.66,1,1,0,1,0.0,0.7,28.0,232.51,0.821,0.357,Low,0,2,Wed,0,0,1,0,1,49,35,182637.94,0.7143,0,1,69,0.333,Moderate,0,0,93.3,0.0373
B-202412-48196,Booked,Professional Services Group,Town Hall Meeting,Corporate,In-person,Full Package,Finance,Other,Referral,Medium,2024-10-08,2024-10-25,8,2024-12-18,2024-12-20,2,71,47,94,53,1,Half Ballroom,1,0,9,1.0,26025.16,1,46.2,149.5,116.54,10954.76,1337.08,5552.42,17844.26,86,10022.44,1337.08,5288.02,16647.54,0.9148936170212766,49.887,,2024,12,3,51.7,48.3,1,64.51,135.36,199.87,199.87,135.36,2,6.4,44,47,0,0,1,2,2,16,1,0,1,Classroom,2,0,1.5,1337.08,500,3360,5044.37,5,0,0,0,100.0,0.44,22.05,189.83,0.887,0.189,Low,0,2,Wed,0,0,0,0,1,33,26,343247.61,0.7879,0,1,77,0.61,High,1,0,100.0,0.1268
B-202412-14485,Booked,Family Celebration,Graduation Celebration,Wedding/Social,In-person,Rooms Only,Social,Social/Private,Cvent,Medium,2024-03-07,2024-03-30,19,2024-12-19,2024-12-21,2,287,47,94,51,0,,0,1,4,0.0,0.0,3,39.6,146.02,105.13,9882.22,0.0,0.0,9882.22,52,5466.76,0.0,0.0,5466.76,0.5531914893617021,0.0,,2024,12,3,51.4,48.6,1,31.68,114.83,146.51,146.51,118.59,2,17.0,39,47,0,0,0,0,0,0,0,0,0,,0,0,0.0,0.0,0,0,0.0,0,0,0,0,0.0,0.0,28.0,105.13,0.922,0.0,Low,0,3,Thu,0,0,1,1,1,48,40,244044.01,0.8333,0,1,150,0.313,Moderate,0,0,93.3,0.0139
B-202412-87474,Booked,Consulting Network,Town Hall Meeting,Corporate,In-person,Rooms Only,Professional Services,Professional Services,Third-Party Planner,Low,2024-09-21,2024-10-10,14,2024-12-19,2024-12-20,1,89,49,49,53,0,,0,0,5,1.0,7494.17,4,46.8,151.36,111.33,5455.17,0.0,0.0,5455.17,44,4898.52,0.0,0.0,4898.52,0.8979591836734694,0.0,,2024,12,2,71.0,29.0,1,77.4,119.59,196.99,196.99,119.59,1,0.0,49,0,0,0,0,0,0,0,0,0,0,,0,0,0.0,0.0,0,0,0.0,0,0,0,0,0.0,0.0,26.45,111.33,0.925,0.0,Low,0,3,Thu,0,0,0,1,1,27,19,236597.41,0.7037,0,1,77,0.636,High,1,0,100.0,0.0562
B-202412-13032,Booked,Dental Association,State Convention,Association,Hybrid,Meeting Only,Healthcare,Healthcare,Referral,Low,2024-02-11,2024-03-15,24,2024-12-20,2024-12-23,3,313,0,0,40,1,Breakout Room,0,0,9,1.0,21560.09,1,43.0,150.72,0.0,0.0,473.36,5054.11,5527.47,0,0.0,473.36,4813.44,5286.8,,40.112,,2024,12,0,0.0,0.0,0,0.0,0.0,0.0,0.0,0.0,0,0.0,0,0,0,0,1,3,3,24,0,0,1,Banquet,3,1,2.33,473.36,1350,7416,11822.45,5,0,0,0,100.0,1.0,100.0,,0.0,0.25,Low,0,4,Fri,1,0,0,0,1,28,21,432205.07,0.75,0,1,150,0.0,Low,0,0,86.7,0.0288
B-202412-97498,Booked,Private Party,Baby Shower Weekend,Wedding/Social,In-person,Rooms Only,Social,Social/Private,Sales Call,Low,2024-04-29,2024-06-06,33,2024-12-20,2024-12-23,3,235,23,69,25,0,,0,0,5,0.0,0.0,1,43.0,144.92,104.34,7199.46,0.0,0.0,7199.46,39,4069.26,0.0,0.0,4069.26,0.5652173913043478,0.0,,2024,12,2,62.4,37.6,1,10.64,129.83,140.47,140.47,129.83,2,14.2,15,23,19,0,0,0,0,0,0,0,0,,0,0,0.0,0.0,0,0,0.0,0,0,0,0,0.0,0.0,28.0,104.34,0.92,0.0,Low,0,4,Fri,1,0,1,1,1,46,35,217771.13,0.7609,0,1,71,0.324,Moderate,0,0,93.3,0.0213
B-202412-41172,Booked,Private Individual,Williams-Brown Wedding,Wedding/Social,In-person,Full Package,Social,Social/Private,Cvent,Low,2024-02-06,2024-03-09,24,2024-12-21,2024-12-22,1,319,22,22,26,1,Breakout Room,1,1,8,0.0,0.0,2,38.9,148.57,106.97,2353.34,531.18,2300.9,5185.42,14,1497.58,531.18,2191.33,4220.09,0.6363636363636364,84.282,,2024,12,2,67.9,32.1,1,36.73,111.88,148.61,148.61,148.61,1,0.0,22,0,0,0,1,1,1,4,0,0,1,Banquet,2,0,2.0,531.18,350,1430,2336.31,1,1,0,1,0.0,0.65,28.0,235.7,0.846,0.385,Low,0,5,Sat,1,0,1,0,1,46,39,190926.71,0.8478,0,1,71,0.31,Moderate,0,0,93.3,0.0251
B-202412-50784,Booked,Pharmaceutical Partners,Executive Offsite,Corporate,Hybrid,Rooms Only,Healthcare,Healthcare,Direct Inquiry,Medium,2024-09-29,2024-10-16,10,2024-12-21,2024-12-23,2,83,69,138,75,0,,0,0,7,0.0,0.0,1,46.0,143.97,108.46,14967.48,0.0,0.0,14967.48,133,14425.18,0.0,0.0,14425.18,0.9637681159420288,0.0,,2024,12,2,68.1,31.9,1,27.81,129.4,157.21,157.21,157.21,2,8.7,63,69,0,0,0,0,0,0,0,0,0,,0,0,0.0,0.0,0,0,0.0,0,0,0,0,0.0,0.0,24.66,108.46,0.92,0.0,Low,0,5,Sat,1,0,1,0,1,42,29,408335.54,0.6905,0,1,52,1.0,High,1,1,93.3,0.0843
B-202412-81213,Booked,Family Celebration,Baby Shower Weekend,Wedding/Social,In-person,Meeting Only,Social,Social/Private,Sales Call,Low,2024-05-15,2024-06-29,39,2024-12-21,2024-12-22,1,220,0,0,37,1,Breakout Room,0,1,6,1.0,8428.19,3,45.0,146.64,0.0,0.0,590.2,2798.6,3388.8,0,0.0,590.2,2665.33,3255.53,,72.036,,2024,12,0,0.0,0.0,0,0.0,0.0,0.0,0.0,0.0,0,0.0,0,0,0,0,1,1,1,4,0,0,1,Banquet,0,0,0.0,590.2,0,2035,2584.57,1,1,0,1,0.0,0.93,100.0,,0.0,0.27,Low,0,5,Sat,1,0,0,0,1,49,41,249510.77,0.8367,0,1,71,0.0,Low,0,0,86.7,0.0273
B-202412-85292,Booked,Service Club,Community Theater Production,SMERF,In-person,Full Package,SMERF,Social/Community,RFP,Medium,2024-09-26,2024-10-25,21,2024-12-21,2024-12-23,2,86,35,70,47,1,Half Ballroom,1,0,8,0.0,0.0,2,47.9,146.05,105.16,7361.2,802.11,1968.77,10132.08,62,6519.92,802.11,1875.02,9197.05,0.8857142857142857,19.947,,2024,12,3,69.3,30.7,1,71.49,155.01,226.5,191.83,226.5,2,8.6,32,35,0,0,1,3,2,16,1,0,1,Classroom,2,0,1.0,802.11,500,940,2672.47,2,0,0,0,33.3,0.39,28.0,144.74,0.745,0.213,Low,0,5,Sat,1,0,1,0,1,10,8,77645.15,0.8,0,1,52,0.673,High,1,0,93.3,0.093
B-202412-22424,Booked,Regional Healthcare System,Strategic Planning Retreat,Corporate,In-person,Meeting Only,Healthcare,Healthcare,Third-Party Planner,Low,2024-09-20,2024-10-07,12,2024-12-22,2024-12-23,1,93,0,0,61,1,Half Ballroom,0,0,5,0.0,0.0,3,50.0,148.92,0.0,0.0,944.18,2718.16,3662.34,0,0.0,944.18,2588.72,3532.9,,42.438,,2024,12,0,0.0,0.0,0,0.0,0.0,0.0,0.0,0.0,0,0.0,0,0,0,0,1,1,1,8,1,0,1,Theater,2,0,2.0,944.18,350,1008,2014.67,3,0,0,0,100.0,0.51,100.0,,0.0,0.164,Low,0,6,Sun,1,0,1,1,1,33,31,384050.22,0.9394,0,1,52,0.0,Low,0,0,80.0,0.0538
B-202412-49705,Booked,Legal Society,Certification Training,Association,In-person,Full Package,Legal,Legal,Third-Party Planner,Medium,2024-05-29,2024-07-05,26,2024-12-22,2024-12-24,2,207,41,82,50,1,Half Ballroom,1,0,11,1.0,24686.62,3,45.7,150.59,108.42,8890.44,1285.45,4493.16,14669.05,65,7047.3,1285.45,4279.2,12611.95,0.7926829268292683,42.792,,2024,12,4,56.5,43.5,1,69.33,105.73,175.06,175.06,107.57,2,19.5,33,41,0,0,1,2,2,16,1,0,1,Theater,3,1,2.0,1285.45,800,3040,5062.58,5,0,0,0,100.0,0.42,28.0,178.89,0.82,0.2,Low,0,6,Sun,1,0,0,0,1,21,17,360901.9,0.8095,0,1,179,0.229,Low,0,0,100.0,0.0531
B-202412-51534,Booked,Professional Engineers Society,Industry Forum,Association,Hybrid,Meeting Only,Association,Other,RFP,Low,2024-03-15,2024-04-06,14,2024-12-24,2024-12-28,4,284,0,0,49,1,Half Ballroom,0,0,8,1.0,33177.3,1,44.2,147.82,0.0,0.0,1316.15,9377.38,10693.53,0,0.0,1316.15,8930.84,10246.99,,45.5655,,2024,12,0,0.0,0.0,0,0.0,0.0,0.0,0.0,0.0,0,0.0,0,0,0,0,1,4,4,32,1,0,1,Theater,2,0,1.25,1316.15,800,6120,9282.76,5,0,0,0,100.0,0.41,100.0,,0.0,0.204,Low,0,1,Tue,0,0,0,0,1,39,30,669788.74,0.7692,0,1,220,0.0,Low,0,0,86.7,0.0282
B-202412-26338,Booked,Industry Trade Group,Member Appreciation Event,Association,Hybrid,Full Package,Trade/Manufacturing,Trade/Manufacturing,Third-Party Planner,Medium,2024-02-07,2024-03-18,28,2024-12-25,2024-12-28,3,322,24,72,33,1,Breakout Room,1,1,12,1.0,22578.22,1,46.4,148.02,106.57,7673.04,583.29,4630.97,12887.3,50,5328.5,583.29,4410.45,10322.24,0.6944444444444444,44.55,,2024,12,3,57.3,42.7,1,110.49,98.81,209.3,185.08,98.81,2,12.3,22,24,17,0,1,3,3,24,0,0,1,Classroom,3,1,2.0,583.29,1150,4851,9025.35,5,0,0,0,100.0,0.82,28.0,178.99,0.727,0.303,Low,0,2,Wed,0,0,0,0,1,29,20,301339.3,0.6897,0,1,125,0.192,Low,0,0,100.0,0.0373
B-202412-80707,Booked,Insurance Federation,Networking Summit,Association,In-person,Full Package,Finance,Finance,Direct Inquiry,Medium,2024-04-06,2024-05-05,15,2024-12-26,2024-12-28,2,264,71,142,92,1,Half Ballroom,1,1,14,1.0,38863.11,1,44.3,149.16,107.4,15250.8,1369.55,3355.3,19975.65,96,10310.4,1369.55,3195.53,14875.48,0.676056338028169,17.367,,2024,12,4,59.1,40.9,1,113.16,111.93,225.09,195.74,111.93,2,11.3,63,71,0,0,2,5,2,24,1,0,1,Classroom,3,1,2.2,1369.55,2150,3960,7950.62,5,0,0,0,20.0,0.77,28.0,140.67,0.772,0.217,Low,0,3,Thu,0,0,0,0,1,34,23,482066.83,0.6765,0,1,84,0.845,High,1,0,100.0,0.053
B-202412-29715,Booked,Legal Society,Regional Chapter Meeting,Association,In-person,Full Package,Legal,Legal,Sales Call,Medium,2024-07-20,2024-08-17,17,2024-12-27,2024-12-30,3,160,41,123,48,1,Half Ballroom,1,0,11,1.0,50411.28,1,42.0,151.34,108.96,13402.08,1244.53,7398.52,22045.13,96,10460.16,1244.53,7046.21,18750.9,0.7804878048780488,48.932,,2024,12,4,58.0,42.0,1,112.27,114.18,226.45,139.21,116.76,2,11.7,39,41,30,0,1,3,3,24,1,0,1,Theater,3,1,2.0,1244.53,1150,4620,7626.81,4,0,0,0,100.0,0.4,28.0,179.23,0.854,0.208,Low,0,4,Fri,1,0,0,0,1,22,18,373513.85,0.8182,0,1,165,0.248,Low,0,0,100.0,0.0688
B-202412-48415,Booked,Personal Event,Smith-Johnson Wedding,Wedding/Social,Hybrid,Full Package,Social,Social/Private,Third-Party Planner,Low,2024-07-31,2024-09-16,37,2024-12-28,2024-12-29,1,150,14,14,17,1,Breakout Room,1,1,10,0.0,0.0,2,44.6,148.95,109.32,1530.48,356.56,1386.84,3273.88,7,765.24,356.56,1320.8,2442.6,0.5,77.694,,2024,12,4,73.1,26.9,1,77.27,109.82,187.09,187.09,109.82,1,0.0,14,0,0,0,1,1,1,4,0,0,1,Banquet,1,0,1.0,356.56,150,765,1507.68,1,0,1,1,0.0,0.42,26.61,233.85,0.824,0.588,Low,0,5,Sat,1,0,1,0,1,45,33,173205.23,0.7333,0,1,165,0.085,Low,0,0,93.3,0.0667
B-202412-65215,Booked,Nonprofit Foundation,Faith-Based Conference,SMERF,In-person,Meeting Only,Technology,Technology,Sales Call,Low,2024-10-17,2024-11-07,12,2024-12-29,2024-12-31,2,73,0,0,84,1,Half Ballroom,0,0,9,1.0,10937.87,2,48.0,142.02,0.0,0.0,1593.05,2129.5,3722.55,0,0.0,1593.05,2028.1,3621.15,,12.072,,2024,12,0,0.0,0.0,0,0.0,0.0,0.0,0.0,0.0,0,0.0,0,0,0,0,2,5,2,32,1,0,1,Theater,2,0,0.8,1593.05,650,432,3506.33,1,0,0,0,60.0,0.7,100.0,,0.0,0.238,Low,0,6,Sun,1,0,0,0,1,16,11,84224.29,0.6875,0,1,137,0.0,Low,0,0,86.7,0.1233
B-202412-76561,Booked,Dental Association,Board Retreat,Association,Virtual,Full Package,Healthcare,Healthcare,Referral,Low,2024-04-07,2024-05-12,25,2024-12-29,2024-12-30,1,266,42,42,51,1,Half Ballroom,1,0,10,1.0,13712.39,1,46.7,146.84,105.72,4440.24,1238.07,2272.24,7950.55,28,2960.16,1238.07,2164.03,6362.26,0.6666666666666666,42.432,,2024,12,3,71.7,28.3,0,107.87,120.57,228.44,0.0,120.57,1,0.0,42,0,0,0,1,1,1,8,1,0,1,Theater,1,0,1.0,1238.07,150,1540,2233.1,4,0,0,0,100.0,0.42,28.0,189.3,0.824,0.196,Low,0,6,Sun,1,0,0,0,1,29,22,437491.87,0.7586,0,1,137,0.307,Moderate,0,0,100.0,0.0376
B-202501-33253,Booked,Legal Society,Professional Development Symposium,Association,In-person,Full Package,Legal,Legal,Cvent,Medium,2024-04-29,2024-05-25,16,2025-01-04,2025-01-05,1,250,130,130,180,1,Grand Ballroom,1,1,10,1.0,40750.31,3,44.4,152.82,110.03,14303.9,1965.76,4505.38,20775.04,100,11003.0,1965.76,4290.84,17259.6,0.7575757575757576,23.838,,2025,1,2,69.0,31.0,1,14.48,133.49,147.97,147.97,147.97,1,0.0,130,0,0,0,1,1,1,8,1,0,1,Classroom,3,1,3.0,1965.76,650,11340,14472.44,2,0,0,0,100.0,0.75,28.0,159.81,0.722,0.056,Low,0,5,Sat,1,0,0,0,1,23,19,392264.75,0.8261,0,1,90,1.0,High,1,1,100.0,0.04
B-202501-99302,Booked,Personal Event,Quinceañera Celebration,Wedding/Social,In-person,Full Package,Social,Social/Private,Sales Call,Medium,2024-05-11,2024-06-08,18,2025-01-05,2025-01-06,1,239,34,34,40,1,Breakout Room,1,0,10,0.0,0.0,1,49.0,148.32,106.79,3630.86,478.53,3543.37,7652.76,22,2349.38,478.53,3374.64,6202.55,0.6470588235294118,84.366,,2025,1,2,74.0,26.0,1,33.39,107.8,141.19,141.19,107.8,1,0.0,34,0,0,0,1,1,1,4,0,0,1,Reception,2,0,2.0,478.53,350,1800,2755.66,1,0,1,1,0.0,1.0,28.0,225.08,0.85,0.25,Low,0,6,Sun,1,0,1,0,1,47,34,175647.83,0.7234,0,1,186,0.183,Low,0,0,93.3,0.0418
B-202501-88377,Booked,Technology Innovators,Strategic Planning Retreat,Corporate,In-person,Full Package,Technology,Technology,Repeat Client,Medium,2024-11-09,2024-11-30,13,2025-01-07,2025-01-09,2,59,5,10,6,1,Boardroom,1,0,8,0.0,0.0,2,49.5,151.26,110.42,1104.2,262.57,523.79,1890.56,8,883.36,262.57,498.85,1644.78,0.8,41.571,,2025,1,3,53.4,46.6,1,88.36,102.23,190.59,190.59,102.23,2,60.0,2,5,0,0,1,2,2,16,0,1,1,Boardroom,3,1,2.5,262.57,1000,702,3689.16,5,0,0,0,100.0,0.43,27.0,189.06,0.833,1.667,Low,0,1,Tue,0,1,1,0,1,38,29,382002.6,0.7632,0,1,156,0.032,Low,0,0,93.3,0.1356
B-202501-38701,Booked,State Medical Association,Educational Seminar Series,Association,In-person,Full Package,Healthcare,Healthcare,RFP,High,2024-07-16,2024-08-13,16,2025-01-08,2025-01-11,3,176,59,177,80,1,Half Ballroom,1,0,12,0.0,0.0,3,50.0,149.93,107.95,19107.15,1156.53,10423.73,30687.41,117,12630.15,1156.53,9927.36,23714.04,0.6610169491525424,41.364,,2025,1,4,74.7,25.3,1,122.76,130.44,253.2,201.71,130.44,2,5.6,56,59,51,0,1,3,3,24,1,0,1,Classroom,2,0,1.67,1156.53,850,4080,6594.21,5,0,0,0,100.0,0.67,28.0,173.38,0.738,0.125,Low,0,2,Wed,0,0,1,0,1,40,36,805735.78,0.9,0,1,161,0.366,Moderate,0,0,93.3,0.0682
B-202501-22324,Booked,HR Professionals Network,Policy Symposium,Association,Hybrid,Full Package,Professional Services,Professional Services,Repeat Client,High,2024-03-02,2024-04-02,22,2025-01-11,2025-01-14,3,315,95,285,111,1,Half Ballroom,1,0,9,1.0,97829.47,2,47.5,149.53,107.66,30683.1,828.71,6095.1,37606.91,204,21962.64,828.71,5804.86,28596.21,0.7157894736842105,17.432,,2025,1,4,59.2,40.8,1,125.24,123.52,248.76,207.5,123.52,2,4.4,92,95,85,0,1,6,3,36,1,0,1,Classroom,3,1,2.33,828.71,2800,5912,11428.8,5,0,0,0,50.0,0.93,28.0,131.95,0.856,0.09,Low,0,5,Sat,1,1,0,0,1,31,20,434952.16,0.6452,0,1,125,0.76,High,1,0,100.0,0.0286
B-202501-57377,Booked,Private Party,Memorial Service Gathering,Wedding/Social,In-person,Rooms Only,Social,Social/Private,Website,Low,2024-04-10,2024-05-08,22,2025-01-11,2025-01-12,1,276,35,35,38,0,,0,1,6,0.0,0.0,2,46.9,152.24,109.61,3836.35,0.0,0.0,3836.35,19,2082.59,0.0,0.0,2082.59,0.5428571428571428,0.0,,2025,1,4,52.0,48.0,1,119.1,103.62,222.72,140.26,103.62,1,0.0,35,0,0,0,0,0,0,0,0,0,0,,0,0,0.0,0.0,0,0,0.0,0,0,0,0,0.0,0.0,28.0,109.61,0.921,0.0,Low,0,5,Sat,1,0,1,0,1,47,36,221840.39,0.766,0,1,32,1.0,High,1,1,93.3,0.0217
B-202501-62894,Booked,Consulting Network,Innovation Workshop,Corporate,In-person,Meeting Only,Professional Services,Professional Services,Repeat Client,Medium,2024-10-24,2024-11-09,10,2025-01-11,2025-01-13,2,79,0,0,114,1,Half Ballroom,0,1,6,0.0,0.0,1,47.4,154.01,0.0,0.0,1095.94,4737.25,5833.19,0,0.0,1095.94,4511.66,5607.6,,19.788,,2025,1,0,0.0,0.0,0,0.0,0.0,0.0,0.0,0.0,0,0.0,0,0,0,0,1,5,2,24,1,0,1,Theater,3,1,2.2,1095.94,2150,4818,8925.8,5,0,0,0,20.0,0.95,100.0,,0.0,0.088,Low,0,5,Sat,1,1,1,0,1,29,20,241495.93,0.6897,0,1,32,0.0,Low,0,0,80.0,0.0759
B-202501-93817,Booked,Youth Athletics,Volunteer Training,SMERF,In-person,Rooms Only,SMERF,Social/Community,Sales Call,Low,2024-08-31,2024-09-22,15,2025-01-11,2025-01-12,1,133,58,58,63,0,,0,0,7,1.0,11682.67,3,46.6,149.0,107.28,6222.24,0.0,0.0,6222.24,50,5364.0,0.0,0.0,5364.0,0.8620689655172413,0.0,,2025,1,4,54.3,45.7,1,121.14,111.43,232.57,160.65,111.43,1,0.0,58,0,0,0,0,0,0,0,0,0,0,,0,0,0.0,0.0,0,0,0.0,0,0,0,0,0.0,0.0,28.0,107.28,0.921,0.0,Low,0,5,Sat,1,0,0,0,1,8,6,58763.11,0.75,0,1,32,1.0,High,1,1,100.0,0.0526
B-202501-27479,Booked,Tour Operator Network,Culinary Tour Group,Corporate,In-person,Full Package,Trade/Manufacturing,Trade/Manufacturing,RFP,Medium,2024-10-05,2024-10-21,7,2025-01-14,2025-01-15,1,101,72,72,83,1,Half Ballroom,0,1,9,0.0,0.0,3,44.9,142.13,102.33,7367.76,1335.18,0.0,8702.94,66,6753.78,1335.18,0.0,8088.96,0.9166666666666666,0.0,,2025,1,3,58.9,41.1,1,103.78,141.36,245.14,192.07,245.14,1,0.0,72,0,0,0,1,2,1,8,1,0,1,Theater,1,0,0.5,1335.18,150,0,762.4,0,0,0,0,0.0,0.69,28.0,120.87,0.867,0.12,Low,0,1,Tue,0,0,1,0,1,14,12,86319.57,0.8571,0,1,148,0.486,Moderate,0,0,93.3,0.0891
B-202501-75160,Booked,Dental Association,Committee Meeting,Association,In-person,Full Package,Healthcare,Healthcare,Direct Inquiry,Medium,2024-04-09,2024-05-15,22,2025-01-15,2025-01-17,2,281,69,138,84,1,Half Ballroom,1,1,14,1.0,37761.22,1,50.3,148.12,110.7,15276.6,1840.46,3301.68,20418.74,103,11402.1,1840.46,3144.46,16387.02,0.7463768115942029,18.717,,2025,1,4,65.7,34.3,1,119.66,120.17,239.83,192.14,120.17,2,7.2,64,69,0,0,2,5,2,24,1,0,1,Theater,3,1,1.4,1840.46,1250,4000,7173.61,5,0,0,0,20.0,0.7,25.26,147.96,0.821,0.238,Low,0,2,Wed,0,0,0,0,1,30,23,443854.13,0.7667,0,1,119,0.58,Moderate,0,0,100.0,0.0498
B-202501-23673,Booked,Cultural Journeys,Cultural Heritage Journey,SMERF,In-person,Rooms Only,Education,Education,Repeat Client,Medium,2024-11-19,2024-12-11,18,2025-01-16,2025-01-18,2,58,32,64,35,0,,0,0,4,0.0,0.0,1,44.6,145.23,104.57,6692.48,0.0,0.0,6692.48,63,6587.91,0.0,0.0,6587.91,0.984375,0.0,,2025,1,4,71.1,28.9,0,123.28,117.72,241.0,0.0,133.65,2,12.5,28,32,0,0,0,0,0,0,0,0,0,,0,0,0.0,0.0,0,0,0.0,0,0,0,0,0.0,0.0,28.0,104.57,0.914,0.0,Low,0,3,Thu,0,1,1,1,1,16,14,85259.38,0.875,0,1,151,0.212,Low,0,0,93.3,0.069
B-202501-31129,Booked,Private Individual,Martinez-Garcia Wedding,Wedding/Social,In-person,Full Package,Social,Social/Private,Repeat Client,Medium,2024-04-30,2024-06-19,37,2025-01-17,2025-01-18,1,262,37,37,43,1,Half Ballroom,1,1,13,0.0,0.0,1,50.9,147.91,117.46,4346.02,915.08,3672.86,8933.96,21,2466.66,915.08,3497.96,6879.7,0.5675675675675675,81.348,,2025,1,2,74.1,25.9,0,130.37,139.51,269.88,0.0,139.51,1,0.0,37,0,0,0,1,2,1,8,1,0,1,Reception,1,0,1.0,915.08,300,1320,2333.99,1,1,0,1,0.0,0.36,20.59,241.46,0.86,0.233,Low,0,4,Fri,1,1,1,0,1,47,40,195146.8,0.8511,0,1,151,0.245,Low,0,0,93.3,0.0496
B-202501-89179,Booked,Travel Club International,Architecture Tour Group,SMERF,In-person,Rooms Only,Association,Association,RFP,Medium,2024-11-03,2024-11-27,18,2025-01-18,2025-01-19,1,76,39,39,51,0,Boardroom A,0,0,6,1.0,7114.61,1,50.1,148.33,107.92,4208.88,0.0,0.0,4208.88,38,4100.96,0.0,0.0,4100.96,0.9743589743589745,0.0,,2025,1,4,55.6,44.4,1,108.31,112.99,221.3,221.3,112.99,1,0.0,39,0,0,0,0,1,1,4,0,0,1,,1,0,1.0,0.0,150,0,518.99,0,0,0,0,0.0,0.0,27.24,107.92,0.765,0.0,Low,0,5,Sat,1,0,0,0,1,9,9,52068.09,1.0,0,0,181,0.215,Low,0,0,100.0,0.0789
B-202501-41275,Booked,Professional Services Group,New Hire Orientation,Corporate,Hybrid,Rooms Only,Finance,Other,Repeat Client,Medium,2024-11-20,2024-12-09,13,2025-01-19,2025-01-20,1,60,30,30,33,0,,0,1,6,1.0,5544.34,2,47.9,148.65,107.03,3210.9,0.0,0.0,3210.9,24,2568.72,0.0,0.0,2568.72,0.8,0.0,,2025,1,3,64.3,35.7,1,125.08,110.07,235.15,152.52,110.07,1,0.0,30,0,0,0,0,0,0,0,0,0,0,,0,0,0.0,0.0,0,0,0.0,0,0,0,0,0.0,0.0,28.0,107.03,0.909,0.0,Low,0,6,Sun,1,1,0,0,1,35,27,359895.15,0.7714,0,1,190,0.158,Low,0,0,100.0,0.1
B-202501-20775,Booked,Professional Engineers Society,Member Appreciation Event,Association,In-person,Meeting Only,Association,Other,Referral,Medium,2024-06-23,2024-07-20,20,2025-01-20,2025-01-23,3,211,0,0,53,1,Half Ballroom,0,0,7,0.0,0.0,1,47.2,147.35,0.0,0.0,1251.31,7300.39,8551.7,0,0.0,1251.31,6952.75,8204.06,,43.728,,2025,1,0,0.0,0.0,0,0.0,0.0,0.0,0.0,0.0,0,0.0,0,0,0,0,1,3,3,24,1,0,1,Classroom,2,0,1.67,1251.31,850,3400,6073.29,5,0,0,0,100.0,0.44,100.0,,0.0,0.189,Low,0,0,Mon,0,0,1,0,1,41,31,680035.73,0.7561,0,1,220,0.0,Low,0,0,80.0,0.0332
B-202501-16285,Booked,Travel Club International,Photography Expedition,Corporate,In-person,Rooms Only,Professional Services,Professional Services,Cvent,Medium,2024-12-22,2025-01-10,13,2025-01-21,2025-01-22,1,30,22,22,24,0,,0,1,6,0.0,0.0,2,48.3,147.84,113.65,2500.3,0.0,0.0,2500.3,21,2386.65,0.0,0.0,2386.65,0.9545454545454546,0.0,,2025,1,2,62.8,37.2,0,123.86,132.79,256.65,0.0,132.79,1,0.0,22,0,0,0,0,0,0,0,0,0,0,,0,0,0.0,0.0,0,0,0.0,0,0,0,0,0.0,0.0,23.13,113.65,0.917,0.0,Low,0,1,Tue,0,0,1,0,1,10,10,56169.05,1.0,0,0,198,0.111,Low,0,0,93.3,0.2
B-202501-55521,Booked,Nursing Council,Networking Summit,Association,Hybrid,Full Package,Healthcare,Healthcare,Sales Call,High,2024-07-13,2024-08-11,19,2025-01-23,2025-01-25,2,194,86,172,116,1,Half Ballroom,1,0,10,1.0,42947.82,4,47.4,152.21,112.75,19393.0,1413.75,4839.36,25646.11,114,12853.5,1413.75,4608.91,18876.16,0.6627906976744186,19.866,,2025,1,4,68.9,31.1,1,109.86,134.29,244.15,173.62,136.13,2,11.6,76,86,0,0,2,4,2,24,1,0,1,Theater,3,1,2.25,1413.75,1800,3740,7358.16,4,0,0,0,50.0,0.97,25.92,149.11,0.741,0.172,Low,0,3,Thu,0,0,0,0,1,34,23,390185.88,0.6765,0,1,98,0.878,High,1,0,100.0,0.0515
B-202501-57706,Booked,Nursing Council,Networking Summit,Association,In-person,Full Package,Healthcare,Healthcare,Referral,Medium,2024-04-22,2024-05-22,16,2025-01-23,2025-01-25,2,276,36,72,44,1,Half Ballroom,1,0,14,0.0,0.0,2,44.5,146.59,105.54,7598.88,871.47,4360.36,12830.71,51,5382.54,871.47,4152.72,10406.73,0.7083333333333334,47.19,,2025,1,2,64.9,35.1,0,4.23,117.03,121.26,0.0,121.26,2,8.3,33,36,0,0,1,2,2,16,1,0,1,Theater,3,1,2.5,871.47,1000,3000,5261.63,3,0,0,0,100.0,0.37,28.0,178.2,0.818,0.227,Low,0,3,Thu,0,0,1,0,1,34,23,390185.88,0.6765,0,1,98,0.367,Moderate,0,0,93.3,0.0507
B-202501-36336,Booked,Volunteer Network,Volunteer Training,SMERF,In-person,Full Package,Other,Other,Sales Call,Medium,2024-09-11,2024-10-12,20,2025-01-25,2025-01-27,2,136,50,100,59,1,Half Ballroom,1,0,11,0.0,0.0,2,47.6,147.07,105.89,10589.0,1234.54,1444.43,13267.97,76,8047.64,1234.54,1375.64,10657.82,0.76,11.658,,2025,1,3,71.1,28.9,1,68.65,118.54,187.19,187.19,118.54,2,10.0,45,50,0,0,1,4,2,16,1,0,1,Classroom,2,0,1.25,1234.54,800,480,2618.07,1,0,0,0,0.0,0.49,28.0,132.68,0.847,0.169,Low,0,5,Sat,1,0,1,0,1,19,13,78312.68,0.6842,0,1,133,0.376,Moderate,0,0,93.3,0.0809
B-202501-37443,Booked,Consulting Network,Management Training,Corporate,In-person,Full Package,Professional Services,Professional Services,Referral,Medium,2024-11-28,2024-12-17,7,2025-01-25,2025-01-27,2,58,37,74,49,1,Half Ballroom,1,0,12,1.0,23728.39,1,48.4,149.26,107.47,7952.78,1084.73,4120.22,13157.73,62,6663.14,1084.73,3924.02,11671.89,0.8378378378378378,40.041,,2025,1,3,57.9,42.1,1,118.46,117.24,235.7,156.74,156.74,2,18.9,30,37,0,0,1,2,2,16,1,0,1,Classroom,2,0,2.0,1084.73,700,3360,5223.05,4,0,0,0,100.0,0.41,28.0,177.81,0.755,0.204,Low,0,5,Sat,1,0,0,0,1,30,21,247103.53,0.7,0,1,133,0.278,Moderate,0,0,100.0,0.2069
B-202501-82918,Booked,Energy Solutions,Annual Sales Conference,Corporate,In-person,Full Package,Professional Services,Other,RFP,Medium,2024-10-16,2024-11-07,11,2025-01-27,2025-01-29,2,103,53,106,74,1,Half Ballroom,1,0,11,1.0,31245.0,2,49.3,151.09,108.78,11530.68,818.68,7227.5,19576.86,101,10986.78,818.68,6883.33,18688.79,0.9528301886792452,46.509,,2025,1,2,72.2,27.8,0,2.92,121.46,124.38,0.0,121.46,2,5.7,50,53,0,0,1,2,2,16,1,0,1,Theater,2,0,2.0,818.68,700,3360,5234.52,4,0,0,0,100.0,0.62,28.0,184.69,0.716,0.135,Low,0,0,Mon,0,0,0,0,1,37,24,291439.61,0.6486,0,1,54,0.981,High,1,0,100.0,0.1068
B-202501-18359,Booked,Legal Society,Annual Member Conference,Association,In-person,Full Package,Legal,Legal,RFP,Low,2024-08-31,2024-10-08,28,2025-01-28,2025-01-30,2,150,27,54,30,1,Breakout Room,1,0,10,1.0,20773.75,2,45.8,143.64,103.42,5584.68,467.21,2806.27,8858.16,35,3619.7,467.21,2672.64,6759.55,0.6481481481481481,44.544,,2025,1,4,60.2,39.8,1,81.67,106.23,187.9,187.9,114.66,2,18.5,22,27,0,0,1,2,2,16,0,0,1,Classroom,2,0,1.5,467.21,500,4560,6951.41,5,0,0,0,100.0,0.75,28.0,164.04,0.9,0.333,Low,0,1,Tue,0,0,0,0,1,24,20,409524.35,0.8333,0,1,118,0.229,Low,0,0,100.0,0.0667
B-202501-56111,Booked,Education Foundation,Board Retreat,Association,In-person,Full Package,Education,Education,RFP,Low,2024-07-21,2024-08-18,18,2025-01-28,2025-01-29,1,191,50,50,66,1,Half Ballroom,1,0,10,1.0,21530.21,3,48.0,144.75,109.06,5453.0,1409.65,2931.39,9794.04,35,3817.1,1409.65,2791.8,8018.55,0.7,42.3,,2025,1,4,70.6,29.4,1,118.91,124.23,243.14,148.65,124.23,1,0.0,50,0,0,0,2,1,1,8,1,0,1,Classroom,2,0,2.0,1409.65,350,1300,2259.73,3,0,0,0,100.0,0.55,24.66,195.88,0.758,0.303,Low,0,1,Tue,0,0,0,0,1,43,32,688545.34,0.7442,0,1,54,0.926,High,1,0,100.0,0.0524
B-202501-96967,Booked,Consulting Network,Performance Review Summit,Corporate,In-person,Rooms Only,Professional Services,Professional Services,Repeat Client,Medium,2024-11-29,2024-12-20,14,2025-01-28,2025-01-30,2,60,36,72,39,0,,0,1,7,0.0,0.0,2,46.8,150.88,117.39,8452.08,0.0,0.0,8452.08,58,6808.62,0.0,0.0,6808.62,0.8055555555555556,0.0,,2025,1,4,51.0,49.0,1,138.32,118.27,256.59,165.29,118.27,2,5.6,34,36,0,0,0,0,0,0,0,0,0,,0,0,0.0,0.0,0,0,0.0,0,0,0,0,0.0,0.0,22.2,117.39,0.923,0.0,Low,0,1,Tue,0,1,1,0,1,31,22,258775.42,0.7097,0,1,118,0.305,Moderate,0,0,93.3,0.1167
B-202501-33264,Booked,Service Club,Band Competition,SMERF,In-person,Full Package,SMERF,Social/Community,Cvent,Medium,2024-08-20,2024-09-11,14,2025-01-29,2025-01-31,2,162,39,78,44,1,Half Ballroom,1,0,8,0.0,0.0,2,54.6,148.46,106.89,8337.42,1305.95,1769.92,11413.29,64,6840.96,1305.95,1685.64,9832.55,0.8205128205128205,19.155,,2025,1,2,72.3,27.7,1,23.73,134.88,158.61,158.61,134.88,2,15.4,33,39,0,0,1,3,2,16,1,0,1,Banquet,1,0,0.67,1305.95,300,1180,2803.16,2,0,0,0,33.3,0.37,28.0,146.32,0.886,0.227,Low,0,2,Wed,0,0,1,0,1,11,9,86842.2,0.8182,0,1,71,0.549,Moderate,0,0,93.3,0.0494
B-202501-25247,Booked,State Medical Association,Networking Summit,Association,In-person,Full Package,Healthcare,Healthcare,Direct Inquiry,Medium,2024-09-17,2024-10-19,22,2025-01-30,2025-02-02,3,135,48,144,52,1,Half Ballroom,1,1,10,1.0,47771.5,1,46.6,149.9,107.93,15541.92,1366.94,7811.29,24720.15,99,10685.07,1366.94,7439.33,19491.34,0.6875,47.688,,2025,1,3,65.0,35.0,1,90.44,115.11,205.55,205.55,115.11,2,2.0,46,48,46,0,1,3,3,24,1,0,1,Classroom,2,0,1.33,1366.94,650,4340,6866.24,5,0,0,0,100.0,0.43,28.0,171.67,0.923,0.192,Low,0,3,Thu,0,0,0,0,1,41,37,829449.82,0.9024,0,1,31,1.0,High,1,1,100.0,0.0741
B-202501-55751,Booked,Global Industries,Town Hall Meeting,Corporate,Hybrid,Full Package,Technology,Other,Referral,Medium,2024-11-13,2024-11-29,8,2025-01-30,2025-02-01,2,78,39,78,49,1,Half Ballroom,1,1,8,0.0,0.0,2,52.0,153.22,126.33,9853.74,893.03,4895.68,15642.45,75,9474.75,893.03,4662.55,15030.33,0.9615384615384616,47.577,,2025,1,4,59.3,40.7,1,90.99,134.43,225.42,225.42,134.43,2,5.1,37,39,0,0,1,2,2,16,1,0,1,Theater,1,0,1.0,893.03,300,3312,4721.3,3,0,0,0,100.0,0.41,17.55,200.54,0.796,0.204,Low,0,3,Thu,0,0,1,0,1,49,41,586357.32,0.8367,0,1,31,1.0,High,1,1,93.3,0.1026
B-202501-94188,Booked,Heritage Travel,Senior Travel Club,Corporate,Hybrid,Rooms Only,Finance,Finance,Referral,High,2024-10-22,2024-11-06,10,2025-01-30,2025-01-31,1,100,23,23,25,0,,0,0,5,1.0,3959.71,2,51.1,148.45,116.45,2678.35,0.0,0.0,2678.35,21,2445.45,0.0,0.0,2445.45,0.9130434782608696,0.0,,2025,1,3,54.6,45.4,0,128.05,113.93,241.98,0.0,113.93,1,0.0,23,0,0,0,0,0,0,0,0,0,0,,0,0,0.0,0.0,0,0,0.0,0,0,0,0,0.0,0.0,21.56,116.45,0.92,0.0,Low,0,3,Thu,0,0,0,1,1,18,15,103266.74,0.8333,0,1,71,0.324,Moderate,0,0,100.0,0.05
B-202501-93424,Booked,Pharmaceutical Partners,Sales Kickoff,Corporate,In-person,Full Package,Healthcare,Healthcare,Repeat Client,High,2024-10-29,2024-11-20,13,2025-01-31,2025-02-02,2,94,63,126,72,1,Half Ballroom,1,0,9,0.0,0.0,2,45.1,147.2,109.89,13846.14,1562.93,6212.51,21621.58,107,11758.23,1562.93,5916.67,19237.83,0.8492063492063492,41.088,,2025,1,3,64.5,35.5,1,79.83,103.75,183.58,183.58,103.75,2,9.5,57,63,0,0,2,2,2,16,1,0,1,Classroom,3,1,2.0,1562.93,800,3408,5423.02,4,0,0,0,100.0,0.6,25.35,171.6,0.875,0.278,Low,0,4,Fri,1,1,1,0,1,44,30,422760.72,0.6818,0,1,109,0.578,Moderate,0,0,93.3,0.0957
B-202501-99674,Booked,Financial Services Group,Regional Team Meeting,Corporate,In-person,Full Package,Finance,Finance,Website,Medium,2024-11-07,2024-11-24,8,2025-01-31,2025-02-01,1,85,39,39,51,1,Half Ballroom,1,1,9,0.0,0.0,2,44.5,155.38,112.45,4385.55,1132.51,2515.13,8033.19,34,3823.3,1132.51,2395.37,7351.18,0.8717948717948718,46.968,,2025,1,4,58.5,41.5,1,119.07,126.26,245.33,212.57,129.09,1,0.0,39,0,0,0,1,1,1,8,1,0,1,Classroom,2,0,2.0,1132.51,350,1848,2799.93,4,0,0,0,100.0,0.42,27.63,205.98,0.765,0.196,Low,0,4,Fri,1,0,1,0,1,29,21,242580.93,0.7241,0,1,31,1.0,High,1,1,93.3,0.1059
B-202502-30016,Booked,Heritage Travel,Regional History Tour,SMERF,In-person,Rooms Only,SMERF,SMERF,Website,Low,2024-10-30,2024-11-15,10,2025-02-02,2025-02-03,1,95,28,28,38,0,Meeting Room 1,0,0,6,1.0,8793.51,1,52.4,152.38,113.91,3189.48,0.0,0.0,3189.48,27,3075.57,0.0,0.0,3075.57,0.9642857142857144,0.0,,2025,2,4,62.0,38.0,0,128.57,113.19,241.76,0.0,131.38,1,0.0,28,0,0,0,0,1,1,4,0,0,1,,1,0,1.0,0.0,150,0,750.49,0,0,0,0,0.0,0.0,25.25,113.91,0.737,0.0,Low,0,6,Sun,1,0,0,0,1,19,16,105712.19,0.8421,0,1,164,0.171,Low,0,0,100.0,0.0632
B-202502-54260,Booked,Energy Solutions,Executive Offsite,Corporate,In-person,Full Package,Professional Services,Other,Sales Call,Low,2024-11-13,2024-12-09,14,2025-02-02,2025-02-03,1,81,28,28,38,1,Breakout Room,1,0,12,0.0,0.0,1,54.2,158.65,130.39,3650.92,382.03,2004.74,6037.69,25,3259.75,382.03,1909.27,5551.05,0.8928571428571429,50.244,,2025,2,2,65.6,34.4,1,55.65,125.84,181.49,181.49,125.84,1,0.0,28,0,0,0,1,1,1,8,0,0,1,Classroom,1,0,1.0,382.03,150,2772,3835.72,4,0,0,0,100.0,0.95,17.81,215.63,0.737,0.263,Low,0,6,Sun,1,0,1,0,1,38,25,310128.4,0.6579,0,1,164,0.171,Low,0,0,93.3,0.1481
B-202502-52910,Booked,Regional Healthcare System,Leadership Summit,Corporate,In-person,Full Package,Healthcare,Healthcare,RFP,Low,2024-11-25,2024-12-11,7,2025-02-03,2025-02-04,1,70,40,40,55,1,Half Ballroom,1,1,9,0.0,0.0,2,53.8,158.67,114.24,4569.6,1272.86,1505.2,7347.66,32,3655.68,1272.86,1433.52,6362.06,0.8,26.064,,2025,2,2,64.1,35.9,1,29.16,111.11,140.27,140.27,140.27,1,0.0,40,0,0,0,1,1,1,8,1,0,1,Banquet,3,1,3.0,1272.86,650,1272,2537.73,2,0,0,0,100.0,0.46,28.0,183.69,0.727,0.182,Low,0,0,Mon,0,0,1,0,1,34,32,387583.12,0.9412,0,1,180,0.222,Low,0,0,93.3,0.1286
B-202502-92402,Booked,Volunteer Network,Church Retreat Weekend,SMERF,In-person,Meeting Only,Other,Other,Sales Call,Low,2024-10-18,2024-11-08,15,2025-02-06,2025-02-08,2,111,0,0,114,1,Half Ballroom,0,0,6,1.0,16564.22,3,59.7,156.61,0.0,0.0,1393.49,4059.98,5453.47,0,0.0,1393.49,3866.65,5260.14,,16.959,,2025,2,0,0.0,0.0,0,0.0,0.0,0.0,0.0,0.0,0,0.0,0,0,0,0,1,7,2,32,1,0,1,Classroom,2,0,1.29,1393.49,1500,992,5109.21,2,0,0,0,14.3,0.95,100.0,,0.0,0.088,Low,0,3,Thu,0,0,0,0,1,20,14,88970.5,0.7,0,1,220,0.0,Low,0,0,86.7,0.0541
B-202502-14678,Booked,Professional Engineers Society,Industry Forum,Association,In-person,Full Package,Association,Other,RFP,Medium,2024-03-07,2024-04-12,23,2025-02-07,2025-02-10,3,337,35,105,43,1,Half Ballroom,1,0,13,1.0,38697.13,2,49.9,156.46,114.05,11975.25,879.62,5885.03,18739.9,78,8895.9,879.62,5604.79,15380.31,0.7428571428571429,43.448,,2025,2,3,72.3,27.7,0,114.59,114.09,228.68,0.0,116.56,2,13.0,24,35,28,0,1,3,3,24,1,0,1,Theater,3,1,2.0,879.62,1150,4120,7109.89,5,0,0,0,100.0,0.36,27.11,178.48,0.814,0.233,Low,0,4,Fri,1,0,0,0,1,42,32,688239.79,0.7619,0,1,185,0.189,Low,0,0,100.0,0.0386
B-202502-66747,Booked,Financial Services Group,Innovation Workshop,Corporate,In-person,Meeting Only,Finance,Finance,Referral,Low,2024-11-27,2024-12-11,9,2025-02-09,2025-02-10,1,74,0,0,30,1,Breakout Room,0,0,5,1.0,4673.95,2,49.9,151.14,0.0,0.0,378.69,347.38,726.07,0,0.0,378.69,330.84,709.53,,11.028,,2025,2,0,0.0,0.0,0,0.0,0.0,0.0,0.0,0.0,0,0.0,0,0,0,0,1,1,1,8,0,0,1,Classroom,2,0,2.0,378.69,350,540,1802.47,1,0,0,0,100.0,0.75,100.0,,0.0,0.333,Low,0,6,Sun,1,0,0,1,1,30,22,249932.11,0.7333,0,1,185,0.0,Low,0,0,86.7,0.0676
B-202502-60694,Booked,Real Estate Board,Policy Symposium,Association,Hybrid,Rooms Only,Government,Government,Sales Call,Medium,2024-03-09,2024-03-29,15,2025-02-10,2025-02-12,2,338,75,150,82,0,,0,0,5,0.0,0.0,4,58.9,158.61,126.45,18967.5,0.0,0.0,18967.5,111,14035.95,0.0,0.0,14035.95,0.74,0.0,,2025,2,3,64.7,35.3,1,107.64,125.6,233.24,233.24,125.6,2,12.0,66,75,0,0,0,0,0,0,0,0,0,,0,0,0.0,0.0,0,0,0.0,0,0,0,0,0.0,0.0,20.28,126.45,0.915,0.0,Low,0,0,Mon,0,0,1,1,1,30,26,552535.6,0.8667,0,1,145,0.517,Moderate,0,0,93.3,0.0148
B-202502-66588,Booked,Manufacturing Alliance,Regional Team Meeting,Corporate,In-person,Full Package,Technology,Other,Cvent,Low,2024-12-09,2025-01-03,11,2025-02-12,2025-02-13,1,65,40,40,45,1,Half Ballroom,1,0,14,0.0,0.0,2,54.8,153.9,119.55,4782.0,1361.58,451.05,6594.63,35,4184.25,1361.58,429.57,5975.4,0.875,9.546,,2025,2,2,74.0,26.0,1,89.78,112.05,201.83,201.83,112.05,1,0.0,40,0,0,0,1,1,1,8,1,0,1,Banquet,2,0,2.0,1361.58,350,672,1664.63,1,0,0,0,100.0,0.38,22.32,164.87,0.889,0.222,Low,0,2,Wed,0,0,1,0,1,36,24,358500.78,0.6667,0,1,180,0.222,Low,0,0,93.3,0.2154
B-202502-67423,Booked,Professional Engineers Society,State Convention,Association,In-person,Meeting Only,Association,Other,Third-Party Planner,Low,2024-04-20,2024-05-20,22,2025-02-14,2025-02-16,2,300,0,0,81,1,Half Ballroom,0,0,8,1.0,20387.25,2,56.6,158.53,0.0,0.0,1019.12,3143.45,4162.57,0,0.0,1019.12,2993.76,4012.88,,18.48,,2025,2,0,0.0,0.0,0,0.0,0.0,0.0,0.0,0.0,0,0.0,0,0,0,0,1,5,2,24,1,0,1,Classroom,3,1,2.0,1019.12,1850,4200,7998.31,4,0,0,0,20.0,0.68,100.0,,0.0,0.123,Low,0,4,Fri,1,0,0,0,1,43,33,703620.1,0.7674,0,1,220,0.0,Low,0,0,86.7,0.0267
B-202502-63504,Booked,Tour Operator Network,Historic Sites Tour,SMERF,In-person,Rooms Only,Government,Government,Website,Low,2024-11-22,2024-12-16,19,2025-02-15,2025-02-16,1,85,50,50,64,0,Boardroom A,0,0,5,1.0,13521.06,4,55.3,156.07,117.87,5893.5,0.0,0.0,5893.5,46,5422.02,0.0,0.0,5422.02,0.92,0.0,,2025,2,4,60.2,39.8,1,145.58,119.28,264.86,221.9,119.28,1,0.0,50,0,0,0,0,1,1,4,0,0,1,,0,0,0.0,0.0,0,0,344.39,0,0,0,0,0.0,0.0,24.48,117.87,0.781,0.0,Low,0,5,Sat,1,0,0,1,1,15,13,94408.53,0.8667,0,1,170,0.294,Moderate,0,0,100.0,0.0588
B-202502-32966,Booked,Service Club,Cultural Heritage Festival,SMERF,In-person,Full Package,SMERF,Social/Community,RFP,Medium,2024-10-10,2024-11-05,19,2025-02-16,2025-02-17,1,129,60,60,71,1,Half Ballroom,1,0,7,0.0,0.0,3,58.0,154.41,115.39,6923.4,822.0,864.19,8609.59,46,5307.94,822.0,823.03,6952.97,0.7666666666666667,11.592,,2025,2,3,68.9,31.1,1,123.4,118.31,241.71,218.94,118.31,1,0.0,60,0,0,0,1,2,1,8,1,0,1,Theater,2,0,1.5,822.0,500,240,1441.61,1,0,0,0,0.0,0.59,25.27,143.49,0.845,0.141,Low,0,6,Sun,1,0,1,0,1,13,10,96674.75,0.7692,0,1,160,0.375,Moderate,0,0,93.3,0.0543
B-202502-45824,Booked,Industry Trade Group,Annual Member Conference,Association,Hybrid,Full Package,Trade/Manufacturing,Trade/Manufacturing,Sales Call,High,2024-06-22,2024-07-20,15,2025-02-19,2025-02-22,3,242,114,342,151,1,Grand Ballroom,1,0,13,1.0,95085.95,1,52.1,156.89,124.96,42736.32,2850.9,23649.32,69236.54,256,31989.76,2850.9,22523.16,57363.82,0.7485380116959064,49.72,,2025,2,2,51.4,48.6,0,13.55,115.16,128.71,0.0,115.16,2,3.7,107,114,104,0,2,3,3,24,1,0,1,Classroom,3,1,2.67,2850.9,1650,22348,31476.86,4,0,0,0,100.0,0.63,20.35,202.45,0.755,0.132,Low,0,2,Wed,0,0,0,0,1,31,21,311661.54,0.6774,0,1,0,,Unknown,0,1,100.0,0.0537
B-202502-68632,Booked,Pharmaceutical Partners,Board of Directors Meeting,Corporate,In-person,Rooms Only,Healthcare,Healthcare,RFP,Low,2024-10-31,2024-11-15,11,2025-02-19,2025-02-21,2,111,15,30,16,0,,0,0,4,1.0,5730.77,4,54.8,154.4,120.65,3619.5,0.0,0.0,3619.5,27,3257.55,0.0,0.0,3257.55,0.9,0.0,,2025,2,4,58.1,41.9,1,126.37,122.43,248.8,204.7,122.43,2,53.3,7,15,0,0,0,0,0,0,0,0,0,,0,0,0.0,0.0,0,0,0.0,0,0,0,0,0.0,0.0,21.86,120.65,0.938,0.0,Low,0,2,Wed,0,0,0,1,1,45,31,441998.55,0.6889,0,1,0,,Unknown,0,1,100.0,0.036
B-202502-52160,Booked,Retail Corporation,Regional Team Meeting,Corporate,Hybrid,Full Package,Professional Services,Other,Direct Inquiry,Medium,2024-12-29,2025-01-22,12,2025-02-20,2025-02-23,3,53,41,123,45,1,Half Ballroom,1,1,12,1.0,46917.5,1,54.7,151.16,116.0,14268.0,965.21,6672.17,21905.38,114,13224.0,965.21,6354.45,20543.66,0.926829268292683,47.07,,2025,2,3,68.5,31.5,1,132.41,108.88,241.29,199.37,108.88,2,6.4,36,41,35,0,1,3,3,24,1,0,1,Theater,3,1,2.0,965.21,1150,4872,7766.84,5,0,0,0,100.0,0.38,23.26,178.09,0.911,0.222,Low,0,3,Thu,0,0,0,0,1,34,26,341965.37,0.7647,0,1,23,1.0,High,1,1,100.0,0.2264
B-202502-61834,Booked,Consulting Network,New Hire Orientation,Corporate,In-person,Full Package,Professional Services,Professional Services,Referral,High,2024-10-23,2024-11-11,7,2025-02-20,2025-02-21,1,120,66,66,86,1,Half Ballroom,1,0,12,0.0,0.0,2,53.0,151.95,123.91,8178.06,827.5,1445.52,10451.08,55,6815.05,827.5,1376.69,9019.24,0.8333333333333334,16.008,,2025,2,3,57.2,42.8,0,137.24,130.88,268.12,0.0,130.88,1,0.0,66,0,0,0,1,3,1,12,1,0,1,Classroom,3,1,2.0,827.5,1150,1152,3334.81,3,0,0,0,0.0,0.72,18.45,158.35,0.767,0.116,Low,0,3,Thu,0,0,1,0,1,32,23,265584.04,0.7188,0,1,0,,Unknown,0,1,93.3,0.1
B-202502-30072,Booked,Nonprofit Foundation,Military Reunion,SMERF,In-person,Meeting Only,Technology,Technology,Website,Low,2025-01-07,2025-02-02,18,2025-02-21,2025-02-23,2,45,0,0,93,1,Half Ballroom,0,0,8,0.0,0.0,2,56.3,148.72,0.0,0.0,885.6,3097.66,3983.26,0,0.0,885.6,2950.15,3835.75,,15.861,,2025,2,0,0.0,0.0,0,0.0,0.0,0.0,0.0,0.0,0,0.0,0,0,0,0,1,7,2,32,1,0,1,Theater,2,0,1.29,885.6,1500,2492,6542.12,2,0,0,0,14.3,0.78,100.0,,0.0,0.108,Low,0,4,Fri,1,0,1,0,1,17,12,87845.44,0.7059,0,1,23,0.0,Low,0,0,80.0,0.1778
B-202502-45732,Booked,Nonprofit Foundation,Volunteer Training,SMERF,In-person,Full Package,Technology,Technology,Third-Party Planner,Medium,2025-01-07,2025-01-26,10,2025-02-21,2025-02-22,1,45,42,42,54,1,Half Ballroom,1,0,9,0.0,0.0,3,59.6,155.11,122.22,5133.24,961.61,1115.86,7210.71,37,4522.14,961.61,1062.72,6546.47,0.8809523809523809,19.68,,2025,2,2,57.7,42.3,1,83.18,123.37,206.55,206.55,123.37,1,0.0,42,0,0,0,1,2,1,8,1,0,1,Theater,1,0,1.0,961.61,300,940,1988.32,2,0,0,0,0.0,0.45,21.2,171.68,0.778,0.185,Low,0,4,Fri,1,0,1,0,1,17,12,87845.44,0.7059,0,1,23,1.0,High,1,1,93.3,0.2
B-202502-18566,Booked,HR Professionals Network,Awards Gala Weekend,Association,In-person,Full Package,Professional Services,Professional Services,Direct Inquiry,High,2024-04-25,2024-05-23,14,2025-02-22,2025-02-25,3,303,122,366,134,1,Grand Ballroom,1,0,14,0.0,0.0,3,55.6,158.01,123.95,45365.7,2293.4,20456.65,68115.75,273,33838.35,2293.4,19482.53,55614.28,0.7459016393442623,48.464,,2025,2,3,70.1,29.9,1,86.7,117.91,204.61,204.61,117.91,2,3.3,113,122,114,0,1,3,3,24,1,0,1,Classroom,3,1,3.0,2293.4,1950,24388,33902.04,5,0,0,0,100.0,0.56,21.56,186.11,0.91,0.075,Low,0,5,Sat,1,0,1,0,1,32,21,463548.37,0.6562,0,1,0,,Unknown,0,1,93.3,0.0462
B-202502-79459,Booked,Legal Society,Certification Training,Association,Hybrid,Full Package,Legal,Legal,Website,High,2024-07-08,2024-08-12,23,2025-02-22,2025-02-24,2,229,91,182,106,1,Half Ballroom,1,1,12,1.0,60605.06,1,50.1,151.37,118.71,21605.22,1811.19,3784.42,27200.83,127,15076.17,1811.19,3604.21,20491.57,0.6978021978021978,17.001,,2025,2,3,51.0,49.0,1,132.5,144.1,276.6,161.15,161.15,2,1.1,90,91,0,0,2,5,2,24,1,0,1,Classroom,3,1,2.4,1811.19,2450,3512,7884.85,4,0,0,0,20.0,0.88,21.58,149.46,0.858,0.189,Low,0,5,Sat,1,0,0,0,1,25,21,416283.9,0.84,0,1,0,,Unknown,0,1,100.0,0.0524
B-202502-51996,Booked,Financial Services Group,Quarterly Business Review,Corporate,In-person,Full Package,Finance,Finance,Direct Inquiry,Medium,2024-12-11,2025-01-06,14,2025-02-23,2025-02-25,2,74,60,120,69,1,Half Ballroom,1,1,12,0.0,0.0,2,58.5,155.89,132.04,15844.8,1486.56,6675.25,24006.61,109,14392.36,1486.56,6357.38,22236.3,0.9083333333333332,46.068,,2025,2,4,60.8,39.2,1,111.45,122.58,234.03,234.03,122.58,2,18.3,49,60,0,0,2,2,2,16,1,0,1,Theater,3,1,2.5,1486.56,1000,3648,5915.6,5,0,0,0,100.0,0.57,15.3,200.06,0.87,0.29,Low,0,6,Sun,1,0,1,0,1,31,23,250641.64,0.7419,0,1,0,,Unknown,0,1,93.3,0.1622
B-202502-55382,Booked,Private Party,Baby Shower Weekend,Wedding/Social,Hybrid,Full Package,Social,Social/Private,Sales Call,Low,2024-05-17,2024-06-14,17,2025-02-23,2025-02-25,2,282,39,78,49,1,Half Ballroom,1,1,11,0.0,0.0,2,52.8,154.54,113.03,8816.34,860.44,4017.11,13693.89,46,5199.38,860.44,3825.82,9885.64,0.5897435897435898,39.039,,2025,2,2,52.0,48.0,0,5.68,114.63,120.31,0.0,114.63,2,12.8,34,39,0,0,1,2,2,8,1,0,1,Banquet,1,0,0.5,860.44,150,1320,2137.14,1,1,0,1,0.0,0.41,26.86,175.56,0.796,0.204,Low,0,6,Sun,1,0,1,0,1,48,37,223922.98,0.7708,0,1,0,,Unknown,0,1,93.3,0.039
B-202502-37919,Booked,Pharmaceutical Partners,Performance Review Summit,Corporate,Hybrid,Rooms Only,Healthcare,Healthcare,Third-Party Planner,Medium,2024-11-15,2024-11-30,11,2025-02-24,2025-02-26,2,101,68,136,74,0,,0,1,4,1.0,20190.52,3,54.4,155.28,128.56,17484.16,0.0,0.0,17484.16,117,15041.52,0.0,0.0,15041.52,0.8602941176470589,0.0,,2025,2,4,55.3,44.7,0,118.83,121.95,240.78,0.0,135.07,2,10.3,61,68,0,0,0,0,0,0,0,0,0,,0,0,0.0,0.0,0,0,0.0,0,0,0,0,0.0,0.0,17.21,128.56,0.919,0.0,Low,0,0,Mon,0,0,0,1,1,46,32,445256.1,0.6957,0,1,152,0.447,Moderate,0,0,100.0,0.0396
B-202502-30437,Booked,Veterans Group,Faith-Based Conference,SMERF,In-person,Full Package,Government,Government,Website,Medium,2024-10-29,2024-11-25,17,2025-02-27,2025-02-28,1,121,80,80,102,1,Half Ballroom,1,0,10,0.0,0.0,2,52.9,150.96,119.08,9526.4,1416.77,1115.56,12058.73,71,8454.68,1416.77,1062.43,10933.88,0.8875,10.416,,2025,2,2,50.1,49.9,1,68.9,127.72,196.62,196.62,196.62,1,0.0,80,0,0,0,2,4,1,16,1,0,1,Classroom,2,0,1.25,1416.77,850,432,2623.26,1,0,0,0,0.0,0.85,21.12,150.73,0.784,0.196,Low,0,3,Thu,0,0,1,0,1,11,7,48630.79,0.6364,0,1,85,0.941,High,1,0,93.3,0.0826
B-202502-79278,Booked,Consulting Network,Annual Sales Conference,Corporate,Virtual,Full Package,Professional Services,Professional Services,Repeat Client,Medium,2024-12-26,2025-01-13,9,2025-02-27,2025-02-28,1,63,55,55,69,1,Half Ballroom,1,0,9,1.0,22890.66,2,53.3,146.59,118.55,6520.25,1692.5,2918.57,11131.32,45,5334.75,1692.5,2779.6,9806.85,0.8181818181818182,40.284,,2025,2,4,66.0,34.0,1,131.76,153.54,285.3,223.07,187.69,1,0.0,55,0,0,0,2,1,1,8,1,0,1,Classroom,2,0,2.0,1692.5,350,1848,2841.97,4,0,0,0,100.0,0.57,19.13,202.39,0.797,0.29,Low,0,3,Thu,0,1,0,0,1,33,24,274603.28,0.7273,0,1,85,0.647,High,1,0,100.0,0.1429
B-202502-24220,Booked,Senior Adventures,Architecture Tour Group,Corporate,Hybrid,Rooms Only,Other,Other,Referral,Low,2024-12-12,2024-12-27,10,2025-02-28,2025-03-01,1,78,16,16,17,0,,0,0,5,1.0,2872.79,1,57.1,153.53,123.93,1982.88,0.0,0.0,1982.88,15,1858.95,0.0,0.0,1858.95,0.9375,0.0,,2025,2,3,62.2,37.8,1,84.41,120.44,204.85,204.85,120.44,1,0.0,16,0,0,0,0,0,0,0,0,0,0,,0,0,0.0,0.0,0,0,0.0,0,0,0,0,0.0,0.0,19.28,123.93,0.941,0.0,Low,0,4,Fri,1,0,0,1,1,17,11,59957.02,0.6471,0,1,36,0.444,Moderate,0,0,100.0,0.0641
B-202502-73790,Booked,Private Party,Family Reunion Weekend,Wedding/Social,In-person,Rooms Only,Social,Social/Private,Third-Party Planner,Low,2024-04-03,2024-05-19,42,2025-02-28,2025-03-01,1,331,46,46,50,0,,0,1,4,0.0,0.0,3,54.5,153.72,110.68,5091.28,0.0,0.0,5091.28,24,2656.32,0.0,0.0,2656.32,0.5217391304347826,0.0,,2025,2,2,50.1,49.9,0,92.5,124.62,217.12,0.0,217.12,1,0.0,46,0,0,0,0,0,0,0,0,0,0,,0,0,0.0,0.0,0,0,0.0,0,0,0,0,0.0,0.0,28.0,110.68,0.92,0.0,Low,0,4,Fri,1,0,1,1,1,49,38,233808.62,0.7755,0,1,36,1.0,High,1,1,93.3,0.0121
B-202502-77295,Booked,Regional Healthcare System,Regional Team Meeting,Corporate,Hybrid,Full Package,Healthcare,Healthcare,Website,Medium,2024-12-18,2025-01-02,8,2025-02-28,2025-03-02,2,72,62,124,86,1,Half Ballroom,1,1,7,0.0,0.0,1,54.4,154.49,116.27,14417.48,927.57,3483.77,18828.82,109,12673.43,927.57,3317.88,16918.88,0.8790322580645161,19.29,,2025,2,4,71.7,28.3,1,99.6,111.38,210.98,210.98,111.38,2,17.7,51,62,0,0,1,4,2,24,1,0,1,Classroom,3,1,2.25,927.57,1700,3444,6940.54,4,0,0,0,50.0,0.72,24.74,151.85,0.721,0.116,Low,0,4,Fri,1,0,1,0,1,35,33,393945.18,0.9429,0,1,83,0.747,High,1,0,93.3,0.0972
B-202502-92350,Booked,Technology Innovators,Annual Sales Conference,Corporate,In-person,Rooms Only,Technology,Technology,Repeat Client,Medium,2024-11-01,2024-11-16,12,2025-02-28,2025-03-01,1,119,60,60,66,0,,0,1,3,0.0,0.0,1,53.7,152.52,118.57,7114.2,0.0,0.0,7114.2,53,6284.21,0.0,0.0,6284.21,0.8833333333333333,0.0,,2025,2,3,62.6,37.4,0,21.76,117.63,139.39,0.0,122.66,1,0.0,60,0,0,0,0,0,0,0,0,0,0,,0,0,0.0,0.0,0,0,0.0,0,0,0,0,0.0,0.0,22.26,118.57,0.909,0.0,Low,0,4,Fri,1,1,1,1,1,40,30,383647.38,0.75,0,1,36,1.0,High,1,1,93.3,0.0252
B-202503-47963,Booked,Professional Services Group,Innovation Workshop,Corporate,In-person,Full Package,Finance,Other,Sales Call,Medium,2025-01-30,2025-02-22,9,2025-03-01,2025-03-03,2,30,75,150,83,1,Half Ballroom,1,1,14,0.0,0.0,2,61.6,160.21,132.72,19908.0,1396.01,2823.14,24127.15,119,15793.68,1396.01,2688.7,19878.39,0.7933333333333333,16.197,,2025,3,4,62.9,37.1,1,140.95,142.22,283.17,243.97,142.22,2,2.7,73,75,0,0,2,4,2,24,1,0,1,Classroom,3,1,1.75,1396.01,1300,4668,7899.45,4,0,0,0,50.0,0.69,17.16,160.85,0.904,0.241,Shoulder,0,5,Sat,1,0,1,0,1,36,28,362463.87,0.7778,0,1,145,0.517,Moderate,0,0,93.3,0.4667
B-202503-70645,Booked,Education Foundation,Leadership Institute,Association,In-person,Meeting Only,Education,Education,Website,Medium,2024-10-06,2024-11-04,24,2025-03-03,2025-03-07,4,148,0,0,33,1,Breakout Room,0,0,5,0.0,0.0,1,67.8,155.19,0.0,0.0,379.98,5880.66,6260.64,0,0.0,379.98,5600.63,5980.61,,42.429,,2025,3,0,0.0,0.0,0,0.0,0.0,0.0,0.0,0.0,0,0.0,0,0,0,0,1,4,4,32,0,0,1,Banquet,2,0,1.75,379.98,1200,8151,13387.8,5,0,0,0,100.0,0.82,100.0,,0.0,0.303,Shoulder,0,0,Mon,0,0,1,1,1,46,33,696563.89,0.7174,0,1,220,0.0,Low,0,0,80.0,0.0338
B-202503-21284,Booked,Community Church,Charity Fundraiser,SMERF,In-person,Full Package,SMERF,Religious,RFP,Low,2024-11-27,2024-12-19,11,2025-03-06,2025-03-07,1,99,23,23,28,1,Breakout Room,1,0,11,1.0,7469.0,2,78.5,187.38,177.86,4090.78,494.66,311.87,4897.31,19,3379.34,494.66,297.02,4171.02,0.8260869565217391,10.608,,2025,3,4,65.2,34.8,1,148.83,157.54,306.37,264.7,157.54,1,0.0,23,0,0,0,1,2,1,8,0,0,1,Classroom,1,0,0.5,494.66,150,336,1688.58,1,0,0,0,0.0,0.7,5.08,212.93,0.821,0.357,Peak,0,3,Thu,0,0,0,0,1,13,10,76785.39,0.7692,0,1,150,0.153,Low,0,0,100.0,0.1111
B-202503-58773,Booked,Family Celebration,Family Reunion Weekend,Wedding/Social,In-person,Full Package,Social,Social/Private,Sales Call,Low,2024-06-06,2024-07-14,30,2025-03-06,2025-03-07,1,273,30,30,41,1,Half Ballroom,1,1,8,0.0,0.0,1,74.4,188.69,170.27,5108.1,973.18,2952.63,9033.91,19,3235.13,973.18,2812.03,7020.34,0.6333333333333333,68.586,,2025,3,3,68.4,31.6,1,30.25,147.6,177.85,177.85,147.6,1,0.0,30,0,0,0,1,2,1,8,1,0,1,Banquet,2,0,1.5,973.18,500,1320,2465.99,1,1,0,1,0.0,0.34,9.76,301.13,0.732,0.244,Shoulder,0,3,Thu,0,0,1,0,1,52,42,252766.3,0.8077,0,1,150,0.2,Low,0,0,93.3,0.0293
B-202503-82001,Booked,Consulting Network,Annual Sales Conference,Corporate,Hybrid,Full Package,Professional Services,Professional Services,Sales Call,Low,2025-01-12,2025-02-01,10,2025-03-06,2025-03-07,1,53,17,17,19,1,Breakout Room,1,1,10,1.0,6263.53,3,78.0,183.79,182.59,3104.03,515.03,858.49,4477.55,14,2556.26,515.03,817.61,3888.9,0.8235294117647058,43.032,,2025,3,4,66.0,34.0,1,112.68,160.83,273.51,273.51,168.12,1,0.0,17,0,0,0,1,1,1,8,0,0,1,Classroom,2,0,2.0,515.03,350,1463,2817.45,4,0,0,0,100.0,0.47,0.65,263.39,0.895,0.526,Peak,0,3,Thu,0,0,0,0,0,34,25,284410.13,0.7353,0,1,150,0.113,Low,0,0,100.0,0.1887
B-202503-15460,Booked,Professional Services Group,Innovation Workshop,Corporate,In-person,Full Package,Finance,Other,Sales Call,Low,2025-01-17,2025-02-06,12,2025-03-07,2025-03-08,1,49,5,5,6,1,Boardroom,1,0,8,0.0,0.0,3,79.1,186.38,183.65,918.25,281.69,149.87,1349.81,4,734.6,281.69,142.74,1159.03,0.8,23.79,,2025,3,3,66.5,33.5,1,124.47,162.4,286.87,286.87,162.4,1,0.0,5,0,0,0,1,1,1,8,0,1,1,Boardroom,3,1,3.0,281.69,650,240,1858.87,2,0,0,0,100.0,0.43,1.46,269.96,0.833,1.667,Peak,0,4,Fri,1,0,1,0,0,37,29,382342.26,0.7838,0,1,168,0.03,Low,0,0,93.3,0.1633
B-202503-52127,Booked,Professional Engineers Society,State Convention,Association,In-person,Full Package,Association,Other,Repeat Client,High,2024-10-18,2024-11-24,27,2025-03-07,2025-03-11,4,140,47,188,53,1,Half Ballroom,1,0,10,1.0,56139.36,1,75.0,193.04,166.2,31245.6,1304.57,10907.18,43457.35,138,22935.6,1304.57,10387.79,34627.96,0.7340425531914894,48.999,,2025,3,4,60.3,39.7,1,162.87,137.42,300.29,177.64,137.42,2,10.3,38,47,37,34,1,4,4,32,1,0,1,Classroom,3,1,2.0,1304.57,1500,6280,10107.75,5,0,0,0,100.0,0.44,13.9,231.16,0.887,0.189,Shoulder,0,4,Fri,1,1,0,0,1,44,34,707632.98,0.7727,0,1,117,0.402,Moderate,0,0,100.0,0.0714
B-202503-65442,Booked,Financial Services Group,Performance Review Summit,Corporate,In-person,Rooms Only,Finance,Finance,Referral,Medium,2024-11-27,2024-12-14,13,2025-03-08,2025-03-10,2,101,56,112,61,0,,0,1,4,0.0,0.0,1,75.7,184.1,170.85,19135.2,0.0,0.0,19135.2,104,17768.4,0.0,0.0,17768.4,0.9285714285714286,0.0,,2025,3,2,67.3,32.7,1,57.01,150.33,207.34,207.34,150.33,2,7.1,52,56,0,0,0,0,0,0,0,0,0,,0,0,0.0,0.0,0,0,0.0,0,0,0,0,0.0,0.0,7.2,170.85,0.918,0.0,Shoulder,0,5,Sat,1,0,1,1,1,33,24,272877.94,0.7273,0,1,36,1.0,High,1,1,93.3,0.0396
B-202503-36825,Booked,Manufacturing Alliance,Leadership Summit,Corporate,In-person,Rooms Only,Finance,Other,Cvent,Low,2024-12-20,2025-01-04,12,2025-03-09,2025-03-11,2,79,40,80,44,0,,0,1,3,1.0,15474.62,1,76.7,186.94,179.06,14324.8,0.0,0.0,14324.8,72,12892.32,0.0,0.0,12892.32,0.9,0.0,,2025,3,4,69.9,30.1,1,86.72,175.52,262.24,262.24,175.52,2,0.0,40,40,0,0,0,0,0,0,0,0,0,,0,0,0.0,0.0,0,0,0.0,0,0,0,0,0.0,0.0,4.22,179.06,0.909,0.0,Shoulder,0,6,Sun,1,0,0,1,1,37,25,364476.18,0.6757,0,1,0,,Unknown,0,1,100.0,0.038
B-202503-41558,Booked,Industry Trade Group,Educational Seminar Series,Association,In-person,Full Package,Trade/Manufacturing,Trade/Manufacturing,Sales Call,Low,2024-07-05,2024-08-06,21,2025-03-09,2025-03-11,2,247,41,82,45,1,Half Ballroom,1,1,11,0.0,0.0,4,77.0,183.56,162.93,13360.26,1216.07,4314.31,18890.64,63,10264.59,1216.07,4108.86,15589.52,0.7682926829268293,45.654,,2025,3,3,57.7,42.3,1,80.82,192.34,273.16,235.77,235.77,2,7.3,38,41,0,0,1,2,2,16,1,0,1,Classroom,2,0,1.5,1216.07,500,3480,5107.45,4,0,0,0,100.0,0.38,11.24,230.37,0.911,0.222,Shoulder,0,6,Sun,1,0,1,0,1,32,22,369025.36,0.6875,0,1,0,,Unknown,0,1,93.3,0.0445
B-202503-33713,Booked,Volunteer Network,High School Reunion,SMERF,Virtual,Full Package,Other,Other,Direct Inquiry,Low,2025-01-20,2025-02-23,21,2025-03-10,2025-03-11,1,49,43,43,49,1,Half Ballroom,1,1,13,0.0,0.0,1,59.9,159.04,127.74,5492.82,953.26,507.19,6953.27,35,4470.9,953.26,483.04,5907.2,0.813953488372093,9.858,,2025,3,3,59.7,40.3,1,96.99,149.01,246.0,246.0,149.01,1,0.0,43,0,0,0,1,1,1,8,1,0,1,Classroom,1,0,1.0,953.26,150,700,1482.25,1,0,0,0,100.0,0.41,19.68,161.7,0.878,0.204,Low,0,0,Mon,0,0,1,0,1,21,15,94230.64,0.7143,0,1,0,,Unknown,0,1,93.3,0.2653
B-202503-84463,Booked,Manufacturing Alliance,Annual Sales Conference,Corporate,In-person,Rooms Only,Healthcare,Other,Direct Inquiry,Low,2024-12-27,2025-01-17,14,2025-03-10,2025-03-11,1,73,58,58,63,0,,0,1,7,1.0,10309.0,1,61.1,153.67,138.31,8021.98,0.0,0.0,8021.98,54,7468.74,0.0,0.0,7468.74,0.9310344827586208,0.0,,2025,3,2,72.6,27.4,1,35.98,155.54,191.52,191.52,155.54,1,0.0,58,0,0,0,0,0,0,0,0,0,0,,0,0,0.0,0.0,0,0,0.0,0,0,0,0,0.0,0.0,10.0,138.31,0.921,0.0,Shoulder,0,0,Mon,0,0,0,0,1,38,26,377368.5,0.6842,0,1,0,,Unknown,0,1,100.0,0.0959
B-202503-64085,Booked,Professional Engineers Society,Industry Forum,Association,In-person,Full Package,Association,Other,Website,High,2024-07-22,2024-08-21,19,2025-03-12,2025-03-15,3,233,60,180,79,1,Half Ballroom,1,0,11,0.0,0.0,1,61.0,164.23,134.58,24224.4,1354.13,11979.14,37557.67,135,18168.3,1354.13,11408.71,30931.14,0.75,48.138,,2025,3,3,68.3,31.7,1,103.46,148.46,251.92,251.92,148.46,2,5.5,53,60,53,0,2,3,3,24,1,0,1,Theater,3,1,2.0,1354.13,1150,4280,7350.36,4,0,0,0,100.0,0.66,18.05,208.65,0.759,0.253,Shoulder,0,2,Wed,0,0,1,0,1,45,35,742260.94,0.7778,0,1,160,0.375,Moderate,0,0,93.3,0.0472
B-202503-11739,Booked,Private Party,Retirement Party,Wedding/Social,In-person,Rooms Only,Social,Social/Private,RFP,Low,2024-03-14,2024-04-17,28,2025-03-14,2025-03-15,1,365,23,23,25,0,,0,0,6,1.0,3337.73,1,59.1,149.78,113.57,2612.11,0.0,0.0,2612.11,13,1476.41,0.0,0.0,1476.41,0.5652173913043478,0.0,,2025,3,3,61.3,38.7,1,82.05,131.29,213.34,213.34,131.29,1,0.0,23,0,0,0,0,0,0,0,0,0,0,,0,0,0.0,0.0,0,0,0.0,0,0,0,0,0.0,0.0,24.18,113.57,0.92,0.0,Low,0,4,Fri,1,0,0,0,1,50,39,236464.94,0.78,0,1,137,0.168,Low,0,0,100.0,0.0164
B-202503-10827,Booked,Dental Association,Committee Meeting,Association,In-person,Full Package,Healthcare,Healthcare,Direct Inquiry,Medium,2024-06-07,2024-07-10,22,2025-03-15,2025-03-17,2,281,76,152,87,1,Half Ballroom,1,1,11,1.0,41457.87,3,63.8,157.6,130.54,19842.08,1283.95,3489.75,24615.78,112,14620.48,1283.95,3323.57,19228.0,0.7368421052631579,19.101,,2025,3,2,67.4,32.6,1,55.22,135.35,190.57,190.57,135.35,2,13.2,66,76,0,0,2,5,2,24,1,0,1,Classroom,3,1,2.0,1283.95,1850,3468,7325.89,5,0,0,0,20.0,0.72,17.17,161.95,0.874,0.23,Shoulder,0,5,Sat,1,0,0,0,1,31,24,460241.15,0.7742,0,1,0,,Unknown,0,1,100.0,0.0391
B-202503-38704,Booked,TechCorp Solutions,Annual Sales Conference,Corporate,Hybrid,Full Package,Technology,Technology,Third-Party Planner,Medium,2025-02-13,2025-03-12,13,2025-03-16,2025-03-18,2,31,39,78,54,1,Half Ballroom,1,1,14,1.0,25658.21,2,67.6,163.62,144.85,11298.3,1272.58,4838.66,17409.54,66,9560.1,1272.58,4608.25,15440.93,0.8461538461538461,42.669,,2025,3,3,61.9,38.1,1,51.89,156.48,208.37,208.37,160.73,2,17.9,32,39,0,0,1,2,2,16,1,0,1,Theater,3,1,2.0,1272.58,800,2760,4692.96,3,0,0,0,100.0,0.45,11.47,223.2,0.722,0.185,Shoulder,0,6,Sun,1,0,0,0,1,29,20,168812.27,0.6897,0,1,181,0.215,Low,0,0,100.0,0.4516
B-202503-47400,Booked,Regional Healthcare System,Sales Kickoff,Corporate,In-person,Full Package,Healthcare,Healthcare,RFP,Low,2024-12-15,2025-01-08,13,2025-03-16,2025-03-17,1,91,49,49,55,1,Half Ballroom,1,1,11,1.0,19289.66,2,64.5,157.94,137.85,6754.65,804.39,2701.66,10260.7,46,6341.1,804.39,2573.01,9718.5,0.9387755102040816,46.782,,2025,3,3,54.2,45.8,0,39.61,134.17,173.78,0.0,146.52,1,0.0,49,0,0,0,1,1,1,8,1,0,1,Classroom,1,0,1.0,804.39,150,1560,2334.08,3,0,0,0,100.0,0.46,12.72,209.4,0.891,0.182,Shoulder,0,6,Sun,1,0,0,0,1,36,34,410864.06,0.9444,0,1,0,,Unknown,0,1,100.0,0.1209
B-202503-50371,Booked,Financial Services Group,Product Launch Event,Corporate,Virtual,Full Package,Finance,Finance,Sales Call,Medium,2024-12-10,2025-01-05,14,2025-03-16,2025-03-17,1,96,58,58,69,1,Half Ballroom,1,0,12,0.0,0.0,4,67.6,160.25,145.38,8432.04,1234.7,3074.63,12741.37,55,7995.9,1234.7,2928.22,12158.82,0.9482758620689656,42.438,,2025,3,2,51.0,49.0,0,6.93,137.56,144.49,0.0,137.56,1,0.0,58,0,0,0,1,1,1,8,1,0,1,Classroom,3,1,3.0,1234.7,650,1560,2756.12,3,0,0,0,100.0,0.57,9.28,219.68,0.841,0.145,Shoulder,0,6,Sun,1,0,1,0,1,34,25,290646.34,0.7353,0,1,0,,Unknown,0,1,93.3,0.125
B-202503-92977,Booked,Family Celebration,Williams-Brown Wedding,Wedding/Social,In-person,Meeting Only,Social,Social/Private,Direct Inquiry,Low,2024-04-04,2024-05-04,22,2025-03-16,2025-03-17,1,346,0,0,66,1,Half Ballroom,0,1,8,0.0,0.0,2,63.5,165.02,0.0,0.0,1210.72,5044.07,6254.79,0,0.0,1210.72,4803.88,6014.6,,72.786,,2025,3,0,0.0,0.0,0,0.0,0.0,0.0,0.0,0.0,0,0.0,0,0,0,0,2,2,1,8,1,0,1,Banquet,1,0,0.5,1210.72,150,1320,2209.52,1,1,0,1,0.0,0.55,100.0,,0.0,0.303,Shoulder,0,6,Sun,1,0,1,0,1,53,43,259786.64,0.8113,0,1,0,,Unknown,0,0,80.0,0.0231
B-202503-96324,Booked,Consulting Network,Management Training,Corporate,In-person,Rooms Only,Professional Services,Professional Services,RFP,Low,2025-01-31,2025-02-11,7,2025-03-18,2025-03-20,2,46,37,74,40,0,,0,1,4,0.0,0.0,4,62.3,155.87,134.96,9987.04,0.0,0.0,9987.04,60,8097.6,0.0,0.0,8097.6,0.8108108108108109,0.0,,2025,3,2,65.9,34.1,1,61.8,191.91,253.71,253.71,253.71,2,27.0,27,37,0,0,0,0,0,0,0,0,0,,0,0,0.0,0.0,0,0,0.0,0,0,0,0,0.0,0.0,13.42,134.96,0.925,0.0,Shoulder,0,1,Tue,0,0,1,1,1,35,26,288299.03,0.7429,0,1,123,0.301,Moderate,0,0,93.3,0.087
B-202503-55794,Booked,Financial Services Group,Annual Sales Conference,Corporate,In-person,Meeting Only,Finance,Finance,Third-Party Planner,Medium,2024-12-18,2025-01-03,8,2025-03-19,2025-03-21,2,91,0,0,99,1,Half Ballroom,0,1,8,0.0,0.0,1,59.3,162.25,0.0,0.0,1531.09,3463.4,4994.49,0,0.0,1531.09,3298.48,4829.57,,16.659,,2025,3,0,0.0,0.0,0,0.0,0.0,0.0,0.0,0.0,0,0.0,0,0,0,0,2,6,2,24,1,0,1,Classroom,3,1,2.0,1531.09,2200,5286,9427.84,5,0,0,0,0.0,0.82,100.0,,0.0,0.202,Low,0,2,Wed,0,0,1,0,1,35,26,302805.16,0.7429,0,1,123,0.0,Low,0,0,80.0,0.0879
B-202503-63477,Booked,Nursing Council,Policy Symposium,Association,Hybrid,Full Package,Healthcare,Healthcare,Third-Party Planner,High,2024-07-17,2024-08-09,14,2025-03-19,2025-03-23,4,245,60,240,70,1,Half Ballroom,1,0,9,1.0,69583.67,4,62.4,156.11,121.74,29217.6,1817.79,12635.53,43670.92,187,22765.38,1817.79,12033.84,36617.01,0.7791666666666667,42.978,,2025,3,2,52.5,47.5,0,10.71,132.75,143.46,0.0,143.46,2,8.0,49,60,59,51,2,4,4,32,1,0,1,Banquet,3,1,2.0,1817.79,1500,5840,9813.56,5,0,0,0,100.0,0.58,22.02,181.96,0.857,0.286,Shoulder,0,2,Wed,0,0,0,0,1,37,25,419468.77,0.6757,0,1,160,0.375,Moderate,0,0,100.0,0.0367
B-202503-52452,Booked,Retail Corporation,Regional Team Meeting,Corporate,In-person,Full Package,Professional Services,Other,Direct Inquiry,Low,2024-12-22,2025-01-09,8,2025-03-21,2025-03-22,1,89,45,45,51,1,Half Ballroom,1,0,10,1.0,13165.78,1,59.4,160.27,123.49,5557.05,940.64,2599.64,9097.33,44,5433.56,940.64,2475.85,8850.05,0.9777777777777776,48.546,,2025,3,3,61.7,38.3,1,96.65,117.52,214.17,214.17,117.52,1,0.0,45,0,0,0,1,1,1,8,1,0,1,Theater,1,0,1.0,940.64,150,1560,2365.87,3,0,0,0,100.0,0.42,22.95,202.16,0.882,0.196,Low,0,4,Fri,1,0,0,0,1,35,27,362509.03,0.7714,0,1,115,0.391,Moderate,0,0,100.0,0.1124
B-202503-65236,Booked,TechCorp Solutions,Executive Offsite,Corporate,In-person,Meeting Only,Technology,Technology,Direct Inquiry,Low,2025-01-13,2025-01-27,8,2025-03-21,2025-03-22,1,67,0,0,72,1,Half Ballroom,0,1,6,1.0,7096.84,2,62.2,151.72,0.0,0.0,1744.29,3263.2,5007.49,0,0.0,1744.29,3107.81,4852.1,,43.164,,2025,3,0,0.0,0.0,0,0.0,0.0,0.0,0.0,0.0,0,0.0,0,0,0,0,2,1,1,8,1,0,1,Classroom,2,0,2.0,1744.29,350,1560,2520.11,3,0,0,0,100.0,0.6,100.0,,0.0,0.278,Shoulder,0,4,Fri,1,0,0,0,1,30,21,184253.2,0.7,0,1,115,0.0,Low,0,0,86.7,0.0896
B-202503-41066,Booked,Personal Event,Family Reunion Weekend,Wedding/Social,In-person,Full Package,Social,Social/Private,Third-Party Planner,Low,2024-03-23,2024-04-30,31,2025-03-23,2025-03-24,1,365,35,35,43,1,Half Ballroom,1,0,7,1.0,14132.47,2,61.3,156.24,113.79,3982.65,1217.48,3021.62,8221.75,22,2503.38,1217.48,2877.73,6598.59,0.6285714285714286,66.924,,2025,3,4,74.5,25.5,1,41.69,119.62,161.31,161.31,119.62,1,0.0,35,0,0,0,1,1,1,4,1,0,1,Reception,2,0,2.0,1217.48,350,1320,1993.56,1,1,0,1,0.0,0.36,27.17,234.91,0.814,0.233,Shoulder,0,6,Sun,1,0,0,0,1,50,35,181850.38,0.7,0,1,125,0.28,Moderate,0,0,100.0,0.0192
B-202503-98892,Booked,Pharmaceutical Partners,Leadership Summit,Corporate,In-person,Full Package,Healthcare,Healthcare,Website,Medium,2025-01-03,2025-01-19,8,2025-03-23,2025-03-24,1,79,60,60,76,1,Half Ballroom,1,0,8,0.0,0.0,2,60.9,157.26,136.64,8198.4,1457.43,3758.1,13413.93,50,6832.0,1457.43,3579.14,11868.57,0.8333333333333334,47.094,,2025,3,2,62.6,37.4,1,50.15,169.03,219.18,219.18,219.18,1,0.0,60,0,0,0,2,1,1,8,1,0,1,Classroom,2,0,2.0,1457.43,350,1248,2250.97,3,0,0,0,100.0,0.63,13.11,223.57,0.789,0.263,Shoulder,0,6,Sun,1,0,1,0,1,47,33,460297.62,0.7021,0,1,125,0.48,Moderate,0,0,93.3,0.1013
B-202503-26794,Booked,Dental Association,Awards Gala Weekend,Association,In-person,Full Package,Healthcare,Healthcare,Website,High,2024-08-31,2024-09-24,16,2025-03-24,2025-03-27,3,205,52,156,66,1,Half Ballroom,1,1,8,0.0,0.0,4,58.1,160.93,134.4,20966.4,1196.52,9448.64,31611.56,106,14246.4,1196.52,8998.7,24441.62,0.6794871794871795,45.448,,2025,3,3,55.5,44.5,1,108.16,143.21,251.37,163.47,143.21,2,4.8,46,52,50,0,1,3,3,24,1,0,1,Classroom,2,0,2.0,1196.52,1050,3600,6499.13,5,0,0,0,100.0,0.55,16.49,202.64,0.788,0.152,Low,0,0,Mon,0,0,1,0,1,32,25,479469.15,0.7812,0,1,0,,Unknown,0,1,93.3,0.039
B-202503-45033,Booked,Nonprofit Foundation,Community Theater Production,SMERF,Hybrid,Full Package,Technology,Technology,Referral,Medium,2024-11-13,2024-12-04,10,2025-03-24,2025-03-26,2,131,57,114,74,1,Half Ballroom,1,0,11,0.0,0.0,3,61.8,157.51,123.07,14029.98,1440.04,2478.32,17948.34,87,10707.09,1440.04,2360.3,14507.43,0.7631578947368421,15.948,,2025,3,4,51.9,48.1,0,136.12,111.96,248.08,0.0,120.03,2,10.5,51,57,0,0,2,4,2,16,1,0,1,Classroom,2,0,0.75,1440.04,500,1640,3587.76,2,0,0,0,0.0,0.62,21.87,157.44,0.77,0.27,Shoulder,0,0,Mon,0,0,1,0,1,19,14,98227.66,0.7368,0,1,0,,Unknown,0,1,93.3,0.084
B-202503-53895,Booked,HR Professionals Network,Awards Gala Weekend,Association,In-person,Full Package,Professional Services,Professional Services,Cvent,High,2024-11-21,2024-12-26,24,2025-03-24,2025-03-27,3,123,71,213,80,1,Half Ballroom,1,1,11,0.0,0.0,2,61.0,158.17,114.57,24403.41,1702.84,10241.78,36348.03,148,16956.36,1702.84,9754.08,28413.28,0.6948356807511737,40.642,,2025,3,3,68.5,31.5,1,129.0,113.23,242.23,191.52,113.23,2,6.9,64,71,59,0,2,3,3,24,1,0,1,Classroom,3,1,2.67,1702.84,1650,4120,7615.63,5,0,0,0,100.0,0.67,27.57,170.65,0.888,0.25,Shoulder,0,0,Mon,0,0,1,0,1,33,22,519162.65,0.6667,0,1,0,,Unknown,0,1,93.3,0.0894
B-202503-45855,Booked,Regional Healthcare System,Customer Advisory Board,Corporate,In-person,Full Package,Healthcare,Healthcare,RFP,Low,2025-01-29,2025-02-20,8,2025-03-25,2025-03-27,2,55,15,30,17,1,Breakout Room,1,1,14,0.0,0.0,2,64.5,163.06,131.56,3946.8,442.05,1457.74,5846.59,28,3683.68,442.05,1388.32,5514.05,0.9333333333333332,40.833,,2025,3,2,54.0,46.0,1,70.53,156.63,227.16,227.16,156.63,2,40.0,9,15,0,0,1,2,2,16,0,0,1,Theater,3,1,2.0,442.05,800,2414,5093.04,4,0,0,0,100.0,0.42,19.32,194.89,0.882,0.588,Shoulder,0,1,Tue,0,0,1,0,1,38,35,420582.56,0.9211,0,1,10,1.0,High,1,1,93.3,0.2545
B-202503-81554,Booked,Real Estate Board,Certification Training,Association,In-person,Full Package,Government,Government,Referral,High,2024-09-20,2024-10-29,25,2025-03-25,2025-03-27,2,186,72,144,84,1,Half Ballroom,1,1,14,0.0,0.0,2,62.1,166.01,140.13,20178.72,1594.97,3375.77,25149.46,112,15694.56,1594.97,3215.02,20504.55,0.7777777777777778,19.137,,2025,3,3,63.5,36.5,1,87.01,153.5,240.51,240.51,153.5,2,16.7,60,72,0,0,2,4,2,24,1,0,1,Theater,3,1,2.25,1594.97,1800,2832,6439.66,5,0,0,0,50.0,0.7,15.59,174.65,0.857,0.238,Shoulder,0,1,Tue,0,0,1,0,1,33,27,566571.55,0.8182,0,1,10,1.0,High,1,1,93.3,0.0753
B-202503-30848,Booked,Education Foundation,Member Appreciation Event,Association,In-person,Full Package,Education,Education,Repeat Client,Medium,2024-09-26,2024-11-02,24,2025-03-27,2025-03-29,2,182,29,58,38,1,Breakout Room,1,1,13,0.0,0.0,1,61.5,155.39,127.64,7403.12,585.93,3747.09,11736.14,44,5616.16,585.93,3568.66,9770.75,0.7586206896551724,46.956,,2025,3,4,66.8,33.2,1,147.99,125.94,273.93,217.75,125.94,2,24.1,22,29,0,0,1,2,2,16,0,0,1,Classroom,2,0,2.0,585.93,700,4680,7299.39,4,0,0,0,100.0,0.95,17.86,202.35,0.763,0.263,Shoulder,0,3,Thu,0,1,1,0,1,47,34,702544.5,0.7234,0,1,93,0.312,Moderate,0,0,93.3,0.0714
B-202503-62352,Booked,Legal Society,Professional Development Symposium,Association,Hybrid,Rooms Only,Legal,Legal,Sales Call,Medium,2024-07-14,2024-08-09,22,2025-03-28,2025-03-31,3,257,45,135,49,0,,0,0,4,1.0,21296.01,2,67.5,161.29,144.06,19448.1,0.0,0.0,19448.1,85,12245.1,0.0,0.0,12245.1,0.6296296296296297,0.0,,2025,3,4,55.8,44.2,1,103.11,127.84,230.95,230.95,127.84,2,8.6,38,45,36,0,0,0,0,0,0,0,0,,0,0,0.0,0.0,0,0,0.0,0,0,0,0,0.0,0.0,10.68,144.06,0.918,0.0,Shoulder,0,4,Fri,1,0,0,1,1,26,22,436775.47,0.8462,0,1,0,,Unknown,0,1,100.0,0.0156
B-202503-72534,Booked,Global Industries,Annual Sales Conference,Corporate,In-person,Rooms Only,Professional Services,Other,Direct Inquiry,Low,2024-12-27,2025-01-16,13,2025-03-28,2025-03-30,2,91,53,106,58,0,,0,1,7,0.0,0.0,1,64.1,158.95,137.9,14617.4,0.0,0.0,14617.4,100,13790.0,0.0,0.0,13790.0,0.9433962264150944,0.0,,2025,3,3,52.0,48.0,1,130.84,141.2,272.04,227.8,141.2,2,18.9,43,53,0,0,0,0,0,0,0,0,0,,0,0,0.0,0.0,0,0,0.0,0,0,0,0,0.0,0.0,13.24,137.9,0.914,0.0,Shoulder,0,4,Fri,1,0,1,0,1,52,42,601387.65,0.8077,0,1,0,,Unknown,0,1,93.3,0.0769
B-202503-27284,Booked,Personal Event,Baby Shower Weekend,Wedding/Social,In-person,Full Package,Social,Social/Private,Direct Inquiry,Low,2024-10-30,2024-12-14,36,2025-03-29,2025-03-30,1,150,21,21,23,1,Breakout Room,1,1,9,1.0,9970.56,1,65.8,160.64,142.05,2983.05,429.26,1967.16,5379.47,13,1846.65,429.26,1873.49,4149.4,0.6190476190476191,81.456,,2025,3,4,61.6,38.4,1,138.61,135.86,274.47,224.77,135.86,1,0.0,21,0,0,0,1,2,1,8,0,0,1,Banquet,1,0,1.0,429.26,300,1265,2740.86,1,1,0,1,0.0,0.57,11.57,256.17,0.913,0.435,Shoulder,0,5,Sat,1,0,0,0,1,51,36,188448.97,0.7059,0,1,0,,Unknown,0,1,100.0,0.06
B-202503-49763,Booked,Manufacturing Alliance,Board of Directors Meeting,Corporate,Hybrid,Full Package,Finance,Other,Third-Party Planner,Medium,2025-02-26,2025-03-20,11,2025-03-29,2025-03-31,2,31,60,120,74,1,Half Ballroom,1,1,11,0.0,0.0,1,62.4,156.56,133.52,16022.4,1242.01,6235.89,23500.3,111,14820.72,1242.01,5938.94,22001.67,0.925,40.128,,2025,3,2,67.2,32.8,1,71.37,176.42,247.79,247.79,247.79,2,3.3,58,60,0,0,2,2,2,16,1,0,1,Classroom,2,0,2.0,1242.01,700,2520,4444.46,5,0,0,0,100.0,0.62,14.72,195.84,0.811,0.27,Shoulder,0,5,Sat,1,0,1,0,1,39,27,384837.24,0.6923,0,1,21,1.0,High,1,1,93.3,0.3548
B-202503-76368,Booked,Volunteer Network,Military Reunion,SMERF,In-person,Full Package,Other,Other,Cvent,High,2024-12-23,2025-01-26,20,2025-03-29,2025-03-31,2,96,62,124,79,1,Half Ballroom,1,0,14,0.0,0.0,4,60.2,156.81,125.53,15565.72,1323.78,2861.77,19751.27,106,13306.18,1323.78,2725.5,17355.46,0.8548387096774194,17.25,,2025,3,2,73.3,26.7,1,34.38,135.57,169.95,169.95,135.57,2,3.2,60,62,0,0,1,4,2,16,1,0,1,Classroom,2,0,1.0,1323.78,650,1640,3691.45,2,0,0,0,0.0,0.66,19.95,159.28,0.785,0.127,Shoulder,0,5,Sat,1,0,1,0,1,22,16,100137.84,0.7273,0,1,21,1.0,High,1,1,93.3,0.1458
B-202503-91630,Booked,Volunteer Network,Community Service Event,SMERF,Virtual,Full Package,Other,Other,Direct Inquiry,Low,2024-12-29,2025-01-25,15,2025-03-30,2025-03-31,1,91,32,32,37,1,Breakout Room,1,0,12,1.0,9267.87,1,60.3,158.04,117.75,3768.0,481.3,418.42,4667.72,27,3179.25,481.3,398.49,4059.04,0.84375,10.77,,2025,3,2,58.9,41.1,1,48.85,162.19,211.04,211.04,211.04,1,0.0,32,0,0,0,1,2,1,8,0,0,1,Theater,1,0,1.0,481.3,300,1260,2718.11,1,0,0,0,0.0,0.93,25.49,145.87,0.865,0.27,Shoulder,0,6,Sun,1,0,0,0,1,23,17,117493.3,0.7391,0,1,21,1.0,High,1,1,100.0,0.1319
B-202504-25869,Booked,Industry Trade Group,Board Retreat,Association,In-person,Meeting Only,Trade/Manufacturing,Trade/Manufacturing,Direct Inquiry,Low,2024-09-17,2024-10-13,20,2025-04-01,2025-04-03,2,196,0,0,48,1,Half Ballroom,0,1,6,1.0,15159.84,1,75.9,161.21,0.0,0.0,960.33,4768.85,5729.18,0,0.0,960.33,4541.76,5502.09,,47.31,,2025,4,0,0.0,0.0,0,0.0,0.0,0.0,0.0,0.0,0,0.0,0,0,0,0,1,2,2,16,1,0,1,Theater,2,0,1.5,960.33,500,2840,4523.63,4,0,0,0,100.0,0.4,100.0,,0.0,0.208,Shoulder,0,1,Tue,0,0,0,0,1,34,23,384614.88,0.6765,0,1,128,0.0,Low,0,0,86.7,0.0306
B-202504-58979,Booked,Legal Society,Annual Member Conference,Association,In-person,Full Package,Legal,Legal,Sales Call,Medium,2024-09-13,2024-10-13,22,2025-04-01,2025-04-03,2,200,64,128,79,1,Half Ballroom,1,0,8,0.0,0.0,2,78.5,163.6,150.94,19320.32,1526.19,6750.31,27596.82,90,13584.6,1526.19,6428.86,21539.65,0.703125,40.689,,2025,4,4,53.6,46.4,1,154.28,128.23,282.51,227.55,146.52,2,18.8,52,64,0,0,2,2,2,16,1,0,1,Classroom,3,1,2.0,1526.19,800,2840,4845.4,4,0,0,0,100.0,0.66,7.74,215.6,0.81,0.253,Peak,0,1,Tue,0,0,1,0,1,27,23,449020.57,0.8519,0,1,0,,Unknown,0,1,93.3,0.04
B-202504-76872,Booked,Banking Consortium,Strategic Planning Retreat,Corporate,In-person,Rooms Only,Finance,Finance,Sales Call,Low,2024-12-18,2024-12-29,7,2025-04-01,2025-04-04,3,104,28,84,30,0,,0,1,4,0.0,0.0,3,81.6,167.67,166.98,14026.32,0.0,0.0,14026.32,68,11354.64,0.0,0.0,11354.64,0.8095238095238095,0.0,,2025,4,4,54.7,45.3,1,175.9,169.9,345.8,280.57,169.9,2,13.4,19,28,25,0,0,0,0,0,0,0,0,,0,0,0.0,0.0,0,0,0.0,0,0,0,0,0.0,0.0,0.41,166.98,0.933,0.0,Peak,0,1,Tue,0,0,1,1,0,32,24,331115.82,0.75,0,1,0,,Unknown,0,1,93.3,0.0385
B-202504-27339,Booked,Education Foundation,Member Appreciation Event,Association,In-person,Full Package,Education,Education,Cvent,High,2024-09-18,2024-10-15,16,2025-04-02,2025-04-05,3,196,79,237,107,1,Half Ballroom,1,0,11,0.0,0.0,2,81.0,173.21,161.63,38306.31,1280.1,6382.38,45968.79,148,23921.24,1280.1,6078.46,31279.8,0.6244725738396625,18.936,,2025,4,3,53.2,46.8,1,98.65,182.95,281.6,281.6,281.6,2,3.6,72,79,76,0,2,7,3,36,1,0,1,Classroom,3,1,2.14,1280.1,2750,6764,12393.05,5,0,0,0,28.6,0.89,6.69,193.96,0.738,0.187,Peak,0,2,Wed,0,0,1,0,1,48,35,712315.25,0.7292,0,1,0,,Unknown,0,1,93.3,0.0561
B-202504-46353,Booked,Pharmaceutical Partners,Leadership Summit,Corporate,Hybrid,Rooms Only,Healthcare,Healthcare,Direct Inquiry,Low,2024-12-02,2024-12-14,8,2025-04-02,2025-04-04,2,121,58,116,63,0,,0,0,4,1.0,17001.32,3,73.1,167.76,145.99,16934.84,0.0,0.0,16934.84,103,15036.97,0.0,0.0,15036.97,0.8879310344827587,0.0,,2025,4,4,72.9,27.1,1,132.32,144.23,276.55,227.2,144.23,2,6.9,54,58,0,0,0,0,0,0,0,0,0,,0,0,0.0,0.0,0,0,0.0,0,0,0,0,0.0,0.0,12.98,145.99,0.921,0.0,Shoulder,0,2,Wed,0,0,0,1,1,48,34,472166.19,0.7083,0,1,0,,Unknown,0,1,100.0,0.0331
B-202504-82433,Booked,Accounting Institute,Industry Forum,Association,Hybrid,Full Package,Finance,Finance,RFP,Medium,2024-08-08,2024-09-12,25,2025-04-02,2025-04-04,2,237,41,82,47,1,Half Ballroom,1,0,10,1.0,24627.8,3,78.7,162.77,165.77,13593.14,1199.4,4705.33,19497.87,60,9946.2,1199.4,4481.26,15626.86,0.7317073170731707,47.673,,2025,4,4,68.7,31.3,1,151.65,167.06,318.71,193.41,168.27,2,24.4,31,41,0,0,1,2,2,16,1,0,1,Classroom,2,0,2.0,1199.4,700,2800,4722.87,5,0,0,0,100.0,0.39,-1.84,237.78,0.872,0.213,Peak,0,2,Wed,0,0,0,0,0,34,29,538839.05,0.8529,0,1,0,,Unknown,0,1,100.0,0.0422
B-202504-29079,Booked,State Medical Association,Networking Summit,Association,In-person,Rooms Only,Healthcare,Healthcare,Sales Call,High,2024-04-03,2024-05-06,26,2025-04-03,2025-04-06,3,365,65,195,71,0,,0,0,7,1.0,28361.97,1,78.9,165.12,158.98,31001.1,0.0,0.0,31001.1,157,24959.86,0.0,0.0,24959.86,0.8051282051282052,0.0,,2025,4,4,71.2,28.8,1,177.67,139.78,317.45,194.1,139.78,2,8.1,53,65,63,0,0,0,0,0,0,0,0,,0,0,0.0,0.0,0,0,0.0,0,0,0,0,0.0,0.0,3.72,158.98,0.915,0.0,Peak,0,3,Thu,0,0,0,0,1,42,38,848941.16,0.9048,0,1,0,,Unknown,0,1,100.0,0.0192
B-202504-56500,Booked,Technology Innovators,Product Launch Event,Corporate,In-person,Rooms Only,Technology,Technology,Sales Call,High,2025-01-29,2025-02-15,13,2025-04-03,2025-04-06,3,64,55,165,60,0,,0,0,4,0.0,0.0,2,84.7,166.51,169.98,28046.7,0.0,0.0,28046.7,152,25836.96,0.0,0.0,25836.96,0.9212121212121211,0.0,,2025,4,2,60.7,39.3,1,95.99,170.91,266.9,266.9,170.91,2,7.0,46,55,48,0,0,0,0,0,0,0,0,,0,0,0.0,0.0,0,0,0.0,0,0,0,0,0.0,0.0,-2.08,169.98,0.917,0.0,Peak,0,3,Thu,0,0,1,1,0,41,31,389931.59,0.7561,0,1,0,,Unknown,0,1,93.3,0.0625
B-202504-70709,Booked,TechCorp Solutions,Town Hall Meeting,Corporate,In-person,Full Package,Technology,Technology,RFP,Medium,2024-12-24,2025-01-14,10,2025-04-03,2025-04-04,1,100,58,58,75,1,Half Ballroom,1,1,11,1.0,21681.18,2,82.2,171.66,181.82,10545.56,1382.63,3390.19,15318.38,53,9636.46,1382.63,3228.75,14247.84,0.913793103448276,43.05,,2025,4,4,58.2,41.8,1,135.45,176.5,311.95,311.95,176.5,1,0.0,58,0,0,0,1,1,1,8,1,0,1,Classroom,3,1,3.0,1382.63,650,1560,2754.47,3,0,0,0,100.0,0.62,-5.92,264.11,0.773,0.133,Peak,0,3,Thu,0,0,0,0,0,31,22,189105.3,0.7097,0,1,0,,Unknown,0,1,100.0,0.11
B-202504-92745,Booked,Personal Event,Milestone Birthday Party,Wedding/Social,In-person,Rooms Only,Social,Social/Private,Repeat Client,Low,2024-07-22,2024-08-12,18,2025-04-03,2025-04-04,1,255,18,18,19,0,,0,0,3,1.0,3408.3,2,77.6,170.02,154.14,2774.52,0.0,0.0,2774.52,11,1695.54,0.0,0.0,1695.54,0.6111111111111112,0.0,,2025,4,2,65.6,34.4,1,55.45,228.23,283.68,228.23,228.23,1,0.0,18,0,0,0,0,0,0,0,0,0,0,,0,0,0.0,0.0,0,0,0.0,0,0,0,0,0.0,0.0,9.34,154.14,0.947,0.0,Shoulder,0,3,Thu,0,1,0,1,1,52,37,192598.37,0.7115,0,1,0,,Unknown,0,1,100.0,0.0118
B-202504-97115,Booked,Community Church,Church Retreat Weekend,SMERF,In-person,Full Package,SMERF,Religious,Cvent,Low,2024-12-04,2025-01-04,20,2025-04-03,2025-04-04,1,120,17,17,20,1,Breakout Room,1,1,11,0.0,0.0,3,81.2,171.86,175.75,2987.75,578.95,358.34,3925.04,13,2284.75,578.95,341.28,3204.98,0.7647058823529411,17.064,,2025,4,2,57.9,42.1,1,41.24,208.89,250.13,250.13,250.13,1,0.0,17,0,0,0,1,2,1,8,0,0,1,Theater,1,0,1.0,578.95,300,940,2483.77,2,0,0,0,0.0,0.5,-2.26,230.88,0.85,0.5,Peak,0,3,Thu,0,0,1,0,0,14,11,80956.41,0.7857,0,1,0,,Unknown,0,1,93.3,0.0917
B-202504-64055,Booked,Family Celebration,Quinceañera Celebration,Wedding/Social,In-person,Rooms Only,Social,Social/Private,Referral,Low,2024-04-18,2024-05-15,21,2025-04-04,2025-04-05,1,351,45,45,49,0,,0,1,6,1.0,6468.87,2,74.0,166.83,155.0,6975.0,0.0,0.0,6975.0,24,3720.0,0.0,0.0,3720.0,0.5333333333333333,0.0,,2025,4,4,56.0,44.0,1,77.03,145.88,222.91,222.91,154.25,1,0.0,45,0,0,0,0,0,0,0,0,0,0,,0,0,0.0,0.0,0,0,0.0,0,0,0,0,0.0,0.0,7.09,155.0,0.918,0.0,Shoulder,0,4,Fri,1,0,0,0,1,54,44,265801.24,0.8148,0,1,0,,Unknown,0,1,100.0,0.0171
B-202504-86741,Booked,Manufacturing Alliance,Management Training,Corporate,In-person,Meeting Only,Healthcare,Other,RFP,Low,2025-02-22,2025-03-11,8,2025-04-06,2025-04-08,2,43,0,0,101,1,Half Ballroom,0,1,9,1.0,30935.66,3,77.6,168.5,0.0,0.0,972.11,4254.94,5227.05,0,0.0,972.11,4052.32,5024.43,,20.061,,2025,4,0,0.0,0.0,0,0.0,0.0,0.0,0.0,0.0,0,0.0,0,0,0,0,1,4,2,24,1,0,1,Theater,3,1,2.25,972.11,1800,4056,7588.4,5,0,0,0,50.0,0.84,100.0,,0.0,0.099,Shoulder,0,6,Sun,1,0,0,0,1,40,28,406838.91,0.7,0,1,196,0.0,Low,0,0,86.7,0.2093
B-202504-89325,Booked,Youth Athletics,Military Reunion,SMERF,In-person,Meeting Only,SMERF,Social/Community,Repeat Client,Low,2024-11-13,2024-12-12,21,2025-04-06,2025-04-07,1,144,0,0,28,1,Breakout Room,0,0,8,0.0,0.0,1,80.9,164.17,0.0,0.0,572.72,0.0,572.72,0,0.0,572.72,0.0,572.72,,0.0,,2025,4,0,0.0,0.0,0,0.0,0.0,0.0,0.0,0.0,0,0.0,0,0,0,0,1,2,1,8,0,0,1,Theater,2,0,1.5,572.72,500,0,1751.25,0,0,0,0,0.0,0.7,100.0,,0.0,0.357,Peak,0,6,Sun,1,1,1,0,1,9,7,64127.11,0.7778,0,1,196,0.0,Low,0,0,80.0,0.0556
B-202504-99526,Booked,Private Individual,Graduation Celebration,Wedding/Social,In-person,Rooms Only,Social,Social/Private,Referral,Low,2024-06-09,2024-07-24,40,2025-04-06,2025-04-07,1,301,24,24,26,0,,0,0,5,1.0,5015.26,2,77.2,161.9,146.26,3510.24,0.0,0.0,3510.24,14,2047.64,0.0,0.0,2047.64,0.5833333333333334,0.0,,2025,4,4,72.1,27.9,1,100.71,136.51,237.22,237.22,136.51,1,0.0,24,0,0,0,0,0,0,0,0,0,0,,0,0,0.0,0.0,0,0,0.0,0,0,0,0,0.0,0.0,9.66,146.26,0.923,0.0,Shoulder,0,6,Sun,1,0,0,1,1,50,41,202026.5,0.82,0,1,196,0.122,Low,0,0,100.0,0.0166
B-202504-12285,Booked,Education Foundation,Industry Forum,Association,In-person,Full Package,Education,Education,Sales Call,High,2024-09-01,2024-10-03,23,2025-04-07,2025-04-09,2,218,98,196,110,1,Half Ballroom,1,0,9,1.0,67887.09,4,79.9,165.23,163.77,32098.92,959.16,4063.75,37121.83,144,23582.88,959.16,3870.24,28412.28,0.7346938775510204,17.592,,2025,4,2,74.2,25.8,0,155.6,157.13,312.73,0.0,157.13,2,1.0,97,98,0,0,1,4,2,24,1,0,1,Classroom,3,1,2.5,959.16,2000,4284,8058.75,4,0,0,0,50.0,0.92,0.88,189.4,0.891,0.091,Peak,0,0,Mon,0,0,0,0,0,49,36,743595.05,0.7347,0,1,18,1.0,High,1,1,100.0,0.0413
B-202504-60837,Booked,Private Party,Retirement Party,Wedding/Social,In-person,Rooms Only,Social,Social/Private,RFP,Low,2024-11-08,2024-12-18,34,2025-04-07,2025-04-08,1,150,39,39,42,0,,0,1,6,1.0,5809.23,4,76.9,166.62,162.83,6350.37,0.0,0.0,6350.37,25,4070.75,0.0,0.0,4070.75,0.6410256410256411,0.0,,2025,4,2,73.4,26.6,0,22.32,154.73,177.05,0.0,177.05,1,0.0,39,0,0,0,0,0,0,0,0,0,0,,0,0,0.0,0.0,0,0,0.0,0,0,0,0,0.0,0.0,2.27,162.83,0.929,0.0,Shoulder,0,0,Mon,0,0,0,0,0,51,40,237941.35,0.7843,0,1,12,1.0,High,1,1,100.0,0.04
B-202504-93026,Booked,Manufacturing Alliance,Performance Review Summit,Corporate,In-person,Full Package,Professional Services,Other,Third-Party Planner,Low,2025-02-05,2025-02-20,8,2025-04-07,2025-04-09,2,61,15,30,17,1,Breakout Room,1,1,7,0.0,0.0,2,78.2,169.95,176.42,5292.6,457.26,1684.36,7434.22,25,4410.5,457.26,1604.15,6471.91,0.8333333333333334,47.181,,2025,4,3,62.8,37.2,1,74.85,147.66,222.51,222.51,147.66,2,53.3,7,15,0,0,1,2,2,16,0,0,1,Classroom,2,0,2.0,457.26,700,2754,5538.91,4,0,0,0,100.0,0.42,-3.81,247.81,0.882,0.588,Peak,0,0,Mon,0,0,1,0,0,41,29,411863.34,0.7073,0,1,18,0.833,High,1,0,93.3,0.1148
B-202504-96546,Booked,Professional Engineers Society,Leadership Institute,Association,In-person,Full Package,Association,Other,Sales Call,High,2024-10-08,2024-11-07,22,2025-04-07,2025-04-10,3,181,56,168,62,1,Half Ballroom,1,1,8,0.0,0.0,1,81.8,172.02,171.28,28775.04,859.4,8945.52,38579.96,108,18498.24,859.4,8519.54,27877.18,0.6428571428571429,45.804,,2025,4,3,70.7,29.3,1,107.56,166.8,274.36,274.36,166.8,2,8.0,51,56,45,0,1,3,3,24,1,0,1,Banquet,2,0,1.67,859.4,850,3400,5966.82,5,0,0,0,100.0,0.52,0.43,229.64,0.903,0.161,Peak,0,0,Mon,0,0,1,0,0,46,36,773192.08,0.7826,0,1,18,1.0,High,1,1,93.3,0.0442
B-202504-89902,Booked,Financial Services Group,Leadership Summit,Corporate,In-person,Full Package,Finance,Finance,Sales Call,Low,2024-12-30,2025-01-18,11,2025-04-08,2025-04-10,2,99,33,66,45,1,Half Ballroom,1,0,8,1.0,29091.9,3,81.6,164.86,160.35,10583.1,1256.66,4678.32,16518.08,57,9139.95,1256.66,4455.54,14852.15,0.8636363636363636,49.506,,2025,4,4,61.4,38.6,1,41.11,159.21,200.32,200.32,159.21,2,30.3,23,33,0,0,1,2,2,16,1,0,1,Classroom,1,0,1.0,1256.66,300,3360,4778.75,5,0,0,0,100.0,0.38,2.74,250.27,0.733,0.222,Peak,0,1,Tue,0,0,0,0,0,38,27,307634.73,0.7105,0,1,105,0.314,Moderate,0,0,100.0,0.0808
B-202504-65554,Booked,Tour Operator Network,Wine Country Excursion,Corporate,In-person,Rooms Only,Healthcare,Healthcare,Sales Call,Low,2025-01-21,2025-02-04,11,2025-04-09,2025-04-10,1,78,26,26,28,0,,0,1,3,0.0,0.0,2,79.6,168.11,161.33,4194.58,0.0,0.0,4194.58,24,3871.92,0.0,0.0,3871.92,0.9230769230769232,0.0,,2025,4,2,63.3,36.7,1,94.56,143.37,237.93,237.93,143.37,1,0.0,26,0,0,0,0,0,0,0,0,0,0,,0,0,0.0,0.0,0,0,0.0,0,0,0,0,0.0,0.0,4.03,161.33,0.929,0.0,Peak,0,2,Wed,0,0,1,1,1,16,14,99830.55,0.875,0,1,105,0.248,Low,0,0,93.3,0.0385
B-202504-89337,Booked,HR Professionals Network,Committee Meeting,Association,In-person,Full Package,Professional Services,Professional Services,Website,High,2024-10-17,2024-11-12,16,2025-04-10,2025-04-12,2,175,89,178,122,1,Grand Ballroom,1,1,10,0.0,0.0,1,79.1,161.81,170.44,30338.32,2157.43,12084.7,44580.45,135,23009.4,2157.43,11509.24,36676.07,0.7584269662921348,47.169,,2025,4,2,61.4,38.6,0,1.12,155.03,156.15,0.0,156.15,2,6.7,83,89,0,0,1,2,2,16,1,0,1,Theater,2,0,2.0,2157.43,700,15738,21577.73,5,0,0,0,100.0,0.51,-5.33,250.45,0.73,0.082,Peak,0,3,Thu,0,0,1,0,0,34,23,547575.93,0.6765,0,1,131,0.679,High,1,0,93.3,0.0571
B-202504-20139,Booked,Consulting Network,Regional Team Meeting,Corporate,In-person,Full Package,Professional Services,Professional Services,Third-Party Planner,Medium,2025-02-04,2025-03-03,13,2025-04-12,2025-04-14,2,67,39,78,44,1,Half Ballroom,1,1,14,1.0,24091.27,4,79.1,164.0,164.03,12794.34,1244.44,4026.61,18065.39,71,11646.13,1244.44,3834.86,16725.43,0.9102564102564102,43.578,,2025,4,2,71.4,28.6,1,44.23,214.71,258.94,258.94,214.71,2,12.8,34,39,0,0,1,2,2,16,1,0,1,Banquet,3,1,3.0,1244.44,1300,3096,5581.51,5,0,0,0,100.0,0.37,-0.02,231.61,0.886,0.227,Peak,0,5,Sat,1,0,0,0,0,37,27,296396.63,0.7297,0,1,134,0.291,Moderate,0,0,100.0,0.209
B-202504-74350,Booked,Technology Innovators,Annual Sales Conference,Corporate,In-person,Full Package,Technology,Technology,Website,Low,2025-01-18,2025-02-05,10,2025-04-12,2025-04-13,1,84,52,52,68,1,Half Ballroom,1,0,8,0.0,0.0,4,73.9,167.27,148.42,7717.84,1297.8,3149.17,12164.81,51,7569.42,1297.8,2999.21,11866.43,0.9807692307692308,44.106,,2025,4,4,51.2,48.8,1,142.1,129.13,271.23,196.04,156.78,1,0.0,52,0,0,0,1,1,1,8,1,0,1,Classroom,2,0,2.0,1297.8,350,1008,1923.48,3,0,0,0,100.0,0.57,11.27,233.94,0.765,0.147,Shoulder,0,5,Sat,1,0,1,0,1,42,32,415768.55,0.7619,0,1,129,0.403,Moderate,0,0,93.3,0.0952
B-202504-71566,Booked,Dental Association,State Convention,Association,In-person,Full Package,Healthcare,Healthcare,Third-Party Planner,Medium,2024-09-10,2024-10-05,18,2025-04-13,2025-04-16,3,215,47,141,61,1,Half Ballroom,1,1,7,0.0,0.0,1,79.9,164.0,152.58,21513.78,1163.73,8781.26,31458.77,105,16020.9,1163.73,8363.1,25547.73,0.7446808510638298,45.7,,2025,4,3,70.2,29.8,1,47.32,151.98,199.3,199.3,151.98,2,6.9,39,47,43,0,1,3,3,24,1,0,1,Banquet,2,0,1.33,1163.73,650,2700,5162.93,5,0,0,0,100.0,0.51,6.96,223.11,0.77,0.164,Peak,0,6,Sun,1,0,1,0,1,34,26,503910.77,0.7647,0,1,147,0.32,Moderate,0,0,93.3,0.0326
B-202504-46556,Booked,Family Celebration,Bar/Bat Mitzvah,Wedding/Social,In-person,Rooms Only,Social,Social/Private,Repeat Client,Medium,2024-06-25,2024-07-29,27,2025-04-14,2025-04-15,1,293,26,26,28,0,,0,0,7,0.0,0.0,1,82.1,173.23,177.53,4615.78,0.0,0.0,4615.78,17,3018.01,0.0,0.0,3018.01,0.6538461538461539,0.0,,2025,4,2,60.8,39.2,1,52.85,299.59,352.44,299.59,352.44,1,0.0,26,0,0,0,0,0,0,0,0,0,0,,0,0,0.0,0.0,0,0,0.0,0,0,0,0,0.0,0.0,-2.48,177.53,0.929,0.0,Peak,0,0,Mon,0,1,1,0,0,55,45,269521.24,0.8182,0,1,147,0.177,Low,0,0,93.3,0.0239
B-202504-23155,Booked,Energy Solutions,Regional Team Meeting,Corporate,In-person,Full Package,Finance,Other,Sales Call,Low,2025-01-15,2025-02-09,14,2025-04-15,2025-04-16,1,90,49,49,59,1,Half Ballroom,1,0,11,0.0,0.0,3,78.3,164.3,153.54,7523.46,811.05,2819.35,11153.86,44,6755.76,811.05,2685.09,10251.9,0.8979591836734694,45.51,,2025,4,3,61.8,38.2,0,166.76,145.04,311.8,0.0,145.04,1,0.0,49,0,0,0,1,1,1,8,1,0,1,Theater,2,0,2.0,811.05,350,1560,2488.93,3,0,0,0,100.0,0.49,6.55,227.63,0.831,0.169,Peak,0,1,Tue,0,0,1,0,1,39,26,315679.45,0.6667,0,1,124,0.395,Moderate,0,0,93.3,0.1222
B-202504-19464,Booked,Private Individual,Engagement Party,Wedding/Social,In-person,Full Package,Social,Social/Private,Repeat Client,Low,2024-08-31,2024-10-21,40,2025-04-16,2025-04-17,1,228,27,27,31,1,Breakout Room,1,0,11,1.0,9577.69,2,79.7,165.28,164.46,4440.42,525.34,2360.39,7326.15,16,2631.36,525.34,2248.0,5404.7,0.5925925925925926,72.516,,2025,4,2,64.3,35.7,0,4.97,169.39,174.36,0.0,174.36,1,0.0,27,0,0,0,1,2,1,8,0,0,1,Banquet,2,0,1.5,525.34,500,1395,3174.82,1,0,1,1,0.0,0.78,0.5,271.34,0.871,0.323,Peak,0,2,Wed,0,1,0,0,0,52,42,204074.14,0.8077,0,1,128,0.211,Low,0,0,100.0,0.0482
B-202504-74182,Booked,Accounting Institute,Board Retreat,Association,Hybrid,Full Package,Finance,Finance,Cvent,High,2024-06-09,2024-07-08,21,2025-04-16,2025-04-18,2,311,65,130,81,1,Half Ballroom,1,0,8,0.0,0.0,2,77.0,168.72,166.15,21599.5,1813.62,3097.01,26510.13,89,14787.35,1813.62,2949.53,19550.5,0.6846153846153846,18.207,,2025,4,2,69.6,30.4,0,146.25,179.73,325.98,0.0,325.98,2,6.2,61,65,0,0,2,4,2,24,1,0,1,Classroom,3,1,2.5,1813.62,2000,4032,7906.14,5,0,0,0,50.0,0.68,1.52,203.92,0.802,0.247,Shoulder,0,2,Wed,0,0,1,0,0,35,30,554465.91,0.8571,0,1,155,0.419,Moderate,0,0,93.3,0.0257
B-202504-36886,Booked,Youth Organization,Community Theater Production,SMERF,In-person,Full Package,SMERF,Social/Community,Direct Inquiry,Medium,2024-12-08,2025-01-02,18,2025-04-18,2025-04-20,2,131,46,92,56,1,Half Ballroom,0,0,7,0.0,0.0,3,75.4,169.13,149.33,13738.36,1166.01,0.0,14904.37,78,11647.74,1166.01,0.0,12813.75,0.8478260869565217,0.0,,2025,4,3,55.9,44.1,1,119.69,170.74,290.43,252.81,252.81,2,2.2,45,46,0,0,1,4,2,16,1,0,1,Theater,2,0,1.25,1166.01,800,0,2152.15,0,0,0,0,0.0,0.47,11.71,162.0,0.821,0.179,Shoulder,0,4,Fri,1,0,1,0,1,13,10,46698.67,0.7692,0,1,0,,Unknown,0,1,93.3,0.0534
B-202504-43387,Booked,Energy Solutions,Executive Offsite,Corporate,In-person,Full Package,Finance,Other,RFP,High,2025-01-24,2025-02-15,11,2025-04-18,2025-04-20,2,84,91,182,106,1,Half Ballroom,1,1,11,1.0,47778.97,1,75.2,169.8,155.32,28268.24,1069.6,3846.53,33184.37,157,24385.24,1069.6,3663.36,29118.2,0.8626373626373627,17.28,,2025,4,2,74.9,25.1,1,103.82,141.86,245.68,245.68,141.86,2,2.2,89,91,0,0,1,4,2,24,1,0,1,Theater,3,1,2.5,1069.6,2000,3456,7205.61,4,0,0,0,50.0,0.88,8.53,182.33,0.858,0.094,Shoulder,0,4,Fri,1,0,0,0,1,40,27,325931.35,0.675,0,1,0,,Unknown,0,1,100.0,0.131
B-202504-62939,Booked,Professional Services Group,Product Launch Event,Corporate,In-person,Full Package,Finance,Other,Sales Call,Medium,2025-02-09,2025-03-04,11,2025-04-18,2025-04-20,2,68,61,122,75,1,Half Ballroom,1,1,12,0.0,0.0,2,75.4,174.23,178.28,21750.16,1380.91,6573.89,29704.96,99,17649.72,1380.91,6260.85,25291.48,0.8114754098360656,41.739,,2025,4,4,60.0,40.0,1,142.71,151.82,294.53,294.53,151.82,2,4.9,58,61,0,0,2,2,2,16,1,0,1,Classroom,3,1,2.5,1380.91,1000,3096,5295.36,5,0,0,0,100.0,0.62,-2.32,243.48,0.813,0.267,Shoulder,0,4,Fri,1,0,1,0,0,38,30,383501.29,0.7895,0,1,0,,Unknown,0,1,93.3,0.1765
B-202504-65478,Booked,Local School District,Band Competition,SMERF,In-person,Full Package,Education,Education,Referral,Medium,2025-01-05,2025-01-31,16,2025-04-18,2025-04-19,1,103,62,62,72,1,Half Ballroom,1,0,10,0.0,0.0,1,81.9,164.31,156.47,9701.14,1472.97,878.17,12052.28,52,8136.44,1472.97,836.35,10445.76,0.8387096774193549,11.616,,2025,4,3,51.5,48.5,1,149.16,148.63,297.79,202.88,148.63,1,0.0,62,0,0,0,2,2,1,8,1,0,1,Theater,1,0,0.5,1472.97,150,240,1130.43,1,0,0,0,0.0,0.6,4.77,194.39,0.861,0.278,Peak,0,4,Fri,1,0,1,0,1,17,13,98208.56,0.7647,0,1,0,,Unknown,0,1,93.3,0.0971
B-202504-70625,Booked,Family Celebration,Martinez-Garcia Wedding,Wedding/Social,In-person,Rooms Only,Social,Social/Private,Cvent,Medium,2024-06-14,2024-07-23,36,2025-04-18,2025-04-19,1,308,35,35,38,0,,0,1,3,0.0,0.0,2,79.6,161.94,153.32,5366.2,0.0,0.0,5366.2,19,2913.08,0.0,0.0,2913.08,0.5428571428571428,0.0,,2025,4,2,69.8,30.2,0,128.07,181.44,309.51,0.0,309.51,1,0.0,35,0,0,0,0,0,0,0,0,0,0,,0,0,0.0,0.0,0,0,0.0,0,0,0,0,0.0,0.0,5.32,153.32,0.921,0.0,Peak,0,4,Fri,1,0,1,1,1,56,46,272539.25,0.8214,0,1,0,,Unknown,0,1,93.3,0.0097
B-202504-83356,Booked,Professional Services Group,Town Hall Meeting,Corporate,In-person,Rooms Only,Healthcare,Other,Cvent,Low,2025-03-20,2025-04-05,11,2025-04-19,2025-04-21,2,30,29,58,31,0,,0,1,5,1.0,10638.07,3,73.9,167.68,166.73,9670.34,0.0,0.0,9670.34,48,8003.04,0.0,0.0,8003.04,0.8275862068965517,0.0,,2025,4,2,73.0,27.0,0,136.52,166.4,302.92,0.0,302.92,2,34.5,19,29,0,0,0,0,0,0,0,0,0,,0,0,0.0,0.0,0,0,0.0,0,0,0,0,0.0,0.0,0.57,166.73,0.935,0.0,Shoulder,0,5,Sat,1,0,0,1,0,39,31,408792.77,0.7949,0,1,191,0.152,Low,0,0,100.0,0.1667
B-202504-44961,Booked,Social Event,Anniversary Celebration,Wedding/Social,In-person,Meeting Only,Social,Social/Private,Third-Party Planner,Low,2024-04-20,2024-05-23,28,2025-04-20,2025-04-21,1,365,0,0,70,1,Half Ballroom,0,0,5,0.0,0.0,3,76.1,172.77,0.0,0.0,1355.09,5687.58,7042.67,0,0.0,1355.09,5416.74,6771.83,,77.382,,2025,4,0,0.0,0.0,0,0.0,0.0,0.0,0.0,0.0,0,0.0,0,0,0,0,2,2,1,8,1,0,1,Banquet,1,0,0.5,1355.09,150,1320,2178.37,1,1,0,1,0.0,0.58,100.0,,0.0,0.286,Shoulder,0,6,Sun,1,0,1,1,1,52,36,186828.03,0.6923,0,1,191,0.0,Low,0,0,80.0,0.0137
B-202504-14131,Booked,Accounting Institute,Policy Symposium,Association,Virtual,Full Package,Finance,Finance,Direct Inquiry,Medium,2024-07-25,2024-08-31,23,2025-04-22,2025-04-24,2,271,62,124,74,1,Half Ballroom,1,1,14,1.0,38197.96,2,76.6,174.59,160.11,19853.64,812.73,7162.7,27829.07,97,15530.67,812.73,6821.62,23165.02,0.782258064516129,46.092,,2025,4,3,57.3,42.7,1,92.5,149.01,241.51,241.51,149.01,2,9.7,56,62,0,0,1,2,2,16,1,0,1,Classroom,2,0,1.5,812.73,500,3040,4774.84,5,0,0,0,100.0,0.62,8.29,224.43,0.838,0.135,Shoulder,0,1,Tue,0,0,0,0,1,36,31,574016.41,0.8611,0,1,124,0.5,Moderate,0,0,100.0,0.0517
B-202504-76829,Booked,Private Individual,Baby Shower Weekend,Wedding/Social,In-person,Full Package,Social,Social/Private,Cvent,Low,2024-11-23,2025-01-03,29,2025-04-22,2025-04-23,1,150,11,11,14,1,Boardroom,1,1,12,1.0,4587.74,2,77.5,161.21,155.91,1715.01,366.95,1109.2,3191.16,7,1091.37,366.95,1056.38,2514.7,0.6363636363636364,75.456,,2025,4,2,69.2,30.8,1,52.66,180.69,233.35,233.35,233.35,1,0.0,11,0,0,0,1,2,1,8,0,1,1,Boardroom,2,0,1.5,366.95,500,770,2396.51,1,1,0,1,0.0,1.0,3.29,290.11,0.786,0.714,Shoulder,0,1,Tue,0,0,0,0,1,53,43,209478.84,0.8113,0,1,115,0.096,Low,0,0,100.0,0.08
B-202504-81142,Booked,Family Celebration,Williams-Brown Wedding,Wedding/Social,In-person,Full Package,Social,Social/Private,Third-Party Planner,Low,2024-09-22,2024-10-15,15,2025-04-22,2025-04-23,1,212,20,20,23,1,Breakout Room,1,0,8,0.0,0.0,4,74.7,167.82,152.7,3054.0,569.54,1781.4,5404.94,11,1679.7,569.54,1696.57,3945.81,0.55,73.764,,2025,4,4,66.3,33.7,0,159.71,145.22,304.93,0.0,145.22,1,0.0,20,0,0,0,1,1,1,4,0,0,1,Banquet,1,0,1.0,569.54,150,1265,1997.47,1,1,0,1,0.0,0.57,9.01,270.25,0.87,0.435,Shoulder,0,1,Tue,0,0,1,0,1,57,47,275452.33,0.8246,0,1,115,0.174,Low,0,0,93.3,0.0377
B-202504-88323,Booked,Technology Innovators,Leadership Summit,Corporate,Virtual,Full Package,Technology,Technology,Website,Low,2025-02-04,2025-02-19,7,2025-04-22,2025-04-23,1,77,12,12,14,1,Boardroom,1,1,8,0.0,0.0,3,86.3,164.8,173.23,2078.76,334.97,316.81,2730.54,9,1559.07,334.97,301.73,2195.77,0.75,21.552,,2025,4,2,72.8,27.2,1,88.29,178.53,266.82,266.82,178.53,1,0.0,12,0,0,0,1,1,1,8,0,1,1,Boardroom,1,0,1.0,334.97,150,742,1856.79,2,0,0,0,100.0,1.0,-5.12,227.54,0.857,0.714,Peak,1,1,Tue,0,0,1,0,0,43,33,427634.98,0.7674,0,1,115,0.104,Low,0,0,93.3,0.1039
B-202504-56013,Booked,Youth Athletics,Fraternity/Sorority Reunion,SMERF,In-person,Full Package,SMERF,Social/Community,Sales Call,Medium,2025-01-24,2025-02-16,14,2025-04-23,2025-04-24,1,89,34,34,47,1,Half Ballroom,1,0,9,0.0,0.0,1,78.7,162.72,162.84,5536.56,1145.97,469.91,7152.44,25,4071.0,1145.97,447.53,5664.5,0.7352941176470589,9.522,,2025,4,3,58.3,41.7,1,148.34,187.78,336.12,197.89,197.89,1,0.0,34,0,0,0,1,2,1,8,1,0,1,Classroom,1,0,0.5,1145.97,150,240,1149.05,1,0,0,0,0.0,0.39,-0.07,210.37,0.723,0.213,Peak,0,2,Wed,0,0,1,0,0,10,8,64699.83,0.8,0,1,124,0.274,Moderate,0,0,93.3,0.1011
B-202504-93903,Booked,Banking Consortium,Strategic Planning Retreat,Corporate,In-person,Meeting Only,Finance,Finance,Repeat Client,Low,2025-02-12,2025-03-01,12,2025-04-23,2025-04-24,1,70,0,0,33,1,Breakout Room,0,1,5,1.0,5759.31,1,75.5,165.65,0.0,0.0,446.14,1561.54,2007.68,0,0.0,446.14,1487.18,1933.32,,45.066,,2025,4,0,0.0,0.0,0,0.0,0.0,0.0,0.0,0.0,0,0.0,0,0,0,0,1,1,1,8,0,0,1,Classroom,2,0,2.0,446.14,350,2541,3837.65,4,0,0,0,100.0,0.82,100.0,,0.0,0.303,Shoulder,0,2,Wed,0,1,0,1,1,33,25,342470.46,0.7576,0,1,124,0.0,Low,0,0,86.7,0.0714
B-202504-67086,Booked,Real Estate Board,Certification Training,Association,Hybrid,Full Package,Government,Government,Third-Party Planner,Low,2024-08-31,2024-09-28,15,2025-04-25,2025-04-27,2,237,14,28,17,1,Breakout Room,1,1,13,0.0,0.0,4,77.4,166.33,163.35,4573.8,576.13,1630.06,6779.99,20,3267.0,576.13,1552.44,5395.57,0.7142857142857143,45.66,,2025,4,4,67.5,32.5,1,149.8,162.96,312.76,284.52,284.52,2,64.3,5,14,0,0,1,2,2,16,0,0,1,Classroom,2,0,1.5,576.13,500,2159,4605.47,4,0,0,0,100.0,0.42,1.79,242.14,0.824,0.588,Shoulder,0,4,Fri,1,0,1,0,0,34,28,587076.1,0.8235,0,1,206,0.068,Low,0,0,93.3,0.0549
B-202504-39536,Booked,Travel Club International,Regional History Tour,Corporate,In-person,Rooms Only,Legal,Legal,Sales Call,Low,2025-03-28,2025-04-13,12,2025-04-27,2025-04-28,1,30,30,30,33,0,,0,0,4,0.0,0.0,3,76.8,162.81,154.64,4639.2,0.0,0.0,4639.2,27,4175.28,0.0,0.0,4175.28,0.9,0.0,,2025,4,3,72.1,27.9,0,173.01,144.96,317.97,0.0,144.96,1,0.0,30,0,0,0,0,0,0,0,0,0,0,,0,0,0.0,0.0,0,0,0.0,0,0,0,0,0.0,0.0,5.02,154.64,0.909,0.0,Shoulder,0,6,Sun,1,0,1,1,1,12,11,58555.7,0.9167,0,1,118,0.254,Moderate,0,0,93.3,0.1333
B-202504-73195,Booked,Professional Services Group,Leadership Summit,Corporate,In-person,Full Package,Finance,Other,Cvent,Medium,2025-02-17,2025-03-10,10,2025-04-27,2025-04-28,1,69,72,72,84,1,Half Ballroom,1,1,11,0.0,0.0,3,78.4,164.8,157.16,11315.52,1222.32,1563.26,14101.1,62,9743.92,1222.32,1488.82,12455.06,0.8611111111111112,17.724,,2025,4,4,51.7,48.3,1,182.42,137.18,319.6,273.24,137.18,1,0.0,72,0,0,0,1,3,1,12,1,0,1,Theater,2,0,1.67,1222.32,850,1062,2892.59,2,0,0,0,0.0,0.7,4.64,195.85,0.857,0.119,Peak,0,6,Sun,1,0,1,0,1,40,32,416795.81,0.8,0,1,118,0.61,High,1,0,93.3,0.1594
B-202504-34382,Booked,Dental Association,Professional Development Symposium,Association,In-person,Full Package,Healthcare,Healthcare,Cvent,Medium,2024-11-08,2024-12-01,16,2025-04-28,2025-04-29,1,171,61,61,74,1,Half Ballroom,1,0,7,0.0,0.0,3,79.2,167.11,154.04,9396.44,1061.25,1800.93,12258.62,48,7393.92,1061.25,1715.17,10170.34,0.7868852459016393,23.178,,2025,4,3,55.4,44.6,1,134.8,161.04,295.84,237.94,237.94,1,0.0,61,0,0,0,1,1,1,8,1,0,1,Classroom,1,0,1.0,1061.25,150,1260,2030.53,2,0,0,0,100.0,0.62,7.82,200.96,0.824,0.135,Peak,0,0,Mon,0,0,1,0,1,35,27,529458.5,0.7714,0,1,159,0.384,Moderate,0,0,93.3,0.0409
B-202505-30788,Booked,State Medical Association,Member Appreciation Event,Association,In-person,Full Package,Healthcare,Healthcare,Referral,High,2024-10-24,2024-11-16,15,2025-05-01,2025-05-04,3,189,101,303,134,1,Grand Ballroom,1,0,8,1.0,96289.15,2,80.4,170.25,180.46,54679.38,1864.95,18361.35,74905.68,245,44212.7,1864.95,17487.0,63564.65,0.8085808580858086,43.5,,2025,5,3,53.7,46.3,0,44.27,146.66,190.93,0.0,160.55,2,3.8,94,101,92,0,1,3,3,24,1,0,1,Classroom,3,1,2.33,1864.95,1350,14874,23743.13,4,0,0,0,100.0,0.56,-6.0,247.21,0.754,0.075,Peak,0,3,Thu,0,0,0,0,0,44,39,873901.02,0.8864,0,1,0,,Unknown,0,1,100.0,0.0423
B-202505-43841,Booked,Social Event,Holiday Party,Wedding/Social,In-person,Rooms Only,Social,Social/Private,RFP,Low,2024-07-26,2024-08-23,21,2025-05-01,2025-05-02,1,279,36,36,39,0,,0,1,7,0.0,0.0,3,86.4,170.49,163.17,5874.12,0.0,0.0,5874.12,23,3752.91,0.0,0.0,3752.91,0.6388888888888888,0.0,,2025,5,3,62.6,37.4,1,55.69,134.86,190.55,190.55,134.86,1,0.0,36,0,0,0,0,0,0,0,0,0,0,,0,0,0.0,0.0,0,0,0.0,0,0,0,0,0.0,0.0,4.29,163.17,0.923,0.0,Peak,1,3,Thu,0,0,1,0,1,53,37,193599.86,0.6981,0,1,83,0.434,Moderate,0,0,93.3,0.0251
B-202505-38664,Booked,Banking Consortium,Strategic Planning Retreat,Corporate,In-person,Full Package,Finance,Finance,Referral,Medium,2025-02-16,2025-03-13,12,2025-05-02,2025-05-03,1,75,65,65,78,1,Half Ballroom,1,1,13,1.0,23761.44,1,85.9,169.61,176.11,11447.15,1697.04,3280.09,16424.28,57,10038.27,1697.04,3123.9,14859.21,0.8769230769230769,40.05,,2025,5,2,70.1,29.9,1,70.2,145.62,215.82,215.82,145.62,1,0.0,65,0,0,0,2,1,1,8,1,0,1,Banquet,1,0,1.0,1697.04,150,1560,2295.3,3,0,0,0,100.0,0.65,-3.83,252.68,0.833,0.256,Peak,1,4,Fri,1,0,0,0,0,34,26,344403.78,0.7647,0,1,0,,Unknown,0,1,100.0,0.1733
B-202505-86758,Booked,Dental Association,Certification Training,Association,In-person,Full Package,Healthcare,Healthcare,Website,High,2024-07-13,2024-08-15,24,2025-05-02,2025-05-04,2,293,82,164,111,1,Half Ballroom,1,0,9,0.0,0.0,2,80.0,165.78,160.63,26343.32,829.23,4143.35,31315.9,125,20078.75,829.23,3946.05,24854.03,0.7621951219512195,17.775,,2025,5,2,68.9,31.1,0,162.26,143.81,306.07,0.0,143.81,2,6.1,77,82,0,0,1,5,2,24,1,0,1,Theater,2,0,1.8,829.23,1550,3320,6845.11,4,0,0,0,20.0,0.93,3.11,190.95,0.739,0.09,Peak,0,4,Fri,1,0,1,0,1,36,28,539628.84,0.7778,0,1,37,1.0,High,1,1,93.3,0.0307
B-202505-92776,Booked,Heritage Travel,Culinary Tour Group,Corporate,In-person,Full Package,Government,Government,Sales Call,High,2025-02-12,2025-03-06,11,2025-05-02,2025-05-03,1,79,42,42,55,1,Half Ballroom,0,1,11,0.0,0.0,1,82.8,166.42,173.86,7302.12,1293.23,0.0,8595.35,40,6954.4,1293.23,0.0,8247.63,0.9523809523809524,0.0,,2025,5,4,53.8,46.2,1,198.17,148.45,346.62,276.56,148.45,1,0.0,42,0,0,0,1,1,1,4,1,0,1,Classroom,0,0,0.0,1293.23,0,0,360.7,0,0,0,0,0.0,0.46,-4.47,204.65,0.764,0.182,Peak,0,4,Fri,1,0,1,0,0,20,17,108787.76,0.85,0,1,0,,Unknown,0,1,93.3,0.1392
B-202505-34265,Booked,Accounting Institute,Professional Development Symposium,Association,In-person,Meeting Only,Finance,Finance,Third-Party Planner,Medium,2024-08-13,2024-09-09,22,2025-05-03,2025-05-06,3,263,0,0,114,1,Half Ballroom,0,1,5,1.0,45057.51,1,81.1,171.84,0.0,0.0,1584.52,6819.31,8403.83,0,0.0,1584.52,6494.58,8079.1,,18.99,,2025,5,0,0.0,0.0,0,0.0,0.0,0.0,0.0,0.0,0,0.0,0,0,0,0,2,8,3,36,1,0,1,Classroom,3,1,1.75,1584.52,2600,5540,11051.83,5,0,0,0,12.5,0.95,100.0,,0.0,0.175,Peak,0,5,Sat,1,0,0,1,1,37,32,597181.43,0.8649,0,1,37,0.0,Low,0,0,86.7,0.019
B-202505-70241,Booked,HR Professionals Network,Continuing Education Conference,Association,In-person,Full Package,Professional Services,Professional Services,RFP,High,2024-10-12,2024-11-20,25,2025-05-04,2025-05-08,4,204,66,264,84,1,Half Ballroom,1,0,14,0.0,0.0,3,80.5,162.7,161.94,42752.16,1519.96,7048.42,51320.54,174,28177.56,1519.96,6712.78,36410.3,0.6590909090909091,19.9785,,2025,5,3,63.7,36.3,0,150.51,163.13,313.64,0.0,163.13,2,6.0,65,66,64,56,2,8,4,48,1,0,1,Classroom,3,1,2.0,1519.96,2900,7028,13511.56,5,0,0,0,50.0,0.7,0.47,194.4,0.786,0.238,Peak,0,6,Sun,1,0,1,0,0,35,24,584252.0,0.6857,0,1,154,0.429,Moderate,0,0,93.3,0.0686
B-202505-31016,Booked,Global Industries,Town Hall Meeting,Corporate,In-person,Full Package,Finance,Other,Repeat Client,High,2025-02-03,2025-02-24,12,2025-05-06,2025-05-08,2,92,44,88,59,1,Half Ballroom,1,1,9,1.0,30389.61,1,80.9,167.84,177.91,15656.08,836.96,4945.47,21438.51,81,14410.71,836.96,4709.97,19957.64,0.9204545454545454,39.915,,2025,5,2,55.3,44.7,1,41.3,232.37,273.67,273.67,273.67,2,4.5,42,44,0,0,1,2,2,16,1,0,1,Theater,2,0,2.0,836.96,700,3600,5456.29,4,0,0,0,100.0,0.49,-6.0,243.62,0.746,0.169,Peak,0,1,Tue,0,1,0,0,0,53,43,615177.65,0.8113,0,1,0,,Unknown,0,1,100.0,0.0978
B-202505-36248,Booked,Technology Innovators,Quarterly Business Review,Corporate,Hybrid,Rooms Only,Technology,Technology,Website,High,2025-02-21,2025-03-05,8,2025-05-06,2025-05-09,3,74,66,198,72,0,,0,0,4,1.0,36389.38,3,81.2,166.9,173.45,34343.1,0.0,0.0,34343.1,180,31221.0,0.0,0.0,31221.0,0.9090909090909092,0.0,,2025,5,3,68.1,31.9,1,96.92,175.95,272.87,272.87,175.95,2,6.3,56,66,59,0,0,0,0,0,0,0,0,,0,0,0.0,0.0,0,0,0.0,0,0,0,0,0.0,0.0,-3.92,173.45,0.917,0.0,Peak,0,1,Tue,0,0,0,1,0,44,34,429830.75,0.7727,0,1,0,,Unknown,0,1,100.0,0.0541
B-202505-70752,Booked,Manufacturing Alliance,Town Hall Meeting,Corporate,In-person,Full Package,Professional Services,Other,Sales Call,Medium,2024-12-26,2025-01-12,10,2025-05-06,2025-05-09,3,131,27,81,36,1,Breakout Room,1,0,7,0.0,0.0,1,83.9,164.89,174.78,14157.18,539.89,5484.25,20181.32,64,11185.92,539.89,5223.1,16948.91,0.7901234567901234,48.362,,2025,5,2,61.3,38.7,0,158.86,177.17,336.03,0.0,177.17,2,10.5,21,27,21,0,1,3,3,24,0,0,1,Theater,2,0,2.0,539.89,1050,6912,11012.98,5,0,0,0,100.0,0.9,-6.0,249.15,0.75,0.278,Peak,0,1,Tue,0,0,1,0,0,42,30,418335.25,0.7143,0,1,0,,Unknown,0,1,93.3,0.0534
B-202505-56585,Booked,Private Individual,Smith-Johnson Wedding,Wedding/Social,In-person,Rooms Only,Social,Social/Private,RFP,Low,2024-06-03,2024-07-21,42,2025-05-07,2025-05-08,1,338,15,15,16,0,,0,1,6,0.0,0.0,2,81.8,167.05,165.53,2482.95,0.0,0.0,2482.95,10,1655.3,0.0,0.0,1655.3,0.6666666666666666,0.0,,2025,5,4,74.6,25.4,1,137.03,176.14,313.17,268.76,176.14,1,0.0,15,0,0,0,0,0,0,0,0,0,0,,0,0,0.0,0.0,0,0,0.0,0,0,0,0,0.0,0.0,0.91,165.53,0.938,0.0,Peak,0,2,Wed,0,0,1,0,0,54,44,211993.54,0.8148,0,1,0,,Unknown,0,1,93.3,0.0178
B-202505-99175,Booked,Retail Corporation,New Hire Orientation,Corporate,Hybrid,Full Package,Healthcare,Other,Third-Party Planner,Low,2025-02-22,2025-03-15,7,2025-05-07,2025-05-08,1,74,62,62,73,1,Half Ballroom,1,0,14,1.0,20038.13,1,78.7,167.64,172.09,10669.58,1450.97,3055.12,15175.67,58,9981.22,1450.97,2909.63,14341.82,0.935483870967742,39.858,,2025,5,4,59.2,40.8,1,169.74,181.53,351.27,275.8,351.27,1,0.0,62,0,0,0,2,1,1,8,1,0,1,Banquet,1,0,1.0,1450.97,150,1560,2312.91,3,0,0,0,100.0,0.61,-2.65,244.77,0.849,0.274,Peak,0,2,Wed,0,0,0,0,0,37,28,371359.08,0.7568,0,1,0,,Unknown,0,1,100.0,0.1892
B-202505-73068,Booked,Family Celebration,Family Reunion Weekend,Wedding/Social,Hybrid,Full Package,Social,Social/Private,Repeat Client,Low,2024-06-17,2024-07-30,33,2025-05-08,2025-05-09,1,325,26,26,34,1,Breakout Room,1,1,10,1.0,12934.67,1,80.1,172.67,155.22,4035.72,591.96,2369.69,6997.37,16,2483.52,591.96,2256.85,5332.33,0.6153846153846154,66.378,,2025,5,4,51.4,48.6,1,134.83,143.3,278.13,278.13,143.3,1,0.0,26,0,0,0,1,2,1,8,0,0,1,Reception,1,0,1.0,591.96,300,1870,3432.8,1,1,0,1,0.0,0.85,10.11,269.13,0.765,0.294,Peak,0,3,Thu,0,1,0,0,1,58,48,279398.14,0.8276,0,1,101,0.257,Moderate,0,0,100.0,0.0308
B-202505-50677,Booked,Real Estate Board,Board Retreat,Association,In-person,Rooms Only,Government,Government,Repeat Client,Medium,2024-09-16,2024-10-13,20,2025-05-12,2025-05-13,1,238,102,102,112,0,,0,0,7,0.0,0.0,2,76.4,171.09,161.18,16440.36,0.0,0.0,16440.36,81,13055.58,0.0,0.0,13055.58,0.7941176470588235,0.0,,2025,5,3,62.0,38.0,1,116.68,135.5,252.18,252.18,135.5,1,0.0,102,0,0,0,0,0,0,0,0,0,0,,0,0,0.0,0.0,0,0,0.0,0,0,0,0,0.0,0.0,5.79,161.18,0.911,0.0,Shoulder,0,0,Mon,0,1,1,0,1,36,29,592471.67,0.8056,0,1,118,0.864,High,1,0,93.3,0.0294
B-202505-16260,Booked,Consulting Network,Quarterly Business Review,Corporate,Virtual,Meeting Only,Professional Services,Professional Services,Third-Party Planner,Low,2025-02-14,2025-03-03,10,2025-05-13,2025-05-14,1,88,0,0,127,1,Grand Ballroom,0,0,7,1.0,13332.98,2,83.9,169.65,0.0,0.0,1871.1,5880.74,7751.84,0,0.0,1871.1,5600.7,7471.8,,44.1,,2025,5,0,0.0,0.0,0,0.0,0.0,0.0,0.0,0.0,0,0.0,0,0,0,0,1,1,1,8,1,0,1,Theater,3,1,3.0,1871.1,650,8255,11265.0,3,0,0,0,100.0,0.53,100.0,,0.0,0.079,Peak,0,1,Tue,0,0,0,0,1,38,28,313122.06,0.7368,0,1,220,0.0,Low,0,0,86.7,0.0795
B-202505-17781,Booked,Energy Solutions,Executive Offsite,Corporate,In-person,Full Package,Finance,Other,Third-Party Planner,Low,2025-03-08,2025-04-01,12,2025-05-16,2025-05-17,1,69,54,54,62,1,Half Ballroom,1,1,12,0.0,0.0,1,77.5,175.21,185.72,10028.88,1378.39,3004.88,14412.15,48,8914.56,1378.39,2861.8,13154.75,0.8888888888888888,46.158,,2025,5,4,57.8,42.2,1,186.64,172.42,359.06,216.3,172.42,1,0.0,54,0,0,0,1,1,1,8,1,0,1,Theater,2,0,2.0,1378.39,350,1848,2750.38,4,0,0,0,100.0,0.52,-6.0,266.89,0.871,0.161,Shoulder,0,4,Fri,1,0,1,0,0,41,28,355049.55,0.6829,0,1,18,1.0,High,1,1,93.3,0.1739
B-202505-64689,Booked,Energy Solutions,Regional Team Meeting,Corporate,Hybrid,Full Package,Professional Services,Other,Repeat Client,High,2025-02-09,2025-02-28,11,2025-05-16,2025-05-19,3,96,54,162,74,1,Half Ballroom,1,1,8,1.0,54752.73,1,83.4,175.61,186.12,30151.44,1362.17,9830.29,41343.9,149,27731.88,1362.17,9362.18,38456.23,0.9197530864197532,42.172,,2025,5,4,53.0,47.0,1,163.85,149.81,313.66,281.14,150.13,2,7.8,44,54,51,0,2,3,3,24,1,0,1,Classroom,3,1,1.67,1362.17,950,4080,6801.65,5,0,0,0,100.0,0.62,-5.98,255.21,0.73,0.27,Peak,0,4,Fri,1,1,0,0,0,41,28,355049.55,0.6829,0,1,72,0.75,High,1,0,100.0,0.0833
B-202505-82299,Booked,Accounting Institute,Regional Chapter Meeting,Association,In-person,Full Package,Finance,Finance,Cvent,High,2024-11-11,2024-12-16,21,2025-05-16,2025-05-18,2,186,94,188,106,1,Half Ballroom,1,1,14,0.0,0.0,2,85.9,168.94,161.64,30388.32,1743.82,4245.87,36378.01,142,22952.88,1743.82,4043.69,28740.39,0.7553191489361702,19.074,,2025,5,2,74.4,25.6,0,1.6,160.17,161.77,0.0,161.77,2,3.2,91,94,0,0,2,5,2,24,1,0,1,Classroom,2,0,1.4,1743.82,1150,3968,6954.96,5,0,0,0,20.0,0.88,4.32,193.5,0.887,0.189,Peak,1,4,Fri,1,0,1,0,1,38,33,605260.53,0.8684,0,1,72,1.0,High,1,1,93.3,0.0753
B-202505-22099,Booked,Community Church,Church Retreat Weekend,SMERF,In-person,Rooms Only,SMERF,Religious,Cvent,Low,2025-04-03,2025-04-25,18,2025-05-18,2025-05-19,1,45,39,39,42,0,,0,0,4,0.0,0.0,2,84.9,166.58,168.13,6557.07,0.0,0.0,6557.07,31,5212.03,0.0,0.0,5212.03,0.7948717948717948,0.0,,2025,5,2,71.5,28.5,0,161.29,146.76,308.05,0.0,146.76,1,0.0,39,0,0,0,0,0,0,0,0,0,0,,0,0,0.0,0.0,0,0,0.0,0,0,0,0,0.0,0.0,-0.93,168.13,0.929,0.0,Peak,0,6,Sun,1,0,1,1,0,15,12,84161.39,0.8,0,1,127,0.307,Moderate,0,0,93.3,0.0889
B-202505-15179,Booked,Global Industries,Management Training,Corporate,In-person,Full Package,Professional Services,Other,Direct Inquiry,Medium,2025-03-20,2025-04-17,14,2025-05-19,2025-05-20,1,60,52,52,70,1,Half Ballroom,1,1,14,0.0,0.0,1,79.9,171.27,173.74,9034.48,1730.38,3510.36,14275.22,49,8513.26,1730.38,3343.2,13586.84,0.9423076923076924,47.76,,2025,5,3,56.6,43.4,1,59.06,167.63,226.69,226.69,167.63,1,0.0,52,0,0,0,2,1,1,8,1,0,1,Classroom,2,0,2.0,1730.38,350,1800,2736.13,3,0,0,0,100.0,0.58,-1.44,274.52,0.743,0.286,Peak,0,0,Mon,0,0,1,0,0,54,44,635135.29,0.8148,0,1,93,0.559,Moderate,0,0,93.3,0.2333
B-202505-29876,Booked,Financial Services Group,Strategic Planning Retreat,Corporate,Hybrid,Full Package,Finance,Finance,Sales Call,Low,2025-02-12,2025-02-27,7,2025-05-19,2025-05-21,2,96,56,112,70,1,Half Ballroom,1,0,8,1.0,30834.09,3,76.9,169.32,172.16,19281.92,1851.9,6914.44,28048.26,110,18937.6,1851.9,6585.18,27374.68,0.9821428571428572,47.037,,2025,5,2,54.6,45.4,1,38.0,167.07,205.07,205.07,167.07,2,7.1,52,56,0,0,2,2,2,16,1,0,1,Classroom,2,0,2.0,1851.9,700,2568,4426.0,4,0,0,0,100.0,0.58,-1.68,250.43,0.8,0.286,Shoulder,0,0,Mon,0,0,0,0,0,40,28,322486.88,0.7,0,1,0,,Unknown,0,1,100.0,0.0833
B-202505-43152,Booked,Global Industries,Annual Sales Conference,Corporate,Hybrid,Full Package,Technology,Other,Sales Call,Low,2025-02-15,2025-03-08,12,2025-05-19,2025-05-21,2,93,19,38,24,1,Breakout Room,1,1,9,1.0,12931.29,3,79.3,169.9,171.82,6529.16,469.52,2269.36,9268.04,35,6013.7,469.52,2161.3,8644.52,0.9210526315789472,45.027,,2025,5,3,70.3,29.7,0,142.33,186.14,328.47,0.0,186.14,2,10.5,17,19,0,0,1,2,2,16,0,0,1,Classroom,2,0,2.0,469.52,700,3648,6357.7,5,0,0,0,100.0,0.6,-1.13,243.9,0.792,0.417,Peak,0,0,Mon,0,0,0,0,0,54,44,635135.29,0.8148,0,1,0,,Unknown,0,1,100.0,0.0968
B-202505-19395,Booked,Dental Association,Regional Chapter Meeting,Association,Hybrid,Full Package,Healthcare,Healthcare,Referral,Medium,2024-10-19,2024-11-09,14,2025-05-20,2025-05-22,2,213,40,80,45,1,Half Ballroom,1,0,7,1.0,22770.98,2,80.8,173.86,168.79,13503.2,1112.31,3828.67,18444.18,56,9452.24,1112.31,3646.35,14210.9,0.7,40.515,,2025,5,4,72.4,27.6,1,154.5,158.07,312.57,198.04,158.07,2,22.5,31,40,0,0,1,2,2,16,1,0,1,Classroom,1,0,1.0,1112.31,300,1620,3162.0,3,0,0,0,100.0,0.38,2.92,230.55,0.889,0.222,Peak,0,1,Tue,0,0,0,0,0,37,29,564482.87,0.7838,0,1,28,1.0,High,1,1,100.0,0.0329
B-202505-47184,Booked,Global Industries,Customer Advisory Board,Corporate,In-person,Full Package,Healthcare,Other,RFP,Medium,2025-03-01,2025-03-26,13,2025-05-20,2025-05-21,1,80,81,81,98,1,Half Ballroom,1,0,12,0.0,0.0,4,84.4,163.04,160.79,13023.99,1427.36,1751.56,16202.91,66,10612.14,1427.36,1668.16,13707.66,0.8148148148148148,17.022,,2025,5,4,61.8,38.2,1,33.98,153.25,187.23,187.23,153.25,1,0.0,81,0,0,0,2,3,1,12,1,0,1,Classroom,2,0,1.67,1427.36,850,2628,4484.96,5,0,0,0,0.0,0.82,1.38,200.04,0.827,0.204,Peak,0,1,Tue,0,0,1,0,0,56,46,657366.65,0.8214,0,1,0,,Unknown,0,1,93.3,0.15
B-202505-61694,Booked,Financial Services Group,Performance Review Summit,Corporate,In-person,Rooms Only,Finance,Finance,Repeat Client,Medium,2025-03-07,2025-03-23,12,2025-05-20,2025-05-21,1,74,30,30,33,0,,0,1,4,0.0,0.0,1,81.5,168.43,169.04,5071.2,0.0,0.0,5071.2,26,4395.04,0.0,0.0,4395.04,0.8666666666666667,0.0,,2025,5,3,67.0,33.0,1,156.59,165.49,322.08,202.36,165.49,1,0.0,30,0,0,0,0,0,0,0,0,0,0,,0,0,0.0,0.0,0,0,0.0,0,0,0,0,0.0,0.0,-0.36,169.04,0.909,0.0,Peak,0,1,Tue,0,1,1,1,0,41,29,349861.56,0.7073,0,1,0,,Unknown,0,1,93.3,0.0541
B-202505-24519,Booked,Tour Operator Network,Senior Travel Club,Corporate,In-person,Rooms Only,Legal,Legal,Direct Inquiry,Medium,2025-02-18,2025-03-05,8,2025-05-21,2025-05-22,1,92,49,49,53,0,,0,1,7,0.0,0.0,2,82.9,170.84,168.99,8280.51,0.0,0.0,8280.51,45,7604.55,0.0,0.0,7604.55,0.9183673469387756,0.0,,2025,5,2,64.1,35.9,0,167.14,144.54,311.68,0.0,144.54,1,0.0,49,0,0,0,0,0,0,0,0,0,0,,0,0,0.0,0.0,0,0,0.0,0,0,0,0,0.0,0.0,1.08,168.99,0.925,0.0,Peak,0,2,Wed,0,0,1,0,0,17,15,103702.47,0.8824,0,1,28,1.0,High,1,1,93.3,0.0761
B-202505-62572,Booked,Dental Association,Awards Gala Weekend,Association,Hybrid,Full Package,Healthcare,Healthcare,Referral,Medium,2024-09-14,2024-10-16,21,2025-05-21,2025-05-22,1,249,84,84,112,1,Half Ballroom,1,0,11,1.0,26108.02,3,80.3,169.16,160.56,13487.04,1432.11,2197.24,17116.39,52,8349.12,1432.11,2092.61,11873.84,0.6190476190476191,18.684,,2025,5,4,73.6,26.4,1,139.22,154.84,294.06,262.63,154.84,1,0.0,84,0,0,0,2,3,1,12,1,0,1,Classroom,2,0,1.67,1432.11,850,2020,3886.56,4,0,0,0,0.0,0.93,5.08,203.77,0.75,0.179,Peak,0,2,Wed,0,0,0,0,1,38,30,578693.77,0.7895,0,1,28,1.0,High,1,1,100.0,0.0442
B-202505-79036,Booked,Tour Operator Network,Architecture Tour Group,SMERF,Hybrid,Rooms Only,Association,Association,Website,Medium,2024-12-14,2025-01-06,19,2025-05-21,2025-05-22,1,158,19,19,20,0,,0,0,4,1.0,3711.44,1,77.8,160.95,153.86,2923.34,0.0,0.0,2923.34,17,2615.62,0.0,0.0,2615.62,0.8947368421052632,0.0,,2025,5,4,57.2,42.8,1,171.93,143.22,315.15,266.68,143.22,1,0.0,19,0,0,0,0,0,0,0,0,0,0,,0,0,0.0,0.0,0,0,0.0,0,0,0,0,0.0,0.0,4.41,153.86,0.95,0.0,Shoulder,0,2,Wed,0,0,0,1,1,17,15,103702.47,0.8824,0,1,28,0.679,High,1,0,100.0,0.0253
B-202505-20414,Booked,Consulting Network,Quarterly Business Review,Corporate,Hybrid,Full Package,Professional Services,Professional Services,Cvent,Low,2025-02-09,2025-02-27,9,2025-05-23,2025-05-24,1,103,57,57,72,1,Half Ballroom,1,0,9,0.0,0.0,1,83.1,176.83,187.44,10684.08,1614.85,3250.04,15548.97,53,9934.32,1614.85,3095.28,14644.45,0.9298245614035088,42.99,,2025,5,2,66.3,33.7,1,42.24,178.57,220.81,220.81,178.57,1,0.0,57,0,0,0,2,1,1,8,1,0,1,Theater,1,0,1.0,1614.85,150,1848,2554.65,4,0,0,0,100.0,0.6,-6.0,272.79,0.792,0.278,Peak,0,4,Fri,1,0,1,0,0,39,29,320593.86,0.7436,0,1,126,0.452,Moderate,0,0,93.3,0.0874
B-202505-28012,Booked,Legal Society,Educational Seminar Series,Association,In-person,Rooms Only,Legal,Legal,Cvent,Low,2024-08-21,2024-09-14,19,2025-05-23,2025-05-24,1,275,37,37,40,0,,0,0,5,1.0,8232.21,2,78.9,174.35,168.59,6237.83,0.0,0.0,6237.83,26,4383.34,0.0,0.0,4383.34,0.7027027027027027,0.0,,2025,5,3,70.9,29.1,1,150.83,151.63,302.46,183.2,183.2,1,0.0,37,0,0,0,0,0,0,0,0,0,0,,0,0,0.0,0.0,0,0,0.0,0,0,0,0,0.0,0.0,3.3,168.59,0.925,0.0,Peak,0,4,Fri,1,0,0,1,1,28,24,470560.22,0.8571,0,1,126,0.294,Moderate,0,0,100.0,0.0182
B-202505-41359,Booked,Dental Association,Regional Chapter Meeting,Association,In-person,Meeting Only,Healthcare,Healthcare,Website,Low,2024-10-31,2024-11-28,18,2025-05-23,2025-05-25,2,204,0,0,80,1,Half Ballroom,0,0,10,0.0,0.0,2,82.5,167.83,0.0,0.0,1378.49,8239.9,9618.39,0,0.0,1378.49,7847.52,9226.01,,49.047,,2025,5,0,0.0,0.0,0,0.0,0.0,0.0,0.0,0.0,0,0.0,0,0,0,0,2,2,2,16,1,0,1,Classroom,3,1,2.5,1378.49,1000,2340,4539.86,5,0,0,0,100.0,0.67,100.0,,0.0,0.25,Peak,0,4,Fri,1,0,1,0,1,39,31,590567.61,0.7949,0,1,126,0.0,Low,0,0,80.0,0.049
B-202505-18662,Booked,TechCorp Solutions,New Hire Orientation,Corporate,Virtual,Rooms Only,Technology,Technology,Referral,Low,2025-03-05,2025-03-22,12,2025-05-24,2025-05-26,2,80,46,92,50,0,,0,1,5,0.0,0.0,1,79.1,169.59,169.69,15611.48,0.0,0.0,15611.48,73,12387.37,0.0,0.0,12387.37,0.7934782608695652,0.0,,2025,5,3,55.1,44.9,1,166.75,179.23,345.98,214.22,179.23,2,0.0,46,46,0,0,0,0,0,0,0,0,0,,0,0,0.0,0.0,0,0,0.0,0,0,0,0,0.0,0.0,-0.06,169.69,0.92,0.0,Peak,0,5,Sat,1,0,1,1,0,32,23,203353.14,0.7188,0,1,118,0.39,Moderate,0,0,93.3,0.0625
B-202505-96117,Booked,Consulting Network,Innovation Workshop,Corporate,In-person,Meeting Only,Professional Services,Professional Services,Repeat Client,Medium,2025-03-19,2025-04-04,11,2025-05-24,2025-05-26,2,66,0,0,96,1,Half Ballroom,0,0,5,1.0,23132.82,1,79.2,166.57,0.0,0.0,1537.36,3489.7,5027.06,0,0.0,1537.36,3323.52,4860.88,,17.31,,2025,5,0,0.0,0.0,0,0.0,0.0,0.0,0.0,0.0,0,0.0,0,0,0,0,2,5,2,24,1,0,1,Classroom,3,1,2.6,1537.36,2650,4164,8633.24,5,0,0,0,20.0,0.8,100.0,,0.0,0.208,Peak,0,5,Sat,1,1,0,1,1,40,30,335238.31,0.75,0,1,174,0.0,Low,0,0,86.7,0.0758
B-202505-16710,Booked,Volunteer Network,Youth Sports Tournament,SMERF,In-person,Full Package,Other,Other,Referral,Low,2025-02-18,2025-03-23,19,2025-05-25,2025-05-26,1,96,31,31,43,1,Half Ballroom,1,0,14,0.0,0.0,2,83.5,162.54,152.24,4719.44,1209.95,894.51,6823.9,22,3349.28,1209.95,851.92,5411.15,0.7096774193548387,19.812,,2025,5,2,64.2,35.8,0,7.78,168.38,176.16,0.0,168.38,1,0.0,31,0,0,0,1,2,1,8,1,0,1,Classroom,2,0,1.0,1209.95,350,940,1999.34,2,0,0,0,0.0,0.36,6.34,220.13,0.721,0.233,Peak,0,6,Sun,1,0,1,0,1,25,18,121552.34,0.72,0,1,118,0.263,Moderate,0,0,93.3,0.1458
B-202505-25917,Booked,Social Event,Milestone Birthday Party,Wedding/Social,In-person,Full Package,Social,Social/Private,Repeat Client,Low,2024-09-14,2024-10-12,18,2025-05-25,2025-05-26,1,253,25,25,33,1,Breakout Room,1,0,10,0.0,0.0,1,83.6,168.09,168.89,4222.25,568.87,2924.53,7715.65,15,2533.35,568.87,2785.27,5887.49,0.6,84.402,,2025,5,4,60.5,39.5,1,162.4,174.43,336.83,301.2,174.43,1,0.0,25,0,0,0,1,1,1,4,0,0,1,Reception,0,0,0.0,568.87,0,1815,2400.79,1,1,0,1,0.0,0.82,-0.48,308.63,0.758,0.303,Peak,0,6,Sun,1,1,1,0,0,55,38,197352.77,0.6909,0,1,118,0.212,Low,0,0,93.3,0.0395
B-202505-33120,Booked,Global Industries,Executive Offsite,Corporate,Virtual,Full Package,Professional Services,Other,Website,Medium,2025-03-04,2025-03-26,8,2025-05-26,2025-05-27,1,83,73,73,97,1,Half Ballroom,1,0,14,0.0,0.0,2,79.2,173.98,172.02,12557.46,1824.67,1748.36,16130.49,60,10321.2,1824.67,1665.1,13810.97,0.821917808219178,17.166,,2025,5,2,68.0,32.0,0,17.89,145.14,163.03,0.0,145.14,1,0.0,73,0,0,0,2,2,1,12,1,0,1,Classroom,3,1,2.0,1824.67,800,2694,4437.2,4,0,0,0,50.0,0.81,1.13,220.97,0.753,0.206,Peak,0,0,Mon,0,0,1,0,0,57,47,671074.31,0.8246,0,1,133,0.549,Moderate,0,0,93.3,0.1687
B-202505-42151,Booked,Personal Event,Quinceañera Celebration,Wedding/Social,In-person,Full Package,Social,Social/Private,Referral,Low,2024-09-23,2024-10-28,26,2025-05-26,2025-05-27,1,245,14,14,18,1,Breakout Room,1,1,9,1.0,6729.33,1,80.4,161.79,156.93,2197.02,419.15,1405.82,4021.99,9,1412.37,419.15,1338.88,3170.4,0.6428571428571429,74.382,,2025,5,4,69.3,30.7,1,149.14,145.51,294.65,209.82,145.51,1,0.0,14,0,0,0,1,2,1,8,0,0,1,Banquet,2,0,1.5,419.15,500,810,2525.24,1,0,1,1,0.0,0.45,3.0,287.28,0.778,0.556,Peak,0,0,Mon,0,0,0,0,1,55,38,194293.91,0.6909,0,1,133,0.105,Low,0,0,100.0,0.0367
B-202505-19751,Booked,Family Celebration,Williams-Brown Wedding,Wedding/Social,In-person,Full Package,Social,Social/Private,Website,Low,2024-10-11,2024-11-06,16,2025-05-28,2025-05-29,1,229,36,36,43,1,Half Ballroom,1,1,10,0.0,0.0,4,80.8,166.29,163.84,5898.24,911.14,3609.2,10418.58,20,3276.8,911.14,3437.33,7625.27,0.5555555555555556,79.938,,2025,5,3,59.7,40.3,1,118.28,155.37,273.65,273.65,155.37,1,0.0,36,0,0,0,1,1,1,4,1,0,1,Banquet,2,0,2.0,911.14,350,1080,1791.91,1,0,1,1,0.0,0.36,1.47,289.4,0.837,0.233,Peak,0,2,Wed,0,0,1,0,0,59,49,284730.47,0.8305,0,1,146,0.247,Low,0,0,93.3,0.0437
B-202505-41881,Booked,Youth Organization,High School Reunion,SMERF,In-person,Full Package,SMERF,Social/Community,Sales Call,Low,2025-03-18,2025-04-06,10,2025-05-28,2025-05-29,1,71,38,38,45,1,Half Ballroom,1,0,9,1.0,8377.04,3,80.8,168.88,157.31,5977.78,1200.48,508.6,7686.86,33,5191.23,1200.48,484.38,6876.09,0.868421052631579,10.764,,2025,5,4,67.7,32.3,1,95.84,146.09,241.93,241.93,146.09,1,0.0,38,0,0,0,1,1,1,8,1,0,1,Classroom,2,0,2.0,1200.48,350,700,1661.3,1,0,0,0,100.0,0.38,6.85,202.29,0.844,0.222,Peak,0,2,Wed,0,0,0,0,1,15,11,59512.42,0.7333,0,1,146,0.26,Moderate,0,0,100.0,0.1268
B-202505-15073,Booked,Manufacturing Alliance,Product Launch Event,Corporate,Hybrid,Full Package,Technology,Other,Referral,Medium,2025-01-19,2025-02-08,12,2025-05-29,2025-05-31,2,130,71,142,92,1,Half Ballroom,1,1,8,1.0,49654.41,2,82.7,165.73,166.66,23665.72,1779.04,3442.82,28887.58,131,21832.46,1779.04,3278.88,26890.38,0.9225352112676056,17.82,,2025,5,3,69.4,30.6,1,163.82,148.39,312.21,210.06,148.39,2,9.9,64,71,0,0,2,4,2,24,1,0,1,Theater,3,1,2.25,1779.04,1700,5340,8766.81,5,0,0,0,50.0,0.77,-0.56,203.43,0.772,0.217,Peak,0,3,Thu,0,0,0,0,0,43,31,435284.16,0.7209,0,1,52,1.0,High,1,1,100.0,0.0615
B-202505-45305,Booked,Accounting Institute,Member Appreciation Event,Association,Virtual,Full Package,Finance,Finance,Sales Call,High,2024-08-22,2024-09-26,21,2025-05-30,2025-06-02,3,281,62,186,79,1,Half Ballroom,1,1,14,1.0,73881.95,1,77.0,171.46,165.46,30775.56,1456.82,10497.98,42730.36,152,25149.92,1456.82,9998.08,36604.82,0.8172043010752689,42.186,,2025,5,4,59.5,40.5,1,37.35,147.82,185.17,185.17,147.82,2,5.9,53,62,57,0,2,3,3,24,1,0,1,Theater,3,1,2.33,1456.82,1450,3900,7074.31,4,0,0,0,100.0,0.66,3.5,229.73,0.785,0.253,Shoulder,0,4,Fri,1,0,0,0,1,39,34,634000.92,0.8718,0,1,80,0.775,High,1,0,100.0,0.0498
B-202505-72026,Booked,Personal Event,Engagement Party,Wedding/Social,In-person,Full Package,Social,Social/Private,Referral,Low,2024-07-27,2024-09-02,30,2025-05-30,2025-05-31,1,307,35,35,42,1,Half Ballroom,1,1,7,1.0,16490.78,1,82.2,169.51,170.34,5961.9,1193.55,3193.99,10349.44,20,3406.8,1193.55,3041.89,7642.24,0.5714285714285714,72.426,,2025,5,2,69.6,30.4,1,116.42,195.54,311.96,195.54,311.96,1,0.0,35,0,0,0,1,1,1,4,1,0,1,Banquet,2,0,2.0,1193.55,350,1320,2015.65,1,1,0,1,0.0,0.35,-0.49,295.7,0.833,0.238,Peak,0,4,Fri,1,0,0,0,0,56,39,197464.31,0.6964,0,1,52,0.673,High,1,0,100.0,0.0228
B-202505-43769,Booked,Cultural Journeys,Culinary Tour Group,SMERF,In-person,Rooms Only,Other,Other,Direct Inquiry,Low,2025-02-03,2025-02-20,12,2025-05-31,2025-06-02,2,117,25,50,27,0,,0,0,5,0.0,0.0,1,86.5,169.84,158.85,7942.5,0.0,0.0,7942.5,49,7783.65,0.0,0.0,7783.65,0.98,0.0,,2025,5,2,55.2,44.8,1,107.96,166.66,274.62,274.62,166.66,2,0.0,25,25,0,0,0,0,0,0,0,0,0,,0,0,0.0,0.0,0,0,0.0,0,0,0,0,0.0,0.0,6.47,158.85,0.926,0.0,Peak,1,5,Sat,1,0,1,1,1,17,15,91847.29,0.8824,0,1,35,0.714,High,1,0,93.3,0.0427
B-202505-59535,Booked,Accounting Institute,Awards Gala Weekend,Association,In-person,Full Package,Finance,Finance,Repeat Client,High,2024-10-20,2024-11-21,25,2025-05-31,2025-06-03,3,223,53,159,68,1,Half Ballroom,1,1,7,1.0,54457.55,2,80.5,162.61,148.56,23621.04,1736.2,8967.27,34324.51,123,18272.88,1736.2,8540.26,28549.34,0.7735849056603774,41.864,,2025,5,3,56.0,44.0,1,60.49,133.8,194.29,194.29,133.8,2,7.3,44,53,46,0,2,3,3,24,1,0,1,Classroom,3,1,2.0,1736.2,1150,3840,6888.18,5,0,0,0,100.0,0.57,8.64,215.88,0.779,0.294,Peak,0,5,Sat,1,1,0,0,1,40,35,670605.74,0.875,0,1,35,1.0,High,1,1,100.0,0.0314
B-202506-11511,Booked,Family Celebration,Williams-Brown Wedding,Wedding/Social,In-person,Full Package,Social,Social/Private,Website,Low,2024-10-02,2024-11-13,35,2025-06-01,2025-06-03,2,242,16,32,21,1,Breakout Room,1,0,7,0.0,0.0,1,69.6,159.22,146.05,4673.6,530.37,1501.61,6705.58,20,2921.0,530.37,1430.1,4881.47,0.625,34.05,,2025,6,4,67.4,32.6,1,144.44,152.42,296.86,191.58,157.13,2,62.5,6,16,0,0,1,2,2,8,0,0,1,Banquet,1,0,0.5,530.37,150,945,2192.42,1,0,1,1,0.0,0.53,8.27,209.55,0.762,0.476,Shoulder,0,6,Sun,1,0,1,0,1,60,50,292355.74,0.8333,0,1,151,0.106,Low,0,0,93.3,0.0289
B-202506-92209,Booked,Retail Corporation,Product Launch Event,Corporate,In-person,Full Package,Professional Services,Other,Cvent,Low,2025-03-17,2025-04-11,11,2025-06-01,2025-06-02,1,76,29,29,32,1,Breakout Room,1,1,14,0.0,0.0,2,77.9,162.97,155.0,4495.0,539.73,902.77,5937.5,25,3875.0,539.73,859.78,5274.51,0.8620689655172413,26.868,,2025,6,4,53.7,46.3,1,147.29,145.23,292.52,176.44,145.23,1,0.0,29,0,0,0,1,1,1,8,0,0,1,Classroom,2,0,2.0,539.73,350,1280,2639.22,2,0,0,0,100.0,0.8,4.89,204.74,0.906,0.312,Shoulder,0,6,Sun,1,0,1,0,1,38,29,385700.9,0.7632,0,1,35,0.829,High,1,0,93.3,0.1842
B-202506-37759,Booked,Nursing Council,Continuing Education Conference,Association,Virtual,Full Package,Healthcare,Healthcare,Repeat Client,Medium,2024-10-28,2024-12-02,26,2025-06-03,2025-06-06,3,218,14,42,16,1,Breakout Room,1,1,9,0.0,0.0,1,74.5,167.2,171.94,7221.48,467.34,2338.86,10027.68,27,4642.38,467.34,2227.49,7337.21,0.6428571428571429,46.406,,2025,6,4,62.5,37.5,1,111.07,169.26,280.33,280.33,169.26,2,29.4,8,14,4,0,1,3,3,24,0,0,1,Theater,2,0,1.33,467.34,650,2720,6276.44,5,0,0,0,100.0,0.4,-2.83,238.75,0.875,0.625,Shoulder,0,1,Tue,0,1,1,0,0,40,26,456085.78,0.65,0,1,37,0.378,Moderate,0,0,93.3,0.0413
B-202506-37899,Booked,Local School District,Faith-Based Conference,SMERF,In-person,Full Package,Education,Education,RFP,Medium,2025-02-07,2025-02-28,14,2025-06-03,2025-06-05,2,116,53,106,73,1,Half Ballroom,1,0,7,0.0,0.0,2,80.3,161.21,149.9,15889.4,941.55,1631.27,18462.22,90,13491.0,941.55,1553.59,15986.14,0.8490566037735849,10.641,,2025,6,2,50.3,49.7,0,125.87,162.07,287.94,0.0,162.07,2,7.5,49,53,0,0,1,4,2,16,1,0,1,Classroom,2,0,1.0,941.55,650,240,2340.96,1,0,0,0,0.0,0.61,7.02,174.17,0.726,0.137,Peak,0,1,Tue,0,0,1,0,1,18,14,108654.32,0.7778,0,1,37,1.0,High,1,1,93.3,0.0603
B-202506-73016,Booked,Personal Event,Williams-Brown Wedding,Wedding/Social,In-person,Rooms Only,Social,Social/Private,Repeat Client,Medium,2024-06-03,2024-06-26,17,2025-06-03,2025-06-04,1,365,49,49,53,0,,0,1,6,0.0,0.0,1,73.8,166.88,153.16,7504.84,0.0,0.0,7504.84,29,4441.64,0.0,0.0,4441.64,0.5918367346938775,0.0,,2025,6,4,68.9,31.1,1,113.0,148.93,261.93,261.93,148.93,1,0.0,49,0,0,0,0,0,0,0,0,0,0,,0,0,0.0,0.0,0,0,0.0,0,0,0,0,0.0,0.0,8.22,153.16,0.925,0.0,Shoulder,0,1,Tue,0,1,1,0,1,57,40,205106.55,0.7018,0,1,104,0.471,Moderate,0,0,93.3,0.0164
B-202506-11533,Booked,Social Event,Anniversary Celebration,Wedding/Social,In-person,Rooms Only,Social,Social/Private,Website,Low,2025-01-05,2025-02-23,42,2025-06-04,2025-06-06,2,150,21,42,23,0,,0,1,7,0.0,0.0,2,75.1,164.93,163.82,6880.44,0.0,0.0,6880.44,22,3604.04,0.0,0.0,3604.04,0.5238095238095238,0.0,,2025,6,3,58.5,41.5,1,110.6,189.91,300.51,258.05,300.51,2,52.4,10,21,0,0,0,0,0,0,0,0,0,,0,0,0.0,0.0,0,0,0.0,0,0,0,0,0.0,0.0,0.67,163.82,0.913,0.0,Shoulder,0,2,Wed,0,0,1,0,0,56,39,203240.26,0.6964,0,1,116,0.181,Low,0,0,93.3,0.0467
B-202506-39601,Booked,Personal Event,Holiday Party,Wedding/Social,In-person,Full Package,Social,Social/Private,Referral,Low,2024-07-09,2024-08-20,30,2025-06-04,2025-06-05,1,330,21,21,25,1,Breakout Room,1,1,12,0.0,0.0,1,71.3,161.93,150.39,3158.19,398.47,2228.94,5785.6,11,1654.29,398.47,2122.8,4175.56,0.5238095238095238,84.912,,2025,6,4,71.5,28.5,1,145.67,147.09,292.76,254.67,197.2,1,0.0,21,0,0,0,1,2,1,8,0,0,1,Reception,1,0,1.0,398.47,300,1125,2719.34,1,0,1,1,0.0,0.62,7.13,275.5,0.84,0.4,Shoulder,0,2,Wed,0,0,1,0,1,59,41,209548.19,0.6949,0,1,37,0.568,Moderate,0,0,93.3,0.0364
B-202506-43010,Booked,Nursing Council,Awards Gala Weekend,Association,In-person,Full Package,Healthcare,Healthcare,Third-Party Planner,Medium,2024-09-09,2024-10-15,28,2025-06-04,2025-06-07,3,268,46,138,56,1,Half Ballroom,1,0,8,1.0,57482.99,3,75.6,167.5,163.44,22554.72,1142.28,7084.58,30781.58,103,16834.32,1142.28,6747.22,24723.82,0.7463768115942029,40.162,,2025,6,3,58.0,42.0,1,48.41,140.4,188.81,188.81,148.48,2,9.8,35,46,40,0,1,3,3,24,1,0,1,Classroom,3,1,2.33,1142.28,1350,3800,6938.04,4,0,0,0,100.0,0.47,2.42,223.05,0.821,0.179,Shoulder,0,2,Wed,0,0,0,0,0,41,27,463422.99,0.6585,0,1,116,0.397,Moderate,0,0,100.0,0.0299
B-202506-86399,Booked,Youth Organization,High School Reunion,SMERF,In-person,Full Package,SMERF,Social/Community,Website,Low,2025-04-18,2025-05-11,10,2025-06-04,2025-06-05,1,47,28,28,38,1,Breakout Room,1,1,13,0.0,0.0,1,69.9,159.45,140.78,3941.84,562.39,424.22,4928.45,24,3378.72,562.39,404.02,4345.13,0.8571428571428571,10.632,,2025,6,2,59.0,41.0,1,16.56,263.58,280.14,263.58,280.14,1,0.0,28,0,0,0,1,2,1,8,0,0,1,Classroom,0,0,0.0,562.39,0,432,1684.28,1,0,0,0,0.0,0.95,11.71,176.02,0.737,0.263,Shoulder,0,2,Wed,0,0,1,0,1,17,12,66388.51,0.7059,0,1,37,0.757,High,1,0,93.3,0.2766
B-202506-91870,Booked,Professional Services Group,Regional Team Meeting,Corporate,In-person,Meeting Only,Technology,Other,Website,Low,2025-02-03,2025-02-27,14,2025-06-04,2025-06-05,1,121,0,0,138,1,Grand Ballroom,0,1,10,0.0,0.0,3,74.7,167.46,0.0,0.0,2449.8,7188.2,9638.0,0,0.0,2449.8,6845.9,9295.7,,49.608,,2025,6,0,0.0,0.0,0,0.0,0.0,0.0,0.0,0.0,0,0.0,0,0,0,0,1,1,1,8,1,0,1,Classroom,2,0,2.0,2449.8,350,10350,13124.51,3,0,0,0,100.0,0.57,100.0,,0.0,0.072,Shoulder,0,2,Wed,0,0,1,0,1,42,33,429250.87,0.7857,0,1,37,0.0,Low,0,0,80.0,0.0826
B-202506-45102,Booked,Personal Event,Memorial Service Gathering,Wedding/Social,In-person,Full Package,Social,Social/Private,Cvent,Low,2024-09-01,2024-10-16,32,2025-06-05,2025-06-06,1,277,23,23,31,1,Breakout Room,1,1,13,0.0,0.0,4,73.0,161.21,138.85,3193.55,583.54,2306.69,6083.78,14,1943.9,583.54,2196.85,4724.29,0.6086956521739131,70.866,,2025,6,4,70.3,29.7,1,77.06,144.06,221.12,221.12,144.06,1,0.0,23,0,0,0,1,1,1,4,0,0,1,Reception,2,0,2.0,583.54,350,1705,2631.02,1,1,0,1,0.0,0.78,13.87,264.51,0.742,0.323,Shoulder,0,3,Thu,0,0,1,0,1,60,42,213723.75,0.7,0,1,116,0.198,Low,0,0,93.3,0.0469
B-202506-92689,Booked,Private Individual,Bar/Bat Mitzvah,Wedding/Social,In-person,Full Package,Social,Social/Private,Third-Party Planner,Low,2024-06-09,2024-07-03,14,2025-06-08,2025-06-09,1,364,32,32,39,1,Breakout Room,1,1,10,0.0,0.0,1,70.6,164.62,142.89,4572.48,351.24,2957.98,7881.7,20,2857.8,351.24,2817.13,6026.17,0.625,72.234,,2025,6,4,53.1,46.9,1,151.19,128.22,279.41,184.59,128.22,1,0.0,32,0,0,0,1,1,1,4,0,0,1,Banquet,2,0,2.0,351.24,350,2145,3090.05,1,1,0,1,0.0,0.97,13.2,246.3,0.821,0.256,Shoulder,0,6,Sun,1,0,1,0,1,55,45,213648.84,0.8182,0,1,188,0.17,Low,0,0,93.3,0.0275
B-202506-43903,Booked,Insurance Federation,Continuing Education Conference,Association,In-person,Full Package,Finance,Finance,Direct Inquiry,High,2024-10-12,2024-11-12,20,2025-06-09,2025-06-13,4,240,101,404,127,1,Grand Ballroom,1,1,11,1.0,102846.88,3,71.8,159.8,150.57,60830.28,2332.36,26309.69,89472.33,282,42460.74,2332.36,25056.85,69849.95,0.698019801980198,49.3245,,2025,6,3,58.8,41.2,1,134.85,165.19,300.04,200.83,300.04,2,4.5,93,101,91,89,1,4,4,32,1,0,1,Classroom,3,1,2.5,2332.36,2000,34417,46726.62,5,0,0,0,100.0,0.53,5.78,221.47,0.795,0.079,Shoulder,0,0,Mon,0,0,0,0,1,35,24,496942.31,0.6857,0,1,5,1.0,High,1,1,100.0,0.0458
B-202506-81535,Booked,Family Celebration,Bar/Bat Mitzvah,Wedding/Social,In-person,Full Package,Social,Social/Private,Referral,Low,2025-01-10,2025-02-10,20,2025-06-09,2025-06-10,1,150,22,22,28,1,Breakout Room,1,1,11,1.0,9521.25,1,69.8,163.68,148.39,3264.58,404.51,2318.25,5987.34,12,1780.68,404.51,2207.86,4393.05,0.5454545454545454,78.852,,2025,6,2,60.9,39.1,1,30.84,171.8,202.64,202.64,202.64,1,0.0,22,0,0,0,1,1,1,4,0,0,1,Reception,1,0,1.0,404.51,150,1260,2061.33,1,0,1,1,0.0,0.7,9.34,272.15,0.786,0.357,Shoulder,0,0,Mon,0,0,0,0,1,61,51,297237.21,0.8361,0,1,45,0.489,Moderate,0,0,100.0,0.0733
B-202506-81946,Booked,Retail Corporation,Management Training,Corporate,In-person,Full Package,Finance,Other,Repeat Client,Medium,2025-03-31,2025-04-20,11,2025-06-09,2025-06-11,2,70,52,104,70,1,Half Ballroom,1,1,9,0.0,0.0,1,70.4,164.91,152.83,15894.32,1325.2,6746.86,23966.38,87,13296.21,1325.2,6425.58,21046.99,0.8365384615384616,45.897,,2025,6,3,65.8,34.2,1,40.74,139.87,180.61,180.61,139.87,2,19.2,42,52,0,0,1,2,2,16,1,0,1,Banquet,3,1,2.0,1325.2,800,2568,4637.4,4,0,0,0,100.0,0.58,7.33,230.45,0.743,0.143,Shoulder,0,0,Mon,0,1,1,0,1,39,30,390975.41,0.7692,0,1,5,1.0,High,1,1,93.3,0.1286
B-202506-65856,Booked,Dental Association,Regional Chapter Meeting,Association,In-person,Full Package,Healthcare,Healthcare,Cvent,High,2024-11-02,2024-11-30,17,2025-06-10,2025-06-13,3,220,62,186,77,1,Half Ballroom,1,0,11,0.0,0.0,3,74.2,162.24,150.21,27939.06,1760.18,11824.8,41524.04,131,19677.51,1760.18,11261.71,32699.4,0.7043010752688172,48.752,,2025,6,4,60.1,39.9,1,153.0,161.31,314.31,252.11,161.31,2,7.3,51,62,57,0,2,3,3,24,1,0,1,Theater,3,1,2.33,1760.18,1350,3180,6352.73,5,0,0,0,100.0,0.64,7.41,223.25,0.805,0.26,Shoulder,0,1,Tue,0,0,1,0,1,41,32,599793.62,0.7805,0,1,0,,Unknown,0,1,93.3,0.05
B-202506-38068,Booked,Real Estate Board,Leadership Institute,Association,In-person,Full Package,Government,Government,Referral,High,2024-09-04,2024-09-30,18,2025-06-11,2025-06-14,3,280,38,114,44,1,Half Ballroom,1,0,8,0.0,0.0,3,71.7,161.5,142.92,16292.88,1275.51,6902.56,24470.95,79,11290.68,1275.51,6573.86,19140.05,0.6929824561403509,49.802,,2025,6,4,65.0,35.0,1,115.85,145.25,261.1,224.38,145.25,2,9.7,33,38,29,0,1,3,3,24,1,0,1,Classroom,2,0,2.0,1275.51,1050,3180,6059.92,5,0,0,0,100.0,0.37,11.5,214.66,0.864,0.227,Shoulder,0,2,Wed,0,0,1,0,1,38,30,605527.25,0.7895,0,1,0,,Unknown,0,1,93.3,0.0286
B-202506-48588,Booked,Industry Trade Group,Networking Summit,Association,Hybrid,Full Package,Trade/Manufacturing,Trade/Manufacturing,Cvent,Medium,2024-10-19,2024-11-17,22,2025-06-11,2025-06-13,2,235,61,122,81,1,Half Ballroom,1,1,7,1.0,33380.52,2,70.2,159.32,130.15,15878.3,1503.81,3201.11,20583.22,82,10672.3,1503.81,3048.68,15224.79,0.6721311475409836,18.819,,2025,6,3,65.8,34.2,1,68.11,161.98,230.09,230.09,163.89,2,0.0,61,61,0,0,2,4,2,24,1,0,1,Theater,3,1,1.75,1503.81,1300,3404,6437.03,4,0,0,0,50.0,0.68,18.31,168.71,0.753,0.247,Shoulder,0,2,Wed,0,0,0,0,1,35,24,390116.97,0.6857,0,1,0,,Unknown,0,1,100.0,0.0298
B-202506-72506,Booked,Faith Community,Fraternity/Sorority Reunion,SMERF,In-person,Rooms Only,Other,Other,Third-Party Planner,Low,2025-01-21,2025-02-08,14,2025-06-11,2025-06-12,1,141,40,40,44,0,,0,0,4,0.0,0.0,3,67.8,162.73,136.55,5462.0,0.0,0.0,5462.0,32,4369.6,0.0,0.0,4369.6,0.8,0.0,,2025,6,3,66.1,33.9,0,129.9,138.4,268.3,0.0,138.4,1,0.0,40,0,0,0,0,0,0,0,0,0,0,,0,0,0.0,0.0,0,0,0.0,0,0,0,0,0.0,0.0,16.09,136.55,0.909,0.0,Shoulder,0,2,Wed,0,0,1,1,1,9,5,26588.96,0.5556,0,1,0,,Unknown,0,1,93.3,0.0284
B-202506-49268,Booked,Banking Consortium,Performance Review Summit,Corporate,In-person,Rooms Only,Finance,Finance,Third-Party Planner,Medium,2025-03-11,2025-03-23,9,2025-06-12,2025-06-15,3,93,30,90,33,0,,0,1,3,1.0,14878.42,2,76.6,170.56,176.25,15862.5,0.0,0.0,15862.5,82,14452.5,0.0,0.0,14452.5,0.9111111111111112,0.0,,2025,6,3,52.1,47.9,1,122.3,179.74,302.04,302.04,179.74,2,17.3,19,30,19,0,0,0,0,0,0,0,0,,0,0,0.0,0.0,0,0,0.0,0,0,0,0,0.0,0.0,-3.34,176.25,0.909,0.0,Shoulder,0,3,Thu,0,0,0,1,0,35,27,359262.99,0.7714,0,1,9,1.0,High,1,1,100.0,0.0323
B-202506-55323,Booked,Veterans Group,Charity Fundraiser,SMERF,In-person,Full Package,Government,Government,Sales Call,Low,2025-02-15,2025-03-12,16,2025-06-12,2025-06-13,1,117,59,59,80,1,Half Ballroom,1,1,9,0.0,0.0,2,70.6,161.51,143.75,8481.25,1394.91,993.38,10869.54,45,6468.75,1394.91,946.08,8809.74,0.7627118644067796,11.826,,2025,6,3,56.2,43.8,1,36.5,137.31,173.81,173.81,137.31,1,0.0,59,0,0,0,1,1,1,8,1,0,1,Classroom,2,0,2.0,1394.91,350,700,1671.43,1,0,0,0,100.0,0.67,11.0,184.23,0.738,0.125,Shoulder,0,3,Thu,0,0,1,0,1,13,8,59564.67,0.6154,0,1,0,,Unknown,0,1,93.3,0.0769
B-202506-26114,Booked,Retail Corporation,Executive Offsite,Corporate,In-person,Full Package,Professional Services,Other,Cvent,Low,2025-03-10,2025-04-01,14,2025-06-13,2025-06-14,1,95,45,45,55,1,Half Ballroom,1,1,8,0.0,0.0,4,70.3,161.78,140.98,6344.1,970.74,2670.82,9985.66,42,5921.16,970.74,2543.64,9435.54,0.9333333333333332,46.248,,2025,6,2,51.7,48.3,0,4.27,148.03,152.3,0.0,152.3,1,0.0,45,0,0,0,1,1,1,8,1,0,1,Classroom,2,0,2.0,970.74,350,2088,3031.64,4,0,0,0,100.0,0.46,12.86,221.9,0.818,0.182,Shoulder,0,4,Fri,1,0,1,0,1,40,31,412022.4,0.775,0,1,9,1.0,High,1,1,93.3,0.0842
B-202506-30297,Booked,Financial Services Group,Board of Directors Meeting,Corporate,In-person,Meeting Only,Finance,Finance,Repeat Client,Low,2025-03-04,2025-03-20,10,2025-06-13,2025-06-15,2,101,0,0,43,1,Half Ballroom,0,0,6,1.0,13354.64,1,68.6,169.11,0.0,0.0,1123.52,3864.39,4987.91,0,0.0,1123.52,3680.37,4803.89,,42.795,,2025,6,0,0.0,0.0,0,0.0,0.0,0.0,0.0,0.0,0,0.0,0,0,0,0,1,2,2,16,1,0,1,Classroom,3,1,3.0,1123.52,1300,3048,5457.78,4,0,0,0,100.0,0.36,100.0,,0.0,0.233,Shoulder,0,4,Fri,1,1,0,0,1,42,30,354256.6,0.7143,0,1,9,0.0,Low,0,0,86.7,0.0594
B-202506-59091,Booked,Regional Healthcare System,Performance Review Summit,Corporate,Hybrid,Rooms Only,Healthcare,Healthcare,RFP,Low,2025-03-22,2025-04-03,9,2025-06-13,2025-06-14,1,83,21,21,23,0,,0,0,3,1.0,3243.67,2,70.7,162.59,156.81,3293.01,0.0,0.0,3293.01,18,2822.58,0.0,0.0,2822.58,0.8571428571428571,0.0,,2025,6,4,57.4,42.6,1,165.34,131.5,296.84,194.95,139.06,1,0.0,21,0,0,0,0,0,0,0,0,0,0,,0,0,0.0,0.0,0,0,0.0,0,0,0,0,0.0,0.0,3.55,156.81,0.913,0.0,Shoulder,0,4,Fri,1,0,0,1,1,40,36,426096.61,0.9,0,1,9,1.0,High,1,1,100.0,0.0361
B-202506-82318,Booked,Financial Services Group,Annual Sales Conference,Corporate,Hybrid,Full Package,Finance,Finance,RFP,Medium,2025-03-10,2025-04-02,11,2025-06-13,2025-06-15,2,95,35,70,45,1,Half Ballroom,1,0,12,1.0,25132.8,2,68.8,163.58,152.73,10691.1,1122.12,3975.23,15788.45,55,8400.15,1122.12,3785.94,13308.21,0.7857142857142857,42.066,,2025,6,3,65.4,34.6,1,99.31,210.49,309.8,266.78,309.8,2,25.7,26,35,0,0,1,2,2,16,1,0,1,Classroom,3,1,2.0,1122.12,800,3936,5872.27,5,0,0,0,100.0,0.38,6.63,225.55,0.778,0.222,Shoulder,0,4,Fri,1,0,0,0,1,42,30,354256.6,0.7143,0,1,32,1.0,High,1,1,100.0,0.1263
B-202506-89616,Booked,Veterans Group,Cultural Heritage Festival,SMERF,In-person,Rooms Only,Government,Government,Website,Low,2024-12-17,2025-01-08,16,2025-06-13,2025-06-15,2,178,42,84,46,0,,0,0,6,1.0,14551.98,4,73.1,163.03,142.77,11992.68,0.0,0.0,11992.68,73,10422.21,0.0,0.0,10422.21,0.8690476190476191,0.0,,2025,6,2,55.5,44.5,1,35.93,137.01,172.94,172.94,137.01,2,11.9,37,42,0,0,0,0,0,0,0,0,0,,0,0,0.0,0.0,0,0,0.0,0,0,0,0,0.0,0.0,12.43,142.77,0.913,0.0,Shoulder,0,4,Fri,1,0,0,0,1,14,9,68374.41,0.6429,0,1,32,1.0,High,1,1,100.0,0.0337
B-202506-12714,Booked,Professional Services Group,Sales Kickoff,Corporate,In-person,Meeting Only,Technology,Other,Referral,Low,2025-04-13,2025-05-06,14,2025-06-14,2025-06-15,1,62,0,0,137,1,Grand Ballroom,0,0,9,0.0,0.0,2,72.0,165.58,0.0,0.0,1813.16,7165.46,8978.62,0,0.0,1813.16,6824.24,8637.4,,49.812,,2025,6,0,0.0,0.0,0,0.0,0.0,0.0,0.0,0.0,0,0.0,0,0,0,0,1,1,1,8,1,0,1,Theater,3,1,3.0,1813.16,650,7124,10232.75,3,0,0,0,100.0,0.57,100.0,,0.0,0.073,Shoulder,0,5,Sat,1,0,1,0,1,44,34,438546.57,0.7727,0,1,32,0.0,Low,0,0,80.0,0.1452
B-202506-63763,Booked,Private Party,Smith-Johnson Wedding,Wedding/Social,In-person,Full Package,Social,Social/Private,Direct Inquiry,Medium,2024-09-28,2024-10-31,22,2025-06-14,2025-06-16,2,259,33,66,40,1,Breakout Room,1,1,11,0.0,0.0,1,74.1,162.39,145.81,9623.46,439.93,3008.88,13072.27,41,5978.21,439.93,2865.6,9283.74,0.6212121212121212,35.82,,2025,6,2,50.2,49.8,1,83.82,131.63,215.45,215.45,131.63,2,6.1,31,33,0,0,1,3,2,12,0,0,1,Banquet,2,0,1.0,439.93,500,2200,4475.07,1,1,0,1,0.0,1.0,10.21,198.06,0.825,0.25,Shoulder,0,5,Sat,1,0,1,0,1,55,41,242012.1,0.7455,0,1,139,0.237,Low,0,0,93.3,0.0425
B-202506-73620,Booked,Retail Corporation,Regional Team Meeting,Corporate,In-person,Rooms Only,Healthcare,Other,Cvent,Medium,2025-03-03,2025-03-19,12,2025-06-14,2025-06-16,2,103,48,96,52,0,,0,0,4,0.0,0.0,2,71.8,165.15,161.51,15504.96,0.0,0.0,15504.96,81,13082.31,0.0,0.0,13082.31,0.84375,0.0,,2025,6,3,72.4,27.6,0,145.38,166.01,311.39,0.0,166.01,2,2.1,47,48,0,0,0,0,0,0,0,0,0,,0,0,0.0,0.0,0,0,0.0,0,0,0,0,0.0,0.0,2.2,161.51,0.923,0.0,Shoulder,0,5,Sat,1,0,1,1,0,41,32,421457.94,0.7805,0,1,139,0.345,Moderate,0,0,93.3,0.0388
B-202506-24216,Booked,Family Celebration,Quinceañera Celebration,Wedding/Social,In-person,Full Package,Social,Social/Private,Direct Inquiry,Low,2024-12-13,2025-01-10,16,2025-06-16,2025-06-17,1,185,34,34,44,1,Half Ballroom,1,0,12,1.0,17697.15,2,73.9,161.65,157.86,5367.24,872.2,4123.9,10363.34,21,3315.06,872.2,3927.53,8114.79,0.6176470588235294,89.262,,2025,6,2,64.7,35.3,1,119.34,152.61,271.95,271.95,152.61,1,0.0,34,0,0,0,1,1,1,4,1,0,1,Reception,1,0,1.0,872.2,150,1320,1837.0,1,1,0,1,0.0,0.37,2.34,304.8,0.773,0.227,Shoulder,0,0,Mon,0,0,0,0,0,62,52,301630.26,0.8387,0,1,136,0.25,Moderate,0,0,100.0,0.0649
B-202506-80919,Booked,Industry Trade Group,Leadership Institute,Association,In-person,Full Package,Trade/Manufacturing,Trade/Manufacturing,Direct Inquiry,Low,2024-10-18,2024-11-26,25,2025-06-16,2025-06-18,2,241,26,52,33,1,Breakout Room,1,1,14,0.0,0.0,1,72.4,161.23,154.93,8056.36,552.02,3164.24,11772.62,38,5887.34,552.02,3013.56,9452.92,0.7307692307692307,45.66,,2025,6,4,59.7,40.3,1,158.88,141.49,300.37,247.91,141.49,2,23.1,20,26,0,0,1,2,2,16,0,0,1,Classroom,2,0,2.0,552.02,700,5016,7729.42,5,0,0,0,100.0,0.82,3.91,226.4,0.788,0.303,Shoulder,0,0,Mon,0,0,1,0,1,36,25,405341.76,0.6944,0,1,194,0.134,Low,0,0,93.3,0.0581
B-202506-83719,Booked,Retail Corporation,Quarterly Business Review,Corporate,In-person,Full Package,Healthcare,Other,Website,Low,2025-04-08,2025-05-02,12,2025-06-16,2025-06-17,1,69,24,24,31,1,Breakout Room,1,0,12,1.0,8015.65,4,71.9,165.58,149.96,3599.04,564.73,762.45,4926.22,21,3149.16,564.73,726.14,4440.03,0.875,23.424,,2025,6,3,59.5,40.5,1,149.21,139.67,288.88,236.49,139.67,1,0.0,24,0,0,0,1,1,1,8,0,0,1,Classroom,1,0,1.0,564.73,150,1953,3192.9,2,0,0,0,100.0,0.78,9.43,205.26,0.774,0.323,Shoulder,0,0,Mon,0,0,0,0,1,42,33,434540.25,0.7857,0,1,136,0.176,Low,0,0,100.0,0.1739
B-202506-67979,Booked,Veterans Group,Community Theater Production,SMERF,In-person,Meeting Only,Government,Government,Repeat Client,Low,2025-02-20,2025-03-15,15,2025-06-17,2025-06-18,1,117,0,0,79,1,Half Ballroom,0,0,8,0.0,0.0,2,70.1,164.4,0.0,0.0,1951.49,1481.65,3433.14,0,0.0,1951.49,1411.1,3362.59,,17.862,,2025,6,0,0.0,0.0,0,0.0,0.0,0.0,0.0,0.0,0,0.0,0,0,0,0,2,2,1,8,1,0,1,Theater,2,0,1.5,1951.49,500,940,2150.36,2,0,0,0,0.0,0.66,100.0,,0.0,0.253,Shoulder,0,1,Tue,0,1,1,0,1,15,10,78796.62,0.6667,0,1,194,0.0,Low,0,0,80.0,0.0684
B-202506-62165,Booked,Nursing Council,Annual Member Conference,Association,In-person,Full Package,Healthcare,Healthcare,Direct Inquiry,Medium,2024-11-13,2024-12-15,25,2025-06-18,2025-06-21,3,217,50,150,61,1,Half Ballroom,1,1,7,1.0,60187.58,2,72.5,166.74,153.89,23083.5,1157.7,8012.66,32253.86,105,16158.45,1157.7,7631.1,24947.25,0.7,41.7,,2025,6,2,58.5,41.5,0,140.75,144.71,285.46,0.0,144.71,2,10.5,40,50,38,0,1,3,3,24,1,0,1,Classroom,3,1,1.67,1157.7,950,4060,6667.28,5,0,0,0,100.0,0.51,7.71,215.03,0.82,0.164,Shoulder,0,2,Wed,0,0,0,0,1,42,28,488146.81,0.6667,0,1,80,0.625,High,1,0,100.0,0.0323
B-202506-18498,Booked,State Medical Association,Networking Summit,Association,Hybrid,Full Package,Healthcare,Healthcare,Website,High,2024-06-28,2024-07-23,18,2025-06-19,2025-06-21,2,356,90,180,106,1,Half Ballroom,1,1,7,0.0,0.0,1,71.3,165.5,140.11,25219.8,1029.82,3785.09,30034.71,127,17793.97,1029.82,3604.85,22428.64,0.7055555555555556,17.004,,2025,6,4,51.2,48.8,1,140.54,118.23,258.77,199.45,118.23,2,11.1,80,90,0,0,1,6,2,24,1,0,1,Classroom,3,1,2.33,1029.82,2700,3920,8558.51,5,0,0,0,0.0,0.88,15.34,166.86,0.849,0.094,Shoulder,0,3,Thu,0,0,1,0,1,47,40,937465.67,0.8511,0,1,80,1.0,High,1,1,93.3,0.0197
B-202506-79248,Booked,Retail Corporation,Innovation Workshop,Corporate,Hybrid,Meeting Only,Healthcare,Other,Cvent,Low,2025-03-03,2025-03-21,13,2025-06-21,2025-06-22,1,110,0,0,44,1,Half Ballroom,0,1,5,1.0,7770.57,2,69.4,162.78,0.0,0.0,887.13,1869.44,2756.57,0,0.0,887.13,1780.42,2667.55,,40.464,,2025,6,0,0.0,0.0,0,0.0,0.0,0.0,0.0,0.0,0,0.0,0,0,0,0,1,1,1,8,1,0,1,Classroom,2,0,2.0,887.13,350,1008,1941.36,3,0,0,0,100.0,0.37,100.0,,0.0,0.227,Shoulder,0,5,Sat,1,0,0,1,1,43,34,438980.28,0.7907,0,1,220,0.0,Low,0,0,86.7,0.0455
B-202506-59449,Booked,Financial Services Group,Executive Offsite,Corporate,In-person,Full Package,Finance,Finance,Direct Inquiry,Low,2025-03-30,2025-04-22,12,2025-06-22,2025-06-23,1,84,56,56,68,1,Half Ballroom,1,0,11,0.0,0.0,3,70.8,157.89,141.33,7914.48,1013.55,2949.11,11877.14,52,7349.16,1013.55,2808.67,11171.38,0.9285714285714286,41.304,,2025,6,3,50.8,49.2,1,147.88,162.39,310.27,204.81,310.27,1,0.0,56,0,0,0,1,1,1,8,1,0,1,Classroom,1,0,1.0,1013.55,150,1800,2590.63,3,0,0,0,100.0,0.57,10.49,212.09,0.824,0.147,Shoulder,0,6,Sun,1,0,1,0,1,44,32,372368.7,0.7273,0,1,164,0.341,Moderate,0,0,93.3,0.131
B-202506-18253,Booked,Dental Association,Regional Chapter Meeting,Association,In-person,Full Package,Healthcare,Healthcare,Referral,Medium,2024-08-15,2024-09-18,27,2025-06-24,2025-06-26,2,313,60,120,83,1,Half Ballroom,1,1,7,0.0,0.0,2,69.7,171.71,152.22,18266.4,1376.53,3371.14,23014.07,82,12482.04,1376.53,3210.61,17069.18,0.6833333333333333,19.341,,2025,6,2,52.1,47.9,1,66.39,180.24,246.63,246.63,180.24,2,16.7,50,60,0,0,1,5,2,24,1,0,1,Classroom,3,1,2.4,1376.53,2350,4320,8584.99,5,0,0,0,20.0,0.69,11.35,191.78,0.723,0.12,Shoulder,0,1,Tue,0,0,1,0,1,42,33,632493.02,0.7857,0,1,4,1.0,High,1,1,93.3,0.0224
B-202506-41646,Booked,State Medical Association,Awards Gala Weekend,Association,In-person,Full Package,Healthcare,Healthcare,Third-Party Planner,High,2024-11-18,2024-12-24,23,2025-06-24,2025-06-26,2,218,81,162,106,1,Half Ballroom,1,0,13,0.0,0.0,2,71.9,160.83,158.59,25691.58,1625.52,4009.47,31326.57,111,17603.49,1625.52,3818.54,23047.55,0.6851851851851852,18.012,,2025,6,3,60.3,39.7,1,81.98,173.47,255.45,255.45,173.47,2,13.6,70,81,0,0,2,6,2,24,1,0,1,Theater,2,0,1.67,1625.52,1700,4152,7819.96,4,0,0,0,0.0,0.88,1.39,193.37,0.764,0.189,Shoulder,0,1,Tue,0,0,1,0,0,48,41,959894.31,0.8542,0,1,4,1.0,High,1,1,93.3,0.0596
B-202506-15546,Booked,Senior Adventures,International Tour Package,Corporate,In-person,Full Package,Other,Other,Website,Medium,2025-03-16,2025-04-09,14,2025-06-25,2025-06-26,1,101,59,59,72,1,Half Ballroom,0,0,10,0.0,0.0,1,76.4,160.06,166.09,9799.31,1150.55,0.0,10949.86,58,9633.22,1150.55,0.0,10783.77,0.9830508474576272,0.0,,2025,6,2,52.5,47.5,1,63.76,167.26,231.02,231.02,167.26,1,0.0,59,0,0,0,1,1,1,4,1,0,1,Classroom,0,0,0.0,1150.55,0,0,353.31,0,0,0,0,0.0,0.6,-3.77,185.59,0.819,0.139,Shoulder,0,2,Wed,0,0,1,0,0,21,12,61815.97,0.5714,0,1,4,1.0,High,1,1,93.3,0.099
B-202506-85076,Booked,Heritage Travel,Photography Expedition,Corporate,Hybrid,Full Package,Trade/Manufacturing,Trade/Manufacturing,Sales Call,High,2025-05-05,2025-05-27,10,2025-06-25,2025-06-27,2,51,16,32,21,1,Breakout Room,0,0,12,0.0,0.0,3,73.8,165.49,155.91,4989.12,578.49,0.0,5567.61,29,4521.39,578.49,0.0,5099.88,0.90625,0.0,,2025,6,4,59.0,41.0,1,144.89,144.53,289.42,249.78,144.53,2,75.0,4,16,0,0,1,2,2,8,0,0,1,Classroom,1,0,0.5,578.49,150,0,1338.8,0,0,0,0,0.0,0.53,5.79,173.99,0.762,0.476,Shoulder,0,2,Wed,0,0,1,0,1,21,18,117035.39,0.8571,0,1,109,0.147,Low,0,0,93.3,0.2353
B-202506-23392,Booked,Nursing Council,Regional Chapter Meeting,Association,Hybrid,Full Package,Healthcare,Healthcare,Third-Party Planner,Medium,2025-02-19,2025-03-16,18,2025-06-26,2025-06-28,2,127,33,66,37,1,Breakout Room,1,0,7,1.0,23585.56,1,71.5,160.08,138.0,9108.0,552.66,3670.39,13331.05,47,6486.0,552.66,3495.61,10534.27,0.7121212121212122,47.238,,2025,6,3,53.0,47.0,0,29.27,129.86,159.13,0.0,129.86,2,12.1,29,33,0,0,1,2,2,16,0,0,1,Theater,2,0,2.0,552.66,700,3780,6523.92,5,0,0,0,100.0,0.93,13.79,201.99,0.892,0.27,Shoulder,0,3,Thu,0,0,0,0,1,43,29,513094.06,0.6744,0,1,78,0.423,Moderate,0,0,100.0,0.0551
B-202506-89281,Booked,Legal Society,Policy Symposium,Association,Hybrid,Full Package,Legal,Legal,Direct Inquiry,High,2024-10-01,2024-10-28,16,2025-06-26,2025-06-27,1,268,62,62,81,1,Half Ballroom,1,1,11,1.0,25842.44,1,65.2,170.25,148.74,9221.88,1324.01,1542.13,12088.02,51,7585.74,1324.01,1468.69,10378.44,0.8225806451612904,18.132,,2025,6,3,52.3,47.7,0,138.93,129.45,268.38,0.0,139.88,1,0.0,62,0,0,0,1,2,1,12,1,0,1,Classroom,3,1,2.5,1324.01,1000,2180,4099.29,5,0,0,0,50.0,0.68,12.63,194.97,0.765,0.123,Shoulder,0,3,Thu,0,0,0,0,1,29,25,474943.56,0.8621,0,1,109,0.569,Moderate,0,0,100.0,0.041
B-202506-27383,Booked,Regional Healthcare System,Board of Directors Meeting,Corporate,In-person,Full Package,Healthcare,Healthcare,Third-Party Planner,Low,2025-04-12,2025-05-03,7,2025-06-27,2025-06-28,1,76,43,43,53,1,Half Ballroom,1,1,14,1.0,14664.42,2,73.6,161.71,156.77,6741.11,1064.24,2322.94,10128.29,36,5643.72,1064.24,2212.33,8920.29,0.8372093023255814,41.742,,2025,6,3,57.0,43.0,1,82.93,174.76,257.69,257.69,175.55,1,0.0,43,0,0,0,1,1,1,8,1,0,1,Classroom,3,1,3.0,1064.24,650,1848,3069.64,4,0,0,0,100.0,0.44,3.05,235.54,0.811,0.189,Shoulder,0,4,Fri,1,0,0,0,1,41,37,428919.19,0.9024,0,1,78,0.551,Moderate,0,0,100.0,0.1842
B-202506-75721,Booked,Education Foundation,Regional Chapter Meeting,Association,In-person,Full Package,Education,Education,Cvent,Low,2024-11-28,2025-01-04,23,2025-06-27,2025-06-29,2,211,23,46,27,1,Breakout Room,1,1,14,1.0,20214.85,2,72.0,161.63,152.75,7026.5,552.37,2515.1,10093.97,30,4582.5,552.37,2395.33,7530.2,0.6521739130434783,44.358,,2025,6,2,70.3,29.7,0,2.49,139.99,142.48,0.0,139.99,2,4.3,22,23,0,0,1,2,2,16,0,0,1,Classroom,2,0,1.5,552.37,500,2835,5257.23,4,0,0,0,100.0,0.68,5.49,219.43,0.852,0.37,Shoulder,0,4,Fri,1,0,0,0,1,52,37,772007.33,0.7115,0,1,197,0.117,Low,0,0,100.0,0.0664
B-202506-85605,Booked,Senior Adventures,Heritage Tour Group,SMERF,In-person,Rooms Only,Education,Education,Referral,Low,2025-03-30,2025-04-22,17,2025-06-27,2025-06-28,1,89,43,43,47,0,,0,0,6,0.0,0.0,2,73.2,156.04,137.56,5915.08,0.0,0.0,5915.08,38,5227.28,0.0,0.0,5227.28,0.8837209302325582,0.0,,2025,6,3,63.2,36.8,1,108.29,133.24,241.53,241.53,133.24,1,0.0,43,0,0,0,0,0,0,0,0,0,0,,0,0,0.0,0.0,0,0,0.0,0,0,0,0,0.0,0.0,11.84,137.56,0.915,0.0,Shoulder,0,4,Fri,1,0,1,0,1,22,13,72599.74,0.5909,0,1,78,0.551,Moderate,0,0,93.3,0.0674
B-202506-54671,Booked,Accounting Institute,Policy Symposium,Association,In-person,Full Package,Finance,Finance,RFP,High,2024-09-12,2024-10-09,15,2025-06-29,2025-07-01,2,290,71,142,91,1,Half Ballroom,1,0,12,1.0,37785.7,2,71.1,166.16,145.17,20614.14,1547.38,3634.15,25795.67,102,14807.34,1547.38,3461.09,19815.81,0.7183098591549296,19.017,,2025,6,4,50.8,49.2,1,129.22,124.58,253.8,162.16,124.58,2,15.5,60,71,0,0,2,4,2,24,1,0,1,Classroom,3,1,2.25,1547.38,1700,3680,7257.47,4,0,0,0,50.0,0.76,12.63,181.66,0.78,0.22,Shoulder,0,6,Sun,1,0,0,0,1,41,36,699155.08,0.878,0,1,48,1.0,High,1,1,100.0,0.0414
B-202506-55265,Booked,State Medical Association,Annual Member Conference,Association,In-person,Rooms Only,Healthcare,Healthcare,Referral,High,2024-12-14,2025-01-06,18,2025-06-29,2025-07-01,2,197,101,202,111,0,,0,1,5,0.0,0.0,2,69.0,165.69,142.32,28748.64,0.0,0.0,28748.64,128,18216.96,0.0,0.0,18216.96,0.6336633663366337,0.0,,2025,6,2,58.0,42.0,0,6.12,132.12,138.24,0.0,138.24,2,9.9,91,101,0,0,0,0,0,0,0,0,0,,0,0,0.0,0.0,0,0,0.0,0,0,0,0,0.0,0.0,14.1,142.32,0.91,0.0,Shoulder,0,6,Sun,1,0,1,1,1,49,42,982941.86,0.8571,0,1,48,1.0,High,1,1,93.3,0.0254
B-202506-79932,Booked,Professional Engineers Society,Networking Summit,Association,Hybrid,Meeting Only,Association,Other,Cvent,Low,2024-12-29,2025-01-31,27,2025-06-29,2025-07-01,2,182,0,0,96,1,Half Ballroom,0,0,6,1.0,26979.47,2,77.2,157.32,0.0,0.0,1003.13,3326.4,4329.53,0,0.0,1003.13,3168.0,4171.13,,16.5,,2025,6,0,0.0,0.0,0,0.0,0.0,0.0,0.0,0.0,0,0.0,0,0,0,0,1,5,2,24,1,0,1,Theater,2,0,1.4,1003.13,1150,4280,7310.05,5,0,0,0,20.0,0.8,100.0,,0.0,0.104,Shoulder,0,6,Sun,1,0,0,0,1,50,37,801069.26,0.74,0,1,48,0.0,Low,0,0,86.7,0.033
B-202506-87892,Booked,Volunteer Network,Fraternity/Sorority Reunion,SMERF,In-person,Meeting Only,Other,Other,Website,Low,2025-01-22,2025-02-15,17,2025-06-29,2025-06-30,1,158,0,0,109,1,Half Ballroom,0,0,7,1.0,6150.72,2,71.7,162.51,0.0,0.0,1709.56,1198.29,2907.85,0,0.0,1709.56,1141.23,2850.79,,10.47,,2025,6,0,0.0,0.0,0,0.0,0.0,0.0,0.0,0.0,0,0.0,0,0,0,0,2,3,1,16,1,0,1,Theater,2,0,1.0,1709.56,500,432,2134.92,1,0,0,0,33.3,0.91,100.0,,0.0,0.183,Shoulder,0,6,Sun,1,0,0,0,1,26,19,126963.49,0.7308,0,1,48,0.0,Low,0,0,86.7,0.0443
B-202507-10820,Booked,Youth Organization,Community Theater Production,SMERF,In-person,Full Package,SMERF,Social/Community,Website,Low,2025-03-25,2025-04-23,20,2025-07-01,2025-07-02,1,98,34,34,37,1,Breakout Room,1,0,9,0.0,0.0,1,63.0,162.93,136.95,4656.3,549.64,766.67,5972.61,27,3697.65,549.64,730.16,4977.45,0.7941176470588235,19.734,,2025,7,3,64.6,35.4,1,112.03,135.81,247.84,163.37,135.81,1,0.0,34,0,0,0,1,2,1,8,0,0,1,Theater,1,0,1.0,549.64,300,1692,3202.05,2,0,0,0,0.0,0.93,15.95,175.66,0.919,0.27,Shoulder,0,1,Tue,0,0,1,0,1,18,13,70733.64,0.7222,0,1,186,0.183,Low,0,0,93.3,0.0918
B-202507-91365,Booked,Real Estate Board,Member Appreciation Event,Association,Hybrid,Full Package,Government,Government,Website,Medium,2024-12-11,2025-01-04,15,2025-07-02,2025-07-05,3,203,48,144,66,1,Half Ballroom,1,0,9,0.0,0.0,2,65.9,157.49,129.94,18711.36,1458.78,8525.56,28695.7,93,12084.42,1458.78,8119.58,21662.78,0.6458333333333334,41.008,,2025,7,3,62.2,37.8,1,142.67,147.53,290.2,165.58,147.53,2,8.4,40,48,39,0,2,3,3,24,1,0,1,Classroom,2,0,1.67,1458.78,850,4380,7002.65,4,0,0,0,100.0,0.55,17.49,199.28,0.727,0.303,Shoulder,0,2,Wed,0,0,1,0,1,40,31,624667.3,0.775,0,1,138,0.348,Moderate,0,0,93.3,0.0443
B-202507-97388,Booked,Global Industries,Product Launch Event,Corporate,In-person,Full Package,Healthcare,Other,Cvent,Medium,2025-05-29,2025-06-14,8,2025-07-02,2025-07-04,2,34,34,68,45,1,Half Ballroom,1,1,8,0.0,0.0,2,70.0,152.83,149.73,10181.64,1107.63,4675.48,15964.75,56,8384.88,1107.63,4452.84,13945.35,0.8235294117647058,49.476,,2025,7,3,71.1,28.9,0,160.49,158.5,318.99,0.0,158.5,2,8.8,31,34,0,0,1,2,2,16,1,0,1,Classroom,3,1,2.5,1107.63,1000,3120,5297.47,4,0,0,0,100.0,0.38,2.03,234.78,0.756,0.222,Shoulder,0,2,Wed,0,0,1,0,0,58,48,684885.28,0.8276,0,1,138,0.246,Low,0,0,93.3,0.2353
B-202507-44222,Booked,Energy Solutions,Product Launch Event,Corporate,Hybrid,Rooms Only,Finance,Other,Cvent,Low,2025-05-07,2025-05-24,13,2025-07-04,2025-07-05,1,58,53,53,58,0,,0,0,4,0.0,0.0,2,63.7,163.23,135.43,7177.79,0.0,0.0,7177.79,45,6094.35,0.0,0.0,6094.35,0.8490566037735849,0.0,,2025,7,3,64.8,35.2,1,87.47,141.49,228.96,228.96,141.49,1,0.0,53,0,0,0,0,0,0,0,0,0,0,,0,0,0.0,0.0,0,0,0.0,0,0,0,0,0.0,0.0,17.03,135.43,0.914,0.0,Shoulder,0,4,Fri,1,0,1,1,1,43,30,406660.53,0.6977,0,1,66,0.803,High,1,0,93.3,0.069
B-202507-60749,Booked,Professional Engineers Society,Member Appreciation Event,Association,Virtual,Full Package,Association,Other,Direct Inquiry,Medium,2024-11-16,2024-12-12,16,2025-07-04,2025-07-06,2,230,53,106,61,1,Half Ballroom,1,0,10,0.0,0.0,1,62.4,153.39,112.32,11905.92,1083.05,5458.21,18447.18,76,8536.32,1083.05,5198.3,14817.67,0.7169811320754716,42.609,,2025,7,3,70.8,29.2,1,105.74,134.39,240.13,209.59,209.59,2,0.0,53,53,0,0,1,2,2,16,1,0,1,Classroom,3,1,3.0,1083.05,1300,1660,4193.32,3,0,0,0,100.0,0.51,26.77,174.03,0.869,0.164,Shoulder,0,4,Fri,1,0,1,0,1,51,38,805240.39,0.7451,0,1,67,0.791,High,1,0,93.3,0.0435
B-202507-99872,Booked,Faith Community,Fraternity/Sorority Reunion,SMERF,Hybrid,Meeting Only,Other,Other,Sales Call,Low,2025-01-15,2025-02-12,18,2025-07-04,2025-07-05,1,170,0,0,123,1,Grand Ballroom,0,0,10,1.0,8084.01,1,62.0,156.86,0.0,0.0,1537.13,2184.44,3721.57,0,0.0,1537.13,2080.42,3617.55,,16.914,,2025,7,0,0.0,0.0,0,0.0,0.0,0.0,0.0,0.0,0,0.0,0,0,0,0,1,2,1,8,1,0,1,Theater,2,0,1.5,1537.13,500,5640,9093.8,2,0,0,0,0.0,0.51,100.0,,0.0,0.081,Shoulder,0,4,Fri,1,0,0,0,1,10,6,30958.56,0.6,0,1,66,0.0,Low,0,0,86.7,0.0588
B-202507-25169,Booked,Global Industries,Quarterly Business Review,Corporate,In-person,Full Package,Healthcare,Other,Third-Party Planner,Medium,2025-04-27,2025-05-24,14,2025-07-05,2025-07-06,1,69,62,62,84,1,Half Ballroom,1,1,13,0.0,0.0,2,64.4,158.95,143.8,8915.6,861.03,1705.08,11481.71,55,7909.0,861.03,1623.89,10393.92,0.8870967741935484,19.332,,2025,7,4,62.7,37.3,1,112.74,132.59,245.33,245.33,132.59,1,0.0,62,0,0,0,1,3,1,12,1,0,1,Theater,2,0,1.33,861.03,650,1350,2984.71,3,0,0,0,0.0,0.7,9.53,185.19,0.738,0.119,Shoulder,0,5,Sat,1,0,1,0,1,59,49,698830.63,0.8305,0,1,67,0.925,High,1,0,93.3,0.1884
B-202507-81580,Booked,Retail Corporation,New Hire Orientation,Corporate,In-person,Full Package,Professional Services,Other,Website,Medium,2025-05-03,2025-05-23,9,2025-07-05,2025-07-07,2,63,38,76,52,1,Half Ballroom,1,0,11,0.0,0.0,1,65.9,152.0,133.14,10118.64,1091.1,4889.1,16098.84,61,8121.54,1091.1,4656.29,13868.93,0.8026315789473685,44.772,,2025,7,4,51.3,48.7,1,153.99,143.86,297.85,250.47,143.86,2,10.5,34,38,0,0,1,2,2,16,1,0,1,Classroom,3,1,2.0,1091.1,800,2520,4521.13,5,0,0,0,100.0,0.43,12.41,211.83,0.731,0.192,Shoulder,0,5,Sat,1,0,1,0,1,44,35,441647.83,0.7955,0,1,182,0.209,Low,0,0,93.3,0.1746
B-202507-31531,Booked,Consulting Network,Leadership Summit,Corporate,In-person,Full Package,Professional Services,Professional Services,Direct Inquiry,Low,2025-04-06,2025-04-25,8,2025-07-07,2025-07-08,1,92,57,57,64,1,Half Ballroom,1,0,11,0.0,0.0,2,66.8,155.49,127.8,7284.6,1432.33,1582.56,10299.49,54,6901.2,1432.33,1507.2,9840.73,0.9473684210526316,23.55,,2025,7,3,74.4,25.6,0,132.2,132.22,264.42,0.0,139.75,1,0.0,57,0,0,0,2,1,1,8,1,0,1,Classroom,3,1,3.0,1432.33,650,720,1966.83,2,0,0,0,100.0,0.53,17.81,180.69,0.891,0.312,Shoulder,0,0,Mon,0,0,1,0,1,43,31,340099.19,0.7209,0,1,115,0.496,Moderate,0,0,93.3,0.1196
B-202507-57986,Booked,Industry Trade Group,Certification Training,Association,In-person,Full Package,Trade/Manufacturing,Trade/Manufacturing,Repeat Client,Medium,2024-10-01,2024-11-12,28,2025-07-07,2025-07-09,2,279,48,96,64,1,Half Ballroom,1,0,14,0.0,0.0,1,67.1,154.42,130.58,12535.68,827.23,6563.69,19926.6,61,7965.38,827.23,6251.14,15043.75,0.6354166666666666,48.837,,2025,7,2,74.0,26.0,1,33.01,148.58,181.59,181.59,181.59,2,14.6,41,48,0,0,1,2,2,16,1,0,1,Theater,2,0,2.0,827.23,700,2580,4500.32,5,0,0,0,100.0,0.53,15.44,207.57,0.75,0.156,Shoulder,0,0,Mon,0,1,1,0,1,38,26,414794.68,0.6842,0,1,172,0.279,Moderate,0,0,93.3,0.0502
B-202507-31966,Booked,Faith Community,Faith-Based Conference,SMERF,In-person,Full Package,Other,Other,RFP,Medium,2025-04-01,2025-04-24,13,2025-07-09,2025-07-10,1,99,34,34,42,1,Half Ballroom,1,0,10,0.0,0.0,3,59.9,156.56,125.4,4263.6,1211.12,1144.93,6619.65,25,3135.0,1211.12,1090.4,5436.52,0.7352941176470589,25.962,,2025,7,3,57.0,43.0,1,43.32,122.68,166.0,166.0,142.4,1,0.0,34,0,0,0,1,1,1,8,1,0,1,Classroom,1,0,1.0,1211.12,150,940,1647.84,2,0,0,0,100.0,0.35,19.9,194.7,0.81,0.238,Low,0,2,Wed,0,0,1,0,1,11,7,34576.11,0.6364,0,1,88,0.386,Moderate,0,0,93.3,0.101
B-202507-32111,Booked,Dental Association,Awards Gala Weekend,Association,Hybrid,Full Package,Healthcare,Healthcare,Referral,High,2024-12-23,2025-01-15,16,2025-07-09,2025-07-11,2,198,98,196,117,1,Half Ballroom,1,0,7,0.0,0.0,1,66.6,166.06,135.93,26642.28,1886.93,4141.76,32670.97,139,18894.27,1886.93,3944.54,24725.74,0.7091836734693877,16.857,,2025,7,4,63.0,37.0,1,124.05,148.61,272.66,234.53,148.61,2,5.1,93,98,0,0,2,5,2,24,1,0,1,Classroom,3,1,2.0,1886.93,1850,4320,8139.52,5,0,0,0,20.0,0.97,18.14,166.69,0.838,0.171,Shoulder,0,2,Wed,0,0,1,0,1,43,34,649562.2,0.7907,0,1,78,1.0,High,1,1,93.3,0.0354
B-202507-12563,Booked,Social Event,Anniversary Celebration,Wedding/Social,In-person,Full Package,Social,Social/Private,Sales Call,Low,2024-09-05,2024-10-20,36,2025-07-10,2025-07-11,1,308,44,44,52,1,Half Ballroom,1,1,9,1.0,19948.99,4,61.8,163.58,134.64,5924.16,1162.31,4556.26,11642.73,25,3366.0,1162.31,4339.3,8867.61,0.5681818181818182,83.448,,2025,7,3,51.5,48.5,1,88.02,133.84,221.86,221.86,147.53,1,0.0,44,0,0,0,1,2,1,8,1,0,1,Banquet,2,0,1.0,1162.31,350,1320,2335.62,1,1,0,1,0.0,0.43,17.69,264.61,0.846,0.192,Shoulder,0,3,Thu,0,0,0,0,1,58,40,206844.3,0.6897,0,1,78,0.564,Moderate,0,0,100.0,0.0292
B-202507-29299,Booked,Energy Solutions,Board of Directors Meeting,Corporate,Hybrid,Rooms Only,Technology,Other,Sales Call,Low,2025-03-17,2025-03-29,7,2025-07-11,2025-07-13,2,116,27,54,29,0,,0,0,5,0.0,0.0,2,63.7,156.98,142.25,7681.5,0.0,0.0,7681.5,42,5974.5,0.0,0.0,5974.5,0.7777777777777778,0.0,,2025,7,2,74.8,25.2,1,54.12,165.78,219.9,219.9,219.9,2,29.6,19,27,0,0,0,0,0,0,0,0,0,,0,0,0.0,0.0,0,0,0.0,0,0,0,0,0.0,0.0,9.38,142.25,0.931,0.0,Shoulder,0,4,Fri,1,0,1,1,1,44,31,412754.88,0.7045,0,1,143,0.189,Low,0,0,93.3,0.0431
B-202507-45301,Booked,Professional Services Group,Innovation Workshop,Corporate,Hybrid,Full Package,Healthcare,Other,Third-Party Planner,Medium,2025-04-11,2025-05-02,11,2025-07-12,2025-07-13,1,92,50,50,64,1,Half Ballroom,1,0,10,0.0,0.0,3,64.8,158.71,134.75,6737.5,1073.86,2863.52,10674.88,40,5390.0,1073.86,2727.17,9191.03,0.8,42.612,,2025,7,4,54.2,45.8,1,66.5,133.29,199.79,199.79,135.78,1,0.0,50,0,0,0,1,1,1,8,1,0,1,Classroom,1,0,1.0,1073.86,150,1800,2522.3,3,0,0,0,100.0,0.53,15.1,213.5,0.781,0.156,Shoulder,0,5,Sat,1,0,1,0,1,46,35,447183.97,0.7609,0,1,143,0.35,Moderate,0,0,93.3,0.1087
B-202507-19550,Booked,HR Professionals Network,Regional Chapter Meeting,Association,In-person,Full Package,Professional Services,Professional Services,Referral,Low,2024-12-29,2025-02-05,24,2025-07-13,2025-07-14,1,196,29,29,37,1,Breakout Room,1,0,14,1.0,13749.43,1,63.3,163.69,129.97,3769.13,379.7,1772.26,5921.09,20,2599.4,379.7,1687.87,4666.97,0.6896551724137931,45.618,,2025,7,3,74.6,25.4,1,125.83,130.5,256.33,223.68,130.5,1,0.0,29,0,0,0,1,1,1,8,0,0,1,Theater,2,0,2.0,379.7,350,2340,3769.87,3,0,0,0,100.0,0.93,20.6,204.18,0.784,0.27,Shoulder,0,6,Sun,1,0,0,0,1,36,25,620662.3,0.6944,0,1,54,0.537,Moderate,0,0,100.0,0.0714
B-202507-20434,Booked,Youth Athletics,Cultural Heritage Festival,SMERF,Virtual,Meeting Only,SMERF,Social/Community,Website,Low,2025-04-14,2025-05-10,20,2025-07-13,2025-07-14,1,90,0,0,48,1,Half Ballroom,0,0,6,0.0,0.0,3,65.9,155.29,0.0,0.0,938.79,479.3,1418.09,0,0.0,938.79,456.48,1395.27,,9.51,,2025,7,0,0.0,0.0,0,0.0,0.0,0.0,0.0,0.0,0,0.0,0,0,0,0,1,2,1,8,1,0,1,Theater,2,0,1.5,938.79,500,240,1449.18,1,0,0,0,0.0,0.4,100.0,,0.0,0.208,Shoulder,0,6,Sun,1,0,1,0,1,11,9,70364.33,0.8182,0,1,54,0.0,Low,0,0,80.0,0.0667
B-202507-52630,Booked,Pharmaceutical Partners,New Hire Orientation,Corporate,In-person,Rooms Only,Healthcare,Healthcare,Third-Party Planner,Medium,2025-03-20,2025-04-01,9,2025-07-13,2025-07-14,1,115,69,69,75,0,,0,1,3,0.0,0.0,4,64.9,160.3,148.3,10232.7,0.0,0.0,10232.7,63,9342.9,0.0,0.0,9342.9,0.9130434782608696,0.0,,2025,7,4,57.6,42.4,1,153.87,135.34,289.21,254.6,135.34,1,0.0,69,0,0,0,0,0,0,0,0,0,0,,0,0,0.0,0.0,0,0,0.0,0,0,0,0,0.0,0.0,7.49,148.3,0.92,0.0,Shoulder,0,6,Sun,1,0,1,1,1,49,35,487203.16,0.7143,0,1,54,1.0,High,1,1,93.3,0.0261
B-202507-74307,Booked,Energy Solutions,Customer Advisory Board,Corporate,In-person,Full Package,Professional Services,Other,Sales Call,High,2025-04-01,2025-04-21,7,2025-07-13,2025-07-14,1,103,68,68,84,1,Half Ballroom,1,1,13,0.0,0.0,2,69.0,158.92,140.07,9524.76,1861.04,1587.6,12973.4,63,8824.41,1861.04,1512.0,12197.45,0.9264705882352942,18.0,,2025,7,4,52.4,47.6,1,156.99,155.12,312.11,230.58,230.58,1,0.0,68,0,0,0,2,2,1,12,1,0,1,Classroom,2,0,2.0,1861.04,700,2280,3815.83,4,0,0,0,50.0,0.7,11.86,190.79,0.81,0.238,Shoulder,0,6,Sun,1,0,1,0,1,45,32,418729.38,0.7111,0,1,54,1.0,High,1,1,93.3,0.1262
B-202507-92514,Booked,State Medical Association,Certification Training,Association,In-person,Full Package,Healthcare,Healthcare,RFP,High,2024-12-26,2025-02-02,24,2025-07-14,2025-07-16,2,200,77,154,89,1,Half Ballroom,1,1,14,0.0,0.0,2,67.3,156.88,138.19,21281.26,993.74,3261.59,25536.59,106,14648.14,993.74,3106.28,18748.16,0.6883116883116883,17.451,,2025,7,3,61.8,38.2,1,117.8,148.06,265.86,226.89,148.06,2,14.3,66,77,0,0,1,6,2,24,1,0,1,Theater,3,1,2.0,993.74,2200,3352,7683.76,4,0,0,0,0.0,0.74,11.91,165.82,0.865,0.112,Shoulder,0,0,Mon,0,0,1,0,1,50,43,1001158.82,0.86,0,1,143,0.538,Moderate,0,0,93.3,0.07
B-202507-44123,Booked,Social Event,Williams-Brown Wedding,Wedding/Social,In-person,Full Package,Social,Social/Private,Website,Low,2025-02-12,2025-03-25,31,2025-07-16,2025-07-18,2,154,48,96,60,1,Half Ballroom,1,1,10,1.0,45813.17,3,64.8,160.52,135.73,13030.08,916.61,4551.5,18498.19,59,8008.07,916.61,4334.76,13259.44,0.6145833333333334,36.123,,2025,7,3,59.7,40.3,0,113.52,142.14,255.66,0.0,142.14,2,4.2,46,48,0,0,1,3,2,12,1,0,1,Banquet,1,0,0.67,916.61,300,1320,2650.18,1,1,0,1,0.0,0.5,15.44,192.69,0.8,0.167,Shoulder,0,2,Wed,0,0,0,0,1,59,41,215711.91,0.6949,0,1,85,0.565,Moderate,0,0,100.0,0.0649
B-202507-87150,Booked,Banking Consortium,Product Launch Event,Corporate,In-person,Full Package,Finance,Finance,Direct Inquiry,Medium,2025-04-24,2025-05-11,7,2025-07-16,2025-07-17,1,83,30,30,39,1,Breakout Room,1,0,10,0.0,0.0,1,68.2,159.02,148.42,4452.6,511.17,909.58,5873.35,27,4007.34,511.17,866.27,5384.78,0.9,22.212,,2025,7,2,64.4,35.6,1,23.6,213.26,236.86,236.86,236.86,1,0.0,30,0,0,0,1,1,1,8,0,0,1,Classroom,2,0,2.0,511.17,350,1080,2514.95,2,0,0,0,100.0,0.97,6.67,195.78,0.769,0.256,Shoulder,0,2,Wed,0,0,1,0,1,36,28,373715.49,0.7778,0,1,142,0.211,Low,0,0,93.3,0.1205
B-202507-52700,Booked,Family Celebration,Anniversary Celebration,Wedding/Social,In-person,Rooms Only,Social,Social/Private,Third-Party Planner,Low,2025-01-17,2025-02-23,32,2025-07-17,2025-07-18,1,181,34,34,37,0,,0,0,5,0.0,0.0,1,65.0,162.8,136.27,4633.18,0.0,0.0,4633.18,19,2589.13,0.0,0.0,2589.13,0.5588235294117647,0.0,,2025,7,3,73.7,26.3,1,58.2,124.22,182.42,182.42,124.22,1,0.0,34,0,0,0,0,0,0,0,0,0,0,,0,0,0.0,0.0,0,0,0.0,0,0,0,0,0.0,0.0,16.3,136.27,0.919,0.0,Shoulder,0,3,Thu,0,0,1,1,1,63,53,309745.05,0.8413,0,1,85,0.4,Moderate,0,0,93.3,0.0276
B-202507-74737,Booked,Education Foundation,Professional Development Symposium,Association,In-person,Full Package,Education,Education,Website,High,2024-12-07,2025-01-05,16,2025-07-17,2025-07-20,3,222,53,159,70,1,Half Ballroom,1,0,13,0.0,0.0,2,67.8,164.15,142.44,22647.96,1714.25,10914.31,35276.52,119,16950.36,1714.25,10394.58,29059.19,0.7484276729559748,49.498,,2025,7,2,67.5,32.5,0,36.53,128.8,165.33,0.0,128.8,2,8.5,48,53,42,0,2,3,3,24,1,0,1,Classroom,2,0,1.67,1714.25,850,4100,6792.21,5,0,0,0,100.0,0.58,13.23,221.86,0.757,0.286,Shoulder,0,3,Thu,0,0,1,0,1,53,38,779537.53,0.717,0,1,0,,Unknown,0,1,93.3,0.0586
B-202507-96078,Booked,Faith Community,Faith-Based Conference,SMERF,In-person,Full Package,Other,Other,Third-Party Planner,Low,2025-05-19,2025-06-08,10,2025-07-18,2025-07-19,1,60,52,52,57,1,Half Ballroom,1,0,10,0.0,0.0,3,63.6,158.59,123.02,6397.04,1114.07,584.98,8096.09,40,4920.8,1114.07,557.12,6591.99,0.7692307692307693,9.774,,2025,7,4,69.1,30.9,1,123.79,131.12,254.91,163.65,131.12,1,0.0,52,0,0,0,1,1,1,8,1,0,1,Classroom,2,0,2.0,1114.07,350,700,1651.82,1,0,0,0,100.0,0.47,22.43,155.69,0.912,0.175,Shoulder,0,4,Fri,1,0,1,0,1,12,8,40012.63,0.6667,0,1,0,,Unknown,0,1,93.3,0.1667
B-202507-96364,Booked,Community Church,Community Theater Production,SMERF,In-person,Rooms Only,SMERF,Religious,Sales Call,Low,2025-04-08,2025-04-28,15,2025-07-18,2025-07-20,2,101,28,56,30,0,,0,0,5,0.0,0.0,3,67.6,157.44,132.92,7443.52,0.0,0.0,7443.52,49,6513.08,0.0,0.0,6513.08,0.875,0.0,,2025,7,3,51.7,48.3,1,35.51,121.92,157.43,157.43,121.92,2,39.3,17,28,0,0,0,0,0,0,0,0,0,,0,0,0.0,0.0,0,0,0.0,0,0,0,0,0.0,0.0,15.57,132.92,0.933,0.0,Shoulder,0,4,Fri,1,0,1,1,1,17,13,89373.42,0.7647,0,1,2,1.0,High,1,1,93.3,0.0495
B-202507-99373,Booked,Real Estate Board,Member Appreciation Event,Association,In-person,Full Package,Government,Government,Direct Inquiry,High,2024-09-02,2024-09-30,15,2025-07-18,2025-07-21,3,319,88,264,103,1,Half Ballroom,1,1,13,1.0,71113.1,2,68.1,156.95,132.14,34884.96,1523.76,5868.65,42277.37,208,27485.12,1523.76,5589.19,34598.07,0.7878787878787878,18.088,,2025,7,4,55.2,44.8,1,112.25,125.94,238.19,238.19,133.33,2,1.9,84,88,86,0,2,7,3,36,1,0,1,Theater,2,0,1.71,1523.76,2050,5592,10531.24,5,0,0,0,28.6,0.86,15.81,160.14,0.854,0.194,Shoulder,0,4,Fri,1,0,0,0,1,41,32,646330.08,0.7805,0,1,2,1.0,High,1,1,100.0,0.0408
B-202507-98212,Booked,HR Professionals Network,Certification Training,Association,In-person,Full Package,Professional Services,Professional Services,RFP,High,2024-11-29,2025-01-01,21,2025-07-19,2025-07-22,3,232,49,147,56,1,Half Ballroom,1,0,12,1.0,46871.81,2,65.0,156.46,119.77,17606.19,1289.2,8161.67,27057.06,117,14013.09,1289.2,7773.02,23075.31,0.7959183673469388,46.268,,2025,7,3,72.4,27.6,1,77.23,126.31,203.54,203.54,126.31,2,8.2,48,49,40,0,1,3,3,24,1,0,1,Classroom,3,1,2.67,1289.2,1650,4080,7664.45,5,0,0,0,100.0,0.47,23.45,184.06,0.875,0.179,Shoulder,0,5,Sat,1,0,0,0,1,37,26,625329.27,0.7027,0,1,25,1.0,High,1,1,100.0,0.0517
B-202507-16145,Booked,Youth Athletics,Church Retreat Weekend,SMERF,In-person,Full Package,SMERF,Social/Community,RFP,Low,2025-03-23,2025-04-17,13,2025-07-20,2025-07-21,1,119,22,22,27,1,Breakout Room,0,0,12,0.0,0.0,3,65.1,162.09,126.5,2783.0,352.57,0.0,3135.57,16,2024.0,352.57,0.0,2376.57,0.7272727272727273,0.0,,2025,7,3,61.7,38.3,1,88.59,161.25,249.84,204.37,249.84,1,0.0,22,0,0,0,1,1,1,8,0,0,1,Classroom,0,0,0.0,352.57,0,0,1094.38,0,0,0,0,100.0,0.68,21.96,142.53,0.815,0.37,Shoulder,0,6,Sun,1,0,1,0,1,12,10,71759.6,0.8333,0,1,25,0.88,High,1,0,93.3,0.1008
B-202507-60393,Booked,Private Party,Martinez-Garcia Wedding,Wedding/Social,In-person,Full Package,Social,Social/Private,RFP,Low,2024-07-20,2024-08-27,30,2025-07-20,2025-07-21,1,365,8,8,9,1,Boardroom,1,0,8,1.0,5060.78,4,66.5,153.16,132.75,1062.0,322.9,682.72,2067.62,4,531.0,322.9,650.21,1504.11,0.5,72.246,,2025,7,3,72.3,27.7,1,142.46,121.25,263.71,179.02,121.25,1,0.0,8,0,0,0,1,2,1,8,0,1,1,Boardroom,1,0,0.5,322.9,150,495,1842.0,1,1,0,1,0.0,0.64,13.33,258.45,0.889,1.111,Shoulder,0,6,Sun,1,0,0,0,1,56,42,251295.84,0.75,0,1,25,0.32,Moderate,0,0,100.0,0.0219
B-202507-97789,Booked,Pharmaceutical Partners,Annual Sales Conference,Corporate,In-person,Full Package,Healthcare,Healthcare,Cvent,Low,2025-04-30,2025-05-24,11,2025-07-20,2025-07-21,1,81,28,28,34,1,Breakout Room,1,0,13,1.0,7780.72,4,64.4,157.69,149.41,4183.48,454.18,1429.36,6067.02,25,3735.25,454.18,1361.29,5550.72,0.8928571428571429,40.038,,2025,7,4,62.2,37.8,1,70.99,147.23,218.22,218.22,147.23,1,0.0,28,0,0,0,1,1,1,8,0,0,1,Classroom,2,0,2.0,454.18,350,2618,3929.33,4,0,0,0,100.0,0.85,5.25,216.68,0.824,0.294,Shoulder,0,6,Sun,1,0,0,0,1,50,36,496546.06,0.72,0,1,25,1.0,High,1,1,100.0,0.1605
B-202507-10834,Booked,Consulting Network,Innovation Workshop,Corporate,In-person,Full Package,Professional Services,Professional Services,Referral,Medium,2025-04-28,2025-05-13,8,2025-07-21,2025-07-23,2,84,46,92,55,1,Half Ballroom,1,1,7,0.0,0.0,3,65.5,156.3,138.3,12723.6,1176.65,5678.09,19578.34,79,10925.7,1176.65,5407.71,17510.06,0.8586956521739131,49.161,,2025,7,2,66.1,33.9,1,37.31,174.23,211.54,211.54,174.23,2,2.2,45,46,0,0,1,2,2,16,1,0,1,Classroom,2,0,1.5,1176.65,500,2808,4458.29,5,0,0,0,100.0,0.46,11.52,212.81,0.836,0.182,Shoulder,0,0,Mon,0,0,1,0,1,44,32,349939.92,0.7273,0,1,119,0.387,Moderate,0,0,93.3,0.0833
B-202507-12204,Booked,Legal Society,State Convention,Association,In-person,Meeting Only,Legal,Legal,Third-Party Planner,Medium,2024-11-12,2024-12-08,21,2025-07-21,2025-07-24,3,251,0,0,81,1,Half Ballroom,0,0,5,1.0,36201.37,3,75.3,160.91,0.0,0.0,1275.85,4226.81,5502.66,0,0.0,1275.85,4025.54,5301.39,,16.566,,2025,7,0,0.0,0.0,0,0.0,0.0,0.0,0.0,0.0,0,0.0,0,0,0,0,2,7,3,36,1,0,1,Classroom,3,1,2.0,1275.85,2550,5080,10429.35,4,0,0,0,28.6,0.68,100.0,,0.0,0.247,Shoulder,0,0,Mon,0,0,0,1,1,30,26,485322.0,0.8667,0,1,125,0.0,Low,0,0,86.7,0.0199
B-202507-22137,Booked,Local School District,Band Competition,SMERF,In-person,Meeting Only,Education,Education,Direct Inquiry,Low,2025-04-26,2025-05-17,16,2025-07-21,2025-07-23,2,86,0,0,73,1,Half Ballroom,0,0,5,0.0,0.0,3,64.2,158.03,0.0,0.0,833.69,1748.08,2581.77,0,0.0,833.69,1664.84,2498.53,,11.403,,2025,7,0,0.0,0.0,0,0.0,0.0,0.0,0.0,0.0,0,0.0,0,0,0,0,1,4,2,16,1,0,1,Classroom,1,0,1.0,833.69,600,240,2221.06,1,0,0,0,0.0,0.61,100.0,,0.0,0.137,Shoulder,0,0,Mon,0,0,1,1,1,20,15,124640.46,0.75,0,1,125,0.0,Low,0,0,80.0,0.0581
B-202507-82170,Booked,Education Foundation,Policy Symposium,Association,In-person,Full Package,Education,Education,Sales Call,Medium,2024-11-13,2024-12-21,24,2025-07-22,2025-07-24,2,251,55,110,69,1,Half Ballroom,1,1,14,0.0,0.0,3,73.2,158.43,153.77,16914.7,1851.75,6199.25,24965.7,84,12916.68,1851.75,5904.05,20672.48,0.7636363636363637,42.783,,2025,7,3,69.8,30.2,0,146.58,158.24,304.82,0.0,158.24,2,18.2,45,55,0,0,2,2,2,16,1,0,1,Classroom,2,0,1.5,1851.75,500,2380,4120.2,4,0,0,0,100.0,0.57,2.94,226.96,0.797,0.29,Shoulder,0,1,Tue,0,0,1,0,0,54,39,808596.72,0.7222,0,1,115,0.478,Moderate,0,0,93.3,0.0558
B-202507-85504,Booked,HR Professionals Network,Industry Forum,Association,In-person,Meeting Only,Professional Services,Professional Services,Cvent,Low,2024-11-30,2025-01-02,28,2025-07-22,2025-07-24,2,234,0,0,126,1,Grand Ballroom,0,1,5,0.0,0.0,3,57.8,157.11,0.0,0.0,2616.69,12235.63,14852.32,0,0.0,2616.69,11652.98,14269.67,,46.242,,2025,7,0,0.0,0.0,0,0.0,0.0,0.0,0.0,0.0,0,0.0,0,0,0,0,2,2,2,16,1,0,1,Classroom,3,1,2.5,2616.69,1000,14742,20823.04,5,0,0,0,100.0,0.53,100.0,,0.0,0.159,Low,0,1,Tue,0,0,1,1,1,38,27,648404.58,0.7105,0,1,119,0.0,Low,0,0,80.0,0.0214
B-202507-55220,Booked,Education Foundation,Committee Meeting,Association,Hybrid,Full Package,Education,Education,Third-Party Planner,High,2025-03-25,2025-04-24,22,2025-07-23,2025-07-27,4,120,50,200,62,1,Half Ballroom,1,1,8,0.0,0.0,2,66.9,152.7,128.76,25752.0,1365.14,10900.87,38018.01,134,17253.84,1365.14,10381.78,29000.76,0.67,41.862,,2025,7,2,55.3,44.7,0,15.17,130.31,145.48,0.0,130.31,2,5.4,43,50,48,45,2,4,4,32,1,0,1,Banquet,2,0,1.75,1365.14,1200,5880,9661.5,5,0,0,0,100.0,0.52,15.68,190.09,0.806,0.323,Shoulder,0,2,Wed,0,0,1,0,1,55,40,829269.2,0.7273,0,1,95,0.526,Moderate,0,0,93.3,0.0667
B-202507-32438,Booked,Energy Solutions,Sales Kickoff,Corporate,In-person,Full Package,Professional Services,Other,Third-Party Planner,Low,2025-05-09,2025-05-31,9,2025-07-24,2025-07-25,1,76,44,44,58,1,Half Ballroom,1,0,13,0.0,0.0,3,56.5,165.31,126.27,5555.88,1387.93,2735.02,9678.83,40,5050.8,1387.93,2604.78,9043.51,0.9090909090909092,44.91,,2025,7,3,68.4,31.6,1,139.04,110.13,249.17,202.61,110.13,1,0.0,44,0,0,0,1,1,1,8,1,0,1,Theater,2,0,2.0,1387.93,350,1560,2452.11,3,0,0,0,100.0,0.48,23.62,219.97,0.759,0.172,Low,0,3,Thu,0,0,1,0,1,46,33,430926.83,0.7174,0,1,95,0.463,Moderate,0,0,93.3,0.1711
B-202507-89494,Booked,Tour Operator Network,Photography Expedition,Corporate,In-person,Rooms Only,Technology,Technology,Website,Medium,2025-04-26,2025-05-11,8,2025-07-24,2025-07-25,1,89,31,31,34,0,,0,1,7,0.0,0.0,2,64.5,153.86,135.54,4201.74,0.0,0.0,4201.74,30,4066.2,0.0,0.0,4066.2,0.967741935483871,0.0,,2025,7,2,64.4,35.6,0,113.89,158.05,271.94,0.0,271.94,1,0.0,31,0,0,0,0,0,0,0,0,0,0,,0,0,0.0,0.0,0,0,0.0,0,0,0,0,0.0,0.0,11.91,135.54,0.912,0.0,Shoulder,0,3,Thu,0,0,1,0,1,19,17,113922.64,0.8947,0,1,95,0.326,Moderate,0,0,93.3,0.0787
B-202507-45609,Booked,Private Individual,Bar/Bat Mitzvah,Wedding/Social,In-person,Full Package,Social,Social/Private,Cvent,Low,2024-10-16,2024-12-02,35,2025-07-25,2025-07-27,2,282,29,58,33,1,Breakout Room,1,1,12,1.0,26993.59,1,63.2,154.71,136.24,7901.92,461.31,2876.5,11239.73,34,4632.16,461.31,2739.53,7833.0,0.5862068965517241,41.508,,2025,7,2,63.6,36.4,0,19.38,146.05,165.43,0.0,146.05,2,0.0,29,29,0,0,1,3,2,12,0,0,1,Reception,0,0,0.0,461.31,0,1815,3586.14,1,1,0,1,0.0,0.82,11.94,193.79,0.879,0.303,Shoulder,0,4,Fri,1,0,0,0,1,58,46,219675.01,0.7931,0,1,141,0.206,Low,0,0,100.0,0.0426
B-202507-69851,Booked,Private Individual,Baby Shower Weekend,Wedding/Social,In-person,Meeting Only,Social,Social/Private,Direct Inquiry,Low,2024-11-11,2024-12-16,26,2025-07-25,2025-07-26,1,256,0,0,103,1,Half Ballroom,0,1,9,0.0,0.0,2,63.6,158.88,0.0,0.0,1109.14,9913.9,11023.04,0,0.0,1109.14,9441.8,10550.94,,91.668,,2025,7,0,0.0,0.0,0,0.0,0.0,0.0,0.0,0.0,0,0.0,0,0,0,0,1,3,1,12,1,0,1,Banquet,0,0,0.0,1109.14,0,2130,3099.11,2,1,1,1,0.0,0.86,100.0,,0.0,0.097,Shoulder,0,4,Fri,1,0,1,0,1,58,46,219675.01,0.7931,0,1,141,0.0,Low,0,0,80.0,0.0352
B-202507-10996,Booked,Professional Services Group,Product Launch Event,Corporate,In-person,Full Package,Finance,Other,Referral,Low,2025-05-18,2025-06-09,10,2025-07-27,2025-07-28,1,70,33,33,39,1,Breakout Room,1,1,12,0.0,0.0,1,65.1,164.35,132.84,4383.72,592.34,1803.44,6779.5,30,3985.2,592.34,1717.56,6295.1,0.9090909090909092,44.04,,2025,7,2,67.0,33.0,0,16.21,129.41,145.62,0.0,129.41,1,0.0,33,0,0,0,1,1,1,8,0,0,1,Classroom,3,1,3.0,592.34,650,2340,4046.94,3,0,0,0,100.0,0.97,19.17,205.44,0.846,0.256,Shoulder,0,6,Sun,1,0,1,0,1,48,36,456375.0,0.75,0,1,109,0.303,Moderate,0,0,93.3,0.1714
B-202507-45002,Booked,Professional Engineers Society,Leadership Institute,Association,In-person,Full Package,Association,Other,Referral,Medium,2024-09-28,2024-11-06,27,2025-07-27,2025-07-30,3,302,28,84,35,1,Breakout Room,1,0,12,1.0,33420.6,3,64.6,162.57,143.41,12046.44,404.81,4881.21,17332.46,56,8030.96,404.81,4648.77,13084.54,0.6666666666666666,44.274,,2025,7,4,73.2,26.8,1,49.6,133.53,183.13,183.13,133.53,2,18.2,16,28,19,0,1,3,3,24,0,0,1,Classroom,2,0,1.67,404.81,850,7245,10985.91,4,0,0,0,100.0,0.88,11.79,206.34,0.8,0.286,Shoulder,0,6,Sun,1,0,0,0,1,52,39,820058.06,0.75,0,1,128,0.219,Low,0,0,100.0,0.0397
B-202507-47316,Booked,Social Event,Bar/Bat Mitzvah,Wedding/Social,In-person,Full Package,Social,Social/Private,Direct Inquiry,Low,2024-12-13,2025-01-16,22,2025-07-27,2025-07-29,2,226,50,100,68,1,Half Ballroom,1,0,12,0.0,0.0,1,67.0,161.73,136.32,13632.0,1837.37,5588.05,21057.42,61,8315.52,1837.37,5321.95,15474.84,0.61,39.132,,2025,7,2,64.5,35.5,1,21.76,151.91,173.67,173.67,151.91,2,20.0,40,50,0,0,2,2,2,8,1,0,1,Banquet,1,0,1.0,1837.37,300,1320,2304.52,1,1,0,1,0.0,0.57,15.71,210.57,0.735,0.294,Shoulder,0,6,Sun,1,0,1,0,1,61,42,228971.35,0.6885,0,1,128,0.391,Moderate,0,0,93.3,0.0531
B-202507-14444,Booked,Social Event,Williams-Brown Wedding,Wedding/Social,In-person,Full Package,Social,Social/Private,Direct Inquiry,Low,2024-10-03,2024-11-20,37,2025-07-28,2025-07-30,2,298,14,28,18,1,Breakout Room,1,1,11,1.0,10399.48,3,68.4,157.37,155.0,4340.0,497.78,1473.63,6311.41,17,2635.0,497.78,1403.46,4536.24,0.6071428571428571,38.985,,2025,7,3,61.4,38.6,1,107.74,210.01,317.75,234.42,234.42,2,28.6,10,14,0,0,1,3,2,12,0,0,1,Banquet,1,0,1.0,497.78,450,990,3332.66,1,1,0,1,0.0,0.45,1.51,225.41,0.778,0.556,Shoulder,0,0,Mon,0,0,0,0,0,62,43,244446.19,0.6935,0,1,107,0.131,Low,0,0,100.0,0.0369
B-202507-75491,Booked,Youth Athletics,Fraternity/Sorority Reunion,SMERF,In-person,Full Package,SMERF,Social/Community,Cvent,Low,2025-05-01,2025-05-20,12,2025-07-29,2025-07-30,1,89,16,16,18,1,Breakout Room,1,0,7,0.0,0.0,3,67.8,157.34,127.81,2044.96,558.81,380.91,2984.68,14,1789.34,558.81,362.77,2710.92,0.875,20.154,,2025,7,2,68.3,31.7,1,54.8,160.5,215.3,215.3,160.5,1,0.0,16,0,0,0,1,2,1,8,0,0,1,Theater,2,0,1.0,558.81,350,846,2494.56,2,0,0,0,0.0,0.45,18.77,186.54,0.889,0.556,Shoulder,0,1,Tue,0,0,1,0,1,13,11,74136.17,0.8462,0,1,107,0.15,Low,0,0,93.3,0.0787
B-202507-77541,Booked,Financial Services Group,New Hire Orientation,Corporate,In-person,Full Package,Finance,Finance,Third-Party Planner,Medium,2025-04-27,2025-05-16,9,2025-07-29,2025-07-31,2,93,55,110,69,1,Half Ballroom,1,0,10,1.0,37802.15,1,67.0,159.47,140.17,15418.7,1480.54,5921.48,22820.72,93,13035.81,1480.54,5639.51,20155.86,0.8454545454545455,40.866,,2025,7,2,66.8,33.2,1,31.46,148.77,180.23,180.23,148.77,2,7.3,51,55,0,0,2,2,2,16,1,0,1,Classroom,3,1,3.0,1480.54,1300,3120,5699.35,4,0,0,0,100.0,0.57,12.1,207.46,0.797,0.29,Shoulder,0,1,Tue,0,0,0,0,1,45,33,383540.08,0.7333,0,1,17,1.0,High,1,1,100.0,0.1075
B-202507-16251,Booked,Consulting Network,Board of Directors Meeting,Corporate,In-person,Full Package,Professional Services,Professional Services,RFP,Low,2025-05-07,2025-06-03,14,2025-07-30,2025-07-31,1,84,43,43,54,1,Half Ballroom,1,1,13,1.0,11345.11,2,59.8,151.68,132.62,5702.66,1159.45,2737.59,9599.7,36,4774.32,1159.45,2607.23,8541.0,0.8372093023255814,48.282,,2025,7,2,73.9,26.1,0,25.12,123.66,148.78,0.0,123.66,1,0.0,43,0,0,0,1,1,1,8,1,0,1,Classroom,2,0,2.0,1159.45,350,1560,2513.95,3,0,0,0,100.0,0.45,12.57,223.25,0.796,0.185,Low,0,2,Wed,0,0,0,0,1,45,33,367449.98,0.7333,0,1,17,1.0,High,1,1,100.0,0.1548
B-202507-70383,Booked,Family Celebration,Milestone Birthday Party,Wedding/Social,In-person,Full Package,Social,Social/Private,Cvent,Low,2024-10-30,2024-12-14,38,2025-07-30,2025-07-31,1,273,32,32,38,1,Breakout Room,1,1,7,0.0,0.0,3,65.9,157.73,132.77,4248.64,511.38,2943.66,7703.68,20,2655.4,511.38,2803.49,5970.27,0.625,73.776,,2025,7,2,51.5,48.5,1,95.28,146.44,241.72,241.72,146.44,1,0.0,32,0,0,0,1,2,1,8,0,0,1,Banquet,2,0,2.0,511.38,700,1710,3596.96,1,0,1,1,0.0,0.95,15.82,240.74,0.842,0.263,Shoulder,0,2,Wed,0,0,1,0,1,64,54,312334.18,0.8438,0,1,17,1.0,High,1,1,93.3,0.0256
B-202507-86356,Booked,Consulting Network,Quarterly Business Review,Corporate,In-person,Full Package,Professional Services,Professional Services,Third-Party Planner,Medium,2025-04-25,2025-05-13,8,2025-07-30,2025-08-01,2,96,73,146,101,1,Half Ballroom,1,1,10,0.0,0.0,3,66.4,157.86,131.6,19213.6,1134.35,3691.81,24039.76,121,15923.6,1134.35,3516.01,20573.96,0.8287671232876712,17.406,,2025,7,4,69.5,30.5,1,46.16,137.94,184.1,184.1,137.94,2,9.6,66,73,0,0,1,5,2,24,1,0,1,Theater,3,1,1.6,1134.35,1450,4206,7572.14,5,0,0,0,20.0,0.84,16.63,164.66,0.723,0.099,Shoulder,0,2,Wed,0,0,1,0,1,45,33,367449.98,0.7333,0,1,22,1.0,High,1,1,93.3,0.1042
B-202507-14692,Booked,Personal Event,Retirement Party,Wedding/Social,Hybrid,Meeting Only,Social,Social/Private,RFP,Low,2025-01-28,2025-03-16,39,2025-07-31,2025-08-01,1,184,0,0,36,1,Breakout Room,0,1,8,1.0,7823.01,3,63.9,160.73,0.0,0.0,537.35,2794.85,3332.2,0,0.0,537.35,2661.77,3199.12,,73.938,,2025,7,0,0.0,0.0,0,0.0,0.0,0.0,0.0,0.0,0,0.0,0,0,0,0,1,1,1,4,0,0,1,Banquet,1,0,1.0,537.35,150,1980,2758.64,1,1,0,1,0.0,0.9,100.0,,0.0,0.278,Shoulder,0,3,Thu,0,0,0,0,1,62,43,218448.04,0.6935,0,1,22,0.0,Low,0,0,86.7,0.0435
B-202507-51592,Booked,Family Celebration,Bar/Bat Mitzvah,Wedding/Social,In-person,Full Package,Social,Social/Private,Sales Call,Medium,2024-07-31,2024-09-19,36,2025-07-31,2025-08-01,1,365,42,42,48,1,Half Ballroom,1,0,14,1.0,19730.9,1,67.3,161.15,134.02,5628.84,1034.71,4378.45,11042.0,23,3082.46,1034.71,4169.95,8287.12,0.5476190476190477,86.874,,2025,7,3,55.7,44.3,1,40.66,129.52,170.18,170.18,135.39,1,0.0,42,0,0,0,1,2,1,8,1,0,1,Reception,2,0,1.0,1034.71,350,1080,2148.13,1,0,1,1,0.0,0.4,16.84,262.9,0.875,0.208,Shoulder,0,3,Thu,0,0,0,0,1,65,55,318304.45,0.8462,0,1,22,1.0,High,1,1,100.0,0.0384
B-202507-71442,Booked,Regional Healthcare System,New Hire Orientation,Corporate,In-person,Rooms Only,Healthcare,Healthcare,RFP,Low,2025-06-08,2025-06-21,10,2025-07-31,2025-08-01,1,53,57,57,62,0,,0,0,3,1.0,11201.16,1,65.0,156.85,148.21,8447.97,0.0,0.0,8447.97,48,7114.08,0.0,0.0,7114.08,0.8421052631578947,0.0,,2025,7,4,71.1,28.9,1,149.3,164.1,313.4,238.81,164.1,1,0.0,57,0,0,0,0,0,0,0,0,0,0,,0,0,0.0,0.0,0,0,0.0,0,0,0,0,0.0,0.0,5.51,148.21,0.919,0.0,Shoulder,0,3,Thu,0,0,0,1,1,43,38,437839.48,0.8837,0,1,22,1.0,High,1,1,100.0,0.0566
B-202507-79181,Booked,State Medical Association,Board Retreat,Association,In-person,Full Package,Healthcare,Healthcare,Direct Inquiry,Low,2024-10-25,2024-11-20,19,2025-07-31,2025-08-03,3,279,5,15,6,1,Boardroom,1,1,7,1.0,6860.11,2,62.3,159.49,137.42,2061.3,357.83,892.65,3311.78,11,1511.62,357.83,850.14,2719.59,0.7333333333333333,47.23,,2025,7,3,71.0,29.0,0,123.85,142.5,266.35,0.0,142.5,2,34.0,4,5,1,0,1,3,3,24,0,1,1,Boardroom,2,0,2.0,357.83,1050,1224,5303.2,5,0,0,0,100.0,0.43,13.84,220.79,0.833,1.667,Shoulder,0,3,Thu,0,0,0,0,1,51,44,1019906.98,0.8627,0,1,4,1.0,High,1,1,100.0,0.0251
B-202507-83227,Booked,Real Estate Board,Policy Symposium,Association,In-person,Rooms Only,Government,Government,Referral,Low,2024-12-16,2025-01-14,22,2025-07-31,2025-08-02,2,227,21,42,23,0,,0,0,7,1.0,8615.9,1,62.2,157.08,125.62,5276.04,0.0,0.0,5276.04,30,3768.6,0.0,0.0,3768.6,0.7142857142857143,0.0,,2025,7,2,64.3,35.7,0,137.78,134.59,272.37,0.0,134.59,2,23.8,16,21,0,0,0,0,0,0,0,0,0,,0,0,0.0,0.0,0,0,0.0,0,0,0,0,0.0,0.0,20.03,125.62,0.913,0.0,Shoulder,0,3,Thu,0,0,0,0,1,42,33,680928.15,0.7857,0,1,4,1.0,High,1,1,100.0,0.0308
B-202508-44865,Booked,Education Foundation,Board Retreat,Association,Hybrid,Full Package,Education,Education,RFP,Medium,2025-01-31,2025-03-06,26,2025-08-01,2025-08-03,2,182,77,154,94,1,Half Ballroom,1,0,8,0.0,0.0,2,68.0,159.35,147.44,22705.76,1724.45,3389.16,27819.37,115,16955.6,1724.45,3227.77,21907.82,0.7467532467532467,17.169,,2025,8,2,62.7,37.3,0,138.22,157.38,295.6,0.0,157.38,2,14.3,66,77,0,0,2,6,2,24,1,0,1,Classroom,3,1,1.67,1724.45,1800,3880,7722.64,4,0,0,0,0.0,0.78,7.47,180.65,0.819,0.213,Shoulder,0,4,Fri,1,0,1,0,1,56,41,858269.96,0.7321,0,1,0,,Unknown,0,1,93.3,0.044
B-202508-49597,Booked,Community Church,Cultural Heritage Festival,SMERF,In-person,Full Package,SMERF,Religious,Third-Party Planner,Medium,2025-04-26,2025-05-21,13,2025-08-01,2025-08-03,2,97,50,100,68,1,Half Ballroom,1,0,12,0.0,0.0,3,70.9,161.31,141.94,14194.0,1594.6,2620.09,18408.69,76,10787.44,1594.6,2495.33,14877.37,0.76,18.348,,2025,8,2,73.1,26.9,0,5.25,146.06,151.31,0.0,146.06,2,6.0,47,50,0,0,2,4,2,16,1,0,1,Classroom,2,0,1.25,1594.6,850,1180,3427.17,2,0,0,0,0.0,0.57,12.01,184.09,0.735,0.294,Shoulder,0,4,Fri,1,0,1,0,1,18,14,95886.5,0.7778,0,1,0,,Unknown,0,1,93.3,0.1237
B-202508-77069,Booked,Accounting Institute,Educational Seminar Series,Association,Hybrid,Full Package,Finance,Finance,Sales Call,Medium,2024-09-01,2024-10-05,21,2025-08-01,2025-08-03,2,334,63,126,72,1,Half Ballroom,1,0,13,1.0,32993.68,2,70.9,162.83,151.65,19107.9,1005.74,6806.72,26920.36,88,13345.2,1005.74,6482.59,20833.53,0.6984126984126984,45.018,,2025,8,4,60.5,39.5,0,170.45,138.96,309.41,0.0,141.19,2,15.9,53,63,0,0,1,2,2,16,1,0,1,Theater,3,1,2.5,1005.74,1000,2340,4545.78,5,0,0,0,100.0,0.6,6.87,213.65,0.875,0.139,Shoulder,0,4,Fri,1,0,0,0,1,42,37,718970.89,0.881,0,1,0,,Unknown,0,1,100.0,0.0389
B-202508-35224,Booked,Personal Event,Anniversary Celebration,Wedding/Social,In-person,Full Package,Social,Social/Private,Third-Party Planner,Low,2024-12-04,2024-12-25,14,2025-08-02,2025-08-03,1,241,24,24,29,1,Breakout Room,1,1,7,0.0,0.0,2,72.7,165.28,150.57,3613.68,350.53,2152.21,6116.42,14,2107.98,350.53,2049.72,4508.23,0.5833333333333334,70.68,,2025,8,3,74.7,25.3,1,92.53,140.22,232.75,232.75,140.22,1,0.0,24,0,0,0,1,2,1,8,0,0,1,Banquet,2,0,1.5,350.53,500,1305,3003.23,1,0,1,1,0.0,0.72,8.9,254.85,0.828,0.345,Shoulder,0,5,Sat,1,0,1,0,1,63,44,221647.16,0.6984,0,1,0,,Unknown,0,1,93.3,0.029
B-202508-35733,Booked,Banking Consortium,Innovation Workshop,Corporate,In-person,Full Package,Finance,Finance,Third-Party Planner,Low,2025-05-28,2025-06-19,9,2025-08-02,2025-08-03,1,66,48,48,61,1,Half Ballroom,1,0,13,1.0,16090.94,3,67.0,161.71,137.8,6614.4,1678.73,3088.24,11381.37,40,5512.0,1678.73,2941.18,10131.91,0.8333333333333334,48.216,,2025,8,3,51.0,49.0,1,75.42,150.29,225.71,225.71,150.29,1,0.0,48,0,0,0,2,1,1,8,1,0,1,Banquet,2,0,2.0,1678.73,350,1560,2460.52,3,0,0,0,100.0,0.51,14.79,237.11,0.787,0.328,Shoulder,0,5,Sat,1,0,0,0,1,37,29,379100.27,0.7838,0,1,0,,Unknown,0,1,100.0,0.197
B-202508-64076,Booked,Retail Corporation,Town Hall Meeting,Corporate,Virtual,Rooms Only,Professional Services,Other,Repeat Client,Low,2025-06-07,2025-06-24,12,2025-08-02,2025-08-04,2,56,19,38,20,0,,0,0,5,1.0,6716.31,1,68.9,166.53,145.79,5540.02,0.0,0.0,5540.02,33,4811.07,0.0,0.0,4811.07,0.868421052631579,0.0,,2025,8,4,64.1,35.9,1,76.99,151.83,228.82,228.82,151.83,2,63.2,7,19,0,0,0,0,0,0,0,0,0,,0,0,0.0,0.0,0,0,0.0,0,0,0,0,0.0,0.0,12.45,145.79,0.95,0.0,Shoulder,0,5,Sat,1,1,0,1,1,45,36,455516.76,0.8,0,1,201,0.095,Low,0,0,100.0,0.0893
B-202508-90758,Booked,TechCorp Solutions,Executive Offsite,Corporate,Virtual,Full Package,Technology,Technology,Third-Party Planner,Low,2025-05-01,2025-05-25,12,2025-08-02,2025-08-03,1,93,23,23,31,1,Breakout Room,1,0,12,0.0,0.0,3,70.1,160.64,152.93,3517.39,505.53,1290.35,5313.27,19,2905.67,505.53,1228.9,4640.1,0.8260869565217391,39.642,,2025,8,4,66.3,33.7,1,52.39,147.08,199.47,199.47,149.98,1,0.0,23,0,0,0,1,1,1,8,0,0,1,Classroom,3,1,3.0,505.53,650,2015,3619.44,3,0,0,0,100.0,0.78,4.8,231.01,0.742,0.323,Shoulder,0,5,Sat,1,0,1,0,1,34,24,215740.51,0.7059,0,1,0,,Unknown,0,1,93.3,0.129
B-202508-98268,Booked,Faith Community,Faith-Based Conference,SMERF,In-person,Full Package,Other,Other,Cvent,Medium,2025-05-31,2025-06-30,16,2025-08-02,2025-08-03,1,63,41,41,46,1,Half Ballroom,1,0,14,1.0,9509.75,2,64.5,170.83,138.82,5691.62,830.55,1294.82,7816.99,30,4164.6,830.55,1233.17,6228.32,0.7317073170731707,26.808,,2025,8,3,59.7,40.3,1,51.82,125.44,177.26,177.26,140.92,1,0.0,41,0,0,0,1,1,1,8,1,0,1,Theater,2,0,2.0,830.55,350,940,1854.61,2,0,0,0,100.0,0.38,18.74,190.66,0.891,0.217,Shoulder,0,5,Sat,1,0,0,0,1,13,9,46604.62,0.6923,0,1,0,,Unknown,0,1,100.0,0.2222
B-202508-46968,Booked,Manufacturing Alliance,Innovation Workshop,Corporate,In-person,Full Package,Healthcare,Other,Repeat Client,Low,2025-04-27,2025-05-19,13,2025-08-05,2025-08-06,1,100,27,27,30,1,Breakout Room,1,0,9,0.0,0.0,1,70.6,163.29,143.14,3864.78,535.19,1288.22,5688.19,23,3292.22,535.19,1226.88,5054.29,0.8518518518518519,40.896,,2025,8,3,56.4,43.6,1,131.93,123.8,255.73,164.5,123.8,1,0.0,27,0,0,0,1,1,1,8,0,0,1,Classroom,3,1,3.0,535.19,650,1260,2951.74,3,0,0,0,100.0,0.75,12.34,210.67,0.9,0.333,Shoulder,0,1,Tue,0,1,1,0,1,44,32,462174.54,0.7273,0,1,77,0.351,Moderate,0,0,93.3,0.09
B-202508-47572,Booked,Private Party,Charity Gala,Wedding/Social,Hybrid,Rooms Only,Social,Social/Private,Repeat Client,Low,2024-12-17,2025-02-01,42,2025-08-05,2025-08-06,1,231,22,22,24,0,,0,0,4,0.0,0.0,1,75.5,169.66,157.94,3474.68,0.0,0.0,3474.68,12,1895.28,0.0,0.0,1895.28,0.5454545454545454,0.0,,2025,8,2,69.7,30.3,1,86.79,148.15,234.94,234.94,148.15,1,0.0,22,0,0,0,0,0,0,0,0,0,0,,0,0,0.0,0.0,0,0,0.0,0,0,0,0,0.0,0.0,6.91,157.94,0.917,0.0,Shoulder,0,1,Tue,0,1,1,1,1,57,43,252799.95,0.7544,0,1,77,0.286,Moderate,0,0,93.3,0.0173
B-202508-90777,Booked,Manufacturing Alliance,Executive Offsite,Corporate,Hybrid,Full Package,Professional Services,Other,RFP,Low,2025-05-03,2025-05-19,8,2025-08-05,2025-08-06,1,94,41,41,50,1,Half Ballroom,1,1,8,1.0,11597.0,4,77.4,166.24,174.83,7168.03,1059.0,1199.21,9426.24,32,5594.56,1059.0,1142.1,7795.66,0.7804878048780488,22.842,,2025,8,4,56.4,43.6,1,147.57,188.24,335.81,285.85,188.24,1,0.0,41,0,0,0,1,1,1,8,1,0,1,Theater,1,0,1.0,1059.0,150,1272,2054.19,2,0,0,0,100.0,0.42,-5.17,229.91,0.82,0.2,Shoulder,0,1,Tue,0,0,0,0,0,44,32,462174.54,0.7273,0,1,77,0.532,Moderate,0,0,100.0,0.0851
B-202508-96732,Booked,Community Church,Band Competition,SMERF,In-person,Rooms Only,SMERF,Religious,RFP,Medium,2025-02-24,2025-03-22,20,2025-08-05,2025-08-07,2,162,53,106,58,0,,0,0,6,0.0,0.0,3,70.4,163.61,135.88,14403.28,0.0,0.0,14403.28,83,11278.04,0.0,0.0,11278.04,0.7830188679245284,0.0,,2025,8,3,69.0,31.0,1,135.01,140.49,275.5,252.13,140.49,2,13.2,46,53,0,0,0,0,0,0,0,0,0,,0,0,0.0,0.0,0,0,0.0,0,0,0,0,0.0,0.0,16.95,135.88,0.914,0.0,Shoulder,0,1,Tue,0,0,1,0,1,19,15,110763.87,0.7895,0,1,3,1.0,High,1,1,93.3,0.037
B-202508-15586,Booked,Global Industries,Executive Offsite,Corporate,In-person,Full Package,Technology,Other,RFP,Medium,2025-05-14,2025-06-03,10,2025-08-06,2025-08-08,2,84,50,100,55,1,Half Ballroom,1,1,10,0.0,0.0,2,77.4,161.26,158.06,15806.0,1182.36,5405.05,22393.41,86,13593.16,1182.36,5147.67,19923.19,0.86,46.797,,2025,8,3,73.3,26.7,1,65.71,164.82,230.53,230.53,164.82,2,4.0,48,50,0,0,1,2,2,16,1,0,1,Classroom,2,0,1.5,1182.36,500,2520,4280.03,5,0,0,0,100.0,0.46,1.98,223.93,0.909,0.182,Shoulder,0,2,Wed,0,0,1,0,0,61,50,709224.55,0.8197,0,1,56,0.893,High,1,0,93.3,0.119
B-202508-15920,Booked,HR Professionals Network,Policy Symposium,Association,In-person,Full Package,Professional Services,Professional Services,Sales Call,High,2024-09-30,2024-11-03,21,2025-08-06,2025-08-08,2,310,114,228,149,1,Grand Ballroom,1,0,13,1.0,84136.84,2,72.1,166.39,161.95,36924.6,2268.35,14183.75,53376.7,152,24616.4,2268.35,13508.34,40393.09,0.6666666666666666,45.33,,2025,8,3,67.6,32.4,1,119.52,166.02,285.54,181.07,166.02,2,0.9,113,114,0,0,1,2,2,16,1,0,1,Classroom,2,0,2.0,2268.35,700,17433,23238.55,5,0,0,0,100.0,0.62,2.67,234.11,0.765,0.067,Shoulder,0,2,Wed,0,0,0,0,0,39,28,662674.25,0.7179,0,1,56,1.0,High,1,1,100.0,0.0419
B-202508-18621,Booked,Private Individual,Quinceañera Celebration,Wedding/Social,In-person,Full Package,Social,Social/Private,Website,Low,2024-11-01,2024-11-29,14,2025-08-08,2025-08-09,1,280,33,33,44,1,Half Ballroom,1,0,14,0.0,0.0,4,71.4,159.75,140.26,4628.58,1166.65,3198.61,8993.84,18,2524.68,1166.65,3046.3,6737.63,0.5454545454545454,69.234,,2025,8,2,71.6,28.4,0,13.83,137.4,151.23,0.0,137.4,1,0.0,33,0,0,0,1,1,1,4,1,0,1,Banquet,1,0,1.0,1166.65,150,1320,1795.53,1,1,0,1,0.0,0.37,12.2,272.54,0.75,0.227,Shoulder,0,4,Fri,1,0,1,0,1,60,48,238058.95,0.8,0,1,187,0.176,Low,0,0,93.3,0.05
B-202508-30787,Booked,Retail Corporation,Executive Offsite,Corporate,Hybrid,Rooms Only,Professional Services,Other,Repeat Client,Low,2025-05-03,2025-05-19,11,2025-08-11,2025-08-13,2,100,24,48,26,0,,0,0,5,1.0,7448.86,2,73.8,165.64,158.77,7620.96,0.0,0.0,7620.96,40,6350.8,0.0,0.0,6350.8,0.8333333333333334,0.0,,2025,8,3,67.1,32.9,1,97.71,132.93,230.64,230.64,132.93,2,41.7,14,24,0,0,0,0,0,0,0,0,0,,0,0,0.0,0.0,0,0,0.0,0,0,0,0,0.0,0.0,4.15,158.77,0.923,0.0,Shoulder,0,0,Mon,0,1,0,1,1,46,37,460327.83,0.8043,0,1,79,0.304,Moderate,0,0,100.0,0.05
B-202508-70746,Booked,State Medical Association,Networking Summit,Association,In-person,Meeting Only,Healthcare,Healthcare,Repeat Client,Medium,2024-12-20,2025-01-10,16,2025-08-11,2025-08-14,3,234,0,0,50,1,Half Ballroom,0,1,5,1.0,18620.36,2,73.6,167.86,0.0,0.0,1389.38,6535.94,7925.32,0,0.0,1389.38,6224.7,7614.08,,41.498,,2025,8,0,0.0,0.0,0,0.0,0.0,0.0,0.0,0.0,0,0.0,0,0,0,0,1,3,3,24,1,0,1,Banquet,3,1,1.67,1389.38,950,3640,6439.35,5,0,0,0,100.0,0.42,100.0,,0.0,0.2,Shoulder,0,0,Mon,0,1,0,1,1,52,45,1022626.57,0.8654,0,1,196,0.0,Low,0,0,86.7,0.0214
B-202508-31365,Booked,Faith Community,Church Retreat Weekend,SMERF,In-person,Full Package,Other,Other,Repeat Client,Low,2025-05-04,2025-06-01,21,2025-08-12,2025-08-13,1,100,29,29,39,1,Breakout Room,1,0,7,0.0,0.0,1,77.7,159.35,145.66,4224.14,429.27,792.38,5445.79,24,3495.84,429.27,754.65,4679.76,0.8275862068965517,19.35,,2025,8,4,69.6,30.4,1,99.2,133.62,232.82,232.82,137.39,1,0.0,29,0,0,0,1,2,1,8,0,0,1,Classroom,2,0,2.0,429.27,700,1692,3543.51,2,0,0,0,0.0,0.97,8.59,187.79,0.744,0.256,Shoulder,0,1,Tue,0,1,1,0,1,14,10,52832.94,0.7143,0,1,79,0.367,Moderate,0,0,93.3,0.07
B-202508-58784,Booked,Private Party,Baby Shower Weekend,Wedding/Social,In-person,Full Package,Social,Social/Private,RFP,Low,2024-10-27,2024-11-29,20,2025-08-12,2025-08-13,1,289,48,48,57,1,Half Ballroom,1,1,13,0.0,0.0,3,71.6,162.09,149.48,7175.04,1284.33,4824.87,13284.24,28,4185.44,1284.33,4595.11,10064.88,0.5833333333333334,80.616,,2025,8,4,66.3,33.7,1,125.47,141.2,266.67,266.67,141.2,1,0.0,48,0,0,0,1,1,1,4,1,0,1,Banquet,2,0,2.0,1284.33,350,1320,2041.62,1,1,0,1,0.0,0.47,7.78,276.76,0.842,0.175,Shoulder,0,1,Tue,0,0,1,0,1,58,44,254695.23,0.7586,0,1,79,0.608,High,1,0,93.3,0.045
B-202508-74796,Booked,Youth Organization,Band Competition,SMERF,In-person,Rooms Only,SMERF,Social/Community,Repeat Client,Medium,2025-05-01,2025-05-25,18,2025-08-12,2025-08-13,1,103,40,40,44,0,,0,0,6,1.0,6921.57,1,73.0,160.02,150.66,6026.4,0.0,0.0,6026.4,33,4971.78,0.0,0.0,4971.78,0.825,0.0,,2025,8,3,70.2,29.8,1,158.91,152.54,311.45,265.08,152.54,1,0.0,40,0,0,0,0,0,0,0,0,0,0,,0,0,0.0,0.0,0,0,0.0,0,0,0,0,0.0,0.0,5.85,150.66,0.909,0.0,Shoulder,0,1,Tue,0,1,0,0,1,19,14,75711.09,0.7368,0,1,79,0.506,Moderate,0,0,100.0,0.0583
B-202508-17115,Booked,Local School District,Church Retreat Weekend,SMERF,In-person,Full Package,Education,Education,Website,Low,2025-05-08,2025-06-04,16,2025-08-13,2025-08-15,2,97,21,42,24,1,Breakout Room,1,0,11,1.0,13348.74,1,71.3,158.6,154.47,6487.74,404.23,490.94,7382.91,36,5560.92,404.23,467.57,6432.72,0.8571428571428571,9.741,,2025,8,2,60.7,39.3,1,45.81,227.44,273.25,273.25,273.25,2,52.4,10,21,0,0,1,3,2,16,0,0,1,Classroom,1,0,1.0,404.23,450,576,3306.78,1,0,0,0,33.3,0.6,2.6,175.78,0.875,0.417,Shoulder,0,2,Wed,0,0,0,0,0,21,16,127138.99,0.7619,0,1,123,0.171,Low,0,0,100.0,0.1134
B-202508-27083,Booked,Insurance Federation,Certification Training,Association,In-person,Full Package,Finance,Finance,Website,Medium,2025-01-19,2025-02-22,21,2025-08-13,2025-08-15,2,206,47,94,63,1,Half Ballroom,1,0,13,1.0,39291.43,1,76.5,162.94,157.27,14783.38,1669.64,5445.47,21898.49,68,10694.36,1669.64,5186.16,17550.16,0.723404255319149,41.16,,2025,8,2,70.1,29.9,0,134.67,164.61,299.28,0.0,164.61,2,0.0,47,47,0,0,2,2,2,16,1,0,1,Classroom,2,0,2.0,1669.64,700,2840,4726.56,4,0,0,0,100.0,0.53,3.48,232.96,0.746,0.317,Shoulder,0,2,Wed,0,0,0,0,1,37,25,566792.26,0.6757,0,1,123,0.382,Moderate,0,0,100.0,0.0631
B-202508-29782,Booked,Private Individual,Quinceañera Celebration,Wedding/Social,In-person,Full Package,Social,Social/Private,Cvent,Medium,2025-03-16,2025-04-24,25,2025-08-13,2025-08-14,1,150,33,33,37,1,Breakout Room,1,1,14,0.0,0.0,2,62.8,162.92,136.11,4491.63,444.55,3433.1,8369.28,18,2449.98,444.55,3269.62,6164.15,0.5454545454545454,88.368,,2025,8,3,73.1,26.9,1,127.13,134.17,261.3,174.17,134.17,1,0.0,33,0,0,0,1,1,1,4,0,0,1,Banquet,1,0,1.0,444.55,150,2035,2819.44,1,1,0,1,0.0,0.93,16.46,253.61,0.892,0.27,Shoulder,0,2,Wed,0,0,1,0,1,61,49,244796.58,0.8033,0,1,119,0.277,Moderate,0,0,93.3,0.0933
B-202508-90511,Booked,Private Party,Williams-Brown Wedding,Wedding/Social,In-person,Rooms Only,Social,Social/Private,Direct Inquiry,Low,2025-02-09,2025-03-09,23,2025-08-14,2025-08-15,1,186,29,29,31,0,,0,0,5,0.0,0.0,2,73.6,166.69,147.47,4276.63,0.0,0.0,4276.63,16,2359.52,0.0,0.0,2359.52,0.5517241379310345,0.0,,2025,8,2,57.8,42.2,1,40.86,186.45,227.31,227.31,227.31,1,0.0,29,0,0,0,0,0,0,0,0,0,0,,0,0,0.0,0.0,0,0,0.0,0,0,0,0,0.0,0.0,11.53,147.47,0.935,0.0,Shoulder,0,3,Thu,0,0,1,1,1,59,45,264760.11,0.7627,0,1,123,0.236,Low,0,0,93.3,0.0269
B-202508-77760,Booked,Dental Association,Regional Chapter Meeting,Association,In-person,Full Package,Healthcare,Healthcare,Repeat Client,High,2025-01-25,2025-02-26,25,2025-08-15,2025-08-17,2,202,42,84,56,1,Half Ballroom,1,0,7,1.0,22640.34,1,72.1,164.48,153.02,12853.68,835.47,5551.31,19240.46,63,9640.26,835.47,5286.96,15762.69,0.75,47.205,,2025,8,4,57.2,42.8,1,150.01,167.6,317.61,209.74,167.9,2,19.0,34,42,0,0,1,2,2,16,1,0,1,Theater,2,0,1.5,835.47,500,2100,3768.61,5,0,0,0,100.0,0.47,6.97,229.05,0.75,0.179,Shoulder,0,4,Fri,1,1,0,0,1,45,35,674287.94,0.7778,0,1,51,0.824,High,1,0,100.0,0.0347
B-202508-97364,Booked,Professional Engineers Society,Regional Chapter Meeting,Association,In-person,Rooms Only,Association,Other,Direct Inquiry,Medium,2024-12-20,2025-01-14,20,2025-08-15,2025-08-17,2,238,96,192,105,0,,0,0,5,1.0,34647.29,1,69.0,167.19,145.49,27934.08,0.0,0.0,27934.08,141,20514.09,0.0,0.0,20514.09,0.734375,0.0,,2025,8,4,54.9,45.1,1,56.17,125.41,181.58,181.58,125.41,2,12.5,84,96,0,0,0,0,0,0,0,0,0,,0,0,0.0,0.0,0,0,0.0,0,0,0,0,0.0,0.0,12.98,145.49,0.914,0.0,Shoulder,0,4,Fri,1,0,0,1,1,53,40,833142.6,0.7547,0,1,51,1.0,High,1,1,100.0,0.021
B-202508-25793,Booked,Nursing Council,Member Appreciation Event,Association,In-person,Full Package,Healthcare,Healthcare,Referral,Low,2024-11-27,2024-12-24,19,2025-08-16,2025-08-18,2,262,31,62,34,1,Breakout Room,1,0,8,0.0,0.0,1,67.8,155.58,142.37,8826.94,426.39,2955.74,12209.07,39,5552.43,426.39,2815.0,8793.82,0.6290322580645161,41.397,,2025,8,2,68.6,31.4,1,45.74,194.97,240.71,240.71,194.97,2,35.5,20,31,0,0,1,2,2,16,0,0,1,Banquet,2,0,2.0,426.39,700,5576,8211.83,5,0,0,0,100.0,0.85,8.49,196.92,0.912,0.294,Shoulder,0,5,Sat,1,0,1,0,1,45,30,523628.33,0.6667,0,1,184,0.168,Low,0,0,93.3,0.0305
B-202508-11511,Booked,Veterans Group,Volunteer Training,SMERF,Hybrid,Full Package,Government,Government,RFP,Low,2025-06-18,2025-07-15,18,2025-08-17,2025-08-19,2,60,5,10,5,1,Boardroom,1,1,9,0.0,0.0,2,66.3,166.27,131.38,1313.8,392.75,188.97,1895.52,8,1051.04,392.75,179.97,1623.76,0.8,17.997,,2025,8,4,62.4,37.6,1,114.79,118.61,233.4,161.04,118.61,2,0.0,5,5,0,0,1,3,2,16,0,1,1,Boardroom,1,0,1.0,392.75,450,295,2906.32,2,0,0,0,33.3,0.36,20.98,189.55,1.0,2.0,Shoulder,0,6,Sun,1,0,1,0,1,16,11,82159.21,0.6875,0,1,175,0.029,Low,0,0,93.3,0.15
B-202508-10373,Booked,Personal Event,Milestone Birthday Party,Wedding/Social,In-person,Rooms Only,Social,Social/Private,Direct Inquiry,Low,2024-12-05,2025-01-10,30,2025-08-18,2025-08-19,1,256,40,40,44,0,,0,1,6,0.0,0.0,3,74.4,161.23,153.3,6132.0,0.0,0.0,6132.0,23,3525.9,0.0,0.0,3525.9,0.575,0.0,,2025,8,3,65.3,34.7,1,70.14,152.97,223.11,223.11,171.49,1,0.0,40,0,0,0,0,0,0,0,0,0,0,,0,0,0.0,0.0,0,0,0.0,0,0,0,0,0.0,0.0,4.92,153.3,0.909,0.0,Shoulder,0,0,Mon,0,0,1,0,1,66,45,226155.39,0.6818,0,1,175,0.229,Low,0,0,93.3,0.0234
B-202508-62508,Booked,Manufacturing Alliance,Performance Review Summit,Corporate,In-person,Meeting Only,Finance,Other,Website,Low,2025-06-21,2025-07-09,13,2025-08-18,2025-08-19,1,58,0,0,124,1,Grand Ballroom,0,1,5,0.0,0.0,2,69.7,166.14,0.0,0.0,2066.46,2824.82,4891.28,0,0.0,2066.46,2690.3,4756.76,,21.696,,2025,8,0,0.0,0.0,0,0.0,0.0,0.0,0.0,0.0,0,0.0,0,0,0,0,1,1,1,8,1,0,1,Theater,3,1,3.0,2066.46,650,6572,9622.8,2,0,0,0,100.0,0.52,100.0,,0.0,0.081,Shoulder,0,0,Mon,0,0,1,1,1,46,34,475024.49,0.7391,0,1,175,0.0,Low,0,0,80.0,0.0862
B-202508-27646,Booked,Family Celebration,Williams-Brown Wedding,Wedding/Social,In-person,Full Package,Social,Social/Private,Direct Inquiry,Low,2024-09-11,2024-10-19,31,2025-08-19,2025-08-20,1,342,44,44,56,1,Half Ballroom,1,0,7,1.0,16077.88,2,69.1,165.78,128.96,5674.24,1394.24,4526.78,11595.26,24,3095.04,1394.24,4311.22,8800.5,0.5454545454545454,76.986,,2025,8,2,67.4,32.6,0,6.0,124.39,130.39,0.0,124.39,1,0.0,44,0,0,0,1,2,1,8,1,0,1,Banquet,2,0,1.5,1394.24,500,1320,2531.1,1,1,0,1,0.0,0.47,22.21,263.53,0.786,0.179,Shoulder,0,1,Tue,0,0,0,0,1,66,56,326591.57,0.8485,0,1,115,0.383,Moderate,0,0,100.0,0.0205
B-202508-82356,Booked,Banking Consortium,Annual Sales Conference,Corporate,Hybrid,Full Package,Finance,Finance,Referral,Medium,2025-06-28,2025-07-15,7,2025-08-19,2025-08-20,1,52,61,61,82,1,Half Ballroom,1,0,10,1.0,23837.62,1,77.6,166.64,159.39,9722.79,1396.53,1495.04,12614.36,51,8128.89,1396.53,1423.85,10949.27,0.8360655737704918,17.364,,2025,8,4,50.9,49.1,1,132.28,146.43,278.71,237.87,278.71,1,0.0,61,0,0,0,1,2,1,12,1,0,1,Classroom,2,0,2.0,1396.53,700,2628,4212.78,5,0,0,0,50.0,0.68,4.35,206.79,0.744,0.122,Shoulder,0,1,Tue,0,0,0,0,1,38,30,389232.18,0.7895,0,1,115,0.53,Moderate,0,0,100.0,0.1923
B-202508-65694,Booked,Tour Operator Network,International Tour Package,SMERF,In-person,Rooms Only,Other,Other,RFP,Medium,2025-04-28,2025-05-24,21,2025-08-20,2025-08-21,1,114,29,29,31,0,,0,0,5,0.0,0.0,4,74.6,162.95,147.61,4280.69,0.0,0.0,4280.69,25,3690.25,0.0,0.0,3690.25,0.8620689655172413,0.0,,2025,8,3,57.6,42.4,1,153.61,139.95,293.56,242.59,139.95,1,0.0,29,0,0,0,0,0,0,0,0,0,0,,0,0,0.0,0.0,0,0,0.0,0,0,0,0,0.0,0.0,9.41,147.61,0.935,0.0,Shoulder,0,2,Wed,0,0,1,1,1,21,18,117988.84,0.8571,0,1,96,0.302,Moderate,0,0,93.3,0.0439
B-202508-68040,Booked,Youth Organization,Youth Group Gathering,SMERF,In-person,Full Package,SMERF,Social/Community,Referral,Low,2025-05-14,2025-06-05,13,2025-08-20,2025-08-21,1,98,18,18,23,1,Breakout Room,1,0,9,0.0,0.0,2,74.7,161.54,138.54,2493.72,511.3,264.3,3269.32,16,2216.64,511.3,251.71,2979.65,0.8888888888888888,10.944,,2025,8,3,68.0,32.0,1,105.97,162.38,268.35,180.4,162.38,1,0.0,18,0,0,0,1,1,1,8,0,0,1,Classroom,0,0,0.0,511.3,0,276,1333.88,1,0,0,0,100.0,0.57,14.24,181.63,0.783,0.435,Shoulder,0,2,Wed,0,0,1,0,1,20,15,80682.87,0.75,0,1,96,0.188,Low,0,0,93.3,0.0918
B-202508-68079,Booked,State Medical Association,Educational Seminar Series,Association,In-person,Full Package,Healthcare,Healthcare,Cvent,High,2024-12-24,2025-01-29,27,2025-08-20,2025-08-21,1,239,77,77,94,1,Half Ballroom,1,0,9,1.0,20984.02,2,70.9,166.02,147.26,11339.02,1081.39,1787.26,14207.67,49,7215.74,1081.39,1702.15,9999.28,0.6363636363636364,18.108,,2025,8,4,64.6,35.4,0,169.24,136.09,305.33,0.0,137.19,1,0.0,77,0,0,0,1,2,1,12,1,0,1,Theater,2,0,2.0,1081.39,700,1780,3313.03,4,0,0,0,50.0,0.78,11.3,184.52,0.819,0.106,Shoulder,0,2,Wed,0,0,0,0,1,53,46,1030240.65,0.8679,0,1,96,0.802,High,1,0,100.0,0.0377
B-202508-92283,Booked,Professional Services Group,Innovation Workshop,Corporate,Hybrid,Meeting Only,Technology,Other,Direct Inquiry,Low,2025-06-15,2025-06-30,7,2025-08-21,2025-08-23,2,67,0,0,37,1,Breakout Room,0,1,8,1.0,14075.59,1,68.0,160.88,0.0,0.0,405.64,3268.3,3673.94,0,0.0,405.64,3112.66,3518.3,,42.063,,2025,8,0,0.0,0.0,0,0.0,0.0,0.0,0.0,0.0,0,0.0,0,0,0,0,1,2,2,16,0,0,1,Banquet,3,1,2.5,405.64,1000,2988,6041.24,3,0,0,0,100.0,0.93,100.0,,0.0,0.27,Shoulder,0,3,Thu,0,0,0,0,1,49,37,462670.1,0.7551,0,1,220,0.0,Low,0,0,86.7,0.1194
B-202508-45013,Booked,Energy Solutions,Regional Team Meeting,Corporate,In-person,Full Package,Professional Services,Other,RFP,High,2025-07-12,2025-08-02,13,2025-08-22,2025-08-25,3,41,59,177,75,1,Half Ballroom,1,1,8,1.0,66994.74,4,72.0,162.03,156.82,27757.14,1753.14,10479.1,39989.38,152,23836.64,1753.14,9980.1,35569.88,0.8587570621468926,44.356,,2025,8,2,62.1,37.9,1,75.92,205.22,281.14,281.14,281.14,2,6.8,50,59,58,0,2,3,3,24,1,0,1,Theater,3,1,2.0,1753.14,1150,3528,6434.33,5,0,0,0,100.0,0.62,3.22,225.93,0.787,0.267,Shoulder,0,4,Fri,1,0,0,0,1,47,34,439970.34,0.7234,0,1,95,0.621,High,1,0,100.0,0.1951
B-202508-45443,Booked,Social Event,Charity Gala,Wedding/Social,Hybrid,Full Package,Social,Social/Private,RFP,Low,2024-09-28,2024-11-15,39,2025-08-22,2025-08-23,1,328,29,29,37,1,Breakout Room,1,0,9,1.0,10366.21,2,68.8,155.67,132.45,3841.05,481.28,2873.42,7195.75,18,2384.1,481.28,2736.59,5601.97,0.6206896551724138,73.962,,2025,8,2,71.5,28.5,0,144.76,148.08,292.84,0.0,292.84,1,0.0,29,0,0,0,1,2,1,8,0,0,1,Banquet,1,0,1.0,481.28,300,2035,3518.95,1,1,0,1,0.0,0.93,14.92,248.13,0.784,0.27,Shoulder,0,4,Fri,1,0,0,0,1,63,44,248982.43,0.6984,0,1,78,0.372,Moderate,0,0,100.0,0.0274
B-202508-90636,Booked,Industry Trade Group,Regional Chapter Meeting,Association,In-person,Full Package,Trade/Manufacturing,Trade/Manufacturing,Website,High,2025-02-02,2025-03-11,28,2025-08-22,2025-08-25,3,201,54,162,67,1,Half Ballroom,1,0,9,1.0,49096.75,1,67.4,164.17,141.93,22992.66,1588.04,9642.45,34223.15,113,16038.09,1588.04,9183.29,26809.42,0.6975308641975309,45.688,,2025,8,3,64.5,35.5,1,32.58,137.06,169.64,169.64,137.06,2,8.3,45,54,44,0,2,3,3,24,1,0,1,Banquet,2,0,2.0,1588.04,1050,3440,6383.66,4,0,0,0,100.0,0.56,13.55,211.25,0.806,0.299,Shoulder,0,4,Fri,1,0,0,0,1,39,27,429838.43,0.6923,0,1,95,0.568,Moderate,0,0,100.0,0.0448
B-202508-12284,Booked,Education Foundation,Member Appreciation Event,Association,In-person,Meeting Only,Education,Education,Repeat Client,Medium,2024-10-09,2024-10-29,14,2025-08-23,2025-08-26,3,318,0,0,80,1,Half Ballroom,0,1,6,1.0,34616.55,1,76.2,157.19,0.0,0.0,1656.56,12217.46,13874.02,0,0.0,1656.56,11635.68,13292.24,,48.482,,2025,8,0,0.0,0.0,0,0.0,0.0,0.0,0.0,0.0,0,0.0,0,0,0,0,2,3,3,24,1,0,1,Classroom,3,1,2.67,1656.56,1650,3600,7080.72,5,0,0,0,100.0,0.67,100.0,,0.0,0.25,Shoulder,0,5,Sat,1,1,0,0,1,57,42,880177.78,0.7368,0,1,95,0.0,Low,0,0,86.7,0.0189
B-202508-40493,Booked,Social Event,Holiday Party,Wedding/Social,In-person,Full Package,Social,Social/Private,Third-Party Planner,Low,2024-10-02,2024-11-04,21,2025-08-23,2025-08-25,2,325,12,24,14,1,Boardroom,1,0,12,0.0,0.0,3,70.6,166.97,139.9,3357.6,294.56,1214.6,4866.76,14,1958.6,294.56,1156.76,3409.92,0.5833333333333334,41.313,,2025,8,4,52.4,47.6,1,126.87,133.23,260.1,231.36,133.23,2,83.3,2,12,0,0,1,2,2,8,0,1,1,Boardroom,1,0,0.5,294.56,150,630,1994.83,1,0,1,1,0.0,1.0,16.21,202.78,0.857,0.714,Shoulder,0,5,Sat,1,0,1,0,1,64,45,254584.4,0.7031,0,1,95,0.126,Low,0,0,93.3,0.0369
B-202508-18653,Booked,Service Club,School District Meeting,SMERF,In-person,Meeting Only,SMERF,Social/Community,Website,Low,2025-04-01,2025-04-19,10,2025-08-24,2025-08-25,1,145,0,0,128,1,Grand Ballroom,0,0,8,1.0,9988.51,4,72.8,165.39,0.0,0.0,1664.66,1434.59,3099.25,0,0.0,1664.66,1366.27,3030.93,,10.674,,2025,8,0,0.0,0.0,0,0.0,0.0,0.0,0.0,0.0,0,0.0,0,0,0,0,1,1,1,8,1,0,1,Theater,1,0,1.0,1664.66,150,1440,3882.38,1,0,0,0,100.0,0.53,100.0,,0.0,0.078,Shoulder,0,6,Sun,1,0,0,0,1,17,11,103627.72,0.6471,0,1,95,0.0,Low,0,0,86.7,0.0552
B-202508-33988,Booked,Industry Trade Group,Industry Forum,Association,In-person,Full Package,Trade/Manufacturing,Trade/Manufacturing,Cvent,Medium,2025-02-02,2025-02-25,16,2025-08-25,2025-08-27,2,204,51,102,67,1,Half Ballroom,1,0,7,1.0,32193.53,2,72.4,159.23,142.72,14557.44,1709.43,6629.08,22895.95,65,9276.8,1709.43,6313.41,17299.64,0.6372549019607843,47.115,,2025,8,2,69.2,30.8,1,46.86,153.73,200.59,200.59,153.73,2,19.6,41,51,0,0,2,2,2,16,1,0,1,Classroom,3,1,2.5,1709.43,1000,3000,5268.88,4,0,0,0,100.0,0.56,10.37,224.47,0.761,0.299,Shoulder,0,0,Mon,0,0,0,0,1,40,28,456647.85,0.7,0,1,87,0.586,Moderate,0,0,100.0,0.0343
B-202508-44617,Booked,Professional Engineers Society,Continuing Education Conference,Association,In-person,Full Package,Association,Other,RFP,High,2024-12-02,2025-01-08,24,2025-08-26,2025-08-28,2,267,82,164,111,1,Half Ballroom,1,0,13,1.0,45546.5,2,72.7,167.18,164.25,26937.0,1346.48,4302.1,32585.58,113,18560.25,1346.48,4097.23,24003.96,0.6890243902439024,18.456,,2025,8,4,59.7,40.3,1,122.72,148.28,271.0,271.0,148.28,2,13.4,71,82,0,0,2,4,2,24,1,0,1,Theater,3,1,1.75,1346.48,1300,3252,6389.23,5,0,0,0,50.0,0.93,1.75,198.69,0.739,0.18,Shoulder,0,1,Tue,0,0,0,0,0,55,41,853656.69,0.7455,0,1,0,,Unknown,0,1,100.0,0.0487
B-202508-22736,Booked,Accounting Institute,Leadership Institute,Association,In-person,Full Package,Finance,Finance,RFP,Medium,2025-02-13,2025-03-20,27,2025-08-27,2025-08-29,2,195,47,94,65,1,Half Ballroom,1,0,8,1.0,41226.78,2,68.3,165.3,151.47,14238.18,1603.74,6456.59,22298.51,67,10148.49,1603.74,6149.13,17901.36,0.7127659574468085,47.301,,2025,8,3,60.2,39.8,1,169.12,129.11,298.23,175.81,129.11,2,2.1,46,47,0,0,2,2,2,16,1,0,1,Classroom,3,1,2.5,1603.74,1000,1860,3986.15,4,0,0,0,100.0,0.54,8.37,237.22,0.723,0.308,Shoulder,0,2,Wed,0,0,0,0,1,43,38,739804.42,0.8837,0,1,68,0.691,High,1,0,100.0,0.041
B-202508-34761,Booked,Professional Services Group,Product Launch Event,Corporate,In-person,Full Package,Finance,Other,Repeat Client,Medium,2025-03-31,2025-04-22,9,2025-08-27,2025-08-28,1,149,53,53,67,1,Half Ballroom,1,0,13,1.0,17515.02,2,72.4,156.92,144.67,7667.51,1750.51,3525.38,12943.4,50,7233.5,1750.51,3357.5,12341.51,0.9433962264150944,50.112,,2025,8,3,55.4,44.6,1,63.22,153.04,216.26,216.26,153.04,1,0.0,53,0,0,0,2,1,1,8,1,0,1,Classroom,3,1,3.0,1750.51,650,1848,3062.97,4,0,0,0,100.0,0.56,7.81,244.22,0.791,0.299,Shoulder,0,2,Wed,0,1,0,0,1,50,38,466188.4,0.76,0,1,0,,Unknown,0,1,100.0,0.0872
B-202508-42543,Booked,Professional Engineers Society,Educational Seminar Series,Association,In-person,Rooms Only,Association,Other,Third-Party Planner,Medium,2025-03-12,2025-04-01,15,2025-08-27,2025-08-31,4,168,45,180,49,0,,0,0,5,1.0,32213.61,1,70.8,165.32,150.86,27154.8,0.0,0.0,27154.8,128,19310.08,0.0,0.0,19310.08,0.7111111111111111,0.0,,2025,8,2,53.0,47.0,0,126.67,167.33,294.0,0.0,294.0,2,11.8,44,45,33,35,0,0,0,0,0,0,0,,0,0,0.0,0.0,0,0,0.0,0,0,0,0,0.0,0.0,8.75,150.86,0.918,0.0,Shoulder,0,2,Wed,0,0,0,1,1,56,42,877660.65,0.75,0,1,68,0.662,High,1,0,100.0,0.0298
B-202508-42912,Booked,Dental Association,Industry Forum,Association,Hybrid,Meeting Only,Healthcare,Healthcare,RFP,Low,2025-03-12,2025-04-11,23,2025-08-27,2025-08-29,2,168,0,0,80,1,Half Ballroom,0,0,7,0.0,0.0,4,71.6,166.77,0.0,0.0,867.1,7571.09,8438.19,0,0.0,867.1,7210.56,8077.66,,45.066,,2025,8,0,0.0,0.0,0,0.0,0.0,0.0,0.0,0.0,0,0.0,0,0,0,0,1,2,2,16,1,0,1,Classroom,2,0,1.5,867.1,500,3000,4711.12,4,0,0,0,100.0,0.67,100.0,,0.0,0.125,Shoulder,0,2,Wed,0,0,1,0,1,46,36,690050.63,0.7826,0,1,0,,Unknown,0,0,80.0,0.0417
B-202508-46073,Booked,Pharmaceutical Partners,Strategic Planning Retreat,Corporate,Hybrid,Full Package,Healthcare,Healthcare,Third-Party Planner,High,2025-05-25,2025-06-15,11,2025-08-27,2025-08-30,3,94,60,180,75,1,Half Ballroom,1,1,10,0.0,0.0,3,65.5,163.55,140.3,25254.0,1283.83,9663.57,36201.4,159,22307.7,1283.83,9203.4,32794.93,0.8833333333333333,40.904,,2025,8,3,50.5,49.5,1,108.43,147.99,256.42,205.91,205.91,2,4.2,54,60,58,0,1,3,3,24,1,0,1,Theater,3,1,2.33,1283.83,1350,4104,7262.92,3,0,0,0,100.0,0.62,14.22,201.12,0.8,0.133,Shoulder,0,2,Wed,0,0,1,0,1,53,37,502096.78,0.6981,0,1,68,0.882,High,1,0,93.3,0.1064
B-202508-89034,Booked,Private Party,Quinceañera Celebration,Wedding/Social,In-person,Rooms Only,Social,Social/Private,Repeat Client,Low,2025-01-26,2025-02-19,18,2025-08-27,2025-08-28,1,213,29,29,31,0,,0,0,6,0.0,0.0,1,76.3,160.55,149.85,4345.65,0.0,0.0,4345.65,17,2547.45,0.0,0.0,2547.45,0.5862068965517241,0.0,,2025,8,2,51.5,48.5,1,137.64,147.26,284.9,284.9,147.26,1,0.0,29,0,0,0,0,0,0,0,0,0,0,,0,0,0.0,0.0,0,0,0.0,0,0,0,0,0.0,0.0,6.66,149.85,0.935,0.0,Shoulder,0,2,Wed,0,1,1,0,1,60,46,267119.63,0.7667,0,1,0,,Unknown,0,1,93.3,0.0282
B-202508-80137,Booked,Youth Athletics,School District Meeting,SMERF,In-person,Full Package,SMERF,Social/Community,Sales Call,Low,2025-05-16,2025-06-09,16,2025-08-29,2025-08-30,1,105,38,38,43,1,Half Ballroom,1,1,8,1.0,8248.91,2,74.3,162.62,153.17,5820.46,956.93,534.76,7312.15,28,4288.76,956.93,509.29,5754.98,0.7368421052631579,11.844,,2025,8,4,69.8,30.2,1,158.88,146.29,305.17,194.42,146.29,1,0.0,38,0,0,0,1,2,1,8,1,0,1,Classroom,2,0,1.5,956.93,500,700,1865.24,1,0,0,0,0.0,0.36,5.81,192.42,0.884,0.233,Shoulder,0,4,Fri,1,0,0,0,1,14,12,76847.09,0.8571,0,1,77,0.494,Moderate,0,0,100.0,0.0762
B-202508-67340,Booked,Local School District,Faith-Based Conference,SMERF,In-person,Meeting Only,Education,Education,RFP,Low,2025-07-01,2025-08-01,21,2025-08-30,2025-09-01,2,60,0,0,80,1,Half Ballroom,0,0,10,0.0,0.0,2,67.2,160.11,0.0,0.0,1579.51,3234.17,4813.68,0,0.0,1579.51,3080.16,4659.67,,19.251,,2025,8,0,0.0,0.0,0,0.0,0.0,0.0,0.0,0.0,0,0.0,0,0,0,0,2,4,2,16,1,0,1,Theater,2,0,1.5,1579.51,1000,940,3385.75,2,0,0,0,0.0,0.67,100.0,,0.0,0.25,Shoulder,0,5,Sat,1,0,1,0,1,22,17,133571.71,0.7727,0,1,175,0.0,Low,0,0,80.0,0.1667
B-202509-48728,Booked,Youth Organization,Volunteer Training,SMERF,In-person,Full Package,SMERF,Social/Community,Repeat Client,Medium,2025-05-09,2025-05-30,14,2025-09-01,2025-09-02,1,115,31,31,37,1,Breakout Room,1,0,7,0.0,0.0,1,74.9,177.54,163.43,5066.33,405.25,720.28,6191.86,22,3595.46,405.25,685.98,4686.69,0.7096774193548387,18.54,,2025,9,3,68.1,31.9,1,146.81,143.06,289.87,170.37,143.06,1,0.0,31,0,0,0,1,2,1,8,0,0,1,Banquet,2,0,1.0,405.25,350,1692,3234.64,2,0,0,0,0.0,0.93,7.95,199.74,0.838,0.27,Shoulder,0,0,Mon,0,1,1,0,1,21,16,83662.52,0.7619,0,1,189,0.164,Low,0,0,93.3,0.0609
B-202509-66260,Booked,Manufacturing Alliance,Town Hall Meeting,Corporate,In-person,Full Package,Finance,Other,Direct Inquiry,Low,2025-06-13,2025-07-02,8,2025-09-02,2025-09-03,1,81,27,27,32,1,Breakout Room,1,0,11,1.0,10901.07,1,80.7,170.3,167.79,4530.33,523.7,853.98,5908.01,23,3859.17,523.7,813.31,5196.18,0.8518518518518519,25.416,,2025,9,3,68.0,32.0,1,116.21,191.5,307.71,263.88,191.5,1,0.0,27,0,0,0,1,1,1,8,0,0,1,Classroom,3,1,3.0,523.7,650,2016,3711.15,2,0,0,0,100.0,0.8,1.47,218.82,0.844,0.312,Peak,0,1,Tue,0,0,0,0,0,47,35,479781.25,0.7447,0,1,173,0.156,Low,0,0,100.0,0.1358
B-202509-78179,Booked,Nonprofit Foundation,Cultural Heritage Festival,SMERF,In-person,Full Package,Technology,Technology,Direct Inquiry,Low,2025-05-12,2025-06-13,21,2025-09-02,2025-09-04,2,113,20,40,23,1,Breakout Room,1,0,11,0.0,0.0,3,79.1,169.22,161.82,6472.8,547.58,770.58,7790.96,33,5340.06,547.58,733.88,6621.52,0.825,15.954,,2025,9,4,58.8,41.2,1,160.4,157.08,317.48,250.84,157.08,2,40.0,12,20,0,0,1,3,2,16,0,0,1,Banquet,2,0,1.67,547.58,850,1886,4866.49,2,0,0,0,33.3,0.57,4.37,194.77,0.87,0.435,Peak,0,1,Tue,0,0,1,0,1,20,15,112735.09,0.75,0,1,83,0.241,Low,0,0,93.3,0.0973
B-202509-92919,Booked,Service Club,Faith-Based Conference,SMERF,In-person,Meeting Only,SMERF,Social/Community,Referral,Low,2025-06-19,2025-07-19,21,2025-09-02,2025-09-03,1,75,0,0,102,1,Half Ballroom,0,0,9,0.0,0.0,1,80.5,174.91,0.0,0.0,1571.14,2751.61,4322.75,0,0.0,1571.14,2620.58,4191.72,,25.692,,2025,9,0,0.0,0.0,0,0.0,0.0,0.0,0.0,0.0,0,0.0,0,0,0,0,2,2,1,16,1,0,1,Theater,1,0,1.0,1571.14,300,1132,2480.31,2,0,0,0,100.0,0.85,100.0,,0.0,0.196,Peak,0,1,Tue,0,0,1,0,1,18,12,106658.65,0.6667,0,1,173,0.0,Low,0,0,80.0,0.12
B-202509-58732,Booked,Insurance Federation,Certification Training,Association,In-person,Rooms Only,Finance,Finance,Direct Inquiry,High,2025-02-01,2025-02-21,17,2025-09-03,2025-09-06,3,214,117,351,128,0,,0,0,3,0.0,0.0,2,75.4,161.63,158.08,55486.08,0.0,0.0,55486.08,239,37781.12,0.0,0.0,37781.12,0.6809116809116809,0.0,,2025,9,2,57.1,42.9,1,45.57,141.88,187.45,187.45,141.88,2,2.2,112,117,111,0,0,0,0,0,0,0,0,,0,0,0.0,0.0,0,0,0.0,0,0,0,0,0.0,0.0,2.2,158.08,0.914,0.0,Shoulder,0,2,Wed,0,0,1,1,0,38,26,584342.42,0.6842,0,1,0,,Unknown,0,1,93.3,0.014
B-202509-13906,Booked,Technology Innovators,Product Launch Event,Corporate,In-person,Full Package,Technology,Technology,Sales Call,Low,2025-07-05,2025-07-22,10,2025-09-04,2025-09-05,1,61,32,32,43,1,Half Ballroom,1,1,7,0.0,0.0,3,81.9,168.6,160.4,5132.8,1220.36,1795.52,8148.68,26,4170.4,1220.36,1710.02,7100.78,0.8125,39.768,,2025,9,2,59.4,40.6,0,117.97,165.72,283.69,0.0,283.69,1,0.0,32,0,0,0,1,1,1,8,1,0,1,Classroom,2,0,2.0,1220.36,350,1008,1975.86,3,0,0,0,100.0,0.36,4.86,254.65,0.744,0.233,Peak,0,3,Thu,0,0,1,0,1,45,35,461051.75,0.7778,0,1,0,,Unknown,0,1,93.3,0.1148
B-202509-20303,Booked,State Medical Association,Member Appreciation Event,Association,In-person,Full Package,Healthcare,Healthcare,Website,Medium,2025-02-01,2025-03-09,26,2025-09-04,2025-09-05,1,215,64,64,83,1,Half Ballroom,1,0,10,0.0,0.0,1,80.4,174.59,170.79,10930.56,1543.93,1739.17,14213.66,47,8027.13,1543.93,1656.35,11227.41,0.734375,19.956,,2025,9,2,59.9,40.1,1,77.39,256.63,334.02,256.63,334.02,1,0.0,64,0,0,0,2,3,1,12,1,0,1,Classroom,3,1,2.67,1543.93,1650,1980,4697.35,5,0,0,0,0.0,0.69,2.18,222.09,0.771,0.241,Peak,0,3,Thu,0,0,1,0,0,54,47,1040239.93,0.8704,0,1,0,,Unknown,0,1,93.3,0.0465
B-202509-77668,Booked,Tour Operator Network,Nature & Wildlife Tour,Corporate,In-person,Rooms Only,Technology,Technology,Direct Inquiry,Medium,2025-07-02,2025-07-15,7,2025-09-04,2025-09-05,1,64,25,25,27,0,,0,0,6,1.0,4937.82,1,81.3,174.15,184.6,4615.0,0.0,0.0,4615.0,24,4430.4,0.0,0.0,4430.4,0.96,0.0,,2025,9,3,61.0,39.0,1,171.63,169.5,341.13,206.74,169.5,1,0.0,25,0,0,0,0,0,0,0,0,0,0,,0,0,0.0,0.0,0,0,0.0,0,0,0,0,0.0,0.0,-6.0,184.6,0.926,0.0,Peak,0,3,Thu,0,0,0,0,0,22,19,121679.09,0.8636,0,1,0,,Unknown,0,1,100.0,0.0938
B-202509-50729,Booked,Nursing Council,Leadership Institute,Association,In-person,Rooms Only,Healthcare,Healthcare,Referral,Low,2024-12-14,2025-01-18,28,2025-09-06,2025-09-07,1,266,44,44,48,0,,0,0,7,1.0,8084.89,1,90.5,209.9,213.45,9391.8,0.0,0.0,9391.8,30,6403.5,0.0,0.0,6403.5,0.6818181818181818,0.0,,2025,9,2,59.6,40.4,1,60.82,265.78,326.6,265.78,326.6,1,0.0,44,0,0,0,0,0,0,0,0,0,0,,0,0,0.0,0.0,0,0,0.0,0,0,0,0,0.0,0.0,-1.69,213.45,0.917,0.0,Peak,1,5,Sat,1,0,0,0,0,46,31,532422.15,0.6739,0,1,31,1.0,High,1,1,100.0,0.0263
B-202509-70176,Booked,Accounting Institute,Networking Summit,Association,In-person,Full Package,Finance,Finance,Sales Call,High,2025-02-24,2025-03-26,17,2025-09-06,2025-09-09,3,194,51,153,64,1,Half Ballroom,1,0,13,1.0,54372.85,2,89.7,201.43,213.52,32668.56,1112.95,9286.5,43068.01,109,23273.68,1112.95,8844.29,33230.92,0.7124183006535948,46.064,,2025,9,2,62.8,37.2,0,13.17,170.49,183.66,0.0,170.49,2,8.9,47,51,40,0,1,3,3,24,1,0,1,Banquet,2,0,1.67,1112.95,850,4340,7032.08,5,0,0,0,100.0,0.53,-6.0,281.49,0.797,0.156,Peak,1,5,Sat,1,0,0,0,0,44,39,757705.78,0.8864,0,1,37,1.0,High,1,1,100.0,0.067
B-202509-77460,Booked,Accounting Institute,Continuing Education Conference,Association,In-person,Full Package,Finance,Finance,Third-Party Planner,High,2024-12-10,2025-01-06,18,2025-09-06,2025-09-08,2,270,94,188,123,1,Grand Ballroom,1,0,9,1.0,62160.44,1,97.0,200.6,212.64,39976.32,2023.57,10283.7,52283.59,137,29131.68,2023.57,9794.0,40949.25,0.7287234042553191,39.813,,2025,9,4,65.6,34.4,1,151.81,211.16,362.97,293.84,211.16,2,5.3,89,94,0,0,1,2,2,16,1,0,1,Theater,2,0,2.0,2023.57,700,21402,26968.65,4,0,0,0,100.0,0.51,-6.0,278.1,0.764,0.081,Peak,1,5,Sat,1,0,0,0,0,44,39,757705.78,0.8864,0,1,37,1.0,High,1,1,100.0,0.0333
B-202509-63564,Booked,Retail Corporation,Town Hall Meeting,Corporate,In-person,Full Package,Finance,Other,Cvent,Low,2025-05-14,2025-06-05,10,2025-09-07,2025-09-08,1,116,38,38,45,1,Half Ballroom,1,1,12,1.0,14708.74,2,88.1,201.24,213.31,8105.78,1119.25,2203.36,11428.39,32,6825.92,1119.25,2098.44,10043.61,0.8421052631578947,46.632,,2025,9,2,58.5,41.5,1,140.67,232.94,373.61,232.94,373.61,1,0.0,38,0,0,0,1,1,1,8,1,0,1,Classroom,2,0,2.0,1119.25,350,1800,2727.87,3,0,0,0,100.0,0.38,-6.0,300.75,0.844,0.222,Peak,1,6,Sun,1,0,0,0,0,48,38,466678.63,0.7917,0,1,37,1.0,High,1,1,100.0,0.1034
B-202509-10276,Booked,TechCorp Solutions,Leadership Summit,Corporate,In-person,Rooms Only,Technology,Technology,Cvent,Medium,2025-05-29,2025-06-17,14,2025-09-08,2025-09-09,1,102,66,66,72,0,,0,0,5,1.0,10167.97,1,80.9,172.19,176.8,11668.8,0.0,0.0,11668.8,59,10431.2,0.0,0.0,10431.2,0.8939393939393939,0.0,,2025,9,3,74.2,25.8,1,156.9,166.14,323.04,241.33,241.33,1,0.0,66,0,0,0,0,0,0,0,0,0,0,,0,0,0.0,0.0,0,0,0.0,0,0,0,0,0.0,0.0,-2.68,176.8,0.917,0.0,Peak,0,0,Mon,0,0,0,1,0,35,25,220380.61,0.7143,0,1,58,1.0,High,1,1,100.0,0.049
B-202509-87167,Booked,Consulting Network,Board of Directors Meeting,Corporate,In-person,Full Package,Professional Services,Professional Services,Website,Medium,2025-06-09,2025-06-29,12,2025-09-08,2025-09-10,2,91,45,90,61,1,Half Ballroom,1,0,8,0.0,0.0,2,73.0,176.61,171.2,15408.0,1244.31,5364.44,22016.75,83,14209.6,1244.31,5108.99,20562.9,0.9222222222222224,41.877,,2025,9,4,66.0,34.0,1,130.67,151.9,282.57,229.27,151.9,2,8.9,41,45,0,0,1,2,2,16,1,0,1,Classroom,2,0,1.5,1244.31,500,2784,4548.75,3,0,0,0,100.0,0.51,3.06,244.63,0.738,0.164,Shoulder,0,0,Mon,0,0,1,0,1,47,35,396564.94,0.7447,0,1,78,0.577,Moderate,0,0,93.3,0.0879
B-202509-87623,Booked,Insurance Federation,Regional Chapter Meeting,Association,Hybrid,Full Package,Finance,Finance,Cvent,High,2025-01-12,2025-02-12,23,2025-09-09,2025-09-11,2,240,81,162,111,1,Half Ballroom,1,0,8,1.0,65625.38,2,80.7,174.96,180.21,29194.02,802.52,4188.81,34185.35,119,21444.99,802.52,3989.34,26236.85,0.7345679012345679,17.97,,2025,9,2,54.4,45.6,1,88.7,223.11,311.81,223.11,223.11,2,2.5,79,81,0,0,1,4,2,24,1,0,1,Theater,3,1,1.75,802.52,1300,2340,5443.12,5,0,0,0,50.0,0.93,-3.0,211.02,0.73,0.09,Peak,0,1,Tue,0,0,0,0,0,39,27,622123.54,0.6923,0,1,93,0.871,High,1,0,100.0,0.0333
B-202509-97821,Booked,Legal Society,Member Appreciation Event,Association,Hybrid,Rooms Only,Legal,Legal,Cvent,Low,2024-12-29,2025-01-28,26,2025-09-09,2025-09-11,2,254,16,32,17,0,,0,1,4,1.0,6542.31,4,71.6,167.36,152.16,4869.12,0.0,0.0,4869.12,22,3347.52,0.0,0.0,3347.52,0.6875,0.0,,2025,9,2,68.7,31.3,1,127.72,143.45,271.17,271.17,143.45,2,0.0,16,16,0,0,0,0,0,0,0,0,0,,0,0,0.0,0.0,0,0,0.0,0,0,0,0,0.0,0.0,9.08,152.16,0.941,0.0,Shoulder,0,1,Tue,0,0,0,1,1,31,27,490623.39,0.871,0,1,93,0.172,Low,0,0,100.0,0.0157
B-202509-51419,Booked,HR Professionals Network,State Convention,Association,In-person,Full Package,Professional Services,Professional Services,RFP,Medium,2024-11-25,2024-12-23,14,2025-09-10,2025-09-13,3,289,30,90,36,1,Breakout Room,1,0,14,0.0,0.0,2,81.6,167.55,169.18,15226.2,413.86,5462.93,21102.99,58,9812.44,413.86,5202.79,15429.09,0.6444444444444445,48.174,,2025,9,2,51.9,48.1,0,17.41,176.06,193.47,0.0,176.06,2,15.9,19,30,28,0,1,3,3,24,0,0,1,Classroom,3,1,2.33,413.86,1450,6624,10968.77,4,0,0,0,100.0,0.9,-0.97,234.48,0.833,0.278,Peak,0,2,Wed,0,0,1,0,0,41,29,703067.34,0.7073,0,1,145,0.207,Low,0,0,93.3,0.0484
B-202509-27412,Booked,Community Church,Band Competition,SMERF,In-person,Full Package,SMERF,Religious,Referral,Medium,2025-05-06,2025-05-27,14,2025-09-11,2025-09-13,2,128,45,90,50,1,Half Ballroom,1,0,7,0.0,0.0,2,79.9,172.09,176.43,15878.7,1186.21,1078.56,18143.47,71,12526.53,1186.21,1027.2,14739.94,0.7888888888888889,10.272,,2025,9,2,55.4,44.6,1,112.28,213.58,325.86,213.58,325.86,2,8.9,41,45,0,0,1,4,2,16,1,0,1,Classroom,2,0,1.25,1186.21,800,240,2473.38,1,0,0,0,0.0,0.42,-2.52,201.59,0.9,0.2,Peak,0,3,Thu,0,0,1,0,0,20,16,122041.91,0.8,0,1,97,0.464,Moderate,0,0,93.3,0.0547
B-202509-35512,Booked,Retail Corporation,Annual Sales Conference,Corporate,Hybrid,Full Package,Professional Services,Other,Direct Inquiry,Low,2025-07-02,2025-07-25,9,2025-09-12,2025-09-13,1,72,48,48,58,1,Half Ballroom,1,0,14,1.0,16764.34,1,79.2,169.07,165.4,7939.2,1066.8,2536.97,11542.97,43,7112.2,1066.8,2416.16,10595.16,0.8958333333333334,41.658,,2025,9,3,68.3,31.7,1,78.13,154.92,233.05,233.05,154.92,1,0.0,48,0,0,0,1,1,1,8,1,0,1,Classroom,2,0,2.0,1066.8,350,1800,2775.3,3,0,0,0,100.0,0.48,2.17,240.48,0.828,0.172,Peak,0,4,Fri,1,0,0,0,0,49,39,476722.24,0.7959,0,1,97,0.495,Moderate,0,0,100.0,0.1944
B-202509-58434,Booked,Personal Event,Anniversary Celebration,Wedding/Social,In-person,Full Package,Social,Social/Private,Direct Inquiry,Low,2024-12-31,2025-02-06,30,2025-09-14,2025-09-15,1,257,16,16,21,1,Breakout Room,1,1,7,1.0,7736.85,2,77.5,166.2,148.09,2369.44,499.39,1895.2,4764.03,9,1332.81,499.39,1804.95,3637.15,0.5625,85.95,,2025,9,2,58.8,41.2,1,101.56,156.67,258.23,258.23,156.67,1,0.0,16,0,0,0,1,1,1,4,0,0,1,Banquet,0,0,0.0,499.39,0,945,1580.77,1,0,1,1,0.0,0.53,10.9,297.75,0.762,0.476,Shoulder,0,6,Sun,1,0,0,0,1,67,46,229681.29,0.6866,0,1,133,0.12,Low,0,0,100.0,0.0272
B-202509-63843,Booked,Nursing Council,Leadership Institute,Association,In-person,Full Package,Healthcare,Healthcare,Third-Party Planner,High,2025-04-19,2025-05-18,17,2025-09-14,2025-09-16,2,148,71,142,80,1,Half Ballroom,1,1,12,0.0,0.0,3,82.2,164.92,171.83,24399.86,987.78,7009.13,32396.77,101,17354.83,987.78,6675.36,25017.97,0.7112676056338029,41.721,,2025,9,2,53.2,46.8,0,167.46,149.0,316.46,0.0,149.0,2,1.4,70,71,0,0,1,2,2,16,1,0,1,Classroom,3,1,2.5,987.78,1000,1660,3862.43,3,0,0,0,100.0,0.67,-4.19,228.15,0.888,0.125,Peak,0,6,Sun,1,0,1,0,0,47,32,538825.65,0.6809,0,1,91,0.78,High,1,0,93.3,0.0811
B-202509-44646,Booked,Retail Corporation,Management Training,Corporate,In-person,Full Package,Healthcare,Other,Repeat Client,Low,2025-06-04,2025-06-24,10,2025-09-15,2025-09-17,2,103,18,36,21,1,Breakout Room,1,0,10,1.0,11004.54,1,77.8,166.94,167.99,6047.64,546.91,2023.53,8618.08,32,5375.68,546.91,1927.17,7849.76,0.8888888888888888,45.885,,2025,9,2,56.9,43.1,1,58.03,163.16,221.19,221.19,221.19,2,22.2,14,18,0,0,1,2,2,16,0,0,1,Classroom,2,0,1.5,546.91,500,3150,5548.84,4,0,0,0,100.0,0.53,-0.63,239.39,0.857,0.476,Shoulder,0,0,Mon,0,1,0,0,0,50,40,487317.4,0.8,0,1,192,0.094,Low,0,0,100.0,0.0971
B-202509-48114,Booked,Family Celebration,Bar/Bat Mitzvah,Wedding/Social,In-person,Full Package,Social,Social/Private,Repeat Client,Medium,2024-11-18,2024-12-14,17,2025-09-15,2025-09-18,3,301,10,30,13,1,Boardroom,1,0,9,0.0,0.0,2,79.9,177.1,166.08,4982.4,281.86,1029.24,6293.5,19,3155.52,281.86,980.23,4417.61,0.6333333333333333,25.134,,2025,9,4,52.1,47.9,1,110.22,162.67,272.89,229.85,201.4,2,36.8,1,10,6,0,1,4,3,16,0,1,1,Boardroom,2,0,1.5,281.86,1000,585,3925.84,1,0,1,1,0.0,0.93,6.22,209.78,0.769,0.769,Peak,0,0,Mon,0,1,1,0,1,67,57,335392.07,0.8507,0,1,192,0.052,Low,0,0,93.3,0.0299
B-202509-62185,Booked,Private Party,Engagement Party,Wedding/Social,In-person,Full Package,Social,Social/Private,Repeat Client,Medium,2025-03-10,2025-04-18,27,2025-09-15,2025-09-16,1,189,30,30,35,1,Breakout Room,1,0,12,1.0,13049.77,1,78.8,171.85,162.7,4881.0,418.82,2561.77,7861.59,16,2603.2,418.82,2439.78,5461.8,0.5333333333333333,69.708,,2025,9,3,57.7,42.3,1,121.31,146.06,267.37,267.37,172.98,1,0.0,30,0,0,0,1,1,1,4,0,0,1,Banquet,1,0,1.0,418.82,150,1925,2622.24,1,1,0,1,0.0,0.88,5.32,262.05,0.857,0.286,Peak,0,0,Mon,0,1,0,0,1,61,47,269667.08,0.7705,0,1,91,0.33,Moderate,0,0,100.0,0.0635
B-202509-26766,Booked,Legal Society,Professional Development Symposium,Association,In-person,Full Package,Legal,Legal,Referral,High,2025-01-29,2025-02-25,15,2025-09-17,2025-09-19,2,231,70,140,91,1,Half Ballroom,1,0,12,1.0,52200.14,2,80.4,171.45,169.88,23783.2,1174.75,3560.2,28518.15,110,18686.8,1174.75,3390.66,23252.21,0.7857142857142857,18.63,,2025,9,2,54.9,45.1,0,150.59,163.21,313.8,0.0,163.21,2,4.3,67,70,0,0,1,5,2,24,1,0,1,Classroom,3,1,1.8,1174.75,1650,4552,8193.83,4,0,0,0,20.0,0.76,0.92,203.7,0.769,0.11,Peak,0,2,Wed,0,0,0,0,0,32,28,493970.91,0.875,0,1,122,0.574,Moderate,0,0,100.0,0.0519
B-202509-93809,Booked,Personal Event,Family Reunion Weekend,Wedding/Social,In-person,Rooms Only,Social,Social/Private,Referral,Low,2024-12-22,2025-02-03,36,2025-09-18,2025-09-19,1,270,28,28,30,0,,0,1,7,0.0,0.0,3,80.1,168.04,164.54,4607.12,0.0,0.0,4607.12,17,2797.18,0.0,0.0,2797.18,0.6071428571428571,0.0,,2025,9,2,60.2,39.8,1,64.29,246.77,311.06,246.77,311.06,1,0.0,28,0,0,0,0,0,0,0,0,0,0,,0,0,0.0,0.0,0,0,0.0,0,0,0,0,0.0,0.0,2.08,164.54,0.933,0.0,Peak,0,3,Thu,0,0,1,0,0,68,47,233318.44,0.6912,0,1,122,0.23,Low,0,0,93.3,0.0259
B-202509-29785,Booked,Financial Services Group,Customer Advisory Board,Corporate,In-person,Full Package,Finance,Finance,Third-Party Planner,Medium,2025-08-02,2025-08-25,14,2025-09-19,2025-09-20,1,48,65,65,90,1,Half Ballroom,1,0,9,1.0,18996.92,1,77.0,167.76,167.18,10866.7,1813.76,1686.83,14367.29,60,10030.8,1813.76,1606.5,13451.06,0.9230769230769232,17.85,,2025,9,3,56.3,43.7,1,26.73,161.23,187.96,187.96,161.23,1,0.0,65,0,0,0,2,2,1,12,1,0,1,Theater,3,1,2.5,1813.76,1000,2406,4280.5,4,0,0,0,50.0,0.75,0.35,221.04,0.722,0.222,Shoulder,0,4,Fri,1,0,0,0,0,48,34,403695.94,0.7083,0,1,155,0.419,Moderate,0,0,100.0,0.1875
B-202509-85025,Booked,State Medical Association,Annual Member Conference,Association,In-person,Full Package,Healthcare,Healthcare,Direct Inquiry,High,2025-03-27,2025-04-22,15,2025-09-20,2025-09-23,3,177,55,165,73,1,Half Ballroom,1,0,11,1.0,58165.65,2,89.4,207.46,216.76,35765.4,1164.36,9569.6,46499.36,117,25360.92,1164.36,9113.9,35639.18,0.7090909090909091,41.616,,2025,9,2,60.9,39.1,1,112.92,182.99,295.91,295.91,295.91,2,7.6,45,55,52,0,1,3,3,24,1,0,1,Classroom,3,1,2.33,1164.36,1350,4780,7980.79,5,0,0,0,100.0,0.61,-4.48,281.81,0.753,0.137,Peak,1,5,Sat,1,0,0,0,0,56,48,1051467.34,0.8571,0,1,112,0.491,Moderate,0,0,100.0,0.0621
B-202509-88526,Booked,Premier Tours,Heritage Tour Group,SMERF,In-person,Rooms Only,Government,Government,Repeat Client,High,2025-07-21,2025-08-14,21,2025-09-20,2025-09-21,1,61,49,49,54,0,Boardroom A,0,0,3,0.0,0.0,2,96.2,209.13,221.68,10862.32,0.0,0.0,10862.32,48,10640.64,0.0,0.0,10640.64,0.979591836734694,0.0,,2025,9,2,74.1,25.9,1,51.44,263.53,314.97,263.53,314.97,1,0.0,49,0,0,0,0,1,1,4,0,0,1,,1,0,1.0,0.0,150,0,500.57,0,0,0,0,0.0,0.0,-6.0,221.68,0.907,0.0,Peak,1,5,Sat,1,1,1,1,0,20,12,70545.68,0.6,0,1,85,0.576,Moderate,0,0,93.3,0.0492
B-202509-90924,Booked,Volunteer Network,Sports Team Tournament,SMERF,In-person,Full Package,Other,Other,Sales Call,Low,2025-06-19,2025-07-21,20,2025-09-20,2025-09-22,2,93,31,62,40,1,Breakout Room,1,0,12,1.0,22063.8,3,88.2,206.64,212.88,13198.56,407.79,999.18,14605.53,50,10644.0,407.79,951.6,12003.39,0.8064516129032258,11.895,,2025,9,2,53.9,46.1,1,53.76,173.4,227.16,227.16,173.4,2,32.3,21,31,0,0,1,4,2,16,0,0,1,Banquet,1,0,0.75,407.79,450,1260,4072.79,1,0,0,0,0.0,1.0,-3.02,235.57,0.775,0.25,Peak,1,5,Sat,1,0,0,0,0,27,20,129814.28,0.7407,0,1,112,0.277,Moderate,0,0,100.0,0.129
B-202509-21147,Booked,Nonprofit Foundation,Fraternity/Sorority Reunion,SMERF,In-person,Meeting Only,Technology,Technology,Website,Low,2025-06-18,2025-07-15,20,2025-09-21,2025-09-22,1,95,0,0,90,1,Half Ballroom,0,1,7,1.0,7058.01,2,90.4,208.46,0.0,0.0,1630.45,1081.27,2711.72,0,0.0,1630.45,1029.78,2660.23,,11.442,,2025,9,0,0.0,0.0,0,0.0,0.0,0.0,0.0,0.0,0,0.0,0,0,0,0,2,4,1,16,1,0,1,Classroom,1,0,0.5,1630.45,300,432,1989.4,1,0,0,0,0.0,0.75,100.0,,0.0,0.222,Peak,1,6,Sun,1,0,0,0,1,21,16,119356.61,0.7619,0,1,112,0.0,Low,0,0,86.7,0.0737
B-202509-29278,Booked,Family Celebration,Holiday Party,Wedding/Social,In-person,Rooms Only,Social,Social/Private,Third-Party Planner,Low,2025-04-07,2025-05-12,29,2025-09-21,2025-09-22,1,167,22,22,24,0,,0,1,6,0.0,0.0,4,96.6,204.2,216.45,4761.9,0.0,0.0,4761.9,15,3246.75,0.0,0.0,3246.75,0.6818181818181818,0.0,,2025,9,2,74.4,25.6,0,10.04,174.5,184.54,0.0,174.5,1,0.0,22,0,0,0,0,0,0,0,0,0,0,,0,0,0.0,0.0,0,0,0.0,0,0,0,0,0.0,0.0,-6.0,216.45,0.917,0.0,Peak,1,6,Sun,1,0,1,0,0,68,58,339809.68,0.8529,0,1,112,0.196,Low,0,0,93.3,0.0359
B-202509-19538,Booked,Social Event,Smith-Johnson Wedding,Wedding/Social,In-person,Full Package,Social,Social/Private,Sales Call,Low,2024-12-30,2025-02-18,36,2025-09-22,2025-09-23,1,266,23,23,27,1,Breakout Room,1,0,14,0.0,0.0,1,80.6,171.79,160.34,3687.82,589.75,2240.56,6518.13,14,2244.76,589.75,2133.86,4968.37,0.6086956521739131,79.032,,2025,9,3,55.8,44.2,1,136.33,182.64,318.97,212.9,318.97,1,0.0,23,0,0,0,1,1,1,4,0,0,1,Reception,1,0,1.0,589.75,150,1485,2238.21,1,1,0,1,0.0,0.68,6.67,283.4,0.852,0.37,Peak,0,0,Mon,0,0,1,0,1,65,46,257994.32,0.7077,0,1,142,0.162,Low,0,0,93.3,0.0526
B-202509-26581,Booked,Nursing Council,Committee Meeting,Association,In-person,Rooms Only,Healthcare,Healthcare,Direct Inquiry,Medium,2024-11-12,2024-12-04,17,2025-09-23,2025-09-26,3,315,54,162,59,0,,0,0,5,0.0,0.0,3,76.4,166.45,159.11,25775.82,0.0,0.0,25775.82,112,17820.32,0.0,0.0,17820.32,0.691358024691358,0.0,,2025,9,3,60.9,39.1,1,143.51,150.28,293.79,248.7,150.28,2,4.5,51,54,48,0,0,0,0,0,0,0,0,,0,0,0.0,0.0,0,0,0.0,0,0,0,0,0.0,0.0,4.41,159.11,0.915,0.0,Shoulder,0,1,Tue,0,0,1,1,1,48,33,563843.62,0.6875,0,1,74,0.73,High,1,0,93.3,0.0159
B-202509-45101,Booked,Global Industries,Town Hall Meeting,Corporate,In-person,Meeting Only,Technology,Other,Sales Call,Low,2025-08-17,2025-09-03,11,2025-09-23,2025-09-24,1,37,0,0,140,1,Grand Ballroom,0,0,6,0.0,0.0,1,77.7,165.61,0.0,0.0,2143.64,6204.87,8348.51,0,0.0,2143.64,5909.4,8053.04,,42.21,,2025,9,0,0.0,0.0,0,0.0,0.0,0.0,0.0,0.0,0,0.0,0,0,0,0,1,1,1,8,1,0,1,Classroom,3,1,3.0,2143.64,650,10780,13877.64,4,0,0,0,100.0,0.58,100.0,,0.0,0.071,Shoulder,0,1,Tue,0,0,1,0,1,63,51,729147.74,0.8095,0,1,166,0.0,Low,0,0,80.0,0.1622
B-202509-28982,Booked,Financial Services Group,Town Hall Meeting,Corporate,Hybrid,Full Package,Finance,Finance,Website,Medium,2025-08-10,2025-08-31,7,2025-09-24,2025-09-25,1,45,45,45,57,1,Half Ballroom,1,1,14,1.0,13337.31,2,78.8,170.93,169.16,7612.2,1037.22,2530.22,11179.64,41,6935.56,1037.22,2409.73,10382.51,0.9111111111111112,42.276,,2025,9,3,73.5,26.5,1,86.53,165.7,252.23,252.23,165.7,1,0.0,45,0,0,0,1,1,1,8,1,0,1,Theater,1,0,1.0,1037.22,150,1848,2613.33,4,0,0,0,100.0,0.47,1.04,248.44,0.789,0.175,Peak,0,2,Wed,0,0,0,0,0,49,35,417147.0,0.7143,0,1,74,0.608,High,1,0,100.0,0.3111
B-202509-92853,Booked,TechCorp Solutions,Product Launch Event,Corporate,Virtual,Full Package,Technology,Technology,Direct Inquiry,Low,2025-07-07,2025-07-24,7,2025-09-24,2025-09-25,1,79,47,47,54,1,Half Ballroom,1,0,10,0.0,0.0,2,79.4,173.33,168.66,7927.02,1110.33,2730.79,11768.14,41,6915.06,1110.33,2600.75,10626.14,0.8723404255319149,48.162,,2025,9,3,69.8,30.2,0,20.76,156.23,176.99,0.0,176.99,1,0.0,47,0,0,0,1,1,1,8,1,0,1,Classroom,2,0,2.0,1110.33,350,1560,2564.66,3,0,0,0,100.0,0.45,2.69,250.39,0.87,0.185,Peak,0,2,Wed,0,0,1,0,0,37,26,230811.81,0.7027,0,1,74,0.635,High,1,0,93.3,0.1266
B-202509-52458,Booked,Family Celebration,Anniversary Celebration,Wedding/Social,In-person,Full Package,Social,Social/Private,Direct Inquiry,Low,2025-01-16,2025-02-28,30,2025-09-26,2025-09-27,1,253,11,11,13,1,Boardroom,1,1,13,0.0,0.0,1,76.5,168.77,144.69,1591.59,354.06,1090.75,3036.4,6,868.14,354.06,1038.8,2261.0,0.5454545454545454,79.908,,2025,9,2,69.6,30.4,1,62.28,135.39,197.67,197.67,135.39,1,0.0,11,0,0,0,1,2,1,8,0,1,1,Boardroom,2,0,2.0,354.06,700,585,2409.76,1,0,1,1,0.0,0.93,14.27,276.04,0.846,0.769,Shoulder,0,4,Fri,1,0,1,0,1,69,59,343056.43,0.8551,0,1,115,0.096,Low,0,0,93.3,0.0514
B-202509-57721,Booked,Real Estate Board,Regional Chapter Meeting,Association,Hybrid,Full Package,Government,Government,RFP,High,2025-01-18,2025-02-18,23,2025-09-26,2025-09-29,3,251,62,186,75,1,Half Ballroom,1,0,8,1.0,57182.3,3,78.9,175.73,163.26,30366.36,1167.1,9858.71,41392.17,136,22203.36,1167.1,9389.25,32759.71,0.7311827956989247,41.73,,2025,9,4,73.2,26.8,1,148.67,163.37,312.04,246.77,163.37,2,4.6,59,62,55,0,1,3,3,24,1,0,1,Classroom,3,1,2.33,1167.1,1350,3160,6378.8,5,0,0,0,100.0,0.62,7.1,222.54,0.827,0.133,Peak,0,4,Fri,1,0,0,0,1,44,34,684696.75,0.7727,0,1,62,1.0,High,1,0,100.0,0.0319
B-202509-85927,Booked,Dental Association,Policy Symposium,Association,In-person,Full Package,Healthcare,Healthcare,Sales Call,Low,2024-12-24,2025-01-27,23,2025-09-26,2025-09-28,2,276,32,64,44,1,Half Ballroom,1,1,11,1.0,31426.54,3,81.0,167.51,154.99,9919.36,823.79,4297.99,15041.14,52,8059.48,823.79,4093.32,12976.59,0.8125,46.515,,2025,9,3,70.9,29.1,1,112.57,155.84,268.41,241.91,268.41,2,6.2,30,32,0,0,1,2,2,16,1,0,1,Classroom,2,0,1.5,823.79,500,3480,5281.3,4,0,0,0,100.0,0.37,7.47,235.02,0.727,0.227,Peak,0,4,Fri,1,0,0,0,1,47,37,698128.29,0.7872,0,1,62,0.516,Moderate,0,0,100.0,0.0399
B-202509-53116,Booked,Private Party,Baby Shower Weekend,Wedding/Social,In-person,Rooms Only,Social,Social/Private,Third-Party Planner,Low,2025-01-08,2025-02-14,32,2025-09-27,2025-09-28,1,262,12,12,13,0,,0,0,5,0.0,0.0,4,82.2,174.74,175.72,2108.64,0.0,0.0,2108.64,7,1230.04,0.0,0.0,1230.04,0.5833333333333334,0.0,,2025,9,3,73.9,26.1,1,132.99,174.91,307.9,276.52,174.91,1,0.0,12,0,0,0,0,0,0,0,0,0,0,,0,0,0.0,0.0,0,0,0.0,0,0,0,0,0.0,0.0,-0.56,175.72,0.923,0.0,Peak,0,5,Sat,1,0,1,1,0,62,48,275128.88,0.7742,0,1,62,0.194,Low,0,0,93.3,0.0191
B-202509-57399,Booked,Retail Corporation,New Hire Orientation,Corporate,Virtual,Full Package,Healthcare,Other,Third-Party Planner,Low,2025-08-18,2025-09-08,8,2025-09-27,2025-09-28,1,40,52,52,64,1,Half Ballroom,1,0,13,0.0,0.0,3,78.1,172.66,180.12,9366.24,1888.4,3142.54,14397.18,46,8285.52,1888.4,2992.9,13166.82,0.8846153846153846,46.764,,2025,9,4,66.4,33.6,0,154.71,159.04,313.75,0.0,159.04,1,0.0,52,0,0,0,2,1,1,8,1,0,1,Banquet,2,0,2.0,1888.4,350,1248,2178.31,3,0,0,0,100.0,0.53,-4.32,276.87,0.812,0.312,Peak,0,5,Sat,1,0,1,0,0,51,41,495167.16,0.8039,0,1,62,0.839,High,1,0,93.3,0.325
B-202509-32925,Booked,Technology Innovators,Innovation Workshop,Corporate,Hybrid,Full Package,Technology,Technology,Cvent,Low,2025-07-12,2025-07-30,11,2025-09-28,2025-09-30,2,78,27,54,32,1,Breakout Room,1,1,7,1.0,17386.58,2,80.9,174.74,173.52,9370.08,459.16,3264.91,13094.15,52,9023.04,459.16,3109.44,12591.64,0.9629629629629628,48.585,,2025,9,2,58.9,41.1,1,109.74,200.64,310.38,200.64,310.38,2,25.9,20,27,0,0,1,2,2,16,0,0,1,Classroom,2,0,2.0,459.16,700,4928,7702.47,4,0,0,0,100.0,0.8,0.7,242.48,0.844,0.312,Peak,0,6,Sun,1,0,0,0,0,47,36,468152.53,0.766,0,1,126,0.214,Low,0,0,100.0,0.0897
B-202509-65704,Booked,Private Party,Engagement Party,Wedding/Social,In-person,Full Package,Social,Social/Private,Referral,Low,2025-01-26,2025-03-08,28,2025-09-28,2025-09-29,1,245,33,33,37,1,Breakout Room,1,1,13,0.0,0.0,2,77.9,172.17,159.51,5263.83,403.43,2683.45,8350.71,21,3349.71,403.43,2555.66,6308.8,0.6363636363636364,69.072,,2025,9,2,59.8,40.2,1,55.54,127.76,183.3,183.3,127.76,1,0.0,33,0,0,0,1,2,1,8,0,0,1,Banquet,2,0,1.0,403.43,350,1665,3261.36,1,0,1,1,0.0,0.93,7.35,253.05,0.892,0.27,Shoulder,0,6,Sun,1,0,1,0,1,63,49,276358.92,0.7778,0,1,31,1.0,High,1,1,93.3,0.0531
B-202509-85738,Booked,Education Foundation,Awards Gala Weekend,Association,Virtual,Full Package,Education,Education,Third-Party Planner,High,2025-04-26,2025-05-25,21,2025-09-28,2025-10-01,3,155,67,201,82,1,Half Ballroom,1,0,8,0.0,0.0,3,78.9,173.17,168.67,33902.67,1682.95,4243.87,39829.49,133,22433.11,1682.95,4041.78,28157.84,0.6616915422885572,16.43,,2025,9,2,73.9,26.1,1,116.21,231.17,347.38,231.17,347.38,2,6.9,56,67,64,0,2,9,3,36,1,0,1,Theater,3,1,2.0,1682.95,3350,5012,11456.16,5,0,0,0,0.0,0.68,2.6,198.16,0.817,0.244,Peak,0,6,Sun,1,0,1,0,0,58,43,893470.02,0.7414,0,1,126,0.532,Moderate,0,0,93.3,0.0516
B-202509-21343,Booked,Professional Services Group,Performance Review Summit,Corporate,In-person,Rooms Only,Finance,Other,Sales Call,Low,2025-07-17,2025-08-07,14,2025-09-30,2025-10-01,1,75,14,14,15,0,,0,1,7,0.0,0.0,4,72.9,174.55,171.0,2394.0,0.0,0.0,2394.0,11,1881.0,0.0,0.0,1881.0,0.7857142857142857,0.0,,2025,9,2,54.3,45.7,1,43.7,218.1,261.8,261.8,218.1,1,0.0,14,0,0,0,0,0,0,0,0,0,0,,0,0,0.0,0.0,0,0,0.0,0,0,0,0,0.0,0.0,2.03,171.0,0.933,0.0,Shoulder,0,1,Tue,0,0,1,0,0,51,39,478529.91,0.7647,0,1,85,0.165,Low,0,0,93.3,0.0933
B-202509-58504,Booked,Consulting Network,Annual Sales Conference,Corporate,Hybrid,Full Package,Professional Services,Professional Services,Sales Call,Low,2025-07-07,2025-07-25,11,2025-09-30,2025-10-01,1,85,49,49,67,1,Half Ballroom,1,1,7,0.0,0.0,2,77.5,173.84,162.18,7946.82,1481.77,1788.02,11216.61,40,6487.2,1481.77,1702.87,9671.84,0.8163265306122449,25.416,,2025,9,4,68.6,31.4,1,183.8,144.15,327.95,220.49,144.15,1,0.0,49,0,0,0,2,1,1,8,1,0,1,Theater,1,0,1.0,1481.77,150,720,1500.08,2,0,0,0,100.0,0.56,6.71,228.91,0.731,0.299,Shoulder,0,1,Tue,0,0,1,0,1,48,36,417127.84,0.75,0,1,85,0.576,Moderate,0,0,93.3,0.0824
B-202509-58908,Booked,Global Industries,Regional Team Meeting,Corporate,Hybrid,Rooms Only,Healthcare,Other,Sales Call,Low,2025-08-16,2025-09-02,13,2025-09-30,2025-10-03,3,45,5,15,5,0,,0,0,4,0.0,0.0,4,78.2,174.27,171.68,2575.2,0.0,0.0,2575.2,13,2231.84,0.0,0.0,2231.84,0.8666666666666667,0.0,,2025,9,4,72.5,27.5,1,84.96,162.88,247.84,247.84,162.88,2,16.3,3,5,4,0,0,0,0,0,0,0,0,,0,0,0.0,0.0,0,0,0.0,0,0,0,0,0.0,0.0,1.49,171.68,1.0,0.0,Peak,0,1,Tue,0,0,1,1,0,64,52,737200.78,0.8125,0,1,169,0.03,Low,0,0,93.3,0.0889
B-202510-70093,Booked,Financial Services Group,Management Training,Corporate,In-person,Full Package,Finance,Finance,Direct Inquiry,Medium,2025-07-21,2025-08-15,12,2025-10-01,2025-10-03,2,72,46,92,61,1,Half Ballroom,1,1,13,1.0,32030.5,2,84.9,180.31,191.13,17583.96,1693.35,5269.14,24546.45,74,14143.62,1693.35,5018.23,20855.2,0.8043478260869565,41.133,,2025,10,3,66.2,33.8,1,161.69,183.42,345.11,292.4,183.42,2,4.3,44,46,0,0,2,2,2,16,1,0,1,Banquet,2,0,2.0,1693.35,700,3120,5000.26,4,0,0,0,100.0,0.51,-6.0,266.81,0.754,0.328,Peak,0,2,Wed,0,0,0,0,0,50,36,427529.51,0.72,0,1,0,,Unknown,0,1,100.0,0.1806
B-202510-15744,Booked,Personal Event,Retirement Party,Wedding/Social,In-person,Full Package,Social,Social/Private,Website,Low,2024-10-02,2024-11-12,29,2025-10-02,2025-10-03,1,365,19,19,21,1,Breakout Room,1,1,12,1.0,8504.99,2,79.0,169.02,162.6,3089.4,427.84,1639.99,5157.23,13,2113.8,427.84,1561.9,4103.54,0.6842105263157895,74.376,,2025,10,4,68.3,31.7,1,156.42,145.0,301.42,209.35,145.0,1,0.0,19,0,0,0,1,1,1,4,0,0,1,Banquet,0,0,0.0,427.84,0,1155,1740.73,1,1,0,1,0.0,0.53,3.8,271.43,0.905,0.476,Peak,0,3,Thu,0,0,0,0,1,69,48,236115.62,0.6957,0,1,0,,Unknown,0,1,100.0,0.0329
B-202510-15951,Booked,Banking Consortium,Quarterly Business Review,Corporate,In-person,Full Package,Finance,Finance,Repeat Client,Medium,2025-07-10,2025-07-31,14,2025-10-02,2025-10-03,1,84,44,44,53,1,Half Ballroom,1,1,7,1.0,16360.96,2,90.8,170.83,181.08,7967.52,1287.62,1411.4,10666.54,40,7243.2,1287.62,1344.19,9875.01,0.9090909090909092,25.362,,2025,10,3,70.7,29.3,1,70.61,169.6,240.21,240.21,169.6,1,0.0,44,0,0,0,1,1,1,8,1,0,1,Theater,2,0,2.0,1287.62,350,1272,2249.09,2,0,0,0,100.0,0.44,-6.0,242.42,0.83,0.189,Peak,1,3,Thu,0,1,0,0,0,39,31,400181.45,0.7949,0,1,0,,Unknown,0,1,100.0,0.0833
B-202510-19290,Booked,Social Event,Quinceañera Celebration,Wedding/Social,In-person,Rooms Only,Social,Social/Private,Third-Party Planner,Low,2025-04-02,2025-04-26,17,2025-10-02,2025-10-03,1,183,9,9,9,0,,0,1,7,0.0,0.0,1,80.3,173.79,172.48,1552.32,0.0,0.0,1552.32,5,862.4,0.0,0.0,862.4,0.5555555555555556,0.0,,2025,10,3,63.4,36.6,1,155.16,163.42,318.58,256.9,163.42,1,0.0,9,0,0,0,0,0,0,0,0,0,0,,0,0,0.0,0.0,0,0,0.0,0,0,0,0,0.0,0.0,0.75,172.48,1.0,0.0,Peak,0,3,Thu,0,0,1,0,0,66,47,262962.69,0.7121,0,1,0,,Unknown,0,1,93.3,0.0383
B-202510-35427,Booked,HR Professionals Network,Educational Seminar Series,Association,Virtual,Full Package,Professional Services,Professional Services,RFP,Medium,2025-03-05,2025-04-13,28,2025-10-02,2025-10-03,1,211,57,57,77,1,Half Ballroom,1,0,11,0.0,0.0,4,84.1,182.1,162.92,9286.44,1358.72,3545.11,14190.27,42,6842.64,1358.72,3376.3,11577.66,0.7368421052631579,43.848,,2025,10,2,71.7,28.3,0,150.5,135.56,286.06,0.0,135.56,1,0.0,57,0,0,0,1,1,1,8,1,0,1,Classroom,2,0,2.0,1358.72,350,840,1839.37,3,0,0,0,100.0,0.64,10.53,248.95,0.74,0.13,Peak,0,3,Thu,0,0,1,0,1,42,30,718496.43,0.7143,0,1,0,,Unknown,0,1,93.3,0.0521
B-202510-47252,Booked,Financial Services Group,Performance Review Summit,Corporate,Virtual,Full Package,Finance,Finance,Sales Call,Low,2025-07-29,2025-08-20,9,2025-10-02,2025-10-03,1,65,43,43,48,1,Half Ballroom,1,1,13,0.0,0.0,3,85.7,172.93,183.31,7882.33,806.26,1172.1,9860.69,37,6782.47,806.26,1116.29,8705.02,0.8604651162790697,23.256,,2025,10,4,55.0,45.0,1,94.69,158.75,253.44,253.44,158.75,1,0.0,43,0,0,0,1,1,1,8,1,0,1,Classroom,1,0,1.0,806.26,150,1272,1999.84,2,0,0,0,100.0,0.4,-6.0,229.32,0.896,0.208,Peak,1,3,Thu,0,0,1,0,0,51,37,448384.71,0.7255,0,1,0,,Unknown,0,1,93.3,0.2
B-202510-67571,Booked,Insurance Federation,Continuing Education Conference,Association,In-person,Full Package,Finance,Finance,Direct Inquiry,Low,2024-12-17,2025-01-12,16,2025-10-03,2025-10-05,2,290,29,58,34,1,Breakout Room,1,1,10,0.0,0.0,3,84.4,179.62,174.06,10095.48,468.75,3277.26,13841.49,39,6788.34,468.75,3121.2,10378.29,0.6724137931034483,45.9,,2025,10,2,54.9,45.1,0,173.84,149.13,322.97,0.0,149.13,2,37.9,18,29,0,0,1,2,2,16,0,0,1,Classroom,3,1,2.5,468.75,1000,3230,6246.81,3,0,0,0,100.0,0.85,3.1,238.65,0.853,0.294,Peak,0,4,Fri,1,0,1,0,1,41,28,648360.39,0.6829,0,1,79,0.367,Moderate,0,0,93.3,0.0345
B-202510-73868,Booked,TechCorp Solutions,Strategic Planning Retreat,Corporate,In-person,Full Package,Technology,Technology,Referral,High,2025-07-27,2025-08-14,9,2025-10-03,2025-10-06,3,68,61,183,79,1,Half Ballroom,1,0,9,1.0,63062.42,2,87.5,179.45,178.87,32733.21,1238.83,10634.36,44606.4,164,29334.68,1238.83,10127.96,40701.47,0.8961748633879781,42.734,,2025,10,3,63.6,36.4,1,42.5,155.89,198.39,198.39,155.89,2,4.1,55,61,57,0,1,3,3,24,1,0,1,Classroom,2,0,1.67,1238.83,850,4920,7538.24,5,0,0,0,100.0,0.66,0.32,243.75,0.772,0.127,Peak,1,4,Fri,1,0,0,0,0,38,27,241437.95,0.7105,0,1,79,0.772,High,1,0,100.0,0.1324
B-202510-87803,Booked,Tour Operator Network,Regional Arts Tour,SMERF,In-person,Rooms Only,SMERF,SMERF,Cvent,Low,2025-05-17,2025-06-02,11,2025-10-03,2025-10-05,2,139,20,40,22,0,,0,0,5,1.0,7750.0,3,89.2,177.3,183.34,7333.6,0.0,0.0,7333.6,39,7150.26,0.0,0.0,7150.26,0.975,0.0,,2025,10,4,74.8,25.2,1,126.99,182.67,309.66,309.66,182.75,2,50.0,10,20,0,0,0,0,0,0,0,0,0,,0,0,0.0,0.0,0,0,0.0,0,0,0,0,0.0,0.0,-3.41,183.34,0.909,0.0,Peak,1,4,Fri,1,0,0,1,0,23,20,126109.49,0.8696,0,1,79,0.253,Moderate,0,0,100.0,0.036
B-202510-75946,Booked,Private Individual,Quinceañera Celebration,Wedding/Social,In-person,Full Package,Social,Social/Private,Sales Call,Medium,2024-10-04,2024-11-20,36,2025-10-04,2025-10-06,2,365,31,62,36,1,Breakout Room,1,0,11,0.0,0.0,3,97.0,210.0,222.6,13801.2,541.99,2602.3,16945.49,34,7568.4,541.99,2478.38,10588.77,0.5483870967741935,34.422,,2025,10,2,66.3,33.7,1,28.7,175.9,204.6,204.6,175.9,2,12.9,27,31,0,0,1,2,2,8,0,0,1,Reception,2,0,1.5,541.99,500,1620,3264.33,1,0,1,1,0.0,0.9,-6.0,273.31,0.861,0.278,Peak,1,5,Sat,1,0,1,0,0,62,50,250960.73,0.8065,0,1,128,0.242,Low,0,0,93.3,0.0301
B-202510-90614,Booked,TechCorp Solutions,Strategic Planning Retreat,Corporate,In-person,Full Package,Technology,Technology,Direct Inquiry,Low,2025-08-01,2025-08-23,13,2025-10-06,2025-10-07,1,66,54,54,68,1,Half Ballroom,1,0,9,0.0,0.0,3,86.7,182.51,193.46,10446.84,1876.24,1780.86,14103.94,47,9092.62,1876.24,1696.06,12664.92,0.8703703703703703,24.942,,2025,10,2,56.0,44.0,0,12.63,171.07,183.7,0.0,171.07,1,0.0,54,0,0,0,2,1,1,8,1,0,1,Theater,3,1,3.0,1876.24,650,1272,2505.26,2,0,0,0,100.0,0.57,-6.0,261.18,0.794,0.294,Peak,1,0,Mon,0,0,1,0,0,39,28,282139.42,0.7179,0,1,166,0.325,Moderate,0,0,93.3,0.1364
B-202510-17528,Booked,Dental Association,Member Appreciation Event,Association,In-person,Full Package,Healthcare,Healthcare,Sales Call,Medium,2025-02-04,2025-03-09,19,2025-10-07,2025-10-09,2,245,49,98,64,1,Half Ballroom,1,0,14,0.0,0.0,2,80.0,174.41,180.43,17682.14,1345.27,5622.62,24650.03,71,12810.53,1345.27,5354.88,19510.68,0.7244897959183674,41.835,,2025,10,3,61.4,38.6,0,7.49,156.61,164.1,0.0,156.61,2,22.4,38,49,0,0,1,2,2,16,1,0,1,Classroom,2,0,2.0,1345.27,700,3280,5185.65,5,0,0,0,100.0,0.53,-3.45,251.53,0.766,0.156,Peak,0,1,Tue,0,0,1,0,0,48,38,711104.88,0.7917,0,1,145,0.338,Moderate,0,0,93.3,0.0571
B-202510-54411,Booked,Private Party,Quinceañera Celebration,Wedding/Social,In-person,Full Package,Social,Social/Private,Referral,Low,2024-10-27,2024-12-16,37,2025-10-08,2025-10-09,1,346,26,26,35,1,Breakout Room,1,0,13,0.0,0.0,1,83.9,179.22,185.28,4817.28,422.24,2498.93,7738.45,17,3149.76,422.24,2379.93,5951.93,0.6538461538461539,67.998,,2025,10,3,54.1,45.9,1,186.72,144.75,331.47,261.06,144.75,1,0.0,26,0,0,0,1,1,1,4,0,0,1,Banquet,1,0,1.0,422.24,150,1925,2703.06,1,1,0,1,0.0,0.88,-3.38,297.63,0.743,0.286,Peak,0,2,Wed,0,0,1,0,0,64,50,282667.72,0.7812,0,1,145,0.179,Low,0,0,93.3,0.0376
B-202510-20599,Booked,Professional Engineers Society,Continuing Education Conference,Association,In-person,Full Package,Association,Other,Repeat Client,High,2025-02-17,2025-03-13,16,2025-10-11,2025-10-13,2,236,75,150,99,1,Half Ballroom,1,0,8,0.0,0.0,1,83.8,181.88,181.98,27297.0,928.48,3348.02,31573.5,106,19289.88,928.48,3188.59,23406.95,0.7066666666666667,16.104,,2025,10,4,69.0,31.0,1,117.05,177.42,294.47,294.47,177.42,2,1.3,74,75,0,0,1,5,2,24,1,0,1,Classroom,3,1,2.0,928.48,1850,4480,8227.14,5,0,0,0,20.0,0.82,-0.05,210.49,0.758,0.101,Peak,0,5,Sat,1,1,1,0,0,57,43,896970.73,0.7544,0,1,13,1.0,High,1,1,93.3,0.0339
B-202510-38127,Booked,State Medical Association,Continuing Education Conference,Association,In-person,Full Package,Healthcare,Healthcare,Repeat Client,Medium,2025-05-05,2025-06-06,25,2025-10-11,2025-10-13,2,159,30,60,41,1,Half Ballroom,1,1,7,0.0,0.0,1,76.2,174.97,158.5,9510.0,1038.11,3996.94,14545.05,46,7291.0,1038.11,3806.6,12135.71,0.7666666666666667,46.422,,2025,10,4,57.2,42.8,1,131.17,151.49,282.66,229.58,151.49,2,30.0,21,30,0,0,1,2,2,16,1,0,1,Classroom,3,1,2.5,1038.11,1000,2600,4800.3,4,0,0,0,100.0,0.34,9.41,242.42,0.732,0.244,Shoulder,0,5,Sat,1,1,1,0,1,58,49,1087106.52,0.8448,0,1,13,1.0,High,1,1,93.3,0.044
B-202510-57546,Booked,Global Industries,Product Launch Event,Corporate,In-person,Full Package,Technology,Other,Referral,Low,2025-08-06,2025-08-23,10,2025-10-11,2025-10-12,1,66,59,59,77,1,Half Ballroom,1,1,7,1.0,20670.65,1,80.6,174.89,185.38,10937.42,1305.02,2021.41,14263.85,50,9269.0,1305.02,1925.15,12499.17,0.847457627118644,25.002,,2025,10,2,52.0,48.0,1,26.68,191.16,217.84,217.84,217.84,1,0.0,59,0,0,0,1,1,1,8,1,0,1,Classroom,2,0,2.0,1305.02,350,1272,2254.63,2,0,0,0,100.0,0.64,-6.0,241.76,0.766,0.13,Peak,0,5,Sat,1,0,0,0,0,65,53,739432.62,0.8154,0,1,56,1.0,High,1,1,100.0,0.1061
B-202510-39479,Booked,Pharmaceutical Partners,Strategic Planning Retreat,Corporate,In-person,Full Package,Healthcare,Healthcare,Direct Inquiry,Medium,2025-07-06,2025-08-03,14,2025-10-12,2025-10-14,2,98,43,86,50,1,Half Ballroom,1,0,14,0.0,0.0,3,82.9,178.15,186.21,16014.06,1237.75,4571.6,21823.41,79,14710.59,1237.75,4353.9,20302.24,0.9186046511627908,43.539,,2025,10,2,53.9,46.1,1,43.64,311.47,355.11,311.47,311.47,2,2.3,42,43,0,0,1,2,2,16,1,0,1,Theater,3,1,3.0,1237.75,1300,1680,4111.65,4,0,0,0,100.0,0.42,-4.52,253.76,0.86,0.2,Peak,0,6,Sun,1,0,1,0,0,54,38,534891.71,0.7037,0,1,108,0.398,Moderate,0,0,93.3,0.1429
B-202510-49740,Booked,Personal Event,Martinez-Garcia Wedding,Wedding/Social,In-person,Full Package,Social,Social/Private,Sales Call,Low,2025-01-20,2025-02-17,15,2025-10-12,2025-10-14,2,265,16,32,18,1,Breakout Room,1,1,13,0.0,0.0,3,81.8,174.07,168.18,5381.76,592.14,1379.85,7353.75,20,3363.6,592.14,1314.14,5269.88,0.625,36.504,,2025,10,4,50.7,49.3,1,167.58,148.57,316.15,204.51,148.57,2,50.0,8,16,0,0,1,2,2,8,0,0,1,Banquet,1,0,0.5,592.14,150,990,2313.81,1,1,0,1,0.0,0.45,3.38,229.8,0.889,0.556,Peak,0,6,Sun,1,0,1,0,1,70,49,240219.16,0.7,0,1,108,0.148,Low,0,0,93.3,0.0491
B-202510-53982,Booked,State Medical Association,Educational Seminar Series,Association,Hybrid,Full Package,Healthcare,Healthcare,Sales Call,Medium,2025-03-10,2025-04-15,23,2025-10-12,2025-10-15,3,216,43,129,48,1,Half Ballroom,1,1,13,0.0,0.0,3,83.2,179.65,190.43,24565.47,1225.18,7497.1,33287.75,93,17709.99,1225.18,7140.1,26075.27,0.7209302325581395,49.584,,2025,10,3,55.7,44.3,1,164.68,160.51,325.19,222.64,160.51,2,5.7,37,43,40,0,1,3,3,24,1,0,1,Classroom,2,0,2.0,1225.18,1050,3400,6333.81,5,0,0,0,100.0,0.4,-6.0,258.04,0.896,0.208,Peak,0,6,Sun,1,0,1,0,0,59,50,1099242.23,0.8475,0,1,108,0.398,Moderate,0,0,93.3,0.0602
B-202510-25397,Booked,Education Foundation,Industry Forum,Association,Hybrid,Meeting Only,Education,Education,Cvent,Low,2024-12-01,2024-12-30,21,2025-10-13,2025-10-15,2,316,0,0,62,1,Half Ballroom,0,0,8,0.0,0.0,4,83.0,179.35,0.0,0.0,1446.46,5257.48,6703.94,0,0.0,1446.46,5007.12,6453.58,,40.38,,2025,10,0,0.0,0.0,0,0.0,0.0,0.0,0.0,0.0,0,0.0,0,0,0,0,2,2,2,16,1,0,1,Classroom,2,0,2.0,1446.46,700,2800,4624.84,5,0,0,0,100.0,0.52,100.0,,0.0,0.323,Peak,0,0,Mon,0,0,1,0,1,59,44,921627.86,0.7458,0,1,108,0.0,Low,0,0,80.0,0.0253
B-202510-45006,Booked,Family Celebration,Martinez-Garcia Wedding,Wedding/Social,In-person,Rooms Only,Social,Social/Private,RFP,Low,2024-12-15,2025-01-22,33,2025-10-13,2025-10-14,1,302,10,10,11,0,,0,1,5,1.0,1389.61,1,79.5,174.65,156.0,1560.0,0.0,0.0,1560.0,6,936.0,0.0,0.0,936.0,0.6,0.0,,2025,10,2,66.6,33.4,1,89.59,147.15,236.74,236.74,236.74,1,0.0,10,0,0,0,0,0,0,0,0,0,0,,0,0,0.0,0.0,0,0,0.0,0,0,0,0,0.0,0.0,10.68,156.0,0.909,0.0,Peak,0,0,Mon,0,0,0,1,1,72,60,345317.43,0.8333,0,1,108,0.093,Low,0,0,100.0,0.0166
B-202510-68547,Booked,Legal Society,Leadership Institute,Association,In-person,Meeting Only,Legal,Legal,Sales Call,Low,2025-02-13,2025-03-17,25,2025-10-13,2025-10-16,3,242,0,0,39,1,Breakout Room,0,1,7,0.0,0.0,2,83.6,173.12,0.0,0.0,415.19,4903.68,5318.87,0,0.0,415.19,4670.17,5085.36,,39.916,,2025,10,0,0.0,0.0,0,0.0,0.0,0.0,0.0,0.0,0,0.0,0,0,0,0,1,3,3,24,0,0,1,Classroom,2,0,1.67,415.19,850,5220,9110.04,5,0,0,0,100.0,0.97,100.0,,0.0,0.256,Peak,0,0,Mon,0,0,1,0,1,33,29,517223.12,0.8788,0,1,108,0.0,Low,0,0,80.0,0.0289
B-202510-75678,Booked,Industry Trade Group,Regional Chapter Meeting,Association,Hybrid,Meeting Only,Trade/Manufacturing,Trade/Manufacturing,Repeat Client,High,2024-12-17,2025-01-21,25,2025-10-14,2025-10-17,3,301,0,0,71,1,Half Ballroom,0,0,10,0.0,0.0,2,80.0,175.5,0.0,0.0,1885.49,9044.86,10930.35,0,0.0,1885.49,8614.15,10499.64,,40.442,,2025,10,0,0.0,0.0,0,0.0,0.0,0.0,0.0,0.0,0,0.0,0,0,0,0,2,3,3,24,1,0,1,Classroom,3,1,2.33,1885.49,1450,3640,6762.66,5,0,0,0,100.0,0.59,100.0,,0.0,0.282,Peak,0,1,Tue,0,1,1,0,1,41,29,473947.49,0.7073,0,1,145,0.0,Low,0,0,80.0,0.0332
B-202510-85115,Booked,Social Event,Anniversary Celebration,Wedding/Social,In-person,Full Package,Social,Social/Private,RFP,Low,2025-04-26,2025-05-25,22,2025-10-14,2025-10-15,1,171,32,32,43,1,Half Ballroom,1,0,7,1.0,14662.94,1,83.5,176.71,162.88,5212.16,970.03,3649.57,9831.76,19,3094.72,970.03,3475.78,7540.53,0.59375,80.832,,2025,10,4,72.7,27.3,1,44.93,141.7,186.63,186.63,141.7,1,0.0,32,0,0,0,1,1,1,4,1,0,1,Banquet,1,0,1.0,970.03,150,1320,1826.07,1,1,0,1,0.0,0.36,7.83,307.24,0.744,0.233,Peak,0,1,Tue,0,0,0,0,1,68,48,263825.09,0.7059,0,1,145,0.221,Low,0,0,100.0,0.0409
B-202510-38837,Booked,Financial Services Group,Executive Offsite,Corporate,In-person,Full Package,Finance,Finance,Direct Inquiry,Medium,2025-07-02,2025-07-22,8,2025-10-15,2025-10-17,2,105,49,98,57,1,Half Ballroom,1,1,12,1.0,34986.1,2,82.2,168.57,161.39,15816.22,1079.5,5029.91,21925.63,92,14847.88,1079.5,4790.39,20717.77,0.9387755102040816,42.021,,2025,10,4,60.7,39.3,1,123.59,168.9,292.49,292.49,173.92,2,20.4,39,49,0,0,1,2,2,16,1,0,1,Classroom,3,1,2.5,1079.5,1000,1944,4162.41,3,0,0,0,100.0,0.47,4.26,223.73,0.86,0.175,Peak,0,2,Wed,0,0,0,0,1,52,38,457089.73,0.7308,0,1,113,0.434,Moderate,0,0,100.0,0.1143
B-202510-59739,Booked,TechCorp Solutions,Management Training,Corporate,Hybrid,Meeting Only,Technology,Technology,Repeat Client,Low,2025-07-22,2025-08-10,10,2025-10-16,2025-10-18,2,86,0,0,57,1,Half Ballroom,0,1,9,0.0,0.0,2,86.6,179.13,0.0,0.0,905.9,5334.79,6240.69,0,0.0,905.9,5080.75,5986.65,,44.568,,2025,10,0,0.0,0.0,0,0.0,0.0,0.0,0.0,0.0,0,0.0,0,0,0,0,1,2,2,16,1,0,1,Theater,3,1,2.5,905.9,1000,2568,4792.92,4,0,0,0,100.0,0.47,100.0,,0.0,0.175,Peak,1,3,Thu,0,1,1,0,1,41,29,294804.34,0.7073,0,1,113,0.0,Low,0,0,80.0,0.1047
B-202510-89150,Booked,Family Celebration,Baby Shower Weekend,Wedding/Social,In-person,Full Package,Social,Social/Private,Third-Party Planner,Low,2024-12-28,2025-01-28,19,2025-10-16,2025-10-17,1,292,27,27,30,1,Breakout Room,1,0,12,1.0,10600.87,4,87.1,179.91,181.73,4906.71,399.14,2346.25,7652.1,17,3089.41,399.14,2234.52,5723.07,0.6296296296296297,74.484,,2025,10,4,56.7,43.3,1,158.93,175.79,334.72,267.02,213.75,1,0.0,27,0,0,0,1,2,1,8,0,0,1,Banquet,2,0,1.0,399.14,350,1650,3265.44,1,1,0,1,0.0,0.75,-1.01,283.41,0.9,0.333,Peak,1,3,Thu,0,0,0,0,0,73,61,346253.43,0.8356,0,1,113,0.239,Low,0,0,100.0,0.0411
B-202510-89707,Booked,Professional Services Group,New Hire Orientation,Corporate,In-person,Full Package,Professional Services,Other,Repeat Client,Medium,2025-08-05,2025-08-27,9,2025-10-16,2025-10-18,2,72,31,62,42,1,Half Ballroom,1,1,13,1.0,19734.82,1,83.2,176.49,170.72,10584.64,1165.66,4183.33,15933.63,55,9389.6,1165.66,3984.12,14539.38,0.8870967741935484,47.43,,2025,10,2,62.8,37.2,1,64.02,186.62,250.64,250.64,250.64,2,9.7,28,31,0,0,1,2,2,16,1,0,1,Classroom,3,1,2.0,1165.66,800,2472,4467.34,3,0,0,0,100.0,0.35,3.27,256.99,0.738,0.238,Peak,0,3,Thu,0,1,0,0,1,52,40,480410.91,0.7692,0,1,147,0.211,Low,0,0,100.0,0.1806
B-202510-11827,Booked,Retail Corporation,Customer Advisory Board,Corporate,In-person,Full Package,Technology,Other,Sales Call,Medium,2025-07-02,2025-07-25,9,2025-10-17,2025-10-20,3,107,42,126,57,1,Half Ballroom,1,1,14,1.0,52853.58,3,85.1,176.64,178.53,22494.78,951.75,8100.22,31546.75,120,21423.6,951.75,7714.49,30089.84,0.9523809523809524,45.114,,2025,10,4,73.5,26.5,1,165.29,161.4,326.69,202.59,161.4,2,5.1,38,42,37,0,1,3,3,24,1,0,1,Banquet,3,1,3.0,951.75,1950,5736,9422.32,5,0,0,0,100.0,0.47,-1.07,250.37,0.737,0.175,Peak,1,4,Fri,1,0,0,0,0,52,42,508333.98,0.8077,0,1,178,0.236,Low,0,0,100.0,0.1308
B-202510-35727,Booked,Youth Organization,Church Retreat Weekend,SMERF,In-person,Full Package,SMERF,Social/Community,Website,Low,2025-09-04,2025-10-07,19,2025-10-19,2025-10-20,1,45,24,24,31,1,Breakout Room,1,0,14,1.0,5660.66,2,95.9,210.0,222.6,5342.4,555.65,336.89,6234.94,18,4006.8,555.65,320.85,4883.3,0.75,10.35,,2025,10,3,63.3,36.7,1,89.01,208.67,297.68,297.68,217.73,1,0.0,24,0,0,0,1,2,1,8,0,0,1,Classroom,2,0,2.0,555.65,700,372,2237.15,1,0,0,0,0.0,0.78,-6.0,259.79,0.774,0.323,Peak,1,6,Sun,1,0,0,0,0,22,17,88349.21,0.7727,0,1,132,0.182,Low,0,0,100.0,0.3111
B-202510-91045,Booked,TechCorp Solutions,Management Training,Corporate,In-person,Full Package,Technology,Technology,Direct Inquiry,Low,2025-07-07,2025-07-25,9,2025-10-19,2025-10-20,1,104,22,22,27,1,Breakout Room,1,1,9,1.0,6695.99,1,95.1,210.0,217.52,4785.44,599.85,1386.49,6771.78,19,4132.88,599.85,1320.46,6053.19,0.8636363636363636,48.906,,2025,10,2,65.8,34.2,0,6.1,154.44,160.54,0.0,154.44,1,0.0,22,0,0,0,1,1,1,8,0,0,1,Classroom,2,0,2.0,599.85,350,1755,3199.17,3,0,0,0,100.0,0.68,-3.58,307.81,0.815,0.37,Peak,1,6,Sun,1,0,0,0,0,42,30,300790.99,0.7143,0,1,132,0.167,Low,0,0,100.0,0.0865
B-202510-27304,Booked,Accounting Institute,Member Appreciation Event,Association,In-person,Full Package,Finance,Finance,Repeat Client,High,2025-02-01,2025-03-02,17,2025-10-20,2025-10-22,2,261,75,150,97,1,Half Ballroom,1,0,12,1.0,58699.97,2,88.8,175.08,184.71,27706.5,1071.82,3419.11,32197.43,93,17178.03,1071.82,3256.29,21506.14,0.62,16.785,,2025,10,4,67.5,32.5,1,169.72,162.25,331.97,255.64,162.25,2,0.0,75,75,0,0,1,5,2,24,1,0,1,Theater,3,1,1.8,1071.82,1650,4784,8311.62,5,0,0,0,20.0,0.81,-5.5,214.65,0.773,0.103,Peak,1,0,Mon,0,1,0,0,0,47,41,831885.95,0.8723,0,1,32,1.0,High,1,1,100.0,0.046
B-202510-15980,Booked,Senior Adventures,Nature & Wildlife Tour,SMERF,In-person,Rooms Only,Other,Other,Website,Low,2025-08-24,2025-09-18,18,2025-10-21,2025-10-22,1,58,43,43,47,0,,0,0,7,0.0,0.0,2,84.9,178.07,173.23,7448.89,0.0,0.0,7448.89,39,6755.97,0.0,0.0,6755.97,0.9069767441860463,0.0,,2025,10,4,67.7,32.3,1,152.51,162.05,314.56,271.18,162.05,1,0.0,43,0,0,0,0,0,0,0,0,0,0,,0,0,0.0,0.0,0,0,0.0,0,0,0,0,0.0,0.0,2.72,173.23,0.915,0.0,Peak,0,1,Tue,0,0,1,0,0,25,14,77827.02,0.56,0,1,32,1.0,High,1,1,93.3,0.1207
B-202510-40225,Booked,Pharmaceutical Partners,Annual Sales Conference,Corporate,In-person,Full Package,Healthcare,Healthcare,Website,Medium,2025-08-05,2025-08-29,10,2025-10-21,2025-10-23,2,77,44,88,49,1,Half Ballroom,1,1,14,0.0,0.0,2,84.7,174.51,184.98,16278.24,1204.38,4774.36,22256.98,71,13133.58,1204.38,4547.0,18884.96,0.8068181818181818,46.398,,2025,10,3,67.5,32.5,1,190.94,176.39,367.33,231.26,176.39,2,0.0,44,44,0,0,1,2,2,16,1,0,1,Classroom,3,1,2.5,1204.38,1000,2280,4501.59,4,0,0,0,100.0,0.41,-6.0,252.92,0.898,0.204,Peak,0,1,Tue,0,0,1,0,0,55,39,555193.95,0.7091,0,1,62,0.71,High,1,0,93.3,0.1818
B-202510-85062,Booked,Regional Healthcare System,Executive Offsite,Corporate,Hybrid,Full Package,Healthcare,Healthcare,Direct Inquiry,Low,2025-07-15,2025-08-04,11,2025-10-21,2025-10-23,2,98,26,52,30,1,Breakout Room,1,1,9,0.0,0.0,1,83.4,172.22,176.65,9185.8,392.24,2535.44,12113.48,48,8479.2,392.24,2414.7,11286.14,0.9230769230769232,40.245,,2025,10,3,73.5,26.5,0,153.41,162.92,316.33,0.0,169.06,2,3.8,25,26,0,0,1,2,2,16,0,0,1,Classroom,3,1,2.5,392.24,1000,4560,7636.15,5,0,0,0,100.0,0.75,-2.57,232.95,0.867,0.333,Peak,0,1,Tue,0,0,1,0,0,45,39,444953.56,0.8667,0,1,62,0.419,Moderate,0,0,93.3,0.0918
B-202510-33485,Booked,Financial Services Group,Quarterly Business Review,Corporate,In-person,Full Package,Finance,Finance,Sales Call,Low,2025-07-13,2025-08-07,13,2025-10-22,2025-10-23,1,101,58,58,79,1,Half Ballroom,1,0,12,1.0,21530.47,2,80.9,178.52,172.34,9995.72,1373.74,3298.26,14667.72,46,7927.64,1373.74,3141.2,12442.58,0.7931034482758621,39.762,,2025,10,3,63.8,36.2,0,166.05,148.15,314.2,0.0,148.15,1,0.0,58,0,0,0,2,1,1,8,1,0,1,Classroom,2,0,2.0,1373.74,350,1248,2231.59,3,0,0,0,100.0,0.66,3.46,252.89,0.734,0.253,Peak,0,2,Wed,0,0,0,0,1,53,39,477807.5,0.7358,0,1,62,0.935,High,1,0,100.0,0.1188
B-202510-34715,Booked,Private Party,Graduation Celebration,Wedding/Social,In-person,Full Package,Social,Social/Private,Third-Party Planner,Medium,2024-12-25,2025-01-25,21,2025-10-22,2025-10-23,1,301,30,30,38,1,Breakout Room,1,0,10,0.0,0.0,2,86.5,175.54,185.2,5556.0,519.46,3471.78,9547.24,19,3518.8,519.46,3306.46,7344.72,0.6333333333333333,87.012,,2025,10,4,62.3,37.7,1,152.9,208.29,361.19,317.85,208.29,1,0.0,30,0,0,0,1,2,1,8,0,0,1,Banquet,2,0,1.5,519.46,500,2090,3763.71,1,1,0,1,0.0,0.95,-5.5,318.24,0.789,0.263,Peak,1,2,Wed,0,0,1,0,0,65,51,288619.65,0.7846,0,1,62,0.484,Moderate,0,0,93.3,0.0332
B-202510-10143,Booked,Real Estate Board,Committee Meeting,Association,In-person,Rooms Only,Government,Government,Direct Inquiry,High,2025-01-02,2025-02-02,28,2025-10-23,2025-10-26,3,294,74,222,81,0,,0,1,3,1.0,33484.16,2,84.8,179.89,183.35,40703.7,0.0,0.0,40703.7,169,30986.15,0.0,0.0,30986.15,0.7612612612612613,0.0,,2025,10,2,55.8,44.2,1,121.09,214.11,335.2,214.11,335.2,2,5.4,73,74,65,0,0,0,0,0,0,0,0,,0,0,0.0,0.0,0,0,0.0,0,0,0,0,0.0,0.0,-1.92,183.35,0.914,0.0,Peak,0,3,Thu,0,0,0,1,0,45,35,717456.46,0.7778,0,1,75,0.987,High,1,0,100.0,0.0102
B-202510-10802,Booked,Regional Healthcare System,New Hire Orientation,Corporate,In-person,Full Package,Healthcare,Healthcare,Third-Party Planner,Medium,2025-08-07,2025-08-30,10,2025-10-23,2025-10-24,1,77,74,74,85,1,Half Ballroom,1,0,13,0.0,0.0,2,83.8,179.89,190.68,14110.32,1725.36,1570.62,17406.3,59,11250.12,1725.36,1495.83,14471.31,0.7972972972972973,17.598,,2025,10,4,64.1,35.9,1,190.02,151.86,341.88,213.85,151.86,1,0.0,74,0,0,0,2,3,1,12,1,0,1,Classroom,3,1,2.67,1725.36,1650,1848,4474.28,4,0,0,0,0.0,0.71,-6.0,235.22,0.871,0.235,Peak,0,3,Thu,0,0,1,0,0,46,40,456239.7,0.8696,0,1,72,1.0,High,1,1,93.3,0.1688
B-202510-63420,Booked,HR Professionals Network,Networking Summit,Association,In-person,Full Package,Professional Services,Professional Services,Repeat Client,High,2025-06-26,2025-07-20,15,2025-10-24,2025-10-26,2,120,71,142,91,1,Half Ballroom,1,0,9,0.0,0.0,1,79.8,171.13,155.09,22022.78,1255.1,3440.95,26718.83,96,14888.64,1255.1,3277.09,19420.83,0.676056338028169,18.006,,2025,10,3,71.6,28.4,1,96.34,146.36,242.7,242.7,146.36,2,9.9,64,71,0,0,1,4,2,24,1,0,1,Theater,3,1,1.5,1255.1,1100,3300,6312.15,4,0,0,0,50.0,0.76,9.37,188.16,0.78,0.11,Peak,0,4,Fri,1,1,1,0,1,44,31,730074.09,0.7045,0,1,75,0.947,High,1,0,93.3,0.075
B-202510-68351,Booked,Regional Healthcare System,Annual Sales Conference,Corporate,Hybrid,Full Package,Healthcare,Healthcare,Website,Low,2025-08-30,2025-09-27,14,2025-10-26,2025-10-27,1,57,21,21,23,1,Breakout Room,1,1,14,0.0,0.0,1,84.6,172.88,179.36,3766.56,561.89,1067.77,5396.22,19,3407.84,561.89,1016.92,4986.65,0.9047619047619048,44.214,,2025,10,3,58.7,41.3,0,159.71,172.87,332.58,0.0,172.87,1,0.0,21,0,0,0,1,1,1,8,0,0,1,Theater,2,0,2.0,561.89,350,1771,3136.56,4,0,0,0,100.0,0.57,-3.75,256.96,0.913,0.435,Peak,0,6,Sun,1,0,1,0,0,47,41,470711.01,0.8723,0,1,152,0.138,Low,0,0,93.3,0.2456
B-202510-84172,Booked,Faith Community,Community Service Event,SMERF,In-person,Full Package,Other,Other,Website,Low,2025-06-27,2025-07-16,12,2025-10-26,2025-10-27,1,121,47,47,63,1,Half Ballroom,1,1,7,0.0,0.0,2,83.8,184.22,182.52,8578.44,1050.6,718.79,10347.83,40,7300.8,1050.6,684.56,9035.96,0.851063829787234,10.866,,2025,10,3,52.3,47.7,1,38.92,154.13,193.05,193.05,164.88,1,0.0,47,0,0,0,1,1,1,8,1,0,1,Banquet,2,0,2.0,1050.6,350,240,1152.01,1,0,0,0,100.0,0.53,0.92,220.17,0.746,0.159,Peak,0,6,Sun,1,0,1,0,0,15,11,57512.7,0.7333,0,1,152,0.309,Moderate,0,0,93.3,0.0579
B-202510-91842,Booked,Global Industries,Town Hall Meeting,Corporate,Hybrid,Full Package,Technology,Other,Sales Call,Medium,2025-08-29,2025-09-26,14,2025-10-27,2025-10-28,1,59,61,61,84,1,Half Ballroom,1,1,14,1.0,23495.81,3,78.0,178.41,164.27,10020.47,1137.53,1427.25,12585.25,49,8049.23,1137.53,1359.29,10546.05,0.8032786885245902,16.182,,2025,10,3,62.6,37.4,1,143.57,138.42,281.99,178.97,138.42,1,0.0,61,0,0,0,1,3,1,12,1,0,1,Theater,2,0,2.0,1137.53,1050,2280,4298.32,5,0,0,0,0.0,0.7,7.93,206.32,0.726,0.119,Peak,0,0,Mon,0,0,0,0,1,66,54,751931.79,0.8182,0,1,159,0.384,Moderate,0,0,100.0,0.2373
B-202510-57178,Booked,Manufacturing Alliance,Product Launch Event,Corporate,Hybrid,Meeting Only,Technology,Other,Third-Party Planner,Low,2025-08-03,2025-08-23,11,2025-10-29,2025-10-31,2,87,0,0,57,1,Half Ballroom,0,0,9,1.0,13698.69,2,77.1,178.25,0.0,0.0,1366.75,5076.59,6443.34,0,0.0,1366.75,4834.85,6201.6,,42.411,,2025,10,0,0.0,0.0,0,0.0,0.0,0.0,0.0,0.0,0,0.0,0,0,0,0,1,2,2,16,1,0,1,Classroom,2,0,2.0,1366.75,700,2808,4753.51,5,0,0,0,100.0,0.47,100.0,,0.0,0.175,Shoulder,0,2,Wed,0,0,0,0,1,50,36,484977.43,0.72,0,1,47,0.0,Low,0,0,86.7,0.1034
B-202510-69371,Booked,Social Event,Family Reunion Weekend,Wedding/Social,In-person,Full Package,Social,Social/Private,Third-Party Planner,Low,2024-12-10,2025-01-12,19,2025-10-29,2025-10-30,1,323,43,43,54,1,Half Ballroom,1,0,14,1.0,21017.1,2,85.0,179.33,178.59,7679.37,1010.74,4829.48,13519.59,27,4821.93,1010.74,4599.5,10432.17,0.627906976744186,85.176,,2025,10,3,60.3,39.7,1,113.29,172.72,286.01,286.01,172.72,1,0.0,43,0,0,0,1,2,1,8,1,0,1,Banquet,1,0,1.0,1010.74,300,1080,2106.94,1,0,1,1,0.0,0.45,0.41,314.41,0.796,0.185,Peak,1,2,Wed,0,0,0,0,0,69,49,271365.62,0.7101,0,1,47,0.915,High,1,0,100.0,0.0433
B-202510-69839,Booked,State Medical Association,Networking Summit,Association,In-person,Full Package,Healthcare,Healthcare,Referral,Medium,2024-12-01,2024-12-30,19,2025-10-29,2025-10-31,2,332,72,144,95,1,Half Ballroom,1,0,10,1.0,49673.7,1,85.5,176.99,187.61,27015.84,1031.51,3882.47,31929.82,107,20074.27,1031.51,3697.59,24803.37,0.7430555555555556,19.461,,2025,10,2,69.6,30.4,1,115.46,241.78,357.24,241.78,357.24,2,0.0,72,72,0,0,1,4,2,24,1,0,1,Theater,2,0,1.75,1031.51,1200,3140,6108.73,5,0,0,0,50.0,0.79,-6.0,221.73,0.758,0.105,Peak,1,2,Wed,0,0,0,0,0,60,51,1125317.5,0.85,0,1,0,,Unknown,0,1,100.0,0.0301
B-202510-95674,Booked,Real Estate Board,Annual Member Conference,Association,Hybrid,Full Package,Government,Government,Referral,Medium,2024-11-16,2024-12-26,26,2025-10-29,2025-10-31,2,347,58,116,79,1,Half Ballroom,1,0,14,1.0,40918.07,3,84.0,172.24,178.76,20736.16,1454.14,7602.37,29792.67,77,13764.52,1454.14,7240.35,22459.01,0.6637931034482759,45.825,,2025,10,2,71.3,28.7,1,48.93,152.1,201.03,201.03,152.1,2,6.9,54,58,0,0,2,2,2,16,1,0,1,Classroom,3,1,2.5,1454.14,1000,3000,5191.42,4,0,0,0,100.0,0.66,-3.79,256.83,0.734,0.253,Peak,0,2,Wed,0,0,0,0,0,46,36,748442.61,0.7826,0,1,0,,Unknown,0,1,100.0,0.0403
B-202510-35589,Booked,Dental Association,Industry Forum,Association,Hybrid,Full Package,Healthcare,Healthcare,Referral,High,2025-01-13,2025-02-23,28,2025-10-30,2025-11-01,2,290,102,204,121,1,Grand Ballroom,1,1,13,0.0,0.0,1,82.1,175.42,168.61,34396.44,2334.65,10099.71,46830.8,144,24279.84,2334.65,9618.77,36233.26,0.7058823529411765,39.747,,2025,10,4,61.9,38.1,1,172.35,161.62,333.97,209.55,161.62,2,6.9,95,102,0,0,2,2,2,16,1,0,1,Theater,2,0,2.0,2334.65,700,19602,25302.07,4,0,0,0,100.0,0.5,3.88,229.56,0.843,0.165,Peak,0,3,Thu,0,0,1,0,1,49,39,730615.56,0.7959,0,1,118,0.864,High,1,0,93.3,0.0448
B-202510-55365,Booked,Pharmaceutical Partners,Innovation Workshop,Corporate,Hybrid,Meeting Only,Healthcare,Healthcare,Cvent,Low,2025-08-19,2025-09-01,8,2025-10-31,2025-11-02,2,73,0,0,141,1,Grand Ballroom,0,1,5,0.0,0.0,2,84.2,171.98,0.0,0.0,1699.28,12141.28,13840.56,0,0.0,1699.28,11563.13,13262.41,,41.004,,2025,10,0,0.0,0.0,0,0.0,0.0,0.0,0.0,0.0,0,0.0,0,0,0,0,1,2,2,16,1,0,1,Theater,3,1,2.5,1699.28,1000,15087,20765.1,4,0,0,0,100.0,0.59,100.0,,0.0,0.071,Peak,0,4,Fri,1,0,1,1,1,56,40,574078.91,0.7143,0,1,118,0.0,Low,0,0,80.0,0.0685
B-202511-30443,Booked,TechCorp Solutions,Regional Team Meeting,Corporate,Hybrid,Full Package,Technology,Technology,Repeat Client,High,2025-08-21,2025-09-10,10,2025-11-01,2025-11-03,2,72,67,134,75,1,Half Ballroom,1,0,10,0.0,0.0,1,80.9,205.12,200.55,26873.7,911.37,7892.64,35677.71,124,24868.2,911.37,7516.8,33296.37,0.9253731343283582,50.112,,2025,11,4,61.3,38.7,1,152.41,142.51,294.92,200.52,142.51,2,9.0,61,67,0,0,1,2,2,16,1,0,1,Theater,2,0,1.5,911.37,500,3408,5219.74,4,0,0,0,100.0,0.62,2.23,266.25,0.893,0.133,Peak,0,5,Sat,1,1,1,0,0,44,31,306844.18,0.7045,0,1,31,1.0,High,1,1,93.3,0.1389
B-202511-72086,Booked,Personal Event,Bar/Bat Mitzvah,Wedding/Social,In-person,Rooms Only,Social,Social/Private,Cvent,Low,2024-12-30,2025-02-07,36,2025-11-01,2025-11-02,1,306,24,24,26,0,,0,0,3,0.0,0.0,4,79.9,200.77,189.52,4548.48,0.0,0.0,4548.48,15,2842.8,0.0,0.0,2842.8,0.625,0.0,,2025,11,3,60.0,40.0,1,141.56,163.35,304.91,276.03,163.35,1,0.0,24,0,0,0,0,0,0,0,0,0,0,,0,0,0.0,0.0,0,0,0.0,0,0,0,0,0.0,0.0,5.6,189.52,0.923,0.0,Peak,0,5,Sat,1,0,1,1,1,71,50,245489.04,0.7042,0,1,89,0.27,Moderate,0,0,93.3,0.0098
B-202511-98607,Booked,Technology Innovators,Performance Review Summit,Corporate,In-person,Full Package,Technology,Technology,Referral,Medium,2025-09-19,2025-10-08,7,2025-11-01,2025-11-03,2,43,40,80,46,1,Half Ballroom,1,1,12,1.0,31845.68,3,85.9,202.17,212.33,16986.4,889.61,4287.01,22163.02,73,15500.09,889.61,4082.87,20472.57,0.9125,44.379,,2025,11,3,50.8,49.2,1,172.83,171.17,344.0,203.13,344.0,2,20.0,32,40,0,0,1,2,2,16,1,0,1,Classroom,2,0,1.5,889.61,500,1728,3426.59,3,0,0,0,100.0,0.38,-5.03,277.04,0.87,0.217,Peak,1,5,Sat,1,0,0,0,0,49,37,480744.17,0.7551,0,1,31,1.0,High,1,1,100.0,0.2791
B-202511-10069,Booked,Legal Society,Committee Meeting,Association,In-person,Full Package,Legal,Legal,Cvent,Medium,2025-02-27,2025-03-26,17,2025-11-02,2025-11-03,1,248,82,82,90,1,Half Ballroom,1,1,10,1.0,24932.61,1,82.6,198.27,194.66,15962.12,1800.8,1761.67,19524.59,51,9927.66,1800.8,1677.78,13406.24,0.6219512195121951,18.642,,2025,11,4,55.0,45.0,1,111.91,158.22,270.13,270.13,158.22,1,0.0,82,0,0,0,2,2,1,12,1,0,1,Classroom,2,0,1.5,1800.8,500,1540,2932.78,3,0,0,0,50.0,0.75,1.82,238.1,0.911,0.222,Peak,0,6,Sun,1,0,0,0,0,34,30,522308.48,0.8824,0,1,31,1.0,High,1,1,100.0,0.0403
B-202511-14555,Booked,Private Party,Anniversary Celebration,Wedding/Social,In-person,Rooms Only,Social,Social/Private,Sales Call,Low,2025-03-09,2025-04-10,27,2025-11-03,2025-11-04,1,239,28,28,30,0,,0,0,5,0.0,0.0,3,65.9,165.16,133.98,3751.44,0.0,0.0,3751.44,17,2277.66,0.0,0.0,2277.66,0.6071428571428571,0.0,,2025,11,4,73.5,26.5,1,74.72,140.71,215.43,215.43,140.71,1,0.0,28,0,0,0,0,0,0,0,0,0,0,,0,0,0.0,0.0,0,0,0.0,0,0,0,0,0.0,0.0,18.88,133.98,0.933,0.0,Shoulder,0,0,Mon,0,0,1,1,1,66,52,295964.37,0.7879,0,1,162,0.173,Low,0,0,93.3,0.0209
B-202511-74297,Booked,Real Estate Board,Awards Gala Weekend,Association,Hybrid,Full Package,Government,Government,Third-Party Planner,Medium,2025-06-15,2025-07-24,25,2025-11-03,2025-11-06,3,141,30,90,35,1,Breakout Room,1,0,14,0.0,0.0,4,70.2,164.8,148.05,13324.5,383.0,4851.44,18558.94,58,8586.9,383.0,4620.42,13590.32,0.6444444444444445,44.004,,2025,11,2,62.7,37.3,1,43.25,188.14,231.39,231.39,188.14,2,12.3,21,30,26,0,1,3,3,24,0,0,1,Classroom,3,1,2.0,383.0,1150,6370,10421.64,5,0,0,0,100.0,0.88,10.16,206.21,0.857,0.286,Shoulder,0,0,Mon,0,0,1,0,1,47,37,770901.62,0.7872,0,1,145,0.207,Low,0,0,93.3,0.0993
B-202511-91583,Booked,TechCorp Solutions,Performance Review Summit,Corporate,In-person,Full Package,Technology,Technology,Third-Party Planner,Low,2025-07-28,2025-08-17,8,2025-11-04,2025-11-06,2,99,45,90,54,1,Half Ballroom,1,0,12,0.0,0.0,1,75.3,163.84,158.94,14304.6,1381.15,5240.78,20926.53,89,14145.66,1381.15,4991.22,20518.03,0.9888888888888888,46.215,,2025,11,4,73.7,26.3,1,130.08,162.57,292.65,262.21,162.57,2,22.2,35,45,0,0,1,2,2,16,1,0,1,Theater,3,1,2.0,1381.15,800,3408,5366.6,4,0,0,0,100.0,0.45,2.99,232.52,0.833,0.185,Shoulder,0,1,Tue,0,0,1,0,0,45,32,340140.55,0.7111,0,1,46,0.978,High,1,0,93.3,0.1212
B-202511-21770,Booked,Private Party,Memorial Service Gathering,Wedding/Social,Hybrid,Rooms Only,Social,Social/Private,Repeat Client,High,2024-11-29,2024-12-29,26,2025-11-05,2025-11-06,1,341,65,65,71,0,,0,1,4,1.0,9797.47,2,71.7,166.58,143.26,9311.9,0.0,0.0,9311.9,41,5873.66,0.0,0.0,5873.66,0.6307692307692307,0.0,,2025,11,3,70.6,29.4,1,168.41,134.75,303.16,189.28,134.75,1,0.0,65,0,0,0,0,0,0,0,0,0,0,,0,0,0.0,0.0,0,0,0.0,0,0,0,0,0.0,0.0,14.0,143.26,0.915,0.0,Shoulder,0,2,Wed,0,1,0,1,1,67,53,298242.03,0.791,0,1,46,1.0,High,1,1,100.0,0.0117
B-202511-32719,Booked,Energy Solutions,Annual Sales Conference,Corporate,In-person,Meeting Only,Professional Services,Other,RFP,Medium,2025-07-23,2025-08-13,11,2025-11-05,2025-11-07,2,105,0,0,135,1,Grand Ballroom,0,0,10,0.0,0.0,4,67.6,163.71,0.0,0.0,2816.39,12599.3,15415.69,0,0.0,2816.39,11999.34,14815.73,,44.442,,2025,11,0,0.0,0.0,0,0.0,0.0,0.0,0.0,0.0,0,0.0,0,0,0,0,2,2,2,16,1,0,1,Theater,3,1,2.5,2816.39,1000,20520,26754.21,5,0,0,0,100.0,0.56,100.0,,0.0,0.148,Shoulder,0,2,Wed,0,0,1,0,1,50,35,475540.22,0.7,0,1,46,0.0,Low,0,0,80.0,0.0952
B-202511-59827,Booked,Travel Club International,Senior Travel Club,Corporate,In-person,Rooms Only,Government,Government,Website,High,2025-08-06,2025-08-22,10,2025-11-05,2025-11-06,1,91,34,34,37,0,,0,0,6,0.0,0.0,4,66.4,169.68,152.25,5176.5,0.0,0.0,5176.5,33,5024.25,0.0,0.0,5024.25,0.9705882352941176,0.0,,2025,11,4,60.0,40.0,1,135.44,143.92,279.36,254.52,143.92,1,0.0,34,0,0,0,0,0,0,0,0,0,0,,0,0,0.0,0.0,0,0,0.0,0,0,0,0,0.0,0.0,10.27,152.25,0.919,0.0,Shoulder,0,2,Wed,0,0,1,0,1,17,12,62730.98,0.7059,0,1,46,0.739,High,1,0,93.3,0.0659
B-202511-22018,Booked,Social Event,Anniversary Celebration,Wedding/Social,Hybrid,Full Package,Social,Social/Private,Referral,Low,2025-04-07,2025-05-02,17,2025-11-07,2025-11-08,1,214,18,18,21,1,Breakout Room,1,1,8,0.0,0.0,3,69.3,163.07,141.08,2539.44,365.61,1749.67,4654.72,10,1410.8,365.61,1666.35,3442.76,0.5555555555555556,79.35,,2025,11,2,69.3,30.7,0,5.57,137.75,143.32,0.0,137.75,1,0.0,18,0,0,0,1,2,1,8,0,0,1,Banquet,1,0,0.5,365.61,150,1155,2461.44,1,1,0,1,0.0,0.53,13.49,258.6,0.857,0.476,Shoulder,0,4,Fri,1,0,1,0,1,71,50,281797.79,0.7042,0,1,202,0.089,Low,0,0,93.3,0.0374
B-202511-15987,Booked,Family Celebration,Holiday Party,Wedding/Social,In-person,Full Package,Social,Social/Private,Cvent,Low,2025-01-01,2025-02-02,23,2025-11-08,2025-11-09,1,311,35,35,39,1,Breakout Room,1,0,9,0.0,0.0,3,74.6,163.47,152.87,5350.45,460.31,2948.89,8759.65,22,3363.14,460.31,2808.47,6631.92,0.6285714285714286,72.012,,2025,11,4,65.5,34.5,1,186.65,142.2,328.85,250.82,148.07,1,0.0,35,0,0,0,1,2,1,8,0,0,1,Reception,0,0,0.0,460.31,0,1755,2894.21,1,0,1,1,0.0,0.97,6.48,250.28,0.897,0.256,Shoulder,0,5,Sat,1,0,1,0,1,74,62,351976.5,0.8378,0,1,185,0.189,Low,0,0,93.3,0.0289
B-202511-74458,Booked,Youth Athletics,School District Meeting,SMERF,In-person,Meeting Only,SMERF,Social/Community,Direct Inquiry,Low,2025-08-01,2025-08-25,18,2025-11-09,2025-11-10,1,100,0,0,38,1,Breakout Room,0,0,6,0.0,0.0,1,70.1,162.41,0.0,0.0,558.61,482.15,1040.76,0,0.0,558.61,459.19,1017.8,,12.084,,2025,11,0,0.0,0.0,0,0.0,0.0,0.0,0.0,0.0,0,0.0,0,0,0,0,1,1,1,8,0,0,1,Banquet,0,0,0.0,558.61,0,432,1402.59,1,0,0,0,100.0,0.95,100.0,,0.0,0.263,Shoulder,0,6,Sun,1,0,1,0,1,16,13,82602.07,0.8125,0,1,220,0.0,Low,0,0,80.0,0.06
B-202511-66732,Booked,Community Church,High School Reunion,SMERF,In-person,Meeting Only,SMERF,Religious,Direct Inquiry,Low,2025-07-07,2025-08-01,20,2025-11-10,2025-11-11,1,126,0,0,73,1,Half Ballroom,0,0,5,0.0,0.0,1,75.7,167.95,0.0,0.0,1731.41,886.23,2617.64,0,0.0,1731.41,844.03,2575.44,,11.562,,2025,11,0,0.0,0.0,0,0.0,0.0,0.0,0.0,0.0,0,0.0,0,0,0,0,2,2,1,8,1,0,1,Classroom,2,0,1.5,1731.41,500,700,1919.87,1,0,0,0,0.0,0.61,100.0,,0.0,0.274,Shoulder,0,0,Mon,0,0,1,1,1,21,17,136781.85,0.8095,0,1,220,0.0,Low,0,0,80.0,0.0397
B-202511-61067,Booked,Legal Society,Networking Summit,Association,In-person,Full Package,Legal,Legal,Third-Party Planner,Medium,2025-02-10,2025-03-21,25,2025-11-12,2025-11-14,2,275,44,88,59,1,Half Ballroom,1,1,14,0.0,0.0,2,73.4,162.01,150.94,13282.72,1019.96,4985.24,19287.92,72,10867.68,1019.96,4747.85,16635.49,0.8181818181818182,40.236,,2025,11,2,52.7,47.3,0,23.55,147.63,171.18,0.0,147.63,2,15.9,37,44,0,0,1,2,2,16,1,0,1,Theater,2,0,2.0,1019.96,700,1900,3856.36,4,0,0,0,100.0,0.49,6.83,219.18,0.746,0.169,Shoulder,0,2,Wed,0,0,1,0,1,35,31,535714.72,0.8857,0,1,118,0.373,Moderate,0,0,93.3,0.0509
B-202511-46287,Booked,Private Party,Memorial Service Gathering,Wedding/Social,In-person,Rooms Only,Social,Social/Private,Website,Low,2024-11-23,2024-12-15,17,2025-11-13,2025-11-14,1,355,38,38,41,0,,0,0,5,0.0,0.0,1,71.7,165.18,146.67,5573.46,0.0,0.0,5573.46,23,3373.41,0.0,0.0,3373.41,0.6052631578947368,0.0,,2025,11,4,53.3,46.7,1,62.57,145.22,207.79,207.79,145.3,1,0.0,38,0,0,0,0,0,0,0,0,0,0,,0,0,0.0,0.0,0,0,0.0,0,0,0,0,0.0,0.0,11.21,146.67,0.927,0.0,Shoulder,0,3,Thu,0,0,1,1,1,68,54,304115.69,0.7941,0,1,118,0.322,Moderate,0,0,93.3,0.0141
B-202511-76678,Booked,Youth Organization,Community Theater Production,SMERF,In-person,Rooms Only,SMERF,Social/Community,Cvent,Low,2025-09-29,2025-10-25,21,2025-11-13,2025-11-14,1,45,20,20,22,0,,0,0,5,1.0,3170.47,4,70.1,163.16,140.23,2804.6,0.0,0.0,2804.6,17,2383.91,0.0,0.0,2383.91,0.85,0.0,,2025,11,2,62.0,38.0,1,110.2,131.27,241.47,241.47,131.27,1,0.0,20,0,0,0,0,0,0,0,0,0,0,,0,0,0.0,0.0,0,0,0.0,0,0,0,0,0.0,0.0,14.05,140.23,0.909,0.0,Shoulder,0,3,Thu,0,0,0,1,1,23,18,93232.51,0.7826,0,1,118,0.169,Low,0,0,100.0,0.1111
B-202511-20271,Booked,Technology Innovators,Product Launch Event,Corporate,Virtual,Full Package,Technology,Technology,Third-Party Planner,Medium,2025-08-26,2025-09-16,13,2025-11-14,2025-11-17,3,80,31,93,39,1,Breakout Room,1,0,8,0.0,0.0,3,67.6,159.05,141.95,13201.35,550.58,5280.58,19032.51,88,12491.6,550.58,5029.13,18071.31,0.946236559139785,42.984,,2025,11,3,60.7,39.3,1,156.18,145.68,301.86,240.32,145.68,2,4.0,29,31,28,0,1,3,3,24,0,0,1,Banquet,3,1,2.0,550.58,1150,6192,10471.03,4,0,0,0,100.0,0.97,10.75,204.65,0.795,0.256,Shoulder,0,4,Fri,1,0,1,0,1,50,38,501216.74,0.76,0,1,136,0.228,Low,0,0,93.3,0.1
B-202511-84655,Booked,Pharmaceutical Partners,Innovation Workshop,Corporate,In-person,Full Package,Healthcare,Healthcare,Website,Medium,2025-08-06,2025-08-20,7,2025-11-14,2025-11-16,2,100,53,106,67,1,Half Ballroom,1,1,7,1.0,41177.15,3,66.8,155.37,138.16,14644.96,1425.53,6470.8,22541.29,99,13677.84,1425.53,6162.66,21266.03,0.9339622641509434,45.99,,2025,11,2,55.2,44.8,0,132.88,135.29,268.17,0.0,135.29,2,5.7,50,53,0,0,2,2,2,16,1,0,1,Theater,3,1,3.0,1425.53,1300,2232,4756.96,4,0,0,0,100.0,0.56,11.08,212.65,0.791,0.299,Shoulder,0,4,Fri,1,0,0,0,1,58,41,587341.32,0.7069,0,1,136,0.39,Moderate,0,0,100.0,0.07
B-202511-68014,Booked,Nonprofit Foundation,Fraternity/Sorority Reunion,SMERF,In-person,Full Package,Technology,Technology,Sales Call,Low,2025-05-11,2025-06-08,16,2025-11-16,2025-11-17,1,189,23,23,26,1,Breakout Room,0,1,12,0.0,0.0,3,82.7,197.49,185.57,4268.11,527.75,0.0,4795.86,17,3154.69,527.75,0.0,3682.44,0.7391304347826086,0.0,,2025,11,2,54.7,45.3,1,112.72,152.25,264.97,264.97,152.25,1,0.0,23,0,0,0,1,2,1,8,0,0,1,Theater,1,0,1.0,527.75,300,0,1558.36,0,0,0,0,0.0,0.65,6.04,208.52,0.885,0.385,Peak,0,6,Sun,1,0,1,0,1,23,17,122016.84,0.7391,0,1,80,0.288,Moderate,0,0,93.3,0.0635
B-202511-85025,Booked,Senior Adventures,Garden Tour Society,SMERF,In-person,Rooms Only,Government,Government,Sales Call,Low,2025-07-22,2025-08-15,20,2025-11-16,2025-11-17,1,117,34,34,37,0,,0,0,4,0.0,0.0,3,78.9,198.18,185.28,6299.52,0.0,0.0,6299.52,33,6114.24,0.0,0.0,6114.24,0.9705882352941176,0.0,,2025,11,4,51.3,48.7,1,166.57,140.36,306.93,246.13,140.36,1,0.0,34,0,0,0,0,0,0,0,0,0,0,,0,0,0.0,0.0,0,0,0.0,0,0,0,0,0.0,0.0,6.51,185.28,0.919,0.0,Peak,0,6,Sun,1,0,1,1,1,26,15,84582.99,0.5769,0,1,80,0.425,Moderate,0,0,93.3,0.0342
B-202511-87183,Booked,Pharmaceutical Partners,Management Training,Corporate,In-person,Full Package,Healthcare,Healthcare,Third-Party Planner,Low,2025-08-27,2025-09-17,7,2025-11-16,2025-11-18,2,81,52,104,72,1,Half Ballroom,1,0,14,0.0,0.0,3,88.8,194.45,206.12,21436.48,1594.96,6175.76,29207.2,83,17107.96,1594.96,5881.68,24584.6,0.7980769230769231,40.845,,2025,11,4,64.7,35.3,1,182.93,161.19,344.12,223.94,167.77,2,9.6,47,52,0,0,2,2,2,16,1,0,1,Theater,3,1,2.0,1594.96,800,3360,5255.99,5,0,0,0,100.0,0.6,-6.0,280.84,0.722,0.278,Peak,1,6,Sun,1,0,1,0,0,59,42,608607.35,0.7119,0,1,96,0.542,Moderate,0,0,93.3,0.1728
B-202511-89578,Booked,Real Estate Board,Awards Gala Weekend,Association,In-person,Full Package,Government,Government,Direct Inquiry,High,2025-02-11,2025-03-10,14,2025-11-17,2025-11-20,3,279,72,216,96,1,Half Ballroom,1,1,13,0.0,0.0,2,70.9,163.22,141.36,30533.76,1221.72,5184.35,36939.83,159,22476.24,1221.72,4937.47,28635.43,0.7361111111111112,17.144,,2025,11,4,63.4,36.6,1,77.27,149.67,226.94,226.94,149.67,2,5.1,68,72,63,0,1,7,3,36,1,0,1,Theater,3,1,1.71,1221.72,2150,4848,9813.72,5,0,0,0,28.6,0.8,13.39,171.02,0.75,0.104,Shoulder,0,0,Mon,0,0,1,0,1,48,38,784491.94,0.7917,0,1,148,0.486,Moderate,0,0,93.3,0.0466
B-202511-26176,Booked,Manufacturing Alliance,Sales Kickoff,Corporate,Virtual,Full Package,Professional Services,Other,Third-Party Planner,High,2025-09-07,2025-09-25,7,2025-11-19,2025-11-22,3,73,93,279,123,1,Grand Ballroom,1,0,11,1.0,95604.22,2,70.0,164.85,147.6,41180.4,2798.16,15725.82,59704.38,255,37638.0,2798.16,14976.97,55413.13,0.913978494623656,40.588,,2025,11,2,58.7,41.3,1,43.87,147.52,191.39,191.39,147.52,2,1.8,92,93,89,0,2,3,3,24,1,0,1,Theater,3,1,3.0,2798.16,1950,27921,37067.33,5,0,0,0,100.0,0.51,10.46,213.99,0.756,0.163,Shoulder,0,2,Wed,0,0,0,0,1,51,37,491179.03,0.7255,0,1,89,1.0,High,1,1,100.0,0.1507
B-202511-47236,Booked,Family Celebration,Graduation Celebration,Wedding/Social,In-person,Full Package,Social,Social/Private,Referral,Low,2025-05-10,2025-06-06,14,2025-11-19,2025-11-20,1,193,34,34,37,1,Breakout Room,1,1,13,1.0,14711.51,1,64.2,157.78,136.07,4626.38,587.43,2948.72,8162.53,18,2449.26,587.43,2808.3,5844.99,0.5294117647058824,75.9,,2025,11,2,65.6,34.4,0,15.9,144.88,160.78,0.0,144.88,1,0.0,34,0,0,0,1,1,1,4,0,0,1,Reception,1,0,1.0,587.43,150,1665,2417.47,1,0,1,1,0.0,0.93,13.76,240.07,0.919,0.27,Shoulder,0,2,Wed,0,0,0,0,1,76,63,358608.42,0.8289,0,1,0,,Unknown,0,1,100.0,0.0674
B-202511-73522,Booked,Professional Services Group,Sales Kickoff,Corporate,Hybrid,Full Package,Technology,Other,Cvent,Medium,2025-08-22,2025-09-15,12,2025-11-19,2025-11-21,2,89,38,76,45,1,Half Ballroom,1,0,12,0.0,0.0,3,73.6,157.08,151.72,11530.72,1352.5,3998.48,16881.7,72,10923.84,1352.5,3808.08,16084.42,0.9473684210526316,42.312,,2025,11,4,56.7,43.3,1,61.45,159.97,221.42,221.42,159.97,2,10.5,34,38,0,0,1,2,2,16,1,0,1,Classroom,3,1,2.5,1352.5,1000,3696,5919.59,4,0,0,0,100.0,0.38,3.41,222.13,0.844,0.222,Shoulder,0,2,Wed,0,0,1,0,1,54,41,494950.29,0.7593,0,1,89,0.427,Moderate,0,0,93.3,0.1348
B-202511-29463,Booked,Family Celebration,Bar/Bat Mitzvah,Wedding/Social,In-person,Rooms Only,Social,Social/Private,Repeat Client,Low,2024-11-21,2025-01-04,39,2025-11-21,2025-11-22,1,365,25,25,27,0,,0,1,5,1.0,4147.77,1,73.6,165.92,160.91,4022.75,0.0,0.0,4022.75,14,2252.74,0.0,0.0,2252.74,0.56,0.0,,2025,11,3,53.0,47.0,1,157.05,153.43,310.48,206.26,153.43,1,0.0,25,0,0,0,0,0,0,0,0,0,0,,0,0,0.0,0.0,0,0,0.0,0,0,0,0,0.0,0.0,3.02,160.91,0.926,0.0,Shoulder,0,4,Fri,1,1,0,1,1,77,64,364453.41,0.8312,0,1,102,0.245,Low,0,0,100.0,0.0137
B-202511-74617,Booked,Travel Club International,Architecture Tour Group,Corporate,In-person,Rooms Only,Trade/Manufacturing,Trade/Manufacturing,Cvent,Medium,2025-08-24,2025-09-08,8,2025-11-23,2025-11-24,1,91,61,61,67,0,,0,0,7,1.0,8159.59,2,72.1,158.98,141.34,8621.74,0.0,0.0,8621.74,55,7773.7,0.0,0.0,7773.7,0.9016393442622952,0.0,,2025,11,4,66.0,34.0,1,127.7,161.65,289.35,255.17,161.65,1,0.0,61,0,0,0,0,0,0,0,0,0,0,,0,0,0.0,0.0,0,0,0.0,0,0,0,0,0.0,0.0,11.1,141.34,0.91,0.0,Shoulder,0,6,Sun,1,0,0,0,1,18,13,67755.23,0.7222,0,1,98,0.622,High,1,0,100.0,0.0769
B-202511-99827,Booked,Banking Consortium,New Hire Orientation,Corporate,In-person,Full Package,Finance,Finance,Cvent,Medium,2025-08-20,2025-09-05,8,2025-11-23,2025-11-25,2,95,61,122,70,1,Half Ballroom,1,0,8,1.0,40632.31,2,68.3,166.1,156.66,19112.52,1386.04,3157.12,23655.68,105,16449.3,1386.04,3006.78,20842.12,0.860655737704918,21.477,,2025,11,2,65.9,34.1,1,56.21,136.52,192.73,192.73,136.52,2,13.1,53,61,0,0,2,2,2,16,1,0,1,Banquet,3,1,2.5,1386.04,1000,1704,3966.3,2,0,0,0,100.0,0.58,5.68,193.9,0.871,0.286,Shoulder,0,6,Sun,1,0,0,0,1,41,32,410056.46,0.7805,0,1,127,0.48,Moderate,0,0,100.0,0.0842
B-202511-50525,Booked,Professional Services Group,New Hire Orientation,Corporate,Hybrid,Meeting Only,Finance,Other,Cvent,Medium,2025-09-30,2025-10-18,8,2025-11-24,2025-11-27,3,55,0,0,65,1,Half Ballroom,0,0,10,0.0,0.0,3,74.7,161.86,0.0,0.0,1306.14,9633.08,10939.22,0,0.0,1306.14,9174.36,10480.5,,47.048,,2025,11,0,0.0,0.0,0,0.0,0.0,0.0,0.0,0.0,0,0.0,0,0,0,0,1,3,3,24,1,0,1,Classroom,2,0,1.67,1306.14,850,4968,7693.14,4,0,0,0,100.0,0.54,100.0,,0.0,0.154,Shoulder,0,0,Mon,0,0,1,0,1,55,42,511034.71,0.7636,0,1,127,0.0,Low,0,0,80.0,0.1818
B-202511-58235,Booked,Energy Solutions,Management Training,Corporate,Virtual,Rooms Only,Healthcare,Other,RFP,Low,2025-09-28,2025-10-10,7,2025-11-24,2025-11-26,2,57,32,64,35,0,,0,1,5,0.0,0.0,3,70.5,166.55,147.76,9456.64,0.0,0.0,9456.64,53,7831.28,0.0,0.0,7831.28,0.828125,0.0,,2025,11,2,54.8,45.2,0,125.65,161.92,287.57,0.0,287.57,2,34.4,21,32,0,0,0,0,0,0,0,0,0,,0,0,0.0,0.0,0,0,0.0,0,0,0,0,0.0,0.0,11.28,147.76,0.914,0.0,Shoulder,0,0,Mon,0,0,1,1,1,51,36,490355.95,0.7059,0,1,188,0.17,Low,0,0,93.3,0.0877
B-202511-85191,Booked,Insurance Federation,Annual Member Conference,Association,Hybrid,Full Package,Finance,Finance,Sales Call,Medium,2025-04-06,2025-05-11,28,2025-11-26,2025-11-27,1,234,60,60,82,1,Half Ballroom,1,1,7,0.0,0.0,2,73.7,167.15,163.02,9781.2,1898.61,1492.46,13172.27,43,7009.86,1898.61,1421.39,10329.86,0.7166666666666667,17.334,,2025,11,4,61.2,38.8,1,133.57,179.62,313.19,256.27,204.52,1,0.0,60,0,0,0,2,3,1,12,1,0,1,Classroom,2,0,1.67,1898.61,850,1160,3012.76,3,0,0,0,0.0,0.68,2.47,219.54,0.732,0.244,Shoulder,0,2,Wed,0,0,1,0,0,43,29,658738.68,0.6744,0,1,160,0.375,Moderate,0,0,93.3,0.0299
B-202511-55555,Booked,Professional Engineers Society,Continuing Education Conference,Association,In-person,Full Package,Association,Other,Sales Call,High,2025-04-27,2025-06-03,28,2025-11-27,2025-11-29,2,214,80,160,104,1,Half Ballroom,1,1,9,1.0,52092.9,4,70.1,159.66,142.22,22755.2,1798.89,3463.39,28017.48,128,18204.16,1798.89,3298.46,23301.51,0.8,15.858,,2025,11,3,56.7,43.3,0,128.9,140.11,269.01,0.0,140.11,2,0.0,80,80,0,0,2,6,2,24,1,0,1,Theater,2,0,1.5,1798.89,1500,3720,7240.93,4,0,0,0,0.0,0.87,10.92,175.11,0.769,0.192,Shoulder,0,3,Thu,0,0,0,0,1,58,44,920377.68,0.7586,0,1,140,0.571,Moderate,0,0,100.0,0.0421
B-202511-12213,Booked,Regional Healthcare System,Strategic Planning Retreat,Corporate,In-person,Full Package,Healthcare,Healthcare,Cvent,High,2025-08-23,2025-09-13,12,2025-11-30,2025-12-03,3,99,30,90,39,1,Breakout Room,1,1,9,0.0,0.0,2,68.3,159.37,151.22,13609.8,522.5,6157.73,20290.03,72,10887.84,522.5,5864.51,17274.85,0.8,50.124,,2025,11,3,57.9,42.1,1,98.53,224.0,322.53,260.31,224.0,2,15.0,24,30,19,0,1,3,3,24,0,0,1,Classroom,3,1,2.67,522.5,1650,7740,12439.57,5,0,0,0,100.0,0.97,5.11,225.44,0.769,0.256,Shoulder,0,6,Sun,1,0,1,0,1,48,42,475697.66,0.875,0,1,93,0.323,Moderate,0,0,93.3,0.0909
B-202511-18820,Booked,Global Industries,Sales Kickoff,Corporate,In-person,Full Package,Technology,Other,Cvent,Medium,2025-10-18,2025-11-06,11,2025-11-30,2025-12-02,2,43,30,60,33,1,Breakout Room,1,0,8,0.0,0.0,3,68.2,168.31,157.76,9465.6,408.51,3027.23,12901.34,57,8992.32,408.51,2883.08,12283.91,0.95,43.683,,2025,11,2,56.0,44.0,0,9.32,155.36,164.68,0.0,155.36,2,10.0,27,30,0,0,1,2,2,16,0,0,1,Theater,3,1,2.5,408.51,1000,4686,7817.7,4,0,0,0,100.0,0.82,6.27,215.02,0.909,0.303,Shoulder,0,6,Sun,1,0,1,0,1,67,55,762477.84,0.8209,0,1,93,0.323,Moderate,0,0,93.3,0.186
B-202511-32148,Booked,HR Professionals Network,Policy Symposium,Association,In-person,Full Package,Professional Services,Professional Services,Third-Party Planner,Medium,2025-04-23,2025-05-25,25,2025-11-30,2025-12-02,2,221,62,124,80,1,Half Ballroom,1,0,7,0.0,0.0,4,73.0,160.65,135.6,16814.4,1772.57,8058.96,26645.93,97,13153.2,1772.57,7675.2,22600.97,0.782258064516129,47.97,,2025,11,3,72.2,27.8,1,95.11,140.19,235.3,235.3,140.19,2,0.0,62,62,0,0,2,2,2,16,1,0,1,Theater,3,1,2.5,1772.57,1000,2600,4799.37,4,0,0,0,100.0,0.67,15.59,214.89,0.775,0.25,Shoulder,0,6,Sun,1,0,1,0,1,45,32,749494.92,0.7111,0,1,93,0.667,High,1,0,93.3,0.0317
B-202512-27621,Booked,Energy Solutions,Strategic Planning Retreat,Corporate,In-person,Rooms Only,Finance,Other,Third-Party Planner,Low,2025-10-17,2025-10-31,9,2025-12-01,2025-12-02,1,45,5,5,5,0,,0,0,5,0.0,0.0,1,50.7,146.6,118.42,592.1,0.0,0.0,592.1,4,473.68,0.0,0.0,473.68,0.8,0.0,,2025,12,4,58.0,42.0,1,144.64,132.24,276.88,235.13,132.24,1,0.0,5,0,0,0,0,0,0,0,0,0,0,,0,0,0.0,0.0,0,0,0.0,0,0,0,0,0.0,0.0,19.22,118.42,1.0,0.0,Low,0,0,Mon,0,0,1,1,1,52,37,498187.23,0.7115,0,1,93,0.054,Low,0,0,93.3,0.1111
B-202512-31370,Booked,Travel Club International,Historic Sites Tour,Corporate,In-person,Full Package,Finance,Finance,Direct Inquiry,Low,2025-10-03,2025-10-29,12,2025-12-03,2025-12-05,2,61,18,36,23,1,Breakout Room,0,0,14,0.0,0.0,2,44.5,146.62,109.57,3944.52,489.36,0.0,4433.88,32,3506.24,489.36,0.0,3995.6,0.8888888888888888,0.0,,2025,12,4,61.8,38.2,0,103.56,113.93,217.49,0.0,113.93,2,66.7,6,18,0,0,1,2,2,8,0,0,1,Classroom,0,0,0.0,489.36,0,0,1191.86,0,0,0,0,0.0,0.57,25.27,123.16,0.783,0.435,Low,0,2,Wed,0,0,1,0,1,19,14,75528.93,0.7368,0,1,181,0.099,Low,0,0,93.3,0.2295
B-202512-88737,Booked,Family Celebration,Family Reunion Weekend,Wedding/Social,In-person,Full Package,Social,Social/Private,Sales Call,Low,2025-03-26,2025-04-22,15,2025-12-04,2025-12-05,1,253,21,21,28,1,Breakout Room,1,1,12,1.0,12874.2,2,43.3,144.27,103.87,2181.27,413.35,2483.18,5077.8,12,1246.44,413.35,2364.94,4024.73,0.5714285714285714,84.462,,2025,12,4,71.9,28.1,1,128.01,127.09,255.1,191.08,127.43,1,0.0,21,0,0,0,1,2,1,8,0,0,1,Banquet,2,0,1.0,413.35,350,1260,2812.78,1,0,1,1,0.0,0.7,28.0,241.8,0.75,0.357,Low,0,3,Thu,0,0,0,0,1,78,65,366706.15,0.8333,0,1,181,0.116,Low,0,0,100.0,0.0474
B-202512-58052,Booked,Senior Adventures,Regional Arts Tour,Corporate,In-person,Rooms Only,Trade/Manufacturing,Trade/Manufacturing,Direct Inquiry,Medium,2025-10-14,2025-10-31,13,2025-12-05,2025-12-07,2,52,30,60,33,0,,0,0,4,0.0,0.0,2,42.0,147.27,106.03,6361.8,0.0,0.0,6361.8,59,6255.77,0.0,0.0,6255.77,0.9833333333333332,0.0,,2025,12,4,66.3,33.7,1,98.6,104.81,203.41,203.41,104.81,2,20.0,24,30,0,0,0,0,0,0,0,0,0,,0,0,0.0,0.0,0,0,0.0,0,0,0,0,0.0,0.0,28.0,106.03,0.909,0.0,Low,0,4,Fri,1,0,1,1,1,27,16,90697.23,0.5926,0,1,153,0.196,Low,0,0,93.3,0.0769
B-202512-75274,Booked,Veterans Group,Faith-Based Conference,SMERF,In-person,Full Package,Government,Government,Referral,Low,2025-09-16,2025-10-03,10,2025-12-06,2025-12-08,2,81,37,74,44,1,Half Ballroom,1,0,7,0.0,0.0,2,50.7,143.73,103.49,7658.26,1083.15,1752.18,10493.59,60,6209.4,1083.15,1668.74,8961.29,0.8108108108108109,18.963,,2025,12,4,62.4,37.6,1,103.25,119.37,222.62,204.21,119.37,2,2.7,36,37,0,0,1,4,2,16,1,0,1,Theater,2,0,1.0,1083.15,650,1880,3942.65,2,0,0,0,0.0,0.37,28.0,141.81,0.841,0.227,Low,0,5,Sat,1,0,1,0,1,17,12,83782.97,0.7059,0,1,183,0.202,Low,0,0,93.3,0.0864
B-202512-35856,Booked,Industry Trade Group,Industry Forum,Association,In-person,Full Package,Trade/Manufacturing,Trade/Manufacturing,Direct Inquiry,Low,2025-04-24,2025-05-20,18,2025-12-08,2025-12-09,1,228,48,48,58,1,Half Ballroom,1,0,8,1.0,18539.65,2,44.5,143.45,103.28,4957.44,1144.24,2541.35,8643.03,33,3408.24,1144.24,2420.34,6972.82,0.6875,41.73,,2025,12,2,62.5,37.5,1,83.95,110.47,194.42,194.42,110.47,1,0.0,48,0,0,0,1,1,1,8,1,0,1,Classroom,2,0,2.0,1144.24,350,1300,2197.45,3,0,0,0,100.0,0.48,28.0,180.06,0.828,0.172,Low,0,0,Mon,0,0,0,0,1,43,30,484447.13,0.6977,0,1,101,0.475,Moderate,0,0,100.0,0.0351
B-202512-39205,Booked,Technology Innovators,Management Training,Corporate,Hybrid,Full Package,Technology,Technology,Sales Call,Medium,2025-09-08,2025-10-01,14,2025-12-08,2025-12-10,2,91,45,90,56,1,Half Ballroom,1,1,9,0.0,0.0,4,49.5,148.75,110.62,9955.8,1394.39,5274.71,16624.9,77,8517.74,1394.39,5023.54,14935.67,0.8555555555555555,44.853,,2025,12,2,57.0,43.0,1,57.12,156.38,213.5,213.5,213.5,2,2.2,44,45,0,0,1,2,2,16,1,0,1,Theater,2,0,1.5,1394.39,500,2832,4537.45,3,0,0,0,100.0,0.47,25.63,184.72,0.804,0.179,Low,0,0,Mon,0,0,1,0,1,52,39,519288.05,0.75,0,1,131,0.344,Moderate,0,0,93.3,0.0989
B-202512-45501,Booked,Private Party,Milestone Birthday Party,Wedding/Social,In-person,Full Package,Social,Social/Private,Cvent,Low,2024-12-22,2025-02-12,38,2025-12-08,2025-12-09,1,351,26,26,28,1,Breakout Room,1,1,14,0.0,0.0,3,48.5,153.87,112.2,2917.2,454.06,2011.13,5382.39,14,1570.8,454.06,1915.37,3940.23,0.5384615384615384,68.406,,2025,12,2,56.0,44.0,0,2.84,126.04,128.88,0.0,126.04,1,0.0,26,0,0,0,1,1,1,4,0,0,1,Banquet,0,0,0.0,454.06,0,1540,2158.7,1,1,0,1,0.0,0.7,27.08,207.02,0.929,0.357,Low,0,0,Mon,0,0,1,0,1,69,55,307489.1,0.7971,0,1,101,0.257,Moderate,0,0,93.3,0.0399
B-202512-70722,Booked,Pharmaceutical Partners,Management Training,Corporate,In-person,Meeting Only,Healthcare,Healthcare,Sales Call,Low,2025-10-21,2025-11-02,7,2025-12-08,2025-12-10,2,48,0,0,107,1,Half Ballroom,0,0,5,1.0,18775.38,2,45.8,140.87,0.0,0.0,1678.22,3810.69,5488.91,0,0.0,1678.22,3629.23,5307.45,,16.959,,2025,12,0,0.0,0.0,0,0.0,0.0,0.0,0.0,0.0,0,0.0,0,0,0,0,2,4,2,24,1,0,1,Theater,3,1,2.0,1678.22,1500,5322,8627.12,5,0,0,0,50.0,0.89,100.0,,0.0,0.187,Low,0,0,Mon,0,0,0,1,1,60,43,633191.95,0.7167,0,1,101,0.0,Low,0,0,86.7,0.1042
B-202512-37604,Booked,Private Individual,Charity Gala,Wedding/Social,In-person,Full Package,Social,Social/Private,Cvent,Medium,2025-03-21,2025-04-29,29,2025-12-09,2025-12-10,1,263,44,44,49,1,Half Ballroom,1,0,10,1.0,16604.0,1,40.9,150.06,108.04,4753.76,1201.53,3989.02,9944.31,28,3025.12,1201.53,3799.07,8025.72,0.6363636363636364,77.532,,2025,12,4,52.4,47.6,1,117.04,118.31,235.35,146.61,118.31,1,0.0,44,0,0,0,1,2,1,8,1,0,1,Banquet,2,0,1.5,1201.53,500,1320,2478.99,1,1,0,1,0.0,0.41,28.0,226.01,0.898,0.204,Low,0,1,Tue,0,0,0,0,1,65,51,261549.5,0.7846,0,1,131,0.336,Moderate,0,0,100.0,0.038
B-202512-69082,Booked,Global Industries,Innovation Workshop,Corporate,In-person,Full Package,Healthcare,Other,Direct Inquiry,High,2025-09-21,2025-10-08,8,2025-12-10,2025-12-13,3,80,49,147,60,1,Half Ballroom,1,0,9,1.0,49648.42,3,43.5,148.99,107.27,15768.69,1283.95,8587.4,25640.04,142,15232.34,1283.95,8178.48,24694.77,0.9659863945578232,45.436,,2025,12,3,55.9,44.1,1,104.45,120.12,224.57,153.7,224.57,2,6.0,42,49,47,0,1,3,3,24,1,0,1,Theater,3,1,2.0,1283.95,1150,4080,7003.98,5,0,0,0,100.0,0.5,28.0,174.42,0.817,0.167,Low,0,2,Wed,0,0,0,0,1,68,56,774761.75,0.8235,0,1,171,0.287,Moderate,0,0,100.0,0.1125
B-202512-68779,Booked,Manufacturing Alliance,Sales Kickoff,Corporate,In-person,Full Package,Healthcare,Other,Sales Call,Medium,2025-10-08,2025-10-30,14,2025-12-13,2025-12-14,1,66,60,60,79,1,Half Ballroom,1,0,8,1.0,23673.62,2,45.2,151.58,109.14,6548.4,1304.94,1969.9,9823.24,48,5238.72,1304.94,1876.09,8419.75,0.8,23.748,,2025,12,2,71.7,28.3,1,74.6,117.86,192.46,192.46,117.86,1,0.0,60,0,0,0,1,1,1,8,1,0,1,Classroom,2,0,2.0,1304.94,350,960,1940.52,2,0,0,0,100.0,0.66,28.0,163.72,0.759,0.127,Low,0,5,Sat,1,0,0,0,1,52,38,546592.16,0.7308,0,1,54,1.0,High,1,1,100.0,0.1212
B-202512-79963,Booked,Energy Solutions,Town Hall Meeting,Corporate,Hybrid,Full Package,Finance,Other,Website,Low,2025-09-28,2025-10-13,8,2025-12-13,2025-12-14,1,76,55,55,72,1,Half Ballroom,1,0,7,0.0,0.0,4,43.9,147.6,106.27,5844.85,1213.69,1807.14,8865.68,48,5100.96,1213.69,1721.09,8035.74,0.8727272727272727,23.904,,2025,12,4,65.1,34.9,1,114.45,126.09,240.54,212.54,126.09,1,0.0,55,0,0,0,1,1,1,8,1,0,1,Theater,1,0,1.0,1213.69,150,720,1499.01,2,0,0,0,100.0,0.6,28.0,161.19,0.764,0.139,Low,0,5,Sat,1,0,1,0,1,53,38,498660.91,0.717,0,1,54,1.0,High,1,1,93.3,0.0921
B-202512-96932,Booked,Private Individual,Williams-Brown Wedding,Wedding/Social,In-person,Full Package,Social,Social/Private,Sales Call,Low,2025-06-06,2025-07-26,40,2025-12-13,2025-12-14,1,190,51,51,65,1,Half Ballroom,1,0,10,0.0,0.0,3,41.4,147.68,106.33,5422.83,1392.6,4991.81,11807.24,29,3083.57,1392.6,4754.1,9230.27,0.5686274509803921,73.14,,2025,12,3,69.5,30.5,1,65.68,129.89,195.57,195.57,146.69,1,0.0,51,0,0,0,2,1,1,4,1,0,1,Reception,2,0,2.0,1392.6,350,1080,1768.52,1,0,1,1,0.0,0.54,28.0,231.51,0.785,0.308,Low,0,5,Sat,1,0,1,0,1,66,52,269575.22,0.7879,0,1,54,0.944,High,1,0,93.3,0.0526
B-202512-99797,Booked,Youth Organization,Church Retreat Weekend,SMERF,In-person,Meeting Only,SMERF,Social/Community,Cvent,Low,2025-10-07,2025-11-03,18,2025-12-13,2025-12-14,1,67,0,0,100,1,Half Ballroom,0,0,9,0.0,0.0,3,47.1,147.5,0.0,0.0,997.69,1042.02,2039.71,0,0.0,997.69,992.4,1990.09,,9.924,,2025,12,0,0.0,0.0,0,0.0,0.0,0.0,0.0,0.0,0,0.0,0,0,0,0,1,4,1,16,1,0,1,Classroom,1,0,1.0,997.69,600,240,2145.11,1,0,0,0,0.0,0.83,100.0,,0.0,0.1,Low,0,5,Sat,1,0,1,0,1,24,19,95616.42,0.7917,0,1,54,0.0,Low,0,0,80.0,0.1343
B-202512-20001,Booked,Professional Services Group,Quarterly Business Review,Corporate,Virtual,Meeting Only,Professional Services,Other,Third-Party Planner,Low,2025-09-24,2025-10-17,13,2025-12-15,2025-12-17,2,82,0,0,37,1,Breakout Room,0,0,10,1.0,12349.8,2,37.6,148.54,0.0,0.0,544.07,3487.41,4031.48,0,0.0,544.07,3321.34,3865.41,,44.883,,2025,12,0,0.0,0.0,0,0.0,0.0,0.0,0.0,0.0,0,0.0,0,0,0,0,1,2,2,16,0,0,1,Classroom,2,0,1.5,544.07,500,3420,5864.93,3,0,0,0,100.0,0.93,100.0,,0.0,0.27,Low,0,0,Mon,0,0,0,0,1,57,43,521515.21,0.7544,0,1,220,0.0,Low,0,0,86.7,0.122
B-202512-33810,Booked,HR Professionals Network,Industry Forum,Association,In-person,Full Package,Professional Services,Professional Services,RFP,High,2025-02-06,2025-03-09,18,2025-12-16,2025-12-19,3,313,78,234,95,1,Half Ballroom,1,0,13,0.0,0.0,4,42.3,145.47,104.74,24509.16,854.37,5187.8,30551.33,164,17177.36,854.37,4940.76,22972.49,0.7008547008547008,17.336,,2025,12,2,57.4,42.6,1,72.03,135.96,207.99,207.99,207.99,2,5.2,73,78,68,0,1,7,3,36,1,0,1,Theater,2,0,1.86,854.37,2250,6180,11250.55,5,0,0,0,28.6,0.79,28.0,130.56,0.821,0.105,Low,0,1,Tue,0,0,1,0,1,46,33,772095.89,0.7174,0,1,105,0.743,High,1,0,93.3,0.0415
B-202512-53331,Booked,Volunteer Network,Fraternity/Sorority Reunion,SMERF,In-person,Rooms Only,Other,Other,RFP,Low,2025-08-17,2025-09-08,15,2025-12-17,2025-12-18,1,122,37,37,40,0,,0,0,7,0.0,0.0,2,46.2,157.03,113.06,4183.22,0.0,0.0,4183.22,33,3730.98,0.0,0.0,3730.98,0.8918918918918919,0.0,,2025,12,2,56.6,43.4,0,21.7,106.7,128.4,0.0,106.7,1,0.0,37,0,0,0,0,0,0,0,0,0,0,,0,0,0.0,0.0,0,0,0.0,0,0,0,0,0.0,0.0,28.0,113.06,0.925,0.0,Low,0,2,Wed,0,0,1,0,1,28,21,141817.67,0.75,0,1,105,0.352,Moderate,0,0,93.3,0.0574
B-202512-67074,Booked,Private Individual,Charity Gala,Wedding/Social,In-person,Full Package,Social,Social/Private,Website,Low,2025-03-04,2025-03-29,14,2025-12-18,2025-12-19,1,289,22,22,26,1,Breakout Room,1,1,11,0.0,0.0,3,40.2,150.3,108.22,2380.84,422.42,2449.79,5253.05,13,1406.86,422.42,2333.14,4162.42,0.5909090909090909,89.736,,2025,12,4,71.1,28.9,1,78.56,106.97,185.53,185.53,106.97,1,0.0,22,0,0,0,1,1,1,4,0,0,1,Banquet,2,0,2.0,422.42,350,1430,2374.36,1,1,0,1,0.0,0.65,28.0,238.78,0.846,0.385,Low,0,3,Thu,0,0,1,0,1,67,53,278805.49,0.791,0,1,0,,Unknown,0,1,93.3,0.0381
B-202512-89244,Booked,Nursing Council,Regional Chapter Meeting,Association,Hybrid,Rooms Only,Healthcare,Healthcare,Website,High,2025-06-23,2025-07-19,19,2025-12-18,2025-12-21,3,178,103,309,113,0,,0,0,7,1.0,61159.09,4,45.1,144.35,103.93,32114.37,0.0,0.0,32114.37,199,20682.07,0.0,0.0,20682.07,0.6440129449838188,0.0,,2025,12,2,57.5,42.5,0,12.48,100.34,112.82,0.0,100.34,2,4.8,99,103,91,0,0,0,0,0,0,0,0,,0,0,0.0,0.0,0,0,0.0,0,0,0,0,0.0,0.0,28.0,103.93,0.912,0.0,Low,0,3,Thu,0,0,0,0,1,50,34,581663.94,0.68,0,1,81,1.0,High,1,1,100.0,0.0393
B-202512-95344,Booked,Private Individual,Bar/Bat Mitzvah,Wedding/Social,In-person,Full Package,Social,Social/Private,Direct Inquiry,Low,2024-12-24,2025-01-20,20,2025-12-18,2025-12-19,1,359,27,27,35,1,Breakout Room,1,1,7,0.0,0.0,2,45.4,138.73,99.89,2697.03,366.26,2609.62,5672.91,17,1698.13,366.26,2485.35,4549.74,0.6296296296296297,71.01,,2025,12,2,50.4,49.6,1,27.32,138.68,166.0,166.0,166.0,1,0.0,27,0,0,0,1,1,1,4,0,0,1,Reception,1,0,1.0,366.26,150,1925,2723.57,1,1,0,1,0.0,0.88,28.0,210.11,0.771,0.286,Low,0,3,Thu,0,0,1,0,1,67,53,278805.49,0.791,0,1,0,,Unknown,0,1,93.3,0.0195
B-202512-19350,Booked,Regional Healthcare System,Board of Directors Meeting,Corporate,In-person,Full Package,Healthcare,Healthcare,Cvent,Low,2025-09-01,2025-09-22,9,2025-12-19,2025-12-20,1,109,36,36,49,1,Half Ballroom,1,1,12,1.0,13294.25,2,39.5,149.75,107.82,3881.52,1165.93,2250.73,7298.18,30,3234.6,1165.93,2143.55,6544.08,0.8333333333333334,43.746,,2025,12,2,64.2,35.8,0,104.26,126.08,230.34,0.0,230.34,1,0.0,36,0,0,0,1,1,1,8,1,0,1,Classroom,1,0,1.0,1165.93,150,2088,2872.61,4,0,0,0,100.0,0.41,28.0,202.73,0.735,0.204,Low,0,4,Fri,1,0,0,0,1,49,43,492972.51,0.8776,0,1,81,0.444,Moderate,0,0,100.0,0.1101
B-202512-15301,Booked,Global Industries,Board of Directors Meeting,Corporate,In-person,Meeting Only,Technology,Other,Third-Party Planner,Low,2025-11-12,2025-12-01,12,2025-12-21,2025-12-23,2,39,0,0,59,1,Half Ballroom,0,0,7,1.0,17103.47,4,46.3,149.08,0.0,0.0,888.24,5184.1,6072.34,0,0.0,888.24,4937.24,5825.48,,41.841,,2025,12,0,0.0,0.0,0,0.0,0.0,0.0,0.0,0.0,0,0.0,0,0,0,0,1,2,2,16,1,0,1,Theater,1,0,1.0,888.24,300,2568,4093.45,4,0,0,0,100.0,0.49,100.0,,0.0,0.169,Low,0,6,Sun,1,0,0,0,1,69,57,799456.52,0.8261,0,1,142,0.0,Low,0,0,86.7,0.1795
B-202512-73870,Booked,Regional Healthcare System,Annual Sales Conference,Corporate,Hybrid,Full Package,Healthcare,Healthcare,Repeat Client,High,2025-07-29,2025-08-19,10,2025-12-21,2025-12-23,2,145,78,156,106,1,Half Ballroom,1,0,11,1.0,47994.53,2,47.0,152.44,117.05,18259.8,1463.23,4099.63,23822.66,147,17206.35,1463.23,3904.4,22573.98,0.9423076923076924,18.417,,2025,12,4,70.9,29.1,1,120.41,126.72,247.13,209.05,126.72,2,15.4,66,78,0,0,2,5,2,24,1,0,1,Classroom,3,1,2.2,1463.23,2050,4818,8744.12,5,0,0,0,20.0,0.88,23.22,152.71,0.736,0.189,Low,0,6,Sun,1,1,0,0,1,50,44,499516.59,0.88,0,1,142,0.549,Moderate,0,0,100.0,0.0759
B-202512-35624,Booked,Travel Club International,Culinary Tour Group,Corporate,In-person,Full Package,Trade/Manufacturing,Trade/Manufacturing,Direct Inquiry,High,2025-10-05,2025-10-26,10,2025-12-23,2025-12-24,1,79,26,26,36,1,Breakout Room,0,0,11,0.0,0.0,3,41.8,148.85,107.17,2786.42,379.0,0.0,3165.42,25,2679.25,379.0,0.0,3058.25,0.9615384615384616,0.0,,2025,12,3,59.2,40.8,1,67.76,119.26,187.02,187.02,119.26,1,0.0,26,0,0,0,1,1,1,4,0,0,1,Banquet,1,0,1.0,379.0,150,0,702.91,0,0,0,0,0.0,0.9,28.0,121.75,0.722,0.278,Low,0,1,Tue,0,0,1,0,1,20,15,79524.53,0.75,0,1,92,0.283,Moderate,0,0,93.3,0.1392
B-202512-82456,Booked,TechCorp Solutions,Customer Advisory Board,Corporate,In-person,Full Package,Technology,Technology,Third-Party Planner,Low,2025-09-08,2025-10-02,14,2025-12-23,2025-12-25,2,106,25,50,33,1,Breakout Room,1,0,10,1.0,21150.43,2,46.4,142.27,102.43,5121.5,558.72,2918.92,8599.14,41,4199.63,558.72,2779.92,7538.27,0.82,42.12,,2025,12,3,51.5,48.5,1,97.61,133.33,230.94,197.0,197.0,2,0.0,25,25,0,0,1,2,2,16,0,0,1,Classroom,3,1,3.0,558.72,1300,4620,7936.06,4,0,0,0,100.0,0.82,28.0,171.98,0.758,0.303,Low,0,1,Tue,0,0,0,0,1,47,33,360658.58,0.7021,0,1,118,0.212,Low,0,0,100.0,0.0943
B-202512-88404,Booked,Accounting Institute,Networking Summit,Association,Hybrid,Full Package,Finance,Finance,Referral,High,2025-03-07,2025-04-16,27,2025-12-23,2025-12-25,2,291,77,154,101,1,Half Ballroom,1,1,13,0.0,0.0,1,53.1,141.06,107.38,16536.52,1039.39,4272.12,21848.03,112,12026.56,1039.39,4068.68,17134.63,0.7272727272727273,20.142,,2025,12,4,51.9,48.1,1,81.49,115.05,196.54,196.54,115.05,2,10.4,69,77,0,0,1,4,2,24,1,0,1,Classroom,2,0,1.75,1039.39,1200,3784,6793.24,4,0,0,0,50.0,0.84,23.88,141.87,0.762,0.099,Low,0,1,Tue,0,0,1,0,1,50,42,853392.09,0.84,0,1,118,0.653,High,1,0,93.3,0.0447
B-202512-38876,Booked,Consulting Network,Performance Review Summit,Corporate,In-person,Meeting Only,Professional Services,Professional Services,Sales Call,Low,2025-09-20,2025-10-07,7,2025-12-24,2025-12-26,2,95,0,0,83,1,Half Ballroom,0,1,10,0.0,0.0,2,42.4,150.68,0.0,0.0,984.26,3357.02,4341.28,0,0.0,984.26,3197.16,4181.42,,19.26,,2025,12,0,0.0,0.0,0,0.0,0.0,0.0,0.0,0.0,0,0.0,0,0,0,0,1,4,2,24,1,0,1,Classroom,3,1,2.0,984.26,1500,3324,6691.87,5,0,0,0,50.0,0.69,100.0,,0.0,0.12,Low,0,2,Wed,0,0,1,0,1,49,37,426799.68,0.7551,0,1,118,0.0,Low,0,0,80.0,0.1053
B-202512-92434,Booked,Real Estate Board,Continuing Education Conference,Association,In-person,Full Package,Government,Government,Cvent,High,2025-05-22,2025-06-15,15,2025-12-26,2025-12-29,3,218,77,231,92,1,Half Ballroom,1,0,9,1.0,58836.59,1,43.9,143.95,103.64,23940.84,1085.72,4674.47,29701.03,160,16582.4,1085.72,4451.88,22120.0,0.6926406926406926,16.13,,2025,12,3,54.3,45.7,0,25.02,104.19,129.21,0.0,119.75,2,4.0,70,77,76,0,1,7,3,36,1,0,1,Classroom,3,1,1.86,1085.72,2350,3880,9103.03,4,0,0,0,28.6,0.77,28.0,128.58,0.837,0.109,Low,0,4,Fri,1,0,0,0,1,50,39,813127.37,0.78,0,1,143,0.538,Moderate,0,0,100.0,0.0413
B-202512-48187,Booked,Faith Community,Church Retreat Weekend,SMERF,In-person,Full Package,Other,Other,Direct Inquiry,Low,2025-10-23,2025-11-24,20,2025-12-28,2025-12-29,1,66,21,21,28,1,Breakout Room,1,0,12,0.0,0.0,2,49.5,149.98,113.98,2393.58,589.23,333.22,3316.03,18,2051.64,589.23,317.35,2958.22,0.8571428571428571,11.334,,2025,12,3,68.4,31.6,1,118.41,134.08,252.49,170.63,134.08,1,0.0,21,0,0,0,1,1,1,8,0,0,1,Classroom,2,0,2.0,589.23,350,336,1708.51,1,0,0,0,100.0,0.7,24.0,157.91,0.75,0.357,Low,0,6,Sun,1,0,1,0,1,16,12,66548.66,0.75,0,1,122,0.172,Low,0,0,93.3,0.1818
B-202512-67349,Booked,Consulting Network,Town Hall Meeting,Corporate,In-person,Full Package,Professional Services,Professional Services,Website,High,2025-10-01,2025-10-22,12,2025-12-30,2026-01-01,2,90,70,140,79,1,Half Ballroom,1,0,9,1.0,36509.35,2,42.7,151.28,111.05,15547.0,974.62,7395.82,23917.44,116,12881.8,974.62,7043.64,20900.06,0.8285714285714286,44.58,,2025,12,2,63.2,36.8,0,14.53,118.03,132.56,0.0,118.03,2,14.3,60,70,0,0,1,2,2,16,1,0,1,Classroom,3,1,3.0,974.62,1300,3648,6160.41,5,0,0,0,100.0,0.66,26.59,170.84,0.886,0.127,Low,0,1,Tue,0,0,0,0,1,50,38,430981.1,0.76,0,1,150,0.467,Moderate,0,0,100.0,0.1
