RFP_ID,Status,Account_Name,Event_Name,Event_Type,Event_Format,Event_Configuration,Market_Segment,Organization_Industry,Lead_Source,Client_Priority,Inquiry_Date,Decision_Date,Decision_Days,Arrival_Date,Departure_Date,Nights,Lead_Time,Peak_Room_Block,Total_Room_Nights_Requested,Attendees,Has_Meeting_Space,Meeting_Spaces,Has_FnB_Requirements,Has_Special_Requirements,Response_Due_Days,Budget_Provided,Budget_Amount,Destinations_Considered,Forecasted_Occupancy,Baseline_ADR,Quoted_ADR,Proposed_Room_Revenue,Proposed_Meeting_Revenue,Proposed_FnB_Revenue,Proposed_Total_Revenue,Actual_Room_Nights,Actual_Room_Revenue,Actual_Meeting_Revenue,Actual_FnB_Revenue,Actual_Total_Revenue,Actual_Pickup_Rate,Actual_FnB_Per_Person,Lost_Reason,Year,Month,Num_Room_Types,Pct_Standard_Rooms,Pct_Premium_Rooms,Has_Suites,Rate_Spread,Min_Room_Rate,Max_Room_Rate,Suite_Rate,Standard_Rate,Peak_Night_Index,Night_Variance_Pct,Rooms_Night_1,Rooms_Night_2,Rooms_Night_3,Rooms_Night_4,Num_Meeting_Rooms,Num_Sessions,Num_Meeting_Days,Total_Meeting_Hours,Uses_Ballroom,Uses_Boardroom,Num_Setup_Styles,Primary_Setup,Max_AV_Level,Has_Premium_AV,Avg_AV_Level,Total_Room_Rental,Total_AV_Cost,Total_Session_FnB,Total_Meeting_Cost,Num_FnB_Types,Has_Dinner,Has_Reception,Has_Evening_Session,Full_Day_Pct,Avg_Room_Utilization,ADR_Discount_Pct,Revenue_Per_Room_Night,Rooms_Per_Attendee,Meeting_Space_Ratio,Demand_Tier,Is_Compression_Date,Day_of_Week_Arrival,Arrival_DOW_Name,Is_Weekend_Arrival,Is_Repeat_Client,Flag_Missing_Rate_Target,Flag_Short_Response_Window,Flag_Rate_Below_Baseline,Account_Prior_Events,Account_Prior_Booked,Account_Prior_Revenue,Account_Win_Rate,Is_First_Time_Account,Has_Prior_Decline,Rooms_Available_Peak_Date,Displacement_Risk_Score,Displacement_Risk_Level,Flag_High_Displacement,Flag_Date_Conflict,Completeness_Score,Urgency_Index
L-202301-84668,Lost,Financial Services Group,Innovation Workshop,Corporate,In-person,Full Package,Technology,Technology,Referral,High,2022-10-25,2022-11-13,9,2023-01-04,2023-01-06,2,71,21,42,26,1,Breakout Room,1,0,10,0.0,0.0,4,48.5,154.33,115.54,4852.68,4402.21,2825.44,12080.33,0,0.0,0.0,0.0,0.0,,0.0,Rates Too High / Client Declined,2023,1,3,52.6,47.4,1,80.45,152.93,233.38,180.62,180.62,2,38.1,13,21,0,0,1,4,2,16,0,0,1,Classroom,2,0,2.09,567.86,312,6552,7269.2,3,0,0,0,100.0,0.65,25.13,287.63,0.808,0.385,Low,0,2,Wed,0,0,1,0,1,0,0,0.0,,1,0,128,0.164,Low,0,0,93.3,0.1408
L-202301-83792,Lost,Global Industries,Town Hall Meeting,Corporate,In-person,Full Package,Government,Government,Website,Low,2022-12-06,2022-12-20,7,2023-01-15,2023-01-17,2,40,56,112,62,1,Half Ballroom,1,0,7,1.0,75166.31,1,46.5,142.66,111.36,12472.32,5268.61,5989.37,23730.3,0,0.0,0.0,0.0,0.0,,0.0,Dates Not Available,2023,1,3,55.1,44.9,0,99.89,103.38,203.27,0.0,103.38,2,3.6,54,56,0,0,1,1,1,8,1,0,1,Classroom,1,0,0.95,1369.73,604,2976,5734.58,4,0,0,0,100.0,0.52,21.94,211.88,0.903,0.161,Low,0,6,Sun,1,0,0,0,1,1,1,19727.32,1.0,0,0,220,0.255,Moderate,0,0,100.0,0.175
L-202301-11504,Lost,Retail Corporation,Product Launch Event,Corporate,Hybrid,Full Package,Legal,Legal,Website,Low,2022-11-07,2022-12-03,12,2023-01-18,2023-01-19,1,72,51,51,66,1,Half Ballroom,1,1,14,0.0,0.0,1,48.0,145.13,106.92,5452.92,2994.42,3396.61,11843.95,0,0.0,0.0,0.0,0.0,,0.0,Space Not Adequate,2023,1,2,70.5,29.5,0,105.7,102.04,207.74,0.0,102.04,1,0.0,51,0,0,0,1,4,2,16,1,0,1,Banquet,3,1,2.71,1094.93,888,0,1916.76,0,0,0,0,0.0,0.55,26.33,232.23,0.773,0.152,Low,0,2,Wed,0,0,1,0,1,0,0,0.0,,1,0,172,0.297,Moderate,0,0,93.3,0.1944
L-202301-82132,Lost,Professional Engineers Society,Industry Forum,Association,Hybrid,Full Package,Other,Other,Sales Call,Low,2022-04-27,2022-06-01,25,2023-01-26,2023-01-28,2,274,41,82,45,1,Half Ballroom,1,1,10,1.0,34493.76,2,49.6,148.11,106.64,8744.48,3793.82,5316.51,17854.81,0,0.0,0.0,0.0,0.0,,0.0,Rates Too High / Client Declined,2023,1,4,55.8,44.2,1,121.87,95.62,217.49,150.97,95.62,2,14.6,35,41,0,0,1,2,2,16,1,0,1,Theater,0,0,0.32,853.36,0,5176,7570.82,4,0,0,0,100.0,0.38,28.0,217.74,0.911,0.222,Low,0,3,Thu,0,0,0,0,1,1,1,5681.96,1.0,0,0,205,0.2,Low,0,0,100.0,0.0365
L-202301-27601,Lost,Personal Event,Holiday Party,Wedding/Social,In-person,Full Package,Other,Other,Cvent,High,2022-08-24,2022-09-23,17,2023-01-30,2023-02-02,3,159,31,93,35,1,Breakout Room,1,0,13,0.0,0.0,1,44.2,142.2,102.38,9521.34,8177.16,8575.72,26274.22,0,0.0,0.0,0.0,0.0,,0.0,Chose Another Venue,2023,1,2,60.8,39.2,1,92.56,92.83,185.39,185.39,92.83,2,16.1,23,31,19,0,1,1,2,8,0,0,1,Banquet,3,1,2.65,360.22,119,1206,3592.53,2,0,0,0,100.0,0.88,28.0,282.52,0.886,0.286,Low,0,0,Mon,0,0,1,0,1,1,1,1122.6,1.0,0,0,84,0.369,Moderate,0,0,93.3,0.0818
L-202301-31299,Lost,Private Party,Bar/Bat Mitzvah,Wedding/Social,In-person,Full Package,Social,Social/Private,Sales Call,Low,2022-06-16,2022-07-28,32,2023-01-30,2023-01-31,1,228,33,33,45,1,Half Ballroom,1,1,10,1.0,23596.02,3,49.8,157.83,117.0,3861.0,3134.97,3647.66,10643.63,0,0.0,0.0,0.0,0.0,,0.0,Rates Too High / Client Declined,2023,1,3,58.1,41.9,1,74.01,110.17,184.18,184.18,184.18,1,0.0,33,0,0,0,1,8,3,36,1,0,1,Banquet,2,0,2.21,1175.5,917,11000,13820.87,5,1,1,1,100.0,0.38,25.87,322.53,0.733,0.222,Low,0,0,Mon,0,0,0,0,1,2,2,12833.14,1.0,0,0,60,0.55,Moderate,0,0,100.0,0.0439
L-202302-44675,Lost,Manufacturing Alliance,Board of Directors Meeting,Corporate,In-person,Meeting Only,Healthcare,Healthcare,Cvent,Medium,2022-12-19,2023-01-09,13,2023-02-03,2023-02-05,2,46,0,0,109,1,Half Ballroom,1,0,8,0.0,0.0,4,56.1,152.19,0.0,0.0,7114.69,11711.26,18825.95,0,0.0,0.0,0.0,0.0,,0.0,Dates Not Available,2023,2,0,0.0,0.0,0,0.0,0.0,0.0,0.0,0.0,0,0.0,0,0,0,0,2,1,2,16,1,0,1,Theater,2,0,1.59,1587.4,1390,360,2303.39,1,0,0,0,0.0,0.91,100.0,,0.0,0.183,Low,0,4,Fri,1,0,1,0,1,0,0,0.0,,1,0,209,0.0,Low,0,0,80.0,0.1739
L-202302-62488,Lost,Banking Consortium,Regional Team Meeting,Corporate,In-person,Meeting Only,Finance,Finance,Direct Inquiry,Medium,2022-11-05,2022-11-25,13,2023-02-10,2023-02-12,2,97,0,0,29,1,Breakout Room,0,0,7,0.0,0.0,2,53.5,154.84,0.0,0.0,4526.78,2614.1,7140.88,0,0.0,0.0,0.0,0.0,,0.0,Budget Constraints,2023,2,0,0.0,0.0,0,0.0,0.0,0.0,0.0,0.0,0,0.0,0,0,0,0,1,3,3,24,0,0,1,Theater,3,1,2.66,483.26,884,6012,8311.45,3,0,0,0,100.0,0.72,100.0,,0.0,0.345,Low,0,4,Fri,1,0,1,0,1,2,2,18303.44,1.0,0,0,120,0.0,Low,0,0,80.0,0.0722
L-202302-35995,Lost,HR Professionals Network,Networking Summit,Association,In-person,Full Package,Healthcare,Healthcare,Cvent,Low,2022-03-06,2022-03-31,17,2023-02-13,2023-02-15,2,344,59,118,75,1,Half Ballroom,1,1,8,0.0,0.0,1,54.3,148.68,109.87,12964.66,4577.18,7246.36,24788.2,0,0.0,0.0,0.0,0.0,,0.0,Dates Not Available,2023,2,4,55.9,44.1,1,72.31,94.2,166.51,166.51,94.2,2,0.0,59,59,0,0,1,2,2,16,1,0,1,Banquet,2,0,1.66,896.03,676,3270,5759.99,5,1,0,1,0.0,0.62,26.1,210.07,0.787,0.133,Low,0,0,Mon,0,0,1,0,1,1,1,28260.45,1.0,0,0,202,0.292,Moderate,0,0,93.3,0.0233
L-202302-82140,Lost,Retail Corporation,Product Launch Event,Corporate,Hybrid,Full Package,Technology,Technology,Sales Call,Medium,2022-11-27,2022-12-15,8,2023-02-14,2023-02-17,3,79,21,63,25,1,Breakout Room,1,0,10,1.0,36906.7,1,54.1,153.2,117.31,7390.53,6713.44,3969.02,18072.99,0,0.0,0.0,0.0,0.0,,0.0,Budget Constraints,2023,2,2,53.4,46.6,1,21.44,187.14,208.58,187.14,208.58,2,21.4,20,21,11,0,1,2,2,16,0,0,1,Classroom,0,0,0.25,481.38,0,0,732.15,0,0,0,0,50.0,0.62,23.43,286.87,0.84,0.4,Low,0,1,Tue,0,0,0,0,1,2,1,9918.18,0.5,0,1,27,0.778,High,1,0,100.0,0.1266
L-202302-85454,Lost,Global Industries,New Hire Orientation,Corporate,In-person,Full Package,Other,Other,Third-Party Planner,Medium,2022-12-03,2022-12-20,10,2023-02-14,2023-02-16,2,73,47,94,61,1,Half Ballroom,1,1,7,0.0,0.0,4,52.0,145.36,116.36,10937.84,5068.43,7320.72,23326.99,0,0.0,0.0,0.0,0.0,,0.0,Client Went Direct,2023,2,4,58.8,41.2,1,112.24,108.79,221.03,155.98,127.39,2,2.1,46,47,0,0,2,2,1,8,1,0,1,Classroom,2,0,1.72,1548.59,216,1728,4033.01,2,0,0,0,100.0,0.51,19.95,248.16,0.77,0.328,Low,0,1,Tue,0,0,1,0,1,3,2,43861.5,0.6667,0,1,27,1.0,High,1,1,93.3,0.0959
L-202302-23006,Lost,Manufacturing Alliance,Regional Team Meeting,Corporate,In-person,Full Package,Legal,Legal,Website,Medium,2022-12-15,2023-01-04,9,2023-02-20,2023-02-21,1,67,23,23,29,1,Breakout Room,1,0,11,0.0,0.0,3,52.3,150.5,122.04,2806.92,2712.74,1417.79,6937.45,0,0.0,0.0,0.0,0.0,,0.0,Space Not Adequate,2023,2,4,67.8,32.2,1,112.66,128.67,241.33,146.61,128.67,1,0.0,23,0,0,0,1,8,3,24,0,0,1,Classroom,0,0,0.44,399.15,0,0,767.51,0,0,0,0,0.0,0.72,18.91,301.63,0.793,0.345,Low,0,0,Mon,0,0,1,0,1,1,0,0.0,0.0,0,1,186,0.124,Low,0,0,93.3,0.1642
L-202302-25157,Lost,Legal Society,Leadership Institute,Association,In-person,Full Package,Other,Other,RFP,Low,2022-05-31,2022-07-03,20,2023-02-20,2023-02-23,3,265,120,360,164,1,Grand Ballroom,1,0,13,1.0,47285.44,2,55.2,152.66,124.55,44838.0,9219.37,27359.41,81416.78,0,0.0,0.0,0.0,0.0,,0.0,Dates Not Available,2023,2,3,63.8,36.2,0,129.16,101.74,230.9,0.0,101.74,2,4.1,114,120,108,0,2,1,1,8,1,0,1,Classroom,2,0,1.96,3033.61,1371,2373,8636.66,3,0,0,0,0.0,0.68,18.41,226.16,0.732,0.122,Low,0,0,Mon,0,0,0,0,1,3,3,60548.17,1.0,0,0,152,0.789,High,1,0,100.0,0.0491
L-202302-74340,Lost,Manufacturing Alliance,Customer Advisory Board,Corporate,Virtual,Full Package,Legal,Legal,RFP,Low,2023-01-18,2023-02-10,12,2023-02-21,2023-02-23,2,34,56,112,76,1,Half Ballroom,1,1,11,1.0,9108.06,3,53.9,160.35,131.7,14750.4,5304.4,8284.01,28338.81,0,0.0,0.0,0.0,0.0,,0.0,Space Not Adequate,2023,2,2,59.6,40.4,1,79.39,137.89,217.28,217.28,137.89,2,16.1,47,56,0,0,1,2,3,36,1,0,1,Classroom,2,0,1.58,1243.69,1469,318,2866.5,1,0,0,0,0.0,0.63,17.87,253.03,0.737,0.132,Low,0,1,Tue,0,0,0,0,1,2,0,0.0,0.0,0,1,220,0.255,Moderate,0,0,100.0,0.3235
L-202302-70552,Lost,Technology Innovators,Leadership Summit,Corporate,In-person,Full Package,Finance,Finance,RFP,Low,2022-11-25,2022-12-17,9,2023-02-22,2023-02-23,1,89,40,40,44,1,Half Ballroom,1,0,13,0.0,0.0,1,54.1,148.76,118.6,4744.0,2685.6,1828.13,9257.73,0,0.0,0.0,0.0,0.0,,0.0,Lost to Competition,2023,2,3,63.6,36.4,1,112.88,132.08,244.96,148.63,148.63,1,0.0,40,0,0,0,1,2,1,8,1,0,1,Banquet,2,0,2.35,977.63,1118,0,3609.87,0,0,0,0,0.0,0.37,20.27,231.44,0.909,0.227,Low,0,2,Wed,0,0,1,0,1,2,2,49069.87,1.0,0,0,220,0.182,Low,0,0,93.3,0.1461
L-202302-45325,Lost,Financial Services Group,Leadership Summit,Corporate,In-person,Full Package,Finance,Finance,Cvent,High,2022-11-15,2022-12-03,8,2023-02-25,2023-02-26,1,102,62,62,68,1,Half Ballroom,1,1,10,0.0,0.0,4,54.4,154.32,133.75,8292.5,2658.57,3413.59,14364.66,0,0.0,0.0,0.0,0.0,,0.0,Canceled by Client,2023,2,2,51.8,48.2,1,61.91,130.35,192.26,192.26,192.26,1,0.0,62,0,0,0,2,5,3,36,1,0,1,Classroom,3,1,2.53,1495.39,152,3900,5447.52,4,1,1,1,100.0,0.57,13.33,231.69,0.912,0.294,Low,0,5,Sat,1,0,1,0,1,4,3,15722.59,0.75,0,1,177,0.35,Moderate,0,0,93.3,0.098
L-202302-90301,Lost,Professional Services Group,Product Launch Event,Corporate,Hybrid,Rooms Only,Professional Services,Professional Services,Website,Medium,2022-12-18,2023-01-01,7,2023-02-25,2023-02-26,1,69,50,50,55,0,,0,0,7,0.0,0.0,4,62.6,149.51,128.48,6424.0,0.0,0.0,6424.0,0,0.0,0.0,0.0,0.0,,0.0,Client Went Direct,2023,2,4,73.4,26.6,1,92.23,113.85,206.08,206.08,113.85,1,0.0,50,0,0,0,0,0,0,0,0,0,0,,0,0,0.0,0.0,0,0,0.0,0,0,0,0,0.0,0.0,14.07,128.48,0.909,0.0,Shoulder,0,5,Sat,1,0,1,0,1,1,1,7448.51,1.0,0,0,177,0.282,Moderate,0,0,93.3,0.1014
L-202302-15383,Lost,Professional Services Group,New Hire Orientation,Corporate,Hybrid,Full Package,Professional Services,Professional Services,Sales Call,Medium,2022-10-20,2022-11-15,13,2023-02-26,2023-02-27,1,129,50,50,62,1,Half Ballroom,1,1,13,0.0,0.0,1,56.8,157.13,113.13,5656.5,2406.15,2890.97,10953.62,0,0.0,0.0,0.0,0.0,,0.0,Lost to Competition,2023,2,4,63.9,36.1,1,67.85,92.75,160.6,160.6,92.75,1,0.0,50,0,0,0,1,2,1,8,1,0,1,Classroom,2,0,2.41,1011.73,932,2052,4003.58,2,0,0,0,100.0,0.52,28.0,219.07,0.806,0.161,Low,0,6,Sun,1,0,1,0,1,2,1,7448.51,0.5,0,1,67,0.746,High,1,0,93.3,0.1008
L-202303-52823,Lost,Pharmaceutical Partners,Sales Kickoff,Corporate,In-person,Full Package,Government,Government,Repeat Client,Medium,2022-12-25,2023-01-19,12,2023-03-03,2023-03-04,1,68,65,65,74,1,Half Ballroom,1,1,13,1.0,33823.0,4,79.0,190.08,186.89,12147.85,2773.64,4142.26,19063.75,0,0.0,0.0,0.0,0.0,,0.0,Canceled by Client,2023,3,4,53.7,46.3,1,71.71,137.3,209.01,209.01,137.3,1,0.0,65,0,0,0,1,1,1,8,1,0,1,Classroom,3,1,2.54,963.64,840,1504,2808.01,2,0,0,0,100.0,0.62,1.68,293.29,0.878,0.135,Peak,0,4,Fri,1,1,0,0,0,3,3,24711.46,1.0,0,0,156,0.417,Moderate,0,0,100.0,0.1912
L-202303-85248,Lost,Insurance Federation,Certification Training,Association,In-person,Full Package,Association,Association,Website,Medium,2022-06-05,2022-07-10,25,2023-03-04,2023-03-07,3,272,10,30,13,1,Boardroom,1,1,10,0.0,0.0,3,73.1,183.14,170.15,5104.5,3532.45,2550.64,11187.59,0,0.0,0.0,0.0,0.0,,0.0,Rates Too High / Client Declined,2023,3,2,51.2,48.8,1,89.03,132.42,221.45,221.45,132.42,2,37.4,1,10,7,0,1,4,3,24,0,1,1,Boardroom,3,1,2.59,395.26,247,8088,8736.73,3,0,0,0,50.0,0.93,7.09,372.92,0.769,0.769,Shoulder,0,5,Sat,1,0,1,0,1,2,2,28744.1,1.0,0,0,220,0.045,Low,0,0,93.3,0.0368
L-202303-63841,Lost,Industry Trade Group,Industry Forum,Association,Hybrid,Full Package,Education,Education,RFP,High,2022-07-08,2022-08-07,18,2023-03-08,2023-03-10,2,243,49,98,58,1,Half Ballroom,1,1,12,1.0,46716.38,2,62.3,150.52,121.33,11890.34,5036.74,5585.92,22513.0,0,0.0,0.0,0.0,0.0,,0.0,Budget Constraints,2023,3,4,71.8,28.2,1,118.46,112.31,230.77,194.23,112.31,2,18.4,40,49,0,0,1,1,2,8,1,0,1,Classroom,2,0,1.57,1264.15,1260,948,3609.87,2,0,0,0,0.0,0.48,19.39,229.72,0.845,0.172,Shoulder,0,2,Wed,0,0,0,0,1,1,1,37759.74,1.0,0,0,62,0.79,High,1,0,100.0,0.0494
L-202303-84000,Lost,TechCorp Solutions,Annual Sales Conference,Corporate,In-person,Full Package,Other,Other,Cvent,Low,2022-11-23,2022-12-09,9,2023-03-08,2023-03-09,1,105,21,21,23,1,Breakout Room,1,0,7,1.0,41701.94,2,62.3,161.79,134.02,2814.42,2464.33,1004.49,6283.24,0,0.0,0.0,0.0,0.0,,0.0,Dates Not Available,2023,3,4,71.3,28.7,1,91.54,121.5,213.04,213.04,131.02,1,0.0,21,0,0,0,1,2,2,24,0,0,1,Theater,0,0,0.08,450.24,0,4392,5139.62,3,0,0,0,100.0,0.57,17.16,299.2,0.913,0.435,Shoulder,0,2,Wed,0,0,0,0,1,1,1,6205.94,1.0,0,0,158,0.133,Low,0,0,100.0,0.0667
L-202303-25220,Lost,TechCorp Solutions,Strategic Planning Retreat,Corporate,In-person,Full Package,Other,Other,Third-Party Planner,Medium,2022-11-29,2022-12-18,8,2023-03-10,2023-03-12,2,101,89,178,104,1,Half Ballroom,1,1,11,0.0,0.0,3,66.3,167.61,152.68,27177.04,8450.62,11487.35,47115.01,0,0.0,0.0,0.0,0.0,,0.0,Canceled by Client,2023,3,3,70.6,29.4,1,32.98,121.5,154.48,154.48,121.5,2,12.4,78,89,0,0,1,1,2,16,1,0,1,Theater,2,0,2.15,1380.35,820,874,2848.61,2,0,0,0,0.0,0.87,8.91,264.69,0.856,0.096,Shoulder,0,4,Fri,1,0,1,0,1,2,1,6205.94,0.5,0,1,97,0.918,High,1,0,93.3,0.1089
L-202303-62262,Lost,Social Event,Retirement Party,Wedding/Social,In-person,Rooms Only,Social,Social/Private,RFP,High,2022-09-20,2022-11-05,39,2023-03-11,2023-03-12,1,172,14,14,15,0,,1,0,7,1.0,53633.61,1,58.8,161.35,135.4,1895.6,0.0,0.0,1895.6,0,0.0,0.0,0.0,0.0,,0.0,Chose Another Venue,2023,3,4,50.1,49.9,1,100.85,124.99,225.84,225.84,139.98,1,0.0,14,0,0,0,0,0,0,0,0,0,0,,0,0,0.0,0.0,0,0,0.0,0,0,0,0,0.0,0.0,16.08,135.4,0.933,0.0,Low,0,5,Sat,1,0,0,0,1,3,3,11421.65,1.0,0,0,97,0.144,Low,0,0,100.0,0.0407
L-202303-30232,Lost,Banking Consortium,Annual Sales Conference,Corporate,Hybrid,Full Package,Legal,Legal,Third-Party Planner,Medium,2022-12-21,2023-01-11,11,2023-03-14,2023-03-16,2,83,46,92,57,1,Half Ballroom,1,0,10,1.0,19635.74,3,63.3,155.09,130.01,11960.92,4530.57,5403.95,21895.44,0,0.0,0.0,0.0,0.0,,0.0,Space Not Adequate,2023,3,3,72.8,27.2,0,120.78,110.76,231.54,0.0,110.76,2,17.4,38,46,0,0,1,3,2,16,1,0,1,Theater,3,1,2.96,1232.98,1126,840,2817.66,1,0,0,0,50.0,0.47,16.17,237.99,0.807,0.175,Shoulder,0,1,Tue,0,0,0,0,1,4,3,30851.22,0.75,0,1,70,0.657,High,1,0,100.0,0.1205
L-202303-83620,Lost,Education Foundation,Certification Training,Association,Hybrid,Full Package,Association,Association,Third-Party Planner,Low,2022-06-15,2022-07-19,27,2023-03-19,2023-03-21,2,277,80,160,104,1,Half Ballroom,1,1,7,0.0,0.0,1,62.2,160.33,125.94,20150.4,5901.99,13361.44,39413.83,0,0.0,0.0,0.0,0.0,,0.0,Client Went Direct,2023,3,4,74.3,25.7,1,141.01,106.48,247.49,165.01,114.42,2,5.0,76,80,0,0,2,7,3,24,1,0,1,Classroom,0,0,0.03,1356.94,0,7938,9197.85,3,0,0,0,0.0,0.87,21.45,246.34,0.769,0.192,Shoulder,0,6,Sun,1,0,1,0,1,4,4,94637.19,1.0,0,0,45,1.0,High,1,1,93.3,0.0253
L-202303-18799,Lost,Pharmaceutical Partners,Executive Offsite,Corporate,In-person,Full Package,Government,Government,Third-Party Planner,Medium,2022-12-26,2023-01-11,8,2023-03-22,2023-03-24,2,86,38,76,51,1,Half Ballroom,1,0,8,0.0,0.0,4,65.8,157.17,151.17,11488.92,5252.13,4588.13,21329.18,0,0.0,0.0,0.0,0.0,,0.0,Chose Another Venue,2023,3,3,66.5,33.5,1,92.68,121.06,213.74,213.74,139.78,2,26.3,28,38,0,0,1,2,1,4,1,0,1,Classroom,3,1,2.75,1298.92,44,6296,7486.59,4,1,0,1,0.0,0.42,3.82,280.65,0.745,0.196,Shoulder,0,2,Wed,0,0,1,0,1,6,5,56817.92,0.8333,0,1,220,0.173,Low,0,0,93.3,0.093
L-202303-27275,Lost,Heritage Travel,Historic Sites Tour,SMERF,In-person,Rooms Only,Association,Association,Sales Call,High,2023-02-05,2023-02-25,13,2023-03-22,2023-03-24,2,45,60,120,66,0,,1,1,7,0.0,0.0,1,61.3,153.56,125.52,15062.4,0.0,0.0,15062.4,0,0.0,0.0,0.0,0.0,,0.0,Lost to Competition,2023,3,4,73.0,27.0,1,87.49,126.49,213.98,213.98,126.49,2,11.7,53,60,0,0,0,0,0,0,0,0,0,,0,0,0.0,0.0,0,0,0.0,0,0,0,0,0.0,0.0,18.26,125.52,0.909,0.0,Shoulder,0,2,Wed,0,0,1,0,1,1,1,1686.5,1.0,0,0,220,0.273,Moderate,0,0,93.3,0.1556
L-202303-10371,Lost,Legal Society,Industry Forum,Association,In-person,Full Package,Other,Other,Sales Call,High,2022-10-20,2022-11-21,23,2023-03-26,2023-03-28,2,157,108,216,146,1,Grand Ballroom,1,1,9,0.0,0.0,3,62.6,159.77,122.07,26367.12,7421.39,15727.87,49516.38,0,0.0,0.0,0.0,0.0,,0.0,Canceled by Client,2023,3,2,70.4,29.6,1,60.02,108.15,168.17,168.17,108.15,2,6.5,101,108,0,0,2,2,2,16,1,0,1,Classroom,2,0,1.98,2140.61,1176,1340,4219.94,2,0,0,0,50.0,0.61,23.6,229.24,0.74,0.137,Shoulder,0,6,Sun,1,0,1,0,1,4,3,60548.17,0.75,0,1,121,0.893,High,1,0,93.3,0.0573
L-202304-75410,Lost,Industry Trade Group,Educational Seminar Series,Association,Virtual,Full Package,Education,Education,RFP,Low,2022-08-11,2022-09-01,14,2023-04-01,2023-04-04,3,233,76,228,92,1,Half Ballroom,1,0,7,1.0,5974.5,4,73.7,169.56,163.75,37335.0,7010.72,13373.37,57719.09,0,0.0,0.0,0.0,0.0,,0.0,Chose Another Venue,2023,4,4,62.7,37.3,0,139.83,136.85,276.68,0.0,154.63,2,6.1,73,76,65,0,2,1,1,8,1,0,1,Classroom,0,0,0.07,1351.14,0,380,2783.63,1,0,0,0,0.0,0.77,3.43,253.15,0.826,0.217,Shoulder,0,5,Sat,1,0,0,0,1,2,1,37759.74,0.5,0,1,73,1.0,High,1,1,100.0,0.03
L-202304-90534,Lost,Volunteer Network,Charity Fundraiser,SMERF,In-person,Meeting Only,Education,Education,Cvent,Low,2023-01-03,2023-01-24,12,2023-04-05,2023-04-07,2,92,0,0,36,1,Breakout Room,0,0,9,0.0,0.0,4,80.1,166.48,0.0,0.0,3283.34,1617.5,4900.84,0,0.0,0.0,0.0,0.0,,0.0,Canceled by Client,2023,4,0,0.0,0.0,0,0.0,0.0,0.0,0.0,0.0,0,0.0,0,0,0,0,1,2,1,4,0,0,1,Classroom,3,1,2.85,488.31,215,3504,5232.72,3,0,0,0,50.0,0.9,100.0,,0.0,0.278,Peak,0,2,Wed,0,0,1,0,1,0,0,0.0,,1,0,65,0.0,Low,0,0,80.0,0.0978
L-202304-96787,Lost,Local School District,Band Competition,SMERF,In-person,Full Package,Other,Other,Referral,Medium,2022-11-25,2022-12-22,18,2023-04-10,2023-04-11,1,136,72,72,81,1,Half Ballroom,1,1,9,1.0,40125.33,3,73.5,170.7,144.88,10431.36,1928.29,1958.48,14318.13,0,0.0,0.0,0.0,0.0,,0.0,Chose Another Venue,2023,4,4,73.1,26.9,1,106.49,145.24,251.73,213.29,145.24,1,0.0,72,0,0,0,2,5,2,8,1,0,1,Theater,2,0,1.8,1728.35,771,5700,7249.65,3,0,0,0,0.0,0.68,15.13,198.86,0.889,0.247,Shoulder,0,0,Mon,0,0,0,0,1,1,1,3965.06,1.0,0,0,163,0.442,Moderate,0,0,100.0,0.0662
L-202304-15706,Lost,Tour Operator Network,Architecture Tour Group,Corporate,In-person,Rooms Only,Legal,Legal,Cvent,Medium,2023-02-17,2023-03-05,9,2023-04-13,2023-04-15,2,55,35,70,38,0,,0,0,7,0.0,0.0,1,82.6,165.6,160.85,11259.5,0.0,0.0,11259.5,0,0.0,0.0,0.0,0.0,,0.0,Lost to Competition,2023,4,4,69.9,30.1,0,169.89,140.97,310.86,0.0,157.85,2,14.3,30,35,0,0,0,0,0,0,0,0,0,,0,0,0.0,0.0,0,0,0.0,0,0,0,0,0.0,0.0,2.87,160.85,0.921,0.0,Peak,0,3,Thu,0,0,1,0,0,1,1,4856.25,1.0,0,0,124,0.282,Moderate,0,0,93.3,0.1273
L-202304-81509,Lost,Personal Event,Graduation Celebration,Wedding/Social,In-person,Full Package,Social,Social/Private,RFP,Low,2022-09-05,2022-09-29,14,2023-04-16,2023-04-17,1,223,47,47,60,1,Half Ballroom,1,1,10,0.0,0.0,3,78.7,169.88,163.17,7668.99,2747.29,5356.56,15772.84,0,0.0,0.0,0.0,0.0,,0.0,Space Not Adequate,2023,4,2,72.5,27.5,1,76.93,150.58,227.51,227.51,227.51,1,0.0,47,0,0,0,1,2,1,12,1,0,1,Banquet,2,0,1.7,1103.05,1383,7630,12691.04,5,0,0,0,100.0,0.5,3.95,335.59,0.783,0.167,Peak,0,6,Sun,1,0,1,0,1,7,6,24138.6,0.8571,0,1,168,0.28,Moderate,0,0,93.3,0.0448
L-202304-83989,Lost,Consulting Network,Product Launch Event,Corporate,In-person,Full Package,Legal,Legal,Repeat Client,Medium,2023-02-20,2023-03-14,9,2023-04-22,2023-04-23,1,61,55,55,74,1,Half Ballroom,1,0,13,1.0,74908.51,2,78.1,171.74,160.95,8852.25,3399.65,3078.72,15330.62,0,0.0,0.0,0.0,0.0,,0.0,Lost to Competition,2023,4,2,57.0,43.0,1,60.24,163.85,224.09,224.09,224.09,1,0.0,55,0,0,0,1,5,2,8,1,0,1,Classroom,2,0,1.58,821.37,1156,8595,10729.9,3,0,0,0,50.0,0.62,6.28,278.74,0.743,0.135,Peak,0,5,Sat,1,1,0,0,1,0,0,0.0,,1,0,0,,Unknown,0,1,100.0,0.2131
L-202304-74382,Lost,Financial Services Group,Product Launch Event,Corporate,In-person,Full Package,Professional Services,Professional Services,Direct Inquiry,High,2022-11-21,2022-12-12,14,2023-04-23,2023-04-26,3,153,32,96,36,1,Breakout Room,1,1,7,0.0,0.0,4,82.1,167.42,165.38,15876.48,7684.44,4999.04,28559.96,0,0.0,0.0,0.0,0.0,,0.0,Chose Another Venue,2023,4,4,61.6,38.4,1,122.97,128.88,251.85,251.85,128.88,2,9.2,25,32,27,0,1,2,2,24,0,0,1,Theater,2,0,2.09,350.54,1094,972,3382.12,1,0,0,0,100.0,0.9,1.22,297.5,0.889,0.278,Peak,0,6,Sun,1,0,1,0,0,6,4,23413.54,0.6667,0,1,96,0.333,Moderate,0,0,93.3,0.0458
L-202304-15399,Lost,HR Professionals Network,Professional Development Symposium,Association,In-person,Full Package,Education,Education,Third-Party Planner,High,2022-06-30,2022-08-10,27,2023-04-27,2023-04-29,2,301,81,162,91,1,Half Ballroom,1,0,14,0.0,0.0,4,76.6,171.43,168.98,27374.76,6505.59,10969.79,44850.14,0,0.0,0.0,0.0,0.0,,0.0,Space Not Adequate,2023,4,2,67.9,32.1,0,1.78,160.37,162.15,0.0,162.15,2,7.4,75,81,0,0,1,7,3,24,1,0,1,Classroom,2,0,1.79,1101.9,288,21896,22718.34,4,1,0,1,0.0,0.76,1.43,276.85,0.89,0.11,Shoulder,0,3,Thu,0,0,1,0,0,2,1,28260.45,0.5,0,1,220,0.368,Moderate,0,0,93.3,0.0465
L-202305-46569,Lost,Nonprofit Foundation,Youth Group Gathering,SMERF,In-person,Full Package,SMERF,SMERF,RFP,Medium,2022-12-21,2023-01-09,10,2023-05-07,2023-05-08,1,137,5,5,5,1,Boardroom,1,1,9,0.0,0.0,2,81.8,170.87,163.26,816.3,1026.88,113.07,1956.25,0,0.0,0.0,0.0,0.0,,0.0,Space Not Adequate,2023,5,4,51.6,48.4,1,131.23,122.2,253.43,178.21,122.2,1,0.0,5,0,0,0,1,4,2,16,0,1,1,Boardroom,3,1,2.87,315.2,579,3480,4707.07,2,0,0,0,100.0,0.36,4.45,391.25,1.0,2.0,Peak,0,6,Sun,1,0,1,0,1,1,1,3507.12,1.0,0,0,156,0.032,Low,0,0,93.3,0.0657
L-202305-12009,Lost,Social Event,Retirement Party,Wedding/Social,In-person,Full Package,Social,Social/Private,Direct Inquiry,Low,2022-05-11,2022-06-10,16,2023-05-10,2023-05-11,1,364,24,24,33,1,Breakout Room,1,1,14,1.0,67821.3,4,79.9,172.88,158.24,3797.76,2628.88,2907.59,9334.23,0,0.0,0.0,0.0,0.0,,0.0,Chose Another Venue,2023,5,4,55.5,44.5,1,144.96,137.28,282.24,170.66,137.28,1,0.0,24,0,0,0,1,1,2,24,0,0,1,Banquet,1,0,0.97,445.58,337,0,3153.34,0,0,0,0,100.0,0.82,8.47,388.93,0.727,0.303,Peak,0,2,Wed,0,0,0,0,1,12,11,54731.5,0.9167,0,1,101,0.238,Low,0,0,100.0,0.0385
L-202305-60132,Lost,HR Professionals Network,Leadership Institute,Association,In-person,Full Package,Other,Other,Website,Low,2022-09-15,2022-10-13,21,2023-05-12,2023-05-16,4,239,72,288,97,1,Half Ballroom,1,1,7,0.0,0.0,3,92.5,191.24,202.71,58380.48,11310.42,25325.45,95016.35,0,0.0,0.0,0.0,0.0,,0.0,Client Went Direct,2023,5,3,50.6,49.4,1,74.16,161.85,236.01,236.01,161.85,2,6.2,71,72,71,61,1,5,2,16,1,0,1,Classroom,3,1,2.68,930.94,304,0,729.65,0,0,0,0,100.0,0.81,-6.0,329.92,0.742,0.103,Peak,1,4,Fri,1,0,1,0,0,3,1,28260.45,0.3333,0,1,81,0.889,High,1,0,93.3,0.0293
L-202305-82362,Lost,Social Event,Charity Gala,Wedding/Social,In-person,Full Package,Other,Other,Sales Call,High,2022-10-02,2022-11-16,36,2023-05-13,2023-05-14,1,223,7,7,9,1,Boardroom,1,0,9,0.0,0.0,4,93.8,194.15,205.8,1440.6,1808.47,788.24,4037.31,0,0.0,0.0,0.0,0.0,,0.0,Client Went Direct,2023,5,2,63.2,36.8,0,148.71,178.95,327.66,0.0,178.95,1,0.0,7,0,0,0,1,1,1,8,0,1,1,Boardroom,1,0,0.7,362.13,1116,756,2450.2,3,0,0,0,50.0,0.64,-6.0,576.76,0.778,1.111,Peak,1,5,Sat,1,0,1,0,0,13,11,54731.5,0.8462,0,1,81,0.086,Low,0,0,93.3,0.0404
L-202305-33040,Lost,Private Individual,Engagement Party,Wedding/Social,In-person,Rooms Only,Social,Social/Private,Direct Inquiry,High,2022-06-22,2022-08-06,41,2023-05-14,2023-05-15,1,326,14,14,15,0,,0,0,4,1.0,36485.79,2,88.8,188.57,197.35,2762.9,0.0,0.0,2762.9,0,0.0,0.0,0.0,0.0,,0.0,Client Went Direct,2023,5,2,63.3,36.7,1,40.52,162.16,202.68,202.68,162.16,1,0.0,14,0,0,0,0,0,0,0,0,0,0,,0,0,0.0,0.0,0,0,0.0,0,0,0,0,0.0,0.0,-4.66,197.35,0.933,0.0,Peak,1,6,Sun,1,0,0,1,0,5,5,11029.22,1.0,0,0,121,0.116,Low,0,0,100.0,0.0123
L-202305-71080,Lost,Dental Association,Educational Seminar Series,Association,In-person,Full Package,Education,Education,Website,Low,2023-01-02,2023-01-28,19,2023-05-17,2023-05-19,2,135,9,18,12,1,Boardroom,1,0,7,1.0,64933.06,4,80.0,172.47,172.84,3111.12,2409.14,1603.62,7123.88,0,0.0,0.0,0.0,0.0,,0.0,Budget Constraints,2023,5,2,74.2,25.8,1,49.49,149.66,199.15,199.15,149.66,2,0.0,9,9,0,0,1,2,3,24,0,1,1,Boardroom,1,0,0.95,273.85,897,1696,3669.87,2,0,0,0,100.0,0.86,-0.21,395.77,0.75,0.833,Peak,0,2,Wed,0,0,0,0,0,4,4,86915.14,1.0,0,0,141,0.064,Low,0,0,100.0,0.0519
L-202305-25549,Lost,Insurance Federation,Policy Symposium,Association,In-person,Full Package,Government,Government,Direct Inquiry,Medium,2022-08-21,2022-09-17,18,2023-05-21,2023-05-23,2,273,60,120,83,1,Half Ballroom,1,0,9,0.0,0.0,3,81.6,169.86,180.05,21606.0,5353.97,8447.47,35407.44,0,0.0,0.0,0.0,0.0,,0.0,Client Went Direct,2023,5,4,73.6,26.4,1,102.5,152.8,255.3,255.3,164.82,2,3.3,58,60,0,0,2,2,1,8,1,0,1,Theater,1,0,0.71,1776.19,1288,2848,5185.42,4,1,0,1,0.0,0.69,-6.0,295.06,0.723,0.241,Peak,0,6,Sun,1,0,1,0,0,6,5,118160.65,0.8333,0,1,134,0.448,Moderate,0,0,93.3,0.033
L-202305-53480,Lost,Veterans Group,Band Competition,SMERF,In-person,Meeting Only,Other,Other,Direct Inquiry,High,2023-01-15,2023-02-01,11,2023-05-22,2023-05-23,1,127,0,0,121,1,Grand Ballroom,0,0,6,0.0,0.0,1,84.2,171.88,0.0,0.0,2410.22,3235.66,5645.88,0,0.0,0.0,0.0,0.0,,0.0,Canceled by Client,2023,5,0,0.0,0.0,0,0.0,0.0,0.0,0.0,0.0,0,0.0,0,0,0,0,1,7,3,24,1,0,1,Classroom,3,1,2.93,2431.67,574,20356,22169.9,4,0,0,0,50.0,0.5,100.0,,0.0,0.083,Peak,0,0,Mon,0,0,1,0,1,1,1,8941.8,1.0,0,0,134,0.0,Low,0,0,80.0,0.0472
L-202305-42302,Lost,Nursing Council,Policy Symposium,Association,In-person,Full Package,Healthcare,Healthcare,Website,Medium,2022-09-30,2022-10-28,15,2023-05-25,2023-05-27,2,237,121,242,136,1,Grand Ballroom,1,1,13,1.0,70922.67,1,80.2,163.27,157.09,38015.78,6825.59,12816.55,57657.92,0,0.0,0.0,0.0,0.0,,0.0,Canceled by Client,2023,5,3,61.8,38.2,1,127.01,146.94,273.95,224.31,146.94,2,0.8,120,121,0,0,1,7,3,12,1,0,1,Theater,3,1,2.5,2367.14,676,0,2686.44,0,0,0,0,100.0,0.57,3.79,238.26,0.89,0.074,Peak,0,3,Thu,0,0,0,0,1,6,6,98592.84,1.0,0,0,179,0.676,High,1,0,100.0,0.0549
L-202305-74304,Lost,HR Professionals Network,Annual Member Conference,Association,Hybrid,Full Package,Healthcare,Healthcare,Sales Call,Low,2022-08-24,2022-09-19,15,2023-05-26,2023-05-27,1,275,59,59,71,1,Half Ballroom,1,0,11,1.0,68890.09,2,77.0,171.85,157.52,9293.68,2274.43,4697.37,16265.48,0,0.0,0.0,0.0,0.0,,0.0,Client Went Direct,2023,5,4,66.1,33.9,0,141.35,130.59,271.94,0.0,130.59,1,0.0,59,0,0,0,2,1,1,8,1,0,1,Classroom,1,0,0.95,1182.03,486,2504,4158.5,4,1,0,0,0.0,0.59,8.34,275.69,0.831,0.282,Shoulder,0,4,Fri,1,0,0,0,1,4,1,28260.45,0.25,0,1,179,0.33,Moderate,0,0,100.0,0.04
L-202305-92478,Lost,Technology Innovators,Leadership Summit,Corporate,Hybrid,Full Package,Technology,Technology,Direct Inquiry,Low,2023-04-20,2023-05-15,11,2023-05-26,2023-05-28,2,36,60,120,76,1,Half Ballroom,1,0,14,0.0,0.0,1,88.4,164.84,174.73,20967.6,6153.64,8893.94,36015.18,0,0.0,0.0,0.0,0.0,,0.0,Space Not Adequate,2023,5,2,50.5,49.5,1,65.58,146.77,212.35,212.35,146.77,2,10.0,54,60,0,0,2,2,1,8,1,0,1,Banquet,2,0,2.37,1487.27,787,0,3687.15,0,0,0,0,0.0,0.63,-6.0,300.13,0.789,0.263,Peak,1,4,Fri,1,0,1,0,0,7,6,106500.23,0.8571,0,1,220,0.273,Moderate,0,0,93.3,0.3889
L-202305-97584,Lost,Volunteer Network,Youth Sports Tournament,SMERF,In-person,Full Package,Other,Other,RFP,Medium,2023-02-26,2023-03-23,18,2023-05-27,2023-05-28,1,90,50,50,66,1,Half Ballroom,1,0,7,1.0,5515.85,1,80.2,175.18,182.92,9146.0,1286.62,1521.95,11954.57,0,0.0,0.0,0.0,0.0,,0.0,Client Went Direct,2023,5,2,70.9,29.1,1,84.85,162.34,247.19,247.19,162.34,1,0.0,50,0,0,0,1,2,1,8,1,0,1,Classroom,2,0,2.2,858.11,1161,2970,5376.96,3,0,0,0,0.0,0.55,-4.42,239.09,0.758,0.152,Peak,0,5,Sat,1,0,0,0,0,1,0,0.0,0.0,0,1,220,0.227,Low,0,0,100.0,0.0778
L-202305-76088,Lost,Volunteer Network,Military Reunion,SMERF,In-person,Full Package,Other,Other,Repeat Client,Low,2023-01-05,2023-02-03,17,2023-05-29,2023-05-30,1,144,25,25,29,1,Breakout Room,1,1,12,1.0,54193.66,2,78.2,174.82,166.61,4165.25,1546.55,835.69,6547.49,0,0.0,0.0,0.0,0.0,,0.0,Chose Another Venue,2023,5,4,74.6,25.4,1,127.94,129.44,257.38,177.88,129.44,1,0.0,25,0,0,0,1,2,1,12,0,0,1,Theater,1,0,1.28,435.85,1365,0,3155.65,0,0,0,0,0.0,0.72,4.7,261.9,0.862,0.345,Peak,0,0,Mon,0,1,0,0,1,2,0,0.0,0.0,0,1,187,0.134,Low,0,0,100.0,0.0833
L-202305-12052,Lost,TechCorp Solutions,Innovation Workshop,Corporate,In-person,Full Package,Finance,Finance,Cvent,Medium,2023-03-06,2023-03-29,13,2023-05-30,2023-06-01,2,85,44,88,56,1,Half Ballroom,1,0,10,1.0,67620.83,2,86.9,173.12,179.41,15788.08,5516.54,4793.7,26098.32,0,0.0,0.0,0.0,0.0,,0.0,Client Went Direct,2023,5,4,51.6,48.4,1,150.52,170.13,320.65,247.59,170.13,2,13.6,38,44,0,0,1,4,3,12,1,0,1,Theater,2,0,2.15,820.91,751,2496,5187.33,2,0,0,0,100.0,0.47,-3.63,296.57,0.786,0.179,Peak,1,1,Tue,0,0,0,0,0,3,1,6205.94,0.3333,0,1,208,0.212,Low,0,0,100.0,0.1176
L-202305-71875,Lost,Professional Engineers Society,Certification Training,Association,In-person,Rooms Only,Other,Other,Cvent,Low,2022-08-13,2022-09-09,20,2023-05-30,2023-06-02,3,290,57,171,62,0,,0,0,7,0.0,0.0,3,84.6,171.47,178.39,30504.69,0.0,0.0,30504.69,0,0.0,0.0,0.0,0.0,,0.0,Space Not Adequate,2023,5,2,70.9,29.1,1,39.19,199.13,238.32,238.32,199.13,2,7.1,56,57,48,0,0,0,0,0,0,0,0,,0,0,0.0,0.0,0,0,0.0,0,0,0,0,0.0,0.0,-4.04,178.39,0.919,0.0,Peak,0,1,Tue,0,0,1,0,0,6,5,56780.36,0.8333,0,1,208,0.274,Moderate,0,0,93.3,0.0241
L-202306-53544,Lost,Education Foundation,Regional Chapter Meeting,Association,In-person,Meeting Only,Association,Association,Third-Party Planner,Medium,2022-07-14,2022-08-10,20,2023-06-01,2023-06-04,3,322,0,0,127,1,Grand Ballroom,0,0,7,0.0,0.0,3,74.2,160.97,0.0,0.0,8539.6,25786.67,34326.27,0,0.0,0.0,0.0,0.0,,0.0,Lost to Competition,2023,6,0,0.0,0.0,0,0.0,0.0,0.0,0.0,0.0,0,0.0,0,0,0,0,2,2,1,8,1,0,1,Classroom,2,0,2.06,2936.17,846,5688,7943.28,4,1,0,1,100.0,0.53,100.0,,0.0,0.157,Shoulder,0,3,Thu,0,0,1,0,1,6,5,137204.92,0.8333,0,1,150,0.0,Low,0,0,80.0,0.0217
L-202306-78551,Lost,TechCorp Solutions,Board of Directors Meeting,Corporate,In-person,Full Package,Technology,Technology,Website,Medium,2023-03-26,2023-04-12,7,2023-06-16,2023-06-17,1,82,62,62,82,1,Half Ballroom,1,0,10,0.0,0.0,2,70.5,160.61,140.3,8698.6,2663.64,4476.71,15838.95,0,0.0,0.0,0.0,0.0,,0.0,Space Not Adequate,2023,6,2,70.8,29.2,1,52.48,113.05,165.53,165.53,113.05,1,0.0,62,0,0,0,2,4,2,24,1,0,1,Theater,3,1,2.8,1528.35,977,3360,5612.01,2,0,0,0,100.0,0.68,12.65,255.47,0.756,0.244,Shoulder,0,4,Fri,1,0,1,0,1,5,2,11930.98,0.4,0,1,74,0.838,High,1,0,93.3,0.122
L-202306-11217,Lost,Energy Solutions,Strategic Planning Retreat,Corporate,In-person,Full Package,Other,Other,Referral,Low,2023-03-26,2023-04-19,10,2023-06-17,2023-06-18,1,83,50,50,65,1,Half Ballroom,1,1,14,1.0,32461.73,1,75.6,163.57,162.18,8109.0,2704.01,2688.02,13501.03,0,0.0,0.0,0.0,0.0,,0.0,Chose Another Venue,2023,6,2,71.4,28.6,1,74.95,152.98,227.93,227.93,152.98,1,0.0,50,0,0,0,1,2,1,4,1,0,1,Classroom,2,0,1.61,956.57,511,2530,4755.7,5,1,0,0,50.0,0.54,0.85,270.02,0.769,0.154,Shoulder,0,5,Sat,1,0,0,0,0,3,3,35928.81,1.0,0,0,148,0.338,Moderate,0,0,100.0,0.1687
L-202306-95175,Lost,Pharmaceutical Partners,Customer Advisory Board,Corporate,In-person,Full Package,Professional Services,Professional Services,Website,Low,2023-05-09,2023-06-02,11,2023-06-19,2023-06-20,1,41,6,6,7,1,Boardroom,1,1,13,1.0,74741.34,1,66.7,163.01,140.88,845.28,1353.19,387.28,2585.75,0,0.0,0.0,0.0,0.0,,0.0,Client Went Direct,2023,6,3,54.2,45.8,1,136.66,118.09,254.75,158.02,118.09,1,0.0,6,0,0,0,1,1,1,4,0,1,1,Boardroom,0,0,0.05,316.85,0,368,1777.08,2,0,0,0,0.0,0.5,13.58,430.96,0.857,1.429,Shoulder,0,0,Mon,0,0,0,0,1,14,12,161373.05,0.8571,0,1,181,0.033,Low,0,0,100.0,0.3171
L-202306-98797,Lost,Personal Event,Holiday Party,Wedding/Social,In-person,Full Package,Social,Social/Private,Third-Party Planner,Medium,2022-08-26,2022-09-27,25,2023-06-19,2023-06-20,1,297,20,20,27,1,Breakout Room,1,0,7,1.0,78667.3,1,73.8,164.71,158.3,3166.0,3081.31,2031.77,8279.08,0,0.0,0.0,0.0,0.0,,0.0,Lost to Competition,2023,6,3,67.2,32.8,1,150.64,143.92,294.56,197.04,143.92,1,0.0,20,0,0,0,1,1,2,16,0,0,1,Reception,2,0,1.54,536.61,1476,608,6525.42,4,0,0,0,50.0,0.68,3.89,413.95,0.741,0.37,Shoulder,0,0,Mon,0,0,0,0,1,11,9,40294.62,0.8182,0,1,181,0.11,Low,0,0,100.0,0.0236
L-202306-28724,Lost,Technology Innovators,Strategic Planning Retreat,Corporate,In-person,Full Package,Government,Government,Sales Call,Medium,2023-05-09,2023-05-30,10,2023-06-21,2023-06-22,1,43,50,50,62,1,Half Ballroom,1,1,11,1.0,42592.49,4,74.3,158.98,145.84,7292.0,2848.36,2787.32,12927.68,0,0.0,0.0,0.0,0.0,,0.0,Rates Too High / Client Declined,2023,6,2,52.3,47.7,0,23.56,121.18,144.74,0.0,121.18,1,0.0,50,0,0,0,2,4,2,16,1,0,1,Classroom,2,0,1.79,1757.99,1425,3416,6269.01,2,0,0,0,100.0,0.52,8.27,258.55,0.806,0.323,Shoulder,0,2,Wed,0,0,0,0,1,11,9,134907.47,0.8182,0,1,41,1.0,High,1,1,100.0,0.2558
L-202306-40689,Lost,Private Party,Smith-Johnson Wedding,Wedding/Social,In-person,Full Package,Social,Social/Private,Cvent,High,2022-06-24,2022-07-16,15,2023-06-24,2023-06-25,1,365,19,19,24,1,Breakout Room,1,1,7,1.0,29845.76,3,72.2,166.62,142.91,2715.29,1938.65,1813.96,6467.9,0,0.0,0.0,0.0,0.0,,0.0,Chose Another Venue,2023,6,4,68.6,31.4,1,115.08,115.94,231.02,231.02,115.94,1,0.0,19,0,0,0,1,5,2,16,0,0,1,Banquet,2,0,2.32,471.7,1276,4665,8019.64,3,0,0,0,100.0,0.6,14.23,340.42,0.792,0.417,Shoulder,0,5,Sat,1,0,0,0,1,8,7,50032.05,0.875,0,1,29,0.655,High,1,0,100.0,0.0192
L-202306-13515,Lost,Energy Solutions,Customer Advisory Board,Corporate,In-person,Rooms Only,Finance,Finance,Direct Inquiry,Medium,2023-02-18,2023-03-11,14,2023-06-25,2023-06-27,2,127,60,120,66,0,,0,0,7,0.0,0.0,1,70.9,170.27,168.99,20278.8,0.0,0.0,20278.8,0,0.0,0.0,0.0,0.0,,0.0,Dates Not Available,2023,6,3,56.7,43.3,1,26.58,154.94,181.52,181.52,154.94,2,3.3,58,60,0,0,0,0,0,0,0,0,0,,0,0,0.0,0.0,0,0,0.0,0,0,0,0,0.0,0.0,0.75,168.99,0.909,0.0,Shoulder,0,6,Sun,1,0,1,0,0,4,3,35928.81,0.75,0,1,188,0.319,Moderate,0,0,93.3,0.0551
L-202306-53910,Lost,Manufacturing Alliance,Town Hall Meeting,Corporate,In-person,Rooms Only,Trade/Manufacturing,Trade/Manufacturing,Third-Party Planner,Medium,2023-03-20,2023-04-06,14,2023-06-25,2023-06-27,2,97,44,88,48,0,,0,1,3,0.0,0.0,4,66.2,165.44,137.71,12118.48,0.0,0.0,12118.48,0,0.0,0.0,0.0,0.0,,0.0,Space Not Adequate,2023,6,3,74.9,25.1,1,89.06,135.86,224.92,224.92,135.86,2,15.9,37,44,0,0,0,0,0,0,0,0,0,,0,0,0.0,0.0,0,0,0.0,0,0,0,0,0.0,0.0,16.76,137.71,0.917,0.0,Shoulder,0,6,Sun,1,0,1,1,1,8,5,109637.81,0.625,0,1,188,0.234,Low,0,0,93.3,0.0309
L-202306-34505,Lost,Global Industries,Town Hall Meeting,Corporate,In-person,Full Package,Trade/Manufacturing,Trade/Manufacturing,RFP,Medium,2023-04-22,2023-05-11,12,2023-06-26,2023-06-29,3,65,72,216,86,1,Half Ballroom,1,1,7,1.0,8637.09,4,71.2,162.67,152.07,32847.12,9823.47,11946.52,54617.11,0,0.0,0.0,0.0,0.0,,0.0,Budget Constraints,2023,6,3,54.4,45.6,1,118.79,129.73,248.52,179.04,129.73,2,3.6,67,72,66,0,2,3,2,8,1,0,1,Classroom,3,1,2.99,1422.39,1012,7668,10010.41,4,0,0,0,50.0,0.72,6.52,252.86,0.837,0.233,Shoulder,0,0,Mon,0,0,0,0,1,10,8,135915.44,0.8,0,1,143,0.503,Moderate,0,0,100.0,0.1077
L-202306-80373,Lost,Nursing Council,Board Retreat,Association,In-person,Full Package,Other,Other,Cvent,Low,2022-10-17,2022-11-24,28,2023-06-26,2023-06-27,1,252,69,69,78,1,Half Ballroom,1,1,10,0.0,0.0,1,70.6,157.46,148.4,10239.6,2413.1,4456.41,17109.11,0,0.0,0.0,0.0,0.0,,0.0,Dates Not Available,2023,6,4,62.4,37.6,1,123.14,152.02,275.16,251.03,152.02,1,0.0,69,0,0,0,1,1,1,8,1,0,1,Classroom,0,0,0.01,1003.39,0,1650,2380.64,3,0,0,0,100.0,0.65,5.75,247.96,0.885,0.128,Shoulder,0,0,Mon,0,0,1,0,1,9,8,130743.2,0.8889,0,1,188,0.367,Moderate,0,0,93.3,0.0397
L-202306-22208,Lost,Accounting Institute,Certification Training,Association,In-person,Full Package,Healthcare,Healthcare,Referral,Low,2022-08-26,2022-10-04,26,2023-06-28,2023-06-30,2,306,29,58,37,1,Breakout Room,1,1,13,0.0,0.0,4,70.4,161.99,143.14,8302.12,4862.81,4321.3,17486.23,0,0.0,0.0,0.0,0.0,,0.0,Lost to Competition,2023,6,3,61.2,38.8,1,104.57,116.39,220.96,220.96,116.39,2,0.0,29,29,0,0,1,2,1,8,0,0,1,Classroom,1,0,1.26,568.24,646,2508,4069.06,3,0,0,0,0.0,0.93,11.64,301.49,0.784,0.27,Shoulder,0,2,Wed,0,0,1,0,1,8,8,194108.43,1.0,0,0,109,0.266,Moderate,0,0,93.3,0.0425
L-202307-16637,Lost,Pharmaceutical Partners,Town Hall Meeting,Corporate,Hybrid,Full Package,Government,Government,Referral,Medium,2023-03-19,2023-04-12,14,2023-07-02,2023-07-05,3,105,50,150,68,1,Half Ballroom,1,1,10,0.0,0.0,4,65.5,164.46,142.85,21427.5,7268.28,8685.65,37381.43,0,0.0,0.0,0.0,0.0,,0.0,Client Went Direct,2023,7,2,60.6,39.4,0,22.04,117.27,139.31,0.0,139.31,2,5.7,46,50,43,0,1,2,1,12,1,0,1,Banquet,1,0,0.56,1158.9,55,4584,6440.6,4,1,0,1,50.0,0.57,13.14,249.21,0.735,0.147,Shoulder,0,6,Sun,1,0,1,0,1,15,12,161373.05,0.8,0,1,220,0.227,Low,0,0,93.3,0.0952
L-202307-67067,Lost,Premier Tours,International Tour Package,Corporate,In-person,Full Package,Trade/Manufacturing,Trade/Manufacturing,Repeat Client,Medium,2023-05-17,2023-06-13,13,2023-07-03,2023-07-04,1,47,34,34,47,1,Half Ballroom,1,1,14,0.0,0.0,2,67.0,161.78,145.69,4953.46,909.45,868.75,6731.66,0,0.0,0.0,0.0,0.0,,0.0,Canceled by Client,2023,7,2,70.8,29.2,1,35.1,130.04,165.14,165.14,165.14,1,0.0,34,0,0,0,1,7,3,24,1,0,1,Banquet,0,0,0.37,1347.45,0,27685,30095.94,5,0,0,0,50.0,0.39,9.95,197.99,0.723,0.213,Shoulder,0,0,Mon,0,1,1,0,1,1,1,6601.41,1.0,0,0,220,0.155,Low,0,0,93.3,0.2979
L-202307-80968,Lost,HR Professionals Network,State Convention,Association,In-person,Meeting Only,Government,Government,RFP,Medium,2022-11-07,2022-12-10,25,2023-07-03,2023-07-05,2,238,0,0,149,1,Grand Ballroom,0,0,8,1.0,53028.13,2,64.0,159.64,0.0,0.0,6156.02,19548.1,25704.12,0,0.0,0.0,0.0,0.0,,0.0,Dates Not Available,2023,7,0,0.0,0.0,0,0.0,0.0,0.0,0.0,0.0,0,0.0,0,0,0,0,2,5,3,36,1,0,1,Theater,3,1,2.57,2693.57,1126,5790,9257.77,2,0,0,0,0.0,0.62,100.0,,0.0,0.134,Shoulder,0,0,Mon,0,0,0,0,1,8,4,84854.29,0.5,0,1,220,0.0,Low,0,0,86.7,0.0336
L-202307-68856,Lost,Volunteer Network,Fraternity/Sorority Reunion,SMERF,In-person,Full Package,Education,Education,Referral,Medium,2023-04-21,2023-05-19,14,2023-07-04,2023-07-05,1,74,37,37,51,1,Half Ballroom,1,1,14,0.0,0.0,3,66.9,159.53,126.94,4696.78,1534.78,1578.36,7809.92,0,0.0,0.0,0.0,0.0,,0.0,Canceled by Client,2023,7,2,59.8,40.2,0,0.91,119.27,120.18,0.0,120.18,1,0.0,37,0,0,0,1,2,1,8,1,0,1,Theater,2,0,1.75,1283.07,237,2344,4084.31,2,0,0,0,100.0,0.42,20.43,211.08,0.725,0.196,Shoulder,0,1,Tue,0,0,1,0,1,3,0,0.0,0.0,0,1,173,0.214,Low,0,0,93.3,0.1892
L-202307-19725,Lost,TechCorp Solutions,Executive Offsite,Corporate,In-person,Full Package,Finance,Finance,Repeat Client,Medium,2023-04-09,2023-05-02,11,2023-07-09,2023-07-10,1,91,57,57,65,1,Half Ballroom,1,1,12,0.0,0.0,2,64.5,153.36,139.86,7972.02,2809.56,3926.47,14708.05,0,0.0,0.0,0.0,0.0,,0.0,Client Went Direct,2023,7,4,60.7,39.3,1,73.0,128.99,201.99,201.99,134.85,1,0.0,57,0,0,0,1,3,3,24,1,0,1,Classroom,2,0,1.85,898.11,1262,2058,7646.37,2,0,0,0,100.0,0.54,8.8,258.04,0.877,0.154,Shoulder,0,6,Sun,1,1,1,0,1,6,2,11930.98,0.3333,0,1,36,1.0,High,1,1,93.3,0.1319
L-202307-33456,Lost,Faith Community,Youth Sports Tournament,SMERF,In-person,Rooms Only,SMERF,SMERF,Third-Party Planner,Low,2023-04-17,2023-05-11,21,2023-07-13,2023-07-15,2,87,47,94,51,0,,0,0,3,0.0,0.0,4,69.5,153.75,135.36,12723.84,0.0,0.0,12723.84,0,0.0,0.0,0.0,0.0,,0.0,Client Went Direct,2023,7,3,73.7,26.3,1,68.0,122.39,190.39,190.39,122.39,2,21.3,37,47,0,0,0,0,0,0,0,0,0,,0,0,0.0,0.0,0,0,0.0,0,0,0,0,0.0,0.0,11.96,135.36,0.922,0.0,Shoulder,0,3,Thu,0,0,1,1,1,0,0,0.0,,1,0,160,0.294,Moderate,0,0,93.3,0.0345
L-202307-53449,Lost,Nursing Council,Policy Symposium,Association,In-person,Full Package,Education,Education,Website,Low,2022-12-17,2023-01-21,22,2023-07-13,2023-07-16,3,208,89,267,99,1,Half Ballroom,1,0,13,1.0,79113.23,2,63.0,157.11,129.33,34531.11,8839.27,18645.11,62015.49,0,0.0,0.0,0.0,0.0,,0.0,Budget Constraints,2023,7,2,63.4,36.6,0,115.15,122.5,237.65,0.0,122.5,2,2.9,88,89,83,0,2,4,2,8,1,0,1,Classroom,3,1,2.54,1850.28,1137,2376,5668.84,2,0,0,0,100.0,0.82,17.68,232.27,0.899,0.202,Shoulder,0,3,Thu,0,0,0,0,1,10,8,130743.2,0.8,0,1,160,0.556,Moderate,0,0,100.0,0.0625
L-202307-28661,Lost,Social Event,Bar/Bat Mitzvah,Wedding/Social,In-person,Rooms Only,Social,Social/Private,Cvent,Low,2022-07-16,2022-08-20,28,2023-07-16,2023-07-17,1,365,48,48,52,0,,1,0,7,0.0,0.0,4,63.8,155.68,124.04,5953.92,0.0,0.0,5953.92,0,0.0,0.0,0.0,0.0,,0.0,Chose Another Venue,2023,7,4,64.6,35.4,1,127.74,113.05,240.79,187.19,113.05,1,0.0,48,0,0,0,0,0,0,0,0,0,0,,0,0,0.0,0.0,0,0,0.0,0,0,0,0,0.0,0.0,20.32,124.04,0.923,0.0,Shoulder,0,6,Sun,1,0,1,0,1,17,14,79131.29,0.8235,0,1,177,0.271,Moderate,0,0,93.3,0.0192
L-202307-18600,Lost,Family Celebration,Memorial Service Gathering,Wedding/Social,In-person,Full Package,Other,Other,RFP,Low,2022-07-17,2022-08-29,35,2023-07-17,2023-07-18,1,365,26,26,34,1,Breakout Room,1,0,8,0.0,0.0,4,60.5,158.89,124.87,3246.62,2619.18,2550.64,8416.44,0,0.0,0.0,0.0,0.0,,0.0,Client Went Direct,2023,7,2,72.6,27.4,0,114.33,103.62,217.95,0.0,103.62,1,0.0,26,0,0,0,1,2,2,16,0,0,1,Banquet,0,0,0.33,479.93,0,2742,3423.35,3,0,0,0,0.0,0.85,21.41,323.71,0.765,0.294,Shoulder,0,0,Mon,0,0,1,0,1,12,12,62694.55,1.0,0,0,153,0.17,Low,0,0,93.3,0.0219
L-202307-74517,Lost,Energy Solutions,Sales Kickoff,Corporate,Hybrid,Full Package,Trade/Manufacturing,Trade/Manufacturing,Third-Party Planner,Low,2023-05-16,2023-06-01,7,2023-07-19,2023-07-22,3,64,46,138,54,1,Half Ballroom,1,1,9,1.0,66558.45,4,62.3,159.47,140.56,19397.28,6651.76,8455.8,34504.84,0,0.0,0.0,0.0,0.0,,0.0,Budget Constraints,2023,7,2,53.0,47.0,1,33.96,134.67,168.63,168.63,134.67,2,5.4,40,46,42,0,1,3,2,8,1,0,1,Classroom,0,0,0.08,825.33,0,1467,2870.36,3,0,0,0,0.0,0.45,11.86,250.04,0.852,0.185,Shoulder,0,2,Wed,0,0,0,0,1,6,4,57259.55,0.6667,0,1,161,0.286,Moderate,0,0,100.0,0.1406
L-202307-34633,Lost,Family Celebration,Family Reunion Weekend,Wedding/Social,In-person,Full Package,Social,Social/Private,Third-Party Planner,Low,2022-11-27,2023-01-11,38,2023-07-20,2023-07-21,1,235,26,26,30,1,Breakout Room,1,0,7,0.0,0.0,1,58.3,164.74,136.51,3549.26,2649.9,2527.41,8726.57,0,0.0,0.0,0.0,0.0,,0.0,Client Went Direct,2023,7,4,53.2,46.8,1,83.29,122.57,205.86,205.86,122.57,1,0.0,26,0,0,0,1,2,1,8,0,0,1,Banquet,0,0,0.2,537.74,0,7750,10803.24,5,0,0,0,50.0,0.75,17.14,335.64,0.867,0.333,Low,0,3,Thu,0,0,1,0,1,13,12,62694.55,0.9231,0,1,161,0.161,Low,0,0,93.3,0.0298
L-202307-73273,Lost,Global Industries,Performance Review Summit,Corporate,Hybrid,Rooms Only,Professional Services,Professional Services,Website,Low,2023-05-19,2023-06-06,12,2023-07-20,2023-07-21,1,62,51,51,56,0,,1,1,6,0.0,0.0,2,66.0,160.62,141.16,7199.16,0.0,0.0,7199.16,0,0.0,0.0,0.0,0.0,,0.0,Client Went Direct,2023,7,3,58.5,41.5,1,48.8,146.63,195.43,195.43,195.43,1,0.0,51,0,0,0,0,0,0,0,0,0,0,,0,0,0.0,0.0,0,0,0.0,0,0,0,0,0.0,0.0,12.12,141.16,0.911,0.0,Shoulder,0,3,Thu,0,0,1,0,1,12,9,144946.32,0.75,0,1,161,0.317,Moderate,0,0,93.3,0.0968
L-202307-21629,Lost,Pharmaceutical Partners,Management Training,Corporate,In-person,Rooms Only,Technology,Technology,Referral,Low,2023-06-09,2023-06-22,7,2023-07-21,2023-07-24,3,42,41,123,45,0,,0,1,6,0.0,0.0,3,66.3,149.85,130.07,15998.61,0.0,0.0,15998.61,0,0.0,0.0,0.0,0.0,,0.0,Budget Constraints,2023,7,4,60.1,39.9,1,97.63,105.2,202.83,202.83,105.2,2,9.8,40,41,32,0,0,0,0,0,0,0,0,,0,0,0.0,0.0,0,0,0.0,0,0,0,0,0.0,0.0,13.2,130.07,0.911,0.0,Shoulder,0,4,Fri,1,0,1,0,1,17,13,176162.55,0.7647,0,1,0,,Unknown,0,1,93.3,0.1429
L-202307-99282,Lost,Private Party,Memorial Service Gathering,Wedding/Social,In-person,Meeting Only,Social,Social/Private,Referral,Medium,2022-07-29,2022-09-10,33,2023-07-21,2023-07-22,1,357,0,0,55,1,Half Ballroom,0,0,10,1.0,54425.3,1,66.4,160.63,0.0,0.0,3304.11,4356.79,7660.9,0,0.0,0.0,0.0,0.0,,0.0,Lost to Competition,2023,7,0,0.0,0.0,0,0.0,0.0,0.0,0.0,0.0,0,0.0,0,0,0,0,1,2,1,12,1,0,1,Banquet,3,1,2.78,925.97,1352,4380,7302.96,5,1,0,1,0.0,0.46,100.0,,0.0,0.182,Shoulder,0,4,Fri,1,0,0,0,1,10,8,62235.12,0.8,0,1,126,0.0,Low,0,0,86.7,0.028
L-202307-70091,Lost,Retail Corporation,New Hire Orientation,Corporate,In-person,Meeting Only,Trade/Manufacturing,Trade/Manufacturing,Referral,Low,2023-05-24,2023-06-12,12,2023-07-23,2023-07-26,3,60,0,0,99,1,Half Ballroom,1,1,7,0.0,0.0,3,64.5,148.97,0.0,0.0,9679.51,15648.71,25328.22,0,0.0,0.0,0.0,0.0,,0.0,Chose Another Venue,2023,7,0,0.0,0.0,0,0.0,0.0,0.0,0.0,0.0,0,0.0,0,0,0,0,1,3,2,16,1,0,1,Classroom,2,0,2.26,881.0,923,6489,10582.28,3,0,0,0,100.0,0.82,100.0,,0.0,0.101,Shoulder,0,6,Sun,1,0,1,0,1,11,9,138994.51,0.8182,0,1,1,0.0,Low,0,0,80.0,0.1167
L-202308-36201,Lost,Private Party,Smith-Johnson Wedding,Wedding/Social,In-person,Full Package,Social,Social/Private,Website,Low,2022-12-19,2023-02-02,36,2023-08-02,2023-08-04,2,226,21,42,27,1,Breakout Room,1,0,9,0.0,0.0,3,70.8,165.17,139.32,5851.44,6080.09,4389.1,16320.63,0,0.0,0.0,0.0,0.0,,0.0,Canceled by Client,2023,8,3,66.3,33.7,1,130.21,131.14,261.35,167.8,131.14,2,23.8,16,21,0,0,1,2,2,16,0,0,1,Banquet,3,1,2.96,417.81,1378,0,3563.55,0,0,0,0,100.0,0.68,15.65,388.59,0.778,0.37,Shoulder,0,2,Wed,0,0,1,0,1,11,8,62235.12,0.7273,0,1,55,0.382,Moderate,0,0,93.3,0.0398
L-202308-16094,Lost,Veterans Group,School District Meeting,SMERF,In-person,Meeting Only,Government,Government,Referral,Low,2023-05-03,2023-05-19,10,2023-08-04,2023-08-05,1,93,0,0,40,1,Breakout Room,0,1,6,0.0,0.0,3,70.8,159.97,0.0,0.0,1306.05,1270.42,2576.47,0,0.0,0.0,0.0,0.0,,0.0,Budget Constraints,2023,8,0,0.0,0.0,0,0.0,0.0,0.0,0.0,0.0,0,0.0,0,0,0,0,1,7,3,24,0,0,1,Classroom,0,0,0.28,565.47,0,7728,9416.05,3,0,0,0,100.0,1.0,100.0,,0.0,0.25,Shoulder,0,4,Fri,1,0,1,0,1,3,2,12113.85,0.6667,0,1,90,0.0,Low,0,0,80.0,0.0645
L-202308-88234,Lost,Regional Healthcare System,Performance Review Summit,Corporate,In-person,Full Package,Healthcare,Healthcare,Sales Call,Medium,2023-04-10,2023-04-26,8,2023-08-05,2023-08-06,1,117,25,25,33,1,Breakout Room,1,0,8,0.0,0.0,4,67.4,163.78,148.79,3719.75,2143.9,1911.22,7774.87,0,0.0,0.0,0.0,0.0,,0.0,Space Not Adequate,2023,8,3,73.7,26.3,1,28.23,145.6,173.83,173.83,145.6,1,0.0,25,0,0,0,1,4,2,8,0,0,1,Classroom,0,0,0.07,540.99,0,2888,4963.43,1,0,0,0,50.0,0.82,9.15,310.99,0.758,0.303,Shoulder,0,5,Sat,1,0,1,0,1,1,1,2995.27,1.0,0,0,90,0.278,Moderate,0,0,93.3,0.0684
L-202308-14234,Lost,Premier Tours,International Tour Package,Corporate,In-person,Full Package,Technology,Technology,Cvent,Medium,2023-06-20,2023-07-08,8,2023-08-07,2023-08-08,1,48,48,48,64,1,Half Ballroom,1,1,10,0.0,0.0,3,66.7,169.51,141.93,6812.64,908.53,1098.01,8819.18,0,0.0,0.0,0.0,0.0,,0.0,Chose Another Venue,2023,8,2,70.7,29.3,0,136.87,111.48,248.35,0.0,111.48,1,0.0,48,0,0,0,2,4,3,36,1,0,1,Banquet,0,0,0.44,1770.65,0,8480,10641.14,5,1,0,1,0.0,0.53,16.27,183.73,0.75,0.312,Shoulder,0,0,Mon,0,0,1,0,1,2,1,6601.41,0.5,0,1,128,0.375,Moderate,0,0,93.3,0.2083
L-202308-90439,Lost,Senior Adventures,Bird Watching Tour,Corporate,Hybrid,Rooms Only,Other,Other,Referral,Low,2023-05-22,2023-06-03,9,2023-08-08,2023-08-09,1,78,40,40,44,0,,1,0,3,1.0,6082.61,1,78.0,163.45,157.8,6312.0,0.0,0.0,6312.0,0,0.0,0.0,0.0,0.0,,0.0,Rates Too High / Client Declined,2023,8,2,72.5,27.5,1,69.01,166.67,235.68,235.68,235.68,1,0.0,40,0,0,0,0,0,0,0,0,0,0,,0,0,0.0,0.0,0,0,0.0,0,0,0,0,0.0,0.0,3.46,157.8,0.909,0.0,Peak,0,1,Tue,0,0,0,1,1,2,2,4879.0,1.0,0,0,47,0.851,High,1,0,100.0,0.0385
L-202308-48557,Lost,Industry Trade Group,Networking Summit,Association,Hybrid,Full Package,Government,Government,RFP,Medium,2023-01-14,2023-02-13,20,2023-08-13,2023-08-15,2,211,74,148,99,1,Half Ballroom,1,1,10,0.0,0.0,3,68.8,168.18,151.56,22430.88,4846.18,10402.07,37679.13,0,0.0,0.0,0.0,0.0,,0.0,Canceled by Client,2023,8,2,56.4,43.6,1,60.31,148.8,209.11,209.11,148.8,2,9.5,67,74,0,0,2,3,2,16,1,0,1,Classroom,2,0,1.73,1676.59,983,11805,14745.82,5,1,0,0,0.0,0.82,9.88,254.59,0.747,0.202,Shoulder,0,6,Sun,1,0,1,0,1,7,5,68806.65,0.7143,0,1,145,0.51,Moderate,0,0,93.3,0.0474
L-202308-60242,Lost,Private Party,Graduation Celebration,Wedding/Social,In-person,Rooms Only,Social,Social/Private,RFP,Medium,2023-03-17,2023-04-04,14,2023-08-14,2023-08-15,1,150,21,21,23,0,,0,0,4,0.0,0.0,2,67.2,166.6,145.55,3056.55,0.0,0.0,3056.55,0,0.0,0.0,0.0,0.0,,0.0,Rates Too High / Client Declined,2023,8,3,65.9,34.1,1,86.87,130.85,217.72,217.72,130.85,1,0.0,21,0,0,0,0,0,0,0,0,0,0,,0,0,0.0,0.0,0,0,0.0,0,0,0,0,0.0,0.0,12.64,145.55,0.913,0.0,Shoulder,0,0,Mon,0,0,1,1,1,13,9,67507.95,0.6923,0,1,145,0.145,Low,0,0,93.3,0.0267
L-202308-75598,Lost,TechCorp Solutions,Product Launch Event,Corporate,In-person,Full Package,Technology,Technology,RFP,Low,2023-05-21,2023-06-11,14,2023-08-16,2023-08-18,2,87,5,10,6,1,Boardroom,1,1,7,1.0,76766.65,2,68.5,156.15,137.72,1377.2,2740.79,650.52,4768.51,0,0.0,0.0,0.0,0.0,,0.0,Client Went Direct,2023,8,4,71.7,28.3,1,103.03,138.65,241.68,241.68,138.65,2,20.0,4,5,0,0,1,3,3,24,0,1,1,Boardroom,2,0,1.6,395.17,767,0,2114.69,0,0,0,0,0.0,0.43,11.8,476.85,0.833,1.667,Shoulder,0,2,Wed,0,0,0,0,1,9,4,28629.09,0.4444,0,1,73,0.068,Low,0,0,100.0,0.0805
L-202308-76265,Lost,Community Church,Band Competition,SMERF,In-person,Full Package,SMERF,SMERF,Third-Party Planner,Low,2023-05-04,2023-06-03,16,2023-08-21,2023-08-23,2,109,18,36,24,1,Breakout Room,1,0,14,0.0,0.0,4,66.7,161.91,135.6,4881.6,1581.52,1259.04,7722.16,0,0.0,0.0,0.0,0.0,,0.0,Canceled by Client,2023,8,3,63.1,36.9,1,119.97,122.07,242.04,167.0,122.07,2,61.1,7,18,0,0,1,1,1,12,0,0,1,Theater,0,0,0.41,562.66,0,774,2893.27,1,0,0,0,100.0,0.6,16.25,214.5,0.75,0.417,Shoulder,0,0,Mon,0,0,1,0,1,1,1,14625.7,1.0,0,0,104,0.173,Low,0,0,93.3,0.1284
L-202308-79979,Lost,Private Party,Bar/Bat Mitzvah,Wedding/Social,In-person,Full Package,Travel,Travel/Hospitality,RFP,Medium,2023-01-15,2023-02-21,27,2023-08-22,2023-08-23,1,219,33,33,44,1,Half Ballroom,1,0,10,0.0,0.0,4,69.7,171.89,151.02,4983.66,2883.85,3830.56,11698.07,0,0.0,0.0,0.0,0.0,,0.0,Client Went Direct,2023,8,2,64.8,35.2,0,29.38,126.71,156.09,0.0,126.71,1,0.0,33,0,0,0,1,3,3,36,1,0,1,Reception,3,1,2.8,966.99,1378,7764,9903.56,4,0,0,0,100.0,0.37,12.14,354.49,0.75,0.227,Shoulder,0,1,Tue,0,0,1,0,1,14,9,67507.95,0.6429,0,1,104,0.317,Moderate,0,0,93.3,0.0457
L-202308-33306,Lost,Pharmaceutical Partners,Innovation Workshop,Corporate,In-person,Full Package,Finance,Finance,Referral,Low,2023-05-29,2023-06-17,11,2023-08-23,2023-08-24,1,86,57,57,71,1,Half Ballroom,1,1,8,0.0,0.0,1,70.1,168.7,163.44,9316.08,2822.64,3367.96,15506.68,0,0.0,0.0,0.0,0.0,,0.0,Lost to Competition,2023,8,2,61.4,38.6,0,12.03,143.32,155.35,0.0,143.32,1,0.0,57,0,0,0,1,2,1,8,1,0,1,Classroom,0,0,0.28,1081.7,0,1384,2199.31,1,0,0,0,100.0,0.59,3.12,272.05,0.803,0.141,Shoulder,0,2,Wed,0,0,1,0,1,20,15,202161.23,0.75,0,1,196,0.291,Moderate,0,0,93.3,0.093
L-202308-78788,Lost,Legal Society,Policy Symposium,Association,In-person,Rooms Only,Association,Association,Referral,Medium,2022-11-14,2022-12-08,21,2023-08-23,2023-08-26,3,282,48,144,52,0,,1,0,3,0.0,0.0,4,68.6,171.38,157.18,22633.92,0.0,0.0,22633.92,0,0.0,0.0,0.0,0.0,,0.0,Dates Not Available,2023,8,4,70.0,30.0,1,78.9,114.94,193.84,193.84,130.18,2,9.5,41,48,37,0,0,0,0,0,0,0,0,,0,0,0.0,0.0,0,0,0.0,0,0,0,0,0.0,0.0,8.29,157.18,0.923,0.0,Shoulder,0,2,Wed,0,0,1,1,1,10,8,139639.86,0.8,0,1,199,0.241,Low,0,0,93.3,0.0106
L-202308-23573,Lost,Accounting Institute,Professional Development Symposium,Association,Hybrid,Full Package,Education,Education,Direct Inquiry,Low,2022-11-21,2022-12-21,23,2023-08-24,2023-08-26,2,276,75,150,97,1,Half Ballroom,1,0,7,0.0,0.0,3,72.6,164.37,143.02,21453.0,5161.56,9012.58,35627.14,0,0.0,0.0,0.0,0.0,,0.0,Lost to Competition,2023,8,4,62.8,37.2,1,95.92,129.88,225.8,206.81,206.81,2,12.0,66,75,0,0,2,1,1,8,1,0,1,Theater,0,0,0.2,1477.27,0,1315,3073.95,5,1,0,1,50.0,0.81,12.99,237.51,0.773,0.206,Shoulder,0,3,Thu,0,0,1,0,1,11,10,228533.69,0.9091,0,1,130,0.577,Moderate,0,0,93.3,0.0254
L-202308-35362,Lost,Service Club,Volunteer Training,SMERF,In-person,Full Package,Education,Education,RFP,Low,2023-04-16,2023-05-15,15,2023-08-25,2023-08-27,2,131,48,96,59,1,Half Ballroom,1,0,14,1.0,48084.66,3,69.8,164.7,155.8,14956.8,2860.81,2976.5,20794.11,0,0.0,0.0,0.0,0.0,,0.0,Chose Another Venue,2023,8,4,50.0,50.0,1,143.77,120.79,264.56,213.88,120.79,2,10.4,43,48,0,0,1,1,3,12,1,0,1,Theater,0,0,0.32,1096.81,0,1140,1672.15,4,0,1,1,100.0,0.49,5.4,216.61,0.814,0.169,Shoulder,0,4,Fri,1,0,0,0,1,6,6,57771.65,1.0,0,0,220,0.218,Low,0,0,100.0,0.1069
L-202308-51144,Lost,Insurance Federation,State Convention,Association,In-person,Full Package,Other,Other,Cvent,Medium,2023-02-01,2023-03-02,22,2023-08-27,2023-08-29,2,207,65,130,83,1,Half Ballroom,1,1,7,1.0,27653.84,1,74.4,158.36,133.06,17297.8,5643.28,11228.92,34170.0,0,0.0,0.0,0.0,0.0,,0.0,Dates Not Available,2023,8,3,56.4,43.6,1,90.52,155.52,246.04,184.66,246.04,2,18.5,53,65,0,0,2,1,1,8,1,0,1,Theater,0,0,0.29,1667.54,0,0,1275.07,0,0,0,0,100.0,0.69,15.98,262.85,0.783,0.241,Shoulder,0,6,Sun,1,0,0,0,1,11,9,197656.34,0.8182,0,1,0,,Unknown,0,1,100.0,0.0338
L-202309-45268,Lost,Pharmaceutical Partners,Product Launch Event,Corporate,In-person,Full Package,Legal,Legal,RFP,Medium,2023-06-22,2023-07-08,9,2023-09-07,2023-09-09,2,77,54,108,74,1,Half Ballroom,1,0,7,1.0,6688.91,2,83.3,171.55,164.32,17746.56,5575.31,8873.63,32195.5,0,0.0,0.0,0.0,0.0,,0.0,Dates Not Available,2023,9,2,63.2,36.8,0,25.29,134.16,159.45,0.0,134.16,2,3.7,52,54,0,0,1,1,1,12,1,0,1,Classroom,2,0,2.41,820.44,862,1480,4501.76,5,1,0,1,100.0,0.62,4.21,298.11,0.73,0.135,Peak,0,3,Thu,0,0,0,0,1,21,15,202161.23,0.7143,0,1,196,0.276,Moderate,0,0,100.0,0.0909
L-202309-73192,Lost,Private Individual,Family Reunion Weekend,Wedding/Social,In-person,Full Package,Social,Social/Private,Sales Call,High,2023-03-02,2023-04-03,25,2023-09-08,2023-09-09,1,190,10,10,12,1,Boardroom,1,0,7,0.0,0.0,4,77.8,168.62,159.82,1598.2,1622.71,900.04,4120.95,0,0.0,0.0,0.0,0.0,,0.0,Chose Another Venue,2023,9,4,56.1,43.9,1,80.02,139.19,219.21,219.21,146.71,1,0.0,10,0,0,0,1,2,1,4,0,1,1,Boardroom,2,0,1.59,292.05,942,3708,5960.09,3,0,0,0,50.0,0.86,5.22,412.1,0.833,0.833,Shoulder,0,4,Fri,1,0,1,0,1,14,13,51297.46,0.9286,0,1,196,0.051,Low,0,0,93.3,0.0368
L-202309-73896,Lost,Dental Association,Professional Development Symposium,Association,In-person,Full Package,Government,Government,Sales Call,Low,2023-03-27,2023-05-04,25,2023-09-11,2023-09-14,3,168,88,264,120,1,Half Ballroom,1,1,13,0.0,0.0,3,80.9,168.14,162.94,43016.16,9901.07,22086.77,75004.0,0,0.0,0.0,0.0,0.0,,0.0,Client Went Direct,2023,9,3,74.7,25.3,1,82.04,137.89,219.93,219.93,139.54,2,6.0,86,88,76,0,1,3,2,16,1,0,1,Classroom,3,1,2.96,982.42,1152,2007,7783.79,1,0,0,0,50.0,1.0,3.09,284.11,0.733,0.083,Peak,0,0,Mon,0,0,1,0,1,10,9,172399.92,0.9,0,1,0,,Unknown,0,1,93.3,0.0774
L-202309-32911,Lost,State Medical Association,Awards Gala Weekend,Association,In-person,Full Package,Other,Other,RFP,Medium,2022-09-13,2022-10-21,27,2023-09-13,2023-09-14,1,365,74,74,103,1,Half Ballroom,1,1,11,1.0,42545.51,4,78.9,171.39,169.62,12551.88,2955.15,6782.45,22289.48,0,0.0,0.0,0.0,0.0,,0.0,Budget Constraints,2023,9,4,69.7,30.3,1,128.0,140.45,268.45,231.85,140.45,1,0.0,74,0,0,0,2,1,1,8,1,0,1,Classroom,3,1,2.54,1676.53,1227,0,1649.58,0,0,0,0,0.0,0.86,1.03,301.21,0.718,0.194,Peak,0,2,Wed,0,0,0,0,0,15,15,395385.53,1.0,0,0,0,,Unknown,0,1,100.0,0.0301
L-202309-84925,Lost,Education Foundation,Professional Development Symposium,Association,In-person,Full Package,Government,Government,Direct Inquiry,Medium,2022-10-20,2022-11-24,21,2023-09-14,2023-09-17,3,329,91,273,123,1,Grand Ballroom,1,0,14,0.0,0.0,4,82.1,178.0,164.73,44971.29,10194.93,18335.36,73501.58,0,0.0,0.0,0.0,0.0,,0.0,Chose Another Venue,2023,9,4,51.3,48.7,1,144.89,126.82,271.71,205.1,126.82,2,3.4,84,91,90,0,1,5,2,16,1,0,1,Classroom,3,1,2.54,1770.05,356,3770,4926.6,1,0,0,0,50.0,0.51,7.46,269.24,0.74,0.081,Peak,0,3,Thu,0,0,1,0,1,11,9,211678.29,0.8182,0,1,134,0.679,High,1,0,93.3,0.0426
L-202309-85354,Lost,Energy Solutions,Quarterly Business Review,Corporate,In-person,Full Package,Healthcare,Healthcare,Sales Call,Medium,2023-05-22,2023-06-09,10,2023-09-15,2023-09-16,1,116,71,71,83,1,Half Ballroom,1,0,8,0.0,0.0,3,80.3,172.43,181.66,12897.86,3108.43,4643.18,20649.47,0,0.0,0.0,0.0,0.0,,0.0,Client Went Direct,2023,9,3,71.4,28.6,1,89.24,174.5,263.74,263.74,174.5,1,0.0,71,0,0,0,2,6,3,24,1,0,1,Theater,2,0,1.66,1744.23,1420,0,2764.53,0,0,0,0,0.0,0.69,-5.35,290.84,0.855,0.241,Peak,0,4,Fri,1,0,1,0,0,9,6,73334.1,0.6667,0,1,134,0.53,Moderate,0,0,93.3,0.069
L-202309-67065,Lost,Professional Engineers Society,Leadership Institute,Association,In-person,Full Package,Association,Association,Repeat Client,Medium,2023-04-07,2023-05-04,19,2023-09-16,2023-09-18,2,162,63,126,70,1,Half Ballroom,1,1,8,0.0,0.0,4,93.4,205.77,218.12,27483.12,4593.44,8453.43,40529.99,0,0.0,0.0,0.0,0.0,,0.0,Dates Not Available,2023,9,2,65.4,34.6,0,124.03,164.69,288.72,0.0,164.69,2,4.8,60,63,0,0,1,5,3,12,1,0,1,Classroom,3,1,2.6,1101.89,546,11675,14345.89,5,1,0,0,0.0,0.58,-6.0,321.67,0.9,0.143,Peak,1,5,Sat,1,1,1,0,0,12,10,179906.64,0.8333,0,1,113,0.558,Moderate,0,0,93.3,0.0494
L-202309-93574,Lost,Retail Corporation,Strategic Planning Retreat,Corporate,In-person,Full Package,Technology,Technology,Third-Party Planner,Low,2023-07-31,2023-08-19,8,2023-09-20,2023-09-22,2,51,98,196,133,1,Grand Ballroom,1,0,11,1.0,55047.15,4,75.1,169.71,167.96,32920.16,7363.22,14165.87,54449.25,0,0.0,0.0,0.0,0.0,,0.0,Space Not Adequate,2023,9,4,69.1,30.9,1,168.37,147.4,315.77,274.54,147.4,2,12.2,86,98,0,0,1,6,3,24,1,0,1,Theater,2,0,1.62,1558.74,1487,2550,5027.81,1,0,0,0,100.0,0.55,1.03,277.8,0.737,0.075,Shoulder,0,2,Wed,0,0,0,0,0,13,10,149607.48,0.7692,0,1,45,1.0,High,1,1,100.0,0.2157
L-202309-38885,Lost,Youth Athletics,Sports Team Tournament,SMERF,In-person,Full Package,Government,Government,Third-Party Planner,Low,2023-04-18,2023-05-17,17,2023-09-21,2023-09-22,1,156,25,25,33,1,Breakout Room,1,0,12,1.0,7654.22,2,79.9,164.64,159.15,3978.75,1466.18,1036.36,6481.29,0,0.0,0.0,0.0,0.0,,0.0,Client Went Direct,2023,9,2,58.6,41.4,0,141.73,165.81,307.54,0.0,307.54,1,0.0,25,0,0,0,1,1,1,8,0,0,1,Theater,3,1,2.95,499.46,964,0,5926.33,0,0,0,0,100.0,0.82,3.33,259.25,0.758,0.303,Peak,0,3,Thu,0,0,0,0,1,2,2,21013.57,1.0,0,0,45,0.556,Moderate,0,0,100.0,0.0769
L-202309-94926,Lost,Social Event,Milestone Birthday Party,Wedding/Social,In-person,Full Package,Social,Social/Private,RFP,High,2022-12-02,2023-01-07,22,2023-09-22,2023-09-23,1,294,11,11,15,1,Breakout Room,1,1,14,1.0,38660.48,4,81.9,171.1,175.81,1933.91,1853.48,1180.64,4968.03,0,0.0,0.0,0.0,0.0,,0.0,Rates Too High / Client Declined,2023,9,2,57.1,42.9,1,119.06,128.11,247.17,247.17,128.11,1,0.0,11,0,0,0,1,4,2,8,0,0,1,Reception,0,0,0.11,382.56,0,5280,9745.55,5,0,0,0,100.0,0.38,-2.75,451.64,0.733,0.667,Peak,0,4,Fri,1,0,0,0,0,18,14,79131.29,0.7778,0,1,206,0.053,Low,0,0,100.0,0.0476
L-202309-15539,Lost,Energy Solutions,Product Launch Event,Corporate,In-person,Full Package,Healthcare,Healthcare,Direct Inquiry,High,2023-06-14,2023-07-07,9,2023-09-25,2023-09-26,1,103,53,53,64,1,Half Ballroom,1,0,14,0.0,0.0,1,78.6,172.36,172.66,9150.98,3250.22,3604.57,16005.77,0,0.0,0.0,0.0,0.0,,0.0,Lost to Competition,2023,9,4,73.2,26.8,1,97.29,135.95,233.24,233.24,135.95,1,0.0,53,0,0,0,2,3,2,24,1,0,1,Theater,2,0,2.25,1562.19,281,6330,7374.99,5,1,0,1,0.0,0.53,-0.17,302.0,0.828,0.312,Peak,0,0,Mon,0,0,1,0,0,11,7,96706.91,0.6364,0,1,50,1.0,High,1,1,93.3,0.1359
L-202309-73813,Lost,Nursing Council,Awards Gala Weekend,Association,Hybrid,Full Package,Government,Government,RFP,Medium,2022-11-30,2023-01-09,27,2023-09-27,2023-09-29,2,301,86,172,117,1,Half Ballroom,1,1,13,1.0,70878.72,1,74.8,170.77,161.17,27721.24,5828.66,12213.27,45763.17,0,0.0,0.0,0.0,0.0,,0.0,Rates Too High / Client Declined,2023,9,3,53.3,46.7,0,26.68,119.12,145.8,0.0,120.53,2,7.0,80,86,0,0,1,6,3,24,1,0,1,Theater,1,0,1.38,1363.8,241,8700,10337.2,5,0,0,0,50.0,0.97,5.62,266.06,0.735,0.085,Shoulder,0,2,Wed,0,0,0,0,1,15,12,206128.44,0.8,0,1,140,0.614,High,1,0,100.0,0.0432
L-202310-26389,Lost,Nursing Council,Committee Meeting,Association,In-person,Full Package,Healthcare,Healthcare,Repeat Client,Medium,2022-12-07,2023-01-08,19,2023-10-06,2023-10-09,3,303,105,315,136,1,Grand Ballroom,1,0,13,0.0,0.0,1,82.1,173.93,178.28,56158.2,10006.73,23148.98,89313.91,0,0.0,0.0,0.0,0.0,,0.0,Chose Another Venue,2023,10,4,74.1,25.9,1,90.37,153.62,243.99,243.99,155.06,2,0.4,104,105,104,0,1,1,1,12,1,0,1,Classroom,2,0,1.77,2248.85,420,0,2273.19,0,0,0,0,50.0,0.57,-2.5,283.54,0.772,0.074,Peak,0,4,Fri,1,1,1,0,0,16,12,206128.44,0.75,0,1,171,0.614,High,1,0,93.3,0.0429
L-202310-42778,Lost,Consulting Network,Customer Advisory Board,Corporate,In-person,Full Package,Finance,Finance,Referral,Medium,2023-06-23,2023-07-07,7,2023-10-07,2023-10-08,1,106,10,10,13,1,Boardroom,1,0,7,0.0,0.0,1,94.4,210.0,222.6,2226.0,1608.74,661.03,4495.77,0,0.0,0.0,0.0,0.0,,0.0,Chose Another Venue,2023,10,3,52.4,47.6,1,32.66,150.29,182.95,182.95,150.29,1,0.0,10,0,0,0,1,1,1,8,0,1,1,Boardroom,2,0,1.99,299.06,183,1629,2562.27,3,0,0,0,100.0,0.93,-6.0,449.58,0.769,0.769,Peak,1,5,Sat,1,0,1,0,0,4,3,38705.16,0.75,0,1,171,0.058,Low,0,0,93.3,0.066
L-202310-75700,Lost,Professional Services Group,Management Training,Corporate,In-person,Full Package,Trade/Manufacturing,Trade/Manufacturing,Third-Party Planner,Medium,2023-06-20,2023-07-15,14,2023-10-08,2023-10-09,1,110,8,8,10,1,Boardroom,1,0,11,0.0,0.0,1,96.3,210.0,222.6,1780.8,1322.64,480.4,3583.84,0,0.0,0.0,0.0,0.0,,0.0,Space Not Adequate,2023,10,3,59.3,40.7,1,150.91,150.45,301.36,186.95,150.45,1,0.0,8,0,0,0,1,1,1,12,0,1,1,Boardroom,2,0,2.38,255.13,298,0,2321.29,0,0,0,0,100.0,0.71,-6.0,447.98,0.8,1.0,Peak,1,6,Sun,1,0,1,0,0,10,8,113738.65,0.8,0,1,120,0.067,Low,0,0,93.3,0.1
L-202310-29400,Lost,Social Event,Martinez-Garcia Wedding,Wedding/Social,In-person,Full Package,Travel,Travel/Hospitality,Third-Party Planner,Medium,2022-10-31,2022-12-09,26,2023-10-10,2023-10-11,1,344,9,9,10,1,Boardroom,1,0,13,0.0,0.0,2,82.5,179.88,176.54,1588.86,1780.55,635.61,4005.02,0,0.0,0.0,0.0,0.0,,0.0,Budget Constraints,2023,10,2,72.3,27.7,1,80.78,134.92,215.7,215.7,134.92,1,0.0,9,0,0,0,1,6,3,12,0,1,1,Boardroom,0,0,0.14,306.46,0,0,1786.25,0,0,0,0,0.0,0.71,1.86,445.0,0.9,1.0,Peak,0,1,Tue,0,0,1,0,0,20,15,82573.96,0.75,0,1,161,0.056,Low,0,0,93.3,0.0378
L-202310-84964,Lost,Nursing Council,State Convention,Association,In-person,Rooms Only,Government,Government,Cvent,Medium,2023-02-06,2023-03-02,17,2023-10-13,2023-10-15,2,249,74,148,81,0,,1,0,7,0.0,0.0,4,90.0,179.93,188.12,27841.76,0.0,0.0,27841.76,0,0.0,0.0,0.0,0.0,,0.0,Rates Too High / Client Declined,2023,10,2,51.9,48.1,0,167.63,141.01,308.64,0.0,141.01,2,6.8,69,74,0,0,0,0,0,0,0,0,0,,0,0,0.0,0.0,0,0,0.0,0,0,0,0,0.0,0.0,-4.55,188.12,0.914,0.0,Peak,1,4,Fri,1,0,1,0,0,17,12,206128.44,0.7059,0,1,131,0.565,Moderate,0,0,93.3,0.0281
L-202310-80855,Lost,Pharmaceutical Partners,New Hire Orientation,Corporate,In-person,Full Package,Healthcare,Healthcare,Website,Low,2023-07-03,2023-07-24,9,2023-10-15,2023-10-17,2,104,36,72,45,1,Half Ballroom,1,1,12,1.0,12380.72,1,92.1,205.72,218.06,15700.32,4544.98,5025.91,25271.21,0,0.0,0.0,0.0,0.0,,0.0,Canceled by Client,2023,10,4,69.1,30.9,1,163.39,153.18,316.57,252.21,153.18,2,0.0,36,36,0,0,1,3,3,24,1,0,1,Classroom,1,0,0.54,1026.61,891,5745,8277.27,5,1,0,0,100.0,0.38,-6.0,350.99,0.8,0.222,Peak,1,6,Sun,1,0,0,0,0,23,16,210669.75,0.6957,0,1,220,0.164,Low,0,0,100.0,0.1154
L-202310-93472,Lost,Private Party,Graduation Celebration,Wedding/Social,In-person,Full Package,Travel,Travel/Hospitality,Repeat Client,Low,2023-05-10,2023-06-12,24,2023-10-15,2023-10-16,1,158,5,5,5,1,Boardroom,1,0,9,1.0,22750.69,2,92.6,196.92,202.39,1011.95,1791.37,377.11,3180.43,0,0.0,0.0,0.0,0.0,,0.0,Dates Not Available,2023,10,2,72.4,27.6,1,45.7,146.41,192.11,192.11,146.41,1,0.0,5,0,0,0,1,1,1,4,0,1,1,Boardroom,3,1,2.56,290.5,925,0,1738.01,0,0,0,0,100.0,0.36,-2.78,636.09,1.0,2.0,Peak,1,6,Sun,1,1,0,0,0,16,10,72375.41,0.625,0,1,99,0.051,Low,0,0,100.0,0.057
L-202310-20118,Lost,Energy Solutions,Leadership Summit,Corporate,In-person,Full Package,Legal,Legal,Direct Inquiry,Medium,2023-08-11,2023-09-04,12,2023-10-19,2023-10-20,1,69,61,61,81,1,Half Ballroom,1,0,12,0.0,0.0,3,83.2,180.51,184.21,11236.81,2721.55,3609.89,17568.25,0,0.0,0.0,0.0,0.0,,0.0,Canceled by Client,2023,10,4,58.2,41.8,1,121.11,137.98,259.09,259.09,137.98,1,0.0,61,0,0,0,2,3,2,16,1,0,1,Theater,0,0,0.22,1753.39,0,0,2272.57,0,0,0,0,50.0,0.68,-2.05,288.0,0.753,0.247,Peak,0,3,Thu,0,0,1,0,0,12,7,96706.91,0.5833,0,1,0,,Unknown,0,1,93.3,0.1739
L-202310-34114,Lost,Personal Event,Bar/Bat Mitzvah,Wedding/Social,In-person,Full Package,Other,Other,Third-Party Planner,Low,2023-01-23,2023-02-28,29,2023-10-23,2023-10-24,1,273,26,26,32,1,Breakout Room,1,0,7,0.0,0.0,2,83.7,179.78,182.45,4743.7,3274.89,2828.89,10847.48,0,0.0,0.0,0.0,0.0,,0.0,Canceled by Client,2023,10,4,63.1,36.9,1,83.85,150.27,234.12,234.12,160.85,1,0.0,26,0,0,0,1,2,1,12,0,0,1,Banquet,3,1,2.67,466.26,401,908,2105.34,1,0,0,0,100.0,0.8,-1.49,417.21,0.812,0.312,Peak,0,0,Mon,0,0,1,0,0,18,15,62867.23,0.8333,0,1,195,0.133,Low,0,0,93.3,0.0256
L-202310-72530,Lost,Volunteer Network,Military Reunion,SMERF,In-person,Full Package,Other,Other,Referral,Low,2023-05-30,2023-06-24,16,2023-10-23,2023-10-24,1,146,35,35,38,1,Breakout Room,1,1,9,0.0,0.0,1,82.0,174.73,166.99,5844.65,1341.27,1220.15,8406.07,0,0.0,0.0,0.0,0.0,,0.0,Client Went Direct,2023,10,3,73.7,26.3,1,139.23,136.61,275.84,171.0,136.61,1,0.0,35,0,0,0,1,5,2,8,0,0,1,Classroom,3,1,2.85,584.1,411,3915,4832.4,3,0,0,0,50.0,0.95,4.43,240.17,0.921,0.263,Peak,0,0,Mon,0,0,1,0,1,9,5,26121.08,0.5556,0,1,195,0.179,Low,0,0,93.3,0.0616
L-202310-78656,Lost,Education Foundation,Industry Forum,Association,In-person,Full Package,Other,Other,Third-Party Planner,Low,2023-02-18,2023-03-24,20,2023-10-23,2023-10-26,3,247,70,210,86,1,Half Ballroom,1,0,14,0.0,0.0,3,81.9,171.4,177.3,37233.0,7994.35,15749.76,60977.11,0,0.0,0.0,0.0,0.0,,0.0,Canceled by Client,2023,10,4,74.6,25.4,0,151.36,129.52,280.88,0.0,134.09,2,3.5,67,70,64,0,2,1,1,8,1,0,1,Classroom,0,0,0.16,1725.31,0,0,914.46,0,0,0,0,100.0,0.72,-3.44,290.37,0.814,0.233,Peak,0,0,Mon,0,0,1,0,0,15,12,319558.97,0.8,0,1,132,0.53,Moderate,0,0,93.3,0.0567
L-202310-36106,Lost,Cultural Journeys,Cultural Heritage Journey,Corporate,Hybrid,Full Package,Trade/Manufacturing,Trade/Manufacturing,Direct Inquiry,Medium,2023-08-11,2023-09-07,13,2023-10-24,2023-10-25,1,74,52,52,68,1,Half Ballroom,1,0,14,1.0,74224.4,3,82.6,173.98,184.42,9589.84,910.53,1401.72,11902.09,0,0.0,0.0,0.0,0.0,,0.0,Chose Another Venue,2023,10,4,70.1,29.9,1,130.75,154.84,285.59,285.59,179.9,1,0.0,52,0,0,0,1,6,3,36,1,0,1,Classroom,1,0,0.95,1102.18,163,0,1303.74,0,0,0,0,100.0,0.57,-6.0,228.89,0.765,0.147,Peak,0,1,Tue,0,0,0,0,0,6,6,26650.08,1.0,0,0,132,0.394,Moderate,0,0,100.0,0.1892
L-202310-47707,Lost,Energy Solutions,Quarterly Business Review,Corporate,In-person,Full Package,Legal,Legal,Third-Party Planner,High,2023-08-29,2023-09-20,8,2023-10-28,2023-10-30,2,60,17,34,20,1,Breakout Room,1,0,14,0.0,0.0,1,82.8,176.19,175.73,5974.82,2738.15,1701.11,10414.08,0,0.0,0.0,0.0,0.0,,0.0,Chose Another Venue,2023,10,4,68.7,31.3,1,146.04,140.3,286.34,232.66,140.3,2,11.8,15,17,0,0,1,1,1,8,0,0,1,Banquet,1,0,0.98,588.18,1469,539,2618.96,1,0,0,0,100.0,0.5,0.26,306.3,0.85,0.5,Peak,0,5,Sat,1,0,1,0,0,14,8,102721.1,0.5714,0,1,132,0.129,Low,0,0,93.3,0.2333
L-202311-78997,Lost,Real Estate Board,Networking Summit,Association,In-person,Full Package,Other,Other,Cvent,Low,2023-04-18,2023-05-16,18,2023-11-05,2023-11-08,3,201,39,117,48,1,Half Ballroom,1,1,10,1.0,36906.16,4,86.5,193.17,193.64,22655.88,6294.05,9202.85,38152.78,0,0.0,0.0,0.0,0.0,,0.0,Chose Another Venue,2023,11,4,52.6,47.4,1,103.52,136.09,239.61,239.61,144.1,2,9.6,30,39,33,0,1,2,1,4,1,0,1,Theater,3,1,2.72,1164.68,903,1264,3288.99,1,0,0,0,100.0,0.4,-0.24,326.09,0.812,0.208,Peak,1,6,Sun,1,0,0,0,0,9,9,215958.27,1.0,0,0,130,0.3,Moderate,0,0,100.0,0.0498
L-202311-23513,Lost,Premier Tours,Photography Expedition,Corporate,In-person,Full Package,Legal,Legal,Third-Party Planner,Low,2023-09-04,2023-09-25,7,2023-11-15,2023-11-16,1,72,49,49,65,1,Half Ballroom,1,1,14,0.0,0.0,2,71.9,161.97,144.91,7100.59,822.43,1100.87,9023.89,0,0.0,0.0,0.0,0.0,,0.0,Space Not Adequate,2023,11,3,67.0,33.0,1,24.55,127.24,151.79,151.79,127.24,1,0.0,49,0,0,0,1,1,1,12,1,0,1,Theater,1,0,1.5,1185.02,1302,3515,5882.97,5,1,0,1,50.0,0.54,10.53,184.16,0.754,0.154,Shoulder,0,2,Wed,0,0,1,0,1,9,7,46643.97,0.7778,0,1,172,0.285,Moderate,0,0,93.3,0.1944
L-202311-36467,Lost,Education Foundation,Annual Member Conference,Association,In-person,Full Package,Other,Other,Referral,Low,2023-05-22,2023-07-01,28,2023-11-19,2023-11-21,2,181,84,168,94,1,Half Ballroom,1,0,12,1.0,45081.42,4,83.0,192.16,179.78,30203.04,5632.38,11947.79,47783.21,0,0.0,0.0,0.0,0.0,,0.0,Lost to Competition,2023,11,3,54.3,45.7,1,153.84,121.68,275.52,173.93,121.68,2,10.7,75,84,0,0,1,7,3,24,1,0,1,Classroom,3,1,2.78,1340.77,1445,6552,12925.62,4,1,0,0,0.0,0.78,6.44,284.42,0.894,0.106,Peak,0,6,Sun,1,0,0,0,1,18,14,401269.6,0.7778,0,1,200,0.42,Moderate,0,0,100.0,0.0663
L-202311-65183,Lost,Insurance Federation,Committee Meeting,Association,In-person,Rooms Only,Education,Education,Direct Inquiry,High,2023-04-17,2023-05-18,25,2023-11-19,2023-11-21,2,216,68,136,74,0,,1,0,6,1.0,59189.66,1,85.7,200.75,200.65,27288.4,0.0,0.0,27288.4,0,0.0,0.0,0.0,0.0,,0.0,Space Not Adequate,2023,11,2,71.5,28.5,0,152.05,129.18,281.23,0.0,129.18,2,14.7,58,68,0,0,0,0,0,0,0,0,0,,0,0,0.0,0.0,0,0,0.0,0,0,0,0,0.0,0.0,0.05,200.65,0.919,0.0,Peak,1,6,Sun,1,0,0,0,0,16,13,321402.63,0.8125,0,1,200,0.34,Moderate,0,0,100.0,0.0278
L-202311-85973,Lost,Real Estate Board,Industry Forum,Association,In-person,Full Package,Government,Government,Direct Inquiry,High,2023-03-04,2023-04-03,19,2023-11-22,2023-11-24,2,263,43,86,55,1,Half Ballroom,1,0,11,0.0,0.0,2,75.7,168.39,155.34,13359.24,4131.15,5375.82,22866.21,0,0.0,0.0,0.0,0.0,,0.0,Lost to Competition,2023,11,2,70.3,29.7,1,62.27,151.59,213.86,213.86,213.86,2,11.6,38,43,0,0,1,2,1,12,1,0,1,Classroom,2,0,1.66,1307.49,863,2256,4123.97,3,0,0,0,100.0,0.46,7.75,265.89,0.782,0.182,Shoulder,0,2,Wed,0,0,1,0,1,10,9,215958.27,0.9,0,1,167,0.257,Moderate,0,0,93.3,0.0418
L-202311-14145,Lost,Professional Engineers Society,Networking Summit,Association,Virtual,Full Package,Other,Other,Referral,Low,2023-03-08,2023-04-04,18,2023-11-23,2023-11-26,3,260,12,36,14,1,Boardroom,1,1,9,1.0,14291.47,3,70.6,159.22,144.25,5193.0,3717.57,2550.88,11461.45,0,0.0,0.0,0.0,0.0,,0.0,Budget Constraints,2023,11,4,55.2,44.8,1,123.1,127.5,250.6,156.4,127.5,2,38.7,4,12,1,0,1,2,3,24,0,1,1,Boardroom,1,0,1.48,295.01,799,700,3228.13,2,0,0,0,50.0,1.0,9.4,318.37,0.857,0.714,Shoulder,0,3,Thu,0,0,0,0,1,18,15,292419.29,0.8333,0,1,181,0.066,Low,0,0,100.0,0.0346
L-202311-44136,Lost,Energy Solutions,Performance Review Summit,Corporate,In-person,Rooms Only,Government,Government,Direct Inquiry,High,2023-09-08,2023-09-26,13,2023-11-24,2023-11-27,3,77,54,162,59,0,,1,1,5,0.0,0.0,2,71.2,165.73,165.28,26775.36,0.0,0.0,26775.36,0,0.0,0.0,0.0,0.0,,0.0,Budget Constraints,2023,11,3,61.6,38.4,1,130.09,136.76,266.85,178.3,136.76,2,3.8,52,54,49,0,0,0,0,0,0,0,0,,0,0,0.0,0.0,0,0,0.0,0,0,0,0,0.0,0.0,0.27,165.28,0.915,0.0,Shoulder,0,4,Fri,1,0,1,1,0,16,9,115130.13,0.5625,0,1,114,0.474,Moderate,0,0,93.3,0.0649
L-202311-84345,Lost,Accounting Institute,Industry Forum,Association,Virtual,Rooms Only,Healthcare,Healthcare,Third-Party Planner,Medium,2023-03-07,2023-04-07,24,2023-11-26,2023-11-29,3,264,55,165,60,0,,0,0,7,1.0,50711.67,2,71.3,166.95,154.18,25439.7,0.0,0.0,25439.7,0,0.0,0.0,0.0,0.0,,0.0,Dates Not Available,2023,11,2,51.2,48.8,1,27.98,230.27,258.25,230.27,230.27,2,6.2,53,55,47,0,0,0,0,0,0,0,0,,0,0,0.0,0.0,0,0,0.0,0,0,0,0,0.0,0.0,7.65,154.18,0.917,0.0,Shoulder,0,6,Sun,1,0,0,0,1,18,16,302965.96,0.8889,0,1,220,0.25,Moderate,0,0,100.0,0.0265
L-202311-64687,Lost,Financial Services Group,Strategic Planning Retreat,Corporate,Virtual,Meeting Only,Healthcare,Healthcare,Referral,Medium,2023-10-17,2023-11-08,12,2023-11-27,2023-11-28,1,41,0,0,61,1,Half Ballroom,0,0,10,1.0,68025.6,4,66.2,160.03,0.0,0.0,2695.73,3307.74,6003.47,0,0.0,0.0,0.0,0.0,,0.0,Canceled by Client,2023,11,0,0.0,0.0,0,0.0,0.0,0.0,0.0,0.0,0,0.0,0,0,0,0,1,2,1,12,1,0,1,Classroom,2,0,1.86,886.23,638,380,2213.76,1,0,0,0,100.0,0.51,100.0,,0.0,0.164,Shoulder,0,0,Mon,0,0,0,0,1,13,10,96400.27,0.7692,0,1,220,0.0,Low,0,0,86.7,0.2439
L-202311-66980,Lost,Manufacturing Alliance,Management Training,Corporate,In-person,Full Package,Professional Services,Professional Services,Website,High,2023-06-23,2023-07-18,12,2023-11-30,2023-12-01,1,160,20,20,27,1,Breakout Room,1,0,13,1.0,10047.04,2,70.6,165.84,153.99,3079.8,2808.5,1113.13,7001.43,0,0.0,0.0,0.0,0.0,,0.0,Rates Too High / Client Declined,2023,11,2,72.7,27.3,1,73.25,144.22,217.47,217.47,144.22,1,0.0,20,0,0,0,1,1,1,8,0,0,1,Classroom,2,0,1.87,586.26,1318,0,3562.41,0,0,0,0,100.0,0.68,7.15,350.07,0.741,0.37,Shoulder,0,3,Thu,0,0,0,0,1,11,7,121199.44,0.6364,0,1,109,0.183,Low,0,0,100.0,0.0812
L-202312-93548,Lost,HR Professionals Network,Awards Gala Weekend,Association,Hybrid,Full Package,Association,Association,Third-Party Planner,High,2023-05-07,2023-06-05,22,2023-12-04,2023-12-05,1,211,100,100,138,1,Grand Ballroom,1,0,7,0.0,0.0,2,49.7,151.14,113.52,11352.0,3370.89,6874.37,21597.26,0,0.0,0.0,0.0,0.0,,0.0,Client Went Direct,2023,12,2,69.8,30.2,1,84.18,107.43,191.61,191.61,107.43,1,0.0,100,0,0,0,2,2,1,8,1,0,1,Theater,3,1,2.68,2671.66,402,1282,2909.04,1,0,0,0,100.0,0.57,24.89,215.97,0.725,0.145,Low,0,0,Mon,0,0,1,0,1,12,7,126874.0,0.5833,0,1,220,0.455,Moderate,0,0,93.3,0.0332
L-202312-29014,Lost,Personal Event,Williams-Brown Wedding,Wedding/Social,In-person,Rooms Only,Travel,Travel/Hospitality,Website,High,2023-07-06,2023-08-09,27,2023-12-11,2023-12-12,1,158,29,29,31,0,,1,1,7,0.0,0.0,4,39.1,147.84,106.44,3086.76,0.0,0.0,3086.76,0,0.0,0.0,0.0,0.0,,0.0,Budget Constraints,2023,12,2,50.3,49.7,0,103.53,99.79,203.32,0.0,99.79,1,0.0,29,0,0,0,0,0,0,0,0,0,0,,0,0,0.0,0.0,0,0,0.0,0,0,0,0,0.0,0.0,28.0,106.44,0.935,0.0,Low,0,0,Mon,0,0,1,0,1,20,16,64823.83,0.8,0,1,169,0.172,Low,0,0,93.3,0.0443
L-202312-96419,Lost,Insurance Federation,Awards Gala Weekend,Association,Hybrid,Full Package,Government,Government,Cvent,High,2023-06-07,2023-07-07,19,2023-12-15,2023-12-17,2,191,33,66,39,1,Breakout Room,1,0,11,1.0,50091.36,4,41.4,138.63,99.81,6587.46,3758.3,4711.66,15057.42,0,0.0,0.0,0.0,0.0,,0.0,Dates Not Available,2023,12,3,55.2,44.8,1,96.35,107.68,204.03,120.07,107.68,2,0.0,33,33,0,0,1,1,1,8,0,0,1,Classroom,0,0,0.11,505.72,0,0,2302.09,0,0,0,0,0.0,0.97,28.0,228.14,0.846,0.256,Low,0,4,Fri,1,0,0,0,1,17,13,321402.63,0.7647,0,1,142,0.232,Low,0,0,100.0,0.0576
L-202312-11554,Lost,Dental Association,Committee Meeting,Association,In-person,Full Package,Other,Other,RFP,Medium,2023-05-04,2023-06-08,23,2023-12-17,2023-12-20,3,227,76,228,104,1,Half Ballroom,1,1,12,0.0,0.0,3,48.2,145.03,104.42,23807.76,9008.08,18076.47,50892.31,0,0.0,0.0,0.0,0.0,,0.0,Budget Constraints,2023,12,4,72.8,27.2,1,68.38,96.87,165.25,165.25,96.87,2,2.7,71,76,73,0,2,1,1,8,1,0,1,Classroom,2,0,1.76,1834.35,169,515,2577.95,1,0,0,0,0.0,0.87,28.0,223.21,0.731,0.192,Low,0,6,Sun,1,0,1,0,1,15,13,259873.68,0.8667,0,1,220,0.345,Moderate,0,0,93.3,0.0529
L-202401-81584,Lost,Senior Adventures,Museum Tour Package,SMERF,In-person,Full Package,Education,Education,Sales Call,Low,2023-07-28,2023-08-25,17,2024-01-01,2024-01-03,2,157,32,64,38,1,Breakout Room,1,1,11,0.0,0.0,1,45.6,142.42,102.54,6562.56,1377.08,1911.58,9851.22,0,0.0,0.0,0.0,0.0,,0.0,Space Not Adequate,2024,1,3,72.6,27.4,1,65.22,100.66,165.88,165.88,100.66,2,0.0,32,32,0,0,1,5,2,16,0,0,1,Theater,0,0,0.14,598.24,0,13000,14777.39,4,0,0,0,50.0,0.95,28.0,153.93,0.842,0.263,Low,0,0,Mon,0,0,1,0,1,6,5,15385.76,0.8333,0,1,112,0.286,Moderate,0,0,93.3,0.0701
L-202401-49582,Lost,Retail Corporation,Executive Offsite,Corporate,Hybrid,Full Package,Finance,Finance,RFP,Medium,2023-11-12,2023-12-04,14,2024-01-02,2024-01-05,3,51,37,111,44,1,Half Ballroom,1,0,8,0.0,0.0,1,51.2,147.63,110.9,12309.9,8420.7,7592.69,28323.29,0,0.0,0.0,0.0,0.0,,0.0,Budget Constraints,2024,1,3,61.8,38.2,1,100.8,101.05,201.85,137.4,101.05,2,12.9,35,37,26,0,1,5,2,8,1,0,1,Classroom,3,1,2.81,1053.65,57,7490,8869.7,2,0,0,0,100.0,0.37,24.88,255.16,0.841,0.227,Low,0,1,Tue,0,0,1,0,1,18,14,203679.4,0.7778,0,1,182,0.203,Low,0,0,93.3,0.1569
L-202401-68303,Lost,Retail Corporation,Product Launch Event,Corporate,In-person,Full Package,Finance,Finance,Sales Call,Medium,2023-09-12,2023-10-05,14,2024-01-03,2024-01-04,1,113,30,30,38,1,Breakout Room,1,0,9,0.0,0.0,2,45.6,151.57,109.13,3273.9,2693.53,2139.56,8106.99,0,0.0,0.0,0.0,0.0,,0.0,Client Went Direct,2024,1,4,69.7,30.3,1,91.44,103.32,194.76,168.61,103.32,1,0.0,30,0,0,0,1,5,3,24,0,0,1,Classroom,3,1,2.92,564.89,1100,9180,12040.57,4,1,0,1,0.0,0.95,28.0,270.23,0.789,0.263,Low,0,2,Wed,0,0,1,0,1,19,14,203679.4,0.7368,0,1,182,0.165,Low,0,0,93.3,0.0796
L-202401-41278,Lost,Professional Engineers Society,Awards Gala Weekend,Association,In-person,Meeting Only,Government,Government,Website,High,2023-03-22,2023-04-22,26,2024-01-05,2024-01-08,3,289,0,0,39,1,Breakout Room,0,0,5,1.0,44526.65,3,46.3,158.64,0.0,0.0,6806.54,6564.69,13371.23,0,0.0,0.0,0.0,0.0,,0.0,Budget Constraints,2024,1,0,0.0,0.0,0,0.0,0.0,0.0,0.0,0.0,0,0.0,0,0,0,0,1,2,2,8,0,0,1,Theater,3,1,3.0,375.19,195,7810,9381.5,5,0,0,0,0.0,0.97,100.0,,0.0,0.256,Low,0,4,Fri,1,0,0,1,1,21,17,358735.59,0.8095,0,1,95,0.0,Low,0,0,86.7,0.0173
L-202401-13769,Lost,Consulting Network,New Hire Orientation,Corporate,In-person,Full Package,Finance,Finance,Third-Party Planner,Medium,2023-11-22,2023-12-15,10,2024-01-06,2024-01-07,1,45,42,42,49,1,Half Ballroom,1,1,13,0.0,0.0,4,50.4,152.38,113.19,4753.98,2787.76,2341.99,9883.73,0,0.0,0.0,0.0,0.0,,0.0,Canceled by Client,2024,1,3,69.4,30.6,0,97.97,114.35,212.32,0.0,114.57,1,0.0,42,0,0,0,1,2,3,24,1,0,1,Theater,0,0,0.28,1366.0,0,6690,7977.69,5,0,1,1,100.0,0.41,25.72,235.33,0.857,0.204,Low,0,5,Sat,1,0,1,0,1,12,10,100443.44,0.8333,0,1,137,0.307,Moderate,0,0,93.3,0.2889
L-202401-90341,Lost,Service Club,Band Competition,SMERF,In-person,Full Package,Association,Association,Sales Call,High,2023-09-01,2023-09-25,16,2024-01-06,2024-01-08,2,127,42,84,52,1,Half Ballroom,1,0,8,1.0,5925.21,3,50.4,152.99,110.15,9252.6,2725.91,2433.11,14411.62,0,0.0,0.0,0.0,0.0,,0.0,Chose Another Venue,2024,1,4,56.0,44.0,1,73.5,94.54,168.04,168.04,94.54,2,2.4,41,42,0,0,1,1,1,8,1,0,1,Classroom,2,0,1.73,1014.28,599,0,3085.28,0,0,0,0,100.0,0.43,28.0,171.57,0.808,0.192,Low,0,5,Sat,1,0,0,0,1,8,7,68843.02,0.875,0,1,190,0.221,Low,0,0,100.0,0.063
L-202401-69636,Lost,Nursing Council,Continuing Education Conference,Association,In-person,Full Package,Other,Other,Direct Inquiry,Low,2023-04-20,2023-05-28,27,2024-01-07,2024-01-10,3,262,83,249,100,1,Half Ballroom,1,0,11,0.0,0.0,2,49.4,147.24,106.01,26396.49,10581.05,17613.41,54590.95,0,0.0,0.0,0.0,0.0,,0.0,Canceled by Client,2024,1,2,59.1,40.9,0,19.61,98.31,117.92,0.0,98.31,2,6.0,71,83,75,0,1,5,3,36,1,0,1,Theater,3,1,2.55,1203.49,211,0,2662.71,0,0,0,0,100.0,0.83,28.0,219.24,0.83,0.1,Low,0,6,Sun,1,0,1,0,1,21,15,247618.16,0.7143,0,1,220,0.377,Moderate,0,0,93.3,0.042
L-202401-15250,Lost,Education Foundation,Networking Summit,Association,In-person,Full Package,Education,Education,Cvent,Medium,2023-05-17,2023-06-21,28,2024-01-14,2024-01-16,2,242,52,104,68,1,Half Ballroom,1,1,7,0.0,0.0,4,46.2,147.64,114.37,11894.48,4990.04,8709.61,25594.13,0,0.0,0.0,0.0,0.0,,0.0,Rates Too High / Client Declined,2024,1,4,73.7,26.3,1,134.88,113.23,248.11,156.56,116.35,2,3.8,50,52,0,0,1,1,1,8,1,0,1,Classroom,0,0,0.25,823.94,0,819,1622.75,3,0,0,0,100.0,0.57,22.53,246.1,0.765,0.147,Low,0,6,Sun,1,0,1,0,1,22,17,429007.19,0.7727,0,1,220,0.236,Low,0,0,93.3,0.0289
L-202401-24643,Lost,Social Event,Anniversary Celebration,Wedding/Social,In-person,Full Package,Travel,Travel/Hospitality,Website,Medium,2023-01-14,2023-03-09,40,2024-01-14,2024-01-15,1,365,33,33,36,1,Breakout Room,1,1,14,1.0,11483.56,2,49.7,149.99,107.99,3563.67,3098.83,2420.07,9082.57,0,0.0,0.0,0.0,0.0,,0.0,Budget Constraints,2024,1,4,61.3,38.7,1,98.27,118.85,217.12,177.93,118.85,1,0.0,33,0,0,0,1,2,2,16,0,0,1,Banquet,2,0,1.77,388.96,1159,0,2845.14,0,0,0,0,50.0,0.9,28.0,275.23,0.917,0.278,Low,0,6,Sun,1,0,0,0,1,27,21,109094.69,0.7778,0,1,85,0.388,Moderate,0,0,100.0,0.0384
L-202401-27759,Lost,Local School District,Youth Sports Tournament,SMERF,In-person,Meeting Only,Association,Association,Sales Call,High,2023-10-09,2023-10-28,10,2024-01-15,2024-01-16,1,98,0,0,45,1,Half Ballroom,0,0,9,1.0,18583.95,3,47.9,146.99,0.0,0.0,1355.59,1162.62,2518.21,0,0.0,0.0,0.0,0.0,,0.0,Rates Too High / Client Declined,2024,1,0,0.0,0.0,0,0.0,0.0,0.0,0.0,0.0,0,0.0,0,0,0,0,1,4,3,24,1,0,1,Theater,1,0,0.98,815.83,117,2772,3993.42,1,0,0,0,0.0,0.38,100.0,,0.0,0.222,Low,0,0,Mon,0,0,0,0,1,5,4,35024.48,0.8,0,1,220,0.0,Low,0,0,86.7,0.0918
L-202401-58916,Lost,Dental Association,Board Retreat,Association,In-person,Full Package,Healthcare,Healthcare,Sales Call,Low,2023-04-04,2023-04-30,16,2024-01-23,2024-01-26,3,294,39,117,51,1,Half Ballroom,1,0,10,1.0,50139.33,1,46.8,151.65,109.19,12775.23,6428.76,7115.68,26319.67,0,0.0,0.0,0.0,0.0,,0.0,Rates Too High / Client Declined,2024,1,4,57.6,42.4,1,61.31,92.38,153.69,153.69,92.38,2,9.4,30,39,34,0,1,4,2,16,1,0,1,Classroom,1,0,1.15,1353.53,1328,7656,9972.61,3,0,0,0,100.0,0.42,28.0,224.95,0.765,0.196,Low,0,1,Tue,0,0,0,0,1,18,15,282992.82,0.8333,0,1,93,0.419,Moderate,0,0,100.0,0.034
L-202401-64474,Lost,Global Industries,Customer Advisory Board,Corporate,In-person,Full Package,Finance,Finance,Third-Party Planner,Medium,2023-11-27,2023-12-18,9,2024-01-24,2024-01-25,1,58,12,12,14,1,Boardroom,1,0,12,0.0,0.0,4,47.6,148.43,121.13,1453.56,1704.03,588.4,3745.99,0,0.0,0.0,0.0,0.0,,0.0,Client Went Direct,2024,1,3,53.8,46.2,1,99.52,132.57,232.09,150.03,132.57,1,0.0,12,0,0,0,1,3,3,24,0,1,1,Boardroom,2,0,2.0,356.21,889,0,1510.99,0,0,0,0,0.0,1.0,18.39,312.17,0.857,0.714,Low,0,2,Wed,0,0,1,0,1,25,21,318305.49,0.84,0,1,93,0.129,Low,0,0,93.3,0.2069
L-202401-49462,Lost,Pharmaceutical Partners,Customer Advisory Board,Corporate,In-person,Full Package,Trade/Manufacturing,Trade/Manufacturing,Third-Party Planner,Low,2023-11-14,2023-12-02,8,2024-01-27,2024-01-29,2,74,48,96,62,1,Half Ballroom,1,0,10,0.0,0.0,3,47.6,154.14,110.98,10654.08,4353.56,5906.08,20913.72,0,0.0,0.0,0.0,0.0,,0.0,Lost to Competition,2024,1,2,70.5,29.5,1,78.65,122.37,201.02,122.37,201.02,2,25.0,36,48,0,0,1,1,2,16,1,0,1,Theater,3,1,2.7,1168.15,361,209,2520.81,1,0,0,0,50.0,0.52,28.0,217.85,0.774,0.161,Low,0,5,Sat,1,0,1,0,1,28,20,267400.66,0.7143,0,1,187,0.257,Moderate,0,0,93.3,0.1351
L-202401-21443,Lost,Private Individual,Charity Gala,Wedding/Social,In-person,Full Package,Social,Social/Private,Referral,Low,2023-04-03,2023-05-12,25,2024-01-29,2024-01-30,1,301,31,31,37,1,Breakout Room,1,0,14,1.0,72179.81,4,50.9,147.34,106.08,3288.48,3397.85,2551.08,9237.41,0,0.0,0.0,0.0,0.0,,0.0,Canceled by Client,2024,1,3,54.8,45.2,1,61.68,92.83,154.51,154.51,92.83,1,0.0,31,0,0,0,1,8,3,36,0,0,1,Banquet,1,0,0.92,526.29,1157,0,2729.98,0,0,0,0,100.0,0.93,28.0,297.98,0.838,0.27,Low,0,0,Mon,0,0,0,0,1,23,21,83334.94,0.913,0,1,187,0.166,Low,0,0,100.0,0.0465
L-202401-93435,Lost,Manufacturing Alliance,Strategic Planning Retreat,Corporate,In-person,Full Package,Finance,Finance,RFP,Medium,2023-10-31,2023-11-20,10,2024-01-31,2024-02-02,2,92,42,84,47,1,Half Ballroom,1,1,10,0.0,0.0,4,47.2,145.4,113.61,9543.24,4839.98,4879.44,19262.66,0,0.0,0.0,0.0,0.0,,0.0,Space Not Adequate,2024,1,4,66.9,33.1,1,62.39,126.08,188.47,188.47,126.08,2,19.0,34,42,0,0,1,2,1,8,1,0,1,Theater,2,0,1.53,1358.51,1088,1080,3113.92,1,0,0,0,100.0,0.39,21.86,229.32,0.894,0.213,Low,0,2,Wed,0,0,1,0,1,13,8,135365.8,0.6154,0,1,220,0.191,Low,0,0,93.3,0.1087
L-202402-32298,Lost,Manufacturing Alliance,Sales Kickoff,Corporate,In-person,Full Package,Professional Services,Professional Services,Referral,High,2023-10-26,2023-11-18,14,2024-02-03,2024-02-06,3,100,25,75,28,1,Breakout Room,1,0,9,0.0,0.0,4,53.0,157.37,123.96,9297.0,7510.43,3439.8,20247.23,0,0.0,0.0,0.0,0.0,,0.0,Client Went Direct,2024,2,3,52.9,47.1,1,46.56,109.58,156.14,156.14,109.58,2,18.2,14,25,21,0,1,1,2,16,0,0,1,Theater,2,0,2.48,570.39,340,1228,4420.49,4,0,0,0,0.0,0.7,21.23,269.96,0.893,0.357,Low,0,5,Sat,1,0,1,0,1,14,8,135365.8,0.5714,0,1,106,0.236,Low,0,0,93.3,0.09
L-202402-35987,Lost,Insurance Federation,Annual Member Conference,Association,Hybrid,Rooms Only,Association,Association,Sales Call,Medium,2023-06-02,2023-06-25,19,2024-02-03,2024-02-05,2,246,89,178,97,0,,1,0,4,0.0,0.0,2,57.4,157.71,121.77,21675.06,0.0,0.0,21675.06,0,0.0,0.0,0.0,0.0,,0.0,Canceled by Client,2024,2,4,74.9,25.1,1,71.7,122.89,194.59,194.59,126.15,2,6.7,83,89,0,0,0,0,0,0,0,0,0,,0,0,0.0,0.0,0,0,0.0,0,0,0,0,0.0,0.0,22.79,121.77,0.918,0.0,Low,0,5,Sat,1,0,1,1,1,19,14,334972.78,0.7368,0,1,106,0.84,High,1,0,93.3,0.0163
L-202402-40862,Lost,Manufacturing Alliance,Performance Review Summit,Corporate,In-person,Full Package,Government,Government,Sales Call,Medium,2023-11-19,2023-12-12,13,2024-02-03,2024-02-04,1,76,65,65,75,1,Half Ballroom,1,0,10,1.0,72003.04,3,55.0,164.01,124.57,8097.05,2798.01,3568.22,14463.28,0,0.0,0.0,0.0,0.0,,0.0,Canceled by Client,2024,2,4,63.2,36.8,1,107.35,112.12,219.47,182.41,112.12,1,0.0,65,0,0,0,1,2,3,36,1,0,1,Classroom,0,0,0.46,1234.24,0,3930,6228.24,3,0,0,0,100.0,0.62,24.05,222.51,0.867,0.133,Low,0,5,Sat,1,0,0,0,1,14,8,135365.8,0.5714,0,1,135,0.481,Moderate,0,0,100.0,0.1316
L-202402-72347,Lost,Nonprofit Foundation,Faith-Based Conference,SMERF,Hybrid,Meeting Only,Education,Education,Direct Inquiry,Medium,2023-09-18,2023-10-08,15,2024-02-07,2024-02-09,2,142,0,0,47,1,Half Ballroom,0,1,5,1.0,54041.59,4,62.0,157.95,0.0,0.0,2905.55,2082.44,4987.99,0,0.0,0.0,0.0,0.0,,0.0,Rates Too High / Client Declined,2024,2,0,0.0,0.0,0,0.0,0.0,0.0,0.0,0.0,0,0.0,0,0,0,0,1,1,1,8,1,0,1,Classroom,3,1,2.77,1326.45,937,1048,3920.44,4,0,0,0,0.0,0.39,100.0,,0.0,0.213,Shoulder,0,2,Wed,0,0,0,1,1,5,4,37606.03,0.8,0,1,139,0.0,Low,0,0,86.7,0.0352
L-202402-34975,Lost,Private Party,Memorial Service Gathering,Wedding/Social,In-person,Full Package,Social,Social/Private,Third-Party Planner,High,2023-05-11,2023-06-01,14,2024-02-08,2024-02-10,2,273,39,78,46,1,Half Ballroom,1,0,7,0.0,0.0,4,53.9,156.38,117.41,9157.98,5857.33,6905.37,21920.68,0,0.0,0.0,0.0,0.0,,0.0,Budget Constraints,2024,2,3,70.0,30.0,1,75.54,146.9,222.44,183.03,183.03,2,25.6,29,39,0,0,1,1,2,16,1,0,1,Banquet,3,1,2.61,1048.07,817,1185,2460.09,5,0,0,0,0.0,0.38,24.92,281.03,0.848,0.217,Low,0,3,Thu,0,0,1,0,1,20,13,86550.8,0.65,0,1,183,0.213,Low,0,0,93.3,0.0256
L-202402-74447,Lost,Youth Organization,Cultural Heritage Festival,SMERF,In-person,Full Package,Government,Government,Referral,Low,2023-10-23,2023-11-16,10,2024-02-09,2024-02-11,2,109,59,118,77,1,Half Ballroom,1,1,14,1.0,24560.81,1,53.7,160.99,115.91,13677.38,3281.19,4653.63,21612.2,0,0.0,0.0,0.0,0.0,,0.0,Lost to Competition,2024,2,2,54.8,45.2,1,39.82,95.34,135.16,135.16,95.34,2,0.0,59,59,0,0,1,2,1,8,1,0,1,Classroom,0,0,0.48,840.76,0,1722,3330.77,3,0,0,0,100.0,0.64,28.0,183.15,0.766,0.13,Low,0,4,Fri,1,0,0,0,1,4,4,16837.6,1.0,0,0,200,0.295,Moderate,0,0,100.0,0.1284
L-202402-62694,Lost,Nonprofit Foundation,Sports Team Tournament,SMERF,In-person,Full Package,Education,Education,Third-Party Planner,Low,2023-10-18,2023-11-15,14,2024-02-10,2024-02-12,2,115,30,60,38,1,Breakout Room,1,1,14,0.0,0.0,4,56.6,148.21,106.71,6402.6,2977.29,1917.65,11297.54,0,0.0,0.0,0.0,0.0,,0.0,Chose Another Venue,2024,2,3,66.3,33.7,1,79.72,94.33,174.05,174.05,94.33,2,10.0,27,30,0,0,1,3,2,16,0,0,1,Classroom,2,0,2.47,437.23,1062,6795,9213.96,3,0,0,0,100.0,0.95,28.0,188.29,0.789,0.263,Low,0,5,Sat,1,0,1,0,1,6,4,37606.03,0.6667,0,1,0,,Unknown,0,1,93.3,0.1217
L-202402-89478,Lost,Pharmaceutical Partners,Annual Sales Conference,Corporate,In-person,Full Package,Legal,Legal,Sales Call,Medium,2023-11-27,2023-12-21,13,2024-02-16,2024-02-18,2,81,45,90,49,1,Half Ballroom,1,0,11,0.0,0.0,4,56.3,159.54,129.38,11644.2,4707.35,4383.6,20735.15,0,0.0,0.0,0.0,0.0,,0.0,Client Went Direct,2024,2,2,58.3,41.7,1,58.81,130.25,189.06,189.06,130.25,2,17.8,37,45,0,0,1,1,1,8,1,0,1,Theater,0,0,0.37,840.83,0,2328,4478.06,4,0,0,0,0.0,0.41,18.9,230.39,0.918,0.204,Low,0,4,Fri,1,0,1,0,1,30,21,270020.85,0.7,0,1,162,0.278,Moderate,0,0,93.3,0.1358
L-202402-73680,Lost,Manufacturing Alliance,Town Hall Meeting,Corporate,In-person,Rooms Only,Healthcare,Healthcare,Cvent,High,2023-12-16,2023-12-30,9,2024-02-21,2024-02-22,1,67,61,61,67,0,,1,0,5,0.0,0.0,2,50.0,157.94,118.18,7208.98,0.0,0.0,7208.98,0,0.0,0.0,0.0,0.0,,0.0,Rates Too High / Client Declined,2024,2,4,53.6,46.4,1,51.66,103.96,155.62,155.62,113.25,1,0.0,61,0,0,0,0,0,0,0,0,0,0,,0,0,0.0,0.0,0,0,0.0,0,0,0,0,0.0,0.0,25.17,118.18,0.91,0.0,Low,0,2,Wed,0,0,1,1,1,18,10,157760.12,0.5556,0,1,190,0.321,Moderate,0,0,93.3,0.0746
L-202402-89405,Lost,Dental Association,Board Retreat,Association,In-person,Full Package,Healthcare,Healthcare,Sales Call,Medium,2023-07-27,2023-08-22,15,2024-02-21,2024-02-23,2,209,54,108,73,1,Half Ballroom,1,0,11,1.0,47378.71,2,56.1,157.42,118.11,12755.88,5383.62,6727.54,24867.04,0,0.0,0.0,0.0,0.0,,0.0,Rates Too High / Client Declined,2024,2,4,61.6,38.4,1,97.93,113.07,211.0,168.8,113.07,2,7.4,50,54,0,0,2,1,2,16,1,0,1,Classroom,2,0,1.68,1650.75,251,1520,2249.13,4,1,0,0,0.0,0.61,24.97,230.25,0.74,0.274,Low,0,2,Wed,0,0,0,0,1,19,15,282992.82,0.7895,0,1,136,0.397,Moderate,0,0,100.0,0.0526
L-202402-52006,Lost,Technology Innovators,Sales Kickoff,Corporate,In-person,Full Package,Technology,Technology,Direct Inquiry,High,2023-12-06,2023-12-20,7,2024-02-25,2024-02-27,2,81,55,110,60,1,Half Ballroom,1,0,7,1.0,75328.02,1,56.1,159.15,137.26,15098.6,6815.62,6656.71,28570.93,0,0.0,0.0,0.0,0.0,,0.0,Rates Too High / Client Declined,2024,2,2,63.3,36.7,0,147.74,128.45,276.19,0.0,128.45,2,1.8,54,55,0,0,1,4,2,24,1,0,1,Banquet,3,1,2.63,1005.35,1200,0,2480.75,0,0,0,0,100.0,0.5,13.75,259.74,0.917,0.167,Low,0,6,Sun,1,0,0,0,1,18,15,226513.01,0.8333,0,1,177,0.311,Moderate,0,0,100.0,0.0864
L-202402-53160,Lost,Industry Trade Group,Regional Chapter Meeting,Association,In-person,Full Package,Other,Other,Website,Low,2023-06-07,2023-07-03,18,2024-02-25,2024-02-27,2,263,70,140,92,1,Half Ballroom,1,0,8,0.0,0.0,3,59.8,150.93,128.03,17924.2,4978.55,9236.97,32139.72,0,0.0,0.0,0.0,0.0,,0.0,Dates Not Available,2024,2,3,68.0,32.0,1,14.37,127.45,141.82,141.82,127.45,2,8.6,64,70,0,0,1,2,1,12,1,0,1,Theater,2,0,1.7,1385.56,32,1448,3408.87,4,0,0,0,0.0,0.77,15.17,229.57,0.761,0.109,Low,0,6,Sun,1,0,1,0,1,13,10,142508.95,0.7692,0,1,177,0.395,Moderate,0,0,93.3,0.0304
L-202402-54729,Lost,Banking Consortium,Town Hall Meeting,Corporate,In-person,Full Package,Trade/Manufacturing,Trade/Manufacturing,RFP,High,2023-11-12,2023-12-03,12,2024-02-25,2024-02-27,2,105,45,90,50,1,Half Ballroom,1,0,9,1.0,58443.19,4,55.6,146.99,107.58,9682.2,5048.71,5231.41,19962.32,0,0.0,0.0,0.0,0.0,,0.0,Lost to Competition,2024,2,2,54.0,46.0,0,0.35,107.6,107.95,0.0,107.6,2,26.7,33,45,0,0,1,7,3,24,1,0,1,Theater,3,1,2.62,1318.16,827,1085,4336.59,1,0,0,0,100.0,0.42,26.81,221.8,0.9,0.2,Low,0,6,Sun,1,0,0,0,1,15,13,181169.53,0.8667,0,1,177,0.254,Moderate,0,0,100.0,0.0857
L-202402-57636,Lost,Nonprofit Foundation,Band Competition,SMERF,In-person,Rooms Only,Education,Education,RFP,Low,2023-12-01,2023-12-25,21,2024-02-29,2024-03-02,2,90,80,160,88,0,,1,0,3,0.0,0.0,4,55.9,148.52,121.38,19420.8,0.0,0.0,19420.8,0,0.0,0.0,0.0,0.0,,0.0,Client Went Direct,2024,2,3,68.3,31.7,1,132.85,119.08,251.93,171.3,119.08,2,1.2,79,80,0,0,0,0,0,0,0,0,0,,0,0,0.0,0.0,0,0,0.0,0,0,0,0,0.0,0.0,18.27,121.38,0.909,0.0,Low,0,3,Thu,0,0,1,1,1,7,4,37606.03,0.5714,0,1,109,0.734,High,1,0,93.3,0.0333
L-202402-60283,Lost,Private Individual,Smith-Johnson Wedding,Wedding/Social,In-person,Full Package,Other,Other,Direct Inquiry,Medium,2023-05-14,2023-07-08,41,2024-02-29,2024-03-02,2,291,32,64,38,1,Breakout Room,1,1,14,1.0,12000.97,2,58.5,156.2,128.93,8251.52,5712.01,6542.8,20506.33,0,0.0,0.0,0.0,0.0,,0.0,Client Went Direct,2024,2,2,62.1,37.9,1,35.47,170.03,205.5,205.5,170.03,2,37.5,20,32,0,0,1,1,1,4,0,0,1,Banquet,2,0,2.35,547.25,24,370,1308.26,1,0,0,0,100.0,0.95,17.46,320.41,0.842,0.263,Low,0,3,Thu,0,0,0,0,1,26,23,93413.7,0.8846,0,1,109,0.294,Moderate,0,0,100.0,0.0481
L-202403-49998,Lost,Energy Solutions,Town Hall Meeting,Corporate,In-person,Rooms Only,Healthcare,Healthcare,Direct Inquiry,Medium,2023-12-06,2023-12-24,11,2024-03-02,2024-03-03,1,87,52,52,57,0,,0,0,7,1.0,56611.2,4,66.4,157.53,133.28,6930.56,0.0,0.0,6930.56,0,0.0,0.0,0.0,0.0,,0.0,Dates Not Available,2024,3,3,57.0,43.0,1,75.05,115.13,190.18,190.18,115.13,1,0.0,52,0,0,0,0,0,0,0,0,0,0,,0,0,0.0,0.0,0,0,0.0,0,0,0,0,0.0,0.0,15.39,133.28,0.912,0.0,Shoulder,0,5,Sat,1,0,0,0,1,19,11,146327.87,0.5789,0,1,149,0.349,Moderate,0,0,100.0,0.0805
L-202403-64732,Lost,Global Industries,Annual Sales Conference,Corporate,In-person,Full Package,Technology,Technology,Website,Low,2023-12-03,2023-12-24,14,2024-03-03,2024-03-05,2,91,50,100,63,1,Half Ballroom,1,1,7,1.0,50361.84,3,62.7,155.4,135.38,13538.0,5501.69,5285.29,24324.98,0,0.0,0.0,0.0,0.0,,0.0,Budget Constraints,2024,3,3,70.3,29.7,1,77.31,113.08,190.39,190.39,116.14,2,12.0,44,50,0,0,1,1,1,8,1,0,1,Classroom,1,0,0.72,862.26,829,2388,4417.92,4,0,0,0,100.0,0.53,12.88,243.25,0.794,0.159,Shoulder,0,6,Sun,1,0,0,0,1,30,25,364359.74,0.8333,0,1,87,0.575,Moderate,0,0,100.0,0.0769
L-202403-89541,Lost,Banking Consortium,New Hire Orientation,Corporate,In-person,Meeting Only,Trade/Manufacturing,Trade/Manufacturing,Third-Party Planner,Medium,2023-12-23,2024-01-11,11,2024-03-03,2024-03-05,2,71,0,0,76,1,Half Ballroom,1,0,8,1.0,17884.68,3,64.0,155.27,0.0,0.0,5630.67,7300.99,12931.66,0,0.0,0.0,0.0,0.0,,0.0,Rates Too High / Client Declined,2024,3,0,0.0,0.0,0,0.0,0.0,0.0,0.0,0.0,0,0.0,0,0,0,0,1,8,3,12,1,0,1,Theater,1,0,0.62,1183.41,1135,2264,4685.06,1,0,0,0,100.0,0.63,100.0,,0.0,0.132,Shoulder,0,6,Sun,1,0,0,0,1,16,13,181169.53,0.8125,0,1,149,0.0,Low,0,0,86.7,0.1127
L-202403-79422,Lost,HR Professionals Network,Certification Training,Association,In-person,Full Package,Association,Association,Third-Party Planner,High,2023-05-07,2023-05-31,16,2024-03-05,2024-03-07,2,303,70,140,93,1,Half Ballroom,1,0,8,0.0,0.0,1,63.0,162.01,141.34,19787.6,5981.68,11070.08,36839.36,0,0.0,0.0,0.0,0.0,,0.0,Canceled by Client,2024,3,2,56.3,43.7,1,37.95,130.72,168.67,168.67,130.72,2,2.9,68,70,0,0,1,4,2,8,1,0,1,Theater,1,0,0.69,1007.51,1439,2596,6511.19,1,0,0,0,0.0,0.78,12.76,263.14,0.753,0.108,Shoulder,0,1,Tue,0,0,1,0,1,16,10,171485.76,0.625,0,1,146,0.479,Moderate,0,0,93.3,0.0264
L-202403-54433,Lost,Technology Innovators,Sales Kickoff,Corporate,In-person,Full Package,Professional Services,Professional Services,Direct Inquiry,Medium,2024-02-04,2024-02-25,11,2024-03-08,2024-03-10,2,33,23,46,25,1,Breakout Room,1,0,10,1.0,70363.42,2,76.6,189.38,181.49,8348.54,4991.56,2973.13,16313.23,0,0.0,0.0,0.0,0.0,,0.0,Budget Constraints,2024,3,3,64.5,35.5,1,85.54,156.63,242.17,242.17,156.63,2,47.8,12,23,0,0,1,5,2,16,0,0,1,Theater,1,0,0.66,547.21,279,12860,13863.48,4,1,1,1,100.0,0.62,4.17,354.64,0.92,0.4,Shoulder,0,4,Fri,1,0,0,0,1,19,15,226513.01,0.7895,0,1,182,0.126,Low,0,0,100.0,0.303
L-202403-62286,Lost,Senior Adventures,Cultural Heritage Journey,Corporate,In-person,Rooms Only,Legal,Legal,Third-Party Planner,Medium,2023-12-13,2023-12-30,10,2024-03-08,2024-03-10,2,86,28,56,30,0,,1,1,7,0.0,0.0,1,79.6,185.93,193.96,10861.76,0.0,0.0,10861.76,0,0.0,0.0,0.0,0.0,,0.0,Rates Too High / Client Declined,2024,3,2,56.3,43.7,0,153.21,142.39,295.6,0.0,142.39,2,14.3,24,28,0,0,0,0,0,0,0,0,0,,0,0,0.0,0.0,0,0,0.0,0,0,0,0,0.0,0.0,-4.32,193.96,0.933,0.0,Peak,0,4,Fri,1,0,1,0,0,7,5,15385.76,0.7143,0,1,182,0.154,Low,0,0,93.3,0.0814
L-202403-49748,Lost,Professional Engineers Society,Professional Development Symposium,Association,In-person,Rooms Only,Other,Other,Website,Medium,2023-07-09,2023-07-29,15,2024-03-10,2024-03-11,1,245,49,49,53,0,,1,0,5,0.0,0.0,2,79.1,184.31,181.83,8909.67,0.0,0.0,8909.67,0,0.0,0.0,0.0,0.0,,0.0,Budget Constraints,2024,3,2,54.1,45.9,0,2.55,147.89,150.44,0.0,150.44,1,0.0,49,0,0,0,0,0,0,0,0,0,0,,0,0,0.0,0.0,0,0,0.0,0,0,0,0,0.0,0.0,1.35,181.83,0.925,0.0,Peak,0,6,Sun,1,0,1,1,0,24,19,410207.21,0.7917,0,1,191,0.257,Moderate,0,0,93.3,0.0204
L-202403-26119,Lost,Education Foundation,Regional Chapter Meeting,Association,In-person,Full Package,Education,Education,Repeat Client,Medium,2023-09-12,2023-10-16,21,2024-03-11,2024-03-13,2,181,50,100,61,1,Half Ballroom,1,0,13,0.0,0.0,1,62.2,159.14,123.74,12374.0,3880.86,7370.0,23624.86,0,0.0,0.0,0.0,0.0,,0.0,Client Went Direct,2024,3,2,70.9,29.1,1,29.61,201.23,230.84,201.23,230.84,2,16.0,42,50,0,0,2,2,1,12,1,0,1,Banquet,0,0,0.37,1974.79,0,1974,3176.18,3,0,0,0,0.0,0.51,22.24,236.25,0.82,0.328,Shoulder,0,0,Mon,0,1,1,0,1,23,17,429007.19,0.7391,0,1,13,1.0,High,1,1,93.3,0.0718
L-202403-96005,Lost,Personal Event,Milestone Birthday Party,Wedding/Social,In-person,Full Package,Social,Social/Private,Repeat Client,High,2023-09-02,2023-10-26,40,2024-03-11,2024-03-12,1,191,5,5,5,1,Boardroom,1,0,14,1.0,61677.24,2,66.5,160.74,144.5,722.5,2021.18,300.93,3044.61,0,0.0,0.0,0.0,0.0,,0.0,Canceled by Client,2024,3,4,73.2,26.8,1,120.84,125.13,245.97,166.54,125.13,1,0.0,5,0,0,0,1,1,2,8,0,1,1,Boardroom,3,1,2.79,348.5,1445,3400,7225.38,5,0,0,0,100.0,0.36,10.1,608.92,1.0,2.0,Shoulder,0,0,Mon,0,1,0,0,1,23,18,77767.1,0.7826,0,1,137,0.036,Low,0,0,100.0,0.0733
L-202403-82562,Lost,Family Celebration,Bar/Bat Mitzvah,Wedding/Social,In-person,Full Package,Social,Social/Private,RFP,Medium,2023-06-07,2023-07-13,25,2024-03-13,2024-03-15,2,280,33,66,43,1,Half Ballroom,1,1,11,0.0,0.0,1,61.0,156.34,117.51,7755.66,6868.47,7512.49,22136.62,0,0.0,0.0,0.0,0.0,,0.0,Lost to Competition,2024,3,2,68.2,31.8,1,95.04,98.85,193.89,193.89,98.85,2,12.1,29,33,0,0,1,2,2,16,1,0,1,Banquet,3,1,2.7,1179.87,1257,2532,8217.21,2,0,0,0,100.0,0.36,24.84,335.4,0.767,0.233,Shoulder,0,2,Wed,0,0,1,0,1,27,25,143714.17,0.9259,0,1,119,0.277,Moderate,0,0,93.3,0.0393
L-202403-42264,Lost,Accounting Institute,Awards Gala Weekend,Association,In-person,Full Package,Government,Government,Cvent,Medium,2023-09-14,2023-10-12,14,2024-03-14,2024-03-15,1,182,79,79,102,1,Half Ballroom,1,0,14,0.0,0.0,3,69.9,161.94,135.7,10720.3,2564.74,6973.99,20259.03,0,0.0,0.0,0.0,0.0,,0.0,Lost to Competition,2024,3,4,52.8,47.2,1,71.04,124.92,195.96,195.96,124.92,1,0.0,79,0,0,0,2,2,2,16,1,0,1,Classroom,0,0,0.48,1384.73,0,3798,6012.08,3,0,0,0,0.0,0.85,16.2,256.44,0.775,0.196,Shoulder,0,3,Thu,0,0,1,0,1,21,18,352281.85,0.8571,0,1,119,0.664,High,1,0,93.3,0.0769
L-202403-26958,Lost,Social Event,Williams-Brown Wedding,Wedding/Social,In-person,Full Package,Social,Social/Private,Referral,High,2023-03-25,2023-05-03,25,2024-03-16,2024-03-17,1,357,42,42,57,1,Half Ballroom,1,0,14,0.0,0.0,2,65.2,163.64,150.46,6319.32,2796.79,3465.5,12581.61,0,0.0,0.0,0.0,0.0,,0.0,Chose Another Venue,2024,3,2,71.0,29.0,1,61.78,177.87,239.65,239.65,177.87,1,0.0,42,0,0,0,1,3,2,24,1,0,1,Banquet,2,0,2.04,1230.69,473,4398,5373.61,2,0,0,0,100.0,0.47,8.05,299.56,0.737,0.175,Shoulder,0,5,Sat,1,0,1,0,1,30,23,117388.46,0.7667,0,1,197,0.213,Low,0,0,93.3,0.0392
L-202403-47214,Lost,Banking Consortium,Regional Team Meeting,Corporate,Hybrid,Full Package,Technology,Technology,Repeat Client,Low,2024-01-05,2024-01-22,10,2024-03-17,2024-03-18,1,72,5,5,5,1,Boardroom,1,0,7,1.0,36162.68,2,64.3,158.62,133.65,668.25,1437.03,252.74,2358.02,0,0.0,0.0,0.0,0.0,,0.0,Space Not Adequate,2024,3,3,67.3,32.7,1,40.7,104.62,145.32,145.32,104.62,1,0.0,5,0,0,0,1,2,1,8,0,1,1,Boardroom,2,0,2.03,255.5,876,2310,3589.94,3,0,0,0,100.0,0.36,15.74,471.6,1.0,2.0,Shoulder,0,6,Sun,1,1,0,0,1,17,13,181169.53,0.7647,0,1,183,0.027,Low,0,0,100.0,0.0972
L-202403-68973,Lost,Local School District,Military Reunion,SMERF,Hybrid,Full Package,Association,Association,RFP,Low,2023-11-23,2023-12-18,18,2024-03-17,2024-03-19,2,115,46,92,52,1,Half Ballroom,1,1,7,1.0,76446.67,1,63.6,157.86,130.2,11978.4,3126.4,2599.27,17704.07,0,0.0,0.0,0.0,0.0,,0.0,Lost to Competition,2024,3,3,63.4,36.6,1,111.11,138.65,249.76,209.22,209.22,2,15.2,39,46,0,0,1,2,2,24,1,0,1,Theater,1,0,1.21,1273.38,810,3344,7056.39,4,0,0,0,0.0,0.43,17.52,192.44,0.885,0.192,Shoulder,0,6,Sun,1,0,0,0,1,6,4,35024.48,0.6667,0,1,220,0.209,Low,0,0,100.0,0.0609
L-202403-50481,Lost,Social Event,Memorial Service Gathering,Wedding/Social,In-person,Full Package,Social,Social/Private,Third-Party Planner,Low,2023-09-02,2023-10-03,24,2024-03-19,2024-03-20,1,199,34,34,43,1,Half Ballroom,1,0,7,0.0,0.0,4,62.4,163.7,132.22,4495.48,3000.56,3756.2,11252.24,0,0.0,0.0,0.0,0.0,,0.0,Chose Another Venue,2024,3,3,56.8,43.2,1,100.92,110.37,211.29,211.29,110.37,1,0.0,34,0,0,0,1,7,3,24,1,0,1,Reception,2,0,1.6,1347.44,508,26075,27134.19,5,1,0,0,0.0,0.36,19.23,330.95,0.791,0.233,Shoulder,0,1,Tue,0,0,1,0,1,32,24,124669.27,0.75,0,1,220,0.155,Low,0,0,93.3,0.0352
L-202403-54453,Lost,Social Event,Retirement Party,Wedding/Social,In-person,Full Package,Social,Social/Private,Third-Party Planner,Low,2023-06-02,2023-07-19,37,2024-03-19,2024-03-20,1,291,35,35,39,1,Breakout Room,1,0,10,0.0,0.0,1,64.2,162.95,141.4,4949.0,3226.62,3004.87,11180.49,0,0.0,0.0,0.0,0.0,,0.0,Space Not Adequate,2024,3,3,57.2,42.8,0,114.49,141.93,256.42,0.0,141.93,1,0.0,35,0,0,0,1,5,2,24,0,0,1,Reception,2,0,2.22,576.12,1296,15140,19925.43,4,0,1,1,100.0,0.97,13.22,319.44,0.897,0.256,Shoulder,0,1,Tue,0,0,1,0,1,32,24,124669.27,0.75,0,1,220,0.159,Low,0,0,93.3,0.0344
L-202403-31237,Lost,Family Celebration,Graduation Celebration,Wedding/Social,In-person,Full Package,Social,Social/Private,Cvent,Medium,2023-05-06,2023-06-03,20,2024-03-26,2024-03-27,1,325,30,30,35,1,Breakout Room,1,0,8,0.0,0.0,3,59.5,159.15,128.9,3867.0,3071.38,3033.45,9971.83,0,0.0,0.0,0.0,0.0,,0.0,Chose Another Venue,2024,3,4,63.5,36.5,1,132.3,118.25,250.55,156.55,118.25,1,0.0,30,0,0,0,1,1,1,8,0,0,1,Banquet,3,1,2.63,428.85,716,2082,3788.55,3,0,0,0,0.0,0.88,19.01,332.39,0.857,0.286,Low,0,1,Tue,0,0,1,0,1,28,25,143714.17,0.8929,0,1,38,0.789,High,1,0,93.3,0.0246
L-202403-86230,Lost,Pharmaceutical Partners,Product Launch Event,Corporate,In-person,Full Package,Healthcare,Healthcare,Cvent,Medium,2024-01-30,2024-02-24,13,2024-03-26,2024-03-27,1,56,49,49,64,1,Half Ballroom,1,0,12,0.0,0.0,1,56.6,157.19,124.37,6094.13,2754.13,3756.37,12604.63,0,0.0,0.0,0.0,0.0,,0.0,Dates Not Available,2024,3,2,74.8,25.2,1,42.01,105.87,147.88,147.88,105.87,1,0.0,49,0,0,0,2,7,3,36,1,0,1,Classroom,1,0,1.24,1649.97,564,11130,13268.93,3,0,0,0,50.0,0.53,20.88,257.24,0.766,0.312,Low,0,1,Tue,0,0,1,0,1,32,22,286016.39,0.6875,0,1,38,1.0,High,1,1,93.3,0.2143
L-202403-87660,Lost,State Medical Association,Professional Development Symposium,Association,In-person,Full Package,Education,Education,Website,Medium,2023-09-06,2023-10-03,19,2024-03-29,2024-03-31,2,205,100,200,117,1,Half Ballroom,1,0,8,0.0,0.0,4,62.6,161.93,123.5,24700.0,6235.02,11338.64,42273.66,0,0.0,0.0,0.0,0.0,,0.0,Space Not Adequate,2024,3,2,67.6,32.4,0,5.16,102.09,107.25,0.0,102.09,2,1.0,99,100,0,0,1,2,3,24,1,0,1,Theater,2,0,1.93,1064.76,1119,3678,5904.59,3,0,0,0,0.0,0.97,23.73,211.37,0.855,0.085,Shoulder,0,4,Fri,1,0,1,0,1,25,24,564064.75,0.96,0,1,164,0.61,High,1,0,93.3,0.039
L-202403-95033,Lost,Faith Community,Band Competition,SMERF,In-person,Full Package,SMERF,SMERF,Website,Low,2023-12-31,2024-01-24,15,2024-03-29,2024-03-30,1,89,27,27,35,1,Breakout Room,1,0,9,0.0,0.0,1,60.5,161.92,133.61,3607.47,1563.49,873.8,6044.76,0,0.0,0.0,0.0,0.0,,0.0,Space Not Adequate,2024,3,4,72.6,27.4,1,104.08,125.47,229.55,229.55,125.47,1,0.0,27,0,0,0,1,4,2,24,0,0,1,Classroom,2,0,1.66,365.52,907,1224,6771.18,2,0,0,0,100.0,0.88,17.48,223.88,0.771,0.286,Shoulder,0,4,Fri,1,0,1,0,1,2,1,4426.97,0.5,0,1,164,0.165,Low,0,0,93.3,0.1011
L-202403-88852,Lost,Social Event,Smith-Johnson Wedding,Wedding/Social,In-person,Full Package,Other,Other,Referral,Low,2023-06-14,2023-07-23,29,2024-03-30,2024-03-31,1,290,13,13,14,1,Boardroom,1,0,10,0.0,0.0,4,62.2,156.17,129.08,1678.04,1930.51,1123.6,4732.15,0,0.0,0.0,0.0,0.0,,0.0,Lost to Competition,2024,3,3,65.9,34.1,0,128.31,106.2,234.51,0.0,106.2,1,0.0,13,0,0,0,1,1,2,16,0,1,1,Boardroom,3,1,2.74,252.14,583,439,1552.49,1,0,0,0,100.0,1.0,17.35,364.01,0.929,0.714,Shoulder,0,5,Sat,1,0,1,0,1,34,24,124669.27,0.7059,0,1,164,0.079,Low,0,0,93.3,0.0345
L-202404-98172,Lost,Community Church,Cultural Heritage Festival,SMERF,Virtual,Meeting Only,Other,Other,Sales Call,High,2023-11-09,2023-12-01,13,2024-04-01,2024-04-02,1,144,0,0,77,1,Half Ballroom,1,0,9,1.0,77536.75,4,79.1,163.36,0.0,0.0,2024.54,2081.39,4105.93,0,0.0,0.0,0.0,0.0,,0.0,Budget Constraints,2024,4,0,0.0,0.0,0,0.0,0.0,0.0,0.0,0.0,0,0.0,0,0,0,0,1,3,2,16,1,0,1,Banquet,2,0,2.24,942.68,1386,2265,4738.13,5,1,0,1,0.0,0.64,100.0,,0.0,0.13,Peak,0,0,Mon,0,0,0,0,1,8,7,60608.67,0.875,0,1,99,0.0,Low,0,0,86.7,0.0625
L-202404-36099,Lost,Energy Solutions,Innovation Workshop,Corporate,In-person,Full Package,Trade/Manufacturing,Trade/Manufacturing,RFP,Low,2024-02-16,2024-03-06,11,2024-04-02,2024-04-03,1,46,70,70,82,1,Half Ballroom,1,0,8,1.0,55965.79,4,79.7,165.77,155.23,10866.1,2628.68,4912.16,18406.94,0,0.0,0.0,0.0,0.0,,0.0,Dates Not Available,2024,4,4,71.3,28.7,1,105.14,127.64,232.78,232.78,127.64,1,0.0,70,0,0,0,2,1,1,8,1,0,1,Classroom,1,0,1.49,1602.91,21,358,899.54,1,0,0,0,50.0,0.68,6.36,262.96,0.854,0.244,Peak,0,1,Tue,0,0,0,0,1,20,11,146327.87,0.55,0,1,61,1.0,High,1,1,100.0,0.1739
L-202404-84593,Lost,Social Event,Smith-Johnson Wedding,Wedding/Social,In-person,Full Package,Travel,Travel/Hospitality,RFP,Medium,2023-04-05,2023-05-24,40,2024-04-04,2024-04-06,2,365,25,50,31,1,Breakout Room,1,1,9,0.0,0.0,2,79.7,169.61,163.69,8184.5,5750.19,4905.38,18840.07,0,0.0,0.0,0.0,0.0,,0.0,Dates Not Available,2024,4,4,63.8,36.2,0,129.53,130.74,260.27,0.0,141.99,2,0.0,25,25,0,0,1,2,2,16,0,0,1,Banquet,3,1,2.69,441.29,1120,4140,6023.95,3,0,0,0,50.0,0.78,3.49,376.8,0.806,0.323,Peak,0,3,Thu,0,0,1,0,1,35,24,124669.27,0.6857,0,1,208,0.12,Low,0,0,93.3,0.0247
L-202404-93724,Lost,TechCorp Solutions,Town Hall Meeting,Corporate,In-person,Full Package,Legal,Legal,Direct Inquiry,Medium,2024-02-06,2024-03-04,13,2024-04-08,2024-04-10,2,62,62,124,81,1,Half Ballroom,1,0,14,1.0,46671.64,1,73.7,168.44,167.05,20714.2,6209.32,6757.85,33681.37,0,0.0,0.0,0.0,0.0,,0.0,Budget Constraints,2024,4,2,64.9,35.1,0,27.35,136.84,164.19,0.0,136.84,2,1.6,61,62,0,0,1,2,3,24,1,0,1,Classroom,2,0,2.3,833.74,1214,494,4158.7,1,0,0,0,50.0,0.68,0.83,271.62,0.765,0.123,Shoulder,0,0,Mon,0,0,0,0,0,19,13,103083.64,0.6842,0,1,103,0.602,High,1,0,100.0,0.2258
L-202404-79784,Lost,Industry Trade Group,State Convention,Association,In-person,Rooms Only,Healthcare,Healthcare,Repeat Client,Medium,2023-07-11,2023-08-11,27,2024-04-09,2024-04-11,2,273,102,204,112,0,,1,1,4,0.0,0.0,4,81.7,167.94,178.02,36316.08,0.0,0.0,36316.08,0,0.0,0.0,0.0,0.0,,0.0,Lost to Competition,2024,4,3,63.0,37.0,0,162.21,130.34,292.55,0.0,130.34,2,4.9,97,102,0,0,0,0,0,0,0,0,0,,0,0,0.0,0.0,0,0,0.0,0,0,0,0,0.0,0.0,-6.0,178.02,0.911,0.0,Peak,0,1,Tue,0,1,1,1,0,14,10,142508.95,0.7143,0,1,93,1.0,High,1,1,93.3,0.0147
L-202404-78875,Lost,Private Party,Bar/Bat Mitzvah,Wedding/Social,In-person,Full Package,Social,Social/Private,Website,Low,2023-07-25,2023-08-23,20,2024-04-11,2024-04-12,1,261,29,29,38,1,Breakout Room,1,0,9,1.0,17938.4,2,84.2,163.81,157.35,4563.15,3317.96,3256.01,11137.12,0,0.0,0.0,0.0,0.0,,0.0,Budget Constraints,2024,4,3,61.0,39.0,1,115.73,141.03,256.76,166.8,141.03,1,0.0,29,0,0,0,1,5,2,16,0,0,1,Reception,2,0,2.16,537.85,1328,2835,5380.0,1,0,0,0,100.0,0.95,3.94,384.04,0.763,0.263,Peak,0,3,Thu,0,0,0,0,1,24,16,100970.92,0.6667,0,1,0,,Unknown,0,1,100.0,0.0345
L-202404-43807,Lost,Family Celebration,Martinez-Garcia Wedding,Wedding/Social,In-person,Meeting Only,Social,Social/Private,Direct Inquiry,Medium,2023-07-25,2023-09-07,39,2024-04-14,2024-04-15,1,264,0,0,145,1,Grand Ballroom,0,0,5,1.0,46252.81,1,78.9,166.4,0.0,0.0,4693.63,9557.75,14251.38,0,0.0,0.0,0.0,0.0,,0.0,Chose Another Venue,2024,4,0,0.0,0.0,0,0.0,0.0,0.0,0.0,0.0,0,0.0,0,0,0,0,2,2,2,16,1,0,1,Reception,2,0,1.67,2611.07,847,5216,7718.04,4,0,0,0,100.0,0.6,100.0,,0.0,0.138,Peak,0,6,Sun,1,0,0,1,1,29,25,143714.17,0.8621,0,1,0,,Unknown,0,0,86.7,0.0189
L-202404-13945,Lost,Industry Trade Group,Member Appreciation Event,Association,In-person,Full Package,Healthcare,Healthcare,Repeat Client,Low,2023-10-06,2023-11-08,23,2024-04-15,2024-04-17,2,192,84,168,95,1,Half Ballroom,1,1,10,0.0,0.0,3,78.8,166.24,162.7,27333.6,7113.85,9556.34,44003.79,0,0.0,0.0,0.0,0.0,,0.0,Canceled by Client,2024,4,2,54.6,45.4,0,130.29,168.22,298.51,0.0,168.22,2,7.1,78,84,0,0,2,4,2,8,1,0,1,Theater,2,0,1.87,1817.45,11,4984,6793.88,2,0,0,0,100.0,0.79,2.13,261.93,0.884,0.211,Peak,0,0,Mon,0,1,1,0,0,15,10,142508.95,0.6667,0,1,133,0.632,High,1,0,93.3,0.0521
L-202404-29566,Lost,Technology Innovators,Regional Team Meeting,Corporate,In-person,Full Package,Other,Other,Sales Call,Medium,2023-12-12,2024-01-01,7,2024-04-16,2024-04-17,1,126,41,41,47,1,Half Ballroom,1,1,13,0.0,0.0,3,80.8,168.01,173.34,7106.94,2355.32,1951.31,11413.57,0,0.0,0.0,0.0,0.0,,0.0,Dates Not Available,2024,4,2,57.9,42.1,1,104.51,144.33,248.84,248.84,144.33,1,0.0,41,0,0,0,1,2,1,8,1,0,1,Banquet,3,1,2.87,811.03,999,2504,4764.59,4,1,0,1,0.0,0.39,-3.17,278.38,0.872,0.213,Peak,0,1,Tue,0,0,1,0,0,22,17,261409.38,0.7727,0,1,133,0.308,Moderate,0,0,93.3,0.1032
L-202404-54650,Lost,Insurance Federation,Leadership Institute,Association,Hybrid,Full Package,Other,Other,Third-Party Planner,Medium,2023-11-20,2023-12-21,19,2024-04-24,2024-04-25,1,156,77,77,91,1,Half Ballroom,1,0,12,0.0,0.0,2,77.4,164.45,157.26,12109.02,3008.69,4932.52,20050.23,0,0.0,0.0,0.0,0.0,,0.0,Dates Not Available,2024,4,3,68.0,32.0,1,84.22,136.0,220.22,220.22,136.0,1,0.0,77,0,0,0,2,3,2,16,1,0,1,Theater,3,1,2.99,1663.28,632,3240,5458.64,5,0,0,0,0.0,0.76,4.37,260.39,0.846,0.22,Shoulder,0,2,Wed,0,0,1,0,1,24,18,388512.23,0.75,0,1,8,1.0,High,1,1,93.3,0.0769
L-202404-81188,Lost,Veterans Group,Sports Team Tournament,SMERF,In-person,Full Package,Association,Association,Website,Low,2024-01-17,2024-02-11,12,2024-04-28,2024-04-29,1,102,49,49,54,1,Half Ballroom,1,0,13,1.0,50765.66,4,78.5,166.24,161.46,7911.54,1382.48,1720.02,11014.04,0,0.0,0.0,0.0,0.0,,0.0,Space Not Adequate,2024,4,4,66.9,33.1,0,152.2,144.33,296.53,0.0,144.33,1,0.0,49,0,0,0,1,2,1,4,1,0,1,Theater,3,1,2.61,927.99,653,6160,8632.26,5,1,0,1,0.0,0.45,2.88,224.78,0.907,0.185,Peak,0,6,Sun,1,0,0,0,0,6,4,20269.64,0.6667,0,1,127,0.386,Moderate,0,0,100.0,0.1275
L-202405-50600,Lost,Nursing Council,Regional Chapter Meeting,Association,Hybrid,Full Package,Healthcare,Healthcare,Website,Low,2023-07-29,2023-09-01,21,2024-05-05,2024-05-07,2,281,45,90,60,1,Half Ballroom,1,0,13,0.0,0.0,2,84.2,173.59,177.21,15948.9,4581.37,7665.8,28196.07,0,0.0,0.0,0.0,0.0,,0.0,Budget Constraints,2024,5,2,73.0,27.0,1,83.3,167.09,250.39,250.39,167.09,2,11.1,40,45,0,0,1,2,1,12,1,0,1,Banquet,2,0,1.89,1286.31,642,0,4859.41,0,0,0,0,100.0,0.5,-2.09,313.29,0.75,0.167,Peak,0,6,Sun,1,0,1,0,0,25,18,288717.06,0.72,0,1,41,1.0,High,1,1,93.3,0.0463
L-202405-25162,Lost,Manufacturing Alliance,Leadership Summit,Corporate,In-person,Full Package,Government,Government,Direct Inquiry,Medium,2024-01-31,2024-02-19,11,2024-05-06,2024-05-07,1,96,37,37,48,1,Half Ballroom,1,0,8,1.0,67057.79,3,81.5,167.42,175.71,6501.27,2480.84,1968.16,10950.27,0,0.0,0.0,0.0,0.0,,0.0,Dates Not Available,2024,5,3,71.5,28.5,1,141.16,160.95,302.11,200.5,160.95,1,0.0,37,0,0,0,1,5,3,24,1,0,1,Banquet,1,0,1.48,1398.56,1122,0,1588.98,0,0,0,0,50.0,0.4,-4.95,295.95,0.771,0.208,Peak,0,0,Mon,0,0,0,0,0,24,15,215436.16,0.625,0,1,41,0.902,High,1,0,100.0,0.0833
L-202405-88625,Lost,Personal Event,Martinez-Garcia Wedding,Wedding/Social,In-person,Full Package,Social,Social/Private,RFP,Low,2023-08-17,2023-09-19,23,2024-05-09,2024-05-10,1,266,40,40,55,1,Half Ballroom,1,0,10,0.0,0.0,3,80.4,172.24,160.99,6439.6,2822.76,4353.07,13615.43,0,0.0,0.0,0.0,0.0,,0.0,Client Went Direct,2024,5,4,65.5,34.5,1,65.68,126.57,192.25,192.25,126.57,1,0.0,40,0,0,0,1,6,3,36,1,0,1,Banquet,2,0,1.76,870.8,660,8244,10582.09,3,0,0,0,100.0,0.46,6.53,340.39,0.727,0.182,Peak,0,3,Thu,0,0,1,0,1,28,22,102456.21,0.7857,0,1,145,0.276,Moderate,0,0,93.3,0.0376
L-202405-20665,Lost,Social Event,Retirement Party,Wedding/Social,In-person,Full Package,Social,Social/Private,Cvent,Low,2023-07-15,2023-08-09,17,2024-05-13,2024-05-14,1,303,28,28,34,1,Breakout Room,1,1,8,1.0,73410.28,1,77.6,171.99,161.44,4520.32,2931.93,2768.99,10221.24,0,0.0,0.0,0.0,0.0,,0.0,Budget Constraints,2024,5,4,62.1,37.9,1,120.21,129.2,249.41,212.14,134.12,1,0.0,28,0,0,0,1,3,2,16,0,0,1,Banquet,2,0,1.88,481.37,822,9210,12057.18,5,0,0,0,100.0,0.85,6.13,365.04,0.824,0.294,Shoulder,0,0,Mon,0,0,0,0,1,37,25,131199.51,0.6757,0,1,0,,Unknown,0,1,100.0,0.0264
L-202405-26315,Lost,Senior Adventures,Museum Tour Package,SMERF,Hybrid,Rooms Only,SMERF,SMERF,Direct Inquiry,Medium,2024-02-02,2024-02-27,20,2024-05-14,2024-05-15,1,102,34,34,37,0,,0,0,5,0.0,0.0,2,80.4,169.73,168.79,5738.86,0.0,0.0,5738.86,0,0.0,0.0,0.0,0.0,,0.0,Canceled by Client,2024,5,4,66.8,33.2,1,144.25,135.02,279.27,215.45,135.02,1,0.0,34,0,0,0,0,0,0,0,0,0,0,,0,0,0.0,0.0,0,0,0.0,0,0,0,0,0.0,0.0,0.55,168.79,0.919,0.0,Peak,0,1,Tue,0,0,1,1,0,9,6,24530.77,0.6667,0,1,118,0.288,Moderate,0,0,93.3,0.049
L-202405-82459,Lost,Industry Trade Group,Regional Chapter Meeting,Association,Hybrid,Full Package,Association,Association,Direct Inquiry,Medium,2023-09-28,2023-10-19,14,2024-05-14,2024-05-16,2,229,49,98,68,1,Half Ballroom,1,0,7,1.0,47698.54,3,82.6,162.29,151.15,14812.7,5020.55,6269.76,26103.01,0,0.0,0.0,0.0,0.0,,0.0,Chose Another Venue,2024,5,2,64.2,35.8,1,78.96,128.8,207.76,207.76,207.76,2,14.3,42,49,0,0,2,5,2,8,1,0,1,Classroom,2,0,2.47,1903.6,926,0,2198.36,0,0,0,0,0.0,0.57,6.86,266.36,0.721,0.294,Peak,0,1,Tue,0,0,0,0,1,17,11,166811.0,0.6471,0,1,119,0.412,Moderate,0,0,100.0,0.0306
L-202405-89216,Lost,Family Celebration,Bar/Bat Mitzvah,Wedding/Social,In-person,Full Package,Social,Social/Private,RFP,Low,2023-09-23,2023-11-06,32,2024-05-16,2024-05-17,1,236,33,33,39,1,Breakout Room,1,0,12,0.0,0.0,4,76.5,169.74,166.07,5480.31,3103.89,2814.68,11398.88,0,0.0,0.0,0.0,0.0,,0.0,Lost to Competition,2024,5,4,62.8,37.2,1,152.19,150.88,303.07,230.37,150.88,1,0.0,33,0,0,0,1,4,2,16,0,0,1,Reception,0,0,0.25,378.76,0,11568,13113.21,4,0,1,1,100.0,0.97,2.16,345.42,0.846,0.256,Shoulder,0,3,Thu,0,0,1,0,0,32,27,156334.17,0.8438,0,1,100,0.33,Moderate,0,0,93.3,0.0508
L-202405-28383,Lost,Insurance Federation,Regional Chapter Meeting,Association,Virtual,Full Package,Government,Government,Referral,Medium,2023-09-07,2023-10-01,14,2024-05-23,2024-05-25,2,259,52,104,69,1,Half Ballroom,1,0,10,0.0,0.0,3,79.9,170.59,166.93,17360.72,4897.55,7353.8,29612.07,0,0.0,0.0,0.0,0.0,,0.0,Canceled by Client,2024,5,4,70.4,29.6,1,142.91,143.14,286.05,231.13,144.28,2,1.9,51,52,0,0,2,1,1,4,1,0,1,Theater,3,1,2.89,1385.4,345,888,2437.17,4,1,0,1,0.0,0.57,2.15,284.73,0.754,0.29,Peak,0,3,Thu,0,0,1,0,0,25,18,388512.23,0.72,0,1,97,0.536,Moderate,0,0,93.3,0.0386
L-202405-14501,Lost,Dental Association,Networking Summit,Association,In-person,Full Package,Government,Government,Sales Call,Medium,2023-09-11,2023-10-18,24,2024-05-24,2024-05-26,2,256,62,124,73,1,Half Ballroom,1,0,13,0.0,0.0,1,81.8,166.41,170.37,21125.88,4571.85,9170.62,34868.35,0,0.0,0.0,0.0,0.0,,0.0,Chose Another Venue,2024,5,3,60.8,39.2,1,131.36,154.0,285.36,285.36,154.0,2,8.1,57,62,0,0,2,4,2,24,1,0,1,Banquet,2,0,2.03,1696.85,45,0,1395.14,0,0,0,0,100.0,0.61,-2.38,281.2,0.849,0.274,Peak,0,4,Fri,1,0,1,0,0,22,17,364294.27,0.7727,0,1,35,1.0,High,1,1,93.3,0.0508
L-202405-61262,Lost,Education Foundation,Annual Member Conference,Association,Hybrid,Full Package,Education,Education,Sales Call,Low,2023-09-22,2023-10-16,17,2024-05-28,2024-05-30,2,249,15,30,20,1,Breakout Room,1,0,7,1.0,46797.45,4,83.4,171.75,161.84,4855.2,2843.0,2316.17,10014.37,0,0.0,0.0,0.0,0.0,,0.0,Canceled by Client,2024,5,2,63.3,36.7,1,38.32,145.23,183.55,183.55,145.23,2,60.0,6,15,0,0,1,2,2,16,0,0,1,Classroom,2,0,1.79,531.86,1399,4392,8090.08,4,0,1,0,100.0,0.5,5.77,333.81,0.75,0.5,Peak,0,1,Tue,0,0,0,0,1,28,21,478743.93,0.75,0,1,86,0.174,Low,0,0,100.0,0.0281
L-202405-33464,Lost,Financial Services Group,Town Hall Meeting,Corporate,Hybrid,Full Package,Technology,Technology,Repeat Client,Medium,2024-04-11,2024-05-03,10,2024-05-30,2024-05-31,1,49,21,21,27,1,Breakout Room,1,0,12,1.0,30715.69,3,78.0,171.47,172.1,3614.1,2785.94,1144.49,7544.53,0,0.0,0.0,0.0,0.0,,0.0,Space Not Adequate,2024,5,2,69.8,30.2,1,4.17,173.21,177.38,177.38,177.38,1,0.0,21,0,0,0,1,2,2,24,0,0,1,Classroom,3,1,2.94,371.37,1088,1296,2919.21,4,0,0,0,100.0,0.68,-0.37,359.26,0.778,0.37,Peak,0,3,Thu,0,1,0,0,0,21,17,172631.75,0.8095,0,1,41,0.512,Moderate,0,0,100.0,0.2449
L-202406-10905,Lost,Education Foundation,Awards Gala Weekend,Association,In-person,Meeting Only,Other,Other,Sales Call,Low,2023-06-11,2023-07-16,26,2024-06-04,2024-06-07,3,359,0,0,123,1,Grand Ballroom,1,1,9,0.0,0.0,1,72.5,170.3,0.0,0.0,9934.23,24554.11,34488.34,0,0.0,0.0,0.0,0.0,,0.0,Space Not Adequate,2024,6,0,0.0,0.0,0,0.0,0.0,0.0,0.0,0.0,0,0.0,0,0,0,0,2,1,2,16,1,0,1,Classroom,0,0,0.07,2085.48,0,1058,2263.24,2,0,0,0,100.0,0.51,100.0,,0.0,0.163,Shoulder,0,1,Tue,0,0,1,0,1,29,21,478743.93,0.7241,0,1,77,0.0,Low,0,0,80.0,0.0251
L-202406-22280,Lost,Nursing Council,State Convention,Association,In-person,Full Package,Association,Association,Website,Low,2023-10-06,2023-11-11,24,2024-06-05,2024-06-08,3,243,32,96,36,1,Breakout Room,1,0,12,0.0,0.0,3,71.8,160.85,147.94,14202.24,7265.51,5577.25,27045.0,0,0.0,0.0,0.0,0.0,,0.0,Canceled by Client,2024,6,2,73.1,26.9,1,88.92,130.43,219.35,219.35,130.43,2,15.5,21,32,22,0,1,1,2,16,0,0,1,Classroom,3,1,2.92,495.05,1078,0,2265.09,0,0,0,0,50.0,0.9,8.03,281.72,0.889,0.278,Shoulder,0,2,Wed,0,0,1,0,1,26,18,288717.06,0.6923,0,1,0,,Unknown,0,1,93.3,0.0494
L-202406-96661,Lost,Youth Organization,Volunteer Training,SMERF,In-person,Full Package,Government,Government,Third-Party Planner,Low,2024-04-17,2024-05-08,13,2024-06-08,2024-06-10,2,52,40,80,52,1,Half Ballroom,1,0,8,0.0,0.0,2,72.4,163.71,141.4,11312.0,2835.22,2771.37,16918.59,0,0.0,0.0,0.0,0.0,,0.0,Rates Too High / Client Declined,2024,6,2,58.2,41.8,0,31.26,110.01,141.27,0.0,110.01,2,20.0,32,40,0,0,1,4,2,16,1,0,1,Theater,3,1,2.58,1265.02,1493,6480,9565.1,3,0,0,0,100.0,0.43,13.63,211.48,0.769,0.192,Shoulder,0,5,Sat,1,0,1,0,1,8,7,26276.57,0.875,0,1,220,0.182,Low,0,0,93.3,0.1538
L-202406-64797,Lost,Dental Association,Regional Chapter Meeting,Association,Hybrid,Rooms Only,Education,Education,Direct Inquiry,Low,2023-12-30,2024-01-22,17,2024-06-09,2024-06-11,2,162,63,126,69,0,,1,1,6,0.0,0.0,1,66.1,160.95,138.45,17444.7,0.0,0.0,17444.7,0,0.0,0.0,0.0,0.0,,0.0,Lost to Competition,2024,6,3,53.9,46.1,0,127.07,130.16,257.23,0.0,130.16,2,3.2,61,63,0,0,0,0,0,0,0,0,0,,0,0,0.0,0.0,0,0,0.0,0,0,0,0,0.0,0.0,13.98,138.45,0.913,0.0,Shoulder,0,6,Sun,1,0,1,0,1,23,17,364294.27,0.7391,0,1,138,0.457,Moderate,0,0,93.3,0.037
L-202406-48844,Lost,Consulting Network,Customer Advisory Board,Corporate,In-person,Full Package,Healthcare,Healthcare,Direct Inquiry,Low,2024-02-14,2024-03-03,9,2024-06-10,2024-06-12,2,117,36,72,45,1,Half Ballroom,1,0,9,0.0,0.0,2,64.3,166.88,157.67,11352.24,4296.6,5410.51,21059.35,0,0.0,0.0,0.0,0.0,,0.0,Canceled by Client,2024,6,3,74.8,25.2,0,144.44,120.71,265.15,0.0,120.71,2,27.8,26,36,0,0,1,2,3,24,1,0,1,Classroom,2,0,2.06,1024.11,862,2696,4432.29,4,1,1,1,0.0,0.38,5.52,292.49,0.8,0.222,Shoulder,0,0,Mon,0,0,1,0,1,17,14,163621.84,0.8235,0,1,220,0.164,Low,0,0,93.3,0.0769
L-202406-48652,Lost,Manufacturing Alliance,Customer Advisory Board,Corporate,In-person,Full Package,Finance,Finance,Repeat Client,Low,2024-05-15,2024-06-04,11,2024-06-14,2024-06-15,1,30,56,56,78,1,Half Ballroom,1,0,9,1.0,50322.81,4,65.4,161.96,153.05,8570.8,2801.71,3487.15,14859.66,0,0.0,0.0,0.0,0.0,,0.0,Rates Too High / Client Declined,2024,6,2,63.9,36.1,0,116.11,145.57,261.68,0.0,261.68,1,0.0,56,0,0,0,2,1,1,12,1,0,1,Classroom,2,0,1.8,1792.92,596,591,3079.83,1,0,0,0,100.0,0.65,5.5,265.35,0.718,0.256,Shoulder,0,4,Fri,1,1,0,0,1,28,18,278441.71,0.6429,0,1,81,0.691,High,1,0,100.0,0.3
L-202406-96266,Lost,Tour Operator Network,Wine Country Excursion,SMERF,In-person,Rooms Only,Education,Education,Cvent,High,2024-02-04,2024-02-26,16,2024-06-14,2024-06-15,1,131,50,50,55,0,,0,1,6,1.0,17904.66,1,74.3,157.83,141.05,7052.5,0.0,0.0,7052.5,0,0.0,0.0,0.0,0.0,,0.0,Dates Not Available,2024,6,2,62.5,37.5,1,54.38,177.07,231.45,231.45,177.07,1,0.0,50,0,0,0,0,0,0,0,0,0,0,,0,0,0.0,0.0,0,0,0.0,0,0,0,0,0.0,0.0,10.63,141.05,0.909,0.0,Shoulder,0,4,Fri,1,0,0,0,1,9,8,56779.81,0.8889,0,1,81,0.617,High,1,0,100.0,0.0458
L-202406-62757,Lost,Nursing Council,Regional Chapter Meeting,Association,In-person,Rooms Only,Healthcare,Healthcare,Sales Call,Low,2023-09-15,2023-10-17,27,2024-06-15,2024-06-18,3,274,39,117,42,0,,1,0,5,0.0,0.0,2,72.7,169.78,154.59,18087.03,0.0,0.0,18087.03,0,0.0,0.0,0.0,0.0,,0.0,Canceled by Client,2024,6,2,69.7,30.3,1,40.04,234.43,274.47,234.43,274.47,2,9.6,30,39,36,0,0,0,0,0,0,0,0,,0,0,0.0,0.0,0,0,0.0,0,0,0,0,0.0,0.0,8.95,154.59,0.929,0.0,Shoulder,0,5,Sat,1,0,1,1,1,27,18,288717.06,0.6667,0,1,109,0.358,Moderate,0,0,93.3,0.0182
L-202406-54353,Lost,Premier Tours,Historic Sites Tour,SMERF,In-person,Rooms Only,Association,Association,Website,Low,2024-02-11,2024-03-09,20,2024-06-18,2024-06-20,2,128,26,52,28,0,,0,0,7,0.0,0.0,4,68.1,165.81,136.56,7101.12,0.0,0.0,7101.12,0,0.0,0.0,0.0,0.0,,0.0,Dates Not Available,2024,6,4,63.7,36.3,1,97.37,128.18,225.55,225.55,128.18,2,11.5,23,26,0,0,0,0,0,0,0,0,0,,0,0,0.0,0.0,0,0,0.0,0,0,0,0,0.0,0.0,17.64,136.56,0.929,0.0,Shoulder,0,1,Tue,0,0,1,0,1,11,8,51345.81,0.7273,0,1,110,0.236,Low,0,0,93.3,0.0547
L-202407-85823,Lost,State Medical Association,Member Appreciation Event,Association,Hybrid,Full Package,Other,Other,RFP,Medium,2023-09-08,2023-10-11,20,2024-07-03,2024-07-04,1,299,5,5,5,1,Boardroom,1,0,13,0.0,0.0,4,68.2,158.39,140.27,701.35,1512.03,335.82,2549.2,0,0.0,0.0,0.0,0.0,,0.0,Lost to Competition,2024,7,4,63.8,36.2,1,119.46,109.81,229.27,203.33,116.75,1,0.0,5,0,0,0,1,2,1,4,0,1,1,Boardroom,2,0,2.32,325.3,1053,1554,6935.35,1,0,0,0,100.0,0.36,11.44,509.84,1.0,2.0,Shoulder,0,2,Wed,0,0,1,0,1,34,32,705868.32,0.9412,0,1,220,0.023,Low,0,0,93.3,0.0435
L-202407-48097,Lost,Heritage Travel,Historic Sites Tour,SMERF,In-person,Rooms Only,Association,Association,Direct Inquiry,Low,2024-04-17,2024-05-10,20,2024-07-05,2024-07-06,1,79,21,21,23,0,,0,0,3,1.0,8853.52,4,69.5,154.22,129.26,2714.46,0.0,0.0,2714.46,0,0.0,0.0,0.0,0.0,,0.0,Canceled by Client,2024,7,4,50.7,49.3,1,83.83,114.1,197.93,197.93,127.37,1,0.0,21,0,0,0,0,0,0,0,0,0,0,,0,0,0.0,0.0,0,0,0.0,0,0,0,0,0.0,0.0,16.18,129.26,0.913,0.0,Shoulder,0,4,Fri,1,0,0,1,1,13,12,81852.51,0.9231,0,1,112,0.188,Low,0,0,100.0,0.038
L-202407-44668,Lost,Industry Trade Group,Leadership Institute,Association,Hybrid,Full Package,Association,Association,Cvent,Low,2023-12-30,2024-01-28,19,2024-07-09,2024-07-11,2,192,57,114,77,1,Half Ballroom,1,1,10,0.0,0.0,4,66.8,165.2,149.04,16990.56,5216.8,7701.63,29908.99,0,0.0,0.0,0.0,0.0,,0.0,Client Went Direct,2024,7,4,62.3,37.7,1,108.12,123.46,231.58,146.44,123.46,2,10.5,51,57,0,0,2,2,1,8,1,0,1,Classroom,0,0,0.25,1898.54,0,1578,3516.03,1,0,0,0,50.0,0.64,9.78,262.36,0.74,0.26,Shoulder,0,1,Tue,0,0,1,0,1,20,13,207916.94,0.65,0,1,220,0.259,Moderate,0,0,93.3,0.0521
L-202407-12122,Lost,Professional Services Group,Quarterly Business Review,Corporate,In-person,Meeting Only,Finance,Finance,RFP,High,2024-04-09,2024-04-27,13,2024-07-12,2024-07-14,2,94,0,0,139,1,Grand Ballroom,1,0,5,0.0,0.0,4,60.3,155.38,0.0,0.0,6768.27,16940.44,23708.71,0,0.0,0.0,0.0,0.0,,0.0,Space Not Adequate,2024,7,0,0.0,0.0,0,0.0,0.0,0.0,0.0,0.0,0,0.0,0,0,0,0,1,4,2,16,1,0,1,Theater,3,1,2.59,2491.16,955,5208,6724.63,3,0,0,0,0.0,0.58,100.0,,0.0,0.072,Shoulder,0,4,Fri,1,0,1,1,1,22,19,250856.62,0.8636,0,1,139,0.0,Low,0,0,80.0,0.0532
L-202407-77800,Lost,Cultural Journeys,Bird Watching Tour,Corporate,Virtual,Rooms Only,Other,Other,Direct Inquiry,Medium,2024-03-31,2024-04-17,14,2024-07-13,2024-07-14,1,104,22,22,24,0,,1,0,3,0.0,0.0,3,66.8,152.09,135.63,2983.86,0.0,0.0,2983.86,0,0.0,0.0,0.0,0.0,,0.0,Client Went Direct,2024,7,4,64.9,35.1,1,52.23,132.48,184.71,184.71,132.48,1,0.0,22,0,0,0,0,0,0,0,0,0,0,,0,0,0.0,0.0,0,0,0.0,0,0,0,0,0.0,0.0,10.82,135.63,0.917,0.0,Shoulder,0,5,Sat,1,0,1,1,1,15,14,85259.38,0.9333,0,1,103,0.214,Low,0,0,93.3,0.0288
L-202407-45628,Lost,Nonprofit Foundation,Fraternity/Sorority Reunion,SMERF,In-person,Full Package,Education,Education,Sales Call,Low,2024-03-15,2024-04-19,21,2024-07-14,2024-07-16,2,121,11,22,13,1,Boardroom,1,0,14,0.0,0.0,3,63.6,160.84,142.19,3128.18,1792.66,703.39,5624.23,0,0.0,0.0,0.0,0.0,,0.0,Canceled by Client,2024,7,4,52.0,48.0,1,85.26,120.29,205.55,205.55,120.29,2,0.0,11,11,0,0,1,1,1,8,0,1,1,Boardroom,0,0,0.02,283.5,0,1600,2735.38,4,0,0,0,0.0,0.93,11.6,255.65,0.846,0.769,Shoulder,0,6,Sun,1,0,1,0,1,10,6,48564.81,0.6,0,1,50,0.22,Low,0,0,93.3,0.1157
L-202407-99205,Lost,Senior Adventures,Wine Country Excursion,Corporate,In-person,Rooms Only,Finance,Finance,Third-Party Planner,Low,2024-05-02,2024-05-21,12,2024-07-14,2024-07-15,1,73,21,21,23,0,,1,0,7,0.0,0.0,4,68.7,158.22,133.17,2796.57,0.0,0.0,2796.57,0,0.0,0.0,0.0,0.0,,0.0,Budget Constraints,2024,7,3,68.3,31.7,1,40.28,128.16,168.44,168.44,128.16,1,0.0,21,0,0,0,0,0,0,0,0,0,0,,0,0,0.0,0.0,0,0,0.0,0,0,0,0,0.0,0.0,15.83,133.17,0.913,0.0,Shoulder,0,6,Sun,1,0,1,0,1,10,6,24530.77,0.6,0,1,34,0.618,High,1,0,93.3,0.0959
L-202407-67939,Lost,Consulting Network,Town Hall Meeting,Corporate,In-person,Meeting Only,Healthcare,Healthcare,Referral,Low,2024-05-08,2024-05-24,9,2024-07-16,2024-07-18,2,69,0,0,145,1,Grand Ballroom,0,0,7,0.0,0.0,4,64.4,157.64,0.0,0.0,7509.16,15055.52,22564.68,0,0.0,0.0,0.0,0.0,,0.0,Chose Another Venue,2024,7,0,0.0,0.0,0,0.0,0.0,0.0,0.0,0.0,0,0.0,0,0,0,0,1,2,3,24,1,0,1,Theater,2,0,2.44,2023.43,1472,1208,4539.34,2,0,0,0,100.0,0.6,100.0,,0.0,0.069,Shoulder,0,1,Tue,0,0,1,0,1,21,17,192199.88,0.8095,0,1,82,0.0,Low,0,0,80.0,0.1014
L-202407-73413,Lost,Energy Solutions,Sales Kickoff,Corporate,Hybrid,Full Package,Government,Government,Website,High,2024-05-28,2024-06-20,12,2024-07-19,2024-07-20,1,52,50,50,55,1,Half Ballroom,1,0,11,1.0,79929.46,3,62.4,162.08,132.58,6629.0,2809.19,3305.5,12743.69,0,0.0,0.0,0.0,0.0,,0.0,Chose Another Venue,2024,7,4,54.2,45.8,1,79.22,110.82,190.04,190.04,115.75,1,0.0,50,0,0,0,1,1,1,12,1,0,1,Banquet,2,0,2.14,1201.18,318,2630,4673.4,5,0,0,0,0.0,0.46,18.2,254.87,0.909,0.182,Shoulder,0,4,Fri,1,0,0,0,1,26,16,197525.29,0.6154,0,1,158,0.316,Moderate,0,0,100.0,0.2115
L-202407-56939,Lost,Education Foundation,State Convention,Association,Virtual,Rooms Only,Education,Education,Sales Call,Medium,2023-07-22,2023-08-13,19,2024-07-21,2024-07-24,3,365,24,72,26,0,,0,0,3,0.0,0.0,1,68.0,156.0,132.03,9506.16,0.0,0.0,9506.16,0,0.0,0.0,0.0,0.0,,0.0,Dates Not Available,2024,7,3,68.4,31.6,1,119.41,111.23,230.64,150.12,111.23,2,15.3,15,24,19,0,0,0,0,0,0,0,0,,0,0,0.0,0.0,0,0,0.0,0,0,0,0,0.0,0.0,15.37,132.03,0.923,0.0,Shoulder,0,6,Sun,1,0,1,1,1,32,23,501996.3,0.7188,0,1,0,,Unknown,0,1,93.3,0.0082
L-202407-24733,Lost,Industry Trade Group,Educational Seminar Series,Association,In-person,Full Package,Other,Other,Direct Inquiry,Medium,2023-11-30,2024-01-03,20,2024-07-22,2024-07-24,2,235,70,140,80,1,Half Ballroom,1,0,14,0.0,0.0,2,66.9,161.58,138.24,19353.6,5173.5,9062.3,33589.4,0,0.0,0.0,0.0,0.0,,0.0,Chose Another Venue,2024,7,4,73.4,26.6,1,132.11,128.9,261.01,200.62,128.9,2,2.9,68,70,0,0,1,4,3,24,1,0,1,Classroom,2,0,1.92,1164.71,1311,12256,14813.81,4,0,0,0,0.0,0.67,14.44,239.92,0.875,0.125,Shoulder,0,0,Mon,0,0,1,0,1,21,13,207916.94,0.619,0,1,4,1.0,High,1,1,93.3,0.0596
L-202407-34127,Lost,Technology Innovators,New Hire Orientation,Corporate,In-person,Full Package,Professional Services,Professional Services,Third-Party Planner,Low,2024-05-18,2024-06-06,10,2024-07-22,2024-07-24,2,65,32,64,36,1,Breakout Room,1,0,9,1.0,46228.2,2,65.2,159.73,141.47,9054.08,5290.8,3656.32,18001.2,0,0.0,0.0,0.0,0.0,,0.0,Client Went Direct,2024,7,3,53.3,46.7,1,114.65,143.47,258.12,172.73,172.73,2,25.0,24,32,0,0,1,6,3,24,0,0,1,Theater,3,1,2.7,537.11,653,13536,16393.94,4,0,0,0,0.0,0.9,11.43,281.27,0.889,0.278,Shoulder,0,0,Mon,0,0,0,0,1,28,22,302063.03,0.7857,0,1,4,1.0,High,1,1,100.0,0.1385
L-202407-59559,Lost,Personal Event,Anniversary Celebration,Wedding/Social,In-person,Rooms Only,Social,Social/Private,Cvent,Low,2024-01-10,2024-02-07,22,2024-07-24,2024-07-26,2,196,40,80,44,0,,1,0,6,0.0,0.0,4,64.5,165.9,146.61,11728.8,0.0,0.0,11728.8,0,0.0,0.0,0.0,0.0,,0.0,Rates Too High / Client Declined,2024,7,3,60.0,40.0,1,30.3,129.38,159.68,159.68,129.38,2,5.0,38,40,0,0,0,0,0,0,0,0,0,,0,0,0.0,0.0,0,0,0.0,0,0,0,0,0.0,0.0,11.63,146.61,0.909,0.0,Shoulder,0,2,Wed,0,0,1,0,1,34,27,127052.1,0.7941,0,1,182,0.22,Low,0,0,93.3,0.0306
L-202407-29482,Lost,Private Individual,Baby Shower Weekend,Wedding/Social,In-person,Full Package,Social,Social/Private,Sales Call,Low,2024-01-27,2024-03-20,39,2024-07-28,2024-07-29,1,183,29,29,34,1,Breakout Room,1,0,14,0.0,0.0,3,64.8,156.76,136.87,3969.23,2770.27,2939.12,9678.62,0,0.0,0.0,0.0,0.0,,0.0,Client Went Direct,2024,7,3,53.4,46.6,0,136.17,144.09,280.26,0.0,144.09,1,0.0,29,0,0,0,1,1,1,4,0,0,1,Banquet,2,0,1.53,428.88,883,1020,2394.0,5,0,1,1,0.0,0.85,12.69,333.75,0.853,0.294,Shoulder,0,6,Sun,1,0,1,0,1,35,31,144815.95,0.8857,0,1,170,0.171,Low,0,0,93.3,0.0765
L-202408-34514,Lost,Global Industries,Board of Directors Meeting,Corporate,Hybrid,Full Package,Professional Services,Professional Services,Repeat Client,Medium,2024-05-05,2024-05-28,9,2024-08-01,2024-08-02,1,88,55,55,60,1,Half Ballroom,1,1,14,1.0,57364.36,2,75.0,167.81,156.56,8610.8,3170.58,2869.03,14650.41,0,0.0,0.0,0.0,0.0,,0.0,Budget Constraints,2024,8,4,64.0,36.0,1,111.28,114.83,226.11,226.11,114.83,1,0.0,55,0,0,0,1,1,2,8,1,0,1,Classroom,0,0,0.46,815.59,0,1152,1644.35,2,0,0,0,100.0,0.5,6.7,266.37,0.917,0.167,Shoulder,0,3,Thu,0,1,0,0,1,36,30,463659.89,0.8333,0,1,11,1.0,High,1,1,100.0,0.1591
L-202408-56494,Lost,Professional Services Group,Performance Review Summit,Corporate,In-person,Full Package,Healthcare,Healthcare,Third-Party Planner,High,2024-05-09,2024-05-23,7,2024-08-02,2024-08-04,2,85,70,140,86,1,Half Ballroom,1,1,7,1.0,33008.1,3,70.7,156.89,137.81,19293.4,5213.87,9133.46,33640.73,0,0.0,0.0,0.0,0.0,,0.0,Budget Constraints,2024,8,2,56.4,43.6,1,39.79,125.61,165.4,165.4,125.61,2,8.6,64,70,0,0,2,1,1,12,1,0,1,Theater,2,0,2.46,1461.45,897,1110,4154.26,3,0,0,0,100.0,0.72,12.16,240.29,0.814,0.233,Shoulder,0,4,Fri,1,0,0,0,1,23,19,250856.62,0.8261,0,1,112,0.625,High,1,0,100.0,0.0824
L-202408-61466,Lost,Insurance Federation,Networking Summit,Association,In-person,Full Package,Healthcare,Healthcare,Website,Medium,2023-11-26,2023-12-31,24,2024-08-02,2024-08-03,1,250,52,52,63,1,Half Ballroom,1,0,11,1.0,21217.87,1,73.5,166.84,154.01,8008.52,2642.83,4024.28,14675.63,0,0.0,0.0,0.0,0.0,,0.0,Rates Too High / Client Declined,2024,8,4,67.7,32.3,1,119.99,133.27,253.26,161.83,133.27,1,0.0,52,0,0,0,1,1,1,4,1,0,1,Classroom,1,0,1.32,1184.16,139,2900,4544.94,5,0,1,1,50.0,0.53,7.69,282.22,0.825,0.159,Shoulder,0,4,Fri,1,0,0,0,1,28,20,422060.32,0.7143,0,1,36,1.0,High,1,1,100.0,0.044
L-202408-12043,Lost,Real Estate Board,Educational Seminar Series,Association,In-person,Full Package,Education,Education,Website,High,2024-02-12,2024-03-07,14,2024-08-03,2024-08-04,1,173,32,32,35,1,Breakout Room,1,1,10,1.0,75990.98,3,75.2,165.61,161.51,5168.32,2435.44,2349.39,9953.15,0,0.0,0.0,0.0,0.0,,0.0,Space Not Adequate,2024,8,2,73.8,26.2,0,131.24,153.74,284.98,0.0,153.74,1,0.0,32,0,0,0,1,2,1,8,0,0,1,Classroom,1,0,0.82,576.23,1379,7440,11012.91,5,1,1,1,100.0,0.88,2.48,311.04,0.914,0.286,Shoulder,0,5,Sat,1,0,0,0,0,24,22,488651.26,0.9167,0,1,112,0.286,Moderate,0,0,100.0,0.0578
L-202408-90636,Lost,State Medical Association,Awards Gala Weekend,Association,In-person,Rooms Only,Association,Association,Sales Call,Medium,2023-11-23,2023-12-16,19,2024-08-03,2024-08-07,4,254,113,452,124,0,,1,1,4,0.0,0.0,2,69.2,163.16,139.91,63239.32,0.0,0.0,63239.32,0,0.0,0.0,0.0,0.0,,0.0,Dates Not Available,2024,8,3,64.2,35.8,1,107.03,116.94,223.97,149.91,149.91,2,2.3,107,113,111,107,0,0,0,0,0,0,0,,0,0,0.0,0.0,0,0,0.0,0,0,0,0,0.0,0.0,14.25,139.91,0.911,0.0,Shoulder,0,5,Sat,1,0,1,1,1,37,34,767074.79,0.9189,0,1,130,0.869,High,1,0,93.3,0.0157
L-202408-75461,Lost,Regional Healthcare System,Board of Directors Meeting,Corporate,In-person,Rooms Only,Healthcare,Healthcare,Third-Party Planner,High,2024-04-05,2024-04-25,13,2024-08-04,2024-08-06,2,121,48,96,52,0,,0,0,7,0.0,0.0,4,69.5,168.69,143.46,13772.16,0.0,0.0,13772.16,0,0.0,0.0,0.0,0.0,,0.0,Lost to Competition,2024,8,3,67.7,32.3,1,121.76,124.08,245.84,170.48,124.08,2,25.0,36,48,0,0,0,0,0,0,0,0,0,,0,0,0.0,0.0,0,0,0.0,0,0,0,0,0.0,0.0,14.96,143.46,0.923,0.0,Shoulder,0,6,Sun,1,0,1,0,1,22,21,220355.0,0.9545,0,1,118,0.407,Moderate,0,0,93.3,0.0579
L-202408-38869,Lost,Insurance Federation,Policy Symposium,Association,In-person,Meeting Only,Healthcare,Healthcare,Repeat Client,Medium,2024-01-30,2024-02-24,20,2024-08-05,2024-08-07,2,188,0,0,70,1,Half Ballroom,0,1,5,0.0,0.0,4,66.8,161.35,0.0,0.0,5209.51,6482.39,11691.9,0,0.0,0.0,0.0,0.0,,0.0,Budget Constraints,2024,8,0,0.0,0.0,0,0.0,0.0,0.0,0.0,0.0,0,0.0,0,0,0,0,2,2,1,8,1,0,1,Banquet,2,0,1.77,1689.73,845,3000,4830.11,2,0,0,0,100.0,0.58,100.0,,0.0,0.286,Shoulder,0,0,Mon,0,1,1,1,1,30,21,440515.12,0.7,0,1,118,0.0,Low,0,0,80.0,0.0266
L-202408-87182,Lost,HR Professionals Network,Leadership Institute,Association,Virtual,Full Package,Government,Government,RFP,Low,2024-01-07,2024-02-10,23,2024-08-05,2024-08-07,2,211,33,66,39,1,Breakout Room,1,0,11,1.0,19766.76,4,68.7,163.2,131.58,8684.28,4676.12,3913.09,17273.49,0,0.0,0.0,0.0,0.0,,0.0,Client Went Direct,2024,8,3,64.8,35.2,1,110.54,116.46,227.0,187.6,116.46,2,33.3,22,33,0,0,1,4,2,16,0,0,1,Classroom,2,0,2.3,366.83,912,3904,6707.4,4,0,0,0,100.0,0.97,19.37,261.72,0.846,0.256,Shoulder,0,0,Mon,0,0,0,0,1,24,17,323334.66,0.7083,0,1,65,0.508,Moderate,0,0,100.0,0.0521
L-202408-35407,Lost,Technology Innovators,Board of Directors Meeting,Corporate,In-person,Full Package,Trade/Manufacturing,Trade/Manufacturing,RFP,High,2024-04-19,2024-05-13,13,2024-08-07,2024-08-09,2,110,44,88,56,1,Half Ballroom,1,1,11,1.0,22811.85,3,73.6,166.25,169.4,14907.2,5122.14,5823.8,25853.14,0,0.0,0.0,0.0,0.0,,0.0,Space Not Adequate,2024,8,3,70.9,29.1,1,123.63,157.27,280.9,167.78,157.27,2,15.9,37,44,0,0,1,2,1,12,1,0,1,Classroom,3,1,2.83,1340.73,815,1496,4384.06,1,0,0,0,100.0,0.47,-1.89,293.79,0.786,0.179,Shoulder,0,2,Wed,0,0,0,0,0,31,24,314251.35,0.7742,0,1,44,1.0,High,1,0,100.0,0.1
L-202408-60538,Lost,Professional Engineers Society,Awards Gala Weekend,Association,In-person,Meeting Only,Education,Education,Repeat Client,Medium,2023-11-01,2023-12-02,22,2024-08-08,2024-08-11,3,281,0,0,136,1,Grand Ballroom,0,0,9,1.0,31219.84,3,70.4,156.19,0.0,0.0,9847.8,19476.04,29323.84,0,0.0,0.0,0.0,0.0,,0.0,Dates Not Available,2024,8,0,0.0,0.0,0,0.0,0.0,0.0,0.0,0.0,0,0.0,0,0,0,0,1,8,3,24,1,0,1,Classroom,0,0,0.3,1531.46,0,4960,6991.44,2,0,0,0,100.0,0.57,100.0,,0.0,0.074,Shoulder,0,3,Thu,0,1,0,0,1,30,24,572940.41,0.8,0,1,44,0.0,Low,0,0,86.7,0.032
L-202408-32377,Lost,TechCorp Solutions,Management Training,Corporate,In-person,Full Package,Finance,Finance,Sales Call,Low,2024-05-08,2024-06-02,11,2024-08-09,2024-08-10,1,93,64,64,81,1,Half Ballroom,1,1,14,1.0,25458.02,4,70.0,164.71,136.43,8731.52,2665.37,4007.66,15404.55,0,0.0,0.0,0.0,0.0,,0.0,Budget Constraints,2024,8,2,67.9,32.1,1,38.7,113.19,151.89,151.89,113.19,1,0.0,64,0,0,0,2,5,3,24,1,0,1,Classroom,2,0,2.24,1367.92,1020,0,2384.18,0,0,0,0,50.0,0.68,17.17,240.7,0.79,0.247,Shoulder,0,4,Fri,1,0,0,0,1,23,16,133116.57,0.6957,0,1,0,,Unknown,0,1,100.0,0.1505
L-202408-55723,Lost,Faith Community,Cultural Heritage Festival,SMERF,In-person,Full Package,Other,Other,Direct Inquiry,Low,2024-04-07,2024-05-03,15,2024-08-09,2024-08-10,1,124,34,34,41,1,Half Ballroom,1,0,11,0.0,0.0,1,74.2,161.44,142.67,4850.78,1602.21,885.92,7338.91,0,0.0,0.0,0.0,0.0,,0.0,Client Went Direct,2024,8,3,75.0,25.0,1,40.35,132.26,172.61,172.61,132.26,1,0.0,34,0,0,0,1,4,3,24,1,0,1,Banquet,2,0,1.54,1223.35,231,12740,13572.0,5,1,0,1,100.0,0.34,11.63,215.85,0.829,0.244,Shoulder,0,4,Fri,1,0,1,0,1,4,2,9242.19,0.5,0,1,0,,Unknown,0,1,93.3,0.0887
L-202408-78820,Lost,Retail Corporation,Management Training,Corporate,In-person,Full Package,Technology,Technology,RFP,Medium,2024-05-01,2024-05-19,9,2024-08-12,2024-08-15,3,103,50,150,62,1,Half Ballroom,1,1,9,1.0,38506.03,1,66.2,162.26,142.52,21378.0,6713.2,7735.23,35826.43,0,0.0,0.0,0.0,0.0,,0.0,Canceled by Client,2024,8,2,74.1,25.9,0,130.01,107.35,237.36,0.0,107.35,2,1.9,48,50,48,0,2,2,1,8,1,0,1,Classroom,0,0,0.08,1354.95,0,5620,7984.02,5,0,0,0,0.0,0.52,12.17,238.84,0.806,0.323,Shoulder,0,0,Mon,0,0,0,0,1,25,19,255418.73,0.76,0,1,179,0.279,Moderate,0,0,100.0,0.0874
L-202408-28355,Lost,Personal Event,Engagement Party,Wedding/Social,In-person,Full Package,Social,Social/Private,Repeat Client,Low,2023-08-16,2023-09-13,19,2024-08-15,2024-08-16,1,365,23,23,30,1,Breakout Room,1,0,9,1.0,24457.89,2,71.4,168.45,157.87,3631.01,2577.87,2047.4,8256.28,0,0.0,0.0,0.0,0.0,,0.0,Space Not Adequate,2024,8,3,71.9,28.1,1,79.83,140.96,220.79,220.79,220.79,1,0.0,23,0,0,0,1,7,3,36,0,0,1,Banquet,3,1,2.72,452.21,220,22435,23891.53,5,0,0,0,100.0,0.75,6.28,358.97,0.767,0.333,Shoulder,0,3,Thu,0,1,0,0,1,35,27,127052.1,0.7714,0,1,182,0.126,Low,0,0,100.0,0.0247
L-202408-70444,Lost,Professional Engineers Society,Educational Seminar Series,Association,In-person,Meeting Only,Education,Education,Sales Call,Low,2024-02-17,2024-03-15,19,2024-08-19,2024-08-21,2,184,0,0,48,1,Half Ballroom,0,1,8,0.0,0.0,2,67.8,159.56,0.0,0.0,3813.04,4811.27,8624.31,0,0.0,0.0,0.0,0.0,,0.0,Client Went Direct,2024,8,0,0.0,0.0,0,0.0,0.0,0.0,0.0,0.0,0,0.0,0,0,0,0,1,3,2,16,1,0,1,Theater,1,0,0.88,891.12,722,2232,4837.33,3,0,0,0,50.0,0.4,100.0,,0.0,0.208,Shoulder,0,0,Mon,0,0,1,0,1,32,25,586213.37,0.7812,0,1,164,0.0,Low,0,0,80.0,0.0435
L-202408-22609,Lost,Youth Athletics,High School Reunion,SMERF,In-person,Full Package,Education,Education,RFP,High,2024-05-11,2024-06-03,14,2024-08-21,2024-08-23,2,102,55,110,61,1,Half Ballroom,1,1,9,1.0,7636.65,4,70.4,152.94,140.55,15460.5,3808.99,2687.53,21957.02,0,0.0,0.0,0.0,0.0,,0.0,Canceled by Client,2024,8,2,58.1,41.9,1,52.52,149.3,201.82,201.82,149.3,2,1.8,54,55,0,0,2,2,1,12,1,0,1,Theater,0,0,0.22,1736.28,0,1592,3604.29,2,0,0,0,50.0,0.51,8.1,199.61,0.902,0.328,Shoulder,0,2,Wed,0,0,0,0,1,6,5,55637.99,0.8333,0,1,105,0.524,Moderate,0,0,100.0,0.0882
L-202408-60625,Lost,Pharmaceutical Partners,Product Launch Event,Corporate,In-person,Meeting Only,Legal,Legal,Repeat Client,Low,2024-06-15,2024-07-06,11,2024-08-26,2024-08-27,1,72,0,0,76,1,Half Ballroom,1,0,10,1.0,36302.26,4,77.3,163.93,0.0,0.0,3288.66,4053.58,7342.24,0,0.0,0.0,0.0,0.0,,0.0,Chose Another Venue,2024,8,0,0.0,0.0,0,0.0,0.0,0.0,0.0,0.0,0,0.0,0,0,0,0,2,1,2,8,1,0,1,Theater,2,0,2.3,1805.5,89,2436,4432.17,4,0,0,0,100.0,0.63,100.0,,0.0,0.263,Shoulder,0,0,Mon,0,1,0,0,1,37,26,360633.32,0.7027,0,1,37,0.0,Low,0,0,86.7,0.1389
L-202408-60342,Lost,Social Event,Baby Shower Weekend,Wedding/Social,In-person,Full Package,Social,Social/Private,Sales Call,Medium,2023-10-04,2023-11-25,41,2024-08-29,2024-08-30,1,330,44,44,60,1,Half Ballroom,1,0,11,0.0,0.0,2,73.0,161.94,146.64,6452.16,3304.76,4778.6,14535.52,0,0.0,0.0,0.0,0.0,,0.0,Rates Too High / Client Declined,2024,8,2,66.8,33.2,0,7.04,122.77,129.81,0.0,129.81,1,0.0,44,0,0,0,1,3,2,16,1,0,1,Banquet,0,0,0.27,946.63,0,11820,13369.39,5,0,0,0,100.0,0.5,9.45,330.35,0.733,0.167,Shoulder,0,3,Thu,0,0,1,0,1,43,30,151829.1,0.6977,0,1,88,0.5,Moderate,0,0,93.3,0.0333
L-202409-60418,Lost,Technology Innovators,Sales Kickoff,Corporate,In-person,Full Package,Government,Government,Sales Call,High,2024-05-18,2024-06-08,11,2024-09-01,2024-09-02,1,106,54,54,60,1,Half Ballroom,1,0,10,0.0,0.0,3,89.5,202.3,214.44,11579.76,2888.68,2892.55,17360.99,0,0.0,0.0,0.0,0.0,,0.0,Dates Not Available,2024,9,2,51.5,48.5,0,0.07,158.85,158.92,0.0,158.85,1,0.0,54,0,0,0,1,1,1,8,1,0,1,Theater,2,0,2.08,857.46,1223,411,4107.48,1,0,0,0,100.0,0.5,-6.0,321.5,0.9,0.167,Peak,1,6,Sun,1,0,1,0,0,33,25,332879.7,0.7576,0,1,97,0.557,Moderate,0,0,93.3,0.0943
L-202409-88400,Lost,Community Church,Community Theater Production,SMERF,Hybrid,Full Package,Association,Association,Third-Party Planner,Medium,2024-06-07,2024-06-27,12,2024-09-03,2024-09-04,1,88,6,6,8,1,Boardroom,1,1,8,0.0,0.0,4,76.4,166.73,160.57,963.42,877.01,236.11,2076.54,0,0.0,0.0,0.0,0.0,,0.0,Budget Constraints,2024,9,4,72.8,27.2,1,50.05,135.26,185.31,185.31,140.06,1,0.0,6,0,0,0,1,1,3,12,0,1,1,Boardroom,2,0,2.29,382.34,540,2350,5308.14,5,1,0,1,0.0,0.57,3.69,346.09,0.75,1.25,Shoulder,0,1,Tue,0,0,1,0,1,11,9,71426.0,0.8182,0,1,55,0.109,Low,0,0,93.3,0.0909
L-202409-71254,Lost,Insurance Federation,Leadership Institute,Association,Hybrid,Full Package,Government,Government,Third-Party Planner,Medium,2023-11-25,2023-12-23,21,2024-09-06,2024-09-07,1,286,73,73,83,1,Half Ballroom,1,0,7,0.0,0.0,4,78.7,170.13,162.99,11898.27,2543.22,4384.09,18825.58,0,0.0,0.0,0.0,0.0,,0.0,Rates Too High / Client Declined,2024,9,4,59.2,40.8,1,117.33,142.53,259.86,174.35,142.53,1,0.0,73,0,0,0,2,1,2,16,1,0,1,Theater,3,1,2.63,1422.69,611,3144,5629.53,4,0,0,0,100.0,0.69,4.2,257.88,0.88,0.241,Peak,0,4,Fri,1,0,1,0,1,31,21,440515.12,0.6774,0,1,220,0.332,Moderate,0,0,93.3,0.0245
L-202409-44003,Lost,Financial Services Group,Product Launch Event,Corporate,In-person,Full Package,Legal,Legal,Cvent,Low,2024-06-01,2024-06-18,8,2024-09-10,2024-09-13,3,101,13,39,17,1,Breakout Room,1,1,9,0.0,0.0,3,72.3,173.74,164.05,6397.95,4975.93,2349.16,13723.04,0,0.0,0.0,0.0,0.0,,0.0,Space Not Adequate,2024,9,3,58.0,42.0,1,49.61,133.38,182.99,182.99,133.38,2,13.1,9,13,10,0,1,1,1,8,0,0,1,Classroom,2,0,2.18,464.15,472,2196,4087.12,3,0,0,0,100.0,0.42,5.58,351.87,0.765,0.588,Shoulder,0,1,Tue,0,0,1,0,1,24,19,192266.58,0.7917,0,1,116,0.112,Low,0,0,93.3,0.0891
L-202409-26784,Lost,HR Professionals Network,Certification Training,Association,In-person,Meeting Only,Healthcare,Healthcare,Cvent,Medium,2024-03-07,2024-04-08,27,2024-09-12,2024-09-14,2,189,0,0,132,1,Grand Ballroom,0,0,5,0.0,0.0,2,82.6,179.02,0.0,0.0,6193.96,12130.28,18324.24,0,0.0,0.0,0.0,0.0,,0.0,Budget Constraints,2024,9,0,0.0,0.0,0,0.0,0.0,0.0,0.0,0.0,0,0.0,0,0,0,0,2,5,3,36,1,0,1,Classroom,1,0,0.52,2368.6,949,1840,6125.7,2,0,0,0,100.0,0.55,100.0,,0.0,0.152,Peak,0,3,Thu,0,0,1,1,1,25,17,323334.66,0.68,0,1,156,0.0,Low,0,0,80.0,0.0265
L-202409-91509,Lost,Global Industries,Customer Advisory Board,Corporate,In-person,Full Package,Trade/Manufacturing,Trade/Manufacturing,RFP,Medium,2024-06-06,2024-06-25,11,2024-09-12,2024-09-14,2,98,52,104,61,1,Half Ballroom,1,0,8,1.0,17827.94,4,76.8,167.42,162.96,16947.84,6366.35,6582.52,29896.71,0,0.0,0.0,0.0,0.0,,0.0,Dates Not Available,2024,9,4,50.8,49.2,1,146.34,127.72,274.06,235.17,127.72,2,0.0,52,52,0,0,1,1,1,4,1,0,1,Classroom,2,0,2.45,1335.46,980,162,5749.17,1,0,0,0,100.0,0.51,2.66,287.47,0.852,0.164,Shoulder,0,3,Thu,0,0,0,0,0,41,34,520376.12,0.8293,0,1,187,0.278,Moderate,0,0,100.0,0.0816
L-202409-46608,Lost,Private Party,Family Reunion Weekend,Wedding/Social,In-person,Full Package,Social,Social/Private,Sales Call,High,2024-04-03,2024-05-15,34,2024-09-17,2024-09-18,1,167,40,40,46,1,Half Ballroom,1,1,8,1.0,63644.69,2,77.7,169.37,158.72,6348.8,2760.06,3385.65,12494.51,0,0.0,0.0,0.0,0.0,,0.0,Budget Constraints,2024,9,4,65.3,34.7,1,115.26,134.26,249.52,212.15,137.92,1,0.0,40,0,0,0,1,5,3,24,1,0,1,Banquet,3,1,2.69,1325.98,1138,11910,14288.12,3,0,0,0,100.0,0.38,6.29,312.36,0.87,0.217,Shoulder,0,1,Tue,0,0,0,0,1,42,33,198768.7,0.7857,0,1,41,0.976,High,1,0,100.0,0.0479
L-202409-51204,Lost,Volunteer Network,Faith-Based Conference,SMERF,In-person,Full Package,Government,Government,Sales Call,Low,2024-04-17,2024-05-11,16,2024-09-19,2024-09-21,2,155,34,68,40,1,Breakout Room,1,0,8,0.0,0.0,2,82.2,174.71,158.25,10761.0,2703.68,1923.99,15388.67,0,0.0,0.0,0.0,0.0,,0.0,Canceled by Client,2024,9,4,72.0,28.0,1,95.0,127.26,222.26,222.26,127.26,2,23.5,26,34,0,0,1,2,1,8,0,0,1,Theater,3,1,2.93,369.05,370,2512,4460.2,2,0,0,0,50.0,1.0,9.42,226.3,0.85,0.25,Peak,0,3,Thu,0,0,1,0,1,15,10,61244.98,0.6667,0,1,220,0.155,Low,0,0,93.3,0.0516
L-202409-47672,Lost,Personal Event,Martinez-Garcia Wedding,Wedding/Social,In-person,Rooms Only,Social,Social/Private,Sales Call,Low,2024-04-27,2024-06-07,36,2024-09-24,2024-09-25,1,150,19,19,20,0,,0,1,5,1.0,40360.79,1,80.6,177.07,158.04,3002.76,0.0,0.0,3002.76,0,0.0,0.0,0.0,0.0,,0.0,Budget Constraints,2024,9,4,52.8,47.2,1,27.37,132.87,160.24,160.24,137.26,1,0.0,19,0,0,0,0,0,0,0,0,0,0,,0,0,0.0,0.0,0,0,0.0,0,0,0,0,0.0,0.0,10.75,158.04,0.95,0.0,Peak,0,1,Tue,0,0,0,1,1,38,29,140905.5,0.7632,0,1,0,,Unknown,0,1,100.0,0.0333
L-202409-98356,Lost,Education Foundation,Networking Summit,Association,Hybrid,Full Package,Government,Government,Third-Party Planner,Medium,2024-02-09,2024-03-16,24,2024-09-25,2024-09-27,2,229,86,172,111,1,Half Ballroom,1,0,12,0.0,0.0,2,77.2,172.72,174.04,29934.88,6553.97,11493.25,47982.1,0,0.0,0.0,0.0,0.0,,0.0,Space Not Adequate,2024,9,4,51.9,48.1,1,132.01,135.4,267.41,218.41,135.4,2,2.3,84,86,0,0,2,4,2,16,1,0,1,Theater,0,0,0.17,1260.52,0,1608,2745.83,2,0,0,0,50.0,0.93,-0.76,278.97,0.775,0.18,Shoulder,0,2,Wed,0,0,1,0,0,35,25,563217.16,0.7143,0,1,101,0.851,High,1,0,93.3,0.0524
L-202409-66803,Lost,Private Individual,Baby Shower Weekend,Wedding/Social,In-person,Full Package,Social,Social/Private,Third-Party Planner,Low,2023-12-17,2024-01-17,20,2024-09-29,2024-10-01,2,287,30,60,41,1,Half Ballroom,1,1,11,0.0,0.0,4,90.1,205.63,215.1,12906.0,6129.29,5543.96,24579.25,0,0.0,0.0,0.0,0.0,,0.0,Lost to Competition,2024,9,4,58.6,41.4,1,161.93,157.19,319.12,200.41,157.19,2,36.7,19,30,0,0,1,1,2,24,1,0,1,Banquet,1,0,1.28,1175.6,161,820,3158.45,5,1,0,1,0.0,0.34,-4.61,409.65,0.732,0.244,Peak,1,6,Sun,1,0,1,0,0,43,38,184662.5,0.8837,0,1,15,1.0,High,1,1,93.3,0.0383
L-202409-44478,Lost,Energy Solutions,Leadership Summit,Corporate,Hybrid,Full Package,Professional Services,Professional Services,Third-Party Planner,Low,2024-06-17,2024-07-08,11,2024-09-30,2024-10-02,2,105,28,56,31,1,Breakout Room,1,0,10,0.0,0.0,2,81.7,169.59,171.82,9621.92,5289.75,3543.17,18454.84,0,0.0,0.0,0.0,0.0,,0.0,Client Went Direct,2024,9,3,63.7,36.3,1,128.01,146.1,274.11,197.74,197.74,2,10.7,25,28,0,0,1,2,1,8,0,0,1,Classroom,3,1,2.83,368.78,938,2504,3876.01,4,0,0,0,100.0,0.78,-1.31,329.55,0.903,0.323,Peak,0,0,Mon,0,0,1,0,0,34,23,286333.96,0.6765,0,1,28,1.0,High,1,0,93.3,0.0952
L-202410-50144,Lost,Pharmaceutical Partners,Management Training,Corporate,In-person,Full Package,Trade/Manufacturing,Trade/Manufacturing,Sales Call,Low,2024-08-12,2024-09-05,11,2024-10-06,2024-10-08,2,55,12,24,14,1,Boardroom,1,1,13,0.0,0.0,3,95.9,210.0,222.6,5342.4,3443.52,1215.05,10000.97,0,0.0,0.0,0.0,0.0,,0.0,Canceled by Client,2024,10,2,66.5,33.5,0,3.92,134.38,138.3,0.0,138.3,2,33.3,8,12,0,0,1,2,2,24,0,1,1,Boardroom,0,0,0.35,352.09,0,816,3283.67,1,0,0,0,50.0,1.0,-6.0,416.71,0.857,0.714,Peak,1,6,Sun,1,0,1,0,0,40,28,385944.45,0.7,0,1,220,0.055,Low,0,0,93.3,0.2364
L-202410-78556,Lost,Family Celebration,Retirement Party,Wedding/Social,In-person,Meeting Only,Social,Social/Private,Referral,High,2023-12-23,2024-01-26,27,2024-10-12,2024-10-15,3,294,0,0,131,1,Grand Ballroom,1,0,7,1.0,29028.42,3,80.7,176.97,0.0,0.0,14181.13,34141.63,48322.76,0,0.0,0.0,0.0,0.0,,0.0,Canceled by Client,2024,10,0,0.0,0.0,0,0.0,0.0,0.0,0.0,0.0,0,0.0,0,0,0,0,1,5,3,12,1,0,1,Reception,2,0,2.26,1858.38,534,6885,8643.08,3,0,0,0,100.0,0.55,100.0,,0.0,0.076,Peak,0,5,Sat,1,0,0,0,1,40,34,199959.3,0.85,0,1,122,0.0,Low,0,0,86.7,0.0238
L-202410-98694,Lost,Nursing Council,Regional Chapter Meeting,Association,In-person,Rooms Only,Government,Government,Referral,Medium,2024-04-09,2024-04-28,15,2024-10-24,2024-10-26,2,198,108,216,118,0,,0,0,4,0.0,0.0,2,78.4,172.22,156.95,33901.2,0.0,0.0,33901.2,0,0.0,0.0,0.0,0.0,,0.0,Lost to Competition,2024,10,2,56.2,43.8,0,18.11,124.24,142.35,0.0,124.24,2,4.6,103,108,0,0,0,0,0,0,0,0,0,,0,0,0.0,0.0,0,0,0.0,0,0,0,0,0.0,0.0,8.87,156.95,0.915,0.0,Peak,0,3,Thu,0,0,1,1,1,33,23,390185.88,0.697,0,1,84,1.0,High,1,1,93.3,0.0202
L-202410-60800,Lost,Faith Community,School District Meeting,SMERF,In-person,Full Package,Education,Education,RFP,Medium,2024-06-03,2024-06-30,15,2024-10-25,2024-10-28,3,144,38,114,45,1,Half Ballroom,1,0,12,1.0,6037.02,2,85.0,175.59,168.54,19213.56,5063.08,3111.34,27387.98,0,0.0,0.0,0.0,0.0,,0.0,Canceled by Client,2024,10,4,61.8,38.2,1,111.89,169.16,281.05,244.47,190.53,2,6.9,32,38,33,0,1,2,1,12,1,0,1,Classroom,3,1,2.78,812.39,253,3678,5466.07,3,0,0,0,100.0,0.38,4.02,240.25,0.844,0.222,Peak,1,4,Fri,1,0,0,0,1,7,4,23111.73,0.5714,0,1,102,0.373,Moderate,0,0,100.0,0.0833
L-202410-21848,Lost,Heritage Travel,International Tour Package,Corporate,In-person,Rooms Only,Other,Other,Sales Call,Low,2024-07-06,2024-07-23,13,2024-10-26,2024-10-27,1,112,37,37,40,0,,1,0,4,0.0,0.0,4,97.0,208.7,221.22,8185.14,0.0,0.0,8185.14,0,0.0,0.0,0.0,0.0,,0.0,Canceled by Client,2024,10,3,57.8,42.2,0,20.92,150.48,171.4,0.0,150.48,1,0.0,37,0,0,0,0,0,0,0,0,0,0,,0,0,0.0,0.0,0,0,0.0,0,0,0,0,0.0,0.0,-6.0,221.22,0.925,0.0,Peak,1,5,Sat,1,0,1,1,0,17,15,103266.74,0.8824,0,1,102,0.363,Moderate,0,0,93.3,0.0357
L-202410-58005,Lost,Family Celebration,Family Reunion Weekend,Wedding/Social,In-person,Full Package,Other,Other,Sales Call,Medium,2023-11-06,2023-11-29,15,2024-10-29,2024-10-30,1,358,30,30,33,1,Breakout Room,1,1,8,0.0,0.0,4,87.6,178.23,188.81,5664.3,3081.68,2573.37,11319.35,0,0.0,0.0,0.0,0.0,,0.0,Client Went Direct,2024,10,4,70.6,29.4,1,135.29,148.55,283.84,283.84,148.55,1,0.0,30,0,0,0,1,2,2,8,0,0,1,Banquet,3,1,2.67,370.48,1411,0,3441.99,0,0,0,0,0.0,0.82,-5.94,377.31,0.909,0.303,Peak,1,1,Tue,0,0,1,0,0,42,35,211806.82,0.8333,0,1,153,0.196,Low,0,0,93.3,0.0223
L-202411-86445,Lost,HR Professionals Network,Educational Seminar Series,Association,Hybrid,Full Package,Other,Other,Referral,High,2024-06-08,2024-07-11,25,2024-11-01,2024-11-04,3,146,49,147,56,1,Half Ballroom,1,1,8,1.0,76045.33,3,63.4,166.29,150.03,22054.41,6687.48,9742.51,38484.4,0,0.0,0.0,0.0,0.0,,0.0,Rates Too High / Client Declined,2024,11,4,61.7,38.3,1,139.37,124.45,263.82,213.47,124.45,2,10.7,47,49,37,0,1,2,1,4,1,0,1,Classroom,0,0,0.08,1344.01,0,0,1034.26,0,0,0,0,100.0,0.47,9.78,261.8,0.875,0.179,Shoulder,0,4,Fri,1,0,0,0,1,29,20,434952.16,0.6897,0,1,134,0.366,Moderate,0,0,100.0,0.0548
L-202411-62575,Lost,Accounting Institute,Regional Chapter Meeting,Association,In-person,Full Package,Association,Association,RFP,Low,2024-03-31,2024-04-28,14,2024-11-06,2024-11-08,2,220,53,106,64,1,Half Ballroom,1,0,14,0.0,0.0,1,71.2,163.81,145.83,15457.98,6034.1,6586.34,28078.42,0,0.0,0.0,0.0,0.0,,0.0,Dates Not Available,2024,11,2,62.8,37.2,1,77.57,130.63,208.2,208.2,208.2,2,0.0,53,53,0,0,2,6,3,24,1,0,1,Theater,2,0,1.52,1469.08,482,9828,11909.56,3,0,0,0,100.0,0.53,10.98,264.89,0.828,0.312,Shoulder,0,2,Wed,0,0,1,0,1,31,27,526825.87,0.871,0,1,184,0.288,Moderate,0,0,93.3,0.0636
L-202411-80430,Lost,Professional Engineers Society,Member Appreciation Event,Association,In-person,Full Package,Education,Education,Cvent,Low,2023-12-29,2024-01-24,17,2024-11-09,2024-11-12,3,316,60,180,78,1,Half Ballroom,1,0,9,0.0,0.0,4,79.4,194.16,178.88,32198.4,8433.61,11392.88,52024.89,0,0.0,0.0,0.0,0.0,,0.0,Rates Too High / Client Declined,2024,11,4,67.6,32.4,1,118.22,152.89,271.11,243.14,186.51,2,7.1,51,60,51,0,1,6,3,12,1,0,1,Classroom,0,0,0.15,830.46,0,4698,6945.29,3,0,0,0,100.0,0.65,7.87,289.03,0.769,0.128,Peak,0,5,Sat,1,0,1,0,1,37,29,650912.52,0.7838,0,1,141,0.426,Moderate,0,0,93.3,0.0285
L-202411-19575,Lost,Personal Event,Martinez-Garcia Wedding,Wedding/Social,In-person,Full Package,Social,Social/Private,Website,Low,2024-05-28,2024-07-05,27,2024-11-11,2024-11-12,1,167,26,26,32,1,Breakout Room,1,0,11,1.0,7331.83,4,69.2,158.43,128.44,3339.44,2664.75,2009.31,8013.5,0,0.0,0.0,0.0,0.0,,0.0,Budget Constraints,2024,11,2,66.9,33.1,0,123.39,115.69,239.08,0.0,115.69,1,0.0,26,0,0,0,1,7,3,24,0,0,1,Banquet,2,0,2.3,454.62,448,5411,8656.74,1,0,0,0,100.0,0.8,18.93,308.21,0.812,0.312,Shoulder,0,0,Mon,0,0,0,0,1,42,32,168252.69,0.7619,0,1,127,0.205,Low,0,0,100.0,0.0659
L-202411-75401,Lost,Consulting Network,New Hire Orientation,Corporate,In-person,Full Package,Legal,Legal,Referral,Low,2024-09-16,2024-10-12,13,2024-11-15,2024-11-16,1,60,75,75,94,1,Half Ballroom,1,1,13,1.0,36713.82,4,69.6,167.0,167.73,12579.75,2625.51,3935.45,19140.71,0,0.0,0.0,0.0,0.0,,0.0,Canceled by Client,2024,11,3,70.2,29.8,0,154.46,164.79,319.25,0.0,164.79,1,0.0,75,0,0,0,2,2,1,4,1,0,1,Theater,3,1,2.91,1512.48,263,0,1761.46,0,0,0,0,100.0,0.78,-0.44,255.21,0.798,0.213,Shoulder,0,4,Fri,1,0,0,0,0,24,19,236597.41,0.7917,0,1,110,0.682,High,1,0,100.0,0.2167
L-202411-36186,Lost,Financial Services Group,New Hire Orientation,Corporate,In-person,Full Package,Healthcare,Healthcare,Repeat Client,High,2024-09-23,2024-10-19,12,2024-11-16,2024-11-17,1,54,5,5,5,1,Boardroom,1,0,14,1.0,62288.8,1,73.8,165.15,164.25,821.25,1423.86,281.0,2526.11,0,0.0,0.0,0.0,0.0,,0.0,Chose Another Venue,2024,11,4,71.9,28.1,1,72.67,152.59,225.26,225.26,152.59,1,0.0,5,0,0,0,1,7,3,24,0,1,1,Boardroom,2,0,2.02,334.73,326,0,1573.37,0,0,0,0,100.0,0.36,0.54,505.22,1.0,2.0,Shoulder,0,5,Sat,1,1,0,0,0,27,21,242580.93,0.7778,0,1,69,0.072,Low,0,0,100.0,0.2593
L-202411-33941,Lost,Private Party,Memorial Service Gathering,Wedding/Social,In-person,Rooms Only,Social,Social/Private,RFP,Low,2024-02-15,2024-03-28,39,2024-11-21,2024-11-22,1,280,27,27,29,0,,0,0,3,0.0,0.0,3,67.3,159.55,128.32,3464.64,0.0,0.0,3464.64,0,0.0,0.0,0.0,0.0,,0.0,Chose Another Venue,2024,11,2,61.5,38.5,0,17.2,102.28,119.48,0.0,102.28,1,0.0,27,0,0,0,0,0,0,0,0,0,0,,0,0,0.0,0.0,0,0,0.0,0,0,0,0,0.0,0.0,19.57,128.32,0.931,0.0,Shoulder,0,3,Thu,0,0,1,1,1,45,35,217771.13,0.7778,0,1,163,0.166,Low,0,0,93.3,0.0107
L-202411-60246,Lost,HR Professionals Network,Committee Meeting,Association,Hybrid,Full Package,Healthcare,Healthcare,Referral,Low,2024-04-23,2024-05-20,16,2024-11-22,2024-11-25,3,213,54,162,69,1,Half Ballroom,1,0,11,1.0,14690.56,1,72.2,163.22,155.59,25205.58,8757.93,13096.34,47059.85,0,0.0,0.0,0.0,0.0,,0.0,Client Went Direct,2024,11,3,66.3,33.7,1,124.39,137.49,261.88,228.74,137.49,2,6.9,51,54,45,0,1,2,2,16,1,0,1,Theater,1,0,0.97,854.11,492,692,2920.25,2,0,0,0,100.0,0.57,4.67,290.49,0.783,0.145,Shoulder,0,4,Fri,1,0,0,0,1,30,20,434952.16,0.6667,0,1,212,0.255,Moderate,0,0,100.0,0.0516
L-202411-92984,Lost,Legal Society,Certification Training,Association,Hybrid,Full Package,Healthcare,Healthcare,Third-Party Planner,Medium,2024-04-29,2024-05-31,23,2024-11-22,2024-11-24,2,207,52,104,65,1,Half Ballroom,1,0,9,0.0,0.0,2,71.6,161.65,151.88,15795.52,5306.51,8355.83,29457.86,0,0.0,0.0,0.0,0.0,,0.0,Client Went Direct,2024,11,2,64.1,35.9,1,91.97,189.46,281.43,189.46,189.46,2,13.5,45,52,0,0,2,2,1,8,1,0,1,Classroom,3,1,2.65,1691.78,229,7170,9844.85,5,0,0,0,100.0,0.54,6.04,283.25,0.8,0.308,Shoulder,0,4,Fri,1,0,1,0,1,20,17,360901.9,0.85,0,1,212,0.245,Low,0,0,93.3,0.0435
L-202411-39979,Lost,Professional Services Group,Product Launch Event,Corporate,In-person,Full Package,Healthcare,Healthcare,Third-Party Planner,Medium,2024-09-08,2024-10-02,14,2024-11-25,2024-11-26,1,78,26,26,32,1,Breakout Room,1,0,10,0.0,0.0,2,64.8,170.13,147.91,3845.66,2516.41,1738.87,8100.94,0,0.0,0.0,0.0,0.0,,0.0,Space Not Adequate,2024,11,4,70.9,29.1,1,141.35,122.79,264.14,231.45,122.79,1,0.0,26,0,0,0,1,3,3,24,0,0,1,Theater,2,0,2.46,558.62,626,2172,3444.33,2,0,0,0,100.0,0.8,13.06,311.57,0.812,0.312,Shoulder,0,0,Mon,0,0,1,0,1,30,25,338937.28,0.8333,0,1,135,0.193,Low,0,0,93.3,0.1282
L-202411-25260,Lost,Banking Consortium,Executive Offsite,Corporate,In-person,Full Package,Government,Government,Repeat Client,Medium,2024-08-01,2024-08-22,13,2024-11-27,2024-11-28,1,118,38,38,48,1,Half Ballroom,1,0,8,1.0,66391.17,4,68.1,161.49,137.5,5225.0,2665.33,2588.78,10479.11,0,0.0,0.0,0.0,0.0,,0.0,Space Not Adequate,2024,11,3,52.5,47.5,1,119.62,119.83,239.45,239.45,119.83,1,0.0,38,0,0,0,1,3,2,16,1,0,1,Banquet,3,1,2.95,1145.4,1450,2688,4927.1,4,0,0,0,0.0,0.4,14.86,275.77,0.792,0.208,Shoulder,0,2,Wed,0,1,0,0,1,29,24,331115.82,0.8276,0,1,53,0.717,High,1,0,100.0,0.0678
L-202411-30574,Lost,Consulting Network,Town Hall Meeting,Corporate,Hybrid,Full Package,Finance,Finance,Direct Inquiry,Medium,2024-09-04,2024-09-30,13,2024-11-27,2024-11-28,1,84,10,10,12,1,Boardroom,1,0,13,1.0,73909.1,1,71.6,160.72,146.05,1460.5,1534.0,722.3,3716.8,0,0.0,0.0,0.0,0.0,,0.0,Rates Too High / Client Declined,2024,11,3,66.9,33.1,0,25.08,119.06,144.14,0.0,125.36,1,0.0,10,0,0,0,1,1,3,36,0,1,1,Boardroom,2,0,1.99,310.49,509,737,3720.05,1,0,0,0,0.0,0.86,9.13,371.68,0.833,0.833,Shoulder,0,2,Wed,0,0,0,0,1,25,19,236597.41,0.76,0,1,53,0.189,Low,0,0,100.0,0.1548
L-202412-65824,Lost,Youth Organization,Youth Sports Tournament,SMERF,Virtual,Full Package,Other,Other,Direct Inquiry,Medium,2024-08-16,2024-09-15,19,2024-12-04,2024-12-05,1,110,47,47,54,1,Half Ballroom,1,0,11,1.0,71615.84,2,44.4,157.23,113.21,5320.87,1542.91,1675.07,8538.85,0,0.0,0.0,0.0,0.0,,0.0,Budget Constraints,2024,12,2,68.0,32.0,1,33.09,96.27,129.36,129.36,96.27,1,0.0,47,0,0,0,1,2,2,24,1,0,1,Theater,2,0,1.69,1275.4,905,0,1587.13,0,0,0,0,100.0,0.45,28.0,181.68,0.87,0.185,Low,0,2,Wed,0,0,0,0,1,11,9,43849.22,0.8182,0,1,207,0.227,Low,0,0,100.0,0.1
L-202412-90362,Lost,Retail Corporation,Board of Directors Meeting,Corporate,In-person,Rooms Only,Technology,Technology,Website,Medium,2024-08-25,2024-09-07,9,2024-12-07,2024-12-09,2,104,6,12,6,0,,0,1,4,1.0,31476.11,2,45.6,147.48,107.18,1286.16,0.0,0.0,1286.16,0,0.0,0.0,0.0,0.0,,0.0,Rates Too High / Client Declined,2024,12,3,72.2,27.8,1,60.05,106.11,166.16,166.16,166.16,2,33.3,4,6,0,0,0,0,0,0,0,0,0,,0,0,0.0,0.0,0,0,0.0,0,0,0,0,0.0,0.0,27.33,107.18,1.0,0.0,Low,0,5,Sat,1,0,0,1,1,33,26,341965.37,0.7879,0,1,220,0.027,Low,0,0,100.0,0.0385
L-202412-21069,Lost,Professional Services Group,New Hire Orientation,Corporate,In-person,Rooms Only,Finance,Finance,Third-Party Planner,High,2024-10-06,2024-10-22,13,2024-12-08,2024-12-10,2,63,25,50,27,0,,0,0,3,0.0,0.0,3,42.6,144.92,104.34,5217.0,0.0,0.0,5217.0,0,0.0,0.0,0.0,0.0,,0.0,Budget Constraints,2024,12,3,54.4,45.6,1,57.53,110.1,167.63,167.63,167.63,2,48.0,13,25,0,0,0,0,0,0,0,0,0,,0,0,0.0,0.0,0,0,0.0,0,0,0,0,0.0,0.0,28.0,104.34,0.926,0.0,Low,0,6,Sun,1,0,1,1,1,32,26,343247.61,0.8125,0,1,220,0.114,Low,0,0,93.3,0.0476
L-202412-97151,Lost,Private Individual,Martinez-Garcia Wedding,Wedding/Social,In-person,Rooms Only,Other,Other,Referral,Medium,2023-12-09,2024-01-11,29,2024-12-08,2024-12-09,1,365,26,26,28,0,,1,0,4,1.0,8583.47,2,50.9,150.31,108.22,2813.72,0.0,0.0,2813.72,0,0.0,0.0,0.0,0.0,,0.0,Client Went Direct,2024,12,4,53.9,46.1,1,88.11,109.46,197.57,197.57,109.46,1,0.0,26,0,0,0,0,0,0,0,0,0,0,,0,0,0.0,0.0,0,0,0.0,0,0,0,0,0.0,0.0,28.0,108.22,0.929,0.0,Low,0,6,Sun,1,0,0,1,1,45,39,190926.71,0.8667,0,1,220,0.118,Low,0,0,100.0,0.011
L-202412-80943,Lost,Financial Services Group,Product Launch Event,Corporate,In-person,Full Package,Professional Services,Professional Services,Website,Medium,2024-09-19,2024-10-06,8,2024-12-10,2024-12-12,2,82,52,104,59,1,Half Ballroom,1,1,9,1.0,15515.5,3,47.4,145.34,117.61,12231.44,5228.71,5752.39,23212.54,0,0.0,0.0,0.0,0.0,,0.0,Lost to Competition,2024,12,4,73.5,26.5,1,98.8,97.88,196.68,196.68,97.88,2,11.5,46,52,0,0,1,5,2,8,1,0,1,Theater,2,0,1.92,1037.76,259,2415,4493.3,1,0,0,0,50.0,0.49,19.08,223.2,0.881,0.169,Low,0,1,Tue,0,0,0,0,1,28,21,242580.93,0.75,0,1,69,0.754,High,1,0,100.0,0.1098
L-202412-24338,Lost,Banking Consortium,Strategic Planning Retreat,Corporate,Virtual,Full Package,Trade/Manufacturing,Trade/Manufacturing,Referral,Medium,2024-10-06,2024-10-29,14,2024-12-12,2024-12-14,2,67,29,58,32,1,Breakout Room,1,0,9,1.0,66980.04,1,44.4,144.82,104.27,6047.66,5275.55,2636.9,13960.11,0,0.0,0.0,0.0,0.0,,0.0,Dates Not Available,2024,12,2,59.5,40.5,1,16.88,177.33,194.21,177.33,177.33,2,17.2,24,29,0,0,1,5,3,24,0,0,1,Classroom,1,0,1.11,399.32,1107,6615,9812.06,3,0,0,0,100.0,0.8,28.0,240.69,0.906,0.312,Low,0,3,Thu,0,0,0,0,1,30,24,331115.82,0.8,0,1,220,0.132,Low,0,0,100.0,0.1343
L-202412-94683,Lost,Social Event,Retirement Party,Wedding/Social,In-person,Rooms Only,Travel,Travel/Hospitality,Website,Medium,2024-04-10,2024-05-10,26,2024-12-13,2024-12-14,1,247,11,11,12,0,,1,1,4,0.0,0.0,3,39.4,144.68,104.17,1145.87,0.0,0.0,1145.87,0,0.0,0.0,0.0,0.0,,0.0,Client Went Direct,2024,12,3,51.9,48.1,1,94.6,100.19,194.79,194.79,100.19,1,0.0,11,0,0,0,0,0,0,0,0,0,0,,0,0,0.0,0.0,0,0,0.0,0,0,0,0,0.0,0.0,28.0,104.17,0.917,0.0,Low,0,4,Fri,1,0,1,1,1,50,36,186828.03,0.72,0,1,220,0.05,Low,0,0,93.3,0.0162
L-202412-80349,Lost,Consulting Network,Leadership Summit,Corporate,In-person,Full Package,Finance,Finance,Website,Low,2024-09-16,2024-10-06,9,2024-12-14,2024-12-16,2,89,67,134,76,1,Half Ballroom,1,1,11,0.0,0.0,4,39.5,147.87,106.47,14266.98,5435.37,6510.83,26213.18,0,0.0,0.0,0.0,0.0,,0.0,Rates Too High / Client Declined,2024,12,4,68.1,31.9,1,99.42,101.37,200.79,122.07,101.37,2,14.9,57,67,0,0,2,2,2,24,1,0,1,Theater,0,0,0.41,1332.96,0,1050,3004.56,3,0,0,0,50.0,0.63,28.0,195.62,0.882,0.263,Low,0,5,Sat,1,0,1,0,1,26,19,236597.41,0.7308,0,1,220,0.305,Moderate,0,0,93.3,0.1236
L-202412-89958,Lost,Personal Event,Baby Shower Weekend,Wedding/Social,In-person,Full Package,Social,Social/Private,Direct Inquiry,Low,2024-04-24,2024-06-05,30,2024-12-19,2024-12-20,1,239,24,24,31,1,Breakout Room,1,1,12,1.0,50549.97,1,43.2,144.19,103.82,2491.68,3297.23,2249.9,8038.81,0,0.0,0.0,0.0,0.0,,0.0,Client Went Direct,2024,12,4,65.3,34.7,1,69.55,95.26,164.81,164.81,96.77,1,0.0,24,0,0,0,1,4,2,24,0,0,1,Reception,3,1,2.93,597.87,49,2648,7347.14,1,0,0,0,50.0,0.78,28.0,334.95,0.774,0.323,Low,0,3,Thu,0,0,0,0,1,44,33,173205.23,0.75,0,1,77,0.312,Moderate,0,0,100.0,0.0502
L-202412-97602,Lost,Manufacturing Alliance,Innovation Workshop,Corporate,In-person,Meeting Only,Professional Services,Professional Services,RFP,Medium,2024-10-14,2024-10-28,9,2024-12-23,2024-12-24,1,70,0,0,91,1,Half Ballroom,0,1,5,0.0,0.0,1,44.2,149.7,0.0,0.0,3511.74,4010.4,7522.14,0,0.0,0.0,0.0,0.0,,0.0,Space Not Adequate,2024,12,0,0.0,0.0,0,0.0,0.0,0.0,0.0,0.0,0,0.0,0,0,0,0,2,6,3,24,1,0,1,Theater,0,0,0.04,1328.8,0,5976,6489.23,4,0,0,0,0.0,0.76,100.0,,0.0,0.22,Low,0,0,Mon,0,0,1,1,1,35,24,358500.78,0.6857,0,1,179,0.0,Low,0,0,80.0,0.0714
L-202412-34135,Lost,Family Celebration,Memorial Service Gathering,Wedding/Social,In-person,Full Package,Social,Social/Private,Third-Party Planner,Low,2024-01-23,2024-02-13,14,2024-12-24,2024-12-25,1,336,39,39,48,1,Half Ballroom,1,1,7,0.0,0.0,3,52.8,148.95,122.26,4768.14,3194.83,3436.55,11399.52,0,0.0,0.0,0.0,0.0,,0.0,Budget Constraints,2024,12,2,61.8,38.2,0,108.99,146.45,255.44,0.0,255.44,1,0.0,39,0,0,0,1,5,3,24,1,0,1,Reception,1,0,1.28,1179.04,806,11580,14129.03,4,1,0,1,0.0,0.4,17.92,292.3,0.812,0.208,Low,0,1,Tue,0,0,1,0,1,50,42,252766.3,0.84,0,1,220,0.177,Low,0,0,93.3,0.0208
L-202412-12191,Lost,Veterans Group,Fraternity/Sorority Reunion,SMERF,In-person,Full Package,Association,Association,Cvent,High,2024-11-11,2024-12-13,21,2024-12-27,2024-12-28,1,46,14,14,18,1,Breakout Room,1,0,11,0.0,0.0,2,45.4,144.77,113.85,1593.9,987.68,466.98,3048.56,0,0.0,0.0,0.0,0.0,,0.0,Lost to Competition,2024,12,3,68.8,31.2,1,110.33,108.32,218.65,155.32,108.32,1,0.0,14,0,0,0,1,2,3,12,0,0,1,Banquet,2,0,2.26,527.14,402,1410,3169.61,3,0,0,0,50.0,0.45,21.36,217.75,0.778,0.556,Low,0,4,Fri,1,0,1,0,1,10,7,48630.79,0.7,0,1,84,0.167,Low,0,0,93.3,0.2391
L-202412-13332,Lost,Consulting Network,Strategic Planning Retreat,Corporate,In-person,Full Package,Professional Services,Professional Services,RFP,Low,2024-10-03,2024-10-19,7,2024-12-27,2024-12-28,1,85,39,39,53,1,Half Ballroom,1,0,9,0.0,0.0,4,43.7,152.55,109.84,4283.76,2506.3,2332.56,9122.62,0,0.0,0.0,0.0,0.0,,0.0,Dates Not Available,2024,12,4,57.9,42.1,1,93.67,96.4,190.07,172.27,96.4,1,0.0,39,0,0,0,1,3,3,36,1,0,1,Classroom,0,0,0.37,1329.02,0,1656,2100.73,3,0,0,0,0.0,0.44,28.0,233.91,0.736,0.189,Low,0,4,Fri,1,0,1,0,1,28,20,241495.93,0.7143,0,1,84,0.464,Moderate,0,0,93.3,0.1059
L-202412-29929,Lost,Professional Services Group,Innovation Workshop,Corporate,Hybrid,Full Package,Other,Other,Referral,Medium,2024-09-15,2024-10-03,8,2024-12-27,2024-12-28,1,103,51,51,70,1,Half Ballroom,1,0,10,0.0,0.0,1,43.6,144.17,111.64,5693.64,3261.9,3584.59,12540.13,0,0.0,0.0,0.0,0.0,,0.0,Client Went Direct,2024,12,4,59.9,40.1,1,100.27,106.43,206.7,206.7,106.43,1,0.0,51,0,0,0,2,6,3,24,1,0,1,Classroom,3,1,2.77,1463.46,889,2988,5204.09,2,0,0,0,0.0,0.58,22.56,245.88,0.729,0.286,Low,0,4,Fri,1,0,1,0,1,34,27,359895.15,0.7941,0,1,84,0.607,High,1,0,93.3,0.0971
L-202412-58952,Lost,Personal Event,Memorial Service Gathering,Wedding/Social,In-person,Full Package,Social,Social/Private,Sales Call,Low,2024-03-15,2024-05-02,34,2024-12-30,2025-01-01,2,290,33,66,41,1,Half Ballroom,1,1,14,1.0,72695.61,3,49.1,148.34,113.92,7518.72,6897.16,6770.91,21186.79,0,0.0,0.0,0.0,0.0,,0.0,Rates Too High / Client Declined,2024,12,3,59.3,40.7,1,88.23,113.22,201.45,177.57,201.45,2,30.3,23,33,0,0,1,4,3,24,1,0,1,Banquet,1,0,1.02,880.24,1058,3248,5248.84,2,0,0,0,0.0,0.34,23.2,321.01,0.805,0.244,Low,0,0,Mon,0,0,0,0,1,46,34,175647.83,0.7391,0,1,220,0.15,Low,0,0,100.0,0.0483
L-202412-16029,Lost,Energy Solutions,Board of Directors Meeting,Corporate,In-person,Full Package,Technology,Technology,Direct Inquiry,High,2024-08-28,2024-09-18,10,2024-12-31,2025-01-02,2,125,49,98,64,1,Half Ballroom,1,1,11,1.0,31491.99,3,41.6,146.42,105.42,10331.16,5007.75,7175.67,22514.58,0,0.0,0.0,0.0,0.0,,0.0,Budget Constraints,2024,12,4,72.1,27.9,1,63.05,93.39,156.44,156.44,93.39,2,22.4,38,49,0,0,2,3,2,8,1,0,1,Theater,0,0,0.36,1454.14,0,1146,1767.69,1,0,0,0,50.0,0.53,28.0,229.74,0.766,0.312,Low,0,1,Tue,0,0,0,0,1,36,24,291439.61,0.6667,0,1,220,0.223,Low,0,0,100.0,0.088
L-202412-28407,Lost,Professional Engineers Society,Certification Training,Association,Hybrid,Full Package,Association,Association,Sales Call,Low,2024-06-04,2024-07-03,21,2024-12-31,2025-01-03,3,210,95,285,108,1,Half Ballroom,1,0,8,0.0,0.0,3,42.4,143.43,103.27,29431.95,10604.57,19943.32,59979.84,0,0.0,0.0,0.0,0.0,,0.0,Canceled by Client,2024,12,3,52.5,47.5,0,96.33,106.67,203.0,0.0,106.67,2,2.8,89,95,94,0,2,2,1,8,1,0,1,Classroom,3,1,2.8,1505.28,422,0,1268.64,0,0,0,0,0.0,0.9,28.0,210.46,0.88,0.185,Low,0,1,Tue,0,0,1,0,1,40,31,680035.73,0.775,0,1,220,0.432,Moderate,0,0,93.3,0.0381
L-202501-74325,Lost,Family Celebration,Anniversary Celebration,Wedding/Social,In-person,Rooms Only,Travel,Travel/Hospitality,Repeat Client,Low,2024-05-21,2024-06-29,34,2025-01-08,2025-01-09,1,232,26,26,28,0,,0,0,5,1.0,7189.75,1,50.3,151.33,108.96,2832.96,0.0,0.0,2832.96,0,0.0,0.0,0.0,0.0,,0.0,Client Went Direct,2025,1,2,69.9,30.1,1,22.74,105.3,128.04,128.04,105.3,1,0.0,26,0,0,0,0,0,0,0,0,0,0,,0,0,0.0,0.0,0,0,0.0,0,0,0,0,0.0,0.0,28.0,108.96,0.929,0.0,Low,0,2,Wed,0,1,0,1,1,51,42,252766.3,0.8235,0,1,156,0.167,Low,0,0,100.0,0.0216
L-202501-42361,Lost,Banking Consortium,Leadership Summit,Corporate,In-person,Full Package,Healthcare,Healthcare,Direct Inquiry,Medium,2024-09-28,2024-10-17,11,2025-01-11,2025-01-12,1,105,50,50,63,1,Half Ballroom,1,0,8,0.0,0.0,1,50.0,153.45,121.74,6087.0,2695.67,3837.64,12620.31,0,0.0,0.0,0.0,0.0,,0.0,Chose Another Venue,2025,1,4,69.4,30.6,1,120.69,122.88,243.57,147.44,122.88,1,0.0,50,0,0,0,1,1,1,12,1,0,1,Classroom,2,0,2.08,1154.17,67,310,2245.48,2,0,0,0,100.0,0.53,20.66,252.41,0.794,0.159,Low,0,5,Sat,1,0,1,0,1,31,24,331115.82,0.7742,0,1,32,1.0,High,1,1,93.3,0.0762
L-202501-39041,Lost,Industry Trade Group,Continuing Education Conference,Association,In-person,Full Package,Healthcare,Healthcare,Third-Party Planner,Medium,2024-04-01,2024-04-29,19,2025-01-15,2025-01-17,2,289,118,236,132,1,Grand Ballroom,1,1,9,0.0,0.0,3,47.0,148.47,112.11,26457.96,6301.96,16503.48,49263.4,0,0.0,0.0,0.0,0.0,,0.0,Dates Not Available,2025,1,2,73.3,26.7,1,14.02,113.66,127.68,127.68,113.66,2,5.9,111,118,0,0,2,1,2,16,1,0,1,Theater,0,0,0.28,2400.64,0,1532,3862.54,4,1,0,0,100.0,0.55,24.49,208.74,0.894,0.152,Low,0,2,Wed,0,0,1,0,1,30,21,311661.54,0.7,0,1,119,0.992,High,1,0,93.3,0.0311
L-202501-38316,Lost,Travel Club International,Bird Watching Tour,SMERF,Virtual,Full Package,Education,Education,Referral,Low,2024-08-16,2024-09-07,15,2025-01-22,2025-01-23,1,159,48,48,55,1,Half Ballroom,1,0,7,1.0,43996.97,3,42.5,154.21,111.03,5329.44,718.38,1107.95,7155.77,0,0.0,0.0,0.0,0.0,,0.0,Lost to Competition,2025,1,2,71.9,28.1,1,18.7,119.05,137.75,137.75,119.05,1,0.0,48,0,0,0,1,5,2,24,1,0,1,Classroom,1,0,0.85,1397.14,274,0,1141.97,0,0,0,0,100.0,0.46,28.0,149.08,0.873,0.182,Low,0,2,Wed,0,0,0,0,1,11,11,58555.7,1.0,0,0,220,0.218,Low,0,0,100.0,0.044
L-202501-17224,Lost,Real Estate Board,Educational Seminar Series,Association,In-person,Full Package,Government,Government,Sales Call,High,2024-06-01,2024-07-05,25,2025-01-25,2025-01-26,1,238,57,57,76,1,Half Ballroom,1,1,9,0.0,0.0,3,51.4,147.71,110.3,6287.1,2723.11,4529.69,13539.9,0,0.0,0.0,0.0,0.0,,0.0,Dates Not Available,2025,1,4,70.5,29.5,1,107.88,99.57,207.45,168.56,101.95,1,0.0,57,0,0,0,2,3,2,24,1,0,1,Classroom,3,1,2.72,1390.28,744,3954,5996.27,2,0,0,0,100.0,0.63,25.33,237.54,0.75,0.263,Low,0,5,Sat,1,0,1,0,1,29,26,552535.6,0.8966,0,1,133,0.429,Moderate,0,0,93.3,0.0378
L-202501-57000,Lost,TechCorp Solutions,Town Hall Meeting,Corporate,Hybrid,Full Package,Healthcare,Healthcare,RFP,Low,2024-11-14,2024-12-05,11,2025-01-28,2025-01-30,2,75,37,74,44,1,Half Ballroom,1,1,10,1.0,48517.57,1,45.5,149.77,110.59,8183.66,5011.09,4180.88,17375.63,0,0.0,0.0,0.0,0.0,,0.0,Dates Not Available,2025,1,3,63.5,36.5,1,52.34,103.2,155.54,155.54,103.2,2,5.4,35,37,0,0,1,5,2,16,1,0,1,Classroom,0,0,0.03,1013.14,0,3085,3749.99,1,0,0,0,50.0,0.37,26.16,234.81,0.841,0.227,Low,0,1,Tue,0,0,0,0,1,28,20,168812.27,0.7143,0,1,118,0.314,Moderate,0,0,100.0,0.1333
L-202501-60966,Lost,Pharmaceutical Partners,Sales Kickoff,Corporate,In-person,Meeting Only,Trade/Manufacturing,Trade/Manufacturing,Sales Call,Low,2024-11-10,2024-11-25,8,2025-01-30,2025-01-31,1,81,0,0,145,1,Grand Ballroom,0,0,7,0.0,0.0,4,45.6,151.04,0.0,0.0,3945.07,8552.41,12497.48,0,0.0,0.0,0.0,0.0,,0.0,Chose Another Venue,2025,1,0,0.0,0.0,0,0.0,0.0,0.0,0.0,0.0,0,0.0,0,0,0,0,2,1,1,4,1,0,1,Classroom,2,0,2.2,2501.23,1145,587,3686.19,1,0,0,0,100.0,0.6,100.0,,0.0,0.138,Low,0,3,Thu,0,0,1,0,1,43,30,422760.72,0.6977,0,1,71,0.0,Low,0,0,80.0,0.0864
L-202501-11648,Lost,Education Foundation,Regional Chapter Meeting,Association,In-person,Full Package,Other,Other,Sales Call,Low,2024-07-06,2024-08-07,19,2025-01-31,2025-02-02,2,209,59,118,70,1,Half Ballroom,1,1,13,0.0,0.0,1,50.3,153.15,110.27,13011.86,5285.98,8445.88,26743.72,0,0.0,0.0,0.0,0.0,,0.0,Space Not Adequate,2025,1,3,54.7,45.3,0,100.42,110.24,210.66,0.0,110.81,2,10.2,53,59,0,0,1,4,3,24,1,0,1,Classroom,2,0,1.76,1248.39,1160,8380,10122.42,5,0,0,0,100.0,0.58,28.0,226.64,0.843,0.143,Low,0,4,Fri,1,0,1,0,1,44,33,696563.89,0.75,0,1,109,0.541,Moderate,0,0,93.3,0.0622
L-202502-24031,Lost,Service Club,Church Retreat Weekend,SMERF,Hybrid,Full Package,Education,Education,Cvent,Low,2024-10-27,2024-11-18,15,2025-02-01,2025-02-03,2,97,36,72,40,1,Breakout Room,1,0,7,0.0,0.0,1,51.5,157.6,113.47,8169.84,2849.41,2446.34,13465.59,0,0.0,0.0,0.0,0.0,,0.0,Lost to Competition,2025,2,3,51.2,48.8,1,79.04,119.2,198.24,198.24,119.2,2,33.3,24,36,0,0,1,1,1,4,0,0,1,Classroom,2,0,2.15,495.7,243,550,2898.04,1,0,0,0,0.0,1.0,28.0,187.02,0.9,0.25,Low,0,5,Sat,1,0,1,0,1,12,10,96674.75,0.8333,0,1,164,0.22,Low,0,0,93.3,0.0722
L-202502-54713,Lost,Global Industries,Quarterly Business Review,Corporate,In-person,Full Package,Legal,Legal,RFP,High,2024-12-09,2024-12-30,8,2025-02-01,2025-02-03,2,54,69,138,79,1,Half Ballroom,1,0,13,1.0,43363.79,3,55.1,150.92,121.45,16760.1,5955.95,7471.94,30187.99,0,0.0,0.0,0.0,0.0,,0.0,Budget Constraints,2025,2,2,63.0,37.0,1,32.01,116.8,148.81,148.81,116.8,2,10.1,62,69,0,0,2,5,3,36,1,0,1,Classroom,0,0,0.35,1387.79,0,7500,9169.4,3,0,0,0,50.0,0.66,19.53,218.75,0.873,0.253,Low,0,5,Sat,1,0,0,0,1,50,42,601387.65,0.84,0,1,164,0.421,Moderate,0,0,100.0,0.2407
L-202502-36151,Lost,Private Individual,Holiday Party,Wedding/Social,In-person,Full Package,Social,Social/Private,Referral,Low,2024-04-06,2024-05-10,26,2025-02-02,2025-02-03,1,302,32,32,36,1,Breakout Room,1,0,8,0.0,0.0,3,55.8,149.0,108.02,3456.64,2912.6,3170.03,9539.27,0,0.0,0.0,0.0,0.0,,0.0,Chose Another Venue,2025,2,3,52.0,48.0,1,30.36,116.85,147.21,147.21,116.85,1,0.0,32,0,0,0,1,1,1,8,0,0,1,Banquet,1,0,0.95,400.44,985,1314,4694.19,2,0,0,0,100.0,0.9,27.5,298.1,0.889,0.278,Low,0,6,Sun,1,0,1,0,1,48,41,202026.5,0.8542,0,1,164,0.195,Low,0,0,93.3,0.0265
L-202502-45426,Lost,Technology Innovators,Product Launch Event,Corporate,Hybrid,Meeting Only,Finance,Finance,Website,High,2024-12-14,2024-12-30,8,2025-02-02,2025-02-04,2,50,0,0,67,1,Half Ballroom,1,1,8,1.0,73095.61,1,58.4,154.54,0.0,0.0,5264.24,7323.17,12587.41,0,0.0,0.0,0.0,0.0,,0.0,Lost to Competition,2025,2,0,0.0,0.0,0,0.0,0.0,0.0,0.0,0.0,0,0.0,0,0,0,0,2,7,3,12,1,0,1,Theater,0,0,0.5,1561.08,0,10185,12505.22,5,1,0,1,100.0,0.56,100.0,,0.0,0.299,Low,0,6,Sun,1,0,0,0,1,39,30,383647.38,0.7692,0,1,164,0.0,Low,0,0,86.7,0.16
L-202502-19029,Lost,Senior Adventures,Photography Expedition,Corporate,Hybrid,Full Package,Trade/Manufacturing,Trade/Manufacturing,Sales Call,Medium,2024-12-03,2024-12-17,7,2025-02-03,2025-02-04,1,62,56,56,63,1,Half Ballroom,1,0,7,0.0,0.0,3,49.3,154.25,119.5,6692.0,1000.33,1320.25,9012.58,0,0.0,0.0,0.0,0.0,,0.0,Space Not Adequate,2025,2,3,65.9,34.1,0,28.34,94.46,122.8,0.0,94.46,1,0.0,56,0,0,0,1,2,1,8,1,0,1,Classroom,0,0,0.31,1353.01,0,2136,3778.44,2,0,0,0,100.0,0.53,22.53,160.94,0.889,0.159,Low,0,0,Mon,0,0,1,0,1,16,11,59957.02,0.6875,0,1,180,0.311,Moderate,0,0,93.3,0.1129
L-202502-27773,Lost,Local School District,Charity Fundraiser,SMERF,In-person,Full Package,Education,Education,Sales Call,Low,2024-10-06,2024-11-04,21,2025-02-04,2025-02-05,1,121,29,29,36,1,Breakout Room,1,1,8,0.0,0.0,3,56.4,149.22,107.44,3115.76,1508.5,832.0,5456.26,0,0.0,0.0,0.0,0.0,,0.0,Budget Constraints,2025,2,4,71.1,28.9,1,86.0,100.26,186.26,186.26,100.26,1,0.0,29,0,0,0,1,2,3,24,0,0,1,Theater,0,0,0.36,504.83,0,730,1751.27,1,0,0,0,100.0,0.9,28.0,188.15,0.806,0.278,Low,0,1,Tue,0,0,1,0,1,16,13,98208.56,0.8125,0,1,220,0.132,Low,0,0,93.3,0.0661
L-202502-76269,Lost,Nursing Council,Annual Member Conference,Association,In-person,Full Package,Other,Other,Sales Call,Low,2024-02-23,2024-03-27,21,2025-02-05,2025-02-08,3,348,32,96,37,1,Breakout Room,1,1,12,0.0,0.0,4,53.2,152.82,110.03,10562.88,5807.47,7394.89,23765.24,0,0.0,0.0,0.0,0.0,,0.0,Dates Not Available,2025,2,2,74.5,25.5,0,89.78,112.88,202.66,0.0,112.88,2,6.8,27,32,31,0,1,1,1,8,0,0,1,Classroom,0,0,0.15,545.27,0,1308,3786.86,3,0,0,0,100.0,0.93,28.0,247.55,0.865,0.27,Low,0,2,Wed,0,0,1,0,1,36,25,419468.77,0.6944,0,1,220,0.145,Low,0,0,93.3,0.0345
L-202502-91811,Lost,Personal Event,Family Reunion Weekend,Wedding/Social,In-person,Full Package,Social,Social/Private,Repeat Client,Medium,2024-02-06,2024-03-11,26,2025-02-05,2025-02-06,1,365,22,22,29,1,Breakout Room,1,0,8,1.0,67606.09,2,56.1,151.12,118.53,2607.66,2656.79,2236.24,7500.69,0,0.0,0.0,0.0,0.0,,0.0,Rates Too High / Client Declined,2025,2,4,58.2,41.8,1,99.53,113.63,213.16,187.26,129.01,1,0.0,22,0,0,0,1,1,2,16,0,0,1,Banquet,0,0,0.48,385.99,0,765,1773.8,5,0,0,0,0.0,0.72,21.57,340.94,0.759,0.345,Low,0,2,Wed,0,1,0,0,1,48,35,181850.38,0.7292,0,1,220,0.1,Low,0,0,100.0,0.0219
L-202502-65199,Lost,Education Foundation,Member Appreciation Event,Association,In-person,Full Package,Government,Government,Repeat Client,Low,2024-07-27,2024-09-01,28,2025-02-07,2025-02-10,3,195,119,357,147,1,Grand Ballroom,1,0,8,1.0,7263.24,1,59.2,156.1,129.12,46095.84,9072.19,21732.62,76900.65,0,0.0,0.0,0.0,0.0,,0.0,Budget Constraints,2025,2,4,62.5,37.5,1,106.03,124.75,230.78,161.94,124.92,2,4.0,108,119,110,0,2,4,2,24,1,0,1,Theater,3,1,2.85,2161.53,306,10016,11836.17,4,0,0,0,100.0,0.61,17.28,215.41,0.81,0.136,Low,0,4,Fri,1,1,0,0,1,45,33,696563.89,0.7333,0,1,185,0.643,High,1,0,100.0,0.041
L-202502-20888,Lost,Social Event,Martinez-Garcia Wedding,Wedding/Social,In-person,Full Package,Social,Social/Private,Third-Party Planner,Medium,2024-05-29,2024-07-09,34,2025-02-10,2025-02-11,1,257,25,25,32,1,Breakout Room,1,0,7,0.0,0.0,4,52.6,150.68,117.16,2929.0,3349.78,2137.82,8416.6,0,0.0,0.0,0.0,0.0,,0.0,Budget Constraints,2025,2,4,69.7,30.3,1,111.6,99.35,210.95,164.38,99.35,1,0.0,25,0,0,0,1,4,2,16,0,0,1,Reception,0,0,0.35,384.26,0,4900,7343.61,5,0,0,0,50.0,0.8,22.25,336.66,0.781,0.312,Low,0,0,Mon,0,0,1,0,1,51,36,186828.03,0.7059,0,1,145,0.172,Low,0,0,93.3,0.0272
L-202503-24664,Lost,Financial Services Group,Strategic Planning Retreat,Corporate,Hybrid,Full Package,Finance,Finance,Direct Inquiry,Medium,2024-10-18,2024-11-12,12,2025-03-03,2025-03-05,2,136,22,44,27,1,Breakout Room,1,0,13,0.0,0.0,2,61.4,159.79,136.38,6000.72,4962.8,3244.34,14207.86,0,0.0,0.0,0.0,0.0,,0.0,Chose Another Venue,2025,3,4,62.7,37.3,0,126.2,122.9,249.1,0.0,123.78,2,50.0,11,22,0,0,1,5,2,16,0,0,1,Banquet,3,1,2.83,498.18,479,11850,13465.88,5,1,0,1,100.0,0.68,14.65,322.91,0.815,0.37,Shoulder,0,0,Mon,0,0,1,0,1,32,24,272877.94,0.75,0,1,220,0.1,Low,0,0,93.3,0.0956
L-202503-61463,Lost,Service Club,Sports Team Tournament,SMERF,In-person,Full Package,SMERF,SMERF,Direct Inquiry,Medium,2024-12-15,2025-01-06,14,2025-03-11,2025-03-13,2,86,33,66,42,1,Half Ballroom,1,1,8,1.0,20690.39,4,57.5,155.38,127.22,8396.52,2796.15,1924.7,13117.37,0,0.0,0.0,0.0,0.0,,0.0,Budget Constraints,2025,3,4,66.5,33.5,1,68.69,110.9,179.59,179.59,110.9,2,21.2,26,33,0,0,1,2,1,8,1,0,1,Banquet,2,0,1.59,841.05,987,0,1802.72,0,0,0,0,100.0,0.35,18.12,198.75,0.786,0.238,Low,0,1,Tue,0,0,0,0,1,14,11,103627.72,0.7857,0,1,160,0.206,Low,0,0,100.0,0.093
L-202503-17917,Lost,Global Industries,Annual Sales Conference,Corporate,In-person,Meeting Only,Government,Government,RFP,Medium,2025-01-06,2025-01-25,13,2025-03-12,2025-03-13,1,65,0,0,35,1,Breakout Room,0,0,6,1.0,78551.7,1,63.7,162.31,0.0,0.0,2808.43,2013.93,4822.36,0,0.0,0.0,0.0,0.0,,0.0,Budget Constraints,2025,3,0,0.0,0.0,0,0.0,0.0,0.0,0.0,0.0,0,0.0,0,0,0,0,1,2,2,8,0,0,1,Theater,2,0,2.49,395.05,492,3894,5366.68,3,0,0,0,100.0,0.88,100.0,,0.0,0.286,Shoulder,0,2,Wed,0,0,0,0,1,51,42,601387.65,0.8235,0,1,160,0.0,Low,0,0,86.7,0.0923
L-202503-18769,Lost,Real Estate Board,Professional Development Symposium,Association,In-person,Full Package,Education,Education,Direct Inquiry,Medium,2024-04-09,2024-05-02,15,2025-03-12,2025-03-16,4,337,19,76,24,1,Breakout Room,1,0,8,1.0,38947.99,1,60.5,161.92,132.77,10090.52,5788.64,5330.83,21209.99,0,0.0,0.0,0.0,0.0,,0.0,Space Not Adequate,2025,3,2,66.4,33.6,1,103.28,114.91,218.19,218.19,114.91,2,20.8,13,19,8,15,1,1,2,24,0,0,1,Classroom,2,0,2.16,450.09,271,0,1140.77,0,0,0,0,100.0,0.6,18.0,279.08,0.792,0.417,Shoulder,0,2,Wed,0,0,0,0,1,31,27,566571.55,0.871,0,1,160,0.119,Low,0,0,100.0,0.0237
L-202503-21330,Lost,Personal Event,Holiday Party,Wedding/Social,In-person,Full Package,Other,Other,Website,Low,2024-04-22,2024-06-01,28,2025-03-12,2025-03-13,1,324,25,25,34,1,Breakout Room,1,1,12,1.0,34966.58,1,61.2,163.37,128.43,3210.75,2737.49,2575.18,8523.42,0,0.0,0.0,0.0,0.0,,0.0,Lost to Competition,2025,3,4,59.1,40.9,1,113.89,123.93,237.82,190.18,123.93,1,0.0,25,0,0,0,1,1,2,8,0,0,1,Banquet,0,0,0.24,398.87,0,2435,4621.13,5,1,0,1,100.0,0.85,21.39,340.94,0.735,0.294,Shoulder,0,2,Wed,0,0,0,0,1,49,35,181850.38,0.7143,0,1,160,0.156,Low,0,0,100.0,0.037
L-202503-74032,Lost,Private Individual,Holiday Party,Wedding/Social,In-person,Full Package,Social,Social/Private,Referral,High,2024-09-22,2024-11-03,30,2025-03-18,2025-03-19,1,177,35,35,46,1,Half Ballroom,1,0,12,0.0,0.0,4,69.4,161.19,150.36,5262.6,3334.07,3792.68,12389.35,0,0.0,0.0,0.0,0.0,,0.0,Rates Too High / Client Declined,2025,3,3,67.7,32.3,1,114.36,131.97,246.33,213.81,131.97,1,0.0,35,0,0,0,1,5,2,24,1,0,1,Reception,2,0,1.73,949.11,725,7335,8496.91,3,0,0,0,100.0,0.38,6.72,353.98,0.761,0.217,Shoulder,0,1,Tue,0,0,1,0,1,49,41,202026.5,0.8367,0,1,183,0.191,Low,0,0,93.3,0.0678
L-202503-38441,Lost,Regional Healthcare System,Innovation Workshop,Corporate,Hybrid,Full Package,Legal,Legal,Third-Party Planner,Medium,2024-12-17,2025-01-07,11,2025-03-19,2025-03-20,1,92,53,53,58,1,Half Ballroom,1,0,10,0.0,0.0,2,68.1,154.92,124.35,6590.55,3322.93,2516.13,12429.61,0,0.0,0.0,0.0,0.0,,0.0,Budget Constraints,2025,3,4,70.7,29.3,1,117.07,121.8,238.87,221.48,121.8,1,0.0,53,0,0,0,1,1,1,4,1,0,1,Banquet,0,0,0.26,1277.31,0,2205,4130.06,5,0,1,0,100.0,0.48,19.73,234.52,0.914,0.172,Shoulder,0,2,Wed,0,0,1,0,1,37,35,420582.56,0.9459,0,1,123,0.431,Moderate,0,0,93.3,0.1087
L-202503-36222,Lost,Real Estate Board,Certification Training,Association,In-person,Full Package,Association,Association,Referral,High,2024-09-13,2024-10-09,15,2025-03-20,2025-03-22,2,188,97,194,134,1,Grand Ballroom,1,0,11,0.0,0.0,1,66.6,155.84,141.84,27516.96,6818.15,13161.64,47496.75,0,0.0,0.0,0.0,0.0,,0.0,Chose Another Venue,2025,3,2,53.1,46.9,0,21.15,128.72,149.87,0.0,128.72,2,4.1,93,97,0,0,2,1,2,16,1,0,1,Classroom,2,0,1.79,2641.05,538,0,1068.16,0,0,0,0,100.0,0.56,8.98,244.83,0.724,0.149,Shoulder,0,3,Thu,0,0,1,0,1,32,27,566571.55,0.8438,0,1,115,0.843,High,1,0,93.3,0.0585
L-202503-72414,Lost,Industry Trade Group,Certification Training,Association,In-person,Full Package,Healthcare,Healthcare,Website,High,2024-10-09,2024-11-03,18,2025-03-21,2025-03-22,1,163,104,104,131,1,Grand Ballroom,1,0,7,1.0,23715.79,1,70.3,163.11,139.56,14514.24,3610.88,8293.93,26419.05,0,0.0,0.0,0.0,0.0,,0.0,Lost to Competition,2025,3,2,56.1,43.9,0,12.05,113.86,125.91,0.0,113.86,1,0.0,104,0,0,0,1,2,1,8,1,0,1,Classroom,2,0,2.46,1888.08,264,1268,2151.09,1,0,0,0,50.0,0.55,14.44,254.03,0.794,0.076,Shoulder,0,4,Fri,1,0,0,0,1,33,23,384614.88,0.697,0,1,115,0.904,High,1,0,100.0,0.0429
L-202503-19974,Lost,Financial Services Group,Innovation Workshop,Corporate,In-person,Full Package,Other,Other,Website,High,2024-12-28,2025-01-17,12,2025-03-24,2025-03-27,3,86,46,138,56,1,Half Ballroom,1,1,8,0.0,0.0,3,69.1,151.97,136.92,18894.96,7961.5,9768.55,36625.01,0,0.0,0.0,0.0,0.0,,0.0,Rates Too High / Client Declined,2025,3,4,67.8,32.2,1,93.87,121.71,215.58,215.58,136.74,2,11.8,35,46,34,0,1,1,3,24,1,0,1,Theater,1,0,1.06,1141.66,548,627,2376.38,1,0,0,0,100.0,0.47,9.9,265.4,0.821,0.179,Shoulder,0,0,Mon,0,0,1,0,1,36,27,307634.73,0.75,0,1,0,,Unknown,0,1,93.3,0.093
L-202503-38242,Lost,Consulting Network,Sales Kickoff,Corporate,Hybrid,Rooms Only,Healthcare,Healthcare,Repeat Client,Low,2025-01-12,2025-01-24,9,2025-03-24,2025-03-25,1,71,41,41,45,0,,0,1,3,0.0,0.0,4,61.6,158.42,136.0,5576.0,0.0,0.0,5576.0,0,0.0,0.0,0.0,0.0,,0.0,Client Went Direct,2025,3,2,52.8,47.2,0,18.41,132.32,150.73,0.0,132.32,1,0.0,41,0,0,0,0,0,0,0,0,0,0,,0,0,0.0,0.0,0,0,0.0,0,0,0,0,0.0,0.0,14.15,136.0,0.911,0.0,Shoulder,0,0,Mon,0,1,1,1,1,36,27,296396.63,0.75,0,1,40,1.0,High,1,1,93.3,0.0423
L-202503-69267,Lost,Nursing Council,Certification Training,Association,In-person,Full Package,Healthcare,Healthcare,Referral,Low,2024-07-13,2024-08-09,19,2025-03-28,2025-03-31,3,258,22,66,25,1,Breakout Room,1,0,8,0.0,0.0,3,61.3,159.96,123.41,8145.06,6070.81,4260.2,18476.07,0,0.0,0.0,0.0,0.0,,0.0,Client Went Direct,2025,3,3,72.2,27.8,1,104.59,114.4,218.99,188.46,114.4,2,5.7,19,22,21,0,1,1,2,16,0,0,1,Theater,0,0,0.05,578.75,0,542,1408.89,2,0,0,0,0.0,0.62,22.85,279.94,0.88,0.4,Shoulder,0,4,Fri,1,0,1,0,1,38,26,456085.78,0.6842,0,1,0,,Unknown,0,1,93.3,0.031
L-202504-67544,Lost,Financial Services Group,Regional Team Meeting,Corporate,In-person,Full Package,Government,Government,Sales Call,Medium,2025-01-27,2025-02-24,14,2025-04-01,2025-04-04,3,64,54,162,67,1,Half Ballroom,1,0,14,0.0,0.0,1,74.0,175.3,178.89,28980.18,9781.2,10383.57,49144.95,0,0.0,0.0,0.0,0.0,,0.0,Budget Constraints,2025,4,4,72.0,28.0,1,61.38,151.92,213.3,213.3,151.92,2,7.8,51,54,44,0,2,7,3,12,1,0,1,Theater,1,0,0.99,1602.9,1165,3990,7279.68,3,0,0,0,100.0,0.56,-2.05,303.36,0.806,0.299,Shoulder,0,1,Tue,0,0,1,0,0,37,27,307634.73,0.7297,0,1,0,,Unknown,0,1,93.3,0.2188
L-202504-48455,Lost,Private Individual,Quinceañera Celebration,Wedding/Social,In-person,Rooms Only,Other,Other,Sales Call,Medium,2024-05-30,2024-06-25,22,2025-04-06,2025-04-07,1,311,14,14,15,0,,1,1,4,0.0,0.0,3,75.5,164.6,156.98,2197.72,0.0,0.0,2197.72,0,0.0,0.0,0.0,0.0,,0.0,Rates Too High / Client Declined,2025,4,4,70.0,30.0,1,118.77,135.8,254.57,219.62,135.8,1,0.0,14,0,0,0,0,0,0,0,0,0,0,,0,0,0.0,0.0,0,0,0.0,0,0,0,0,0.0,0.0,4.63,156.98,0.933,0.0,Shoulder,0,6,Sun,1,0,1,1,1,50,41,202026.5,0.82,0,1,196,0.071,Low,0,0,93.3,0.0129
L-202504-52661,Lost,Personal Event,Williams-Brown Wedding,Wedding/Social,In-person,Full Package,Travel,Travel/Hospitality,Referral,Low,2024-09-17,2024-10-31,33,2025-04-08,2025-04-09,1,203,14,14,18,1,Breakout Room,1,0,11,1.0,54083.58,1,78.8,167.13,160.24,2243.36,1717.04,1403.66,5364.06,0,0.0,0.0,0.0,0.0,,0.0,Rates Too High / Client Declined,2025,4,2,53.3,46.7,0,0.18,157.78,157.96,0.0,157.78,1,0.0,14,0,0,0,1,1,1,12,0,0,1,Banquet,1,0,1.03,592.62,1281,2480,5785.03,4,1,0,1,0.0,0.45,4.12,383.15,0.778,0.556,Peak,0,1,Tue,0,0,0,0,1,53,38,194293.91,0.717,0,1,18,0.778,High,1,0,100.0,0.0542
L-202504-27964,Lost,Retail Corporation,Sales Kickoff,Corporate,In-person,Full Package,Government,Government,Website,Low,2024-12-25,2025-01-13,10,2025-04-10,2025-04-11,1,106,65,65,89,1,Half Ballroom,1,1,9,0.0,0.0,3,81.1,166.64,167.35,10877.75,3237.28,3807.22,17922.25,0,0.0,0.0,0.0,0.0,,0.0,Budget Constraints,2025,4,3,52.9,47.1,0,11.79,135.22,147.01,0.0,135.22,1,0.0,65,0,0,0,2,3,2,16,1,0,1,Classroom,1,0,1.21,1275.19,993,9348,12378.3,4,0,1,1,0.0,0.74,-0.43,275.73,0.73,0.225,Peak,0,3,Thu,0,0,1,0,0,36,28,371359.08,0.7778,0,1,131,0.496,Moderate,0,0,93.3,0.0849
L-202504-52488,Lost,Dental Association,Board Retreat,Association,In-person,Full Package,Healthcare,Healthcare,Referral,Medium,2024-07-12,2024-08-12,17,2025-04-11,2025-04-14,3,273,6,18,7,1,Boardroom,1,1,14,0.0,0.0,4,79.2,165.15,156.73,2821.14,3699.69,1393.42,7914.25,0,0.0,0.0,0.0,0.0,,0.0,Lost to Competition,2025,4,3,64.2,35.8,1,68.08,135.49,203.57,203.57,135.49,2,13.6,4,6,5,0,1,2,2,24,0,1,1,Boardroom,3,1,2.51,269.51,1392,0,2629.29,0,0,0,0,50.0,0.5,5.1,439.68,0.857,1.429,Peak,0,4,Fri,1,0,1,0,1,33,26,503910.77,0.7879,0,1,129,0.047,Low,0,0,93.3,0.0513
L-202504-42160,Lost,Private Party,Anniversary Celebration,Wedding/Social,In-person,Full Package,Social,Social/Private,Repeat Client,Low,2024-07-02,2024-08-06,21,2025-04-14,2025-04-15,1,286,38,38,52,1,Half Ballroom,1,0,14,1.0,43944.0,1,75.9,162.34,144.63,5495.94,2940.26,4008.44,12444.64,0,0.0,0.0,0.0,0.0,,0.0,Chose Another Venue,2025,4,4,51.9,48.1,0,121.95,111.19,233.14,0.0,111.19,1,0.0,38,0,0,0,1,4,2,16,1,0,1,Banquet,2,0,2.39,950.14,452,5856,7341.6,2,0,0,0,0.0,0.43,10.91,327.49,0.731,0.192,Shoulder,0,0,Mon,0,1,0,0,1,52,41,242012.1,0.7885,0,1,147,0.259,Moderate,0,0,100.0,0.049
L-202504-82174,Lost,Senior Adventures,Regional History Tour,SMERF,In-person,Rooms Only,Association,Association,RFP,Low,2025-01-05,2025-01-20,10,2025-04-15,2025-04-16,1,100,50,50,55,0,,1,1,5,1.0,62020.66,3,70.7,169.27,150.15,7507.5,0.0,0.0,7507.5,0,0.0,0.0,0.0,0.0,,0.0,Space Not Adequate,2025,4,3,64.0,36.0,1,137.89,135.24,273.13,217.21,135.24,1,0.0,50,0,0,0,0,0,0,0,0,0,0,,0,0,0.0,0.0,0,0,0.0,0,0,0,0,0.0,0.0,11.3,150.15,0.909,0.0,Shoulder,0,1,Tue,0,0,0,1,1,18,12,61815.97,0.6667,0,1,124,0.403,Moderate,0,0,100.0,0.05
L-202504-31875,Lost,Private Party,Memorial Service Gathering,Wedding/Social,In-person,Full Package,Travel,Travel/Hospitality,Sales Call,Low,2024-07-29,2024-09-13,35,2025-04-17,2025-04-18,1,262,44,44,59,1,Half Ballroom,1,0,11,0.0,0.0,3,69.9,171.84,156.21,6873.24,3054.0,4337.19,14264.43,0,0.0,0.0,0.0,0.0,,0.0,Canceled by Client,2025,4,4,73.1,26.9,1,141.07,123.59,264.66,172.49,123.59,1,0.0,44,0,0,0,1,1,1,8,1,0,1,Banquet,0,0,0.5,1393.31,0,1635,2580.82,3,0,0,0,100.0,0.49,9.1,324.19,0.746,0.169,Shoulder,0,3,Thu,0,0,1,0,1,53,41,242012.1,0.7736,0,1,155,0.284,Moderate,0,0,93.3,0.042
L-202504-88023,Lost,State Medical Association,Educational Seminar Series,Association,In-person,Full Package,Association,Association,Sales Call,Low,2024-06-26,2024-07-26,20,2025-04-21,2025-04-23,2,299,64,128,79,1,Half Ballroom,1,0,10,0.0,0.0,4,78.8,165.0,159.82,20456.96,5430.35,8374.94,34262.25,0,0.0,0.0,0.0,0.0,,0.0,Client Went Direct,2025,4,3,67.4,32.6,1,128.51,135.31,263.82,250.96,135.31,2,7.8,59,64,0,0,2,5,2,16,1,0,1,Classroom,2,0,1.54,1599.12,236,6435,8239.88,3,0,0,0,100.0,0.66,3.14,267.67,0.81,0.253,Peak,0,0,Mon,0,0,1,0,1,43,39,873901.02,0.907,0,1,115,0.557,Moderate,0,0,93.3,0.0334
L-202504-93275,Lost,Volunteer Network,Community Theater Production,SMERF,In-person,Full Package,Association,Association,Third-Party Planner,Low,2025-01-11,2025-02-02,13,2025-04-21,2025-04-22,1,100,17,17,19,1,Breakout Room,1,1,9,1.0,10545.57,4,72.4,164.71,159.08,2704.36,1005.28,543.96,4253.6,0,0.0,0.0,0.0,0.0,,0.0,Space Not Adequate,2025,4,4,51.6,48.4,1,165.56,139.91,305.47,187.15,139.91,1,0.0,17,0,0,0,1,1,2,24,0,0,1,Classroom,2,0,1.64,396.67,1285,2065,7529.77,5,0,0,0,0.0,0.47,3.42,250.21,0.895,0.526,Shoulder,0,0,Mon,0,0,0,0,1,24,18,121552.34,0.75,0,1,220,0.077,Low,0,0,100.0,0.09
L-202504-22108,Lost,Financial Services Group,Annual Sales Conference,Corporate,In-person,Full Package,Professional Services,Professional Services,Referral,Medium,2025-02-02,2025-02-22,13,2025-04-23,2025-04-25,2,80,54,108,60,1,Half Ballroom,1,1,7,1.0,34291.77,4,79.3,161.62,164.19,17732.52,5175.61,7116.02,30024.15,0,0.0,0.0,0.0,0.0,,0.0,Chose Another Venue,2025,4,3,64.2,35.8,1,118.04,143.09,261.13,178.71,143.09,2,9.3,49,54,0,0,1,6,3,12,1,0,1,Classroom,2,0,1.85,991.03,1480,7368,11327.05,2,0,0,0,100.0,0.5,-1.59,278.0,0.9,0.167,Peak,0,2,Wed,0,0,0,0,0,39,28,322486.88,0.7179,0,1,220,0.245,Low,0,0,100.0,0.0875
L-202504-56876,Lost,Professional Engineers Society,Regional Chapter Meeting,Association,In-person,Full Package,Healthcare,Healthcare,Sales Call,High,2024-09-21,2024-10-21,20,2025-04-29,2025-05-01,2,220,84,168,102,1,Half Ballroom,1,0,10,0.0,0.0,2,73.7,167.08,142.18,23886.24,6545.47,12550.39,42982.1,0,0.0,0.0,0.0,0.0,,0.0,Dates Not Available,2025,4,4,52.8,47.2,1,20.77,127.14,147.91,147.91,127.14,2,0.0,84,84,0,0,1,4,2,24,1,0,1,Theater,2,0,2.35,1063.76,283,672,2749.78,1,0,0,0,100.0,0.85,14.9,255.85,0.824,0.098,Shoulder,0,1,Tue,0,0,1,0,1,47,37,801069.26,0.7872,0,1,220,0.382,Moderate,0,0,93.3,0.0455
L-202505-17197,Lost,Private Party,Bar/Bat Mitzvah,Wedding/Social,In-person,Rooms Only,Other,Other,RFP,Low,2024-08-14,2024-09-16,29,2025-05-02,2025-05-03,1,261,17,17,18,0,,1,0,4,1.0,52187.91,3,76.7,161.18,154.13,2620.21,0.0,0.0,2620.21,0,0.0,0.0,0.0,0.0,,0.0,Canceled by Client,2025,5,2,61.1,38.9,0,119.9,162.03,281.93,0.0,281.93,1,0.0,17,0,0,0,0,0,0,0,0,0,0,,0,0,0.0,0.0,0,0,0.0,0,0,0,0,0.0,0.0,4.37,154.13,0.944,0.0,Shoulder,0,4,Fri,1,0,0,1,1,54,41,242012.1,0.7593,0,1,0,,Unknown,0,1,100.0,0.0153
L-202505-41460,Lost,Senior Adventures,Museum Tour Package,SMERF,In-person,Rooms Only,Education,Education,Sales Call,Medium,2025-02-03,2025-02-23,13,2025-05-02,2025-05-03,1,88,32,32,35,0,,1,1,7,0.0,0.0,3,73.5,171.15,159.58,5106.56,0.0,0.0,5106.56,0,0.0,0.0,0.0,0.0,,0.0,Budget Constraints,2025,5,3,51.2,48.8,1,86.96,130.82,217.78,217.78,130.82,1,0.0,32,0,0,0,0,0,0,0,0,0,0,,0,0,0.0,0.0,0,0,0.0,0,0,0,0,0.0,0.0,6.76,159.58,0.914,0.0,Shoulder,0,4,Fri,1,0,1,0,1,19,12,61815.97,0.6316,0,1,0,,Unknown,0,1,93.3,0.0795
L-202505-25917,Lost,Professional Services Group,Customer Advisory Board,Corporate,In-person,Full Package,Legal,Legal,RFP,High,2025-01-29,2025-02-18,11,2025-05-03,2025-05-04,1,94,21,21,29,1,Breakout Room,1,0,9,1.0,60728.07,4,78.9,165.41,164.5,3454.5,2436.94,1363.87,7255.31,0,0.0,0.0,0.0,0.0,,0.0,Chose Another Venue,2025,5,4,66.2,33.8,0,141.75,130.99,272.74,0.0,130.99,1,0.0,21,0,0,0,1,8,3,24,0,0,1,Classroom,3,1,2.61,451.86,617,10248,11641.95,3,0,0,0,100.0,0.72,0.55,345.49,0.724,0.345,Peak,0,5,Sat,1,0,0,0,0,41,33,429250.87,0.8049,0,1,37,0.568,Moderate,0,0,100.0,0.0957
L-202505-15573,Lost,Personal Event,Martinez-Garcia Wedding,Wedding/Social,In-person,Rooms Only,Social,Social/Private,Third-Party Planner,Low,2024-05-04,2024-06-03,26,2025-05-04,2025-05-06,2,365,24,48,26,0,,0,0,4,1.0,25633.78,4,80.3,170.09,160.3,7694.4,0.0,0.0,7694.4,0,0.0,0.0,0.0,0.0,,0.0,Lost to Competition,2025,5,3,60.8,39.2,1,136.36,128.56,264.92,220.77,220.77,2,50.0,12,24,0,0,0,0,0,0,0,0,0,,0,0,0.0,0.0,0,0,0.0,0,0,0,0,0.0,0.0,5.76,160.3,0.923,0.0,Peak,0,6,Sun,1,0,0,1,1,54,38,194293.91,0.7037,0,1,154,0.156,Low,0,0,100.0,0.011
L-202505-57373,Lost,Social Event,Graduation Celebration,Wedding/Social,In-person,Full Package,Social,Social/Private,Cvent,Medium,2024-12-08,2025-01-28,37,2025-05-07,2025-05-09,2,150,31,62,41,1,Half Ballroom,1,0,14,0.0,0.0,1,80.2,167.09,161.88,10036.56,5817.55,5214.29,21068.4,0,0.0,0.0,0.0,0.0,,0.0,Space Not Adequate,2025,5,2,62.2,37.8,1,40.38,138.57,178.95,178.95,138.57,2,38.7,19,31,0,0,1,6,3,36,1,0,1,Banquet,0,0,0.25,941.56,0,1272,2899.93,1,0,0,0,0.0,0.34,3.12,339.81,0.756,0.244,Peak,0,2,Wed,0,0,1,0,1,54,38,197352.77,0.7037,0,1,101,0.307,Moderate,0,0,93.3,0.0933
L-202505-19463,Lost,Premier Tours,Culinary Tour Group,SMERF,In-person,Rooms Only,SMERF,SMERF,Referral,Low,2025-03-11,2025-03-27,13,2025-05-08,2025-05-09,1,58,13,13,14,0,,1,1,3,1.0,54738.69,1,79.9,180.33,172.25,2239.25,0.0,0.0,2239.25,0,0.0,0.0,0.0,0.0,,0.0,Canceled by Client,2025,5,2,64.3,35.7,1,46.32,232.46,278.78,232.46,278.78,1,0.0,13,0,0,0,0,0,0,0,0,0,0,,0,0,0.0,0.0,0,0,0.0,0,0,0,0,0.0,0.0,4.48,172.25,0.929,0.0,Peak,0,3,Thu,0,0,0,1,1,16,12,70545.68,0.75,0,1,101,0.129,Low,0,0,100.0,0.0517
L-202505-51721,Lost,Professional Engineers Society,Certification Training,Association,In-person,Full Package,Education,Education,RFP,High,2024-10-10,2024-11-14,27,2025-05-09,2025-05-11,2,211,106,212,122,1,Grand Ballroom,1,0,8,1.0,43195.41,1,92.3,187.11,196.9,41742.8,5715.61,13343.89,60802.3,0,0.0,0.0,0.0,0.0,,0.0,Dates Not Available,2025,5,4,71.8,28.2,1,55.4,169.57,224.97,224.97,172.7,2,0.0,106,106,0,0,1,1,1,12,1,0,1,Classroom,2,0,2.03,2389.79,591,753,3685.94,1,0,0,0,0.0,0.51,-5.23,286.8,0.869,0.082,Peak,1,4,Fri,1,0,0,0,0,48,37,801069.26,0.7708,0,1,220,0.482,Moderate,0,0,100.0,0.0379
L-202505-58072,Lost,Premier Tours,International Tour Package,Corporate,In-person,Rooms Only,Trade/Manufacturing,Trade/Manufacturing,Third-Party Planner,Medium,2025-02-15,2025-03-05,13,2025-05-10,2025-05-11,1,84,48,48,52,0,,0,1,5,1.0,15357.11,1,86.5,191.68,197.59,9484.32,0.0,0.0,9484.32,0,0.0,0.0,0.0,0.0,,0.0,Chose Another Venue,2025,5,2,58.1,41.9,0,29.32,156.56,185.88,0.0,156.56,1,0.0,48,0,0,0,0,0,0,0,0,0,0,,0,0,0.0,0.0,0,0,0.0,0,0,0,0,0.0,0.0,-3.08,197.59,0.923,0.0,Peak,1,5,Sat,1,0,0,1,0,17,12,70545.68,0.7059,0,1,220,0.218,Low,0,0,100.0,0.0595
L-202505-65072,Lost,Youth Organization,Church Retreat Weekend,SMERF,In-person,Full Package,Other,Other,Third-Party Planner,Low,2025-01-03,2025-02-01,20,2025-05-10,2025-05-11,1,127,57,57,73,1,Half Ballroom,1,0,9,1.0,59766.78,2,91.7,199.16,210.52,11999.64,1552.7,2048.45,15600.79,0,0.0,0.0,0.0,0.0,,0.0,Space Not Adequate,2025,5,4,65.5,34.5,1,103.96,137.24,241.2,241.2,137.24,1,0.0,57,0,0,0,2,1,1,8,1,0,1,Classroom,0,0,0.05,1301.68,0,583,4136.7,1,0,0,0,100.0,0.61,-5.7,273.7,0.781,0.274,Peak,1,5,Sat,1,0,0,0,0,14,11,59512.42,0.7857,0,1,220,0.259,Moderate,0,0,100.0,0.0709
L-202505-25496,Lost,Real Estate Board,Member Appreciation Event,Association,Hybrid,Full Package,Government,Government,Sales Call,High,2024-11-10,2024-12-14,24,2025-05-11,2025-05-14,3,182,68,204,79,1,Half Ballroom,1,1,10,0.0,0.0,3,87.7,186.75,197.96,40383.84,6994.75,14199.22,61577.81,0,0.0,0.0,0.0,0.0,,0.0,Budget Constraints,2025,5,4,53.4,46.6,1,52.29,142.33,194.62,194.62,171.5,2,6.2,59,68,59,0,2,5,2,16,1,0,1,Classroom,0,0,0.03,1334.48,0,6050,7402.6,2,0,0,0,100.0,0.66,-6.0,301.85,0.861,0.253,Peak,1,6,Sun,1,0,1,0,0,35,29,592471.67,0.8286,0,1,118,0.576,Moderate,0,0,93.3,0.0549
L-202505-22923,Lost,Veterans Group,School District Meeting,SMERF,Virtual,Full Package,Other,Other,Repeat Client,Low,2025-03-31,2025-04-26,18,2025-05-15,2025-05-16,1,45,33,33,41,1,Half Ballroom,1,0,8,0.0,0.0,1,81.8,171.77,175.63,5795.79,1468.24,1081.0,8345.03,0,0.0,0.0,0.0,0.0,,0.0,Client Went Direct,2025,5,2,59.3,40.7,0,12.9,125.5,138.4,0.0,125.5,1,0.0,33,0,0,0,1,2,1,8,1,0,1,Theater,2,0,2.33,1128.49,26,0,1009.14,0,0,0,0,100.0,0.34,-2.25,252.88,0.805,0.244,Peak,0,3,Thu,0,1,1,0,0,12,8,59564.67,0.6667,0,1,220,0.15,Low,0,0,93.3,0.1778
L-202505-87460,Lost,Nursing Council,Industry Forum,Association,In-person,Full Package,Healthcare,Healthcare,Direct Inquiry,Low,2024-08-07,2024-08-30,15,2025-05-15,2025-05-18,3,281,61,183,72,1,Half Ballroom,1,0,8,0.0,0.0,4,82.2,170.27,168.1,30762.3,6994.65,14390.72,52147.67,0,0.0,0.0,0.0,0.0,,0.0,Budget Constraints,2025,5,3,74.3,25.7,1,111.32,122.92,234.24,234.24,122.92,2,3.4,58,61,56,0,2,1,1,8,1,0,1,Classroom,0,0,0.45,1625.17,0,322,2562.27,1,0,0,0,0.0,0.6,1.27,284.96,0.847,0.278,Peak,0,3,Thu,0,0,1,0,0,39,26,456085.78,0.6667,0,1,18,1.0,High,1,1,93.3,0.0285
L-202505-26153,Lost,Education Foundation,Committee Meeting,Association,Hybrid,Full Package,Healthcare,Healthcare,Referral,High,2024-09-12,2024-10-14,21,2025-05-24,2025-05-26,2,254,58,116,69,1,Half Ballroom,1,1,11,0.0,0.0,1,82.2,176.24,171.52,19896.32,5941.2,8431.84,34269.36,0,0.0,0.0,0.0,0.0,,0.0,Client Went Direct,2025,5,3,61.9,38.1,1,121.46,155.85,277.31,184.27,155.85,2,15.5,49,58,0,0,2,1,1,8,1,0,1,Classroom,1,0,0.78,1630.36,685,3390,7876.96,5,0,0,0,100.0,0.57,2.68,295.43,0.841,0.29,Peak,0,5,Sat,1,0,1,0,0,50,37,772007.33,0.74,0,1,118,0.492,Moderate,0,0,93.3,0.0433
L-202505-51309,Lost,Senior Adventures,Bird Watching Tour,SMERF,Hybrid,Rooms Only,Other,Other,Sales Call,Medium,2025-01-06,2025-01-23,12,2025-05-24,2025-05-25,1,138,32,32,36,0,Meeting Room 1,1,1,5,1.0,13937.85,2,80.3,172.29,163.17,5221.44,687.71,645.14,6554.29,0,0.0,0.0,0.0,0.0,,0.0,Chose Another Venue,2025,5,2,66.5,33.5,0,22.37,129.38,151.75,0.0,129.38,1,0.0,32,0,0,0,0,5,2,24,0,0,1,,0,0,0.42,0.0,0,4980,5684.74,3,0,0,0,50.0,0.0,5.29,204.82,0.889,0.0,Peak,0,5,Sat,1,0,0,1,1,20,12,61815.97,0.6,0,1,174,0.184,Low,0,0,100.0,0.0362
L-202505-99449,Lost,Regional Healthcare System,Board of Directors Meeting,Corporate,Hybrid,Meeting Only,Other,Other,Website,Medium,2025-03-05,2025-03-22,9,2025-05-24,2025-05-26,2,80,0,0,55,1,Half Ballroom,1,0,8,1.0,48070.59,2,81.6,179.67,0.0,0.0,5250.63,6510.35,11760.98,0,0.0,0.0,0.0,0.0,,0.0,Client Went Direct,2025,5,0,0.0,0.0,0,0.0,0.0,0.0,0.0,0.0,0,0.0,0,0,0,0,1,2,1,8,1,0,1,Theater,2,0,2.32,1176.42,1208,2896,5689.52,2,0,0,0,100.0,0.46,100.0,,0.0,0.182,Peak,0,5,Sat,1,0,0,0,1,39,36,426096.61,0.9231,0,1,174,0.0,Low,0,0,86.7,0.1
L-202505-23575,Lost,Service Club,Youth Sports Tournament,SMERF,In-person,Full Package,Education,Education,Cvent,Low,2025-01-22,2025-02-13,12,2025-05-26,2025-05-27,1,124,58,58,77,1,Half Ballroom,1,1,10,1.0,33216.71,4,85.3,161.97,153.37,8895.46,1791.48,2354.79,13041.73,0,0.0,0.0,0.0,0.0,,0.0,Client Went Direct,2025,5,4,69.6,30.4,1,139.82,122.29,262.11,178.13,122.29,1,0.0,58,0,0,0,1,2,2,16,1,0,1,Theater,3,1,2.82,1140.79,1372,1510,5310.51,5,0,0,0,100.0,0.64,5.31,224.86,0.753,0.13,Peak,1,0,Mon,0,0,0,0,1,15,11,103627.72,0.7333,0,1,133,0.436,Moderate,0,0,100.0,0.0806
L-202505-80950,Lost,Dental Association,Annual Member Conference,Association,In-person,Rooms Only,Association,Association,Direct Inquiry,High,2024-08-14,2024-09-05,17,2025-05-27,2025-05-29,2,286,83,166,91,0,,1,0,5,1.0,33550.53,2,84.1,166.51,165.73,27511.18,0.0,0.0,27511.18,0,0.0,0.0,0.0,0.0,,0.0,Space Not Adequate,2025,5,3,58.3,41.7,1,145.9,135.08,280.98,247.82,135.08,2,0.0,83,83,0,0,0,0,0,0,0,0,0,,0,0,0.0,0.0,0,0,0.0,0,0,0,0,0.0,0.0,0.47,165.73,0.912,0.0,Peak,0,1,Tue,0,0,0,1,0,40,32,599793.62,0.8,0,1,146,0.568,Moderate,0,0,100.0,0.0175
L-202505-37103,Lost,Real Estate Board,Educational Seminar Series,Association,In-person,Full Package,Healthcare,Healthcare,Website,Low,2024-11-15,2024-12-14,22,2025-05-28,2025-05-30,2,194,75,150,90,1,Half Ballroom,1,0,7,1.0,35323.41,4,82.9,171.71,180.69,27103.5,5904.95,11142.79,44151.24,0,0.0,0.0,0.0,0.0,,0.0,Dates Not Available,2025,5,2,64.6,35.4,1,99.79,145.3,245.09,245.09,145.3,2,4.0,72,75,0,0,1,1,2,16,1,0,1,Theater,1,0,1.35,1339.7,1348,1038,4323.38,3,0,0,0,100.0,0.75,-5.23,294.34,0.833,0.111,Peak,0,2,Wed,0,0,0,0,0,37,30,605527.25,0.8108,0,1,149,0.503,Moderate,0,0,100.0,0.0361
L-202505-84261,Lost,Youth Organization,Volunteer Training,SMERF,In-person,Full Package,Government,Government,Referral,Low,2025-04-14,2025-05-16,20,2025-05-31,2025-06-01,1,47,35,35,38,1,Breakout Room,1,0,12,1.0,75609.56,2,87.9,164.76,155.23,5433.05,1651.62,832.14,7916.81,0,0.0,0.0,0.0,0.0,,0.0,Canceled by Client,2025,5,2,55.6,44.4,1,109.12,131.55,240.67,240.67,131.55,1,0.0,35,0,0,0,1,1,3,24,0,0,1,Classroom,3,1,3.0,529.95,610,1278,3207.7,2,0,0,0,0.0,0.95,5.78,226.19,0.921,0.263,Peak,1,5,Sat,1,0,0,0,1,16,12,66388.51,0.75,0,1,80,0.438,Moderate,0,0,100.0,0.2553
L-202506-48738,Lost,Personal Event,Bar/Bat Mitzvah,Wedding/Social,In-person,Meeting Only,Social,Social/Private,Cvent,High,2024-06-03,2024-07-20,37,2025-06-03,2025-06-04,1,365,0,0,93,1,Half Ballroom,1,0,10,1.0,28466.85,3,73.3,158.56,0.0,0.0,4715.19,6715.15,11430.34,0,0.0,0.0,0.0,0.0,,0.0,Lost to Competition,2025,6,0,0.0,0.0,0,0.0,0.0,0.0,0.0,0.0,0,0.0,0,0,0,0,2,1,1,4,1,0,1,Reception,3,1,2.89,1380.75,190,157,2081.13,1,0,0,0,100.0,0.78,100.0,,0.0,0.215,Shoulder,0,1,Tue,0,0,0,0,1,57,40,205106.55,0.7018,0,1,104,0.0,Low,0,0,86.7,0.0274
L-202506-90199,Lost,Premier Tours,Cultural Heritage Journey,SMERF,In-person,Rooms Only,Other,Other,RFP,Low,2024-12-30,2025-01-19,16,2025-06-03,2025-06-04,1,155,21,21,23,0,,0,0,4,0.0,0.0,4,67.1,162.64,149.15,3132.15,0.0,0.0,3132.15,0,0.0,0.0,0.0,0.0,,0.0,Budget Constraints,2025,6,2,52.9,47.1,1,43.94,118.3,162.24,162.24,118.3,1,0.0,21,0,0,0,0,0,0,0,0,0,0,,0,0,0.0,0.0,0,0,0.0,0,0,0,0,0.0,0.0,8.29,149.15,0.913,0.0,Shoulder,0,1,Tue,0,0,1,1,1,18,12,70545.68,0.6667,0,1,104,0.202,Low,0,0,93.3,0.0258
L-202506-65904,Lost,State Medical Association,State Convention,Association,In-person,Full Package,Education,Education,Website,Medium,2024-11-24,2024-12-27,22,2025-06-04,2025-06-05,1,192,62,62,85,1,Half Ballroom,1,1,11,1.0,43868.81,3,70.1,164.72,143.1,8872.2,2641.9,4532.36,16046.46,0,0.0,0.0,0.0,0.0,,0.0,Dates Not Available,2025,6,3,71.6,28.4,1,88.09,167.02,255.11,199.95,167.02,1,0.0,62,0,0,0,2,5,3,24,1,0,1,Classroom,0,0,0.31,1527.99,0,6860,7853.98,4,0,0,0,50.0,0.71,13.13,258.81,0.729,0.235,Shoulder,0,2,Wed,0,0,0,0,1,45,40,937465.67,0.8889,0,1,37,1.0,High,1,1,100.0,0.0573
L-202506-39232,Lost,Social Event,Williams-Brown Wedding,Wedding/Social,In-person,Full Package,Social,Social/Private,Cvent,Low,2024-07-07,2024-08-15,26,2025-06-06,2025-06-07,1,334,31,31,41,1,Half Ballroom,1,1,13,0.0,0.0,3,71.6,160.14,141.35,4381.85,2618.96,3041.83,10042.64,0,0.0,0.0,0.0,0.0,,0.0,Client Went Direct,2025,6,4,69.3,30.7,1,146.6,119.8,266.4,206.67,119.8,1,0.0,31,0,0,0,1,1,1,8,1,0,1,Banquet,0,0,0.12,1287.28,0,727,1532.6,1,0,0,0,50.0,0.34,11.73,323.96,0.756,0.244,Shoulder,0,4,Fri,1,0,1,0,1,57,40,206844.3,0.7018,0,1,174,0.178,Low,0,0,93.3,0.0389
L-202506-90544,Lost,Private Individual,Graduation Celebration,Wedding/Social,In-person,Full Package,Social,Social/Private,Direct Inquiry,Medium,2024-08-01,2024-09-19,35,2025-06-08,2025-06-09,1,311,39,39,43,1,Half Ballroom,1,1,14,0.0,0.0,1,77.4,159.88,147.26,5743.14,2684.19,3815.59,12242.92,0,0.0,0.0,0.0,0.0,,0.0,Lost to Competition,2025,6,2,63.5,36.5,1,107.58,172.5,280.08,172.5,172.5,1,0.0,39,0,0,0,1,4,2,16,1,0,1,Banquet,3,1,2.86,1310.19,413,2116,4562.93,1,0,0,0,100.0,0.36,7.89,313.92,0.907,0.233,Shoulder,0,6,Sun,1,0,1,0,1,55,45,213648.84,0.8182,0,1,188,0.207,Low,0,0,93.3,0.045
L-202506-48528,Lost,Professional Engineers Society,Member Appreciation Event,Association,In-person,Full Package,Other,Other,Sales Call,Low,2025-01-18,2025-02-22,28,2025-06-09,2025-06-12,3,142,59,177,74,1,Half Ballroom,1,0,7,0.0,0.0,3,72.4,163.81,156.98,27785.46,7232.58,13283.11,48301.15,0,0.0,0.0,0.0,0.0,,0.0,Client Went Direct,2025,6,3,51.4,48.6,1,46.63,142.27,188.9,188.9,142.27,2,6.5,52,59,50,0,2,3,2,16,1,0,1,Banquet,3,1,2.82,1760.9,1302,8520,12102.82,5,0,0,0,50.0,0.62,4.17,272.89,0.797,0.27,Shoulder,0,0,Mon,0,0,1,0,1,49,37,801069.26,0.7551,0,1,5,1.0,High,1,1,93.3,0.0493
L-202506-88128,Lost,Professional Services Group,Product Launch Event,Corporate,In-person,Full Package,Professional Services,Professional Services,Referral,Low,2025-04-15,2025-05-09,14,2025-06-09,2025-06-10,1,55,43,43,59,1,Half Ballroom,1,0,10,1.0,74801.65,2,76.7,163.23,149.83,6442.69,2524.12,2536.18,11502.99,0,0.0,0.0,0.0,0.0,,0.0,Client Went Direct,2025,6,2,50.6,49.4,0,5.03,113.35,118.38,0.0,118.38,1,0.0,43,0,0,0,1,2,1,8,1,0,1,Banquet,2,0,2.16,1029.97,1165,1676,5150.05,2,0,0,0,100.0,0.49,8.21,267.51,0.729,0.169,Shoulder,0,0,Mon,0,0,0,0,1,43,34,438546.57,0.7907,0,1,45,0.956,High,1,0,100.0,0.1818
L-202506-24681,Lost,Community Church,Youth Sports Tournament,SMERF,In-person,Meeting Only,Association,Association,Sales Call,Low,2025-02-20,2025-03-18,17,2025-06-11,2025-06-12,1,111,0,0,41,1,Half Ballroom,1,0,9,1.0,15938.21,1,74.1,164.43,0.0,0.0,1687.66,1092.77,2780.43,0,0.0,0.0,0.0,0.0,,0.0,Rates Too High / Client Declined,2025,6,0,0.0,0.0,0,0.0,0.0,0.0,0.0,0.0,0,0.0,0,0,0,0,1,2,3,24,1,0,1,Classroom,3,1,2.85,842.13,1347,2488,5813.1,4,0,0,0,100.0,0.34,100.0,,0.0,0.244,Shoulder,0,2,Wed,0,0,0,0,1,16,13,89373.42,0.8125,0,1,0,,Unknown,0,0,86.7,0.0811
L-202506-48063,Lost,Education Foundation,Continuing Education Conference,Association,In-person,Full Package,Education,Education,Sales Call,Low,2024-10-07,2024-11-08,18,2025-06-17,2025-06-20,3,253,75,225,85,1,Half Ballroom,1,1,14,0.0,0.0,2,70.1,160.22,142.02,31954.5,8658.51,14169.17,54782.18,0,0.0,0.0,0.0,0.0,,0.0,Space Not Adequate,2025,6,4,65.6,34.4,1,116.32,120.74,237.06,189.51,120.74,2,0.6,74,75,74,0,2,1,1,12,1,0,1,Classroom,0,0,0.45,1638.58,0,0,1031.6,0,0,0,0,100.0,0.71,11.36,243.48,0.882,0.235,Shoulder,0,1,Tue,0,0,1,0,1,51,37,772007.33,0.7255,0,1,170,0.441,Moderate,0,0,93.3,0.0553
L-202506-82423,Lost,Private Individual,Graduation Celebration,Wedding/Social,In-person,Full Package,Social,Social/Private,Sales Call,High,2025-01-10,2025-02-07,14,2025-06-17,2025-06-18,1,158,50,50,68,1,Half Ballroom,1,1,14,1.0,22940.33,2,75.7,163.13,141.09,7054.5,2635.49,4734.36,14424.35,0,0.0,0.0,0.0,0.0,,0.0,Rates Too High / Client Declined,2025,6,4,59.5,40.5,1,149.14,131.43,280.57,219.28,131.43,1,0.0,50,0,0,0,2,3,2,16,1,0,1,Banquet,2,0,2.41,1422.58,1160,1791,5389.81,3,0,0,0,100.0,0.57,13.51,288.49,0.735,0.294,Shoulder,0,1,Tue,0,0,0,0,1,57,46,219675.01,0.807,0,1,194,0.258,Moderate,0,0,100.0,0.0886
L-202506-19516,Lost,Consulting Network,Quarterly Business Review,Corporate,Hybrid,Full Package,Legal,Legal,Third-Party Planner,Low,2025-03-11,2025-03-31,12,2025-06-18,2025-06-20,2,99,11,22,14,1,Boardroom,1,1,8,0.0,0.0,1,73.9,159.11,148.81,3273.82,3116.68,1596.58,7987.08,0,0.0,0.0,0.0,0.0,,0.0,Budget Constraints,2025,6,4,69.6,30.4,1,127.53,137.51,265.04,214.01,137.51,2,81.8,2,11,0,0,1,1,1,8,0,1,1,Boardroom,3,1,2.85,385.62,1291,0,1777.75,0,0,0,0,0.0,1.0,6.47,363.05,0.786,0.714,Shoulder,0,2,Wed,0,0,1,0,1,41,31,340099.19,0.7561,0,1,80,0.138,Low,0,0,93.3,0.0808
L-202506-26571,Lost,State Medical Association,Professional Development Symposium,Association,In-person,Full Package,Education,Education,Sales Call,Low,2024-08-14,2024-09-13,19,2025-06-18,2025-06-19,1,308,70,70,96,1,Half Ballroom,1,0,11,1.0,30419.51,2,74.2,162.19,145.15,10160.5,2647.32,5897.23,18705.05,0,0.0,0.0,0.0,0.0,,0.0,Chose Another Venue,2025,6,4,53.3,46.7,1,135.4,111.38,246.78,193.22,111.38,1,0.0,70,0,0,0,2,1,1,8,1,0,1,Theater,2,0,2.39,1633.87,844,1660,3862.22,4,0,0,0,50.0,0.8,10.51,267.21,0.729,0.208,Shoulder,0,2,Wed,0,0,0,0,1,46,40,937465.67,0.8696,0,1,170,0.412,Moderate,0,0,100.0,0.0357
L-202506-14920,Lost,Consulting Network,Strategic Planning Retreat,Corporate,In-person,Full Package,Other,Other,Referral,Medium,2025-04-06,2025-04-24,8,2025-06-22,2025-06-23,1,77,23,23,30,1,Breakout Room,1,0,10,0.0,0.0,4,72.6,159.89,142.94,3287.62,2488.26,1279.59,7055.47,0,0.0,0.0,0.0,0.0,,0.0,Rates Too High / Client Declined,2025,6,2,52.1,47.9,1,66.14,121.64,187.78,187.78,121.64,1,0.0,23,0,0,0,1,1,1,12,0,0,1,Classroom,1,0,0.9,421.72,568,1686,3286.81,3,0,0,0,100.0,0.75,10.6,306.76,0.767,0.333,Shoulder,0,6,Sun,1,0,1,0,1,42,31,340099.19,0.7381,0,1,164,0.14,Low,0,0,93.3,0.1299
L-202506-72499,Lost,Real Estate Board,Industry Forum,Association,Hybrid,Full Package,Association,Association,Referral,Medium,2024-10-01,2024-10-29,19,2025-06-23,2025-06-25,2,265,93,186,109,1,Half Ballroom,1,1,9,0.0,0.0,1,69.0,164.12,125.9,23417.4,5940.86,10106.78,39465.04,0,0.0,0.0,0.0,0.0,,0.0,Budget Constraints,2025,6,4,62.8,37.2,1,67.07,106.89,173.96,173.96,111.86,2,8.6,85,93,0,0,2,2,1,12,1,0,1,Theater,0,0,0.22,1832.11,0,5830,8034.09,5,0,0,0,0.0,0.91,23.29,212.18,0.853,0.183,Shoulder,0,0,Mon,0,0,1,0,1,39,31,624667.3,0.7949,0,1,79,1.0,High,1,1,93.3,0.034
L-202506-35471,Lost,Heritage Travel,Regional History Tour,Corporate,In-person,Rooms Only,Finance,Finance,RFP,Low,2025-04-03,2025-04-20,10,2025-06-25,2025-06-26,1,83,53,53,58,0,,1,0,7,1.0,75230.92,3,72.3,162.88,147.29,7806.37,0.0,0.0,7806.37,0,0.0,0.0,0.0,0.0,,0.0,Space Not Adequate,2025,6,4,67.5,32.5,1,143.0,140.76,283.76,184.97,145.91,1,0.0,53,0,0,0,0,0,0,0,0,0,0,,0,0,0.0,0.0,0,0,0.0,0,0,0,0,0.0,0.0,9.57,147.29,0.914,0.0,Shoulder,0,2,Wed,0,0,0,0,1,21,18,117035.39,0.8571,0,1,4,1.0,High,1,1,100.0,0.0843
L-202506-41149,Lost,Travel Club International,Wine Country Excursion,Corporate,In-person,Rooms Only,Professional Services,Professional Services,Repeat Client,Low,2025-05-16,2025-05-28,9,2025-06-25,2025-06-26,1,40,55,55,60,0,,1,0,3,1.0,17394.94,3,75.4,164.35,159.74,8785.7,0.0,0.0,8785.7,0,0.0,0.0,0.0,0.0,,0.0,Client Went Direct,2025,6,2,57.3,42.7,1,81.12,179.89,261.01,179.89,261.01,1,0.0,55,0,0,0,0,0,0,0,0,0,0,,0,0,0.0,0.0,0,0,0.0,0,0,0,0,0.0,0.0,2.8,159.74,0.917,0.0,Shoulder,0,2,Wed,0,1,0,1,0,13,12,62730.98,0.9231,0,1,4,1.0,High,1,1,100.0,0.075
L-202506-38257,Lost,Industry Trade Group,Member Appreciation Event,Association,In-person,Full Package,Education,Education,Website,High,2024-10-28,2024-12-04,23,2025-06-27,2025-06-29,2,242,85,170,97,1,Half Ballroom,1,0,14,1.0,30554.53,3,67.7,157.16,137.27,23335.9,7548.91,13091.94,43976.75,0,0.0,0.0,0.0,0.0,,0.0,Dates Not Available,2025,6,4,63.0,37.0,1,47.23,122.81,170.04,170.04,122.81,2,11.8,75,85,0,0,2,2,2,16,1,0,1,Theater,0,0,0.35,1805.86,0,1672,3156.8,4,0,0,0,0.0,0.81,12.66,258.69,0.876,0.206,Shoulder,0,4,Fri,1,0,0,0,1,37,26,414794.68,0.7027,0,1,197,0.431,Moderate,0,0,100.0,0.0579
L-202507-36009,Lost,Personal Event,Charity Gala,Wedding/Social,In-person,Rooms Only,Social,Social/Private,Third-Party Planner,Low,2024-10-06,2024-11-07,29,2025-07-03,2025-07-04,1,270,44,44,48,0,,1,1,3,0.0,0.0,1,70.3,157.22,135.45,5959.8,0.0,0.0,5959.8,0,0.0,0.0,0.0,0.0,,0.0,Budget Constraints,2025,7,2,50.4,49.6,0,131.32,122.74,254.06,0.0,122.74,1,0.0,44,0,0,0,0,0,0,0,0,0,0,,0,0,0.0,0.0,0,0,0.0,0,0,0,0,0.0,0.0,13.85,135.45,0.917,0.0,Shoulder,0,3,Thu,0,0,1,1,1,61,43,218448.04,0.7049,0,1,138,0.319,Moderate,0,0,93.3,0.0111
L-202507-98964,Lost,Professional Services Group,Management Training,Corporate,In-person,Full Package,Legal,Legal,Direct Inquiry,Low,2025-06-03,2025-06-20,9,2025-07-03,2025-07-04,1,30,31,31,34,1,Breakout Room,1,1,8,0.0,0.0,1,60.0,149.9,124.29,3852.99,2237.62,1844.79,7935.4,0,0.0,0.0,0.0,0.0,,0.0,Lost to Competition,2025,7,4,74.9,25.1,1,132.57,112.64,245.21,183.89,112.64,1,0.0,31,0,0,0,1,1,1,8,0,0,1,Classroom,2,0,1.74,482.89,1321,2652,5499.94,4,0,0,0,50.0,0.85,17.08,255.98,0.912,0.294,Shoulder,0,3,Thu,0,0,1,0,1,45,35,447183.97,0.7778,0,1,138,0.225,Low,0,0,93.3,0.2667
L-202507-32525,Lost,Senior Adventures,Nature & Wildlife Tour,Corporate,In-person,Rooms Only,Professional Services,Professional Services,Third-Party Planner,Medium,2025-04-16,2025-05-05,13,2025-07-06,2025-07-08,2,81,19,38,20,0,,1,0,6,1.0,26395.95,1,60.8,157.31,133.57,5075.66,0.0,0.0,5075.66,0,0.0,0.0,0.0,0.0,,0.0,Dates Not Available,2025,7,2,52.6,47.4,0,111.05,129.06,240.11,0.0,129.06,2,47.4,10,19,0,0,0,0,0,0,0,0,0,,0,0,0.0,0.0,0,0,0.0,0,0,0,0,0.0,0.0,15.09,133.57,0.95,0.0,Shoulder,0,6,Sun,1,0,0,0,1,23,14,77827.02,0.6087,0,1,115,0.165,Low,0,0,100.0,0.0741
L-202507-89116,Lost,Travel Club International,Culinary Tour Group,SMERF,In-person,Rooms Only,Education,Education,Sales Call,Low,2025-03-05,2025-03-23,14,2025-07-06,2025-07-07,1,123,14,14,15,0,,0,0,4,1.0,56954.47,1,67.1,153.8,131.87,1846.18,0.0,0.0,1846.18,0,0.0,0.0,0.0,0.0,,0.0,Budget Constraints,2025,7,2,64.2,35.8,1,32.61,127.0,159.61,159.61,127.0,1,0.0,14,0,0,0,0,0,0,0,0,0,0,,0,0,0.0,0.0,0,0,0.0,0,0,0,0,0.0,0.0,14.26,131.87,0.933,0.0,Shoulder,0,6,Sun,1,0,0,1,1,14,12,62730.98,0.8571,0,1,182,0.077,Low,0,0,100.0,0.0325
L-202507-52611,Lost,Insurance Federation,Industry Forum,Association,In-person,Full Package,Healthcare,Healthcare,Website,High,2024-10-20,2024-11-16,20,2025-07-08,2025-07-09,1,261,38,38,49,1,Half Ballroom,1,0,7,0.0,0.0,2,64.7,164.97,146.72,5575.36,2475.25,2675.25,10725.86,0,0.0,0.0,0.0,0.0,,0.0,Dates Not Available,2025,7,4,55.5,44.5,1,94.47,123.77,218.24,218.24,123.77,1,0.0,38,0,0,0,1,7,3,24,1,0,1,Theater,1,0,1.47,1289.94,671,9184,11862.23,4,0,0,0,0.0,0.41,11.06,282.26,0.776,0.204,Shoulder,0,1,Tue,0,0,1,0,1,36,25,566792.26,0.6944,0,1,172,0.221,Low,0,0,93.3,0.0268
L-202507-76123,Lost,Service Club,Fraternity/Sorority Reunion,SMERF,In-person,Meeting Only,Association,Association,Third-Party Planner,Low,2025-05-24,2025-06-16,13,2025-07-08,2025-07-09,1,45,0,0,96,1,Half Ballroom,0,0,10,0.0,0.0,4,60.8,158.69,0.0,0.0,2065.27,2559.43,4624.7,0,0.0,0.0,0.0,0.0,,0.0,Client Went Direct,2025,7,0,0.0,0.0,0,0.0,0.0,0.0,0.0,0.0,0,0.0,0,0,0,0,1,1,3,36,1,0,1,Classroom,1,0,1.44,1198.24,1100,2828,5049.75,4,1,0,1,100.0,0.8,100.0,,0.0,0.104,Shoulder,0,1,Tue,0,0,1,0,1,16,11,103627.72,0.6875,0,1,172,0.0,Low,0,0,80.0,0.2222
L-202507-40999,Lost,Nursing Council,Regional Chapter Meeting,Association,In-person,Full Package,Association,Association,Cvent,Low,2024-09-11,2024-10-11,23,2025-07-10,2025-07-12,2,302,72,144,83,1,Half Ballroom,1,0,7,1.0,15939.54,3,65.7,162.38,137.08,19739.52,5699.94,10461.23,35900.69,0,0.0,0.0,0.0,0.0,,0.0,Space Not Adequate,2025,7,3,67.6,32.4,0,132.57,126.81,259.38,0.0,129.8,2,11.1,64,72,0,0,1,2,1,8,1,0,1,Theater,3,1,2.53,1216.08,222,1892,3930.84,2,0,0,0,100.0,0.69,15.58,249.31,0.867,0.12,Shoulder,0,3,Thu,0,0,0,0,1,44,30,523628.33,0.6818,0,1,193,0.373,Moderate,0,0,100.0,0.0232
L-202507-54265,Lost,Dental Association,Awards Gala Weekend,Association,Hybrid,Full Package,Healthcare,Healthcare,Website,High,2024-11-27,2024-12-28,18,2025-07-10,2025-07-13,3,225,53,159,67,1,Half Ballroom,1,1,13,0.0,0.0,4,67.1,153.19,124.42,19782.78,7674.34,10861.25,38318.37,0,0.0,0.0,0.0,0.0,,0.0,Chose Another Venue,2025,7,2,70.0,30.0,0,14.92,125.77,140.69,0.0,125.77,2,9.4,42,53,43,0,2,1,3,24,1,0,1,Classroom,2,0,2.17,1764.81,555,3745,6109.22,5,1,0,1,50.0,0.56,18.78,241.0,0.791,0.299,Shoulder,0,3,Thu,0,0,1,0,1,44,35,674287.94,0.7955,0,1,193,0.275,Moderate,0,0,93.3,0.0578
L-202507-44967,Lost,Social Event,Bar/Bat Mitzvah,Wedding/Social,In-person,Full Package,Social,Social/Private,Third-Party Planner,Medium,2025-01-21,2025-02-25,23,2025-07-18,2025-07-19,1,178,22,22,25,1,Breakout Room,1,0,12,0.0,0.0,2,63.2,151.2,108.86,2394.92,2811.59,1675.18,6881.69,0,0.0,0.0,0.0,0.0,,0.0,Budget Constraints,2025,7,2,50.3,49.7,1,33.17,101.58,134.75,134.75,101.58,1,0.0,22,0,0,0,1,4,3,36,0,0,1,Banquet,1,0,1.16,456.38,1228,0,1802.61,0,0,0,0,100.0,0.62,28.0,312.8,0.88,0.4,Shoulder,0,4,Fri,1,0,1,0,1,60,42,228971.35,0.7,0,1,0,,Unknown,0,1,93.3,0.0674
L-202507-66118,Lost,Local School District,Community Service Event,SMERF,In-person,Full Package,Education,Education,Repeat Client,Low,2025-02-14,2025-03-14,21,2025-07-18,2025-07-20,2,154,21,42,23,1,Breakout Room,1,0,7,0.0,0.0,3,64.7,154.16,128.73,5406.66,2551.08,1299.68,9257.42,0,0.0,0.0,0.0,0.0,,0.0,Lost to Competition,2025,7,2,72.5,27.5,1,75.62,141.75,217.37,217.37,141.75,2,28.6,15,21,0,0,1,2,1,8,0,0,1,Classroom,2,0,1.89,452.64,236,5940,7004.59,5,0,1,1,50.0,0.57,16.5,220.41,0.913,0.435,Shoulder,0,4,Fri,1,1,1,0,1,19,15,124640.46,0.7895,0,1,2,1.0,High,1,1,93.3,0.0455
L-202507-99390,Lost,Professional Services Group,Quarterly Business Review,Corporate,In-person,Rooms Only,Healthcare,Healthcare,Sales Call,Medium,2025-05-14,2025-06-01,12,2025-07-18,2025-07-20,2,65,86,172,94,0,,0,0,6,0.0,0.0,4,64.1,152.61,138.72,23859.84,0.0,0.0,23859.84,0,0.0,0.0,0.0,0.0,,0.0,Space Not Adequate,2025,7,4,66.8,33.2,1,101.42,147.76,249.18,227.5,147.76,2,4.7,82,86,0,0,0,0,0,0,0,0,0,,0,0,0.0,0.0,0,0,0.0,0,0,0,0,0.0,0.0,9.1,138.72,0.915,0.0,Shoulder,0,4,Fri,1,0,1,0,1,47,36,456375.0,0.766,0,1,2,1.0,High,1,1,93.3,0.0923
L-202507-36557,Lost,Pharmaceutical Partners,Performance Review Summit,Corporate,In-person,Full Package,Other,Other,RFP,High,2025-04-18,2025-05-04,9,2025-07-23,2025-07-25,2,96,50,100,68,1,Half Ballroom,1,1,7,0.0,0.0,4,71.2,160.75,147.94,14794.0,5052.61,7761.35,27607.96,0,0.0,0.0,0.0,0.0,,0.0,Client Went Direct,2025,7,3,61.3,38.7,1,76.74,126.79,203.53,203.53,126.79,2,8.0,46,50,0,0,2,4,2,24,1,0,1,Classroom,1,0,0.6,1720.13,1452,8508,11233.6,3,0,0,0,100.0,0.57,7.97,276.08,0.735,0.294,Shoulder,0,2,Wed,0,0,1,0,1,51,37,502096.78,0.7255,0,1,95,0.526,Moderate,0,0,93.3,0.0729
L-202507-98000,Lost,Regional Healthcare System,Product Launch Event,Corporate,Virtual,Full Package,Trade/Manufacturing,Trade/Manufacturing,Cvent,Medium,2025-05-19,2025-06-04,9,2025-07-25,2025-07-26,1,67,32,32,40,1,Breakout Room,1,1,7,0.0,0.0,4,57.6,154.86,125.55,4017.6,2201.18,1899.94,8118.72,0,0.0,0.0,0.0,0.0,,0.0,Lost to Competition,2025,7,3,53.9,46.1,1,119.15,122.44,241.59,196.62,122.44,1,0.0,32,0,0,0,1,2,1,4,0,0,1,Theater,3,1,2.87,462.89,640,3128,5824.72,4,0,0,0,100.0,1.0,18.93,253.71,0.8,0.25,Low,0,4,Fri,1,0,1,0,1,42,38,437839.48,0.9048,0,1,141,0.227,Low,0,0,93.3,0.1045
L-202507-81219,Lost,Global Industries,Quarterly Business Review,Corporate,In-person,Full Package,Government,Government,Direct Inquiry,Medium,2025-06-04,2025-06-29,12,2025-07-26,2025-07-28,2,52,57,114,75,1,Half Ballroom,1,0,13,0.0,0.0,4,63.8,157.55,135.29,15423.06,6477.11,9020.63,30920.8,0,0.0,0.0,0.0,0.0,,0.0,Dates Not Available,2025,7,4,72.5,27.5,1,115.84,104.23,220.07,190.26,104.23,2,1.8,56,57,0,0,1,5,2,8,1,0,1,Classroom,2,0,2.02,1223.54,630,2880,5462.28,1,0,0,0,50.0,0.62,14.13,271.24,0.76,0.133,Shoulder,0,5,Sat,1,0,1,0,1,60,50,709224.55,0.8333,0,1,109,0.523,Moderate,0,0,93.3,0.25
L-202507-72707,Lost,TechCorp Solutions,Innovation Workshop,Corporate,In-person,Full Package,Technology,Technology,Referral,Medium,2025-06-27,2025-07-17,7,2025-07-27,2025-07-29,2,30,67,134,73,1,Half Ballroom,1,1,13,0.0,0.0,1,66.3,163.74,144.61,19377.74,5290.4,6784.56,31452.7,0,0.0,0.0,0.0,0.0,,0.0,Client Went Direct,2025,7,2,52.6,47.4,0,14.0,125.06,139.06,0.0,125.06,2,16.4,56,67,0,0,1,1,1,8,1,0,1,Classroom,0,0,0.48,1238.51,0,2277,3691.51,3,0,0,0,0.0,0.61,11.68,234.72,0.918,0.137,Shoulder,0,6,Sun,1,0,1,0,1,33,24,215740.51,0.7273,0,1,128,0.523,Moderate,0,0,93.3,0.4333
L-202507-40926,Lost,Premier Tours,Culinary Tour Group,Corporate,In-person,Rooms Only,Legal,Legal,Sales Call,High,2025-05-07,2025-05-19,9,2025-07-28,2025-07-29,1,82,38,38,41,0,,1,0,3,0.0,0.0,4,63.8,158.63,141.55,5378.9,0.0,0.0,5378.9,0,0.0,0.0,0.0,0.0,,0.0,Canceled by Client,2025,7,2,52.5,47.5,1,42.63,120.46,163.09,163.09,120.46,1,0.0,38,0,0,0,0,0,0,0,0,0,0,,0,0,0.0,0.0,0,0,0.0,0,0,0,0,0.0,0.0,10.77,141.55,0.927,0.0,Shoulder,0,0,Mon,0,0,1,1,1,19,12,70545.68,0.6316,0,1,128,0.297,Moderate,0,0,93.3,0.0366
L-202508-47712,Lost,Financial Services Group,Board of Directors Meeting,Corporate,In-person,Rooms Only,Finance,Finance,RFP,Low,2025-06-11,2025-06-22,7,2025-08-03,2025-08-05,2,53,43,86,47,0,,0,0,4,0.0,0.0,4,72.5,159.83,146.06,12561.16,0.0,0.0,12561.16,0,0.0,0.0,0.0,0.0,,0.0,Space Not Adequate,2025,8,3,52.8,47.2,1,117.04,137.67,254.71,213.43,213.43,2,16.3,36,43,0,0,0,0,0,0,0,0,0,,0,0,0.0,0.0,0,0,0.0,0,0,0,0,0.0,0.0,8.62,146.06,0.915,0.0,Shoulder,0,6,Sun,1,0,1,1,1,46,34,403695.94,0.7391,0,1,220,0.195,Low,0,0,93.3,0.0755
L-202508-56405,Lost,Personal Event,Milestone Birthday Party,Wedding/Social,In-person,Rooms Only,Social,Social/Private,Referral,Medium,2024-10-05,2024-10-31,22,2025-08-11,2025-08-12,1,310,33,33,36,0,,0,0,4,0.0,0.0,1,72.5,158.4,145.27,4793.91,0.0,0.0,4793.91,0,0.0,0.0,0.0,0.0,,0.0,Budget Constraints,2025,8,3,65.2,34.8,1,118.94,137.78,256.72,170.8,256.72,1,0.0,33,0,0,0,0,0,0,0,0,0,0,,0,0,0.0,0.0,0,0,0.0,0,0,0,0,0.0,0.0,8.29,145.27,0.917,0.0,Shoulder,0,0,Mon,0,0,1,1,1,64,45,226155.39,0.7031,0,1,196,0.168,Low,0,0,93.3,0.0129
L-202508-71609,Lost,Personal Event,Baby Shower Weekend,Wedding/Social,In-person,Meeting Only,Social,Social/Private,RFP,Medium,2025-03-16,2025-04-16,22,2025-08-13,2025-08-14,1,150,0,0,139,1,Grand Ballroom,0,1,9,1.0,74933.24,2,67.0,159.24,0.0,0.0,4543.36,10150.77,14694.13,0,0.0,0.0,0.0,0.0,,0.0,Chose Another Venue,2025,8,0,0.0,0.0,0,0.0,0.0,0.0,0.0,0.0,0,0.0,0,0,0,0,1,4,2,16,1,0,1,Reception,0,0,0.31,2018.58,0,9472,11725.09,4,1,0,0,0.0,0.58,100.0,,0.0,0.072,Shoulder,0,2,Wed,0,0,0,0,1,65,45,226155.39,0.6923,0,1,119,0.0,Low,0,0,86.7,0.06
L-202508-80451,Lost,Professional Engineers Society,Continuing Education Conference,Association,In-person,Full Package,Education,Education,Referral,Low,2025-01-23,2025-02-25,20,2025-08-15,2025-08-18,3,204,68,204,87,1,Half Ballroom,1,0,13,1.0,55025.95,2,69.7,164.19,145.2,29620.8,7209.22,13008.5,49838.52,0,0.0,0.0,0.0,0.0,,0.0,Space Not Adequate,2025,8,3,60.4,39.6,0,130.93,105.88,236.81,0.0,105.88,2,6.2,59,68,59,0,1,2,1,4,1,0,1,Theater,3,1,2.89,1175.03,398,0,1402.89,0,0,0,0,0.0,0.72,11.57,244.31,0.782,0.115,Shoulder,0,4,Fri,1,0,0,0,1,53,40,833142.6,0.7547,0,1,51,1.0,High,1,1,100.0,0.0637
L-202508-39878,Lost,Tour Operator Network,Garden Tour Society,Corporate,In-person,Full Package,Other,Other,Referral,Low,2025-06-07,2025-06-26,10,2025-08-18,2025-08-20,2,72,31,62,42,1,Half Ballroom,1,0,9,0.0,0.0,2,76.4,165.19,158.0,9796.0,1518.84,1793.95,13108.79,0,0.0,0.0,0.0,0.0,,0.0,Canceled by Client,2025,8,4,55.2,44.8,1,148.07,128.5,276.57,175.68,128.5,2,3.2,30,31,0,0,1,2,1,4,1,0,1,Classroom,3,1,2.66,890.02,407,1844,4109.58,2,0,0,0,0.0,0.35,4.35,211.43,0.738,0.238,Shoulder,0,0,Mon,0,0,1,0,1,20,18,117988.84,0.9,0,1,115,0.27,Moderate,0,0,93.3,0.125
L-202508-78019,Lost,Pharmaceutical Partners,New Hire Orientation,Corporate,Hybrid,Full Package,Healthcare,Healthcare,Repeat Client,High,2025-07-01,2025-07-22,9,2025-08-19,2025-08-20,1,49,31,31,35,1,Breakout Room,1,1,12,0.0,0.0,4,68.1,154.14,149.0,4619.0,2515.95,2085.88,9220.83,0,0.0,0.0,0.0,0.0,,0.0,Rates Too High / Client Declined,2025,8,2,53.8,46.2,1,80.9,157.73,238.63,238.63,157.73,1,0.0,31,0,0,0,1,1,1,4,0,0,1,Classroom,3,1,2.66,449.16,41,1440,2234.93,4,0,0,0,100.0,0.88,3.33,297.45,0.886,0.286,Shoulder,0,1,Tue,0,1,1,0,1,52,37,502096.78,0.7115,0,1,115,0.27,Moderate,0,0,93.3,0.2449
L-202508-86923,Lost,Energy Solutions,Innovation Workshop,Corporate,In-person,Full Package,Professional Services,Professional Services,Referral,Low,2025-06-18,2025-07-06,7,2025-08-25,2025-08-27,2,68,30,60,38,1,Breakout Room,1,0,11,0.0,0.0,4,75.8,163.24,164.07,9844.2,5492.81,3984.08,19321.09,0,0.0,0.0,0.0,0.0,,0.0,Chose Another Venue,2025,8,3,72.4,27.6,1,147.45,166.18,313.63,197.28,166.18,2,26.7,22,30,0,0,1,1,1,8,0,0,1,Theater,2,0,1.74,490.61,446,1623,2782.56,3,0,0,0,50.0,0.95,-0.51,322.02,0.789,0.263,Shoulder,0,0,Mon,0,0,1,0,0,48,35,475540.22,0.7292,0,1,87,0.345,Moderate,0,0,93.3,0.1618
L-202508-32482,Lost,Retail Corporation,Annual Sales Conference,Corporate,In-person,Meeting Only,Technology,Technology,Sales Call,Medium,2025-05-04,2025-05-22,8,2025-08-27,2025-08-29,2,115,0,0,36,1,Breakout Room,1,0,10,1.0,50445.05,3,75.7,173.6,0.0,0.0,4799.68,3001.07,7800.75,0,0.0,0.0,0.0,0.0,,0.0,Client Went Direct,2025,8,0,0.0,0.0,0,0.0,0.0,0.0,0.0,0.0,0,0.0,0,0,0,0,1,4,2,8,0,0,1,Classroom,0,0,0.15,393.19,0,7700,9379.06,5,0,0,0,0.0,0.9,100.0,,0.0,0.278,Shoulder,0,2,Wed,0,0,0,0,1,47,38,466678.63,0.8085,0,1,0,,Unknown,0,0,86.7,0.087
L-202508-89443,Lost,HR Professionals Network,Educational Seminar Series,Association,In-person,Full Package,Other,Other,RFP,Medium,2024-12-10,2025-01-16,25,2025-08-30,2025-09-01,2,263,41,82,57,1,Half Ballroom,1,1,12,0.0,0.0,1,72.6,162.12,148.96,12214.72,3852.69,6353.44,22420.85,0,0.0,0.0,0.0,0.0,,0.0,Dates Not Available,2025,8,2,56.8,43.2,0,153.09,127.0,280.09,0.0,127.0,2,29.3,29,41,0,0,1,1,2,8,1,0,1,Classroom,3,1,2.91,805.72,380,1032,2654.81,3,0,0,0,50.0,0.47,8.12,273.42,0.719,0.175,Shoulder,0,5,Sat,1,0,1,0,1,40,29,703067.34,0.725,0,1,220,0.186,Low,0,0,93.3,0.0456
L-202509-30206,Lost,Global Industries,Quarterly Business Review,Corporate,In-person,Rooms Only,Legal,Legal,Direct Inquiry,Medium,2025-07-18,2025-08-01,8,2025-09-05,2025-09-08,3,49,12,36,13,0,,0,0,6,0.0,0.0,2,82.3,169.2,165.54,5959.44,0.0,0.0,5959.44,0,0.0,0.0,0.0,0.0,,0.0,Space Not Adequate,2025,9,3,65.1,34.9,1,86.14,156.01,242.15,242.15,156.01,2,37.9,1,12,5,0,0,0,0,0,0,0,0,,0,0,0.0,0.0,0,0,0.0,0,0,0,0,0.0,0.0,2.16,165.54,0.923,0.0,Peak,0,4,Fri,1,0,1,0,0,62,51,729147.74,0.8226,0,1,31,0.387,Moderate,0,0,93.3,0.1224
L-202509-71604,Lost,Financial Services Group,Strategic Planning Retreat,Corporate,In-person,Rooms Only,Legal,Legal,Sales Call,Medium,2025-05-11,2025-05-22,7,2025-09-09,2025-09-11,2,121,50,100,55,0,,1,0,4,0.0,0.0,1,76.7,173.27,167.02,16702.0,0.0,0.0,16702.0,0,0.0,0.0,0.0,0.0,,0.0,Canceled by Client,2025,9,3,67.1,32.9,1,132.53,140.88,273.41,176.08,140.88,2,6.0,47,50,0,0,0,0,0,0,0,0,0,,0,0,0.0,0.0,0,0,0.0,0,0,0,0,0.0,0.0,3.61,167.02,0.909,0.0,Shoulder,0,1,Tue,0,0,1,1,1,47,34,403695.94,0.7234,0,1,93,0.538,Moderate,0,0,93.3,0.0331
L-202509-26569,Lost,TechCorp Solutions,Product Launch Event,Corporate,In-person,Full Package,Legal,Legal,Cvent,High,2025-06-13,2025-07-08,11,2025-09-14,2025-09-15,1,93,37,37,50,1,Half Ballroom,1,0,14,0.0,0.0,4,81.0,161.77,163.9,6064.3,2225.17,2539.06,10828.53,0,0.0,0.0,0.0,0.0,,0.0,Canceled by Client,2025,9,4,66.7,33.3,1,117.06,127.81,244.87,244.87,127.81,1,0.0,37,0,0,0,1,4,2,16,1,0,1,Classroom,2,0,2.01,1351.22,138,12860,13511.34,5,0,0,0,50.0,0.42,-1.32,292.66,0.74,0.2,Peak,0,6,Sun,1,0,1,0,0,36,26,230811.81,0.7222,0,1,133,0.278,Moderate,0,0,93.3,0.1505
L-202509-97614,Lost,State Medical Association,Annual Member Conference,Association,In-person,Rooms Only,Other,Other,Sales Call,High,2024-11-29,2024-12-20,14,2025-09-14,2025-09-16,2,289,101,202,111,0,,0,0,7,0.0,0.0,1,77.5,166.03,144.96,29281.92,0.0,0.0,29281.92,0,0.0,0.0,0.0,0.0,,0.0,Client Went Direct,2025,9,2,55.4,44.6,0,8.56,123.28,131.84,0.0,123.28,2,0.0,101,101,0,0,0,0,0,0,0,0,0,,0,0,0.0,0.0,0,0,0.0,0,0,0,0,0.0,0.0,12.69,144.96,0.91,0.0,Shoulder,0,6,Sun,1,0,1,0,1,55,48,1051467.34,0.8727,0,1,91,1.0,High,1,1,93.3,0.0242
L-202509-92714,Lost,Travel Club International,Nature & Wildlife Tour,Corporate,In-person,Rooms Only,Trade/Manufacturing,Trade/Manufacturing,RFP,Low,2025-07-23,2025-08-11,13,2025-09-15,2025-09-17,2,54,25,50,27,0,,1,1,6,0.0,0.0,4,75.2,160.71,155.07,7753.5,0.0,0.0,7753.5,0,0.0,0.0,0.0,0.0,,0.0,Canceled by Client,2025,9,3,68.6,31.4,1,114.72,118.56,233.28,233.28,121.42,2,20.0,20,25,0,0,0,0,0,0,0,0,0,,0,0,0.0,0.0,0,0,0.0,0,0,0,0,0.0,0.0,3.51,155.07,0.926,0.0,Shoulder,0,0,Mon,0,0,1,0,1,15,12,62730.98,0.8,0,1,192,0.13,Low,0,0,93.3,0.1111
L-202509-84869,Lost,Real Estate Board,Leadership Institute,Association,In-person,Full Package,Association,Association,Website,Low,2025-01-18,2025-02-20,19,2025-09-18,2025-09-21,3,243,53,159,70,1,Half Ballroom,1,0,14,0.0,0.0,2,77.5,169.17,156.07,24815.13,7363.41,10030.05,42208.59,0,0.0,0.0,0.0,0.0,,0.0,Space Not Adequate,2025,9,2,63.9,36.1,1,24.92,143.52,168.44,168.44,143.52,2,7.1,45,53,45,0,1,1,2,16,1,0,1,Classroom,1,0,1.12,915.6,1235,2120,5052.62,5,1,0,1,0.0,0.58,7.74,265.46,0.757,0.143,Shoulder,0,3,Thu,0,0,1,0,1,43,34,684696.75,0.7907,0,1,155,0.342,Moderate,0,0,93.3,0.0576
L-202509-82974,Lost,Technology Innovators,Performance Review Summit,Corporate,In-person,Rooms Only,Healthcare,Healthcare,Referral,Medium,2025-06-26,2025-07-12,10,2025-09-22,2025-09-23,1,88,38,38,41,0,,0,0,6,1.0,47182.78,1,77.9,169.12,171.75,6526.5,0.0,0.0,6526.5,0,0.0,0.0,0.0,0.0,,0.0,Client Went Direct,2025,9,2,56.7,43.3,0,138.56,138.76,277.32,0.0,138.76,1,0.0,38,0,0,0,0,0,0,0,0,0,0,,0,0,0.0,0.0,0,0,0.0,0,0,0,0,0.0,0.0,-1.56,171.75,0.927,0.0,Shoulder,0,0,Mon,0,0,0,0,0,46,36,468152.53,0.7826,0,1,142,0.268,Moderate,0,0,100.0,0.0682
L-202509-21835,Lost,Nursing Council,Awards Gala Weekend,Association,In-person,Full Package,Government,Government,Cvent,Medium,2024-11-22,2024-12-25,24,2025-09-23,2025-09-27,4,305,45,180,54,1,Half Ballroom,1,0,9,0.0,0.0,2,77.6,173.3,163.22,29379.6,8812.08,14363.02,52554.7,0,0.0,0.0,0.0,0.0,,0.0,Space Not Adequate,2025,9,2,54.0,46.0,1,91.39,162.61,254.0,162.61,254.0,2,11.9,39,45,39,30,1,1,3,36,1,0,1,Classroom,3,1,2.68,957.69,1126,2824,5677.66,4,0,0,0,100.0,0.45,5.82,291.97,0.833,0.185,Shoulder,0,1,Tue,0,0,1,0,1,48,33,563843.62,0.6875,0,1,74,0.608,High,1,0,93.3,0.0295
L-202509-67742,Lost,Youth Athletics,School District Meeting,SMERF,In-person,Rooms Only,Other,Other,Third-Party Planner,Medium,2025-07-25,2025-08-12,15,2025-09-23,2025-09-25,2,60,16,32,17,0,,0,1,3,0.0,0.0,4,81.3,170.88,161.73,5175.36,0.0,0.0,5175.36,0,0.0,0.0,0.0,0.0,,0.0,Space Not Adequate,2025,9,4,69.1,30.9,1,126.96,134.55,261.51,224.49,134.55,2,62.5,6,16,0,0,0,0,0,0,0,0,0,,0,0,0.0,0.0,0,0,0.0,0,0,0,0,0.0,0.0,5.35,161.73,0.941,0.0,Peak,0,1,Tue,0,0,1,1,1,15,13,82602.07,0.8667,0,1,74,0.216,Low,0,0,93.3,0.05
L-202509-84925,Lost,Insurance Federation,Regional Chapter Meeting,Association,In-person,Full Package,Healthcare,Healthcare,Repeat Client,High,2025-04-13,2025-05-15,18,2025-09-25,2025-09-26,1,165,27,27,37,1,Breakout Room,1,0,14,1.0,22997.56,4,81.7,173.71,178.16,4810.32,2431.3,1809.72,9051.34,0,0.0,0.0,0.0,0.0,,0.0,Chose Another Venue,2025,9,2,71.6,28.4,1,85.17,159.94,245.11,245.11,159.94,1,0.0,27,0,0,0,1,2,2,8,0,0,1,Classroom,2,0,1.56,565.1,131,5456,6816.53,4,1,1,1,100.0,0.93,-2.56,335.23,0.73,0.27,Peak,0,3,Thu,0,1,0,0,0,40,28,648360.39,0.7,0,1,166,0.163,Low,0,0,100.0,0.0848
L-202510-23122,Lost,Private Individual,Quinceañera Celebration,Wedding/Social,In-person,Full Package,Social,Social/Private,Repeat Client,High,2024-12-01,2025-01-08,24,2025-10-04,2025-10-05,1,307,18,18,24,1,Breakout Room,1,0,14,1.0,55895.79,4,97.0,210.0,222.6,4006.8,1972.99,1572.44,7552.23,0,0.0,0.0,0.0,0.0,,0.0,Client Went Direct,2025,10,4,73.3,26.7,1,95.31,144.27,239.58,239.58,144.27,1,0.0,18,0,0,0,1,4,3,12,0,0,1,Banquet,2,0,1.92,407.24,286,2340,4287.3,3,0,0,0,100.0,0.6,-6.0,419.57,0.75,0.417,Peak,1,5,Sat,1,1,0,0,0,62,50,250960.73,0.8065,0,1,79,0.228,Low,0,0,100.0,0.0456
L-202510-27115,Lost,Manufacturing Alliance,Annual Sales Conference,Corporate,In-person,Full Package,Finance,Finance,Direct Inquiry,Low,2025-08-07,2025-08-25,7,2025-10-08,2025-10-09,1,62,52,52,64,1,Half Ballroom,1,1,11,1.0,61533.98,3,85.4,171.28,181.56,9441.12,3325.82,3165.22,15932.16,0,0.0,0.0,0.0,0.0,,0.0,Canceled by Client,2025,10,2,52.8,47.2,0,141.85,139.41,281.26,0.0,139.41,1,0.0,52,0,0,0,1,1,1,8,1,0,1,Theater,2,0,2.08,1102.68,532,1480,3461.74,4,0,0,0,0.0,0.53,-6.0,306.39,0.812,0.156,Peak,1,2,Wed,0,0,0,0,0,48,36,484977.43,0.75,0,1,145,0.359,Moderate,0,0,100.0,0.1774
L-202510-30632,Lost,Senior Adventures,Bird Watching Tour,SMERF,In-person,Rooms Only,Association,Association,Website,Low,2025-08-24,2025-09-20,20,2025-10-08,2025-10-09,1,45,33,33,36,0,,1,0,7,0.0,0.0,2,85.3,168.3,170.33,5620.89,0.0,0.0,5620.89,0,0.0,0.0,0.0,0.0,,0.0,Chose Another Venue,2025,10,3,50.2,49.8,0,3.33,169.3,172.63,0.0,169.4,1,0.0,33,0,0,0,0,0,0,0,0,0,0,,0,0,0.0,0.0,0,0,0.0,0,0,0,0,0.0,0.0,-1.21,170.33,0.917,0.0,Peak,1,2,Wed,0,0,1,0,0,24,14,77827.02,0.5833,0,1,145,0.228,Low,0,0,93.3,0.1556
L-202510-80937,Lost,State Medical Association,Leadership Institute,Association,In-person,Meeting Only,Other,Other,Third-Party Planner,High,2025-02-01,2025-03-04,22,2025-10-08,2025-10-10,2,249,0,0,33,1,Breakout Room,1,0,9,0.0,0.0,1,82.7,180.91,0.0,0.0,4754.24,3444.23,8198.47,0,0.0,0.0,0.0,0.0,,0.0,Client Went Direct,2025,10,0,0.0,0.0,0,0.0,0.0,0.0,0.0,0.0,0,0.0,0,0,0,0,1,1,1,8,0,0,1,Classroom,3,1,2.97,424.17,1283,693,2792.85,3,0,0,0,100.0,0.82,100.0,,0.0,0.303,Peak,0,2,Wed,0,0,1,0,1,57,49,1087106.52,0.8596,0,1,145,0.0,Low,0,0,80.0,0.0361
L-202510-23292,Lost,Family Celebration,Charity Gala,Wedding/Social,In-person,Full Package,Social,Social/Private,Website,Low,2024-12-20,2025-02-03,34,2025-10-09,2025-10-10,1,293,32,32,43,1,Half Ballroom,1,0,11,0.0,0.0,1,87.8,167.55,158.89,5084.48,3056.68,2821.46,10962.62,0,0.0,0.0,0.0,0.0,,0.0,Rates Too High / Client Declined,2025,10,3,59.9,40.1,1,85.03,138.48,223.51,223.51,138.48,1,0.0,32,0,0,0,1,2,1,8,1,0,1,Reception,2,0,2.25,1021.52,722,2328,5251.93,2,0,0,0,100.0,0.36,5.17,342.58,0.744,0.233,Peak,1,3,Thu,0,0,1,0,1,70,60,345317.43,0.8571,0,1,220,0.145,Low,0,0,93.3,0.0375
L-202510-50762,Lost,Regional Healthcare System,Product Launch Event,Corporate,In-person,Full Package,Healthcare,Healthcare,Sales Call,Medium,2025-07-23,2025-08-13,12,2025-10-11,2025-10-12,1,80,42,42,54,1,Half Ballroom,1,0,9,0.0,0.0,1,87.4,170.89,179.8,7551.6,2609.95,2589.55,12751.1,0,0.0,0.0,0.0,0.0,,0.0,Canceled by Client,2025,10,2,51.9,48.1,0,24.99,156.45,181.44,0.0,156.45,1,0.0,42,0,0,0,1,3,2,16,1,0,1,Theater,1,0,1.08,1358.1,1410,4272,7975.62,2,0,0,0,0.0,0.45,-5.21,303.6,0.778,0.185,Peak,1,5,Sat,1,0,1,0,0,44,39,444953.56,0.8864,0,1,56,0.75,High,1,0,93.3,0.1125
L-202510-62609,Lost,Nonprofit Foundation,Faith-Based Conference,SMERF,In-person,Full Package,SMERF,SMERF,Repeat Client,Low,2025-08-27,2025-09-28,20,2025-10-11,2025-10-12,1,45,55,55,72,1,Half Ballroom,1,1,12,0.0,0.0,3,87.3,170.36,170.93,9401.15,2062.42,1579.72,13043.29,0,0.0,0.0,0.0,0.0,,0.0,Space Not Adequate,2025,10,4,51.7,48.3,1,127.75,166.39,294.14,275.8,166.39,1,0.0,55,0,0,0,1,2,2,8,1,0,1,Theater,3,1,2.98,1176.15,455,372,5120.02,1,0,0,0,50.0,0.6,-0.33,237.15,0.764,0.139,Peak,1,5,Sat,1,1,1,0,0,22,17,122016.84,0.7727,0,1,56,0.982,High,1,0,93.3,0.2667
L-202510-67224,Lost,Family Celebration,Charity Gala,Wedding/Social,In-person,Full Package,Social,Social/Private,Repeat Client,Low,2024-11-25,2025-01-08,33,2025-10-12,2025-10-14,2,321,14,28,17,1,Breakout Room,1,0,11,1.0,71364.04,2,79.8,174.11,160.79,4502.12,3847.57,2744.36,11094.05,0,0.0,0.0,0.0,0.0,,0.0,Space Not Adequate,2025,10,2,64.7,35.3,1,56.09,129.55,185.64,185.64,129.55,2,50.0,7,14,0,0,1,2,2,16,0,0,1,Reception,1,0,1.18,378.52,1280,990,2831.21,1,0,0,0,100.0,0.42,7.65,396.22,0.824,0.588,Peak,0,6,Sun,1,1,0,0,1,71,60,345317.43,0.8451,0,1,108,0.13,Low,0,0,100.0,0.0343
L-202510-78738,Lost,Social Event,Holiday Party,Wedding/Social,In-person,Full Package,Social,Social/Private,RFP,Medium,2025-05-15,2025-06-17,20,2025-10-12,2025-10-13,1,150,37,37,46,1,Half Ballroom,1,0,13,0.0,0.0,4,81.9,177.13,174.12,6442.44,2585.04,2809.67,11837.15,0,0.0,0.0,0.0,0.0,,0.0,Budget Constraints,2025,10,3,53.7,46.3,1,114.06,172.48,286.54,181.87,286.54,1,0.0,37,0,0,0,1,2,3,24,1,0,1,Banquet,3,1,2.57,823.52,842,0,2841.23,0,0,0,0,50.0,0.38,1.7,319.92,0.804,0.217,Peak,0,6,Sun,1,0,1,0,0,67,48,263825.09,0.7164,0,1,13,1.0,High,1,1,93.3,0.0867
L-202510-80804,Lost,HR Professionals Network,Continuing Education Conference,Association,In-person,Full Package,Government,Government,Referral,Low,2025-01-26,2025-02-23,21,2025-10-13,2025-10-15,2,260,58,116,69,1,Half Ballroom,1,0,7,0.0,0.0,1,85.8,171.48,172.32,19989.12,5026.92,7293.77,32309.81,0,0.0,0.0,0.0,0.0,,0.0,Rates Too High / Client Declined,2025,10,4,63.3,36.7,1,177.06,142.32,319.38,208.83,142.32,2,1.7,57,58,0,0,2,2,1,8,1,0,1,Classroom,3,1,2.92,1785.22,1380,3666,6062.19,3,0,0,0,0.0,0.57,-0.49,278.53,0.841,0.29,Peak,1,0,Mon,0,0,1,0,0,43,31,730074.09,0.7209,0,1,145,0.4,Moderate,0,0,93.3,0.0269
L-202510-81522,Lost,Technology Innovators,Strategic Planning Retreat,Corporate,Hybrid,Full Package,Technology,Technology,Sales Call,High,2025-07-09,2025-08-02,10,2025-10-13,2025-10-15,2,96,51,102,56,1,Half Ballroom,1,1,14,1.0,37785.1,4,82.6,176.95,179.36,18294.72,5440.8,5052.88,28788.4,0,0.0,0.0,0.0,0.0,,0.0,Client Went Direct,2025,10,3,56.7,43.3,1,120.16,141.78,261.94,223.29,223.29,2,7.8,47,51,0,0,1,5,3,24,1,0,1,Classroom,0,0,0.38,981.67,0,7350,12205.69,5,0,0,0,0.0,0.47,-1.36,282.24,0.911,0.179,Peak,0,0,Mon,0,0,0,0,0,48,37,480744.17,0.7708,0,1,145,0.352,Moderate,0,0,100.0,0.1458
L-202510-84631,Lost,TechCorp Solutions,Leadership Summit,Corporate,In-person,Full Package,Trade/Manufacturing,Trade/Manufacturing,Direct Inquiry,Medium,2025-08-02,2025-08-23,11,2025-10-14,2025-10-15,1,73,26,26,28,1,Breakout Room,1,0,10,0.0,0.0,3,75.0,180.42,172.6,4487.6,2748.65,1407.18,8643.43,0,0.0,0.0,0.0,0.0,,0.0,Rates Too High / Client Declined,2025,10,3,57.9,42.1,1,91.45,126.13,217.58,217.58,135.78,1,0.0,26,0,0,0,1,7,3,36,0,0,1,Theater,3,1,2.95,360.15,1246,26530,29926.09,5,1,0,0,100.0,0.7,4.33,332.44,0.929,0.357,Shoulder,0,1,Tue,0,0,1,0,1,40,29,294804.34,0.725,0,1,145,0.179,Low,0,0,93.3,0.137
L-202510-56696,Lost,Banking Consortium,Innovation Workshop,Corporate,In-person,Full Package,Technology,Technology,Website,Low,2025-07-09,2025-08-01,11,2025-10-16,2025-10-18,2,99,48,96,54,1,Half Ballroom,1,0,12,0.0,0.0,4,82.8,176.8,176.81,16973.76,5259.43,6205.09,28438.28,0,0.0,0.0,0.0,0.0,,0.0,Chose Another Venue,2025,10,3,54.2,45.8,0,172.39,143.79,316.18,0.0,143.79,2,6.2,45,48,0,0,1,8,3,24,1,0,1,Classroom,2,0,2.44,1382.31,295,6240,8164.46,5,1,1,0,100.0,0.45,-0.01,296.23,0.889,0.185,Peak,0,3,Thu,0,0,1,0,0,40,32,410056.46,0.8,0,1,147,0.327,Moderate,0,0,93.3,0.1212
L-202510-52539,Lost,Accounting Institute,Annual Member Conference,Association,In-person,Full Package,Education,Education,Referral,Low,2024-11-23,2024-12-23,20,2025-10-18,2025-10-21,3,329,59,177,65,1,Half Ballroom,1,1,10,0.0,0.0,3,97.0,210.0,222.6,39400.2,6919.19,10123.1,56442.49,0,0.0,0.0,0.0,0.0,,0.0,Space Not Adequate,2025,10,4,62.5,37.5,1,142.44,169.74,312.18,243.27,170.31,2,9.2,47,59,48,0,2,2,1,8,1,0,1,Banquet,0,0,0.16,1633.28,0,472,1275.83,1,0,0,0,50.0,0.54,-6.0,318.88,0.908,0.308,Peak,1,5,Sat,1,0,1,0,0,46,41,831885.95,0.8913,0,1,132,0.447,Moderate,0,0,93.3,0.0304
L-202510-65280,Lost,TechCorp Solutions,Town Hall Meeting,Corporate,In-person,Rooms Only,Other,Other,Cvent,High,2025-08-26,2025-09-15,13,2025-10-21,2025-10-23,2,56,60,120,66,0,,0,1,7,1.0,32926.84,1,85.5,172.02,176.13,21135.6,0.0,0.0,21135.6,0,0.0,0.0,0.0,0.0,,0.0,Lost to Competition,2025,10,2,67.6,32.4,1,55.08,137.46,192.54,192.54,137.46,2,1.7,59,60,0,0,0,0,0,0,0,0,0,,0,0,0.0,0.0,0,0,0.0,0,0,0,0,0.0,0.0,-2.39,176.13,0.909,0.0,Peak,1,1,Tue,0,0,0,0,0,43,31,306844.18,0.7209,0,1,62,0.968,High,1,0,100.0,0.125
L-202510-92483,Lost,Manufacturing Alliance,Leadership Summit,Corporate,In-person,Full Package,Professional Services,Professional Services,Website,High,2025-07-07,2025-07-28,14,2025-10-21,2025-10-23,2,106,34,68,45,1,Half Ballroom,1,1,7,0.0,0.0,4,81.3,171.92,173.23,11779.64,4937.02,5259.55,21976.21,0,0.0,0.0,0.0,0.0,,0.0,Budget Constraints,2025,10,2,71.6,28.4,1,99.0,132.12,231.12,231.12,132.12,2,23.5,26,34,0,0,1,5,3,24,1,0,1,Classroom,2,0,1.73,1100.48,924,13620,15972.74,4,0,1,1,100.0,0.38,-0.76,323.18,0.756,0.222,Peak,0,1,Tue,0,0,1,0,0,49,36,484977.43,0.7347,0,1,62,0.548,Moderate,0,0,93.3,0.066
L-202510-25534,Lost,Private Individual,Milestone Birthday Party,Wedding/Social,In-person,Rooms Only,Other,Other,Website,Medium,2025-05-26,2025-07-08,38,2025-10-23,2025-10-24,1,150,31,31,34,0,,0,1,5,0.0,0.0,1,87.5,167.11,170.05,5271.55,0.0,0.0,5271.55,0,0.0,0.0,0.0,0.0,,0.0,Space Not Adequate,2025,10,2,63.8,36.2,1,79.74,189.69,269.43,269.43,269.43,1,0.0,31,0,0,0,0,0,0,0,0,0,0,,0,0,0.0,0.0,0,0,0.0,0,0,0,0,0.0,0.0,-1.76,170.05,0.912,0.0,Peak,1,3,Thu,0,0,1,1,0,64,51,261549.5,0.7969,0,1,72,0.431,Moderate,0,0,93.3,0.0333
L-202510-31951,Lost,Energy Solutions,Management Training,Corporate,In-person,Full Package,Legal,Legal,Direct Inquiry,Medium,2025-06-20,2025-07-15,13,2025-10-23,2025-10-24,1,125,39,39,47,1,Half Ballroom,1,0,12,1.0,7939.22,4,85.2,175.05,177.37,6917.43,2238.05,2184.95,11340.43,0,0.0,0.0,0.0,0.0,,0.0,Rates Too High / Client Declined,2025,10,4,74.6,25.4,1,164.3,150.94,315.24,188.46,159.56,1,0.0,39,0,0,0,1,7,3,24,1,0,1,Classroom,2,0,1.88,1040.36,1481,10430,13482.32,2,0,0,0,100.0,0.39,-1.33,290.78,0.83,0.213,Peak,1,3,Thu,0,0,0,0,0,49,35,475540.22,0.7143,0,1,72,0.542,Moderate,0,0,100.0,0.096
L-202510-38548,Lost,Travel Club International,Culinary Tour Group,Corporate,In-person,Rooms Only,Finance,Finance,Direct Inquiry,Medium,2025-08-30,2025-09-18,14,2025-10-23,2025-10-25,2,54,29,58,31,0,,0,0,5,0.0,0.0,1,83.9,175.2,170.06,9863.48,0.0,0.0,9863.48,0,0.0,0.0,0.0,0.0,,0.0,Space Not Adequate,2025,10,3,65.6,34.4,1,83.98,167.97,251.95,251.95,167.97,2,24.1,22,29,0,0,0,0,0,0,0,0,0,,0,0,0.0,0.0,0,0,0.0,0,0,0,0,0.0,0.0,2.93,170.06,0.935,0.0,Peak,0,3,Thu,0,0,1,1,0,16,12,62730.98,0.75,0,1,75,0.387,Moderate,0,0,93.3,0.0926
L-202510-25553,Lost,Industry Trade Group,Professional Development Symposium,Association,Virtual,Full Package,Government,Government,Repeat Client,Low,2025-02-03,2025-03-03,14,2025-10-25,2025-10-28,3,264,31,93,35,1,Breakout Room,1,1,14,1.0,49702.08,4,85.8,179.3,169.09,15725.37,7338.29,5768.33,28831.99,0,0.0,0.0,0.0,0.0,,0.0,Chose Another Venue,2025,10,3,52.8,47.2,0,147.64,135.26,282.9,0.0,135.26,2,14.7,24,31,20,0,1,5,2,24,0,0,1,Classroom,2,0,1.76,378.61,0,10100,11366.81,5,0,0,0,50.0,0.88,5.69,310.02,0.886,0.286,Peak,1,5,Sat,1,1,0,0,1,42,30,484447.13,0.7143,0,1,152,0.204,Low,0,0,100.0,0.053
L-202510-45133,Lost,Financial Services Group,Management Training,Corporate,In-person,Full Package,Legal,Legal,Website,Medium,2025-09-23,2025-10-09,8,2025-10-27,2025-10-28,1,34,48,48,62,1,Half Ballroom,1,0,8,1.0,79077.5,4,85.1,174.94,185.44,8901.12,2735.66,3501.28,15138.06,0,0.0,0.0,0.0,0.0,,0.0,Rates Too High / Client Declined,2025,10,3,55.7,44.3,1,83.3,167.73,251.03,251.03,167.73,1,0.0,48,0,0,0,1,4,2,24,1,0,1,Classroom,2,0,2.14,1046.24,504,12448,14011.85,4,1,0,1,0.0,0.52,-6.0,315.38,0.774,0.161,Peak,1,0,Mon,0,0,0,0,0,54,40,490250.08,0.7407,0,1,159,0.302,Moderate,0,0,100.0,0.2353
L-202510-27123,Lost,Social Event,Family Reunion Weekend,Wedding/Social,In-person,Rooms Only,Travel,Travel/Hospitality,Sales Call,Low,2025-03-05,2025-04-07,30,2025-10-29,2025-10-30,1,238,27,27,29,0,,0,0,3,0.0,0.0,3,82.8,175.24,168.52,4550.04,0.0,0.0,4550.04,0,0.0,0.0,0.0,0.0,,0.0,Chose Another Venue,2025,10,3,58.2,41.8,1,106.91,141.63,248.54,248.54,141.63,1,0.0,27,0,0,0,0,0,0,0,0,0,0,,0,0,0.0,0.0,0,0,0.0,0,0,0,0,0.0,0.0,3.83,168.52,0.931,0.0,Peak,0,2,Wed,0,0,1,1,1,69,49,271365.62,0.7101,0,1,47,0.574,Moderate,0,0,93.3,0.0126
L-202510-15318,Lost,Cultural Journeys,Nature & Wildlife Tour,Corporate,In-person,Rooms Only,Professional Services,Professional Services,RFP,Medium,2025-09-13,2025-09-30,14,2025-10-31,2025-11-01,1,48,25,25,27,0,,1,1,3,0.0,0.0,1,81.2,169.42,166.17,4154.25,0.0,0.0,4154.25,0,0.0,0.0,0.0,0.0,,0.0,Dates Not Available,2025,10,4,64.0,36.0,0,153.55,126.94,280.49,0.0,126.94,1,0.0,25,0,0,0,0,0,0,0,0,0,0,,0,0,0.0,0.0,0,0,0.0,0,0,0,0,0.0,0.0,1.92,166.17,0.926,0.0,Peak,0,4,Fri,1,0,1,1,0,18,16,99630.94,0.8889,0,1,118,0.212,Low,0,0,93.3,0.0625
L-202510-66479,Lost,Insurance Federation,Networking Summit,Association,In-person,Full Package,Association,Association,Cvent,Low,2025-05-14,2025-06-23,28,2025-10-31,2025-11-03,3,170,99,297,135,1,Grand Ballroom,1,1,12,1.0,17014.83,3,82.8,173.08,168.57,50065.29,8500.54,22298.54,80864.37,0,0.0,0.0,0.0,0.0,,0.0,Canceled by Client,2025,10,4,74.0,26.0,1,108.81,124.04,232.85,232.85,124.04,2,4.8,90,99,88,0,1,2,1,8,1,0,1,Theater,2,0,1.65,2256.37,578,1096,3420.93,1,0,0,0,0.0,0.56,2.61,272.27,0.733,0.074,Peak,0,4,Fri,1,0,0,0,0,42,29,658738.68,0.6905,0,1,89,1.0,High,1,1,100.0,0.0706
L-202511-19567,Lost,Family Celebration,Charity Gala,Wedding/Social,In-person,Full Package,Social,Social/Private,Referral,Low,2025-05-29,2025-07-18,41,2025-11-10,2025-11-11,1,165,30,30,38,1,Breakout Room,1,1,9,0.0,0.0,2,72.9,157.17,142.19,4265.7,2703.1,2844.2,9813.0,0,0.0,0.0,0.0,0.0,,0.0,Client Went Direct,2025,11,4,71.8,28.2,1,117.97,119.56,237.53,149.73,128.76,1,0.0,30,0,0,0,1,1,1,12,0,0,1,Banquet,3,1,2.75,382.02,229,1686,4075.39,3,0,0,0,0.0,0.95,9.53,327.1,0.789,0.263,Shoulder,0,0,Mon,0,0,1,0,1,75,63,358608.42,0.84,0,1,220,0.136,Low,0,0,93.3,0.0545
L-202511-64106,Lost,Pharmaceutical Partners,Customer Advisory Board,Corporate,In-person,Full Package,Professional Services,Professional Services,Website,Low,2025-08-20,2025-09-04,8,2025-11-10,2025-11-12,2,82,14,28,16,1,Breakout Room,1,0,7,1.0,20012.96,4,69.8,158.7,140.28,3927.84,3060.0,1732.64,8720.48,0,0.0,0.0,0.0,0.0,,0.0,Canceled by Client,2025,11,3,57.9,42.1,1,50.54,129.32,179.86,179.86,129.32,2,50.0,7,14,0,0,1,6,3,24,0,0,1,Classroom,0,0,0.41,482.05,0,0,1054.09,0,0,0,0,100.0,0.4,11.61,311.45,0.875,0.625,Shoulder,0,0,Mon,0,0,0,0,1,57,41,587341.32,0.7193,0,1,220,0.064,Low,0,0,100.0,0.0854
L-202511-64256,Lost,Accounting Institute,Certification Training,Association,In-person,Full Package,Association,Association,Referral,Medium,2025-03-04,2025-04-05,25,2025-11-12,2025-11-14,2,253,104,208,122,1,Grand Ballroom,1,0,7,0.0,0.0,4,69.4,167.61,140.7,29265.6,7362.86,13138.0,49766.46,0,0.0,0.0,0.0,0.0,,0.0,Lost to Competition,2025,11,2,71.9,28.1,1,54.18,117.51,171.69,171.69,117.51,2,7.7,96,104,0,0,1,4,3,24,1,0,1,Classroom,3,1,2.89,2307.74,1190,8928,10740.44,3,0,0,0,0.0,0.51,16.06,239.26,0.852,0.082,Shoulder,0,2,Wed,0,0,1,0,1,48,42,853392.09,0.875,0,1,118,0.881,High,1,0,93.3,0.0277
L-202511-85599,Lost,Professional Services Group,Regional Team Meeting,Corporate,Hybrid,Full Package,Finance,Finance,Repeat Client,Low,2025-08-26,2025-09-12,7,2025-11-15,2025-11-18,3,81,69,207,86,1,Half Ballroom,1,0,10,0.0,0.0,4,79.4,195.51,177.9,36825.3,8677.56,14575.79,60078.65,0,0.0,0.0,0.0,0.0,,0.0,Budget Constraints,2025,11,3,68.7,31.3,1,88.34,131.39,219.73,219.73,131.39,2,6.1,66,69,59,0,1,7,3,24,1,0,1,Theater,3,1,2.89,891.2,141,0,846.12,0,0,0,0,100.0,0.72,9.01,290.24,0.802,0.116,Peak,0,5,Sat,1,1,1,0,1,53,41,494950.29,0.7736,0,1,80,0.862,High,1,0,93.3,0.1235
L-202511-61328,Lost,Technology Innovators,Management Training,Corporate,In-person,Full Package,Finance,Finance,Third-Party Planner,Low,2025-08-23,2025-09-17,14,2025-11-17,2025-11-19,2,86,68,136,81,1,Half Ballroom,1,0,11,1.0,49956.7,4,71.5,164.34,159.84,21738.24,6700.71,9158.64,37597.59,0,0.0,0.0,0.0,0.0,,0.0,Lost to Competition,2025,11,4,62.4,37.6,1,120.43,158.31,278.74,250.4,159.32,2,4.4,65,68,0,0,1,4,2,24,1,0,1,Theater,0,0,0.39,1379.41,0,7820,8529.0,5,0,0,0,100.0,0.68,2.74,276.45,0.84,0.123,Shoulder,0,0,Mon,0,0,0,0,0,51,39,519288.05,0.7647,0,1,148,0.459,Moderate,0,0,100.0,0.1279
L-202511-79884,Lost,Real Estate Board,State Convention,Association,Hybrid,Meeting Only,Other,Other,Repeat Client,Low,2025-03-20,2025-04-14,20,2025-11-19,2025-11-22,3,244,0,0,99,1,Half Ballroom,1,1,5,0.0,0.0,1,68.8,160.13,0.0,0.0,10231.25,15164.76,25396.01,0,0.0,0.0,0.0,0.0,,0.0,Space Not Adequate,2025,11,0,0.0,0.0,0,0.0,0.0,0.0,0.0,0.0,0,0.0,0,0,0,0,2,2,1,8,1,0,1,Theater,3,1,2.96,1803.66,91,0,739.72,0,0,0,0,100.0,0.82,100.0,,0.0,0.202,Shoulder,0,2,Wed,0,1,1,1,1,49,39,813127.37,0.7959,0,1,0,,Unknown,0,0,80.0,0.0205
L-202511-43879,Lost,Accounting Institute,Industry Forum,Association,Hybrid,Full Package,Healthcare,Healthcare,Cvent,Low,2025-01-26,2025-03-04,27,2025-11-27,2025-11-30,3,305,56,168,71,1,Half Ballroom,1,0,10,0.0,0.0,1,65.0,170.53,145.21,24395.28,8598.65,14287.09,47281.02,0,0.0,0.0,0.0,0.0,,0.0,Space Not Adequate,2025,11,3,60.9,39.1,0,136.62,123.41,260.03,0.0,129.96,2,8.3,45,56,48,0,2,1,1,8,1,0,1,Classroom,0,0,0.43,1619.47,0,0,2380.14,0,0,0,0,100.0,0.59,14.85,281.43,0.789,0.282,Shoulder,0,3,Thu,0,0,1,0,1,49,42,853392.09,0.8571,0,1,140,0.4,Moderate,0,0,93.3,0.0328
L-202511-56631,Lost,State Medical Association,Board Retreat,Association,Hybrid,Full Package,Government,Government,Sales Call,Low,2025-02-04,2025-03-14,26,2025-11-29,2025-12-03,4,298,76,304,86,1,Half Ballroom,1,0,12,0.0,0.0,3,68.1,165.25,144.63,43967.52,11261.64,16172.45,71401.61,0,0.0,0.0,0.0,0.0,,0.0,Chose Another Venue,2025,11,4,60.3,39.7,1,105.36,160.33,265.69,208.04,265.69,2,5.1,70,76,71,65,2,5,3,24,1,0,1,Classroom,2,0,1.69,1587.82,1400,1850,3673.17,1,0,0,0,50.0,0.72,12.48,234.87,0.884,0.233,Shoulder,0,5,Sat,1,0,1,0,1,61,52,1150120.87,0.8525,0,1,98,0.776,High,1,0,93.3,0.0403
L-202511-62891,Lost,Financial Services Group,Sales Kickoff,Corporate,Hybrid,Full Package,Legal,Legal,Referral,Medium,2025-09-21,2025-10-15,14,2025-11-29,2025-12-01,2,69,35,70,44,1,Half Ballroom,1,0,10,1.0,8644.24,2,66.0,168.06,148.33,10383.1,5081.87,5026.25,20491.22,0,0.0,0.0,0.0,0.0,,0.0,Budget Constraints,2025,11,4,54.8,45.2,1,125.48,132.02,257.5,211.47,132.02,2,17.1,29,35,0,0,1,1,2,8,1,0,1,Theater,3,1,2.87,981.38,420,1412,4183.86,4,0,0,0,100.0,0.37,11.74,292.73,0.795,0.227,Shoulder,0,5,Sat,1,0,0,0,1,55,40,490250.08,0.7273,0,1,98,0.357,Moderate,0,0,100.0,0.1449
L-202512-35546,Lost,Local School District,Faith-Based Conference,SMERF,Hybrid,Meeting Only,SMERF,SMERF,Sales Call,High,2025-09-23,2025-10-23,21,2025-12-02,2025-12-04,2,70,0,0,83,1,Half Ballroom,0,1,9,0.0,0.0,1,43.0,150.01,0.0,0.0,4815.72,5368.99,10184.71,0,0.0,0.0,0.0,0.0,,0.0,Space Not Adequate,2025,12,0,0.0,0.0,0,0.0,0.0,0.0,0.0,0.0,0,0.0,0,0,0,0,2,5,2,16,1,0,1,Theater,0,0,0.08,1437.74,0,0,2622.08,0,0,0,0,0.0,0.69,100.0,,0.0,0.241,Low,0,1,Tue,0,0,1,0,1,23,18,138231.38,0.7826,0,1,190,0.0,Low,0,0,80.0,0.1286
L-202512-22368,Lost,Professional Services Group,Leadership Summit,Corporate,Hybrid,Full Package,Trade/Manufacturing,Trade/Manufacturing,Website,Medium,2025-09-27,2025-10-18,7,2025-12-06,2025-12-09,3,70,54,162,72,1,Half Ballroom,1,0,14,1.0,40465.75,3,44.6,152.79,110.01,17821.62,8777.89,12162.57,38762.08,0,0.0,0.0,0.0,0.0,,0.0,Lost to Competition,2025,12,3,68.9,31.1,1,70.01,101.3,171.31,171.31,101.3,2,8.3,43,54,49,0,2,6,3,36,1,0,1,Banquet,2,0,2.05,1811.52,968,2124,6443.72,2,0,0,0,100.0,0.6,28.0,239.27,0.75,0.278,Low,0,5,Sat,1,0,0,0,1,56,43,521515.21,0.7679,0,1,183,0.295,Moderate,0,0,100.0,0.2
L-202512-76517,Lost,TechCorp Solutions,Strategic Planning Retreat,Corporate,Hybrid,Rooms Only,Healthcare,Healthcare,Sales Call,Medium,2025-11-10,2025-11-29,13,2025-12-20,2025-12-22,2,40,55,110,60,0,,1,0,6,0.0,0.0,1,43.2,150.21,108.15,11896.5,0.0,0.0,11896.5,0,0.0,0.0,0.0,0.0,,0.0,Chose Another Venue,2025,12,3,65.4,34.6,1,75.15,97.58,172.73,172.73,97.58,2,16.4,46,55,0,0,0,0,0,0,0,0,0,,0,0,0.0,0.0,0,0,0.0,0,0,0,0,0.0,0.0,28.0,108.15,0.917,0.0,Low,0,5,Sat,1,0,1,0,1,46,33,360658.58,0.7174,0,1,142,0.387,Moderate,0,0,93.3,0.15
L-202512-70629,Lost,Nursing Council,Continuing Education Conference,Association,In-person,Full Package,Association,Association,Sales Call,Low,2025-05-02,2025-06-10,26,2025-12-22,2025-12-24,2,234,64,128,86,1,Half Ballroom,1,0,13,1.0,52601.19,3,44.6,147.49,106.19,13592.32,5319.14,7930.46,26841.92,0,0.0,0.0,0.0,0.0,,0.0,Budget Constraints,2025,12,3,59.1,40.9,1,111.79,116.13,227.92,156.8,116.13,2,1.6,63,64,0,0,2,3,3,24,1,0,1,Classroom,2,0,2.11,1839.35,1015,4122,7277.93,3,0,0,0,100.0,0.72,28.0,209.7,0.744,0.233,Low,0,0,Mon,0,0,0,0,1,51,35,602346.01,0.6863,0,1,92,0.696,High,1,0,100.0,0.0556
