RFP_ID,Num_Meeting_Rooms,Num_Sessions,Num_Meeting_Days,Total_Meeting_Hours,Uses_Ballroom,Uses_Boardroom,Num_Setup_Styles,Primary_Setup,Max_AV_Level,Has_Premium_AV,Avg_AV_Level,Total_Room_Rental,Total_AV_Cost,Total_Session_FnB,Total_Meeting_Cost,Num_FnB_Types,Has_Dinner,Has_Reception,Has_Evening_Session,Full_Day_Pct,Avg_Room_Utilization
B-202301-62227,2,4,1,16,1,0,1,Theater,2,0,1.25,1444.6,850,240,2426.73,1,0,0,0,0.0,0.72
B-202301-54473,1,6,3,36,1,0,1,Classroom,3,1,1.83,1071.84,2000,6340,11079.97,5,0,0,0,50.0,0.92
B-202301-75909,2,8,3,36,1,0,1,Classroom,3,1,1.88,1423.1,2700,6012,11594.45,5,0,0,0,12.5,0.68
B-202301-24371,2,2,2,16,1,0,1,Theater,1,0,1.0,1392.67,300,2800,4231.75,5,0,0,0,100.0,0.6
L-202301-84668,1,4,2,16,0,0,1,Classroom,2,0,2.09,567.86,312,6552,7269.2,3,0,0,0,100.0,0.65
B-202301-31174,2,6,3,36,1,0,1,Theater,3,1,2.17,1677.51,2500,5552,10825.17,5,0,0,0,50.0,0.68
B-202301-98696,0,0,0,0,0,0,0,,0,0,0.0,0.0,0,0,0.0,0,0,0,0,0.0,0.0
B-202301-13478,1,5,2,24,1,0,1,Theater,2,0,1.8,1321.36,1550,4494,7996.83,5,0,0,0,20.0,0.69
B-202301-14117,1,2,2,16,0,0,1,Classroom,2,0,2.0,351.69,700,4420,7092.61,3,0,0,0,100.0,0.85
B-202301-63354,2,2,2,16,1,0,1,Classroom,2,0,1.5,1853.97,500,2840,4513.27,4,0,0,0,100.0,0.6
B-202301-84364,1,3,3,24,1,0,1,Banquet,2,0,1.33,1384.39,650,4080,6507.65,5,0,0,0,100.0,0.47
B-202301-24168,1,2,2,16,1,0,1,Classroom,3,1,3.0,2243.7,1300,25110,31243.84,4,0,0,0,100.0,0.65
B-202301-84341,1,1,1,8,1,0,1,Classroom,2,0,2.0,1246.56,350,1248,2257.06,3,0,0,0,100.0,0.38
B-202301-89507,1,1,1,4,0,0,1,Reception,2,0,2.0,528.97,350,1485,2469.24,1,1,0,1,0.0,0.68
B-202301-67433,1,6,2,24,1,0,1,Theater,3,1,2.33,1258.37,2800,4712,9571.24,5,0,0,0,0.0,0.96
B-202301-97841,1,2,1,8,1,0,1,Classroom,1,0,1.0,1301.76,300,940,1944.12,2,0,0,0,0.0,0.36
B-202301-93886,1,1,1,4,1,0,1,Banquet,0,0,0.0,1318.29,0,1320,1670.75,1,1,0,1,0.0,0.34
B-202301-38016,1,1,1,4,0,0,1,Banquet,0,0,0.0,581.88,0,0,657.41,0,0,0,0,0.0,0.42
B-202301-82845,1,6,2,24,1,0,1,Theater,3,1,2.0,1238.61,2300,2940,7282.62,4,0,0,0,0.0,0.73
B-202301-44522,1,2,1,8,1,0,1,Banquet,1,0,1.0,1112.35,300,1320,2315.84,1,1,0,1,0.0,0.49
L-202301-83792,1,1,1,8,1,0,1,Classroom,1,0,0.95,1369.73,604,2976,5734.58,4,0,0,0,100.0,0.52
B-202301-19862,1,2,2,16,1,0,1,Banquet,2,0,2.0,1055.65,700,2568,4377.37,4,0,0,0,100.0,0.5
L-202301-11504,1,4,2,16,1,0,1,Banquet,3,1,2.71,1094.93,888,0,1916.76,0,0,0,0,0.0,0.55
B-202301-46265,1,5,2,24,1,0,1,Classroom,2,0,1.6,1152.53,1350,4440,7795.11,5,0,0,0,20.0,0.76
B-202301-46421,1,1,1,8,1,0,1,Classroom,3,1,3.0,1350.92,650,1248,2442.24,3,0,0,0,100.0,0.34
B-202301-93130,0,0,0,0,0,0,0,,0,0,0.0,0.0,0,0,0.0,0,0,0,0,0.0,0.0
B-202301-96673,1,2,2,16,0,0,1,Classroom,2,0,1.5,520.38,500,4712,7352.36,5,0,0,0,100.0,0.78
B-202301-86484,0,0,0,0,0,0,0,,0,0,0.0,0.0,0,0,0.0,0,0,0,0,0.0,0.0
B-202301-70217,1,2,2,16,0,0,1,Theater,2,0,2.0,473.65,700,1819,4451.02,4,0,0,0,100.0,0.42
L-202301-82132,1,2,2,16,1,0,1,Theater,0,0,0.32,853.36,0,5176,7570.82,4,0,0,0,100.0,0.38
B-202301-25860,1,2,1,8,0,1,1,Boardroom,2,0,1.0,398.69,350,540,2086.71,1,0,1,1,0.0,0.86
B-202301-99399,0,0,0,0,0,0,0,,0,0,0.0,0.0,0,0,0.0,0,0,0,0,0.0,0.0
B-202301-97782,2,3,3,24,1,0,1,Classroom,2,0,2.0,2009.0,1050,25608,34207.34,5,0,0,0,100.0,0.55
L-202301-27601,1,1,2,8,0,0,1,Banquet,3,1,2.65,360.22,119,1206,3592.53,2,0,0,0,100.0,0.88
L-202301-31299,1,8,3,36,1,0,1,Banquet,2,0,2.21,1175.5,917,11000,13820.87,5,1,1,1,100.0,0.38
B-202301-44237,1,3,3,24,0,0,1,Classroom,2,0,2.0,564.6,1050,4988,9212.45,4,0,0,0,100.0,0.72
B-202302-16826,1,2,1,8,0,0,1,Banquet,2,0,1.5,569.26,500,1155,2900.17,1,1,0,1,0.0,0.53
B-202302-40784,1,2,1,8,0,1,1,Boardroom,2,0,1.5,300.75,500,540,2226.56,1,0,1,1,0.0,0.86
B-202302-53369,2,2,1,12,1,0,1,Theater,2,0,1.5,1578.53,500,1848,3181.25,4,0,0,0,50.0,0.7
L-202302-44675,2,1,2,16,1,0,1,Theater,2,0,1.59,1587.4,1390,360,2303.39,1,0,0,0,0.0,0.91
B-202302-57472,1,3,1,12,1,0,1,Theater,3,1,2.0,1159.15,1150,2406,4638.09,3,0,0,0,0.0,0.78
B-202302-64548,1,3,3,24,1,0,1,Classroom,2,0,1.67,1364.52,850,5688,8397.04,4,0,0,0,100.0,0.51
B-202302-69048,0,0,0,0,0,0,0,,0,0,0.0,0.0,0,0,0.0,0,0,0,0,0.0,0.0
B-202302-47752,2,3,3,24,1,0,1,Theater,3,1,2.67,2872.58,1650,22984,32190.95,5,0,0,0,100.0,0.57
B-202302-74722,1,2,1,8,0,0,1,Theater,1,0,1.0,470.88,300,1551,3008.7,2,0,0,0,0.0,0.82
L-202302-62488,1,3,3,24,0,0,1,Theater,3,1,2.66,483.26,884,6012,8311.45,3,0,0,0,100.0,0.72
B-202302-80236,1,2,2,16,1,0,1,Theater,1,0,1.0,1296.11,300,2808,4372.62,5,0,0,0,100.0,0.34
B-202302-80798,0,0,0,0,0,0,0,,0,0,0.0,0.0,0,0,0.0,0,0,0,0,0.0,0.0
B-202302-97062,2,1,1,8,1,0,1,Classroom,2,0,2.0,1521.07,350,1560,2512.17,3,0,0,0,100.0,0.51
B-202302-82667,1,4,2,16,0,0,1,Theater,2,0,1.75,572.47,1200,1180,4871.14,2,0,0,0,0.0,0.5
B-202302-96900,1,1,1,8,0,0,1,Classroom,2,0,2.0,435.55,350,3045,4428.78,4,0,0,0,100.0,0.88
L-202302-35995,1,2,2,16,1,0,1,Banquet,2,0,1.66,896.03,676,3270,5759.99,5,1,0,1,0.0,0.62
L-202302-82140,1,2,2,16,0,0,1,Classroom,0,0,0.25,481.38,0,0,732.15,0,0,0,0,50.0,0.62
L-202302-85454,2,2,1,8,1,0,1,Classroom,2,0,1.72,1548.59,216,1728,4033.01,2,0,0,0,100.0,0.51
B-202302-42406,1,2,1,8,0,0,1,Classroom,2,0,2.0,510.05,700,432,2291.43,1,0,0,0,0.0,0.97
B-202302-59692,0,0,0,0,0,0,0,,0,0,0.0,0.0,0,0,0.0,0,0,0,0,0.0,0.0
B-202302-70910,1,2,1,12,1,0,1,Theater,2,0,2.0,1309.87,700,1590,3220.51,3,0,0,0,50.0,0.86
B-202302-87656,0,0,0,0,0,0,0,,0,0,0.0,0.0,0,0,0.0,0,0,0,0,0.0,0.0
B-202302-98555,1,1,1,8,1,0,1,Classroom,2,0,2.0,861.11,350,2088,3043.11,4,0,0,0,100.0,0.42
B-202302-56105,2,8,3,36,1,0,1,Theater,2,0,1.5,1564.91,2000,6004,10815.42,5,0,0,0,12.5,0.95
B-202302-67125,1,2,2,16,1,0,1,Theater,3,1,2.5,1074.99,1000,2800,4971.01,5,0,0,0,100.0,0.6
B-202302-49829,0,0,0,0,0,0,0,,0,0,0.0,0.0,0,0,0.0,0,0,0,0,0.0,0.0
B-202302-74451,2,1,1,8,1,0,1,Banquet,2,0,2.0,1423.48,350,360,1318.45,1,0,0,0,100.0,0.52
B-202302-26544,0,0,0,0,0,0,0,,0,0,0.0,0.0,0,0,0.0,0,0,0,0,0.0,0.0
L-202302-23006,1,8,3,24,0,0,1,Classroom,0,0,0.44,399.15,0,0,767.51,0,0,0,0,0.0,0.72
L-202302-25157,2,1,1,8,1,0,1,Classroom,2,0,1.96,3033.61,1371,2373,8636.66,3,0,0,0,0.0,0.68
B-202302-68743,1,1,1,8,0,0,1,Theater,2,0,2.0,507.62,350,2700,4058.34,3,0,0,0,100.0,0.95
L-202302-74340,1,2,3,36,1,0,1,Classroom,2,0,1.58,1243.69,1469,318,2866.5,1,0,0,0,0.0,0.63
L-202302-70552,1,2,1,8,1,0,1,Banquet,2,0,2.35,977.63,1118,0,3609.87,0,0,0,0,0.0,0.37
B-202302-33053,1,3,3,24,0,0,1,Theater,3,1,2.33,541.5,1350,8244,12622.8,5,0,0,0,100.0,0.97
B-202302-89415,1,1,1,4,0,1,1,Boardroom,2,0,2.0,339.03,350,770,1760.6,1,1,0,1,0.0,1.0
L-202302-45325,2,5,3,36,1,0,1,Classroom,3,1,2.53,1495.39,152,3900,5447.52,4,1,1,1,100.0,0.57
L-202302-90301,0,0,0,0,0,0,0,,0,0,0.0,0.0,0,0,0.0,0,0,0,0,0.0,0.0
B-202302-46655,1,2,2,16,1,0,1,Classroom,3,1,2.5,1877.74,1000,14229,20435.23,4,0,0,0,100.0,0.64
L-202302-15383,1,2,1,8,1,0,1,Classroom,2,0,2.41,1011.73,932,2052,4003.58,2,0,0,0,100.0,0.52
B-202302-17816,2,4,2,24,1,0,1,Theater,3,1,2.25,1680.81,1800,3800,7407.75,4,0,0,0,50.0,0.71
B-202302-39816,2,2,2,16,1,0,1,Theater,2,0,2.0,1326.6,700,1900,3795.27,3,0,0,0,100.0,0.62
B-202302-18564,2,2,2,16,1,0,1,Theater,3,1,2.5,2506.91,1000,19760,25486.21,5,0,0,0,100.0,0.54
B-202303-37686,1,5,2,24,1,0,1,Classroom,3,1,1.8,1188.09,1750,4000,7684.62,5,0,0,0,20.0,1.0
B-202303-34878,1,6,2,24,1,0,1,Theater,3,1,2.17,1034.9,2500,4782,9244.23,5,0,0,0,0.0,0.73
L-202303-52823,1,1,1,8,1,0,1,Classroom,3,1,2.54,963.64,840,1504,2808.01,2,0,0,0,100.0,0.62
L-202303-85248,1,4,3,24,0,1,1,Boardroom,3,1,2.59,395.26,247,8088,8736.73,3,0,0,0,50.0,0.93
B-202303-50499,1,3,3,24,1,0,1,Classroom,2,0,2.0,960.38,1050,3200,6056.6,4,0,0,0,100.0,0.62
B-202303-60140,2,5,2,24,1,0,1,Theater,3,1,2.4,1645.11,2350,4744,8917.91,4,0,0,0,20.0,0.82
L-202303-63841,1,1,2,8,1,0,1,Classroom,2,0,1.57,1264.15,1260,948,3609.87,2,0,0,0,0.0,0.48
L-202303-84000,1,2,2,24,0,0,1,Theater,0,0,0.08,450.24,0,4392,5139.62,3,0,0,0,100.0,0.57
B-202303-64387,1,3,3,24,1,0,1,Theater,2,0,2.0,2071.47,1050,22451,31030.46,5,0,0,0,100.0,0.6
B-202303-65176,0,0,0,0,0,0,0,,0,0,0.0,0.0,0,0,0.0,0,0,0,0,0.0,0.0
B-202303-99889,1,2,2,16,1,0,1,Theater,2,0,1.5,998.14,500,2280,4006.34,3,0,0,0,100.0,0.44
L-202303-25220,1,1,2,16,1,0,1,Theater,2,0,2.15,1380.35,820,874,2848.61,2,0,0,0,0.0,0.87
B-202303-18609,1,1,1,8,0,0,1,Classroom,3,1,3.0,353.83,650,1694,3257.67,4,0,0,0,100.0,0.55
L-202303-62262,0,0,0,0,0,0,0,,0,0,0.0,0.0,0,0,0.0,0,0,0,0,0.0,0.0
L-202303-30232,1,3,2,16,1,0,1,Theater,3,1,2.96,1232.98,1126,840,2817.66,1,0,0,0,50.0,0.47
B-202303-14082,1,3,2,12,0,0,1,Banquet,2,0,1.67,569.9,850,1595,4206.55,1,1,0,1,0.0,0.72
B-202303-40947,0,0,0,0,0,0,0,,0,0,0.0,0.0,0,0,0.0,0,0,0,0,0.0,0.0
B-202303-90623,0,0,0,0,0,0,0,,0,0,0.0,0.0,0,0,0.0,0,0,0,0,0.0,0.0
B-202303-98125,2,3,3,24,1,0,1,Classroom,3,1,2.0,1782.67,1150,4320,7266.81,5,0,0,0,100.0,0.63
B-202303-22999,2,2,1,12,1,0,1,Theater,2,0,2.0,1538.94,700,2064,3694.32,4,0,0,0,50.0,0.86
B-202303-64459,1,1,1,4,0,0,1,Classroom,1,0,1.0,492.64,150,0,730.87,0,0,0,0,0.0,0.5
B-202303-97562,1,3,3,24,1,0,1,Classroom,3,1,2.67,943.19,1650,4780,8164.48,5,0,0,0,100.0,0.36
B-202303-63476,1,2,1,8,0,1,1,Boardroom,2,0,2.0,338.02,700,605,2565.66,1,1,0,1,0.0,0.79
B-202303-30253,1,6,2,24,1,0,1,Theater,3,1,2.0,1278.46,2200,3960,8137.71,4,0,0,0,0.0,0.89
B-202303-93904,2,5,2,24,1,0,1,Theater,2,0,2.0,1428.68,1750,4464,8216.61,5,0,0,0,20.0,0.91
L-202303-83620,2,7,3,24,1,0,1,Classroom,0,0,0.03,1356.94,0,7938,9197.85,3,0,0,0,0.0,0.87
B-202303-42850,1,2,2,16,1,0,1,Classroom,2,0,1.0,1330.57,350,1640,3184.66,2,0,0,0,100.0,0.43
B-202303-47667,1,3,1,12,1,0,1,Theater,3,1,2.0,870.0,1150,2052,4202.08,4,0,0,0,0.0,0.69
L-202303-18799,1,2,1,4,1,0,1,Classroom,3,1,2.75,1298.92,44,6296,7486.59,4,1,0,1,0.0,0.42
L-202303-27275,0,0,0,0,0,0,0,,0,0,0.0,0.0,0,0,0.0,0,0,0,0,0.0,0.0
B-202303-59308,0,0,0,0,0,0,0,,0,0,0.0,0.0,0,0,0.0,0,0,0,0,0.0,0.0
B-202303-55242,2,3,3,24,1,0,1,Classroom,3,1,2.33,1604.02,1350,4100,7325.21,5,0,0,0,100.0,0.67
L-202303-10371,2,2,2,16,1,0,1,Classroom,2,0,1.98,2140.61,1176,1340,4219.94,2,0,0,0,50.0,0.61
B-202303-73156,1,2,1,8,0,0,1,Banquet,0,0,0.0,457.94,0,1665,2899.0,1,0,1,1,0.0,0.93
B-202303-60422,1,3,3,24,1,0,1,Classroom,3,1,2.67,1094.44,1650,4656,8203.55,5,0,0,0,100.0,0.47
B-202303-79942,2,2,2,16,1,0,1,Theater,2,0,1.5,1699.21,500,1680,3414.71,3,0,0,0,100.0,0.62
B-202303-80592,1,2,2,16,1,0,1,Classroom,2,0,1.5,839.32,500,3048,4730.72,4,0,0,0,100.0,0.41
B-202303-30632,2,2,1,12,1,0,1,Theater,2,0,2.0,1366.47,700,1828,3390.75,4,0,0,0,50.0,0.93
B-202303-52516,1,2,1,8,0,0,1,Banquet,1,0,0.5,526.04,150,1815,3085.54,1,1,0,1,0.0,0.82
B-202303-81643,1,2,1,8,0,0,1,Banquet,1,0,1.0,510.88,300,1265,2690.07,1,1,0,1,0.0,0.57
B-202303-94889,1,2,1,12,1,0,1,Theater,3,1,2.5,864.5,1000,2520,4452.85,3,0,0,0,50.0,0.88
B-202303-50953,1,1,1,8,0,0,1,Theater,3,1,3.0,490.78,650,2772,4484.75,4,0,0,0,100.0,0.9
B-202303-75836,1,1,1,4,0,0,1,Banquet,0,0,0.0,467.15,0,1155,1761.46,1,1,0,1,0.0,0.53
B-202303-83048,0,0,0,0,0,0,0,,0,0,0.0,0.0,0,0,0.0,0,0,0,0,0.0,0.0
L-202304-75410,2,1,1,8,1,0,1,Classroom,0,0,0.07,1351.14,0,380,2783.63,1,0,0,0,0.0,0.77
B-202304-15741,1,2,2,16,1,0,1,Classroom,3,1,2.5,2430.47,1000,17664,23981.64,4,0,0,0,100.0,0.57
B-202304-35048,1,2,1,12,1,0,1,Theater,1,0,1.0,993.13,300,2292,3462.21,4,0,0,0,50.0,0.96
B-202304-40932,0,0,0,0,0,0,0,,0,0,0.0,0.0,0,0,0.0,0,0,0,0,0.0,0.0
B-202304-98652,1,4,3,16,1,0,1,Banquet,2,0,1.0,1201.66,650,1320,3369.2,1,1,0,1,0.0,0.36
B-202304-23875,1,3,3,24,1,0,1,Classroom,2,0,2.0,1169.96,1050,5160,8042.78,5,0,0,0,100.0,0.45
B-202304-24945,2,3,1,16,1,0,1,Theater,1,0,0.67,1853.98,300,432,1879.96,1,0,0,0,33.3,0.68
B-202304-72739,1,10,4,48,1,0,1,Classroom,3,1,1.8,1053.53,3200,7600,14722.16,5,0,0,0,20.0,0.77
B-202304-35856,1,2,1,8,0,0,1,Banquet,0,0,0.0,446.86,0,2035,3238.41,1,1,0,1,0.0,0.93
B-202304-41147,1,2,2,16,0,0,1,Classroom,2,0,2.0,508.29,700,4608,7428.16,4,0,0,0,100.0,0.97
L-202304-90534,1,2,1,4,0,0,1,Classroom,3,1,2.85,488.31,215,3504,5232.72,3,0,0,0,50.0,0.9
B-202304-21221,0,0,0,0,0,0,0,,0,0,0.0,0.0,0,0,0.0,0,0,0,0,0.0,0.0
B-202304-89254,0,0,0,0,0,0,0,,0,0,0.0,0.0,0,0,0.0,0,0,0,0,0.0,0.0
B-202304-28030,1,2,2,16,1,0,1,Classroom,2,0,1.5,1249.61,500,3072,4768.96,4,0,0,0,100.0,0.41
B-202304-92346,0,0,0,0,0,0,0,,0,0,0.0,0.0,0,0,0.0,0,0,0,0,0.0,0.0
B-202304-17518,1,2,1,8,1,0,1,Banquet,2,0,1.5,1317.96,500,1080,2276.7,1,0,1,1,0.0,0.52
B-202304-52291,2,2,2,16,1,0,1,Classroom,3,1,2.5,1445.35,1000,2100,4235.38,5,0,0,0,100.0,0.57
L-202304-96787,2,5,2,8,1,0,1,Theater,2,0,1.8,1728.35,771,5700,7249.65,3,0,0,0,0.0,0.68
B-202304-52981,1,3,3,24,1,0,1,Classroom,3,1,2.67,1173.29,1650,3120,6617.6,4,0,0,0,100.0,0.5
B-202304-20057,1,3,3,24,0,0,1,Classroom,3,1,2.33,571.88,1350,7380,11823.67,5,0,0,0,100.0,0.97
B-202304-47079,1,2,1,8,1,0,1,Reception,1,0,0.5,822.1,150,1320,2158.56,1,1,0,1,0.0,0.39
B-202304-51770,2,5,2,24,1,0,1,Classroom,3,1,2.0,1746.1,1850,4614,8432.35,4,0,0,0,20.0,0.91
B-202304-94252,1,3,2,12,0,0,1,Reception,2,0,1.33,452.7,700,2200,4690.97,1,1,0,1,0.0,1.0
B-202304-58567,1,4,2,24,1,0,1,Theater,3,1,2.0,1132.18,1500,4352,7625.82,5,0,0,0,50.0,0.68
L-202304-15706,0,0,0,0,0,0,0,,0,0,0.0,0.0,0,0,0.0,0,0,0,0,0.0,0.0
B-202304-17852,1,2,2,16,1,0,1,Classroom,2,0,1.5,970.03,500,2340,4062.81,5,0,0,0,100.0,0.53
L-202304-81509,1,2,1,12,1,0,1,Banquet,2,0,1.7,1103.05,1383,7630,12691.04,5,0,0,0,100.0,0.5
B-202304-15130,0,0,0,0,0,0,0,,0,0,0.0,0.0,0,0,0.0,0,0,0,0,0.0,0.0
B-202304-36342,1,1,1,4,0,1,1,Boardroom,0,0,0.0,261.53,0,605,1145.62,1,1,0,1,0.0,0.79
B-202304-47243,1,1,1,4,1,0,1,Reception,0,0,0.0,1088.27,0,1320,1648.17,1,1,0,1,0.0,0.4
B-202304-41711,0,0,0,0,0,0,0,,0,0,0.0,0.0,0,0,0.0,0,0,0,0,0.0,0.0
B-202304-18511,1,2,2,16,0,0,1,Classroom,2,0,1.5,419.39,500,3638,6035.42,4,0,0,0,100.0,0.85
B-202304-26821,1,1,1,8,1,0,1,Theater,3,1,3.0,1349.46,650,1560,2840.85,3,0,0,0,100.0,0.42
B-202304-58623,2,7,3,36,1,0,1,Classroom,2,0,1.57,1519.04,1850,5488,10058.7,5,0,0,0,28.6,0.75
B-202304-91006,1,2,2,8,0,0,1,Reception,2,0,1.5,521.69,500,1100,2854.67,1,1,0,1,0.0,0.5
B-202304-99838,1,1,1,8,1,0,1,Classroom,2,0,2.0,1006.11,350,2088,2983.95,4,0,0,0,100.0,0.67
L-202304-83989,1,5,2,8,1,0,1,Classroom,2,0,1.58,821.37,1156,8595,10729.9,3,0,0,0,50.0,0.62
B-202304-26341,0,0,0,0,0,0,0,,0,0,0.0,0.0,0,0,0.0,0,0,0,0,0.0,0.0
L-202304-74382,1,2,2,24,0,0,1,Theater,2,0,2.09,350.54,1094,972,3382.12,1,0,0,0,100.0,0.9
B-202304-60678,0,0,0,0,0,0,0,,0,0,0.0,0.0,0,0,0.0,0,0,0,0,0.0,0.0
B-202304-68799,1,2,2,16,1,0,1,Classroom,2,0,2.0,1371.05,700,3336,5218.02,4,0,0,0,100.0,0.5
B-202304-17362,0,0,0,0,0,0,0,,0,0,0.0,0.0,0,0,0.0,0,0,0,0,0.0,0.0
B-202304-65640,0,0,0,0,0,0,0,,0,0,0.0,0.0,0,0,0.0,0,0,0,0,0.0,0.0
B-202304-39102,1,2,2,16,1,0,1,Theater,3,1,3.0,2113.71,1300,19320,25381.65,5,0,0,0,100.0,0.57
L-202304-15399,1,7,3,24,1,0,1,Classroom,2,0,1.79,1101.9,288,21896,22718.34,4,1,0,1,0.0,0.76
B-202304-58213,0,0,0,0,0,0,0,,0,0,0.0,0.0,0,0,0.0,0,0,0,0,0.0,0.0
B-202304-95437,2,4,2,24,1,0,1,Theater,3,1,2.25,1665.02,1700,4248,7725.02,4,0,0,0,50.0,0.88
B-202305-46010,1,4,2,16,1,0,1,Classroom,2,0,1.5,931.1,1000,1400,3807.46,1,0,0,0,0.0,0.52
B-202305-48669,1,3,3,24,1,0,1,Classroom,3,1,2.67,889.18,1650,5208,8660.13,5,0,0,0,100.0,0.34
B-202305-69770,1,2,2,16,1,0,1,Classroom,2,0,1.5,1236.1,500,3936,5683.35,5,0,0,0,100.0,0.42
B-202305-89007,0,0,0,0,0,0,0,,0,0,0.0,0.0,0,0,0.0,0,0,0,0,0.0,0.0
B-202305-20358,1,2,2,8,1,0,1,Classroom,1,0,1.0,1201.48,300,0,970.56,0,0,0,0,0.0,0.43
B-202305-40427,1,1,1,4,0,1,1,Boardroom,2,0,2.0,394.64,350,630,1573.93,1,0,1,1,0.0,1.0
B-202305-64950,1,2,1,12,1,0,1,Theater,3,1,2.5,1339.84,1000,1806,3727.84,4,0,0,0,50.0,0.72
B-202305-74866,0,0,0,0,0,0,0,,0,0,0.0,0.0,0,0,0.0,0,0,0,0,0.0,0.0
B-202305-98299,1,5,2,24,1,0,1,Theater,3,1,2.0,891.11,1850,4422,8267.17,5,0,0,0,20.0,0.97
B-202305-22502,1,2,2,8,0,0,1,Banquet,1,0,1.0,400.34,300,1815,3398.86,1,1,0,1,0.0,0.82
B-202305-28018,0,0,0,0,0,0,0,,0,0,0.0,0.0,0,0,0.0,0,0,0,0,0.0,0.0
B-202305-86434,1,1,1,8,1,0,1,Banquet,2,0,2.0,1389.38,350,2088,3030.58,4,0,0,0,100.0,0.43
B-202305-34101,1,6,2,24,1,0,1,Classroom,3,1,1.67,1172.05,1800,4064,7903.83,5,0,0,0,0.0,0.82
B-202305-86917,2,1,1,8,1,0,1,Theater,2,0,2.0,1576.13,350,2088,3027.8,4,0,0,0,100.0,0.54
B-202305-51116,2,2,2,16,1,0,1,Classroom,2,0,1.5,1640.97,500,2300,3921.61,4,0,0,0,100.0,0.61
L-202305-46569,1,4,2,16,0,1,1,Boardroom,3,1,2.87,315.2,579,3480,4707.07,2,0,0,0,100.0,0.36
B-202305-84289,1,2,1,8,0,1,1,Boardroom,2,0,1.5,275.66,500,440,2041.42,1,1,0,1,0.0,0.57
B-202305-81361,2,3,3,24,1,0,1,Classroom,2,0,1.67,1508.78,850,3880,6631.02,5,0,0,0,100.0,0.63
B-202305-85088,1,2,2,16,1,0,1,Classroom,2,0,2.0,1210.64,700,1992,3953.4,3,0,0,0,100.0,0.57
L-202305-12009,1,1,2,24,0,0,1,Banquet,1,0,0.97,445.58,337,0,3153.34,0,0,0,0,100.0,0.82
B-202305-10680,2,3,1,12,1,0,1,Classroom,3,1,2.33,1543.08,1350,1320,3625.26,3,0,0,0,0.0,0.73
B-202305-19637,2,7,3,36,1,0,1,Classroom,3,1,1.86,1185.89,2350,5368,10568.93,5,0,0,0,28.6,0.73
L-202305-60132,1,5,2,16,1,0,1,Classroom,3,1,2.68,930.94,304,0,729.65,0,0,0,0,100.0,0.81
B-202305-17355,1,2,1,8,0,0,1,Classroom,2,0,2.0,411.61,700,264,2203.69,1,0,0,0,0.0,0.55
B-202305-42208,2,3,1,12,1,0,1,Reception,2,0,1.33,1348.83,650,2310,4004.7,1,1,0,1,0.0,0.79
B-202305-54444,1,1,1,4,1,0,1,Classroom,1,0,1.0,1000.26,150,0,530.48,0,0,0,0,0.0,0.58
L-202305-82362,1,1,1,8,0,1,1,Boardroom,1,0,0.7,362.13,1116,756,2450.2,3,0,0,0,50.0,0.64
B-202305-39002,1,1,1,4,0,0,1,Reception,0,0,0.0,489.96,0,1650,2192.06,1,1,0,1,0.0,0.75
L-202305-33040,0,0,0,0,0,0,0,,0,0,0.0,0.0,0,0,0.0,0,0,0,0,0.0,0.0
B-202305-56160,2,2,2,16,1,0,1,Classroom,2,0,2.0,1445.53,700,2544,4462.42,2,0,0,0,100.0,0.61
B-202305-45842,1,2,2,8,0,0,1,Banquet,0,0,0.0,439.28,0,1265,2496.84,1,1,0,1,0.0,0.57
B-202305-47649,1,2,2,8,0,0,1,Classroom,0,0,0.0,421.0,0,0,1201.37,0,0,0,0,0.0,0.9
B-202305-20237,1,1,1,4,0,0,1,Banquet,1,0,1.0,522.63,150,1260,2048.7,1,0,1,1,0.0,0.7
B-202305-52604,1,2,1,8,1,0,1,Banquet,1,0,0.5,1319.44,150,1320,2134.05,1,1,0,1,0.0,0.39
L-202305-71080,1,2,3,24,0,1,1,Boardroom,1,0,0.95,273.85,897,1696,3669.87,2,0,0,0,100.0,0.86
B-202305-50392,2,9,3,36,1,0,1,Theater,3,1,2.0,1564.34,3250,5452,11657.97,4,0,0,0,0.0,0.8
B-202305-39603,1,1,1,8,1,0,1,Theater,3,1,3.0,1161.46,650,2088,3292.39,4,0,0,0,100.0,0.42
B-202305-76809,1,1,1,8,0,0,1,Classroom,2,0,2.0,517.75,350,1235,2516.2,3,0,0,0,100.0,0.47
B-202305-98150,1,1,1,8,1,0,1,Classroom,2,0,2.0,1172.6,350,1848,2841.93,4,0,0,0,100.0,0.47
B-202305-82856,2,7,3,36,1,0,1,Classroom,3,1,2.14,1419.71,2850,5008,10725.47,5,0,0,0,28.6,0.79
L-202305-25549,2,2,1,8,1,0,1,Theater,1,0,0.71,1776.19,1288,2848,5185.42,4,1,0,1,0.0,0.69
L-202305-53480,1,7,3,24,1,0,1,Classroom,3,1,2.93,2431.67,574,20356,22169.9,4,0,0,0,50.0,0.5
B-202305-48671,1,2,1,8,0,0,1,Reception,2,0,2.0,401.7,700,1530,3523.63,1,0,1,1,0.0,0.85
B-202305-71712,1,2,2,16,0,0,1,Classroom,3,1,2.5,441.81,1000,5472,8497.38,5,0,0,0,100.0,0.9
B-202305-72094,1,1,1,8,1,0,1,Theater,1,0,1.0,920.04,150,1540,2332.37,4,0,0,0,100.0,0.36
B-202305-67535,1,2,2,16,1,0,1,Classroom,3,1,3.0,1583.27,1300,12420,18737.14,3,0,0,0,100.0,0.56
B-202305-72973,1,1,1,4,0,0,1,Theater,0,0,0.0,456.19,0,0,591.72,0,0,0,0,0.0,0.95
B-202305-77466,1,2,2,16,1,0,1,Theater,2,0,1.5,1038.17,500,1180,2922.57,2,0,0,0,100.0,0.42
L-202305-42302,1,7,3,12,1,0,1,Theater,3,1,2.5,2367.14,676,0,2686.44,0,0,0,0,100.0,0.57
L-202305-74304,2,1,1,8,1,0,1,Classroom,1,0,0.95,1182.03,486,2504,4158.5,4,1,0,0,0.0,0.59
L-202305-92478,2,2,1,8,1,0,1,Banquet,2,0,2.37,1487.27,787,0,3687.15,0,0,0,0,0.0,0.63
L-202305-97584,1,2,1,8,1,0,1,Classroom,2,0,2.2,858.11,1161,2970,5376.96,3,0,0,0,0.0,0.55
B-202305-57943,0,0,0,0,0,0,0,,0,0,0.0,0.0,0,0,0.0,0,0,0,0,0.0,0.0
L-202305-76088,1,2,1,12,0,0,1,Theater,1,0,1.28,435.85,1365,0,3155.65,0,0,0,0,0.0,0.72
B-202305-29516,1,1,1,4,0,0,1,Banquet,1,0,1.0,356.13,150,1485,2282.61,1,0,1,1,0.0,0.82
L-202305-12052,1,4,3,12,1,0,1,Theater,2,0,2.15,820.91,751,2496,5187.33,2,0,0,0,100.0,0.47
L-202305-71875,0,0,0,0,0,0,0,,0,0,0.0,0.0,0,0,0.0,0,0,0,0,0.0,0.0
B-202305-79467,1,1,1,4,0,1,1,Boardroom,2,0,2.0,309.61,350,770,1726.3,1,1,0,1,0.0,1.0
B-202305-90658,1,2,2,16,1,0,1,Classroom,3,1,2.5,879.25,1000,3072,5242.41,4,0,0,0,100.0,0.47
B-202306-15220,1,2,2,8,1,0,1,Classroom,1,0,0.5,1208.13,150,0,821.87,0,0,0,0,0.0,0.37
B-202306-35863,1,3,2,12,1,0,1,Banquet,1,0,1.0,916.0,450,1320,2819.07,1,1,0,1,0.0,0.4
L-202306-53544,2,2,1,8,1,0,1,Classroom,2,0,2.06,2936.17,846,5688,7943.28,4,1,0,1,100.0,0.53
B-202306-70238,1,2,1,12,1,0,1,Theater,1,0,1.0,1355.66,300,1492,2713.28,4,0,0,0,50.0,0.78
B-202306-22202,1,3,1,12,1,0,1,Classroom,2,0,1.67,987.73,850,2252,4094.25,4,0,0,0,0.0,0.88
B-202306-56388,1,2,2,16,1,0,1,Classroom,3,1,2.5,900.06,1000,3120,5227.57,4,0,0,0,100.0,0.35
B-202306-84498,1,2,2,16,1,0,1,Classroom,1,0,1.0,872.59,300,2520,4076.5,4,0,0,0,100.0,0.52
B-202306-37082,2,5,2,24,1,0,1,Classroom,3,1,2.4,1452.48,2450,4086,8433.5,5,0,0,0,20.0,0.74
B-202306-84140,0,0,0,0,0,0,0,,0,0,0.0,0.0,0,0,0.0,0,0,0,0,0.0,0.0
B-202306-23425,0,0,0,0,0,0,0,,0,0,0.0,0.0,0,0,0.0,0,0,0,0,0.0,0.0
B-202306-52217,2,1,1,8,1,0,1,Banquet,0,0,0.0,1524.26,0,940,1517.46,2,0,0,0,100.0,0.56
B-202306-77999,0,0,0,0,0,0,0,,0,0,0.0,0.0,0,0,0.0,0,0,0,0,0.0,0.0
B-202306-36326,1,3,3,24,1,0,1,Banquet,2,0,2.0,1054.43,1050,3840,6751.85,5,0,0,0,100.0,0.47
B-202306-61502,1,2,2,16,1,0,1,Classroom,3,1,3.0,936.63,1300,2568,5065.16,4,0,0,0,100.0,0.46
B-202306-70562,0,0,0,0,0,0,0,,0,0,0.0,0.0,0,0,0.0,0,0,0,0,0.0,0.0
B-202306-69681,1,2,2,16,1,0,1,Classroom,3,1,2.5,870.67,1000,3408,5629.77,4,0,0,0,100.0,0.35
B-202306-28327,0,0,0,0,0,0,0,,0,0,0.0,0.0,0,0,0.0,0,0,0,0,0.0,0.0
B-202306-93296,1,2,2,16,1,0,1,Theater,2,0,2.0,825.02,700,2140,4076.6,4,0,0,0,100.0,0.64
B-202306-21401,1,2,1,8,0,0,1,Banquet,1,0,0.5,451.76,150,1155,2457.54,1,1,0,1,0.0,0.53
B-202306-87147,1,5,2,24,1,0,1,Theater,2,0,1.2,1198.03,950,4352,7153.58,5,0,0,0,20.0,0.7
B-202306-57202,2,6,2,24,1,0,1,Theater,3,1,1.67,1699.65,1800,4072,7839.32,4,0,0,0,0.0,0.74
B-202306-57333,2,1,1,8,1,0,1,Classroom,3,1,3.0,3003.81,650,10875,14089.28,3,0,0,0,100.0,0.6
L-202306-78551,2,4,2,24,1,0,1,Theater,3,1,2.8,1528.35,977,3360,5612.01,2,0,0,0,100.0,0.68
L-202306-11217,1,2,1,4,1,0,1,Classroom,2,0,1.61,956.57,511,2530,4755.7,5,1,0,0,50.0,0.54
B-202306-15453,1,3,1,12,1,0,1,Classroom,3,1,1.67,1009.41,950,1828,3790.21,4,0,0,0,0.0,0.78
B-202306-77425,1,2,2,16,1,0,1,Classroom,3,1,2.0,998.44,800,2840,4827.76,4,0,0,0,100.0,0.35
B-202306-99825,1,2,2,16,1,0,1,Classroom,2,0,1.5,1103.48,500,2600,4236.71,4,0,0,0,100.0,0.37
L-202306-95175,1,1,1,4,0,1,1,Boardroom,0,0,0.05,316.85,0,368,1777.08,2,0,0,0,0.0,0.5
L-202306-98797,1,1,2,16,0,0,1,Reception,2,0,1.54,536.61,1476,608,6525.42,4,0,0,0,50.0,0.68
B-202306-61451,2,2,2,16,1,0,1,Banquet,3,1,2.5,1454.51,1000,3096,5345.09,5,0,0,0,100.0,0.62
B-202306-41370,2,2,2,16,1,0,1,Theater,2,0,1.5,1881.15,500,3240,4888.56,4,0,0,0,100.0,0.57
B-202306-90746,2,2,1,8,1,0,1,Banquet,2,0,2.0,1410.18,700,1320,2751.16,1,1,0,1,0.0,0.56
L-202306-28724,2,4,2,16,1,0,1,Classroom,2,0,1.79,1757.99,1425,3416,6269.01,2,0,0,0,100.0,0.52
B-202306-25448,1,3,3,24,1,0,1,Classroom,3,1,2.67,982.71,1650,4968,8431.45,4,0,0,0,100.0,0.45
B-202306-68176,2,5,2,24,1,0,1,Classroom,3,1,2.0,1259.12,1950,4240,8177.95,5,0,0,0,20.0,1.0
B-202306-48185,1,2,2,16,1,0,1,Theater,2,0,1.5,861.8,500,2600,4378.48,4,0,0,0,100.0,0.66
B-202306-59412,1,8,3,36,1,0,1,Classroom,3,1,2.12,1216.4,3200,6112,12209.13,5,0,0,0,12.5,0.88
L-202306-40689,1,5,2,16,0,0,1,Banquet,2,0,2.32,471.7,1276,4665,8019.64,3,0,0,0,100.0,0.6
L-202306-13515,0,0,0,0,0,0,0,,0,0,0.0,0.0,0,0,0.0,0,0,0,0,0.0,0.0
L-202306-53910,0,0,0,0,0,0,0,,0,0,0.0,0.0,0,0,0.0,0,0,0,0,0.0,0.0
B-202306-12960,1,2,1,8,1,0,1,Banquet,2,0,1.5,832.07,500,1320,2490.82,1,1,0,1,0.0,0.34
L-202306-34505,2,3,2,8,1,0,1,Classroom,3,1,2.99,1422.39,1012,7668,10010.41,4,0,0,0,50.0,0.72
L-202306-80373,1,1,1,8,1,0,1,Classroom,0,0,0.01,1003.39,0,1650,2380.64,3,0,0,0,100.0,0.65
B-202306-17026,2,3,3,24,1,0,1,Classroom,3,1,3.0,1512.11,1950,3180,6959.96,5,0,0,0,100.0,0.63
B-202306-45197,1,2,1,8,0,0,1,Classroom,2,0,1.0,401.58,350,1015,2575.28,1,0,0,0,0.0,0.72
L-202306-22208,1,2,1,8,0,0,1,Classroom,1,0,1.26,568.24,646,2508,4069.06,3,0,0,0,0.0,0.93
B-202306-30837,2,3,3,24,1,0,1,Banquet,2,0,1.67,1795.55,850,4080,6636.53,5,0,0,0,100.0,0.53
B-202306-69424,1,2,1,8,0,0,1,Banquet,1,0,0.5,447.93,150,1760,3150.74,1,1,0,1,0.0,0.8
B-202306-99989,1,1,1,8,1,0,1,Theater,3,1,3.0,1924.91,650,8505,11882.02,2,0,0,0,100.0,0.56
B-202307-28566,1,1,1,4,1,0,1,Banquet,0,0,0.0,936.95,0,1320,1636.19,1,1,0,1,0.0,0.36
B-202307-36941,0,0,0,0,0,0,0,,0,0,0.0,0.0,0,0,0.0,0,0,0,0,0.0,0.0
L-202307-16637,1,2,1,12,1,0,1,Banquet,1,0,0.56,1158.9,55,4584,6440.6,4,1,0,1,50.0,0.57
L-202307-67067,1,7,3,24,1,0,1,Banquet,0,0,0.37,1347.45,0,27685,30095.94,5,0,0,0,50.0,0.39
L-202307-80968,2,5,3,36,1,0,1,Theater,3,1,2.57,2693.57,1126,5790,9257.77,2,0,0,0,0.0,0.62
B-202307-29424,1,1,1,8,1,0,1,Classroom,1,0,1.0,1063.8,150,240,1026.17,1,0,0,0,100.0,0.49
L-202307-68856,1,2,1,8,1,0,1,Theater,2,0,1.75,1283.07,237,2344,4084.31,2,0,0,0,100.0,0.42
B-202307-62505,0,0,0,0,0,0,0,,0,0,0.0,0.0,0,0,0.0,0,0,0,0,0.0,0.0
B-202307-34530,1,1,1,8,1,0,1,Banquet,2,0,2.0,972.62,350,0,1007.27,0,0,0,0,100.0,0.38
B-202307-36309,2,2,2,16,1,0,1,Classroom,3,1,2.5,1356.21,1000,3096,5311.25,5,0,0,0,100.0,0.54
B-202307-90134,1,2,2,8,1,0,1,Banquet,1,0,1.0,1305.94,300,1320,2318.91,1,1,0,1,0.0,0.45
B-202307-52964,1,2,1,8,0,0,1,Banquet,0,0,0.0,379.42,0,1395,2522.2,1,0,1,1,0.0,0.78
B-202307-10336,0,0,0,0,0,0,0,,0,0,0.0,0.0,0,0,0.0,0,0,0,0,0.0,0.0
B-202307-32983,1,2,2,16,0,0,1,Theater,3,1,2.5,571.02,1000,2860,5871.39,4,0,0,0,100.0,0.55
B-202307-50037,1,3,3,12,1,0,1,Reception,2,0,0.67,1149.74,350,1320,2723.7,1,1,0,1,0.0,0.39
B-202307-57026,0,0,0,0,0,0,0,,0,0,0.0,0.0,0,0,0.0,0,0,0,0,0.0,0.0
B-202307-10167,2,2,2,16,1,0,1,Classroom,3,1,2.0,1754.61,800,2520,4485.32,5,0,0,0,100.0,0.62
B-202307-36569,1,6,3,36,1,0,1,Theater,3,1,2.0,1159.24,2300,6812,11836.79,5,0,0,0,50.0,1.0
B-202307-84912,1,1,1,8,0,0,1,Classroom,2,0,2.0,425.71,350,2772,4104.62,4,0,0,0,100.0,1.0
L-202307-19725,1,3,3,24,1,0,1,Classroom,2,0,1.85,898.11,1262,2058,7646.37,2,0,0,0,100.0,0.54
B-202307-74437,1,3,2,16,1,0,1,Classroom,2,0,1.0,1225.42,500,480,2294.54,1,0,0,0,33.3,0.52
B-202307-27884,2,3,3,24,1,0,1,Classroom,3,1,1.67,1671.79,950,3600,6340.64,5,0,0,0,100.0,0.67
B-202307-15848,1,2,2,16,1,0,1,Classroom,2,0,2.0,1341.74,700,3408,5295.83,4,0,0,0,100.0,0.37
B-202307-43903,2,2,2,16,1,0,1,Classroom,2,0,1.5,1723.42,500,2360,4033.57,3,0,0,0,100.0,0.65
B-202307-57069,1,1,1,8,0,0,1,Classroom,1,0,1.0,533.25,150,192,1295.83,1,0,0,0,100.0,0.4
B-202307-82358,1,3,2,16,1,0,1,Classroom,1,0,1.0,2275.65,450,5640,11489.28,2,0,0,0,33.3,0.56
L-202307-33456,0,0,0,0,0,0,0,,0,0,0.0,0.0,0,0,0.0,0,0,0,0,0.0,0.0
L-202307-53449,2,4,2,8,1,0,1,Classroom,3,1,2.54,1850.28,1137,2376,5668.84,2,0,0,0,100.0,0.82
B-202307-27132,2,2,2,16,1,0,1,Classroom,2,0,1.5,1468.03,500,3280,4959.56,5,0,0,0,100.0,0.59
B-202307-74665,1,2,2,16,1,0,1,Classroom,3,1,2.5,1290.62,1000,2544,4690.19,2,0,0,0,100.0,0.47
L-202307-28661,0,0,0,0,0,0,0,,0,0,0.0,0.0,0,0,0.0,0,0,0,0,0.0,0.0
B-202307-53481,0,0,0,0,0,0,0,,0,0,0.0,0.0,0,0,0.0,0,0,0,0,0.0,0.0
L-202307-18600,1,2,2,16,0,0,1,Banquet,0,0,0.33,479.93,0,2742,3423.35,3,0,0,0,0.0,0.85
B-202307-72847,1,1,1,8,1,0,1,Theater,2,0,2.0,1269.06,350,2088,3039.74,4,0,0,0,100.0,0.48
B-202307-77045,1,1,1,8,1,0,1,Classroom,2,0,2.0,1212.07,350,1800,2728.16,3,0,0,0,100.0,0.37
L-202307-74517,1,3,2,8,1,0,1,Classroom,0,0,0.08,825.33,0,1467,2870.36,3,0,0,0,0.0,0.45
B-202307-46822,2,2,2,16,1,0,1,Classroom,2,0,2.0,1693.02,700,3240,5135.5,4,0,0,0,100.0,0.66
L-202307-34633,1,2,1,8,0,0,1,Banquet,0,0,0.2,537.74,0,7750,10803.24,5,0,0,0,50.0,0.75
L-202307-73273,0,0,0,0,0,0,0,,0,0,0.0,0.0,0,0,0.0,0,0,0,0,0.0,0.0
B-202307-11257,1,2,2,16,0,0,1,Theater,3,1,2.5,445.85,1000,5472,8339.98,5,0,0,0,100.0,0.95
L-202307-21629,0,0,0,0,0,0,0,,0,0,0.0,0.0,0,0,0.0,0,0,0,0,0.0,0.0
L-202307-99282,1,2,1,12,1,0,1,Banquet,3,1,2.78,925.97,1352,4380,7302.96,5,1,0,1,0.0,0.46
B-202307-41135,1,2,2,16,1,0,1,Classroom,3,1,3.0,2282.28,1300,14385,20643.06,5,0,0,0,100.0,0.57
B-202307-79951,2,6,3,36,1,0,1,Classroom,2,0,1.67,1945.61,1700,5932,10293.05,4,0,0,0,50.0,0.72
B-202307-95404,1,2,2,16,0,0,1,Classroom,2,0,2.0,574.33,700,4680,7434.52,4,0,0,0,100.0,0.93
L-202307-70091,1,3,2,16,1,0,1,Classroom,2,0,2.26,881.0,923,6489,10582.28,3,0,0,0,100.0,0.82
B-202307-74106,0,0,0,0,0,0,0,,0,0,0.0,0.0,0,0,0.0,0,0,0,0,0.0,0.0
B-202307-88671,1,2,2,16,0,1,1,Boardroom,2,0,2.0,325.59,700,1520,4271.15,5,0,0,0,100.0,0.71
B-202307-95998,1,1,1,4,1,0,1,Banquet,2,0,2.0,873.67,350,1080,1745.31,1,0,1,1,0.0,0.35
B-202307-17992,1,1,1,8,1,0,1,Classroom,2,0,2.0,1060.39,350,1740,2667.39,4,0,0,0,100.0,0.45
B-202307-47002,1,2,2,16,0,1,1,Boardroom,2,0,2.0,288.2,700,760,3455.25,5,0,0,0,100.0,0.36
B-202307-60206,1,2,1,8,1,0,1,Classroom,2,0,1.5,1015.08,500,240,1464.96,1,0,0,0,0.0,0.42
B-202307-12857,1,1,1,4,0,0,1,Banquet,0,0,0.0,525.14,0,1705,2338.74,1,1,0,1,0.0,0.78
B-202307-69233,2,2,2,16,1,0,1,Theater,3,1,2.5,1209.39,1000,3048,5303.27,4,0,0,0,100.0,0.65
B-202307-69270,1,4,4,32,1,0,1,Classroom,2,0,1.5,949.01,1000,5100,8472.33,5,0,0,0,100.0,0.47
B-202307-72236,2,5,2,24,1,0,1,Theater,3,1,1.8,1704.91,1650,3640,7249.98,3,0,0,0,20.0,0.83
B-202308-16366,1,2,2,16,0,1,1,Boardroom,2,0,2.0,362.98,700,972,3792.05,4,0,0,0,100.0,0.43
B-202308-25506,1,2,2,16,1,0,1,Classroom,1,0,1.0,1081.95,300,2580,4082.05,5,0,0,0,100.0,0.35
B-202308-37444,1,2,2,16,0,0,1,Classroom,2,0,2.0,510.94,700,4340,7112.3,5,0,0,0,100.0,0.78
B-202308-92141,1,1,1,8,1,0,1,Theater,1,0,1.0,926.9,150,1740,2505.04,4,0,0,0,100.0,0.37
B-202308-64627,2,5,2,24,1,0,1,Theater,2,0,1.6,1509.16,1350,5076,8431.16,4,0,0,0,20.0,0.72
B-202308-82154,1,2,2,16,1,0,1,Theater,2,0,1.5,1348.36,500,2808,4430.82,5,0,0,0,100.0,0.36
B-202308-82954,1,2,2,16,1,0,1,Theater,3,1,2.5,1080.55,1000,3360,5627.07,5,0,0,0,100.0,0.34
L-202308-36201,1,2,2,16,0,0,1,Banquet,3,1,2.96,417.81,1378,0,3563.55,0,0,0,0,100.0,0.68
B-202308-43018,1,3,3,24,0,0,1,Banquet,3,1,2.0,509.46,1150,2700,6874.54,5,0,0,0,100.0,0.38
B-202308-17686,1,3,3,24,1,0,1,Classroom,3,1,2.67,1107.93,1650,3400,6925.2,5,0,0,0,100.0,0.49
B-202308-75239,0,0,0,0,0,0,0,,0,0,0.0,0.0,0,0,0.0,0,0,0,0,0.0,0.0
L-202308-16094,1,7,3,24,0,0,1,Classroom,0,0,0.28,565.47,0,7728,9416.05,3,0,0,0,100.0,1.0
L-202308-88234,1,4,2,8,0,0,1,Classroom,0,0,0.07,540.99,0,2888,4963.43,1,0,0,0,50.0,0.82
B-202308-84632,2,4,2,24,1,0,1,Classroom,2,0,1.5,1555.03,1000,3692,6495.58,4,0,0,0,50.0,0.88
L-202308-14234,2,4,3,36,1,0,1,Banquet,0,0,0.44,1770.65,0,8480,10641.14,5,1,0,1,0.0,0.53
B-202308-47701,2,2,1,12,1,0,1,Classroom,2,0,1.5,1503.18,500,1520,2952.5,4,0,0,0,50.0,0.93
L-202308-90439,0,0,0,0,0,0,0,,0,0,0.0,0.0,0,0,0.0,0,0,0,0,0.0,0.0
B-202308-47070,1,2,1,8,0,0,1,Reception,1,0,0.5,352.37,150,1350,2701.87,1,0,1,1,0.0,0.75
B-202308-26769,2,4,2,24,1,0,1,Theater,3,1,2.25,1344.62,1700,3992,7462.99,5,0,0,0,50.0,0.97
B-202308-22577,1,2,1,8,0,0,1,Reception,0,0,0.0,538.41,0,1760,2981.86,1,1,0,1,0.0,0.8
B-202308-38632,2,6,2,24,1,0,1,Classroom,3,1,1.83,1663.88,2000,2140,6206.29,4,0,0,0,0.0,0.71
B-202308-39145,1,2,2,16,0,1,1,Boardroom,3,1,2.5,346.8,1000,972,3903.04,4,0,0,0,100.0,0.43
B-202308-75191,1,2,2,8,0,0,1,Banquet,2,0,1.0,479.14,350,1210,2795.58,1,1,0,1,0.0,0.55
B-202308-91232,0,0,0,0,0,0,0,,0,0,0.0,0.0,0,0,0.0,0,0,0,0,0.0,0.0
B-202308-33969,1,2,2,16,1,0,1,Classroom,3,1,2.0,978.07,800,2840,4915.11,4,0,0,0,100.0,0.56
B-202308-48712,2,2,2,16,1,0,1,Classroom,2,0,2.0,1317.61,700,2340,4224.52,5,0,0,0,100.0,0.51
B-202308-50250,1,1,1,4,1,0,1,Classroom,0,0,0.0,1346.2,0,0,315.48,0,0,0,0,0.0,0.38
L-202308-48557,2,3,2,16,1,0,1,Classroom,2,0,1.73,1676.59,983,11805,14745.82,5,1,0,0,0.0,0.82
B-202308-42581,1,2,2,8,0,0,1,Theater,0,0,0.0,365.11,0,0,1252.24,0,0,0,0,0.0,0.95
B-202308-96832,1,1,1,8,1,0,1,Classroom,2,0,2.0,1202.92,350,720,1670.84,2,0,0,0,100.0,0.42
L-202308-60242,0,0,0,0,0,0,0,,0,0,0.0,0.0,0,0,0.0,0,0,0,0,0.0,0.0
B-202308-63636,1,3,3,24,1,0,1,Theater,3,1,1.67,1325.0,950,2720,5455.14,3,0,0,0,100.0,0.58
L-202308-75598,1,3,3,24,0,1,1,Boardroom,2,0,1.6,395.17,767,0,2114.69,0,0,0,0,0.0,0.43
B-202308-34100,2,5,2,24,1,0,1,Theater,3,1,2.0,1261.9,1850,3952,7659.41,5,0,0,0,20.0,0.81
B-202308-99714,1,8,3,36,1,0,1,Classroom,3,1,1.88,1053.16,2800,3288,8940.13,5,0,0,0,12.5,0.79
L-202308-76265,1,1,1,12,0,0,1,Theater,0,0,0.41,562.66,0,774,2893.27,1,0,0,0,100.0,0.6
B-202308-28340,1,1,1,8,1,0,1,Classroom,2,0,2.0,1085.32,350,1272,2166.65,2,0,0,0,100.0,0.42
L-202308-79979,1,3,3,36,1,0,1,Reception,3,1,2.8,966.99,1378,7764,9903.56,4,0,0,0,100.0,0.37
B-202308-14897,1,2,1,8,0,0,1,Banquet,2,0,1.5,442.43,500,1440,3085.59,1,0,1,1,0.0,0.8
L-202308-33306,1,2,1,8,1,0,1,Classroom,0,0,0.28,1081.7,0,1384,2199.31,1,0,0,0,100.0,0.59
L-202308-78788,0,0,0,0,0,0,0,,0,0,0.0,0.0,0,0,0.0,0,0,0,0,0.0,0.0
B-202308-91338,0,0,0,0,0,0,0,,0,0,0.0,0.0,0,0,0.0,0,0,0,0,0.0,0.0
L-202308-23573,2,1,1,8,1,0,1,Theater,0,0,0.2,1477.27,0,1315,3073.95,5,1,0,1,50.0,0.81
B-202308-10287,1,2,1,8,1,0,1,Banquet,2,0,1.5,1070.18,500,1320,2529.24,1,1,0,1,0.0,0.35
B-202308-62873,1,2,1,8,0,0,1,Banquet,2,0,1.0,364.65,350,0,1499.91,0,0,0,0,0.0,0.97
L-202308-35362,1,1,3,12,1,0,1,Theater,0,0,0.32,1096.81,0,1140,1672.15,4,0,1,1,100.0,0.49
B-202308-15170,0,0,0,0,0,0,0,,0,0,0.0,0.0,0,0,0.0,0,0,0,0,0.0,0.0
B-202308-48119,1,5,2,24,1,0,1,Theater,3,1,2.0,1358.87,1850,2268,5926.91,3,0,0,0,20.0,0.97
B-202308-80484,2,3,3,24,1,0,1,Classroom,3,1,2.0,1283.94,1150,4780,7803.64,5,0,0,0,100.0,0.52
L-202308-51144,2,1,1,8,1,0,1,Theater,0,0,0.29,1667.54,0,0,1275.07,0,0,0,0,100.0,0.69
B-202308-16014,2,2,2,16,1,0,1,Theater,3,1,3.0,2994.29,1300,16906,23206.18,4,0,0,0,100.0,0.66
B-202308-37112,0,0,0,0,0,0,0,,0,0,0.0,0.0,0,0,0.0,0,0,0,0,0.0,0.0
B-202308-40298,0,0,0,0,0,0,0,,0,0,0.0,0.0,0,0,0.0,0,0,0,0,0.0,0.0
B-202308-47989,0,0,0,0,0,0,0,,0,0,0.0,0.0,0,0,0.0,0,0,0,0,0.0,0.0
B-202308-85255,0,0,0,0,0,0,0,,0,0,0.0,0.0,0,0,0.0,0,0,0,0,0.0,0.0
B-202309-27082,1,2,2,16,1,0,1,Classroom,3,1,3.0,1271.96,1300,2840,5364.31,4,0,0,0,100.0,0.62
B-202309-19149,0,0,0,0,0,0,0,,0,0,0.0,0.0,0,0,0.0,0,0,0,0,0.0,0.0
B-202309-43776,2,2,2,16,1,0,1,Classroom,2,0,1.5,1673.06,500,3040,4778.33,5,0,0,0,100.0,0.59
B-202309-54914,1,1,1,4,0,0,1,Reception,2,0,2.0,445.0,350,945,1927.13,1,0,1,1,0.0,0.53
B-202309-63840,0,0,0,0,0,0,0,,0,0,0.0,0.0,0,0,0.0,0,0,0,0,0.0,0.0
B-202309-90856,1,2,1,8,0,0,1,Banquet,1,0,1.0,450.29,300,276,1801.15,1,0,0,0,0.0,0.57
B-202309-42728,1,1,1,8,1,0,1,Theater,1,0,1.0,1162.21,150,1540,2238.75,4,0,0,0,100.0,0.37
B-202309-88579,1,1,1,8,1,0,1,Classroom,2,0,2.0,1032.43,350,1300,2234.4,3,0,0,0,100.0,0.5
L-202309-45268,1,1,1,12,1,0,1,Classroom,2,0,2.41,820.44,862,1480,4501.76,5,1,0,1,100.0,0.62
B-202309-62288,0,0,0,0,0,0,0,,0,0,0.0,0.0,0,0,0.0,0,0,0,0,0.0,0.0
L-202309-73192,1,2,1,4,0,1,1,Boardroom,2,0,1.59,292.05,942,3708,5960.09,3,0,0,0,50.0,0.86
B-202309-27603,1,2,2,16,1,0,1,Theater,3,1,2.5,2358.43,1000,13015,19159.11,4,0,0,0,100.0,0.57
B-202309-56285,1,1,1,8,1,0,1,Classroom,2,0,2.0,821.55,350,1248,2200.9,3,0,0,0,100.0,0.63
B-202309-62183,2,9,4,48,1,0,1,Theater,3,1,1.89,1659.66,3250,6752,13615.66,5,0,0,0,33.3,0.81
B-202309-81267,1,8,3,36,1,0,1,Classroom,3,1,1.75,1047.92,2500,5812,11139.05,5,0,0,0,12.5,0.73
L-202309-73896,1,3,2,16,1,0,1,Classroom,3,1,2.96,982.42,1152,2007,7783.79,1,0,0,0,50.0,1.0
B-202309-25890,2,1,1,8,1,0,1,Classroom,1,0,1.0,1434.13,150,1272,2007.85,2,0,0,0,100.0,0.57
B-202309-65567,1,1,1,8,1,0,1,Classroom,2,0,2.0,1368.36,350,432,1328.1,1,0,0,0,100.0,0.53
B-202309-73916,1,2,2,16,0,0,1,Theater,3,1,2.5,566.71,1000,2816,5829.69,4,0,0,0,100.0,0.55
B-202309-14039,1,2,2,16,0,0,1,Classroom,2,0,2.0,482.76,700,3393,6027.81,5,0,0,0,100.0,0.72
B-202309-57880,1,3,3,24,1,0,1,Classroom,2,0,1.67,1070.34,850,3440,6105.15,4,0,0,0,100.0,0.56
B-202309-87280,1,3,2,16,1,0,1,Banquet,2,0,1.67,975.92,850,1180,3400.74,2,0,0,0,33.3,0.48
L-202309-32911,2,1,1,8,1,0,1,Classroom,3,1,2.54,1676.53,1227,0,1649.58,0,0,0,0,0.0,0.86
B-202309-92660,1,2,2,8,1,0,1,Banquet,2,0,1.5,1304.45,500,1080,2277.74,1,0,1,1,0.0,0.35
L-202309-84925,1,5,2,16,1,0,1,Classroom,3,1,2.54,1770.05,356,3770,4926.6,1,0,0,0,50.0,0.51
L-202309-85354,2,6,3,24,1,0,1,Theater,2,0,1.66,1744.23,1420,0,2764.53,0,0,0,0,0.0,0.69
B-202309-72786,2,2,1,8,1,0,1,Banquet,1,0,1.0,1571.77,300,0,1041.69,0,0,0,0,0.0,0.59
B-202309-76995,1,2,2,16,0,0,1,Banquet,3,1,2.5,570.26,1000,4212,7267.58,5,0,0,0,100.0,0.97
L-202309-67065,1,5,3,12,1,0,1,Classroom,3,1,2.6,1101.89,546,11675,14345.89,5,1,0,0,0.0,0.58
B-202309-37723,1,2,2,16,1,0,1,Classroom,2,0,1.5,866.51,500,2060,3699.24,3,0,0,0,100.0,0.4
B-202309-54359,2,8,3,36,1,0,1,Classroom,3,1,2.12,1695.94,3300,6972,13214.05,5,0,0,0,12.5,0.8
B-202309-57395,0,0,0,0,0,0,0,,0,0,0.0,0.0,0,0,0.0,0,0,0,0,0.0,0.0
B-202309-80405,1,3,3,24,1,0,1,Theater,2,0,1.33,804.64,650,4780,7244.04,5,0,0,0,100.0,0.35
B-202309-47548,1,2,2,16,0,1,1,Boardroom,2,0,1.5,338.03,500,936,3502.61,5,0,0,0,100.0,0.57
B-202309-99208,1,2,2,16,1,0,1,Classroom,3,1,2.5,1013.71,1000,1968,4132.2,4,0,0,0,100.0,0.62
L-202309-93574,1,6,3,24,1,0,1,Theater,2,0,1.62,1558.74,1487,2550,5027.81,1,0,0,0,100.0,0.55
B-202309-48096,1,4,2,16,0,0,1,Classroom,2,0,1.0,548.14,650,384,3535.95,1,0,0,0,0.0,0.4
B-202309-51405,1,1,1,8,0,0,1,Banquet,1,0,1.0,356.53,150,1320,2474.86,2,0,0,0,100.0,0.82
B-202309-85008,0,0,0,0,0,0,0,,0,0,0.0,0.0,0,0,0.0,0,0,0,0,0.0,0.0
L-202309-38885,1,1,1,8,0,0,1,Theater,3,1,2.95,499.46,964,0,5926.33,0,0,0,0,100.0,0.82
L-202309-94926,1,4,2,8,0,0,1,Reception,0,0,0.11,382.56,0,5280,9745.55,5,0,0,0,100.0,0.38
B-202309-38241,1,3,3,24,1,0,1,Classroom,3,1,2.33,1152.56,1350,5976,9229.55,4,0,0,0,100.0,0.66
B-202309-84128,1,1,1,8,1,0,1,Theater,1,0,1.0,879.23,150,1800,2566.19,3,0,0,0,100.0,0.37
B-202309-94494,1,1,1,8,1,0,1,Classroom,2,0,2.0,815.91,350,1848,2828.34,4,0,0,0,100.0,0.35
B-202309-86406,0,0,0,0,0,0,0,,0,0,0.0,0.0,0,0,0.0,0,0,0,0,0.0,0.0
B-202309-68487,0,0,0,0,0,0,0,,0,0,0.0,0.0,0,0,0.0,0,0,0,0,0.0,0.0
B-202309-70387,0,0,0,0,0,0,0,,0,0,0.0,0.0,0,0,0.0,0,0,0,0,0.0,0.0
L-202309-15539,2,3,2,24,1,0,1,Theater,2,0,2.25,1562.19,281,6330,7374.99,5,1,0,1,0.0,0.53
B-202309-22622,0,0,0,0,0,0,0,,0,0,0.0,0.0,0,0,0.0,0,0,0,0,0.0,0.0
B-202309-28350,1,2,1,8,0,0,1,Banquet,2,0,1.5,595.69,500,855,2649.1,1,0,1,1,0.0,0.47
B-202309-45382,2,8,3,36,1,0,1,Classroom,3,1,1.75,1778.59,2500,5996,11415.49,5,0,0,0,12.5,0.84
B-202309-63101,1,1,1,4,0,0,1,Reception,1,0,1.0,579.72,150,1210,1943.43,1,1,0,1,0.0,0.55
L-202309-73813,1,6,3,24,1,0,1,Theater,1,0,1.38,1363.8,241,8700,10337.2,5,0,0,0,50.0,0.97
B-202309-16086,1,2,1,12,1,0,1,Theater,3,1,2.5,1392.79,1000,2430,4372.04,3,0,0,0,50.0,0.87
B-202310-30174,1,2,2,16,0,0,1,Classroom,2,0,2.0,533.39,700,5346,7992.7,4,0,0,0,100.0,0.82
B-202310-79391,1,2,2,16,1,0,1,Classroom,3,1,2.0,944.74,800,2832,4815.4,3,0,0,0,100.0,0.56
B-202310-29148,0,0,0,0,0,0,0,,0,0,0.0,0.0,0,0,0.0,0,0,0,0,0.0,0.0
B-202310-45561,1,2,1,8,0,0,1,Reception,0,0,0.0,568.35,0,1595,2784.76,1,1,0,1,0.0,0.72
B-202310-22943,1,9,3,48,1,0,1,Classroom,2,0,0.78,1356.92,1200,1424,6133.73,2,0,0,0,33.3,0.82
B-202310-26389,0,0,0,0,0,0,0,,0,0,0.0,0.0,0,0,0.0,0,0,0,0,0.0,0.0
B-202310-56616,1,2,2,16,0,0,1,Banquet,3,1,2.5,400.9,1000,2788,5724.56,5,0,0,0,100.0,0.42
B-202310-66906,2,2,2,16,1,0,1,Classroom,3,1,2.5,2132.31,1000,20368,26450.46,5,0,0,0,100.0,0.56
B-202310-90967,2,2,1,12,1,0,1,Theater,3,1,2.0,1786.94,800,1080,2784.27,3,0,0,0,50.0,0.68
L-202310-26389,1,1,1,12,1,0,1,Classroom,2,0,1.77,2248.85,420,0,2273.19,0,0,0,0,50.0,0.57
B-202310-43902,1,1,1,8,0,0,1,Classroom,3,1,3.0,450.73,650,1575,3202.61,3,0,0,0,100.0,0.53
B-202310-50838,0,0,0,0,0,0,0,,0,0,0.0,0.0,0,0,0.0,0,0,0,0,0.0,0.0
B-202310-83472,1,2,1,8,0,0,1,Banquet,1,0,0.5,405.43,150,1595,3048.16,1,1,0,1,0.0,0.72
L-202310-42778,1,1,1,8,0,1,1,Boardroom,2,0,1.99,299.06,183,1629,2562.27,3,0,0,0,100.0,0.93
B-202310-47247,1,1,1,8,1,0,1,Theater,2,0,2.0,900.43,350,1272,2243.18,2,0,0,0,100.0,0.38
B-202310-61491,2,2,1,8,1,0,1,Theater,2,0,1.5,1503.32,500,940,2140.83,2,0,0,0,0.0,0.6
L-202310-75700,1,1,1,12,0,1,1,Boardroom,2,0,2.38,255.13,298,0,2321.29,0,0,0,0,100.0,0.71
B-202310-47226,0,0,0,0,0,0,0,,0,0,0.0,0.0,0,0,0.0,0,0,0,0,0.0,0.0
B-202310-44053,2,2,2,16,1,0,1,Classroom,3,1,2.0,1502.27,800,3648,5631.81,5,0,0,0,100.0,0.58
L-202310-29400,1,6,3,12,0,1,1,Boardroom,0,0,0.14,306.46,0,0,1786.25,0,0,0,0,0.0,0.71
B-202310-19289,2,5,2,24,1,0,1,Classroom,2,0,1.6,1419.78,1350,3880,7111.49,4,0,0,0,20.0,0.82
B-202310-27088,0,0,0,0,0,0,0,,0,0,0.0,0.0,0,0,0.0,0,0,0,0,0.0,0.0
L-202310-84964,0,0,0,0,0,0,0,,0,0,0.0,0.0,0,0,0.0,0,0,0,0,0.0,0.0
B-202310-34967,1,2,2,16,0,0,1,Classroom,3,1,2.5,354.83,1000,2730,5640.34,5,0,0,0,100.0,0.65
B-202310-40603,2,1,1,8,1,0,1,Banquet,2,0,2.0,1820.77,350,1272,2162.19,2,0,0,0,100.0,0.59
B-202310-44517,1,2,1,8,1,0,1,Classroom,1,0,0.5,1156.0,150,0,889.52,0,0,0,0,0.0,0.44
L-202310-80855,1,3,3,24,1,0,1,Classroom,1,0,0.54,1026.61,891,5745,8277.27,5,1,0,0,100.0,0.38
L-202310-93472,1,1,1,4,0,1,1,Boardroom,3,1,2.56,290.5,925,0,1738.01,0,0,0,0,100.0,0.36
B-202310-15144,1,2,2,16,1,0,1,Classroom,2,0,2.0,1334.47,700,960,2812.64,2,0,0,0,100.0,0.34
B-202310-30079,2,3,3,24,1,0,1,Classroom,3,1,2.33,2719.06,1350,23858,32834.37,5,0,0,0,100.0,0.63
B-202310-25517,1,2,2,8,1,0,1,Banquet,1,0,0.5,1123.44,150,1080,1976.47,1,0,1,1,0.0,0.47
B-202310-35312,1,2,2,8,0,0,1,Classroom,1,0,1.0,370.75,300,0,1555.73,0,0,0,0,0.0,0.78
B-202310-62037,2,1,1,8,1,0,1,Banquet,3,1,3.0,1540.74,650,1008,2256.01,3,0,0,0,100.0,0.58
B-202310-64519,0,0,0,0,0,0,0,,0,0,0.0,0.0,0,0,0.0,0,0,0,0,0.0,0.0
B-202310-78714,1,2,2,16,1,0,1,Classroom,3,1,2.5,1293.6,1000,1660,3914.37,3,0,0,0,100.0,0.47
B-202310-50944,1,2,1,12,1,0,1,Theater,2,0,1.5,968.31,500,1988,3405.51,5,0,0,0,50.0,0.72
B-202310-55569,1,2,2,8,1,0,1,Banquet,2,0,1.5,1184.08,500,1080,2231.13,1,0,1,1,0.0,0.36
B-202310-59160,1,2,1,8,0,0,1,Banquet,2,0,2.0,364.05,700,1870,3699.9,1,1,0,1,0.0,0.85
L-202310-20118,2,3,2,16,1,0,1,Theater,0,0,0.22,1753.39,0,0,2272.57,0,0,0,0,50.0,0.68
B-202310-14898,1,2,2,16,1,0,1,Theater,2,0,1.5,803.59,500,3280,4890.26,5,0,0,0,100.0,0.36
B-202310-27705,2,1,1,8,1,0,1,Classroom,1,0,1.0,1390.27,150,1260,2033.42,2,0,0,0,100.0,0.61
B-202310-40266,1,2,2,16,1,0,1,Theater,2,0,1.5,976.31,500,1680,3352.29,4,0,0,0,100.0,0.45
B-202310-63713,1,1,1,8,1,0,1,Classroom,1,0,1.0,1104.66,150,2088,2802.17,4,0,0,0,100.0,0.65
B-202310-83922,1,1,1,4,1,0,1,Classroom,0,0,0.0,1355.04,0,0,335.95,0,0,0,0,0.0,0.49
B-202310-90375,1,1,1,8,1,0,1,Banquet,1,0,1.0,1059.55,150,1500,2212.32,3,0,0,0,100.0,0.43
B-202310-97194,1,2,1,12,1,0,1,Theater,3,1,3.0,1051.06,1300,1980,4212.84,4,0,0,0,50.0,0.71
B-202310-58679,1,2,2,16,0,0,1,Classroom,2,0,2.0,429.94,700,2755,5384.2,4,0,0,0,100.0,0.72
L-202310-34114,1,2,1,12,0,0,1,Banquet,3,1,2.67,466.26,401,908,2105.34,1,0,0,0,100.0,0.8
L-202310-72530,1,5,2,8,0,0,1,Classroom,3,1,2.85,584.1,411,3915,4832.4,3,0,0,0,50.0,0.95
L-202310-78656,2,1,1,8,1,0,1,Classroom,0,0,0.16,1725.31,0,0,914.46,0,0,0,0,100.0,0.72
B-202310-49833,0,0,0,0,0,0,0,,0,0,0.0,0.0,0,0,0.0,0,0,0,0,0.0,0.0
B-202310-59514,1,1,1,4,0,0,1,Classroom,1,0,1.0,577.13,150,0,734.28,0,0,0,0,0.0,0.88
L-202310-36106,1,6,3,36,1,0,1,Classroom,1,0,0.95,1102.18,163,0,1303.74,0,0,0,0,100.0,0.57
B-202310-52034,1,5,2,24,1,0,1,Theater,3,1,2.2,881.6,2150,4072,8094.7,4,0,0,0,20.0,0.91
B-202310-42346,0,0,0,0,0,0,0,,0,0,0.0,0.0,0,0,0.0,0,0,0,0,0.0,0.0
B-202310-95561,1,2,2,16,0,1,1,Boardroom,2,0,2.0,385.16,700,1404,4261.34,5,0,0,0,100.0,0.86
L-202310-47707,1,1,1,8,0,0,1,Banquet,1,0,0.98,588.18,1469,539,2618.96,1,0,0,0,100.0,0.5
B-202310-88263,0,0,0,0,0,0,0,,0,0,0.0,0.0,0,0,0.0,0,0,0,0,0.0,0.0
B-202310-51307,1,3,3,24,1,0,1,Classroom,2,0,2.0,2276.69,1050,24805,33812.64,5,0,0,0,100.0,0.5
B-202310-92465,1,2,2,16,1,0,1,Classroom,3,1,2.5,1188.65,1000,3480,5609.82,4,0,0,0,100.0,0.6
B-202310-97993,1,3,3,24,1,0,1,Theater,3,1,2.67,2267.53,1650,26015,35172.38,4,0,0,0,100.0,0.5
B-202311-17217,1,1,1,8,0,0,1,Classroom,2,0,2.0,430.25,350,0,1318.19,0,0,0,0,100.0,0.72
B-202311-53934,2,1,1,4,1,0,1,Classroom,1,0,1.0,2897.08,150,0,1654.56,0,0,0,0,0.0,0.57
B-202311-81943,2,2,2,16,1,0,1,Theater,3,1,2.5,2161.04,1000,13054,18853.59,4,0,0,0,100.0,0.51
B-202311-68903,1,2,1,8,0,0,1,Banquet,1,0,0.5,532.58,150,1350,2713.6,1,0,1,1,0.0,0.75
B-202311-71377,1,1,1,8,1,0,1,Classroom,3,1,3.0,947.9,650,1560,2804.99,3,0,0,0,100.0,0.4
B-202311-33363,2,2,2,16,1,0,1,Classroom,2,0,1.5,1850.77,500,2800,4547.48,5,0,0,0,100.0,0.58
B-202311-45968,1,7,3,36,1,0,1,Classroom,3,1,2.14,993.42,2850,5160,10759.7,5,0,0,0,28.6,0.94
B-202311-70674,1,1,1,8,0,0,1,Classroom,2,0,2.0,360.26,350,2618,4033.89,4,0,0,0,100.0,0.85
B-202311-14085,1,1,1,4,1,0,1,Reception,0,0,0.0,999.12,0,1320,1691.29,1,1,0,1,0.0,0.42
L-202311-78997,1,2,1,4,1,0,1,Theater,3,1,2.72,1164.68,903,1264,3288.99,1,0,0,0,100.0,0.4
B-202311-46261,1,2,2,16,0,0,1,Classroom,3,1,2.0,509.04,800,4290,7251.12,4,0,0,0,100.0,0.82
B-202311-70210,1,2,2,16,1,0,1,Theater,3,1,2.0,1081.82,800,2832,4867.52,3,0,0,0,100.0,0.6
B-202311-73369,0,0,0,0,0,0,0,,0,0,0.0,0.0,0,0,0.0,0,0,0,0,0.0,0.0
B-202311-82006,1,2,1,12,1,0,1,Theater,3,1,2.0,1248.17,800,1884,3615.97,3,0,0,0,50.0,0.78
B-202311-50340,0,0,0,0,0,0,0,,0,0,0.0,0.0,0,0,0.0,0,0,0,0,0.0,0.0
B-202311-26622,1,2,2,16,1,0,1,Banquet,3,1,2.5,946.32,1000,2600,4796.92,4,0,0,0,100.0,0.5
B-202311-68491,1,6,2,32,1,0,1,Classroom,2,0,1.0,1047.91,1000,2124,5373.09,2,0,0,0,33.3,0.88
B-202311-84569,2,5,2,24,1,0,1,Classroom,3,1,2.0,1442.66,1850,2780,6585.25,5,0,0,0,20.0,0.97
B-202311-96529,0,0,0,0,0,0,0,,0,0,0.0,0.0,0,0,0.0,0,0,0,0,0.0,0.0
B-202311-48590,1,1,1,8,0,0,1,Classroom,3,1,3.0,423.2,650,2610,4242.19,4,0,0,0,100.0,0.75
B-202311-75358,0,0,0,0,0,0,0,,0,0,0.0,0.0,0,0,0.0,0,0,0,0,0.0,0.0
L-202311-23513,1,1,1,12,1,0,1,Theater,1,0,1.5,1185.02,1302,3515,5882.97,5,1,0,1,50.0,0.54
B-202311-70374,1,2,1,8,0,0,1,Banquet,1,0,1.0,565.87,300,560,2000.85,1,0,0,0,0.0,0.4
B-202311-89269,2,3,3,24,1,0,1,Classroom,2,0,1.67,1494.43,850,4740,7352.19,4,0,0,0,100.0,0.66
B-202311-24710,1,3,2,16,1,0,1,Banquet,1,0,1.0,1294.23,450,940,2769.5,2,0,0,0,33.3,0.44
B-202311-75239,2,2,2,16,1,0,1,Classroom,2,0,2.0,2813.97,700,24900,30363.36,4,0,0,0,100.0,0.69
B-202311-27049,2,7,3,36,1,0,1,Theater,2,0,1.57,1939.87,1850,5200,9802.99,5,0,0,0,28.6,0.71
B-202311-37297,0,0,0,0,0,0,0,,0,0,0.0,0.0,0,0,0.0,0,0,0,0,0.0,0.0
B-202311-87402,1,1,1,4,0,0,1,Reception,0,0,0.0,572.85,0,810,1391.24,1,0,1,1,0.0,0.45
B-202311-69472,1,2,1,8,0,1,1,Boardroom,2,0,2.0,332.01,700,330,2186.68,1,1,0,1,0.0,0.43
L-202311-36467,1,7,3,24,1,0,1,Classroom,3,1,2.78,1340.77,1445,6552,12925.62,4,1,0,0,0.0,0.78
L-202311-65183,0,0,0,0,0,0,0,,0,0,0.0,0.0,0,0,0.0,0,0,0,0,0.0,0.0
B-202311-53559,2,4,2,24,1,0,1,Theater,3,1,2.0,1229.2,1500,3968,7205.66,5,0,0,0,50.0,0.97
B-202311-76770,1,2,2,16,0,0,1,Classroom,2,0,1.5,590.25,500,2625,5078.8,5,0,0,0,100.0,0.62
B-202311-37175,2,2,2,16,1,0,1,Classroom,3,1,2.5,1903.97,1000,2232,4398.48,4,0,0,0,100.0,0.64
B-202311-27796,0,0,0,0,0,0,0,,0,0,0.0,0.0,0,0,0.0,0,0,0,0,0.0,0.0
L-202311-85973,1,2,1,12,1,0,1,Classroom,2,0,1.66,1307.49,863,2256,4123.97,3,0,0,0,100.0,0.46
B-202311-63849,1,1,1,8,0,0,1,Theater,2,0,2.0,525.71,350,1105,2444.34,3,0,0,0,100.0,0.42
B-202311-91948,1,3,3,24,1,0,1,Classroom,3,1,1.67,1316.05,950,4656,7368.63,5,0,0,0,100.0,0.42
L-202311-14145,1,2,3,24,0,1,1,Boardroom,1,0,1.48,295.01,799,700,3228.13,2,0,0,0,50.0,1.0
L-202311-44136,0,0,0,0,0,0,0,,0,0,0.0,0.0,0,0,0.0,0,0,0,0,0.0,0.0
B-202311-29558,1,2,2,16,1,0,1,Classroom,3,1,2.5,1103.33,1000,3120,5391.57,4,0,0,0,100.0,0.35
B-202311-81618,0,0,0,0,0,0,0,,0,0,0.0,0.0,0,0,0.0,0,0,0,0,0.0,0.0
L-202311-84345,0,0,0,0,0,0,0,,0,0,0.0,0.0,0,0,0.0,0,0,0,0,0.0,0.0
L-202311-64687,1,2,1,12,1,0,1,Classroom,2,0,1.86,886.23,638,380,2213.76,1,0,0,0,100.0,0.51
B-202311-55693,1,1,1,8,1,0,1,Classroom,2,0,2.0,959.51,350,1560,2457.39,3,0,0,0,100.0,0.48
B-202311-34032,1,2,2,16,1,0,1,Classroom,2,0,2.0,1270.65,700,2600,4501.76,4,0,0,0,100.0,0.63
B-202311-49229,1,2,2,16,1,0,1,Banquet,3,1,3.0,967.35,1300,2340,4809.63,5,0,0,0,100.0,0.54
L-202311-66980,1,1,1,8,0,0,1,Classroom,2,0,1.87,586.26,1318,0,3562.41,0,0,0,0,100.0,0.68
B-202312-21683,1,3,3,24,1,0,1,Theater,3,1,3.0,1534.14,1950,31602,41399.61,5,0,0,0,100.0,0.57
B-202312-36302,2,1,1,8,1,0,1,Classroom,2,0,2.0,1661.07,350,1848,2786.29,4,0,0,0,100.0,0.59
L-202312-93548,2,2,1,8,1,0,1,Theater,3,1,2.68,2671.66,402,1282,2909.04,1,0,0,0,100.0,0.57
B-202312-15651,0,0,0,0,0,0,0,,0,0,0.0,0.0,0,0,0.0,0,0,0,0,0.0,0.0
B-202312-50283,1,2,1,8,1,0,1,Classroom,2,0,1.5,1235.3,500,940,2119.66,2,0,0,0,0.0,0.38
B-202312-19698,2,3,1,12,1,0,1,Classroom,2,0,2.0,1499.85,1050,1592,3685.19,4,0,0,0,0.0,0.75
B-202312-43468,2,4,2,24,1,0,1,Classroom,3,1,2.25,1279.75,1700,4192,7706.14,5,0,0,0,50.0,0.68
B-202312-37948,2,3,3,24,1,0,1,Theater,3,1,2.33,1554.36,1350,6024,9135.29,5,0,0,0,100.0,0.54
L-202312-29014,0,0,0,0,0,0,0,,0,0,0.0,0.0,0,0,0.0,0,0,0,0,0.0,0.0
B-202312-47132,0,0,0,0,0,0,0,,0,0,0.0,0.0,0,0,0.0,0,0,0,0,0.0,0.0
B-202312-83100,2,3,3,24,1,0,1,Theater,3,1,2.67,2533.13,1650,29394,38420.02,4,0,0,0,100.0,0.57
B-202312-95701,0,0,0,0,0,0,0,,0,0,0.0,0.0,0,0,0.0,0,0,0,0,0.0,0.0
B-202312-86282,1,1,1,8,1,0,1,Theater,3,1,3.0,1386.81,650,1848,3115.37,4,0,0,0,100.0,0.42
L-202312-96419,1,1,1,8,0,0,1,Classroom,0,0,0.11,505.72,0,0,2302.09,0,0,0,0,0.0,0.97
B-202312-19188,1,1,1,4,0,0,1,Banquet,0,0,0.0,549.52,0,1375,1947.26,1,1,0,1,0.0,0.62
B-202312-79798,0,0,0,0,0,0,0,,0,0,0.0,0.0,0,0,0.0,0,0,0,0,0.0,0.0
B-202312-92941,1,2,2,16,0,0,1,Theater,2,0,1.5,383.22,500,5544,8156.51,4,0,0,0,100.0,0.97
L-202312-11554,2,1,1,8,1,0,1,Classroom,2,0,1.76,1834.35,169,515,2577.95,1,0,0,0,0.0,0.87
B-202312-87564,2,2,1,12,1,0,1,Theater,2,0,1.5,1190.69,500,1860,3260.04,3,0,0,0,50.0,0.82
B-202312-69037,1,2,1,8,1,0,1,Reception,1,0,1.0,1144.04,300,1320,2318.22,1,1,0,1,0.0,0.37
B-202312-17234,0,0,0,0,0,0,0,,0,0,0.0,0.0,0,0,0.0,0,0,0,0,0.0,0.0
B-202312-33582,1,2,1,8,1,0,1,Banquet,2,0,1.5,876.25,500,1080,2235.0,1,0,1,1,0.0,0.47
B-202312-14569,0,0,0,0,0,0,0,,0,0,0.0,0.0,0,0,0.0,0,0,0,0,0.0,0.0
B-202312-19441,1,1,1,8,1,0,1,Classroom,3,1,3.0,2458.21,650,8215,11484.79,2,0,0,0,100.0,0.65
B-202312-37637,1,1,1,4,1,0,1,Banquet,0,0,0.0,1037.02,0,1320,1654.76,1,1,0,1,0.0,0.55
B-202312-94907,2,2,2,16,1,0,1,Banquet,1,0,1.0,1589.49,300,2100,3690.66,4,0,0,0,100.0,0.6
B-202312-50334,1,1,1,4,0,1,1,Boardroom,1,0,1.0,308.0,150,330,1077.33,1,1,0,1,0.0,0.43
B-202312-54216,0,0,0,0,0,0,0,,0,0,0.0,0.0,0,0,0.0,0,0,0,0,0.0,0.0
B-202312-34151,1,1,1,8,1,0,1,Classroom,3,1,3.0,993.84,650,1008,2286.25,3,0,0,0,100.0,0.47
B-202312-95572,1,1,1,8,1,0,1,Theater,2,0,2.0,904.25,350,720,1695.83,2,0,0,0,100.0,0.44
B-202312-25963,0,0,0,0,0,0,0,,0,0,0.0,0.0,0,0,0.0,0,0,0,0,0.0,0.0
B-202401-46335,1,3,3,24,1,0,1,Banquet,2,0,1.67,988.91,850,3420,6053.26,5,0,0,0,100.0,0.44
B-202401-68387,1,5,2,24,1,0,1,Classroom,2,0,1.8,1128.01,1550,4112,7506.67,5,0,0,0,20.0,0.81
L-202401-81584,1,5,2,16,0,0,1,Theater,0,0,0.14,598.24,0,13000,14777.39,4,0,0,0,50.0,0.95
L-202401-49582,1,5,2,8,1,0,1,Classroom,3,1,2.81,1053.65,57,7490,8869.7,2,0,0,0,100.0,0.37
L-202401-68303,1,5,3,24,0,0,1,Classroom,3,1,2.92,564.89,1100,9180,12040.57,4,1,0,1,0.0,0.95
B-202401-70994,0,0,0,0,0,0,0,,0,0,0.0,0.0,0,0,0.0,0,0,0,0,0.0,0.0
B-202401-75054,1,3,3,24,1,0,1,Classroom,3,1,2.67,1219.15,1650,5208,8671.82,5,0,0,0,100.0,0.39
B-202401-58891,2,1,1,8,1,0,1,Classroom,1,0,1.0,1223.66,150,1512,2272.34,2,0,0,0,100.0,0.64
B-202401-72208,1,1,1,4,0,0,1,Banquet,2,0,2.0,417.07,350,1665,2629.85,1,0,1,1,0.0,0.93
L-202401-41278,1,2,2,8,0,0,1,Theater,3,1,3.0,375.19,195,7810,9381.5,5,0,0,0,0.0,0.97
B-202401-39724,1,1,1,8,0,0,1,Classroom,1,0,1.0,503.88,150,1617,2835.84,4,0,0,0,100.0,0.53
B-202401-84437,0,0,0,0,0,0,0,,0,0,0.0,0.0,0,0,0.0,0,0,0,0,0.0,0.0
L-202401-13769,1,2,3,24,1,0,1,Theater,0,0,0.28,1366.0,0,6690,7977.69,5,0,1,1,100.0,0.41
L-202401-90341,1,1,1,8,1,0,1,Classroom,2,0,1.73,1014.28,599,0,3085.28,0,0,0,0,100.0,0.43
L-202401-69636,1,5,3,36,1,0,1,Theater,3,1,2.55,1203.49,211,0,2662.71,0,0,0,0,100.0,0.83
B-202401-93747,1,2,2,16,1,0,1,Classroom,3,1,2.5,1160.16,1000,3048,5286.44,4,0,0,0,100.0,0.38
B-202401-41079,1,1,1,8,1,0,1,Classroom,2,0,2.0,1236.98,350,1848,2765.33,4,0,0,0,100.0,0.51
B-202401-45043,1,2,1,8,0,0,1,Banquet,2,0,1.0,524.84,350,1265,2744.45,1,1,0,1,0.0,0.57
B-202401-84536,1,2,2,16,1,0,1,Banquet,3,1,2.0,846.29,800,1860,3863.2,4,0,0,0,100.0,0.5
B-202401-94500,1,2,2,16,1,0,1,Classroom,2,0,2.0,1318.96,700,4176,6065.38,4,0,0,0,100.0,0.44
B-202401-66051,2,5,2,24,1,0,1,Classroom,3,1,2.0,1335.85,1850,2560,6331.61,3,0,0,0,20.0,0.99
B-202401-20013,1,1,1,8,1,0,1,Banquet,3,1,3.0,841.7,650,1800,3013.74,3,0,0,0,100.0,0.41
L-202401-15250,1,1,1,8,1,0,1,Classroom,0,0,0.25,823.94,0,819,1622.75,3,0,0,0,100.0,0.57
L-202401-24643,1,2,2,16,0,0,1,Banquet,2,0,1.77,388.96,1159,0,2845.14,0,0,0,0,50.0,0.9
B-202401-34182,2,4,2,24,1,0,1,Theater,2,0,1.75,1501.66,1200,3630,6701.42,5,0,0,0,50.0,0.8
L-202401-27759,1,4,3,24,1,0,1,Theater,1,0,0.98,815.83,117,2772,3993.42,1,0,0,0,0.0,0.38
B-202401-43162,0,0,0,0,0,0,0,,0,0,0.0,0.0,0,0,0.0,0,0,0,0,0.0,0.0
B-202401-83202,1,5,2,24,1,0,1,Theater,2,0,1.8,1216.74,1550,4272,7708.94,5,0,0,0,20.0,0.69
B-202401-13266,0,0,0,0,0,0,0,,0,0,0.0,0.0,0,0,0.0,0,0,0,0,0.0,0.0
B-202401-94679,2,3,3,24,1,0,1,Classroom,3,1,2.67,1356.79,1650,5448,8836.84,5,0,0,0,100.0,0.64
B-202401-68454,1,1,1,8,0,1,1,Boardroom,3,1,3.0,307.42,650,650,2232.78,3,0,0,0,100.0,0.71
B-202401-69394,1,2,1,8,0,0,1,Banquet,2,0,1.0,495.21,350,2090,3676.77,1,1,0,1,0.0,0.95
B-202401-93623,2,7,3,36,1,0,1,Theater,3,1,2.14,1304.43,2950,5792,11529.31,5,0,0,0,28.6,0.82
B-202401-93021,1,2,1,8,0,1,1,Boardroom,2,0,1.5,257.61,500,330,2043.36,1,1,0,1,0.0,0.43
B-202401-70199,2,7,3,36,1,0,1,Classroom,3,1,2.43,1454.12,3450,6064,12434.76,5,0,0,0,28.6,0.75
B-202401-33891,2,2,2,16,1,0,1,Classroom,1,0,1.0,1721.65,300,2568,4030.38,4,0,0,0,100.0,0.66
B-202401-46943,2,3,1,12,1,0,1,Classroom,3,1,2.33,1440.0,1450,2232,4660.47,3,0,0,0,0.0,0.7
B-202401-79842,2,1,1,8,1,0,1,Classroom,2,0,2.0,1520.98,350,1848,2773.28,4,0,0,0,100.0,0.62
L-202401-58916,1,4,2,16,1,0,1,Classroom,1,0,1.15,1353.53,1328,7656,9972.61,3,0,0,0,100.0,0.42
L-202401-64474,1,3,3,24,0,1,1,Boardroom,2,0,2.0,356.21,889,0,1510.99,0,0,0,0,0.0,1.0
B-202401-67947,2,2,2,16,1,0,1,Theater,2,0,2.0,2845.05,700,16380,22340.38,4,0,0,0,100.0,0.53
B-202401-91324,0,0,0,0,0,0,0,,0,0,0.0,0.0,0,0,0.0,0,0,0,0,0.0,0.0
B-202401-11901,1,3,3,24,1,0,1,Banquet,2,0,2.0,872.19,1050,4128,6924.08,4,0,0,0,100.0,0.36
L-202401-49462,1,1,2,16,1,0,1,Theater,3,1,2.7,1168.15,361,209,2520.81,1,0,0,0,50.0,0.52
L-202401-21443,1,8,3,36,0,0,1,Banquet,1,0,0.92,526.29,1157,0,2729.98,0,0,0,0,100.0,0.93
B-202401-87018,1,1,1,8,0,0,1,Classroom,1,0,1.0,433.93,150,2210,3420.93,3,0,0,0,100.0,0.85
L-202401-93435,1,2,1,8,1,0,1,Theater,2,0,1.53,1358.51,1088,1080,3113.92,1,0,0,0,100.0,0.39
B-202402-36094,1,2,2,16,1,0,1,Classroom,3,1,3.0,1233.44,1300,3360,5823.2,5,0,0,0,100.0,0.38
B-202402-79607,1,1,1,4,1,0,1,Banquet,1,0,1.0,1046.25,150,1320,1816.69,1,1,0,1,0.0,0.47
L-202402-32298,1,1,2,16,0,0,1,Theater,2,0,2.48,570.39,340,1228,4420.49,4,0,0,0,0.0,0.7
L-202402-35987,0,0,0,0,0,0,0,,0,0,0.0,0.0,0,0,0.0,0,0,0,0,0.0,0.0
L-202402-40862,1,2,3,36,1,0,1,Classroom,0,0,0.46,1234.24,0,3930,6228.24,3,0,0,0,100.0,0.62
B-202402-26760,1,2,2,16,1,0,1,Classroom,2,0,1.5,1025.21,500,3936,5524.32,5,0,0,0,100.0,0.46
B-202402-75178,0,0,0,0,0,0,0,,0,0,0.0,0.0,0,0,0.0,0,0,0,0,0.0,0.0
B-202402-42933,1,1,1,8,1,0,1,Theater,2,0,2.0,1302.22,350,700,1594.0,1,0,0,0,100.0,0.38
B-202402-58182,1,1,1,8,0,0,1,Banquet,2,0,2.0,583.23,350,1060,2480.73,2,0,0,0,100.0,0.5
B-202402-71249,1,2,2,16,0,0,1,Theater,3,1,2.5,432.91,1000,4680,7612.36,4,0,0,0,100.0,0.93
L-202402-72347,1,1,1,8,1,0,1,Classroom,3,1,2.77,1326.45,937,1048,3920.44,4,0,0,0,0.0,0.39
B-202402-50907,0,0,0,0,0,0,0,,0,0,0.0,0.0,0,0,0.0,0,0,0,0,0.0,0.0
L-202402-34975,1,1,2,16,1,0,1,Banquet,3,1,2.61,1048.07,817,1185,2460.09,5,0,0,0,0.0,0.38
B-202402-43332,0,0,0,0,0,0,0,,0,0,0.0,0.0,0,0,0.0,0,0,0,0,0.0,0.0
L-202402-74447,1,2,1,8,1,0,1,Classroom,0,0,0.48,840.76,0,1722,3330.77,3,0,0,0,100.0,0.64
B-202402-57560,1,1,1,4,0,0,1,Reception,1,0,1.0,598.1,150,1375,2101.77,1,1,0,1,0.0,0.62
L-202402-62694,1,3,2,16,0,0,1,Classroom,2,0,2.47,437.23,1062,6795,9213.96,3,0,0,0,100.0,0.95
B-202402-60434,1,7,3,36,1,0,1,Classroom,3,1,2.14,1397.14,2850,4388,9946.96,5,0,0,0,28.6,0.85
B-202402-61157,2,1,1,8,1,0,1,Theater,3,1,3.0,2255.77,650,8127,11144.84,2,0,0,0,100.0,0.54
B-202402-80571,1,2,2,16,1,0,1,Classroom,2,0,2.0,1101.22,700,3648,5513.19,5,0,0,0,100.0,0.47
B-202402-34264,1,5,2,24,1,0,1,Classroom,3,1,2.0,1295.38,1950,3540,7428.41,5,0,0,0,20.0,0.93
B-202402-41506,1,3,2,12,0,0,1,Banquet,1,0,0.67,497.6,300,1485,3531.55,1,1,0,1,0.0,0.68
B-202402-94834,1,2,2,16,1,0,1,Theater,3,1,2.5,1068.53,1000,3936,6148.43,5,0,0,0,100.0,0.47
B-202402-51193,2,3,3,24,1,0,1,Classroom,3,1,2.33,1707.58,1350,4780,7966.42,5,0,0,0,100.0,0.61
B-202402-33474,1,8,3,36,1,0,1,Classroom,3,1,2.38,1224.79,3700,3860,10538.6,5,0,0,0,12.5,0.85
B-202402-67164,1,4,2,24,1,0,1,Theater,3,1,2.0,1360.99,1600,4266,7679.12,5,0,0,0,50.0,0.89
L-202402-89478,1,1,1,8,1,0,1,Theater,0,0,0.37,840.83,0,2328,4478.06,4,0,0,0,0.0,0.41
B-202402-21141,0,0,0,0,0,0,0,,0,0,0.0,0.0,0,0,0.0,0,0,0,0,0.0,0.0
B-202402-99487,1,5,2,24,1,0,1,Classroom,2,0,1.8,870.04,1550,4710,8072.6,5,0,0,0,20.0,0.72
B-202402-25812,1,1,1,4,1,0,1,Theater,0,0,0.0,968.17,0,0,380.14,0,0,0,0,0.0,0.44
B-202402-32264,1,1,1,8,0,1,1,Boardroom,1,0,1.0,358.54,150,390,1557.85,2,0,0,0,100.0,0.93
B-202402-67146,2,2,1,8,1,0,1,Reception,2,0,1.5,1686.13,500,1320,2480.77,1,1,0,1,0.0,0.51
B-202402-94030,1,2,2,16,0,0,1,Banquet,2,0,2.0,572.64,700,4290,6911.55,4,0,0,0,100.0,0.82
L-202402-73680,0,0,0,0,0,0,0,,0,0,0.0,0.0,0,0,0.0,0,0,0,0,0.0,0.0
L-202402-89405,2,1,2,16,1,0,1,Classroom,2,0,1.68,1650.75,251,1520,2249.13,4,1,0,0,0.0,0.61
B-202402-80699,2,1,1,8,1,0,1,Classroom,2,0,2.0,1624.71,350,1800,2804.75,3,0,0,0,100.0,0.56
B-202402-18698,1,1,1,4,0,0,1,Banquet,0,0,0.0,599.7,0,1705,2261.1,1,1,0,1,0.0,0.78
B-202402-88275,0,0,0,0,0,0,0,,0,0,0.0,0.0,0,0,0.0,0,0,0,0,0.0,0.0
B-202402-94388,1,2,2,16,1,0,1,Classroom,3,1,2.5,1390.37,1000,3408,5552.18,4,0,0,0,100.0,0.42
L-202402-52006,1,4,2,24,1,0,1,Banquet,3,1,2.63,1005.35,1200,0,2480.75,0,0,0,0,100.0,0.5
L-202402-53160,1,2,1,12,1,0,1,Theater,2,0,1.7,1385.56,32,1448,3408.87,4,0,0,0,0.0,0.77
L-202402-54729,1,7,3,24,1,0,1,Theater,3,1,2.62,1318.16,827,1085,4336.59,1,0,0,0,100.0,0.42
B-202402-48477,1,5,2,24,1,0,1,Classroom,2,0,1.8,1146.08,1550,3720,7105.89,4,0,0,0,20.0,0.72
B-202402-98760,2,2,2,16,1,0,1,Theater,2,0,2.0,1328.16,700,3280,5201.01,5,0,0,0,100.0,0.55
B-202402-47623,1,3,3,24,1,0,1,Theater,3,1,2.67,1871.29,1650,25296,33891.69,5,0,0,0,100.0,0.52
B-202402-63780,1,5,2,24,1,0,1,Classroom,3,1,2.0,1335.47,1850,3348,6982.23,5,0,0,0,20.0,0.68
B-202402-74419,0,0,0,0,0,0,0,,0,0,0.0,0.0,0,0,0.0,0,0,0,0,0.0,0.0
L-202402-57636,0,0,0,0,0,0,0,,0,0,0.0,0.0,0,0,0.0,0,0,0,0,0.0,0.0
L-202402-60283,1,1,1,4,0,0,1,Banquet,2,0,2.35,547.25,24,370,1308.26,1,0,0,0,100.0,0.95
B-202403-14861,1,2,2,16,1,0,1,Classroom,3,1,2.5,801.28,1000,3096,5262.91,5,0,0,0,100.0,0.39
B-202403-17152,1,2,2,16,1,0,1,Classroom,3,1,2.5,1050.2,1000,3936,6041.35,5,0,0,0,100.0,0.34
L-202403-49998,0,0,0,0,0,0,0,,0,0,0.0,0.0,0,0,0.0,0,0,0,0,0.0,0.0
B-202403-65690,2,5,2,24,1,0,1,Theater,2,0,1.4,1474.75,1150,3720,6835.88,5,0,0,0,20.0,0.71
L-202403-64732,1,1,1,8,1,0,1,Classroom,1,0,0.72,862.26,829,2388,4417.92,4,0,0,0,100.0,0.53
L-202403-89541,1,8,3,12,1,0,1,Theater,1,0,0.62,1183.41,1135,2264,4685.06,1,0,0,0,100.0,0.63
B-202403-70670,1,6,2,24,1,0,1,Theater,2,0,1.5,964.46,1500,3540,7000.61,5,0,0,0,0.0,0.93
B-202403-74713,0,0,0,0,0,0,0,,0,0,0.0,0.0,0,0,0.0,0,0,0,0,0.0,0.0
B-202403-63382,2,5,2,24,1,0,1,Classroom,3,1,2.0,1503.1,1850,4544,8295.02,5,0,0,0,20.0,0.68
L-202403-79422,1,4,2,8,1,0,1,Theater,1,0,0.69,1007.51,1439,2596,6511.19,1,0,0,0,0.0,0.78
B-202403-76681,2,3,1,16,1,0,1,Theater,2,0,1.0,1439.85,500,1132,2764.71,2,0,0,0,33.3,0.81
L-202403-54433,1,5,2,16,0,0,1,Theater,1,0,0.66,547.21,279,12860,13863.48,4,1,1,1,100.0,0.62
L-202403-62286,0,0,0,0,0,0,0,,0,0,0.0,0.0,0,0,0.0,0,0,0,0,0.0,0.0
B-202403-56461,1,1,1,4,1,0,1,Banquet,1,0,1.0,1098.16,150,1320,1804.87,1,1,0,1,0.0,0.35
B-202403-21171,0,0,0,0,0,0,0,,0,0,0.0,0.0,0,0,0.0,0,0,0,0,0.0,0.0
L-202403-49748,0,0,0,0,0,0,0,,0,0,0.0,0.0,0,0,0.0,0,0,0,0,0.0,0.0
B-202403-16117,1,3,3,24,1,0,1,Classroom,3,1,2.0,1356.14,1150,4280,7259.34,4,0,0,0,100.0,0.49
B-202403-92629,2,5,2,24,1,0,1,Theater,2,0,1.4,1972.41,1150,4112,7177.06,5,0,0,0,20.0,0.96
L-202403-26119,2,2,1,12,1,0,1,Banquet,0,0,0.37,1974.79,0,1974,3176.18,3,0,0,0,0.0,0.51
L-202403-96005,1,1,2,8,0,1,1,Boardroom,3,1,2.79,348.5,1445,3400,7225.38,5,0,0,0,100.0,0.36
B-202403-23902,1,1,1,8,1,0,1,Theater,2,0,2.0,1327.29,350,1560,2530.88,3,0,0,0,100.0,0.43
B-202403-32900,1,2,2,16,1,0,1,Banquet,2,0,2.0,1292.0,700,2280,4183.13,4,0,0,0,100.0,0.41
B-202403-58163,1,3,2,12,0,0,1,Banquet,2,0,1.0,365.72,500,2090,4388.81,1,1,0,1,0.0,0.95
B-202403-87468,1,3,3,24,0,0,1,Banquet,2,0,2.0,412.76,1050,8172,12365.12,5,0,0,0,100.0,1.0
L-202403-82562,1,2,2,16,1,0,1,Banquet,3,1,2.7,1179.87,1257,2532,8217.21,2,0,0,0,100.0,0.36
B-202403-10766,0,0,0,0,0,0,0,,0,0,0.0,0.0,0,0,0.0,0,0,0,0,0.0,0.0
B-202403-79193,1,3,3,24,0,0,1,Classroom,3,1,2.33,385.43,1450,6129,10346.56,5,0,0,0,100.0,0.68
L-202403-42264,2,2,2,16,1,0,1,Classroom,0,0,0.48,1384.73,0,3798,6012.08,3,0,0,0,0.0,0.85
B-202403-83512,2,4,2,24,1,0,1,Classroom,2,0,1.5,1403.52,1000,3560,6384.92,4,0,0,0,50.0,0.69
B-202403-84511,0,0,0,0,0,0,0,,0,0,0.0,0.0,0,0,0.0,0,0,0,0,0.0,0.0
L-202403-26958,1,3,2,24,1,0,1,Banquet,2,0,2.04,1230.69,473,4398,5373.61,2,0,0,0,100.0,0.47
B-202403-31624,2,3,1,16,1,0,1,Theater,2,0,1.33,1733.54,700,432,2370.82,1,0,0,0,33.3,0.99
B-202403-78770,1,2,1,8,1,0,1,Banquet,1,0,0.5,1172.95,150,1320,2195.39,1,1,0,1,0.0,0.36
L-202403-47214,1,2,1,8,0,1,1,Boardroom,2,0,2.03,255.5,876,2310,3589.94,3,0,0,0,100.0,0.36
L-202403-68973,1,2,2,24,1,0,1,Theater,1,0,1.21,1273.38,810,3344,7056.39,4,0,0,0,0.0,0.43
L-202403-50481,1,7,3,24,1,0,1,Reception,2,0,1.6,1347.44,508,26075,27134.19,5,1,0,0,0.0,0.36
L-202403-54453,1,5,2,24,0,0,1,Reception,2,0,2.22,576.12,1296,15140,19925.43,4,0,1,1,100.0,0.97
B-202403-92665,1,2,2,16,1,0,1,Theater,2,0,2.0,980.48,700,3408,5229.31,4,0,0,0,100.0,0.67
B-202403-36920,1,2,2,16,0,0,1,Classroom,2,0,1.5,557.67,500,4284,6787.89,4,0,0,0,100.0,0.9
B-202403-92058,1,1,1,4,0,0,1,Classroom,1,0,1.0,388.63,150,0,704.17,0,0,0,0,0.0,0.8
B-202403-95729,1,2,2,16,0,0,1,Classroom,1,0,1.0,521.21,300,2124,4348.16,2,0,0,0,100.0,1.0
B-202403-42457,2,7,3,36,1,0,1,Classroom,3,1,2.0,1486.23,2550,6020,11444.58,5,0,0,0,28.6,0.82
B-202403-94394,0,0,0,0,0,0,0,,0,0,0.0,0.0,0,0,0.0,0,0,0,0,0.0,0.0
B-202403-12446,1,1,1,8,1,0,1,Theater,3,1,3.0,1137.36,650,720,1961.02,2,0,0,0,100.0,0.56
B-202403-91764,1,2,1,12,1,0,1,Classroom,2,0,1.5,1388.72,500,1988,3430.44,5,0,0,0,50.0,0.77
B-202403-19269,0,0,0,0,0,0,0,,0,0,0.0,0.0,0,0,0.0,0,0,0,0,0.0,0.0
B-202403-24539,1,4,2,16,1,0,1,Classroom,2,0,0.75,1253.6,500,480,2421.02,1,0,0,0,0.0,0.37
B-202403-26395,1,7,3,36,1,0,1,Classroom,3,1,1.86,1228.09,2350,5276,10464.61,5,0,0,0,28.6,0.95
L-202403-31237,1,1,1,8,0,0,1,Banquet,3,1,2.63,428.85,716,2082,3788.55,3,0,0,0,0.0,0.88
L-202403-86230,2,7,3,36,1,0,1,Classroom,1,0,1.24,1649.97,564,11130,13268.93,3,0,0,0,50.0,0.53
B-202403-66063,2,9,3,36,1,0,1,Theater,2,0,1.89,1366.35,2950,5312,11288.02,5,0,0,0,0.0,0.81
B-202403-75382,1,1,1,4,0,0,1,Banquet,2,0,2.0,576.97,350,2200,3161.71,1,1,0,1,0.0,1.0
B-202403-88890,2,2,2,16,1,0,1,Classroom,3,1,2.5,1928.47,1000,1440,3687.2,3,0,0,0,100.0,0.53
B-202403-74852,2,3,3,24,1,0,1,Classroom,2,0,1.33,1439.29,650,4780,7234.73,5,0,0,0,100.0,0.57
L-202403-87660,1,2,3,24,1,0,1,Theater,2,0,1.93,1064.76,1119,3678,5904.59,3,0,0,0,0.0,0.97
L-202403-95033,1,4,2,24,0,0,1,Classroom,2,0,1.66,365.52,907,1224,6771.18,2,0,0,0,100.0,0.88
L-202403-88852,1,1,2,16,0,1,1,Boardroom,3,1,2.74,252.14,583,439,1552.49,1,0,0,0,100.0,1.0
B-202403-12572,0,0,0,0,0,0,0,,0,0,0.0,0.0,0,0,0.0,0,0,0,0,0.0,0.0
B-202403-29082,1,2,1,8,1,0,1,Reception,2,0,1.5,1055.27,500,1080,2301.45,1,0,1,1,0.0,0.36
B-202404-18853,2,2,2,16,1,0,1,Classroom,3,1,3.0,2550.24,1300,22540,28460.7,5,0,0,0,100.0,0.67
L-202404-98172,1,3,2,16,1,0,1,Banquet,2,0,2.24,942.68,1386,2265,4738.13,5,1,0,1,0.0,0.64
B-202404-70902,0,1,1,4,0,0,1,,0,0,0.0,0.0,0,0,318.85,0,0,0,0,0.0,0.0
L-202404-36099,2,1,1,8,1,0,1,Classroom,1,0,1.49,1602.91,21,358,899.54,1,0,0,0,50.0,0.68
B-202404-17312,1,1,1,8,1,0,1,Classroom,2,0,2.0,1328.4,350,1560,2484.28,3,0,0,0,100.0,0.43
B-202404-18526,1,2,1,8,1,0,1,Reception,1,0,0.5,1140.56,150,1320,2162.15,1,1,0,1,0.0,0.37
B-202404-91207,2,1,1,4,1,0,1,Classroom,0,0,0.0,1466.15,0,0,333.38,0,0,0,0,0.0,0.57
B-202404-27143,1,1,1,4,1,0,1,Classroom,1,0,1.0,845.38,150,0,514.69,0,0,0,0,0.0,0.34
L-202404-84593,1,2,2,16,0,0,1,Banquet,3,1,2.69,441.29,1120,4140,6023.95,3,0,0,0,50.0,0.78
B-202404-89079,1,1,1,4,0,1,1,Boardroom,1,0,1.0,367.19,150,0,809.94,0,0,0,0,0.0,1.0
B-202404-15776,1,2,1,8,1,0,1,Banquet,0,0,0.0,1018.79,0,1080,1806.53,1,0,1,1,0.0,0.34
B-202404-33078,1,2,2,16,1,0,1,Theater,1,0,1.0,1111.89,300,940,2400.39,2,0,0,0,100.0,0.42
B-202404-10881,1,1,1,8,1,0,1,Classroom,2,0,2.0,1362.35,350,1300,2303.85,3,0,0,0,100.0,0.54
B-202404-36607,2,8,3,36,1,0,1,Theater,3,1,2.0,1345.54,3000,5020,10940.63,3,0,0,0,12.5,0.76
B-202404-60579,1,1,1,8,1,0,1,Classroom,1,0,1.0,1079.86,150,960,1708.57,2,0,0,0,100.0,0.47
L-202404-93724,1,2,3,24,1,0,1,Classroom,2,0,2.3,833.74,1214,494,4158.7,1,0,0,0,50.0,0.68
B-202404-52157,1,2,1,8,1,0,1,Classroom,2,0,1.5,937.87,500,240,1470.84,1,0,0,0,0.0,0.48
L-202404-79784,0,0,0,0,0,0,0,,0,0,0.0,0.0,0,0,0.0,0,0,0,0,0.0,0.0
B-202404-58449,1,3,3,24,1,0,1,Theater,3,1,2.67,1666.31,1650,37556,46809.39,5,0,0,0,100.0,0.68
B-202404-65799,2,2,1,12,1,0,1,Classroom,3,1,2.5,1450.77,1000,936,2850.41,2,0,0,0,50.0,0.78
B-202404-69183,1,2,2,16,1,0,1,Classroom,1,0,1.0,1045.69,300,3000,4449.59,4,0,0,0,100.0,0.4
B-202404-89036,1,2,2,16,0,0,1,Theater,3,1,2.5,521.05,1000,3280,6342.47,5,0,0,0,100.0,0.5
L-202404-78875,1,5,2,16,0,0,1,Reception,2,0,2.16,537.85,1328,2835,5380.0,1,0,0,0,100.0,0.95
B-202404-36254,1,2,2,8,1,0,1,Banquet,1,0,0.5,885.83,150,1320,2206.34,1,1,0,1,0.0,0.34
B-202404-36263,0,0,0,0,0,0,0,,0,0,0.0,0.0,0,0,0.0,0,0,0,0,0.0,0.0
B-202404-63330,1,5,2,24,1,0,1,Theater,3,1,2.4,1237.15,2350,4792,9004.15,4,0,0,0,20.0,0.84
B-202404-75213,2,5,2,24,1,0,1,Classroom,2,0,1.2,1624.05,950,3920,6745.1,5,0,0,0,20.0,0.8
B-202404-87664,1,2,2,16,0,0,1,Theater,3,1,2.0,544.97,800,3312,5991.24,3,0,0,0,100.0,0.97
L-202404-43807,2,2,2,16,1,0,1,Reception,2,0,1.67,2611.07,847,5216,7718.04,4,0,0,0,100.0,0.6
B-202404-35295,1,1,1,8,1,0,1,Banquet,2,0,2.0,1146.94,350,700,1652.4,1,0,0,0,100.0,0.46
B-202404-66112,1,3,3,24,1,0,1,Classroom,3,1,1.67,1004.74,950,4140,6973.2,4,0,0,0,100.0,0.66
B-202404-93335,1,3,2,12,0,0,1,Banquet,1,0,0.33,436.9,150,1320,3351.3,1,1,0,1,0.0,0.6
L-202404-13945,2,4,2,8,1,0,1,Theater,2,0,1.87,1817.45,11,4984,6793.88,2,0,0,0,100.0,0.79
B-202404-76115,2,3,3,24,1,0,1,Theater,3,1,2.67,2286.64,1650,28178,37277.28,4,0,0,0,100.0,0.61
L-202404-29566,1,2,1,8,1,0,1,Banquet,3,1,2.87,811.03,999,2504,4764.59,4,1,0,1,0.0,0.39
B-202404-21013,1,4,2,16,0,0,1,Theater,2,0,1.5,540.32,1000,2706,6157.26,2,0,0,0,0.0,0.82
B-202404-85813,1,1,1,4,0,0,1,Reception,2,0,2.0,431.8,350,1485,2480.53,1,1,0,1,0.0,0.68
B-202404-12440,1,3,3,24,0,0,1,Classroom,2,0,1.67,402.19,850,6720,10587.78,5,0,0,0,100.0,0.88
B-202404-90538,1,7,3,36,1,0,1,Classroom,3,1,1.86,1359.81,2350,5168,10282.01,5,0,0,0,28.6,0.81
B-202404-46629,1,5,2,24,1,0,1,Classroom,3,1,2.4,1308.12,2450,4392,8733.07,4,0,0,0,20.0,0.72
B-202404-65550,2,1,1,8,1,0,1,Classroom,3,1,3.0,2621.98,650,10934,14330.61,4,0,0,0,100.0,0.59
B-202404-71691,2,2,2,16,1,0,1,Classroom,2,0,2.0,1558.35,700,3408,5267.75,4,0,0,0,100.0,0.59
L-202404-54650,2,3,2,16,1,0,1,Theater,3,1,2.99,1663.28,632,3240,5458.64,5,0,0,0,0.0,0.76
B-202404-40704,1,1,1,4,0,0,1,Reception,2,0,2.0,558.71,350,1870,2801.85,1,1,0,1,0.0,0.85
B-202404-81650,0,0,0,0,0,0,0,,0,0,0.0,0.0,0,0,0.0,0,0,0,0,0.0,0.0
B-202404-86697,1,2,1,8,1,0,1,Banquet,1,0,0.5,954.45,150,700,1540.54,1,0,0,0,0.0,0.51
B-202404-29472,1,3,3,24,1,0,1,Classroom,2,0,2.0,800.87,1050,3680,6535.97,4,0,0,0,100.0,0.36
L-202404-81188,1,2,1,4,1,0,1,Theater,3,1,2.61,927.99,653,6160,8632.26,5,1,0,1,0.0,0.45
B-202404-18523,0,0,0,0,0,0,0,,0,0,0.0,0.0,0,0,0.0,0,0,0,0,0.0,0.0
B-202404-98029,1,1,1,4,0,0,1,Reception,2,0,2.0,588.55,350,990,1954.63,1,1,0,1,0.0,0.45
B-202405-10947,1,7,3,36,1,0,1,Theater,3,1,2.0,1282.91,2650,6678,12199.33,5,0,0,0,28.6,0.68
B-202405-13662,1,2,2,16,1,0,1,Classroom,2,0,1.5,801.45,500,2808,4529.58,5,0,0,0,100.0,0.57
B-202405-13830,1,2,2,16,1,0,1,Classroom,3,1,2.5,1704.33,1000,18304,24295.18,4,0,0,0,100.0,0.6
B-202405-23878,2,2,2,16,1,0,1,Theater,2,0,2.0,1959.33,700,2784,4736.4,3,0,0,0,100.0,0.55
B-202405-55140,1,2,1,8,1,0,1,Classroom,2,0,1.5,1120.56,500,0,1165.46,0,0,0,0,0.0,0.36
B-202405-61229,0,0,0,0,0,0,0,,0,0,0.0,0.0,0,0,0.0,0,0,0,0,0.0,0.0
B-202405-64767,0,0,0,0,0,0,0,,0,0,0.0,0.0,0,0,0.0,0,0,0,0,0.0,0.0
B-202405-94153,0,0,0,0,0,0,0,,0,0,0.0,0.0,0,0,0.0,0,0,0,0,0.0,0.0
B-202405-94358,1,2,2,16,1,0,1,Theater,2,0,1.5,1129.96,500,2808,4531.9,5,0,0,0,100.0,0.56
L-202405-50600,1,2,1,12,1,0,1,Banquet,2,0,1.89,1286.31,642,0,4859.41,0,0,0,0,100.0,0.5
B-202405-36787,2,1,1,8,1,0,1,Theater,1,0,1.0,1393.47,150,1272,2065.35,2,0,0,0,100.0,0.52
B-202405-51676,1,1,1,4,0,0,1,Banquet,2,0,2.0,520.39,350,1710,2661.04,1,0,1,1,0.0,0.95
L-202405-25162,1,5,3,24,1,0,1,Banquet,1,0,1.48,1398.56,1122,0,1588.98,0,0,0,0,50.0,0.4
B-202405-26260,1,3,3,24,1,0,1,Theater,2,0,1.67,846.82,850,3400,6014.53,5,0,0,0,100.0,0.44
B-202405-13888,0,0,0,0,0,0,0,,0,0,0.0,0.0,0,0,0.0,0,0,0,0,0.0,0.0
L-202405-88625,1,6,3,36,1,0,1,Banquet,2,0,1.76,870.8,660,8244,10582.09,3,0,0,0,100.0,0.46
B-202405-28764,1,2,2,8,0,0,1,Theater,1,0,0.5,474.75,150,0,1397.84,0,0,0,0,0.0,0.4
B-202405-68755,1,1,1,8,1,0,1,Classroom,3,1,3.0,1245.34,650,1560,2768.33,3,0,0,0,100.0,0.49
B-202405-80688,0,0,0,0,0,0,0,,0,0,0.0,0.0,0,0,0.0,0,0,0,0,0.0,0.0
B-202405-27607,1,3,3,24,0,0,1,Banquet,3,1,2.0,507.83,1150,7380,11433.48,5,0,0,0,100.0,0.93
B-202405-15723,1,2,2,16,1,0,1,Classroom,2,0,1.5,1375.49,500,3240,4944.75,4,0,0,0,100.0,0.48
B-202405-42847,1,1,1,4,0,0,1,Banquet,1,0,1.0,428.06,150,1265,2051.22,1,1,0,1,0.0,0.57
B-202405-56665,1,1,1,4,1,0,1,Classroom,1,0,1.0,1299.29,150,0,492.03,0,0,0,0,0.0,0.37
B-202405-68194,1,1,1,8,1,0,1,Theater,1,0,1.0,1233.34,150,1008,1731.45,3,0,0,0,100.0,0.38
B-202405-70372,1,2,2,16,0,0,1,Theater,2,0,2.0,573.0,700,3465,6306.24,4,0,0,0,100.0,0.82
L-202405-20665,1,3,2,16,0,0,1,Banquet,2,0,1.88,481.37,822,9210,12057.18,5,0,0,0,100.0,0.85
L-202405-26315,0,0,0,0,0,0,0,,0,0,0.0,0.0,0,0,0.0,0,0,0,0,0.0,0.0
L-202405-82459,2,5,2,8,1,0,1,Classroom,2,0,2.47,1903.6,926,0,2198.36,0,0,0,0,0.0,0.57
B-202405-37180,1,2,1,8,0,0,1,Banquet,2,0,1.0,373.63,350,1575,3196.77,1,0,1,1,0.0,0.88
B-202405-38399,1,1,1,8,1,0,1,Classroom,2,0,2.0,866.56,350,1800,2760.87,3,0,0,0,100.0,0.5
B-202405-89874,0,0,0,0,0,0,0,,0,0,0.0,0.0,0,0,0.0,0,0,0,0,0.0,0.0
B-202405-59375,2,2,1,12,1,0,1,Classroom,3,1,2.5,1706.09,1000,2628,4467.44,5,0,0,0,50.0,0.72
B-202405-64502,0,0,0,0,0,0,0,,0,0,0.0,0.0,0,0,0.0,0,0,0,0,0.0,0.0
L-202405-89216,1,4,2,16,0,0,1,Reception,0,0,0.25,378.76,0,11568,13113.21,4,0,1,1,100.0,0.97
B-202405-67981,1,4,2,16,0,0,1,Classroom,2,0,1.75,480.12,1200,0,3608.78,0,0,0,0,0.0,1.0
B-202405-70156,1,1,1,8,0,1,1,Boardroom,2,0,2.0,399.52,350,265,1579.46,2,0,0,0,100.0,0.36
B-202405-93228,1,1,1,8,0,0,1,Classroom,2,0,2.0,580.88,350,360,1666.59,1,0,0,0,100.0,0.5
B-202405-19429,1,2,2,16,0,0,1,Classroom,2,0,2.0,590.72,700,4095,6865.41,5,0,0,0,100.0,0.88
B-202405-65369,1,1,1,4,1,0,1,Classroom,1,0,1.0,1209.87,150,0,492.83,0,0,0,0,0.0,0.4
B-202405-32954,1,1,1,4,0,0,1,Reception,0,0,0.0,576.86,0,1870,2516.86,1,1,0,1,0.0,0.85
B-202405-79550,1,3,3,24,1,0,1,Classroom,3,1,1.67,1038.5,950,4580,7367.94,5,0,0,0,100.0,0.4
B-202405-96848,1,3,3,24,1,0,1,Classroom,3,1,2.33,2232.91,1350,32060,40534.76,5,0,0,0,100.0,0.58
B-202405-60023,1,1,1,8,1,0,1,Classroom,2,0,2.0,1318.56,350,1560,2519.09,3,0,0,0,100.0,0.37
B-202405-80063,0,0,0,0,0,0,0,,0,0,0.0,0.0,0,0,0.0,0,0,0,0,0.0,0.0
B-202405-93633,1,2,2,16,1,0,1,Banquet,3,1,2.5,1285.84,1000,2340,4615.46,5,0,0,0,100.0,0.34
B-202405-95189,2,1,1,8,1,0,1,Classroom,3,1,3.0,1590.45,650,1848,3066.83,4,0,0,0,100.0,0.59
B-202405-29383,0,0,0,0,0,0,0,,0,0,0.0,0.0,0,0,0.0,0,0,0,0,0.0,0.0
L-202405-28383,2,1,1,4,1,0,1,Theater,3,1,2.89,1385.4,345,888,2437.17,4,1,0,1,0.0,0.57
B-202405-34662,2,2,2,16,1,0,1,Theater,3,1,2.5,1677.26,1000,2256,4514.01,4,0,0,0,100.0,0.57
B-202405-64484,1,3,3,24,1,0,1,Classroom,2,0,2.0,1307.02,1050,5448,8247.73,5,0,0,0,100.0,0.65
L-202405-14501,2,4,2,24,1,0,1,Banquet,2,0,2.03,1696.85,45,0,1395.14,0,0,0,0,100.0,0.61
B-202405-20909,2,1,1,4,1,0,1,Banquet,0,0,0.0,1366.57,0,1320,1674.54,1,1,0,1,0.0,0.66
B-202405-43993,2,2,1,12,1,0,1,Classroom,3,1,2.0,1283.79,800,1980,3661.56,5,0,0,0,50.0,0.82
B-202405-65535,1,6,3,36,1,0,1,Classroom,3,1,1.67,846.82,1800,6184,10547.39,5,0,0,0,50.0,0.93
L-202405-61262,1,2,2,16,0,0,1,Classroom,2,0,1.79,531.86,1399,4392,8090.08,4,0,1,0,100.0,0.5
B-202405-65950,2,4,2,16,1,0,1,Classroom,1,0,0.75,1614.33,450,1880,3773.34,2,0,0,0,0.0,0.54
B-202405-74350,1,1,1,8,1,0,1,Classroom,2,0,2.0,950.72,350,0,986.19,0,0,0,0,100.0,0.46
L-202405-33464,1,2,2,24,0,0,1,Classroom,3,1,2.94,371.37,1088,1296,2919.21,4,0,0,0,100.0,0.68
B-202406-85055,0,0,0,0,0,0,0,,0,0,0.0,0.0,0,0,0.0,0,0,0,0,0.0,0.0
B-202406-86449,1,3,1,16,1,0,1,Classroom,2,0,1.0,1161.22,500,940,2661.03,2,0,0,0,33.3,0.97
B-202406-49283,1,1,1,8,0,0,1,Theater,2,0,2.0,545.63,350,3132,4448.95,4,0,0,0,100.0,0.9
B-202406-45310,1,2,1,8,1,0,1,Banquet,1,0,0.5,1373.58,150,1320,2159.16,1,1,0,1,0.0,0.49
B-202406-82634,1,2,2,16,1,0,1,Classroom,3,1,2.5,820.22,1000,3120,5340.84,3,0,0,0,100.0,0.42
B-202406-15276,1,2,2,16,0,1,1,Boardroom,2,0,1.5,374.04,500,768,3341.83,4,0,0,0,100.0,0.43
B-202406-72111,0,0,0,0,0,0,0,,0,0,0.0,0.0,0,0,0.0,0,0,0,0,0.0,0.0
B-202406-82105,1,2,2,16,1,0,1,Classroom,2,0,2.0,2490.26,700,14859,20373.89,5,0,0,0,100.0,0.53
B-202406-86072,2,2,2,16,1,0,1,Theater,3,1,2.5,1863.34,1000,2100,4397.17,5,0,0,0,100.0,0.62
L-202406-10905,2,1,2,16,1,0,1,Classroom,0,0,0.07,2085.48,0,1058,2263.24,2,0,0,0,100.0,0.51
B-202406-24139,1,2,1,8,0,0,1,Banquet,1,0,1.0,539.4,300,1430,2979.77,1,1,0,1,0.0,0.65
B-202406-51017,2,3,3,24,1,0,1,Banquet,3,1,2.33,1752.54,1350,3840,6918.48,4,0,0,0,100.0,0.66
B-202406-82154,1,4,2,24,1,0,1,Classroom,3,1,2.25,1144.01,1700,4184,7761.86,4,0,0,0,50.0,0.68
L-202406-22280,1,1,2,16,0,0,1,Classroom,3,1,2.92,495.05,1078,0,2265.09,0,0,0,0,50.0,0.9
B-202406-27474,1,5,2,24,1,0,1,Classroom,2,0,1.6,820.62,1350,3648,6893.54,5,0,0,0,20.0,0.88
B-202406-50180,1,2,2,16,1,0,1,Classroom,3,1,3.0,1340.48,1300,3080,5582.17,4,0,0,0,100.0,0.43
B-202406-21433,2,4,2,24,1,0,1,Theater,2,0,1.75,1476.37,1200,3440,6391.1,4,0,0,0,50.0,0.88
B-202406-46721,2,1,1,8,1,0,1,Theater,1,0,1.0,1616.47,150,700,1399.32,1,0,0,0,100.0,0.67
B-202406-62596,1,1,1,8,1,0,1,Classroom,2,0,2.0,1136.48,350,1500,2439.73,3,0,0,0,100.0,0.5
L-202406-96661,1,4,2,16,1,0,1,Theater,3,1,2.58,1265.02,1493,6480,9565.1,3,0,0,0,100.0,0.43
L-202406-64797,0,0,0,0,0,0,0,,0,0,0.0,0.0,0,0,0.0,0,0,0,0,0.0,0.0
B-202406-21395,1,2,1,8,0,0,1,Banquet,2,0,1.0,523.38,350,1350,2900.92,1,0,1,1,0.0,0.75
B-202406-30252,1,1,1,8,1,0,1,Banquet,2,0,2.0,1016.47,350,1560,2474.55,3,0,0,0,100.0,0.53
L-202406-48844,1,2,3,24,1,0,1,Classroom,2,0,2.06,1024.11,862,2696,4432.29,4,1,1,1,0.0,0.38
B-202406-11776,1,2,2,8,0,0,1,Banquet,1,0,1.0,571.05,300,2145,3583.6,1,1,0,1,0.0,0.97
B-202406-23282,0,0,0,0,0,0,0,,0,0,0.0,0.0,0,0,0.0,0,0,0,0,0.0,0.0
B-202406-37122,1,2,2,16,0,0,1,Banquet,2,0,1.5,356.12,500,2832,5226.78,3,0,0,0,100.0,0.6
B-202406-94488,1,2,2,16,0,0,1,Classroom,3,1,2.5,560.83,1000,3388,6453.82,4,0,0,0,100.0,0.55
B-202406-93009,2,3,3,24,1,0,1,Classroom,2,0,1.33,1439.56,650,5020,7431.91,5,0,0,0,100.0,0.61
L-202406-48652,2,1,1,12,1,0,1,Classroom,2,0,1.8,1792.92,596,591,3079.83,1,0,0,0,100.0,0.65
L-202406-96266,0,0,0,0,0,0,0,,0,0,0.0,0.0,0,0,0.0,0,0,0,0,0.0,0.0
L-202406-62757,0,0,0,0,0,0,0,,0,0,0.0,0.0,0,0,0.0,0,0,0,0,0.0,0.0
B-202406-23508,0,0,0,0,0,0,0,,0,0,0.0,0.0,0,0,0.0,0,0,0,0,0.0,0.0
B-202406-98706,1,1,1,4,1,0,1,Reception,0,0,0.0,954.33,0,1080,1450.05,1,0,1,1,0.0,0.34
B-202406-60040,1,3,3,24,1,0,1,Banquet,3,1,2.33,801.2,1350,2680,5793.96,4,0,0,0,100.0,0.63
L-202406-54353,0,0,0,0,0,0,0,,0,0,0.0,0.0,0,0,0.0,0,0,0,0,0.0,0.0
B-202406-11244,1,1,1,4,0,0,1,Banquet,1,0,1.0,401.55,150,990,1756.56,1,1,0,1,0.0,0.45
B-202406-29473,0,0,0,0,0,0,0,,0,0,0.0,0.0,0,0,0.0,0,0,0,0,0.0,0.0
B-202406-31130,1,1,1,8,0,0,1,Classroom,2,0,2.0,515.39,350,2464,3751.35,4,0,0,0,100.0,0.8
B-202406-34928,1,3,3,24,1,0,1,Classroom,3,1,2.33,911.7,1350,5976,9064.87,4,0,0,0,100.0,0.39
B-202406-66928,0,0,0,0,0,0,0,,0,0,0.0,0.0,0,0,0.0,0,0,0,0,0.0,0.0
B-202406-77009,2,1,1,8,1,0,1,Banquet,2,0,2.0,1347.46,350,1248,2178.74,3,0,0,0,100.0,0.54
B-202406-50653,1,2,2,16,1,0,1,Classroom,1,0,1.0,2059.64,300,2880,7898.53,1,0,0,0,100.0,0.57
B-202406-58380,0,0,0,0,0,0,0,,0,0,0.0,0.0,0,0,0.0,0,0,0,0,0.0,0.0
B-202406-27079,1,1,1,8,1,0,1,Classroom,1,0,1.0,1133.44,150,1500,2280.72,3,0,0,0,100.0,0.67
B-202406-29346,0,0,0,0,0,0,0,,0,0,0.0,0.0,0,0,0.0,0,0,0,0,0.0,0.0
B-202406-22928,2,6,2,24,1,0,1,Classroom,3,1,1.83,1416.6,2000,3840,7865.27,5,0,0,0,0.0,0.73
B-202406-32608,0,0,0,0,0,0,0,,0,0,0.0,0.0,0,0,0.0,0,0,0,0,0.0,0.0
B-202406-98895,1,2,1,12,1,0,1,Theater,2,0,1.5,846.38,500,1820,3182.85,2,0,0,0,50.0,0.84
B-202406-96321,1,1,1,8,0,0,1,Classroom,3,1,3.0,590.09,650,1643,3346.32,2,0,0,0,100.0,0.78
B-202406-13396,1,3,3,24,0,0,1,Classroom,2,0,1.67,575.0,850,8126,12039.62,5,0,0,0,100.0,0.85
B-202406-25448,1,3,1,12,1,0,1,Classroom,2,0,1.67,1354.53,850,2808,4666.72,4,0,0,0,0.0,0.68
B-202406-52501,1,1,1,4,0,0,1,Reception,1,0,1.0,352.76,150,1350,2080.09,1,0,1,1,0.0,0.75
B-202406-61615,1,2,1,8,1,0,1,Banquet,2,0,1.5,1207.41,500,1320,2508.29,1,1,0,1,0.0,0.41
B-202406-60082,1,2,1,8,0,0,1,Banquet,2,0,1.5,526.65,500,1440,3171.75,1,0,1,1,0.0,0.8
B-202406-27428,1,1,1,8,0,1,1,Boardroom,2,0,2.0,348.69,350,450,1863.9,3,0,0,0,100.0,0.43
B-202406-38591,0,0,0,0,0,0,0,,0,0,0.0,0.0,0,0,0.0,0,0,0,0,0.0,0.0
B-202406-45321,2,2,1,12,1,0,1,Theater,2,0,2.0,1617.12,700,2718,4377.51,4,0,0,0,50.0,0.8
B-202406-51680,1,1,1,4,0,0,1,Banquet,0,0,0.0,404.1,0,1540,2181.52,1,1,0,1,0.0,0.7
B-202406-45815,1,1,1,4,0,0,1,Banquet,1,0,1.0,350.07,150,1575,2375.42,1,0,1,1,0.0,0.88
B-202406-73284,2,7,3,36,1,0,1,Classroom,3,1,2.29,1653.79,3150,4492,10535.23,3,0,0,0,28.6,0.97
B-202406-90969,1,1,1,4,1,0,1,Banquet,2,0,2.0,1121.37,350,1320,2044.19,1,1,0,1,0.0,0.42
B-202407-59074,0,0,0,0,0,0,0,,0,0,0.0,0.0,0,0,0.0,0,0,0,0,0.0,0.0
B-202407-81260,0,0,0,0,0,0,0,,0,0,0.0,0.0,0,0,0.0,0,0,0,0,0.0,0.0
B-202407-34596,1,1,1,4,1,0,1,Banquet,1,0,1.0,884.72,150,0,476.49,0,0,0,0,0.0,0.65
B-202407-11438,1,1,1,8,1,0,1,Theater,2,0,2.0,1071.8,350,1848,2831.19,4,0,0,0,100.0,0.41
L-202407-85823,1,2,1,4,0,1,1,Boardroom,2,0,2.32,325.3,1053,1554,6935.35,1,0,0,0,100.0,0.36
B-202407-12877,1,2,2,16,1,0,1,Classroom,3,1,2.5,926.85,1000,2520,4753.73,5,0,0,0,100.0,0.35
B-202407-32245,1,2,1,8,0,0,1,Classroom,2,0,1.5,542.68,500,1692,3361.35,2,0,0,0,0.0,0.97
B-202407-64432,1,1,1,8,0,0,1,Classroom,2,0,2.0,557.2,350,2175,3544.14,3,0,0,0,100.0,0.72
B-202407-88105,1,2,2,16,1,0,1,Classroom,2,0,1.5,1070.95,500,3360,5044.27,5,0,0,0,100.0,0.39
B-202407-50572,0,0,0,0,0,0,0,,0,0,0.0,0.0,0,0,0.0,0,0,0,0,0.0,0.0
L-202407-48097,0,0,0,0,0,0,0,,0,0,0.0,0.0,0,0,0.0,0,0,0,0,0.0,0.0
B-202407-70700,1,3,3,24,1,0,1,Classroom,3,1,2.0,810.26,1150,3640,6600.22,5,0,0,0,100.0,0.67
B-202407-83307,1,1,1,4,0,0,1,Banquet,2,0,2.0,365.81,350,2035,3035.16,1,1,0,1,0.0,0.93
B-202407-18450,2,1,1,8,1,0,1,Banquet,1,0,1.0,1317.64,150,1800,2558.29,3,0,0,0,100.0,0.6
B-202407-61296,1,1,1,8,0,0,1,Banquet,1,0,1.0,565.64,150,1645,2795.15,2,0,0,0,100.0,0.88
B-202407-33082,1,2,2,16,1,0,1,Classroom,2,0,2.0,1341.3,700,2808,4717.58,5,0,0,0,100.0,0.36
L-202407-44668,2,2,1,8,1,0,1,Classroom,0,0,0.25,1898.54,0,1578,3516.03,1,0,0,0,50.0,0.64
B-202407-27510,0,0,0,0,0,0,0,,0,0,0.0,0.0,0,0,0.0,0,0,0,0,0.0,0.0
B-202407-42118,1,4,4,32,1,0,1,Classroom,3,1,2.0,1214.21,1500,3960,7912.83,5,0,0,0,100.0,0.46
L-202407-12122,1,4,2,16,1,0,1,Theater,3,1,2.59,2491.16,955,5208,6724.63,3,0,0,0,0.0,0.58
B-202407-65291,2,5,2,24,1,0,1,Classroom,3,1,1.8,1526.53,1650,4192,7857.53,5,0,0,0,20.0,0.71
L-202407-77800,0,0,0,0,0,0,0,,0,0,0.0,0.0,0,0,0.0,0,0,0,0,0.0,0.0
B-202407-56165,1,11,4,48,1,0,1,Classroom,3,1,2.0,1063.19,4150,6984,14927.66,5,0,0,0,9.1,0.7
L-202407-45628,1,1,1,8,0,1,1,Boardroom,0,0,0.02,283.5,0,1600,2735.38,4,0,0,0,0.0,0.93
L-202407-99205,0,0,0,0,0,0,0,,0,0,0.0,0.0,0,0,0.0,0,0,0,0,0.0,0.0
B-202407-82286,1,2,2,16,1,0,1,Classroom,3,1,2.5,856.67,1000,3072,5304.04,4,0,0,0,100.0,0.49
B-202407-54215,1,2,1,8,0,0,1,Banquet,1,0,1.0,387.19,300,1080,2587.37,1,0,1,1,0.0,0.6
L-202407-67939,1,2,3,24,1,0,1,Theater,2,0,2.44,2023.43,1472,1208,4539.34,2,0,0,0,100.0,0.6
B-202407-61202,0,0,0,0,0,0,0,,0,0,0.0,0.0,0,0,0.0,0,0,0,0,0.0,0.0
B-202407-61955,1,1,1,8,1,0,1,Classroom,2,0,2.0,1196.24,350,1800,2779.33,3,0,0,0,100.0,0.47
B-202407-47359,1,2,1,8,1,0,1,Theater,2,0,1.5,1148.23,500,0,1145.02,0,0,0,0,0.0,0.38
B-202407-46500,1,3,3,24,1,0,1,Theater,2,0,1.33,1298.6,650,3880,6369.03,5,0,0,0,100.0,0.57
L-202407-73413,1,1,1,12,1,0,1,Banquet,2,0,2.14,1201.18,318,2630,4673.4,5,0,0,0,0.0,0.46
B-202407-53707,1,9,4,48,1,0,1,Classroom,2,0,1.44,1118.18,2150,6860,12791.47,5,0,0,0,33.3,0.91
B-202407-57250,2,7,3,36,1,0,1,Classroom,3,1,2.57,1710.5,3650,5358,11839.66,5,0,0,0,28.6,0.75
B-202407-45378,1,2,1,8,0,0,1,Banquet,1,0,0.5,496.18,150,855,2135.25,1,0,1,1,0.0,0.47
B-202407-61381,2,1,1,8,1,0,1,Banquet,1,0,1.0,1727.84,150,2088,2780.19,4,0,0,0,100.0,0.64
B-202407-63907,0,0,0,0,0,0,0,,0,0,0.0,0.0,0,0,0.0,0,0,0,0,0.0,0.0
B-202407-86183,2,2,1,12,1,0,1,Classroom,3,1,3.0,1550.84,1300,2020,4246.83,4,0,0,0,50.0,0.8
L-202407-56939,0,0,0,0,0,0,0,,0,0,0.0,0.0,0,0,0.0,0,0,0,0,0.0,0.0
B-202407-68994,2,2,2,16,1,0,1,Classroom,2,0,2.0,1714.26,700,1660,3541.88,3,0,0,0,100.0,0.62
B-202407-71063,2,5,2,24,1,0,1,Theater,3,1,2.0,1726.09,1850,2248,5980.47,4,0,0,0,20.0,0.85
L-202407-24733,1,4,3,24,1,0,1,Classroom,2,0,1.92,1164.71,1311,12256,14813.81,4,0,0,0,0.0,0.67
L-202407-34127,1,6,3,24,0,0,1,Theater,3,1,2.7,537.11,653,13536,16393.94,4,0,0,0,0.0,0.9
B-202407-65667,1,2,2,16,1,0,1,Classroom,3,1,2.5,950.6,1000,3648,5869.88,5,0,0,0,100.0,0.35
L-202407-59559,0,0,0,0,0,0,0,,0,0,0.0,0.0,0,0,0.0,0,0,0,0,0.0,0.0
B-202407-98335,1,1,1,8,1,0,1,Classroom,2,0,2.0,1212.65,350,1848,2825.28,4,0,0,0,100.0,0.48
L-202407-29482,1,1,1,4,0,0,1,Banquet,2,0,1.53,428.88,883,1020,2394.0,5,0,1,1,0.0,0.85
B-202407-23238,0,1,1,4,0,0,1,,0,0,0.0,0.0,0,0,361.5,0,0,0,0,0.0,0.0
B-202407-49526,2,3,3,24,1,0,1,Theater,3,1,2.33,1612.02,1350,4040,7175.65,4,0,0,0,100.0,0.57
B-202407-99505,1,1,1,8,1,0,1,Banquet,3,1,3.0,983.28,650,1560,2846.68,3,0,0,0,100.0,0.36
B-202407-66375,0,0,0,0,0,0,0,,0,0,0.0,0.0,0,0,0.0,0,0,0,0,0.0,0.0
B-202407-70810,1,2,1,8,0,1,1,Boardroom,2,0,1.0,291.83,350,330,1901.17,1,1,0,1,0.0,0.43
B-202407-72324,1,2,2,16,0,0,1,Theater,2,0,2.0,401.34,700,1872,4653.2,5,0,0,0,100.0,0.4
B-202407-89788,1,3,2,16,1,0,1,Banquet,1,0,0.33,1210.57,150,1180,2643.46,2,0,0,0,33.3,0.58
B-202407-93914,0,0,0,0,0,0,0,,0,0,0.0,0.0,0,0,0.0,0,0,0,0,0.0,0.0
B-202408-11428,2,2,2,16,1,0,1,Classroom,2,0,2.0,1737.74,700,3072,5024.7,4,0,0,0,100.0,0.67
B-202408-99853,2,2,1,12,1,0,1,Theater,2,0,1.5,1197.68,500,1940,3309.89,4,0,0,0,50.0,0.78
L-202408-34514,1,1,2,8,1,0,1,Classroom,0,0,0.46,815.59,0,1152,1644.35,2,0,0,0,100.0,0.5
B-202408-84352,2,4,2,24,1,0,1,Classroom,2,0,1.75,1368.6,1200,4080,7068.94,5,0,0,0,50.0,0.97
B-202408-97883,0,0,0,0,0,0,0,,0,0,0.0,0.0,0,0,0.0,0,0,0,0,0.0,0.0
L-202408-56494,2,1,1,12,1,0,1,Theater,2,0,2.46,1461.45,897,1110,4154.26,3,0,0,0,100.0,0.72
L-202408-61466,1,1,1,4,1,0,1,Classroom,1,0,1.32,1184.16,139,2900,4544.94,5,0,1,1,50.0,0.53
B-202408-95181,1,2,2,16,0,0,1,Classroom,2,0,2.0,521.42,700,4004,6731.19,4,0,0,0,100.0,0.65
L-202408-12043,1,2,1,8,0,0,1,Classroom,1,0,0.82,576.23,1379,7440,11012.91,5,1,1,1,100.0,0.88
L-202408-90636,0,0,0,0,0,0,0,,0,0,0.0,0.0,0,0,0.0,0,0,0,0,0.0,0.0
B-202408-94717,1,4,2,24,1,0,1,Theater,2,0,2.0,832.38,1400,3084,6284.66,4,0,0,0,50.0,0.78
L-202408-75461,0,0,0,0,0,0,0,,0,0,0.0,0.0,0,0,0.0,0,0,0,0,0.0,0.0
B-202408-62797,1,2,1,8,1,0,1,Banquet,2,0,2.0,1201.66,700,1080,2467.59,1,0,1,1,0.0,0.38
L-202408-38869,2,2,1,8,1,0,1,Banquet,2,0,1.77,1689.73,845,3000,4830.11,2,0,0,0,100.0,0.58
L-202408-87182,1,4,2,16,0,0,1,Classroom,2,0,2.3,366.83,912,3904,6707.4,4,0,0,0,100.0,0.97
B-202408-19103,1,3,2,16,0,0,1,Classroom,2,0,1.33,527.33,650,805,3576.85,1,0,0,0,33.3,0.57
B-202408-33419,1,1,1,4,1,0,1,Banquet,2,0,2.0,929.38,350,1320,2006.22,1,1,0,1,0.0,0.38
B-202408-43357,1,2,2,16,1,0,1,Classroom,2,0,2.0,1057.96,700,3120,5025.22,4,0,0,0,100.0,0.45
B-202408-87485,1,1,1,8,1,0,1,Classroom,3,1,3.0,946.24,650,1560,2818.43,3,0,0,0,100.0,0.52
B-202408-62781,0,0,0,0,0,0,0,,0,0,0.0,0.0,0,0,0.0,0,0,0,0,0.0,0.0
B-202408-67345,1,1,1,8,1,0,1,Classroom,2,0,2.0,839.9,350,1540,2439.54,4,0,0,0,100.0,0.44
B-202408-79159,2,3,3,24,1,0,1,Classroom,3,1,2.67,2344.94,1650,29187,38343.3,4,0,0,0,100.0,0.59
L-202408-35407,1,2,1,12,1,0,1,Classroom,3,1,2.83,1340.73,815,1496,4384.06,1,0,0,0,100.0,0.47
L-202408-60538,1,8,3,24,1,0,1,Classroom,0,0,0.3,1531.46,0,4960,6991.44,2,0,0,0,100.0,0.57
B-202408-28056,1,1,1,8,1,0,1,Banquet,1,0,1.0,1001.64,150,1800,2524.28,3,0,0,0,100.0,0.41
B-202408-55327,0,0,0,0,0,0,0,,0,0,0.0,0.0,0,0,0.0,0,0,0,0,0.0,0.0
B-202408-91293,1,2,2,16,1,0,1,Classroom,2,0,2.0,1384.61,700,2808,4666.11,5,0,0,0,100.0,0.58
L-202408-32377,2,5,3,24,1,0,1,Classroom,2,0,2.24,1367.92,1020,0,2384.18,0,0,0,0,50.0,0.68
L-202408-55723,1,4,3,24,1,0,1,Banquet,2,0,1.54,1223.35,231,12740,13572.0,5,1,0,1,100.0,0.34
B-202408-94178,1,2,2,16,1,0,1,Classroom,2,0,1.5,1319.03,500,1180,2831.45,2,0,0,0,100.0,0.36
B-202408-88159,1,7,2,32,1,0,1,Theater,2,0,1.14,1047.25,1300,2252,6048.65,2,0,0,0,14.3,0.98
L-202408-78820,2,2,1,8,1,0,1,Classroom,0,0,0.08,1354.95,0,5620,7984.02,5,0,0,0,0.0,0.52
B-202408-69582,1,2,2,16,1,0,1,Classroom,3,1,3.0,1176.49,1300,3936,6505.18,5,0,0,0,100.0,0.46
B-202408-10084,1,3,2,16,1,0,1,Classroom,2,0,1.67,1222.63,850,1880,4049.4,2,0,0,0,33.3,0.47
B-202408-62026,2,3,3,24,1,0,1,Classroom,3,1,2.0,1749.12,1150,4140,7119.02,4,0,0,0,100.0,0.67
B-202408-55977,0,0,0,0,0,0,0,,0,0,0.0,0.0,0,0,0.0,0,0,0,0,0.0,0.0
L-202408-28355,1,7,3,36,0,0,1,Banquet,3,1,2.72,452.21,220,22435,23891.53,5,0,0,0,100.0,0.75
B-202408-47938,1,2,2,16,1,0,1,Classroom,3,1,2.5,1191.93,1000,3600,5797.98,3,0,0,0,100.0,0.62
B-202408-83525,0,0,0,0,0,0,0,,0,0,0.0,0.0,0,0,0.0,0,0,0,0,0.0,0.0
B-202408-52268,1,2,2,16,1,0,1,Banquet,1,0,1.0,1212.82,300,240,1729.65,1,0,0,0,100.0,0.35
B-202408-89152,0,0,0,0,0,0,0,,0,0,0.0,0.0,0,0,0.0,0,0,0,0,0.0,0.0
L-202408-70444,1,3,2,16,1,0,1,Theater,1,0,0.88,891.12,722,2232,4837.33,3,0,0,0,50.0,0.4
L-202408-22609,2,2,1,12,1,0,1,Theater,0,0,0.22,1736.28,0,1592,3604.29,2,0,0,0,50.0,0.51
B-202408-51652,1,1,1,4,1,0,1,Reception,1,0,1.0,1069.09,150,1080,1594.22,1,0,1,1,0.0,0.44
B-202408-79152,1,1,1,4,1,0,1,Banquet,0,0,0.0,871.91,0,1320,1660.82,1,1,0,1,0.0,0.35
B-202408-85660,0,0,0,0,0,0,0,,0,0,0.0,0.0,0,0,0.0,0,0,0,0,0.0,0.0
B-202408-28894,1,3,3,24,0,0,1,Theater,2,0,1.67,394.71,850,6790,10601.01,5,0,0,0,100.0,0.88
B-202408-48577,1,4,4,32,0,0,1,Classroom,3,1,1.75,531.93,1300,9720,14980.72,5,0,0,0,100.0,0.97
B-202408-99805,1,2,1,8,0,0,1,Banquet,2,0,1.0,500.77,350,1170,2770.99,1,0,1,1,0.0,0.65
B-202408-20852,1,2,2,16,1,0,1,Banquet,3,1,3.0,867.57,1300,4176,6762.09,4,0,0,0,100.0,0.48
B-202408-92744,2,2,2,16,1,0,1,Classroom,3,1,3.0,2535.43,1300,24882,31414.82,4,0,0,0,100.0,0.6
B-202408-36306,1,2,2,8,0,0,1,Reception,0,0,0.0,471.02,0,1210,2435.15,1,1,0,1,0.0,0.55
B-202408-42154,0,0,0,0,0,0,0,,0,0,0.0,0.0,0,0,0.0,0,0,0,0,0.0,0.0
L-202408-60625,2,1,2,8,1,0,1,Theater,2,0,2.3,1805.5,89,2436,4432.17,4,0,0,0,100.0,0.63
B-202408-13666,2,3,1,12,1,0,1,Classroom,2,0,1.33,1569.78,650,2292,3956.81,4,0,0,0,0.0,0.93
B-202408-23780,1,1,1,8,0,0,1,Theater,3,1,3.0,551.5,650,2697,4332.71,4,0,0,0,100.0,0.78
B-202408-24097,1,1,1,4,0,1,1,Boardroom,1,0,1.0,297.6,150,660,1368.71,1,1,0,1,0.0,0.86
B-202408-53743,2,1,1,8,1,0,1,Classroom,2,0,2.0,1318.95,350,720,1684.84,2,0,0,0,100.0,0.55
B-202408-61211,1,3,3,24,1,0,1,Theater,3,1,2.0,899.53,1150,3200,6179.79,4,0,0,0,100.0,0.52
B-202408-66814,0,0,0,0,0,0,0,,0,0,0.0,0.0,0,0,0.0,0,0,0,0,0.0,0.0
B-202408-67557,2,2,2,16,1,0,1,Banquet,2,0,1.5,1690.63,500,3648,5333.98,5,0,0,0,100.0,0.67
B-202408-52931,1,3,3,24,1,0,1,Classroom,2,0,1.67,897.69,850,4140,6761.37,4,0,0,0,100.0,0.44
L-202408-60342,1,3,2,16,1,0,1,Banquet,0,0,0.27,946.63,0,11820,13369.39,5,0,0,0,100.0,0.5
B-202408-16880,2,2,2,16,1,0,1,Theater,1,0,1.0,1853.45,300,3360,4833.86,5,0,0,0,100.0,0.55
B-202408-45477,1,2,1,8,1,0,1,Banquet,2,0,1.0,1330.47,350,1320,2332.74,1,1,0,1,0.0,0.36
B-202408-86499,2,3,3,24,1,0,1,Classroom,3,1,2.33,1459.82,1350,3180,6406.14,5,0,0,0,100.0,0.53
B-202408-96372,0,0,0,0,0,0,0,,0,0,0.0,0.0,0,0,0.0,0,0,0,0,0.0,0.0
B-202409-14424,2,2,2,16,1,0,1,Classroom,3,1,2.5,1455.08,1000,3600,5803.05,3,0,0,0,100.0,0.67
B-202409-15209,2,5,2,24,1,0,1,Theater,2,0,1.6,1195.82,1350,3690,6942.77,5,0,0,0,20.0,0.78
B-202409-56312,0,0,0,0,0,0,0,,0,0,0.0,0.0,0,0,0.0,0,0,0,0,0.0,0.0
L-202409-60418,1,1,1,8,1,0,1,Theater,2,0,2.08,857.46,1223,411,4107.48,1,0,0,0,100.0,0.5
B-202409-55587,2,5,2,24,1,0,1,Classroom,3,1,2.0,1697.74,1850,3044,6806.49,5,0,0,0,20.0,0.78
B-202409-41640,1,2,2,16,1,0,1,Classroom,3,1,3.0,814.73,1300,3648,6117.52,5,0,0,0,100.0,0.53
B-202409-43817,1,2,2,16,0,1,1,Boardroom,3,1,2.5,362.73,1000,710,3810.87,4,0,0,0,100.0,0.36
B-202409-76275,1,2,2,8,1,0,1,Reception,2,0,1.0,821.92,350,1320,2378.46,1,1,0,1,0.0,0.51
L-202409-88400,1,1,3,12,0,1,1,Boardroom,2,0,2.29,382.34,540,2350,5308.14,5,1,0,1,0.0,0.57
B-202409-34150,1,1,1,8,0,0,1,Classroom,1,0,1.0,456.59,150,2340,3405.53,3,0,0,0,100.0,0.97
B-202409-96609,1,2,1,8,0,0,1,Banquet,1,0,0.5,492.47,150,1755,3103.54,1,0,1,1,0.0,0.97
B-202409-89556,1,1,1,8,0,0,1,Classroom,2,0,2.0,584.23,350,1692,3028.42,2,0,0,0,100.0,0.95
L-202409-71254,2,1,2,16,1,0,1,Theater,3,1,2.63,1422.69,611,3144,5629.53,4,0,0,0,100.0,0.69
B-202409-53202,1,1,1,8,1,0,1,Theater,2,0,2.0,938.67,350,1248,2254.53,3,0,0,0,100.0,0.41
B-202409-86373,1,4,2,24,1,0,1,Theater,2,0,2.0,961.49,1400,3060,6258.64,4,0,0,0,50.0,0.93
B-202409-87151,2,2,1,8,1,0,1,Theater,2,0,2.0,1316.53,700,240,1587.73,1,0,0,0,0.0,0.67
B-202409-71585,1,1,1,8,0,0,1,Classroom,3,1,3.0,524.08,650,1360,3092.64,2,0,0,0,100.0,0.85
B-202409-24728,1,3,3,24,0,0,1,Theater,2,0,1.33,586.52,650,8532,12045.29,4,0,0,0,100.0,0.95
B-202409-51756,1,5,2,24,1,0,1,Theater,3,1,2.6,928.65,2650,4224,8805.6,5,0,0,0,20.0,0.84
B-202409-93200,1,1,1,8,1,0,1,Banquet,2,0,2.0,1173.03,350,2088,3017.7,4,0,0,0,100.0,0.42
L-202409-44003,1,1,1,8,0,0,1,Classroom,2,0,2.18,464.15,472,2196,4087.12,3,0,0,0,100.0,0.42
B-202409-57443,1,2,1,12,1,0,1,Classroom,3,1,2.5,1095.55,1000,1224,3155.77,3,0,0,0,50.0,0.69
B-202409-91465,1,2,1,8,1,0,1,Classroom,2,0,1.5,2155.22,500,1440,4940.58,1,0,0,0,0.0,0.56
B-202409-29669,1,3,3,24,0,0,1,Classroom,3,1,2.33,383.66,1350,7380,11740.29,5,0,0,0,100.0,0.9
L-202409-26784,2,5,3,36,1,0,1,Classroom,1,0,0.52,2368.6,949,1840,6125.7,2,0,0,0,100.0,0.55
L-202409-91509,1,1,1,4,1,0,1,Classroom,2,0,2.45,1335.46,980,162,5749.17,1,0,0,0,100.0,0.51
B-202409-29450,1,2,1,8,0,0,1,Banquet,2,0,1.0,527.34,350,1530,3065.76,1,0,1,1,0.0,0.85
B-202409-82029,1,3,3,24,1,0,1,Classroom,2,0,1.67,1390.19,850,4392,7179.71,3,0,0,0,100.0,0.34
B-202409-33601,1,3,3,24,1,0,1,Classroom,2,0,1.33,1348.91,650,2480,4980.39,4,0,0,0,100.0,0.45
B-202409-95240,0,0,0,0,0,0,0,,0,0,0.0,0.0,0,0,0.0,0,0,0,0,0.0,0.0
B-202409-96060,1,3,3,24,1,0,1,Banquet,3,1,2.0,1199.9,1150,4820,7791.61,5,0,0,0,100.0,0.38
B-202409-63609,1,2,2,16,1,0,1,Classroom,1,0,1.0,1398.59,300,3480,4974.52,4,0,0,0,100.0,0.48
B-202409-76982,1,2,2,8,1,0,1,Banquet,0,0,0.0,1324.94,0,1080,1760.41,1,0,1,1,0.0,0.38
L-202409-46608,1,5,3,24,1,0,1,Banquet,3,1,2.69,1325.98,1138,11910,14288.12,3,0,0,0,100.0,0.38
B-202409-79174,1,2,1,8,0,0,1,Reception,2,0,1.5,524.61,500,1595,3236.1,1,1,0,1,0.0,0.72
L-202409-51204,1,2,1,8,0,0,1,Theater,3,1,2.93,369.05,370,2512,4460.2,2,0,0,0,50.0,1.0
B-202409-12954,1,3,3,24,1,0,1,Classroom,3,1,2.33,1965.73,1350,25350,34480.14,4,0,0,0,100.0,0.54
B-202409-38553,0,0,0,0,0,0,0,,0,0,0.0,0.0,0,0,0.0,0,0,0,0,0.0,0.0
B-202409-42232,1,1,1,8,1,0,1,Classroom,2,0,2.0,1272.83,350,1272,2185.21,2,0,0,0,100.0,0.39
B-202409-58094,1,2,1,8,0,0,1,Banquet,1,0,0.5,489.2,150,825,2221.72,1,1,0,1,0.0,0.38
B-202409-64808,0,0,0,0,0,0,0,,0,0,0.0,0.0,0,0,0.0,0,0,0,0,0.0,0.0
B-202409-26088,1,4,2,16,1,0,1,Classroom,2,0,1.5,1274.93,1050,240,2684.01,1,0,0,0,0.0,0.47
B-202409-26538,0,0,0,0,0,0,0,,0,0,0.0,0.0,0,0,0.0,0,0,0,0,0.0,0.0
B-202409-56525,1,2,1,12,1,0,1,Classroom,3,1,2.5,907.06,1000,2406,4318.83,4,0,0,0,50.0,0.8
B-202409-76764,2,2,2,16,1,0,1,Theater,3,1,2.5,2399.98,1000,19180,25280.87,4,0,0,0,100.0,0.57
L-202409-47672,0,0,0,0,0,0,0,,0,0,0.0,0.0,0,0,0.0,0,0,0,0,0.0,0.0
B-202409-54241,1,2,2,16,0,0,1,Classroom,3,1,2.5,558.0,1000,3612,6581.42,5,0,0,0,100.0,0.7
L-202409-98356,2,4,2,16,1,0,1,Theater,0,0,0.17,1260.52,0,1608,2745.83,2,0,0,0,50.0,0.93
B-202409-39155,1,1,1,8,0,0,1,Classroom,1,0,1.0,572.76,150,893,2081.27,2,0,0,0,100.0,0.47
B-202409-66034,2,5,2,24,1,0,1,Theater,3,1,2.2,1775.11,2150,3288,7345.45,5,0,0,0,20.0,0.9
B-202409-17425,1,1,1,4,0,0,1,Banquet,1,0,1.0,517.95,150,1760,2461.37,1,1,0,1,0.0,0.8
B-202409-26705,1,3,2,12,0,0,1,Banquet,2,0,1.0,521.71,500,1530,3741.12,1,0,1,1,0.0,0.85
B-202409-44479,0,0,0,0,0,0,0,,0,0,0.0,0.0,0,0,0.0,0,0,0,0,0.0,0.0
L-202409-66803,1,1,2,24,1,0,1,Banquet,1,0,1.28,1175.6,161,820,3158.45,5,1,0,1,0.0,0.34
B-202409-35712,1,1,1,8,1,0,1,Classroom,2,0,2.0,878.37,350,1300,2253.88,3,0,0,0,100.0,0.62
B-202409-73636,1,2,2,16,1,0,1,Theater,2,0,1.5,879.59,500,2140,3901.49,4,0,0,0,100.0,0.58
L-202409-44478,1,2,1,8,0,0,1,Classroom,3,1,2.83,368.78,938,2504,3876.01,4,0,0,0,100.0,0.78
B-202410-55182,1,3,3,24,1,0,1,Theater,3,1,2.33,2360.57,1350,32571,41111.1,4,0,0,0,100.0,0.59
B-202410-81001,0,0,0,0,0,0,0,,0,0,0.0,0.0,0,0,0.0,0,0,0,0,0.0,0.0
B-202410-26206,1,3,1,12,1,0,1,Theater,3,1,2.0,877.62,1150,2388,4547.83,4,0,0,0,0.0,0.71
B-202410-43033,1,2,2,16,1,0,1,Classroom,2,0,1.5,827.7,500,2800,4494.16,5,0,0,0,100.0,0.38
B-202410-90336,1,3,2,12,0,0,1,Banquet,2,0,1.67,442.35,850,1925,4561.3,1,1,0,1,0.0,0.88
B-202410-63258,0,0,0,0,0,0,0,,0,0,0.0,0.0,0,0,0.0,0,0,0,0,0.0,0.0
B-202410-67630,1,1,1,8,0,1,1,Boardroom,3,1,3.0,374.77,650,585,2251.59,3,0,0,0,100.0,0.64
B-202410-40386,1,2,1,8,1,0,1,Classroom,1,0,1.0,1170.71,300,940,1950.72,2,0,0,0,0.0,0.41
L-202410-50144,1,2,2,24,0,1,1,Boardroom,0,0,0.35,352.09,0,816,3283.67,1,0,0,0,50.0,1.0
B-202410-44189,1,4,2,16,0,0,1,Theater,2,0,1.0,534.61,650,2870,5770.77,2,0,0,0,0.0,0.88
B-202410-36799,1,2,2,16,1,0,1,Theater,1,0,1.0,1163.73,300,2580,4152.1,5,0,0,0,100.0,0.67
B-202410-55964,1,2,2,16,0,0,1,Classroom,3,1,3.0,362.86,1300,2418,5801.32,4,0,0,0,100.0,0.65
B-202410-59005,2,1,1,8,1,0,1,Classroom,2,0,2.0,1614.52,350,1560,2548.47,3,0,0,0,100.0,0.64
B-202410-94189,1,2,2,16,1,0,1,Classroom,2,0,1.5,1322.07,500,3408,5145.34,4,0,0,0,100.0,0.42
B-202410-39626,1,2,2,16,1,0,1,Classroom,3,1,2.0,818.71,800,3888,5952.97,4,0,0,0,100.0,0.42
B-202410-78417,2,1,1,8,1,0,1,Classroom,1,0,1.0,1572.1,150,1008,1711.39,3,0,0,0,100.0,0.61
L-202410-78556,1,5,3,12,1,0,1,Reception,2,0,2.26,1858.38,534,6885,8643.08,3,0,0,0,100.0,0.55
B-202410-75147,1,2,2,16,1,0,1,Classroom,3,1,2.0,1274.94,800,2280,4173.97,4,0,0,0,100.0,0.41
B-202410-34673,1,3,3,24,1,0,1,Banquet,3,1,1.67,847.03,950,4340,7058.88,5,0,0,0,100.0,0.62
B-202410-45305,0,0,0,0,0,0,0,,0,0,0.0,0.0,0,0,0.0,0,0,0,0,0.0,0.0
B-202410-83813,1,2,2,16,1,0,1,Theater,3,1,2.5,838.79,1000,3240,5351.38,4,0,0,0,100.0,0.63
B-202410-72111,1,1,1,4,0,0,1,Classroom,0,0,0.0,475.03,0,0,558.99,0,0,0,0,0.0,0.53
B-202410-73556,0,0,0,0,0,0,0,,0,0,0.0,0.0,0,0,0.0,0,0,0,0,0.0,0.0
B-202410-28524,0,0,0,0,0,0,0,,0,0,0.0,0.0,0,0,0.0,0,0,0,0,0.0,0.0
B-202410-78461,2,2,1,12,1,0,1,Theater,2,0,1.5,1431.04,500,2406,3799.47,3,0,0,0,50.0,0.78
B-202410-19392,1,2,2,16,1,0,1,Classroom,2,0,1.5,1122.49,500,2100,3766.85,5,0,0,0,100.0,0.59
B-202410-43390,1,4,2,16,1,0,1,Classroom,2,0,1.5,1225.42,1000,1180,3611.99,2,0,0,0,0.0,0.35
B-202410-94832,0,0,0,0,0,0,0,,0,0,0.0,0.0,0,0,0.0,0,0,0,0,0.0,0.0
B-202410-51187,1,1,1,8,0,0,1,Classroom,2,0,2.0,546.64,350,2700,4085.6,3,0,0,0,100.0,1.0
B-202410-84996,2,1,1,4,1,0,1,Reception,1,0,1.0,1639.07,150,1080,1564.6,1,0,1,1,0.0,0.52
B-202410-14436,1,4,2,24,1,0,1,Classroom,3,1,1.75,1009.7,1300,3240,6262.31,4,0,0,0,50.0,0.69
B-202410-32553,1,1,1,4,0,0,1,Banquet,1,0,1.0,446.71,150,1760,2459.93,1,1,0,1,0.0,0.8
B-202410-70108,0,0,0,0,0,0,0,,0,0,0.0,0.0,0,0,0.0,0,0,0,0,0.0,0.0
B-202410-83716,1,2,2,16,0,0,1,Theater,2,0,2.0,571.86,700,5100,7658.06,4,0,0,0,100.0,0.85
B-202410-94673,1,1,1,8,1,0,1,Classroom,3,1,3.0,1170.36,650,1800,3066.0,3,0,0,0,100.0,0.42
B-202410-41927,1,3,2,12,1,0,1,Banquet,1,0,0.67,958.39,300,1080,2441.65,1,0,1,1,0.0,0.42
B-202410-51615,2,2,2,16,1,0,1,Theater,2,0,2.0,1724.54,700,2140,4055.17,4,0,0,0,100.0,0.53
L-202410-98694,0,0,0,0,0,0,0,,0,0,0.0,0.0,0,0,0.0,0,0,0,0,0.0,0.0
B-202410-90386,1,2,2,16,1,0,1,Classroom,2,0,1.5,825.92,500,3480,5121.34,4,0,0,0,100.0,0.45
L-202410-60800,1,2,1,12,1,0,1,Classroom,3,1,2.78,812.39,253,3678,5466.07,3,0,0,0,100.0,0.38
B-202410-77155,2,4,2,24,1,0,1,Classroom,3,1,2.75,1712.36,2300,4872,8926.86,5,0,0,0,50.0,0.69
L-202410-21848,0,0,0,0,0,0,0,,0,0,0.0,0.0,0,0,0.0,0,0,0,0,0.0,0.0
B-202410-29334,1,1,1,8,1,0,1,Theater,1,0,1.0,1306.45,150,1540,2257.16,4,0,0,0,100.0,0.56
B-202410-67887,1,1,1,4,1,0,1,Classroom,1,0,1.0,890.51,150,0,526.7,0,0,0,0,0.0,0.37
B-202410-97823,1,2,1,8,0,0,1,Classroom,2,0,1.5,491.91,500,1692,3395.05,2,0,0,0,0.0,0.9
B-202410-32376,1,2,1,12,1,0,1,Theater,2,0,2.0,1348.58,700,1776,3408.55,3,0,0,0,50.0,0.72
B-202410-78692,0,0,0,0,0,0,0,,0,0,0.0,0.0,0,0,0.0,0,0,0,0,0.0,0.0
L-202410-58005,1,2,2,8,0,0,1,Banquet,3,1,2.67,370.48,1411,0,3441.99,0,0,0,0,0.0,0.82
B-202410-11398,1,1,1,4,0,0,1,Classroom,0,0,0.0,351.99,0,0,655.85,0,0,0,0,0.0,0.7
B-202410-20158,1,2,2,16,1,0,1,Classroom,2,0,1.5,1354.77,500,2568,4295.44,4,0,0,0,100.0,0.38
B-202410-82468,1,1,1,8,1,0,1,Theater,2,0,2.0,834.44,350,720,1629.9,2,0,0,0,100.0,0.53
B-202411-63368,1,1,1,4,1,0,1,Reception,0,0,0.0,954.24,0,1320,1651.78,1,1,0,1,0.0,0.39
B-202411-86668,1,2,2,16,1,0,1,Classroom,2,0,2.0,865.84,700,3336,5296.59,4,0,0,0,100.0,0.42
L-202411-86445,1,2,1,4,1,0,1,Classroom,0,0,0.08,1344.01,0,0,1034.26,0,0,0,0,100.0,0.47
B-202411-41973,0,0,0,0,0,0,0,,0,0,0.0,0.0,0,0,0.0,0,0,0,0,0.0,0.0
B-202411-61935,2,1,1,8,1,0,1,Theater,1,0,1.0,2410.54,150,5640,8398.86,2,0,0,0,100.0,0.56
B-202411-89840,1,2,2,8,1,0,1,Reception,2,0,2.0,1052.25,700,1320,2732.27,1,1,0,1,0.0,0.38
L-202411-62575,2,6,3,24,1,0,1,Theater,2,0,1.52,1469.08,482,9828,11909.56,3,0,0,0,100.0,0.53
B-202411-80463,1,2,1,8,1,0,1,Banquet,1,0,1.0,1270.1,300,1080,2126.48,1,0,1,1,0.0,0.42
B-202411-25198,1,1,1,4,1,0,1,Banquet,2,0,2.0,1259.53,350,1320,2032.4,1,1,0,1,0.0,0.38
B-202411-37149,0,0,0,0,0,0,0,,0,0,0.0,0.0,0,0,0.0,0,0,0,0,0.0,0.0
L-202411-80430,1,6,3,12,1,0,1,Classroom,0,0,0.15,830.46,0,4698,6945.29,3,0,0,0,100.0,0.65
B-202411-13084,1,1,1,8,0,0,1,Classroom,2,0,2.0,474.86,350,1350,2748.83,3,0,0,0,100.0,0.45
B-202411-76449,1,1,1,4,0,0,1,Reception,2,0,2.0,556.29,350,1800,2791.59,1,0,1,1,0.0,1.0
B-202411-83566,1,2,2,16,1,0,1,Banquet,3,1,2.5,1324.11,1000,2840,5130.03,4,0,0,0,100.0,0.45
L-202411-19575,1,7,3,24,0,0,1,Banquet,2,0,2.3,454.62,448,5411,8656.74,1,0,0,0,100.0,0.8
B-202411-10208,1,2,2,16,1,0,1,Classroom,3,1,3.0,1070.83,1300,2808,5297.75,5,0,0,0,100.0,0.4
B-202411-38207,1,3,3,24,0,1,1,Boardroom,3,1,2.0,322.16,1150,2365,6662.84,5,0,0,0,100.0,0.79
B-202411-79634,1,1,1,8,1,0,1,Banquet,1,0,1.0,1073.38,150,1260,2023.77,2,0,0,0,100.0,0.42
B-202411-88819,2,2,2,16,1,0,1,Banquet,3,1,2.5,1420.37,1000,3336,5611.24,4,0,0,0,100.0,0.53
B-202411-20323,1,2,2,16,1,0,1,Theater,2,0,2.0,1047.86,700,3336,5243.01,4,0,0,0,100.0,0.57
B-202411-23950,1,2,2,16,0,0,1,Banquet,3,1,3.0,536.26,1300,3048,6263.01,4,0,0,0,100.0,0.6
B-202411-65798,2,2,2,16,1,0,1,Theater,3,1,2.0,1397.84,800,1968,3923.95,4,0,0,0,100.0,0.51
B-202411-46924,1,3,3,24,0,0,1,Classroom,2,0,1.67,578.08,850,6552,10216.76,5,0,0,0,100.0,1.0
B-202411-19154,1,2,1,8,0,0,1,Banquet,2,0,2.0,499.52,700,1575,3523.87,1,0,1,1,0.0,0.88
B-202411-41994,1,2,1,8,1,0,1,Banquet,2,0,1.5,1259.04,500,1320,2469.13,1,1,0,1,0.0,0.4
B-202411-83831,1,3,3,24,1,0,1,Theater,3,1,2.33,1338.76,1450,5020,8321.55,5,0,0,0,100.0,0.49
L-202411-75401,2,2,1,4,1,0,1,Theater,3,1,2.91,1512.48,263,0,1761.46,0,0,0,0,100.0,0.78
B-202411-18593,0,0,0,0,0,0,0,,0,0,0.0,0.0,0,0,0.0,0,0,0,0,0.0,0.0
B-202411-32335,1,1,1,8,0,0,1,Classroom,3,1,3.0,480.82,650,1232,2810.56,4,0,0,0,100.0,0.4
B-202411-98247,1,2,2,16,1,0,1,Classroom,1,0,1.0,1190.07,300,2140,3591.44,4,0,0,0,100.0,0.41
L-202411-36186,1,7,3,24,0,1,1,Boardroom,2,0,2.02,334.73,326,0,1573.37,0,0,0,0,100.0,0.36
B-202411-98436,1,2,1,8,1,0,1,Banquet,2,0,1.5,1229.25,500,240,1421.69,1,0,0,0,0.0,0.4
B-202411-88018,1,2,2,16,1,0,1,Theater,3,1,2.0,1055.51,800,3936,5900.51,5,0,0,0,100.0,0.47
B-202411-20552,1,2,2,16,1,0,1,Theater,2,0,1.5,1391.26,500,3000,4643.76,4,0,0,0,100.0,0.53
B-202411-25675,1,1,1,8,1,0,1,Classroom,3,1,3.0,814.05,650,1560,2799.56,3,0,0,0,100.0,0.58
B-202411-28352,1,1,1,4,0,0,1,Reception,2,0,2.0,407.98,350,1620,2584.85,1,0,1,1,0.0,0.9
B-202411-84623,2,4,2,24,1,0,1,Theater,3,1,2.75,1880.82,2300,5436,9517.67,4,0,0,0,50.0,0.82
B-202411-93211,1,2,1,8,1,0,1,Banquet,0,0,0.0,1178.8,0,1320,2055.45,1,1,0,1,0.0,0.38
B-202411-55259,1,2,1,8,1,0,1,Reception,1,0,1.0,996.88,300,1320,2319.08,1,1,0,1,0.0,0.42
B-202411-70062,1,3,3,24,0,1,1,Boardroom,3,1,2.33,283.22,1350,1950,6130.65,3,0,0,0,100.0,0.71
L-202411-33941,0,0,0,0,0,0,0,,0,0,0.0,0.0,0,0,0.0,0,0,0,0,0.0,0.0
B-202411-41704,1,1,1,8,1,0,1,Theater,2,0,2.0,2029.84,350,4200,7214.25,1,0,0,0,100.0,0.62
L-202411-60246,1,2,2,16,1,0,1,Theater,1,0,0.97,854.11,492,692,2920.25,2,0,0,0,100.0,0.57
L-202411-92984,2,2,1,8,1,0,1,Classroom,3,1,2.65,1691.78,229,7170,9844.85,5,0,0,0,100.0,0.54
B-202411-97063,1,2,1,8,0,0,1,Classroom,1,0,0.5,541.35,150,1410,2745.86,2,0,0,0,0.0,0.75
B-202411-23489,0,0,0,0,0,0,0,,0,0,0.0,0.0,0,0,0.0,0,0,0,0,0.0,0.0
B-202411-24651,1,4,4,32,0,1,1,Boardroom,2,0,2.0,254.83,1400,2470,7971.05,3,0,0,0,100.0,0.93
B-202411-36504,2,2,2,16,1,0,1,Classroom,3,1,3.0,1370.61,1300,2280,4769.46,4,0,0,0,100.0,0.6
L-202411-39979,1,3,3,24,0,0,1,Theater,2,0,2.46,558.62,626,2172,3444.33,2,0,0,0,100.0,0.8
B-202411-75921,1,2,2,16,1,0,1,Banquet,2,0,1.5,1124.74,500,2568,4286.2,4,0,0,0,100.0,0.55
B-202411-84278,1,2,2,16,0,0,1,Classroom,3,1,2.5,524.71,1000,5040,8056.08,4,0,0,0,100.0,0.95
B-202411-15230,2,5,2,24,1,0,1,Theater,3,1,2.2,1750.89,2150,3936,7943.42,5,0,0,0,20.0,0.75
L-202411-25260,1,3,2,16,1,0,1,Banquet,3,1,2.95,1145.4,1450,2688,4927.1,4,0,0,0,0.0,0.4
L-202411-30574,1,1,3,36,0,1,1,Boardroom,2,0,1.99,310.49,509,737,3720.05,1,0,0,0,0.0,0.86
B-202411-32988,1,3,3,24,1,0,1,Classroom,2,0,1.67,1336.62,850,3160,5910.28,4,0,0,0,100.0,0.42
B-202412-15171,0,0,0,0,0,0,0,,0,0,0.0,0.0,0,0,0.0,0,0,0,0,0.0,0.0
B-202412-53461,1,3,3,24,1,0,1,Theater,3,1,2.33,1362.03,1450,5160,8492.79,5,0,0,0,100.0,0.48
B-202412-61111,0,1,1,4,0,0,1,,0,0,0.0,0.0,0,0,630.34,0,0,0,0,0.0,0.0
B-202412-65052,1,5,2,24,1,0,1,Theater,2,0,1.6,1145.38,1350,3320,6569.2,3,0,0,0,20.0,0.98
B-202412-42636,1,1,1,8,0,0,1,Theater,3,1,3.0,561.62,650,2145,3800.35,3,0,0,0,100.0,0.82
B-202412-85395,2,1,1,8,1,0,1,Classroom,1,0,1.0,1516.98,150,240,984.95,1,0,0,0,100.0,0.51
B-202412-54917,1,1,1,8,0,0,1,Classroom,1,0,1.0,463.63,150,1040,2242.38,3,0,0,0,100.0,0.4
L-202412-65824,1,2,2,24,1,0,1,Theater,2,0,1.69,1275.4,905,0,1587.13,0,0,0,0,100.0,0.45
B-202412-55700,0,0,0,0,0,0,0,,0,0,0.0,0.0,0,0,0.0,0,0,0,0,0.0,0.0
B-202412-44446,1,4,1,16,1,0,1,Theater,1,0,0.5,1233.01,300,800,2435.98,2,0,0,0,0.0,0.68
L-202412-90362,0,0,0,0,0,0,0,,0,0,0.0,0.0,0,0,0.0,0,0,0,0,0.0,0.0
L-202412-21069,0,0,0,0,0,0,0,,0,0,0.0,0.0,0,0,0.0,0,0,0,0,0.0,0.0
L-202412-97151,0,0,0,0,0,0,0,,0,0,0.0,0.0,0,0,0.0,0,0,0,0,0.0,0.0
B-202412-82521,2,7,3,36,1,0,1,Theater,3,1,2.14,1485.74,2850,6474,12166.99,5,0,0,0,28.6,0.79
B-202412-93148,0,1,1,4,0,0,1,,1,0,1.0,0.0,150,0,468.54,0,0,0,0,0.0,0.0
L-202412-80943,1,5,2,8,1,0,1,Theater,2,0,1.92,1037.76,259,2415,4493.3,1,0,0,0,50.0,0.49
B-202412-57917,2,2,2,16,1,0,1,Classroom,2,0,2.0,1912.67,700,3600,5468.69,4,0,0,0,100.0,0.61
B-202412-73878,1,1,1,4,0,0,1,Banquet,0,0,0.0,475.78,0,1540,2194.66,1,1,0,1,0.0,0.7
L-202412-24338,1,5,3,24,0,0,1,Classroom,1,0,1.11,399.32,1107,6615,9812.06,3,0,0,0,100.0,0.8
L-202412-94683,0,0,0,0,0,0,0,,0,0,0.0,0.0,0,0,0.0,0,0,0,0,0.0,0.0
L-202412-80349,2,2,2,24,1,0,1,Theater,0,0,0.41,1332.96,0,1050,3004.56,3,0,0,0,50.0,0.63
B-202412-48196,1,2,2,16,1,0,1,Classroom,2,0,1.5,1337.08,500,3360,5044.37,5,0,0,0,100.0,0.44
B-202412-14485,0,0,0,0,0,0,0,,0,0,0.0,0.0,0,0,0.0,0,0,0,0,0.0,0.0
B-202412-87474,0,0,0,0,0,0,0,,0,0,0.0,0.0,0,0,0.0,0,0,0,0,0.0,0.0
L-202412-89958,1,4,2,24,0,0,1,Reception,3,1,2.93,597.87,49,2648,7347.14,1,0,0,0,50.0,0.78
B-202412-13032,1,3,3,24,0,0,1,Banquet,3,1,2.33,473.36,1350,7416,11822.45,5,0,0,0,100.0,1.0
B-202412-97498,0,0,0,0,0,0,0,,0,0,0.0,0.0,0,0,0.0,0,0,0,0,0.0,0.0
B-202412-41172,1,1,1,4,0,0,1,Banquet,2,0,2.0,531.18,350,1430,2336.31,1,1,0,1,0.0,0.65
B-202412-50784,0,0,0,0,0,0,0,,0,0,0.0,0.0,0,0,0.0,0,0,0,0,0.0,0.0
B-202412-81213,1,1,1,4,0,0,1,Banquet,0,0,0.0,590.2,0,2035,2584.57,1,1,0,1,0.0,0.93
B-202412-85292,1,3,2,16,1,0,1,Classroom,2,0,1.0,802.11,500,940,2672.47,2,0,0,0,33.3,0.39
B-202412-22424,1,1,1,8,1,0,1,Theater,2,0,2.0,944.18,350,1008,2014.67,3,0,0,0,100.0,0.51
B-202412-49705,1,2,2,16,1,0,1,Theater,3,1,2.0,1285.45,800,3040,5062.58,5,0,0,0,100.0,0.42
L-202412-97602,2,6,3,24,1,0,1,Theater,0,0,0.04,1328.8,0,5976,6489.23,4,0,0,0,0.0,0.76
B-202412-51534,1,4,4,32,1,0,1,Theater,2,0,1.25,1316.15,800,6120,9282.76,5,0,0,0,100.0,0.41
L-202412-34135,1,5,3,24,1,0,1,Reception,1,0,1.28,1179.04,806,11580,14129.03,4,1,0,1,0.0,0.4
B-202412-26338,1,3,3,24,0,0,1,Classroom,3,1,2.0,583.29,1150,4851,9025.35,5,0,0,0,100.0,0.82
B-202412-80707,2,5,2,24,1,0,1,Classroom,3,1,2.2,1369.55,2150,3960,7950.62,5,0,0,0,20.0,0.77
B-202412-29715,1,3,3,24,1,0,1,Theater,3,1,2.0,1244.53,1150,4620,7626.81,4,0,0,0,100.0,0.4
L-202412-12191,1,2,3,12,0,0,1,Banquet,2,0,2.26,527.14,402,1410,3169.61,3,0,0,0,50.0,0.45
L-202412-13332,1,3,3,36,1,0,1,Classroom,0,0,0.37,1329.02,0,1656,2100.73,3,0,0,0,0.0,0.44
L-202412-29929,2,6,3,24,1,0,1,Classroom,3,1,2.77,1463.46,889,2988,5204.09,2,0,0,0,0.0,0.58
B-202412-48415,1,1,1,4,0,0,1,Banquet,1,0,1.0,356.56,150,765,1507.68,1,0,1,1,0.0,0.42
B-202412-65215,2,5,2,32,1,0,1,Theater,2,0,0.8,1593.05,650,432,3506.33,1,0,0,0,60.0,0.7
B-202412-76561,1,1,1,8,1,0,1,Theater,1,0,1.0,1238.07,150,1540,2233.1,4,0,0,0,100.0,0.42
L-202412-58952,1,4,3,24,1,0,1,Banquet,1,0,1.02,880.24,1058,3248,5248.84,2,0,0,0,0.0,0.34
L-202412-16029,2,3,2,8,1,0,1,Theater,0,0,0.36,1454.14,0,1146,1767.69,1,0,0,0,50.0,0.53
L-202412-28407,2,2,1,8,1,0,1,Classroom,3,1,2.8,1505.28,422,0,1268.64,0,0,0,0,0.0,0.9
B-202501-33253,1,1,1,8,1,0,1,Classroom,3,1,3.0,1965.76,650,11340,14472.44,2,0,0,0,100.0,0.75
B-202501-99302,1,1,1,4,0,0,1,Reception,2,0,2.0,478.53,350,1800,2755.66,1,0,1,1,0.0,1.0
B-202501-88377,1,2,2,16,0,1,1,Boardroom,3,1,2.5,262.57,1000,702,3689.16,5,0,0,0,100.0,0.43
B-202501-38701,1,3,3,24,1,0,1,Classroom,2,0,1.67,1156.53,850,4080,6594.21,5,0,0,0,100.0,0.67
L-202501-74325,0,0,0,0,0,0,0,,0,0,0.0,0.0,0,0,0.0,0,0,0,0,0.0,0.0
B-202501-22324,1,6,3,36,1,0,1,Classroom,3,1,2.33,828.71,2800,5912,11428.8,5,0,0,0,50.0,0.93
B-202501-57377,0,0,0,0,0,0,0,,0,0,0.0,0.0,0,0,0.0,0,0,0,0,0.0,0.0
B-202501-62894,1,5,2,24,1,0,1,Theater,3,1,2.2,1095.94,2150,4818,8925.8,5,0,0,0,20.0,0.95
B-202501-93817,0,0,0,0,0,0,0,,0,0,0.0,0.0,0,0,0.0,0,0,0,0,0.0,0.0
L-202501-42361,1,1,1,12,1,0,1,Classroom,2,0,2.08,1154.17,67,310,2245.48,2,0,0,0,100.0,0.53
B-202501-27479,1,2,1,8,1,0,1,Theater,1,0,0.5,1335.18,150,0,762.4,0,0,0,0,0.0,0.69
B-202501-75160,2,5,2,24,1,0,1,Theater,3,1,1.4,1840.46,1250,4000,7173.61,5,0,0,0,20.0,0.7
L-202501-39041,2,1,2,16,1,0,1,Theater,0,0,0.28,2400.64,0,1532,3862.54,4,1,0,0,100.0,0.55
B-202501-23673,0,0,0,0,0,0,0,,0,0,0.0,0.0,0,0,0.0,0,0,0,0,0.0,0.0
B-202501-31129,1,2,1,8,1,0,1,Reception,1,0,1.0,915.08,300,1320,2333.99,1,1,0,1,0.0,0.36
B-202501-89179,0,1,1,4,0,0,1,,1,0,1.0,0.0,150,0,518.99,0,0,0,0,0.0,0.0
B-202501-41275,0,0,0,0,0,0,0,,0,0,0.0,0.0,0,0,0.0,0,0,0,0,0.0,0.0
B-202501-20775,1,3,3,24,1,0,1,Classroom,2,0,1.67,1251.31,850,3400,6073.29,5,0,0,0,100.0,0.44
B-202501-16285,0,0,0,0,0,0,0,,0,0,0.0,0.0,0,0,0.0,0,0,0,0,0.0,0.0
L-202501-38316,1,5,2,24,1,0,1,Classroom,1,0,0.85,1397.14,274,0,1141.97,0,0,0,0,100.0,0.46
B-202501-55521,2,4,2,24,1,0,1,Theater,3,1,2.25,1413.75,1800,3740,7358.16,4,0,0,0,50.0,0.97
B-202501-57706,1,2,2,16,1,0,1,Theater,3,1,2.5,871.47,1000,3000,5261.63,3,0,0,0,100.0,0.37
B-202501-36336,1,4,2,16,1,0,1,Classroom,2,0,1.25,1234.54,800,480,2618.07,1,0,0,0,0.0,0.49
B-202501-37443,1,2,2,16,1,0,1,Classroom,2,0,2.0,1084.73,700,3360,5223.05,4,0,0,0,100.0,0.41
L-202501-17224,2,3,2,24,1,0,1,Classroom,3,1,2.72,1390.28,744,3954,5996.27,2,0,0,0,100.0,0.63
B-202501-82918,1,2,2,16,1,0,1,Theater,2,0,2.0,818.68,700,3360,5234.52,4,0,0,0,100.0,0.62
B-202501-18359,1,2,2,16,0,0,1,Classroom,2,0,1.5,467.21,500,4560,6951.41,5,0,0,0,100.0,0.75
B-202501-56111,2,1,1,8,1,0,1,Classroom,2,0,2.0,1409.65,350,1300,2259.73,3,0,0,0,100.0,0.55
B-202501-96967,0,0,0,0,0,0,0,,0,0,0.0,0.0,0,0,0.0,0,0,0,0,0.0,0.0
L-202501-57000,1,5,2,16,1,0,1,Classroom,0,0,0.03,1013.14,0,3085,3749.99,1,0,0,0,50.0,0.37
B-202501-33264,1,3,2,16,1,0,1,Banquet,1,0,0.67,1305.95,300,1180,2803.16,2,0,0,0,33.3,0.37
B-202501-25247,1,3,3,24,1,0,1,Classroom,2,0,1.33,1366.94,650,4340,6866.24,5,0,0,0,100.0,0.43
B-202501-55751,1,2,2,16,1,0,1,Theater,1,0,1.0,893.03,300,3312,4721.3,3,0,0,0,100.0,0.41
B-202501-94188,0,0,0,0,0,0,0,,0,0,0.0,0.0,0,0,0.0,0,0,0,0,0.0,0.0
L-202501-60966,2,1,1,4,1,0,1,Classroom,2,0,2.2,2501.23,1145,587,3686.19,1,0,0,0,100.0,0.6
B-202501-93424,2,2,2,16,1,0,1,Classroom,3,1,2.0,1562.93,800,3408,5423.02,4,0,0,0,100.0,0.6
B-202501-99674,1,1,1,8,1,0,1,Classroom,2,0,2.0,1132.51,350,1848,2799.93,4,0,0,0,100.0,0.42
L-202501-11648,1,4,3,24,1,0,1,Classroom,2,0,1.76,1248.39,1160,8380,10122.42,5,0,0,0,100.0,0.58
L-202502-24031,1,1,1,4,0,0,1,Classroom,2,0,2.15,495.7,243,550,2898.04,1,0,0,0,0.0,1.0
L-202502-54713,2,5,3,36,1,0,1,Classroom,0,0,0.35,1387.79,0,7500,9169.4,3,0,0,0,50.0,0.66
B-202502-30016,0,1,1,4,0,0,1,,1,0,1.0,0.0,150,0,750.49,0,0,0,0,0.0,0.0
B-202502-54260,1,1,1,8,0,0,1,Classroom,1,0,1.0,382.03,150,2772,3835.72,4,0,0,0,100.0,0.95
L-202502-36151,1,1,1,8,0,0,1,Banquet,1,0,0.95,400.44,985,1314,4694.19,2,0,0,0,100.0,0.9
L-202502-45426,2,7,3,12,1,0,1,Theater,0,0,0.5,1561.08,0,10185,12505.22,5,1,0,1,100.0,0.56
B-202502-52910,1,1,1,8,1,0,1,Banquet,3,1,3.0,1272.86,650,1272,2537.73,2,0,0,0,100.0,0.46
L-202502-19029,1,2,1,8,1,0,1,Classroom,0,0,0.31,1353.01,0,2136,3778.44,2,0,0,0,100.0,0.53
L-202502-27773,1,2,3,24,0,0,1,Theater,0,0,0.36,504.83,0,730,1751.27,1,0,0,0,100.0,0.9
L-202502-76269,1,1,1,8,0,0,1,Classroom,0,0,0.15,545.27,0,1308,3786.86,3,0,0,0,100.0,0.93
L-202502-91811,1,1,2,16,0,0,1,Banquet,0,0,0.48,385.99,0,765,1773.8,5,0,0,0,0.0,0.72
B-202502-92402,1,7,2,32,1,0,1,Classroom,2,0,1.29,1393.49,1500,992,5109.21,2,0,0,0,14.3,0.95
B-202502-14678,1,3,3,24,1,0,1,Theater,3,1,2.0,879.62,1150,4120,7109.89,5,0,0,0,100.0,0.36
L-202502-65199,2,4,2,24,1,0,1,Theater,3,1,2.85,2161.53,306,10016,11836.17,4,0,0,0,100.0,0.61
B-202502-66747,1,1,1,8,0,0,1,Classroom,2,0,2.0,378.69,350,540,1802.47,1,0,0,0,100.0,0.75
B-202502-60694,0,0,0,0,0,0,0,,0,0,0.0,0.0,0,0,0.0,0,0,0,0,0.0,0.0
L-202502-20888,1,4,2,16,0,0,1,Reception,0,0,0.35,384.26,0,4900,7343.61,5,0,0,0,50.0,0.8
B-202502-66588,1,1,1,8,1,0,1,Banquet,2,0,2.0,1361.58,350,672,1664.63,1,0,0,0,100.0,0.38
B-202502-67423,1,5,2,24,1,0,1,Classroom,3,1,2.0,1019.12,1850,4200,7998.31,4,0,0,0,20.0,0.68
B-202502-63504,0,1,1,4,0,0,1,,0,0,0.0,0.0,0,0,344.39,0,0,0,0,0.0,0.0
B-202502-32966,1,2,1,8,1,0,1,Theater,2,0,1.5,822.0,500,240,1441.61,1,0,0,0,0.0,0.59
B-202502-45824,2,3,3,24,1,0,1,Classroom,3,1,2.67,2850.9,1650,22348,31476.86,4,0,0,0,100.0,0.63
B-202502-68632,0,0,0,0,0,0,0,,0,0,0.0,0.0,0,0,0.0,0,0,0,0,0.0,0.0
B-202502-52160,1,3,3,24,1,0,1,Theater,3,1,2.0,965.21,1150,4872,7766.84,5,0,0,0,100.0,0.38
B-202502-61834,1,3,1,12,1,0,1,Classroom,3,1,2.0,827.5,1150,1152,3334.81,3,0,0,0,0.0,0.72
B-202502-30072,1,7,2,32,1,0,1,Theater,2,0,1.29,885.6,1500,2492,6542.12,2,0,0,0,14.3,0.78
B-202502-45732,1,2,1,8,1,0,1,Theater,1,0,1.0,961.61,300,940,1988.32,2,0,0,0,0.0,0.45
B-202502-18566,1,3,3,24,1,0,1,Classroom,3,1,3.0,2293.4,1950,24388,33902.04,5,0,0,0,100.0,0.56
B-202502-79459,2,5,2,24,1,0,1,Classroom,3,1,2.4,1811.19,2450,3512,7884.85,4,0,0,0,20.0,0.88
B-202502-51996,2,2,2,16,1,0,1,Theater,3,1,2.5,1486.56,1000,3648,5915.6,5,0,0,0,100.0,0.57
B-202502-55382,1,2,2,8,1,0,1,Banquet,1,0,0.5,860.44,150,1320,2137.14,1,1,0,1,0.0,0.41
B-202502-37919,0,0,0,0,0,0,0,,0,0,0.0,0.0,0,0,0.0,0,0,0,0,0.0,0.0
B-202502-30437,2,4,1,16,1,0,1,Classroom,2,0,1.25,1416.77,850,432,2623.26,1,0,0,0,0.0,0.85
B-202502-79278,2,1,1,8,1,0,1,Classroom,2,0,2.0,1692.5,350,1848,2841.97,4,0,0,0,100.0,0.57
B-202502-24220,0,0,0,0,0,0,0,,0,0,0.0,0.0,0,0,0.0,0,0,0,0,0.0,0.0
B-202502-73790,0,0,0,0,0,0,0,,0,0,0.0,0.0,0,0,0.0,0,0,0,0,0.0,0.0
B-202502-77295,1,4,2,24,1,0,1,Classroom,3,1,2.25,927.57,1700,3444,6940.54,4,0,0,0,50.0,0.72
B-202502-92350,0,0,0,0,0,0,0,,0,0,0.0,0.0,0,0,0.0,0,0,0,0,0.0,0.0
B-202503-47963,2,4,2,24,1,0,1,Classroom,3,1,1.75,1396.01,1300,4668,7899.45,4,0,0,0,50.0,0.69
B-202503-70645,1,4,4,32,0,0,1,Banquet,2,0,1.75,379.98,1200,8151,13387.8,5,0,0,0,100.0,0.82
L-202503-24664,1,5,2,16,0,0,1,Banquet,3,1,2.83,498.18,479,11850,13465.88,5,1,0,1,100.0,0.68
B-202503-21284,1,2,1,8,0,0,1,Classroom,1,0,0.5,494.66,150,336,1688.58,1,0,0,0,0.0,0.7
B-202503-58773,1,2,1,8,1,0,1,Banquet,2,0,1.5,973.18,500,1320,2465.99,1,1,0,1,0.0,0.34
B-202503-82001,1,1,1,8,0,0,1,Classroom,2,0,2.0,515.03,350,1463,2817.45,4,0,0,0,100.0,0.47
B-202503-15460,1,1,1,8,0,1,1,Boardroom,3,1,3.0,281.69,650,240,1858.87,2,0,0,0,100.0,0.43
B-202503-52127,1,4,4,32,1,0,1,Classroom,3,1,2.0,1304.57,1500,6280,10107.75,5,0,0,0,100.0,0.44
B-202503-65442,0,0,0,0,0,0,0,,0,0,0.0,0.0,0,0,0.0,0,0,0,0,0.0,0.0
B-202503-36825,0,0,0,0,0,0,0,,0,0,0.0,0.0,0,0,0.0,0,0,0,0,0.0,0.0
B-202503-41558,1,2,2,16,1,0,1,Classroom,2,0,1.5,1216.07,500,3480,5107.45,4,0,0,0,100.0,0.38
B-202503-33713,1,1,1,8,1,0,1,Classroom,1,0,1.0,953.26,150,700,1482.25,1,0,0,0,100.0,0.41
B-202503-84463,0,0,0,0,0,0,0,,0,0,0.0,0.0,0,0,0.0,0,0,0,0,0.0,0.0
L-202503-61463,1,2,1,8,1,0,1,Banquet,2,0,1.59,841.05,987,0,1802.72,0,0,0,0,100.0,0.35
B-202503-64085,2,3,3,24,1,0,1,Theater,3,1,2.0,1354.13,1150,4280,7350.36,4,0,0,0,100.0,0.66
L-202503-17917,1,2,2,8,0,0,1,Theater,2,0,2.49,395.05,492,3894,5366.68,3,0,0,0,100.0,0.88
L-202503-18769,1,1,2,24,0,0,1,Classroom,2,0,2.16,450.09,271,0,1140.77,0,0,0,0,100.0,0.6
L-202503-21330,1,1,2,8,0,0,1,Banquet,0,0,0.24,398.87,0,2435,4621.13,5,1,0,1,100.0,0.85
B-202503-11739,0,0,0,0,0,0,0,,0,0,0.0,0.0,0,0,0.0,0,0,0,0,0.0,0.0
B-202503-10827,2,5,2,24,1,0,1,Classroom,3,1,2.0,1283.95,1850,3468,7325.89,5,0,0,0,20.0,0.72
B-202503-38704,1,2,2,16,1,0,1,Theater,3,1,2.0,1272.58,800,2760,4692.96,3,0,0,0,100.0,0.45
B-202503-47400,1,1,1,8,1,0,1,Classroom,1,0,1.0,804.39,150,1560,2334.08,3,0,0,0,100.0,0.46
B-202503-50371,1,1,1,8,1,0,1,Classroom,3,1,3.0,1234.7,650,1560,2756.12,3,0,0,0,100.0,0.57
B-202503-92977,2,2,1,8,1,0,1,Banquet,1,0,0.5,1210.72,150,1320,2209.52,1,1,0,1,0.0,0.55
B-202503-96324,0,0,0,0,0,0,0,,0,0,0.0,0.0,0,0,0.0,0,0,0,0,0.0,0.0
L-202503-74032,1,5,2,24,1,0,1,Reception,2,0,1.73,949.11,725,7335,8496.91,3,0,0,0,100.0,0.38
B-202503-55794,2,6,2,24,1,0,1,Classroom,3,1,2.0,1531.09,2200,5286,9427.84,5,0,0,0,0.0,0.82
B-202503-63477,2,4,4,32,1,0,1,Banquet,3,1,2.0,1817.79,1500,5840,9813.56,5,0,0,0,100.0,0.58
L-202503-38441,1,1,1,4,1,0,1,Banquet,0,0,0.26,1277.31,0,2205,4130.06,5,0,1,0,100.0,0.48
L-202503-36222,2,1,2,16,1,0,1,Classroom,2,0,1.79,2641.05,538,0,1068.16,0,0,0,0,100.0,0.56
B-202503-52452,1,1,1,8,1,0,1,Theater,1,0,1.0,940.64,150,1560,2365.87,3,0,0,0,100.0,0.42
B-202503-65236,2,1,1,8,1,0,1,Classroom,2,0,2.0,1744.29,350,1560,2520.11,3,0,0,0,100.0,0.6
L-202503-72414,1,2,1,8,1,0,1,Classroom,2,0,2.46,1888.08,264,1268,2151.09,1,0,0,0,50.0,0.55
B-202503-41066,1,1,1,4,1,0,1,Reception,2,0,2.0,1217.48,350,1320,1993.56,1,1,0,1,0.0,0.36
B-202503-98892,2,1,1,8,1,0,1,Classroom,2,0,2.0,1457.43,350,1248,2250.97,3,0,0,0,100.0,0.63
B-202503-26794,1,3,3,24,1,0,1,Classroom,2,0,2.0,1196.52,1050,3600,6499.13,5,0,0,0,100.0,0.55
B-202503-45033,2,4,2,16,1,0,1,Classroom,2,0,0.75,1440.04,500,1640,3587.76,2,0,0,0,0.0,0.62
B-202503-53895,2,3,3,24,1,0,1,Classroom,3,1,2.67,1702.84,1650,4120,7615.63,5,0,0,0,100.0,0.67
L-202503-19974,1,1,3,24,1,0,1,Theater,1,0,1.06,1141.66,548,627,2376.38,1,0,0,0,100.0,0.47
L-202503-38242,0,0,0,0,0,0,0,,0,0,0.0,0.0,0,0,0.0,0,0,0,0,0.0,0.0
B-202503-45855,1,2,2,16,0,0,1,Theater,3,1,2.0,442.05,800,2414,5093.04,4,0,0,0,100.0,0.42
B-202503-81554,2,4,2,24,1,0,1,Theater,3,1,2.25,1594.97,1800,2832,6439.66,5,0,0,0,50.0,0.7
B-202503-30848,1,2,2,16,0,0,1,Classroom,2,0,2.0,585.93,700,4680,7299.39,4,0,0,0,100.0,0.95
B-202503-62352,0,0,0,0,0,0,0,,0,0,0.0,0.0,0,0,0.0,0,0,0,0,0.0,0.0
B-202503-72534,0,0,0,0,0,0,0,,0,0,0.0,0.0,0,0,0.0,0,0,0,0,0.0,0.0
L-202503-69267,1,1,2,16,0,0,1,Theater,0,0,0.05,578.75,0,542,1408.89,2,0,0,0,0.0,0.62
B-202503-27284,1,2,1,8,0,0,1,Banquet,1,0,1.0,429.26,300,1265,2740.86,1,1,0,1,0.0,0.57
B-202503-49763,2,2,2,16,1,0,1,Classroom,2,0,2.0,1242.01,700,2520,4444.46,5,0,0,0,100.0,0.62
B-202503-76368,1,4,2,16,1,0,1,Classroom,2,0,1.0,1323.78,650,1640,3691.45,2,0,0,0,0.0,0.66
B-202503-91630,1,2,1,8,0,0,1,Theater,1,0,1.0,481.3,300,1260,2718.11,1,0,0,0,0.0,0.93
B-202504-25869,1,2,2,16,1,0,1,Theater,2,0,1.5,960.33,500,2840,4523.63,4,0,0,0,100.0,0.4
B-202504-58979,2,2,2,16,1,0,1,Classroom,3,1,2.0,1526.19,800,2840,4845.4,4,0,0,0,100.0,0.66
B-202504-76872,0,0,0,0,0,0,0,,0,0,0.0,0.0,0,0,0.0,0,0,0,0,0.0,0.0
L-202504-67544,2,7,3,12,1,0,1,Theater,1,0,0.99,1602.9,1165,3990,7279.68,3,0,0,0,100.0,0.56
B-202504-27339,2,7,3,36,1,0,1,Classroom,3,1,2.14,1280.1,2750,6764,12393.05,5,0,0,0,28.6,0.89
B-202504-46353,0,0,0,0,0,0,0,,0,0,0.0,0.0,0,0,0.0,0,0,0,0,0.0,0.0
B-202504-82433,1,2,2,16,1,0,1,Classroom,2,0,2.0,1199.4,700,2800,4722.87,5,0,0,0,100.0,0.39
B-202504-29079,0,0,0,0,0,0,0,,0,0,0.0,0.0,0,0,0.0,0,0,0,0,0.0,0.0
B-202504-56500,0,0,0,0,0,0,0,,0,0,0.0,0.0,0,0,0.0,0,0,0,0,0.0,0.0
B-202504-70709,1,1,1,8,1,0,1,Classroom,3,1,3.0,1382.63,650,1560,2754.47,3,0,0,0,100.0,0.62
B-202504-92745,0,0,0,0,0,0,0,,0,0,0.0,0.0,0,0,0.0,0,0,0,0,0.0,0.0
B-202504-97115,1,2,1,8,0,0,1,Theater,1,0,1.0,578.95,300,940,2483.77,2,0,0,0,0.0,0.5
B-202504-64055,0,0,0,0,0,0,0,,0,0,0.0,0.0,0,0,0.0,0,0,0,0,0.0,0.0
B-202504-86741,1,4,2,24,1,0,1,Theater,3,1,2.25,972.11,1800,4056,7588.4,5,0,0,0,50.0,0.84
B-202504-89325,1,2,1,8,0,0,1,Theater,2,0,1.5,572.72,500,0,1751.25,0,0,0,0,0.0,0.7
B-202504-99526,0,0,0,0,0,0,0,,0,0,0.0,0.0,0,0,0.0,0,0,0,0,0.0,0.0
L-202504-48455,0,0,0,0,0,0,0,,0,0,0.0,0.0,0,0,0.0,0,0,0,0,0.0,0.0
B-202504-12285,1,4,2,24,1,0,1,Classroom,3,1,2.5,959.16,2000,4284,8058.75,4,0,0,0,50.0,0.92
B-202504-60837,0,0,0,0,0,0,0,,0,0,0.0,0.0,0,0,0.0,0,0,0,0,0.0,0.0
B-202504-93026,1,2,2,16,0,0,1,Classroom,2,0,2.0,457.26,700,2754,5538.91,4,0,0,0,100.0,0.42
B-202504-96546,1,3,3,24,1,0,1,Banquet,2,0,1.67,859.4,850,3400,5966.82,5,0,0,0,100.0,0.52
B-202504-89902,1,2,2,16,1,0,1,Classroom,1,0,1.0,1256.66,300,3360,4778.75,5,0,0,0,100.0,0.38
L-202504-52661,1,1,1,12,0,0,1,Banquet,1,0,1.03,592.62,1281,2480,5785.03,4,1,0,1,0.0,0.45
B-202504-65554,0,0,0,0,0,0,0,,0,0,0.0,0.0,0,0,0.0,0,0,0,0,0.0,0.0
B-202504-89337,1,2,2,16,1,0,1,Theater,2,0,2.0,2157.43,700,15738,21577.73,5,0,0,0,100.0,0.51
L-202504-27964,2,3,2,16,1,0,1,Classroom,1,0,1.21,1275.19,993,9348,12378.3,4,0,1,1,0.0,0.74
L-202504-52488,1,2,2,24,0,1,1,Boardroom,3,1,2.51,269.51,1392,0,2629.29,0,0,0,0,50.0,0.5
B-202504-20139,1,2,2,16,1,0,1,Banquet,3,1,3.0,1244.44,1300,3096,5581.51,5,0,0,0,100.0,0.37
B-202504-74350,1,1,1,8,1,0,1,Classroom,2,0,2.0,1297.8,350,1008,1923.48,3,0,0,0,100.0,0.57
B-202504-71566,1,3,3,24,1,0,1,Banquet,2,0,1.33,1163.73,650,2700,5162.93,5,0,0,0,100.0,0.51
B-202504-46556,0,0,0,0,0,0,0,,0,0,0.0,0.0,0,0,0.0,0,0,0,0,0.0,0.0
L-202504-42160,1,4,2,16,1,0,1,Banquet,2,0,2.39,950.14,452,5856,7341.6,2,0,0,0,0.0,0.43
B-202504-23155,1,1,1,8,1,0,1,Theater,2,0,2.0,811.05,350,1560,2488.93,3,0,0,0,100.0,0.49
L-202504-82174,0,0,0,0,0,0,0,,0,0,0.0,0.0,0,0,0.0,0,0,0,0,0.0,0.0
B-202504-19464,1,2,1,8,0,0,1,Banquet,2,0,1.5,525.34,500,1395,3174.82,1,0,1,1,0.0,0.78
B-202504-74182,2,4,2,24,1,0,1,Classroom,3,1,2.5,1813.62,2000,4032,7906.14,5,0,0,0,50.0,0.68
L-202504-31875,1,1,1,8,1,0,1,Banquet,0,0,0.5,1393.31,0,1635,2580.82,3,0,0,0,100.0,0.49
B-202504-36886,1,4,2,16,1,0,1,Theater,2,0,1.25,1166.01,800,0,2152.15,0,0,0,0,0.0,0.47
B-202504-43387,1,4,2,24,1,0,1,Theater,3,1,2.5,1069.6,2000,3456,7205.61,4,0,0,0,50.0,0.88
B-202504-62939,2,2,2,16,1,0,1,Classroom,3,1,2.5,1380.91,1000,3096,5295.36,5,0,0,0,100.0,0.62
B-202504-65478,2,2,1,8,1,0,1,Theater,1,0,0.5,1472.97,150,240,1130.43,1,0,0,0,0.0,0.6
B-202504-70625,0,0,0,0,0,0,0,,0,0,0.0,0.0,0,0,0.0,0,0,0,0,0.0,0.0
B-202504-83356,0,0,0,0,0,0,0,,0,0,0.0,0.0,0,0,0.0,0,0,0,0,0.0,0.0
B-202504-44961,2,2,1,8,1,0,1,Banquet,1,0,0.5,1355.09,150,1320,2178.37,1,1,0,1,0.0,0.58
L-202504-88023,2,5,2,16,1,0,1,Classroom,2,0,1.54,1599.12,236,6435,8239.88,3,0,0,0,100.0,0.66
L-202504-93275,1,1,2,24,0,0,1,Classroom,2,0,1.64,396.67,1285,2065,7529.77,5,0,0,0,0.0,0.47
B-202504-14131,1,2,2,16,1,0,1,Classroom,2,0,1.5,812.73,500,3040,4774.84,5,0,0,0,100.0,0.62
B-202504-76829,1,2,1,8,0,1,1,Boardroom,2,0,1.5,366.95,500,770,2396.51,1,1,0,1,0.0,1.0
B-202504-81142,1,1,1,4,0,0,1,Banquet,1,0,1.0,569.54,150,1265,1997.47,1,1,0,1,0.0,0.57
B-202504-88323,1,1,1,8,0,1,1,Boardroom,1,0,1.0,334.97,150,742,1856.79,2,0,0,0,100.0,1.0
B-202504-56013,1,2,1,8,1,0,1,Classroom,1,0,0.5,1145.97,150,240,1149.05,1,0,0,0,0.0,0.39
B-202504-93903,1,1,1,8,0,0,1,Classroom,2,0,2.0,446.14,350,2541,3837.65,4,0,0,0,100.0,0.82
L-202504-22108,1,6,3,12,1,0,1,Classroom,2,0,1.85,991.03,1480,7368,11327.05,2,0,0,0,100.0,0.5
B-202504-67086,1,2,2,16,0,0,1,Classroom,2,0,1.5,576.13,500,2159,4605.47,4,0,0,0,100.0,0.42
B-202504-39536,0,0,0,0,0,0,0,,0,0,0.0,0.0,0,0,0.0,0,0,0,0,0.0,0.0
B-202504-73195,1,3,1,12,1,0,1,Theater,2,0,1.67,1222.32,850,1062,2892.59,2,0,0,0,0.0,0.7
B-202504-34382,1,1,1,8,1,0,1,Classroom,1,0,1.0,1061.25,150,1260,2030.53,2,0,0,0,100.0,0.62
L-202504-56876,1,4,2,24,1,0,1,Theater,2,0,2.35,1063.76,283,672,2749.78,1,0,0,0,100.0,0.85
B-202505-30788,1,3,3,24,1,0,1,Classroom,3,1,2.33,1864.95,1350,14874,23743.13,4,0,0,0,100.0,0.56
B-202505-43841,0,0,0,0,0,0,0,,0,0,0.0,0.0,0,0,0.0,0,0,0,0,0.0,0.0
B-202505-38664,2,1,1,8,1,0,1,Banquet,1,0,1.0,1697.04,150,1560,2295.3,3,0,0,0,100.0,0.65
B-202505-86758,1,5,2,24,1,0,1,Theater,2,0,1.8,829.23,1550,3320,6845.11,4,0,0,0,20.0,0.93
B-202505-92776,1,1,1,4,1,0,1,Classroom,0,0,0.0,1293.23,0,0,360.7,0,0,0,0,0.0,0.46
L-202505-17197,0,0,0,0,0,0,0,,0,0,0.0,0.0,0,0,0.0,0,0,0,0,0.0,0.0
L-202505-41460,0,0,0,0,0,0,0,,0,0,0.0,0.0,0,0,0.0,0,0,0,0,0.0,0.0
B-202505-34265,2,8,3,36,1,0,1,Classroom,3,1,1.75,1584.52,2600,5540,11051.83,5,0,0,0,12.5,0.95
L-202505-25917,1,8,3,24,0,0,1,Classroom,3,1,2.61,451.86,617,10248,11641.95,3,0,0,0,100.0,0.72
B-202505-70241,2,8,4,48,1,0,1,Classroom,3,1,2.0,1519.96,2900,7028,13511.56,5,0,0,0,50.0,0.7
L-202505-15573,0,0,0,0,0,0,0,,0,0,0.0,0.0,0,0,0.0,0,0,0,0,0.0,0.0
B-202505-31016,1,2,2,16,1,0,1,Theater,2,0,2.0,836.96,700,3600,5456.29,4,0,0,0,100.0,0.49
B-202505-36248,0,0,0,0,0,0,0,,0,0,0.0,0.0,0,0,0.0,0,0,0,0,0.0,0.0
B-202505-70752,1,3,3,24,0,0,1,Theater,2,0,2.0,539.89,1050,6912,11012.98,5,0,0,0,100.0,0.9
B-202505-56585,0,0,0,0,0,0,0,,0,0,0.0,0.0,0,0,0.0,0,0,0,0,0.0,0.0
B-202505-99175,2,1,1,8,1,0,1,Banquet,1,0,1.0,1450.97,150,1560,2312.91,3,0,0,0,100.0,0.61
L-202505-57373,1,6,3,36,1,0,1,Banquet,0,0,0.25,941.56,0,1272,2899.93,1,0,0,0,0.0,0.34
B-202505-73068,1,2,1,8,0,0,1,Reception,1,0,1.0,591.96,300,1870,3432.8,1,1,0,1,0.0,0.85
L-202505-19463,0,0,0,0,0,0,0,,0,0,0.0,0.0,0,0,0.0,0,0,0,0,0.0,0.0
L-202505-51721,1,1,1,12,1,0,1,Classroom,2,0,2.03,2389.79,591,753,3685.94,1,0,0,0,0.0,0.51
L-202505-58072,0,0,0,0,0,0,0,,0,0,0.0,0.0,0,0,0.0,0,0,0,0,0.0,0.0
L-202505-65072,2,1,1,8,1,0,1,Classroom,0,0,0.05,1301.68,0,583,4136.7,1,0,0,0,100.0,0.61
L-202505-25496,2,5,2,16,1,0,1,Classroom,0,0,0.03,1334.48,0,6050,7402.6,2,0,0,0,100.0,0.66
B-202505-50677,0,0,0,0,0,0,0,,0,0,0.0,0.0,0,0,0.0,0,0,0,0,0.0,0.0
B-202505-16260,1,1,1,8,1,0,1,Theater,3,1,3.0,1871.1,650,8255,11265.0,3,0,0,0,100.0,0.53
L-202505-22923,1,2,1,8,1,0,1,Theater,2,0,2.33,1128.49,26,0,1009.14,0,0,0,0,100.0,0.34
L-202505-87460,2,1,1,8,1,0,1,Classroom,0,0,0.45,1625.17,0,322,2562.27,1,0,0,0,0.0,0.6
B-202505-17781,1,1,1,8,1,0,1,Theater,2,0,2.0,1378.39,350,1848,2750.38,4,0,0,0,100.0,0.52
B-202505-64689,2,3,3,24,1,0,1,Classroom,3,1,1.67,1362.17,950,4080,6801.65,5,0,0,0,100.0,0.62
B-202505-82299,2,5,2,24,1,0,1,Classroom,2,0,1.4,1743.82,1150,3968,6954.96,5,0,0,0,20.0,0.88
B-202505-22099,0,0,0,0,0,0,0,,0,0,0.0,0.0,0,0,0.0,0,0,0,0,0.0,0.0
B-202505-15179,2,1,1,8,1,0,1,Classroom,2,0,2.0,1730.38,350,1800,2736.13,3,0,0,0,100.0,0.58
B-202505-29876,2,2,2,16,1,0,1,Classroom,2,0,2.0,1851.9,700,2568,4426.0,4,0,0,0,100.0,0.58
B-202505-43152,1,2,2,16,0,0,1,Classroom,2,0,2.0,469.52,700,3648,6357.7,5,0,0,0,100.0,0.6
B-202505-19395,1,2,2,16,1,0,1,Classroom,1,0,1.0,1112.31,300,1620,3162.0,3,0,0,0,100.0,0.38
B-202505-47184,2,3,1,12,1,0,1,Classroom,2,0,1.67,1427.36,850,2628,4484.96,5,0,0,0,0.0,0.82
B-202505-61694,0,0,0,0,0,0,0,,0,0,0.0,0.0,0,0,0.0,0,0,0,0,0.0,0.0
B-202505-24519,0,0,0,0,0,0,0,,0,0,0.0,0.0,0,0,0.0,0,0,0,0,0.0,0.0
B-202505-62572,2,3,1,12,1,0,1,Classroom,2,0,1.67,1432.11,850,2020,3886.56,4,0,0,0,0.0,0.93
B-202505-79036,0,0,0,0,0,0,0,,0,0,0.0,0.0,0,0,0.0,0,0,0,0,0.0,0.0
B-202505-20414,2,1,1,8,1,0,1,Theater,1,0,1.0,1614.85,150,1848,2554.65,4,0,0,0,100.0,0.6
B-202505-28012,0,0,0,0,0,0,0,,0,0,0.0,0.0,0,0,0.0,0,0,0,0,0.0,0.0
B-202505-41359,2,2,2,16,1,0,1,Classroom,3,1,2.5,1378.49,1000,2340,4539.86,5,0,0,0,100.0,0.67
B-202505-18662,0,0,0,0,0,0,0,,0,0,0.0,0.0,0,0,0.0,0,0,0,0,0.0,0.0
B-202505-96117,2,5,2,24,1,0,1,Classroom,3,1,2.6,1537.36,2650,4164,8633.24,5,0,0,0,20.0,0.8
L-202505-26153,2,1,1,8,1,0,1,Classroom,1,0,0.78,1630.36,685,3390,7876.96,5,0,0,0,100.0,0.57
L-202505-51309,0,5,2,24,0,0,1,,0,0,0.42,0.0,0,4980,5684.74,3,0,0,0,50.0,0.0
L-202505-99449,1,2,1,8,1,0,1,Theater,2,0,2.32,1176.42,1208,2896,5689.52,2,0,0,0,100.0,0.46
B-202505-16710,1,2,1,8,1,0,1,Classroom,2,0,1.0,1209.95,350,940,1999.34,2,0,0,0,0.0,0.36
B-202505-25917,1,1,1,4,0,0,1,Reception,0,0,0.0,568.87,0,1815,2400.79,1,1,0,1,0.0,0.82
B-202505-33120,2,2,1,12,1,0,1,Classroom,3,1,2.0,1824.67,800,2694,4437.2,4,0,0,0,50.0,0.81
B-202505-42151,1,2,1,8,0,0,1,Banquet,2,0,1.5,419.15,500,810,2525.24,1,0,1,1,0.0,0.45
L-202505-23575,1,2,2,16,1,0,1,Theater,3,1,2.82,1140.79,1372,1510,5310.51,5,0,0,0,100.0,0.64
L-202505-80950,0,0,0,0,0,0,0,,0,0,0.0,0.0,0,0,0.0,0,0,0,0,0.0,0.0
B-202505-19751,1,1,1,4,1,0,1,Banquet,2,0,2.0,911.14,350,1080,1791.91,1,0,1,1,0.0,0.36
B-202505-41881,1,1,1,8,1,0,1,Classroom,2,0,2.0,1200.48,350,700,1661.3,1,0,0,0,100.0,0.38
L-202505-37103,1,1,2,16,1,0,1,Theater,1,0,1.35,1339.7,1348,1038,4323.38,3,0,0,0,100.0,0.75
B-202505-15073,2,4,2,24,1,0,1,Theater,3,1,2.25,1779.04,1700,5340,8766.81,5,0,0,0,50.0,0.77
B-202505-45305,2,3,3,24,1,0,1,Theater,3,1,2.33,1456.82,1450,3900,7074.31,4,0,0,0,100.0,0.66
B-202505-72026,1,1,1,4,1,0,1,Banquet,2,0,2.0,1193.55,350,1320,2015.65,1,1,0,1,0.0,0.35
B-202505-43769,0,0,0,0,0,0,0,,0,0,0.0,0.0,0,0,0.0,0,0,0,0,0.0,0.0
B-202505-59535,2,3,3,24,1,0,1,Classroom,3,1,2.0,1736.2,1150,3840,6888.18,5,0,0,0,100.0,0.57
L-202505-84261,1,1,3,24,0,0,1,Classroom,3,1,3.0,529.95,610,1278,3207.7,2,0,0,0,0.0,0.95
B-202506-11511,1,2,2,8,0,0,1,Banquet,1,0,0.5,530.37,150,945,2192.42,1,0,1,1,0.0,0.53
B-202506-92209,1,1,1,8,0,0,1,Classroom,2,0,2.0,539.73,350,1280,2639.22,2,0,0,0,100.0,0.8
B-202506-37759,1,3,3,24,0,0,1,Theater,2,0,1.33,467.34,650,2720,6276.44,5,0,0,0,100.0,0.4
B-202506-37899,1,4,2,16,1,0,1,Classroom,2,0,1.0,941.55,650,240,2340.96,1,0,0,0,0.0,0.61
B-202506-73016,0,0,0,0,0,0,0,,0,0,0.0,0.0,0,0,0.0,0,0,0,0,0.0,0.0
L-202506-48738,2,1,1,4,1,0,1,Reception,3,1,2.89,1380.75,190,157,2081.13,1,0,0,0,100.0,0.78
L-202506-90199,0,0,0,0,0,0,0,,0,0,0.0,0.0,0,0,0.0,0,0,0,0,0.0,0.0
B-202506-11533,0,0,0,0,0,0,0,,0,0,0.0,0.0,0,0,0.0,0,0,0,0,0.0,0.0
B-202506-39601,1,2,1,8,0,0,1,Reception,1,0,1.0,398.47,300,1125,2719.34,1,0,1,1,0.0,0.62
B-202506-43010,1,3,3,24,1,0,1,Classroom,3,1,2.33,1142.28,1350,3800,6938.04,4,0,0,0,100.0,0.47
B-202506-86399,1,2,1,8,0,0,1,Classroom,0,0,0.0,562.39,0,432,1684.28,1,0,0,0,0.0,0.95
B-202506-91870,1,1,1,8,1,0,1,Classroom,2,0,2.0,2449.8,350,10350,13124.51,3,0,0,0,100.0,0.57
L-202506-65904,2,5,3,24,1,0,1,Classroom,0,0,0.31,1527.99,0,6860,7853.98,4,0,0,0,50.0,0.71
B-202506-45102,1,1,1,4,0,0,1,Reception,2,0,2.0,583.54,350,1705,2631.02,1,1,0,1,0.0,0.78
L-202506-39232,1,1,1,8,1,0,1,Banquet,0,0,0.12,1287.28,0,727,1532.6,1,0,0,0,50.0,0.34
B-202506-92689,1,1,1,4,0,0,1,Banquet,2,0,2.0,351.24,350,2145,3090.05,1,1,0,1,0.0,0.97
L-202506-90544,1,4,2,16,1,0,1,Banquet,3,1,2.86,1310.19,413,2116,4562.93,1,0,0,0,100.0,0.36
B-202506-43903,1,4,4,32,1,0,1,Classroom,3,1,2.5,2332.36,2000,34417,46726.62,5,0,0,0,100.0,0.53
B-202506-81535,1,1,1,4,0,0,1,Reception,1,0,1.0,404.51,150,1260,2061.33,1,0,1,1,0.0,0.7
B-202506-81946,1,2,2,16,1,0,1,Banquet,3,1,2.0,1325.2,800,2568,4637.4,4,0,0,0,100.0,0.58
L-202506-48528,2,3,2,16,1,0,1,Banquet,3,1,2.82,1760.9,1302,8520,12102.82,5,0,0,0,50.0,0.62
L-202506-88128,1,2,1,8,1,0,1,Banquet,2,0,2.16,1029.97,1165,1676,5150.05,2,0,0,0,100.0,0.49
B-202506-65856,2,3,3,24,1,0,1,Theater,3,1,2.33,1760.18,1350,3180,6352.73,5,0,0,0,100.0,0.64
B-202506-38068,1,3,3,24,1,0,1,Classroom,2,0,2.0,1275.51,1050,3180,6059.92,5,0,0,0,100.0,0.37
B-202506-48588,2,4,2,24,1,0,1,Theater,3,1,1.75,1503.81,1300,3404,6437.03,4,0,0,0,50.0,0.68
B-202506-72506,0,0,0,0,0,0,0,,0,0,0.0,0.0,0,0,0.0,0,0,0,0,0.0,0.0
L-202506-24681,1,2,3,24,1,0,1,Classroom,3,1,2.85,842.13,1347,2488,5813.1,4,0,0,0,100.0,0.34
B-202506-49268,0,0,0,0,0,0,0,,0,0,0.0,0.0,0,0,0.0,0,0,0,0,0.0,0.0
B-202506-55323,1,1,1,8,1,0,1,Classroom,2,0,2.0,1394.91,350,700,1671.43,1,0,0,0,100.0,0.67
B-202506-26114,1,1,1,8,1,0,1,Classroom,2,0,2.0,970.74,350,2088,3031.64,4,0,0,0,100.0,0.46
B-202506-30297,1,2,2,16,1,0,1,Classroom,3,1,3.0,1123.52,1300,3048,5457.78,4,0,0,0,100.0,0.36
B-202506-59091,0,0,0,0,0,0,0,,0,0,0.0,0.0,0,0,0.0,0,0,0,0,0.0,0.0
B-202506-82318,1,2,2,16,1,0,1,Classroom,3,1,2.0,1122.12,800,3936,5872.27,5,0,0,0,100.0,0.38
B-202506-89616,0,0,0,0,0,0,0,,0,0,0.0,0.0,0,0,0.0,0,0,0,0,0.0,0.0
B-202506-12714,1,1,1,8,1,0,1,Theater,3,1,3.0,1813.16,650,7124,10232.75,3,0,0,0,100.0,0.57
B-202506-63763,1,3,2,12,0,0,1,Banquet,2,0,1.0,439.93,500,2200,4475.07,1,1,0,1,0.0,1.0
B-202506-73620,0,0,0,0,0,0,0,,0,0,0.0,0.0,0,0,0.0,0,0,0,0,0.0,0.0
B-202506-24216,1,1,1,4,1,0,1,Reception,1,0,1.0,872.2,150,1320,1837.0,1,1,0,1,0.0,0.37
B-202506-80919,1,2,2,16,0,0,1,Classroom,2,0,2.0,552.02,700,5016,7729.42,5,0,0,0,100.0,0.82
B-202506-83719,1,1,1,8,0,0,1,Classroom,1,0,1.0,564.73,150,1953,3192.9,2,0,0,0,100.0,0.78
B-202506-67979,2,2,1,8,1,0,1,Theater,2,0,1.5,1951.49,500,940,2150.36,2,0,0,0,0.0,0.66
L-202506-48063,2,1,1,12,1,0,1,Classroom,0,0,0.45,1638.58,0,0,1031.6,0,0,0,0,100.0,0.71
L-202506-82423,2,3,2,16,1,0,1,Banquet,2,0,2.41,1422.58,1160,1791,5389.81,3,0,0,0,100.0,0.57
B-202506-62165,1,3,3,24,1,0,1,Classroom,3,1,1.67,1157.7,950,4060,6667.28,5,0,0,0,100.0,0.51
L-202506-19516,1,1,1,8,0,1,1,Boardroom,3,1,2.85,385.62,1291,0,1777.75,0,0,0,0,0.0,1.0
L-202506-26571,2,1,1,8,1,0,1,Theater,2,0,2.39,1633.87,844,1660,3862.22,4,0,0,0,50.0,0.8
B-202506-18498,1,6,2,24,1,0,1,Classroom,3,1,2.33,1029.82,2700,3920,8558.51,5,0,0,0,0.0,0.88
B-202506-79248,1,1,1,8,1,0,1,Classroom,2,0,2.0,887.13,350,1008,1941.36,3,0,0,0,100.0,0.37
B-202506-59449,1,1,1,8,1,0,1,Classroom,1,0,1.0,1013.55,150,1800,2590.63,3,0,0,0,100.0,0.57
L-202506-14920,1,1,1,12,0,0,1,Classroom,1,0,0.9,421.72,568,1686,3286.81,3,0,0,0,100.0,0.75
L-202506-72499,2,2,1,12,1,0,1,Theater,0,0,0.22,1832.11,0,5830,8034.09,5,0,0,0,0.0,0.91
B-202506-18253,1,5,2,24,1,0,1,Classroom,3,1,2.4,1376.53,2350,4320,8584.99,5,0,0,0,20.0,0.69
B-202506-41646,2,6,2,24,1,0,1,Theater,2,0,1.67,1625.52,1700,4152,7819.96,4,0,0,0,0.0,0.88
B-202506-15546,1,1,1,4,1,0,1,Classroom,0,0,0.0,1150.55,0,0,353.31,0,0,0,0,0.0,0.6
B-202506-85076,1,2,2,8,0,0,1,Classroom,1,0,0.5,578.49,150,0,1338.8,0,0,0,0,0.0,0.53
L-202506-35471,0,0,0,0,0,0,0,,0,0,0.0,0.0,0,0,0.0,0,0,0,0,0.0,0.0
L-202506-41149,0,0,0,0,0,0,0,,0,0,0.0,0.0,0,0,0.0,0,0,0,0,0.0,0.0
B-202506-23392,1,2,2,16,0,0,1,Theater,2,0,2.0,552.66,700,3780,6523.92,5,0,0,0,100.0,0.93
B-202506-89281,1,2,1,12,1,0,1,Classroom,3,1,2.5,1324.01,1000,2180,4099.29,5,0,0,0,50.0,0.68
B-202506-27383,1,1,1,8,1,0,1,Classroom,3,1,3.0,1064.24,650,1848,3069.64,4,0,0,0,100.0,0.44
B-202506-75721,1,2,2,16,0,0,1,Classroom,2,0,1.5,552.37,500,2835,5257.23,4,0,0,0,100.0,0.68
B-202506-85605,0,0,0,0,0,0,0,,0,0,0.0,0.0,0,0,0.0,0,0,0,0,0.0,0.0
L-202506-38257,2,2,2,16,1,0,1,Theater,0,0,0.35,1805.86,0,1672,3156.8,4,0,0,0,0.0,0.81
B-202506-54671,2,4,2,24,1,0,1,Classroom,3,1,2.25,1547.38,1700,3680,7257.47,4,0,0,0,50.0,0.76
B-202506-55265,0,0,0,0,0,0,0,,0,0,0.0,0.0,0,0,0.0,0,0,0,0,0.0,0.0
B-202506-79932,1,5,2,24,1,0,1,Theater,2,0,1.4,1003.13,1150,4280,7310.05,5,0,0,0,20.0,0.8
B-202506-87892,2,3,1,16,1,0,1,Theater,2,0,1.0,1709.56,500,432,2134.92,1,0,0,0,33.3,0.91
B-202507-10820,1,2,1,8,0,0,1,Theater,1,0,1.0,549.64,300,1692,3202.05,2,0,0,0,0.0,0.93
B-202507-91365,2,3,3,24,1,0,1,Classroom,2,0,1.67,1458.78,850,4380,7002.65,4,0,0,0,100.0,0.55
B-202507-97388,1,2,2,16,1,0,1,Classroom,3,1,2.5,1107.63,1000,3120,5297.47,4,0,0,0,100.0,0.38
L-202507-36009,0,0,0,0,0,0,0,,0,0,0.0,0.0,0,0,0.0,0,0,0,0,0.0,0.0
L-202507-98964,1,1,1,8,0,0,1,Classroom,2,0,1.74,482.89,1321,2652,5499.94,4,0,0,0,50.0,0.85
B-202507-44222,0,0,0,0,0,0,0,,0,0,0.0,0.0,0,0,0.0,0,0,0,0,0.0,0.0
B-202507-60749,1,2,2,16,1,0,1,Classroom,3,1,3.0,1083.05,1300,1660,4193.32,3,0,0,0,100.0,0.51
B-202507-99872,1,2,1,8,1,0,1,Theater,2,0,1.5,1537.13,500,5640,9093.8,2,0,0,0,0.0,0.51
B-202507-25169,1,3,1,12,1,0,1,Theater,2,0,1.33,861.03,650,1350,2984.71,3,0,0,0,0.0,0.7
B-202507-81580,1,2,2,16,1,0,1,Classroom,3,1,2.0,1091.1,800,2520,4521.13,5,0,0,0,100.0,0.43
L-202507-32525,0,0,0,0,0,0,0,,0,0,0.0,0.0,0,0,0.0,0,0,0,0,0.0,0.0
L-202507-89116,0,0,0,0,0,0,0,,0,0,0.0,0.0,0,0,0.0,0,0,0,0,0.0,0.0
B-202507-31531,2,1,1,8,1,0,1,Classroom,3,1,3.0,1432.33,650,720,1966.83,2,0,0,0,100.0,0.53
B-202507-57986,1,2,2,16,1,0,1,Theater,2,0,2.0,827.23,700,2580,4500.32,5,0,0,0,100.0,0.53
L-202507-52611,1,7,3,24,1,0,1,Theater,1,0,1.47,1289.94,671,9184,11862.23,4,0,0,0,0.0,0.41
L-202507-76123,1,1,3,36,1,0,1,Classroom,1,0,1.44,1198.24,1100,2828,5049.75,4,1,0,1,100.0,0.8
B-202507-31966,1,1,1,8,1,0,1,Classroom,1,0,1.0,1211.12,150,940,1647.84,2,0,0,0,100.0,0.35
B-202507-32111,2,5,2,24,1,0,1,Classroom,3,1,2.0,1886.93,1850,4320,8139.52,5,0,0,0,20.0,0.97
B-202507-12563,1,2,1,8,1,0,1,Banquet,2,0,1.0,1162.31,350,1320,2335.62,1,1,0,1,0.0,0.43
L-202507-40999,1,2,1,8,1,0,1,Theater,3,1,2.53,1216.08,222,1892,3930.84,2,0,0,0,100.0,0.69
L-202507-54265,2,1,3,24,1,0,1,Classroom,2,0,2.17,1764.81,555,3745,6109.22,5,1,0,1,50.0,0.56
B-202507-29299,0,0,0,0,0,0,0,,0,0,0.0,0.0,0,0,0.0,0,0,0,0,0.0,0.0
B-202507-45301,1,1,1,8,1,0,1,Classroom,1,0,1.0,1073.86,150,1800,2522.3,3,0,0,0,100.0,0.53
B-202507-19550,1,1,1,8,0,0,1,Theater,2,0,2.0,379.7,350,2340,3769.87,3,0,0,0,100.0,0.93
B-202507-20434,1,2,1,8,1,0,1,Theater,2,0,1.5,938.79,500,240,1449.18,1,0,0,0,0.0,0.4
B-202507-52630,0,0,0,0,0,0,0,,0,0,0.0,0.0,0,0,0.0,0,0,0,0,0.0,0.0
B-202507-74307,2,2,1,12,1,0,1,Classroom,2,0,2.0,1861.04,700,2280,3815.83,4,0,0,0,50.0,0.7
B-202507-92514,1,6,2,24,1,0,1,Theater,3,1,2.0,993.74,2200,3352,7683.76,4,0,0,0,0.0,0.74
B-202507-44123,1,3,2,12,1,0,1,Banquet,1,0,0.67,916.61,300,1320,2650.18,1,1,0,1,0.0,0.5
B-202507-87150,1,1,1,8,0,0,1,Classroom,2,0,2.0,511.17,350,1080,2514.95,2,0,0,0,100.0,0.97
B-202507-52700,0,0,0,0,0,0,0,,0,0,0.0,0.0,0,0,0.0,0,0,0,0,0.0,0.0
B-202507-74737,2,3,3,24,1,0,1,Classroom,2,0,1.67,1714.25,850,4100,6792.21,5,0,0,0,100.0,0.58
B-202507-96078,1,1,1,8,1,0,1,Classroom,2,0,2.0,1114.07,350,700,1651.82,1,0,0,0,100.0,0.47
B-202507-96364,0,0,0,0,0,0,0,,0,0,0.0,0.0,0,0,0.0,0,0,0,0,0.0,0.0
B-202507-99373,2,7,3,36,1,0,1,Theater,2,0,1.71,1523.76,2050,5592,10531.24,5,0,0,0,28.6,0.86
L-202507-44967,1,4,3,36,0,0,1,Banquet,1,0,1.16,456.38,1228,0,1802.61,0,0,0,0,100.0,0.62
L-202507-66118,1,2,1,8,0,0,1,Classroom,2,0,1.89,452.64,236,5940,7004.59,5,0,1,1,50.0,0.57
L-202507-99390,0,0,0,0,0,0,0,,0,0,0.0,0.0,0,0,0.0,0,0,0,0,0.0,0.0
B-202507-98212,1,3,3,24,1,0,1,Classroom,3,1,2.67,1289.2,1650,4080,7664.45,5,0,0,0,100.0,0.47
B-202507-16145,1,1,1,8,0,0,1,Classroom,0,0,0.0,352.57,0,0,1094.38,0,0,0,0,100.0,0.68
B-202507-60393,1,2,1,8,0,1,1,Boardroom,1,0,0.5,322.9,150,495,1842.0,1,1,0,1,0.0,0.64
B-202507-97789,1,1,1,8,0,0,1,Classroom,2,0,2.0,454.18,350,2618,3929.33,4,0,0,0,100.0,0.85
B-202507-10834,1,2,2,16,1,0,1,Classroom,2,0,1.5,1176.65,500,2808,4458.29,5,0,0,0,100.0,0.46
B-202507-12204,2,7,3,36,1,0,1,Classroom,3,1,2.0,1275.85,2550,5080,10429.35,4,0,0,0,28.6,0.68
B-202507-22137,1,4,2,16,1,0,1,Classroom,1,0,1.0,833.69,600,240,2221.06,1,0,0,0,0.0,0.61
B-202507-82170,2,2,2,16,1,0,1,Classroom,2,0,1.5,1851.75,500,2380,4120.2,4,0,0,0,100.0,0.57
B-202507-85504,2,2,2,16,1,0,1,Classroom,3,1,2.5,2616.69,1000,14742,20823.04,5,0,0,0,100.0,0.53
B-202507-55220,2,4,4,32,1,0,1,Banquet,2,0,1.75,1365.14,1200,5880,9661.5,5,0,0,0,100.0,0.52
L-202507-36557,2,4,2,24,1,0,1,Classroom,1,0,0.6,1720.13,1452,8508,11233.6,3,0,0,0,100.0,0.57
B-202507-32438,1,1,1,8,1,0,1,Theater,2,0,2.0,1387.93,350,1560,2452.11,3,0,0,0,100.0,0.48
B-202507-89494,0,0,0,0,0,0,0,,0,0,0.0,0.0,0,0,0.0,0,0,0,0,0.0,0.0
B-202507-45609,1,3,2,12,0,0,1,Reception,0,0,0.0,461.31,0,1815,3586.14,1,1,0,1,0.0,0.82
B-202507-69851,1,3,1,12,1,0,1,Banquet,0,0,0.0,1109.14,0,2130,3099.11,2,1,1,1,0.0,0.86
L-202507-98000,1,2,1,4,0,0,1,Theater,3,1,2.87,462.89,640,3128,5824.72,4,0,0,0,100.0,1.0
L-202507-81219,1,5,2,8,1,0,1,Classroom,2,0,2.02,1223.54,630,2880,5462.28,1,0,0,0,50.0,0.62
B-202507-10996,1,1,1,8,0,0,1,Classroom,3,1,3.0,592.34,650,2340,4046.94,3,0,0,0,100.0,0.97
B-202507-45002,1,3,3,24,0,0,1,Classroom,2,0,1.67,404.81,850,7245,10985.91,4,0,0,0,100.0,0.88
B-202507-47316,2,2,2,8,1,0,1,Banquet,1,0,1.0,1837.37,300,1320,2304.52,1,1,0,1,0.0,0.57
L-202507-72707,1,1,1,8,1,0,1,Classroom,0,0,0.48,1238.51,0,2277,3691.51,3,0,0,0,0.0,0.61
B-202507-14444,1,3,2,12,0,0,1,Banquet,1,0,1.0,497.78,450,990,3332.66,1,1,0,1,0.0,0.45
L-202507-40926,0,0,0,0,0,0,0,,0,0,0.0,0.0,0,0,0.0,0,0,0,0,0.0,0.0
B-202507-75491,1,2,1,8,0,0,1,Theater,2,0,1.0,558.81,350,846,2494.56,2,0,0,0,0.0,0.45
B-202507-77541,2,2,2,16,1,0,1,Classroom,3,1,3.0,1480.54,1300,3120,5699.35,4,0,0,0,100.0,0.57
B-202507-16251,1,1,1,8,1,0,1,Classroom,2,0,2.0,1159.45,350,1560,2513.95,3,0,0,0,100.0,0.45
B-202507-70383,1,2,1,8,0,0,1,Banquet,2,0,2.0,511.38,700,1710,3596.96,1,0,1,1,0.0,0.95
B-202507-86356,1,5,2,24,1,0,1,Theater,3,1,1.6,1134.35,1450,4206,7572.14,5,0,0,0,20.0,0.84
B-202507-14692,1,1,1,4,0,0,1,Banquet,1,0,1.0,537.35,150,1980,2758.64,1,1,0,1,0.0,0.9
B-202507-51592,1,2,1,8,1,0,1,Reception,2,0,1.0,1034.71,350,1080,2148.13,1,0,1,1,0.0,0.4
B-202507-71442,0,0,0,0,0,0,0,,0,0,0.0,0.0,0,0,0.0,0,0,0,0,0.0,0.0
B-202507-79181,1,3,3,24,0,1,1,Boardroom,2,0,2.0,357.83,1050,1224,5303.2,5,0,0,0,100.0,0.43
B-202507-83227,0,0,0,0,0,0,0,,0,0,0.0,0.0,0,0,0.0,0,0,0,0,0.0,0.0
B-202508-44865,2,6,2,24,1,0,1,Classroom,3,1,1.67,1724.45,1800,3880,7722.64,4,0,0,0,0.0,0.78
B-202508-49597,2,4,2,16,1,0,1,Classroom,2,0,1.25,1594.6,850,1180,3427.17,2,0,0,0,0.0,0.57
B-202508-77069,1,2,2,16,1,0,1,Theater,3,1,2.5,1005.74,1000,2340,4545.78,5,0,0,0,100.0,0.6
B-202508-35224,1,2,1,8,0,0,1,Banquet,2,0,1.5,350.53,500,1305,3003.23,1,0,1,1,0.0,0.72
B-202508-35733,2,1,1,8,1,0,1,Banquet,2,0,2.0,1678.73,350,1560,2460.52,3,0,0,0,100.0,0.51
B-202508-64076,0,0,0,0,0,0,0,,0,0,0.0,0.0,0,0,0.0,0,0,0,0,0.0,0.0
B-202508-90758,1,1,1,8,0,0,1,Classroom,3,1,3.0,505.53,650,2015,3619.44,3,0,0,0,100.0,0.78
B-202508-98268,1,1,1,8,1,0,1,Theater,2,0,2.0,830.55,350,940,1854.61,2,0,0,0,100.0,0.38
L-202508-47712,0,0,0,0,0,0,0,,0,0,0.0,0.0,0,0,0.0,0,0,0,0,0.0,0.0
B-202508-46968,1,1,1,8,0,0,1,Classroom,3,1,3.0,535.19,650,1260,2951.74,3,0,0,0,100.0,0.75
B-202508-47572,0,0,0,0,0,0,0,,0,0,0.0,0.0,0,0,0.0,0,0,0,0,0.0,0.0
B-202508-90777,1,1,1,8,1,0,1,Theater,1,0,1.0,1059.0,150,1272,2054.19,2,0,0,0,100.0,0.42
B-202508-96732,0,0,0,0,0,0,0,,0,0,0.0,0.0,0,0,0.0,0,0,0,0,0.0,0.0
B-202508-15586,1,2,2,16,1,0,1,Classroom,2,0,1.5,1182.36,500,2520,4280.03,5,0,0,0,100.0,0.46
B-202508-15920,1,2,2,16,1,0,1,Classroom,2,0,2.0,2268.35,700,17433,23238.55,5,0,0,0,100.0,0.62
B-202508-18621,1,1,1,4,1,0,1,Banquet,1,0,1.0,1166.65,150,1320,1795.53,1,1,0,1,0.0,0.37
B-202508-30787,0,0,0,0,0,0,0,,0,0,0.0,0.0,0,0,0.0,0,0,0,0,0.0,0.0
B-202508-70746,1,3,3,24,1,0,1,Banquet,3,1,1.67,1389.38,950,3640,6439.35,5,0,0,0,100.0,0.42
L-202508-56405,0,0,0,0,0,0,0,,0,0,0.0,0.0,0,0,0.0,0,0,0,0,0.0,0.0
B-202508-31365,1,2,1,8,0,0,1,Classroom,2,0,2.0,429.27,700,1692,3543.51,2,0,0,0,0.0,0.97
B-202508-58784,1,1,1,4,1,0,1,Banquet,2,0,2.0,1284.33,350,1320,2041.62,1,1,0,1,0.0,0.47
B-202508-74796,0,0,0,0,0,0,0,,0,0,0.0,0.0,0,0,0.0,0,0,0,0,0.0,0.0
B-202508-17115,1,3,2,16,0,0,1,Classroom,1,0,1.0,404.23,450,576,3306.78,1,0,0,0,33.3,0.6
B-202508-27083,2,2,2,16,1,0,1,Classroom,2,0,2.0,1669.64,700,2840,4726.56,4,0,0,0,100.0,0.53
B-202508-29782,1,1,1,4,0,0,1,Banquet,1,0,1.0,444.55,150,2035,2819.44,1,1,0,1,0.0,0.93
L-202508-71609,1,4,2,16,1,0,1,Reception,0,0,0.31,2018.58,0,9472,11725.09,4,1,0,0,0.0,0.58
B-202508-90511,0,0,0,0,0,0,0,,0,0,0.0,0.0,0,0,0.0,0,0,0,0,0.0,0.0
B-202508-77760,1,2,2,16,1,0,1,Theater,2,0,1.5,835.47,500,2100,3768.61,5,0,0,0,100.0,0.47
B-202508-97364,0,0,0,0,0,0,0,,0,0,0.0,0.0,0,0,0.0,0,0,0,0,0.0,0.0
L-202508-80451,1,2,1,4,1,0,1,Theater,3,1,2.89,1175.03,398,0,1402.89,0,0,0,0,0.0,0.72
B-202508-25793,1,2,2,16,0,0,1,Banquet,2,0,2.0,426.39,700,5576,8211.83,5,0,0,0,100.0,0.85
B-202508-11511,1,3,2,16,0,1,1,Boardroom,1,0,1.0,392.75,450,295,2906.32,2,0,0,0,33.3,0.36
B-202508-10373,0,0,0,0,0,0,0,,0,0,0.0,0.0,0,0,0.0,0,0,0,0,0.0,0.0
B-202508-62508,1,1,1,8,1,0,1,Theater,3,1,3.0,2066.46,650,6572,9622.8,2,0,0,0,100.0,0.52
L-202508-39878,1,2,1,4,1,0,1,Classroom,3,1,2.66,890.02,407,1844,4109.58,2,0,0,0,0.0,0.35
B-202508-27646,1,2,1,8,1,0,1,Banquet,2,0,1.5,1394.24,500,1320,2531.1,1,1,0,1,0.0,0.47
B-202508-82356,1,2,1,12,1,0,1,Classroom,2,0,2.0,1396.53,700,2628,4212.78,5,0,0,0,50.0,0.68
L-202508-78019,1,1,1,4,0,0,1,Classroom,3,1,2.66,449.16,41,1440,2234.93,4,0,0,0,100.0,0.88
B-202508-65694,0,0,0,0,0,0,0,,0,0,0.0,0.0,0,0,0.0,0,0,0,0,0.0,0.0
B-202508-68040,1,1,1,8,0,0,1,Classroom,0,0,0.0,511.3,0,276,1333.88,1,0,0,0,100.0,0.57
B-202508-68079,1,2,1,12,1,0,1,Theater,2,0,2.0,1081.39,700,1780,3313.03,4,0,0,0,50.0,0.78
B-202508-92283,1,2,2,16,0,0,1,Banquet,3,1,2.5,405.64,1000,2988,6041.24,3,0,0,0,100.0,0.93
B-202508-45013,2,3,3,24,1,0,1,Theater,3,1,2.0,1753.14,1150,3528,6434.33,5,0,0,0,100.0,0.62
B-202508-45443,1,2,1,8,0,0,1,Banquet,1,0,1.0,481.28,300,2035,3518.95,1,1,0,1,0.0,0.93
B-202508-90636,2,3,3,24,1,0,1,Banquet,2,0,2.0,1588.04,1050,3440,6383.66,4,0,0,0,100.0,0.56
B-202508-12284,2,3,3,24,1,0,1,Classroom,3,1,2.67,1656.56,1650,3600,7080.72,5,0,0,0,100.0,0.67
B-202508-40493,1,2,2,8,0,1,1,Boardroom,1,0,0.5,294.56,150,630,1994.83,1,0,1,1,0.0,1.0
B-202508-18653,1,1,1,8,1,0,1,Theater,1,0,1.0,1664.66,150,1440,3882.38,1,0,0,0,100.0,0.53
B-202508-33988,2,2,2,16,1,0,1,Classroom,3,1,2.5,1709.43,1000,3000,5268.88,4,0,0,0,100.0,0.56
L-202508-86923,1,1,1,8,0,0,1,Theater,2,0,1.74,490.61,446,1623,2782.56,3,0,0,0,50.0,0.95
B-202508-44617,2,4,2,24,1,0,1,Theater,3,1,1.75,1346.48,1300,3252,6389.23,5,0,0,0,50.0,0.93
B-202508-22736,2,2,2,16,1,0,1,Classroom,3,1,2.5,1603.74,1000,1860,3986.15,4,0,0,0,100.0,0.54
B-202508-34761,2,1,1,8,1,0,1,Classroom,3,1,3.0,1750.51,650,1848,3062.97,4,0,0,0,100.0,0.56
B-202508-42543,0,0,0,0,0,0,0,,0,0,0.0,0.0,0,0,0.0,0,0,0,0,0.0,0.0
B-202508-42912,1,2,2,16,1,0,1,Classroom,2,0,1.5,867.1,500,3000,4711.12,4,0,0,0,100.0,0.67
B-202508-46073,1,3,3,24,1,0,1,Theater,3,1,2.33,1283.83,1350,4104,7262.92,3,0,0,0,100.0,0.62
B-202508-89034,0,0,0,0,0,0,0,,0,0,0.0,0.0,0,0,0.0,0,0,0,0,0.0,0.0
L-202508-32482,1,4,2,8,0,0,1,Classroom,0,0,0.15,393.19,0,7700,9379.06,5,0,0,0,0.0,0.9
B-202508-80137,1,2,1,8,1,0,1,Classroom,2,0,1.5,956.93,500,700,1865.24,1,0,0,0,0.0,0.36
B-202508-67340,2,4,2,16,1,0,1,Theater,2,0,1.5,1579.51,1000,940,3385.75,2,0,0,0,0.0,0.67
L-202508-89443,1,1,2,8,1,0,1,Classroom,3,1,2.91,805.72,380,1032,2654.81,3,0,0,0,50.0,0.47
B-202509-48728,1,2,1,8,0,0,1,Banquet,2,0,1.0,405.25,350,1692,3234.64,2,0,0,0,0.0,0.93
B-202509-66260,1,1,1,8,0,0,1,Classroom,3,1,3.0,523.7,650,2016,3711.15,2,0,0,0,100.0,0.8
B-202509-78179,1,3,2,16,0,0,1,Banquet,2,0,1.67,547.58,850,1886,4866.49,2,0,0,0,33.3,0.57
B-202509-92919,2,2,1,16,1,0,1,Theater,1,0,1.0,1571.14,300,1132,2480.31,2,0,0,0,100.0,0.85
B-202509-58732,0,0,0,0,0,0,0,,0,0,0.0,0.0,0,0,0.0,0,0,0,0,0.0,0.0
B-202509-13906,1,1,1,8,1,0,1,Classroom,2,0,2.0,1220.36,350,1008,1975.86,3,0,0,0,100.0,0.36
B-202509-20303,2,3,1,12,1,0,1,Classroom,3,1,2.67,1543.93,1650,1980,4697.35,5,0,0,0,0.0,0.69
B-202509-77668,0,0,0,0,0,0,0,,0,0,0.0,0.0,0,0,0.0,0,0,0,0,0.0,0.0
L-202509-30206,0,0,0,0,0,0,0,,0,0,0.0,0.0,0,0,0.0,0,0,0,0,0.0,0.0
B-202509-50729,0,0,0,0,0,0,0,,0,0,0.0,0.0,0,0,0.0,0,0,0,0,0.0,0.0
B-202509-70176,1,3,3,24,1,0,1,Banquet,2,0,1.67,1112.95,850,4340,7032.08,5,0,0,0,100.0,0.53
B-202509-77460,1,2,2,16,1,0,1,Theater,2,0,2.0,2023.57,700,21402,26968.65,4,0,0,0,100.0,0.51
B-202509-63564,1,1,1,8,1,0,1,Classroom,2,0,2.0,1119.25,350,1800,2727.87,3,0,0,0,100.0,0.38
B-202509-10276,0,0,0,0,0,0,0,,0,0,0.0,0.0,0,0,0.0,0,0,0,0,0.0,0.0
B-202509-87167,1,2,2,16,1,0,1,Classroom,2,0,1.5,1244.31,500,2784,4548.75,3,0,0,0,100.0,0.51
B-202509-87623,1,4,2,24,1,0,1,Theater,3,1,1.75,802.52,1300,2340,5443.12,5,0,0,0,50.0,0.93
B-202509-97821,0,0,0,0,0,0,0,,0,0,0.0,0.0,0,0,0.0,0,0,0,0,0.0,0.0
L-202509-71604,0,0,0,0,0,0,0,,0,0,0.0,0.0,0,0,0.0,0,0,0,0,0.0,0.0
B-202509-51419,1,3,3,24,0,0,1,Classroom,3,1,2.33,413.86,1450,6624,10968.77,4,0,0,0,100.0,0.9
B-202509-27412,1,4,2,16,1,0,1,Classroom,2,0,1.25,1186.21,800,240,2473.38,1,0,0,0,0.0,0.42
B-202509-35512,1,1,1,8,1,0,1,Classroom,2,0,2.0,1066.8,350,1800,2775.3,3,0,0,0,100.0,0.48
B-202509-58434,1,1,1,4,0,0,1,Banquet,0,0,0.0,499.39,0,945,1580.77,1,0,1,1,0.0,0.53
B-202509-63843,1,2,2,16,1,0,1,Classroom,3,1,2.5,987.78,1000,1660,3862.43,3,0,0,0,100.0,0.67
L-202509-26569,1,4,2,16,1,0,1,Classroom,2,0,2.01,1351.22,138,12860,13511.34,5,0,0,0,50.0,0.42
L-202509-97614,0,0,0,0,0,0,0,,0,0,0.0,0.0,0,0,0.0,0,0,0,0,0.0,0.0
B-202509-44646,1,2,2,16,0,0,1,Classroom,2,0,1.5,546.91,500,3150,5548.84,4,0,0,0,100.0,0.53
B-202509-48114,1,4,3,16,0,1,1,Boardroom,2,0,1.5,281.86,1000,585,3925.84,1,0,1,1,0.0,0.93
B-202509-62185,1,1,1,4,0,0,1,Banquet,1,0,1.0,418.82,150,1925,2622.24,1,1,0,1,0.0,0.88
L-202509-92714,0,0,0,0,0,0,0,,0,0,0.0,0.0,0,0,0.0,0,0,0,0,0.0,0.0
B-202509-26766,1,5,2,24,1,0,1,Classroom,3,1,1.8,1174.75,1650,4552,8193.83,4,0,0,0,20.0,0.76
B-202509-93809,0,0,0,0,0,0,0,,0,0,0.0,0.0,0,0,0.0,0,0,0,0,0.0,0.0
L-202509-84869,1,1,2,16,1,0,1,Classroom,1,0,1.12,915.6,1235,2120,5052.62,5,1,0,1,0.0,0.58
B-202509-29785,2,2,1,12,1,0,1,Theater,3,1,2.5,1813.76,1000,2406,4280.5,4,0,0,0,50.0,0.75
B-202509-85025,1,3,3,24,1,0,1,Classroom,3,1,2.33,1164.36,1350,4780,7980.79,5,0,0,0,100.0,0.61
B-202509-88526,0,1,1,4,0,0,1,,1,0,1.0,0.0,150,0,500.57,0,0,0,0,0.0,0.0
B-202509-90924,1,4,2,16,0,0,1,Banquet,1,0,0.75,407.79,450,1260,4072.79,1,0,0,0,0.0,1.0
B-202509-21147,2,4,1,16,1,0,1,Classroom,1,0,0.5,1630.45,300,432,1989.4,1,0,0,0,0.0,0.75
B-202509-29278,0,0,0,0,0,0,0,,0,0,0.0,0.0,0,0,0.0,0,0,0,0,0.0,0.0
B-202509-19538,1,1,1,4,0,0,1,Reception,1,0,1.0,589.75,150,1485,2238.21,1,1,0,1,0.0,0.68
L-202509-82974,0,0,0,0,0,0,0,,0,0,0.0,0.0,0,0,0.0,0,0,0,0,0.0,0.0
B-202509-26581,0,0,0,0,0,0,0,,0,0,0.0,0.0,0,0,0.0,0,0,0,0,0.0,0.0
B-202509-45101,1,1,1,8,1,0,1,Classroom,3,1,3.0,2143.64,650,10780,13877.64,4,0,0,0,100.0,0.58
L-202509-21835,1,1,3,36,1,0,1,Classroom,3,1,2.68,957.69,1126,2824,5677.66,4,0,0,0,100.0,0.45
L-202509-67742,0,0,0,0,0,0,0,,0,0,0.0,0.0,0,0,0.0,0,0,0,0,0.0,0.0
B-202509-28982,1,1,1,8,1,0,1,Theater,1,0,1.0,1037.22,150,1848,2613.33,4,0,0,0,100.0,0.47
B-202509-92853,1,1,1,8,1,0,1,Classroom,2,0,2.0,1110.33,350,1560,2564.66,3,0,0,0,100.0,0.45
L-202509-84925,1,2,2,8,0,0,1,Classroom,2,0,1.56,565.1,131,5456,6816.53,4,1,1,1,100.0,0.93
B-202509-52458,1,2,1,8,0,1,1,Boardroom,2,0,2.0,354.06,700,585,2409.76,1,0,1,1,0.0,0.93
B-202509-57721,1,3,3,24,1,0,1,Classroom,3,1,2.33,1167.1,1350,3160,6378.8,5,0,0,0,100.0,0.62
B-202509-85927,1,2,2,16,1,0,1,Classroom,2,0,1.5,823.79,500,3480,5281.3,4,0,0,0,100.0,0.37
B-202509-53116,0,0,0,0,0,0,0,,0,0,0.0,0.0,0,0,0.0,0,0,0,0,0.0,0.0
B-202509-57399,2,1,1,8,1,0,1,Banquet,2,0,2.0,1888.4,350,1248,2178.31,3,0,0,0,100.0,0.53
B-202509-32925,1,2,2,16,0,0,1,Classroom,2,0,2.0,459.16,700,4928,7702.47,4,0,0,0,100.0,0.8
B-202509-65704,1,2,1,8,0,0,1,Banquet,2,0,1.0,403.43,350,1665,3261.36,1,0,1,1,0.0,0.93
B-202509-85738,2,9,3,36,1,0,1,Theater,3,1,2.0,1682.95,3350,5012,11456.16,5,0,0,0,0.0,0.68
B-202509-21343,0,0,0,0,0,0,0,,0,0,0.0,0.0,0,0,0.0,0,0,0,0,0.0,0.0
B-202509-58504,2,1,1,8,1,0,1,Theater,1,0,1.0,1481.77,150,720,1500.08,2,0,0,0,100.0,0.56
B-202509-58908,0,0,0,0,0,0,0,,0,0,0.0,0.0,0,0,0.0,0,0,0,0,0.0,0.0
B-202510-70093,2,2,2,16,1,0,1,Banquet,2,0,2.0,1693.35,700,3120,5000.26,4,0,0,0,100.0,0.51
B-202510-15744,1,1,1,4,0,0,1,Banquet,0,0,0.0,427.84,0,1155,1740.73,1,1,0,1,0.0,0.53
B-202510-15951,1,1,1,8,1,0,1,Theater,2,0,2.0,1287.62,350,1272,2249.09,2,0,0,0,100.0,0.44
B-202510-19290,0,0,0,0,0,0,0,,0,0,0.0,0.0,0,0,0.0,0,0,0,0,0.0,0.0
B-202510-35427,1,1,1,8,1,0,1,Classroom,2,0,2.0,1358.72,350,840,1839.37,3,0,0,0,100.0,0.64
B-202510-47252,1,1,1,8,1,0,1,Classroom,1,0,1.0,806.26,150,1272,1999.84,2,0,0,0,100.0,0.4
B-202510-67571,1,2,2,16,0,0,1,Classroom,3,1,2.5,468.75,1000,3230,6246.81,3,0,0,0,100.0,0.85
B-202510-73868,1,3,3,24,1,0,1,Classroom,2,0,1.67,1238.83,850,4920,7538.24,5,0,0,0,100.0,0.66
B-202510-87803,0,0,0,0,0,0,0,,0,0,0.0,0.0,0,0,0.0,0,0,0,0,0.0,0.0
B-202510-75946,1,2,2,8,0,0,1,Reception,2,0,1.5,541.99,500,1620,3264.33,1,0,1,1,0.0,0.9
L-202510-23122,1,4,3,12,0,0,1,Banquet,2,0,1.92,407.24,286,2340,4287.3,3,0,0,0,100.0,0.6
B-202510-90614,2,1,1,8,1,0,1,Theater,3,1,3.0,1876.24,650,1272,2505.26,2,0,0,0,100.0,0.57
B-202510-17528,1,2,2,16,1,0,1,Classroom,2,0,2.0,1345.27,700,3280,5185.65,5,0,0,0,100.0,0.53
B-202510-54411,1,1,1,4,0,0,1,Banquet,1,0,1.0,422.24,150,1925,2703.06,1,1,0,1,0.0,0.88
L-202510-27115,1,1,1,8,1,0,1,Theater,2,0,2.08,1102.68,532,1480,3461.74,4,0,0,0,0.0,0.53
L-202510-30632,0,0,0,0,0,0,0,,0,0,0.0,0.0,0,0,0.0,0,0,0,0,0.0,0.0
L-202510-80937,1,1,1,8,0,0,1,Classroom,3,1,2.97,424.17,1283,693,2792.85,3,0,0,0,100.0,0.82
L-202510-23292,1,2,1,8,1,0,1,Reception,2,0,2.25,1021.52,722,2328,5251.93,2,0,0,0,100.0,0.36
B-202510-20599,1,5,2,24,1,0,1,Classroom,3,1,2.0,928.48,1850,4480,8227.14,5,0,0,0,20.0,0.82
B-202510-38127,1,2,2,16,1,0,1,Classroom,3,1,2.5,1038.11,1000,2600,4800.3,4,0,0,0,100.0,0.34
B-202510-57546,1,1,1,8,1,0,1,Classroom,2,0,2.0,1305.02,350,1272,2254.63,2,0,0,0,100.0,0.64
L-202510-50762,1,3,2,16,1,0,1,Theater,1,0,1.08,1358.1,1410,4272,7975.62,2,0,0,0,0.0,0.45
L-202510-62609,1,2,2,8,1,0,1,Theater,3,1,2.98,1176.15,455,372,5120.02,1,0,0,0,50.0,0.6
B-202510-39479,1,2,2,16,1,0,1,Theater,3,1,3.0,1237.75,1300,1680,4111.65,4,0,0,0,100.0,0.42
B-202510-49740,1,2,2,8,0,0,1,Banquet,1,0,0.5,592.14,150,990,2313.81,1,1,0,1,0.0,0.45
B-202510-53982,1,3,3,24,1,0,1,Classroom,2,0,2.0,1225.18,1050,3400,6333.81,5,0,0,0,100.0,0.4
L-202510-67224,1,2,2,16,0,0,1,Reception,1,0,1.18,378.52,1280,990,2831.21,1,0,0,0,100.0,0.42
L-202510-78738,1,2,3,24,1,0,1,Banquet,3,1,2.57,823.52,842,0,2841.23,0,0,0,0,50.0,0.38
B-202510-25397,2,2,2,16,1,0,1,Classroom,2,0,2.0,1446.46,700,2800,4624.84,5,0,0,0,100.0,0.52
B-202510-45006,0,0,0,0,0,0,0,,0,0,0.0,0.0,0,0,0.0,0,0,0,0,0.0,0.0
B-202510-68547,1,3,3,24,0,0,1,Classroom,2,0,1.67,415.19,850,5220,9110.04,5,0,0,0,100.0,0.97
L-202510-80804,2,2,1,8,1,0,1,Classroom,3,1,2.92,1785.22,1380,3666,6062.19,3,0,0,0,0.0,0.57
L-202510-81522,1,5,3,24,1,0,1,Classroom,0,0,0.38,981.67,0,7350,12205.69,5,0,0,0,0.0,0.47
B-202510-75678,2,3,3,24,1,0,1,Classroom,3,1,2.33,1885.49,1450,3640,6762.66,5,0,0,0,100.0,0.59
B-202510-85115,1,1,1,4,1,0,1,Banquet,1,0,1.0,970.03,150,1320,1826.07,1,1,0,1,0.0,0.36
L-202510-84631,1,7,3,36,0,0,1,Theater,3,1,2.95,360.15,1246,26530,29926.09,5,1,0,0,100.0,0.7
B-202510-38837,1,2,2,16,1,0,1,Classroom,3,1,2.5,1079.5,1000,1944,4162.41,3,0,0,0,100.0,0.47
B-202510-59739,1,2,2,16,1,0,1,Theater,3,1,2.5,905.9,1000,2568,4792.92,4,0,0,0,100.0,0.47
B-202510-89150,1,2,1,8,0,0,1,Banquet,2,0,1.0,399.14,350,1650,3265.44,1,1,0,1,0.0,0.75
B-202510-89707,1,2,2,16,1,0,1,Classroom,3,1,2.0,1165.66,800,2472,4467.34,3,0,0,0,100.0,0.35
L-202510-56696,1,8,3,24,1,0,1,Classroom,2,0,2.44,1382.31,295,6240,8164.46,5,1,1,0,100.0,0.45
B-202510-11827,1,3,3,24,1,0,1,Banquet,3,1,3.0,951.75,1950,5736,9422.32,5,0,0,0,100.0,0.47
L-202510-52539,2,2,1,8,1,0,1,Banquet,0,0,0.16,1633.28,0,472,1275.83,1,0,0,0,50.0,0.54
B-202510-35727,1,2,1,8,0,0,1,Classroom,2,0,2.0,555.65,700,372,2237.15,1,0,0,0,0.0,0.78
B-202510-91045,1,1,1,8,0,0,1,Classroom,2,0,2.0,599.85,350,1755,3199.17,3,0,0,0,100.0,0.68
B-202510-27304,1,5,2,24,1,0,1,Theater,3,1,1.8,1071.82,1650,4784,8311.62,5,0,0,0,20.0,0.81
B-202510-15980,0,0,0,0,0,0,0,,0,0,0.0,0.0,0,0,0.0,0,0,0,0,0.0,0.0
B-202510-40225,1,2,2,16,1,0,1,Classroom,3,1,2.5,1204.38,1000,2280,4501.59,4,0,0,0,100.0,0.41
B-202510-85062,1,2,2,16,0,0,1,Classroom,3,1,2.5,392.24,1000,4560,7636.15,5,0,0,0,100.0,0.75
L-202510-65280,0,0,0,0,0,0,0,,0,0,0.0,0.0,0,0,0.0,0,0,0,0,0.0,0.0
L-202510-92483,1,5,3,24,1,0,1,Classroom,2,0,1.73,1100.48,924,13620,15972.74,4,0,1,1,100.0,0.38
B-202510-33485,2,1,1,8,1,0,1,Classroom,2,0,2.0,1373.74,350,1248,2231.59,3,0,0,0,100.0,0.66
B-202510-34715,1,2,1,8,0,0,1,Banquet,2,0,1.5,519.46,500,2090,3763.71,1,1,0,1,0.0,0.95
B-202510-10143,0,0,0,0,0,0,0,,0,0,0.0,0.0,0,0,0.0,0,0,0,0,0.0,0.0
B-202510-10802,2,3,1,12,1,0,1,Classroom,3,1,2.67,1725.36,1650,1848,4474.28,4,0,0,0,0.0,0.71
L-202510-25534,0,0,0,0,0,0,0,,0,0,0.0,0.0,0,0,0.0,0,0,0,0,0.0,0.0
L-202510-31951,1,7,3,24,1,0,1,Classroom,2,0,1.88,1040.36,1481,10430,13482.32,2,0,0,0,100.0,0.39
L-202510-38548,0,0,0,0,0,0,0,,0,0,0.0,0.0,0,0,0.0,0,0,0,0,0.0,0.0
B-202510-63420,1,4,2,24,1,0,1,Theater,3,1,1.5,1255.1,1100,3300,6312.15,4,0,0,0,50.0,0.76
L-202510-25553,1,5,2,24,0,0,1,Classroom,2,0,1.76,378.61,0,10100,11366.81,5,0,0,0,50.0,0.88
B-202510-68351,1,1,1,8,0,0,1,Theater,2,0,2.0,561.89,350,1771,3136.56,4,0,0,0,100.0,0.57
B-202510-84172,1,1,1,8,1,0,1,Banquet,2,0,2.0,1050.6,350,240,1152.01,1,0,0,0,100.0,0.53
B-202510-91842,1,3,1,12,1,0,1,Theater,2,0,2.0,1137.53,1050,2280,4298.32,5,0,0,0,0.0,0.7
L-202510-45133,1,4,2,24,1,0,1,Classroom,2,0,2.14,1046.24,504,12448,14011.85,4,1,0,1,0.0,0.52
B-202510-57178,1,2,2,16,1,0,1,Classroom,2,0,2.0,1366.75,700,2808,4753.51,5,0,0,0,100.0,0.47
B-202510-69371,1,2,1,8,1,0,1,Banquet,1,0,1.0,1010.74,300,1080,2106.94,1,0,1,1,0.0,0.45
B-202510-69839,1,4,2,24,1,0,1,Theater,2,0,1.75,1031.51,1200,3140,6108.73,5,0,0,0,50.0,0.79
B-202510-95674,2,2,2,16,1,0,1,Classroom,3,1,2.5,1454.14,1000,3000,5191.42,4,0,0,0,100.0,0.66
L-202510-27123,0,0,0,0,0,0,0,,0,0,0.0,0.0,0,0,0.0,0,0,0,0,0.0,0.0
B-202510-35589,2,2,2,16,1,0,1,Theater,2,0,2.0,2334.65,700,19602,25302.07,4,0,0,0,100.0,0.5
B-202510-55365,1,2,2,16,1,0,1,Theater,3,1,2.5,1699.28,1000,15087,20765.1,4,0,0,0,100.0,0.59
L-202510-15318,0,0,0,0,0,0,0,,0,0,0.0,0.0,0,0,0.0,0,0,0,0,0.0,0.0
L-202510-66479,1,2,1,8,1,0,1,Theater,2,0,1.65,2256.37,578,1096,3420.93,1,0,0,0,0.0,0.56
B-202511-30443,1,2,2,16,1,0,1,Theater,2,0,1.5,911.37,500,3408,5219.74,4,0,0,0,100.0,0.62
B-202511-72086,0,0,0,0,0,0,0,,0,0,0.0,0.0,0,0,0.0,0,0,0,0,0.0,0.0
B-202511-98607,1,2,2,16,1,0,1,Classroom,2,0,1.5,889.61,500,1728,3426.59,3,0,0,0,100.0,0.38
B-202511-10069,2,2,1,12,1,0,1,Classroom,2,0,1.5,1800.8,500,1540,2932.78,3,0,0,0,50.0,0.75
B-202511-14555,0,0,0,0,0,0,0,,0,0,0.0,0.0,0,0,0.0,0,0,0,0,0.0,0.0
B-202511-74297,1,3,3,24,0,0,1,Classroom,3,1,2.0,383.0,1150,6370,10421.64,5,0,0,0,100.0,0.88
B-202511-91583,1,2,2,16,1,0,1,Theater,3,1,2.0,1381.15,800,3408,5366.6,4,0,0,0,100.0,0.45
B-202511-21770,0,0,0,0,0,0,0,,0,0,0.0,0.0,0,0,0.0,0,0,0,0,0.0,0.0
B-202511-32719,2,2,2,16,1,0,1,Theater,3,1,2.5,2816.39,1000,20520,26754.21,5,0,0,0,100.0,0.56
B-202511-59827,0,0,0,0,0,0,0,,0,0,0.0,0.0,0,0,0.0,0,0,0,0,0.0,0.0
B-202511-22018,1,2,1,8,0,0,1,Banquet,1,0,0.5,365.61,150,1155,2461.44,1,1,0,1,0.0,0.53
B-202511-15987,1,2,1,8,0,0,1,Reception,0,0,0.0,460.31,0,1755,2894.21,1,0,1,1,0.0,0.97
B-202511-74458,1,1,1,8,0,0,1,Banquet,0,0,0.0,558.61,0,432,1402.59,1,0,0,0,100.0,0.95
B-202511-66732,2,2,1,8,1,0,1,Classroom,2,0,1.5,1731.41,500,700,1919.87,1,0,0,0,0.0,0.61
L-202511-19567,1,1,1,12,0,0,1,Banquet,3,1,2.75,382.02,229,1686,4075.39,3,0,0,0,0.0,0.95
L-202511-64106,1,6,3,24,0,0,1,Classroom,0,0,0.41,482.05,0,0,1054.09,0,0,0,0,100.0,0.4
B-202511-61067,1,2,2,16,1,0,1,Theater,2,0,2.0,1019.96,700,1900,3856.36,4,0,0,0,100.0,0.49
L-202511-64256,1,4,3,24,1,0,1,Classroom,3,1,2.89,2307.74,1190,8928,10740.44,3,0,0,0,0.0,0.51
B-202511-46287,0,0,0,0,0,0,0,,0,0,0.0,0.0,0,0,0.0,0,0,0,0,0.0,0.0
B-202511-76678,0,0,0,0,0,0,0,,0,0,0.0,0.0,0,0,0.0,0,0,0,0,0.0,0.0
B-202511-20271,1,3,3,24,0,0,1,Banquet,3,1,2.0,550.58,1150,6192,10471.03,4,0,0,0,100.0,0.97
B-202511-84655,2,2,2,16,1,0,1,Theater,3,1,3.0,1425.53,1300,2232,4756.96,4,0,0,0,100.0,0.56
L-202511-85599,1,7,3,24,1,0,1,Theater,3,1,2.89,891.2,141,0,846.12,0,0,0,0,100.0,0.72
B-202511-68014,1,2,1,8,0,0,1,Theater,1,0,1.0,527.75,300,0,1558.36,0,0,0,0,0.0,0.65
B-202511-85025,0,0,0,0,0,0,0,,0,0,0.0,0.0,0,0,0.0,0,0,0,0,0.0,0.0
B-202511-87183,2,2,2,16,1,0,1,Theater,3,1,2.0,1594.96,800,3360,5255.99,5,0,0,0,100.0,0.6
B-202511-89578,1,7,3,36,1,0,1,Theater,3,1,1.71,1221.72,2150,4848,9813.72,5,0,0,0,28.6,0.8
L-202511-61328,1,4,2,24,1,0,1,Theater,0,0,0.39,1379.41,0,7820,8529.0,5,0,0,0,100.0,0.68
B-202511-26176,2,3,3,24,1,0,1,Theater,3,1,3.0,2798.16,1950,27921,37067.33,5,0,0,0,100.0,0.51
B-202511-47236,1,1,1,4,0,0,1,Reception,1,0,1.0,587.43,150,1665,2417.47,1,0,1,1,0.0,0.93
B-202511-73522,1,2,2,16,1,0,1,Classroom,3,1,2.5,1352.5,1000,3696,5919.59,4,0,0,0,100.0,0.38
L-202511-79884,2,2,1,8,1,0,1,Theater,3,1,2.96,1803.66,91,0,739.72,0,0,0,0,100.0,0.82
B-202511-29463,0,0,0,0,0,0,0,,0,0,0.0,0.0,0,0,0.0,0,0,0,0,0.0,0.0
B-202511-74617,0,0,0,0,0,0,0,,0,0,0.0,0.0,0,0,0.0,0,0,0,0,0.0,0.0
B-202511-99827,2,2,2,16,1,0,1,Banquet,3,1,2.5,1386.04,1000,1704,3966.3,2,0,0,0,100.0,0.58
B-202511-50525,1,3,3,24,1,0,1,Classroom,2,0,1.67,1306.14,850,4968,7693.14,4,0,0,0,100.0,0.54
B-202511-58235,0,0,0,0,0,0,0,,0,0,0.0,0.0,0,0,0.0,0,0,0,0,0.0,0.0
B-202511-85191,2,3,1,12,1,0,1,Classroom,2,0,1.67,1898.61,850,1160,3012.76,3,0,0,0,0.0,0.68
B-202511-55555,2,6,2,24,1,0,1,Theater,2,0,1.5,1798.89,1500,3720,7240.93,4,0,0,0,0.0,0.87
L-202511-43879,2,1,1,8,1,0,1,Classroom,0,0,0.43,1619.47,0,0,2380.14,0,0,0,0,100.0,0.59
L-202511-56631,2,5,3,24,1,0,1,Classroom,2,0,1.69,1587.82,1400,1850,3673.17,1,0,0,0,50.0,0.72
L-202511-62891,1,1,2,8,1,0,1,Theater,3,1,2.87,981.38,420,1412,4183.86,4,0,0,0,100.0,0.37
B-202511-12213,1,3,3,24,0,0,1,Classroom,3,1,2.67,522.5,1650,7740,12439.57,5,0,0,0,100.0,0.97
B-202511-18820,1,2,2,16,0,0,1,Theater,3,1,2.5,408.51,1000,4686,7817.7,4,0,0,0,100.0,0.82
B-202511-32148,2,2,2,16,1,0,1,Theater,3,1,2.5,1772.57,1000,2600,4799.37,4,0,0,0,100.0,0.67
B-202512-27621,0,0,0,0,0,0,0,,0,0,0.0,0.0,0,0,0.0,0,0,0,0,0.0,0.0
L-202512-35546,2,5,2,16,1,0,1,Theater,0,0,0.08,1437.74,0,0,2622.08,0,0,0,0,0.0,0.69
B-202512-31370,1,2,2,8,0,0,1,Classroom,0,0,0.0,489.36,0,0,1191.86,0,0,0,0,0.0,0.57
B-202512-88737,1,2,1,8,0,0,1,Banquet,2,0,1.0,413.35,350,1260,2812.78,1,0,1,1,0.0,0.7
B-202512-58052,0,0,0,0,0,0,0,,0,0,0.0,0.0,0,0,0.0,0,0,0,0,0.0,0.0
B-202512-75274,1,4,2,16,1,0,1,Theater,2,0,1.0,1083.15,650,1880,3942.65,2,0,0,0,0.0,0.37
L-202512-22368,2,6,3,36,1,0,1,Banquet,2,0,2.05,1811.52,968,2124,6443.72,2,0,0,0,100.0,0.6
B-202512-35856,1,1,1,8,1,0,1,Classroom,2,0,2.0,1144.24,350,1300,2197.45,3,0,0,0,100.0,0.48
B-202512-39205,1,2,2,16,1,0,1,Theater,2,0,1.5,1394.39,500,2832,4537.45,3,0,0,0,100.0,0.47
B-202512-45501,1,1,1,4,0,0,1,Banquet,0,0,0.0,454.06,0,1540,2158.7,1,1,0,1,0.0,0.7
B-202512-70722,2,4,2,24,1,0,1,Theater,3,1,2.0,1678.22,1500,5322,8627.12,5,0,0,0,50.0,0.89
B-202512-37604,1,2,1,8,1,0,1,Banquet,2,0,1.5,1201.53,500,1320,2478.99,1,1,0,1,0.0,0.41
B-202512-69082,1,3,3,24,1,0,1,Theater,3,1,2.0,1283.95,1150,4080,7003.98,5,0,0,0,100.0,0.5
B-202512-68779,1,1,1,8,1,0,1,Classroom,2,0,2.0,1304.94,350,960,1940.52,2,0,0,0,100.0,0.66
B-202512-79963,1,1,1,8,1,0,1,Theater,1,0,1.0,1213.69,150,720,1499.01,2,0,0,0,100.0,0.6
B-202512-96932,2,1,1,4,1,0,1,Reception,2,0,2.0,1392.6,350,1080,1768.52,1,0,1,1,0.0,0.54
B-202512-99797,1,4,1,16,1,0,1,Classroom,1,0,1.0,997.69,600,240,2145.11,1,0,0,0,0.0,0.83
B-202512-20001,1,2,2,16,0,0,1,Classroom,2,0,1.5,544.07,500,3420,5864.93,3,0,0,0,100.0,0.93
B-202512-33810,1,7,3,36,1,0,1,Theater,2,0,1.86,854.37,2250,6180,11250.55,5,0,0,0,28.6,0.79
B-202512-53331,0,0,0,0,0,0,0,,0,0,0.0,0.0,0,0,0.0,0,0,0,0,0.0,0.0
B-202512-67074,1,1,1,4,0,0,1,Banquet,2,0,2.0,422.42,350,1430,2374.36,1,1,0,1,0.0,0.65
B-202512-89244,0,0,0,0,0,0,0,,0,0,0.0,0.0,0,0,0.0,0,0,0,0,0.0,0.0
B-202512-95344,1,1,1,4,0,0,1,Reception,1,0,1.0,366.26,150,1925,2723.57,1,1,0,1,0.0,0.88
B-202512-19350,1,1,1,8,1,0,1,Classroom,1,0,1.0,1165.93,150,2088,2872.61,4,0,0,0,100.0,0.41
L-202512-76517,0,0,0,0,0,0,0,,0,0,0.0,0.0,0,0,0.0,0,0,0,0,0.0,0.0
B-202512-15301,1,2,2,16,1,0,1,Theater,1,0,1.0,888.24,300,2568,4093.45,4,0,0,0,100.0,0.49
B-202512-73870,2,5,2,24,1,0,1,Classroom,3,1,2.2,1463.23,2050,4818,8744.12,5,0,0,0,20.0,0.88
L-202512-70629,2,3,3,24,1,0,1,Classroom,2,0,2.11,1839.35,1015,4122,7277.93,3,0,0,0,100.0,0.72
B-202512-35624,1,1,1,4,0,0,1,Banquet,1,0,1.0,379.0,150,0,702.91,0,0,0,0,0.0,0.9
B-202512-82456,1,2,2,16,0,0,1,Classroom,3,1,3.0,558.72,1300,4620,7936.06,4,0,0,0,100.0,0.82
B-202512-88404,1,4,2,24,1,0,1,Classroom,2,0,1.75,1039.39,1200,3784,6793.24,4,0,0,0,50.0,0.84
B-202512-38876,1,4,2,24,1,0,1,Classroom,3,1,2.0,984.26,1500,3324,6691.87,5,0,0,0,50.0,0.69
B-202512-92434,1,7,3,36,1,0,1,Classroom,3,1,1.86,1085.72,2350,3880,9103.03,4,0,0,0,28.6,0.77
B-202512-48187,1,1,1,8,0,0,1,Classroom,2,0,2.0,589.23,350,336,1708.51,1,0,0,0,100.0,0.7
B-202512-67349,1,2,2,16,1,0,1,Classroom,3,1,3.0,974.62,1300,3648,6160.41,5,0,0,0,100.0,0.66
