geoid,lat,lon,mean_sign_post,local_moran_I,quadrant,p_approx
0100005,34.26313,-86.21066,1.000,0.5819,HH,0.0000
0100006,34.38219,-86.30506,1.000,0.5819,HH,0.0000
0100007,33.37695,-86.80558,1.000,0.5819,HH,0.0000
0100008,34.71053,-86.76228,1.000,0.5819,HH,0.0000
0100011,33.54685,-86.57145,1.000,0.5819,HH,0.0000
0100012,34.19902,-86.15515,1.000,0.5819,HH,0.0000
0100013,33.65523,-86.56324,1.000,0.5819,HH,0.0000
0100030,32.86978,-85.94624,1.000,0.5819,HH,0.0000
0100090,33.67347,-85.81089,1.000,0.5819,HH,0.0000
0100100,34.33239,-86.50117,1.000,0.5819,HH,0.0000
0100120,34.77902,-86.95080,1.000,0.5819,HH,0.0000
0100185,30.85451,-88.10981,1.000,0.2645,HH,0.0000
0100189,30.85787,-88.06338,1.000,0.2645,HH,0.0000
0100190,33.21435,-86.82308,1.000,0.5819,HH,0.0000
0100194,33.32183,-86.74220,1.000,0.5819,HH,0.0000
0100195,32.27361,-86.11893,1.000,0.5819,HH,0.0000
0100202,30.27717,-87.70236,1.000,0.1851,HH,0.0000
0100210,32.60712,-85.49096,1.000,0.5819,HH,0.0000
0100240,32.53224,-86.64644,1.000,0.5819,HH,0.0000
0100270,30.67350,-87.74216,1.000,0.3438,HH,0.0000
0100360,33.01589,-87.12715,1.000,0.5819,HH,0.0000
0100390,33.52717,-86.79704,1.000,0.5819,HH,0.0000
0100450,31.10917,-87.07658,1.000,0.5819,HH,0.0000
0100480,32.10176,-85.71726,1.000,0.5819,HH,0.0000
0100510,31.75167,-86.68197,1.000,0.5819,HH,0.0000
0100540,33.77921,-85.84280,1.000,0.5819,HH,0.0000
0100600,32.91550,-85.39403,1.000,0.5819,HH,0.0000
0100630,34.17613,-85.61820,1.000,0.5819,HH,0.0000
0100660,32.85405,-86.72661,1.000,0.5819,HH,0.0000
0100690,31.99095,-88.24889,1.000,0.1851,HH,0.0000
0100720,31.66494,-87.82926,1.000,0.4232,HH,0.0000
0100750,33.27040,-85.86353,1.000,0.5819,HH,0.0000
0100780,33.65053,-85.52206,1.000,0.5819,HH,0.0000
0100840,34.70401,-87.81304,1.000,0.5819,HH,0.0000
0100870,31.43093,-86.98872,1.000,0.5819,HH,0.0000
0100900,32.93145,-86.24348,1.000,0.5819,HH,0.0000
0100930,31.24536,-86.45538,1.000,0.5819,HH,0.0000
0100960,31.73031,-86.32004,1.000,0.5819,HH,0.0000
0100990,34.17889,-86.84189,1.000,0.5819,HH,0.0000
0101020,34.13192,-86.86927,1.000,0.5819,HH,0.0000
0101050,31.49229,-85.56327,1.000,0.5819,HH,0.0000
0101080,31.26671,-85.73882,1.000,0.5819,HH,0.0000
0101140,34.46331,-85.81206,1.000,0.5819,HH,0.0000
0101170,34.57300,-86.98990,1.000,0.5819,HH,0.0000
0101230,31.23370,-85.40682,1.000,0.5819,HH,0.0000
0101290,32.60276,-86.18531,1.000,0.5819,HH,0.0000
0101320,31.32553,-85.84607,1.000,0.5819,HH,0.0000
0101350,31.12229,-87.16841,1.000,0.5819,HH,0.0000
0101380,34.11604,-85.89591,1.000,0.5819,HH,0.0000
0101410,31.90994,-85.15271,1.000,0.5819,HH,0.0000
0101440,33.47480,-86.91941,1.000,0.5819,HH,0.0000
0101470,33.70892,-87.74098,1.000,0.5819,HH,0.0000
0101530,34.82981,-87.66220,1.000,0.5819,HH,0.0000
0101560,34.45733,-85.68945,1.000,0.5819,HH,0.0000
0101590,34.44199,-87.84281,1.000,0.5819,HH,0.0000
0101640,31.04384,-85.87986,1.000,0.5819,HH,0.0000
0101660,31.14677,-85.66296,1.000,0.5819,HH,0.0000
0101680,32.84450,-87.96420,1.000,0.5819,HH,0.0000
0101690,34.36795,-86.25232,1.000,0.5819,HH,0.0000
0101710,32.75280,-87.62306,1.000,0.5819,HH,0.0000
0101720,34.21103,-87.57767,1.000,0.5819,HH,0.0000
0101730,34.43831,-86.94114,1.000,0.5819,HH,0.0000
0101740,31.51698,-85.23997,1.000,0.5819,HH,0.0000
0101760,33.45855,-86.80965,1.000,0.5819,HH,0.0000
0101770,31.13282,-85.28154,1.000,0.5819,HH,0.0000
0101800,34.70135,-86.67317,1.000,0.5819,HH,0.0000
0101830,34.76411,-85.98006,1.000,0.5819,HH,0.0000
0101860,33.81007,-85.75522,1.000,0.5819,HH,0.0000
0101890,33.85111,-87.26835,1.000,0.5819,HH,0.0000
0101920,33.57513,-86.94039,1.000,0.5819,HH,0.0000
0101950,33.78709,-88.08743,1.000,0.5819,HH,0.0000
0102010,34.90417,-87.65111,1.000,0.5819,HH,0.0000
0102040,34.52978,-87.32187,1.000,0.5819,HH,0.0000
0102070,32.59367,-85.33010,1.000,0.5819,HH,0.0000
0102160,32.14789,-86.65059,1.000,0.5819,HH,0.0000
0102190,32.38703,-85.69289,1.000,0.5819,HH,0.0000
0102220,34.85978,-86.65562,1.000,0.5819,HH,0.0000
0102310,34.14655,-87.88941,1.000,0.5819,HH,0.0000
0102350,33.45527,-86.92241,1.000,0.5819,HH,0.0000
0102370,30.67954,-88.20058,0.333,-0.0240,LH,0.0000
0102400,31.58035,-87.38334,1.000,0.5819,HH,0.0000
0102430,32.22885,-86.21548,1.000,0.5819,HH,0.0000
0102480,34.44107,-86.83319,1.000,0.5819,HH,0.0000
0102490,33.49149,-86.73447,1.000,0.5819,HH,0.0000
0102520,34.74266,-87.63377,1.000,0.5819,HH,0.0000
0102550,33.94704,-86.48979,1.000,0.5819,HH,0.0000
0102580,32.66074,-85.37889,1.000,0.5819,HH,0.0000
0102610,31.28438,-86.25744,1.000,0.5819,HH,0.0000
0102635,33.59009,-85.85225,1.000,0.5819,HH,0.0000
0102640,31.44338,-85.64098,1.000,0.5819,HH,0.0000
0102650,33.55212,-86.31914,1.000,0.5819,HH,0.0000
0102670,32.63901,-87.29383,1.000,0.5819,HH,0.0000
0102700,32.45371,-85.03102,1.000,0.5819,HH,0.0000
0102730,33.29680,-88.09686,1.000,0.5819,HH,0.0000
0102760,33.91800,-85.51382,1.000,0.5819,HH,0.0000
0102790,31.72742,-85.79264,1.000,0.5819,HH,0.0000
0102850,33.14530,-85.36953,1.000,0.5819,HH,0.0000
0102880,32.26939,-85.19006,1.000,0.5819,HH,0.0000
0102910,34.50572,-87.72812,1.000,0.5819,HH,0.0000
0102940,34.64462,-86.04815,1.000,0.5819,HH,0.0000
0102970,32.41698,-87.03570,1.000,0.5819,HH,0.0000
0103000,34.75549,-87.70126,1.000,0.5819,HH,0.0000
0103030,33.25943,-86.64943,1.000,0.5819,HH,0.0000
0103062,33.77000,-86.31799,1.000,0.5819,HH,0.0000
0103090,32.59748,-88.20006,1.000,0.3438,HH,0.0000
0103120,33.18867,-86.27480,1.000,0.5819,HH,0.0000
0103180,33.36931,-86.17593,1.000,0.5819,HH,0.0000
0103210,32.86462,-85.77156,1.000,0.5819,HH,0.0000
0103240,32.54698,-85.94274,1.000,0.5819,HH,0.0000
0103270,33.59290,-86.76625,1.000,0.5819,HH,0.0000
0103330,31.80196,-85.96713,1.000,0.5819,HH,0.0000
0103360,33.23440,-87.52830,1.000,0.5819,HH,0.0000
0103390,33.32137,-87.45660,1.000,0.5819,HH,0.0000
0103430,33.46250,-86.73951,1.000,0.5819,HH,0.0000
0103450,33.79156,-87.30109,1.000,0.5819,HH,0.0000
0103480,31.40850,-88.21240,1.000,0.3438,HH,0.0000
0103510,31.99008,-87.30493,1.000,0.5819,HH,0.0000
0103540,33.91953,-87.80903,1.000,0.5819,HH,0.0000
0103580,34.14623,-87.33768,1.000,0.5819,HH,0.0000
0400001,33.76823,-111.85884,0.333,0.0048,LL,0.0000
0400003,34.86631,-112.45958,0.333,0.0048,LL,0.0000
0400212,32.15457,-110.23233,0.333,0.0048,LL,0.0000
0400600,33.50856,-112.13646,0.333,0.0048,LL,0.0000
0400790,33.38448,-111.42220,0.333,0.0048,LL,0.0000
0401050,33.46186,-111.97358,0.333,0.0048,LL,0.0000
0401180,31.47233,-109.83012,0.333,0.0048,LL,0.0000
0401460,31.52118,-110.21647,0.333,0.0048,LL,0.0000
0401600,34.48652,-111.78564,0.333,0.0048,LL,0.0000
0401680,33.48572,-112.19737,0.333,0.0048,LL,0.0000
0401710,32.83649,-111.79095,0.333,0.0048,LL,0.0000
0401870,33.25958,-111.81056,0.333,0.0048,LL,0.0000
0402320,33.01197,-111.58825,0.333,0.0048,LL,0.0000
0402370,34.84577,-112.04056,0.333,0.0048,LL,0.0000
0402400,32.67270,-114.68936,0.333,0.0048,LL,0.0000
0402430,33.49316,-112.01406,0.333,0.0048,LL,0.0000
0402530,31.42768,-109.27182,0.333,0.0048,LL,0.0000
0402600,32.75099,-109.19665,0.333,0.0048,LL,0.0000
0402690,33.62841,-112.41610,0.333,0.0048,LL,0.0000
0402790,32.61332,-111.59638,0.333,0.0048,LL,0.0000
0402860,35.15677,-111.34762,0.333,0.0048,LL,0.0000
0402920,32.94993,-111.22839,0.333,0.0048,LL,0.0000
0403060,33.43377,-112.21520,0.333,0.0048,LL,0.0000
0403150,31.56730,-110.33023,0.333,0.0048,LL,0.0000
0403240,32.53248,-114.77398,0.333,0.0048,LL,0.0000
0403400,33.34805,-111.72698,0.333,0.0048,LL,0.0000
0403420,33.54022,-112.19696,0.333,0.0048,LL,0.0000
0403500,33.46737,-110.78486,0.333,0.0048,LL,0.0000
0403780,33.28983,-111.70558,0.333,0.0048,LL,0.0000
0403820,35.13096,-110.07144,0.333,0.0048,LL,0.0000
0403870,34.57992,-112.17366,0.333,0.0048,LL,0.0000
0403960,33.46670,-112.14373,0.333,0.0048,LL,0.0000
0404230,33.28303,-112.01466,0.333,0.0048,LL,0.0000
0404290,33.36433,-112.16005,0.333,0.0048,LL,0.0000
0404380,33.50088,-112.41382,0.333,0.0048,LL,0.0000
0404500,33.52581,-112.04582,0.333,0.0048,LL,0.0000
0404720,33.03614,-112.07998,0.333,0.0048,LL,0.0000
0404970,33.45446,-111.72367,0.333,0.0048,LL,0.0000
0405030,33.51886,-110.95820,0.333,0.0048,LL,0.0000
0405320,33.10284,-109.19068,0.333,0.0048,LL,0.0000
0405400,33.43144,-112.12373,0.333,0.0048,LL,0.0000
0405460,33.78770,-112.48511,0.333,0.0048,LL,0.0000
0405670,33.49607,-112.07895,0.333,0.0048,LL,0.0000
0405820,36.70947,-111.27337,0.333,0.0048,LL,0.0000
0405850,33.40044,-112.68440,0.333,0.0048,LL,0.0000
0405880,31.43125,-110.13183,0.333,0.0048,LL,0.0000
0405930,33.65345,-111.97998,0.333,0.0048,LL,0.0000
0405980,34.14278,-113.85325,0.333,0.0048,LL,0.0000
0406070,34.23083,-111.26848,0.333,0.0048,LL,0.0000
0406210,33.49863,-112.27646,0.333,0.0048,LL,0.0000
0406250,33.72186,-112.29160,0.333,0.0048,LL,0.0000
0406300,33.45308,-112.07834,0.333,0.0048,LL,0.0000
0406440,33.06989,-109.84987,0.333,0.0048,LL,0.0000
0406580,34.15912,-109.92735,0.333,0.0048,LL,0.0000
0406730,34.56210,-112.48370,0.333,0.0048,LL,0.0000
0406740,35.18514,-109.44503,0.333,0.0048,LL,0.0000
0406810,33.26969,-111.62960,0.333,0.0048,LL,0.0000
0406870,36.72664,-109.53267,0.333,0.0048,LL,0.0000
0407020,33.42414,-112.17039,0.333,0.0048,LL,0.0000
0407080,33.38652,-112.06768,0.333,0.0048,LL,0.0000
0407130,33.99290,-109.44598,0.333,0.0048,LL,0.0000
0407170,33.54678,-112.86340,0.333,0.0048,LL,0.0000
0407570,33.58163,-111.88675,0.333,0.0048,LL,0.0000
0407700,34.31514,-110.13739,0.333,0.0048,LL,0.0000
0407750,33.83848,-112.12834,0.333,0.0048,LL,0.0000
0407820,34.53934,-110.15038,0.333,0.0048,LL,0.0000
0407890,32.53960,-114.70566,0.333,0.0048,LL,0.0000
0408080,34.67923,-109.40266,0.333,0.0048,LL,0.0000
0408230,33.33928,-111.11590,0.333,0.0048,LL,0.0000
0408310,33.40629,-111.93785,0.333,0.0048,LL,0.0000
0408490,33.45596,-112.25865,0.333,0.0048,LL,0.0000
0408550,32.75694,-111.68512,0.333,0.0048,LL,0.0000
0408600,31.70711,-110.06101,0.333,0.0048,LL,0.0000
0408680,36.06180,-111.20786,0.333,0.0048,LL,0.0000
0408820,33.35058,-112.25809,0.333,0.0048,LL,0.0000
0409060,33.58939,-112.11319,0.333,0.0048,LL,0.0000
0409160,33.97935,-110.33110,0.333,0.0048,LL,0.0000
0409190,33.85467,-112.80703,0.333,0.0048,LL,0.0000
0409250,32.20038,-109.80169,0.333,0.0048,LL,0.0000
0409390,33.43616,-112.02335,0.333,0.0048,LL,0.0000
0409430,35.65335,-109.16512,0.333,0.0048,LL,0.0000
0409460,35.10171,-110.61381,0.333,0.0048,LL,0.0000
0600006,37.99338,-122.59295,0.333,0.0048,LL,0.0000
0600013,38.80804,-121.25036,0.333,0.0048,LL,0.0000
0600014,34.36163,-117.33698,0.333,0.0048,LL,0.0000
0600016,34.14115,-117.65558,0.333,0.0048,LL,0.0000
0600017,34.47332,-117.14313,0.333,0.0048,LL,0.0000
0600019,37.71650,-121.90088,0.333,0.0048,LL,0.0000
0600020,37.66072,-121.89067,0.333,0.0048,LL,0.0000
0600021,37.55113,-121.80546,0.333,0.0048,LL,0.0000
0600022,36.65101,-120.50075,0.333,0.0048,LL,0.0000
0600025,33.90087,-118.42072,0.333,0.0048,LL,0.0000
0600026,34.84328,-118.98975,0.333,0.0048,LL,0.0000
0600027,33.67507,-117.34628,0.333,0.0048,LL,0.0000
0600028,33.52428,-117.04533,0.333,0.0048,LL,0.0000
0600029,33.53770,-117.28829,0.333,0.0048,LL,0.0000
0600032,33.84954,-118.40076,0.333,0.0048,LL,0.0000
0600033,36.84245,-120.69021,0.333,0.0048,LL,0.0000
0600034,38.55250,-122.80058,0.333,0.0048,LL,0.0000
0600035,36.30012,-119.20152,0.333,0.0048,LL,0.0000
0600036,38.66707,-121.56717,0.333,0.0048,LL,0.0000
0600039,37.42028,-120.77563,0.333,0.0048,LL,0.0000
0600040,36.40682,-119.91917,0.333,0.0048,LL,0.0000
0600043,37.07507,-122.00572,0.333,0.0048,LL,0.0000
0600044,38.63739,-122.88846,0.333,0.0048,LL,0.0000
0600046,36.51507,-121.42075,0.333,0.0048,LL,0.0000
0600047,37.89106,-121.47077,0.333,0.0048,LL,0.0000
0600048,35.65451,-120.70387,0.333,0.0048,LL,0.0000
0600049,35.65974,-121.13911,0.333,0.0048,LL,0.0000
0600051,39.35175,-121.74271,0.333,0.0048,LL,0.0000
0600052,40.79635,-124.14857,0.333,0.0048,LL,0.0000
0600060,37.58737,-120.84950,0.333,0.0048,LL,0.0000
0600061,37.70386,-120.88568,0.333,0.0048,LL,0.0000
0600063,37.66200,-120.72644,0.333,0.0048,LL,0.0000
0600064,36.02069,-118.65095,0.333,0.0048,LL,0.0000
0600065,36.51745,-119.39262,0.333,0.0048,LL,0.0000
0600067,36.52914,-119.84361,0.333,0.0048,LL,0.0000
0600068,36.92884,-119.84304,0.333,0.0048,LL,0.0000
0600116,37.39637,-119.40225,0.333,0.0048,LL,0.0000
0600153,34.07467,-118.13764,0.333,0.0048,LL,0.0000
0600158,37.48901,-120.82724,0.333,0.0048,LL,0.0000
0601332,38.67280,-121.38422,0.333,0.0048,LL,0.0000
0601339,39.68801,-122.03009,0.333,0.0048,LL,0.0000
0601409,37.29183,-118.13561,0.333,0.0048,LL,0.0000
0601410,37.74648,-121.52033,0.333,0.0048,LL,0.0000
0601414,34.40595,-119.70490,0.333,0.0048,LL,0.0000
0601415,36.64065,-119.85679,0.333,0.0048,LL,0.0000
0601418,36.48287,-119.04482,0.333,0.0048,LL,0.0000
0601420,40.58709,-124.14311,0.333,0.0048,LL,0.0000
0601421,34.36632,-119.07279,0.333,0.0048,LL,0.0000
0601423,36.27764,-119.02697,0.333,0.0048,LL,0.0000
0601426,33.30889,-117.15756,0.333,0.0048,LL,0.0000
0601428,33.91520,-118.37982,0.333,0.0048,LL,0.0000
0601620,33.86377,-118.06655,0.333,0.0048,LL,0.0000
0601710,34.63064,-117.52056,0.333,0.0048,LL,0.0000
0601770,37.74191,-122.25991,0.333,0.0048,LL,0.0000
0601860,37.89065,-122.31812,0.333,0.0048,LL,0.0000
0601950,36.67473,-121.52378,0.333,0.0048,LL,0.0000
0602100,32.82597,-116.70196,0.333,0.0048,LL,0.0000
0602160,34.16513,-117.59446,0.333,0.0048,LL,0.0000
0602310,37.36387,-121.71667,0.333,0.0048,LL,0.0000
0602430,33.90263,-117.48495,0.333,0.0048,LL,0.0000
0602450,38.44355,-120.65386,0.333,0.0048,LL,0.0000
0602610,33.82656,-117.91678,0.333,0.0048,LL,0.0000
0602760,40.33490,-121.70094,0.333,0.0048,LL,0.0000
0602820,34.65488,-118.14992,0.333,0.0048,LL,0.0000
0602850,37.97740,-121.80777,0.333,0.0048,LL,0.0000
0602970,34.14386,-118.03575,0.333,0.0048,LL,0.0000
0603060,38.34227,-121.17419,0.333,0.0048,LL,0.0000
0603180,36.23552,-119.70494,0.333,0.0048,LL,0.0000
0603270,34.99957,-118.76824,0.333,0.0048,LL,0.0000
0603300,35.26791,-120.10065,0.333,0.0048,LL,0.0000
0603420,37.35962,-120.61498,0.333,0.0048,LL,0.0000
0603480,38.93890,-121.12234,0.333,0.0048,LL,0.0000
0603600,34.28033,-117.86614,0.333,0.0048,LL,0.0000
0603630,35.42251,-118.88478,0.333,0.0048,LL,0.0000
0603690,34.08966,-117.96872,0.333,0.0048,LL,0.0000
0603840,33.90881,-116.76110,0.333,0.0048,LL,0.0000
0604110,34.05159,-117.98639,0.333,0.0048,LL,0.0000
0604200,37.69121,-122.39143,0.333,0.0048,LL,0.0000
0604260,35.47572,-119.06933,0.333,0.0048,LL,0.0000
0604290,33.94805,-117.01462,0.333,0.0048,LL,0.0000
0604380,38.38602,-122.70967,0.333,0.0048,LL,0.0000
0604440,33.87892,-118.12276,0.333,0.0048,LL,0.0000
0604530,37.53259,-122.24494,0.333,0.0048,LL,0.0000
0604620,38.09271,-122.13811,0.333,0.0048,LL,0.0000
0604650,38.38710,-122.63492,0.333,0.0048,LL,0.0000
0604740,37.86567,-122.29872,0.333,0.0048,LL,0.0000
0604800,37.39928,-121.84803,0.333,0.0048,LL,0.0000
0604830,34.07923,-118.40244,0.333,0.0048,LL,0.0000
0605040,39.45758,-121.75985,0.333,0.0048,LL,0.0000
0605220,40.51848,-121.75728,0.333,0.0048,LL,0.0000
0605240,38.91277,-120.63485,0.333,0.0048,LL,0.0000
0605580,34.94396,-120.44785,0.333,0.0048,LL,0.0000
0605610,34.14164,-117.78206,0.333,0.0048,LL,0.0000
0605880,33.92911,-117.84669,0.333,0.0048,LL,0.0000
0605910,37.90148,-121.74327,0.333,0.0048,LL,0.0000
0606030,34.35875,-119.13315,0.333,0.0048,LL,0.0000
0606060,37.67575,-122.38330,0.333,0.0048,LL,0.0000
0606090,39.17323,-121.80567,0.333,0.0048,LL,0.0000
0606270,38.64629,-120.97437,0.333,0.0048,LL,0.0000
0606360,33.87009,-118.00182,0.333,0.0048,LL,0.0000
0606390,35.33589,-119.12563,0.333,0.0048,LL,0.0000
0606420,36.17095,-119.43453,0.333,0.0048,LL,0.0000
0606450,34.19008,-118.32640,0.333,0.0048,LL,0.0000
0606480,37.58660,-122.36609,0.333,0.0048,LL,0.0000
0606570,36.08160,-119.07495,0.333,0.0048,LL,0.0000
0606720,35.41653,-119.52330,0.333,0.0048,LL,0.0000
0606750,37.85166,-121.66114,0.333,0.0048,LL,0.0000
0606780,37.43722,-122.43752,0.333,0.0048,LL,0.0000
0606900,32.68859,-115.51748,0.333,0.0048,LL,0.0000
0606990,33.28193,-115.56056,0.333,0.0048,LL,0.0000
0607140,37.27023,-121.93247,0.333,0.0048,LL,0.0000
0607200,37.28971,-121.95575,0.333,0.0048,LL,0.0000
0607440,33.50693,-117.62784,0.333,0.0048,LL,0.0000
0607470,33.03603,-117.29423,0.333,0.0048,LL,0.0000
0607500,33.13179,-117.32441,0.333,0.0048,LL,0.0000
0607680,40.45688,-122.30350,0.333,0.0048,LL,0.0000
0607800,37.71967,-122.04635,0.333,0.0048,LL,0.0000
0607950,34.11206,-117.59596,0.333,0.0048,LL,0.0000
0607970,36.77154,-119.92971,0.333,0.0048,LL,0.0000
0607980,36.17910,-119.84412,0.333,0.0048,LL,0.0000
0608070,33.84115,-118.01360,0.333,0.0048,LL,0.0000
0608130,37.55973,-121.02241,0.333,0.0048,LL,0.0000
0608190,34.10147,-117.85713,0.333,0.0048,LL,0.0000
0608250,37.47101,-120.96271,0.333,0.0048,LL,0.0000
0608370,39.81359,-121.77891,0.333,0.0048,LL,0.0000
0608460,33.96973,-117.69552,0.333,0.0048,LL,0.0000
0608520,37.10547,-120.19745,0.333,0.0048,LL,0.0000
0608580,36.58974,-121.47464,0.333,0.0048,LL,0.0000
0608610,32.62372,-116.96687,0.333,0.0048,LL,0.0000
0608760,34.19427,-117.71293,0.333,0.0048,LL,0.0000
0609030,36.88109,-119.62245,0.333,0.0048,LL,0.0000
0609070,33.55849,-115.84145,0.333,0.0048,LL,0.0000
0609300,39.11183,-120.87797,0.333,0.0048,LL,0.0000
0609390,34.04243,-117.32896,0.333,0.0048,LL,0.0000
0609450,40.61029,-122.30364,0.333,0.0048,LL,0.0000
0609480,38.04668,-120.40404,0.333,0.0048,LL,0.0000
0609570,39.23697,-121.99154,0.333,0.0048,LL,0.0000
0609620,33.89185,-118.23092,0.333,0.0048,LL,0.0000
0609690,35.98159,-119.61679,0.333,0.0048,LL,0.0000
0609780,39.92675,-122.24329,0.333,0.0048,LL,0.0000
0609850,33.84470,-117.53790,0.333,0.0048,LL,0.0000
0609870,32.67372,-117.16850,0.333,0.0048,LL,0.0000
0609940,38.33926,-122.70712,0.333,0.0048,LL,0.0000
0609990,40.38504,-122.48470,0.333,0.0048,LL,0.0000
0610050,34.08006,-117.88711,0.333,0.0048,LL,0.0000
0610260,34.00537,-118.39399,0.333,0.0048,LL,0.0000
0610290,37.31211,-122.07369,0.333,0.0048,LL,0.0000
0610350,36.61562,-118.69757,0.333,0.0048,LL,0.0000
0610380,40.74303,-124.12507,0.333,0.0048,LL,0.0000
0610440,33.82228,-118.04314,0.333,0.0048,LL,0.0000
0610740,32.95296,-117.25324,0.333,0.0048,LL,0.0000
0610770,41.74990,-123.98100,0.333,0.0048,LL,0.0000
0610890,35.70056,-119.06717,0.333,0.0048,LL,0.0000
0611040,37.53963,-120.66869,0.333,0.0048,LL,0.0000
0611110,33.81973,-116.11218,0.333,0.0048,LL,0.0000
0611220,38.02846,-122.52927,0.333,0.0048,LL,0.0000
0611280,38.40187,-121.79529,0.333,0.0048,LL,0.0000
0611460,33.93616,-118.13470,0.333,0.0048,LL,0.0000
0611490,38.74312,-121.33691,0.333,0.0048,LL,0.0000
0611520,34.16654,-117.95630,0.333,0.0048,LL,0.0000
0611730,39.60471,-121.79529,0.333,0.0048,LL,0.0000
0611760,35.87367,-119.28155,0.333,0.0048,LL,0.0000
0611850,33.95443,-118.00915,0.333,0.0048,LL,0.0000
0611910,34.74064,-117.89953,0.333,0.0048,LL,0.0000
0611940,35.33766,-118.81520,0.333,0.0048,LL,0.0000
0612030,32.79702,-115.56254,0.333,0.0048,LL,0.0000
0612090,34.08331,-118.02905,0.333,0.0048,LL,0.0000
0612180,33.98753,-118.09205,0.333,0.0048,LL,0.0000
0612210,33.91037,-118.42508,0.333,0.0048,LL,0.0000
0612330,38.44128,-121.27112,0.333,0.0048,LL,0.0000
0612600,38.73921,-121.48066,0.333,0.0048,LL,0.0000
0612690,37.64650,-120.86981,0.333,0.0048,LL,0.0000
0612750,33.05967,-117.28221,0.333,0.0048,LL,0.0000
0612810,40.56644,-122.34048,0.333,0.0048,LL,0.0000
0612840,37.88554,-121.02415,0.333,0.0048,LL,0.0000
0612880,33.13264,-117.08876,0.333,0.0048,LL,0.0000
0612930,38.83062,-122.12604,0.333,0.0048,LL,0.0000
0612960,34.15639,-117.51694,0.333,0.0048,LL,0.0000
0613080,38.73782,-121.18753,0.333,0.0048,LL,0.0000
0613140,37.29427,-121.75685,0.333,0.0048,LL,0.0000
0613170,40.27326,-122.59124,0.333,0.0048,LL,0.0000
0613290,35.33706,-118.93395,0.333,0.0048,LL,0.0000
0613360,38.20730,-122.02967,0.333,0.0048,LL,0.0000
0613500,33.38024,-117.39010,0.333,0.0048,LL,0.0000
0613800,34.53336,-118.90963,0.333,0.0048,LL,0.0000
0613840,36.84832,-120.43991,0.333,0.0048,LL,0.0000
0613890,38.61748,-121.18460,0.333,0.0048,LL,0.0000
0613920,34.10234,-117.45846,0.333,0.0048,LL,0.0000
0614010,38.48683,-122.90562,0.333,0.0048,LL,0.0000
0614070,39.53347,-123.68337,0.333,0.0048,LL,0.0000
0614220,33.69573,-117.96008,0.333,0.0048,LL,0.0000
0614250,36.64009,-119.68726,0.333,0.0048,LL,0.0000
0614340,39.11953,-121.70815,0.333,0.0048,LL,0.0000
0614400,37.49446,-121.94115,0.333,0.0048,LL,0.0000
0614520,40.78999,-124.04849,0.333,0.0048,LL,0.0000
0614550,36.77454,-119.78266,0.333,0.0048,LL,0.0000
0614700,35.38160,-119.08671,0.333,0.0048,LL,0.0000
0614730,33.88269,-117.93072,0.333,0.0048,LL,0.0000
0614790,38.25512,-121.31276,0.333,0.0048,LL,0.0000
0614880,33.76647,-117.95655,0.333,0.0048,LL,0.0000
0614940,34.05877,-118.09643,0.333,0.0048,LL,0.0000
0615180,37.05361,-121.44914,0.333,0.0048,LL,0.0000
0615240,34.20383,-118.25177,0.333,0.0048,LL,0.0000
0615270,34.16327,-117.84306,0.333,0.0048,LL,0.0000
0615390,38.67886,-120.71705,0.333,0.0048,LL,0.0000
0615450,38.77597,-120.92687,0.333,0.0048,LL,0.0000
0615510,34.45342,-119.88604,0.333,0.0048,LL,0.0000
0615780,39.21381,-121.05310,0.333,0.0048,LL,0.0000
0615840,38.35942,-122.78410,0.333,0.0048,LL,0.0000
0616050,35.27137,-118.99671,0.333,0.0048,LL,0.0000
0616080,36.18433,-121.34378,0.333,0.0048,LL,0.0000
0616300,34.07292,-117.56044,0.333,0.0048,LL,0.0000
0616323,37.19504,-121.02167,0.333,0.0048,LL,0.0000
0616325,34.01322,-117.96439,0.333,0.0048,LL,0.0000
0616470,36.33093,-119.65050,0.333,0.0048,LL,0.0000
0616570,40.45722,-122.42183,0.333,0.0048,LL,0.0000
0616620,38.38193,-122.99351,0.333,0.0048,LL,0.0000
0616680,33.91589,-118.34527,0.333,0.0048,LL,0.0000
0616830,32.73284,-115.51157,0.333,0.0048,LL,0.0000
0616860,34.76068,-117.35010,0.333,0.0048,LL,0.0000
0616920,33.60557,-116.78186,0.333,0.0048,LL,0.0000
0617040,33.86982,-118.40530,0.333,0.0048,LL,0.0000
0617190,37.55698,-122.35827,0.333,0.0048,LL,0.0000
0617220,37.34566,-120.86354,0.333,0.0048,LL,0.0000
0617340,36.83263,-121.39398,0.333,0.0048,LL,0.0000
0617430,32.88227,-115.20727,0.333,0.0048,LL,0.0000
0617490,34.41983,-119.76643,0.333,0.0048,LL,0.0000
0617850,34.14532,-119.21657,0.333,0.0048,LL,0.0000
0618030,33.67386,-118.02556,0.333,0.0048,LL,0.0000
0618210,32.82861,-115.80962,0.333,0.0048,LL,0.0000
0618390,33.96121,-118.34590,0.333,0.0048,LL,0.0000
0618660,40.82875,-124.03006,0.333,0.0048,LL,0.0000
0618690,37.84753,-120.48656,0.333,0.0048,LL,0.0000
0618730,32.69434,-116.77551,0.333,0.0048,LL,0.0000
0618840,37.62571,-121.43779,0.333,0.0048,LL,0.0000
0618870,37.69021,-122.49627,0.333,0.0048,LL,0.0000
0619140,33.04702,-116.45907,0.333,0.0048,LL,0.0000
0619260,34.00226,-117.47333,0.333,0.0048,LL,0.0000
0619380,37.95715,-122.60121,0.333,0.0048,LL,0.0000
0619440,34.49151,-117.87318,0.333,0.0048,LL,0.0000
0619490,36.72381,-120.09198,0.333,0.0048,LL,0.0000
0619590,35.62288,-118.47883,0.333,0.0048,LL,0.0000
0619620,37.54729,-120.90714,0.333,0.0048,LL,0.0000
0619680,36.24202,-121.12267,0.333,0.0048,LL,0.0000
0619700,36.73719,-119.03465,0.333,0.0048,LL,0.0000
0619740,36.50112,-119.47131,0.333,0.0048,LL,0.0000
0619770,36.40237,-119.62001,0.333,0.0048,LL,0.0000
0619800,36.49500,-119.58751,0.333,0.0048,LL,0.0000
0620040,37.96517,-121.61230,0.333,0.0048,LL,0.0000
0620130,34.34652,-118.07942,0.333,0.0048,LL,0.0000
0620190,33.92696,-117.94336,0.333,0.0048,LL,0.0000
0620250,32.74876,-116.99583,0.333,0.0048,LL,0.0000
0620310,37.89701,-122.11429,0.333,0.0048,LL,0.0000
0620370,33.54698,-117.80338,0.333,0.0048,LL,0.0000
0620460,37.59783,-122.51286,0.333,0.0048,LL,0.0000
0620640,38.87058,-120.02665,0.333,0.0048,LL,0.0000
0620670,39.05732,-122.96851,0.333,0.0048,LL,0.0000
0620730,35.19004,-119.19169,0.333,0.0048,LL,0.0000
0620760,36.23286,-119.60923,0.333,0.0048,LL,0.0000
0620790,32.90719,-116.88175,0.333,0.0048,LL,0.0000
0620850,35.28247,-118.91266,0.333,0.0048,LL,0.0000
0620880,34.74077,-118.12195,0.333,0.0048,LL,0.0000
0620910,37.92414,-122.49937,0.333,0.0048,LL,0.0000
0621000,34.12111,-118.73917,0.333,0.0048,LL,0.0000
0621090,40.19430,-121.85649,0.333,0.0048,LL,0.0000
0621150,36.45786,-119.71921,0.333,0.0048,LL,0.0000
0621210,33.88925,-118.34609,0.333,0.0048,LL,0.0000
0621240,37.21596,-120.20163,0.333,0.0048,LL,0.0000
0621330,32.73508,-117.03673,0.333,0.0048,LL,0.0000
0621360,36.32039,-119.79239,0.333,0.0048,LL,0.0000
0621420,33.93903,-118.35759,0.333,0.0048,LL,0.0000
0621450,35.50397,-119.21554,0.333,0.0048,LL,0.0000
0621540,38.28263,-122.70952,0.333,0.0048,LL,0.0000
0621690,37.99957,-121.36220,0.333,0.0048,LL,0.0000
0621810,38.05492,-121.05183,0.333,0.0048,LL,0.0000
0621870,36.20825,-119.09182,0.333,0.0048,LL,0.0000
0621930,33.93444,-118.08253,0.333,0.0048,LL,0.0000
0621990,36.95460,-121.97553,0.333,0.0048,LL,0.0000
0622050,39.25974,-121.77633,0.333,0.0048,LL,0.0000
0622110,37.63968,-121.66336,0.333,0.0048,LL,0.0000
0622170,37.35680,-120.74654,0.333,0.0048,LL,0.0000
0622230,38.12055,-121.29952,0.333,0.0048,LL,0.0000
0622350,37.09373,-121.86242,0.333,0.0048,LL,0.0000
0622410,34.60665,-120.49553,0.333,0.0048,LL,0.0000
0622500,33.36734,-118.48071,0.333,0.0048,LL,0.0000
0622560,38.83084,-121.16178,0.333,0.0048,LL,0.0000
0622590,33.75924,-118.08010,0.333,0.0048,LL,0.0000
0622650,37.35678,-122.12914,0.333,0.0048,LL,0.0000
0622710,33.95146,-118.27602,0.333,0.0048,LL,0.0000
0622740,37.01361,-120.94659,0.333,0.0048,LL,0.0000
0622830,37.18883,-121.93799,0.333,0.0048,LL,0.0000
0622860,39.98864,-121.91494,0.333,0.0048,LL,0.0000
0622890,33.96255,-118.06801,0.333,0.0048,LL,0.0000
0623010,33.94838,-117.96050,0.333,0.0048,LL,0.0000
0623040,39.09078,-122.78505,0.333,0.0048,LL,0.0000
0623080,35.10336,-120.43290,0.333,0.0048,LL,0.0000
0623160,33.92376,-118.20043,0.333,0.0048,LL,0.0000
0623340,36.94192,-120.12386,0.333,0.0048,LL,0.0000
0623430,33.82266,-117.97532,0.333,0.0048,LL,0.0000
0623610,37.80829,-121.24167,0.333,0.0048,LL,0.0000
0623800,38.89527,-121.50835,0.333,0.0048,LL,0.0000
0623940,37.57434,-119.91172,0.333,0.0048,LL,0.0000
0624000,38.51861,-122.74874,0.333,0.0048,LL,0.0000
0624030,37.97768,-122.14972,0.333,0.0048,LL,0.0000
0624090,39.34672,-121.35234,0.333,0.0048,LL,0.0000
0624180,32.71219,-115.68246,0.333,0.0048,LL,0.0000
0624230,35.62290,-119.11620,0.333,0.0048,LL,0.0000
0624360,37.25109,-120.63064,0.333,0.0048,LL,0.0000
0624500,37.43765,-121.71668,0.333,0.0048,LL,0.0000
0624540,33.66597,-117.17302,0.333,0.0048,LL,0.0000
0624570,37.45588,-122.18335,0.333,0.0048,LL,0.0000
0624600,37.36801,-120.44219,0.333,0.0048,LL,0.0000
0624720,34.27659,-119.08335,0.333,0.0048,LL,0.0000
0624750,38.77379,-122.60716,0.333,0.0048,LL,0.0000
0624870,37.87906,-122.56853,0.333,0.0048,LL,0.0000
0624900,37.61930,-122.36457,0.333,0.0048,LL,0.0000
0625130,37.63029,-121.00439,0.333,0.0048,LL,0.0000
0625190,41.55126,-120.60332,0.333,0.0048,LL,0.0000
0625320,34.16646,-118.00279,0.333,0.0048,LL,0.0000
0625350,36.51891,-119.33109,0.333,0.0048,LL,0.0000
0625470,34.00780,-118.12940,0.333,0.0048,LL,0.0000
0625500,34.41685,-119.64031,0.333,0.0048,LL,0.0000
0625530,36.61320,-121.81123,0.333,0.0048,LL,0.0000
0625690,34.30823,-118.86584,0.333,0.0048,LL,0.0000
0625740,37.83197,-122.10592,0.333,0.0048,LL,0.0000
0625800,33.93367,-117.21566,0.333,0.0048,LL,0.0000
0625830,37.19646,-121.63093,0.333,0.0048,LL,0.0000
0625860,34.21512,-116.17692,0.333,0.0048,LL,0.0000
0625980,38.63253,-120.84402,0.333,0.0048,LL,0.0000
0626100,32.75033,-116.39144,0.333,0.0048,LL,0.0000
0626190,34.05677,-118.02151,0.333,0.0048,LL,0.0000
0626220,34.01473,-117.58588,0.333,0.0048,LL,0.0000
0626280,37.41403,-122.07068,0.333,0.0048,LL,0.0000
0626370,37.95704,-121.97668,0.333,0.0048,LL,0.0000
0626400,37.35020,-121.78395,0.333,0.0048,LL,0.0000
0626640,38.33819,-122.27630,0.333,0.0048,LL,0.0000
0626670,32.66979,-117.09773,0.333,0.0048,LL,0.0000
0626820,39.28383,-120.88871,0.333,0.0048,LL,0.0000
0626910,37.59427,-122.06012,0.333,0.0048,LL,0.0000
0627030,37.65148,-121.31031,0.333,0.0048,LL,0.0000
0627060,37.50425,-122.03191,0.333,0.0048,LL,0.0000
0627120,38.87558,-121.14475,0.333,0.0048,LL,0.0000
0627180,34.36913,-118.58001,0.333,0.0048,LL,0.0000
0627200,37.32601,-121.19366,0.333,0.0048,LL,0.0000
0627240,33.60718,-117.89916,0.333,0.0048,LL,0.0000
0627450,35.43117,-119.11705,0.333,0.0048,LL,0.0000
0627480,36.92517,-121.37093,0.333,0.0048,LL,0.0000
0627590,36.78093,-121.72013,0.333,0.0048,LL,0.0000
0627690,33.90411,-118.04435,0.333,0.0048,LL,0.0000
0627720,38.09858,-122.52545,0.333,0.0048,LL,0.0000
0627780,33.81602,-117.11152,0.333,0.0048,LL,0.0000
0627810,37.24825,-121.79211,0.333,0.0048,LL,0.0000
0627840,38.44263,-122.85313,0.333,0.0048,LL,0.0000
0627900,36.23265,-119.41188,0.333,0.0048,LL,0.0000
0627930,38.25054,-121.14357,0.333,0.0048,LL,0.0000
0628080,38.02962,-121.65394,0.333,0.0048,LL,0.0000
0628140,33.71839,-118.01780,0.333,0.0048,LL,0.0000
0628170,34.09180,-119.04142,0.333,0.0048,LL,0.0000
0628250,33.23681,-117.37823,0.333,0.0048,LL,0.0000
0628320,38.19988,-122.51241,0.333,0.0048,LL,0.0000
0628470,34.06194,-117.65747,0.333,0.0048,LL,0.0000
0628650,33.78282,-117.69754,0.333,0.0048,LL,0.0000
0628710,34.82178,-120.45897,0.333,0.0048,LL,0.0000
0628860,37.89005,-122.19480,0.333,0.0048,LL,0.0000
0629100,39.55675,-121.33920,0.333,0.0048,LL,0.0000
0629220,34.21070,-119.23291,0.333,0.0048,LL,0.0000
0629370,36.61081,-121.93285,0.333,0.0048,LL,0.0000
0629400,36.61246,-119.75947,0.333,0.0048,LL,0.0000
0629430,40.89175,-124.11128,0.333,0.0048,LL,0.0000
0629490,36.94307,-121.82830,0.333,0.0048,LL,0.0000
0629550,33.80686,-116.46844,0.333,0.0048,LL,0.0000
0629580,34.57893,-118.08316,0.333,0.0048,LL,0.0000
0629610,37.41052,-122.15156,0.333,0.0048,LL,0.0000
0629640,33.76366,-114.72517,0.333,0.0048,LL,0.0000
0629670,36.11236,-119.38513,0.333,0.0048,LL,0.0000
0629700,33.75407,-118.40098,0.333,0.0048,LL,0.0000
0629820,39.96554,-121.53369,0.333,0.0048,LL,0.0000
0629850,33.89202,-118.16110,0.333,0.0048,LL,0.0000
0629910,36.61715,-119.52772,0.333,0.0048,LL,0.0000
0629940,34.19625,-118.09459,0.333,0.0048,LL,0.0000
0630030,37.49754,-121.34257,0.333,0.0048,LL,0.0000
0630180,33.77370,-117.29371,0.333,0.0048,LL,0.0000
0630210,33.77370,-117.29371,0.333,0.0048,LL,0.0000
0630230,38.25677,-122.61727,0.333,0.0048,LL,0.0000
0630250,38.19883,-122.63429,0.333,0.0048,LL,0.0000
0630360,38.98175,-122.04760,0.333,0.0048,LL,0.0000
0630510,36.36048,-119.69935,0.333,0.0048,LL,0.0000
0630600,38.00279,-121.88937,0.333,0.0048,LL,0.0000
0630630,35.97151,-119.33091,0.333,0.0048,LL,0.0000
0630660,33.88370,-117.80298,0.333,0.0048,LL,0.0000
0630720,39.00915,-120.99486,0.333,0.0048,LL,0.0000
0630780,38.77767,-120.75449,0.333,0.0048,LL,0.0000
0630840,37.31807,-120.27163,0.333,0.0048,LL,0.0000
0630930,39.06254,-121.10772,0.333,0.0048,LL,0.0000
0630990,34.21356,-119.00601,0.333,0.0048,LL,0.0000
0631290,38.69933,-120.28405,0.333,0.0048,LL,0.0000
0631320,34.04837,-117.77584,0.333,0.0048,LL,0.0000
0631470,37.36519,-122.23272,0.333,0.0048,LL,0.0000
0631530,32.98264,-117.05919,0.333,0.0048,LL,0.0000
0631680,36.58357,-119.96097,0.333,0.0048,LL,0.0000
0631710,33.03164,-116.83658,0.333,0.0048,LL,0.0000
0631980,40.14840,-122.31041,0.333,0.0048,LL,0.0000
0632040,40.55364,-122.40153,0.333,0.0048,LL,0.0000
0632070,34.08529,-117.07631,0.333,0.0048,LL,0.0000
0632130,37.48594,-122.23259,0.333,0.0048,LL,0.0000
0632160,37.88677,-122.46262,0.333,0.0048,LL,0.0000
0632270,35.91801,-119.98776,0.333,0.0048,LL,0.0000
0632310,38.71944,-121.01795,0.333,0.0048,LL,0.0000
0632370,34.23977,-117.49934,0.333,0.0048,LL,0.0000
0632400,39.97347,-122.15767,0.333,0.0048,LL,0.0000
0632430,35.82911,-119.14039,0.333,0.0048,LL,0.0000
0632550,37.97303,-122.33100,0.333,0.0048,LL,0.0000
0632610,34.24040,-117.14195,0.333,0.0048,LL,0.0000
0632640,38.49062,-122.63231,0.333,0.0048,LL,0.0000
0632710,35.38139,-119.27195,0.333,0.0048,LL,0.0000
0632760,34.22325,-119.14114,0.333,0.0048,LL,0.0000
0632880,37.77890,-121.13419,0.333,0.0048,LL,0.0000
0633110,38.21505,-121.67580,0.333,0.0048,LL,0.0000
0633150,33.92331,-117.37784,0.333,0.0048,LL,0.0000
0633240,38.65510,-121.44731,0.333,0.0048,LL,0.0000
0633270,36.05496,-119.11636,0.333,0.0048,LL,0.0000
0633390,33.74434,-117.15814,0.333,0.0048,LL,0.0000
0633480,35.39617,-119.15993,0.333,0.0048,LL,0.0000
0633570,34.07901,-118.07314,0.333,0.0048,LL,0.0000
0633600,38.78352,-121.33566,0.333,0.0048,LL,0.0000
0633660,37.96262,-122.56831,0.333,0.0048,LL,0.0000
0633750,33.99095,-117.89343,0.333,0.0048,LL,0.0000
0633840,38.52661,-121.45451,0.333,0.0048,LL,0.0000
0633860,33.64343,-117.58541,0.333,0.0048,LL,0.0000
0633900,37.69962,-121.12305,0.333,0.0048,LL,0.0000
0633930,36.67968,-121.64719,0.333,0.0048,LL,0.0000
0634170,34.19885,-117.32917,0.333,0.0048,LL,0.0000
0634230,37.62641,-122.38576,0.333,0.0048,LL,0.0000
0634290,37.50105,-122.26643,0.333,0.0048,LL,0.0000
0634320,32.77379,-117.18779,0.333,0.0048,LL,0.0000
0634425,34.10021,-118.09518,0.333,0.0048,LL,0.0000
0634440,33.83891,-117.00077,0.333,0.0048,LL,0.0000
0634590,37.26239,-121.86585,0.333,0.0048,LL,0.0000
0634680,37.70808,-122.19721,0.333,0.0048,LL,0.0000
0634740,37.14087,-122.11528,0.333,0.0048,LL,0.0000
0634800,35.26117,-120.77961,0.333,0.0048,LL,0.0000
0634860,34.12320,-118.11026,0.333,0.0048,LL,0.0000
0634880,33.14371,-117.17971,0.333,0.0048,LL,0.0000
0634920,37.54632,-122.30079,0.333,0.0048,LL,0.0000
0635040,33.09163,-116.98386,0.333,0.0048,LL,0.0000
0635070,33.05700,-114.86322,0.333,0.0048,LL,0.0000
0635130,37.80467,-121.93653,0.333,0.0048,LL,0.0000
0635220,32.57444,-116.97905,0.333,0.0048,LL,0.0000
0635250,36.75972,-119.51593,0.333,0.0048,LL,0.0000
0635310,33.72115,-117.87545,0.333,0.0048,LL,0.0000
0635430,37.40169,-121.97339,0.333,0.0048,LL,0.0000
0635600,37.07959,-122.17449,0.333,0.0048,LL,0.0000
0635700,34.03273,-118.72955,0.333,0.0048,LL,0.0000
0635790,36.75104,-121.59177,0.333,0.0048,LL,0.0000
0635810,38.45477,-122.72067,0.333,0.0048,LL,0.0000
0635830,38.45711,-122.66343,0.333,0.0048,LL,0.0000
0635880,32.85737,-116.99819,0.333,0.0048,LL,0.0000
0635910,37.25164,-122.05506,0.333,0.0048,LL,0.0000
0635970,34.51328,-118.47826,0.333,0.0048,LL,0.0000
0636030,33.81440,-118.00665,0.333,0.0048,LL,0.0000
0636210,32.77815,-115.66683,0.333,0.0048,LL,0.0000
0636270,36.56479,-119.62651,0.333,0.0048,LL,0.0000
0636360,36.36127,-119.05126,0.333,0.0048,LL,0.0000
0636420,40.44721,-120.21400,0.333,0.0048,LL,0.0000
0636800,35.56036,-117.77395,0.333,0.0048,LL,0.0000
0636820,35.16454,-116.53106,0.333,0.0048,LL,0.0000
0636840,34.28788,-118.73203,0.333,0.0048,LL,0.0000
0636970,34.39979,-117.59913,0.333,0.0048,LL,0.0000
0636990,32.99081,-117.23532,0.333,0.0048,LL,0.0000
0637050,36.40132,-121.32857,0.333,0.0048,LL,0.0000
0637200,38.29082,-122.47032,0.333,0.0048,LL,0.0000
0637230,37.95530,-120.36328,0.333,0.0048,LL,0.0000
0637290,37.00139,-121.95206,0.333,0.0048,LL,0.0000
0637320,37.99020,-120.27034,0.333,0.0048,LL,0.0000
0637380,32.56734,-117.09917,0.333,0.0048,LL,0.0000
0637500,34.10897,-118.15662,0.333,0.0048,LL,0.0000
0637530,37.65510,-122.37623,0.333,0.0048,LL,0.0000
0637560,33.93332,-118.04528,0.333,0.0048,LL,0.0000
0637620,34.88915,-118.33747,0.333,0.0048,LL,0.0000
0637650,36.77556,-121.34584,0.333,0.0048,LL,0.0000
0637770,36.17278,-118.49209,0.333,0.0048,LL,0.0000
0637830,38.59549,-122.31996,0.333,0.0048,LL,0.0000
0637950,37.71857,-121.03231,0.333,0.0048,LL,0.0000
0638010,37.95539,-121.27026,0.333,0.0048,LL,0.0000
0638220,34.42177,-118.40014,0.333,0.0048,LL,0.0000
0638250,38.04065,-119.83727,0.333,0.0048,LL,0.0000
0638340,36.21801,-119.24979,0.333,0.0048,LL,0.0000
0638460,37.38974,-122.02476,0.333,0.0048,LL,0.0000
0638550,40.53640,-120.73704,0.333,0.0048,LL,0.0000
0638670,37.69795,-120.95423,0.333,0.0048,LL,0.0000
0638700,35.16112,-119.40535,0.333,0.0048,LL,0.0000
0638770,39.27947,-120.24637,0.333,0.0048,LL,0.0000
0638980,34.10804,-118.06509,0.333,0.0048,LL,0.0000
0639060,35.95972,-119.03079,0.333,0.0048,LL,0.0000
0639180,39.53411,-121.61535,0.333,0.0048,LL,0.0000
0639300,36.04771,-119.31364,0.333,0.0048,LL,0.0000
0639420,33.83096,-118.35676,0.333,0.0048,LL,0.0000
0639630,38.28222,-121.92471,0.333,0.0048,LL,0.0000
0639870,36.17271,-119.31154,0.333,0.0048,LL,0.0000
0639940,41.76730,-121.33884,0.333,0.0048,LL,0.0000
0640150,33.74214,-117.80002,0.333,0.0048,LL,0.0000
0640200,38.23969,-119.98251,0.333,0.0048,LL,0.0000
0640230,38.36452,-122.84793,0.333,0.0048,LL,0.0000
0640300,39.11073,-123.19537,0.333,0.0048,LL,0.0000
0640320,37.24147,-121.91986,0.333,0.0048,LL,0.0000
0640380,39.20264,-121.02249,0.333,0.0048,LL,0.0000
0640590,38.38967,-121.98836,0.333,0.0048,LL,0.0000
0640650,34.03447,-118.06012,0.333,0.0048,LL,0.0000
0640680,38.30363,-120.28392,0.333,0.0048,LL,0.0000
0641040,34.52308,-117.31199,0.333,0.0048,LL,0.0000
0641130,35.20145,-118.90533,0.333,0.0048,LL,0.0000
0641160,36.36851,-119.31289,0.333,0.0048,LL,0.0000
0641190,33.20364,-117.23897,0.333,0.0048,LL,0.0000
0641250,37.88915,-122.05443,0.333,0.0048,LL,0.0000
0641280,33.99956,-117.82629,0.333,0.0048,LL,0.0000
0641400,35.59028,-119.38047,0.333,0.0048,LL,0.0000
0641580,38.55884,-121.56642,0.333,0.0048,LL,0.0000
0641610,36.54627,-121.70095,0.333,0.0048,LL,0.0000
0641790,38.28852,-122.63638,0.333,0.0048,LL,0.0000
0641820,36.14193,-119.49640,0.333,0.0048,LL,0.0000
0641880,37.26585,-120.41857,0.333,0.0048,LL,0.0000
0642000,34.06055,-117.92351,0.333,0.0048,LL,0.0000
0642120,34.71881,-118.36837,0.333,0.0048,LL,0.0000
0642140,38.93614,-121.30329,0.333,0.0048,LL,0.0000
0642150,33.75557,-118.00771,0.333,0.0048,LL,0.0000
0642330,39.10610,-121.36818,0.333,0.0048,LL,0.0000
0642450,34.00204,-118.04584,0.333,0.0048,LL,0.0000
0642540,39.13466,-122.26169,0.333,0.0048,LL,0.0000
0642710,39.51639,-122.22002,0.333,0.0048,LL,0.0000
0642810,34.62714,-117.76418,0.333,0.0048,LL,0.0000
0642960,37.40401,-120.61738,0.333,0.0048,LL,0.0000
0643080,38.72019,-121.77105,0.333,0.0048,LL,0.0000
0643140,37.42329,-122.27961,0.333,0.0048,LL,0.0000
0643170,36.09114,-119.19245,0.333,0.0048,LL,0.0000
0643200,38.42229,-122.76302,0.333,0.0048,LL,0.0000
0643470,39.03422,-121.66331,0.333,0.0048,LL,0.0000
0643560,34.05118,-117.01309,0.333,0.0048,LL,0.0000
0684500,33.67746,-117.76513,0.333,0.0048,LL,0.0000
0691134,36.55577,-120.25725,0.333,0.0048,LL,0.0000
0691135,33.84314,-117.25886,0.333,0.0048,LL,0.0000
0900060,41.34425,-73.06983,1.000,0.5819,HH,0.0000
0900120,41.78716,-72.85205,1.000,0.5819,HH,0.0000
0900270,41.36978,-73.38950,1.000,0.5819,HH,0.0000
0900330,41.84377,-72.74100,1.000,0.5819,HH,0.0000
0900420,41.27995,-72.78595,1.000,0.5819,HH,0.0000
0900450,41.18739,-73.19576,1.000,0.5819,HH,0.0000
0900510,41.68158,-72.94075,1.000,0.5819,HH,0.0000
0900540,41.47040,-73.39476,1.000,0.5819,HH,0.0000
0900570,41.78724,-71.95740,1.000,0.5819,HH,0.0000
0900690,41.85873,-72.91086,1.000,0.5819,HH,0.0000
0900750,41.51183,-72.90362,1.000,0.5819,HH,0.0000
0900810,41.29513,-72.53004,1.000,0.5819,HH,0.0000
0900840,41.55727,-72.34425,1.000,0.5819,HH,0.0000
0900960,41.78021,-72.34376,1.000,0.5819,HH,0.0000
0900990,41.61640,-72.66155,1.000,0.5819,HH,0.0000
0901020,41.39874,-73.47810,1.000,0.5819,HH,0.0000
0901110,41.32612,-73.08257,1.000,0.5819,HH,0.0000
0901170,41.92972,-72.74538,1.000,0.5819,HH,0.0000
0901200,41.47666,-72.39212,1.000,0.5819,HH,0.0000
0901230,41.56774,-72.50954,1.000,0.5819,HH,0.0000
0901260,41.76070,-72.60765,1.000,0.5819,HH,0.0000
0901320,41.35607,-72.22984,1.000,0.5819,HH,0.0000
0901350,41.90401,-72.56447,1.000,0.5819,HH,0.0000
0901440,41.91415,-72.44557,1.000,0.5819,HH,0.0000
0901470,41.98399,-72.55555,1.000,0.5819,HH,0.0000
0901530,41.17594,-73.27205,1.000,0.5819,HH,0.0000
0901560,41.72977,-72.84203,1.000,0.5819,HH,0.0000
0901680,41.97148,-72.83016,1.000,0.5819,HH,0.0000
0901710,41.04537,-73.63402,1.000,0.5819,HH,0.0000
0901740,41.58477,-71.92109,1.000,0.5819,HH,0.0000
0901770,41.34772,-72.03134,1.000,0.5819,HH,0.0000
0901800,41.33903,-72.70609,1.000,0.5819,HH,0.0000
0901860,41.39733,-72.92223,1.000,0.5819,HH,0.0000
0902070,41.82990,-71.84910,1.000,0.5819,HH,0.0000
0902130,41.63296,-72.24009,1.000,0.5819,HH,0.0000
0902160,41.43113,-72.02030,1.000,0.5819,HH,0.0000
0902310,41.77524,-72.52443,1.000,0.5819,HH,0.0000
0902400,41.53678,-72.79454,1.000,0.5819,HH,0.0000
0902490,41.54861,-72.65678,1.000,0.5819,HH,0.0000
0902520,41.22509,-73.06111,1.000,0.5819,HH,0.0000
0902550,41.33924,-73.22283,1.000,0.5819,HH,0.0000
0902580,41.46390,-72.15557,1.000,0.5819,HH,0.0000
0902640,41.48778,-73.05155,1.000,0.5819,HH,0.0000
0902670,41.67655,-72.78616,1.000,0.5819,HH,0.0000
0902700,41.16039,-73.50011,1.000,0.5819,HH,0.0000
0902730,41.48032,-73.48686,1.000,0.5819,HH,0.0000
0902790,41.31081,-72.92495,1.000,0.5819,HH,0.0000
0902820,41.33296,-72.09618,1.000,0.5819,HH,0.0000
0902850,41.60127,-73.42281,1.000,0.5819,HH,0.0000
0902880,41.68699,-72.73084,1.000,0.5819,HH,0.0000
0902910,41.39950,-73.29398,1.000,0.5819,HH,0.0000
0902970,41.36225,-72.78346,1.000,0.5819,HH,0.0000
0903030,41.38147,-72.85637,1.000,0.5819,HH,0.0000
0903240,41.44403,-73.14823,1.000,0.5819,HH,0.0000
0903270,41.69361,-71.90078,1.000,0.5819,HH,0.0000
0903300,41.67399,-72.85443,1.000,0.5819,HH,0.0000
0903330,41.66639,-73.02652,1.000,0.5819,HH,0.0000
0903360,41.86804,-71.97226,1.000,0.5819,HH,0.0000
0903390,41.59883,-72.58907,1.000,0.5819,HH,0.0000
0903520,41.74557,-73.00908,1.000,0.5819,HH,0.0000
0903530,41.59673,-73.31267,1.000,0.5819,HH,0.0000
0903535,41.48146,-72.70381,1.000,0.5819,HH,0.0000
0903536,41.57891,-73.21329,1.000,0.5819,HH,0.0000
0903537,41.49195,-73.19383,1.000,0.5819,HH,0.0000
0903538,41.50843,-72.97095,1.000,0.5819,HH,0.0000
0903539,41.42454,-72.55945,1.000,0.5819,HH,0.0000
0903540,41.36239,-72.32375,1.000,0.5819,HH,0.0000
0903810,41.31767,-73.49984,1.000,0.5819,HH,0.0000
0903840,41.65662,-72.66178,1.000,0.5819,HH,0.0000
0903990,41.38547,-73.08364,1.000,0.5819,HH,0.0000
0904050,41.30458,-73.13922,1.000,0.5819,HH,0.0000
0904110,41.87253,-72.82844,1.000,0.5819,HH,0.0000
0904140,41.99263,-72.45373,1.000,0.5819,HH,0.0000
0904170,41.83809,-72.57784,1.000,0.5819,HH,0.0000
0904230,41.60716,-72.87876,1.000,0.5819,HH,0.0000
0904290,41.98388,-72.30757,1.000,0.5819,HH,0.0000
0904320,41.07961,-73.54608,1.000,0.5819,HH,0.0000
0904380,41.36351,-71.91137,1.000,0.5819,HH,0.0000
0904440,41.20569,-73.12799,1.000,0.5819,HH,0.0000
0904470,41.99991,-72.67875,1.000,0.5819,HH,0.0000
0904500,41.66494,-73.09632,1.000,0.5819,HH,0.0000
0904530,41.99029,-71.86702,1.000,0.5819,HH,0.0000
0904560,41.88302,-72.35887,1.000,0.5819,HH,0.0000
0904590,41.83407,-73.13141,1.000,0.5819,HH,0.0000
0904620,41.27289,-73.21190,1.000,0.5819,HH,0.0000
0904680,41.83756,-72.45904,1.000,0.5819,HH,0.0000
0904740,41.45866,-72.80452,1.000,0.5819,HH,0.0000
0904830,41.55850,-73.03668,1.000,0.5819,HH,0.0000
0904860,41.35169,-72.14683,1.000,0.5819,HH,0.0000
0904890,41.61725,-73.11436,1.000,0.5819,HH,0.0000
0904920,41.76657,-72.75494,1.000,0.5819,HH,0.0000
0904950,41.27212,-72.96750,1.000,0.5819,HH,0.0000
0905010,41.22741,-73.36706,1.000,0.5819,HH,0.0000
0905040,41.12083,-73.34346,1.000,0.5819,HH,0.0000
0905070,41.70248,-72.66930,1.000,0.5819,HH,0.0000
0905130,41.21128,-73.44098,1.000,0.5819,HH,0.0000
0905190,41.71447,-72.16867,1.000,0.5819,HH,0.0000
0905250,41.92779,-72.65162,1.000,0.5819,HH,0.0000
0905280,41.59503,-72.96851,1.000,0.5819,HH,0.0000
1000080,39.45464,-75.68962,1.000,0.5819,HH,0.0000
1000170,38.77774,-75.17889,1.000,0.5819,HH,0.0000
1000180,39.09959,-75.48891,1.000,0.5819,HH,0.0000
1000190,39.18527,-75.50463,1.000,0.5819,HH,0.0000
1000270,38.48387,-75.56387,1.000,0.5819,HH,0.0000
1000680,38.57963,-75.25345,1.000,0.5819,HH,0.0000
1000790,38.96624,-75.60175,1.000,0.5819,HH,0.0000
1000810,38.54764,-75.53819,1.000,0.5819,HH,0.0000
1001080,38.94325,-75.36257,1.000,0.5819,HH,0.0000
1001240,39.79311,-75.50684,1.000,0.5819,HH,0.0000
1001300,39.76500,-75.64094,1.000,0.5819,HH,0.0000
1001530,38.64356,-75.61473,1.000,0.5819,HH,0.0000
1001620,39.29449,-75.58232,1.000,0.5819,HH,0.0000
1001850,38.78417,-75.60124,1.000,0.5819,HH,0.0000
1100030,38.90424,-77.01652,1.000,0.5819,HH,0.0000
1300001,33.03448,-85.02836,1.000,0.5819,HH,0.0000
1300120,33.76291,-84.42267,1.000,0.5819,HH,0.0000
1300240,34.35192,-83.49844,1.000,0.5819,HH,0.0000
1300290,33.99201,-83.71230,1.000,0.5819,HH,0.0000
1300330,34.24336,-84.84525,1.000,0.5819,HH,0.0000
1300420,32.80899,-83.69406,1.000,0.5819,HH,0.0000
1300510,33.71076,-85.15190,1.000,0.5819,HH,0.0000
1300540,30.82293,-83.58191,1.000,0.5819,HH,0.0000
1300600,34.11856,-83.98861,1.000,0.5819,HH,0.0000
1300630,32.39448,-81.74144,1.000,0.5819,HH,0.0000
1300840,33.61869,-85.07385,1.000,0.5819,HH,0.0000
1300870,33.58218,-85.08253,1.000,0.5819,HH,0.0000
1300900,34.16458,-84.80170,1.000,0.5819,HH,0.0000
1300930,34.90021,-85.13939,1.000,0.5819,HH,0.0000
1301020,31.98040,-81.08518,1.000,0.5819,HH,0.0000
1301110,34.24432,-84.47506,1.000,0.5819,HH,0.0000
1301140,34.87747,-85.28835,1.000,0.5819,HH,0.0000
1301170,33.95219,-83.36715,1.000,0.5819,HH,0.0000
1301230,33.54269,-84.35557,1.000,0.5819,HH,0.0000
1301290,33.91036,-84.56330,1.000,0.5819,HH,0.0000
1301350,31.54925,-82.84494,1.000,0.5819,HH,0.0000
1301380,31.18971,-83.76987,1.000,0.5819,HH,0.0000
1301410,33.55207,-82.24961,1.000,0.5819,HH,0.0000
1301440,34.21430,-83.47571,1.000,0.5819,HH,0.0000
1301500,33.35290,-84.76214,1.000,0.5819,HH,0.0000
1301620,34.76790,-84.97281,1.000,0.5819,HH,0.0000
1301680,33.77107,-84.29578,1.000,0.5819,HH,0.0000
1301710,30.88064,-84.58389,1.000,0.5819,HH,0.0000
1301740,33.77159,-84.22200,1.000,0.5819,HH,0.0000
1301770,32.16437,-83.16787,1.000,0.5819,HH,0.0000
1301830,31.53259,-84.20904,1.000,0.5819,HH,0.0000
1301860,33.70124,-84.76731,1.000,0.5819,HH,0.0000
1301870,32.53759,-82.92829,1.000,0.5819,HH,0.0000
1301890,32.46094,-82.91117,1.000,0.5819,HH,0.0000
1302010,34.11641,-82.84191,1.000,0.5819,HH,0.0000
1302130,33.41272,-84.49394,1.000,0.5819,HH,0.0000
1302190,34.33458,-85.23241,1.000,0.5819,HH,0.0000
1302220,34.22514,-84.12741,1.000,0.5819,HH,0.0000
1302280,33.58862,-84.56834,1.000,0.5819,HH,0.0000
1302310,34.29010,-83.82911,1.000,0.5819,HH,0.0000
1302400,31.21271,-81.49645,1.000,0.5819,HH,0.0000
1302460,30.87590,-84.24496,1.000,0.5819,HH,0.0000
1302520,33.26235,-84.28490,1.000,0.5819,HH,0.0000
1302550,33.95524,-84.02459,1.000,0.5819,HH,0.0000
1302580,34.63439,-83.52587,1.000,0.5819,HH,0.0000
1302610,34.40731,-83.73995,1.000,0.5819,HH,0.0000
1302730,34.34873,-82.96329,1.000,0.5819,HH,0.0000
1302820,33.45295,-84.15402,1.000,0.5819,HH,0.0000
1302880,32.45815,-83.66231,1.000,0.5819,HH,0.0000
1302940,34.13091,-83.56256,1.000,0.5819,HH,0.0000
1303030,34.13624,-83.60216,1.000,0.5819,HH,0.0000
1303060,33.05818,-82.42000,1.000,0.5819,HH,0.0000
1303270,31.81842,-84.14668,1.000,0.5819,HH,0.0000
1303390,30.72227,-83.36250,1.000,0.5819,HH,0.0000
1303420,34.56814,-83.99893,1.000,0.5819,HH,0.0000
1303510,33.95356,-84.54246,1.000,0.5819,HH,0.0000
1303630,33.02927,-84.66706,1.000,0.5819,HH,0.0000
1303690,31.22900,-84.19204,1.000,0.5819,HH,0.0000
1303780,33.59865,-83.49942,1.000,0.5819,HH,0.0000
1303870,32.52669,-84.91087,1.000,0.5819,HH,0.0000
1303930,33.55275,-83.85136,1.000,0.5819,HH,0.0000
1304050,32.57156,-83.83155,1.000,0.5819,HH,0.0000
1304380,33.36149,-82.07500,1.000,0.5819,HH,0.0000
1304410,33.65208,-84.02637,1.000,0.5819,HH,0.0000
1304440,34.26613,-85.18605,1.000,0.5819,HH,0.0000
1304500,32.74475,-81.61758,1.000,0.5819,HH,0.0000
1304540,33.64614,-83.71278,1.000,0.5819,HH,0.0000
1304620,32.04227,-84.20429,1.000,0.5819,HH,0.0000
1304860,31.77719,-84.43945,1.000,0.5819,HH,0.0000
1304890,30.86462,-83.91982,1.000,0.5819,HH,0.0000
1304950,30.83942,-83.97878,1.000,0.5819,HH,0.0000
1304980,31.45700,-83.52593,1.000,0.5819,HH,0.0000
1305040,32.11775,-82.33060,1.000,0.5819,HH,0.0000
1305070,34.90253,-83.73226,1.000,0.5819,HH,0.0000
1305250,34.83333,-83.98926,1.000,0.5819,HH,0.0000
1305310,30.85013,-83.27883,1.000,0.5819,HH,0.0000
1305340,32.21208,-82.40219,1.000,0.5819,HH,0.0000
1305370,34.73580,-85.30546,1.000,0.5819,HH,0.0000
1305390,33.78669,-83.73344,1.000,0.5819,HH,0.0000
1305430,31.05088,-82.42151,1.000,0.5819,HH,0.0000
1305550,31.54784,-81.91238,1.000,0.5819,HH,0.0000
1305700,34.80749,-84.96636,1.000,0.5819,HH,0.0000
1305760,33.77903,-82.74792,1.000,0.5819,HH,0.0000
1305850,31.55177,-83.84996,1.000,0.5819,HH,0.0000
1600001,48.40118,-116.89654,0.333,0.0048,LL,0.0000
1600002,48.24272,-116.41557,0.333,0.0048,LL,0.0000
1600030,43.04167,-112.84031,0.333,0.0048,LL,0.0000
1600060,42.79782,-112.93884,0.333,0.0048,LL,0.0000
1600139,45.89580,-115.35661,0.333,0.0048,LL,0.0000
1600270,43.14314,-112.21793,0.333,0.0048,LL,0.0000
1600300,43.39419,-113.95537,0.333,0.0048,LL,0.0000
1600360,43.28046,-116.02383,0.333,0.0048,LL,0.0000
1600420,48.77313,-116.52467,0.333,0.0048,LL,0.0000
1600480,42.68742,-114.87996,0.333,0.0048,LL,0.0000
1600510,43.65713,-116.69231,0.333,0.0048,LL,0.0000
1600600,43.59885,-116.70311,0.333,0.0048,LL,0.0000
1600660,42.28231,-113.62633,0.333,0.0048,LL,0.0000
1600780,47.67596,-116.69586,0.333,0.0048,LL,0.0000
1600810,46.05910,-116.37097,0.333,0.0048,LL,0.0000
1600930,43.43055,-111.78291,0.333,0.0048,LL,0.0000
1600960,42.16422,-111.76038,0.333,0.0048,LL,0.0000
1601020,44.04119,-116.36061,0.333,0.0048,LL,0.0000
1601050,42.25031,-114.53467,0.333,0.0048,LL,0.0000
1601110,44.21412,-111.46557,0.333,0.0048,LL,0.0000
1601140,43.92154,-116.91437,0.333,0.0048,LL,0.0000
1601230,43.04177,-115.31396,0.333,0.0048,LL,0.0000
1601260,43.04563,-114.71577,0.333,0.0048,LL,0.0000
1601380,42.80483,-114.86802,0.333,0.0048,LL,0.0000
1601470,43.59962,-116.94835,0.333,0.0048,LL,0.0000
1601530,43.52324,-112.27264,0.333,0.0048,LL,0.0000
1601570,43.70210,-112.18314,0.333,0.0048,LL,0.0000
1601590,42.74339,-114.40374,0.333,0.0048,LL,0.0000
1601710,42.39117,-114.35698,0.333,0.0048,LL,0.0000
1601770,43.39146,-116.35176,0.333,0.0048,LL,0.0000
1601800,47.88248,-116.73919,0.333,0.0048,LL,0.0000
1601830,46.23562,-116.78799,0.333,0.0048,LL,0.0000
1601860,46.32949,-116.93658,0.333,0.0048,LL,0.0000
1601950,42.56107,-112.14159,0.333,0.0048,LL,0.0000
1601980,43.39958,-116.89948,0.333,0.0048,LL,0.0000
1602100,43.54874,-116.30674,0.333,0.0048,LL,0.0000
1602130,43.75304,-116.62332,0.333,0.0048,LL,0.0000
1602190,42.82599,-113.66310,0.333,0.0048,LL,0.0000
1602220,46.76379,-116.95479,0.333,0.0048,LL,0.0000
1602250,43.21154,-115.71802,0.333,0.0048,LL,0.0000
1602340,43.53382,-116.59817,0.333,0.0048,LL,0.0000
1602370,43.95271,-116.72677,0.333,0.0048,LL,0.0000
1602490,42.18390,-112.52045,0.333,0.0048,LL,0.0000
1602520,46.66139,-115.57164,0.333,0.0048,LL,0.0000
1602550,43.77185,-116.94635,0.333,0.0048,LL,0.0000
1602580,44.10477,-116.72247,0.333,0.0048,LL,0.0000
1602640,42.91631,-112.39255,0.333,0.0048,LL,0.0000
1602670,47.69770,-116.95666,0.333,0.0048,LL,0.0000
1602850,45.11982,-114.23882,0.333,0.0048,LL,0.0000
1602910,43.39802,-112.21647,0.333,0.0048,LL,0.0000
1602940,42.96650,-114.36021,0.333,0.0048,LL,0.0000
1602970,43.31657,-112.63093,0.333,0.0048,LL,0.0000
1603000,42.82446,-111.40218,0.333,0.0048,LL,0.0000
1603060,47.22731,-116.53514,0.333,0.0048,LL,0.0000
1603180,43.76099,-111.21177,0.333,0.0048,LL,0.0000
1603240,42.51747,-114.47575,0.333,0.0048,LL,0.0000
1603330,44.39691,-116.93904,0.333,0.0048,LL,0.0000
1603480,43.68000,-116.91340,0.333,0.0048,LL,0.0000
1700014,37.55265,-88.96317,1.000,0.5819,HH,0.0000
1700330,40.18703,-88.02873,1.000,0.5819,HH,0.0000
1701403,39.46116,-89.80018,1.000,0.5819,HH,0.0000
1701416,40.66067,-87.64979,1.000,0.5819,HH,0.0000
1703150,41.93016,-88.00146,1.000,0.5819,HH,0.0000
1703510,39.02317,-88.73900,1.000,0.5819,HH,0.0000
1703750,37.45216,-89.17228,1.000,0.5819,HH,0.0000
1704050,41.78008,-87.81527,1.000,0.5819,HH,0.0000
1704140,42.09239,-87.98167,1.000,0.5819,HH,0.0000
1704380,41.82330,-89.24140,1.000,0.5819,HH,0.0000
1704470,39.95057,-89.68549,1.000,0.5819,HH,0.0000
1705310,40.00821,-90.38118,1.000,0.5025,HH,0.0000
1705466,41.32715,-88.69854,1.000,0.5819,HH,0.0000
1707770,39.04755,-89.95609,1.000,0.5819,HH,0.0000
1707950,40.56231,-90.46085,1.000,0.5025,HH,0.0000
1708130,41.66031,-87.65777,1.000,0.5819,HH,0.0000
1708500,38.09015,-88.12388,1.000,0.5819,HH,0.0000
1709850,40.14351,-89.28017,1.000,0.5819,HH,0.0000
1710570,37.56907,-89.29001,1.000,0.5819,HH,0.0000
1710790,38.09380,-88.56422,1.000,0.5819,HH,0.0000
1713290,38.70527,-88.09854,1.000,0.5819,HH,0.0000
1713320,38.61620,-90.10549,1.000,0.5819,HH,0.0000
1713500,38.41948,-88.06854,1.000,0.5819,HH,0.0000
1715100,40.97323,-89.04452,1.000,0.5819,HH,0.0000
1715900,42.29719,-89.62393,1.000,0.5819,HH,0.0000
1716680,39.14611,-89.82666,1.000,0.5819,HH,0.0000
1719200,39.14012,-89.46107,1.000,0.5819,HH,0.0000
1720170,40.78206,-87.72632,1.000,0.5819,HH,0.0000
1720550,37.81258,-88.84131,1.000,0.5819,HH,0.0000
1722300,38.60916,-89.76672,1.000,0.5819,HH,0.0000
1722530,42.40790,-89.83875,1.000,0.5819,HH,0.0000
1722980,40.14882,-89.36858,1.000,0.5819,HH,0.0000
1725050,39.50537,-88.37163,1.000,0.5819,HH,0.0000
1725110,41.88385,-87.84463,1.000,0.5819,HH,0.0000
1726310,41.47902,-88.30636,1.000,0.5819,HH,0.0000
1726710,41.83386,-89.96332,1.000,0.5819,HH,0.0000
1727300,39.96207,-90.75031,1.000,0.2645,HH,0.0000
1730630,39.36786,-89.07941,1.000,0.5819,HH,0.0000
1730660,39.36752,-89.58825,1.000,0.5819,HH,0.0000
1731710,39.55448,-90.77662,1.000,0.2645,HH,0.0000
1731770,41.68069,-88.53623,1.000,0.5819,HH,0.0000
1733090,39.14714,-89.13122,1.000,0.5819,HH,0.0000
1734260,41.92554,-89.10165,1.000,0.5819,HH,0.0000
1734740,42.02911,-88.08951,1.000,0.5819,HH,0.0000
1734870,40.36698,-87.62261,1.000,0.5819,HH,0.0000
1735160,38.63371,-88.90892,1.000,0.5819,HH,0.0000
1735770,38.63096,-88.99690,1.000,0.5819,HH,0.0000
1736750,41.60160,-87.61454,1.000,0.5819,HH,0.0000
1737650,37.99083,-89.67945,1.000,0.5025,HH,0.0000
1737980,42.30624,-90.04435,1.000,0.5819,HH,0.0000
1738130,39.57511,-88.57755,1.000,0.5819,HH,0.0000
1740260,37.40473,-88.84671,1.000,0.5819,HH,0.0000
1740320,39.84856,-88.15802,1.000,0.5819,HH,0.0000
1740470,38.43239,-87.86526,1.000,0.5819,HH,0.0000
1740740,42.46286,-90.04136,1.000,0.5819,HH,0.0000
1740890,40.28275,-91.35332,0.333,-0.0096,LH,0.0000
1742240,39.44927,-90.43902,1.000,0.5025,HH,0.0000
1742310,41.83321,-89.73798,1.000,0.5819,HH,0.0000
1743330,42.33043,-88.45329,1.000,0.5819,HH,0.0000
1800008,39.02628,-87.06481,1.000,0.5819,HH,0.0000
1800030,41.00634,-85.27188,1.000,0.5819,HH,0.0000
1800060,40.75283,-84.92917,1.000,0.5819,HH,0.0000
1800118,39.82561,-87.18081,1.000,0.5819,HH,0.0000
1800120,40.26670,-85.65843,1.000,0.5819,HH,0.0000
1800150,40.12768,-85.64887,1.000,0.5819,HH,0.0000
1800180,41.22165,-86.24580,1.000,0.5819,HH,0.0000
1800210,40.27021,-87.21948,1.000,0.5819,HH,0.0000
1800212,38.49813,-85.84952,1.000,0.5819,HH,0.0000
1800213,38.39951,-85.77427,1.000,0.5819,HH,0.0000
1800240,39.08423,-85.02889,1.000,0.5819,HH,0.0000
1800270,39.76071,-86.39415,1.000,0.5819,HH,0.0000
1800330,38.63511,-86.98998,1.000,0.5819,HH,0.0000
1800360,39.16574,-85.90276,1.000,0.5819,HH,0.0000
1800390,39.31857,-85.22777,1.000,0.5819,HH,0.0000
1800420,41.64154,-86.02862,1.000,0.5819,HH,0.0000
1800450,39.71581,-86.08665,1.000,0.5819,HH,0.0000
1800480,40.55550,-87.29407,1.000,0.5819,HH,0.0000
1800570,40.47267,-85.32373,1.000,0.5819,HH,0.0000
1800600,39.02698,-86.89301,1.000,0.5819,HH,0.0000
1800630,39.14032,-86.50035,1.000,0.5819,HH,0.0000
1800660,40.00724,-85.31817,1.000,0.5819,HH,0.0000
1800690,38.33675,-86.14944,1.000,0.5819,HH,0.0000
1800720,40.69508,-85.14686,1.000,0.5819,HH,0.0000
1800750,41.31072,-87.15154,1.000,0.5819,HH,0.0000
1800840,39.43816,-87.09938,1.000,0.5819,HH,0.0000
1800900,41.42830,-86.13018,1.000,0.5819,HH,0.0000
1800960,39.19511,-86.23012,1.000,0.5819,HH,0.0000
1801020,39.86138,-86.38130,1.000,0.5819,HH,0.0000
1801050,38.90198,-86.11767,1.000,0.5819,HH,0.0000
1801060,39.81355,-85.54414,1.000,0.5819,HH,0.0000
1801200,39.96548,-86.14837,1.000,0.5819,HH,0.0000
1801290,40.53968,-86.46322,1.000,0.5819,HH,0.0000
1801410,40.92045,-86.28974,1.000,0.5819,HH,0.0000
1801440,39.57630,-86.19443,1.000,0.5819,HH,0.0000
1801560,39.79792,-84.99880,1.000,0.5819,HH,0.0000
1801590,41.41786,-85.07099,1.000,0.5819,HH,0.0000
1801710,41.35790,-85.44988,1.000,0.5819,HH,0.0000
1801740,38.10380,-86.62772,1.000,0.5819,HH,0.0000
1801770,40.21459,-85.00856,1.000,0.5819,HH,0.0000
1801890,39.58380,-86.03060,1.000,0.5819,HH,0.0000
1801920,38.29895,-85.76236,1.000,0.5819,HH,0.0000
1802040,40.52073,-86.20568,1.000,0.5819,HH,0.0000
1802130,40.30523,-86.35371,1.000,0.5819,HH,0.0000
1802160,40.26356,-86.60489,1.000,0.5819,HH,0.0000
1802190,41.45597,-86.80081,1.000,0.5819,HH,0.0000
1802220,39.46573,-86.80376,1.000,0.5819,HH,0.0000
1802280,41.13793,-85.47165,1.000,0.5819,HH,0.0000
1802400,41.64327,-85.93408,1.000,0.5819,HH,0.0000
1802430,40.09035,-87.38262,1.000,0.5819,HH,0.0000
1802440,38.28943,-86.44087,1.000,0.5819,HH,0.0000
1802460,40.03171,-86.91548,1.000,0.5819,HH,0.0000
1802490,41.39212,-87.32357,1.000,0.5819,HH,0.0000
1802520,41.17506,-86.45980,1.000,0.5819,HH,0.0000
1802550,39.77516,-86.56888,1.000,0.5819,HH,0.0000
1802610,39.20571,-85.58937,1.000,0.5819,HH,0.0000
1802640,39.67866,-86.27545,1.000,0.5819,HH,0.0000
1802660,40.31198,-85.32513,1.000,0.5819,HH,0.0000
1802700,40.60166,-86.60597,1.000,0.5819,HH,0.0000
1802800,41.58774,-87.03915,1.000,0.5819,HH,0.0000
1802830,39.99663,-86.29123,1.000,0.5819,HH,0.0000
1802850,41.08492,-84.93980,1.000,0.5819,HH,0.0000
1802880,41.64813,-87.45288,1.000,0.5819,HH,0.0000
1802910,41.57673,-87.25288,1.000,0.5819,HH,0.0000
1802940,38.29584,-87.40463,1.000,0.5819,HH,0.0000
1802970,41.41771,-85.27625,1.000,0.5819,HH,0.0000
1803000,38.53876,-85.99434,1.000,0.5819,HH,0.0000
1803030,40.53195,-85.51781,1.000,0.5819,HH,0.0000
1803060,41.37838,-84.87919,1.000,0.5819,HH,0.0000
1803090,39.03719,-86.75285,1.000,0.5819,HH,0.0000
1803120,39.82690,-85.65943,1.000,0.5819,HH,0.0000
1803150,40.49078,-85.93249,1.000,0.5819,HH,0.0000
1803180,40.21332,-84.85546,1.000,0.5819,HH,0.0000
1803210,39.54153,-85.69731,1.000,0.5819,HH,0.0000
1803240,39.39242,-85.97704,1.000,0.5819,HH,0.0000
1803270,41.72210,-85.93041,1.000,0.5819,HH,0.0000
1803300,40.27560,-85.83181,1.000,0.5819,HH,0.0000
1803450,38.02007,-87.58617,1.000,0.5819,HH,0.0000
1803480,41.50138,-85.72912,1.000,0.5819,HH,0.0000
1803510,39.63965,-85.18503,1.000,0.5819,HH,0.0000
1803570,39.30045,-85.78978,1.000,0.5819,HH,0.0000
1803630,41.06789,-85.14186,1.000,0.5819,HH,0.0000
1803660,40.30441,-86.51052,1.000,0.5819,HH,0.0000
1803690,39.48183,-86.09988,1.000,0.5819,HH,0.0000
1803700,39.42897,-85.03145,1.000,0.5819,HH,0.0000
1803720,38.23373,-86.00754,1.000,0.5819,HH,0.0000
1803750,39.67733,-86.01079,1.000,0.5819,HH,0.0000
1803780,41.73272,-84.94649,1.000,0.5819,HH,0.0000
1803810,40.63483,-86.88571,1.000,0.5819,HH,0.0000
1803840,41.32543,-85.13573,1.000,0.5819,HH,0.0000
1803870,41.59589,-87.34170,1.000,0.5819,HH,0.0000
1803930,41.56586,-85.83196,1.000,0.5819,HH,0.0000
1803940,38.47707,-85.62010,1.000,0.5819,HH,0.0000
1803960,38.41654,-86.98714,1.000,0.5819,HH,0.0000
1803990,39.65747,-86.91947,1.000,0.5819,HH,0.0000
1804050,39.84861,-85.76049,1.000,0.5819,HH,0.0000
1804080,39.31767,-85.46701,1.000,0.5819,HH,0.0000
1804110,39.61677,-86.11393,1.000,0.5819,HH,0.0000
1804140,39.56435,-86.49413,1.000,0.5819,HH,0.0000
1804170,41.53213,-87.42927,1.000,0.5819,HH,0.0000
1804260,40.15428,-85.99113,1.000,0.5819,HH,0.0000
1804320,41.61874,-87.49495,1.000,0.5819,HH,0.0000
1804350,41.39110,-87.47873,1.000,0.5819,HH,0.0000
1804470,40.43548,-86.25311,1.000,0.5819,HH,0.0000
1804500,40.29660,-85.50881,1.000,0.5819,HH,0.0000
1804560,41.54662,-87.45762,1.000,0.5819,HH,0.0000
1804590,41.52890,-87.26877,1.000,0.5819,HH,0.0000
1804620,41.56105,-87.27672,1.000,0.5819,HH,0.0000
1804710,40.82639,-85.47860,1.000,0.5819,HH,0.0000
1804770,39.79310,-86.13609,1.000,0.5819,HH,0.0000
1804800,39.17007,-85.30406,1.000,0.5819,HH,0.0000
1804980,40.43496,-85.00233,1.000,0.5819,HH,0.0000
1805190,38.99623,-85.62810,1.000,0.5819,HH,0.0000
1805280,41.16632,-87.11335,1.000,0.5819,HH,0.0000
1805340,41.27753,-86.59570,1.000,0.5819,HH,0.0000
1805370,40.48335,-86.13639,1.000,0.5819,HH,0.0000
1805400,40.41089,-86.86335,1.000,0.5819,HH,0.0000
1805450,41.47812,-87.46166,1.000,0.5819,HH,0.0000
1805460,41.55107,-87.38549,1.000,0.5819,HH,0.0000
1805520,41.67103,-85.37498,1.000,0.5819,HH,0.0000
1805550,41.36915,-85.77091,1.000,0.5819,HH,0.0000
1805580,41.55336,-86.67226,1.000,0.5819,HH,0.0000
1805670,39.88036,-86.01047,1.000,0.5819,HH,0.0000
1805700,39.12600,-84.87699,1.000,0.5819,HH,0.0000
1805790,40.02090,-86.43287,1.000,0.5819,HH,0.0000
1805880,40.15611,-85.26708,1.000,0.5819,HH,0.0000
1805910,39.03909,-87.18897,1.000,0.5819,HH,0.0000
1806030,40.75373,-86.37776,1.000,0.5819,HH,0.0000
1806060,38.72203,-86.87294,1.000,0.5819,HH,0.0000
1806080,40.33430,-87.34918,1.000,0.5819,HH,0.0000
1806090,40.65891,-86.05215,1.000,0.5819,HH,0.0000
1806120,38.82233,-85.39419,1.000,0.5819,HH,0.0000
1806240,40.38668,-85.71457,1.000,0.5819,HH,0.0000
1806270,40.97940,-85.78893,1.000,0.5819,HH,0.0000
1806390,40.54675,-85.65337,1.000,0.5819,HH,0.0000
1806480,40.14061,-86.23769,1.000,0.5819,HH,0.0000
1806510,39.43856,-86.43968,1.000,0.5819,HH,0.0000
1806570,41.68993,-86.85882,1.000,0.5819,HH,0.0000
1806600,41.67720,-85.76017,1.000,0.5819,HH,0.0000
1806630,39.13056,-85.14840,1.000,0.5819,HH,0.0000
1806660,39.66284,-86.57270,1.000,0.5819,HH,0.0000
1806840,41.66327,-86.16082,1.000,0.5819,HH,0.0000
1806870,40.48348,-85.61718,1.000,0.5819,HH,0.0000
1806900,38.74720,-86.51813,1.000,0.5819,HH,0.0000
1807020,40.11534,-85.38777,1.000,0.5819,HH,0.0000
1807080,40.21413,-85.15551,1.000,0.5819,HH,0.0000
1807110,41.02447,-86.59881,1.000,0.5819,HH,0.0000
1807140,39.58334,-86.32783,1.000,0.5819,HH,0.0000
1807230,40.18189,-85.50816,1.000,0.5819,HH,0.0000
1807260,39.86142,-85.88255,1.000,0.5819,HH,0.0000
1807290,37.94177,-87.90363,1.000,0.5819,HH,0.0000
1807320,40.19153,-85.38601,1.000,0.5819,HH,0.0000
1807350,41.54691,-87.50459,1.000,0.5819,HH,0.0000
1807380,39.92543,-85.12664,1.000,0.5819,HH,0.0000
1807410,38.31808,-85.91185,1.000,0.5819,HH,0.0000
1807440,39.91712,-85.35247,1.000,0.5819,HH,0.0000
1807470,41.55925,-86.87231,1.000,0.5819,HH,0.0000
1807560,41.68321,-86.55475,1.000,0.5819,HH,0.0000
1807620,39.38491,-86.21271,1.000,0.5819,HH,0.0000
1807650,40.05351,-86.02171,1.000,0.5819,HH,0.0000
1807680,40.87157,-84.92626,1.000,0.5819,HH,0.0000
1807710,38.81008,-87.06138,1.000,0.5819,HH,0.0000
1807770,38.40054,-87.57225,1.000,0.5819,HH,0.0000
1807800,41.20598,-86.78286,1.000,0.5819,HH,0.0000
1807830,38.82795,-87.35709,1.000,0.5819,HH,0.0000
1807860,38.88662,-86.47481,1.000,0.5819,HH,0.0000
1807890,40.90266,-86.06516,1.000,0.5819,HH,0.0000
1807900,40.13610,-86.89382,1.000,0.5819,HH,0.0000
1807920,41.04256,-87.40182,1.000,0.5819,HH,0.0000
1807950,38.13545,-87.83091,1.000,0.5819,HH,0.0000
1807980,39.77984,-86.84944,1.000,0.5819,HH,0.0000
1808010,38.07024,-86.95558,1.000,0.5819,HH,0.0000
1808040,40.36930,-86.06420,1.000,0.5819,HH,0.0000
1808070,39.96218,-87.46974,1.000,0.5819,HH,0.0000
1808100,39.87535,-86.55509,1.000,0.5819,HH,0.0000
1808120,38.43804,-86.79581,1.000,0.5819,HH,0.0000
1808130,40.83648,-86.84533,1.000,0.5819,HH,0.0000
1808160,39.22109,-87.29100,1.000,0.5819,HH,0.0000
1808190,39.94912,-84.93207,1.000,0.5819,HH,0.0000
1808220,40.81861,-85.19745,1.000,0.5819,HH,0.0000
1808250,41.19833,-85.22555,1.000,0.5819,HH,0.0000
1808280,39.99710,-85.48827,1.000,0.5819,HH,0.0000
1808310,39.60562,-85.88445,1.000,0.5819,HH,0.0000
1808340,40.57912,-85.80949,1.000,0.5819,HH,0.0000
1808460,41.38639,-86.58310,1.000,0.5819,HH,0.0000
1808490,38.64211,-86.44857,1.000,0.5819,HH,0.0000
1808640,38.48140,-86.40424,1.000,0.5819,HH,0.0000
1808760,41.61516,-86.12827,1.000,0.5819,HH,0.0000
1808820,39.67422,-86.15265,1.000,0.5819,HH,0.0000
1808850,40.78479,-86.04440,1.000,0.5819,HH,0.0000
1808900,38.39796,-87.23255,1.000,0.5819,HH,0.0000
1808910,39.87827,-86.26696,1.000,0.5819,HH,0.0000
1808940,40.83031,-86.49217,1.000,0.5819,HH,0.0000
1808970,39.67583,-86.38318,1.000,0.5819,HH,0.0000
1809000,41.36849,-86.99622,1.000,0.5819,HH,0.0000
1809060,41.32407,-86.32532,1.000,0.5819,HH,0.0000
1809120,41.48204,-86.44031,1.000,0.5819,HH,0.0000
1809150,41.57672,-87.17384,1.000,0.5819,HH,0.0000
1809180,41.38661,-87.13948,1.000,0.5819,HH,0.0000
1809300,41.63530,-85.18676,1.000,0.5819,HH,0.0000
1809360,41.02213,-86.86420,1.000,0.5819,HH,0.0000
1809420,40.95027,-87.13095,1.000,0.5819,HH,0.0000
1809480,39.25922,-86.62987,1.000,0.5819,HH,0.0000
1809510,39.81065,-84.87581,1.000,0.5819,HH,0.0000
1809600,38.94053,-84.96430,1.000,0.5819,HH,0.0000
1809630,41.07777,-86.27135,1.000,0.5819,HH,0.0000
1809690,41.47894,-87.30668,1.000,0.5819,HH,0.0000
1809720,40.41283,-86.57643,1.000,0.5819,HH,0.0000
1809750,39.60759,-85.45395,1.000,0.5819,HH,0.0000
1809810,38.68397,-86.08490,1.000,0.5819,HH,0.0000
1809840,40.10502,-85.50986,1.000,0.5819,HH,0.0000
1809990,38.76231,-85.78115,1.000,0.5819,HH,0.0000
1810020,38.65922,-85.73719,1.000,0.5819,HH,0.0000
1810080,38.95574,-85.92303,1.000,0.5819,HH,0.0000
1810110,39.18264,-87.18720,1.000,0.5819,HH,0.0000
1810140,39.53859,-85.77041,1.000,0.5819,HH,0.0000
1810170,38.69715,-86.76547,1.000,0.5819,HH,0.0000
1810230,41.26876,-85.37056,1.000,0.5819,HH,0.0000
1810260,40.62918,-84.94092,1.000,0.5819,HH,0.0000
1810290,41.66314,-86.31308,1.000,0.5819,HH,0.0000
1810350,38.26026,-87.68612,1.000,0.5819,HH,0.0000
1810360,38.12230,-86.10113,1.000,0.5819,HH,0.0000
1810380,39.81983,-85.34792,1.000,0.5819,HH,0.0000
1810410,38.59042,-87.46241,1.000,0.5819,HH,0.0000
1810440,39.99426,-85.71082,1.000,0.5819,HH,0.0000
1810450,39.94522,-86.89314,1.000,0.5819,HH,0.0000
1810470,40.80657,-87.41078,1.000,0.5819,HH,0.0000
1810500,39.57566,-86.83267,1.000,0.5819,HH,0.0000
1810530,39.01951,-85.29149,1.000,0.5819,HH,0.0000
1810560,37.90322,-87.11801,1.000,0.5819,HH,0.0000
1810590,39.72026,-87.45124,1.000,0.5819,HH,0.0000
1810620,40.09149,-87.19371,1.000,0.5819,HH,0.0000
1810640,38.28405,-86.80698,1.000,0.5819,HH,0.0000
1810650,39.99835,-85.93942,1.000,0.5819,HH,0.0000
1810680,40.67068,-86.26920,1.000,0.5819,HH,0.0000
1810710,39.73491,-85.85153,1.000,0.5819,HH,0.0000
1810740,40.05761,-84.92097,1.000,0.5819,HH,0.0000
1810770,40.63238,-85.26889,1.000,0.5819,HH,0.0000
1810800,38.70391,-85.51305,1.000,0.5819,HH,0.0000
1810830,39.42947,-85.86527,1.000,0.5819,HH,0.0000
1810860,39.04790,-87.45457,1.000,0.5819,HH,0.0000
1810870,38.27426,-86.98696,1.000,0.5819,HH,0.0000
1810900,39.67862,-87.32935,1.000,0.5819,HH,0.0000
1810920,39.79370,-86.24754,1.000,0.5819,HH,0.0000
1810950,39.29008,-86.84141,1.000,0.5819,HH,0.0000
1810980,38.53522,-86.62023,1.000,0.5819,HH,0.0000
1811100,41.62243,-84.96257,1.000,0.5819,HH,0.0000
1811190,39.25022,-84.96915,1.000,0.5819,HH,0.0000
1811220,38.82585,-85.02968,1.000,0.5819,HH,0.0000
1811250,40.43510,-86.05210,1.000,0.5819,HH,0.0000
1811260,37.96097,-86.71523,1.000,0.5819,HH,0.0000
1811340,40.30476,-86.98494,1.000,0.5819,HH,0.0000
1811370,41.12208,-86.02859,1.000,0.5819,HH,0.0000
1811400,40.27114,-86.04396,1.000,0.5819,HH,0.0000
1811430,40.72770,-87.08260,1.000,0.5819,HH,0.0000
1811460,41.26748,-87.38195,1.000,0.5819,HH,0.0000
1811490,41.28014,-86.09905,1.000,0.5819,HH,0.0000
1811580,40.74565,-86.69235,1.000,0.5819,HH,0.0000
1811610,39.61526,-84.91460,1.000,0.5819,HH,0.0000
1811700,41.47422,-87.17646,1.000,0.5819,HH,0.0000
1811730,40.05526,-85.15522,1.000,0.5819,HH,0.0000
1811910,41.47579,-86.27625,1.000,0.5819,HH,0.0000
1811970,41.47597,-87.07417,1.000,0.5819,HH,0.0000
1812060,38.81215,-85.84387,1.000,0.5819,HH,0.0000
1812090,39.43087,-87.39099,1.000,0.5819,HH,0.0000
1812120,38.67191,-87.51562,1.000,0.5819,HH,0.0000
1812150,40.79821,-85.82520,1.000,0.5819,HH,0.0000
1812180,40.79207,-85.80008,1.000,0.5819,HH,0.0000
1812240,41.48939,-85.97120,1.000,0.5819,HH,0.0000
1812360,39.76930,-86.01008,1.000,0.5819,HH,0.0000
1812390,38.09773,-87.27205,1.000,0.5819,HH,0.0000
1812420,41.22047,-85.86172,1.000,0.5819,HH,0.0000
1812450,38.62406,-87.15499,1.000,0.5819,HH,0.0000
1812720,39.88536,-86.14415,1.000,0.5819,HH,0.0000
1812810,39.76149,-86.27467,1.000,0.5819,HH,0.0000
1812870,40.44323,-86.90695,1.000,0.5819,HH,0.0000
1812880,40.15688,-85.77633,1.000,0.5819,HH,0.0000
1812900,41.43087,-85.56956,1.000,0.5819,HH,0.0000
1812930,38.55581,-86.24089,1.000,0.5819,HH,0.0000
1812990,40.06194,-86.56856,1.000,0.5819,HH,0.0000
1813050,39.77221,-85.12958,1.000,0.5819,HH,0.0000
1813080,40.05008,-86.16705,1.000,0.5819,HH,0.0000
1813110,41.63728,-85.55118,1.000,0.5819,HH,0.0000
1813200,41.67294,-87.48393,1.000,0.5819,HH,0.0000
1813230,41.13254,-85.67997,1.000,0.5819,HH,0.0000
1900006,42.95465,-91.75932,-0.333,0.3438,LL,0.0000
1900009,41.72468,-93.25609,-0.333,1.0002,LL,0.0000
1900021,43.32170,-95.17612,-1.000,3.0053,LL,0.0000
1900022,42.23995,-92.24981,-0.333,0.8126,LL,0.0000
1900024,42.33570,-94.70096,-1.000,3.0053,LL,0.0000
1900025,41.74149,-94.33821,-1.000,3.0053,LL,0.0000
1900026,43.00490,-95.61893,-1.000,3.0053,LL,0.0000
1900027,41.28173,-95.40809,-1.000,3.0053,LL,0.0000
1900040,41.91582,-92.85103,-0.333,0.8126,LL,0.0000
1900060,42.10030,-92.73760,-0.333,0.8126,LL,0.0000
1903060,42.52093,-93.01718,-0.333,0.8126,LL,0.0000
1903150,41.64536,-94.04671,-1.000,3.0053,LL,0.0000
1903220,42.77189,-96.49753,-1.000,3.0053,LL,0.0000
1903270,41.03329,-92.92667,-0.333,0.8126,LL,0.0000
1903300,42.15702,-91.65863,-0.333,-0.0313,LH,0.0000
1903360,43.07655,-94.13782,-1.000,3.0053,LL,0.0000
1903390,43.28487,-91.41948,1.000,-0.0529,HL,0.0000
1903450,42.82927,-92.81993,-0.333,0.8126,LL,0.0000
1903480,42.71264,-95.37736,-1.000,3.0053,LL,0.0000
1903540,42.01205,-93.61662,-1.000,2.6447,LL,0.0000
1903570,42.09872,-91.29291,1.000,0.5025,HH,0.0000
1903690,41.73522,-93.61119,-1.000,2.8250,LL,0.0000
1903750,42.58986,-92.83439,-0.333,0.8126,LL,0.0000
1903930,41.40147,-95.01415,-1.000,3.0053,LL,0.0000
1903960,41.74569,-94.90891,-1.000,3.0053,LL,0.0000
1904080,41.47709,-95.33904,-1.000,3.0053,LL,0.0000
1904200,41.90085,-93.62207,-1.000,2.6447,LL,0.0000
1904380,41.82807,-93.15117,-0.333,0.8126,LL,0.0000
1904440,42.23132,-92.96278,-0.333,0.8126,LL,0.0000
1904560,40.67423,-94.69562,-1.000,3.0053,LL,0.0000
1904620,41.90322,-92.28260,-0.333,0.8126,LL,0.0000
1904650,42.24392,-90.46882,1.000,0.5819,HH,0.0000
1904680,42.89231,-93.60823,-1.000,2.2840,LL,0.0000
1904830,41.96724,-92.04976,-0.333,0.8126,LL,0.0000
1904860,41.55353,-90.50520,1.000,0.5819,HH,0.0000
1904950,41.11706,-92.59578,-0.333,0.8126,LL,0.0000
1905070,41.74789,-93.41177,-0.333,1.1877,LL,0.0000
1905130,42.09087,-93.90999,-1.000,3.0053,LL,0.0000
1905190,43.19801,-96.08666,-1.000,3.0053,LL,0.0000
1905490,41.73233,-92.45272,-0.333,0.8126,LL,0.0000
1905790,40.79803,-91.16060,1.000,0.4232,HH,0.0000
1905940,41.32951,-94.79767,-1.000,3.0053,LL,0.0000
1906060,41.79521,-90.31076,1.000,0.5819,HH,0.0000
1906240,40.94887,-92.24714,-0.333,0.8126,LL,0.0000
1906270,41.47506,-93.46727,-0.333,1.1877,LL,0.0000
1906330,42.05651,-94.88907,-1.000,3.0053,LL,0.0000
1906510,42.53889,-92.48402,-0.333,0.8126,LL,0.0000
1906540,42.01825,-91.72392,-0.333,-0.0313,LH,0.0000
1906660,42.20629,-91.81371,-0.333,0.3438,LL,0.0000
1906750,40.70664,-92.91227,-0.333,0.8126,LL,0.0000
1906780,42.19849,-91.48859,1.000,0.1851,HH,0.0000
1906810,41.84731,-90.53915,1.000,0.5819,HH,0.0000
1906840,42.83045,-91.45238,1.000,0.1851,HH,0.0000
1906900,40.73428,-93.79926,-1.000,2.4644,LL,0.0000
1906930,40.59370,-91.54908,0.333,-0.0096,LH,0.0000
1906960,43.40070,-96.16577,-1.000,3.0053,LL,0.0000
1907050,41.05011,-93.31297,-0.333,1.0002,LL,0.0000
1907080,43.09160,-92.66592,-0.333,0.8126,LL,0.0000
1907170,42.79208,-95.55544,-1.000,3.0053,LL,0.0000
1907350,40.75845,-95.00883,-1.000,3.0053,LL,0.0000
1907380,42.70939,-93.70323,-1.000,2.6447,LL,0.0000
1907590,41.72939,-91.77760,-0.333,0.4376,LL,0.0000
1907620,43.12988,-93.34736,-0.333,1.0939,LL,0.0000
1907710,41.86951,-90.19957,1.000,0.5819,HH,0.0000
1907860,41.88542,-91.71443,-0.333,-0.0313,LH,0.0000
1907900,41.88712,-93.36344,-0.333,1.0939,LL,0.0000
1907980,41.31120,-91.38642,1.000,0.2645,HH,0.0000
1908070,41.86110,-94.63881,-1.000,3.0053,LL,0.0000
1908220,41.32287,-95.86858,-1.000,3.0053,LL,0.0000
1908310,41.05113,-94.44069,-1.000,3.0053,LL,0.0000
1908520,41.69546,-93.92118,-1.000,3.0053,LL,0.0000
1908580,41.54627,-90.69363,1.000,0.5819,HH,0.0000
1908610,40.74623,-92.40443,-0.333,0.8126,LL,0.0000
1908730,43.36633,-91.77294,-0.333,0.4376,LL,0.0000
1908910,42.03340,-95.35777,-1.000,3.0053,LL,0.0000
1908940,42.65226,-92.32090,-0.333,0.8126,LL,0.0000
1909120,42.50610,-92.64278,-0.333,0.8126,LL,0.0000
1909480,42.47595,-90.72641,1.000,0.5819,HH,0.0000
1909540,42.56290,-92.18996,-0.333,0.8126,LL,0.0000
1909600,41.60510,-90.87948,1.000,0.5819,HH,0.0000
1909990,42.63582,-93.93528,-1.000,3.0053,LL,0.0000
1910050,41.46235,-94.13701,-1.000,3.0053,LL,0.0000
1910110,42.45953,-91.71270,-0.333,0.3438,LL,0.0000
1910340,42.53401,-95.71458,-1.000,3.0053,LL,0.0000
1910500,42.65245,-91.32180,1.000,0.3438,HH,0.0000
1910950,43.10077,-94.64664,-1.000,3.0053,LL,0.0000
1910980,41.51291,-92.11967,-0.333,0.8126,LL,0.0000
1911070,43.40678,-94.75816,-1.000,3.0053,LL,0.0000
1911250,41.58367,-94.93574,-1.000,3.0053,LL,0.0000
1911340,41.01265,-91.93097,-0.333,0.3438,LL,0.0000
1911790,43.25917,-93.68578,-1.000,2.2840,LL,0.0000
1911820,42.52308,-94.11915,-1.000,3.0053,LL,0.0000
1911850,40.71796,-91.38596,1.000,0.2645,HH,0.0000
1912120,40.85608,-95.68053,-1.000,3.0053,LL,0.0000
1912330,43.11952,-93.56757,-1.000,2.1037,LL,0.0000
1912480,43.36705,-95.96928,-1.000,3.0053,LL,0.0000
1912510,42.10175,-93.65557,-1.000,2.8250,LL,0.0000
1912660,42.27312,-92.63999,-0.333,0.8126,LL,0.0000
1912690,41.05795,-95.74659,-1.000,3.0053,LL,0.0000
1913110,41.30935,-94.49016,-1.000,3.0053,LL,0.0000
1913200,41.75267,-92.71552,-0.333,0.8126,LL,0.0000
1913290,42.36884,-92.80683,-0.333,0.8126,LL,0.0000
1913320,41.68250,-94.57877,-1.000,3.0053,LL,0.0000
1913350,42.80462,-91.16436,1.000,0.5025,HH,0.0000
1913470,42.75100,-93.11779,-0.333,0.9064,LL,0.0000
1913500,41.69595,-95.37234,-1.000,3.0053,LL,0.0000
1914160,42.63039,-96.30010,-1.000,3.0053,LL,0.0000
1914280,43.36271,-92.18018,-0.333,0.8126,LL,0.0000
1914310,42.31771,-93.37582,-0.333,1.1877,LL,0.0000
1914340,42.39203,-92.44678,-0.333,0.8126,LL,0.0000
1914370,42.76972,-94.14601,-1.000,3.0053,LL,0.0000
1914580,42.43398,-91.89791,-0.333,0.7189,LL,0.0000
1914640,41.35736,-93.56713,-1.000,2.2840,LL,0.0000
1914670,41.21856,-93.77660,-1.000,2.6447,LL,0.0000
1914700,41.64747,-91.56113,1.000,0.1058,HH,0.0000
1914730,42.53111,-93.24902,-0.333,1.0002,LL,0.0000
1914850,41.78647,-92.11992,-0.333,0.8126,LL,0.0000
1915180,42.63544,-92.44326,-0.333,0.8126,LL,0.0000
1915210,42.00445,-94.36280,-1.000,3.0053,LL,0.0000
1915330,42.46177,-92.06052,-0.333,0.8126,LL,0.0000
1915450,41.69973,-93.73431,-1.000,3.0053,LL,0.0000
1915750,42.58691,-95.94852,-1.000,3.0053,LL,0.0000
1915840,41.30470,-93.09579,-0.333,0.8126,LL,0.0000
1916140,43.42278,-95.34836,-1.000,3.0053,LL,0.0000
1916320,40.64547,-93.94844,-1.000,2.6447,LL,0.0000
1916440,42.47519,-96.20687,-1.000,3.0053,LL,0.0000
1916530,42.80504,-96.22698,-1.000,3.0053,LL,0.0000
1916680,41.20918,-95.80378,-1.000,3.0053,LL,0.0000
1917100,41.88084,-91.10910,1.000,0.5819,HH,0.0000
1917220,42.06542,-91.56085,1.000,0.0265,HH,0.0000
1917250,41.89535,-91.35337,1.000,0.5025,HH,0.0000
1917460,41.65210,-95.79003,-1.000,3.0053,LL,0.0000
1917820,41.31299,-91.21770,1.000,0.5819,HH,0.0000
1918030,41.58791,-92.82092,-0.333,0.8126,LL,0.0000
1918120,43.03064,-91.32019,1.000,0.3438,HH,0.0000
1918180,41.87064,-93.80153,-1.000,3.0053,LL,0.0000
1918240,41.02663,-95.50815,-1.000,3.0053,LL,0.0000
1918330,42.53607,-94.41686,-1.000,3.0053,LL,0.0000
1918480,42.23736,-95.84429,-1.000,3.0053,LL,0.0000
1918510,42.13666,-90.74444,1.000,0.5819,HH,0.0000
1918540,42.40946,-91.30072,1.000,0.4232,HH,0.0000
1918690,42.02863,-91.59924,0.333,-0.0096,LH,0.0000
1918720,42.03040,-92.96512,-0.333,0.8126,LL,0.0000
1918780,43.14547,-93.20294,-0.333,0.9064,LL,0.0000
1918840,43.00468,-96.02454,-1.000,3.0053,LL,0.0000
1918930,40.97870,-91.13740,1.000,0.5025,HH,0.0000
1919140,41.46941,-91.77891,-0.333,0.2500,LL,0.0000
1919200,42.03951,-90.94147,1.000,0.5819,HH,0.0000
1919440,41.53199,-95.90906,-1.000,3.0053,LL,0.0000
1919590,41.58911,-92.51497,-0.333,0.8126,LL,0.0000
1919650,42.22492,-91.19553,1.000,0.5819,HH,0.0000
1919710,40.88202,-92.84059,-0.333,0.8126,LL,0.0000
1919890,40.94543,-91.59368,0.333,-0.0168,LH,0.0000
1920040,41.93409,-91.46153,1.000,0.1851,HH,0.0000
1920130,41.45941,-91.05261,1.000,0.5819,HH,0.0000
1920190,42.92962,-92.50657,-0.333,0.8126,LL,0.0000
1920250,42.03054,-93.48826,-0.333,1.2815,LL,0.0000
1920340,43.11823,-92.34296,-0.333,0.8126,LL,0.0000
1920460,40.92296,-91.40521,1.000,0.4232,HH,0.0000
1920580,42.61111,-94.92505,-1.000,3.0053,LL,0.0000
1920610,41.72144,-93.01971,-0.333,0.8126,LL,0.0000
1920760,43.23464,-93.15141,-0.333,0.9064,LL,0.0000
1920830,43.39251,-94.23612,-1.000,3.0053,LL,0.0000
1920850,41.44501,-92.61260,-0.333,0.8126,LL,0.0000
1920910,41.81151,-93.62082,-1.000,2.8250,LL,0.0000
1920940,41.68932,-90.55710,1.000,0.5819,HH,0.0000
1921000,42.14904,-92.46079,-0.333,0.8126,LL,0.0000
1921090,41.93948,-90.37695,1.000,0.5819,HH,0.0000
1921210,43.42315,-93.23417,-0.333,1.0002,LL,0.0000
1921240,41.47191,-93.70038,-1.000,2.8250,LL,0.0000
1921600,42.32002,-95.40975,-1.000,3.0053,LL,0.0000
1921630,42.65057,-91.87205,-0.333,0.7189,LL,0.0000
1921660,42.01548,-94.03784,-1.000,3.0053,LL,0.0000
1921840,43.27688,-92.78153,-0.333,0.8126,LL,0.0000
1921870,41.29433,-92.62643,-0.333,0.8126,LL,0.0000
1922110,41.00608,-92.43364,-0.333,0.8126,LL,0.0000
1922440,41.16993,-92.16960,-0.333,0.8126,LL,0.0000
1922470,41.41838,-92.90314,-0.333,0.8126,LL,0.0000
1923110,41.60115,-90.41470,1.000,0.5819,HH,0.0000
1923160,41.39097,-93.27632,-0.333,0.9064,LL,0.0000
1923190,42.71050,-94.64865,-1.000,3.0053,LL,0.0000
1924000,41.02267,-95.27501,-1.000,3.0053,LL,0.0000
1924120,42.77264,-95.98703,-1.000,3.0053,LL,0.0000
1924150,43.37975,-92.52997,-0.333,0.8126,LL,0.0000
1924870,42.18065,-93.58775,-1.000,2.6447,LL,0.0000
1924960,43.03957,-92.92952,-0.333,0.8126,LL,0.0000
1925200,43.40673,-92.93528,-0.333,0.8126,LL,0.0000
1925320,41.66398,-93.60596,-1.000,2.6447,LL,0.0000
1925590,42.38013,-96.31611,-1.000,3.0053,LL,0.0000
1925920,42.94401,-93.25636,-0.333,1.0002,LL,0.0000
1926070,40.73521,-95.37592,-1.000,3.0053,LL,0.0000
1926280,41.31548,-92.22862,-0.333,0.8126,LL,0.0000
1926400,42.51899,-96.38971,-1.000,3.0053,LL,0.0000
1926580,41.80021,-91.49253,1.000,0.1851,HH,0.0000
1926640,42.28904,-93.68873,-1.000,2.6447,LL,0.0000
1926730,41.96699,-92.55079,-0.333,0.8126,LL,0.0000
1926790,43.17413,-91.85561,-0.333,0.3438,LL,0.0000
1926820,41.59012,-93.41126,-0.333,1.0939,LL,0.0000
1926850,41.24005,-93.43514,-0.333,1.0939,LL,0.0000
1926910,43.12326,-95.10261,-1.000,3.0053,LL,0.0000
1927000,43.43876,-95.06827,-1.000,3.0053,LL,0.0000
1927060,42.07067,-91.45460,1.000,0.1851,HH,0.0000
1927270,42.67612,-91.61627,0.333,0.0048,LL,0.0000
1927500,41.52205,-94.30981,-1.000,3.0053,LL,0.0000
1927600,42.89454,-92.13119,-0.333,0.8126,LL,0.0000
1927870,41.76596,-91.16509,1.000,0.5819,HH,0.0000
1928680,41.63483,-93.76023,-1.000,3.0053,LL,0.0000
1929010,41.50566,-93.91479,-1.000,3.0053,LL,0.0000
1929310,42.16639,-92.01738,-0.333,0.8126,LL,0.0000
1929730,41.15168,-91.12918,1.000,0.5819,HH,0.0000
1929760,42.66263,-92.10888,-0.333,0.8126,LL,0.0000
1930240,41.26538,-91.74176,-0.333,0.3438,LL,0.0000
1930480,42.46191,-92.32183,-0.333,0.8126,LL,0.0000
1930510,41.59217,-93.85475,-1.000,3.0053,LL,0.0000
1930540,42.72275,-92.52268,-0.333,0.8126,LL,0.0000
1930560,40.73225,-93.37348,-0.333,1.0002,LL,0.0000
1930630,42.46725,-93.75207,-1.000,2.8250,LL,0.0000
1930750,41.69140,-91.31843,1.000,0.5819,HH,0.0000
1930780,40.82399,-91.16464,1.000,0.4232,HH,0.0000
1930900,42.48271,-91.47833,1.000,0.1851,HH,0.0000
1930930,41.56696,-93.75330,-1.000,3.0053,LL,0.0000
1930990,41.54343,-91.26616,1.000,0.5819,HH,0.0000
1931020,43.37937,-96.41946,-1.000,3.0053,LL,0.0000
1931080,42.02498,-93.13453,-0.333,0.8126,LL,0.0000
1931110,41.97794,-96.04102,-1.000,3.0053,LL,0.0000
1931290,42.99315,-96.39636,-1.000,3.0053,LL,0.0000
1931350,42.41954,-90.98183,1.000,0.5819,HH,0.0000
1931470,42.24993,-96.16422,-1.000,3.0053,LL,0.0000
1931680,41.64805,-91.97415,-0.333,0.6251,LL,0.0000
1931800,41.59196,-91.05060,1.000,0.5819,HH,0.0000
1931830,41.12146,-91.41724,1.000,0.3438,HH,0.0000
1931860,41.31575,-94.01004,-1.000,3.0053,LL,0.0000
1931920,41.76172,-95.71913,-1.000,3.0053,LL,0.0000
1931950,42.42316,-96.04521,-1.000,3.0053,LL,0.0000
1932010,41.82790,-93.89763,-1.000,3.0053,LL,0.0000
1999017,41.54529,-93.16376,-0.333,0.8126,LL,0.0000
1999019,42.30224,-94.21840,-1.000,3.0053,LL,0.0000
2000001,38.71817,-97.49278,-1.000,3.0053,LL,0.0000
2000003,39.22044,-96.29417,-1.000,3.0053,LL,0.0000
2000004,39.36463,-96.43198,-1.000,3.0053,LL,0.0000
2000006,39.86650,-95.54174,-1.000,3.0053,LL,0.0000
2000007,39.79297,-98.72384,-1.000,3.0053,LL,0.0000
2000012,39.89562,-96.90466,-1.000,3.0053,LL,0.0000
2000014,38.46897,-95.20486,-1.000,3.0053,LL,0.0000
2000015,38.59277,-95.25593,-1.000,3.0053,LL,0.0000
2000028,39.86354,-97.15555,-1.000,3.0053,LL,0.0000
2000029,39.81016,-98.23628,-1.000,3.0053,LL,0.0000
2000030,39.85344,-97.59953,-1.000,3.0053,LL,0.0000
2000348,39.79875,-95.24554,-1.000,3.0053,LL,0.0000
2000349,38.64388,-98.45587,-1.000,3.0053,LL,0.0000
2000350,39.90641,-96.00520,-1.000,3.0053,LL,0.0000
2000351,39.78795,-94.97337,-1.000,3.0053,LL,0.0000
2003180,38.93367,-97.23978,-1.000,3.0053,LL,0.0000
2003200,38.94805,-95.78982,-1.000,3.0053,LL,0.0000
2003240,38.99640,-96.25144,-1.000,3.0053,LL,0.0000
2003300,37.18055,-95.34687,-1.000,3.0053,LL,0.0000
2003360,37.70322,-97.12828,-1.000,3.0053,LL,0.0000
2003390,37.17243,-98.03017,-1.000,3.0053,LL,0.0000
2003450,37.07109,-97.02204,-1.000,3.0053,LL,0.0000
2003480,37.59297,-94.68142,-1.000,3.0053,LL,0.0000
2003540,39.58690,-95.15736,-1.000,3.0053,LL,0.0000
2003630,37.63418,-97.00761,-1.000,3.0053,LL,0.0000
2003720,38.80427,-95.23267,-1.000,3.0053,LL,0.0000
2003780,39.08233,-94.97429,-1.000,3.0053,LL,0.0000
2003810,37.03333,-94.78096,-1.000,3.0053,LL,0.0000
2003870,39.44717,-98.10003,-1.000,3.0053,LL,0.0000
2003900,37.38703,-97.30937,-1.000,3.0053,LL,0.0000
2004050,39.07077,-94.85695,-1.000,3.0053,LL,0.0000
2004200,38.10843,-97.78480,-1.000,3.0053,LL,0.0000
2004260,38.76120,-95.84730,-1.000,3.0053,LL,0.0000
2004290,38.22341,-95.76158,-1.000,3.0053,LL,0.0000
2004410,37.07490,-95.88418,-1.000,3.0053,LL,0.0000
2004440,38.41307,-97.47313,-1.000,3.0053,LL,0.0000
2004470,39.44371,-98.44352,-1.000,3.0053,LL,0.0000
2004560,39.67496,-96.26327,-1.000,3.0053,LL,0.0000
2004590,37.65472,-95.42886,-1.000,3.0053,LL,0.0000
2004620,38.92928,-97.10863,-1.000,3.0053,LL,0.0000
2004670,37.59651,-97.78139,-1.000,3.0053,LL,0.0000
2004710,37.35285,-94.95417,-1.000,3.0053,LL,0.0000
2004740,37.32871,-95.55019,-1.000,3.0053,LL,0.0000
2004770,37.52064,-95.15805,-1.000,3.0053,LL,0.0000
2004800,37.84908,-100.27313,-1.000,3.0053,LL,0.0000
2004830,39.57318,-95.81730,-1.000,3.0053,LL,0.0000
2004890,39.32922,-97.17159,-1.000,3.0053,LL,0.0000
2004920,37.51106,-97.49198,-1.000,3.0053,LL,0.0000
2004950,39.57895,-97.34219,-1.000,3.0053,LL,0.0000
2004980,37.08465,-95.64020,-1.000,3.0053,LL,0.0000
2005010,39.40484,-101.04990,-1.000,3.0053,LL,0.0000
2005040,37.19975,-99.28392,-1.000,3.0053,LL,0.0000
2005070,37.16005,-94.85616,-1.000,3.0053,LL,0.0000
2005100,39.54596,-97.69465,-1.000,3.0053,LL,0.0000
2005130,37.39661,-97.63057,-1.000,3.0053,LL,0.0000
2005250,38.31240,-96.58402,-1.000,3.0053,LL,0.0000
2005280,38.69892,-96.53802,-1.000,3.0053,LL,0.0000
2005460,37.57914,-97.25322,-1.000,3.0053,LL,0.0000
2005490,38.96231,-94.92365,-1.000,3.0053,LL,0.0000
2005580,37.75108,-99.99855,-1.000,3.0053,LL,0.0000
2005610,37.52672,-96.94229,-1.000,3.0053,LL,0.0000
2005640,39.35325,-95.07191,-1.000,3.0053,LL,0.0000
2005700,39.53516,-95.34176,-1.000,3.0053,LL,0.0000
2005730,37.92699,-96.82450,-1.000,3.0053,LL,0.0000
2005800,38.82164,-97.83640,-1.000,3.0053,LL,0.0000
2005870,38.72368,-98.17233,-1.000,3.0053,LL,0.0000
2005940,38.39990,-96.21979,-1.000,3.0053,LL,0.0000
2006000,37.54995,-95.28664,-1.000,3.0053,LL,0.0000
2006060,38.86253,-96.04742,-1.000,3.0053,LL,0.0000
2006090,38.91860,-95.09761,-1.000,3.0053,LL,0.0000
2006120,37.78399,-96.26899,-1.000,3.0053,LL,0.0000
2006180,37.85007,-94.72365,-1.000,3.0053,LL,0.0000
2006240,37.96370,-97.10672,-1.000,3.0053,LL,0.0000
2006270,37.57827,-95.89871,-1.000,3.0053,LL,0.0000
2006300,37.46324,-94.69776,-1.000,3.0053,LL,0.0000
2006330,39.35968,-94.91965,-1.000,3.0053,LL,0.0000
2006360,37.08808,-94.64165,-1.000,3.0053,LL,0.0000
2006390,38.04981,-100.73997,-1.000,3.0053,LL,0.0000
2006420,38.80398,-94.96199,-1.000,3.0053,LL,0.0000
2006450,38.26929,-95.31276,-1.000,3.0053,LL,0.0000
2006480,37.56290,-94.91476,-1.000,3.0053,LL,0.0000
2006540,37.64288,-97.53884,-1.000,3.0053,LL,0.0000
2006580,39.34628,-101.77387,-1.000,3.0053,LL,0.0000
2006660,38.35394,-98.82087,-1.000,3.0053,LL,0.0000
2006840,37.97747,-97.50995,-1.000,3.0053,LL,0.0000
2006930,38.28506,-96.11056,-1.000,3.0053,LL,0.0000
2006960,37.93009,-97.87574,-1.000,3.0053,LL,0.0000
2007020,38.86660,-99.33806,-1.000,3.0053,LL,0.0000
2007050,37.58500,-97.38234,-1.000,3.0053,LL,0.0000
2007110,38.68546,-96.91469,-1.000,3.0053,LL,0.0000
2007170,38.13101,-97.39616,-1.000,3.0053,LL,0.0000
2007260,39.32822,-99.90031,-1.000,3.0053,LL,0.0000
2007290,38.42370,-97.24649,-1.000,3.0053,LL,0.0000
2007320,38.57201,-98.82167,-1.000,3.0053,LL,0.0000
2007350,37.99307,-101.00211,-1.000,3.0053,LL,0.0000
2007380,39.44120,-95.71522,-1.000,3.0053,LL,0.0000
2007470,39.70392,-95.53075,-1.000,3.0053,LL,0.0000
2007530,39.41556,-100.39515,-1.000,3.0053,LL,0.0000
2007560,37.15980,-101.34612,-1.000,3.0053,LL,0.0000
2007590,37.80861,-95.40839,-1.000,3.0053,LL,0.0000
2007620,38.06100,-97.92091,-1.000,3.0053,LL,0.0000
2007650,37.23364,-95.77399,-1.000,3.0053,LL,0.0000
2007740,37.94741,-95.40437,-1.000,3.0053,LL,0.0000
2007750,38.11355,-94.88474,-1.000,3.0053,LL,0.0000
2007860,37.56339,-101.78096,-1.000,3.0053,LL,0.0000
2007890,39.06352,-96.75552,-1.000,3.0053,LL,0.0000
2007950,39.12588,-94.69521,-1.000,3.0053,LL,0.0000
2007970,39.23829,-96.02610,-1.000,3.0053,LL,0.0000
2008070,37.55340,-98.04017,-1.000,3.0053,LL,0.0000
2008190,37.21103,-100.66211,-1.000,3.0053,LL,0.0000
2008250,38.35125,-94.85885,-1.000,3.0053,LL,0.0000
2008280,37.99523,-101.36783,-1.000,3.0053,LL,0.0000
2008340,39.23970,-94.92430,-1.000,3.0053,LL,0.0000
2008370,38.17971,-99.12686,-1.000,3.0053,LL,0.0000
2008400,38.93292,-95.29089,-1.000,3.0053,LL,0.0000
2008430,39.30068,-94.93383,-1.000,3.0053,LL,0.0000
2008610,38.50696,-101.35743,-1.000,3.0053,LL,0.0000
2008730,37.11942,-100.94958,-1.000,3.0053,LL,0.0000
2008790,39.05191,-98.11246,-1.000,3.0053,LL,0.0000
2008970,38.59400,-94.67978,-1.000,3.0053,LL,0.0000
2009000,38.62747,-95.68059,-1.000,3.0053,LL,0.0000
2009030,38.37145,-98.15679,-1.000,3.0053,LL,0.0000
2009140,37.75908,-97.45448,-1.000,3.0053,LL,0.0000
2009180,39.14840,-96.54885,-1.000,3.0053,LL,0.0000
2009240,38.30066,-96.97693,-1.000,3.0053,LL,0.0000
2009360,39.16961,-95.20205,-1.000,3.0053,LL,0.0000
2009390,38.38223,-97.67936,-1.000,3.0053,LL,0.0000
2009420,37.18916,-100.36168,-1.000,3.0053,LL,0.0000
2009450,37.31537,-98.67879,-1.000,3.0053,LL,0.0000
2009570,39.19806,-97.67876,-1.000,3.0053,LL,0.0000
2009780,38.22553,-97.53336,-1.000,3.0053,LL,0.0000
2009840,37.47733,-97.24334,-1.000,3.0053,LL,0.0000
2009900,37.40676,-95.68326,-1.000,3.0053,LL,0.0000
2009960,38.05131,-97.29233,-1.000,3.0053,LL,0.0000
2010050,39.00360,-100.91526,-1.000,3.0053,LL,0.0000
2010080,39.80612,-100.46779,-1.000,3.0053,LL,0.0000
2010140,38.90139,-94.81300,-1.000,3.0053,LL,0.0000
2010170,39.47590,-96.17370,-1.000,3.0053,LL,0.0000
2010230,38.61523,-95.84796,-1.000,3.0053,LL,0.0000
2010260,38.48071,-94.98894,-1.000,3.0053,LL,0.0000
2010290,39.40819,-98.78784,-1.000,3.0053,LL,0.0000
2010320,39.19961,-95.35889,-1.000,3.0053,LL,0.0000
2010350,37.22645,-95.10561,-1.000,3.0053,LL,0.0000
2010410,38.78999,-95.62165,-1.000,3.0053,LL,0.0000
2010440,37.22465,-97.20867,-1.000,3.0053,LL,0.0000
2010500,38.59049,-94.87748,-1.000,3.0053,LL,0.0000
2010560,37.34890,-95.18083,-1.000,3.0053,LL,0.0000
2010620,39.06091,-95.41367,-1.000,3.0053,LL,0.0000
2010650,39.77335,-99.34259,-1.000,3.0053,LL,0.0000
2010680,39.16173,-94.85245,-1.000,3.0053,LL,0.0000
2010710,37.38728,-94.68036,-1.000,3.0053,LL,0.0000
2010740,39.19634,-99.26104,-1.000,3.0053,LL,0.0000
2010800,38.58405,-95.42723,-1.000,3.0053,LL,0.0000
2010890,37.69186,-98.65173,-1.000,3.0053,LL,0.0000
2010950,38.93404,-100.26052,-1.000,3.0053,LL,0.0000
2011080,37.72427,-97.63681,-1.000,3.0053,LL,0.0000
2011100,39.28830,-96.80253,-1.000,3.0053,LL,0.0000
2011130,37.07094,-94.71674,-1.000,3.0053,LL,0.0000
2011250,37.57272,-97.12492,-1.000,3.0053,LL,0.0000
2011310,38.85007,-98.82389,-1.000,3.0053,LL,0.0000
2011370,38.86078,-97.60726,-1.000,3.0053,LL,0.0000
2011430,37.60130,-98.83998,-1.000,3.0053,LL,0.0000
2011490,39.14780,-95.68209,-1.000,3.0053,LL,0.0000
2011520,37.14866,-96.16848,-1.000,3.0053,LL,0.0000
2011550,37.92812,-97.41650,-1.000,3.0053,LL,0.0000
2011640,38.98797,-94.69366,-1.000,3.0053,LL,0.0000
2011700,39.14197,-95.84039,-1.000,3.0053,LL,0.0000
2011760,38.93606,-97.39982,-1.000,3.0053,LL,0.0000
2011850,38.76001,-94.81003,-1.000,3.0053,LL,0.0000
2011910,38.05020,-98.71992,-1.000,3.0053,LL,0.0000
2012000,38.83151,-94.67275,-1.000,3.0053,LL,0.0000
2012030,38.20966,-98.24329,-1.000,3.0053,LL,0.0000
2012150,37.99524,-101.79369,-1.000,3.0053,LL,0.0000
2012180,38.96347,-95.56933,-1.000,3.0053,LL,0.0000
2012210,39.14790,-95.07719,-1.000,3.0053,LL,0.0000
2012260,39.03783,-95.68818,-1.000,3.0053,LL,0.0000
2012300,37.80029,-97.02892,-1.000,3.0053,LL,0.0000
2012360,39.06311,-94.72117,-1.000,3.0053,LL,0.0000
2012420,37.57273,-101.32119,-1.000,3.0053,LL,0.0000
2012450,37.83983,-94.95454,-1.000,3.0053,LL,0.0000
2012510,37.84792,-97.34480,-1.000,3.0053,LL,0.0000
2012540,39.34350,-95.49211,-1.000,3.0053,LL,0.0000
2012780,39.66680,-96.68835,-1.000,3.0053,LL,0.0000
2012810,38.37293,-95.72272,-1.000,3.0053,LL,0.0000
2012840,37.26056,-97.42766,-1.000,3.0053,LL,0.0000
2012870,38.68365,-95.10430,-1.000,3.0053,LL,0.0000
2012990,37.69837,-97.30925,-1.000,3.0053,LL,0.0000
2013020,39.35532,-95.29019,-1.000,3.0053,LL,0.0000
2013050,37.24070,-96.95885,-1.000,3.0053,LL,0.0000
2013110,37.89414,-95.71076,-1.000,3.0053,LL,0.0000
2100030,37.10556,-85.28138,1.000,0.5819,HH,0.0000
2100070,36.75077,-86.19246,1.000,0.5819,HH,0.0000
2100081,37.21382,-87.13409,1.000,0.5819,HH,0.0000
2100120,38.00540,-84.98642,1.000,0.5819,HH,0.0000
2100150,38.45409,-82.64702,1.000,0.5819,HH,0.0000
2100210,37.05132,-89.01037,1.000,0.5819,HH,0.0000
2100270,37.81936,-85.46705,1.000,0.5819,HH,0.0000
2100300,36.96280,-85.93211,1.000,0.5819,HH,0.0000
2100330,38.15225,-83.73764,1.000,0.5819,HH,0.0000
2100360,39.04555,-84.55615,1.000,0.5819,HH,0.0000
2100390,36.73239,-83.67242,1.000,0.5819,HH,0.0000
2100480,37.57637,-84.29649,1.000,0.5819,HH,0.0000
2100510,38.98160,-84.74541,1.000,0.5819,HH,0.0000
2100540,38.20256,-84.20986,1.000,0.5819,HH,0.0000
2100570,36.98325,-86.44548,1.000,0.5819,HH,0.0000
2100620,38.34815,-82.69356,1.000,0.5819,HH,0.0000
2100630,37.61810,-84.86835,1.000,0.5819,HH,0.0000
2100660,38.68036,-84.11524,1.000,0.5819,HH,0.0000
2100690,37.51781,-83.31716,1.000,0.5819,HH,0.0000
2100720,37.77799,-86.43292,1.000,0.5819,HH,0.0000
2100750,37.97794,-85.66810,1.000,0.5819,HH,0.0000
2100780,37.74794,-84.75122,1.000,0.5819,HH,0.0000
2100810,37.20701,-86.68247,1.000,0.5819,HH,0.0000
2100840,37.14864,-87.87051,1.000,0.5819,HH,0.0000
2100870,36.62098,-88.27409,1.000,0.5819,HH,0.0000
2100900,38.93444,-84.37672,1.000,0.5819,HH,0.0000
2100930,37.33924,-85.34555,1.000,0.5819,HH,0.0000
2100990,38.66839,-85.12402,1.000,0.5819,HH,0.0000
2101020,38.31409,-83.03899,1.000,0.5819,HH,0.0000
2101050,37.32196,-84.92822,1.000,0.5819,HH,0.0000
2101110,37.15508,-85.92509,1.000,0.5819,HH,0.0000
2101150,36.91407,-87.50299,1.000,0.5819,HH,0.0000
2101200,37.97031,-84.14512,1.000,0.5819,HH,0.0000
2101230,37.16427,-83.71545,1.000,0.5819,HH,0.0000
2101260,36.72726,-85.13610,1.000,0.5819,HH,0.0000
2101320,36.93643,-84.14125,1.000,0.5819,HH,0.0000
2101350,39.06887,-84.51512,1.000,0.5819,HH,0.0000
2101380,37.35815,-88.10501,1.000,0.5819,HH,0.0000
2101410,36.78237,-85.38848,1.000,0.5819,HH,0.0000
2101440,37.64379,-84.76802,1.000,0.5819,HH,0.0000
2101470,37.73048,-87.08436,1.000,0.5819,HH,0.0000
2101500,37.17424,-87.68860,1.000,0.5819,HH,0.0000
2101530,39.11234,-84.47091,1.000,0.5819,HH,0.0000
2101620,37.22751,-86.21802,1.000,0.5819,HH,0.0000
2101650,37.69640,-85.85895,1.000,0.5819,HH,0.0000
2101680,38.11688,-83.09612,1.000,0.5819,HH,0.0000
2101740,39.01859,-84.59990,1.000,0.5819,HH,0.0000
2101760,37.69245,-83.96398,1.000,0.5819,HH,0.0000
2101800,38.48232,-82.67397,1.000,0.5819,HH,0.0000
2101860,38.04068,-84.45827,1.000,0.5819,HH,0.0000
2101920,38.36785,-83.69920,1.000,0.5819,HH,0.0000
2101950,37.55246,-82.73972,1.000,0.5819,HH,0.0000
2102010,38.23492,-84.86879,1.000,0.5819,HH,0.0000
2102040,39.08244,-84.45711,1.000,0.5819,HH,0.0000
2102100,36.55566,-89.15484,1.000,0.5819,HH,0.0000
2102130,38.75566,-84.86514,1.000,0.5819,HH,0.0000
2102160,37.63016,-84.54586,1.000,0.5819,HH,0.0000
2102220,36.99524,-85.91735,1.000,0.5819,HH,0.0000
2102250,38.64917,-84.62592,1.000,0.5819,HH,0.0000
2102280,36.61006,-88.73961,1.000,0.5819,HH,0.0000
2102300,37.45858,-86.34401,1.000,0.5819,HH,0.0000
2102340,37.27807,-85.53792,1.000,0.5819,HH,0.0000
2102400,38.54080,-82.94252,1.000,0.5819,HH,0.0000
2102460,37.84333,-86.79276,1.000,0.5819,HH,0.0000
2102490,37.67050,-85.98376,1.000,0.5819,HH,0.0000
2102540,36.85922,-83.22150,1.000,0.5819,HH,0.0000
2102580,38.44458,-84.33413,1.000,0.5819,HH,0.0000
2102640,37.30583,-85.87844,1.000,0.5819,HH,0.0000
2102710,37.79254,-87.57258,1.000,0.5819,HH,0.0000
2102760,38.45138,-85.11965,1.000,0.5819,HH,0.0000
2102790,36.67590,-88.97208,1.000,0.5819,HH,0.0000
2102860,37.31107,-87.54220,1.000,0.5819,HH,0.0000
2102940,37.40346,-84.02058,1.000,0.5819,HH,0.0000
2102990,38.18793,-85.66633,1.000,0.5819,HH,0.0000
2103030,37.87329,-84.58396,1.000,0.5819,HH,0.0000
2103060,37.84776,-82.83012,1.000,0.5819,HH,0.0000
2103090,38.92264,-84.53177,1.000,0.5819,HH,0.0000
2103150,36.89370,-83.85044,1.000,0.5819,HH,0.0000
2103180,37.54446,-85.69684,1.000,0.5819,HH,0.0000
2103210,37.11327,-84.11939,1.000,0.5819,HH,0.0000
2103240,38.07445,-82.73829,1.000,0.5819,HH,0.0000
2103270,37.60812,-83.71925,1.000,0.5819,HH,0.0000
2103330,37.08785,-83.38862,1.000,0.5819,HH,0.0000
2103360,37.10349,-82.87948,1.000,0.5819,HH,0.0000
2103390,38.53505,-83.37014,1.000,0.5819,HH,0.0000
2103480,37.45717,-84.65834,1.000,0.5819,HH,0.0000
2103510,37.20952,-88.36343,1.000,0.5819,HH,0.0000
2103540,36.86002,-86.83623,1.000,0.5819,HH,0.0000
2103630,39.08875,-84.54848,1.000,0.5819,HH,0.0000
2103690,37.02398,-88.08339,1.000,0.5819,HH,0.0000
2103720,37.72551,-84.27836,1.000,0.5819,HH,0.0000
2103780,37.55260,-85.26896,1.000,0.5819,HH,0.0000
2103810,36.88202,-88.33275,1.000,0.5819,HH,0.0000
2103840,37.79677,-82.50662,1.000,0.5819,HH,0.0000
2103870,38.59414,-83.82813,1.000,0.5819,HH,0.0000
2103900,36.73513,-88.64689,1.000,0.5819,HH,0.0000
2103960,37.05296,-88.71685,1.000,0.5819,HH,0.0000
2103990,36.73114,-84.49105,1.000,0.5819,HH,0.0000
2104020,37.52671,-87.26560,1.000,0.5819,HH,0.0000
2104050,37.97184,-86.24530,1.000,0.5819,HH,0.0000
2104080,37.93549,-83.58935,1.000,0.5819,HH,0.0000
2104110,37.81656,-84.89371,1.000,0.5819,HH,0.0000
2104140,36.99243,-85.63346,1.000,0.5819,HH,0.0000
2104170,36.61347,-83.72245,1.000,0.5819,HH,0.0000
2104200,36.71408,-85.71351,1.000,0.5819,HH,0.0000
2104250,38.03811,-83.91242,1.000,0.5819,HH,0.0000
2104290,37.92294,-83.25894,1.000,0.5819,HH,0.0000
2104380,36.60223,-88.31405,1.000,0.5819,HH,0.0000
2104410,37.74454,-85.44830,1.000,0.5819,HH,0.0000
2104440,39.08642,-84.48619,1.000,0.5819,HH,0.0000
2104470,38.33803,-84.02622,1.000,0.5819,HH,0.0000
2104500,37.47786,-86.84487,1.000,0.5819,HH,0.0000
2104530,38.40013,-85.45615,1.000,0.5819,HH,0.0000
2104560,38.49939,-84.84159,1.000,0.5819,HH,0.0000
2104590,37.76086,-87.11538,1.000,0.5819,HH,0.0000
2104650,37.07300,-88.62009,1.000,0.5819,HH,0.0000
2104710,38.21128,-84.25289,1.000,0.5819,HH,0.0000
2104740,38.69628,-84.35194,1.000,0.5819,HH,0.0000
2104770,37.24128,-83.21777,1.000,0.5819,HH,0.0000
2104800,37.48603,-82.41091,1.000,0.5819,HH,0.0000
2104830,37.47053,-82.49860,1.000,0.5819,HH,0.0000
2104860,36.75884,-83.70105,1.000,0.5819,HH,0.0000
2104890,37.80957,-83.83123,1.000,0.5819,HH,0.0000
2104950,37.10743,-84.57697,1.000,0.5819,HH,0.0000
2104980,38.54200,-82.73755,1.000,0.5819,HH,0.0000
2105070,37.36105,-84.31437,1.000,0.5819,HH,0.0000
2105100,38.20427,-83.42808,1.000,0.5819,HH,0.0000
2105130,38.50815,-82.71290,1.000,0.5819,HH,0.0000
2105160,36.99059,-85.05495,1.000,0.5819,HH,0.0000
2105220,37.17678,-84.62430,1.000,0.5819,HH,0.0000
2105260,38.28571,-84.57834,1.000,0.5819,HH,0.0000
2105320,38.21746,-85.19526,1.000,0.5819,HH,0.0000
2105400,36.74093,-86.58179,1.000,0.5819,HH,0.0000
2105430,37.08982,-84.60569,1.000,0.5819,HH,0.0000
2105490,38.02531,-85.31731,1.000,0.5819,HH,0.0000
2105520,37.36621,-85.32806,1.000,0.5819,HH,0.0000
2105550,36.84034,-87.18364,1.000,0.5819,HH,0.0000
2105580,36.81529,-87.89227,1.000,0.5819,HH,0.0000
2105610,38.62004,-85.35121,1.000,0.5819,HH,0.0000
2105640,37.65803,-87.95165,1.000,0.5819,HH,0.0000
2105700,38.83851,-84.65243,1.000,0.5819,HH,0.0000
2105730,36.98216,-86.39316,1.000,0.5819,HH,0.0000
2105760,37.75421,-85.17542,1.000,0.5819,HH,0.0000
2105790,36.80077,-84.82659,1.000,0.5819,HH,0.0000
2105820,37.52038,-87.68521,1.000,0.5819,HH,0.0000
2105880,36.78897,-84.10914,1.000,0.5819,HH,0.0000
2105910,36.74119,-84.16797,1.000,0.5819,HH,0.0000
2105940,38.63981,-84.57252,1.000,0.5819,HH,0.0000
2105970,37.74389,-83.49511,1.000,0.5819,HH,0.0000
2106000,38.04310,-84.74885,1.000,0.5819,HH,0.0000
2200030,30.29150,-92.41104,0.333,0.0264,LL,0.0000
2200039,30.64671,-91.20807,0.333,0.0048,LL,0.0000
2200040,30.58321,-91.15822,0.333,0.0048,LL,0.0000
2200060,30.65274,-92.81961,-0.333,0.4376,LL,0.0000
2200090,30.20644,-90.91250,0.333,0.0048,LL,0.0000
2200120,29.90330,-91.06522,0.333,0.0048,LL,0.0000
2200150,31.08850,-91.98327,0.333,0.0048,LL,0.0000
2200180,30.64502,-93.34025,-0.333,0.8126,LL,0.0000
2200210,32.34095,-93.04115,-1.000,2.2840,LL,0.0000
2200240,30.75665,-89.88411,0.333,0.0048,LL,0.0000
2200270,32.69848,-93.62656,-1.000,3.0053,LL,0.0000
2200300,32.58011,-93.88497,-1.000,3.0053,LL,0.0000
2200330,30.22956,-93.35802,-0.333,0.8126,LL,0.0000
2200360,32.10122,-92.11423,-0.333,0.5313,LL,0.0000
2200390,29.87181,-93.16495,-0.333,0.8126,LL,0.0000
2200480,31.46981,-91.62632,0.333,0.0120,LL,0.0000
2200540,30.50117,-91.07482,0.333,0.0048,LL,0.0000
2200570,32.73017,-91.23414,0.333,0.0264,LL,0.0000
2200600,30.83978,-91.04343,0.333,0.0048,LL,0.0000
2200630,30.72069,-92.40409,0.333,0.0192,LL,0.0000
2200660,32.13908,-91.67237,0.333,0.0337,LL,0.0000
2200720,29.55077,-91.83767,0.333,0.0048,LL,0.0000
2200750,30.27066,-91.36587,0.333,0.0048,LL,0.0000
2200780,32.30429,-92.56170,-0.333,0.9064,LL,0.0000
2200810,30.26953,-92.81622,-0.333,0.4376,LL,0.0000
2200840,29.66334,-90.10061,0.333,0.0048,LL,0.0000
2200870,30.20651,-92.06417,0.333,0.0120,LL,0.0000
2200900,29.49199,-90.39485,0.333,0.0048,LL,0.0000
2201020,30.44042,-90.72747,0.333,0.0048,LL,0.0000
2201050,32.34688,-91.23193,0.333,0.0192,LL,0.0000
2201080,32.51899,-92.07718,-0.333,0.5313,LL,0.0000
2201140,31.72522,-93.09699,-1.000,2.1037,LL,0.0000
2201170,30.05342,-89.93450,0.333,0.0048,LL,0.0000
2201230,29.39497,-89.47728,0.333,0.0048,LL,0.0000
2201260,30.70832,-91.60462,0.333,0.0048,LL,0.0000
2201290,31.19320,-92.53595,0.333,0.0409,LL,0.0000
2201320,32.10121,-93.34905,-1.000,2.6447,LL,0.0000
2201350,32.41316,-91.74835,-0.333,0.5313,LL,0.0000
2201410,29.89342,-89.31141,0.333,0.0048,LL,0.0000
2201440,29.90572,-90.35786,0.333,0.0048,LL,0.0000
2201500,30.02478,-90.79396,0.333,0.0048,LL,0.0000
2201560,30.58344,-91.98927,0.333,0.0048,LL,0.0000
2201590,30.12143,-91.61148,0.333,0.0048,LL,0.0000
2201620,29.62935,-91.46380,0.333,0.0048,LL,0.0000
2201650,30.41002,-89.95196,0.333,0.0048,LL,0.0000
2201740,29.33413,-90.84367,0.333,0.0048,LL,0.0000
2201770,32.82935,-92.37565,-0.333,0.7189,LL,0.0000
2201800,29.80664,-92.32139,0.333,0.0192,LL,0.0000
2201830,31.10284,-93.18833,-0.333,1.0939,LL,0.0000
2201860,30.86404,-90.07884,0.333,0.0048,LL,0.0000
2201950,32.79248,-91.45200,-0.333,0.3438,LL,0.0000
2201980,30.87336,-91.42178,0.333,0.0048,LL,0.0000
2202010,31.94119,-92.64127,-0.333,0.9064,LL,0.0000
2400030,39.61231,-78.70310,1.000,0.5819,HH,0.0000
2400060,38.99162,-76.56089,1.000,0.5819,HH,0.0000
2400090,39.30003,-76.61048,1.000,0.5819,HH,0.0000
2400120,39.44317,-76.61657,1.000,0.5819,HH,0.0000
2400150,38.52272,-76.52976,1.000,0.5819,HH,0.0000
2400180,38.87153,-75.83166,1.000,0.5819,HH,0.0000
2400210,39.56333,-77.01533,1.000,0.5819,HH,0.0000
2400240,39.56235,-75.94159,1.000,0.5819,HH,0.0000
2400270,38.47285,-77.01543,1.000,0.5819,HH,0.0000
2400300,38.41994,-76.07739,1.000,0.5819,HH,0.0000
2400330,39.47018,-77.39764,1.000,0.5819,HH,0.0000
2400360,39.54730,-79.27462,1.000,0.5819,HH,0.0000
2400390,39.53743,-76.29979,1.000,0.5819,HH,0.0000
2400420,39.25226,-76.92441,1.000,0.5819,HH,0.0000
2400450,39.24128,-76.12599,1.000,0.5819,HH,0.0000
2400480,39.13738,-77.20306,1.000,0.5819,HH,0.0000
2400510,38.82928,-76.84819,1.000,0.5819,HH,0.0000
2400540,39.04701,-76.08584,1.000,0.5819,HH,0.0000
2400570,38.07445,-75.85332,1.000,0.5819,HH,0.0000
2400600,38.22308,-76.53449,1.000,0.5819,HH,0.0000
2400630,38.74835,-76.17848,1.000,0.5819,HH,0.0000
2400660,39.60362,-77.81467,1.000,0.5819,HH,0.0000
2400690,38.36737,-75.63209,1.000,0.5819,HH,0.0000
2400720,38.22213,-75.30993,1.000,0.5819,HH,0.0000
2500001,42.39750,-72.10364,1.000,0.5819,HH,0.0000
2500002,42.23125,-72.00576,1.000,0.5819,HH,0.0000
2500013,42.08072,-72.90068,1.000,0.5819,HH,0.0000
2500043,41.34228,-70.71044,1.000,0.5819,HH,0.0000
2500067,42.59598,-70.75868,1.000,0.5819,HH,0.0000
2500542,42.56900,-71.61868,1.000,0.5819,HH,0.0000
2500544,41.67968,-69.98298,1.000,0.5819,HH,0.0000
2501650,42.11602,-70.95681,1.000,0.5819,HH,0.0000
2501710,42.48465,-71.46714,1.000,0.5819,HH,0.0000
2501740,41.71822,-70.90115,1.000,0.5819,HH,0.0000
2501780,42.59323,-73.13433,1.000,0.5819,HH,0.0000
2501800,42.06358,-72.65359,1.000,0.5819,HH,0.0000
2501860,42.85128,-70.95579,1.000,0.5819,HH,0.0000
2501950,42.64804,-71.16175,1.000,0.5819,HH,0.0000
2501980,42.41872,-71.16391,1.000,0.5819,HH,0.0000
2502040,42.61657,-71.91844,1.000,0.5819,HH,0.0000
2502100,42.25775,-71.47353,1.000,0.5819,HH,0.0000
2502160,42.63450,-72.19751,1.000,0.5819,HH,0.0000
2502190,41.93165,-71.29450,1.000,0.5819,HH,0.0000
2502220,42.19887,-71.84572,1.000,0.5819,HH,0.0000
2502250,42.13246,-71.05401,1.000,0.5819,HH,0.0000
2502310,41.66148,-70.35695,1.000,0.5819,HH,0.0000
2502400,42.49933,-71.28190,1.000,0.5819,HH,0.0000
2502430,42.27901,-72.40047,1.000,0.5819,HH,0.0000
2502460,42.07668,-71.47449,1.000,0.5819,HH,0.0000
2502490,42.39532,-71.18028,1.000,0.5819,HH,0.0000
2502520,41.83806,-71.07762,1.000,0.5819,HH,0.0000
2502530,42.24767,-73.34368,1.000,0.5819,HH,0.0000
2502580,42.37178,-71.68120,1.000,0.5819,HH,0.0000
2502640,42.55666,-70.84496,1.000,0.5819,HH,0.0000
2502670,42.55967,-71.26095,1.000,0.5819,HH,0.0000
2502715,42.04025,-71.54404,1.000,0.5819,HH,0.0000
2502790,42.33855,-71.01825,1.000,0.5819,HH,0.0000
2502820,41.71746,-70.59182,1.000,0.5819,HH,0.0000
2502880,42.68311,-71.02719,1.000,0.5819,HH,0.0000
2502940,42.20619,-71.00232,1.000,0.5819,HH,0.0000
2503030,41.95691,-71.00478,1.000,0.5819,HH,0.0000
2503060,42.12818,-72.20535,1.000,0.5819,HH,0.0000
2503090,42.08254,-71.02464,1.000,0.5819,HH,0.0000
2503120,42.18081,-72.10789,1.000,0.5819,HH,0.0000
2503150,42.32385,-71.14200,1.000,0.5819,HH,0.0000
2503240,42.50323,-71.20171,1.000,0.5819,HH,0.0000
2503270,42.37604,-71.11868,1.000,0.5819,HH,0.0000
2503300,42.17574,-71.12538,1.000,0.5819,HH,0.0000
2503330,42.53681,-71.36133,1.000,0.5819,HH,0.0000
2503360,41.87518,-70.74672,1.000,0.5819,HH,0.0000
2503390,42.39837,-73.07333,1.000,0.5819,HH,0.0000
2503510,42.59705,-71.36970,1.000,0.5819,HH,0.0000
2503540,42.39682,-71.03135,1.000,0.5819,HH,0.0000
2503660,42.17759,-72.57019,1.000,0.5819,HH,0.0000
2503720,42.72272,-73.10582,1.000,0.5819,HH,0.0000
2503750,42.41189,-71.69001,1.000,0.5819,HH,0.0000
2503780,42.26243,-70.79888,1.000,0.5819,HH,0.0000
2503840,42.46291,-71.36450,1.000,0.5819,HH,0.0000
2503900,42.50857,-72.70716,1.000,0.5819,HH,0.0000
2503990,42.57417,-70.95052,1.000,0.5819,HH,0.0000
2504020,41.56651,-70.95823,1.000,0.5819,HH,0.0000
2504050,42.24687,-71.17946,1.000,0.5819,HH,0.0000
2504080,42.51797,-72.61314,1.000,0.5819,HH,0.0000
2504140,41.68847,-70.20360,1.000,0.5819,HH,0.0000
2504200,41.83726,-71.21905,1.000,0.5819,HH,0.0000
2504230,42.05307,-71.75224,1.000,0.5819,HH,0.0000
2504290,42.23560,-71.33298,1.000,0.5819,HH,0.0000
2504320,42.67972,-71.30068,1.000,0.5819,HH,0.0000
2504360,42.10745,-71.96110,1.000,0.5819,HH,0.0000
2504410,42.04441,-70.70606,1.000,0.5819,HH,0.0000
2504440,42.03712,-70.94218,1.000,0.5819,HH,0.0000
2504500,42.06238,-72.49811,1.000,0.5819,HH,0.0000
2504560,41.83332,-70.00379,1.000,0.5819,HH,0.0000
2504590,42.26543,-72.67081,1.000,0.5819,HH,0.0000
2504620,42.03919,-71.10900,1.000,0.5819,HH,0.0000
2504650,41.45716,-70.55610,1.000,0.5819,HH,0.0000
2504770,42.40594,-71.05465,1.000,0.5819,HH,0.0000
2504800,41.63367,-70.87136,1.000,0.5819,HH,0.0000
2504830,41.72535,-71.09416,1.000,0.5819,HH,0.0000
2504860,41.59489,-70.59925,1.000,0.5819,HH,0.0000
2504890,42.60198,-71.81587,1.000,0.5819,HH,0.0000
2504950,42.06134,-71.24580,1.000,0.5819,HH,0.0000
2504980,42.30791,-71.43620,1.000,0.5819,HH,0.0000
2505070,41.79877,-70.98474,1.000,0.5819,HH,0.0000
2505130,42.58421,-71.98874,1.000,0.5819,HH,0.0000
2505160,42.24511,-72.92312,1.000,0.5819,HH,0.0000
2505220,42.72623,-70.98332,1.000,0.5819,HH,0.0000
2505270,42.57762,-72.51526,1.000,0.5819,HH,0.0000
2505280,42.62885,-70.68587,1.000,0.5819,HH,0.0000
2505370,42.20915,-71.68364,1.000,0.5819,HH,0.0000
2505400,42.24495,-72.50014,1.000,0.5819,HH,0.0000
2505500,42.62671,-71.54646,1.000,0.5819,HH,0.0000
2505580,42.35649,-72.56863,1.000,0.5819,HH,0.0000
2505610,42.00263,-70.86371,1.000,0.5819,HH,0.0000
2505670,42.61920,-70.86682,1.000,0.5819,HH,0.0000
2505730,42.10359,-72.42171,1.000,0.5819,HH,0.0000
2505790,42.12296,-70.85631,1.000,0.5819,HH,0.0000
2505880,42.50426,-71.58851,1.000,0.5819,HH,0.0000
2505970,42.78295,-71.08744,1.000,0.5819,HH,0.0000
2506090,42.22432,-70.88067,1.000,0.5819,HH,0.0000
2506150,42.14035,-70.99786,1.000,0.5819,HH,0.0000
2506210,42.04678,-72.18021,1.000,0.5819,HH,0.0000
2506240,42.19595,-71.45343,1.000,0.5819,HH,0.0000
2506270,42.21166,-72.64245,1.000,0.5819,HH,0.0000
2506330,42.22410,-71.54049,1.000,0.5819,HH,0.0000
2506390,42.38907,-71.54586,1.000,0.5819,HH,0.0000
2506480,42.69598,-70.83565,1.000,0.5819,HH,0.0000
2506540,41.98720,-70.74194,1.000,0.5819,HH,0.0000
2506660,42.70027,-71.16136,1.000,0.5819,HH,0.0000
2506690,42.28328,-73.22732,1.000,0.5819,HH,0.0000
2506720,42.23843,-71.91234,1.000,0.5819,HH,0.0000
2506750,42.36786,-73.26976,1.000,0.5819,HH,0.0000
2506780,42.52088,-71.77061,1.000,0.5819,HH,0.0000
2506840,42.44522,-71.23001,1.000,0.5819,HH,0.0000
2506900,42.42551,-71.31081,1.000,0.5819,HH,0.0000
2506960,42.53593,-71.49057,1.000,0.5819,HH,0.0000
2506990,42.04805,-72.56928,1.000,0.5819,HH,0.0000
2507020,42.63900,-71.32102,1.000,0.5819,HH,0.0000
2507050,42.18358,-72.45781,1.000,0.5819,HH,0.0000
2507080,42.58261,-71.72046,1.000,0.5819,HH,0.0000
2507110,42.47476,-70.96203,1.000,0.5819,HH,0.0000
2507140,42.53415,-71.03833,1.000,0.5819,HH,0.0000
2507170,42.42938,-71.05871,1.000,0.5819,HH,0.0000
2507230,42.01730,-71.21642,1.000,0.5819,HH,0.0000
2507260,42.49563,-70.83582,1.000,0.5819,HH,0.0000
2507290,41.70684,-70.75096,1.000,0.5819,HH,0.0000
2507320,42.34962,-71.54721,1.000,0.5819,HH,0.0000
2507350,42.11514,-70.71033,1.000,0.5819,HH,0.0000
2507440,41.61762,-70.49271,1.000,0.5819,HH,0.0000
2507470,41.66136,-70.81202,1.000,0.5819,HH,0.0000
2507500,42.42596,-71.45626,1.000,0.5819,HH,0.0000
2507530,42.18460,-71.30531,1.000,0.5819,HH,0.0000
2507560,42.42384,-71.10923,1.000,0.5819,HH,0.0000
2507590,42.15620,-71.43034,1.000,0.5819,HH,0.0000
2507620,42.45572,-71.05902,1.000,0.5819,HH,0.0000
2507680,42.14141,-71.58371,1.000,0.5819,HH,0.0000
2507740,42.74264,-71.17865,1.000,0.5819,HH,0.0000
2507770,41.87800,-70.86927,1.000,0.5819,HH,0.0000
2507830,42.61051,-71.00712,1.000,0.5819,HH,0.0000
2507860,42.15869,-71.52142,1.000,0.5819,HH,0.0000
2507890,42.19225,-71.77765,1.000,0.5819,HH,0.0000
2507920,42.17310,-71.36376,1.000,0.5819,HH,0.0000
2507980,42.24156,-71.08244,1.000,0.5819,HH,0.0000
2508040,42.09360,-72.32149,1.000,0.5819,HH,0.0000
2508160,42.61529,-73.23973,1.000,0.5819,HH,0.0000
2508250,41.29339,-70.10216,1.000,0.5819,HH,0.0000
2508280,42.55226,-72.09928,1.000,0.5819,HH,0.0000
2508310,42.44895,-71.61174,1.000,0.5819,HH,0.0000
2508340,42.28482,-71.34881,1.000,0.5819,HH,0.0000
2508370,42.28159,-71.24241,1.000,0.5819,HH,0.0000
2508430,41.66130,-70.93791,1.000,0.5819,HH,0.0000
2508580,42.81214,-70.88665,1.000,0.5819,HH,0.0000
2508610,42.33177,-71.20840,1.000,0.5819,HH,0.0000
2508640,42.11624,-71.32927,1.000,0.5819,HH,0.0000
2508700,42.67391,-71.09133,1.000,0.5819,HH,0.0000
2508730,41.97045,-71.33493,1.000,0.5819,HH,0.0000
2508760,42.26756,-72.06688,1.000,0.5819,HH,0.0000
2508790,42.67045,-71.71391,1.000,0.5819,HH,0.0000
2508820,42.57840,-71.08445,1.000,0.5819,HH,0.0000
2508850,42.32704,-72.67463,1.000,0.5819,HH,0.0000
2508880,42.32334,-71.64624,1.000,0.5819,HH,0.0000
2508940,42.12894,-71.65579,1.000,0.5819,HH,0.0000
2509000,41.96534,-71.18178,1.000,0.5819,HH,0.0000
2509030,42.16457,-70.81884,1.000,0.5819,HH,0.0000
2509060,42.18736,-71.19597,1.000,0.5819,HH,0.0000
2509090,41.37593,-70.48076,1.000,0.5819,HH,0.0000
2509180,42.60544,-72.29207,1.000,0.5819,HH,0.0000
2509270,42.12826,-71.86710,1.000,0.5819,HH,0.0000
2509300,42.18886,-72.30648,1.000,0.5819,HH,0.0000
2509360,42.53431,-70.96944,1.000,0.5819,HH,0.0000
2509420,42.06780,-70.80571,1.000,0.5819,HH,0.0000
2509450,42.79559,-70.98909,1.000,0.5819,HH,0.0000
2509600,42.70398,-72.52423,1.000,0.5819,HH,0.0000
2509630,42.45184,-73.26068,1.000,0.5819,HH,0.0000
2509690,42.01284,-71.33619,1.000,0.5819,HH,0.0000
2509720,41.89408,-70.61861,1.000,0.5819,HH,0.0000
2509780,41.95910,-70.80275,1.000,0.5819,HH,0.0000
2509870,42.26101,-71.00899,1.000,0.5819,HH,0.0000
2509930,42.17899,-71.05265,1.000,0.5819,HH,0.0000
2509990,42.53518,-71.10542,1.000,0.5819,HH,0.0000
2510050,42.42101,-70.99036,1.000,0.5819,HH,0.0000
2510140,41.76086,-70.83896,1.000,0.5819,HH,0.0000
2510170,42.12925,-70.90874,1.000,0.5819,HH,0.0000
2510200,42.65695,-70.60463,1.000,0.5819,HH,0.0000
2510380,42.49925,-70.89820,1.000,0.5819,HH,0.0000
2510470,41.71320,-70.48574,1.000,0.5819,HH,0.0000
2510500,42.46843,-71.01395,1.000,0.5819,HH,0.0000
2510560,42.20506,-70.74298,1.000,0.5819,HH,0.0000
2510590,41.83980,-71.31805,1.000,0.5819,HH,0.0000
2510620,42.10846,-71.18518,1.000,0.5819,HH,0.0000
2510770,42.28477,-71.71423,1.000,0.5819,HH,0.0000
2510860,41.73848,-71.16505,1.000,0.5819,HH,0.0000
2510890,42.39045,-71.10103,1.000,0.5819,HH,0.0000
2510920,42.25653,-72.58025,1.000,0.5819,HH,0.0000
2510950,42.22695,-72.74159,1.000,0.5819,HH,0.0000
2510980,42.29963,-71.52843,1.000,0.5819,HH,0.0000
2511010,42.05974,-72.03391,1.000,0.5819,HH,0.0000
2511040,42.13892,-73.33709,1.000,0.5819,HH,0.0000
2511130,42.11545,-72.53998,1.000,0.5819,HH,0.0000
2511220,42.47421,-71.09767,1.000,0.5819,HH,0.0000
2511250,42.11901,-71.10365,1.000,0.5819,HH,0.0000
2511310,42.10481,-72.08774,1.000,0.5819,HH,0.0000
2511340,42.38337,-71.42107,1.000,0.5819,HH,0.0000
2511370,42.46669,-72.54675,1.000,0.5819,HH,0.0000
2511400,42.13205,-71.75032,1.000,0.5819,HH,0.0000
2511430,42.46806,-70.89126,1.000,0.5819,HH,0.0000
2511460,41.75816,-71.21418,1.000,0.5819,HH,0.0000
2511520,41.90332,-71.09499,1.000,0.5819,HH,0.0000
2511580,42.61209,-71.22785,1.000,0.5819,HH,0.0000
2511670,42.64139,-70.94338,1.000,0.5819,HH,0.0000
2511740,42.77684,-70.87489,1.000,0.5819,HH,0.0000
2511760,42.66776,-71.42882,1.000,0.5819,HH,0.0000
2511850,42.06117,-71.64363,1.000,0.5819,HH,0.0000
2511880,42.39690,-71.87784,1.000,0.5819,HH,0.0000
2511910,42.50436,-71.06406,1.000,0.5819,HH,0.0000
2511970,42.14629,-71.25560,1.000,0.5819,HH,0.0000
2512000,42.38892,-71.24227,1.000,0.5819,HH,0.0000
2512030,42.27546,-72.28016,1.000,0.5819,HH,0.0000
2512060,41.76104,-70.70178,1.000,0.5819,HH,0.0000
2512100,42.22242,-72.18536,1.000,0.5819,HH,0.0000
2512180,42.36945,-71.17792,1.000,0.5819,HH,0.0000
2512210,42.36043,-71.36110,1.000,0.5819,HH,0.0000
2512240,42.04707,-71.84581,1.000,0.5819,HH,0.0000
2512270,42.30593,-71.28292,1.000,0.5819,HH,0.0000
2512390,42.36942,-71.78504,1.000,0.5819,HH,0.0000
2512420,42.02162,-71.02672,1.000,0.5819,HH,0.0000
2512510,42.12545,-72.64973,1.000,0.5819,HH,0.0000
2512600,42.26843,-71.61331,1.000,0.5819,HH,0.0000
2512630,42.13884,-72.75591,1.000,0.5819,HH,0.0000
2512660,42.58554,-71.44025,1.000,0.5819,HH,0.0000
2512750,42.36050,-71.30344,1.000,0.5819,HH,0.0000
2512780,41.57979,-71.08182,1.000,0.5819,HH,0.0000
2512810,42.21965,-71.21677,1.000,0.5819,HH,0.0000
2512840,42.20730,-70.94369,1.000,0.5819,HH,0.0000
2512930,42.06600,-70.89407,1.000,0.5819,HH,0.0000
2513050,42.56465,-71.16452,1.000,0.5819,HH,0.0000
2513080,42.66816,-72.05564,1.000,0.5819,HH,0.0000
2513110,42.45275,-71.14432,1.000,0.5819,HH,0.0000
2513170,42.37554,-70.97065,1.000,0.5819,HH,0.0000
2513200,42.48870,-71.15438,1.000,0.5819,HH,0.0000
2513230,42.26948,-71.80778,1.000,0.5819,HH,0.0000
2513290,42.05267,-71.35686,1.000,0.5819,HH,0.0000
2600005,42.33149,-85.23057,1.000,0.5819,HH,0.0000
2600013,46.72071,-87.41174,1.000,0.5819,HH,0.0000
2600015,42.29056,-83.39598,1.000,0.5819,HH,0.0000
2600016,42.33603,-83.29370,1.000,0.5819,HH,0.0000
2600017,43.80337,-83.01091,1.000,0.5819,HH,0.0000
2600018,46.56383,-88.73072,1.000,0.5819,HH,0.0000
2601103,42.38304,-83.10224,1.000,0.5819,HH,0.0000
2601890,47.04663,-88.73284,1.000,0.5819,HH,0.0000
2601950,41.91375,-84.03876,1.000,0.5819,HH,0.0000
2601980,42.04668,-83.37511,1.000,0.5819,HH,0.0000
2602010,43.54511,-83.55369,1.000,0.5819,HH,0.0000
2602160,44.69341,-83.27706,1.000,0.5819,HH,0.0000
2602190,42.61192,-82.64122,1.000,0.5819,HH,0.0000
2602220,42.53540,-85.88919,1.000,0.5819,HH,0.0000
2602520,42.24894,-83.21672,1.000,0.5819,HH,0.0000
2602550,42.97759,-85.95857,1.000,0.5819,HH,0.0000
2602640,43.38322,-84.74263,1.000,0.5819,HH,0.0000
2602670,42.91969,-83.03419,1.000,0.5819,HH,0.0000
2602730,44.91191,-83.32870,1.000,0.5819,HH,0.0000
2602790,42.70159,-82.73556,1.000,0.5819,HH,0.0000
2602820,42.28793,-83.73630,1.000,0.5819,HH,0.0000
2603240,42.84837,-82.89130,1.000,0.5819,HH,0.0000
2603510,42.13119,-85.24389,1.000,0.5819,HH,0.0000
2603540,42.98424,-83.62194,1.000,0.5819,HH,0.0000
2603690,42.62952,-83.18865,1.000,0.5819,HH,0.0000
2603870,42.31325,-86.10249,1.000,0.5819,HH,0.0000
2603900,43.64461,-83.89560,1.000,0.5819,HH,0.0000
2604020,45.79223,-87.37593,1.000,0.5819,HH,0.0000
2604170,42.82884,-84.44478,1.000,0.5819,HH,0.0000
2604260,43.61676,-83.96204,1.000,0.5819,HH,0.0000
2604290,43.67691,-84.89551,1.000,0.5819,HH,0.0000
2604440,43.92235,-84.37487,1.000,0.5819,HH,0.0000
2604470,41.77299,-83.59652,1.000,0.5819,HH,0.0000
2604500,43.08985,-83.69666,1.000,0.5819,HH,0.0000
2604530,43.07165,-85.25081,1.000,0.5819,HH,0.0000
2604650,42.46043,-85.05474,1.000,0.5819,HH,0.0000
2604740,42.97119,-83.66754,1.000,0.5819,HH,0.0000
2604800,43.01577,-83.59991,1.000,0.5819,HH,0.0000
2604830,42.09826,-86.38915,1.000,0.5819,HH,0.0000
2604950,44.62008,-85.98812,1.000,0.5819,HH,0.0000
2605010,42.49084,-83.18226,1.000,0.5819,HH,0.0000
2605430,41.94949,-86.36429,1.000,0.5819,HH,0.0000
2605780,43.70455,-85.49671,1.000,0.5819,HH,0.0000
2605820,43.25814,-83.82343,1.000,0.5819,HH,0.0000
2605850,42.53956,-83.25870,1.000,0.5819,HH,0.0000
2606000,41.80902,-83.87560,1.000,0.5819,HH,0.0000
2606090,42.57983,-83.27888,1.000,0.5819,HH,0.0000
2606270,42.40532,-86.01527,1.000,0.5819,HH,0.0000
2606500,45.22569,-85.02707,1.000,0.5819,HH,0.0000
2606570,42.84086,-83.44400,1.000,0.5819,HH,0.0000
2606600,41.78164,-86.24018,1.000,0.5819,HH,0.0000
2606630,43.45875,-84.43971,1.000,0.5819,HH,0.0000
2606720,45.87110,-88.00952,1.000,0.5819,HH,0.0000
2606780,43.34748,-83.90875,1.000,0.5819,HH,0.0000
2606840,41.94196,-86.54415,1.000,0.5819,HH,0.0000
2606870,42.51812,-83.76140,1.000,0.5819,HH,0.0000
2606900,46.46638,-84.87109,1.000,0.5819,HH,0.0000
2606930,41.95910,-83.80596,1.000,0.5819,HH,0.0000
2606960,41.85741,-85.16994,1.000,0.5819,HH,0.0000
2606990,42.10205,-84.27490,1.000,0.5819,HH,0.0000
2607040,43.21047,-82.97678,1.000,0.5819,HH,0.0000
2607080,42.09779,-83.28640,1.000,0.5819,HH,0.0000
2607140,41.82424,-86.39478,1.000,0.5819,HH,0.0000
2607170,44.50859,-85.69161,1.000,0.5819,HH,0.0000
2607320,43.58957,-84.39963,1.000,0.5819,HH,0.0000
2607530,42.81607,-83.97353,1.000,0.5819,HH,0.0000
2607560,42.80593,-85.71602,1.000,0.5819,HH,0.0000
2607590,44.24403,-85.56532,1.000,0.5819,HH,0.0000
2607620,42.81447,-85.51056,1.000,0.5819,HH,0.0000
2607690,47.45869,-88.16248,1.000,0.5819,HH,0.0000
2607710,41.75668,-84.68439,1.000,0.5819,HH,0.0000
2607800,43.02073,-82.90625,1.000,0.5819,HH,0.0000
2607890,42.96838,-83.73874,1.000,0.5819,HH,0.0000
2608040,43.48520,-83.38033,1.000,0.5819,HH,0.0000
2608130,43.17005,-84.88603,1.000,0.5819,HH,0.0000
2608160,43.40667,-82.63852,1.000,0.5819,HH,0.0000
2608400,43.58195,-83.13427,1.000,0.5819,HH,0.0000
2608430,41.89041,-85.98514,1.000,0.5819,HH,0.0000
2608520,43.22765,-85.50104,1.000,0.5819,HH,0.0000
2608580,42.48200,-83.03344,1.000,0.5819,HH,0.0000
2608640,43.25389,-85.06368,1.000,0.5819,HH,0.0000
2608670,41.90577,-85.53236,1.000,0.5819,HH,0.0000
2608730,45.28051,-85.24505,1.000,0.5819,HH,0.0000
2608770,42.60425,-84.82687,1.000,0.5819,HH,0.0000
2608910,45.60010,-84.43547,1.000,0.5819,HH,0.0000
2608940,42.31892,-84.04891,1.000,0.5819,HH,0.0000
2609150,43.19960,-84.12639,1.000,0.5819,HH,0.0000
2609560,43.67115,-85.13695,1.000,0.5819,HH,0.0000
2609570,42.62482,-82.93325,1.000,0.5819,HH,0.0000
2609750,43.83783,-84.71717,1.000,0.5819,HH,0.0000
2609840,42.43757,-83.33660,1.000,0.5819,HH,0.0000
2609900,42.74129,-83.42691,1.000,0.5819,HH,0.0000
2609930,42.53666,-83.15048,1.000,0.5819,HH,0.0000
2610020,42.21022,-85.36361,1.000,0.5819,HH,0.0000
2610050,42.08360,-83.97766,1.000,0.5819,HH,0.0000
2610080,42.55423,-82.90272,1.000,0.5819,HH,0.0000
2610110,43.18290,-83.72271,1.000,0.5819,HH,0.0000
2610140,41.91187,-84.99723,1.000,0.5819,HH,0.0000
2610200,43.72054,-84.55860,1.000,0.5819,HH,0.0000
2610380,42.19025,-86.32856,1.000,0.5819,HH,0.0000
2610410,41.98139,-85.32422,1.000,0.5819,HH,0.0000
2610590,42.27926,-85.50228,1.000,0.5819,HH,0.0000
2610620,43.06273,-85.65726,1.000,0.5819,HH,0.0000
2610650,42.16567,-84.62601,1.000,0.5819,HH,0.0000
2610750,41.83818,-85.77021,1.000,0.5819,HH,0.0000
2610830,43.06861,-85.91546,1.000,0.5819,HH,0.0000
2610860,42.99766,-84.05660,1.000,0.5819,HH,0.0000
2611140,43.24392,-82.63472,1.000,0.5819,HH,0.0000
2611190,46.20636,-88.32583,1.000,0.5819,HH,0.0000
2611400,42.55922,-84.27628,1.000,0.5819,HH,0.0000
2611430,43.02777,-83.51337,1.000,0.5819,HH,0.0000
2611550,42.82845,-84.59230,1.000,0.5819,HH,0.0000
2611600,42.31587,-83.21717,1.000,0.5819,HH,0.0000
2611610,42.27585,-83.24635,1.000,0.5819,HH,0.0000
2611640,42.28884,-83.29855,1.000,0.5819,HH,0.0000
2611670,42.10210,-85.99912,1.000,0.5819,HH,0.0000
2611700,43.56260,-82.74586,1.000,0.5819,HH,0.0000
2611910,42.50607,-85.41723,1.000,0.5819,HH,0.0000
2612030,42.36202,-83.88434,1.000,0.5819,HH,0.0000
2612150,42.01538,-86.12674,1.000,0.5819,HH,0.0000
2612240,42.93757,-83.17403,1.000,0.5819,HH,0.0000
2612300,41.98112,-83.64019,1.000,0.5819,HH,0.0000
2612330,42.91585,-83.99323,1.000,0.5819,HH,0.0000
2612420,42.78003,-82.56878,1.000,0.5819,HH,0.0000
2612450,42.46602,-82.95537,1.000,0.5819,HH,0.0000
2612480,42.94658,-85.60676,1.000,0.5819,HH,0.0000
2612540,42.29962,-84.30278,1.000,0.5819,HH,0.0000
2612560,45.14525,-85.11622,1.000,0.5819,HH,0.0000
2612600,42.73643,-84.48000,1.000,0.5819,HH,0.0000
2612690,42.51577,-84.65794,1.000,0.5819,HH,0.0000
2612810,42.01524,-86.29176,1.000,0.5819,HH,0.0000
2612930,42.24959,-83.14044,1.000,0.5819,HH,0.0000
2612960,43.46239,-85.03327,1.000,0.5819,HH,0.0000
2612990,41.78637,-86.05748,1.000,0.5819,HH,0.0000
2613050,44.84722,-85.36380,1.000,0.5819,HH,0.0000
2613090,43.83899,-83.21108,1.000,0.5819,HH,0.0000
2613500,45.77975,-87.21218,1.000,0.5819,HH,0.0000
2613530,43.61774,-83.77997,1.000,0.5819,HH,0.0000
2613560,43.91812,-85.23339,1.000,0.5819,HH,0.0000
2614070,42.48565,-83.37596,1.000,0.5819,HH,0.0000
2614100,43.87974,-84.93101,1.000,0.5819,HH,0.0000
2614230,42.55584,-86.10728,1.000,0.5819,HH,0.0000
2614250,42.75314,-83.71514,1.000,0.5819,HH,0.0000
2614280,42.46055,-83.14328,1.000,0.5819,HH,0.0000
2614460,42.46215,-83.06384,1.000,0.5819,HH,0.0000
2614520,43.03209,-83.69202,1.000,0.5819,HH,0.0000
2614550,43.06764,-83.85842,1.000,0.5819,HH,0.0000
2614610,42.95800,-85.51834,1.000,0.5819,HH,0.0000
2614690,46.31513,-87.37376,1.000,0.5819,HH,0.0000
2614730,42.65637,-84.08599,1.000,0.5819,HH,0.0000
2614760,43.35756,-83.74851,1.000,0.5819,HH,0.0000
2614790,44.66368,-86.25750,1.000,0.5819,HH,0.0000
2614820,42.54899,-82.94766,1.000,0.5819,HH,0.0000
2615060,43.51415,-84.10609,1.000,0.5819,HH,0.0000
2615150,43.46576,-85.95160,1.000,0.5819,HH,0.0000
2615390,43.14318,-86.13613,1.000,0.5819,HH,0.0000
2615420,43.15665,-84.67381,1.000,0.5819,HH,0.0000
2615450,42.28894,-85.38317,1.000,0.5819,HH,0.0000
2615540,42.32451,-83.34128,1.000,0.5819,HH,0.0000
2615730,44.99584,-84.71185,1.000,0.5819,HH,0.0000
2615830,44.48181,-84.52978,1.000,0.5819,HH,0.0000
2615870,42.07593,-83.20041,1.000,0.5819,HH,0.0000
2615970,45.86252,-87.13277,1.000,0.5819,HH,0.0000
2615990,44.03947,-84.47923,1.000,0.5819,HH,0.0000
2616020,45.00977,-86.13630,1.000,0.5819,HH,0.0000
2616050,42.35197,-85.83730,1.000,0.5819,HH,0.0000
2616080,42.93235,-85.69776,1.000,0.5819,HH,0.0000
2616110,42.89881,-85.66528,1.000,0.5819,HH,0.0000
2616320,42.91553,-83.49978,1.000,0.5819,HH,0.0000
2616350,42.91879,-83.63851,1.000,0.5819,HH,0.0000
2616380,43.01173,-86.16182,1.000,0.5819,HH,0.0000
2616410,42.76330,-84.75246,1.000,0.5819,HH,0.0000
2616440,42.96413,-85.65852,1.000,0.5819,HH,0.0000
2616470,42.91984,-85.77718,1.000,0.5819,HH,0.0000
2616500,43.32548,-85.80545,1.000,0.5819,HH,0.0000
2616830,42.26790,-84.19660,1.000,0.5819,HH,0.0000
2617160,43.19240,-85.26507,1.000,0.5819,HH,0.0000
2617220,42.12990,-83.15077,1.000,0.5819,HH,0.0000
2617250,42.38327,-85.38898,1.000,0.5819,HH,0.0000
2617400,42.69694,-86.00889,1.000,0.5819,HH,0.0000
2617520,42.39537,-83.05594,1.000,0.5819,HH,0.0000
2617550,47.22970,-88.62166,1.000,0.5819,HH,0.0000
2617640,42.10778,-84.50922,1.000,0.5819,HH,0.0000
2617700,45.52188,-84.99078,1.000,0.5819,HH,0.0000
2617730,42.24912,-85.12315,1.000,0.5819,HH,0.0000
2617760,42.43669,-82.93344,1.000,0.5819,HH,0.0000
2617820,44.05019,-84.78417,1.000,0.5819,HH,0.0000
2617860,43.65122,-86.53891,1.000,0.5819,HH,0.0000
2617880,42.18195,-86.16294,1.000,0.5819,HH,0.0000
2617910,42.65822,-83.76986,1.000,0.5819,HH,0.0000
2617940,42.76314,-84.37936,1.000,0.5819,HH,0.0000
2617970,42.59190,-85.28021,1.000,0.5819,HH,0.0000
2618030,42.46222,-83.10243,1.000,0.5819,HH,0.0000
2618180,43.42605,-84.21405,1.000,0.5819,HH,0.0000
2618270,43.61361,-86.05453,1.000,0.5819,HH,0.0000
2618360,45.06923,-84.04306,1.000,0.5819,HH,0.0000
2618390,41.88630,-84.62270,1.000,0.5819,HH,0.0000
2618420,42.77255,-86.12153,1.000,0.5819,HH,0.0000
2618450,42.78307,-83.58389,1.000,0.5819,HH,0.0000
2618480,42.64446,-84.57793,1.000,0.5819,HH,0.0000
2618510,43.38689,-86.11169,1.000,0.5819,HH,0.0000
2618540,42.13933,-84.81983,1.000,0.5819,HH,0.0000
2618570,42.65803,-85.77064,1.000,0.5819,HH,0.0000
2618600,44.28390,-84.69695,1.000,0.5819,HH,0.0000
2618720,42.62093,-83.93374,1.000,0.5819,HH,0.0000
2618810,41.86296,-84.30476,1.000,0.5819,HH,0.0000
2618840,42.85509,-85.87454,1.000,0.5819,HH,0.0000
2618930,42.13326,-83.37869,1.000,0.5819,HH,0.0000
2618990,42.62556,-83.59616,1.000,0.5819,HH,0.0000
2619050,41.88288,-83.56224,1.000,0.5819,HH,0.0000
2619100,43.05763,-83.08048,1.000,0.5819,HH,0.0000
2619170,45.40756,-84.55326,1.000,0.5819,HH,0.0000
2619250,43.00596,-85.00964,1.000,0.5819,HH,0.0000
2619410,45.82773,-88.06157,1.000,0.5819,HH,0.0000
2619470,46.64683,-90.11484,1.000,0.5819,HH,0.0000
2619530,46.48894,-87.66713,1.000,0.5819,HH,0.0000
2619580,43.26993,-84.59187,1.000,0.5819,HH,0.0000
2619620,42.21448,-84.42118,1.000,0.5819,HH,0.0000
2619800,41.97563,-83.27984,1.000,0.5819,HH,0.0000
2619830,42.90921,-85.81949,1.000,0.5819,HH,0.0000
2619890,44.95055,-84.38293,1.000,0.5819,HH,0.0000
2619920,42.00626,-84.63516,1.000,0.5819,HH,0.0000
2619950,42.27822,-85.63732,1.000,0.5819,HH,0.0000
2620010,44.27460,-85.97373,1.000,0.5819,HH,0.0000
2620050,44.60614,-84.96344,1.000,0.5819,HH,0.0000
2620070,43.07319,-83.60676,1.000,0.5819,HH,0.0000
2620160,42.87844,-85.67213,1.000,0.5819,HH,0.0000
2620280,43.03647,-85.75733,1.000,0.5819,HH,0.0000
2620310,43.24143,-85.76135,1.000,0.5819,HH,0.0000
2620340,42.87061,-85.60843,1.000,0.5819,HH,0.0000
2620380,44.57650,-85.54265,1.000,0.5819,HH,0.0000
2620400,43.41962,-83.21605,1.000,0.5819,HH,0.0000
2620550,42.88180,-84.37082,1.000,0.5819,HH,0.0000
2620610,44.40625,-85.10632,1.000,0.5819,HH,0.0000
2620670,42.86725,-83.72609,1.000,0.5819,HH,0.0000
2620700,47.07260,-88.27174,1.000,0.5819,HH,0.0000
2620730,42.75687,-83.26194,1.000,0.5819,HH,0.0000
2620820,41.99278,-86.48998,1.000,0.5819,HH,0.0000
2620850,42.27928,-85.20761,1.000,0.5819,HH,0.0000
2620880,42.48641,-82.90277,1.000,0.5819,HH,0.0000
2620910,43.40233,-85.27310,1.000,0.5819,HH,0.0000
2620940,43.16940,-83.45920,1.000,0.5819,HH,0.0000
2620980,42.77406,-85.12437,1.000,0.5819,HH,0.0000
2621120,42.51893,-83.10516,1.000,0.5819,HH,0.0000
2621150,42.73900,-84.55220,1.000,0.5819,HH,0.0000
2621180,43.03311,-83.31642,1.000,0.5819,HH,0.0000
2621240,42.13827,-85.84211,1.000,0.5819,HH,0.0000
2621390,45.14082,-85.98830,1.000,0.5819,HH,0.0000
2621450,42.45313,-84.44443,1.000,0.5819,HH,0.0000
2621570,42.14750,-83.58023,1.000,0.5819,HH,0.0000
2621600,42.24329,-83.18126,1.000,0.5819,HH,0.0000
2621690,42.80724,-83.82468,1.000,0.5819,HH,0.0000
2621840,42.38636,-83.37554,1.000,0.5819,HH,0.0000
2621870,42.61845,-82.83784,1.000,0.5819,HH,0.0000
2622050,42.94135,-85.36644,1.000,0.5819,HH,0.0000
2622200,43.96698,-86.42420,1.000,0.5819,HH,0.0000
2622320,41.86615,-84.02601,1.000,0.5819,HH,0.0000
2622350,44.89476,-85.06329,1.000,0.5819,HH,0.0000
2622380,42.17012,-84.04521,1.000,0.5819,HH,0.0000
2622410,44.15603,-86.39994,1.000,0.5819,HH,0.0000
2622470,45.98690,-86.17342,1.000,0.5819,HH,0.0000
2622500,44.43308,-85.39499,1.000,0.5819,HH,0.0000
2622620,42.61164,-85.05592,1.000,0.5819,HH,0.0000
2622740,42.02143,-85.86089,1.000,0.5819,HH,0.0000
2622800,44.08323,-85.12146,1.000,0.5819,HH,0.0000
2622830,42.30957,-84.87863,1.000,0.5819,HH,0.0000
2622860,43.36529,-83.05286,1.000,0.5819,HH,0.0000
2622970,42.22489,-84.97259,1.000,0.5819,HH,0.0000
2622980,42.54621,-85.63790,1.000,0.5819,HH,0.0000
2623040,42.89726,-82.54584,1.000,0.5819,HH,0.0000
2623070,42.58064,-84.46189,1.000,0.5819,HH,0.0000
2623100,41.79123,-83.48600,1.000,0.5819,HH,0.0000
2623130,44.08190,-86.44960,1.000,0.5819,HH,0.0000
2623160,44.02758,-86.17108,1.000,0.5819,HH,0.0000
2623250,42.20327,-85.75175,1.000,0.5819,HH,0.0000
2623280,43.33275,-83.35797,1.000,0.5819,HH,0.0000
2623310,44.21579,-85.14095,1.000,0.5819,HH,0.0000
2623460,42.27867,-83.19096,1.000,0.5819,HH,0.0000
2623490,42.91998,-82.73252,1.000,0.5819,HH,0.0000
2623520,42.01565,-85.47367,1.000,0.5819,HH,0.0000
2623550,45.28245,-87.45494,1.000,0.5819,HH,0.0000
2623580,43.73772,-84.37814,1.000,0.5819,HH,0.0000
2623610,43.38062,-84.32060,1.000,0.5819,HH,0.0000
2623670,44.38493,-85.70497,1.000,0.5819,HH,0.0000
2623790,42.22792,-84.30608,1.000,0.5819,HH,0.0000
2623820,43.67695,-84.23755,1.000,0.5819,HH,0.0000
2623850,42.08145,-83.66598,1.000,0.5819,HH,0.0000
2623910,43.25928,-83.55017,1.000,0.5819,HH,0.0000
2624000,44.61449,-84.15780,1.000,0.5819,HH,0.0000
2624120,43.17070,-86.25224,1.000,0.5819,HH,0.0000
2624150,41.93732,-83.44229,1.000,0.5819,HH,0.0000
2624180,43.47999,-86.36615,1.000,0.5819,HH,0.0000
2624420,43.17394,-83.87710,1.000,0.5819,HH,0.0000
2624570,41.76024,-84.21587,1.000,0.5819,HH,0.0000
2624600,43.55107,-85.45400,1.000,0.5819,HH,0.0000
2624630,42.84346,-84.14048,1.000,0.5819,HH,0.0000
2624720,43.13162,-83.67895,1.000,0.5819,HH,0.0000
2624750,43.63494,-84.76393,1.000,0.5819,HH,0.0000
2624810,46.55800,-86.67998,1.000,0.5819,HH,0.0000
2624840,43.22610,-86.26355,1.000,0.5819,HH,0.0000
2624960,42.17045,-84.25470,1.000,0.5819,HH,0.0000
2625020,46.46400,-87.57656,1.000,0.5819,HH,0.0000
2625140,41.78827,-86.72262,1.000,0.5819,HH,0.0000
2625230,42.72661,-82.84495,1.000,0.5819,HH,0.0000
2625290,43.13921,-83.99788,1.000,0.5819,HH,0.0000
2625320,43.42303,-85.71878,1.000,0.5819,HH,0.0000
2625350,46.65684,-85.59464,1.000,0.5819,HH,0.0000
2625400,46.48413,-87.89750,1.000,0.5819,HH,0.0000
2625560,41.85927,-86.23552,1.000,0.5819,HH,0.0000
2625680,43.22165,-83.21888,1.000,0.5819,HH,0.0000
2625740,42.44440,-82.87366,1.000,0.5819,HH,0.0000
2625800,43.24861,-86.28723,1.000,0.5819,HH,0.0000
2625950,43.03348,-85.59342,1.000,0.5819,HH,0.0000
2625980,42.42520,-83.50930,1.000,0.5819,HH,0.0000
2626010,42.36195,-84.43552,1.000,0.5819,HH,0.0000
2626040,45.80246,-87.81320,1.000,0.5819,HH,0.0000
2626130,42.47763,-83.48556,1.000,0.5819,HH,0.0000
2626190,42.45879,-83.18706,1.000,0.5819,HH,0.0000
2626220,43.25677,-86.08252,1.000,0.5819,HH,0.0000
2626280,42.70329,-84.42200,1.000,0.5819,HH,0.0000
2626370,42.44120,-84.89384,1.000,0.5819,HH,0.0000
2626400,45.37437,-84.19491,1.000,0.5819,HH,0.0000
2626520,41.99353,-84.17915,1.000,0.5819,HH,0.0000
2626760,43.23631,-86.17788,1.000,0.5819,HH,0.0000
2626940,47.13417,-88.46654,1.000,0.5819,HH,0.0000
2627060,42.41030,-85.71978,1.000,0.5819,HH,0.0000
2627150,43.05152,-84.37867,1.000,0.5819,HH,0.0000
2627210,43.02329,-84.21262,1.000,0.5819,HH,0.0000
2627240,42.84991,-83.24059,1.000,0.5819,HH,0.0000
2627420,42.34477,-85.56381,1.000,0.5819,HH,0.0000
2627660,42.23998,-85.89290,1.000,0.5819,HH,0.0000
2627720,45.60886,-84.83193,1.000,0.5819,HH,0.0000
2627810,42.38507,-85.11687,1.000,0.5819,HH,0.0000
2627900,42.81781,-84.25847,1.000,0.5819,HH,0.0000
2627930,45.31257,-84.86356,1.000,0.5819,HH,0.0000
2627960,42.95177,-84.81084,1.000,0.5819,HH,0.0000
2628020,46.14343,-84.31125,1.000,0.5819,HH,0.0000
2628140,42.46787,-83.91849,1.000,0.5819,HH,0.0000
2628170,43.83257,-84.07543,1.000,0.5819,HH,0.0000
2628200,44.05502,-85.55090,1.000,0.5819,HH,0.0000
2628530,42.43705,-85.60017,1.000,0.5819,HH,0.0000
2628560,42.34697,-83.51673,1.000,0.5819,HH,0.0000
2628740,42.66037,-83.27886,1.000,0.5819,HH,0.0000
2628830,43.01750,-82.53229,1.000,0.5819,HH,0.0000
2628890,46.96850,-88.63520,1.000,0.5819,HH,0.0000
2628950,42.20519,-85.58613,1.000,0.5819,HH,0.0000
2629120,42.84836,-84.90684,1.000,0.5819,HH,0.0000
2629160,42.64429,-84.73122,1.000,0.5819,HH,0.0000
2629250,41.91940,-84.86840,1.000,0.5819,HH,0.0000
2629370,43.19856,-85.96282,1.000,0.5819,HH,0.0000
2629400,41.84332,-84.77679,1.000,0.5819,HH,0.0000
2629460,42.41535,-83.29835,1.000,0.5819,HH,0.0000
2629490,43.86224,-85.51854,1.000,0.5819,HH,0.0000
2629520,43.47374,-83.70816,1.000,0.5819,HH,0.0000
2629540,43.30584,-86.25002,1.000,0.5819,HH,0.0000
2629670,42.81968,-82.73718,1.000,0.5819,HH,0.0000
2629760,42.27435,-83.12416,1.000,0.5819,HH,0.0000
2629790,41.83479,-86.55511,1.000,0.5819,HH,0.0000
2629910,42.17385,-83.19163,1.000,0.5819,HH,0.0000
2629940,42.70358,-83.14730,1.000,0.5819,HH,0.0000
2630030,43.10438,-85.51558,1.000,0.5819,HH,0.0000
2630060,45.34627,-83.90708,1.000,0.5819,HH,0.0000
2630090,42.79061,-83.02911,1.000,0.5819,HH,0.0000
2630120,42.22860,-83.36149,1.000,0.5819,HH,0.0000
2630210,42.50675,-82.93635,1.000,0.5819,HH,0.0000
2630300,42.50900,-83.15461,1.000,0.5819,HH,0.0000
2630360,46.22420,-84.78679,1.000,0.5819,HH,0.0000
2630390,43.41728,-83.89893,1.000,0.5819,HH,0.0000
2630450,43.44721,-84.02165,1.000,0.5819,HH,0.0000
2630660,42.16541,-83.81418,1.000,0.5819,HH,0.0000
2630780,41.79515,-84.07578,1.000,0.5819,HH,0.0000
2630840,43.42901,-82.86633,1.000,0.5819,HH,0.0000
2630930,42.93005,-85.20698,1.000,0.5819,HH,0.0000
2630960,42.67148,-86.18658,1.000,0.5819,HH,0.0000
2630990,46.38358,-84.27475,1.000,0.5819,HH,0.0000
2631020,42.11731,-85.67600,1.000,0.5819,HH,0.0000
2631320,43.61419,-86.53583,1.000,0.5819,HH,0.0000
2631380,43.53149,-84.71736,1.000,0.5819,HH,0.0000
2632220,42.46002,-82.90285,1.000,0.5819,HH,0.0000
2632250,42.44794,-83.63558,1.000,0.5819,HH,0.0000
2632280,42.37318,-83.29213,1.000,0.5819,HH,0.0000
2632300,42.41548,-86.21533,1.000,0.5819,HH,0.0000
2632310,42.47725,-83.26255,1.000,0.5819,HH,0.0000
2632340,42.20586,-83.20615,1.000,0.5819,HH,0.0000
2632370,43.15144,-85.73741,1.000,0.5819,HH,0.0000
2632550,43.06821,-86.10967,1.000,0.5819,HH,0.0000
2632610,42.35690,-84.68143,1.000,0.5819,HH,0.0000
2632640,43.30019,-84.16361,1.000,0.5819,HH,0.0000
2632670,42.52205,-82.89382,1.000,0.5819,HH,0.0000
2632820,42.97971,-84.57346,1.000,0.5819,HH,0.0000
2632850,42.05967,-86.45630,1.000,0.5819,HH,0.0000
2632880,43.45886,-84.57836,1.000,0.5819,HH,0.0000
2632910,46.21965,-88.74903,1.000,0.5819,HH,0.0000
2632940,44.00807,-83.91208,1.000,0.5819,HH,0.0000
2633000,45.42728,-87.51499,1.000,0.5819,HH,0.0000
2633030,42.44238,-84.17928,1.000,0.5819,HH,0.0000
2633090,41.80284,-85.41457,1.000,0.5819,HH,0.0000
2633120,41.88266,-83.70368,1.000,0.5819,HH,0.0000
2633360,44.94399,-85.64104,1.000,0.5819,HH,0.0000
2633410,43.38282,-84.06698,1.000,0.5819,HH,0.0000
2633420,42.93798,-83.83610,1.000,0.5819,HH,0.0000
2633510,44.33343,-83.34795,1.000,0.5819,HH,0.0000
2633540,42.22753,-83.27353,1.000,0.5819,HH,0.0000
2633720,42.00204,-83.95661,1.000,0.5819,HH,0.0000
2633810,42.69745,-85.44875,1.000,0.5819,HH,0.0000
2633840,41.97955,-85.67594,1.000,0.5819,HH,0.0000
2633870,44.79494,-85.58479,1.000,0.5819,HH,0.0000
2633900,42.13512,-83.19577,1.000,0.5819,HH,0.0000
2633930,43.36997,-85.52419,1.000,0.5819,HH,0.0000
2634260,42.58388,-83.14553,1.000,0.5819,HH,0.0000
2634380,43.68974,-82.88851,1.000,0.5819,HH,0.0000
2634410,42.06307,-85.13478,1.000,0.5819,HH,0.0000
2634440,43.67495,-83.46029,1.000,0.5819,HH,0.0000
2634470,42.64611,-83.02817,1.000,0.5819,HH,0.0000
2634560,42.20643,-83.48690,1.000,0.5819,HH,0.0000
2634650,42.19419,-84.38550,1.000,0.5819,HH,0.0000
2634680,42.46432,-83.00685,1.000,0.5819,HH,0.0000
2634710,43.37592,-83.56853,1.000,0.5819,HH,0.0000
2634920,43.40463,-84.91034,1.000,0.5819,HH,0.0000
2634950,42.12119,-85.46569,1.000,0.5819,HH,0.0000
2635160,42.55694,-83.47313,1.000,0.5819,HH,0.0000
2635190,42.53493,-83.04542,1.000,0.5819,HH,0.0000
2635220,42.49994,-82.98509,1.000,0.5819,HH,0.0000
2635310,42.65956,-83.39378,1.000,0.5819,HH,0.0000
2635460,42.14790,-86.25502,1.000,0.5819,HH,0.0000
2635520,42.73550,-84.62424,1.000,0.5819,HH,0.0000
2635550,42.67693,-85.63425,1.000,0.5819,HH,0.0000
2635730,42.67055,-84.18475,1.000,0.5819,HH,0.0000
2635820,42.57649,-83.37789,1.000,0.5819,HH,0.0000
2635850,44.32817,-84.18911,1.000,0.5819,HH,0.0000
2635910,42.85392,-86.13475,1.000,0.5819,HH,0.0000
2635940,42.26420,-84.56725,1.000,0.5819,HH,0.0000
2635970,43.06822,-83.75732,1.000,0.5819,HH,0.0000
2636060,43.60542,-85.73511,1.000,0.5819,HH,0.0000
2636120,41.79326,-85.67175,1.000,0.5819,HH,0.0000
2636270,41.77181,-83.72039,1.000,0.5819,HH,0.0000
2636300,43.38776,-86.30179,1.000,0.5819,HH,0.0000
2636330,42.39131,-83.74647,1.000,0.5819,HH,0.0000
2636390,44.21582,-83.89441,1.000,0.5819,HH,0.0000
2636420,42.68821,-84.29734,1.000,0.5819,HH,0.0000
2636485,42.14635,-83.27146,1.000,0.5819,HH,0.0000
2636540,42.21067,-83.15721,1.000,0.5819,HH,0.0000
2636570,42.89940,-85.70724,1.000,0.5819,HH,0.0000
2636600,43.08084,-82.74619,1.000,0.5819,HH,0.0000
2636630,42.26449,-83.60699,1.000,0.5819,HH,0.0000
2636660,42.84619,-85.99449,1.000,0.5819,HH,0.0000
2700001,47.56536,-92.72324,-0.333,0.8126,LL,0.0000
2700005,43.67903,-93.71403,-1.000,2.6447,LL,0.0000
2700006,43.90613,-93.98850,-1.000,2.8250,LL,0.0000
2700007,43.69504,-92.31797,-0.333,0.8126,LL,0.0000
2700008,47.78880,-92.52573,-0.333,0.7189,LL,0.0000
2700013,44.24523,-93.57558,-0.333,1.0939,LL,0.0000
2700017,45.39058,-92.80503,-0.333,0.8126,LL,0.0000
2700019,45.62854,-95.44557,-1.000,3.0053,LL,0.0000
2700022,46.43427,-95.18651,-1.000,3.0053,LL,0.0000
2700088,44.60869,-95.63484,-1.000,3.0053,LL,0.0000
2700090,43.98698,-95.84168,-1.000,3.0053,LL,0.0000
2700091,45.00035,-95.36169,-1.000,3.0053,LL,0.0000
2700099,44.73925,-95.65535,-1.000,3.0053,LL,0.0000
2700100,43.60316,-92.10875,-0.333,0.7189,LL,0.0000
2700102,44.56809,-94.12121,-1.000,3.0053,LL,0.0000
2700104,45.89222,-95.94004,-1.000,3.0053,LL,0.0000
2700106,45.07358,-94.74720,-1.000,3.0053,LL,0.0000
2700108,43.97783,-96.31107,-1.000,3.0053,LL,0.0000
2700109,45.93003,-94.84296,-1.000,3.0053,LL,0.0000
2700123,45.04236,-94.03968,-1.000,2.6447,LL,0.0000
2700124,43.59820,-94.54352,-1.000,3.0053,LL,0.0000
2700125,45.13183,-96.07322,-1.000,3.0053,LL,0.0000
2700128,44.79721,-94.19354,-1.000,3.0053,LL,0.0000
2700130,43.66347,-94.06141,-1.000,3.0053,LL,0.0000
2700150,45.53320,-96.48359,-1.000,3.0053,LL,0.0000
2700162,46.86939,-96.06128,-1.000,3.0053,LL,0.0000
2700163,44.79039,-95.22000,-1.000,3.0053,LL,0.0000
2700182,44.56316,-95.13705,-1.000,3.0053,LL,0.0000
2700183,44.13045,-95.45239,-1.000,3.0053,LL,0.0000
2700287,44.18473,-92.19417,-0.333,0.8126,LL,0.0000
2700294,44.25153,-96.06934,-1.000,3.0053,LL,0.0000
2700326,44.20332,-95.73433,-1.000,3.0053,LL,0.0000
2700379,44.40640,-93.61552,-0.333,1.1877,LL,0.0000
2700382,45.99641,-95.66177,-1.000,3.0053,LL,0.0000
2700383,45.62363,-95.89310,-1.000,3.0053,LL,0.0000
2700385,47.89912,-95.86996,-1.000,3.0053,LL,0.0000
2700388,43.64151,-95.47369,-1.000,3.0053,LL,0.0000
2700466,47.55771,-92.48443,-0.333,0.8126,LL,0.0000
2700480,47.30346,-96.61181,-1.000,3.0053,LL,0.0000
2702640,44.88044,-94.06141,-1.000,2.6447,LL,0.0000
2702720,43.62444,-92.74306,-0.333,0.8126,LL,0.0000
2702730,43.69214,-95.92071,-1.000,3.0053,LL,0.0000
2702930,45.60819,-94.56425,-1.000,3.0053,LL,0.0000
2703060,45.91526,-95.38653,-1.000,3.0053,LL,0.0000
2703150,45.26957,-94.12156,-1.000,2.6447,LL,0.0000
2703180,45.21976,-93.33442,-0.333,0.8126,LL,0.0000
2703300,46.11811,-95.83630,-1.000,3.0053,LL,0.0000
2703450,43.66937,-93.01106,-0.333,0.8126,LL,0.0000
2703660,46.65239,-96.47240,-1.000,3.0053,LL,0.0000
2703750,46.30732,-95.69081,-1.000,3.0053,LL,0.0000
2704050,44.61968,-93.78196,-1.000,2.1037,LL,0.0000
2705430,46.24544,-95.07557,-1.000,3.0053,LL,0.0000
2705660,44.78062,-94.92545,-1.000,3.0053,LL,0.0000
2705760,43.85645,-93.06875,-0.333,0.8126,LL,0.0000
2705790,44.82967,-93.31522,-0.333,0.8126,LL,0.0000
2706060,45.72312,-93.19875,-0.333,0.8126,LL,0.0000
2706150,46.36238,-96.51842,-1.000,3.0053,LL,0.0000
2707200,45.14788,-93.81664,-1.000,1.9234,LL,0.0000
2707290,44.78759,-93.30814,-0.333,0.8126,LL,0.0000
2707350,44.01263,-92.62675,-0.333,0.8126,LL,0.0000
2707380,43.61371,-91.43051,0.333,-0.0240,LH,0.0000
2707410,45.54234,-93.26058,-0.333,0.8126,LL,0.0000
2707470,44.71547,-96.26098,-1.000,3.0053,LL,0.0000
2707500,44.47897,-92.85304,-0.333,0.8126,LL,0.0000
2708100,45.15546,-93.10686,-0.333,0.8126,LL,0.0000
2708190,44.80024,-93.63792,-0.333,0.9064,LL,0.0000
2708220,43.84327,-92.20389,-0.333,0.8126,LL,0.0000
2709330,44.30535,-93.81954,-1.000,2.6447,LL,0.0000
2709420,46.75098,-92.53337,-0.333,0.7189,LL,0.0000
2709440,45.46657,-94.46134,-1.000,3.0053,LL,0.0000
2709480,47.34378,-93.35059,-0.333,0.8126,LL,0.0000
2709510,45.05225,-93.25383,-0.333,0.8126,LL,0.0000
2710090,44.89932,-96.01237,-1.000,3.0053,LL,0.0000
2710170,45.04038,-93.76937,-0.333,1.0939,LL,0.0000
2710230,46.92360,-95.78375,-1.000,3.0053,LL,0.0000
2710260,46.95500,-96.55075,-1.000,3.0053,LL,0.0000
2711010,43.99502,-92.21556,-0.333,0.8126,LL,0.0000
2711040,46.94463,-92.05775,-0.333,0.6251,LL,0.0000
2711130,47.95647,-96.92324,-1.000,3.0053,LL,0.0000
2711190,45.32513,-94.52179,-1.000,3.0053,LL,0.0000
2711220,43.88210,-96.10164,-1.000,3.0053,LL,0.0000
2711250,44.89108,-93.35782,-0.333,0.8126,LL,0.0000
2711370,45.32725,-93.57221,-0.333,0.9064,LL,0.0000
2711520,47.90732,-91.93231,-0.333,0.7189,LL,0.0000
2711670,44.90502,-93.54762,-0.333,0.8126,LL,0.0000
2711760,44.30942,-93.25046,-0.333,0.8126,LL,0.0000
2712270,45.27387,-92.99451,-0.333,0.8126,LL,0.0000
2712360,46.81180,-95.57476,-1.000,3.0053,LL,0.0000
2712420,45.08462,-93.25924,-0.333,0.8126,LL,0.0000
2712480,43.85791,-95.62911,-1.000,3.0053,LL,0.0000
2712580,44.55029,-94.52231,-1.000,3.0053,LL,0.0000
2712900,44.41871,-92.59102,-0.333,0.8126,LL,0.0000
2713380,45.47772,-95.78013,-1.000,3.0053,LL,0.0000
2713530,44.69454,-92.86258,-0.333,0.8126,LL,0.0000
2713560,46.84775,-96.31225,-1.000,3.0053,LL,0.0000
2713590,43.84471,-92.81846,-0.333,0.8126,LL,0.0000
2713860,46.31903,-95.46449,-1.000,3.0053,LL,0.0000
2713920,46.89295,-92.22765,-0.333,0.7189,LL,0.0000
2713980,47.40629,-92.96936,-0.333,0.8126,LL,0.0000
2714040,43.58002,-96.36219,-1.000,3.0053,LL,0.0000
2714220,44.84685,-93.45734,-0.333,0.8126,LL,0.0000
2714260,44.93777,-93.41244,-0.333,0.8126,LL,0.0000
2714280,43.77677,-91.57458,0.333,-0.0024,LH,0.0000
2715030,44.82472,-93.04458,-0.333,0.8126,LL,0.0000
2715750,44.65099,-93.57278,-0.333,0.9064,LL,0.0000
2716980,44.02484,-92.73696,-0.333,0.8126,LL,0.0000
2717100,44.29353,-92.91688,-0.333,0.8126,LL,0.0000
2717220,45.33191,-94.28277,-1.000,3.0053,LL,0.0000
2717250,43.80133,-91.33587,1.000,0.2645,HH,0.0000
2717520,44.39281,-92.33388,-0.333,0.8126,LL,0.0000
2717570,48.58840,-94.88741,-1.000,2.6447,LL,0.0000
2717780,44.63435,-93.29082,-0.333,0.8126,LL,0.0000
2717910,43.72754,-91.94481,-0.333,0.6251,LL,0.0000
2718070,44.47919,-93.92526,-1.000,2.6447,LL,0.0000
2718090,44.00322,-91.87935,-0.333,0.6251,LL,0.0000
2718330,43.67791,-96.18236,-1.000,3.0053,LL,0.0000
2718570,44.04401,-94.41432,-1.000,3.0053,LL,0.0000
2718750,45.08559,-92.94791,-0.333,0.8126,LL,0.0000
2718780,44.18363,-93.97508,-1.000,2.8250,LL,0.0000
2718940,44.43661,-95.74632,-1.000,3.0053,LL,0.0000
2718960,43.68441,-94.71327,-1.000,3.0053,LL,0.0000
2719320,44.17362,-93.26344,-0.333,0.8126,LL,0.0000
2720550,45.63208,-94.77762,-1.000,3.0053,LL,0.0000
2720670,45.81550,-93.69152,-0.333,1.0939,LL,0.0000
2721240,44.96332,-93.26832,-0.333,0.8126,LL,0.0000
2721270,44.56959,-96.00033,-1.000,3.0053,LL,0.0000
2721320,44.98560,-95.70601,-1.000,3.0053,LL,0.0000
2721420,46.89800,-96.72047,-1.000,3.0053,LL,0.0000
2721450,46.43335,-92.79617,-0.333,0.8126,LL,0.0000
2722920,44.94144,-93.66693,-0.333,0.9064,LL,0.0000
2722950,45.08350,-93.15543,-0.333,0.8126,LL,0.0000
2723010,43.93861,-94.95358,-1.000,3.0053,LL,0.0000
2723310,47.39071,-93.14910,-0.333,0.8126,LL,0.0000
2723400,45.29028,-94.99506,-1.000,3.0053,LL,0.0000
2723430,44.55630,-93.51217,-0.333,0.9064,LL,0.0000
2723490,44.29136,-94.46854,-1.000,3.0053,LL,0.0000
2723520,46.54986,-95.34319,-1.000,3.0053,LL,0.0000
2723820,45.50523,-92.95268,-0.333,0.8126,LL,0.0000
2723850,44.98297,-92.98086,-0.333,0.8126,LL,0.0000
2723880,44.46583,-93.20654,-0.333,0.8126,LL,0.0000
2723910,44.76353,-93.89386,-1.000,2.4644,LL,0.0000
2723970,45.84866,-93.44885,-0.333,0.9064,LL,0.0000
2725080,44.99731,-93.61010,-0.333,0.8126,LL,0.0000
2725140,45.88515,-95.10550,-1.000,3.0053,LL,0.0000
2725200,45.10797,-93.43041,-0.333,0.8126,LL,0.0000
2728050,44.04433,-93.21622,-0.333,0.8126,LL,0.0000
2728110,46.13993,-95.35633,-1.000,3.0053,LL,0.0000
2728140,45.40185,-94.73249,-1.000,3.0053,LL,0.0000
2728170,46.57933,-96.06103,-1.000,3.0053,LL,0.0000
2728230,46.56738,-95.62684,-1.000,3.0053,LL,0.0000
2728950,44.17201,-92.62691,-0.333,0.8126,LL,0.0000
2730030,45.57174,-93.59999,-0.333,0.9064,LL,0.0000
2730060,44.70266,-93.41492,-0.333,0.8126,LL,0.0000
2730090,46.86010,-92.33442,-0.333,0.7189,LL,0.0000
2730150,44.53961,-93.01064,-0.333,0.8126,LL,0.0000
2730450,47.86948,-96.29802,-1.000,3.0053,LL,0.0000
2730480,44.55184,-92.60898,-0.333,0.8126,LL,0.0000
2731750,44.87713,-93.28737,-0.333,0.8126,LL,0.0000
2731780,45.03047,-93.37841,-0.333,0.8126,LL,0.0000
2732070,45.10372,-93.67422,-0.333,0.9064,LL,0.0000
2732390,44.75180,-93.12333,-0.333,0.8126,LL,0.0000
2732430,45.01213,-93.13385,-0.333,0.8126,LL,0.0000
2732460,46.44165,-96.35418,-1.000,3.0053,LL,0.0000
2732520,45.84129,-94.23850,-1.000,2.8250,LL,0.0000
2732820,45.64637,-94.24899,-1.000,3.0053,LL,0.0000
2732850,45.72503,-94.98728,-1.000,3.0053,LL,0.0000
2732970,46.61546,-95.02063,-1.000,3.0053,LL,0.0000
2733000,44.74344,-93.51003,-0.333,0.8126,LL,0.0000
2733210,44.26833,-94.73573,-1.000,3.0053,LL,0.0000
2733270,44.88803,-93.04050,-0.333,0.8126,LL,0.0000
2733300,43.57568,-91.63187,0.333,0.0048,LL,0.0000
2733330,45.14481,-93.21051,-0.333,0.8126,LL,0.0000
2733390,44.26080,-94.97721,-1.000,3.0053,LL,0.0000
2733420,45.03033,-93.21542,-0.333,0.8126,LL,0.0000
2733450,43.98460,-92.03966,-0.333,0.7189,LL,0.0000
2733480,44.08266,-93.87140,-1.000,2.6447,LL,0.0000
2733510,45.50262,-94.16478,-1.000,2.8250,LL,0.0000
2733540,45.38046,-93.33137,-0.333,0.8126,LL,0.0000
2733600,43.98470,-94.63618,-1.000,3.0053,LL,0.0000
2733780,44.94869,-93.36376,-0.333,0.8126,LL,0.0000
2733810,44.85469,-92.92844,-0.333,0.8126,LL,0.0000
2733870,44.33920,-94.00123,-1.000,2.8250,LL,0.0000
2738160,43.84744,-92.50889,-0.333,0.8126,LL,0.0000
2738190,45.03916,-92.83619,-0.333,0.8126,LL,0.0000
2738850,48.09112,-96.18270,-1.000,3.0053,LL,0.0000
2738880,46.71383,-92.36079,-0.333,0.7189,LL,0.0000
2740665,44.08164,-92.91662,-0.333,0.8126,LL,0.0000
2740740,47.47449,-91.48733,0.333,0.0553,LL,0.0000
2740810,47.05713,-96.24743,-1.000,3.0053,LL,0.0000
2740830,46.31227,-95.87547,-1.000,3.0053,LL,0.0000
2741430,44.42119,-95.30048,-1.000,3.0053,LL,0.0000
2741460,44.84900,-93.79937,-1.000,2.1037,LL,0.0000
2741880,44.07881,-93.51891,-0.333,1.0939,LL,0.0000
2742160,45.01263,-93.49687,-0.333,0.8126,LL,0.0000
2742270,44.87361,-93.14129,-0.333,0.8126,LL,0.0000
2742330,45.81100,-96.46021,-1.000,3.0053,LL,0.0000
2742360,45.10134,-93.02478,-0.333,0.8126,LL,0.0000
2742720,45.08767,-95.02394,-1.000,3.0053,LL,0.0000
2742780,43.88630,-95.15502,-1.000,3.0053,LL,0.0000
2744070,43.98923,-91.66304,0.333,0.0120,LL,0.0000
2791445,44.08470,-94.19506,-1.000,3.0053,LL,0.0000
2791451,44.02814,-93.72242,-1.000,2.6447,LL,0.0000
2800187,33.60553,-90.59509,0.333,0.0337,LL,0.0000
2800189,33.42235,-88.87616,0.333,-0.0385,LH,0.0000
2800191,33.65967,-88.78247,1.000,0.4232,HH,0.0000
2800198,33.54979,-90.29493,0.333,0.0192,LL,0.0000
2800390,34.87038,-88.59018,1.000,0.5025,HH,0.0000
2800510,33.18557,-89.47256,0.333,-0.0024,LH,0.0000
2800540,34.51598,-88.64904,1.000,0.4232,HH,0.0000
2800570,30.30813,-89.35414,0.333,0.0048,LL,0.0000
2800600,34.80959,-89.20021,0.333,-0.0168,LH,0.0000
2800630,30.41222,-88.94095,0.333,0.0048,LL,0.0000
2800750,33.75885,-90.72559,-0.333,0.4376,LL,0.0000
2800840,31.57100,-90.39479,0.333,0.0048,LL,0.0000
2800900,32.62511,-90.05972,0.333,0.0048,LL,0.0000
2800930,33.44079,-89.91889,0.333,0.0048,LL,0.0000
2800990,33.34596,-89.25133,0.333,-0.0096,LH,0.0000
2801020,31.97281,-90.91542,0.333,0.0048,LL,0.0000
2801050,34.20093,-90.57478,-0.333,0.2500,LL,0.0000
2801090,32.40775,-90.37244,0.333,0.0048,LL,0.0000
2801110,34.23032,-90.60401,-0.333,0.2500,LL,0.0000
2801140,33.99280,-89.73244,0.333,0.0048,LL,0.0000
2801170,31.31304,-89.83352,0.333,0.0048,LL,0.0000
2801200,33.54088,-88.42686,1.000,0.5025,HH,0.0000
2801220,31.96414,-90.26816,0.333,0.0048,LL,0.0000
2801260,34.94685,-88.51511,1.000,0.5819,HH,0.0000
2801290,31.63333,-89.54890,0.333,0.0048,LL,0.0000
2801320,34.87492,-89.99121,0.333,0.0048,LL,0.0000
2801410,33.96742,-90.06448,0.333,0.0192,LL,0.0000
2801440,32.18317,-88.69833,0.333,-0.0096,LH,0.0000
2801490,31.13550,-89.26764,0.333,0.0048,LL,0.0000
2801620,33.41889,-91.13182,-0.333,0.3438,LL,0.0000
2801680,33.77003,-89.80274,0.333,0.0048,LL,0.0000
2801710,30.38609,-89.06769,0.333,0.0048,LL,0.0000
2801740,30.39426,-89.45679,0.333,0.0048,LL,0.0000
2801770,30.54907,-89.20710,0.333,0.0048,LL,0.0000
2801800,31.31215,-89.30577,0.333,0.0048,LL,0.0000
2801830,31.86186,-90.49922,0.333,0.0048,LL,0.0000
2801860,32.22805,-90.49773,0.333,0.0048,LL,0.0000
2801890,33.19768,-90.82479,0.333,0.0264,LL,0.0000
2801950,34.77838,-89.47011,0.333,-0.0024,LH,0.0000
2802040,33.13100,-90.52342,0.333,0.0192,LL,0.0000
2802160,30.54592,-88.67341,0.333,0.0048,LL,0.0000
2802190,32.31827,-90.21517,0.333,0.0048,LL,0.0000
2802280,31.61660,-89.16853,0.333,0.0048,LL,0.0000
2802340,33.09047,-89.58862,0.333,0.0048,LL,0.0000
2802400,31.16718,-89.50108,0.333,0.0048,LL,0.0000
2802430,32.41096,-88.65379,0.333,-0.0168,LH,0.0000
2802460,31.69383,-89.14340,0.333,0.0048,LL,0.0000
2802550,34.40232,-88.61311,1.000,0.4232,HH,0.0000
2802610,33.41301,-90.86659,-0.333,0.3438,LL,0.0000
2802640,31.43616,-90.36371,0.333,0.0048,LL,0.0000
2802670,30.36594,-89.16182,0.333,0.0048,LL,0.0000
2802730,33.46135,-88.44139,1.000,0.5025,HH,0.0000
2802790,32.75937,-89.91138,0.333,0.0048,LL,0.0000
2802820,31.22198,-89.81787,0.333,0.0048,LL,0.0000
2802850,34.86791,-89.60697,0.333,0.0048,LL,0.0000
2802880,31.25335,-90.49076,0.333,0.0048,LL,0.0000
2802910,32.34947,-88.74276,0.333,-0.0096,LH,0.0000
2802940,33.89672,-88.36451,1.000,0.5819,HH,0.0000
2803000,30.38838,-88.45905,0.333,-0.0024,LH,0.0000
2803030,31.48622,-91.35180,0.333,0.0048,LL,0.0000
2803060,32.75533,-89.11433,0.333,-0.0024,LH,0.0000
2803090,34.08135,-88.60331,1.000,0.5025,HH,0.0000
2803120,34.53410,-88.93653,1.000,0.3438,HH,0.0000
2803150,32.42191,-89.08876,0.333,-0.0024,LH,0.0000
2803240,31.29054,-90.37134,0.333,0.0048,LL,0.0000
2803300,33.10661,-88.56615,1.000,0.4232,HH,0.0000
2803360,30.39228,-88.75576,0.333,0.0048,LL,0.0000
2803480,30.33227,-88.58117,0.333,0.0048,LL,0.0000
2803510,30.38200,-89.26740,0.333,0.0048,LL,0.0000
2803520,32.27246,-90.09183,0.333,0.0048,LL,0.0000
2803530,31.34177,-89.21018,0.333,0.0048,LL,0.0000
2803540,30.63163,-89.63667,0.333,0.0048,LL,0.0000
2803570,31.12477,-89.00350,0.333,0.0048,LL,0.0000
2803630,30.55185,-89.70105,0.333,0.0048,LL,0.0000
2803660,34.22299,-89.06099,0.333,-0.0385,LH,0.0000
2803690,34.24842,-88.93586,1.000,0.3438,HH,0.0000
2803720,30.81907,-89.56223,0.333,0.0048,LL,0.0000
2803780,31.99695,-88.67926,0.333,-0.0024,LH,0.0000
2803810,34.25283,-90.29017,0.333,0.0264,LL,0.0000
2803830,32.26929,-89.93333,0.333,0.0048,LL,0.0000
2803870,31.35003,-88.92624,0.333,0.0048,LL,0.0000
2803960,32.80884,-90.87408,0.333,0.0192,LL,0.0000
2804320,34.26785,-88.73265,1.000,0.4232,HH,0.0000
2804350,34.53591,-89.12223,0.333,-0.0313,LH,0.0000
2804470,32.35609,-90.85238,0.333,0.0048,LL,0.0000
2804500,34.12010,-89.63456,0.333,-0.0024,LH,0.0000
2804530,31.64250,-88.67821,0.333,-0.0096,LH,0.0000
2804650,33.92007,-90.31763,0.333,0.0264,LL,0.0000
2804680,33.20115,-91.04138,-0.333,0.3438,LL,0.0000
2804710,31.16109,-91.32462,0.333,0.0048,LL,0.0000
2804770,32.86222,-90.40800,0.333,0.0048,LL,0.0000
2804800,32.76567,-90.38793,0.333,0.0048,LL,0.0000
2900001,38.27213,-91.71475,-0.333,0.7189,LL,0.0000
2900002,40.28440,-94.03457,-1.000,3.0053,LL,0.0000
2901000,38.95038,-92.34303,-0.333,0.8126,LL,0.0000
2902910,38.56174,-90.32754,1.000,0.5819,HH,0.0000
2903060,36.74206,-91.39602,-0.333,0.7189,LL,0.0000
2903120,38.09512,-93.95879,-1.000,3.0053,LL,0.0000
2903200,38.49382,-94.34313,-1.000,3.0053,LL,0.0000
2903270,37.27385,-93.57851,-1.000,2.8250,LL,0.0000
2904020,36.93293,-93.70962,-1.000,3.0053,LL,0.0000
2904050,36.91578,-92.68065,-0.333,0.8126,LL,0.0000
2904500,38.55005,-90.30104,1.000,0.5819,HH,0.0000
2904620,38.79373,-94.56062,-1.000,3.0053,LL,0.0000
2905250,36.91129,-89.95760,1.000,0.2645,HH,0.0000
2905310,39.02246,-94.30444,-1.000,3.0053,LL,0.0000
2905370,37.67277,-93.38015,-1.000,2.4644,LL,0.0000
2905430,37.95041,-90.47986,0.333,-0.0313,LH,0.0000
2905580,38.92289,-92.71389,-0.333,0.8126,LL,0.0000
2905660,39.33622,-91.26148,0.333,0.0120,LL,0.0000
2905880,38.62015,-90.34767,1.000,0.5819,HH,0.0000
2906120,37.66149,-93.02043,-0.333,1.0939,LL,0.0000
2906430,37.11521,-92.09163,-0.333,0.8126,LL,0.0000
2906510,38.64389,-92.53552,-0.333,0.8126,LL,0.0000
2906990,38.04240,-92.73175,-0.333,0.8126,LL,0.0000
2907020,39.73674,-94.22581,-1.000,3.0053,LL,0.0000
2907050,36.51918,-90.11193,0.333,-0.0240,LH,0.0000
2907120,37.28742,-89.57429,1.000,0.5819,HH,0.0000
2907350,37.22357,-94.55350,-1.000,3.0053,LL,0.0000
2907460,37.16321,-94.30867,-1.000,3.0053,LL,0.0000
2907470,36.18851,-89.66768,1.000,0.3438,HH,0.0000
2908170,36.63892,-93.75420,-1.000,3.0053,LL,0.0000
2908250,38.95413,-94.57716,-1.000,3.0053,LL,0.0000
2908370,38.84682,-90.70842,1.000,0.5025,HH,0.0000
2908400,39.22107,-92.10029,-0.333,0.8126,LL,0.0000
2908670,36.90416,-89.27477,1.000,0.5819,HH,0.0000
2908760,39.80185,-93.54288,-1.000,2.8250,LL,0.0000
2909720,38.64276,-90.32971,1.000,0.5819,HH,0.0000
2909750,37.16300,-90.62662,0.333,-0.0168,LH,0.0000
2909860,38.39266,-93.78402,-1.000,3.0053,LL,0.0000
2909900,38.43955,-93.18880,-0.333,1.1877,LL,0.0000
2910320,38.50776,-94.07488,-1.000,3.0053,LL,0.0000
2910350,37.95763,-92.26712,-0.333,0.8126,LL,0.0000
2910410,38.09459,-91.42699,-0.333,0.4376,LL,0.0000
2910500,38.10377,-90.52079,1.000,0.2645,HH,0.0000
2910520,38.17774,-93.71009,-1.000,2.8250,LL,0.0000
2910770,36.78590,-90.02202,0.333,-0.0240,LH,0.0000
2910800,37.02096,-94.35228,-1.000,3.0053,LL,0.0000
2910830,37.98258,-92.10347,-0.333,0.8126,LL,0.0000
2910920,36.66775,-90.77682,-0.333,0.1563,LL,0.0000
2911220,36.73015,-89.30074,1.000,0.5819,HH,0.0000
2911250,39.63263,-94.61689,-1.000,3.0053,LL,0.0000
2911340,38.35357,-92.61095,-0.333,0.8126,LL,0.0000
2911650,39.32783,-94.21895,-1.000,3.0053,LL,0.0000
2911700,37.38992,-93.15358,-0.333,1.1877,LL,0.0000
2911850,36.70532,-92.01863,-0.333,0.8126,LL,0.0000
2911910,37.73827,-90.30379,1.000,0.2645,HH,0.0000
2911990,39.16005,-92.63813,-0.333,0.8126,LL,0.0000
2912010,38.76396,-90.31915,1.000,0.5819,HH,0.0000
2912030,38.20020,-90.45934,1.000,0.4232,HH,0.0000
2912180,37.13945,-92.92950,-0.333,0.9064,LL,0.0000
2912290,39.15025,-94.24070,-1.000,3.0053,LL,0.0000
2912300,38.40347,-90.44008,1.000,0.5819,HH,0.0000
2912630,36.82367,-93.47577,-1.000,2.8250,LL,0.0000
2913080,39.01427,-94.19121,-1.000,3.0053,LL,0.0000
2913140,38.87413,-94.52395,-1.000,3.0053,LL,0.0000
2913560,39.10242,-92.21842,-0.333,0.8126,LL,0.0000
2913590,39.76019,-94.01081,-1.000,3.0053,LL,0.0000
2913620,38.53235,-90.27506,1.000,0.5819,HH,0.0000
2913650,39.67397,-91.36522,0.333,0.0048,LL,0.0000
2913710,39.13445,-92.43328,-0.333,0.8126,LL,0.0000
2913760,38.63486,-94.34815,-1.000,3.0053,LL,0.0000
2913800,36.24562,-89.75971,1.000,0.2645,HH,0.0000
2913830,38.82872,-90.29897,1.000,0.5819,HH,0.0000
2914280,38.66185,-91.50818,-0.333,0.4376,LL,0.0000
2914340,38.93398,-94.50681,-1.000,3.0053,LL,0.0000
2914400,39.07427,-93.70065,-1.000,2.8250,LL,0.0000
2914430,38.25462,-90.55560,1.000,0.4232,HH,0.0000
2914490,38.72302,-94.00877,-1.000,3.0053,LL,0.0000
2914550,36.55526,-93.23286,-0.333,1.2815,LL,0.0000
2914840,37.31161,-92.01685,-0.333,0.8126,LL,0.0000
2915480,39.08328,-94.40267,-1.000,3.0053,LL,0.0000
2915600,37.42015,-89.69942,1.000,0.5819,HH,0.0000
2916190,38.59436,-92.18020,-0.333,0.8126,LL,0.0000
2916230,38.13757,-90.34986,1.000,0.3438,HH,0.0000
2916290,38.72239,-90.26322,1.000,0.5819,HH,0.0000
2916350,37.06317,-94.50429,-1.000,3.0053,LL,0.0000
2916380,40.40727,-91.72947,-0.333,-0.0313,LH,0.0000
2916400,39.06502,-94.54220,-1.000,3.0053,LL,0.0000
2916500,36.27000,-89.94853,0.333,-0.0240,LH,0.0000
2916660,38.76439,-94.07552,-1.000,3.0053,LL,0.0000
2916740,40.18240,-92.61706,-0.333,0.8126,LL,0.0000
2916770,38.58618,-90.42658,1.000,0.5819,HH,0.0000
2916830,38.79271,-93.57535,-1.000,2.6447,LL,0.0000
2917820,38.64736,-90.38768,1.000,0.5819,HH,0.0000
2917850,37.53242,-94.25142,-1.000,3.0053,LL,0.0000
2917880,37.75572,-92.30704,-0.333,0.8126,LL,0.0000
2917970,39.56271,-94.28744,-1.000,3.0053,LL,0.0000
2918220,39.44360,-94.17061,-1.000,3.0053,LL,0.0000
2918240,37.84403,-90.65257,0.333,-0.0240,LH,0.0000
2918270,37.68239,-92.63244,-0.333,0.8126,LL,0.0000
2918300,38.90621,-94.33042,-1.000,3.0053,LL,0.0000
2918460,40.06787,-91.75381,-0.333,0.4376,LL,0.0000
2918690,38.53020,-90.39592,1.000,0.5819,HH,0.0000
2919170,37.12927,-93.07892,-0.333,1.0002,LL,0.0000
2919230,38.87114,-94.16441,-1.000,3.0053,LL,0.0000
2919260,39.47514,-91.13403,0.333,-0.0096,LH,0.0000
2919350,37.28991,-90.02935,1.000,0.4232,HH,0.0000
2919410,39.71781,-92.41962,-0.333,0.8126,LL,0.0000
2919890,36.57654,-90.02045,0.333,-0.0240,LH,0.0000
2919980,37.12762,-92.58611,-0.333,0.8126,LL,0.0000
2920010,38.61905,-90.32368,1.000,0.5819,HH,0.0000
2920160,37.47953,-93.44880,-1.000,2.6447,LL,0.0000
2920310,37.01713,-93.64178,-1.000,3.0053,LL,0.0000
2920410,39.05100,-93.16840,-0.333,1.1877,LL,0.0000
2920430,37.34073,-92.92226,-0.333,1.0002,LL,0.0000
2920490,40.34267,-94.87887,-1.000,3.0053,LL,0.0000
2920610,36.61914,-94.35834,-1.000,3.0053,LL,0.0000
2920670,38.47577,-90.33857,1.000,0.5819,HH,0.0000
2920700,40.44769,-92.14282,-0.333,0.7189,LL,0.0000
2920810,39.21133,-91.87727,-0.333,0.7189,LL,0.0000
2920940,40.21712,-93.14372,-0.333,1.0939,LL,0.0000
2921100,39.42460,-92.39668,-0.333,0.8126,LL,0.0000
2921120,36.93034,-93.89525,-1.000,3.0053,LL,0.0000
2921330,38.94427,-91.45249,0.333,0.0409,LL,0.0000
2921510,37.14209,-92.29859,-0.333,0.8126,LL,0.0000
2921540,36.98026,-91.60593,-0.333,0.8126,LL,0.0000
2921810,36.83424,-94.40951,-1.000,3.0053,LL,0.0000
2921840,37.87954,-94.43062,-1.000,3.0053,LL,0.0000
2922140,37.89851,-91.95257,-0.333,0.8126,LL,0.0000
2922530,37.03076,-93.32018,-1.000,2.4644,LL,0.0000
2922650,38.69431,-90.30500,1.000,0.5819,HH,0.0000
2922740,38.96016,-91.88697,-0.333,0.7189,LL,0.0000
2922800,39.21030,-94.52473,-1.000,3.0053,LL,0.0000
2922890,38.38936,-90.61760,1.000,0.5025,HH,0.0000
2923010,38.98804,-94.12465,-1.000,3.0053,LL,0.0000
2923100,38.98620,-93.93207,-1.000,3.0053,LL,0.0000
2923160,38.88445,-90.37973,1.000,0.5819,HH,0.0000
2923340,38.37243,-91.44962,-0.333,0.4376,LL,0.0000
2923430,36.98807,-93.19093,-0.333,1.1877,LL,0.0000
2923460,38.43649,-90.79536,0.333,-0.0313,LH,0.0000
2923490,39.81563,-91.54039,0.333,0.0048,LL,0.0000
2923580,38.64500,-90.49140,1.000,0.5819,HH,0.0000
2923640,37.51084,-90.00445,1.000,0.5025,HH,0.0000
2923700,38.73702,-90.43791,1.000,0.5819,HH,0.0000
2923730,38.74467,-94.45569,-1.000,3.0053,LL,0.0000
2924530,37.71995,-89.85729,1.000,0.5025,HH,0.0000
2925110,36.97265,-94.02883,-1.000,3.0053,LL,0.0000
2925210,37.53070,-92.23062,-0.333,0.8126,LL,0.0000
2925330,38.77480,-94.28639,-1.000,3.0053,LL,0.0000
2925350,37.46159,-93.27831,-1.000,2.4644,LL,0.0000
2925450,36.79523,-90.44652,0.333,-0.0096,LH,0.0000
2925500,37.97088,-90.88033,0.333,-0.0096,LH,0.0000
2925620,36.82088,-93.88654,-1.000,3.0053,LL,0.0000
2925640,40.48132,-93.01456,-0.333,0.8126,LL,0.0000
2926070,39.00369,-94.46104,-1.000,3.0053,LL,0.0000
2926160,36.69825,-93.43405,-1.000,2.6447,LL,0.0000
2926220,37.14387,-93.48469,-1.000,2.6447,LL,0.0000
2926310,38.10271,-94.33055,-1.000,3.0053,LL,0.0000
2926430,37.88945,-92.42418,-0.333,0.8126,LL,0.0000
2926480,39.31549,-93.96985,-1.000,3.0053,LL,0.0000
2926640,38.70934,-90.36837,1.000,0.5819,HH,0.0000
2926670,38.74928,-90.23799,1.000,0.5819,HH,0.0000
2926850,38.56027,-90.62665,1.000,0.5025,HH,0.0000
2926890,37.92006,-91.75627,-0.333,0.8126,LL,0.0000
2927060,39.74981,-94.79819,-1.000,3.0053,LL,0.0000
2927090,37.63963,-91.37425,-0.333,0.5313,LL,0.0000
2927540,37.07691,-94.12374,-1.000,3.0053,LL,0.0000
2927630,38.16898,-92.57595,-0.333,0.8126,LL,0.0000
2927830,38.68680,-93.23426,-0.333,1.0939,LL,0.0000
2927900,36.87516,-94.57859,-1.000,3.0053,LL,0.0000
2928260,36.88109,-89.62096,1.000,0.4232,HH,0.0000
2928560,38.75045,-92.27171,-0.333,0.8126,LL,0.0000
2928740,37.00419,-93.04330,-0.333,1.0002,LL,0.0000
2928860,37.20887,-93.27140,-1.000,2.2840,LL,0.0000
2928920,38.79362,-90.52474,1.000,0.5819,HH,0.0000
2928950,38.70061,-90.75183,1.000,0.3438,HH,0.0000
2929100,38.31660,-90.96638,0.333,-0.0096,LH,0.0000
2929170,37.84651,-90.48465,0.333,-0.0240,LH,0.0000
2929250,38.00844,-91.61616,-0.333,0.7189,LL,0.0000
2929280,38.63570,-90.24458,1.000,0.5819,HH,0.0000
2929610,38.39367,-92.98090,-0.333,0.9064,LL,0.0000
2929640,37.26787,-93.11582,-0.333,1.0939,LL,0.0000
2929700,39.24877,-92.30871,-0.333,0.8126,LL,0.0000
2929760,38.20747,-91.09916,0.333,0.0192,LL,0.0000
2930270,36.55741,-91.48640,-0.333,0.7189,LL,0.0000
2930360,40.12578,-93.67239,-1.000,2.6447,LL,0.0000
2930420,36.85543,-94.20119,-1.000,3.0053,LL,0.0000
2930570,38.42323,-91.11261,0.333,0.0048,LL,0.0000
2930660,38.66657,-90.33210,1.000,0.5819,HH,0.0000
2930840,38.40390,-92.81432,-0.333,0.9064,LL,0.0000
2931020,38.76596,-93.71401,-1.000,3.0053,LL,0.0000
2931070,38.19457,-93.32130,-1.000,2.1037,LL,0.0000
2931110,38.56797,-90.98085,0.333,-0.0240,LH,0.0000
2931140,38.02793,-90.71935,0.333,-0.0240,LH,0.0000
2931440,37.76555,-92.15537,-0.333,0.8126,LL,0.0000
2931500,37.17410,-94.44261,-1.000,3.0053,LL,0.0000
2931530,38.59143,-90.35651,1.000,0.5819,HH,0.0000
2931650,38.80008,-90.86728,0.333,-0.0385,LH,0.0000
2931680,36.60741,-91.99444,-0.333,0.8126,LL,0.0000
2931800,38.62226,-94.52741,-1.000,3.0053,LL,0.0000
2932010,37.30071,-93.39107,-1.000,2.6447,LL,0.0000
2932070,36.95467,-91.97414,-0.333,0.8126,LL,0.0000
3100002,41.27160,-97.15298,-1.000,3.0053,LL,0.0000
3100004,42.47820,-97.10897,-1.000,3.0053,LL,0.0000
3100006,41.87962,-96.76575,-1.000,3.0053,LL,0.0000
3100008,41.98842,-96.98436,-1.000,3.0053,LL,0.0000
3100011,41.33866,-99.59140,-1.000,3.0053,LL,0.0000
3100016,40.92313,-98.35432,-1.000,3.0053,LL,0.0000
3100021,40.89261,-96.51137,-1.000,3.0053,LL,0.0000
3100022,41.13202,-100.75159,-1.000,3.0053,LL,0.0000
3100034,41.05175,-96.38686,-1.000,3.0053,LL,0.0000
3100041,41.94161,-97.21170,-1.000,3.0053,LL,0.0000
3100071,41.78415,-96.22826,-1.000,3.0053,LL,0.0000
3100080,40.11209,-99.34554,-1.000,3.0053,LL,0.0000
3100085,41.24691,-98.47690,-1.000,3.0053,LL,0.0000
3100088,40.58946,-96.63714,-1.000,3.0053,LL,0.0000
3100091,41.38375,-98.03119,-1.000,3.0053,LL,0.0000
3100095,40.64688,-96.88591,-1.000,3.0053,LL,0.0000
3100098,41.76899,-103.68026,-1.000,2.6447,LL,0.0000
3100105,41.73220,-102.99059,-1.000,3.0053,LL,0.0000
3100112,41.53215,-97.41623,-1.000,3.0053,LL,0.0000
3100114,41.62890,-96.49634,-1.000,3.0053,LL,0.0000
3100115,41.47957,-96.76081,-1.000,3.0053,LL,0.0000
3100116,40.39127,-96.54684,-1.000,3.0053,LL,0.0000
3100118,40.54935,-97.60054,-1.000,3.0053,LL,0.0000
3100121,40.73095,-98.34809,-1.000,3.0053,LL,0.0000
3100130,41.06848,-97.60791,-1.000,3.0053,LL,0.0000
3100163,40.50901,-101.75406,-1.000,3.0053,LL,0.0000
3100165,41.30245,-96.33569,-1.000,3.0053,LL,0.0000
3100170,42.65423,-102.24179,-1.000,3.0053,LL,0.0000
3100172,42.51750,-99.00170,-1.000,3.0053,LL,0.0000
3102770,40.54219,-98.43831,-1.000,3.0053,LL,0.0000
3102790,42.35956,-99.92392,-1.000,3.0053,LL,0.0000
3102910,42.07803,-102.82791,-1.000,3.0053,LL,0.0000
3103130,41.48725,-96.31928,-1.000,3.0053,LL,0.0000
3103330,40.41452,-95.76760,-1.000,3.0053,LL,0.0000
3103360,40.88383,-98.05839,-1.000,3.0053,LL,0.0000
3103420,40.51783,-99.15171,-1.000,3.0053,LL,0.0000
3103600,40.30489,-96.74217,-1.000,3.0053,LL,0.0000
3103810,41.11788,-95.90654,-1.000,3.0053,LL,0.0000
3103990,41.37407,-96.17305,-1.000,3.0053,LL,0.0000
3104100,41.53338,-96.16368,-1.000,3.0053,LL,0.0000
3104640,41.92095,-99.06776,-1.000,3.0053,LL,0.0000
3104920,41.14018,-98.06891,-1.000,3.0053,LL,0.0000
3104950,41.03842,-96.75044,-1.000,3.0053,LL,0.0000
3104980,42.81869,-103.04258,-1.000,3.0053,LL,0.0000
3105340,41.40020,-97.45356,-1.000,3.0053,LL,0.0000
3105460,40.89496,-99.97053,-1.000,3.0053,LL,0.0000
3105970,40.33128,-96.98229,-1.000,3.0053,LL,0.0000
3170110,41.28582,-96.23369,-1.000,3.0053,LL,0.0000
3170440,40.13498,-97.21138,-1.000,3.0053,LL,0.0000
3170530,40.11557,-95.59703,-1.000,3.0053,LL,0.0000
3170650,41.43188,-95.99725,-1.000,3.0053,LL,0.0000
3170710,41.41531,-96.48020,-1.000,3.0053,LL,0.0000
3170980,40.74853,-98.86270,-1.000,3.0053,LL,0.0000
3171100,40.99582,-100.17655,-1.000,3.0053,LL,0.0000
3171220,41.12089,-96.26385,-1.000,3.0053,LL,0.0000
3171520,42.66672,-97.14053,-1.000,3.0053,LL,0.0000
3171580,40.58393,-98.37135,-1.000,3.0053,LL,0.0000
3171820,41.19254,-100.97208,-1.000,3.0053,LL,0.0000
3171940,40.46459,-99.36841,-1.000,3.0053,LL,0.0000
3172390,40.72008,-99.10529,-1.000,3.0053,LL,0.0000
3172810,40.80978,-99.73858,-1.000,3.0053,LL,0.0000
3172840,40.79646,-96.70489,-1.000,3.0053,LL,0.0000
3173050,40.99536,-96.13096,-1.000,3.0053,LL,0.0000
3173290,40.89740,-96.84141,-1.000,3.0053,LL,0.0000
3173470,40.22321,-100.65983,-1.000,3.0053,LL,0.0000
3173710,40.76687,-97.03233,-1.000,3.0053,LL,0.0000
3173740,41.21437,-96.15426,-1.000,3.0053,LL,0.0000
3173830,40.45536,-98.88773,-1.000,3.0053,LL,0.0000
3173890,41.99373,-103.78436,-1.000,2.6447,LL,0.0000
3174160,40.65760,-95.89271,-1.000,3.0053,LL,0.0000
3174200,40.87976,-95.94198,-1.000,3.0053,LL,0.0000
3174430,42.05677,-97.37585,-1.000,3.0053,LL,0.0000
3174580,40.98717,-98.35556,-1.000,3.0053,LL,0.0000
3174640,41.82178,-96.43450,-1.000,3.0053,LL,0.0000
3174820,41.29001,-96.01314,-1.000,3.0053,LL,0.0000
3174850,42.53417,-98.57506,-1.000,3.0053,LL,0.0000
3174940,41.60325,-98.97278,-1.000,3.0053,LL,0.0000
3175210,40.67753,-96.43495,-1.000,3.0053,LL,0.0000
3175270,41.15523,-96.04677,-1.000,3.0053,LL,0.0000
3175390,42.12448,-96.73550,-1.000,3.0053,LL,0.0000
3175510,42.19672,-97.53039,-1.000,3.0053,LL,0.0000
3175630,41.07745,-96.10165,-1.000,3.0053,LL,0.0000
3175660,41.00856,-95.93610,-1.000,3.0053,LL,0.0000
3175770,42.53561,-96.71193,-1.000,3.0053,LL,0.0000
3175900,41.20711,-96.04022,-1.000,3.0053,LL,0.0000
3176450,41.50441,-97.06983,-1.000,3.0053,LL,0.0000
3176470,41.91040,-103.54407,-1.000,2.8250,LL,0.0000
3176560,40.94515,-97.09204,-1.000,3.0053,LL,0.0000
3176710,41.09311,-103.03676,-1.000,2.8250,LL,0.0000
3176860,42.45691,-96.45215,-1.000,3.0053,LL,0.0000
3177550,40.67842,-96.17448,-1.000,3.0053,LL,0.0000
3178020,42.54974,-100.93763,-1.000,3.0053,LL,0.0000
3178210,41.20379,-96.65334,-1.000,3.0053,LL,0.0000
3178240,42.25579,-96.87329,-1.000,3.0053,LL,0.0000
3178520,42.23177,-97.06328,-1.000,3.0053,LL,0.0000
3178660,41.24418,-96.05198,-1.000,3.0053,LL,0.0000
3178940,40.84628,-98.57456,-1.000,3.0053,LL,0.0000
3179050,40.85955,-97.59861,-1.000,3.0053,LL,0.0000
3179080,41.23173,-96.40884,-1.000,3.0053,LL,0.0000
3200030,39.53771,-118.26417,0.333,0.0048,LL,0.0000
3200060,36.21413,-115.01440,0.333,0.0048,LL,0.0000
3200090,38.90513,-119.60902,0.333,0.0048,LL,0.0000
3200120,41.14113,-115.35142,0.333,0.0048,LL,0.0000
3200210,41.40791,-118.12759,0.333,0.0048,LL,0.0000
3200270,37.63461,-114.86304,0.333,0.0048,LL,0.0000
3200330,38.51665,-118.41628,0.333,0.0048,LL,0.0000
3200390,39.15306,-119.74737,0.333,0.0048,LL,0.0000
3200420,40.43964,-118.40948,0.333,0.0048,LL,0.0000
3200480,40.73132,-119.66327,0.333,0.0048,LL,0.0000
3200510,39.41818,-114.90056,0.333,0.0048,LL,0.0000
3301380,43.14334,-71.38611,1.000,0.5819,HH,0.0000
3301440,43.48832,-71.24062,1.000,0.5819,HH,0.0000
3301590,42.99706,-71.36581,1.000,0.5819,HH,0.0000
3301740,42.93558,-71.53687,1.000,0.5819,HH,0.0000
3301950,43.13318,-71.53724,1.000,0.5819,HH,0.0000
3302100,43.83086,-71.64609,1.000,0.5819,HH,0.0000
3302130,43.05690,-71.34063,1.000,0.5819,HH,0.0000
3302460,43.22681,-71.55869,1.000,0.5819,HH,0.0000
3302480,42.94717,-71.93193,1.000,0.5819,HH,0.0000
3302490,44.00579,-71.06517,1.000,0.5819,HH,0.0000
3302610,42.88761,-71.28205,1.000,0.5819,HH,0.0000
3302640,43.18636,-70.88362,1.000,0.5819,HH,0.0000
3302670,43.72102,-72.18521,1.000,0.5819,HH,0.0000
3302880,43.05103,-71.08825,1.000,0.5819,HH,0.0000
3302990,43.16461,-72.35704,1.000,0.5819,HH,0.0000
3303180,43.51950,-71.37584,1.000,0.5819,HH,0.0000
3303240,43.01920,-71.55545,1.000,0.5819,HH,0.0000
3303330,43.65119,-71.15047,1.000,0.5819,HH,0.0000
3303360,43.51659,-72.14909,1.000,0.5819,HH,0.0000
3303510,42.93913,-70.83427,1.000,0.5819,HH,0.0000
3303690,43.16941,-71.83120,1.000,0.5819,HH,0.0000
3303840,42.74962,-71.58540,1.000,0.5819,HH,0.0000
3303900,43.20219,-71.69679,1.000,0.5819,HH,0.0000
3303930,42.76050,-71.40939,1.000,0.5819,HH,0.0000
3304040,43.35858,-71.95381,1.000,0.5819,HH,0.0000
3304140,43.57654,-71.48226,1.000,0.5819,HH,0.0000
3304230,43.63543,-72.25384,1.000,0.5819,HH,0.0000
3304350,42.84608,-71.46828,1.000,0.5819,HH,0.0000
3304670,42.75189,-71.86262,1.000,0.5819,HH,0.0000
3304680,43.67686,-72.00709,1.000,0.5819,HH,0.0000
3304740,42.85203,-71.51988,1.000,0.5819,HH,0.0000
3304760,43.33318,-71.62640,1.000,0.5819,HH,0.0000
3304890,42.84722,-72.24199,1.000,0.5819,HH,0.0000
3305040,42.98121,-71.67752,1.000,0.5819,HH,0.0000
3305220,43.64372,-71.79928,1.000,0.5819,HH,0.0000
3305280,43.07091,-70.94694,1.000,0.5819,HH,0.0000
3305370,42.97993,-70.82944,1.000,0.5819,HH,0.0000
3305520,43.12784,-70.96044,1.000,0.5819,HH,0.0000
3305580,43.16772,-71.43852,1.000,0.5819,HH,0.0000
3305760,43.54384,-72.29554,1.000,0.5819,HH,0.0000
3305790,43.74391,-71.72674,1.000,0.5819,HH,0.0000
3306060,42.78827,-71.22172,1.000,0.5819,HH,0.0000
3306080,42.89956,-71.06436,1.000,0.5819,HH,0.0000
3306150,42.88312,-70.86082,1.000,0.5819,HH,0.0000
3306720,42.92559,-71.18209,1.000,0.5819,HH,0.0000
3307050,44.37940,-71.53969,1.000,0.5819,HH,0.0000
3307115,42.86754,-71.77096,1.000,0.5819,HH,0.0000
3307170,42.81109,-71.30269,1.000,0.5819,HH,0.0000
3307300,43.49596,-71.59771,1.000,0.5819,HH,0.0000
3400004,40.73033,-74.41888,1.000,0.5819,HH,0.0000
3400008,40.86928,-74.91061,1.000,0.5819,HH,0.0000
3400009,40.71899,-74.61587,1.000,0.5819,HH,0.0000
3400660,39.42356,-74.49302,1.000,0.5819,HH,0.0000
3400690,40.59453,-75.02657,1.000,0.5819,HH,0.0000
3400720,40.91868,-74.82897,1.000,0.5819,HH,0.0000
3400750,41.03267,-74.13383,1.000,0.5819,HH,0.0000
3400769,40.37002,-74.91016,1.000,0.5819,HH,0.0000
3400900,41.02156,-74.72819,1.000,0.5819,HH,0.0000
3400930,40.22288,-74.01023,1.000,0.5819,HH,0.0000
3400960,39.37734,-74.45107,1.000,0.5819,HH,0.0000
3401050,39.89099,-75.07333,1.000,0.5819,HH,0.0000
3401170,39.86893,-75.05136,1.000,0.5819,HH,0.0000
3401260,40.66249,-74.11020,1.000,0.5819,HH,0.0000
3401320,40.67309,-74.68632,1.000,0.5819,HH,0.0000
3401350,40.79348,-74.16116,1.000,0.5819,HH,0.0000
3401380,39.86636,-75.09467,1.000,0.5819,HH,0.0000
3401440,40.82980,-75.07334,1.000,0.5819,HH,0.0000
3401500,40.92233,-73.99800,1.000,0.5819,HH,0.0000
3401530,40.67612,-74.42276,1.000,0.5819,HH,0.0000
3401560,39.91291,-74.19310,1.000,0.5819,HH,0.0000
3401590,39.79206,-74.93699,1.000,0.5819,HH,0.0000
3401620,39.80712,-74.92418,1.000,0.5819,HH,0.0000
3401650,40.67745,-74.56728,1.000,0.5819,HH,0.0000
3401710,40.66504,-75.01193,1.000,0.5819,HH,0.0000
3401740,40.06481,-74.92190,1.000,0.5819,HH,0.0000
3401800,41.00201,-75.00264,1.000,0.5819,HH,0.0000
3401830,40.80914,-74.18714,1.000,0.5819,HH,0.0000
3401860,41.03547,-74.33561,1.000,0.5819,HH,0.0000
3401920,40.87429,-74.02974,1.000,0.5819,HH,0.0000
3401950,40.90382,-74.40637,1.000,0.5819,HH,0.0000
3401980,40.93126,-74.42493,1.000,0.5819,HH,0.0000
3402030,40.14290,-74.71120,1.000,0.5819,HH,0.0000
3402100,40.56775,-74.53725,1.000,0.5819,HH,0.0000
3402130,40.20160,-74.01206,1.000,0.5819,HH,0.0000
3402160,40.56002,-74.71612,1.000,0.5819,HH,0.0000
3402220,40.06177,-74.10956,1.000,0.5819,HH,0.0000
3402250,39.42919,-75.22860,1.000,0.5819,HH,0.0000
3402280,40.58871,-74.61384,1.000,0.5819,HH,0.0000
3402340,39.41386,-74.37790,1.000,0.5819,HH,0.0000
3402370,39.87935,-75.12040,1.000,0.5819,HH,0.0000
3402400,39.51454,-74.89862,1.000,0.5819,HH,0.0000
3402430,40.07882,-74.85248,1.000,0.5819,HH,0.0000
3402460,40.06063,-74.83589,1.000,0.5819,HH,0.0000
3402520,40.99777,-74.34700,1.000,0.5819,HH,0.0000
3402550,40.96029,-74.71333,1.000,0.5819,HH,0.0000
3402580,40.84723,-74.29443,1.000,0.5819,HH,0.0000
3402640,39.93679,-75.10664,1.000,0.5819,HH,0.0000
3402820,40.58379,-74.22746,1.000,0.5819,HH,0.0000
3402850,40.85802,-74.22978,1.000,0.5819,HH,0.0000
3403000,39.90461,-74.99700,1.000,0.5819,HH,0.0000
3403060,40.77676,-74.68651,1.000,0.5819,HH,0.0000
3403120,40.00016,-74.99163,1.000,0.5819,HH,0.0000
3403150,40.61847,-74.31600,1.000,0.5819,HH,0.0000
3403180,39.66406,-75.07440,1.000,0.5819,HH,0.0000
3403270,40.82205,-73.98793,1.000,0.5819,HH,0.0000
3403300,40.86214,-74.16039,1.000,0.5819,HH,0.0000
3403330,40.69013,-74.94012,1.000,0.5819,HH,0.0000
3403360,40.63010,-74.86720,1.000,0.5819,HH,0.0000
3403390,40.97289,-73.96031,1.000,0.5819,HH,0.0000
3403420,39.91527,-75.07839,1.000,0.5819,HH,0.0000
3403480,39.27377,-75.04534,1.000,0.5819,HH,0.0000
3403540,40.31345,-74.52023,1.000,0.5819,HH,0.0000
3403570,40.65609,-74.30356,1.000,0.5819,HH,0.0000
3403600,40.94002,-73.95831,1.000,0.5819,HH,0.0000
3403660,39.45904,-75.13199,1.000,0.5819,HH,0.0000
3403690,40.04953,-74.94724,1.000,0.5819,HH,0.0000
3403720,40.43976,-74.95633,1.000,0.5819,HH,0.0000
3403780,40.01302,-74.94742,1.000,0.5819,HH,0.0000
3403810,40.95410,-73.95492,1.000,0.5819,HH,0.0000
3403840,39.20655,-74.81839,1.000,0.5819,HH,0.0000
3403870,40.88848,-74.48838,1.000,0.5819,HH,0.0000
3403900,39.81709,-75.11658,1.000,0.5819,HH,0.0000
3403930,40.88560,-74.55916,1.000,0.5819,HH,0.0000
3403990,40.94524,-73.99243,1.000,0.5819,HH,0.0000
3404020,40.59029,-74.46565,1.000,0.5819,HH,0.0000
3404080,40.43499,-74.82303,1.000,0.5819,HH,0.0000
3404110,40.42625,-74.41824,1.000,0.5819,HH,0.0000
3404140,39.79052,-75.24059,1.000,0.5819,HH,0.0000
3404170,40.81855,-74.36374,1.000,0.5819,HH,0.0000
3404230,40.76505,-74.21165,1.000,0.5819,HH,0.0000
3404290,40.81710,-74.08502,1.000,0.5819,HH,0.0000
3404320,40.26260,-74.53198,1.000,0.5819,HH,0.0000
3404350,40.00028,-74.75655,1.000,0.5819,HH,0.0000
3404440,40.82465,-73.97379,1.000,0.5819,HH,0.0000
3404470,40.05351,-74.91844,1.000,0.5819,HH,0.0000
3404500,40.50440,-74.34884,1.000,0.5819,HH,0.0000
3404530,39.56369,-74.59587,1.000,0.5819,HH,0.0000
3404560,39.38041,-74.61234,1.000,0.5819,HH,0.0000
3404590,40.66637,-74.19350,1.000,0.5819,HH,0.0000
3404620,39.66275,-75.15697,1.000,0.5819,HH,0.0000
3404660,40.90453,-74.11951,1.000,0.5819,HH,0.0000
3404710,40.97499,-74.02325,1.000,0.5819,HH,0.0000
3404740,40.89120,-73.97252,1.000,0.5819,HH,0.0000
3404890,39.85668,-74.90081,1.000,0.5819,HH,0.0000
3404920,40.26334,-74.79870,1.000,0.5819,HH,0.0000
3404980,40.93583,-74.11750,1.000,0.5819,HH,0.0000
3405010,40.88251,-74.30459,1.000,0.5819,HH,0.0000
3405040,39.37232,-75.23872,1.000,0.5819,HH,0.0000
3405070,40.82111,-74.00303,1.000,0.5819,HH,0.0000
3405220,40.09514,-74.78661,1.000,0.5819,HH,0.0000
3405250,40.77599,-74.39432,1.000,0.5819,HH,0.0000
3405280,39.59674,-74.84316,1.000,0.5819,HH,0.0000
3405310,40.85064,-73.97101,1.000,0.5819,HH,0.0000
3405340,41.16430,-74.73780,1.000,0.5819,HH,0.0000
3405370,41.00753,-74.20565,1.000,0.5819,HH,0.0000
3405400,41.10900,-74.58864,1.000,0.5819,HH,0.0000
3405430,39.59884,-75.02087,1.000,0.5819,HH,0.0000
3405490,40.47687,-74.55045,1.000,0.5819,HH,0.0000
3405550,41.02467,-74.81822,1.000,0.5819,HH,0.0000
3405580,40.26022,-74.27588,1.000,0.5819,HH,0.0000
3405640,40.22438,-74.29905,1.000,0.5819,HH,0.0000
3405730,39.49145,-74.47387,1.000,0.5819,HH,0.0000
3405760,40.87980,-74.10825,1.000,0.5819,HH,0.0000
3405790,40.65133,-74.32315,1.000,0.5819,HH,0.0000
3405880,39.70010,-75.11142,1.000,0.5819,HH,0.0000
3405940,40.80480,-74.20457,1.000,0.5819,HH,0.0000
3405970,40.95947,-74.12520,1.000,0.5819,HH,0.0000
3406000,39.89169,-75.11669,1.000,0.5819,HH,0.0000
3406030,39.79219,-75.03606,1.000,0.5819,HH,0.0000
3406090,40.97407,-74.80258,1.000,0.5819,HH,0.0000
3406120,40.60383,-74.48321,1.000,0.5819,HH,0.0000
3406180,39.83473,-75.28848,1.000,0.5819,HH,0.0000
3406210,40.68027,-75.11871,1.000,0.5819,HH,0.0000
3406270,40.88940,-74.04570,1.000,0.5819,HH,0.0000
3406300,40.85370,-74.82488,1.000,0.5819,HH,0.0000
3406330,39.87913,-75.06592,1.000,0.5819,HH,0.0000
3406360,39.90622,-75.06295,1.000,0.5819,HH,0.0000
3406390,39.89370,-75.03356,1.000,0.5819,HH,0.0000
3406510,39.48160,-74.73741,1.000,0.5819,HH,0.0000
3406540,40.20627,-74.67527,1.000,0.5819,HH,0.0000
3406570,39.66078,-74.76702,1.000,0.5819,HH,0.0000
3406630,41.09170,-74.78961,1.000,0.5819,HH,0.0000
3406690,40.81995,-74.42799,1.000,0.5819,HH,0.0000
3406720,40.74096,-74.49681,1.000,0.5819,HH,0.0000
3406780,41.12475,-74.55878,1.000,0.5819,HH,0.0000
3406840,40.99168,-73.98020,1.000,0.5819,HH,0.0000
3406900,39.72610,-75.20491,1.000,0.5819,HH,0.0000
3406930,40.86048,-74.06832,1.000,0.5819,HH,0.0000
3406960,40.96274,-73.99747,1.000,0.5819,HH,0.0000
3406990,40.95696,-74.15856,1.000,0.5819,HH,0.0000
3407170,40.50079,-74.42791,1.000,0.5819,HH,0.0000
3407230,40.49769,-74.67051,1.000,0.5819,HH,0.0000
3407260,41.00713,-74.04512,1.000,0.5819,HH,0.0000
3407290,40.69589,-74.22880,1.000,0.5819,HH,0.0000
3407320,40.99950,-74.09658,1.000,0.5819,HH,0.0000
3407350,40.74525,-74.02793,1.000,0.5819,HH,0.0000
3407410,40.37496,-74.17385,1.000,0.5819,HH,0.0000
3407440,40.95165,-74.66238,1.000,0.5819,HH,0.0000
3407500,39.43858,-75.28170,1.000,0.5819,HH,0.0000
3407530,40.35636,-74.81200,1.000,0.5819,HH,0.0000
3407560,40.17811,-74.20622,1.000,0.5819,HH,0.0000
3407680,40.72386,-74.23252,1.000,0.5819,HH,0.0000
3407740,40.09093,-74.36127,1.000,0.5819,HH,0.0000
3407770,40.34904,-74.44020,1.000,0.5819,HH,0.0000
3407800,41.00126,-74.55129,1.000,0.5819,HH,0.0000
3407830,40.71142,-74.06476,1.000,0.5819,HH,0.0000
3407860,40.45187,-74.15563,1.000,0.5819,HH,0.0000
3407890,40.75233,-74.12309,1.000,0.5819,HH,0.0000
3407920,40.67809,-74.28811,1.000,0.5819,HH,0.0000
3407950,40.43263,-74.20034,1.000,0.5819,HH,0.0000
3408010,40.49470,-75.01946,1.000,0.5819,HH,0.0000
3408040,40.98204,-74.38590,1.000,0.5819,HH,0.0000
3408100,39.85515,-74.26715,1.000,0.5819,HH,0.0000
3408130,41.12123,-74.67030,1.000,0.5819,HH,0.0000
3408160,40.01312,-74.32036,1.000,0.5819,HH,0.0000
3408220,40.07707,-74.19851,1.000,0.5819,HH,0.0000
3408280,39.82054,-75.00544,1.000,0.5819,HH,0.0000
3408340,39.86731,-75.02890,1.000,0.5819,HH,0.0000
3408370,39.33488,-75.18458,1.000,0.5819,HH,0.0000
3408400,40.29589,-74.72009,1.000,0.5819,HH,0.0000
3408460,40.72637,-74.89441,1.000,0.5819,HH,0.0000
3408520,40.86339,-73.98847,1.000,0.5819,HH,0.0000
3408580,40.92375,-74.30424,1.000,0.5819,HH,0.0000
3408610,40.62734,-74.23631,1.000,0.5819,HH,0.0000
3408640,39.81883,-74.98997,1.000,0.5819,HH,0.0000
3408670,39.34372,-74.57105,1.000,0.5819,HH,0.0000
3408700,39.63297,-74.33103,1.000,0.5819,HH,0.0000
3408730,40.87559,-74.21737,1.000,0.5819,HH,0.0000
3408760,40.84343,-74.03424,1.000,0.5819,HH,0.0000
3408790,40.33695,-74.03453,1.000,0.5819,HH,0.0000
3408820,40.78583,-74.32910,1.000,0.5819,HH,0.0000
3408850,40.87792,-74.08250,1.000,0.5819,HH,0.0000
3408880,39.79208,-75.35518,1.000,0.5819,HH,0.0000
3409000,40.71400,-75.15547,1.000,0.5819,HH,0.0000
3409150,38.98377,-74.91131,1.000,0.5819,HH,0.0000
3409180,39.95886,-74.80248,1.000,0.5819,HH,0.0000
3409210,40.79711,-74.11298,1.000,0.5819,HH,0.0000
3409240,40.75804,-74.41781,1.000,0.5819,HH,0.0000
3409270,40.40463,-74.30854,1.000,0.5819,HH,0.0000
3409300,39.85620,-75.03640,1.000,0.5819,HH,0.0000
3409330,41.08207,-74.18306,1.000,0.5819,HH,0.0000
3409390,40.28235,-74.34656,1.000,0.5819,HH,0.0000
3409450,39.96162,-74.37532,1.000,0.5819,HH,0.0000
3409510,40.08742,-74.71226,1.000,0.5819,HH,0.0000
3409540,40.80846,-74.91023,1.000,0.5819,HH,0.0000
3409600,39.76201,-75.17309,1.000,0.5819,HH,0.0000
3409630,40.54127,-74.58927,1.000,0.5819,HH,0.0000
3409660,39.95238,-74.99490,1.000,0.5819,HH,0.0000
3409690,39.33091,-74.50685,1.000,0.5819,HH,0.0000
3409720,40.34293,-74.25720,1.000,0.5819,HH,0.0000
3409750,40.42522,-74.22644,1.000,0.5819,HH,0.0000
3409780,39.29563,-74.92888,1.000,0.5819,HH,0.0000
3409840,39.85365,-74.81166,1.000,0.5819,HH,0.0000
3409870,39.86427,-74.82466,1.000,0.5819,HH,0.0000
3409900,40.76729,-74.59777,1.000,0.5819,HH,0.0000
3409930,40.80126,-74.57012,1.000,0.5819,HH,0.0000
3409960,39.95022,-75.05034,1.000,0.5819,HH,0.0000
3409990,40.54244,-74.36277,1.000,0.5819,HH,0.0000
3410020,39.09326,-74.83892,1.000,0.5819,HH,0.0000
3410110,40.40479,-74.07140,1.000,0.5819,HH,0.0000
3410140,40.99581,-74.14126,1.000,0.5819,HH,0.0000
3410200,40.74161,-74.32129,1.000,0.5819,HH,0.0000
3410230,40.21334,-74.43168,1.000,0.5819,HH,0.0000
3410290,40.45022,-74.43479,1.000,0.5819,HH,0.0000
3410320,39.39009,-75.05480,1.000,0.5819,HH,0.0000
3410350,40.87809,-74.60118,1.000,0.5819,HH,0.0000
3410470,39.66022,-74.96920,1.000,0.5819,HH,0.0000
3410500,40.31948,-74.42879,1.000,0.5819,HH,0.0000
3410560,40.82500,-74.21086,1.000,0.5819,HH,0.0000
3410590,40.42612,-74.67845,1.000,0.5819,HH,0.0000
3410620,41.05459,-74.04730,1.000,0.5819,HH,0.0000
3410650,40.91283,-74.35892,1.000,0.5819,HH,0.0000
3410710,39.97872,-74.94265,1.000,0.5819,HH,0.0000
3410770,40.83881,-74.47420,1.000,0.5819,HH,0.0000
3410810,40.79632,-74.49065,1.000,0.5819,HH,0.0000
3410890,39.87952,-75.09181,1.000,0.5819,HH,0.0000
3410950,39.94899,-74.90025,1.000,0.5819,HH,0.0000
3410980,40.86560,-74.74193,1.000,0.5819,HH,0.0000
3411010,40.89085,-74.44203,1.000,0.5819,HH,0.0000
3411040,40.68072,-74.36029,1.000,0.5819,HH,0.0000
3411070,39.59881,-74.67447,1.000,0.5819,HH,0.0000
3411100,39.86730,-75.18562,1.000,0.5819,HH,0.0000
3411160,40.21382,-74.05371,1.000,0.5819,HH,0.0000
3411190,40.89923,-74.70082,1.000,0.5819,HH,0.0000
3411220,40.48668,-74.44441,1.000,0.5819,HH,0.0000
3411310,40.69889,-74.40662,1.000,0.5819,HH,0.0000
3411340,40.72422,-74.17257,1.000,0.5819,HH,0.0000
3411400,41.05149,-74.75360,1.000,0.5819,HH,0.0000
3411430,40.78626,-74.12622,1.000,0.5819,HH,0.0000
3411460,40.79364,-74.02503,1.000,0.5819,HH,0.0000
3411490,40.45039,-74.47942,1.000,0.5819,HH,0.0000
3411550,40.96362,-74.18528,1.000,0.5819,HH,0.0000
3411640,40.62126,-74.43947,1.000,0.5819,HH,0.0000
3411790,39.37307,-74.55413,1.000,0.5819,HH,0.0000
3411820,41.01287,-73.94855,1.000,0.5819,HH,0.0000
3411850,40.99205,-73.95055,1.000,0.5819,HH,0.0000
3411880,40.82062,-74.15625,1.000,0.5819,HH,0.0000
3411910,41.03102,-74.24050,1.000,0.5819,HH,0.0000
3411970,39.26950,-74.59975,1.000,0.5819,HH,0.0000
3412060,40.25441,-74.03194,1.000,0.5819,HH,0.0000
3412090,39.79073,-74.21461,1.000,0.5819,HH,0.0000
3412150,41.08009,-74.59763,1.000,0.5819,HH,0.0000
3412180,41.02330,-73.98422,1.000,0.5819,HH,0.0000
3412240,40.95665,-74.03286,1.000,0.5819,HH,0.0000
3412270,40.76804,-74.23569,1.000,0.5819,HH,0.0000
3412360,40.84702,-73.99706,1.000,0.5819,HH,0.0000
3412390,40.00310,-75.03589,1.000,0.5819,HH,0.0000
3412420,40.94730,-74.07017,1.000,0.5819,HH,0.0000
3412450,41.03618,-74.04429,1.000,0.5819,HH,0.0000
3412480,40.85964,-74.42335,1.000,0.5819,HH,0.0000
3412540,40.85755,-74.12909,1.000,0.5819,HH,0.0000
3412660,40.68288,-74.49162,1.000,0.5819,HH,0.0000
3412690,40.91477,-74.16283,1.000,0.5819,HH,0.0000
3412720,39.83998,-75.23996,1.000,0.5819,HH,0.0000
3412810,39.95859,-74.60461,1.000,0.5819,HH,0.0000
3412870,39.96837,-75.05785,1.000,0.5819,HH,0.0000
3412900,40.96267,-74.30520,1.000,0.5819,HH,0.0000
3412960,40.69197,-75.17901,1.000,0.5819,HH,0.0000
3412990,39.78572,-74.98082,1.000,0.5819,HH,0.0000
3413050,40.54554,-74.46072,1.000,0.5819,HH,0.0000
3413080,39.73309,-75.12967,1.000,0.5819,HH,0.0000
3413140,40.61544,-74.41578,1.000,0.5819,HH,0.0000
3413200,39.38852,-74.50942,1.000,0.5819,HH,0.0000
3413230,40.04572,-74.48525,1.000,0.5819,HH,0.0000
3413260,40.63648,-75.17491,1.000,0.5819,HH,0.0000
3413290,40.07775,-74.06992,1.000,0.5819,HH,0.0000
3413320,40.07934,-74.04665,1.000,0.5819,HH,0.0000
3413350,41.00273,-74.28674,1.000,0.5819,HH,0.0000
3413410,40.35824,-74.66673,1.000,0.5819,HH,0.0000
3413530,40.60715,-74.28053,1.000,0.5819,HH,0.0000
3413590,41.06132,-74.14700,1.000,0.5819,HH,0.0000
3413650,40.84164,-74.57852,1.000,0.5819,HH,0.0000
3413680,40.42563,-74.16869,1.000,0.5819,HH,0.0000
3413710,40.58411,-74.76999,1.000,0.5819,HH,0.0000
3413740,40.34872,-74.06653,1.000,0.5819,HH,0.0000
3413770,40.83268,-74.01409,1.000,0.5819,HH,0.0000
3413800,40.85470,-74.01993,1.000,0.5819,HH,0.0000
3413830,40.98159,-74.11351,1.000,0.5819,HH,0.0000
3413860,41.10396,-74.27114,1.000,0.5819,HH,0.0000
3413890,40.92677,-74.03747,1.000,0.5819,HH,0.0000
3413950,41.01420,-74.00677,1.000,0.5819,HH,0.0000
3413980,40.99589,-74.31453,1.000,0.5819,HH,0.0000
3414010,40.03568,-74.95580,1.000,0.5819,HH,0.0000
3414040,40.01113,-75.01413,1.000,0.5819,HH,0.0000
3414070,40.90650,-74.07801,1.000,0.5819,HH,0.0000
3414100,40.89585,-74.51732,1.000,0.5819,HH,0.0000
3414130,40.95905,-74.49889,1.000,0.5819,HH,0.0000
3414250,40.82174,-74.31015,1.000,0.5819,HH,0.0000
3414280,40.65221,-74.26016,1.000,0.5819,HH,0.0000
3414310,40.66531,-74.26656,1.000,0.5819,HH,0.0000
3414340,40.88841,-74.65150,1.000,0.5819,HH,0.0000
3414460,40.82031,-74.10604,1.000,0.5819,HH,0.0000
3414490,40.90310,-74.09359,1.000,0.5819,HH,0.0000
3414640,40.46694,-74.32019,1.000,0.5819,HH,0.0000
3414670,40.63410,-74.37569,1.000,0.5819,HH,0.0000
3414850,40.78196,-74.06765,1.000,0.5819,HH,0.0000
3414880,39.78500,-74.71718,1.000,0.5819,HH,0.0000
3414970,40.32645,-74.05737,1.000,0.5819,HH,0.0000
3415000,39.84542,-75.02170,1.000,0.5819,HH,0.0000
3415030,39.31724,-74.60638,1.000,0.5819,HH,0.0000
3415090,40.56975,-74.60768,1.000,0.5819,HH,0.0000
3415120,40.48853,-74.27913,1.000,0.5819,HH,0.0000
3415180,40.55395,-74.52745,1.000,0.5819,HH,0.0000
3415210,40.38469,-74.52276,1.000,0.5819,HH,0.0000
3415270,39.69360,-75.25378,1.000,0.5819,HH,0.0000
3415330,40.74200,-74.26479,1.000,0.5819,HH,0.0000
3415360,40.57441,-74.41480,1.000,0.5819,HH,0.0000
3415390,40.44565,-74.37846,1.000,0.5819,HH,0.0000
3415510,41.05228,-74.62791,1.000,0.5819,HH,0.0000
3415540,40.39017,-74.40109,1.000,0.5819,HH,0.0000
3415600,40.14948,-74.04617,1.000,0.5819,HH,0.0000
3415630,40.69797,-74.33444,1.000,0.5819,HH,0.0000
3415660,40.03957,-74.70994,1.000,0.5819,HH,0.0000
3415690,39.70573,-74.26433,1.000,0.5819,HH,0.0000
3415720,40.91337,-74.70363,1.000,0.5819,HH,0.0000
3415750,41.07413,-74.86888,1.000,0.5819,HH,0.0000
3415900,40.71562,-74.36468,1.000,0.5819,HH,0.0000
3415960,41.25220,-74.63283,1.000,0.5819,HH,0.0000
3415990,39.74009,-75.31740,1.000,0.5819,HH,0.0000
3416020,39.82057,-74.65258,1.000,0.5819,HH,0.0000
3416080,40.89032,-74.01148,1.000,0.5819,HH,0.0000
3416110,40.91831,-73.95052,1.000,0.5819,HH,0.0000
3416230,39.98395,-74.16919,1.000,0.5819,HH,0.0000
3416260,40.90342,-74.21978,1.000,0.5819,HH,0.0000
3416290,40.22384,-74.76362,1.000,0.5819,HH,0.0000
3416380,40.76742,-74.03228,1.000,0.5819,HH,0.0000
3416440,40.63221,-74.96497,1.000,0.5819,HH,0.0000
3416470,39.76768,-74.27740,1.000,0.5819,HH,0.0000
3416500,40.69527,-74.26908,1.000,0.5819,HH,0.0000
3416560,40.15357,-74.52931,1.000,0.5819,HH,0.0000
3416620,41.06316,-74.09997,1.000,0.5819,HH,0.0000
3416650,39.25811,-74.72691,1.000,0.5819,HH,0.0000
3416680,39.34205,-74.48263,1.000,0.5819,HH,0.0000
3416710,41.19520,-74.48876,1.000,0.5819,HH,0.0000
3416740,40.83247,-74.24286,1.000,0.5819,HH,0.0000
3416800,39.46501,-74.99712,1.000,0.5819,HH,0.0000
3416830,39.84857,-74.95284,1.000,0.5819,HH,0.0000
3416860,41.01337,-74.12522,1.000,0.5819,HH,0.0000
3416890,40.16583,-74.09799,1.000,0.5819,HH,0.0000
3416920,40.85308,-74.10632,1.000,0.5819,HH,0.0000
3416950,41.04242,-74.28864,1.000,0.5819,HH,0.0000
3416980,40.63459,-74.51904,1.000,0.5819,HH,0.0000
3417010,40.75852,-74.98319,1.000,0.5819,HH,0.0000
3417070,39.74842,-75.06909,1.000,0.5819,HH,0.0000
3417100,40.22382,-74.59499,1.000,0.5819,HH,0.0000
3417130,40.78465,-74.79769,1.000,0.5819,HH,0.0000
3417160,40.72996,-74.95898,1.000,0.5819,HH,0.0000
3417190,40.64284,-74.43623,1.000,0.5819,HH,0.0000
3417250,39.74321,-74.82086,1.000,0.5819,HH,0.0000
3417280,40.94585,-74.24508,1.000,0.5819,HH,0.0000
3417310,40.76801,-74.01701,1.000,0.5819,HH,0.0000
3417340,39.79200,-75.14822,1.000,0.5819,HH,0.0000
3417430,39.84197,-75.18509,1.000,0.5819,HH,0.0000
3417490,40.28790,-74.02002,1.000,0.5819,HH,0.0000
3417520,41.10519,-74.39100,1.000,0.5819,HH,0.0000
3417610,40.78576,-74.26506,1.000,0.5819,HH,0.0000
3417640,40.88985,-74.19436,1.000,0.5819,HH,0.0000
3417700,40.30330,-74.61250,1.000,0.5819,HH,0.0000
3417730,40.01842,-74.81674,1.000,0.5819,HH,0.0000
3417760,40.65164,-74.34345,1.000,0.5819,HH,0.0000
3417790,39.86923,-75.13133,1.000,0.5819,HH,0.0000
3417820,40.98862,-74.04904,1.000,0.5819,HH,0.0000
3417880,40.89705,-74.57451,1.000,0.5819,HH,0.0000
3417940,38.98755,-74.81819,1.000,0.5819,HH,0.0000
3418000,40.02795,-74.88698,1.000,0.5819,HH,0.0000
3418060,39.70172,-74.90835,1.000,0.5819,HH,0.0000
3418120,40.56126,-74.29238,1.000,0.5819,HH,0.0000
3418150,39.83791,-75.15153,1.000,0.5819,HH,0.0000
3418180,39.81329,-75.15065,1.000,0.5819,HH,0.0000
3418270,39.91648,-75.09555,1.000,0.5819,HH,0.0000
3418300,40.85018,-74.08707,1.000,0.5819,HH,0.0000
3418360,40.99909,-74.16885,1.000,0.5819,HH,0.0000
3500010,35.30066,-106.73474,0.333,0.0048,LL,0.0000
3500030,32.22925,-105.95056,0.333,0.0048,LL,0.0000
3500060,35.06679,-106.70222,0.333,0.0048,LL,0.0000
3500120,32.78755,-104.69229,0.333,0.0337,LL,0.0000
3500150,36.88768,-107.78977,0.333,0.0048,LL,0.0000
3500180,34.49784,-106.80876,0.333,0.0048,LL,0.0000
3500210,35.46557,-106.42588,0.333,0.0048,LL,0.0000
3500240,36.39166,-107.86382,0.333,0.0048,LL,0.0000
3500270,33.59135,-105.53283,0.333,0.0192,LL,0.0000
3500300,32.29183,-104.28073,0.333,0.0553,LL,0.0000
3500480,36.66527,-105.07398,-0.333,0.4376,LL,0.0000
3500510,36.36278,-103.34308,-0.333,1.0002,LL,0.0000
3500570,34.47779,-103.27540,-0.333,0.8126,LL,0.0000
3500600,32.82569,-107.99429,0.333,0.0048,LL,0.0000
3500660,35.84614,-107.16012,0.333,0.0048,LL,0.0000
3500690,32.18452,-107.74719,0.333,0.0048,LL,0.0000
3500810,36.75494,-107.17652,0.333,0.0048,LL,0.0000
3500900,36.10265,-106.08970,0.333,0.0120,LL,0.0000
3500960,32.39617,-103.39090,-0.333,0.7189,LL,0.0000
3500990,36.61945,-108.21355,0.333,0.0048,LL,0.0000
3501050,34.35927,-104.36870,-0.333,0.7189,LL,0.0000
3501080,31.98871,-106.85848,0.333,0.0048,LL,0.0000
3501110,35.62966,-108.22835,0.333,0.0048,LL,0.0000
3501170,34.86522,-107.94800,0.333,0.0048,LL,0.0000
3501230,32.75050,-106.78643,0.333,0.0048,LL,0.0000
3501260,32.64369,-103.41031,-0.333,0.7189,LL,0.0000
3501500,32.37388,-106.83996,0.333,0.0048,LL,0.0000
3501530,35.64407,-104.86303,-0.333,0.4376,LL,0.0000
3501560,35.39094,-104.67998,-0.333,0.4376,LL,0.0000
3501620,32.36765,-108.89820,0.333,0.0048,LL,0.0000
3501650,35.86610,-106.29168,0.333,0.0048,LL,0.0000
3501680,34.78617,-106.88478,0.333,0.0048,LL,0.0000
3501740,32.93253,-103.43129,-0.333,0.8126,LL,0.0000
3501890,35.07193,-105.91421,0.333,0.0120,LL,0.0000
3502100,34.14976,-103.29201,-0.333,0.8126,LL,0.0000
3502190,36.81450,-104.37734,-0.333,0.5313,LL,0.0000
3502250,33.64225,-104.34482,-0.333,0.5313,LL,0.0000
3502310,33.36892,-105.57635,0.333,0.0120,LL,0.0000
3502370,35.54269,-105.97249,0.333,0.0120,LL,0.0000
3502400,34.97083,-104.69726,-0.333,0.6251,LL,0.0000
3502430,32.67739,-108.50954,0.333,0.0048,LL,0.0000
3502460,33.76690,-106.82122,0.333,0.0048,LL,0.0000
3502520,36.38954,-105.56217,0.333,0.0337,LL,0.0000
3502610,33.11947,-107.18816,0.333,0.0048,LL,0.0000
3502640,35.07458,-103.78028,-0.333,0.8126,LL,0.0000
3502670,33.16659,-105.89891,0.333,0.0048,LL,0.0000
3700011,35.03726,-78.80749,1.000,0.5819,HH,0.0000
3700012,35.59249,-77.37274,1.000,0.5819,HH,0.0000
3700030,36.04395,-79.40057,1.000,0.5819,HH,0.0000
3700090,35.92095,-81.17747,1.000,0.5819,HH,0.0000
3700210,36.44347,-81.49933,1.000,0.5819,HH,0.0000
3700240,35.71274,-79.81088,1.000,0.5819,HH,0.0000
3700270,35.61294,-82.54750,1.000,0.5819,HH,0.0000
3700330,35.48231,-76.84201,1.000,0.5819,HH,0.0000
3700390,34.59194,-78.53949,1.000,0.5819,HH,0.0000
3700420,34.03875,-78.22777,1.000,0.5819,HH,0.0000
3700450,35.60937,-82.53042,1.000,0.5819,HH,0.0000
3700480,35.74618,-81.70618,1.000,0.5819,HH,0.0000
3700530,35.38325,-80.54853,1.000,0.5819,HH,0.0000
3700580,35.96640,-81.51254,1.000,0.5819,HH,0.0000
3700630,34.85834,-76.53586,1.000,0.5819,HH,0.0000
3700660,36.39433,-79.33962,1.000,0.5819,HH,0.0000
3700690,35.65243,-81.20658,1.000,0.5819,HH,0.0000
3700720,35.92171,-79.07615,1.000,0.5819,HH,0.0000
3700750,35.70499,-79.25145,1.000,0.5819,HH,0.0000
3700780,35.13715,-84.06145,1.000,0.5819,HH,0.0000
3700900,35.33463,-81.55711,1.000,0.5819,HH,0.0000
3700930,35.01324,-78.33754,1.000,0.5819,HH,0.0000
3700960,34.26160,-78.63931,1.000,0.5819,HH,0.0000
3701140,35.79513,-80.20711,1.000,0.5819,HH,0.0000
3701170,35.92936,-80.54255,1.000,0.5819,HH,0.0000
3701200,34.93440,-77.93354,1.000,0.5819,HH,0.0000
3701260,36.03383,-78.87812,1.000,0.5819,HH,0.0000
3701320,35.91708,-77.60274,1.000,0.5819,HH,0.0000
3701380,36.28617,-80.83373,1.000,0.5819,HH,0.0000
3701500,36.13247,-80.25696,1.000,0.5819,HH,0.0000
3701530,36.08824,-78.28311,1.000,0.5819,HH,0.0000
3701620,35.29283,-81.17736,1.000,0.5819,HH,0.0000
3701800,36.29988,-78.65763,1.000,0.5819,HH,0.0000
3701920,36.07906,-79.78867,1.000,0.5819,HH,0.0000
3701950,36.24145,-77.65410,1.000,0.5819,HH,0.0000
3702010,35.36866,-78.87166,1.000,0.5819,HH,0.0000
3702040,35.55888,-82.98131,1.000,0.5819,HH,0.0000
3702100,35.33643,-82.47958,1.000,0.5819,HH,0.0000
3702160,36.36352,-76.98162,1.000,0.5819,HH,0.0000
3702190,35.73519,-81.34914,1.000,0.5819,HH,0.0000
3702310,35.82257,-80.88119,1.000,0.5819,HH,0.0000
3702370,35.51342,-78.36735,1.000,0.5819,HH,0.0000
3702430,35.49528,-80.61619,1.000,0.5819,HH,0.0000
3702560,35.47634,-79.17212,1.000,0.5819,HH,0.0000
3702610,35.24007,-77.63551,1.000,0.5819,HH,0.0000
3702640,35.81631,-80.26308,1.000,0.5819,HH,0.0000
3702680,35.48849,-81.22689,1.000,0.5819,HH,0.0000
3702820,35.86421,-82.71263,1.000,0.5819,HH,0.0000
3702940,35.68227,-82.04805,1.000,0.5819,HH,0.0000
3702970,35.24686,-80.83383,1.000,0.5819,HH,0.0000
3703090,35.30827,-79.49272,1.000,0.5819,HH,0.0000
3703120,35.58202,-80.79644,1.000,0.5819,HH,0.0000
3703210,36.51345,-80.59363,1.000,0.5819,HH,0.0000
3703270,35.96594,-77.98755,1.000,0.5819,HH,0.0000
3703310,35.11683,-77.08132,1.000,0.5819,HH,0.0000
3703330,34.18345,-77.86420,1.000,0.5819,HH,0.0000
3703360,35.70757,-81.21456,1.000,0.5819,HH,0.0000
3703450,34.82641,-77.53156,1.000,0.5819,HH,0.0000
3703480,36.08907,-79.12583,1.000,0.5819,HH,0.0000
3703540,36.26520,-76.26069,1.000,0.5819,HH,0.0000
3703570,34.51256,-77.88811,1.000,0.5819,HH,0.0000
3703630,36.38831,-78.97372,1.000,0.5819,HH,0.0000
3703720,35.27790,-82.16762,1.000,0.5819,HH,0.0000
3703780,35.60356,-79.94966,1.000,0.5819,HH,0.0000
3703870,35.00464,-79.75569,1.000,0.5819,HH,0.0000
3703900,36.45879,-77.65647,1.000,0.5819,HH,0.0000
3703930,34.63921,-79.10088,1.000,0.5819,HH,0.0000
3703990,36.38181,-79.78275,1.000,0.5819,HH,0.0000
3704050,35.64135,-80.52172,1.000,0.5819,HH,0.0000
3704080,35.40275,-81.91958,1.000,0.5819,HH,0.0000
3704140,34.93994,-78.39221,1.000,0.5819,HH,0.0000
3704200,34.84002,-79.47734,1.000,0.5819,HH,0.0000
3704320,35.31045,-80.25437,1.000,0.5819,HH,0.0000
3704410,36.41542,-80.68646,1.000,0.5819,HH,0.0000
3704440,35.51089,-83.52027,1.000,0.5819,HH,0.0000
3704500,35.88357,-80.07959,1.000,0.5819,HH,0.0000
3704530,35.21010,-82.81666,1.000,0.5819,HH,0.0000
3704620,34.99182,-80.53043,1.000,0.5819,HH,0.0000
3704650,36.36548,-78.40543,1.000,0.5819,HH,0.0000
3704720,35.78985,-78.65062,1.000,0.5819,HH,0.0000
3704740,36.39811,-78.09990,1.000,0.5819,HH,0.0000
3704880,35.35419,-78.00867,1.000,0.5819,HH,0.0000
3704920,34.34708,-78.72831,1.000,0.5819,HH,0.0000
3705020,35.70036,-77.92160,1.000,0.5819,HH,0.0000
3800014,46.86523,-100.75942,-1.000,3.0053,LL,0.0000
3800038,46.90839,-102.69141,-1.000,3.0053,LL,0.0000
3800405,48.22134,-103.67735,-1.000,3.0053,LL,0.0000
3806780,46.83518,-96.81806,-1.000,3.0053,LL,0.0000
3808130,47.91480,-97.22831,-1.000,3.0053,LL,0.0000
3811820,46.72799,-100.93038,-1.000,3.0053,LL,0.0000
3813030,48.31969,-101.28477,-1.000,3.0053,LL,0.0000
3819410,46.87366,-96.91698,-1.000,3.0053,LL,0.0000
3900094,39.44474,-84.37158,1.000,0.5819,HH,0.0000
3900537,38.71475,-83.59265,1.000,0.5819,HH,0.0000
3904348,41.07620,-81.52042,1.000,0.5819,HH,0.0000
3904349,40.91130,-81.09552,1.000,0.5819,HH,0.0000
3904350,40.85778,-82.29764,1.000,0.5819,HH,0.0000
3904351,41.83637,-80.81177,1.000,0.5819,HH,0.0000
3904352,39.36956,-82.11256,1.000,0.5819,HH,0.0000
3904353,41.01783,-81.60184,1.000,0.5819,HH,0.0000
3904357,39.99687,-80.81846,1.000,0.5819,HH,0.0000
3904358,40.34231,-83.78221,1.000,0.5819,HH,0.0000
3904359,41.24783,-82.86863,1.000,0.5819,HH,0.0000
3904361,39.29665,-81.60692,1.000,0.5819,HH,0.0000
3904362,39.96536,-82.93448,1.000,0.5819,HH,0.0000
3904363,41.33118,-83.71839,1.000,0.5819,HH,0.0000
3904366,41.24049,-81.82882,1.000,0.5819,HH,0.0000
3904367,41.48260,-84.54403,1.000,0.5819,HH,0.0000
3904368,40.80432,-82.97306,1.000,0.5819,HH,0.0000
3904369,40.10762,-81.58165,1.000,0.5819,HH,0.0000
3904370,41.07798,-80.59236,1.000,0.5819,HH,0.0000
3904371,40.80349,-81.37636,1.000,0.5819,HH,0.0000
3904373,39.62577,-84.16137,1.000,0.5819,HH,0.0000
3904374,39.30290,-82.97624,1.000,0.5819,HH,0.0000
3904375,39.14476,-84.50356,1.000,0.5819,HH,0.0000
3904376,39.58172,-82.98848,1.000,0.5819,HH,0.0000
3904377,40.36477,-81.32507,1.000,0.5819,HH,0.0000
3904378,41.47846,-81.67944,1.000,0.5819,HH,0.0000
3904379,41.50731,-81.56028,1.000,0.5819,HH,0.0000
3904380,39.98142,-82.97231,1.000,0.5819,HH,0.0000
3904381,41.87824,-80.55859,1.000,0.5819,HH,0.0000
3904382,40.26340,-81.82969,1.000,0.5819,HH,0.0000
3904383,41.14146,-81.47967,1.000,0.5819,HH,0.0000
3904384,39.76805,-84.20304,1.000,0.5819,HH,0.0000
3904385,39.21115,-84.39683,1.000,0.5819,HH,0.0000
3904386,41.25274,-84.39814,1.000,0.5819,HH,0.0000
3904387,40.31664,-83.07292,1.000,0.5819,HH,0.0000
3904388,40.82965,-84.35015,1.000,0.5819,HH,0.0000
3904389,40.54052,-81.49186,1.000,0.5819,HH,0.0000
3904390,41.53245,-81.57722,1.000,0.5819,HH,0.0000
3904391,40.64162,-80.58265,1.000,0.5819,HH,0.0000
3904393,39.70437,-84.70878,1.000,0.5819,HH,0.0000
3904394,41.38323,-82.11957,1.000,0.5819,HH,0.0000
3904395,41.59107,-81.51847,1.000,0.5819,HH,0.0000
3904396,39.81118,-84.01868,1.000,0.5819,HH,0.0000
3904399,41.18451,-83.44002,1.000,0.5819,HH,0.0000
3904400,39.53648,-84.29548,1.000,0.5819,HH,0.0000
3904401,41.37903,-83.10936,1.000,0.5819,HH,0.0000
3904402,40.72820,-82.77187,1.000,0.5819,HH,0.0000
3904403,38.80977,-82.27892,1.000,0.5819,HH,0.0000
3904405,41.75604,-80.93192,1.000,0.5819,HH,0.0000
3904406,41.15075,-80.70345,1.000,0.5819,HH,0.0000
3904407,39.98045,-83.04435,1.000,0.5819,HH,0.0000
3904408,39.26898,-84.51880,1.000,0.5819,HH,0.0000
3904409,40.11595,-84.61907,1.000,0.5819,HH,0.0000
3904410,39.39444,-84.56915,1.000,0.5819,HH,0.0000
3904411,40.02865,-82.43081,1.000,0.5819,HH,0.0000
3904412,39.17189,-83.59448,1.000,0.5819,HH,0.0000
3904413,41.38600,-82.58625,1.000,0.5819,HH,0.0000
3904414,38.53052,-82.67640,1.000,0.5819,HH,0.0000
3904416,41.17076,-81.34315,1.000,0.5819,HH,0.0000
3904418,39.69822,-84.16046,1.000,0.5819,HH,0.0000
3904419,41.48326,-81.80114,1.000,0.5819,HH,0.0000
3904420,39.71093,-82.61872,1.000,0.5819,HH,0.0000
3904421,39.44191,-84.21338,1.000,0.5819,HH,0.0000
3904422,40.73964,-84.11208,1.000,0.5819,HH,0.0000
3904424,39.51102,-82.44030,1.000,0.5819,HH,0.0000
3904425,39.92851,-83.43702,1.000,0.5819,HH,0.0000
3904426,41.44814,-82.16515,1.000,0.5819,HH,0.0000
3904427,39.25866,-84.26592,1.000,0.5819,HH,0.0000
3904428,39.18510,-84.37311,1.000,0.5819,HH,0.0000
3904429,40.76408,-82.54097,1.000,0.5819,HH,0.0000
3904431,39.14246,-84.37705,1.000,0.5819,HH,0.0000
3904433,40.58930,-83.12960,1.000,0.5819,HH,0.0000
3904434,40.11776,-80.78476,1.000,0.5819,HH,0.0000
3904435,40.79132,-81.53225,1.000,0.5819,HH,0.0000
3904436,41.57591,-83.65076,1.000,0.5819,HH,0.0000
3904438,41.13177,-81.83892,1.000,0.5819,HH,0.0000
3904439,39.62895,-84.26810,1.000,0.5819,HH,0.0000
3904440,39.50306,-84.37539,1.000,0.5819,HH,0.0000
3904441,39.24798,-84.55224,1.000,0.5819,HH,0.0000
3904443,41.37404,-84.10709,1.000,0.5819,HH,0.0000
3904444,39.47353,-82.22022,1.000,0.5819,HH,0.0000
3904445,40.07553,-82.42339,1.000,0.5819,HH,0.0000
3904446,38.75135,-82.93615,1.000,0.5819,HH,0.0000
3904447,39.71601,-82.24673,1.000,0.5819,HH,0.0000
3904448,40.44367,-81.50471,1.000,0.5819,HH,0.0000
3904449,41.18654,-80.74867,1.000,0.5819,HH,0.0000
3904450,40.90564,-81.39729,1.000,0.5819,HH,0.0000
3904451,39.21597,-84.55318,1.000,0.5819,HH,0.0000
3904453,41.38632,-82.02282,1.000,0.5819,HH,0.0000
3904455,41.01432,-81.64628,1.000,0.5819,HH,0.0000
3904456,41.20705,-82.59733,1.000,0.5819,HH,0.0000
3904457,39.16060,-84.45357,1.000,0.5819,HH,0.0000
3904458,39.72020,-84.17333,1.000,0.5819,HH,0.0000
3904459,41.29880,-82.20797,1.000,0.5819,HH,0.0000
3904460,41.64584,-83.36140,1.000,0.5819,HH,0.0000
3904461,40.84644,-81.74625,1.000,0.5819,HH,0.0000
3904463,41.38380,-81.72507,1.000,0.5819,HH,0.0000
3904464,40.15723,-84.23125,1.000,0.5819,HH,0.0000
3904465,41.51931,-82.97357,1.000,0.5819,HH,0.0000
3904467,39.27684,-84.42327,1.000,0.5819,HH,0.0000
3904468,41.17142,-81.24899,1.000,0.5819,HH,0.0000
3904469,39.22458,-84.43414,1.000,0.5819,HH,0.0000
3904470,41.47063,-81.85478,1.000,0.5819,HH,0.0000
3904471,39.17353,-84.49329,1.000,0.5819,HH,0.0000
3904472,40.56385,-84.38148,1.000,0.5819,HH,0.0000
3904474,41.44583,-82.71056,1.000,0.5819,HH,0.0000
3904475,41.47634,-81.55187,1.000,0.5819,HH,0.0000
3904476,41.46120,-82.09114,1.000,0.5819,HH,0.0000
3904480,39.88630,-83.12527,1.000,0.5819,HH,0.0000
3904481,39.92927,-83.80119,1.000,0.5819,HH,0.0000
3904482,40.37011,-80.63434,1.000,0.5819,HH,0.0000
3904483,41.17409,-81.43239,1.000,0.5819,HH,0.0000
3904484,41.31240,-81.83240,1.000,0.5819,HH,0.0000
3904485,41.05165,-80.58964,1.000,0.5819,HH,0.0000
3904486,39.25329,-84.35609,1.000,0.5819,HH,0.0000
3904487,41.69536,-83.71420,1.000,0.5819,HH,0.0000
3904488,41.10336,-81.42219,1.000,0.5819,HH,0.0000
3904489,41.12754,-83.13545,1.000,0.5819,HH,0.0000
3904490,41.65038,-83.60013,1.000,0.5819,HH,0.0000
3904491,40.46562,-80.61555,1.000,0.5819,HH,0.0000
3904492,40.04410,-84.23938,1.000,0.5819,HH,0.0000
3904493,40.02656,-83.07089,1.000,0.5819,HH,0.0000
3904494,40.07463,-83.72566,1.000,0.5819,HH,0.0000
3904495,39.88378,-84.22515,1.000,0.5819,HH,0.0000
3904498,40.57769,-84.15466,1.000,0.5819,HH,0.0000
3904499,41.23440,-80.82087,1.000,0.5819,HH,0.0000
3904502,39.11398,-82.54378,1.000,0.5819,HH,0.0000
3904503,40.62621,-80.65942,1.000,0.5819,HH,0.0000
3904504,40.11601,-82.90973,1.000,0.5819,HH,0.0000
3904505,39.67403,-84.23585,1.000,0.5819,HH,0.0000
3904506,41.44953,-81.93016,1.000,0.5819,HH,0.0000
3904507,39.96897,-82.88395,1.000,0.5819,HH,0.0000
3904508,41.60632,-81.46803,1.000,0.5819,HH,0.0000
3904509,41.06462,-82.72983,1.000,0.5819,HH,0.0000
3904510,41.62511,-81.43075,1.000,0.5819,HH,0.0000
3904511,39.42894,-83.79646,1.000,0.5819,HH,0.0000
3904513,40.11045,-83.02135,1.000,0.5819,HH,0.0000
3904514,39.22953,-84.48149,1.000,0.5819,HH,0.0000
3904515,39.65622,-83.92650,1.000,0.5819,HH,0.0000
3904516,41.09797,-80.62042,1.000,0.5819,HH,0.0000
3904517,39.94752,-81.97416,1.000,0.5819,HH,0.0000
3904519,41.39776,-82.21498,1.000,0.5819,HH,0.0000
3904520,39.99541,-81.17166,1.000,0.5819,HH,0.0000
3904522,40.14542,-84.44172,1.000,0.5819,HH,0.0000
3904523,40.08336,-80.79702,1.000,0.5819,HH,0.0000
3904524,40.27983,-81.07880,1.000,0.5819,HH,0.0000
3904525,39.68346,-81.51080,1.000,0.5819,HH,0.0000
3904526,40.95497,-83.37488,1.000,0.5819,HH,0.0000
3904527,40.56696,-81.04678,1.000,0.5819,HH,0.0000
3904528,41.42699,-81.38244,1.000,0.5819,HH,0.0000
3904529,38.46254,-82.45018,1.000,0.5819,HH,0.0000
3904531,40.48705,-84.69838,1.000,0.5819,HH,0.0000
3904533,40.13596,-84.35669,1.000,0.5819,HH,0.0000
3904535,39.71119,-82.08403,1.000,0.5819,HH,0.0000
3904537,38.86544,-83.89302,1.000,0.5819,HH,0.0000
3904538,41.36444,-83.32717,1.000,0.5819,HH,0.0000
3904539,40.06229,-82.52512,1.000,0.5819,HH,0.0000
3904540,39.30690,-83.37565,1.000,0.5819,HH,0.0000
3904542,41.16688,-80.56744,1.000,0.5819,HH,0.0000
3904543,39.18856,-84.33602,1.000,0.5819,HH,0.0000
3904545,40.77810,-80.76443,1.000,0.5819,HH,0.0000
3904546,40.64126,-82.25589,1.000,0.5819,HH,0.0000
3904547,40.28977,-83.41362,1.000,0.5819,HH,0.0000
3904548,40.06437,-83.56700,1.000,0.5819,HH,0.0000
3904549,41.68348,-81.33345,1.000,0.5819,HH,0.0000
3904550,39.18278,-84.25391,1.000,0.5819,HH,0.0000
3904551,39.96582,-84.34443,1.000,0.5819,HH,0.0000
3904552,41.56821,-84.62496,1.000,0.5819,HH,0.0000
3904554,40.25229,-81.59588,1.000,0.5819,HH,0.0000
3904555,38.94614,-84.22137,1.000,0.5819,HH,0.0000
3904556,41.16956,-80.94843,1.000,0.5819,HH,0.0000
3904557,41.15433,-84.50003,1.000,0.5819,HH,0.0000
3904558,41.52582,-83.63489,1.000,0.5819,HH,0.0000
3904560,41.53979,-83.56065,1.000,0.5819,HH,0.0000
3904561,39.95736,-84.21838,1.000,0.5819,HH,0.0000
3904563,40.25689,-84.50907,1.000,0.5819,HH,0.0000
3904564,41.56667,-84.14247,1.000,0.5819,HH,0.0000
3904565,41.18488,-82.25683,1.000,0.5819,HH,0.0000
3904566,41.24982,-81.05743,1.000,0.5819,HH,0.0000
3904567,39.80078,-83.89859,1.000,0.5819,HH,0.0000
3904575,40.72189,-83.95401,1.000,0.5819,HH,0.0000
3904576,40.79708,-84.06021,1.000,0.5819,HH,0.0000
3904577,40.80428,-84.19911,1.000,0.5819,HH,0.0000
3904578,40.67511,-84.04143,1.000,0.5819,HH,0.0000
3904579,40.70063,-84.18097,1.000,0.5819,HH,0.0000
3904580,40.71085,-84.36513,1.000,0.5819,HH,0.0000
3904582,40.77516,-82.23696,1.000,0.5819,HH,0.0000
3904583,40.97507,-82.29609,1.000,0.5819,HH,0.0000
3904585,41.85176,-80.67729,1.000,0.5819,HH,0.0000
3904586,41.56725,-80.87532,1.000,0.5819,HH,0.0000
3904587,41.70461,-80.75282,1.000,0.5819,HH,0.0000
3904588,41.61516,-80.62226,1.000,0.5819,HH,0.0000
3904591,39.31638,-81.90948,1.000,0.5819,HH,0.0000
3904592,39.50595,-82.10571,1.000,0.5819,HH,0.0000
3904594,40.38931,-84.39704,1.000,0.5819,HH,0.0000
3904595,40.45684,-84.39049,1.000,0.5819,HH,0.0000
3904597,40.59143,-83.96406,1.000,0.5819,HH,0.0000
3904599,40.08021,-80.91104,1.000,0.5819,HH,0.0000
3904600,39.94364,-80.79907,1.000,0.5819,HH,0.0000
3904601,40.04024,-81.04094,1.000,0.5819,HH,0.0000
3904604,39.18818,-83.93064,1.000,0.5819,HH,0.0000
3904606,39.00260,-83.95017,1.000,0.5819,HH,0.0000
3904609,39.49534,-84.52018,1.000,0.5819,HH,0.0000
3904610,39.35972,-84.53105,1.000,0.5819,HH,0.0000
3904611,39.36594,-84.41309,1.000,0.5819,HH,0.0000
3904612,39.55689,-84.42016,1.000,0.5819,HH,0.0000
3904613,39.44620,-84.54493,1.000,0.5819,HH,0.0000
3904614,39.34425,-84.69336,1.000,0.5819,HH,0.0000
3904615,39.48605,-84.70894,1.000,0.5819,HH,0.0000
3904617,40.68185,-81.18605,1.000,0.5819,HH,0.0000
3904619,40.14239,-83.91827,1.000,0.5819,HH,0.0000
3904620,40.19242,-83.59930,1.000,0.5819,HH,0.0000
3904621,40.21517,-83.74335,1.000,0.5819,HH,0.0000
3904623,39.86055,-83.89882,1.000,0.5819,HH,0.0000
3904624,39.92192,-83.99433,1.000,0.5819,HH,0.0000
3904625,39.95768,-83.65288,1.000,0.5819,HH,0.0000
3904626,39.99586,-83.91995,1.000,0.5819,HH,0.0000
3904627,39.82541,-83.67894,1.000,0.5819,HH,0.0000
3904628,39.88153,-83.74158,1.000,0.5819,HH,0.0000
3904630,39.06332,-84.16824,1.000,0.5819,HH,0.0000
3904631,38.95193,-84.10173,1.000,0.5819,HH,0.0000
3904632,39.14446,-84.11825,1.000,0.5819,HH,0.0000
3904633,38.83410,-84.12295,1.000,0.5819,HH,0.0000
3904634,39.23864,-84.14956,1.000,0.5819,HH,0.0000
3904635,39.05957,-84.23874,1.000,0.5819,HH,0.0000
3904636,39.05844,-84.05855,1.000,0.5819,HH,0.0000
3904638,39.27754,-83.96355,1.000,0.5819,HH,0.0000
3904639,39.45357,-83.97680,1.000,0.5819,HH,0.0000
3904640,39.42112,-83.66063,1.000,0.5819,HH,0.0000
3904642,40.73062,-80.62926,1.000,0.5819,HH,0.0000
3904643,40.84538,-80.66668,1.000,0.5819,HH,0.0000
3904644,40.66323,-80.79283,1.000,0.5819,HH,0.0000
3904645,40.79772,-80.90102,1.000,0.5819,HH,0.0000
3904647,40.26491,-81.73128,1.000,0.5819,HH,0.0000
3904648,40.28372,-82.02563,1.000,0.5819,HH,0.0000
3904650,40.96126,-82.88788,1.000,0.5819,HH,0.0000
3904652,40.84107,-83.03513,1.000,0.5819,HH,0.0000
3904657,41.37017,-81.93247,1.000,0.5819,HH,0.0000
3904664,40.01372,-84.47735,1.000,0.5819,HH,0.0000
3904668,40.00134,-84.73942,1.000,0.5819,HH,0.0000
3904670,41.23050,-84.27595,1.000,0.5819,HH,0.0000
3904671,41.34518,-84.58284,1.000,0.5819,HH,0.0000
3904672,41.35979,-84.34787,1.000,0.5819,HH,0.0000
3904674,40.23145,-82.83000,1.000,0.5819,HH,0.0000
3904675,40.40747,-82.96033,1.000,0.5819,HH,0.0000
3904676,40.20612,-83.01848,1.000,0.5819,HH,0.0000
3904680,41.39402,-82.84317,1.000,0.5819,HH,0.0000
3904681,41.36780,-82.70007,1.000,0.5819,HH,0.0000
3904682,41.39208,-82.37745,1.000,0.5819,HH,0.0000
3904684,39.62876,-82.73768,1.000,0.5819,HH,0.0000
3904685,39.64334,-82.55426,1.000,0.5819,HH,0.0000
3904686,39.78223,-82.70633,1.000,0.5819,HH,0.0000
3904687,39.75404,-82.46294,1.000,0.5819,HH,0.0000
3904688,39.85402,-82.61113,1.000,0.5819,HH,0.0000
3904689,39.88861,-82.74193,1.000,0.5819,HH,0.0000
3904694,39.81807,-82.78956,1.000,0.5819,HH,0.0000
3904695,39.84003,-82.97627,1.000,0.5819,HH,0.0000
3904696,40.02545,-82.84732,1.000,0.5819,HH,0.0000
3904697,39.86212,-82.88601,1.000,0.5819,HH,0.0000
3904699,40.08973,-82.80714,1.000,0.5819,HH,0.0000
3904700,39.96052,-82.79903,1.000,0.5819,HH,0.0000
3904701,40.02052,-83.17750,1.000,0.5819,HH,0.0000
3904702,40.12663,-83.14106,1.000,0.5819,HH,0.0000
3904704,41.52680,-84.30256,1.000,0.5819,HH,0.0000
3904706,41.66000,-84.31354,1.000,0.5819,HH,0.0000
3904708,41.57185,-84.02754,1.000,0.5819,HH,0.0000
3904709,41.59084,-83.86733,1.000,0.5819,HH,0.0000
3904716,41.53251,-81.10088,1.000,0.5819,HH,0.0000
3904717,41.45518,-81.04673,1.000,0.5819,HH,0.0000
3904718,41.57932,-81.20619,1.000,0.5819,HH,0.0000
3904719,41.38481,-81.28574,1.000,0.5819,HH,0.0000
3904722,41.48436,-81.30560,1.000,0.5819,HH,0.0000
3904724,39.72860,-84.03948,1.000,0.5819,HH,0.0000
3904725,39.75817,-83.80966,1.000,0.5819,HH,0.0000
3904726,39.63981,-83.74120,1.000,0.5819,HH,0.0000
3904727,39.63486,-84.06792,1.000,0.5819,HH,0.0000
3904730,39.92888,-81.54387,1.000,0.5819,HH,0.0000
3904733,39.21521,-84.51310,1.000,0.5819,HH,0.0000
3904734,39.09065,-84.35356,1.000,0.5819,HH,0.0000
3904736,39.24996,-84.61770,1.000,0.5819,HH,0.0000
3904737,39.13967,-84.64925,1.000,0.5819,HH,0.0000
3904738,39.23752,-84.75343,1.000,0.5819,HH,0.0000
3904739,39.16458,-84.74138,1.000,0.5819,HH,0.0000
3904743,40.92548,-83.79267,1.000,0.5819,HH,0.0000
3904745,41.14298,-83.80808,1.000,0.5819,HH,0.0000
3904749,40.77036,-83.66169,1.000,0.5819,HH,0.0000
3904751,40.84267,-83.51795,1.000,0.5819,HH,0.0000
3904754,40.43504,-81.21084,1.000,0.5819,HH,0.0000
3904758,41.45409,-84.00390,1.000,0.5819,HH,0.0000
3904759,41.26158,-83.98868,1.000,0.5819,HH,0.0000
3904761,39.08030,-83.59959,1.000,0.5819,HH,0.0000
3904762,39.31854,-83.55494,1.000,0.5819,HH,0.0000
3904763,39.16843,-83.80075,1.000,0.5819,HH,0.0000
3904768,40.56917,-81.75579,1.000,0.5819,HH,0.0000
3904769,40.53688,-82.01315,1.000,0.5819,HH,0.0000
3904772,41.12228,-82.41363,1.000,0.5819,HH,0.0000
3904773,41.06030,-82.55231,1.000,0.5819,HH,0.0000
3904774,41.22746,-82.48194,1.000,0.5819,HH,0.0000
3904776,38.90216,-82.58868,1.000,0.5819,HH,0.0000
3904778,40.22828,-80.77165,1.000,0.5819,HH,0.0000
3904779,40.48501,-80.77817,1.000,0.5819,HH,0.0000
3904780,40.33050,-80.74232,1.000,0.5819,HH,0.0000
3904782,40.31263,-82.66127,1.000,0.5819,HH,0.0000
3904785,40.48962,-82.55107,1.000,0.5819,HH,0.0000
3904787,41.60986,-81.34053,1.000,0.5819,HH,0.0000
3904788,41.78006,-81.05960,1.000,0.5819,HH,0.0000
3904792,38.52282,-82.55053,1.000,0.5819,HH,0.0000
3904793,38.51928,-82.33891,1.000,0.5819,HH,0.0000
3904794,38.63355,-82.65152,1.000,0.5819,HH,0.0000
3904795,38.44448,-82.55739,1.000,0.5819,HH,0.0000
3904796,38.63048,-82.46982,1.000,0.5819,HH,0.0000
3904798,40.15051,-82.69663,1.000,0.5819,HH,0.0000
3904799,39.97988,-82.42966,1.000,0.5819,HH,0.0000
3904800,40.02011,-82.73825,1.000,0.5819,HH,0.0000
3904801,40.09020,-82.27815,1.000,0.5819,HH,0.0000
3904802,40.20605,-82.41555,1.000,0.5819,HH,0.0000
3904804,39.97362,-82.65640,1.000,0.5819,HH,0.0000
3904807,40.41562,-83.63601,1.000,0.5819,HH,0.0000
3904808,40.45103,-83.87854,1.000,0.5819,HH,0.0000
3904809,40.31808,-83.92375,1.000,0.5819,HH,0.0000
3904811,41.44510,-82.00511,1.000,0.5819,HH,0.0000
3904812,41.49450,-82.01594,1.000,0.5819,HH,0.0000
3904813,41.42643,-82.14302,1.000,0.5819,HH,0.0000
3904814,41.30052,-81.93742,1.000,0.5819,HH,0.0000
3904815,41.31077,-82.32495,1.000,0.5819,HH,0.0000
3904816,41.23003,-82.12317,1.000,0.5819,HH,0.0000
3904817,41.28414,-82.02997,1.000,0.5819,HH,0.0000
3904820,41.52682,-83.78332,1.000,0.5819,HH,0.0000
3904821,41.66706,-83.63977,1.000,0.5819,HH,0.0000
3904822,41.61706,-83.72761,1.000,0.5819,HH,0.0000
3904823,41.71552,-83.51445,1.000,0.5819,HH,0.0000
3904825,39.95575,-83.29520,1.000,0.5819,HH,0.0000
3904826,40.05225,-83.33475,1.000,0.5819,HH,0.0000
3904829,41.09472,-80.76079,1.000,0.5819,HH,0.0000
3904830,41.01711,-80.66722,1.000,0.5819,HH,0.0000
3904831,41.02254,-80.75930,1.000,0.5819,HH,0.0000
3904832,41.08558,-80.91653,1.000,0.5819,HH,0.0000
3904834,41.01373,-80.57803,1.000,0.5819,HH,0.0000
3904836,40.95262,-80.75075,1.000,0.5819,HH,0.0000
3904837,40.94708,-80.57450,1.000,0.5819,HH,0.0000
3904838,40.91231,-80.98981,1.000,0.5819,HH,0.0000
3904839,41.01681,-80.92028,1.000,0.5819,HH,0.0000
3904841,40.54416,-83.28019,1.000,0.5819,HH,0.0000
3904842,40.52708,-83.12755,1.000,0.5819,HH,0.0000
3904844,40.59190,-83.00380,1.000,0.5819,HH,0.0000
3904846,41.05321,-82.17687,1.000,0.5819,HH,0.0000
3904847,41.18991,-81.94693,1.000,0.5819,HH,0.0000
3904848,41.05720,-81.95279,1.000,0.5819,HH,0.0000
3904849,41.16720,-81.73484,1.000,0.5819,HH,0.0000
3904852,39.09560,-82.11894,1.000,0.5819,HH,0.0000
3904853,38.98330,-81.87807,1.000,0.5819,HH,0.0000
3904858,40.39949,-84.61959,1.000,0.5819,HH,0.0000
3904861,39.92427,-84.11854,1.000,0.5819,HH,0.0000
3904862,40.07580,-84.10696,1.000,0.5819,HH,0.0000
3904863,40.04401,-84.35549,1.000,0.5819,HH,0.0000
3904865,39.73942,-81.06406,1.000,0.5819,HH,0.0000
3904867,39.82711,-84.42331,1.000,0.5819,HH,0.0000
3904870,39.80690,-84.14502,1.000,0.5819,HH,0.0000
3904871,39.75160,-84.42115,1.000,0.5819,HH,0.0000
3904872,39.88331,-84.35103,1.000,0.5819,HH,0.0000
3904873,39.81815,-84.19232,1.000,0.5819,HH,0.0000
3904874,39.65147,-84.40257,1.000,0.5819,HH,0.0000
3904875,39.85499,-84.11782,1.000,0.5819,HH,0.0000
3904877,39.62495,-81.86170,1.000,0.5819,HH,0.0000
3904879,40.48841,-82.89859,1.000,0.5819,HH,0.0000
3904880,40.42565,-82.72907,1.000,0.5819,HH,0.0000
3904881,40.63157,-82.73521,1.000,0.5819,HH,0.0000
3904883,39.99897,-81.75349,1.000,0.5819,HH,0.0000
3904884,39.82692,-81.90810,1.000,0.5819,HH,0.0000
3904885,39.88565,-82.08550,1.000,0.5819,HH,0.0000
3904887,40.08904,-82.00669,1.000,0.5819,HH,0.0000
3904888,39.97493,-82.13404,1.000,0.5819,HH,0.0000
3904892,41.55148,-83.17438,1.000,0.5819,HH,0.0000
3904893,41.51961,-82.79457,1.000,0.5819,HH,0.0000
3904894,41.56079,-83.35217,1.000,0.5819,HH,0.0000
3904899,41.19622,-84.72087,1.000,0.5819,HH,0.0000
3904900,39.73013,-84.54258,1.000,0.5819,HH,0.0000
3904905,39.84853,-82.30678,1.000,0.5819,HH,0.0000
3904908,39.50330,-82.78314,1.000,0.5819,HH,0.0000
3904909,39.73609,-82.95647,1.000,0.5819,HH,0.0000
3904910,39.65710,-83.14177,1.000,0.5819,HH,0.0000
3904912,39.00094,-82.86459,1.000,0.5819,HH,0.0000
3904914,39.13653,-82.97343,1.000,0.5819,HH,0.0000
3904917,41.30887,-81.34810,1.000,0.5819,HH,0.0000
3904918,41.28452,-81.22280,1.000,0.5819,HH,0.0000
3904919,41.05670,-81.33886,1.000,0.5819,HH,0.0000
3904920,41.27933,-81.09707,1.000,0.5819,HH,0.0000
3904921,41.09363,-81.25044,1.000,0.5819,HH,0.0000
3904922,41.09303,-81.08225,1.000,0.5819,HH,0.0000
3904923,41.23961,-81.34586,1.000,0.5819,HH,0.0000
3904924,41.02973,-81.19999,1.000,0.5819,HH,0.0000
3904926,39.87674,-84.52210,1.000,0.5819,HH,0.0000
3904927,39.84957,-84.71368,1.000,0.5819,HH,0.0000
3904928,39.61678,-84.60120,1.000,0.5819,HH,0.0000
3904931,40.90787,-84.11820,1.000,0.5819,HH,0.0000
3904932,41.09573,-84.26204,1.000,0.5819,HH,0.0000
3904934,40.98055,-84.20360,1.000,0.5819,HH,0.0000
3904935,41.12804,-83.98164,1.000,0.5819,HH,0.0000
3904936,41.09799,-84.10209,1.000,0.5819,HH,0.0000
3904937,41.00521,-84.08729,1.000,0.5819,HH,0.0000
3904941,40.58972,-82.46722,1.000,0.5819,HH,0.0000
3904943,40.68263,-82.60514,1.000,0.5819,HH,0.0000
3904944,40.68950,-82.40760,1.000,0.5819,HH,0.0000
3904945,40.76272,-82.46267,1.000,0.5819,HH,0.0000
3904946,40.95948,-82.61479,1.000,0.5819,HH,0.0000
3904947,40.76760,-82.64154,1.000,0.5819,HH,0.0000
3904949,39.44251,-83.18743,1.000,0.5819,HH,0.0000
3904950,39.23180,-83.04370,1.000,0.5819,HH,0.0000
3904951,39.26139,-83.20421,1.000,0.5819,HH,0.0000
3904952,39.27323,-82.84745,1.000,0.5819,HH,0.0000
3904953,39.40478,-83.03586,1.000,0.5819,HH,0.0000
3904954,39.40955,-82.87500,1.000,0.5819,HH,0.0000
3904956,41.26212,-83.33172,1.000,0.5819,HH,0.0000
3904957,41.46947,-83.32656,1.000,0.5819,HH,0.0000
3904959,38.77126,-82.73620,1.000,0.5819,HH,0.0000
3904962,38.85538,-82.84738,1.000,0.5819,HH,0.0000
3904963,38.86754,-83.14907,1.000,0.5819,HH,0.0000
3904964,38.89770,-82.96018,1.000,0.5819,HH,0.0000
3904965,38.70268,-83.17727,1.000,0.5819,HH,0.0000
3904966,38.72071,-82.84238,1.000,0.5819,HH,0.0000
3904968,41.10298,-82.90741,1.000,0.5819,HH,0.0000
3904970,41.11752,-83.30048,1.000,0.5819,HH,0.0000
3904983,40.74561,-81.35927,1.000,0.5819,HH,0.0000
3904984,40.68939,-81.55559,1.000,0.5819,HH,0.0000
3904985,40.86795,-81.48772,1.000,0.5819,HH,0.0000
3904986,40.95452,-81.34725,1.000,0.5819,HH,0.0000
3904987,40.85820,-81.24535,1.000,0.5819,HH,0.0000
3904988,40.91765,-81.18080,1.000,0.5819,HH,0.0000
3904989,40.75834,-81.10473,1.000,0.5819,HH,0.0000
3904990,40.90659,-81.60236,1.000,0.5819,HH,0.0000
3904992,40.77311,-81.46343,1.000,0.5819,HH,0.0000
3904993,40.86160,-81.36020,1.000,0.5819,HH,0.0000
3904994,40.65040,-81.30888,1.000,0.5819,HH,0.0000
3904995,40.78964,-81.59490,1.000,0.5819,HH,0.0000
3904997,41.20704,-81.54970,1.000,0.5819,HH,0.0000
3904998,41.10060,-81.63170,1.000,0.5819,HH,0.0000
3904999,41.00484,-81.55266,1.000,0.5819,HH,0.0000
3905001,40.95382,-81.47204,1.000,0.5819,HH,0.0000
3905002,41.24053,-81.44827,1.000,0.5819,HH,0.0000
3905003,41.05233,-81.39747,1.000,0.5819,HH,0.0000
3905004,41.30671,-81.52700,1.000,0.5819,HH,0.0000
3905005,41.20696,-81.63155,1.000,0.5819,HH,0.0000
3905006,41.00651,-81.43855,1.000,0.5819,HH,0.0000
3905007,41.31504,-81.43761,1.000,0.5819,HH,0.0000
3905012,41.23646,-80.56178,1.000,0.5819,HH,0.0000
3905013,41.31086,-80.85730,1.000,0.5819,HH,0.0000
3905015,41.27877,-80.67413,1.000,0.5819,HH,0.0000
3905016,41.23946,-80.75083,1.000,0.5819,HH,0.0000
3905017,41.40551,-80.58732,1.000,0.5819,HH,0.0000
3905018,41.31119,-80.74623,1.000,0.5819,HH,0.0000
3905019,41.17247,-80.66005,1.000,0.5819,HH,0.0000
3905022,41.16307,-80.72651,1.000,0.5819,HH,0.0000
3905023,41.31854,-80.94942,1.000,0.5819,HH,0.0000
3905024,41.24033,-80.92508,1.000,0.5819,HH,0.0000
3905028,40.32674,-81.44160,1.000,0.5819,HH,0.0000
3905029,40.59897,-81.54404,1.000,0.5819,HH,0.0000
3905030,40.58853,-81.39646,1.000,0.5819,HH,0.0000
3905033,40.42195,-83.36193,1.000,0.5819,HH,0.0000
3905039,39.25037,-82.48549,1.000,0.5819,HH,0.0000
3905041,39.58345,-84.33066,1.000,0.5819,HH,0.0000
3905042,39.52877,-84.20422,1.000,0.5819,HH,0.0000
3905043,39.31706,-84.27632,1.000,0.5819,HH,0.0000
3905044,39.33384,-84.11041,1.000,0.5819,HH,0.0000
3905045,39.35078,-84.31320,1.000,0.5819,HH,0.0000
3905046,39.53083,-84.07432,1.000,0.5819,HH,0.0000
3905048,39.55990,-81.51326,1.000,0.5819,HH,0.0000
3905049,39.48770,-81.21919,1.000,0.5819,HH,0.0000
3905051,39.49280,-81.65891,1.000,0.5819,HH,0.0000
3905053,40.95080,-81.70217,1.000,0.5819,HH,0.0000
3905054,40.78433,-81.70036,1.000,0.5819,HH,0.0000
3905055,40.86748,-81.79485,1.000,0.5819,HH,0.0000
3905056,40.95222,-81.91348,1.000,0.5819,HH,0.0000
3905058,40.70723,-81.82732,1.000,0.5819,HH,0.0000
3905059,40.73702,-81.98223,1.000,0.5819,HH,0.0000
3905061,41.45962,-84.72061,1.000,0.5819,HH,0.0000
3905062,41.60574,-84.74502,1.000,0.5819,HH,0.0000
3905065,41.48911,-84.40542,1.000,0.5819,HH,0.0000
3905067,41.43501,-83.50659,1.000,0.5819,HH,0.0000
3905068,41.25751,-83.55919,1.000,0.5819,HH,0.0000
3905069,41.55647,-83.46888,1.000,0.5819,HH,0.0000
3905070,41.20479,-83.69777,1.000,0.5819,HH,0.0000
3905071,41.60939,-83.48000,1.000,0.5819,HH,0.0000
3905072,41.40853,-83.79174,1.000,0.5819,HH,0.0000
3905074,40.99005,-83.18044,1.000,0.5819,HH,0.0000
3906190,38.88663,-83.47095,1.000,0.5819,HH,0.0000
3906568,38.92039,-82.21720,1.000,0.5819,HH,0.0000
3906968,40.08189,-81.38136,1.000,0.5819,HH,0.0000
3910000,41.03105,-83.61394,1.000,0.5819,HH,0.0000
3910006,40.89808,-80.85256,1.000,0.5819,HH,0.0000
3910008,40.79347,-82.73101,1.000,0.5819,HH,0.0000
3910009,40.87203,-82.65643,1.000,0.5819,HH,0.0000
3910010,39.56498,-83.44999,1.000,0.5819,HH,0.0000
3910011,39.53886,-83.42794,1.000,0.5819,HH,0.0000
3910012,40.39336,-82.45328,1.000,0.5819,HH,0.0000
3910013,40.32959,-82.26527,1.000,0.5819,HH,0.0000
3910014,41.69286,-81.19397,1.000,0.5819,HH,0.0000
3910015,41.72426,-81.24812,1.000,0.5819,HH,0.0000
3910018,39.38430,-81.70530,1.000,0.5819,HH,0.0000
3910019,39.44775,-81.42251,1.000,0.5819,HH,0.0000
3910020,41.27904,-82.99507,1.000,0.5819,HH,0.0000
3910021,41.21889,-83.17129,1.000,0.5819,HH,0.0000
3910022,40.86959,-84.49496,1.000,0.5819,HH,0.0000
3910023,40.81101,-84.62264,1.000,0.5819,HH,0.0000
3910024,40.79613,-83.29711,1.000,0.5819,HH,0.0000
3910025,40.65101,-83.55701,1.000,0.5819,HH,0.0000
3910027,38.76121,-82.91577,1.000,0.5819,HH,0.0000
3910028,40.95787,-81.79329,1.000,0.5819,HH,0.0000
3910029,41.03074,-81.74784,1.000,0.5819,HH,0.0000
3910030,40.55580,-84.59874,1.000,0.5819,HH,0.0000
3910031,40.40036,-84.50782,1.000,0.5819,HH,0.0000
3910032,40.84142,-81.95509,1.000,0.5819,HH,0.0000
3910033,40.88482,-82.07505,1.000,0.5819,HH,0.0000
4000015,35.76367,-98.81328,-1.000,3.0053,LL,0.0000
4000032,35.45705,-98.56197,-1.000,3.0053,LL,0.0000
4002430,34.76974,-96.67024,-1.000,3.0053,LL,0.0000
4002760,34.84369,-96.39792,-1.000,3.0053,LL,0.0000
4002790,36.05368,-96.10993,-1.000,3.0053,LL,0.0000
4002850,34.57287,-99.28978,-1.000,3.0053,LL,0.0000
4002880,36.79022,-98.69321,-1.000,3.0053,LL,0.0000
4003000,35.06731,-98.25371,-1.000,3.0053,LL,0.0000
4003060,34.30942,-95.50728,-1.000,3.0053,LL,0.0000
4003120,35.64589,-99.11964,-1.000,3.0053,LL,0.0000
4003180,34.20914,-97.13138,-1.000,3.0053,LL,0.0000
4003540,35.48971,-97.84552,-1.000,3.0053,LL,0.0000
4003570,36.60483,-96.14329,-1.000,3.0053,LL,0.0000
4003630,36.72441,-95.92600,-1.000,3.0053,LL,0.0000
4003750,36.74833,-100.48306,-1.000,3.0053,LL,0.0000
4003810,35.73367,-96.10473,-1.000,3.0053,LL,0.0000
4004020,36.11619,-96.06771,-1.000,3.0053,LL,0.0000
4004110,35.51466,-97.63020,-1.000,3.0053,LL,0.0000
4004470,34.57214,-98.42266,-1.000,3.0053,LL,0.0000
4004500,35.93719,-95.87263,-1.000,3.0053,LL,0.0000
4004630,36.78967,-97.35021,-1.000,3.0053,LL,0.0000
4005010,34.89114,-98.41792,-1.000,3.0053,LL,0.0000
4005400,35.22369,-97.72575,-1.000,3.0053,LL,0.0000
4005460,35.78606,-96.33748,-1.000,3.0053,LL,0.0000
4005490,36.04277,-95.74417,-1.000,3.0053,LL,0.0000
4006060,34.82841,-96.61124,-1.000,3.0053,LL,0.0000
4006150,34.11764,-96.25530,-1.000,3.0053,LL,0.0000
4006180,33.93488,-96.43114,-1.000,3.0053,LL,0.0000
4006390,35.19060,-95.58218,-1.000,3.0053,LL,0.0000
4006510,35.42832,-99.26441,-1.000,3.0053,LL,0.0000
4006630,35.07087,-98.59554,-1.000,3.0053,LL,0.0000
4006810,35.80580,-97.70102,-1.000,3.0053,LL,0.0000
4006850,35.47508,-96.36322,-1.000,3.0053,LL,0.0000
4006870,36.18049,-95.70275,-1.000,3.0053,LL,0.0000
4007170,34.60140,-98.11578,-1.000,3.0053,LL,0.0000
4007290,35.70774,-96.90201,-1.000,3.0053,LL,0.0000
4007350,35.44547,-95.52932,-1.000,3.0053,LL,0.0000
4007380,36.54648,-95.46430,-1.000,3.0053,LL,0.0000
4007410,36.72916,-98.40420,-1.000,3.0053,LL,0.0000
4007560,35.06627,-97.95646,-1.000,3.0053,LL,0.0000
4007620,35.45335,-97.26166,-1.000,3.0053,LL,0.0000
4007670,36.16539,-95.36056,-1.000,3.0053,LL,0.0000
4007740,36.28533,-95.64201,-1.000,3.0053,LL,0.0000
4008040,36.24897,-96.47641,-1.000,3.0053,LL,0.0000
4008070,35.48804,-98.98689,-1.000,3.0053,LL,0.0000
4008370,36.37515,-95.83789,-1.000,3.0053,LL,0.0000
4008460,34.35816,-97.92120,-1.000,3.0053,LL,0.0000
4008490,36.95179,-94.92508,-1.000,3.0053,LL,0.0000
4008850,35.98143,-95.62438,-1.000,3.0053,LL,0.0000
4009060,35.44509,-97.47514,-1.000,3.0053,LL,0.0000
4009150,35.49422,-97.41493,-1.000,3.0053,LL,0.0000
4009240,35.98079,-96.77206,-1.000,3.0053,LL,0.0000
4009450,35.68824,-96.75628,-1.000,3.0053,LL,0.0000
4009510,34.45284,-97.18661,-1.000,3.0053,LL,0.0000
4009570,35.69313,-97.59789,-1.000,3.0053,LL,0.0000
4009810,36.82238,-95.94264,-1.000,3.0053,LL,0.0000
4009910,34.19595,-97.01785,-1.000,3.0053,LL,0.0000
4010170,36.28268,-98.02462,-1.000,3.0053,LL,0.0000
4010290,34.51672,-97.90810,-1.000,3.0053,LL,0.0000
4010350,33.99925,-96.37422,-1.000,3.0053,LL,0.0000
4010590,35.67210,-97.44701,-1.000,3.0053,LL,0.0000
4010650,35.46802,-97.94384,-1.000,3.0053,LL,0.0000
4010710,34.75730,-98.38650,-1.000,3.0053,LL,0.0000
4010740,35.41778,-99.38695,-1.000,3.0053,LL,0.0000
4010890,34.47544,-98.08933,-1.000,3.0053,LL,0.0000
4010920,36.39165,-97.91772,-1.000,3.0053,LL,0.0000
4011280,36.28188,-98.55096,-1.000,3.0053,LL,0.0000
4011970,35.79230,-95.20893,-1.000,3.0053,LL,0.0000
4012150,34.36858,-99.02049,-1.000,3.0053,LL,0.0000
4012240,34.87869,-95.80855,-1.000,3.0053,LL,0.0000
4012420,36.42641,-97.61329,-1.000,3.0053,LL,0.0000
4012630,34.48633,-98.37315,-1.000,3.0053,LL,0.0000
4012720,35.94474,-96.00274,-1.000,3.0053,LL,0.0000
4012900,35.55594,-95.08523,-1.000,3.0053,LL,0.0000
4013560,35.85449,-97.43195,-1.000,3.0053,LL,0.0000
4013590,36.69949,-101.48952,-1.000,3.0053,LL,0.0000
4013890,35.51427,-97.15040,-1.000,3.0053,LL,0.0000
4013920,34.87056,-95.48829,-1.000,3.0053,LL,0.0000
4013950,35.79210,-95.67211,-1.000,3.0053,LL,0.0000
4014130,34.28873,-97.43433,-1.000,3.0053,LL,0.0000
4014340,36.11150,-97.93674,-1.000,3.0053,LL,0.0000
4014370,35.42935,-95.98031,-1.000,3.0053,LL,0.0000
4014520,35.69302,-95.37872,-1.000,3.0053,LL,0.0000
4014610,35.47122,-98.33277,-1.000,3.0053,LL,0.0000
4014700,35.01991,-99.07774,-1.000,3.0053,LL,0.0000
4014790,35.05564,-96.39696,-1.000,3.0053,LL,0.0000
4014970,36.44523,-96.41380,-1.000,3.0053,LL,0.0000
4015090,36.82711,-101.19678,-1.000,3.0053,LL,0.0000
4015480,36.15507,-95.52170,-1.000,3.0053,LL,0.0000
4015720,36.02656,-95.96847,-1.000,3.0053,LL,0.0000
4015840,35.57305,-97.29587,-1.000,3.0053,LL,0.0000
4015930,36.28594,-95.55245,-1.000,3.0053,LL,0.0000
4016170,35.93198,-96.25226,-1.000,3.0053,LL,0.0000
4016380,36.51833,-95.05305,-1.000,3.0053,LL,0.0000
4016500,35.95521,-96.05851,-1.000,3.0053,LL,0.0000
4016560,35.87632,-97.91618,-1.000,3.0053,LL,0.0000
4016590,33.93790,-96.74411,-1.000,3.0053,LL,0.0000
4016710,34.99206,-96.74676,-1.000,3.0053,LL,0.0000
4016720,34.93921,-95.71220,-1.000,3.0053,LL,0.0000
4017190,34.73101,-96.71908,-1.000,3.0053,LL,0.0000
4017220,36.72144,-100.01835,-1.000,3.0053,LL,0.0000
4017250,34.64479,-98.37218,-1.000,3.0053,LL,0.0000
4017580,35.00725,-97.24737,-1.000,3.0053,LL,0.0000
4017760,35.86195,-95.94470,-1.000,3.0053,LL,0.0000
4017850,34.81078,-97.60736,-1.000,3.0053,LL,0.0000
4017880,35.26834,-97.19009,-1.000,3.0053,LL,0.0000
4018000,36.13953,-95.17152,-1.000,3.0053,LL,0.0000
4018090,34.19486,-97.30034,-1.000,3.0053,LL,0.0000
4018240,35.94102,-96.12798,-1.000,3.0053,LL,0.0000
4018630,35.68868,-97.21226,-1.000,3.0053,LL,0.0000
4018700,34.07848,-96.80880,-1.000,3.0053,LL,0.0000
4018780,34.92515,-99.62937,-1.000,3.0053,LL,0.0000
4018840,36.12489,-96.37599,-1.000,3.0053,LL,0.0000
4019080,34.63415,-97.96428,-1.000,3.0053,LL,0.0000
4019380,34.80773,-97.41817,-1.000,3.0053,LL,0.0000
4019440,34.94170,-95.77361,-1.000,3.0053,LL,0.0000
4019560,35.41551,-97.13239,-1.000,3.0053,LL,0.0000
4019680,35.52890,-96.87960,-1.000,3.0053,LL,0.0000
4019800,35.31392,-99.48075,-1.000,3.0053,LL,0.0000
4019860,36.87023,-94.87450,-1.000,3.0053,LL,0.0000
4019950,35.41389,-97.36327,-1.000,3.0053,LL,0.0000
4020080,35.53854,-97.47000,-1.000,3.0053,LL,0.0000
4020250,35.33622,-97.47279,-1.000,3.0053,LL,0.0000
4020280,36.49841,-99.14772,-1.000,3.0053,LL,0.0000
4020310,35.61775,-95.81455,-1.000,3.0053,LL,0.0000
4020340,36.31334,-97.03148,-1.000,3.0053,LL,0.0000
4020550,35.88001,-96.09875,-1.000,3.0053,LL,0.0000
4020970,35.73440,-95.38099,-1.000,3.0053,LL,0.0000
4021000,35.40020,-97.73739,-1.000,3.0053,LL,0.0000
4021180,34.73234,-99.25123,-1.000,3.0053,LL,0.0000
4021510,35.25525,-97.61014,-1.000,3.0053,LL,0.0000
4021600,34.93801,-97.93159,-1.000,3.0053,LL,0.0000
4021630,35.13833,-97.27578,-1.000,3.0053,LL,0.0000
4021720,35.22334,-97.40347,-1.000,3.0053,LL,0.0000
4021780,36.47111,-97.98803,-1.000,3.0053,LL,0.0000
4021930,36.68110,-95.63894,-1.000,3.0053,LL,0.0000
4022350,35.57966,-97.42355,-1.000,3.0053,LL,0.0000
4022590,35.71795,-97.98216,-1.000,3.0053,LL,0.0000
4022770,35.50223,-97.49018,-1.000,3.0053,LL,0.0000
4022800,35.60184,-96.02128,-1.000,3.0053,LL,0.0000
4022830,35.60408,-95.41721,-1.000,3.0053,LL,0.0000
4023040,36.48868,-95.71259,-1.000,3.0053,LL,0.0000
4023280,36.28090,-95.82511,-1.000,3.0053,LL,0.0000
4023550,34.74799,-97.18620,-1.000,3.0053,LL,0.0000
4023580,36.71022,-96.36150,-1.000,3.0053,LL,0.0000
4023610,36.34116,-96.77499,-1.000,3.0053,LL,0.0000
4023800,35.93925,-97.04635,-1.000,3.0053,LL,0.0000
4023850,36.28401,-97.26020,-1.000,3.0053,LL,0.0000
4023970,35.65783,-97.75437,-1.000,3.0053,LL,0.0000
4024150,34.98848,-98.02957,-1.000,3.0053,LL,0.0000
4024240,34.14617,-97.17145,-1.000,3.0053,LL,0.0000
4024510,36.29599,-97.77983,-1.000,3.0053,LL,0.0000
4024690,36.63262,-97.11766,-1.000,3.0053,LL,0.0000
4024720,36.61539,-97.74164,-1.000,3.0053,LL,0.0000
4024840,35.35572,-95.24752,-1.000,3.0053,LL,0.0000
4024930,35.49559,-96.71004,-1.000,3.0053,LL,0.0000
4025050,35.69127,-95.98009,-1.000,3.0053,LL,0.0000
4025080,36.05457,-96.15909,-1.000,3.0053,LL,0.0000
4025200,36.31409,-95.26547,-1.000,3.0053,LL,0.0000
4025290,35.52772,-97.62850,-1.000,3.0053,LL,0.0000
4025410,35.13236,-95.45570,-1.000,3.0053,LL,0.0000
4025470,36.56161,-95.92449,-1.000,3.0053,LL,0.0000
4025860,34.10983,-97.62301,-1.000,3.0053,LL,0.0000
4025920,36.36300,-98.25712,-1.000,3.0053,LL,0.0000
4026100,35.29724,-97.36119,-1.000,3.0053,LL,0.0000
4026550,34.76864,-97.93020,-1.000,3.0053,LL,0.0000
4026880,36.13093,-96.10376,-1.000,3.0053,LL,0.0000
4026910,36.01036,-96.10470,-1.000,3.0053,LL,0.0000
4027060,35.29808,-99.65825,-1.000,3.0053,LL,0.0000
4027390,36.35833,-95.53200,-1.000,3.0053,LL,0.0000
4027640,34.05262,-96.48839,-1.000,3.0053,LL,0.0000
4027750,36.37873,-96.04305,-1.000,3.0053,LL,0.0000
4028170,36.29301,-96.02606,-1.000,3.0053,LL,0.0000
4028680,36.12361,-97.08270,-1.000,3.0053,LL,0.0000
4028800,34.59947,-96.59614,-1.000,3.0053,LL,0.0000
4028980,34.74946,-97.02214,-1.000,3.0053,LL,0.0000
4029070,35.81190,-96.68157,-1.000,3.0053,LL,0.0000
4030048,36.57135,-96.73498,-1.000,3.0053,LL,0.0000
4030120,36.65903,-97.31334,-1.000,3.0053,LL,0.0000
4030240,36.16445,-95.94483,-1.000,3.0053,LL,0.0000
4030330,36.85578,-100.87798,-1.000,3.0053,LL,0.0000
4030420,35.28269,-97.80582,-1.000,3.0053,LL,0.0000
4030600,36.06488,-95.85422,-1.000,3.0053,LL,0.0000
4030960,34.82165,-96.84883,-1.000,3.0053,LL,0.0000
4031020,34.40136,-97.65385,-1.000,3.0053,LL,0.0000
4031110,36.23901,-95.67845,-1.000,3.0053,LL,0.0000
4031290,36.60452,-95.16720,-1.000,3.0053,LL,0.0000
4031350,35.99783,-95.40720,-1.000,3.0053,LL,0.0000
4031650,35.53056,-95.30107,-1.000,3.0053,LL,0.0000
4031770,35.86539,-98.41518,-1.000,3.0053,LL,0.0000
4031950,36.26585,-97.90326,-1.000,3.0053,LL,0.0000
4032010,34.90076,-97.25548,-1.000,3.0053,LL,0.0000
4032070,35.53292,-98.73857,-1.000,3.0053,LL,0.0000
4032220,35.41237,-96.15071,-1.000,3.0053,LL,0.0000
4032370,35.42845,-97.62895,-1.000,3.0053,LL,0.0000
4032460,35.16872,-96.47902,-1.000,3.0053,LL,0.0000
4032670,34.74584,-97.29376,-1.000,3.0053,LL,0.0000
4033180,36.48543,-99.41275,-1.000,3.0053,LL,0.0000
4033300,34.62744,-97.17103,-1.000,3.0053,LL,0.0000
4033480,35.52999,-97.74935,-1.000,3.0053,LL,0.0000
4200824,40.65351,-80.31029,1.000,0.5819,HH,0.0000
4202010,41.47163,-75.73364,1.000,0.5819,HH,0.0000
4202100,39.81689,-79.82650,1.000,0.5819,HH,0.0000
4202310,41.15238,-79.70177,1.000,0.5819,HH,0.0000
4202340,40.52440,-78.39724,1.000,0.5819,HH,0.0000
4202400,40.16771,-75.25939,1.000,0.5819,HH,0.0000
4202440,40.64366,-80.18630,1.000,0.5819,HH,0.0000
4202490,40.32149,-76.52434,1.000,0.5819,HH,0.0000
4202550,40.57226,-79.42539,1.000,0.5819,HH,0.0000
4202590,40.79607,-79.41945,1.000,0.5819,HH,0.0000
4202670,41.90172,-76.57340,1.000,0.5819,HH,0.0000
4202760,40.24965,-80.40103,1.000,0.5819,HH,0.0000
4202790,39.79237,-75.83737,1.000,0.5819,HH,0.0000
4202820,40.53186,-80.09058,1.000,0.5819,HH,0.0000
4202850,40.64728,-79.99530,1.000,0.5819,HH,0.0000
4202910,41.01314,-77.91194,1.000,0.5819,HH,0.0000
4202970,40.39256,-79.95536,1.000,0.5819,HH,0.0000
4203000,40.86622,-75.15225,1.000,0.5819,HH,0.0000
4203120,40.70298,-80.35002,1.000,0.5819,HH,0.0000
4203180,39.92966,-78.58020,1.000,0.5819,HH,0.0000
4203240,40.92452,-77.69585,1.000,0.5819,HH,0.0000
4203300,40.64003,-78.35886,1.000,0.5819,HH,0.0000
4203330,40.10620,-74.94369,1.000,0.5819,HH,0.0000
4203360,40.12266,-80.07072,1.000,0.5819,HH,0.0000
4203390,41.20731,-76.37450,1.000,0.5819,HH,0.0000
4203420,39.89124,-78.87031,1.000,0.5819,HH,0.0000
4203450,39.98118,-77.08245,1.000,0.5819,HH,0.0000
4203510,40.32404,-80.03635,1.000,0.5819,HH,0.0000
4203570,40.64533,-75.35324,1.000,0.5819,HH,0.0000
4203600,40.02638,-80.04984,1.000,0.5819,HH,0.0000
4203660,40.15588,-77.36895,1.000,0.5819,HH,0.0000
4203688,40.77979,-80.43848,1.000,0.5819,HH,0.0000
4203690,40.50909,-78.83961,1.000,0.5819,HH,0.0000
4203750,40.48066,-79.32807,1.000,0.5819,HH,0.0000
4203840,40.97344,-76.38623,1.000,0.5819,HH,0.0000
4203870,40.63429,-76.11458,1.000,0.5819,HH,0.0000
4203900,41.89738,-75.68616,1.000,0.5819,HH,0.0000
4203960,40.33519,-75.61180,1.000,0.5819,HH,0.0000
4204020,41.91867,-78.75037,1.000,0.5819,HH,0.0000
4204140,40.37338,-79.97578,1.000,0.5819,HH,0.0000
4204200,40.10277,-74.85235,1.000,0.5819,HH,0.0000
4204230,40.12364,-74.86738,1.000,0.5819,HH,0.0000
4204260,41.24131,-78.85015,1.000,0.5819,HH,0.0000
4204320,41.19707,-79.06721,1.000,0.5819,HH,0.0000
4204500,40.38857,-80.44153,1.000,0.5819,HH,0.0000
4204590,40.87507,-79.88026,1.000,0.5819,HH,0.0000
4204710,40.07617,-79.92478,1.000,0.5819,HH,0.0000
4204740,40.63117,-78.64474,1.000,0.5819,HH,0.0000
4204830,41.43829,-78.19832,1.000,0.5819,HH,0.0000
4204860,40.24219,-76.92740,1.000,0.5819,HH,0.0000
4204890,40.26883,-80.17146,1.000,0.5819,HH,0.0000
4204980,41.60338,-75.50539,1.000,0.5819,HH,0.0000
4205010,40.15748,-77.23966,1.000,0.5819,HH,0.0000
4205040,40.41912,-80.08133,1.000,0.5819,HH,0.0000
4205070,39.88956,-79.99335,1.000,0.5819,HH,0.0000
4205160,40.65134,-75.44171,1.000,0.5819,HH,0.0000
4205190,40.19196,-75.06954,1.000,0.5819,HH,0.0000
4205310,40.31651,-75.11776,1.000,0.5819,HH,0.0000
4205340,40.42511,-78.89402,1.000,0.5819,HH,0.0000
4205370,41.05169,-76.37988,1.000,0.5819,HH,0.0000
4205430,39.83740,-80.17456,1.000,0.5819,HH,0.0000
4205460,41.11106,-75.92813,1.000,0.5819,HH,0.0000
4205550,39.98490,-77.64525,1.000,0.5819,HH,0.0000
4205700,40.39350,-80.12159,1.000,0.5819,HH,0.0000
4205730,40.25043,-80.24884,1.000,0.5819,HH,0.0000
4205880,40.11570,-78.62586,1.000,0.5819,HH,0.0000
4206030,40.29666,-79.88903,1.000,0.5819,HH,0.0000
4206090,41.19390,-79.25883,1.000,0.5819,HH,0.0000
4206150,41.12910,-78.37386,1.000,0.5819,HH,0.0000
4206240,39.99880,-75.84436,1.000,0.5819,HH,0.0000
4206270,40.25081,-76.14238,1.000,0.5819,HH,0.0000
4206390,41.43236,-80.22798,1.000,0.5819,HH,0.0000
4206420,40.23485,-78.94643,1.000,0.5819,HH,0.0000
4206430,40.34987,-78.86896,1.000,0.5819,HH,0.0000
4206550,39.85454,-77.06126,1.000,0.5819,HH,0.0000
4206590,41.67062,-80.36813,1.000,0.5819,HH,0.0000
4206660,40.00682,-79.49260,1.000,0.5819,HH,0.0000
4206780,40.36902,-76.14524,1.000,0.5819,HH,0.0000
4206840,40.32053,-76.41158,1.000,0.5819,HH,0.0000
4206860,41.88158,-79.63498,1.000,0.5819,HH,0.0000
4206960,40.25156,-74.96407,1.000,0.5819,HH,0.0000
4207050,41.35153,-79.67540,1.000,0.5819,HH,0.0000
4207080,41.56181,-80.09118,1.000,0.5819,HH,0.0000
4207110,40.22810,-77.06784,1.000,0.5819,HH,0.0000
4207140,40.94514,-78.59494,1.000,0.5819,HH,0.0000
4207200,41.35361,-75.92249,1.000,0.5819,HH,0.0000
4207230,39.87387,-76.69475,1.000,0.5819,HH,0.0000
4207290,40.24950,-75.75582,1.000,0.5819,HH,0.0000
4207320,40.97536,-76.63750,1.000,0.5819,HH,0.0000
4207530,41.32911,-74.87179,1.000,0.5819,HH,0.0000
4207540,40.62463,-79.84842,1.000,0.5819,HH,0.0000
4207560,40.37447,-79.31133,1.000,0.5819,HH,0.0000
4207590,40.26780,-76.65306,1.000,0.5819,HH,0.0000
4207680,40.00150,-76.87193,1.000,0.5819,HH,0.0000
4207710,40.03651,-75.70863,1.000,0.5819,HH,0.0000
4207830,41.11663,-78.69962,1.000,0.5819,HH,0.0000
4207980,41.41398,-75.60625,1.000,0.5819,HH,0.0000
4208060,40.38012,-79.80737,1.000,0.5819,HH,0.0000
4208280,41.51330,-79.24971,1.000,0.5819,HH,0.0000
4208460,40.33344,-76.28034,1.000,0.5819,HH,0.0000
4208490,41.25680,-76.65015,1.000,0.5819,HH,0.0000
4208550,40.51392,-75.54433,1.000,0.5819,HH,0.0000
4208580,40.28741,-76.93776,1.000,0.5819,HH,0.0000
4208790,39.99911,-76.56532,1.000,0.5819,HH,0.0000
4208820,40.14547,-76.02714,1.000,0.5819,HH,0.0000
4209090,40.25204,-79.86711,1.000,0.5819,HH,0.0000
4209150,41.73575,-76.02303,1.000,0.5819,HH,0.0000
4209300,42.11659,-80.07350,1.000,0.5819,HH,0.0000
4209360,39.88762,-78.39393,1.000,0.5819,HH,0.0000
4209480,40.31474,-75.83550,1.000,0.5819,HH,0.0000
4209540,39.78073,-77.41540,1.000,0.5819,HH,0.0000
4209570,42.02631,-80.23665,1.000,0.5819,HH,0.0000
4209600,40.98817,-79.69759,1.000,0.5819,HH,0.0000
4209690,41.20736,-80.49700,1.000,0.5819,HH,0.0000
4209750,40.36465,-78.92378,1.000,0.5819,HH,0.0000
4209870,40.07106,-78.05610,1.000,0.5819,HH,0.0000
4209930,41.72972,-75.43270,1.000,0.5819,HH,0.0000
4209940,40.32688,-78.72251,1.000,0.5819,HH,0.0000
4209960,40.34064,-80.29963,1.000,0.5819,HH,0.0000
4209990,41.95077,-79.98760,1.000,0.5819,HH,0.0000
4210070,40.54351,-79.88465,1.000,0.5819,HH,0.0000
4210110,40.81310,-76.31021,1.000,0.5819,HH,0.0000
4210115,40.15627,-79.02765,1.000,0.5819,HH,0.0000
4210200,41.33827,-79.90366,1.000,0.5819,HH,0.0000
4210230,40.44246,-79.65109,1.000,0.5819,HH,0.0000
4210350,40.07050,-79.75757,1.000,0.5819,HH,0.0000
4210380,40.72418,-80.20263,1.000,0.5819,HH,0.0000
4210440,40.72008,-79.68262,1.000,0.5819,HH,0.0000
4210530,41.67972,-77.62583,1.000,0.5819,HH,0.0000
4210590,39.86817,-75.50538,1.000,0.5819,HH,0.0000
4210650,41.93861,-80.14890,1.000,0.5819,HH,0.0000
4210710,39.85002,-77.29796,1.000,0.5819,HH,0.0000
4210740,41.98526,-80.33076,1.000,0.5819,HH,0.0000
4210830,40.71738,-78.49153,1.000,0.5819,HH,0.0000
4210860,40.25702,-75.96613,1.000,0.5819,HH,0.0000
4210920,40.39653,-79.51376,1.000,0.5819,HH,0.0000
4210980,40.28075,-79.42607,1.000,0.5819,HH,0.0000
4211010,39.78672,-77.72243,1.000,0.5819,HH,0.0000
4211160,41.41874,-80.35524,1.000,0.5819,HH,0.0000
4211190,40.55875,-77.13169,1.000,0.5819,HH,0.0000
4211220,41.16008,-80.10892,1.000,0.5819,HH,0.0000
4211340,40.53412,-76.03480,1.000,0.5819,HH,0.0000
4211400,40.58686,-79.95368,1.000,0.5819,HH,0.0000
4211420,41.19989,-75.94269,1.000,0.5819,HH,0.0000
4211490,42.15160,-79.96004,1.000,0.5819,HH,0.0000
4211670,39.98674,-75.31639,1.000,0.5819,HH,0.0000
4211700,40.96694,-76.01472,1.000,0.5819,HH,0.0000
4211730,40.59158,-75.30435,1.000,0.5819,HH,0.0000
4211760,40.28073,-79.58705,1.000,0.5819,HH,0.0000
4211790,40.06981,-76.42042,1.000,0.5819,HH,0.0000
4211820,41.22955,-80.44070,1.000,0.5819,HH,0.0000
4211940,40.43069,-78.41284,1.000,0.5819,HH,0.0000
4212030,40.57682,-80.32567,1.000,0.5819,HH,0.0000
4212090,40.51602,-77.95010,1.000,0.5819,HH,0.0000
4212170,39.86739,-75.27639,1.000,0.5819,HH,0.0000
4212210,42.14754,-80.02060,1.000,0.5819,HH,0.0000
4212330,40.32782,-79.61388,1.000,0.5819,HH,0.0000
4212390,39.93688,-80.07672,1.000,0.5819,HH,0.0000
4212420,40.09630,-75.12975,1.000,0.5819,HH,0.0000
4212480,41.31457,-77.33728,1.000,0.5819,HH,0.0000
4212540,40.96829,-75.64330,1.000,0.5819,HH,0.0000
4212570,41.55297,-78.61925,1.000,0.5819,HH,0.0000
4212600,40.52713,-77.40867,1.000,0.5819,HH,0.0000
4212630,40.59435,-78.04658,1.000,0.5819,HH,0.0000
4212660,41.67112,-78.86137,1.000,0.5819,HH,0.0000
4212720,41.22985,-79.53763,1.000,0.5819,HH,0.0000
4212725,41.26260,-77.66316,1.000,0.5819,HH,0.0000
4212750,40.39550,-80.03913,1.000,0.5819,HH,0.0000
4212930,40.57856,-75.83193,1.000,0.5819,HH,0.0000
4212990,41.59323,-75.76308,1.000,0.5819,HH,0.0000
4213020,41.34077,-76.10686,1.000,0.5819,HH,0.0000
4213050,41.57331,-75.58133,1.000,0.5819,HH,0.0000
4213080,41.33036,-80.11814,1.000,0.5819,HH,0.0000
4213110,39.97260,-76.21677,1.000,0.5819,HH,0.0000
4213320,39.89748,-79.69488,1.000,0.5819,HH,0.0000
4213380,40.99568,-80.23115,1.000,0.5819,HH,0.0000
4213440,40.34133,-76.42523,1.000,0.5819,HH,0.0000
4213470,40.66984,-79.60359,1.000,0.5819,HH,0.0000
4213500,40.81179,-75.72844,1.000,0.5819,HH,0.0000
4213590,40.95454,-76.90623,1.000,0.5819,HH,0.0000
4213710,40.26911,-79.17990,1.000,0.5819,HH,0.0000
4213770,40.51050,-78.58469,1.000,0.5819,HH,0.0000
4213980,39.76028,-77.09584,1.000,0.5819,HH,0.0000
4214100,40.29033,-76.67803,1.000,0.5819,HH,0.0000
4214160,40.02991,-75.27897,1.000,0.5819,HH,0.0000
4214190,40.12061,-75.07493,1.000,0.5819,HH,0.0000
4214250,40.17217,-75.39144,1.000,0.5819,HH,0.0000
4214310,41.26809,-76.98245,1.000,0.5819,HH,0.0000
4214430,40.81545,-76.11451,1.000,0.5819,HH,0.0000
4214460,40.71690,-76.75221,1.000,0.5819,HH,0.0000
4214850,39.93684,-78.03794,1.000,0.5819,HH,0.0000
4214880,40.08660,-80.39159,1.000,0.5819,HH,0.0000
4215030,40.18507,-76.98468,1.000,0.5819,HH,0.0000
4215120,41.23560,-80.25887,1.000,0.5819,HH,0.0000
4215150,39.79097,-78.95480,1.000,0.5819,HH,0.0000
4215170,41.45138,-75.60241,1.000,0.5819,HH,0.0000
4215210,40.75816,-77.14679,1.000,0.5819,HH,0.0000
4215240,40.21368,-76.75629,1.000,0.5819,HH,0.0000
4215290,40.63738,-77.59697,1.000,0.5819,HH,0.0000
4215330,42.08515,-80.11835,1.000,0.5819,HH,0.0000
4215360,40.56070,-76.93592,1.000,0.5819,HH,0.0000
4215450,41.14175,-76.51712,1.000,0.5819,HH,0.0000
4215480,41.02737,-76.89476,1.000,0.5819,HH,0.0000
4215510,40.68406,-76.30610,1.000,0.5819,HH,0.0000
4215540,40.94024,-80.44609,1.000,0.5819,HH,0.0000
4215660,41.15832,-76.97470,1.000,0.5819,HH,0.0000
4215750,41.39021,-76.87781,1.000,0.5819,HH,0.0000
4215810,41.89718,-75.94762,1.000,0.5819,HH,0.0000
4215830,40.50991,-80.20785,1.000,0.5819,HH,0.0000
4215960,40.81520,-78.45755,1.000,0.5819,HH,0.0000
4215990,40.79510,-76.44026,1.000,0.5819,HH,0.0000
4216050,41.72323,-75.68406,1.000,0.5819,HH,0.0000
4216110,40.37670,-80.04894,1.000,0.5819,HH,0.0000
4216170,40.15191,-79.40658,1.000,0.5819,HH,0.0000
4216200,40.39528,-75.92372,1.000,0.5819,HH,0.0000
4216230,41.21685,-76.77183,1.000,0.5819,HH,0.0000
4216290,41.19071,-76.03710,1.000,0.5819,HH,0.0000
4216380,40.75867,-75.32520,1.000,0.5819,HH,0.0000
4216440,41.05050,-80.35043,1.000,0.5819,HH,0.0000
4216530,40.74855,-80.27420,1.000,0.5819,HH,0.0000
4216620,40.97376,-80.35429,1.000,0.5819,HH,0.0000
4216860,40.36753,-75.01010,1.000,0.5819,HH,0.0000
4216890,40.48623,-77.11400,1.000,0.5819,HH,0.0000
4217010,40.61056,-80.08179,1.000,0.5819,HH,0.0000
4217130,41.36979,-79.33346,1.000,0.5819,HH,0.0000
4217160,42.20049,-79.82623,1.000,0.5819,HH,0.0000
4217280,40.24549,-75.28526,1.000,0.5819,HH,0.0000
4217370,40.75197,-75.46821,1.000,0.5819,HH,0.0000
4217460,41.90023,-76.26441,1.000,0.5819,HH,0.0000
4217520,40.06566,-76.75313,1.000,0.5819,HH,0.0000
4217580,40.17571,-78.36879,1.000,0.5819,HH,0.0000
4217640,40.44983,-76.52718,1.000,0.5819,HH,0.0000
4217730,41.92277,-77.30267,1.000,0.5819,HH,0.0000
4217770,40.49659,-80.05984,1.000,0.5819,HH,0.0000
4217850,40.65590,-75.73428,1.000,0.5819,HH,0.0000
4217880,41.91619,-80.38658,1.000,0.5819,HH,0.0000
4217940,40.32939,-79.73215,1.000,0.5819,HH,0.0000
4218030,39.92075,-75.94597,1.000,0.5819,HH,0.0000
4218090,41.50815,-79.69671,1.000,0.5819,HH,0.0000
4218150,40.39488,-75.78076,1.000,0.5819,HH,0.0000
4218210,41.94021,-78.11304,1.000,0.5819,HH,0.0000
4218240,41.94665,-78.41998,1.000,0.5819,HH,0.0000
4218270,40.17051,-75.68042,1.000,0.5819,HH,0.0000
4218300,39.78009,-75.97866,1.000,0.5819,HH,0.0000
4218330,40.51870,-75.18986,1.000,0.5819,HH,0.0000
4218390,40.32303,-76.57582,1.000,0.5819,HH,0.0000
4218450,40.85306,-75.84100,1.000,0.5819,HH,0.0000
4218510,40.62608,-75.59087,1.000,0.5819,HH,0.0000
4218580,39.87045,-75.42467,1.000,0.5819,HH,0.0000
4218630,39.94146,-76.37136,1.000,0.5819,HH,0.0000
4218660,40.37202,-79.65754,1.000,0.5819,HH,0.0000
4218740,41.70861,-80.00375,1.000,0.5819,HH,0.0000
4218750,40.38269,-75.25394,1.000,0.5819,HH,0.0000
4218810,40.87847,-77.49429,1.000,0.5819,HH,0.0000
4218840,40.19114,-74.81340,1.000,0.5819,HH,0.0000
4218900,40.02878,-76.05250,1.000,0.5819,HH,0.0000
4218930,40.23655,-75.44693,1.000,0.5819,HH,0.0000
4218960,40.27293,-80.08163,1.000,0.5819,HH,0.0000
4219020,40.87826,-78.21835,1.000,0.5819,HH,0.0000
4219050,40.12335,-75.52946,1.000,0.5819,HH,0.0000
4219170,40.44093,-79.97699,1.000,0.5819,HH,0.0000
4219200,41.31003,-75.73865,1.000,0.5819,HH,0.0000
4219350,40.50187,-79.74818,1.000,0.5819,HH,0.0000
4219470,40.10519,-75.27457,1.000,0.5819,HH,0.0000
4219500,41.12403,-75.39268,1.000,0.5819,HH,0.0000
4219530,41.81379,-78.23067,1.000,0.5819,HH,0.0000
4219560,40.38178,-78.64868,1.000,0.5819,HH,0.0000
4219650,40.26512,-75.62273,1.000,0.5819,HH,0.0000
4219800,40.96035,-78.99866,1.000,0.5819,HH,0.0000
4219830,40.80431,-78.82829,1.000,0.5819,HH,0.0000
4219860,40.56422,-80.16467,1.000,0.5819,HH,0.0000
4219890,40.45296,-75.34885,1.000,0.5819,HH,0.0000
4219920,40.02287,-75.37343,1.000,0.5819,HH,0.0000
4220040,40.33922,-75.92628,1.000,0.5819,HH,0.0000
4220100,39.86650,-76.49361,1.000,0.5819,HH,0.0000
4220130,41.00613,-79.34629,1.000,0.5819,HH,0.0000
4220220,41.35846,-80.39734,1.000,0.5819,HH,0.0000
4220250,40.28474,-78.84715,1.000,0.5819,HH,0.0000
4220310,41.39234,-78.79163,1.000,0.5819,HH,0.0000
4220370,39.87858,-75.32860,1.000,0.5819,HH,0.0000
4220430,40.51645,-79.83672,1.000,0.5819,HH,0.0000
4220460,40.71323,-80.26922,1.000,0.5819,HH,0.0000
4220520,39.92766,-79.21837,1.000,0.5819,HH,0.0000
4220550,39.92594,-75.43679,1.000,0.5819,HH,0.0000
4220580,40.37059,-80.17860,1.000,0.5819,HH,0.0000
4220640,41.35514,-78.47281,1.000,0.5819,HH,0.0000
4220730,40.59697,-75.42961,1.000,0.5819,HH,0.0000
4220850,41.95899,-76.43627,1.000,0.5819,HH,0.0000
4220910,40.59213,-76.12765,1.000,0.5819,HH,0.0000
4220970,40.43835,-75.99796,1.000,0.5819,HH,0.0000
4221120,40.78778,-76.90659,1.000,0.5819,HH,0.0000
4221150,40.19811,-79.71098,1.000,0.5819,HH,0.0000
4221200,40.51418,-79.96668,1.000,0.5819,HH,0.0000
4221240,40.80187,-76.58488,1.000,0.5819,HH,0.0000
4221330,41.23398,-80.49982,1.000,0.5819,HH,0.0000
4221490,40.80347,-76.23381,1.000,0.5819,HH,0.0000
4221510,40.94976,-80.29801,1.000,0.5819,HH,0.0000
4221540,40.88228,-76.73999,1.000,0.5819,HH,0.0000
4221570,40.06458,-77.50731,1.000,0.5819,HH,0.0000
4221660,40.99914,-80.05579,1.000,0.5819,HH,0.0000
4221690,41.73027,-78.49282,1.000,0.5819,HH,0.0000
4221810,39.83850,-76.16230,1.000,0.5819,HH,0.0000
4221840,40.04931,-79.11715,1.000,0.5819,HH,0.0000
4221870,40.29798,-75.38987,1.000,0.5819,HH,0.0000
4221910,40.31410,-79.86315,1.000,0.5819,HH,0.0000
4221930,40.75721,-79.83219,1.000,0.5819,HH,0.0000
4222050,40.13515,-77.16732,1.000,0.5819,HH,0.0000
4222140,41.20087,-77.05857,1.000,0.5819,HH,0.0000
4222170,39.76431,-76.47484,1.000,0.5819,HH,0.0000
4222200,39.78906,-79.99018,1.000,0.5819,HH,0.0000
4222230,40.55323,-80.45670,1.000,0.5819,HH,0.0000
4222260,40.88425,-76.43853,1.000,0.5819,HH,0.0000
4222290,39.83856,-78.18998,1.000,0.5819,HH,0.0000
4222320,40.21032,-77.91117,1.000,0.5819,HH,0.0000
4222350,40.51649,-75.44213,1.000,0.5819,HH,0.0000
4222370,41.64950,-77.10912,1.000,0.5819,HH,0.0000
4222380,39.77564,-76.73770,1.000,0.5819,HH,0.0000
4222410,40.12788,-79.59453,1.000,0.5819,HH,0.0000
4222440,40.78154,-80.09197,1.000,0.5819,HH,0.0000
4222470,39.77394,-76.92017,1.000,0.5819,HH,0.0000
4222530,40.33690,-78.34172,1.000,0.5819,HH,0.0000
4222560,40.20253,-75.51868,1.000,0.5819,HH,0.0000
4222600,39.92714,-75.33540,1.000,0.5819,HH,0.0000
4222620,40.09912,-75.20024,1.000,0.5819,HH,0.0000
4222710,40.73199,-76.15007,1.000,0.5819,HH,0.0000
4222740,39.84835,-77.88767,1.000,0.5819,HH,0.0000
4222800,40.21806,-76.80894,1.000,0.5819,HH,0.0000
4222830,40.47809,-80.07020,1.000,0.5819,HH,0.0000
4222860,40.96657,-75.24994,1.000,0.5819,HH,0.0000
4222920,41.43928,-76.51172,1.000,0.5819,HH,0.0000
4222980,41.89968,-75.53953,1.000,0.5819,HH,0.0000
4223010,40.31608,-76.86886,1.000,0.5819,HH,0.0000
4223040,40.38302,-77.03163,1.000,0.5819,HH,0.0000
4223220,40.78523,-75.90862,1.000,0.5819,HH,0.0000
4223250,41.37488,-75.70862,1.000,0.5819,HH,0.0000
4223490,41.63904,-79.64004,1.000,0.5819,HH,0.0000
4223550,41.71909,-76.44685,1.000,0.5819,HH,0.0000
4223640,40.05517,-75.44791,1.000,0.5819,HH,0.0000
4223700,40.69769,-76.48379,1.000,0.5819,HH,0.0000
4223760,40.12203,-80.21402,1.000,0.5819,HH,0.0000
4223790,41.81698,-76.75877,1.000,0.5819,HH,0.0000
4223820,40.46202,-76.22279,1.000,0.5819,HH,0.0000
4223850,41.49231,-76.02470,1.000,0.5819,HH,0.0000
4223970,40.20626,-78.18389,1.000,0.5819,HH,0.0000
4224030,40.69121,-78.18154,1.000,0.5819,HH,0.0000
4224060,41.01102,-80.40585,1.000,0.5819,HH,0.0000
4224090,41.86018,-79.83840,1.000,0.5819,HH,0.0000
4224120,41.06444,-79.51637,1.000,0.5819,HH,0.0000
4224150,39.83630,-79.58181,1.000,0.5819,HH,0.0000
4224210,39.89133,-75.70429,1.000,0.5819,HH,0.0000
4224300,39.96606,-77.26684,1.000,0.5819,HH,0.0000
4224360,40.57616,-76.75993,1.000,0.5819,HH,0.0000
4224510,40.15736,-75.10428,1.000,0.5819,HH,0.0000
4224540,40.40242,-75.51932,1.000,0.5819,HH,0.0000
4224570,40.33360,-80.08415,1.000,0.5819,HH,0.0000
4224630,41.46736,-79.84244,1.000,0.5819,HH,0.0000
4224650,41.49267,-75.55387,1.000,0.5819,HH,0.0000
4224750,41.39518,-75.15868,1.000,0.5819,HH,0.0000
4224790,39.89954,-75.36539,1.000,0.5819,HH,0.0000
4224820,41.81614,-79.22266,1.000,0.5819,HH,0.0000
4224960,40.18103,-76.29538,1.000,0.5819,HH,0.0000
4224970,41.74392,-75.25533,1.000,0.5819,HH,0.0000
4224990,40.17420,-80.24489,1.000,0.5819,HH,0.0000
4225080,42.04332,-79.85344,1.000,0.5819,HH,0.0000
4225110,39.79927,-77.54349,1.000,0.5819,HH,0.0000
4225170,41.69542,-77.32318,1.000,0.5819,HH,0.0000
4225200,40.45244,-80.25569,1.000,0.5819,HH,0.0000
4225230,41.09277,-78.11710,1.000,0.5819,HH,0.0000
4225290,39.97203,-75.58671,1.000,0.5819,HH,0.0000
4225440,39.85165,-80.37295,1.000,0.5819,HH,0.0000
4225590,40.29724,-79.94247,1.000,0.5819,HH,0.0000
4225650,41.17789,-80.40998,1.000,0.5819,HH,0.0000
4225740,40.34734,-77.38503,1.000,0.5819,HH,0.0000
4225830,40.16604,-76.85686,1.000,0.5819,HH,0.0000
4225980,39.94530,-76.79236,1.000,0.5819,HH,0.0000
4226010,40.93021,-77.12179,1.000,0.5819,HH,0.0000
4226040,40.67701,-80.45799,1.000,0.5819,HH,0.0000
4226070,41.47933,-75.38202,1.000,0.5819,HH,0.0000
4226130,40.29812,-78.96587,1.000,0.5819,HH,0.0000
4226370,40.44421,-79.87333,1.000,0.5819,HH,0.0000
4226390,39.93058,-75.26498,1.000,0.5819,HH,0.0000
4226400,40.51868,-76.64456,1.000,0.5819,HH,0.0000
4226430,40.48571,-78.22094,1.000,0.5819,HH,0.0000
4226460,41.32597,-77.06446,1.000,0.5819,HH,0.0000
4226520,41.09781,-80.31383,1.000,0.5819,HH,0.0000
4226550,40.64372,-75.22636,1.000,0.5819,HH,0.0000
4226580,40.33439,-76.02963,1.000,0.5819,HH,0.0000
4226610,40.20294,-78.75267,1.000,0.5819,HH,0.0000
4226700,41.64626,-76.30962,1.000,0.5819,HH,0.0000
4226730,41.37082,-75.84042,1.000,0.5819,HH,0.0000
4226820,39.96480,-76.73184,1.000,0.5819,HH,0.0000
4226850,39.95024,-76.70789,1.000,0.5819,HH,0.0000
4400030,41.73304,-71.31968,1.000,0.5819,HH,0.0000
4400065,41.69017,-71.27124,1.000,0.5819,HH,0.0000
4400090,41.97029,-71.69866,1.000,0.5819,HH,0.0000
4400150,41.44425,-71.69930,1.000,0.5819,HH,0.0000
4400210,41.69832,-71.66273,1.000,0.5819,HH,0.0000
4400240,41.76973,-71.48505,1.000,0.5819,HH,0.0000
4400270,41.96746,-71.42057,1.000,0.5819,HH,0.0000
4400300,41.63733,-71.50146,1.000,0.5819,HH,0.0000
4400330,41.80043,-71.35926,1.000,0.5819,HH,0.0000
4400360,41.59516,-71.65284,1.000,0.5819,HH,0.0000
4400420,41.84481,-71.71384,1.000,0.5819,HH,0.0000
4400510,41.51973,-71.37108,1.000,0.5819,HH,0.0000
4400540,41.82744,-71.51988,1.000,0.5819,HH,0.0000
4400570,41.91545,-71.44981,1.000,0.5819,HH,0.0000
4400600,41.50286,-71.16581,1.000,0.5819,HH,0.0000
4400630,41.52015,-71.28020,1.000,0.5819,HH,0.0000
4400660,41.39804,-71.48626,1.000,0.5819,HH,0.0000
4400720,41.47668,-71.31963,1.000,0.5819,HH,0.0000
4400750,41.57153,-71.44991,1.000,0.5819,HH,0.0000
4400780,41.86159,-71.45688,1.000,0.5819,HH,0.0000
4400810,41.97519,-71.54407,1.000,0.5819,HH,0.0000
4400840,41.87482,-71.37332,1.000,0.5819,HH,0.0000
4400870,41.59214,-71.28358,1.000,0.5819,HH,0.0000
4400900,41.82306,-71.41878,1.000,0.5819,HH,0.0000
4400960,41.81154,-71.63278,1.000,0.5819,HH,0.0000
4400990,41.90094,-71.52889,1.000,0.5819,HH,0.0000
4401020,41.41085,-71.54747,1.000,0.5819,HH,0.0000
4401050,41.60698,-71.18263,1.000,0.5819,HH,0.0000
4401110,41.70308,-71.42031,1.000,0.5819,HH,0.0000
4401140,41.67960,-71.52111,1.000,0.5819,HH,0.0000
4401170,41.32343,-71.80246,1.000,0.5819,HH,0.0000
4401200,42.00171,-71.49995,1.000,0.5819,HH,0.0000
4500002,33.17008,-80.50603,1.000,0.5819,HH,0.0000
4500690,34.22904,-82.45406,1.000,0.5819,HH,0.0000
4500720,33.56221,-81.64138,1.000,0.5819,HH,0.0000
4500750,32.97976,-81.36327,1.000,0.5819,HH,0.0000
4500780,34.67086,-82.53189,1.000,0.5819,HH,0.0000
4500810,34.46202,-82.47844,1.000,0.5819,HH,0.0000
4500840,34.35987,-82.70132,1.000,0.5819,HH,0.0000
4500870,34.59404,-82.78874,1.000,0.5819,HH,0.0000
4500900,34.51224,-82.70117,1.000,0.5819,HH,0.0000
4501110,32.35811,-80.68942,1.000,0.5819,HH,0.0000
4501170,33.20770,-79.95366,1.000,0.5819,HH,0.0000
4501250,33.67478,-80.78035,1.000,0.5819,HH,0.0000
4501440,32.82059,-79.89624,1.000,0.5819,HH,0.0000
4501500,35.04980,-81.60765,1.000,0.5819,HH,0.0000
4501530,34.68934,-81.16121,1.000,0.5819,HH,0.0000
4501560,34.63702,-80.15923,1.000,0.5819,HH,0.0000
4501830,32.84939,-80.65640,1.000,0.5819,HH,0.0000
4501860,34.33219,-79.96212,1.000,0.5819,HH,0.0000
4501920,34.41100,-79.31891,1.000,0.5819,HH,0.0000
4501950,34.35839,-79.48102,1.000,0.5819,HH,0.0000
4502010,32.94956,-80.26195,1.000,0.5819,HH,0.0000
4502100,34.39567,-81.12700,1.000,0.5819,HH,0.0000
4502130,34.14139,-79.76645,1.000,0.5819,HH,0.0000
4502160,33.97687,-79.59240,1.000,0.5819,HH,0.0000
4502190,33.91898,-79.77412,1.000,0.5819,HH,0.0000
4502280,33.41753,-79.29633,1.000,0.5819,HH,0.0000
4502310,34.88303,-82.36206,1.000,0.5819,HH,0.0000
4502340,34.13518,-82.16583,1.000,0.5819,HH,0.0000
4502370,34.39630,-82.22669,1.000,0.5819,HH,0.0000
4502400,34.15594,-81.99755,1.000,0.5819,HH,0.0000
4502490,33.90927,-78.97667,1.000,0.5819,HH,0.0000
4502550,34.33836,-80.59088,1.000,0.5819,HH,0.0000
4502580,34.68682,-80.70369,1.000,0.5819,HH,0.0000
4502610,34.52466,-82.08570,1.000,0.5819,HH,0.0000
4502640,34.43220,-81.87544,1.000,0.5819,HH,0.0000
4502670,34.15864,-80.25121,1.000,0.5819,HH,0.0000
4502700,33.88662,-81.30806,1.000,0.5819,HH,0.0000
4502730,33.91709,-81.11045,1.000,0.5819,HH,0.0000
4502760,33.93609,-81.50992,1.000,0.5819,HH,0.0000
4502790,33.75894,-81.10453,1.000,0.5819,HH,0.0000
4502820,34.12477,-81.27189,1.000,0.5819,HH,0.0000
4502970,34.60167,-79.67944,1.000,0.5819,HH,0.0000
4503000,33.89760,-82.31620,1.000,0.5819,HH,0.0000
4503060,34.74877,-83.06154,1.000,0.5819,HH,0.0000
4503330,34.88537,-82.72338,1.000,0.5819,HH,0.0000
4503360,33.96113,-80.85996,1.000,0.5819,HH,0.0000
4503390,34.11355,-80.87869,1.000,0.5819,HH,0.0000
4503460,34.04248,-81.75311,1.000,0.5819,HH,0.0000
4503480,35.11490,-82.14669,1.000,0.5819,HH,0.0000
4503510,35.09564,-81.94087,1.000,0.5819,HH,0.0000
4503540,34.95276,-81.81927,1.000,0.5819,HH,0.0000
4503570,34.72890,-81.96913,1.000,0.5819,HH,0.0000
4503600,34.91491,-82.12685,1.000,0.5819,HH,0.0000
4503630,34.86368,-81.93845,1.000,0.5819,HH,0.0000
4503660,34.94855,-81.89857,1.000,0.5819,HH,0.0000
4503750,34.69037,-81.61586,1.000,0.5819,HH,0.0000
4503780,33.62646,-79.71647,1.000,0.5819,HH,0.0000
4503810,34.95679,-81.29099,1.000,0.5819,HH,0.0000
4503840,35.10191,-81.21305,1.000,0.5819,HH,0.0000
4503870,34.90733,-81.02806,1.000,0.5819,HH,0.0000
4503900,35.02653,-80.94502,1.000,0.5819,HH,0.0000
4503902,33.91614,-80.38238,1.000,0.5819,HH,0.0000
4503908,34.08362,-79.35400,1.000,0.5819,HH,0.0000
4503910,33.43614,-80.80291,1.000,0.5819,HH,0.0000
4600002,45.15715,-96.64745,-1.000,3.0053,LL,0.0000
4600025,44.02154,-97.60812,-1.000,3.0053,LL,0.0000
4600028,43.02616,-96.60164,-1.000,3.0053,LL,0.0000
4600036,44.81198,-96.67220,-1.000,3.0053,LL,0.0000
4600041,45.81304,-97.86492,-1.000,3.0053,LL,0.0000
4600045,45.40713,-98.03009,-1.000,3.0053,LL,0.0000
4600052,43.47016,-96.84191,-1.000,3.0053,LL,0.0000
4600053,45.72621,-97.11370,-1.000,3.0053,LL,0.0000
4602070,45.49601,-98.50499,-1.000,3.0053,LL,0.0000
4604680,43.73961,-96.73564,-1.000,3.0053,LL,0.0000
4605610,44.93105,-103.83370,-1.000,3.0053,LL,0.0000
4606360,43.04735,-96.79056,-1.000,3.0053,LL,0.0000
4607400,42.94082,-97.84622,-1.000,3.0053,LL,0.0000
4607950,43.58501,-96.57383,-1.000,3.0053,LL,0.0000
4608520,44.31881,-96.76565,-1.000,3.0053,LL,0.0000
4610560,43.27684,-96.64276,-1.000,3.0053,LL,0.0000
4611280,44.72958,-97.01997,-1.000,3.0053,LL,0.0000
4611760,43.12255,-96.94845,-1.000,3.0053,LL,0.0000
4612000,43.85800,-99.37169,-1.000,3.0053,LL,0.0000
4612300,43.89896,-96.99913,-1.000,3.0053,LL,0.0000
4612940,44.94252,-97.75867,-1.000,3.0053,LL,0.0000
4616950,43.70425,-103.30632,-1.000,3.0053,LL,0.0000
4617850,44.36873,-97.60203,-1.000,3.0053,LL,0.0000
4618120,43.83941,-96.67542,-1.000,3.0053,LL,0.0000
4619410,44.18361,-103.04834,-1.000,3.0053,LL,0.0000
4619450,44.92781,-101.74237,-1.000,3.0053,LL,0.0000
4621340,42.72624,-96.65883,-1.000,3.0053,LL,0.0000
4621390,44.27806,-96.55422,-1.000,3.0053,LL,0.0000
4624390,44.04998,-96.59050,-1.000,3.0053,LL,0.0000
4625500,43.36116,-97.47099,-1.000,3.0053,LL,0.0000
4626370,43.72500,-96.54217,-1.000,3.0053,LL,0.0000
4629880,43.32933,-99.44446,-1.000,3.0053,LL,0.0000
4630800,44.65292,-97.32023,-1.000,3.0053,LL,0.0000
4631350,43.43792,-96.70187,-1.000,3.0053,LL,0.0000
4631710,43.61259,-96.99993,-1.000,3.0053,LL,0.0000
4633360,43.99457,-103.74799,-1.000,3.0053,LL,0.0000
4634480,43.38434,-103.41884,-1.000,3.0053,LL,0.0000
4635480,44.36840,-98.19661,-1.000,3.0053,LL,0.0000
4636060,45.40425,-98.95742,-1.000,3.0053,LL,0.0000
4636990,42.52890,-96.52605,-1.000,3.0053,LL,0.0000
4638220,43.74731,-98.98365,-1.000,3.0053,LL,0.0000
4639600,43.97668,-97.19203,-1.000,3.0053,LL,0.0000
4641300,44.25493,-103.77365,-1.000,3.0053,LL,0.0000
4641550,43.35712,-96.89248,-1.000,3.0053,LL,0.0000
4644770,43.95592,-99.99369,-1.000,3.0053,LL,0.0000
4644940,43.72497,-96.90060,-1.000,3.0053,LL,0.0000
4647942,44.49568,-99.01259,-1.000,3.0053,LL,0.0000
4648390,43.72320,-98.01987,-1.000,3.0053,LL,0.0000
4654270,43.43847,-97.09197,-1.000,3.0053,LL,0.0000
4654300,43.41237,-97.95535,-1.000,3.0053,LL,0.0000
4655260,44.40367,-100.18315,-1.000,3.0053,LL,0.0000
4659820,43.99419,-103.20592,-1.000,3.0053,LL,0.0000
4660450,44.87255,-98.59476,-1.000,3.0053,LL,0.0000
4666270,43.55449,-96.74480,-1.000,3.0053,LL,0.0000
4666300,44.33406,-96.94563,-1.000,3.0053,LL,0.0000
4666930,44.46611,-103.89238,-1.000,3.0053,LL,0.0000
4669930,44.53130,-102.75966,-1.000,3.0053,LL,0.0000
4674370,42.82060,-96.91837,-1.000,3.0053,LL,0.0000
4674520,43.22472,-97.15111,-1.000,3.0053,LL,0.0000
4675420,43.04465,-98.29841,-1.000,3.0053,LL,0.0000
4676020,45.30538,-98.51394,-1.000,3.0053,LL,0.0000
4676620,44.93785,-97.15542,-1.000,3.0053,LL,0.0000
4676990,45.34702,-97.49547,-1.000,3.0053,LL,0.0000
4677460,44.06519,-98.76885,-1.000,3.0053,LL,0.0000
4679710,43.40811,-99.93439,-1.000,3.0053,LL,0.0000
4680430,42.94729,-97.44678,-1.000,3.0053,LL,0.0000
4680438,43.36227,-98.85443,-1.000,3.0053,LL,0.0000
4680439,43.01896,-97.17256,-1.000,3.0053,LL,0.0000
4680441,45.72897,-100.28052,-1.000,3.0053,LL,0.0000
4700001,36.21840,-83.26607,1.000,0.5819,HH,0.0000
4700030,35.79289,-89.10031,1.000,0.5819,HH,0.0000
4700060,35.81476,-83.96810,1.000,0.5819,HH,0.0000
4700090,36.14544,-84.18766,1.000,0.5819,HH,0.0000
4700120,35.45681,-84.60452,1.000,0.5819,HH,0.0000
4700148,35.16406,-89.92243,0.333,0.0048,LL,0.0000
4700149,35.04892,-89.69708,0.333,0.0048,LL,0.0000
4700150,35.34181,-89.86700,0.333,0.0048,LL,0.0000
4700151,35.08196,-89.78258,0.333,0.0048,LL,0.0000
4700152,35.25252,-89.66115,0.333,0.0048,LL,0.0000
4700153,35.23417,-89.82027,0.333,0.0048,LL,0.0000
4700154,35.26283,-89.72498,0.333,0.0048,LL,0.0000
4700180,35.51366,-86.45829,1.000,0.5819,HH,0.0000
4700240,36.07095,-88.07123,1.000,0.5819,HH,0.0000
4700270,35.59356,-85.20591,1.000,0.5819,HH,0.0000
4700300,35.66564,-83.92772,1.000,0.5819,HH,0.0000
4700330,35.07116,-84.94115,1.000,0.5819,HH,0.0000
4700360,36.55855,-82.21700,1.000,0.5819,HH,0.0000
4700420,36.40159,-84.15925,1.000,0.5819,HH,0.0000
4700450,35.80839,-86.06240,1.000,0.5819,HH,0.0000
4700510,36.28474,-82.12659,1.000,0.5819,HH,0.0000
4700570,36.25517,-87.10081,1.000,0.5819,HH,0.0000
4700600,35.42025,-88.61135,1.000,0.5819,HH,0.0000
4700630,36.50157,-83.66070,1.000,0.5819,HH,0.0000
4700690,35.18004,-84.87129,1.000,0.5819,HH,0.0000
4700720,36.09734,-84.12895,1.000,0.5819,HH,0.0000
4700750,35.91620,-83.11922,1.000,0.5819,HH,0.0000
4700780,35.39850,-85.97445,1.000,0.5819,HH,0.0000
4700850,35.84339,-89.15394,1.000,0.5819,HH,0.0000
4700900,35.95240,-84.99476,1.000,0.5819,HH,0.0000
4700930,35.49541,-85.00865,1.000,0.5819,HH,0.0000
4700960,35.60314,-88.11029,1.000,0.5819,HH,0.0000
4700990,35.98222,-85.83360,1.000,0.5819,HH,0.0000
4701020,36.14553,-87.36415,1.000,0.5819,HH,0.0000
4701050,36.06227,-89.41489,1.000,0.5025,HH,0.0000
4701080,36.04531,-89.37919,1.000,0.5025,HH,0.0000
4701110,36.33957,-82.23780,1.000,0.5819,HH,0.0000
4701140,35.33814,-84.52820,1.000,0.5819,HH,0.0000
4701170,35.19699,-89.41380,0.333,-0.0024,LH,0.0000
4701200,35.15018,-86.56230,1.000,0.5819,HH,0.0000
4701230,36.36989,-84.93776,1.000,0.5819,HH,0.0000
4701260,35.92628,-86.85490,1.000,0.5819,HH,0.0000
4701290,35.15025,-86.08324,1.000,0.5819,HH,0.0000
4701390,36.05826,-88.79944,1.000,0.5819,HH,0.0000
4701400,36.10762,-89.08456,1.000,0.5819,HH,0.0000
4701410,35.20272,-87.03532,1.000,0.5819,HH,0.0000
4701440,36.27751,-83.50955,1.000,0.5819,HH,0.0000
4701470,36.17949,-82.84752,1.000,0.5819,HH,0.0000
4701500,36.16804,-82.81974,1.000,0.5819,HH,0.0000
4701530,35.39335,-85.71037,1.000,0.5819,HH,0.0000
4701590,35.18896,-85.15313,1.000,0.5819,HH,0.0000
4701620,36.52135,-83.22749,1.000,0.5819,HH,0.0000
4701650,35.21879,-88.98870,1.000,0.4232,HH,0.0000
4701680,35.20189,-88.18570,1.000,0.5819,HH,0.0000
4701740,36.45209,-82.93148,1.000,0.5819,HH,0.0000
4701770,35.58668,-89.28269,1.000,0.2645,HH,0.0000
4701800,35.62652,-88.39506,1.000,0.5819,HH,0.0000
4701830,36.31023,-88.26121,1.000,0.5819,HH,0.0000
4701860,35.80233,-87.46712,1.000,0.5819,HH,0.0000
4701890,36.01537,-88.26530,1.000,0.5819,HH,0.0000
4701920,36.28578,-87.70560,1.000,0.5819,HH,0.0000
4701980,36.04082,-87.79045,1.000,0.5819,HH,0.0000
4702010,36.02163,-88.40303,1.000,0.5819,HH,0.0000
4702070,36.35425,-85.67413,1.000,0.5819,HH,0.0000
4702100,36.04845,-83.44122,1.000,0.5819,HH,0.0000
4702130,36.33522,-82.37824,1.000,0.5819,HH,0.0000
4702190,36.52663,-82.54992,1.000,0.5819,HH,0.0000
4702220,35.99273,-83.93772,1.000,0.5819,HH,0.0000
4702310,35.76295,-89.62773,0.333,-0.0385,LH,0.0000
4702340,35.22048,-87.39655,1.000,0.5819,HH,0.0000
4702370,36.21416,-86.31443,1.000,0.5819,HH,0.0000
4702400,35.81073,-84.27957,1.000,0.5819,HH,0.0000
4702430,35.52325,-87.49698,1.000,0.5819,HH,0.0000
4702460,35.64213,-88.37531,1.000,0.5819,HH,0.0000
4702490,35.17937,-86.57492,1.000,0.5819,HH,0.0000
4702520,35.73509,-84.31408,1.000,0.5819,HH,0.0000
4702550,36.53776,-86.00096,1.000,0.5819,HH,0.0000
4702580,35.60606,-88.83342,1.000,0.5819,HH,0.0000
4702610,35.46185,-86.08324,1.000,0.5819,HH,0.0000
4702640,35.13342,-85.61840,1.000,0.5819,HH,0.0000
4702670,35.46833,-86.76587,1.000,0.5819,HH,0.0000
4702700,35.74781,-83.98023,1.000,0.5819,HH,0.0000
4702760,35.61570,-87.07776,1.000,0.5819,HH,0.0000
4702790,36.09883,-88.48467,1.000,0.5819,HH,0.0000
4702820,35.34725,-84.73941,1.000,0.5819,HH,0.0000
4702880,35.17538,-88.56374,1.000,0.5819,HH,0.0000
4702910,35.51220,-84.81610,1.000,0.5819,HH,0.0000
4702970,35.93783,-88.76126,1.000,0.5819,HH,0.0000
4703000,35.42005,-84.23485,1.000,0.5819,HH,0.0000
4703030,36.48343,-87.35983,1.000,0.5819,HH,0.0000
4703060,35.28889,-86.35868,1.000,0.5819,HH,0.0000
4703090,36.13870,-84.63926,1.000,0.5819,HH,0.0000
4703150,35.85391,-86.42122,1.000,0.5819,HH,0.0000
4703180,36.16913,-86.78479,1.000,0.5819,HH,0.0000
4703210,35.96164,-83.19769,1.000,0.5819,HH,0.0000
4703240,35.96648,-84.29055,1.000,0.5819,HH,0.0000
4703270,36.35619,-89.14708,1.000,0.5819,HH,0.0000
4703300,36.50194,-84.50978,1.000,0.5819,HH,0.0000
4703330,36.34485,-85.28308,1.000,0.5819,HH,0.0000
4703360,36.29849,-88.32471,1.000,0.5819,HH,0.0000
4703390,35.66375,-87.86933,1.000,0.5819,HH,0.0000
4703420,36.55936,-85.07574,1.000,0.5819,HH,0.0000
4703450,35.10944,-84.54111,1.000,0.5819,HH,0.0000
4703480,36.14094,-85.49618,1.000,0.5819,HH,0.0000
4703510,35.60059,-84.94955,1.000,0.5819,HH,0.0000
4703590,35.83084,-84.54995,1.000,0.5819,HH,0.0000
4703600,36.52438,-86.87259,1.000,0.5819,HH,0.0000
4703660,36.40826,-83.00418,1.000,0.5819,HH,0.0000
4703690,35.74090,-86.28971,1.000,0.5819,HH,0.0000
4703720,36.43059,-84.50409,1.000,0.5819,HH,0.0000
4703750,35.37234,-85.41008,1.000,0.5819,HH,0.0000
4703780,35.78782,-83.52490,1.000,0.5819,HH,0.0000
4703870,36.25320,-85.95645,1.000,0.5819,HH,0.0000
4703960,36.49427,-87.85608,1.000,0.5819,HH,0.0000
4703990,36.45040,-82.48529,1.000,0.5819,HH,0.0000
4704020,36.47242,-86.45841,1.000,0.5819,HH,0.0000
4704050,35.60303,-84.44377,1.000,0.5819,HH,0.0000
4704080,35.49876,-89.74715,0.333,-0.0024,LH,0.0000
4704100,35.95675,-88.94617,1.000,0.5819,HH,0.0000
4704170,36.39303,-86.15669,1.000,0.5819,HH,0.0000
4704200,35.37331,-86.21828,1.000,0.5819,HH,0.0000
4704230,36.10013,-82.41822,1.000,0.5819,HH,0.0000
4704260,36.42567,-89.04605,1.000,0.5819,HH,0.0000
4704290,36.28414,-83.83609,1.000,0.5819,HH,0.0000
4704320,35.69923,-85.45841,1.000,0.5819,HH,0.0000
4704350,35.67825,-85.77734,1.000,0.5819,HH,0.0000
4704380,36.28353,-82.52150,1.000,0.5819,HH,0.0000
4704440,35.24285,-87.81984,1.000,0.5819,HH,0.0000
4704470,36.30360,-88.72119,1.000,0.5819,HH,0.0000
4704490,35.94001,-88.61960,1.000,0.5819,HH,0.0000
4704500,35.92705,-85.45579,1.000,0.5819,HH,0.0000
4704530,35.89485,-86.89789,1.000,0.5819,HH,0.0000
4704550,36.14943,-86.29118,1.000,0.5819,HH,0.0000
4800008,30.20655,-98.10148,-1.000,3.0053,LL,0.0000
4800009,30.02007,-98.12015,-1.000,3.0053,LL,0.0000
4800010,30.04125,-97.88265,-1.000,3.0053,LL,0.0000
4800011,32.42124,-97.20118,-1.000,3.0053,LL,0.0000
4800012,33.57393,-95.68704,-1.000,3.0053,LL,0.0000
4807350,30.54894,-96.28462,-1.000,3.0053,LL,0.0000
4807440,32.47556,-99.75287,-1.000,3.0053,LL,0.0000
4807470,30.96899,-97.32936,-1.000,3.0053,LL,0.0000
4807590,29.49427,-98.46775,-1.000,3.0053,LL,0.0000
4807680,32.78215,-99.32391,-1.000,3.0053,LL,0.0000
4807710,29.94393,-95.37677,-0.333,0.8126,LL,0.0000
4807780,32.68240,-97.62664,-1.000,3.0053,LL,0.0000
4807800,27.82827,-98.12118,-1.000,3.0053,LL,0.0000
4807830,29.70451,-95.60806,-0.333,0.8126,LL,0.0000
4807890,33.10875,-96.67073,-1.000,3.0053,LL,0.0000
4808090,29.40027,-95.31320,-0.333,0.8126,LL,0.0000
4808100,33.37985,-97.70117,-1.000,3.0053,LL,0.0000
4808130,35.20655,-101.84923,-0.333,1.2815,LL,0.0000
4808190,29.68966,-94.63411,-0.333,0.8126,LL,0.0000
4808280,32.31226,-102.64021,-0.333,0.8126,LL,0.0000
4808310,29.11787,-95.47326,-0.333,0.8126,LL,0.0000
4808400,32.73651,-99.91331,-1.000,3.0053,LL,0.0000
4808550,28.07966,-96.97581,-1.000,3.0053,LL,0.0000
4808580,27.91606,-97.14040,-1.000,3.0053,LL,0.0000
4808610,33.59861,-98.60645,-1.000,3.0053,LL,0.0000
4808670,33.09793,-97.17598,-1.000,3.0053,LL,0.0000
4808700,32.71686,-97.10553,-1.000,3.0053,LL,0.0000
4808870,32.21987,-95.82948,-1.000,3.0053,LL,0.0000
4808880,33.11099,-94.24387,-1.000,3.0053,LL,0.0000
4808910,33.27763,-96.98391,-1.000,3.0053,LL,0.0000
4808940,30.35252,-97.72070,-1.000,3.0053,LL,0.0000
4809200,32.88444,-97.56536,-1.000,3.0053,LL,0.0000
4809360,29.69709,-99.04109,-1.000,3.0053,LL,0.0000
4809390,31.78697,-99.13117,-1.000,3.0053,LL,0.0000
4809410,27.85271,-97.80865,-1.000,3.0053,LL,0.0000
4809450,29.72314,-94.85801,-0.333,0.8126,LL,0.0000
4809570,30.10404,-97.36999,-1.000,3.0053,LL,0.0000
4809630,28.93909,-95.95815,-0.333,0.8126,LL,0.0000
4809670,30.04844,-94.14486,-0.333,0.8126,LL,0.0000
4809690,32.24932,-94.45322,-1.000,3.0053,LL,0.0000
4809720,28.42704,-97.68474,-1.000,3.0053,LL,0.0000
4809780,33.64638,-96.43768,-1.000,3.0053,LL,0.0000
4809810,29.97642,-96.34093,-1.000,2.8250,LL,0.0000
4809860,31.12062,-97.51854,-1.000,3.0053,LL,0.0000
4810170,30.59715,-94.65242,-1.000,2.6447,LL,0.0000
4810200,32.34419,-101.50492,-0.333,0.9064,LL,0.0000
4810230,32.83661,-97.23691,-1.000,3.0053,LL,0.0000
4810260,27.66479,-97.62334,-1.000,3.0053,LL,0.0000
4810320,30.05001,-98.46689,-1.000,3.0053,LL,0.0000
4810350,33.19670,-96.26286,-1.000,3.0053,LL,0.0000
4810710,29.82651,-98.66390,-1.000,3.0053,LL,0.0000
4810780,29.27435,-95.95485,-0.333,0.8126,LL,0.0000
4810800,33.56311,-96.16909,-1.000,3.0053,LL,0.0000
4810830,36.27746,-100.48855,-1.000,3.0053,LL,0.0000
4810890,35.70320,-101.25004,-1.000,3.0053,LL,0.0000
4810910,31.62305,-97.18717,-1.000,3.0053,LL,0.0000
4810990,33.52191,-97.84329,-1.000,3.0053,LL,0.0000
4811010,33.07259,-97.57963,-1.000,3.0053,LL,0.0000
4811110,31.13688,-99.45360,-1.000,3.0053,LL,0.0000
4811190,28.97520,-95.32392,-0.333,0.8126,LL,0.0000
4811220,32.74209,-98.82120,-1.000,3.0053,LL,0.0000
4811280,30.21477,-96.33477,-1.000,3.0053,LL,0.0000
4811310,30.01501,-93.82808,-0.333,0.8126,LL,0.0000
4811340,33.15798,-97.81694,-1.000,3.0053,LL,0.0000
4811430,31.30983,-94.21381,-1.000,3.0053,LL,0.0000
4811460,32.64844,-97.93198,-1.000,3.0053,LL,0.0000
4811520,31.14045,-93.95846,-1.000,2.6447,LL,0.0000
4811640,32.26933,-95.59377,-1.000,3.0053,LL,0.0000
4811680,25.93945,-97.48137,-1.000,3.0053,LL,0.0000
4811700,31.67012,-98.97127,-1.000,3.0053,LL,0.0000
4811790,30.74247,-96.33062,-1.000,3.0053,LL,0.0000
4812060,32.11852,-95.36930,-1.000,3.0053,LL,0.0000
4812090,30.41330,-93.98377,-0.333,0.9064,LL,0.0000
4812120,34.04693,-98.54918,-1.000,3.0053,LL,0.0000
4812180,32.52782,-97.29641,-1.000,3.0053,LL,0.0000
4812220,30.83475,-98.20401,-1.000,3.0053,LL,0.0000
4812240,30.21293,-96.60698,-1.000,3.0053,LL,0.0000
4812390,33.04864,-96.19175,-1.000,3.0053,LL,0.0000
4812420,27.86006,-97.65135,-1.000,3.0053,LL,0.0000
4812460,30.54203,-96.71126,-1.000,3.0053,LL,0.0000
4812480,28.44172,-96.57957,-1.000,2.6447,LL,0.0000
4812510,33.64588,-97.00539,-1.000,3.0053,LL,0.0000
4812640,30.89113,-96.90760,-1.000,3.0053,LL,0.0000
4812700,35.96934,-100.26456,-1.000,3.0053,LL,0.0000
4812750,32.50251,-95.92151,-1.000,3.0053,LL,0.0000
4812780,31.94919,-106.52916,0.333,0.0048,LL,0.0000
4812810,34.97615,-101.91134,-0.333,1.0939,LL,0.0000
4812870,32.09639,-94.97419,-1.000,3.0053,LL,0.0000
4812990,28.42359,-99.76587,-0.333,1.2815,LL,0.0000
4813020,32.95207,-97.14779,-1.000,3.0053,LL,0.0000
4813050,32.94418,-96.91162,-1.000,3.0053,LL,0.0000
4813110,32.13850,-94.27416,-1.000,3.0053,LL,0.0000
4813230,32.58481,-96.97231,-1.000,3.0053,LL,0.0000
4813290,33.33890,-96.75298,-1.000,3.0053,LL,0.0000
4813320,31.76196,-94.19904,-1.000,3.0053,LL,0.0000
4813350,29.91281,-99.03993,-1.000,3.0053,LL,0.0000
4813500,31.43376,-94.84756,-1.000,3.0053,LL,0.0000
4813530,30.22679,-94.18885,-0.333,0.8126,LL,0.0000
4813590,29.79302,-95.11448,-0.333,0.8126,LL,0.0000
4813650,32.35383,-95.13365,-1.000,3.0053,LL,0.0000
4813800,33.32627,-97.82916,-1.000,3.0053,LL,0.0000
4813860,34.43933,-100.21548,-1.000,3.0053,LL,0.0000
4813960,31.66745,-97.29082,-1.000,3.0053,LL,0.0000
4813980,31.51648,-94.37756,-1.000,3.0053,LL,0.0000
4814010,31.20080,-100.53920,-1.000,2.2840,LL,0.0000
4814130,33.94559,-98.56536,-1.000,3.0053,LL,0.0000
4814160,34.87772,-100.95417,-1.000,2.6447,LL,0.0000
4814280,29.54665,-95.10394,-0.333,0.8126,LL,0.0000
4814310,32.30370,-97.46430,-1.000,3.0053,LL,0.0000
4814370,30.28082,-95.09556,-1.000,2.1037,LL,0.0000
4814400,31.78837,-97.55472,-1.000,3.0053,LL,0.0000
4814450,32.52244,-99.51264,-1.000,3.0053,LL,0.0000
4814490,32.33882,-101.28472,-0.333,1.0002,LL,0.0000
4814520,30.64412,-95.21593,-1.000,3.0053,LL,0.0000
4814550,31.95589,-99.45068,-1.000,3.0053,LL,0.0000
4814600,30.94052,-94.35364,-1.000,3.0053,LL,0.0000
4814670,29.14538,-95.66286,-0.333,0.8126,LL,0.0000
4814700,29.74582,-96.51736,-1.000,2.8250,LL,0.0000
4814730,29.80537,-98.28739,-1.000,3.0053,LL,0.0000
4814760,31.88070,-98.56651,-1.000,3.0053,LL,0.0000
4814790,29.98688,-98.86735,-1.000,3.0053,LL,0.0000
4814820,33.26147,-95.94063,-1.000,3.0053,LL,0.0000
4814850,33.04582,-96.37860,-1.000,3.0053,LL,0.0000
4814970,31.65076,-97.13105,-1.000,3.0053,LL,0.0000
4815000,30.25060,-95.40215,-1.000,2.4644,LL,0.0000
4815180,33.45089,-101.84819,-0.333,0.8126,LL,0.0000
4815210,32.95047,-96.98799,-1.000,3.0053,LL,0.0000
4815240,31.14726,-97.92132,-1.000,3.0053,LL,0.0000
4815270,27.85151,-97.35817,-1.000,3.0053,LL,0.0000
4815300,30.98966,-94.83299,-1.000,3.0053,LL,0.0000
4815330,32.04238,-96.45088,-1.000,3.0053,LL,0.0000
4815510,32.59867,-96.45093,-1.000,3.0053,LL,0.0000
4815540,31.43961,-102.49250,-0.333,0.8126,LL,0.0000
4815600,31.52984,-97.49871,-1.000,3.0053,LL,0.0000
4815720,31.28489,-95.49062,-1.000,3.0053,LL,0.0000
4815750,29.92037,-95.04745,-0.333,0.8126,LL,0.0000
4815910,32.59559,-97.40831,-1.000,3.0053,LL,0.0000
4815960,29.13776,-97.28205,-1.000,3.0053,LL,0.0000
4816080,31.77925,-94.84789,-1.000,3.0053,LL,0.0000
4816110,29.92330,-95.64040,-0.333,0.9064,LL,0.0000
4816180,33.02233,-94.74277,-1.000,3.0053,LL,0.0000
4816200,36.12123,-102.54954,-0.333,1.3752,LL,0.0000
4816230,32.73595,-96.74251,-1.000,3.0053,LL,0.0000
4816290,29.21502,-95.33498,-0.333,0.8126,LL,0.0000
4816410,30.03533,-94.91595,-0.333,0.9064,LL,0.0000
4816440,32.12367,-98.57742,-1.000,3.0053,LL,0.0000
4816500,33.23763,-97.53922,-1.000,3.0053,LL,0.0000
4816530,29.71539,-95.11025,-0.333,0.8126,LL,0.0000
4816620,30.16735,-97.64044,-1.000,3.0053,LL,0.0000
4816710,33.75586,-96.53764,-1.000,3.0053,LL,0.0000
4816740,33.21411,-97.09373,-1.000,3.0053,LL,0.0000
4816770,33.00149,-102.95017,-0.333,0.8126,LL,0.0000
4816860,32.58091,-96.86187,-1.000,3.0053,LL,0.0000
4816890,33.77177,-95.25597,-1.000,3.0053,LL,0.0000
4816950,29.12879,-98.93366,-1.000,3.0053,LL,0.0000
4817010,30.37213,-93.80582,-0.333,0.8126,LL,0.0000
4817040,31.17486,-94.73885,-1.000,3.0053,LL,0.0000
4817070,29.46430,-94.99196,-0.333,0.8126,LL,0.0000
4817100,28.69630,-99.25301,-1.000,2.8250,LL,0.0000
4817160,34.57872,-102.33658,-0.333,0.8126,LL,0.0000
4817280,33.59695,-96.07193,-1.000,3.0053,LL,0.0000
4817390,26.14425,-98.07411,-1.000,3.0053,LL,0.0000
4817580,32.03519,-98.31447,-1.000,3.0053,LL,0.0000
4817610,35.80918,-101.92327,-1.000,2.8250,LL,0.0000
4817640,32.65649,-96.92842,-1.000,3.0053,LL,0.0000
4817700,32.90059,-97.41652,-1.000,3.0053,LL,0.0000
4817730,28.72979,-100.31668,-0.333,1.2815,LL,0.0000
4817760,30.30647,-97.83469,-1.000,3.0053,LL,0.0000
4817790,31.75840,-98.90691,-1.000,3.0053,LL,0.0000
4817850,29.36337,-98.30537,-1.000,3.0053,LL,0.0000
4817880,29.75163,-94.42072,-0.333,0.8126,LL,0.0000
4817960,32.35722,-98.82021,-1.000,3.0053,LL,0.0000
4818000,31.86530,-102.54251,-0.333,0.8126,LL,0.0000
4818060,26.28291,-97.96641,-1.000,3.0053,LL,0.0000
4818120,32.69339,-95.86494,-1.000,3.0053,LL,0.0000
4818150,29.41101,-98.57319,-1.000,3.0053,LL,0.0000
4818180,26.55916,-98.19416,-1.000,2.8250,LL,0.0000
4818210,29.06407,-96.71595,-1.000,2.4644,LL,0.0000
4818280,29.24804,-96.29654,-0.333,0.9064,LL,0.0000
4818300,31.86708,-106.41192,0.333,0.0048,LL,0.0000
4818330,34.01216,-98.86404,-1.000,3.0053,LL,0.0000
4818360,30.33187,-97.38463,-1.000,3.0053,LL,0.0000
4818390,31.60470,-95.62203,-1.000,3.0053,LL,0.0000
4818480,32.37214,-94.15997,-1.000,3.0053,LL,0.0000
4818540,32.32287,-96.56807,-1.000,3.0053,LL,0.0000
4818600,33.51279,-97.33555,-1.000,3.0053,LL,0.0000
4818720,32.30103,-96.00993,-1.000,3.0053,LL,0.0000
4818810,32.62550,-97.28342,-1.000,3.0053,LL,0.0000
4818940,31.80283,-96.11666,-1.000,3.0053,LL,0.0000
4819020,28.97969,-98.00982,-1.000,3.0053,LL,0.0000
4819080,33.17383,-96.38236,-1.000,3.0053,LL,0.0000
4819170,32.51132,-96.63352,-1.000,3.0053,LL,0.0000
4819320,30.85048,-97.77689,-1.000,3.0053,LL,0.0000
4819350,29.16555,-98.19813,-1.000,3.0053,LL,0.0000
4819380,27.67289,-97.25380,-1.000,3.0053,LL,0.0000
4819440,34.01472,-101.25234,-1.000,1.7431,LL,0.0000
4819560,32.73626,-96.44676,-1.000,3.0053,LL,0.0000
4819620,32.16224,-101.36621,-0.333,0.9064,LL,0.0000
4819650,29.58053,-95.57893,-0.333,0.8126,LL,0.0000
4819700,32.71772,-97.37266,-1.000,3.0053,LL,0.0000
4819740,31.05619,-96.41883,-1.000,3.0053,LL,0.0000
4819770,32.02664,-95.52580,-1.000,3.0053,LL,0.0000
4819830,33.52615,-102.01846,-0.333,0.8126,LL,0.0000
4819840,30.30760,-98.83626,-1.000,3.0053,LL,0.0000
4819950,29.50274,-95.20711,-0.333,0.8126,LL,0.0000
4819980,34.63901,-102.72166,-0.333,0.8126,LL,0.0000
4820010,33.15048,-96.81044,-1.000,3.0053,LL,0.0000
4820160,29.46021,-98.43560,-1.000,3.0053,LL,0.0000
4820190,30.67672,-102.92404,-0.333,0.8126,LL,0.0000
4820220,33.62040,-97.12591,-1.000,3.0053,LL,0.0000
4820250,29.76885,-95.18605,-0.333,0.8126,LL,0.0000
4820280,29.33477,-94.81170,-0.333,0.8126,LL,0.0000
4820310,29.01034,-96.44358,-0.333,1.0939,LL,0.0000
4820340,32.91471,-96.59517,-1.000,3.0053,LL,0.0000
4820400,31.79245,-94.51800,-1.000,3.0053,LL,0.0000
4820460,32.01580,-94.38756,-1.000,3.0053,LL,0.0000
4820500,31.41059,-97.74296,-1.000,3.0053,LL,0.0000
4820550,28.24714,-98.07927,-1.000,3.0053,LL,0.0000
4820600,30.67162,-97.67283,-1.000,3.0053,LL,0.0000
4820640,30.19574,-96.89657,-1.000,3.0053,LL,0.0000
4820700,32.73449,-94.90739,-1.000,3.0053,LL,0.0000
4820850,32.22984,-97.76864,-1.000,3.0053,LL,0.0000
4820960,32.46518,-97.54175,-1.000,3.0053,LL,0.0000
4821000,31.43104,-98.49156,-1.000,3.0053,LL,0.0000
4821030,28.66070,-97.43041,-1.000,3.0053,LL,0.0000
4821060,29.50081,-97.48314,-1.000,3.0053,LL,0.0000
4821150,29.73944,-94.96105,-0.333,0.8126,LL,0.0000
4821360,33.13153,-98.61484,-1.000,3.0053,LL,0.0000
4821390,32.45497,-97.74211,-1.000,3.0053,LL,0.0000
4821420,32.72430,-96.99750,-1.000,3.0053,LL,0.0000
4821450,32.65397,-95.70135,-1.000,3.0053,LL,0.0000
4821600,31.59701,-100.47330,-1.000,2.4644,LL,0.0000
4821660,32.90135,-97.07479,-1.000,3.0053,LL,0.0000
4821720,33.13654,-96.09419,-1.000,3.0053,LL,0.0000
4821750,31.98644,-101.83278,-0.333,0.8126,LL,0.0000
4821780,27.97070,-97.28041,-1.000,3.0053,LL,0.0000
4821810,31.43625,-96.51875,-1.000,3.0053,LL,0.0000
4821900,31.05552,-95.16966,-1.000,3.0053,LL,0.0000
4821960,33.45226,-96.75692,-1.000,3.0053,LL,0.0000
4822120,29.41019,-96.82263,-1.000,2.8250,LL,0.0000
4822170,32.51475,-94.59964,-1.000,3.0053,LL,0.0000
4822320,29.83789,-94.20753,-0.333,0.8126,LL,0.0000
4822380,30.29459,-94.75612,-0.333,1.1877,LL,0.0000
4822410,30.09531,-94.37758,-0.333,0.8126,LL,0.0000
4822470,29.35026,-98.49749,-1.000,3.0053,LL,0.0000
4822530,26.21483,-97.71572,-1.000,3.0053,LL,0.0000
4822590,30.31188,-99.28596,-1.000,3.0053,LL,0.0000
4822740,33.24502,-99.68222,-1.000,3.0053,LL,0.0000
4822770,32.65441,-95.24591,-1.000,3.0053,LL,0.0000
4822800,32.61194,-99.80395,-1.000,3.0053,LL,0.0000
4822830,30.83894,-96.54981,-1.000,3.0053,LL,0.0000
4822890,31.37660,-93.80249,-1.000,2.8250,LL,0.0000
4822970,32.08394,-94.72406,-1.000,3.0053,LL,0.0000
4822980,33.83697,-98.20033,-1.000,3.0053,LL,0.0000
4823010,34.88408,-102.41542,-0.333,1.0002,LL,0.0000
4823100,26.07697,-98.17394,-1.000,3.0053,LL,0.0000
4823250,32.84454,-96.79639,-1.000,3.0053,LL,0.0000
4823280,32.02439,-97.14889,-1.000,3.0053,LL,0.0000
4823310,29.28262,-95.00763,-0.333,0.8126,LL,0.0000
4823400,33.75505,-98.76397,-1.000,3.0053,LL,0.0000
4823430,29.35123,-99.13284,-1.000,3.0053,LL,0.0000
4823460,33.64856,-95.93384,-1.000,3.0053,LL,0.0000
4823640,29.73662,-95.38037,-0.333,0.8126,LL,0.0000
4823670,33.51674,-96.64922,-1.000,3.0053,LL,0.0000
4823790,31.32871,-94.86031,-1.000,3.0053,LL,0.0000
4823820,30.05889,-95.09922,-0.333,1.0002,LL,0.0000
4823850,33.03887,-94.59389,-1.000,3.0053,LL,0.0000
4823880,30.10139,-94.64244,-0.333,0.8126,LL,0.0000
4823910,30.00576,-95.20068,-0.333,0.8126,LL,0.0000
4824000,31.25578,-94.50969,-1.000,3.0053,LL,0.0000
4824030,30.76256,-95.58322,-1.000,3.0053,LL,0.0000
4824060,32.82737,-97.12370,-1.000,3.0053,LL,0.0000
4824100,30.55585,-97.54023,-1.000,3.0053,LL,0.0000
4824150,28.84863,-96.57552,-1.000,2.1037,LL,0.0000
4824180,27.87029,-97.20902,-1.000,3.0053,LL,0.0000
4824210,30.16674,-99.40104,-1.000,3.0053,LL,0.0000
4824260,33.94354,-98.75223,-1.000,3.0053,LL,0.0000
4824300,32.57895,-101.04572,-0.333,1.0939,LL,0.0000
4824420,32.83157,-96.96262,-1.000,3.0053,LL,0.0000
4824530,33.26784,-98.13298,-1.000,3.0053,LL,0.0000
4824590,31.95414,-95.29634,-1.000,3.0053,LL,0.0000
4824600,30.79239,-97.64543,-1.000,3.0053,LL,0.0000
4824630,30.93442,-94.05958,-1.000,2.6447,LL,0.0000
4824730,32.79831,-94.34207,-1.000,3.0053,LL,0.0000
4824840,30.33521,-98.38554,-1.000,3.0053,LL,0.0000
4824930,32.47408,-97.38637,-1.000,3.0053,LL,0.0000
4824960,28.81790,-98.54967,-1.000,3.0053,LL,0.0000
4824990,29.49391,-98.30804,-1.000,3.0053,LL,0.0000
4825020,30.47235,-99.82151,-1.000,2.6447,LL,0.0000
4825140,28.95121,-97.89258,-1.000,3.0053,LL,0.0000
4825170,29.80012,-95.76821,-0.333,0.8126,LL,0.0000
4825200,32.55908,-96.22773,-1.000,3.0053,LL,0.0000
4825260,32.92137,-97.25316,-1.000,3.0053,LL,0.0000
4825320,32.40153,-96.27213,-1.000,3.0053,LL,0.0000
4825500,32.64234,-97.21081,-1.000,3.0053,LL,0.0000
4825560,31.93839,-102.99599,-0.333,0.8126,LL,0.0000
4825590,30.01033,-99.19164,-1.000,3.0053,LL,0.0000
4825620,32.36460,-94.81990,-1.000,3.0053,LL,0.0000
4825660,31.12881,-97.75978,-1.000,3.0053,LL,0.0000
4825680,27.55711,-97.94885,-1.000,3.0053,LL,0.0000
4825710,30.67637,-93.98312,-0.333,1.1877,LL,0.0000
4825740,30.04224,-95.52363,-0.333,1.0939,LL,0.0000
4825980,33.27882,-97.30231,-1.000,3.0053,LL,0.0000
4826040,26.17886,-97.82220,-1.000,3.0053,LL,0.0000
4826100,29.92040,-96.89070,-1.000,3.0053,LL,0.0000
4826130,26.30843,-98.43746,-1.000,2.8250,LL,0.0000
4826190,29.65844,-95.03761,-0.333,0.8126,LL,0.0000
4826220,32.09379,-95.64166,-1.000,3.0053,LL,0.0000
4826280,31.60428,-97.06678,-1.000,3.0053,LL,0.0000
4826310,29.35491,-98.11836,-1.000,3.0053,LL,0.0000
4826370,29.35825,-98.66376,-1.000,3.0053,LL,0.0000
4826400,30.44520,-97.97574,-1.000,3.0053,LL,0.0000
4826470,30.34982,-98.00908,-1.000,3.0053,LL,0.0000
4826490,32.81429,-97.40421,-1.000,3.0053,LL,0.0000
4826580,29.55001,-95.80827,-0.333,0.8126,LL,0.0000
4826610,32.75115,-101.88230,-0.333,0.8126,LL,0.0000
4826640,31.12279,-98.14366,-1.000,3.0053,LL,0.0000
4826670,32.58906,-96.77115,-1.000,3.0053,LL,0.0000
4826790,27.51070,-99.49023,-0.333,1.1877,LL,0.0000
4826910,31.38926,-95.48861,-1.000,3.0053,LL,0.0000
4827030,30.51903,-97.88554,-1.000,3.0053,LL,0.0000
4827210,33.38225,-96.24931,-1.000,3.0053,LL,0.0000
4827240,33.61329,-102.42240,-0.333,0.8126,LL,0.0000
4827300,33.05088,-96.99074,-1.000,3.0053,LL,0.0000
4827390,33.35190,-94.11719,-1.000,3.0053,LL,0.0000
4827420,30.67906,-97.92040,-1.000,3.0053,LL,0.0000
4827450,29.98919,-94.72433,-0.333,0.8126,LL,0.0000
4827510,32.51494,-95.44217,-1.000,3.0053,LL,0.0000
4827540,33.00119,-94.36223,-1.000,3.0053,LL,0.0000
4827570,33.65545,-97.23616,-1.000,3.0053,LL,0.0000
4827630,32.52072,-98.02966,-1.000,3.0053,LL,0.0000
4827690,30.19400,-93.82643,-0.333,0.8126,LL,0.0000
4827720,33.14823,-96.94840,-1.000,3.0053,LL,0.0000
4827750,33.92182,-102.35076,-0.333,0.8126,LL,0.0000
4827780,30.71183,-94.90999,-1.000,2.8250,LL,0.0000
4827870,29.88643,-97.61022,-1.000,3.0053,LL,0.0000
4827890,34.17811,-101.44152,-1.000,1.7431,LL,0.0000
4827990,27.61920,-97.47858,-1.000,3.0053,LL,0.0000
4828020,33.01118,-95.96620,-1.000,3.0053,LL,0.0000
4828110,32.49686,-94.72680,-1.000,3.0053,LL,0.0000
4828200,31.39398,-97.21835,-1.000,3.0053,LL,0.0000
4828290,26.18872,-97.39237,-1.000,3.0053,LL,0.0000
4828350,29.12544,-96.36427,-0.333,1.0939,LL,0.0000
4828380,33.11457,-96.59149,-1.000,3.0053,LL,0.0000
4828500,33.58030,-101.86302,-0.333,0.8126,LL,0.0000
4828550,31.33591,-94.67641,-1.000,3.0053,LL,0.0000
4828590,29.70095,-97.64868,-1.000,3.0053,LL,0.0000
4828680,32.40120,-96.11016,-1.000,3.0053,LL,0.0000
4828710,30.94388,-95.86594,-1.000,3.0053,LL,0.0000
4828740,30.21141,-95.70448,-1.000,2.4644,LL,0.0000
4828890,30.33085,-97.55842,-1.000,3.0053,LL,0.0000
4828920,32.58001,-97.13999,-1.000,3.0053,LL,0.0000
4829010,30.55729,-98.21232,-1.000,3.0053,LL,0.0000
4829100,29.54131,-98.11184,-1.000,3.0053,LL,0.0000
4829160,32.52015,-94.35689,-1.000,3.0053,LL,0.0000
4829190,31.53551,-96.78939,-1.000,3.0053,LL,0.0000
4829280,30.73370,-99.22922,-1.000,3.0053,LL,0.0000
4829400,28.08903,-97.79955,-1.000,3.0053,LL,0.0000
4829460,33.33468,-94.35236,-1.000,3.0053,LL,0.0000
4829670,26.21695,-98.23776,-1.000,3.0053,LL,0.0000
4829850,33.21711,-96.61506,-1.000,3.0053,LL,0.0000
4830120,33.27978,-96.54902,-1.000,3.0053,LL,0.0000
4830180,34.59413,-100.61217,-1.000,3.0053,LL,0.0000
4830250,26.14653,-97.89799,-1.000,3.0053,LL,0.0000
4830300,31.91486,-97.62905,-1.000,3.0053,LL,0.0000
4830360,31.30342,-100.98130,-0.333,1.2815,LL,0.0000
4830390,32.75850,-96.59388,-1.000,3.0053,LL,0.0000
4830420,31.65862,-96.49532,-1.000,3.0053,LL,0.0000
4830570,31.81209,-102.06465,-0.333,0.8126,LL,0.0000
4830600,32.47230,-97.00046,-1.000,3.0053,LL,0.0000
4830640,31.49744,-97.26618,-1.000,3.0053,LL,0.0000
4830720,32.01291,-96.32603,-1.000,3.0053,LL,0.0000
4830750,31.62107,-100.18141,-1.000,2.6447,LL,0.0000
4830810,33.02901,-95.79056,-1.000,3.0053,LL,0.0000
4830870,32.72052,-97.98971,-1.000,3.0053,LL,0.0000
4830930,32.66925,-95.43598,-1.000,3.0053,LL,0.0000
4830950,32.82558,-98.14468,-1.000,3.0053,LL,0.0000
4831040,26.24506,-98.32078,-1.000,3.0053,LL,0.0000
4831170,31.53731,-103.09205,-0.333,0.8126,LL,0.0000
4831260,30.40188,-95.69242,-1.000,2.8250,LL,0.0000
4831290,31.29449,-97.38526,-1.000,3.0053,LL,0.0000
4831470,33.73180,-102.81470,-0.333,0.8126,LL,0.0000
4831650,31.88896,-94.68655,-1.000,3.0053,LL,0.0000
4831760,33.13695,-95.04965,-1.000,3.0053,LL,0.0000
4831770,33.17585,-95.21907,-1.000,3.0053,LL,0.0000
4831860,33.68755,-97.37341,-1.000,3.0053,LL,0.0000
4831890,34.17278,-102.80696,-0.333,0.8126,LL,0.0000
4831970,33.46703,-99.57914,-1.000,3.0053,LL,0.0000
4832090,31.59719,-94.67317,-1.000,3.0053,LL,0.0000
4832130,29.20112,-98.86810,-1.000,3.0053,LL,0.0000
4832160,29.69708,-97.96701,-1.000,3.0053,LL,0.0000
4832190,30.38283,-96.03227,-1.000,3.0053,LL,0.0000
4832250,31.90589,-95.51505,-1.000,3.0053,LL,0.0000
4832280,29.97725,-94.00542,-0.333,0.8126,LL,0.0000
4832310,29.37411,-95.78153,-0.333,0.8126,LL,0.0000
4832340,33.46333,-94.41681,-1.000,3.0053,LL,0.0000
4832370,29.70465,-98.17756,-1.000,3.0053,LL,0.0000
4832400,30.13209,-95.22870,-0.333,1.0939,LL,0.0000
4832430,33.74987,-101.85844,-0.333,0.8126,LL,0.0000
4832490,33.31598,-101.95494,-0.333,0.8126,LL,0.0000
4832640,30.57137,-95.49206,-1.000,3.0053,LL,0.0000
4832730,30.75110,-93.73653,-0.333,1.0939,LL,0.0000
4832910,31.06316,-96.12722,-1.000,3.0053,LL,0.0000
4832940,29.57784,-98.45066,-1.000,3.0053,LL,0.0000
4833010,33.78699,-95.58479,-1.000,3.0053,LL,0.0000
4833120,29.55275,-98.69034,-1.000,3.0053,LL,0.0000
4833180,33.03301,-97.35488,-1.000,3.0053,LL,0.0000
4833630,33.42109,-98.83485,-1.000,3.0053,LL,0.0000
4833660,34.12163,-102.16199,-0.333,0.8126,LL,0.0000
4833690,30.82891,-95.09676,-1.000,3.0053,LL,0.0000
4833780,30.03896,-93.96935,-0.333,0.8126,LL,0.0000
4833840,32.81430,-94.75769,-1.000,3.0053,LL,0.0000
4834050,31.84126,-95.66173,-1.000,3.0053,LL,0.0000
4834110,32.43987,-96.67805,-1.000,3.0053,LL,0.0000
4834170,35.62834,-100.92785,-1.000,3.0053,LL,0.0000
4834230,35.38876,-101.44412,-1.000,2.6447,LL,0.0000
4834290,33.66057,-95.56358,-1.000,3.0053,LL,0.0000
4834320,29.64757,-95.20691,-0.333,0.8126,LL,0.0000
4834440,29.55491,-95.30812,-0.333,0.8126,LL,0.0000
4834470,28.87215,-99.07575,-1.000,3.0053,LL,0.0000
4834500,32.88037,-97.88466,-1.000,3.0053,LL,0.0000
4834550,31.39022,-103.63184,-0.333,0.7189,LL,0.0000
4834650,36.26999,-100.79416,-1.000,3.0053,LL,0.0000
4834710,34.03059,-98.26749,-1.000,3.0053,LL,0.0000
4834770,28.61666,-97.75248,-1.000,3.0053,LL,0.0000
4834830,30.44095,-97.58639,-1.000,3.0053,LL,0.0000
4834860,26.18033,-98.16351,-1.000,3.0053,LL,0.0000
4834920,33.39511,-96.98608,-1.000,3.0053,LL,0.0000
4834980,32.49910,-94.81263,-1.000,3.0053,LL,0.0000
4835010,32.95726,-94.97666,-1.000,3.0053,LL,0.0000
4835040,33.21834,-102.84714,-0.333,0.8126,LL,0.0000
4835070,34.18953,-101.74692,-0.333,1.0002,LL,0.0000
4835100,33.03618,-96.72243,-1.000,3.0053,LL,0.0000
4835130,33.51791,-94.13711,-1.000,3.0053,LL,0.0000
4835190,28.88329,-98.36169,-1.000,3.0053,LL,0.0000
4835250,26.02639,-97.16310,-1.000,3.0053,LL,0.0000
4835310,33.18580,-97.29631,-1.000,3.0053,LL,0.0000
4835370,27.78462,-97.09446,-1.000,3.0053,LL,0.0000
4835400,29.88947,-93.94621,-0.333,0.8126,LL,0.0000
4835430,29.96410,-93.90931,-0.333,0.8126,LL,0.0000
4835520,29.07226,-98.67543,-1.000,3.0053,LL,0.0000
4835550,29.03324,-98.09935,-1.000,3.0053,LL,0.0000
4835560,35.37202,-101.66040,-1.000,2.4644,LL,0.0000
4835570,35.42857,-101.99784,-0.333,1.3752,LL,0.0000
4835580,33.77923,-96.69901,-1.000,3.0053,LL,0.0000
4835740,33.55430,-95.38293,-1.000,3.0053,LL,0.0000
4835850,33.14103,-96.49597,-1.000,3.0053,LL,0.0000
4836000,33.24307,-96.78899,-1.000,3.0053,LL,0.0000
4836180,34.29348,-99.79891,-1.000,3.0053,LL,0.0000
4836240,32.91090,-96.11942,-1.000,3.0053,LL,0.0000
4836300,32.82059,-95.40737,-1.000,3.0053,LL,0.0000
4836360,32.87046,-95.79561,-1.000,3.0053,LL,0.0000
4836390,33.60292,-101.36834,-0.333,0.9064,LL,0.0000
4836450,29.53102,-98.27818,-1.000,3.0053,LL,0.0000
4836510,31.40636,-101.97155,-0.333,0.8126,LL,0.0000
4836570,31.37519,-101.51440,-0.333,1.0002,LL,0.0000
4836630,33.47702,-94.17017,-1.000,3.0053,LL,0.0000
4836660,32.51539,-96.81102,-1.000,3.0053,LL,0.0000
4836930,27.41784,-97.83117,-1.000,3.0053,LL,0.0000
4837020,32.93714,-96.73573,-1.000,3.0053,LL,0.0000
4837140,26.44742,-98.68360,-0.333,1.5628,LL,0.0000
4837170,26.25308,-97.60845,-1.000,3.0053,LL,0.0000
4837260,35.39144,-101.81574,-1.000,2.4644,LL,0.0000
4837410,31.43832,-97.08095,-1.000,3.0053,LL,0.0000
4837440,27.76722,-97.68327,-1.000,3.0053,LL,0.0000
4837590,30.67880,-97.05809,-1.000,3.0053,LL,0.0000
4837650,32.88879,-96.44406,-1.000,3.0053,LL,0.0000
4837800,33.56629,-101.66566,-0.333,0.8126,LL,0.0000
4837860,32.48943,-100.56501,-1.000,2.6447,LL,0.0000
4837900,31.12447,-96.98964,-1.000,3.0053,LL,0.0000
4838080,30.49540,-97.70916,-1.000,3.0053,LL,0.0000
4838220,32.94554,-96.31110,-1.000,3.0053,LL,0.0000
4838360,31.80816,-95.14899,-1.000,3.0053,LL,0.0000
4838400,33.65788,-96.76875,-1.000,3.0053,LL,0.0000
4838460,32.43678,-94.92381,-1.000,3.0053,LL,0.0000
4838520,33.75668,-97.53812,-1.000,3.0053,LL,0.0000
4838580,30.93455,-97.56663,-1.000,3.0053,LL,0.0000
4838700,31.39897,-100.52400,-1.000,2.4644,LL,0.0000
4838730,29.42088,-98.47097,-1.000,3.0053,LL,0.0000
4838790,26.08639,-97.67724,-1.000,3.0053,LL,0.0000
4838900,29.69719,-100.82498,-0.333,1.2815,LL,0.0000
4838970,29.85715,-97.93629,-1.000,3.0053,LL,0.0000
4839030,31.13772,-98.71025,-1.000,3.0053,LL,0.0000
4839150,35.66368,-101.56414,-1.000,2.8250,LL,0.0000
4839180,33.37159,-97.19083,-1.000,3.0053,LL,0.0000
4839270,29.38102,-95.12202,-0.333,0.8126,LL,0.0000
4839300,27.38914,-97.97557,-1.000,3.0053,LL,0.0000
4839330,26.08668,-97.81706,-1.000,3.0053,LL,0.0000
4839480,29.54827,-98.24464,-1.000,3.0053,LL,0.0000
4839510,30.89623,-100.52722,-0.333,1.3752,LL,0.0000
4839540,29.72241,-96.93975,-1.000,3.0053,LL,0.0000
4839570,32.49136,-96.39182,-1.000,3.0053,LL,0.0000
4839600,32.93780,-102.58288,-0.333,0.8126,LL,0.0000
4839630,29.77406,-96.19003,-1.000,2.2840,LL,0.0000
4839690,29.54205,-97.88656,-1.000,3.0053,LL,0.0000
4839750,32.70376,-102.69193,-0.333,0.8126,LL,0.0000
4839780,33.62103,-99.24377,-1.000,3.0053,LL,0.0000
4839870,33.70074,-102.01917,-0.333,0.8126,LL,0.0000
4839930,26.24159,-98.27643,-1.000,3.0053,LL,0.0000
4839990,29.86255,-95.17519,-0.333,0.8126,LL,0.0000
4840020,30.48645,-95.00403,-1.000,2.8250,LL,0.0000
4840080,33.64002,-96.59057,-1.000,3.0053,LL,0.0000
4840110,29.43225,-97.18007,-1.000,3.0053,LL,0.0000
4840230,30.41657,-94.18197,-0.333,0.9064,LL,0.0000
4840350,28.06801,-97.52602,-1.000,3.0053,LL,0.0000
4840440,33.45324,-101.65218,-0.333,0.8126,LL,0.0000
4840470,33.36496,-97.43457,-1.000,3.0053,LL,0.0000
4840550,29.99583,-97.20237,-1.000,3.0053,LL,0.0000
4840590,33.61800,-102.15584,-0.333,0.8126,LL,0.0000
4840650,32.81725,-100.94140,-1.000,2.1037,LL,0.0000
4840680,29.34844,-98.57630,-1.000,3.0053,LL,0.0000
4840740,29.21071,-98.62053,-1.000,3.0053,LL,0.0000
4840800,30.52219,-100.51336,-0.333,1.2815,LL,0.0000
4840920,29.20727,-98.45886,-1.000,3.0053,LL,0.0000
4840950,29.29792,-98.67390,-1.000,3.0053,LL,0.0000
4841010,36.20621,-101.17369,-1.000,3.0053,LL,0.0000
4841070,30.25625,-95.19271,-1.000,2.2840,LL,0.0000
4841100,29.79204,-95.53587,-0.333,0.8126,LL,0.0000
4841190,32.55973,-94.80997,-1.000,3.0053,LL,0.0000
4841220,29.98976,-95.45967,-0.333,0.9064,LL,0.0000
4841280,32.96590,-97.67492,-1.000,3.0053,LL,0.0000
4841350,29.62572,-95.56574,-0.333,0.8126,LL,0.0000
4841430,32.17309,-101.90296,-0.333,0.8126,LL,0.0000
4841520,32.21107,-98.14256,-1.000,3.0053,LL,0.0000
4841580,35.81755,-101.36137,-1.000,3.0053,LL,0.0000
4841610,29.27616,-97.91794,-1.000,3.0053,LL,0.0000
4841670,36.28981,-102.08342,-1.000,2.6447,LL,0.0000
4841760,33.97863,-102.72904,-0.333,0.8126,LL,0.0000
4841850,33.45883,-102.51733,-0.333,0.8126,LL,0.0000
4841880,32.80053,-96.54758,-1.000,3.0053,LL,0.0000
4841970,28.96577,-95.60623,-0.333,0.8126,LL,0.0000
4842030,32.50641,-100.34692,-1.000,2.8250,LL,0.0000
4842120,33.41976,-95.12200,-1.000,3.0053,LL,0.0000
4842240,32.32437,-94.56373,-1.000,3.0053,LL,0.0000
4842280,30.54885,-97.42478,-1.000,3.0053,LL,0.0000
4842300,31.59832,-96.26101,-1.000,3.0053,LL,0.0000
4842330,31.09338,-97.34725,-1.000,3.0053,LL,0.0000
4842360,31.92244,-94.22284,-1.000,3.0053,LL,0.0000
4842450,32.75613,-96.24587,-1.000,3.0053,LL,0.0000
4842510,29.36947,-94.90518,-0.333,0.8126,LL,0.0000
4842660,30.56822,-97.29943,-1.000,3.0053,LL,0.0000
4842690,28.50286,-98.19282,-1.000,3.0053,LL,0.0000
4842870,33.46680,-96.88318,-1.000,3.0053,LL,0.0000
4842900,32.36265,-97.92435,-1.000,3.0053,LL,0.0000
4842960,30.09735,-95.64155,-1.000,2.1037,LL,0.0000
4843140,33.42146,-96.33946,-1.000,3.0053,LL,0.0000
4843230,32.12520,-95.11051,-1.000,3.0053,LL,0.0000
4843260,31.17649,-97.28331,-1.000,3.0053,LL,0.0000
4843290,31.72277,-95.74660,-1.000,3.0053,LL,0.0000
4843320,34.55352,-101.71506,-0.333,1.0002,LL,0.0000
4843350,27.79721,-97.54173,-1.000,3.0053,LL,0.0000
4843650,27.85602,-99.43056,-0.333,1.1877,LL,0.0000
4843720,29.20910,-99.79654,-1.000,2.6447,LL,0.0000
4843760,31.68973,-97.48666,-1.000,3.0053,LL,0.0000
4843800,26.11243,-98.22709,-1.000,3.0053,LL,0.0000
4843860,33.49594,-97.13626,-1.000,3.0053,LL,0.0000
4843890,33.42933,-96.56154,-1.000,3.0053,LL,0.0000
4843950,28.84214,-95.76455,-0.333,0.8126,LL,0.0000
4844010,32.44346,-97.11990,-1.000,3.0053,LL,0.0000
4844110,34.02967,-99.27691,-1.000,3.0053,LL,0.0000
4844150,28.81181,-96.99820,-1.000,2.8250,LL,0.0000
4844160,30.16754,-94.02258,-0.333,0.8126,LL,0.0000
4844280,31.54331,-97.15643,-1.000,3.0053,LL,0.0000
4844410,31.29393,-100.26325,-1.000,2.4644,LL,0.0000
4844470,29.60053,-96.01757,-0.333,0.9064,LL,0.0000
4844580,30.58199,-94.35028,-1.000,2.2840,LL,0.0000
4844670,32.50551,-94.08932,-1.000,3.0053,LL,0.0000
4844710,31.66065,-100.75568,-0.333,1.3752,LL,0.0000
4844730,32.35634,-96.86349,-1.000,3.0053,LL,0.0000
4844800,32.72332,-97.76749,-1.000,3.0053,LL,0.0000
4844820,29.66167,-96.74529,-1.000,3.0053,LL,0.0000
4844890,34.91444,-100.23083,-1.000,3.0053,LL,0.0000
4844960,26.18633,-97.97404,-1.000,3.0053,LL,0.0000
4845040,31.76480,-97.08984,-1.000,3.0053,LL,0.0000
4845090,30.09582,-93.77135,-0.333,0.8126,LL,0.0000
4845120,27.73628,-97.52290,-1.000,3.0053,LL,0.0000
4845150,32.19723,-94.90529,-1.000,3.0053,LL,0.0000
4845180,31.30468,-93.98175,-1.000,3.0053,LL,0.0000
4845380,29.25744,-96.07891,-0.333,0.8126,LL,0.0000
4845420,35.41709,-100.33722,-1.000,3.0053,LL,0.0000
4845480,32.51234,-94.86018,-1.000,3.0053,LL,0.0000
4845540,32.77069,-97.48900,-1.000,3.0053,LL,0.0000
4845570,33.57674,-102.80536,-0.333,0.8126,LL,0.0000
4845600,32.21564,-95.23957,-1.000,3.0053,LL,0.0000
4845630,33.76971,-96.91885,-1.000,3.0053,LL,0.0000
4845720,31.96911,-97.34142,-1.000,3.0053,LL,0.0000
4845780,33.88848,-98.51476,-1.000,3.0053,LL,0.0000
4845900,30.43444,-95.44337,-1.000,2.8250,LL,0.0000
4845950,32.71518,-96.03973,-1.000,3.0053,LL,0.0000
4846080,33.58451,-98.45628,-1.000,3.0053,LL,0.0000
4846170,31.81490,-103.38750,-0.333,0.8126,LL,0.0000
4846230,32.48653,-95.21004,-1.000,3.0053,LL,0.0000
4846260,32.01273,-100.00052,-1.000,3.0053,LL,0.0000
4846320,31.43539,-94.45256,-1.000,3.0053,LL,0.0000
4846350,33.33474,-96.07061,-1.000,3.0053,LL,0.0000
4846380,28.18520,-97.35447,-1.000,3.0053,LL,0.0000
4846440,30.77341,-94.42420,-1.000,2.6447,LL,0.0000
4846500,32.34497,-99.79930,-1.000,3.0053,LL,0.0000
4846530,33.02018,-96.53329,-1.000,3.0053,LL,0.0000
4846620,29.22148,-97.16000,-1.000,3.0053,LL,0.0000
4846650,29.02411,-97.52792,-1.000,3.0053,LL,0.0000
4846680,31.73310,-106.30682,0.333,0.0048,LL,0.0000
4846710,26.99698,-99.18260,-0.333,1.2815,LL,0.0000
4900030,40.28599,-111.86662,0.333,0.0048,LL,0.0000
4900060,38.35753,-113.23895,0.333,0.0048,LL,0.0000
4900090,41.62262,-113.06025,0.333,0.0048,LL,0.0000
4900120,41.73412,-111.74539,0.333,0.0048,LL,0.0000
4900142,40.58504,-111.71897,0.333,0.0048,LL,0.0000
4900150,39.67328,-110.58848,0.333,0.0048,LL,0.0000
4900210,40.95146,-112.16762,0.333,0.0048,LL,0.0000
4900240,40.28939,-110.42958,0.333,0.0048,LL,0.0000
4900270,39.00902,-110.72110,0.333,0.0048,LL,0.0000
4900330,38.97433,-109.57345,0.333,0.0048,LL,0.0000
4900360,40.70303,-112.09343,0.333,0.0048,LL,0.0000
4900420,40.54404,-112.05262,0.333,0.0048,LL,0.0000
4900450,39.61905,-112.09431,0.333,0.0048,LL,0.0000
4900480,37.27509,-111.81533,0.333,0.0048,LL,0.0000
4900510,41.74026,-111.84176,0.333,0.0048,LL,0.0000
4900540,38.95674,-113.13309,0.333,0.0048,LL,0.0000
4900570,41.09103,-111.57788,0.333,0.0048,LL,0.0000
4900600,40.65126,-111.89560,0.333,0.0048,LL,0.0000
4900630,40.00909,-111.55958,0.333,0.0048,LL,0.0000
4900660,39.60830,-111.46431,0.333,0.0048,LL,0.0000
4900690,40.96053,-111.33263,0.333,0.0048,LL,0.0000
4900720,41.22839,-111.96815,0.333,0.0048,LL,0.0000
4900750,40.70665,-111.54357,0.333,0.0048,LL,0.0000
4900810,40.24531,-111.64506,0.333,0.0048,LL,0.0000
4900870,40.77854,-111.92987,0.333,0.0048,LL,0.0000
4900900,37.60263,-109.79157,0.333,0.0048,LL,0.0000
4900930,38.74682,-111.81193,0.333,0.0048,LL,0.0000
4900960,39.22663,-111.56902,0.333,0.0048,LL,0.0000
4900990,40.85720,-110.48532,0.333,0.0048,LL,0.0000
4901050,40.46775,-113.12398,0.333,0.0048,LL,0.0000
4901080,40.12589,-109.51775,0.333,0.0048,LL,0.0000
4901110,40.33488,-111.16157,0.333,0.0048,LL,0.0000
4901140,37.26253,-113.48780,0.333,0.0048,LL,0.0000
4901200,41.28179,-111.92100,0.333,0.0048,LL,0.0000
5100060,37.76594,-75.75781,1.000,0.5819,HH,0.0000
5100090,38.02418,-78.55351,1.000,0.5819,HH,0.0000
5100120,38.81925,-77.08367,1.000,0.5819,HH,0.0000
5100152,37.78790,-80.00867,1.000,0.5819,HH,0.0000
5100180,37.33193,-77.97746,1.000,0.5819,HH,0.0000
5100210,37.62930,-79.15476,1.000,0.5819,HH,0.0000
5100240,37.37073,-78.81094,1.000,0.5819,HH,0.0000
5100270,38.87834,-77.10070,1.000,0.5819,HH,0.0000
5100300,38.17259,-79.14097,1.000,0.5819,HH,0.0000
5100330,38.06837,-79.73120,1.000,0.5819,HH,0.0000
5100360,37.31226,-79.52722,1.000,0.5819,HH,0.0000
5100390,37.13061,-81.12585,1.000,0.5819,HH,0.0000
5100420,37.56548,-79.79755,1.000,0.5819,HH,0.0000
5100450,36.61695,-82.15756,1.000,0.5819,HH,0.0000
5100480,36.76420,-77.86148,1.000,0.5819,HH,0.0000
5100510,37.26812,-82.03815,1.000,0.5819,HH,0.0000
5100560,37.72934,-79.35813,1.000,0.5819,HH,0.0000
5100600,37.21015,-79.09543,1.000,0.5819,HH,0.0000
5100660,38.02803,-77.35374,1.000,0.5819,HH,0.0000
5100690,36.73196,-80.72783,1.000,0.5819,HH,0.0000
5100750,37.00904,-78.65857,1.000,0.5819,HH,0.0000
5100780,38.03766,-78.48538,1.000,0.5819,HH,0.0000
5100810,36.67938,-76.30179,1.000,0.5819,HH,0.0000
5100840,37.37843,-77.58585,1.000,0.5819,HH,0.0000
5100870,39.11531,-77.99075,1.000,0.5819,HH,0.0000
5100960,37.26168,-77.39680,1.000,0.5819,HH,0.0000
5101020,37.47360,-80.23105,1.000,0.5819,HH,0.0000
5101050,38.48593,-77.95648,1.000,0.5819,HH,0.0000
5101110,36.58333,-79.40807,1.000,0.5819,HH,0.0000
5101170,37.07350,-77.63549,1.000,0.5819,HH,0.0000
5101200,37.93639,-76.93375,1.000,0.5819,HH,0.0000
5101260,38.82952,-77.27325,1.000,0.5819,HH,0.0000
5101290,38.88472,-77.17560,1.000,0.5819,HH,0.0000
5101320,38.74410,-77.82150,1.000,0.5819,HH,0.0000
5101380,37.83058,-78.28349,1.000,0.5819,HH,0.0000
5101470,39.20366,-78.26383,1.000,0.5819,HH,0.0000
5101510,38.29927,-77.48666,1.000,0.5819,HH,0.0000
5101560,36.66564,-80.91431,1.000,0.5819,HH,0.0000
5101590,37.31807,-80.69832,1.000,0.5819,HH,0.0000
5101620,37.40354,-76.52351,1.000,0.5819,HH,0.0000
5101650,37.71881,-77.91763,1.000,0.5819,HH,0.0000
5101690,36.65223,-81.21532,1.000,0.5819,HH,0.0000
5101710,38.29798,-78.47016,1.000,0.5819,HH,0.0000
5101740,36.68034,-77.56028,1.000,0.5819,HH,0.0000
5101770,36.76646,-78.93961,1.000,0.5819,HH,0.0000
5101800,37.04796,-76.29729,1.000,0.5819,HH,0.0000
5101830,37.76021,-77.49132,1.000,0.5819,HH,0.0000
5101860,38.43625,-78.87330,1.000,0.5819,HH,0.0000
5101890,37.43752,-77.30033,1.000,0.5819,HH,0.0000
5101920,36.62061,-79.98066,1.000,0.5819,HH,0.0000
5101980,37.29101,-77.29894,1.000,0.5819,HH,0.0000
5102070,37.71777,-76.90558,1.000,0.5819,HH,0.0000
5102100,38.27718,-77.16264,1.000,0.5819,HH,0.0000
5102160,37.70484,-76.41266,1.000,0.5819,HH,0.0000
5102220,37.78233,-79.44432,1.000,0.5819,HH,0.0000
5102250,39.08120,-77.63890,1.000,0.5819,HH,0.0000
5102280,37.97270,-77.95979,1.000,0.5819,HH,0.0000
5102310,36.94555,-78.24053,1.000,0.5819,HH,0.0000
5102340,37.39902,-79.19546,1.000,0.5819,HH,0.0000
5102370,38.41206,-78.27696,1.000,0.5819,HH,0.0000
5102390,38.76940,-77.44232,1.000,0.5819,HH,0.0000
5102400,36.68353,-79.86365,1.000,0.5819,HH,0.0000
5102430,37.42535,-76.26881,1.000,0.5819,HH,0.0000
5102460,36.68726,-78.36896,1.000,0.5819,HH,0.0000
5102490,37.60884,-76.52011,1.000,0.5819,HH,0.0000
5102580,37.78908,-78.88344,1.000,0.5819,HH,0.0000
5102610,37.51016,-76.99933,1.000,0.5819,HH,0.0000
5102640,37.07614,-76.52198,1.000,0.5819,HH,0.0000
5102670,36.92301,-76.24464,1.000,0.5819,HH,0.0000
5102730,37.85697,-76.37969,1.000,0.5819,HH,0.0000
5102790,37.14117,-78.05387,1.000,0.5819,HH,0.0000
5102820,38.24933,-78.01109,1.000,0.5819,HH,0.0000
5102850,38.62321,-78.49187,1.000,0.5819,HH,0.0000
5102880,36.66714,-80.28641,1.000,0.5819,HH,0.0000
5102910,37.20473,-77.39237,1.000,0.5819,HH,0.0000
5102940,36.82172,-79.39850,1.000,0.5819,HH,0.0000
5102980,37.12836,-76.30353,1.000,0.5819,HH,0.0000
5103000,36.85934,-76.35697,1.000,0.5819,HH,0.0000
5103030,37.54940,-77.91286,1.000,0.5819,HH,0.0000
5103060,37.22488,-78.43296,1.000,0.5819,HH,0.0000
5103090,37.18733,-77.22099,1.000,0.5819,HH,0.0000
5103130,38.71266,-77.48271,1.000,0.5819,HH,0.0000
5103150,37.06339,-80.71344,1.000,0.5819,HH,0.0000
5103180,37.12012,-80.55915,1.000,0.5819,HH,0.0000
5103240,37.53140,-77.47601,1.000,0.5819,HH,0.0000
5103270,37.94289,-76.73056,1.000,0.5819,HH,0.0000
5103300,37.27846,-79.95817,1.000,0.5819,HH,0.0000
5103330,37.33079,-80.19124,1.000,0.5819,HH,0.0000
5103370,37.81452,-79.44775,1.000,0.5819,HH,0.0000
5103390,38.50761,-78.88533,1.000,0.5819,HH,0.0000
5103420,36.93342,-82.09593,1.000,0.5819,HH,0.0000
5103460,37.28533,-80.05524,1.000,0.5819,HH,0.0000
5103510,38.85620,-78.57399,1.000,0.5819,HH,0.0000
5103520,36.84232,-81.53979,1.000,0.5819,HH,0.0000
5103600,36.72007,-77.10381,1.000,0.5819,HH,0.0000
5103640,38.18243,-77.65723,1.000,0.5819,HH,0.0000
5103660,38.40438,-77.46723,1.000,0.5819,HH,0.0000
5103690,38.15798,-79.06188,1.000,0.5819,HH,0.0000
5103810,37.12539,-81.56292,1.000,0.5819,HH,0.0000
5103840,36.77953,-76.02914,1.000,0.5819,HH,0.0000
5103870,38.90822,-78.20759,1.000,0.5819,HH,0.0000
5103900,36.74781,-81.95032,1.000,0.5819,HH,0.0000
5103980,38.10931,-76.80393,1.000,0.5819,HH,0.0000
5104050,39.17387,-78.17636,1.000,0.5819,HH,0.0000
5104080,36.97456,-82.62156,1.000,0.5819,HH,0.0000
5104150,37.19806,-76.39385,1.000,0.5819,HH,0.0000
5300001,47.23985,-121.68359,0.333,0.0048,LL,0.0000
5300003,46.18592,-122.65868,0.333,0.0048,LL,0.0000
5300240,48.22373,-122.05690,0.333,0.0048,LL,0.0000
5300330,47.64249,-122.50776,0.333,0.0048,LL,0.0000
5300390,47.60791,-122.17211,0.333,0.0048,LL,0.0000
5300480,47.03105,-122.38074,0.333,0.0048,LL,0.0000
5300780,48.55984,-122.42971,0.333,0.0048,LL,0.0000
5300810,45.64664,-122.36997,0.333,0.0048,LL,0.0000
5300950,47.68909,-120.91765,0.333,0.0048,LL,0.0000
5300960,47.52592,-120.46995,0.333,0.0048,LL,0.0000
5301110,47.63344,-117.15727,0.333,0.0048,LL,0.0000
5301140,46.73329,-122.93325,0.333,0.0048,LL,0.0000
5301200,47.97564,-120.31108,0.333,0.0048,LL,0.0000
5301230,47.43932,-117.60871,0.333,0.0048,LL,0.0000
5301290,47.96145,-122.71541,0.333,0.0048,LL,0.0000
5301440,46.82116,-117.43395,0.333,0.0048,LL,0.0000
5301470,46.03064,-118.44016,0.333,0.0048,LL,0.0000
5301590,46.16771,-118.89978,0.333,0.0048,LL,0.0000
5301630,48.56626,-117.77193,0.333,0.0048,LL,0.0000
5301660,48.64593,-121.29178,0.333,0.0048,LL,0.0000
5302010,47.71171,-118.16847,0.333,0.0048,LL,0.0000
5302130,47.23576,-122.15645,0.333,0.0048,LL,0.0000
5302280,47.75721,-117.12934,0.333,0.0048,LL,0.0000
5302370,46.91135,-122.14341,0.333,0.0048,LL,0.0000
5302460,47.03760,-120.58750,0.333,0.0048,LL,0.0000
5302670,47.94483,-122.21165,0.333,0.0048,LL,0.0000
5302700,45.64749,-122.50801,0.333,0.0048,LL,0.0000
5302820,47.32358,-122.33189,0.333,0.0048,LL,0.0000
5302850,48.81373,-122.67689,0.333,0.0048,LL,0.0000
5302880,47.24868,-122.33569,0.333,0.0048,LL,0.0000
5302910,45.99886,-119.14558,0.333,0.0048,LL,0.0000
5302940,47.15239,-122.39943,0.333,0.0048,LL,0.0000
5302970,47.51009,-117.18039,0.333,0.0048,LL,0.0000
5303180,46.19999,-120.22741,0.333,0.0048,LL,0.0000
5303210,48.05496,-121.56561,0.333,0.0048,LL,0.0000
5303330,47.09957,-123.02165,0.333,0.0048,LL,0.0000
5303510,46.64950,-120.81687,0.333,0.0048,LL,0.0000
5303750,47.52015,-122.02471,0.333,0.0048,LL,0.0000
5303810,46.11171,-122.56959,0.333,0.0048,LL,0.0000
5303930,46.07882,-119.25525,0.333,0.0048,LL,0.0000
5303960,47.38044,-122.15466,0.333,0.0048,LL,0.0000
5303990,48.59884,-118.21372,0.333,0.0048,LL,0.0000
5304200,48.02020,-122.08045,0.333,0.0048,LL,0.0000
5304230,47.67792,-122.11534,0.333,0.0048,LL,0.0000
5304260,48.14878,-122.24589,0.333,0.0048,LL,0.0000
5304470,46.23564,-123.09139,0.333,0.0048,LL,0.0000
5304560,47.71351,-121.83208,0.333,0.0048,LL,0.0000
5304620,48.95223,-122.47438,0.333,0.0048,LL,0.0000
5304740,48.07580,-120.28990,0.333,0.0048,LL,0.0000
5304920,47.82066,-117.32105,0.333,0.0048,LL,0.0000
5304950,47.57797,-117.70261,0.333,0.0048,LL,0.0000
5304980,47.56582,-122.22984,0.333,0.0048,LL,0.0000
5305130,47.83010,-121.97372,0.333,0.0048,LL,0.0000
5305310,48.84626,-121.98388,0.333,0.0048,LL,0.0000
5305370,46.55337,-120.22107,0.333,0.0048,LL,0.0000
5305400,48.41802,-122.35911,0.333,0.0048,LL,0.0000
5305430,47.93310,-122.30156,0.333,0.0048,LL,0.0000
5305460,46.79277,-121.22615,0.333,0.0048,LL,0.0000
5305640,47.84050,-117.62744,0.333,0.0048,LL,0.0000
5305670,48.92052,-121.55629,0.333,0.0048,LL,0.0000
5305700,47.10543,-124.16450,0.333,0.0048,LL,0.0000
5305850,47.06918,-122.77601,0.333,0.0048,LL,0.0000
5305910,47.77256,-122.15722,0.333,0.0048,LL,0.0000
5306450,47.05141,-122.15324,0.333,0.0048,LL,0.0000
5306690,47.29095,-122.69167,0.333,0.0048,LL,0.0000
5306840,48.12749,-122.84503,0.333,0.0048,LL,0.0000
5306900,46.21389,-119.73857,0.333,0.0048,LL,0.0000
5306930,46.71576,-117.20825,0.333,0.0048,LL,0.0000
5306960,47.17140,-122.30106,0.333,0.0048,LL,0.0000
5307020,47.94160,-124.34384,0.333,0.0048,LL,0.0000
5307110,46.86349,-122.69993,0.333,0.0048,LL,0.0000
5307440,47.97107,-117.27190,0.333,0.0048,LL,0.0000
5307470,46.81866,-123.10193,0.333,0.0048,LL,0.0000
5307710,47.61934,-122.35154,0.333,0.0048,LL,0.0000
5307740,48.49768,-122.08399,0.333,0.0048,LL,0.0000
5307770,46.68478,-120.27533,0.333,0.0048,LL,0.0000
5307830,48.09236,-123.11042,0.333,0.0048,LL,0.0000
5307920,47.75684,-122.34972,0.333,0.0048,LL,0.0000
5308020,47.94843,-122.02901,0.333,0.0048,LL,0.0000
5308040,47.49823,-121.65229,0.333,0.0048,LL,0.0000
5308160,47.48729,-122.64746,0.333,0.0048,LL,0.0000
5308250,47.66299,-117.39965,0.333,0.0048,LL,0.0000
5308340,48.20016,-122.37492,0.333,0.0048,LL,0.0000
5308610,47.17878,-122.20620,0.333,0.0048,LL,0.0000
5308670,46.39088,-119.99581,0.333,0.0048,LL,0.0000
5308760,47.39378,-121.92490,0.333,0.0048,LL,0.0000
5308820,46.83344,-122.79532,0.333,0.0048,LL,0.0000
5308970,46.22728,-120.43338,0.333,0.0048,LL,0.0000
5309100,46.95734,-122.97338,0.333,0.0048,LL,0.0000
5309150,46.55443,-120.49207,0.333,0.0048,LL,0.0000
5309180,47.21566,-122.55355,0.333,0.0048,LL,0.0000
5309330,46.27244,-123.36538,0.333,0.0048,LL,0.0000
5309360,46.72984,-119.71603,0.333,0.0048,LL,0.0000
5309480,46.45580,-120.53914,0.333,0.0048,LL,0.0000
5309660,47.38404,-120.35236,0.333,0.0048,LL,0.0000
5309690,47.69401,-117.27878,0.333,0.0048,LL,0.0000
5309720,46.54119,-121.01717,0.333,0.0048,LL,0.0000
5309780,47.05588,-121.72767,0.333,0.0048,LL,0.0000
5310110,46.58931,-120.52706,0.333,0.0048,LL,0.0000
5310140,46.86948,-122.51464,0.333,0.0048,LL,0.0000
5310170,46.44976,-120.23427,0.333,0.0048,LL,0.0000
5500013,43.09125,-88.38392,1.000,0.5819,HH,0.0000
5500016,44.28474,-91.17440,1.000,0.3438,HH,0.0000
5500017,42.92504,-90.95914,1.000,0.5819,HH,0.0000
5500030,44.96753,-90.28227,1.000,0.5819,HH,0.0000
5500052,42.51627,-88.16214,1.000,0.5819,HH,0.0000
5500058,45.92820,-90.20135,1.000,0.5819,HH,0.0000
5500060,43.97479,-89.78572,1.000,0.5819,HH,0.0000
5500061,45.31378,-91.57163,0.333,0.0192,LL,0.0000
5500075,43.35157,-88.48799,1.000,0.5819,HH,0.0000
5500150,44.62433,-87.49568,1.000,0.5819,HH,0.0000
5500210,44.48606,-90.90938,1.000,0.4232,HH,0.0000
5500270,44.79987,-91.40083,0.333,0.0048,LL,0.0000
5500300,45.32022,-92.39985,-0.333,0.8126,LL,0.0000
5500390,44.27941,-88.41256,1.000,0.5819,HH,0.0000
5500420,44.24858,-91.53100,0.333,-0.0096,LH,0.0000
5500540,44.48674,-88.08562,1.000,0.5819,HH,0.0000
5500600,44.60748,-89.97934,1.000,0.5819,HH,0.0000
5500720,44.95641,-92.31827,-0.333,0.8126,LL,0.0000
5500750,45.49058,-92.43549,-0.333,0.8126,LL,0.0000
5500780,43.91066,-90.96157,1.000,0.5819,HH,0.0000
5500810,43.47828,-89.74593,1.000,0.5819,HH,0.0000
5500840,42.98427,-89.91403,1.000,0.5819,HH,0.0000
5500870,45.34600,-91.87061,-0.333,0.6251,LL,0.0000
5500960,43.46393,-88.84319,1.000,0.5819,HH,0.0000
5500990,42.86271,-89.52567,1.000,0.5819,HH,0.0000
5501020,42.74536,-90.30524,1.000,0.5819,HH,0.0000
5501050,42.52203,-89.02030,1.000,0.5819,HH,0.0000
5501080,42.56901,-89.08967,1.000,0.5819,HH,0.0000
5501140,43.99772,-88.96680,1.000,0.5819,HH,0.0000
5501230,43.15272,-89.75375,1.000,0.5819,HH,0.0000
5501260,44.28768,-90.77256,1.000,0.5819,HH,0.0000
5501310,42.82499,-89.90329,1.000,0.5819,HH,0.0000
5501350,45.11487,-91.49150,0.333,0.0048,LL,0.0000
5501470,44.70066,-88.45694,1.000,0.5819,HH,0.0000
5501500,43.14140,-90.72183,1.000,0.5819,HH,0.0000
5501590,45.07319,-91.99091,-0.333,0.8126,LL,0.0000
5501680,44.18430,-88.07889,1.000,0.5819,HH,0.0000
5501710,42.53604,-88.00528,1.000,0.5819,HH,0.0000
5501740,42.59181,-89.38586,1.000,0.5819,HH,0.0000
5501770,43.06241,-88.11995,1.000,0.5819,HH,0.0000
5501800,43.17433,-87.97496,1.000,0.5819,HH,0.0000
5501830,45.51991,-91.28952,0.333,0.0048,LL,0.0000
5501890,42.67836,-88.26631,1.000,0.5819,HH,0.0000
5502040,44.96998,-91.14949,1.000,0.2645,HH,0.0000
5502100,42.98441,-89.02884,1.000,0.5819,HH,0.0000
5502130,45.41270,-91.67425,0.333,0.0409,LL,0.0000
5502160,43.66324,-88.27127,1.000,0.5819,HH,0.0000
5502340,43.76551,-90.79396,1.000,0.5819,HH,0.0000
5502430,43.55096,-87.83900,1.000,0.5819,HH,0.0000
5502460,43.31593,-88.01539,1.000,0.5819,HH,0.0000
5502520,44.02608,-88.17631,1.000,0.5819,HH,0.0000
5502550,44.96973,-91.39194,0.333,0.0048,LL,0.0000
5502610,45.22860,-92.23010,-0.333,0.8126,LL,0.0000
5502640,42.57758,-88.87708,1.000,0.5819,HH,0.0000
5502670,44.59954,-88.72892,1.000,0.5819,HH,0.0000
5502700,44.18182,-91.71402,-0.333,0.2500,LL,0.0000
5502730,44.91152,-90.31316,1.000,0.5819,HH,0.0000
5502760,45.10663,-88.09072,1.000,0.5819,HH,0.0000
5502790,45.06192,-91.74850,-0.333,0.4376,LL,0.0000
5502820,43.32670,-89.05715,1.000,0.5819,HH,0.0000
5502880,45.14376,-91.15370,1.000,0.2645,HH,0.0000
5502910,45.73402,-88.88458,1.000,0.5819,HH,0.0000
5502970,45.28078,-88.08016,1.000,0.5819,HH,0.0000
5503030,42.62097,-90.49444,1.000,0.5819,HH,0.0000
5503060,42.94671,-87.86402,1.000,0.5819,HH,0.0000
5503090,45.56665,-92.04724,-0.333,0.7189,LL,0.0000
5503150,42.70077,-90.08854,1.000,0.5819,HH,0.0000
5503180,43.25194,-89.32447,1.000,0.5819,HH,0.0000
5503210,44.37884,-88.01872,1.000,0.5819,HH,0.0000
5503240,43.48422,-91.13624,1.000,0.5025,HH,0.0000
5503270,43.06524,-89.08295,1.000,0.5819,HH,0.0000
5503510,43.00084,-88.43340,1.000,0.5819,HH,0.0000
5503640,42.63025,-88.69548,1.000,0.5819,HH,0.0000
5503660,44.35580,-87.82939,1.000,0.5819,HH,0.0000
5503690,43.00868,-90.12331,1.000,0.5819,HH,0.0000
5503840,44.61287,-91.92461,-0.333,0.5313,LL,0.0000
5503860,46.01732,-89.36327,1.000,0.5819,HH,0.0000
5504020,42.78800,-88.42469,1.000,0.5819,HH,0.0000
5504050,44.75198,-91.51500,0.333,0.0264,LL,0.0000
5504080,44.91195,-89.98236,1.000,0.5819,HH,0.0000
5504110,42.83932,-89.09299,1.000,0.5819,HH,0.0000
5504200,44.55492,-91.42539,0.333,-0.0024,LH,0.0000
5504230,44.84604,-91.70110,-0.333,0.3438,LL,0.0000
5504260,43.83259,-88.04367,1.000,0.5819,HH,0.0000
5504290,42.70105,-88.53236,1.000,0.5819,HH,0.0000
5504320,44.67800,-92.45267,-0.333,0.8126,LL,0.0000
5504380,43.78016,-90.31808,1.000,0.5819,HH,0.0000
5504440,42.76123,-89.26786,1.000,0.5819,HH,0.0000
5504500,44.78078,-91.26500,0.333,-0.0096,LH,0.0000
5504530,43.41742,-89.05550,1.000,0.5819,HH,0.0000
5504590,42.97797,-90.63712,1.000,0.5819,HH,0.0000
5504620,45.96877,-89.87901,1.000,0.5819,HH,0.0000
5504650,45.87183,-88.40699,1.000,0.5819,HH,0.0000
5504680,43.77402,-88.39183,1.000,0.5819,HH,0.0000
5504740,42.91239,-88.85666,1.000,0.5819,HH,0.0000
5504770,43.17348,-87.93385,1.000,0.5819,HH,0.0000
5504800,43.16548,-87.89752,1.000,0.5819,HH,0.0000
5504830,42.88506,-88.01595,1.000,0.5819,HH,0.0000
5504860,45.68679,-92.38740,-0.333,0.8126,LL,0.0000
5504920,44.38226,-88.30736,1.000,0.5819,HH,0.0000
5504960,44.09799,-91.34577,0.333,-0.0240,LH,0.0000
5505130,42.52700,-88.35134,1.000,0.5819,HH,0.0000
5505160,43.24338,-88.14973,1.000,0.5819,HH,0.0000
5505220,45.17576,-87.17243,1.000,0.5819,HH,0.0000
5505280,45.22068,-90.74307,1.000,0.5025,HH,0.0000
5505460,43.13048,-87.92779,1.000,0.5819,HH,0.0000
5505520,45.06749,-92.20883,-0.333,0.8126,LL,0.0000
5505610,43.32230,-87.92759,1.000,0.5819,HH,0.0000
5505670,45.76472,-92.66427,-0.333,0.8126,LL,0.0000
5505730,42.57126,-89.93144,1.000,0.5819,HH,0.0000
5505820,44.51348,-87.94164,1.000,0.5819,HH,0.0000
5505910,42.93999,-88.00086,1.000,0.5819,HH,0.0000
5505940,42.95952,-87.98094,1.000,0.5819,HH,0.0000
5505970,44.76335,-90.66921,1.000,0.5819,HH,0.0000
5506000,42.95063,-88.05095,1.000,0.5819,HH,0.0000
5506030,43.13982,-88.19445,1.000,0.5819,HH,0.0000
5506060,44.98057,-92.50367,-0.333,0.8126,LL,0.0000
5506090,43.30875,-88.38219,1.000,0.5819,HH,0.0000
5506140,43.08619,-88.33620,1.000,0.5819,HH,0.0000
5506300,42.54595,-90.53535,1.000,0.5819,HH,0.0000
5506480,43.63315,-90.42569,1.000,0.5819,HH,0.0000
5506540,43.97652,-91.26124,1.000,0.3438,HH,0.0000
5506570,43.45720,-88.65263,1.000,0.5819,HH,0.0000
5506600,44.32644,-88.55932,1.000,0.5819,HH,0.0000
5506630,44.61142,-88.07464,1.000,0.5819,HH,0.0000
5506660,43.85560,-87.83182,1.000,0.5819,HH,0.0000
5506690,44.99628,-92.70393,-0.333,0.8126,LL,0.0000
5506840,44.53111,-89.13052,1.000,0.5819,HH,0.0000
5506870,42.93657,-90.41547,1.000,0.5819,HH,0.0000
5507020,42.65938,-89.03414,1.000,0.5819,HH,0.0000
5507050,43.00017,-88.75315,1.000,0.5819,HH,0.0000
5507170,43.09007,-88.72519,1.000,0.5819,HH,0.0000
5507260,43.35426,-88.76013,1.000,0.5819,HH,0.0000
5507290,44.25550,-88.25110,1.000,0.5819,HH,0.0000
5507320,42.58038,-87.88342,1.000,0.5819,HH,0.0000
5507380,43.53052,-88.20929,1.000,0.5819,HH,0.0000
5507410,44.42464,-87.58825,1.000,0.5819,HH,0.0000
5507440,43.91897,-87.92993,1.000,0.5819,HH,0.0000
5507470,44.24193,-88.33249,1.000,0.5819,HH,0.0000
5507500,43.72313,-87.78701,1.000,0.5819,HH,0.0000
5507590,45.50261,-91.11419,0.333,-0.0096,LH,0.0000
5507620,42.60038,-88.40183,1.000,0.5819,HH,0.0000
5507770,42.84620,-90.75217,1.000,0.5819,HH,0.0000
5507860,44.95457,-88.03340,1.000,0.5819,HH,0.0000
5508130,43.11257,-88.27029,1.000,0.5819,HH,0.0000
5508160,44.28432,-88.31659,1.000,0.5819,HH,0.0000
5508190,43.30888,-89.53161,1.000,0.5819,HH,0.0000
5508220,43.57369,-88.44687,1.000,0.5819,HH,0.0000
5508250,44.74778,-90.46641,1.000,0.5819,HH,0.0000
5508340,44.56008,-87.70446,1.000,0.5819,HH,0.0000
5508520,43.06966,-89.39420,1.000,0.5819,HH,0.0000
5508550,44.48654,-88.93041,1.000,0.5819,HH,0.0000
5508610,44.08277,-87.71395,1.000,0.5819,HH,0.0000
5508640,46.56114,-91.67875,0.333,0.0625,LL,0.0000
5508670,44.92575,-89.83502,1.000,0.5819,HH,0.0000
5508700,45.12022,-87.73519,1.000,0.5819,HH,0.0000
5508730,44.67194,-88.91299,1.000,0.5819,HH,0.0000
5508760,43.71255,-89.04349,1.000,0.5819,HH,0.0000
5508790,43.13861,-89.08334,1.000,0.5819,HH,0.0000
5508820,44.63725,-90.19521,1.000,0.5819,HH,0.0000
5508880,43.52610,-88.56191,1.000,0.5819,HH,0.0000
5509000,44.09306,-91.05140,1.000,0.5025,HH,0.0000
5509030,44.21906,-88.43309,1.000,0.5819,HH,0.0000
5509060,43.16058,-88.11034,1.000,0.5819,HH,0.0000
5509070,44.99130,-88.66925,1.000,0.5819,HH,0.0000
5509090,44.86254,-91.93455,-0.333,0.7189,LL,0.0000
5509130,43.23492,-87.98266,1.000,0.5819,HH,0.0000
5509240,43.12300,-88.35711,1.000,0.5819,HH,0.0000
5509300,43.17837,-88.35565,1.000,0.5819,HH,0.0000
5509360,43.15662,-88.29938,1.000,0.5819,HH,0.0000
5509390,43.15444,-88.40617,1.000,0.5819,HH,0.0000
5509510,43.11470,-89.58264,1.000,0.5819,HH,0.0000
5509570,42.75012,-88.92571,1.000,0.5819,HH,0.0000
5509660,42.85107,-90.14973,1.000,0.5819,HH,0.0000
5509690,45.79126,-89.83505,1.000,0.5819,HH,0.0000
5509720,46.19495,-91.79856,-0.333,0.7189,LL,0.0000
5509780,44.57575,-91.68129,0.333,0.0192,LL,0.0000
5509840,42.60028,-89.67513,1.000,0.5819,HH,0.0000
5509870,43.74941,-89.32305,1.000,0.5819,HH,0.0000
5509960,44.76682,-89.68447,1.000,0.5819,HH,0.0000
5509990,42.98217,-89.73482,1.000,0.5819,HH,0.0000
5510060,42.90321,-88.32749,1.000,0.5819,HH,0.0000
5510140,43.19744,-90.47478,1.000,0.5819,HH,0.0000
5510170,42.87136,-88.13432,1.000,0.5819,HH,0.0000
5510230,44.09492,-90.12636,1.000,0.5819,HH,0.0000
5510320,44.18603,-88.52194,1.000,0.5819,HH,0.0000
5510380,44.21970,-89.89692,1.000,0.5819,HH,0.0000
5510470,42.97273,-88.13098,1.000,0.5819,HH,0.0000
5510500,42.83106,-89.67941,1.000,0.5819,HH,0.0000
5510530,43.90071,-88.18574,1.000,0.5819,HH,0.0000
5510560,43.89810,-90.20070,1.000,0.5819,HH,0.0000
5510590,44.36634,-88.74922,1.000,0.5819,HH,0.0000
5510620,45.12486,-92.48983,-0.333,0.8126,LL,0.0000
5510740,43.82842,-88.51379,1.000,0.5819,HH,0.0000
5510770,43.78898,-90.57742,1.000,0.5819,HH,0.0000
5510830,42.87951,-87.90768,1.000,0.5819,HH,0.0000
5510860,43.69184,-88.55132,1.000,0.5819,HH,0.0000
5510890,43.13639,-88.50981,1.000,0.5819,HH,0.0000
5510920,44.86927,-87.93759,1.000,0.5819,HH,0.0000
5510950,44.86531,-88.13690,1.000,0.5819,HH,0.0000
5510980,44.02685,-88.76024,1.000,0.5819,HH,0.0000
5511010,43.88630,-91.19689,1.000,0.4232,HH,0.0000
5511070,43.64140,-87.84521,1.000,0.5819,HH,0.0000
5511130,42.61356,-89.22098,1.000,0.5819,HH,0.0000
5511160,45.27485,-92.64176,-0.333,0.8126,LL,0.0000
5511190,43.98040,-88.58247,1.000,0.5819,HH,0.0000
5511220,44.69538,-90.94648,1.000,0.4232,HH,0.0000
5511310,44.96988,-90.57811,1.000,0.5819,HH,0.0000
5511350,42.89217,-88.56501,1.000,0.5819,HH,0.0000
5511370,43.55952,-89.28906,1.000,0.5819,HH,0.0000
5511400,42.61663,-88.01322,1.000,0.5819,HH,0.0000
5511610,45.03822,-87.80293,1.000,0.5819,HH,0.0000
5511640,43.08102,-88.24510,1.000,0.5819,HH,0.0000
5511790,44.39351,-90.27687,1.000,0.5819,HH,0.0000
5511820,44.19290,-89.53796,1.000,0.5819,HH,0.0000
5511850,42.74416,-90.51822,1.000,0.5819,HH,0.0000
5511940,43.73586,-88.03355,1.000,0.5819,HH,0.0000
5511970,44.35352,-89.96952,1.000,0.5819,HH,0.0000
5512000,43.40900,-87.89607,1.000,0.5819,HH,0.0000
5512060,43.57076,-89.51412,1.000,0.5819,HH,0.0000
5512120,43.39063,-89.39215,1.000,0.5819,HH,0.0000
5512150,43.10159,-91.10202,1.000,0.5819,HH,0.0000
5512240,44.74578,-92.68935,-0.333,0.8126,LL,0.0000
5512330,44.67660,-88.22212,1.000,0.5819,HH,0.0000
5512360,42.74734,-87.86968,1.000,0.5819,HH,0.0000
5512390,42.54192,-88.27214,1.000,0.5819,HH,0.0000
5512450,43.56452,-87.99097,1.000,0.5819,HH,0.0000
5512540,43.48833,-90.64290,1.000,0.5819,HH,0.0000
5512660,43.51798,-90.00663,1.000,0.5819,HH,0.0000
5512690,44.18284,-87.91083,1.000,0.5819,HH,0.0000
5512720,45.63524,-89.46410,1.000,0.5819,HH,0.0000
5512810,45.55937,-91.71738,-0.333,0.5313,LL,0.0000
5512960,43.37384,-90.46563,1.000,0.5819,HH,0.0000
5512990,43.43060,-89.21250,1.000,0.5819,HH,0.0000
5513050,44.85974,-92.58954,-0.333,0.8126,LL,0.0000
5513100,43.78759,-88.66349,1.000,0.5819,HH,0.0000
5513140,44.65291,-89.33798,1.000,0.5819,HH,0.0000
5513170,44.91684,-89.47188,1.000,0.5819,HH,0.0000
5513230,45.50577,-92.66213,-0.333,0.8126,LL,0.0000
5513260,42.97097,-87.87170,1.000,0.5819,HH,0.0000
5513350,42.54043,-88.08610,1.000,0.5819,HH,0.0000
5513410,43.29934,-89.78698,1.000,0.5819,HH,0.0000
5513500,44.92989,-87.28307,1.000,0.5819,HH,0.0000
5513530,44.51062,-88.35638,1.000,0.5819,HH,0.0000
5513620,44.76914,-88.62514,1.000,0.5819,HH,0.0000
5513650,43.79039,-87.74700,1.000,0.5819,HH,0.0000
5513680,43.72124,-87.87033,1.000,0.5819,HH,0.0000
5513710,45.71771,-91.98416,-0.333,0.7189,LL,0.0000
5513770,44.47129,-88.56552,1.000,0.5819,HH,0.0000
5513800,43.09134,-87.88665,1.000,0.5819,HH,0.0000
5513860,42.54286,-88.14630,1.000,0.5819,HH,0.0000
5513950,43.36558,-88.28878,1.000,0.5819,HH,0.0000
5513980,46.37554,-91.84415,-0.333,0.7189,LL,0.0000
5514040,42.91264,-87.86231,1.000,0.5819,HH,0.0000
5514130,44.78023,-87.52952,1.000,0.5819,HH,0.0000
5514160,44.00259,-90.78058,1.000,0.5819,HH,0.0000
5514190,44.75601,-90.28559,1.000,0.5819,HH,0.0000
5514220,45.90647,-91.86579,-0.333,0.7189,LL,0.0000
5514340,44.84164,-92.25061,-0.333,0.8126,LL,0.0000
5514430,44.96237,-90.95332,1.000,0.5025,HH,0.0000
5514490,44.54294,-89.60343,1.000,0.5819,HH,0.0000
5514550,42.92826,-89.21524,1.000,0.5819,HH,0.0000
5514580,44.81216,-90.07061,1.000,0.5819,HH,0.0000
5514610,44.82858,-87.36631,1.000,0.5819,HH,0.0000
5514640,43.18661,-89.20693,1.000,0.5819,HH,0.0000
5514670,46.52599,-92.11621,-0.333,0.7189,LL,0.0000
5514820,44.91703,-90.79144,1.000,0.5819,HH,0.0000
5514850,45.75423,-89.21376,1.000,0.5819,HH,0.0000
5514910,44.06362,-90.42936,1.000,0.5819,HH,0.0000
5514940,45.50453,-89.74646,1.000,0.5819,HH,0.0000
5514970,45.48074,-90.85857,1.000,0.4232,HH,0.0000
5515060,45.42274,-92.14403,-0.333,0.8126,LL,0.0000
5515090,42.51669,-88.25597,1.000,0.5819,HH,0.0000
5515180,42.68693,-88.04870,1.000,0.5819,HH,0.0000
5515330,42.97892,-89.53712,1.000,0.5819,HH,0.0000
5515360,43.53459,-90.94757,1.000,0.5025,HH,0.0000
5515390,45.40995,-88.54873,1.000,0.5819,HH,0.0000
5515450,42.51853,-88.62841,1.000,0.5819,HH,0.0000
5515660,42.77142,-88.22604,1.000,0.5819,HH,0.0000
5515720,43.21223,-88.93326,1.000,0.5819,HH,0.0000
5515780,42.99494,-88.25793,1.000,0.5819,HH,0.0000
5515810,43.18913,-89.45602,1.000,0.5819,HH,0.0000
5515840,44.34303,-89.13684,1.000,0.5819,HH,0.0000
5515870,43.62654,-88.78808,1.000,0.5819,HH,0.0000
5515900,45.02382,-89.63028,1.000,0.5819,HH,0.0000
5515960,44.05054,-89.26497,1.000,0.5819,HH,0.0000
5515990,43.06316,-88.03558,1.000,0.5819,HH,0.0000
5516230,46.06208,-92.24727,-0.333,0.8126,LL,0.0000
5516260,43.00543,-88.02780,1.000,0.5819,HH,0.0000
5516290,43.39065,-88.15000,1.000,0.5819,HH,0.0000
5516320,44.43848,-88.14571,1.000,0.5819,HH,0.0000
5516350,43.86885,-91.09040,1.000,0.5819,HH,0.0000
5516410,43.68605,-90.95026,1.000,0.5819,HH,0.0000
5516440,43.90360,-89.46146,1.000,0.5819,HH,0.0000
5516500,44.26112,-88.92073,1.000,0.5819,HH,0.0000
5516560,42.57994,-88.23005,1.000,0.5819,HH,0.0000
5516620,43.11314,-87.90048,1.000,0.5819,HH,0.0000
5516650,44.42175,-91.24359,1.000,0.2645,HH,0.0000
5516680,42.77624,-88.73284,1.000,0.5819,HH,0.0000
5516710,44.18441,-89.17933,1.000,0.5819,HH,0.0000
5516740,42.59223,-88.54575,1.000,0.5819,HH,0.0000
5516830,44.15179,-88.69695,1.000,0.5819,HH,0.0000
5517040,43.67142,-89.74813,1.000,0.5819,HH,0.0000
5517070,44.41641,-89.80678,1.000,0.5819,HH,0.0000
5517100,44.84541,-89.23437,1.000,0.5819,HH,0.0000
5517160,45.92851,-89.66703,1.000,0.5819,HH,0.0000
5517190,44.31034,-88.10900,1.000,0.5819,HH,0.0000
5600730,41.66551,-105.72188,-0.333,0.8126,LL,0.0000
5600960,43.00703,-108.54883,0.333,0.0048,LL,0.0000
5601030,41.67014,-107.34734,0.333,0.0264,LL,0.0000
5601260,42.47021,-110.20651,0.333,0.0048,LL,0.0000
5601420,44.65117,-108.48263,0.333,0.0192,LL,0.0000
5601460,44.86451,-108.13685,0.333,0.0192,LL,0.0000
5601470,44.18969,-105.52614,-0.333,1.1877,LL,0.0000
5601700,41.69693,-106.56690,-0.333,0.6251,LL,0.0000
5601980,41.32147,-104.93616,-0.333,1.1877,LL,0.0000
5602070,44.34915,-109.47256,0.333,0.0048,LL,0.0000
5602140,42.90719,-105.33697,-0.333,1.0939,LL,0.0000
5602150,43.01068,-105.86153,-0.333,1.0002,LL,0.0000
5602370,44.58927,-104.56730,-1.000,2.8250,LL,0.0000
5602760,41.28116,-110.80107,0.333,0.0048,LL,0.0000
5602830,43.33678,-109.11469,0.333,0.0048,LL,0.0000
5602870,42.55109,-108.37431,0.333,0.0048,LL,0.0000
5602990,42.07239,-104.33489,-1.000,2.4644,LL,0.0000
5603170,44.58582,-107.93956,0.333,0.0264,LL,0.0000
5603310,43.72021,-108.43508,0.333,0.0048,LL,0.0000
5603770,44.04405,-106.58854,-0.333,0.5313,LL,0.0000
5604030,41.92586,-110.50625,0.333,0.0048,LL,0.0000
5604060,42.59374,-110.83076,0.333,0.0048,LL,0.0000
5604120,41.27919,-104.32062,-0.333,1.3752,LL,0.0000
5604230,43.03647,-104.45551,-1.000,2.4644,LL,0.0000
5604260,41.40088,-110.19005,0.333,0.0048,LL,0.0000
5604450,42.94602,-108.71420,0.333,0.0048,LL,0.0000
5604500,41.21892,-110.34557,0.333,0.0048,LL,0.0000
5604510,42.97764,-106.76822,-0.333,0.4376,LL,0.0000
5604830,43.74610,-104.44997,-1.000,2.8250,LL,0.0000
5604860,42.86970,-109.77277,0.333,0.0048,LL,0.0000
5605090,42.08453,-104.99223,-0.333,1.1877,LL,0.0000
5605160,44.90707,-109.64021,0.333,0.0048,LL,0.0000
5605220,42.94335,-108.14969,0.333,0.0120,LL,0.0000
5605302,41.83471,-108.54583,0.333,0.0048,LL,0.0000
5605690,44.80716,-107.38714,-0.333,0.3438,LL,0.0000
5605695,44.79541,-106.83112,-0.333,0.3438,LL,0.0000
5605762,41.37757,-109.37659,0.333,0.0048,LL,0.0000
5606240,43.98568,-108.04882,0.333,0.0120,LL,0.0000
