Date,Year,Month,Week,Day_Of_Week,Day_Name,Is_Weekend,Special_Event,Is_Special_Event,Is_OSU_Football,Group_Rooms_On_Books,Group_Events_Inhouse,Transient_Rooms_Available,Transient_Demand_Unconstrained,Transient_Rooms_Sold,Transient_Rooms_Turned_Away,Transient_ADR,Transient_Occ_Of_Available,Transient_Revenue,Total_Rooms_Sold,Total_Occupancy_Pct,Transient_RevPAR,Displacement_Cost_Per_Room,Displacement_Pressure,Demand_Tier,Market_Occ_Pct,Market_ADR,Market_RevPAR,Transient_Pace_7d,Transient_Pace_14d,Transient_Pace_30d,Pace_Index
2023-01-01,2023,1,52,6,Sunday,1,,0,0,73,1,147,63,63,0,129.72,42.9,8172.36,136,61.8,37.15,129.72,Low,Soft,57.6,118.06,68.0,63.0,63.0,63.0,1.0
2023-01-02,2023,1,1,0,Monday,0,,0,0,165,2,55,111,55,56,152.44,100.0,8384.2,220,100.0,38.11,152.44,High,Low,92.5,139.27,128.82,59.0,59.0,59.0,1.0
2023-01-03,2023,1,1,1,Tuesday,0,,0,0,220,3,0,141,0,141,163.58,0.0,0.0,220,100.0,0.0,163.58,Sold Out,Moderate,92.7,149.25,138.35,39.3,39.3,39.3,1.0
2023-01-04,2023,1,1,2,Wednesday,0,,0,0,220,3,0,144,0,144,160.12,0.0,0.0,220,100.0,0.0,160.12,Sold Out,Moderate,92.8,153.57,142.51,29.5,29.5,29.5,1.0
2023-01-05,2023,1,1,3,Thursday,0,,0,0,92,2,128,109,109,0,141.95,85.2,15472.55,201,91.4,70.33,141.95,Low,Low,85.9,126.4,108.58,45.4,45.4,45.4,1.0
2023-01-06,2023,1,1,4,Friday,0,,0,0,59,1,161,85,85,0,139.83,52.8,11885.55,144,65.5,54.03,139.83,Low,Low,60.5,127.99,77.43,52.0,52.0,52.0,1.0
2023-01-07,2023,1,1,5,Saturday,1,,0,0,59,1,161,79,79,0,150.32,49.1,11875.28,138,62.7,53.98,150.32,Low,Low,58.0,132.74,76.99,55.9,55.9,55.9,1.0
2023-01-08,2023,1,1,6,Sunday,1,,0,0,187,3,33,64,33,31,151.67,100.0,5005.11,220,100.0,22.75,151.67,High,Soft,93.3,144.4,134.73,51.6,53.0,53.0,0.974
2023-01-09,2023,1,2,0,Monday,0,,0,0,220,6,0,115,0,115,158.23,0.0,0.0,220,100.0,0.0,158.23,Sold Out,Moderate,93.0,148.23,137.85,43.7,47.1,47.1,0.928
2023-01-10,2023,1,2,1,Tuesday,0,,0,0,165,2,55,119,55,64,153.31,100.0,8432.05,220,100.0,38.33,153.31,High,Moderate,95.8,136.39,130.66,51.6,47.9,47.9,1.077
2023-01-11,2023,1,2,2,Wednesday,0,,0,0,0,0,220,130,130,0,145.22,59.1,18878.6,130,59.1,85.81,145.22,Low,Moderate,55.8,139.38,77.77,70.1,55.4,55.4,1.265
2023-01-12,2023,1,2,3,Thursday,0,,0,0,33,1,187,126,126,0,148.52,67.4,18713.52,159,72.3,85.06,148.52,Low,Moderate,69.8,137.25,95.8,72.6,61.2,61.2,1.186
2023-01-13,2023,1,2,4,Friday,0,,0,0,36,1,184,87,87,0,138.96,47.3,12089.52,123,55.9,54.95,138.96,Low,Low,53.7,124.16,66.67,72.9,63.2,63.2,1.153
2023-01-14,2023,1,2,5,Saturday,1,,0,0,90,2,130,93,93,0,141.96,71.5,13202.28,183,83.2,60.01,141.96,Low,Low,77.6,134.53,104.4,74.9,65.4,65.4,1.145
2023-01-15,2023,1,2,6,Sunday,1,,0,0,122,2,98,54,54,0,134.55,55.1,7265.7,176,80.0,33.03,134.55,Low,Soft,76.3,123.63,94.33,77.9,64.7,64.6,1.206
2023-01-16,2023,1,3,0,Monday,0,,0,0,0,0,220,129,129,0,138.63,58.6,17883.27,129,58.6,81.29,138.63,Low,Moderate,56.1,131.76,73.92,96.3,70.0,68.6,1.404
2023-01-17,2023,1,3,1,Tuesday,0,,0,0,0,0,220,138,138,0,149.87,62.7,20682.06,138,62.7,94.01,149.87,Low,Moderate,58.6,144.8,84.85,108.1,79.9,72.7,1.487
2023-01-18,2023,1,3,2,Wednesday,0,,0,0,48,1,172,141,141,0,154.27,82.0,21752.07,189,85.9,98.87,154.27,Low,Moderate,80.1,140.15,112.26,109.7,89.9,76.5,1.434
2023-01-19,2023,1,3,3,Thursday,0,,0,0,48,1,172,130,130,0,151.19,75.6,19654.7,178,80.9,89.34,151.19,Low,Moderate,76.5,139.4,106.64,110.3,91.4,79.3,1.391
2023-01-20,2023,1,3,4,Friday,0,,0,0,0,0,220,91,91,0,140.53,41.4,12788.23,91,41.4,58.13,140.53,Low,Low,39.9,134.31,53.59,110.9,91.9,79.9,1.388
2023-01-21,2023,1,3,5,Saturday,1,,0,0,83,1,137,99,99,0,141.6,72.3,14018.4,182,82.7,63.72,141.6,Low,Low,76.3,128.22,97.83,111.7,93.3,80.8,1.382
2023-01-22,2023,1,3,6,Sunday,1,,0,0,83,1,137,57,57,0,123.48,41.6,7038.36,140,63.6,31.99,123.48,Low,Soft,61.6,118.13,72.77,112.1,95.0,79.7,1.407
2023-01-23,2023,1,4,0,Monday,0,,0,0,76,3,144,114,114,0,136.91,79.2,15607.74,190,86.4,70.94,136.91,Low,Low,80.4,125.18,100.64,110.0,103.1,81.2,1.355
2023-01-24,2023,1,4,1,Tuesday,0,,0,0,63,2,157,131,131,0,165.22,83.4,21643.82,194,88.2,98.38,165.22,Low,Moderate,81.4,150.78,122.73,109.0,108.6,83.3,1.309
2023-01-25,2023,1,4,2,Wednesday,0,,0,0,0,0,220,131,131,0,148.91,59.5,19507.21,131,59.5,88.67,148.91,Low,Moderate,55.0,144.28,79.35,107.6,108.6,85.2,1.263
2023-01-26,2023,1,4,3,Thursday,0,,0,0,15,1,205,107,107,0,152.43,52.2,16310.01,122,55.5,74.14,152.43,Low,Low,52.6,145.56,76.56,104.3,107.3,86.0,1.213
2023-01-27,2023,1,4,4,Friday,0,,0,0,15,1,205,96,96,0,143.21,46.8,13748.16,111,50.5,62.49,143.21,Low,Low,46.5,127.14,59.12,105.0,107.9,86.4,1.215
2023-01-28,2023,1,4,5,Saturday,1,,0,0,0,0,220,94,94,0,146.18,42.7,13740.92,94,42.7,62.46,146.18,Low,Low,39.6,133.59,52.9,104.3,108.0,86.7,1.203
2023-01-29,2023,1,4,6,Sunday,1,,0,0,58,2,162,53,53,0,137.09,32.7,7265.77,111,50.5,33.03,137.09,Low,Soft,48.2,128.53,61.95,103.7,107.9,85.5,1.213
2023-01-30,2023,1,5,0,Monday,0,,0,0,160,2,60,124,60,64,144.95,100.0,8697.0,220,100.0,39.53,144.95,High,Moderate,96.2,134.28,129.18,96.0,103.0,84.7,1.133
2023-01-31,2023,1,5,1,Tuesday,0,,0,0,136,2,84,125,84,41,160.7,100.0,13498.8,220,100.0,61.36,160.7,High,Moderate,96.9,145.08,140.58,89.3,99.1,85.4,1.046
2023-02-01,2023,2,5,2,Wednesday,0,,0,0,154,3,66,161,66,95,172.93,100.0,11413.38,220,100.0,51.88,172.93,High,High,95.4,152.88,145.85,80.0,93.8,85.7,0.933
2023-02-02,2023,2,5,3,Thursday,0,,0,0,23,1,197,121,121,0,151.88,61.4,18377.48,144,65.5,83.53,151.88,Low,Moderate,62.2,136.61,84.97,82.0,93.1,89.8,0.913
2023-02-03,2023,2,5,4,Friday,0,,0,0,11,1,209,114,114,0,145.0,54.5,16530.0,125,56.8,75.14,145.0,Low,Low,54.7,132.68,72.58,84.6,94.8,93.6,0.904
2023-02-04,2023,2,5,5,Saturday,1,,0,0,118,2,102,109,102,7,164.57,100.0,16786.14,220,100.0,76.3,164.57,Low,Low,94.8,152.43,144.5,85.7,95.0,93.3,0.919
2023-02-05,2023,2,5,6,Sunday,1,,0,0,46,1,174,68,68,0,135.38,39.1,9205.84,114,51.8,41.84,135.38,Low,Soft,50.2,119.53,60.0,87.9,95.8,92.8,0.947
2023-02-06,2023,2,6,0,Monday,0,,0,0,82,2,138,143,138,5,156.04,100.0,21533.52,220,100.0,97.88,156.04,Low,Moderate,96.5,143.48,138.46,99.0,97.5,94.7,1.045
2023-02-07,2023,2,6,1,Tuesday,0,,0,0,0,0,220,157,157,0,151.51,71.4,23787.07,157,71.4,108.12,151.51,Low,Moderate,66.9,136.44,91.28,109.4,99.4,98.9,1.106
2023-02-08,2023,2,6,2,Wednesday,0,,0,0,0,0,220,163,163,0,155.36,74.1,25323.68,163,74.1,115.11,155.36,Low,High,71.3,150.47,107.29,123.3,101.6,104.3,1.182
2023-02-09,2023,2,6,3,Thursday,0,,0,0,130,2,90,134,90,44,155.59,100.0,14003.1,220,100.0,63.65,155.59,High,Moderate,95.0,142.68,135.55,118.9,100.4,105.5,1.127
2023-02-10,2023,2,6,4,Friday,0,,0,0,100,1,120,111,111,0,157.51,92.5,17483.61,211,95.9,79.47,157.51,Low,Low,88.5,151.63,134.19,118.4,101.5,104.8,1.13
2023-02-11,2023,2,6,5,Saturday,1,,0,0,166,3,54,97,54,43,163.48,100.0,8827.92,220,100.0,40.13,163.48,High,Low,95.5,149.85,143.11,111.6,98.6,102.4,1.09
2023-02-12,2023,2,6,6,Sunday,1,,0,0,84,2,136,69,69,0,136.43,50.7,9413.67,153,69.5,42.79,136.43,Low,Soft,66.7,127.49,85.04,111.7,99.8,101.8,1.097
2023-02-13,2023,2,7,0,Monday,0,,0,0,18,1,202,134,134,0,135.52,66.3,18159.68,152,69.1,82.54,135.52,Low,Moderate,65.9,129.18,85.13,111.1,105.1,103.2,1.077
2023-02-14,2023,2,7,1,Tuesday,0,,0,0,18,1,202,134,134,0,155.8,66.3,20877.2,152,69.1,94.9,155.8,Low,Moderate,64.2,142.58,91.54,107.9,108.6,105.9,1.019
2023-02-15,2023,2,7,2,Wednesday,0,,0,0,193,4,27,142,27,115,166.92,100.0,4506.84,220,100.0,20.49,166.92,High,Moderate,96.6,151.12,145.98,88.4,105.9,102.5,0.862
2023-02-16,2023,2,7,3,Thursday,0,,0,0,220,3,0,141,0,141,160.59,0.0,0.0,220,100.0,0.0,160.59,Sold Out,Moderate,94.5,152.79,144.39,75.6,97.2,97.9,0.772
2023-02-17,2023,2,7,4,Friday,0,,0,0,151,2,69,96,69,27,148.4,100.0,10239.6,220,100.0,46.54,148.4,Medium,Low,95.6,140.84,134.64,69.6,94.0,95.5,0.729
2023-02-18,2023,2,7,5,Saturday,1,,0,0,125,2,95,112,95,17,162.45,100.0,15432.75,220,100.0,70.15,162.45,Medium,Low,96.4,153.38,147.86,75.4,93.5,94.3,0.8
2023-02-19,2023,2,7,6,Sunday,1,,0,0,50,1,170,61,61,0,140.44,35.9,8566.84,111,50.5,38.94,140.44,Low,Soft,47.9,134.73,64.54,74.3,93.0,93.3,0.796
2023-02-20,2023,2,8,0,Monday,0,,0,0,34,1,186,122,122,0,142.62,65.6,17399.64,156,70.9,79.09,142.62,Low,Moderate,68.3,137.91,94.19,72.6,91.9,94.1,0.772
2023-02-21,2023,2,8,1,Tuesday,0,,0,0,68,2,152,135,135,0,153.04,88.8,20660.4,203,92.3,93.91,153.04,Low,Moderate,86.4,146.05,126.19,72.7,90.3,96.7,0.752
2023-02-22,2023,2,8,2,Wednesday,0,,0,0,0,0,220,154,154,0,156.39,70.0,24084.06,154,70.0,109.47,156.39,Low,Moderate,66.2,142.25,94.17,90.9,89.6,98.0,0.928
2023-02-23,2023,2,8,3,Thursday,0,,0,0,0,0,220,119,119,0,151.67,54.1,18048.73,119,54.1,82.04,151.67,Low,Moderate,51.1,139.15,71.11,107.9,91.7,97.6,1.106
2023-02-24,2023,2,8,4,Friday,0,,0,0,0,0,220,100,100,0,145.56,45.5,14556.0,100,45.5,66.16,145.56,Low,Low,43.0,138.78,59.68,112.3,90.9,96.6,1.163
2023-02-25,2023,2,8,5,Saturday,1,,0,0,43,2,177,109,109,0,149.41,61.6,16285.69,152,69.1,74.03,149.41,Low,Low,65.1,137.06,89.23,114.3,94.9,96.6,1.183
2023-02-26,2023,2,8,6,Sunday,1,,0,0,153,2,67,66,66,0,149.19,98.5,9846.54,219,99.5,44.76,149.19,Low,Soft,95.3,140.12,133.53,115.0,94.6,95.6,1.203
2023-02-27,2023,2,9,0,Monday,0,,0,0,220,4,0,131,0,131,163.41,0.0,0.0,220,100.0,0.0,163.41,Sold Out,Moderate,92.5,144.05,133.25,97.6,85.1,92.5,1.055
2023-02-28,2023,2,9,1,Tuesday,0,,0,0,220,3,0,164,0,164,168.28,0.0,0.0,220,100.0,0.0,168.28,Sold Out,High,94.5,163.22,154.24,78.3,75.5,90.7,0.863
2023-03-01,2023,3,9,2,Wednesday,0,,0,0,196,2,24,157,24,133,177.57,100.0,4261.68,220,100.0,19.37,177.57,High,Moderate,92.4,162.48,150.13,59.7,75.3,89.5,0.667
2023-03-02,2023,3,9,3,Thursday,0,Arnold Sports Festival,1,0,155,2,65,218,65,153,195.69,100.0,12719.85,220,100.0,57.82,195.69,High,Peak,93.9,177.64,166.8,52.0,79.9,88.9,0.585
2023-03-03,2023,3,9,4,Friday,0,Arnold Sports Festival,1,0,64,1,156,218,156,62,202.34,100.0,31565.04,220,100.0,143.48,202.34,High,Peak,97.0,179.72,174.33,60.0,86.1,91.9,0.653
2023-03-04,2023,3,9,5,Saturday,1,Arnold Sports Festival,1,0,0,0,220,218,218,0,189.38,99.1,41284.84,218,99.1,187.66,189.38,Low,Peak,95.7,174.27,166.78,75.6,94.9,95.1,0.795
2023-03-05,2023,3,9,6,Sunday,1,Arnold Sports Festival,1,0,0,0,220,218,218,0,179.49,99.1,39128.82,218,99.1,177.86,179.49,Low,Peak,92.9,164.12,152.47,97.3,106.1,98.6,0.987
2023-03-06,2023,3,10,0,Monday,0,,0,0,142,2,78,152,78,74,150.18,100.0,11714.04,220,100.0,53.25,150.18,High,Moderate,96.5,137.14,132.34,108.4,103.0,97.8,1.108
2023-03-07,2023,3,10,1,Tuesday,0,,0,0,142,2,78,163,78,85,180.43,100.0,14073.54,220,100.0,63.97,180.43,High,High,96.1,166.18,159.7,119.6,98.9,98.1,1.219
2023-03-08,2023,3,10,2,Wednesday,0,,0,0,62,1,158,155,155,0,176.36,98.1,27335.8,217,98.6,124.25,176.36,Low,Moderate,92.8,163.58,151.8,138.3,99.0,98.7,1.401
2023-03-09,2023,3,10,3,Thursday,0,,0,0,158,3,62,142,62,80,178.76,100.0,11083.12,220,100.0,50.38,178.76,High,Moderate,95.9,172.71,165.63,137.9,94.9,95.5,1.444
2023-03-10,2023,3,10,4,Friday,0,,0,0,143,2,77,116,77,39,163.21,100.0,12567.17,220,100.0,57.12,163.21,High,Moderate,93.1,147.98,137.77,126.6,93.3,92.7,1.366
2023-03-11,2023,3,10,5,Saturday,1,,0,0,123,2,97,115,97,18,172.44,100.0,16726.68,220,100.0,76.03,172.44,Medium,Moderate,93.6,163.78,153.3,109.3,92.4,92.9,1.177
2023-03-12,2023,3,10,6,Sunday,1,,0,0,0,0,220,72,72,0,145.89,32.7,10504.08,72,32.7,47.75,145.89,Low,Low,30.6,141.11,43.18,88.4,92.9,91.6,0.965
2023-03-13,2023,3,11,0,Monday,0,,0,0,0,0,220,146,146,0,157.02,66.4,22924.92,146,66.4,104.2,157.02,Low,Moderate,62.3,148.8,92.7,98.1,103.3,94.7,1.036
2023-03-14,2023,3,11,1,Tuesday,0,,0,0,0,0,220,154,154,0,167.53,70.0,25799.62,154,70.0,117.27,167.53,Low,Moderate,64.4,147.72,95.13,109.0,114.3,97.5,1.118
2023-03-15,2023,3,11,2,Wednesday,0,,0,0,150,4,70,165,70,95,172.19,100.0,12053.3,220,100.0,54.79,172.19,High,High,93.4,164.79,153.91,96.9,117.6,95.4,1.016
2023-03-16,2023,3,11,3,Thursday,0,,0,0,81,2,139,171,139,32,172.95,100.0,24040.05,220,100.0,109.27,172.95,High,High,94.3,153.06,144.34,107.9,122.9,95.5,1.13
2023-03-17,2023,3,11,4,Friday,0,,0,0,190,4,30,108,30,78,162.13,100.0,4863.9,220,100.0,22.11,162.13,High,Low,92.9,152.85,142.0,101.1,113.9,95.6,1.058
2023-03-18,2023,3,11,5,Saturday,1,,0,0,49,2,171,125,125,0,157.46,73.1,19682.5,174,79.1,89.47,157.46,Low,Moderate,74.8,143.94,107.67,105.1,107.2,99.8,1.053
2023-03-19,2023,3,11,6,Sunday,1,,0,0,214,3,6,72,6,66,158.91,100.0,953.46,220,100.0,4.33,158.91,High,Low,95.2,149.24,142.08,95.7,92.1,97.7,0.98
2023-03-20,2023,3,12,0,Monday,0,,0,0,175,2,45,139,45,94,169.12,100.0,7610.4,220,100.0,34.59,169.12,High,Moderate,94.0,161.09,151.42,81.3,89.7,96.0,0.847
2023-03-21,2023,3,12,1,Tuesday,0,,0,0,104,2,116,159,116,43,180.38,100.0,20924.08,220,100.0,95.11,180.38,High,High,96.3,162.72,156.7,75.9,92.4,97.9,0.775
2023-03-22,2023,3,12,2,Wednesday,0,,0,0,41,1,179,157,157,0,170.96,87.7,26840.72,198,90.0,122.0,170.96,Low,Moderate,84.1,162.77,136.89,88.3,92.6,99.0,0.892
2023-03-23,2023,3,12,3,Thursday,0,,0,0,0,0,220,143,143,0,155.82,65.0,22282.26,143,65.0,101.28,155.82,Low,Moderate,63.0,149.5,94.19,88.9,98.4,99.3,0.895
2023-03-24,2023,3,12,4,Friday,0,,0,0,12,1,208,114,114,0,150.89,54.8,17201.46,126,57.3,78.19,150.89,Low,Low,55.3,137.64,76.11,100.9,101.0,98.0,1.03
2023-03-25,2023,3,12,5,Saturday,1,,0,0,71,1,149,116,116,0,165.95,77.9,19250.2,187,85.0,87.5,165.95,Low,Moderate,79.2,157.51,124.75,99.6,102.4,97.9,1.017
2023-03-26,2023,3,12,6,Sunday,1,,0,0,71,1,149,75,75,0,142.56,50.3,10692.0,146,66.4,48.6,142.56,Low,Low,63.9,136.57,87.27,109.4,102.6,97.0,1.128
2023-03-27,2023,3,13,0,Monday,0,,0,0,99,2,121,148,121,27,167.11,100.0,20220.31,220,100.0,91.91,167.11,Medium,Moderate,94.6,148.52,140.5,120.3,100.8,97.4,1.235
2023-03-28,2023,3,13,1,Tuesday,0,,0,0,145,3,75,185,75,110,179.24,100.0,13443.0,220,100.0,61.1,179.24,High,High,92.6,159.59,147.78,114.4,95.1,97.7,1.171
2023-03-29,2023,3,13,2,Wednesday,0,,0,0,194,5,26,166,26,140,181.94,100.0,4730.44,220,100.0,21.5,181.94,High,High,92.5,168.37,155.74,95.7,92.0,98.6,0.971
2023-03-30,2023,3,13,3,Thursday,0,,0,0,50,1,170,164,164,0,172.92,96.5,28358.88,214,97.3,128.9,172.92,Low,High,92.4,159.31,147.2,98.7,93.8,104.1,0.948
2023-03-31,2023,3,13,4,Friday,0,,0,0,89,3,131,111,111,0,151.08,84.7,16769.88,200,90.9,76.23,151.08,Low,Low,83.9,134.54,112.88,98.3,99.6,107.0,0.919
2023-04-01,2023,4,13,5,Saturday,1,,0,0,39,1,181,139,139,0,168.98,76.8,23488.22,178,80.9,106.76,168.98,Low,Moderate,77.1,151.42,116.74,101.6,100.6,109.4,0.929
2023-04-02,2023,4,13,6,Sunday,1,,0,0,147,3,73,87,73,14,163.98,100.0,11970.54,220,100.0,54.41,163.98,Medium,Low,94.1,147.6,138.89,101.3,105.4,106.7,0.949
2023-04-03,2023,4,14,0,Monday,0,,0,0,216,4,4,160,4,156,160.8,100.0,643.2,220,100.0,2.92,160.8,High,High,96.0,147.87,141.96,84.6,102.4,99.5,0.85
2023-04-04,2023,4,14,1,Tuesday,0,,0,0,215,5,5,218,5,213,179.2,100.0,896.0,220,100.0,4.07,179.2,High,Peak,93.6,158.19,148.07,74.6,94.5,92.4,0.807
2023-04-05,2023,4,14,2,Wednesday,0,,0,0,155,3,65,188,65,123,186.04,100.0,12092.6,220,100.0,54.97,186.04,High,High,95.0,171.24,162.68,80.1,87.9,92.0,0.871
2023-04-06,2023,4,14,3,Thursday,0,,0,0,159,3,61,192,61,131,182.94,100.0,11159.34,220,100.0,50.72,182.94,High,High,92.3,175.46,161.95,65.4,82.1,91.4,0.716
2023-04-07,2023,4,14,4,Friday,0,,0,0,44,1,176,140,140,0,164.82,79.5,23074.8,184,83.6,104.89,164.82,Low,Moderate,80.9,147.87,119.63,69.6,83.9,90.9,0.766
2023-04-08,2023,4,14,5,Saturday,1,,0,0,89,2,131,150,131,19,187.81,100.0,24603.11,220,100.0,111.83,187.81,Medium,Moderate,96.2,170.06,163.6,68.4,85.0,93.2,0.734
2023-04-09,2023,4,14,6,Sunday,1,,0,0,93,2,127,90,90,0,154.7,70.9,13923.0,183,83.2,63.29,154.7,Low,Low,78.0,148.1,115.52,70.9,86.1,93.7,0.757
2023-04-10,2023,4,15,0,Monday,0,,0,0,57,1,163,187,163,24,178.2,100.0,29046.6,220,100.0,132.03,178.2,Medium,High,92.1,159.02,146.46,93.6,89.1,95.9,0.976
2023-04-11,2023,4,15,1,Tuesday,0,,0,0,108,2,112,204,112,92,187.02,100.0,20946.24,220,100.0,95.21,187.02,High,Peak,95.3,177.49,169.15,108.9,91.7,97.2,1.12
2023-04-12,2023,4,15,2,Wednesday,0,,0,0,220,5,0,189,0,189,184.73,0.0,0.0,220,100.0,0.0,184.73,Sold Out,High,93.2,170.29,158.71,99.6,89.9,92.3,1.079
2023-04-13,2023,4,15,3,Thursday,0,,0,0,220,5,0,187,0,187,191.38,0.0,0.0,220,100.0,0.0,191.38,Sold Out,High,94.9,182.99,173.66,90.9,78.1,87.2,1.042
2023-04-14,2023,4,15,4,Friday,0,,0,0,96,2,124,153,124,29,174.27,100.0,21609.48,220,100.0,98.22,174.27,Medium,Moderate,96.2,167.64,161.27,88.6,79.1,89.0,0.996
2023-04-15,2023,4,15,5,Saturday,1,,0,0,52,1,168,123,123,0,164.94,73.2,20287.62,175,79.5,92.22,164.94,Low,Moderate,76.4,145.92,111.48,87.4,77.9,88.5,0.988
2023-04-16,2023,4,15,6,Sunday,1,,0,0,52,1,168,88,88,0,156.83,52.4,13801.04,140,63.6,62.73,156.83,Low,Low,59.2,139.13,82.36,87.1,79.0,90.4,0.963
2023-04-17,2023,4,16,0,Monday,0,,0,0,46,2,174,185,174,11,170.93,100.0,29741.82,220,100.0,135.19,170.93,Medium,High,92.7,163.56,151.62,88.7,91.1,92.0,0.964
2023-04-18,2023,4,16,1,Tuesday,0,,0,0,37,1,183,178,178,0,181.37,97.3,32283.86,215,97.7,146.74,181.37,Low,High,90.7,167.58,152.0,98.1,103.5,97.8,1.003
2023-04-19,2023,4,16,2,Wednesday,0,,0,0,0,0,220,179,179,0,185.82,81.4,33261.78,179,81.4,151.19,185.82,Low,High,76.0,175.92,133.7,123.7,111.6,102.2,1.21
2023-04-20,2023,4,16,3,Thursday,0,,0,0,0,0,220,182,182,0,166.72,82.7,30343.04,182,82.7,137.92,166.72,Low,High,78.1,150.06,117.2,149.7,120.3,104.4,1.434
2023-04-21,2023,4,16,4,Friday,0,,0,0,92,1,128,150,128,22,173.23,100.0,22173.44,220,100.0,100.79,173.23,Medium,Moderate,94.6,165.52,156.58,150.3,119.4,103.5,1.452
2023-04-22,2023,4,16,5,Saturday,1,,0,0,220,6,0,153,0,153,180.6,0.0,0.0,220,100.0,0.0,180.6,Sold Out,Moderate,95.0,161.81,153.72,132.7,110.1,98.7,1.344
2023-04-23,2023,4,16,6,Sunday,1,,0,0,220,5,0,95,0,95,159.64,0.0,0.0,220,100.0,0.0,159.64,Sold Out,Low,92.7,148.5,137.66,120.1,103.6,94.9,1.266
2023-04-24,2023,4,17,0,Monday,0,,0,0,124,2,96,164,96,68,166.05,100.0,15940.8,220,100.0,72.46,166.05,High,High,94.4,150.85,142.4,109.0,98.9,94.2,1.157
2023-04-25,2023,4,17,1,Tuesday,0,,0,0,95,2,125,218,125,93,175.14,100.0,21892.5,220,100.0,99.51,175.14,High,Peak,93.2,160.46,149.55,101.4,99.8,95.9,1.057
2023-04-26,2023,4,17,2,Wednesday,0,,0,0,110,3,110,218,110,108,192.05,100.0,21125.5,220,100.0,96.03,192.05,High,Peak,92.3,171.26,158.07,91.6,107.6,95.5,0.959
2023-04-27,2023,4,17,3,Thursday,0,,0,0,52,1,168,197,168,29,179.67,100.0,30184.56,220,100.0,137.2,179.67,Medium,Peak,95.2,160.27,152.58,89.6,119.6,98.6,0.909
2023-04-28,2023,4,17,4,Friday,0,,0,0,0,0,220,135,135,0,160.55,61.4,21674.25,135,61.4,98.52,160.55,Low,Moderate,57.1,153.24,87.5,90.6,120.4,102.3,0.886
2023-04-29,2023,4,17,5,Saturday,1,,0,0,22,1,198,146,146,0,165.34,73.7,24139.64,168,76.4,109.73,165.34,Low,Moderate,73.8,154.53,114.04,111.4,122.1,101.7,1.095
2023-04-30,2023,4,17,6,Sunday,1,,0,0,89,1,131,86,86,0,152.59,65.6,13122.74,175,79.5,59.65,152.59,Low,Low,73.9,138.08,102.04,123.7,121.9,100.8,1.227
2023-05-01,2023,5,18,0,Monday,0,,0,0,220,5,0,210,0,210,170.63,0.0,0.0,220,100.0,0.0,170.63,Sold Out,Peak,93.4,158.78,148.3,110.0,109.5,96.2,1.143
2023-05-02,2023,5,18,1,Tuesday,0,,0,0,220,8,0,205,0,205,196.39,0.0,0.0,220,100.0,0.0,196.39,Sold Out,Peak,93.2,186.51,173.83,92.1,96.8,93.8,0.982
2023-05-03,2023,5,18,2,Wednesday,0,,0,0,208,5,12,203,12,191,190.5,100.0,2286.0,220,100.0,10.39,190.5,High,Peak,92.5,177.07,163.79,78.1,84.9,94.0,0.831
2023-05-04,2023,5,18,3,Thursday,0,,0,0,86,3,134,176,134,42,179.17,100.0,24008.78,220,100.0,109.13,179.17,High,High,95.9,166.06,159.25,73.3,81.4,98.3,0.746
2023-05-05,2023,5,18,4,Friday,0,,0,0,150,3,70,149,70,79,174.28,100.0,12199.6,220,100.0,55.45,174.28,High,Moderate,95.4,159.54,152.2,64.0,77.3,98.5,0.65
2023-05-06,2023,5,18,5,Saturday,1,,0,0,79,1,141,157,141,16,176.39,100.0,24870.99,220,100.0,113.05,176.39,Medium,Moderate,95.1,161.79,153.86,63.3,87.4,101.2,0.625
2023-05-07,2023,5,18,6,Sunday,1,,0,0,64,1,156,97,97,0,149.63,62.2,14514.11,161,73.2,65.97,149.63,Low,Low,70.3,131.9,92.73,64.9,94.3,99.7,0.651
2023-05-08,2023,5,19,0,Monday,0,,0,0,71,2,149,197,149,48,177.07,100.0,26383.43,220,100.0,119.92,177.07,High,Peak,94.4,159.25,150.33,86.1,98.1,100.3,0.858
2023-05-09,2023,5,19,1,Tuesday,0,,0,0,0,0,220,215,215,0,199.94,97.7,42987.1,215,97.7,195.4,199.94,Low,Peak,91.7,189.16,173.46,116.9,104.5,104.5,1.119
2023-05-10,2023,5,19,2,Wednesday,0,,0,0,119,2,101,218,101,117,189.53,100.0,19142.53,220,100.0,87.01,189.53,High,Peak,96.4,169.2,163.11,129.6,103.9,102.4,1.266
2023-05-11,2023,5,19,3,Thursday,0,,0,0,119,2,101,191,101,90,179.99,100.0,18178.99,220,100.0,82.63,179.99,High,High,93.2,164.61,153.42,124.9,99.1,102.1,1.223
2023-05-12,2023,5,19,4,Friday,0,OSU Graduation,1,0,204,3,16,218,16,202,202.22,100.0,3235.52,220,100.0,14.71,202.22,High,Peak,93.8,184.86,173.4,117.1,90.6,102.6,1.141
2023-05-13,2023,5,19,5,Saturday,1,OSU Graduation,1,0,139,3,81,218,81,137,204.74,100.0,16583.94,220,100.0,75.38,204.74,High,Peak,95.9,188.48,180.75,108.6,85.9,105.3,1.031
2023-05-14,2023,5,19,6,Sunday,1,OSU Graduation,1,0,99,2,121,218,121,97,194.91,100.0,23584.11,220,100.0,107.2,194.91,High,Peak,93.4,184.69,172.5,112.0,88.4,105.2,1.065
2023-05-15,2023,5,20,0,Monday,0,,0,0,64,1,156,178,156,22,179.09,100.0,27938.04,220,100.0,126.99,179.09,Medium,High,96.0,158.61,152.27,113.0,99.6,106.3,1.063
2023-05-16,2023,5,20,1,Tuesday,0,,0,0,116,3,104,211,104,107,187.1,100.0,19458.4,220,100.0,88.45,187.1,High,Peak,94.8,173.14,164.14,97.1,107.0,106.8,0.909
2023-05-17,2023,5,20,2,Wednesday,0,,0,0,115,4,105,195,105,90,179.19,100.0,18814.95,220,100.0,85.52,179.19,High,Peak,96.0,159.38,153.0,97.7,113.6,104.5,0.935
2023-05-18,2023,5,20,3,Thursday,0,,0,0,79,1,141,180,141,39,188.73,100.0,26610.93,220,100.0,120.96,188.73,High,High,94.1,174.28,164.0,103.4,114.1,103.3,1.001
2023-05-19,2023,5,20,4,Friday,0,,0,0,183,4,37,166,37,129,183.75,100.0,6798.75,220,100.0,30.9,183.75,High,High,94.0,170.45,160.22,106.4,111.8,98.6,1.079
2023-05-20,2023,5,20,5,Saturday,1,,0,0,79,1,141,151,141,10,179.44,100.0,25301.04,220,100.0,115.0,179.44,Low,Moderate,93.0,160.95,149.68,115.0,111.8,97.2,1.183
2023-05-21,2023,5,20,6,Sunday,1,,0,0,86,1,134,103,103,0,156.28,76.9,16096.84,189,85.9,73.17,156.28,Low,Low,79.7,143.74,114.56,112.4,112.2,96.4,1.166
2023-05-22,2023,5,21,0,Monday,0,,0,0,86,1,134,190,134,56,174.87,100.0,23432.58,220,100.0,106.51,174.87,High,High,97.0,163.53,158.62,109.3,111.1,100.8,1.084
2023-05-23,2023,5,21,1,Tuesday,0,,0,0,175,4,45,204,45,159,188.15,100.0,8466.75,220,100.0,38.49,188.15,High,Peak,93.4,170.95,159.67,100.9,99.0,102.3,0.986
2023-05-24,2023,5,21,2,Wednesday,0,,0,0,165,3,55,218,55,163,188.51,100.0,10368.05,220,100.0,47.13,188.51,High,Peak,94.7,168.35,159.43,93.7,95.7,101.0,0.928
2023-05-25,2023,5,21,3,Thursday,0,,0,0,148,2,72,200,72,128,188.43,100.0,13566.96,220,100.0,61.67,188.43,High,Peak,93.7,167.7,157.13,83.9,93.6,99.2,0.846
2023-05-26,2023,5,21,4,Friday,0,,0,0,41,1,179,161,161,0,170.31,89.9,27419.91,202,91.8,124.64,170.31,Low,High,84.7,161.26,136.59,101.6,104.0,100.9,1.007
2023-05-27,2023,5,21,5,Saturday,1,,0,0,0,0,220,147,147,0,176.42,66.8,25933.74,147,66.8,117.88,176.42,Low,Moderate,62.9,166.0,104.41,102.4,108.7,100.2,1.022
2023-05-28,2023,5,21,6,Sunday,1,,0,0,0,0,220,87,87,0,153.86,39.5,13385.82,87,39.5,60.84,153.86,Low,Low,36.6,145.09,53.1,100.1,106.3,98.6,1.015
2023-05-29,2023,5,22,0,Monday,0,,0,0,33,1,187,167,167,0,168.83,89.3,28194.61,200,90.9,128.16,168.83,Low,High,84.6,155.82,131.82,104.9,107.1,99.3,1.056
2023-05-30,2023,5,22,1,Tuesday,0,,0,0,62,2,158,218,158,60,189.17,100.0,29888.86,220,100.0,135.86,189.17,High,Peak,93.9,180.41,169.4,121.0,110.9,101.7,1.19
2023-05-31,2023,5,22,2,Wednesday,0,,0,0,12,1,208,210,208,2,190.13,100.0,39547.04,220,100.0,179.76,190.13,Low,Peak,93.8,178.79,167.71,142.9,118.3,108.6,1.316
2023-06-01,2023,6,22,3,Thursday,0,,0,0,70,2,150,167,150,17,168.25,100.0,25237.5,220,100.0,114.72,168.25,Medium,High,96.7,150.05,145.1,154.0,118.9,113.6,1.356
2023-06-02,2023,6,22,4,Friday,0,,0,0,153,3,67,144,67,77,165.11,100.0,11062.37,220,100.0,50.28,165.11,High,Moderate,93.1,157.31,146.46,140.6,121.1,115.5,1.217
2023-06-03,2023,6,22,5,Saturday,1,,0,0,85,1,135,137,135,2,176.4,100.0,23814.0,220,100.0,108.25,176.4,Low,Moderate,92.4,165.37,152.8,138.9,120.6,115.5,1.203
2023-06-04,2023,6,22,6,Sunday,1,,0,0,38,1,182,90,90,0,151.86,49.5,13667.4,128,58.2,62.12,151.86,Low,Low,55.3,145.59,80.51,139.3,119.7,116.2,1.199
2023-06-05,2023,6,23,0,Monday,0,,0,0,90,2,130,161,130,31,167.64,100.0,21793.2,220,100.0,99.06,167.64,High,High,95.5,155.28,148.29,134.0,119.4,115.8,1.157
2023-06-06,2023,6,23,1,Tuesday,0,,0,0,173,3,47,189,47,142,183.38,100.0,8618.86,220,100.0,39.18,183.38,High,High,95.3,171.55,163.49,118.1,119.6,114.1,1.035
2023-06-07,2023,6,23,2,Wednesday,0,,0,0,67,1,153,207,153,54,169.69,100.0,25962.57,220,100.0,118.01,169.69,High,Peak,94.4,161.45,152.41,110.3,126.6,114.3,0.965
2023-06-08,2023,6,23,3,Thursday,0,,0,0,106,3,114,182,114,68,176.08,100.0,20073.12,220,100.0,91.24,176.08,High,High,94.5,159.13,150.38,105.1,129.6,110.9,0.948
2023-06-09,2023,6,23,4,Friday,0,,0,0,0,0,220,125,125,0,169.41,56.8,21176.25,125,56.8,96.26,169.41,Low,Moderate,54.3,156.64,85.06,113.4,127.0,111.7,1.015
2023-06-10,2023,6,23,5,Saturday,1,,0,0,48,1,172,120,120,0,159.0,69.8,19080.0,168,76.4,86.73,159.0,Low,Moderate,73.0,140.84,102.81,111.3,125.1,112.3,0.991
2023-06-11,2023,6,23,6,Sunday,1,,0,0,156,3,64,89,64,25,163.37,100.0,10455.68,220,100.0,47.53,163.37,Medium,Low,93.5,155.6,145.49,107.6,123.4,113.9,0.945
2023-06-12,2023,6,24,0,Monday,0,,0,0,131,3,89,171,89,82,163.37,100.0,14539.93,220,100.0,66.09,163.37,High,High,96.5,150.82,145.54,101.7,117.9,114.2,0.891
2023-06-13,2023,6,24,1,Tuesday,0,,0,0,34,1,186,191,186,5,190.57,100.0,35446.02,220,100.0,161.12,190.57,Low,High,94.5,183.4,173.31,121.6,119.9,116.4,1.045
2023-06-14,2023,6,24,2,Wednesday,0,,0,0,95,2,125,178,125,53,171.86,100.0,21482.5,220,100.0,97.65,171.86,High,High,93.2,152.41,142.05,117.6,113.9,115.3,1.02
2023-06-15,2023,6,24,3,Thursday,0,,0,0,185,4,35,175,35,140,167.01,100.0,5845.35,220,100.0,26.57,167.01,High,High,96.5,158.01,152.48,106.3,105.7,113.0,0.941
2023-06-16,2023,6,24,4,Friday,0,,0,0,146,2,74,117,74,43,169.06,100.0,12510.44,220,100.0,56.87,169.06,High,Moderate,94.0,159.79,150.2,99.0,106.2,112.0,0.884
2023-06-17,2023,6,24,5,Saturday,1,,0,0,72,1,148,121,121,0,165.45,81.8,20019.45,193,87.7,91.0,165.45,Low,Moderate,84.6,156.21,132.15,99.1,105.2,111.3,0.89
2023-06-18,2023,6,24,6,Sunday,1,,0,0,0,0,220,92,92,0,149.37,41.8,13742.04,92,41.8,62.46,149.37,Low,Low,40.5,135.53,54.89,103.1,105.4,113.2,0.911
2023-06-19,2023,6,25,0,Monday,0,,0,0,39,1,181,157,157,0,160.94,86.7,25267.58,196,89.1,114.85,160.94,Low,Moderate,82.2,152.71,125.53,112.9,107.3,113.7,0.993
2023-06-20,2023,6,25,1,Tuesday,0,,0,0,105,2,115,196,115,81,189.03,100.0,21738.45,220,100.0,98.81,189.03,High,Peak,93.1,169.68,157.97,102.7,112.1,114.1,0.9
2023-06-21,2023,6,25,2,Wednesday,0,,0,0,179,3,41,185,41,144,187.26,100.0,7677.66,220,100.0,34.9,187.26,High,High,94.8,171.77,162.84,90.7,104.1,111.0,0.817
2023-06-22,2023,6,25,3,Thursday,0,,0,0,207,3,13,167,13,154,177.78,100.0,2311.14,220,100.0,10.51,177.78,High,High,94.6,163.81,154.96,87.6,96.9,109.9,0.797
2023-06-23,2023,6,25,4,Friday,0,,0,0,220,4,0,118,0,118,164.19,0.0,0.0,220,100.0,0.0,164.19,Sold Out,Moderate,96.3,150.31,144.75,77.0,88.0,108.1,0.712
2023-06-24,2023,6,25,5,Saturday,1,,0,0,191,3,29,139,29,110,171.34,100.0,4968.86,220,100.0,22.59,171.34,High,Moderate,94.8,156.4,148.27,63.9,81.5,106.7,0.599
2023-06-25,2023,6,25,6,Sunday,1,,0,0,86,1,134,80,80,0,147.03,59.7,11762.4,166,75.5,53.47,147.03,Low,Low,71.7,137.07,98.28,62.1,82.6,104.0,0.597
2023-06-26,2023,6,26,0,Monday,0,,0,0,32,1,188,164,164,0,165.45,87.2,27133.8,196,89.1,123.34,165.45,Low,High,84.1,155.33,130.63,63.1,88.0,104.5,0.604
2023-06-27,2023,6,26,1,Tuesday,0,,0,0,77,2,143,195,143,52,173.89,100.0,24866.27,220,100.0,113.03,173.89,High,Peak,93.7,165.62,155.19,67.1,84.9,106.4,0.631
2023-06-28,2023,6,26,2,Wednesday,0,,0,0,55,1,165,176,165,11,173.82,100.0,28680.3,220,100.0,130.37,173.82,Medium,High,94.5,155.24,146.7,84.9,87.8,106.3,0.799
2023-06-29,2023,6,26,3,Thursday,0,,0,0,111,2,109,179,109,70,176.92,100.0,19284.28,220,100.0,87.66,176.92,High,High,93.0,160.02,148.82,98.6,93.1,104.7,0.942
2023-06-30,2023,6,26,4,Friday,0,,0,0,83,2,137,140,137,3,172.38,100.0,23616.06,220,100.0,107.35,172.38,Low,Moderate,92.4,157.31,145.35,118.1,97.6,102.3,1.154
2023-07-01,2023,7,26,5,Saturday,1,,0,0,88,2,132,119,119,0,163.94,90.2,19508.86,207,94.1,88.68,163.94,Low,Moderate,89.4,154.61,138.22,131.0,97.4,101.3,1.293
2023-07-02,2023,7,26,6,Sunday,1,,0,0,18,1,202,76,76,0,139.81,37.6,10625.56,94,42.7,48.3,139.81,Low,Low,39.6,130.93,51.85,130.4,96.3,101.6,1.283
2023-07-03,2023,7,27,0,Monday,0,,0,0,0,0,220,167,167,0,152.55,75.9,25475.85,167,75.9,115.8,152.55,Low,High,73.2,138.59,101.45,130.9,97.0,102.7,1.275
2023-07-04,2023,7,27,1,Tuesday,0,,0,0,47,1,173,189,173,16,173.76,100.0,30060.48,220,100.0,136.64,173.76,Medium,High,95.5,159.37,152.2,135.1,101.1,105.4,1.282
2023-07-05,2023,7,27,2,Wednesday,0,,0,0,23,1,197,188,188,0,182.51,95.4,34311.88,211,95.9,155.96,182.51,Low,High,90.6,173.84,157.5,138.4,111.6,107.4,1.289
2023-07-06,2023,7,27,3,Thursday,0,,0,0,137,3,83,173,83,90,167.58,100.0,13909.14,220,100.0,63.22,167.58,High,High,96.3,147.87,142.4,134.7,116.6,108.6,1.24
2023-07-07,2023,7,27,4,Friday,0,,0,0,126,3,94,123,94,29,162.76,100.0,15299.44,220,100.0,69.54,162.76,Medium,Moderate,93.4,156.19,145.88,128.6,123.4,106.6,1.206
2023-07-08,2023,7,27,5,Saturday,1,,0,0,120,4,100,107,100,7,172.22,100.0,17222.0,220,100.0,78.28,172.22,Low,Low,93.1,152.29,141.78,125.9,128.4,106.1,1.187
2023-07-09,2023,7,27,6,Sunday,1,,0,0,184,4,36,78,36,42,160.69,100.0,5784.84,220,100.0,26.29,160.69,High,Low,95.6,151.02,144.38,120.1,125.3,103.2,1.164
2023-07-10,2023,7,28,0,Monday,0,,0,0,174,3,46,168,46,122,155.9,100.0,7171.4,220,100.0,32.6,155.9,High,High,94.1,141.35,133.01,102.9,116.9,100.7,1.022
2023-07-11,2023,7,28,1,Tuesday,0,,0,0,196,3,24,161,24,137,178.34,100.0,4280.16,220,100.0,19.46,178.34,High,High,94.2,159.34,150.1,81.6,108.4,99.4,0.821
2023-07-12,2023,7,28,2,Wednesday,0,,0,0,163,3,57,188,57,131,174.65,100.0,9955.05,220,100.0,45.25,174.65,High,High,96.7,168.76,163.19,62.9,100.6,98.3,0.64
2023-07-13,2023,7,28,3,Thursday,0,,0,0,176,4,44,164,44,120,168.58,100.0,7417.52,220,100.0,33.72,168.58,High,High,96.2,160.71,154.6,57.3,96.0,93.6,0.612
2023-07-14,2023,7,28,4,Friday,0,,0,0,60,1,160,117,117,0,153.72,73.1,17985.24,177,80.5,81.75,153.72,Low,Moderate,77.9,136.08,106.01,60.6,94.6,93.3,0.65
2023-07-15,2023,7,28,5,Saturday,1,,0,0,103,2,117,128,117,11,175.57,100.0,20541.69,220,100.0,93.37,175.57,Medium,Moderate,96.7,156.19,151.04,63.0,94.4,96.0,0.656
2023-07-16,2023,7,28,6,Sunday,1,,0,0,43,1,177,75,75,0,148.14,42.4,11110.5,118,53.6,50.5,148.14,Low,Low,49.4,143.33,70.81,68.6,94.4,96.1,0.714
2023-07-17,2023,7,29,0,Monday,0,,0,0,67,1,153,172,153,19,173.98,100.0,26618.94,220,100.0,121.0,173.98,Medium,High,93.7,164.45,154.09,83.9,93.4,97.1,0.864
2023-07-18,2023,7,29,1,Tuesday,0,,0,0,45,1,175,188,175,13,178.87,100.0,31302.25,220,100.0,142.28,178.87,Medium,High,97.0,168.45,163.4,105.4,93.5,99.9,1.055
2023-07-19,2023,7,29,2,Wednesday,0,,0,0,35,1,185,162,162,0,168.74,87.6,27335.88,197,89.5,124.25,168.74,Low,High,83.4,154.88,129.17,120.4,91.6,100.1,1.203
2023-07-20,2023,7,29,3,Thursday,0,,0,0,59,1,161,174,161,13,166.04,100.0,26732.44,220,100.0,121.51,166.04,Medium,High,96.5,147.19,142.04,137.1,97.2,101.6,1.349
2023-07-21,2023,7,29,4,Friday,0,,0,0,94,2,126,131,126,5,159.72,100.0,20124.72,220,100.0,91.48,159.72,Low,Moderate,96.1,147.77,142.01,138.4,99.5,104.4,1.326
2023-07-22,2023,7,29,5,Saturday,1,,0,0,220,4,0,107,0,107,162.13,0.0,0.0,220,100.0,0.0,162.13,Sold Out,Low,95.7,155.63,148.94,121.7,92.4,104.0,1.17
2023-07-23,2023,7,29,6,Sunday,1,,0,0,219,3,1,81,1,80,169.58,100.0,169.58,220,100.0,0.77,169.58,High,Low,93.8,154.86,145.26,111.1,89.9,104.0,1.068
2023-07-24,2023,7,30,0,Monday,0,,0,0,66,1,154,147,147,0,158.99,95.5,23371.53,213,96.8,106.23,158.99,Low,Moderate,91.2,140.9,128.5,110.3,97.1,108.0,1.021
2023-07-25,2023,7,30,1,Tuesday,0,,0,0,0,0,220,168,168,0,175.89,76.4,29549.52,168,76.4,134.32,175.89,Low,High,71.2,169.31,120.55,109.3,107.4,110.9,0.986
2023-07-26,2023,7,30,2,Wednesday,0,,0,0,49,1,171,189,171,18,167.78,100.0,28690.38,220,100.0,130.41,167.78,Medium,High,94.4,155.21,146.52,110.6,115.5,111.1,0.995
2023-07-27,2023,7,30,3,Thursday,0,,0,0,58,2,162,153,153,0,165.51,94.4,25323.03,211,95.9,115.1,165.51,Low,Moderate,92.3,160.08,147.75,109.4,123.3,111.5,0.981
2023-07-28,2023,7,30,4,Friday,0,,0,0,46,2,174,125,125,0,152.79,71.8,19098.75,171,77.7,86.81,152.79,Low,Moderate,71.7,144.22,103.41,109.3,123.9,110.1,0.993
2023-07-29,2023,7,30,5,Saturday,1,,0,0,91,3,129,112,112,0,169.17,86.8,18947.04,203,92.3,86.12,169.17,Low,Low,88.5,163.42,144.63,125.3,123.5,110.2,1.137
2023-07-30,2023,7,30,6,Sunday,1,,0,0,32,2,188,74,74,0,145.71,39.4,10782.54,106,48.2,49.01,145.71,Low,Low,45.5,134.95,61.4,135.7,123.4,108.1,1.255
2023-07-31,2023,7,31,0,Monday,0,,0,0,180,3,40,172,40,132,164.17,100.0,6566.8,220,100.0,29.85,164.17,High,High,95.9,151.23,145.03,120.4,115.4,105.5,1.141
2023-08-01,2023,8,31,1,Tuesday,0,,0,0,220,7,0,197,0,197,187.76,0.0,0.0,220,100.0,0.0,187.76,Sold Out,Peak,96.6,173.05,167.17,96.4,102.9,103.0,0.936
2023-08-02,2023,8,31,2,Wednesday,0,,0,0,220,6,0,207,0,207,183.57,0.0,0.0,220,100.0,0.0,183.57,Sold Out,Peak,96.9,176.52,171.05,72.0,91.3,97.4,0.739
2023-08-03,2023,8,31,3,Thursday,0,,0,0,165,4,55,172,55,117,175.09,100.0,9629.95,220,100.0,43.77,175.09,High,High,93.6,161.33,151.0,58.0,83.7,93.5,0.62
2023-08-04,2023,8,31,4,Friday,0,,0,0,130,3,90,136,90,46,174.89,100.0,15740.1,220,100.0,71.55,174.89,High,Moderate,94.3,163.19,153.89,53.0,81.1,90.2,0.588
2023-08-05,2023,8,31,5,Saturday,1,,0,0,130,3,90,120,90,30,173.07,100.0,15576.3,220,100.0,70.8,173.07,Medium,Moderate,92.6,159.34,147.55,49.9,87.6,90.4,0.552
2023-08-06,2023,8,31,6,Sunday,1,,0,0,53,1,167,90,90,0,150.68,53.9,13561.2,143,65.0,61.64,150.68,Low,Low,62.9,137.67,86.59,52.1,93.9,90.3,0.577
2023-08-07,2023,8,32,0,Monday,0,,0,0,92,1,128,164,128,36,164.54,100.0,21061.12,220,100.0,95.73,164.54,High,High,93.5,148.22,138.59,64.7,92.6,91.2,0.709
2023-08-08,2023,8,32,1,Tuesday,0,,0,0,173,2,47,204,47,157,184.28,100.0,8661.16,220,100.0,39.37,184.28,High,Peak,94.8,164.04,155.51,71.4,83.9,91.6,0.779
2023-08-09,2023,8,32,2,Wednesday,0,,0,0,22,1,198,174,174,0,172.57,87.9,30027.18,196,89.1,136.49,172.57,Low,High,83.7,160.33,134.2,96.3,84.1,95.9,1.004
2023-08-10,2023,8,32,3,Thursday,0,,0,0,89,1,131,157,131,26,174.57,100.0,22868.67,220,100.0,103.95,174.57,Medium,Moderate,94.7,156.84,148.53,107.1,82.6,99.4,1.077
2023-08-11,2023,8,32,4,Friday,0,,0,0,172,5,48,118,48,70,172.43,100.0,8276.64,220,100.0,37.62,172.43,High,Moderate,92.9,164.28,152.62,101.1,77.1,99.1,1.02
2023-08-12,2023,8,32,5,Saturday,1,,0,0,170,5,50,121,50,71,174.43,100.0,8721.5,220,100.0,39.64,174.43,High,Moderate,96.8,167.5,162.14,95.4,72.6,99.3,0.961
2023-08-13,2023,8,32,6,Sunday,1,,0,0,110,2,110,78,78,0,153.84,70.9,11999.52,188,85.5,54.54,153.84,Low,Low,82.9,145.06,120.25,93.7,72.9,98.0,0.956
2023-08-14,2023,8,33,0,Monday,0,,0,0,75,2,145,151,145,6,169.07,100.0,24515.15,220,100.0,111.43,169.07,Low,Moderate,94.2,163.62,154.13,96.1,80.4,99.0,0.971
2023-08-15,2023,8,33,1,Tuesday,0,,0,0,32,1,188,193,188,5,179.79,100.0,33800.52,220,100.0,153.64,179.79,Low,High,96.6,170.37,164.58,116.3,93.9,102.7,1.132
2023-08-16,2023,8,33,2,Wednesday,0,,0,0,60,1,160,178,160,18,183.2,100.0,29312.0,220,100.0,133.24,183.2,Medium,High,96.1,162.27,155.94,114.3,105.3,103.0,1.11
2023-08-17,2023,8,33,3,Thursday,0,,0,0,147,2,73,170,73,97,180.54,100.0,13179.42,220,100.0,59.91,180.54,High,High,94.4,168.0,158.59,106.0,106.6,99.6,1.064
2023-08-18,2023,8,33,4,Friday,0,,0,0,147,2,73,122,73,49,172.49,100.0,12591.77,220,100.0,57.24,172.49,High,Moderate,93.0,152.45,141.78,109.6,105.4,96.6,1.135
2023-08-19,2023,8,33,5,Saturday,1,,0,0,0,0,220,113,113,0,160.63,51.4,18151.19,113,51.4,82.51,160.63,Low,Low,48.6,153.52,74.61,118.6,107.0,95.0,1.248
2023-08-20,2023,8,33,6,Sunday,1,,0,0,77,1,143,89,89,0,158.67,62.2,14121.63,166,75.5,64.19,158.67,Low,Low,70.5,145.22,102.38,120.1,106.9,93.8,1.28
2023-08-21,2023,8,34,0,Monday,0,,0,0,77,1,143,156,143,13,175.89,100.0,25152.27,220,100.0,114.33,175.89,Medium,Moderate,94.9,161.15,152.93,119.9,108.0,98.5,1.217
2023-08-22,2023,8,34,1,Tuesday,0,,0,0,116,2,104,169,104,65,172.94,100.0,17985.76,220,100.0,81.75,172.94,High,High,93.6,160.06,149.82,107.9,112.1,102.0,1.058
2023-08-23,2023,8,34,2,Wednesday,0,,0,0,24,1,196,191,191,0,191.91,97.4,36654.81,215,97.7,166.61,191.91,Low,High,91.0,170.11,154.8,112.3,113.3,103.4,1.086
2023-08-24,2023,8,34,3,Thursday,0,,0,0,21,1,199,184,184,0,166.98,92.5,30724.32,205,93.2,139.66,166.98,Low,High,86.1,160.44,138.14,128.1,117.1,104.0,1.232
2023-08-25,2023,8,34,4,Friday,0,,0,0,90,3,130,114,114,0,167.61,87.7,19107.54,204,92.7,86.85,167.61,Low,Low,87.3,159.39,139.15,134.0,121.8,102.1,1.312
2023-08-26,2023,8,34,5,Saturday,1,,0,0,0,0,220,121,121,0,164.05,55.0,19850.05,121,55.0,90.23,164.05,Low,Moderate,51.7,152.58,78.88,135.1,126.9,101.0,1.338
2023-08-27,2023,8,34,6,Sunday,1,,0,0,173,3,47,78,47,31,171.53,100.0,8061.91,220,100.0,36.65,171.53,High,Low,94.2,154.0,145.07,129.1,124.6,98.4,1.312
2023-08-28,2023,8,35,0,Monday,0,,0,0,220,3,0,178,0,178,166.31,0.0,0.0,220,100.0,0.0,166.31,Sold Out,High,93.6,148.19,138.71,108.7,114.3,94.7,1.148
2023-08-29,2023,8,35,1,Tuesday,0,,0,0,220,4,0,187,0,187,174.63,0.0,0.0,220,100.0,0.0,174.63,Sold Out,High,92.4,159.55,147.42,93.9,100.9,92.2,1.018
2023-08-30,2023,8,35,2,Wednesday,0,,0,0,165,4,55,182,55,127,182.56,100.0,10040.8,220,100.0,45.64,182.56,High,High,92.7,171.05,158.56,74.4,93.4,92.7,0.803
2023-08-31,2023,8,35,3,Thursday,0,,0,0,27,1,193,159,159,0,175.63,82.4,27925.17,186,84.5,126.93,175.63,Low,High,79.9,164.35,131.32,70.9,99.5,98.0,0.723
2023-09-01,2023,9,35,4,Friday,0,,0,0,0,0,220,131,131,0,168.51,59.5,22074.81,131,59.5,100.34,168.51,Low,Moderate,56.8,162.89,92.52,73.3,103.6,102.4,0.716
2023-09-02,2023,9,35,5,Saturday,1,OSU Football,1,1,0,0,220,218,218,0,223.25,99.1,48668.5,218,99.1,221.22,223.25,Low,Peak,93.7,206.58,193.57,87.1,111.1,107.8,0.808
2023-09-03,2023,9,35,6,Sunday,1,OSU Football,1,1,56,1,164,218,164,54,207.22,100.0,33984.08,220,100.0,154.47,207.22,High,Peak,97.0,194.32,188.49,103.9,116.5,110.3,0.942
2023-09-04,2023,9,36,0,Monday,0,,0,0,143,3,77,192,77,115,180.49,100.0,13897.73,220,100.0,63.17,180.49,High,High,94.6,165.7,156.75,114.9,111.8,109.8,1.046
2023-09-05,2023,9,36,1,Tuesday,0,,0,0,53,1,167,214,167,47,186.13,100.0,31083.71,220,100.0,141.29,186.13,High,Peak,95.7,167.55,160.35,138.7,116.3,112.4,1.234
2023-09-06,2023,9,36,2,Wednesday,0,,0,0,78,3,142,218,142,76,186.87,100.0,26535.54,220,100.0,120.62,186.87,High,Peak,94.7,172.77,163.61,151.1,112.8,112.9,1.338
2023-09-07,2023,9,36,3,Thursday,0,,0,0,48,1,172,203,172,31,187.15,100.0,32189.8,220,100.0,146.32,187.15,High,Peak,95.4,173.19,165.22,153.0,111.9,117.0,1.308
2023-09-08,2023,9,36,4,Friday,0,,0,0,24,1,196,151,151,0,169.72,77.0,25627.72,175,79.5,116.49,169.72,Low,Moderate,76.0,153.66,116.78,155.9,114.6,116.3,1.34
2023-09-09,2023,9,36,5,Saturday,1,,0,0,0,0,220,133,133,0,173.23,60.5,23039.59,133,60.5,104.73,173.23,Low,Moderate,57.7,159.75,92.18,143.7,115.4,116.3,1.236
2023-09-10,2023,9,36,6,Sunday,1,,0,0,147,2,73,99,73,26,170.95,100.0,12479.35,220,100.0,56.72,170.95,Medium,Low,95.0,152.87,145.23,130.7,117.3,117.2,1.115
2023-09-11,2023,9,37,0,Monday,0,,0,0,147,2,73,186,73,113,171.91,100.0,12549.43,220,100.0,57.04,171.91,High,High,94.9,155.14,147.23,130.1,122.5,117.9,1.103
2023-09-12,2023,9,37,1,Tuesday,0,,0,0,220,5,0,210,0,210,188.98,0.0,0.0,220,100.0,0.0,188.98,Sold Out,Peak,95.0,174.46,165.74,106.3,122.5,115.3,0.922
2023-09-13,2023,9,37,2,Wednesday,0,,0,0,220,5,0,218,0,218,188.0,0.0,0.0,220,100.0,0.0,188.0,Sold Out,Peak,96.5,167.78,161.91,86.0,118.6,110.5,0.778
2023-09-14,2023,9,37,3,Thursday,0,,0,0,163,4,57,181,57,124,191.46,100.0,10913.22,220,100.0,49.61,191.46,High,High,92.5,172.04,159.14,69.6,111.3,106.1,0.656
2023-09-15,2023,9,37,4,Friday,0,,0,0,86,2,134,146,134,12,170.89,100.0,22899.26,220,100.0,104.09,170.89,Medium,Moderate,96.1,153.88,147.88,67.1,111.5,105.3,0.637
2023-09-16,2023,9,37,5,Saturday,1,OSU Football,1,1,88,2,132,218,132,86,225.0,100.0,29700.0,220,100.0,135.0,225.0,High,Peak,92.8,199.92,185.53,67.0,105.4,107.2,0.625
2023-09-17,2023,9,37,6,Sunday,1,OSU Football,1,1,107,2,113,218,113,105,211.91,100.0,23945.83,220,100.0,108.84,211.91,High,Peak,92.5,205.28,189.88,72.7,101.7,108.6,0.669
2023-09-18,2023,9,38,0,Monday,0,,0,0,75,1,145,166,145,21,178.54,100.0,25888.3,220,100.0,117.67,178.54,Medium,High,93.4,164.04,153.21,83.0,106.6,109.6,0.757
2023-09-19,2023,9,38,1,Tuesday,0,,0,0,146,3,74,218,74,144,184.53,100.0,13655.22,220,100.0,62.07,184.53,High,Peak,95.1,170.86,162.49,93.6,99.9,109.1,0.858
2023-09-20,2023,9,38,2,Wednesday,0,,0,0,133,4,87,211,87,124,183.92,100.0,16001.04,220,100.0,72.73,183.92,High,Peak,95.3,172.62,164.51,106.0,96.0,107.3,0.988
2023-09-21,2023,9,38,3,Thursday,0,,0,0,175,6,45,186,45,141,194.71,100.0,8761.95,220,100.0,39.83,194.71,High,High,94.0,188.67,177.35,104.3,86.9,105.3,0.991
2023-09-22,2023,9,38,4,Friday,0,,0,0,14,1,206,157,157,0,172.08,76.2,27016.56,171,77.7,122.8,172.08,Low,Moderate,75.1,151.97,114.13,107.6,87.4,104.2,1.033
2023-09-23,2023,9,38,5,Saturday,1,OSU Football,1,1,137,3,83,218,83,135,225.0,100.0,18675.0,220,100.0,84.89,225.0,High,Peak,96.5,212.91,205.46,100.6,83.8,100.8,0.998
2023-09-24,2023,9,38,6,Sunday,1,OSU Football,1,1,83,2,137,218,137,81,212.04,100.0,29049.48,220,100.0,132.04,212.04,High,Peak,92.1,199.39,183.64,104.0,88.4,101.6,1.024
2023-09-25,2023,9,39,0,Monday,0,,0,0,170,3,50,162,50,112,184.92,100.0,9246.0,220,100.0,42.03,184.92,High,High,94.2,170.83,160.92,90.4,86.7,99.2,0.911
2023-09-26,2023,9,39,1,Tuesday,0,,0,0,106,2,114,218,114,104,183.12,100.0,20875.68,220,100.0,94.89,183.12,High,Peak,93.2,174.86,162.97,96.1,94.9,101.4,0.948
2023-09-27,2023,9,39,2,Wednesday,0,,0,0,213,5,7,218,7,211,185.88,100.0,1301.16,220,100.0,5.91,185.88,High,Peak,94.9,173.83,164.96,84.7,95.4,101.7,0.833
2023-09-28,2023,9,39,3,Thursday,0,,0,0,80,1,140,179,140,39,180.51,100.0,25271.4,220,100.0,114.87,180.51,High,High,93.9,170.08,159.71,98.3,101.3,106.3,0.925
2023-09-29,2023,9,39,4,Friday,0,,0,0,80,1,140,144,140,4,181.93,100.0,25470.2,220,100.0,115.77,181.93,Low,Moderate,96.4,169.87,163.75,95.9,101.7,109.2,0.878
2023-09-30,2023,9,39,5,Saturday,1,,0,0,75,1,145,137,137,0,178.63,94.5,24472.31,212,96.4,111.24,178.63,Low,Moderate,91.9,172.23,158.28,103.6,102.1,108.4,0.956
2023-10-01,2023,10,39,6,Sunday,1,,0,0,0,0,220,90,90,0,168.12,40.9,15130.8,90,40.9,68.78,168.12,Low,Low,37.9,156.51,59.32,96.9,100.4,107.1,0.905
2023-10-02,2023,10,40,0,Monday,0,,0,0,25,1,195,212,195,17,181.52,100.0,35396.4,220,100.0,160.89,181.52,Medium,Peak,94.4,161.16,152.14,117.6,104.0,106.3,1.106
2023-10-03,2023,10,40,1,Tuesday,0,,0,0,88,3,132,218,132,86,190.06,100.0,25087.92,220,100.0,114.04,190.06,High,Peak,95.0,184.07,174.87,120.1,108.1,105.2,1.142
2023-10-04,2023,10,40,2,Wednesday,0,,0,0,220,4,0,218,0,218,191.9,0.0,0.0,220,100.0,0.0,191.9,Sold Out,Peak,94.9,184.88,175.45,119.1,101.9,102.7,1.16
2023-10-05,2023,10,40,3,Thursday,0,,0,0,137,2,83,193,83,110,184.85,100.0,15342.55,220,100.0,69.74,184.85,High,High,92.6,164.89,152.69,111.0,104.6,99.9,1.111
2023-10-06,2023,10,40,4,Friday,0,,0,0,0,0,220,138,138,0,169.67,62.7,23414.46,138,62.7,106.43,169.67,Low,Moderate,59.7,150.9,90.09,110.7,103.3,99.7,1.11
2023-10-07,2023,10,40,5,Saturday,1,OSU Football,1,1,49,3,171,218,171,47,225.0,100.0,38475.0,220,100.0,174.89,225.0,High,Peak,95.9,207.28,198.78,115.6,109.6,99.7,1.159
2023-10-08,2023,10,40,6,Sunday,1,OSU Football,1,1,100,2,120,218,120,98,214.39,100.0,25726.8,220,100.0,116.94,214.39,High,Peak,96.7,190.88,184.58,119.9,108.4,98.7,1.215
2023-10-09,2023,10,41,0,Monday,0,,0,0,34,1,186,211,186,25,182.22,100.0,33892.92,220,100.0,154.06,182.22,Medium,Peak,96.9,175.63,170.19,118.6,118.1,100.4,1.181
2023-10-10,2023,10,41,1,Tuesday,0,,0,0,59,1,161,200,161,39,188.18,100.0,30296.98,220,100.0,137.71,188.18,High,Peak,92.8,181.04,168.01,122.7,121.4,103.4,1.187
2023-10-11,2023,10,41,2,Wednesday,0,,0,0,59,1,161,218,161,57,196.87,100.0,31696.07,220,100.0,144.07,196.87,High,Peak,94.6,185.48,175.46,145.7,132.4,106.3,1.371
2023-10-12,2023,10,41,3,Thursday,0,,0,0,72,1,148,209,148,61,198.62,100.0,29395.76,220,100.0,133.62,198.62,High,Peak,94.0,183.19,172.2,155.0,133.0,111.2,1.394
2023-10-13,2023,10,41,4,Friday,0,,0,0,139,2,81,165,81,84,186.66,100.0,15119.46,220,100.0,68.72,186.66,High,High,95.2,167.22,159.19,146.9,128.8,113.9,1.29
2023-10-14,2023,10,41,5,Saturday,1,,0,0,89,2,131,148,131,17,192.14,100.0,25170.34,220,100.0,114.41,192.14,Medium,Moderate,93.8,180.27,169.09,141.1,128.4,116.4,1.212
2023-10-15,2023,10,41,6,Sunday,1,Columbus Marathon,1,0,121,3,99,218,99,119,187.84,100.0,18596.16,220,100.0,84.53,187.84,High,Peak,93.2,172.53,160.8,138.1,129.0,115.2,1.199
2023-10-16,2023,10,42,0,Monday,0,,0,0,0,0,220,207,207,0,185.64,94.1,38427.48,207,94.1,174.67,185.64,Low,Peak,90.7,164.45,149.16,141.1,129.9,117.7,1.199
2023-10-17,2023,10,42,1,Tuesday,0,,0,0,150,2,70,209,70,139,192.77,100.0,13493.9,220,100.0,61.34,192.77,High,Peak,92.9,171.17,159.02,128.1,125.4,116.3,1.101
2023-10-18,2023,10,42,2,Wednesday,0,,0,0,220,6,0,202,0,202,194.09,0.0,0.0,220,100.0,0.0,194.09,Sold Out,Peak,95.7,186.1,178.1,105.1,125.4,111.5,0.943
2023-10-19,2023,10,42,3,Thursday,0,,0,0,220,7,0,215,0,215,180.38,0.0,0.0,220,100.0,0.0,180.38,Sold Out,Peak,92.5,170.79,157.98,84.0,119.5,109.0,0.771
2023-10-20,2023,10,42,4,Friday,0,,0,0,205,4,15,144,15,129,187.15,100.0,2807.25,220,100.0,12.76,187.15,High,Moderate,95.1,167.61,159.4,74.6,110.7,106.6,0.7
2023-10-21,2023,10,42,5,Saturday,1,OSU Football,1,1,127,3,93,218,93,125,225.0,100.0,20925.0,220,100.0,95.11,225.0,High,Peak,95.8,208.43,199.68,69.1,105.1,108.2,0.639
2023-10-22,2023,10,42,6,Sunday,1,OSU Football,1,1,63,1,157,218,157,61,222.43,100.0,34921.51,220,100.0,158.73,222.43,High,Peak,94.8,197.34,187.08,77.4,107.8,108.2,0.715
2023-10-23,2023,10,43,0,Monday,0,,0,0,25,1,195,201,195,6,174.08,100.0,33945.6,220,100.0,154.3,174.08,Low,Peak,94.0,154.53,145.26,75.7,108.4,111.9,0.676
2023-10-24,2023,10,43,1,Tuesday,0,,0,0,88,3,132,214,132,82,194.71,100.0,25701.72,220,100.0,116.83,194.71,High,Peak,93.2,176.53,164.53,84.6,106.4,111.8,0.757
2023-10-25,2023,10,43,2,Wednesday,0,,0,0,0,0,220,218,218,0,193.68,99.1,42222.24,218,99.1,191.92,193.68,Low,Peak,93.3,179.96,167.9,115.7,110.4,117.4,0.986
2023-10-26,2023,10,43,3,Thursday,0,,0,0,0,0,220,183,183,0,185.43,83.2,33933.69,183,83.2,154.24,185.43,Low,High,78.7,163.25,128.48,141.9,112.9,119.7,1.185
2023-10-27,2023,10,43,4,Friday,0,,0,0,0,0,220,168,168,0,170.17,76.4,28588.56,168,76.4,129.95,170.17,Low,High,73.9,164.87,121.84,163.7,119.1,125.0,1.31
2023-10-28,2023,10,43,5,Saturday,1,,0,0,68,2,152,144,144,0,184.55,94.7,26575.2,212,96.4,120.8,184.55,Low,Moderate,89.1,168.71,150.32,171.0,120.1,125.2,1.366
2023-10-29,2023,10,43,6,Sunday,1,,0,0,88,3,132,102,102,0,173.32,77.3,17678.64,190,86.4,80.36,173.32,Low,Low,80.8,159.13,128.58,163.1,120.3,123.9,1.316
2023-10-30,2023,10,44,0,Monday,0,,0,0,142,2,78,172,78,94,183.59,100.0,14320.02,220,100.0,65.09,183.59,High,High,94.5,167.69,158.47,146.4,111.1,121.9,1.201
2023-10-31,2023,10,44,1,Tuesday,0,,0,0,142,2,78,218,78,140,191.49,100.0,14936.22,220,100.0,67.89,191.49,High,Peak,95.0,183.12,173.96,138.7,111.6,121.5,1.142
2023-11-01,2023,11,44,2,Wednesday,0,,0,0,87,1,133,161,133,28,185.55,100.0,24678.15,220,100.0,112.17,185.55,Medium,High,94.3,172.99,163.13,126.6,121.1,119.5,1.059
2023-11-02,2023,11,44,3,Thursday,0,,0,0,111,1,109,148,109,39,179.22,100.0,19534.98,220,100.0,88.8,179.22,High,Moderate,92.9,164.31,152.64,116.0,128.9,118.7,0.977
2023-11-03,2023,11,44,4,Friday,0,,0,0,177,3,43,113,43,70,175.24,100.0,7535.32,220,100.0,34.25,175.24,High,Low,96.0,158.87,152.52,98.1,130.9,120.1,0.817
2023-11-04,2023,11,44,5,Saturday,1,OSU Football,1,1,171,3,49,218,49,169,213.38,100.0,10455.62,220,100.0,47.53,213.38,High,Peak,94.1,194.03,182.58,84.6,127.8,119.0,0.711
2023-11-05,2023,11,44,6,Sunday,1,OSU Football,1,1,180,3,40,218,40,178,206.41,100.0,8256.4,220,100.0,37.53,206.41,High,Peak,96.8,198.1,191.76,75.7,119.4,115.7,0.654
2023-11-06,2023,11,45,0,Monday,0,,0,0,90,1,130,140,130,10,161.01,100.0,20931.3,220,100.0,95.14,161.01,Low,Moderate,96.0,155.67,149.44,83.1,114.8,114.4,0.726
2023-11-07,2023,11,45,1,Tuesday,0,,0,0,220,4,0,196,0,196,187.56,0.0,0.0,220,100.0,0.0,187.56,Sold Out,Peak,92.7,167.64,155.4,72.0,105.4,110.4,0.652
2023-11-08,2023,11,45,2,Wednesday,0,,0,0,213,3,7,196,7,189,177.6,100.0,1243.2,220,100.0,5.65,177.6,High,Peak,95.2,172.25,163.98,54.0,90.3,104.4,0.517
2023-11-09,2023,11,45,3,Thursday,0,,0,0,17,1,203,149,149,0,168.97,73.4,25176.53,166,75.5,114.44,168.97,Low,Moderate,69.7,161.37,112.47,59.7,87.9,104.0,0.574
2023-11-10,2023,11,45,4,Friday,0,,0,0,54,1,166,119,119,0,160.25,71.7,19069.75,173,78.6,86.68,160.25,Low,Moderate,75.8,145.87,110.57,70.6,84.4,102.6,0.688
2023-11-11,2023,11,45,5,Saturday,1,,0,0,190,3,30,130,30,100,184.15,100.0,5524.5,220,100.0,25.11,184.15,High,Moderate,92.8,168.95,156.79,67.9,76.2,98.7,0.688
2023-11-12,2023,11,45,6,Sunday,1,,0,0,86,1,134,75,75,0,145.09,56.0,10881.75,161,73.2,49.46,145.09,Low,Low,67.5,137.51,92.82,72.9,74.3,98.5,0.74
2023-11-13,2023,11,46,0,Monday,0,,0,0,0,0,220,168,168,0,160.71,76.4,26999.28,168,76.4,122.72,160.71,Low,High,71.9,147.12,105.78,78.3,80.7,99.7,0.785
2023-11-14,2023,11,46,1,Tuesday,0,,0,0,0,0,220,186,186,0,176.87,84.5,32897.82,186,84.5,149.54,176.87,Low,High,80.9,165.33,133.75,104.9,88.4,102.6,1.022
2023-11-15,2023,11,46,2,Wednesday,0,,0,0,48,2,172,171,171,0,177.06,99.4,30277.26,219,99.5,137.62,177.06,Low,High,92.8,161.09,149.49,128.3,91.1,101.4,1.265
2023-11-16,2023,11,46,3,Thursday,0,,0,0,12,1,208,154,154,0,167.79,74.0,25839.66,166,75.5,117.45,167.79,Low,Moderate,70.3,147.97,104.02,129.0,94.4,104.2,1.238
2023-11-17,2023,11,46,4,Friday,0,,0,0,164,2,56,113,56,57,171.69,100.0,9614.64,220,100.0,43.7,171.69,High,Low,93.8,151.59,142.19,120.0,95.3,106.1,1.131
2023-11-18,2023,11,46,5,Saturday,1,OSU Football,1,1,220,4,0,218,0,218,225.0,0.0,0.0,220,100.0,0.0,225.0,Sold Out,Peak,93.4,204.54,191.04,115.7,91.8,106.1,1.09
2023-11-19,2023,11,46,6,Sunday,1,OSU Football,1,1,53,2,167,218,167,51,211.96,100.0,35397.32,220,100.0,160.9,211.96,High,Peak,92.5,192.05,177.65,128.9,100.9,111.1,1.16
2023-11-20,2023,11,47,0,Monday,0,,0,0,20,1,200,169,169,0,149.18,84.5,25211.42,189,85.9,114.6,149.18,Low,High,82.2,137.01,112.62,129.0,103.6,113.7,1.135
2023-11-21,2023,11,47,1,Tuesday,0,,0,0,20,1,200,191,191,0,184.46,95.5,35231.86,211,95.9,160.14,184.46,Low,High,89.1,165.65,147.59,129.7,117.3,114.8,1.13
2023-11-22,2023,11,47,2,Wednesday,0,Thanksgiving Week,1,0,24,1,196,85,85,0,155.76,43.4,13239.6,109,49.5,60.18,155.76,Low,Low,46.4,144.72,67.15,117.4,122.9,111.1,1.057
2023-11-23,2023,11,47,3,Thursday,0,Thanksgiving Week,1,0,53,2,167,84,84,0,147.92,50.3,12425.28,137,62.3,56.48,147.92,Low,Low,58.7,141.12,82.84,107.4,118.2,109.5,0.981
2023-11-24,2023,11,47,4,Friday,0,Thanksgiving Week,1,0,39,1,181,95,95,0,147.71,52.5,14032.45,134,60.9,63.78,147.71,Low,Low,56.5,142.62,80.58,113.0,116.5,105.4,1.072
2023-11-25,2023,11,47,5,Saturday,1,Thanksgiving Week,1,0,106,3,114,99,99,0,153.96,86.8,15242.04,205,93.2,69.28,153.96,Low,Low,88.0,137.25,120.78,127.1,121.4,102.6,1.239
2023-11-26,2023,11,47,6,Sunday,1,Thanksgiving Week,1,0,34,1,186,98,98,0,135.41,52.7,13270.18,132,60.0,60.32,135.41,Low,Low,57.4,120.54,69.19,117.3,123.1,100.3,1.169
2023-11-27,2023,11,48,0,Monday,0,,0,0,0,0,220,157,157,0,158.84,71.4,24937.88,157,71.4,113.35,158.84,Low,Moderate,68.3,146.89,100.33,115.6,122.3,100.7,1.148
2023-11-28,2023,11,48,1,Tuesday,0,,0,0,51,1,169,185,169,16,181.34,100.0,30646.46,220,100.0,139.3,181.34,Medium,High,95.7,168.82,161.56,112.4,121.1,103.0,1.091
2023-11-29,2023,11,48,2,Wednesday,0,,0,0,0,0,220,168,168,0,173.67,76.4,29176.56,168,76.4,132.62,173.67,Low,High,73.0,163.77,119.55,124.3,120.9,106.0,1.173
2023-11-30,2023,11,48,3,Thursday,0,,0,0,111,2,109,179,109,70,185.29,100.0,20196.61,220,100.0,91.8,185.29,High,High,92.1,169.5,156.11,127.9,117.6,107.0,1.195
2023-12-01,2023,12,48,4,Friday,0,,0,0,111,2,109,73,73,0,135.26,67.0,9873.98,184,83.6,44.88,135.26,Low,Low,77.0,121.16,93.29,124.7,118.9,105.0,1.188
2023-12-02,2023,12,48,5,Saturday,1,,0,0,0,0,220,70,70,0,143.27,31.8,10028.9,70,31.8,45.59,143.27,Low,Soft,29.8,130.97,39.03,120.6,123.9,103.7,1.163
2023-12-03,2023,12,48,6,Sunday,1,,0,0,62,1,158,49,49,0,132.89,31.0,6511.61,111,50.5,29.6,132.89,Low,Soft,47.4,122.89,58.25,113.6,115.4,103.9,1.093
2023-12-04,2023,12,49,0,Monday,0,,0,0,0,0,220,111,111,0,130.39,50.5,14473.29,111,50.5,65.79,130.39,Low,Low,48.5,115.64,56.09,107.0,111.3,106.0,1.009
2023-12-05,2023,12,49,1,Tuesday,0,,0,0,0,0,220,101,101,0,156.21,45.9,15777.21,101,45.9,71.71,156.21,Low,Low,42.8,147.14,62.98,97.3,104.9,108.0,0.901
2023-12-06,2023,12,49,2,Wednesday,0,,0,0,101,2,119,104,104,0,149.61,87.4,15559.44,205,93.2,70.72,149.61,Low,Low,86.8,144.58,125.5,88.1,106.2,107.1,0.823
2023-12-07,2023,12,49,3,Thursday,0,,0,0,64,1,156,109,109,0,142.52,69.9,15534.68,173,78.6,70.61,142.52,Low,Low,72.6,133.1,96.63,88.1,108.0,110.8,0.795
2023-12-08,2023,12,49,4,Friday,0,,0,0,0,0,220,79,79,0,134.76,35.9,10646.04,79,35.9,48.39,134.76,Low,Low,34.7,119.55,41.48,89.0,106.9,113.2,0.786
2023-12-09,2023,12,49,5,Saturday,1,,0,0,136,2,84,69,69,0,156.4,82.1,10791.6,205,93.2,49.05,156.4,Low,Soft,87.1,144.1,125.51,88.9,104.7,110.5,0.805
2023-12-10,2023,12,49,6,Sunday,1,,0,0,68,1,152,50,50,0,135.85,32.9,6792.5,118,53.6,30.88,135.85,Low,Soft,50.5,127.87,64.57,89.0,101.3,108.2,0.823
2023-12-11,2023,12,50,0,Monday,0,,0,0,51,1,169,101,101,0,135.46,59.8,13681.46,152,69.1,62.19,135.46,Low,Low,66.1,129.05,85.3,87.6,97.3,110.6,0.792
2023-12-12,2023,12,50,1,Tuesday,0,,0,0,220,3,0,119,0,119,163.57,0.0,0.0,220,100.0,0.0,163.57,Sold Out,Moderate,95.3,158.29,150.85,73.1,85.2,108.1,0.676
2023-12-13,2023,12,50,2,Wednesday,0,,0,0,197,3,23,125,23,102,159.31,100.0,3664.13,220,100.0,16.66,159.31,High,Moderate,92.0,151.82,139.67,61.6,74.9,103.2,0.597
2023-12-14,2023,12,50,3,Thursday,0,,0,0,120,1,100,96,96,0,151.41,96.0,14535.36,216,98.2,66.07,151.41,Low,Low,93.1,141.43,131.67,59.7,73.9,100.2,0.596
2023-12-15,2023,12,50,4,Friday,0,,0,0,44,1,176,76,76,0,136.62,43.2,10383.12,120,54.5,47.2,136.62,Low,Low,50.2,128.27,64.39,59.3,74.1,97.1,0.611
2023-12-16,2023,12,50,5,Saturday,1,,0,0,78,3,142,85,85,0,143.86,59.9,12228.1,163,74.1,55.58,143.86,Low,Low,69.1,132.25,91.38,61.6,75.2,94.8,0.65
2023-12-17,2023,12,50,6,Sunday,1,,0,0,30,1,190,54,54,0,129.23,28.4,6978.42,84,38.2,31.72,129.23,Low,Soft,35.5,122.69,43.55,62.1,75.6,94.7,0.656
2023-12-18,2023,12,51,0,Monday,0,,0,0,0,0,220,92,92,0,133.17,41.8,12251.64,92,41.8,55.69,133.17,Low,Low,40.4,120.82,48.81,60.9,74.2,97.8,0.623
2023-12-19,2023,12,51,1,Tuesday,0,,0,0,0,0,220,123,123,0,147.19,55.9,18104.37,123,55.9,82.29,147.19,Low,Moderate,51.5,139.32,71.75,78.4,75.8,96.3,0.814
2023-12-20,2023,12,51,2,Wednesday,0,,0,0,76,1,144,108,108,0,154.53,75.0,16689.24,184,83.6,75.86,154.53,Low,Low,78.8,140.3,110.56,90.6,76.1,94.3,0.961
2023-12-21,2023,12,51,3,Thursday,0,,0,0,38,1,182,109,109,0,147.01,59.9,16024.09,147,66.8,72.84,147.01,Low,Low,63.6,130.74,83.15,92.4,76.1,91.5,1.01
2023-12-22,2023,12,51,4,Friday,0,,0,0,67,2,153,82,82,0,141.46,53.6,11599.72,149,67.7,52.73,141.46,Low,Low,65.5,134.85,88.33,93.3,76.3,91.4,1.021
2023-12-23,2023,12,51,5,Saturday,1,Holiday Week,1,0,43,1,177,39,39,0,128.96,22.0,5029.44,82,37.3,22.86,128.96,Low,Soft,34.5,123.01,42.44,86.7,74.1,89.9,0.964
2023-12-24,2023,12,51,6,Sunday,1,Holiday Week,1,0,168,2,52,41,41,0,115.76,78.8,4746.16,209,95.0,21.57,115.76,Low,Soft,91.1,111.12,101.23,84.9,73.5,88.1,0.964
2023-12-25,2023,12,52,0,Monday,0,Holiday Week,1,0,63,1,157,43,43,0,118.06,27.4,5076.58,106,48.2,23.08,118.06,Low,Soft,46.6,110.44,51.47,77.9,69.4,86.3,0.903
2023-12-26,2023,12,52,1,Tuesday,0,Holiday Week,1,0,128,3,92,42,42,0,129.86,45.7,5454.12,170,77.3,24.79,129.86,Low,Soft,73.8,121.54,89.7,66.3,72.4,84.4,0.786
2023-12-27,2023,12,52,2,Wednesday,0,Holiday Week,1,0,0,0,220,42,42,0,124.61,19.1,5233.62,42,19.1,23.79,124.61,Low,Soft,20.0,111.37,22.27,56.9,73.7,80.6,0.706
2023-12-28,2023,12,52,3,Thursday,0,Holiday Week,1,0,0,0,220,42,42,0,130.33,19.1,5473.86,42,19.1,24.88,130.33,Low,Soft,20.0,120.85,24.17,47.3,69.9,76.3,0.62
2023-12-29,2023,12,52,4,Friday,0,Holiday Week,1,0,87,2,133,37,37,0,122.4,27.8,4528.8,124,56.4,20.59,122.4,Low,Soft,53.2,112.33,59.76,40.9,67.1,72.0,0.568
2023-12-30,2023,12,52,5,Saturday,1,Holiday Week,1,0,0,0,220,37,37,0,119.53,16.8,4422.61,37,16.8,20.1,119.53,Low,Soft,20.0,110.8,22.16,40.6,63.6,69.6,0.583
2023-12-31,2023,12,52,6,Sunday,1,Holiday Week,1,0,23,1,197,45,45,0,115.0,22.8,5175.0,68,30.9,23.52,115.0,Low,Soft,28.7,109.91,31.54,41.1,63.0,68.6,0.599
2024-01-01,2024,1,1,0,Monday,0,,0,0,131,3,89,123,89,34,148.38,100.0,13205.82,220,100.0,60.03,148.38,High,Moderate,92.4,133.91,123.73,47.7,62.8,69.3,0.688
2024-01-02,2024,1,1,1,Tuesday,0,,0,0,108,2,112,122,112,10,159.37,100.0,17849.44,220,100.0,81.13,159.37,Low,Moderate,94.2,141.99,133.75,57.7,62.0,71.4,0.808
2024-01-03,2024,1,1,2,Wednesday,0,,0,0,38,1,182,137,137,0,155.35,75.3,21282.95,175,79.5,96.74,155.35,Low,Moderate,75.7,137.72,104.25,71.3,64.1,72.2,0.988
2024-01-04,2024,1,1,3,Thursday,0,,0,0,72,2,148,122,122,0,155.09,82.4,18920.98,194,88.2,86.0,155.09,Low,Moderate,83.5,150.38,125.57,82.7,65.0,72.9,1.134
2024-01-05,2024,1,1,4,Friday,0,,0,0,125,3,95,83,83,0,142.0,87.4,11786.0,208,94.5,53.57,142.0,Low,Low,87.8,134.57,118.15,89.3,65.1,72.2,1.237
2024-01-06,2024,1,1,5,Saturday,1,,0,0,83,3,137,91,91,0,142.46,66.4,12963.86,174,79.1,58.93,142.46,Low,Low,74.1,131.26,97.26,97.0,68.8,71.6,1.355
2024-01-07,2024,1,1,6,Sunday,1,,0,0,30,1,190,64,64,0,128.2,33.7,8204.8,94,42.7,37.29,128.2,Low,Soft,40.9,116.77,47.76,99.7,70.4,71.1,1.402
2024-01-08,2024,1,2,0,Monday,0,,0,0,0,0,220,130,130,0,131.54,59.1,17100.2,130,59.1,77.73,131.54,Low,Moderate,54.8,118.74,65.07,105.6,76.6,73.2,1.443
2024-01-09,2024,1,2,1,Tuesday,0,,0,0,0,0,220,128,128,0,146.15,58.2,18707.2,128,58.2,85.03,146.15,Low,Moderate,54.0,129.8,70.09,107.9,82.8,75.8,1.423
2024-01-10,2024,1,2,2,Wednesday,0,,0,0,37,1,183,139,139,0,161.11,76.0,22394.29,176,80.0,101.79,161.11,Low,Moderate,77.3,148.08,114.47,108.1,89.7,77.0,1.404
2024-01-11,2024,1,2,3,Thursday,0,,0,0,100,3,120,123,120,3,150.68,100.0,18081.6,220,100.0,82.19,150.68,Low,Moderate,95.7,141.51,135.43,107.9,95.3,81.0,1.332
2024-01-12,2024,1,2,4,Friday,0,,0,0,45,1,175,86,86,0,145.22,49.1,12488.92,131,59.5,56.77,145.22,Low,Low,55.6,138.32,76.91,108.3,98.8,83.1,1.303
2024-01-13,2024,1,2,5,Saturday,1,,0,0,143,2,77,92,77,15,163.62,100.0,12598.74,220,100.0,57.27,163.62,Medium,Low,94.1,151.02,142.11,106.3,101.6,82.5,1.288
2024-01-14,2024,1,2,6,Sunday,1,,0,0,135,2,85,61,61,0,135.76,71.8,8281.36,196,89.1,37.64,135.76,Low,Soft,83.9,125.33,105.15,105.9,102.8,82.0,1.291
2024-01-15,2024,1,3,0,Monday,0,,0,0,0,0,220,111,111,0,140.87,50.5,15636.57,111,50.5,71.08,140.87,Low,Low,47.3,132.74,62.79,103.1,104.4,82.9,1.244
2024-01-16,2024,1,3,1,Tuesday,0,,0,0,83,2,137,139,137,2,157.58,100.0,21588.46,220,100.0,98.13,157.58,Low,Moderate,92.7,142.78,132.36,104.4,106.1,85.6,1.22
2024-01-17,2024,1,3,2,Wednesday,0,,0,0,64,1,156,132,132,0,157.99,84.6,20854.68,196,89.1,94.79,157.99,Low,Moderate,85.9,145.61,125.08,103.4,105.8,87.0,1.189
2024-01-18,2024,1,3,3,Thursday,0,,0,0,39,1,181,112,112,0,146.22,61.9,16376.64,151,68.6,74.44,146.22,Low,Low,63.5,132.56,84.18,102.3,105.1,86.6,1.181
2024-01-19,2024,1,3,4,Friday,0,,0,0,62,1,158,95,95,0,140.43,60.1,13340.85,157,71.4,60.64,140.43,Low,Low,69.0,123.71,85.36,103.6,105.9,86.2,1.202
2024-01-20,2024,1,3,5,Saturday,1,,0,0,71,2,149,84,84,0,136.96,56.4,11504.64,155,70.5,52.29,136.96,Low,Low,66.3,122.72,81.36,104.6,105.4,85.3,1.226
2024-01-21,2024,1,3,6,Sunday,1,,0,0,67,2,153,57,57,0,137.85,37.3,7857.45,124,56.4,35.72,137.85,Low,Soft,52.0,126.41,65.73,104.0,104.9,84.5,1.231
2024-01-22,2024,1,4,0,Monday,0,,0,0,68,1,152,115,115,0,142.34,75.7,16369.1,183,83.2,74.41,142.34,Low,Moderate,78.0,131.49,102.56,104.6,103.9,87.0,1.202
2024-01-23,2024,1,4,1,Tuesday,0,,0,0,220,4,0,130,0,130,160.55,0.0,0.0,220,100.0,0.0,160.55,Sold Out,Moderate,96.3,143.96,138.63,85.0,94.7,85.7,0.992
2024-01-24,2024,1,4,2,Wednesday,0,,0,0,127,2,93,131,93,38,164.38,100.0,15287.34,220,100.0,69.49,164.38,High,Moderate,92.3,158.73,146.51,79.4,91.4,87.3,0.91
2024-01-25,2024,1,4,3,Thursday,0,,0,0,0,0,220,121,121,0,148.2,55.0,17932.2,121,55.0,81.51,148.2,Low,Moderate,51.4,133.99,68.87,80.7,91.5,90.0,0.897
2024-01-26,2024,1,4,4,Friday,0,,0,0,160,2,60,84,60,24,154.04,100.0,9242.4,220,100.0,42.01,154.04,Medium,Low,94.2,147.03,138.5,75.7,89.6,90.6,0.836
2024-01-27,2024,1,4,5,Saturday,1,,0,0,193,3,27,97,27,70,154.39,100.0,4168.53,220,100.0,18.95,154.39,High,Low,92.7,137.27,127.25,67.6,86.1,90.1,0.75
2024-01-28,2024,1,4,6,Sunday,1,,0,0,33,1,187,61,61,0,130.38,32.6,7953.18,94,42.7,36.15,130.38,Low,Soft,40.4,125.27,50.61,68.1,86.1,90.9,0.749
2024-01-29,2024,1,5,0,Monday,0,,0,0,33,1,187,129,129,0,139.14,69.0,17949.06,162,73.6,81.59,139.14,Low,Moderate,68.7,123.59,84.91,70.1,87.4,93.9,0.747
2024-01-30,2024,1,5,1,Tuesday,0,,0,0,30,1,190,122,122,0,153.72,64.2,18753.84,152,69.1,85.24,153.72,Low,Moderate,64.9,148.21,96.19,87.6,86.3,96.5,0.908
2024-01-31,2024,1,5,2,Wednesday,0,,0,0,0,0,220,129,129,0,146.02,58.6,18836.58,129,58.6,85.62,146.02,Low,Moderate,54.9,140.29,77.02,92.7,86.1,97.8,0.948
2024-02-01,2024,2,5,3,Thursday,0,,0,0,0,0,220,121,121,0,154.59,55.0,18705.39,121,55.0,85.02,154.59,Low,Moderate,50.9,146.19,74.41,92.7,86.7,98.1,0.945
2024-02-02,2024,2,5,4,Friday,0,,0,0,0,0,220,114,114,0,146.86,51.8,16742.04,114,51.8,76.1,146.86,Low,Low,49.3,139.3,68.67,100.4,88.1,97.4,1.031
2024-02-03,2024,2,5,5,Saturday,1,,0,0,85,2,135,93,93,0,148.17,68.9,13779.81,178,80.9,62.64,148.17,Low,Low,75.1,140.09,105.21,109.9,88.7,96.4,1.14
2024-02-04,2024,2,5,6,Sunday,1,,0,0,114,3,106,64,64,0,140.14,60.4,8968.96,178,80.9,40.77,140.14,Low,Soft,74.7,132.65,99.09,110.3,89.2,95.8,1.151
2024-02-05,2024,2,6,0,Monday,0,,0,0,75,2,145,137,137,0,151.03,94.5,20691.11,212,96.4,94.05,151.03,Low,Moderate,93.0,135.46,125.98,111.4,90.8,97.3,1.145
2024-02-06,2024,2,6,1,Tuesday,0,,0,0,0,0,220,147,147,0,159.15,66.8,23395.05,147,66.8,106.34,159.15,Low,Moderate,62.0,144.34,89.49,115.0,101.3,100.1,1.149
2024-02-07,2024,2,6,2,Wednesday,0,,0,0,81,3,139,138,138,0,176.74,99.3,24390.12,219,99.5,110.86,176.74,Low,Moderate,93.3,161.36,150.55,116.3,104.5,100.3,1.16
2024-02-08,2024,2,6,3,Thursday,0,,0,0,67,2,153,139,139,0,162.5,90.8,22587.5,206,93.6,102.67,162.5,Low,Moderate,89.8,146.84,131.86,118.9,105.8,100.7,1.181
2024-02-09,2024,2,6,4,Friday,0,,0,0,37,1,183,96,96,0,145.91,52.5,14007.36,133,60.5,63.67,145.91,Low,Low,58.6,140.27,82.2,116.3,108.4,99.3,1.171
2024-02-10,2024,2,6,5,Saturday,1,,0,0,20,1,200,107,107,0,152.77,53.5,16346.39,127,57.7,74.3,152.77,Low,Low,54.0,140.02,75.61,118.3,114.1,98.8,1.197
2024-02-11,2024,2,6,6,Sunday,1,,0,0,220,3,0,62,0,62,151.73,0.0,0.0,220,100.0,0.0,151.73,Sold Out,Soft,94.1,144.56,136.03,109.1,109.7,96.0,1.136
2024-02-12,2024,2,7,0,Monday,0,,0,0,206,4,14,134,14,120,145.23,100.0,2033.22,220,100.0,9.24,145.23,High,Moderate,95.7,131.01,125.38,91.6,101.5,93.9,0.976
2024-02-13,2024,2,7,1,Tuesday,0,,0,0,155,3,65,153,65,88,169.36,100.0,11008.4,220,100.0,50.04,169.36,High,Moderate,94.0,157.02,147.6,79.9,97.4,94.0,0.85
2024-02-14,2024,2,7,2,Wednesday,0,,0,0,59,1,161,139,139,0,159.14,86.3,22120.46,198,90.0,100.55,159.14,Low,Moderate,86.1,150.04,129.18,80.0,98.1,94.9,0.843
2024-02-15,2024,2,7,3,Thursday,0,,0,0,59,1,161,124,124,0,157.72,77.0,19557.28,183,83.2,88.9,157.72,Low,Moderate,79.4,144.58,114.8,77.9,98.4,94.5,0.824
2024-02-16,2024,2,7,4,Friday,0,,0,0,59,1,161,97,97,0,147.24,60.2,14282.28,156,70.9,64.92,147.24,Low,Low,68.7,141.18,96.99,78.0,97.1,93.3,0.836
2024-02-17,2024,2,7,5,Saturday,1,,0,0,58,1,162,98,98,0,154.7,60.5,15160.6,156,70.9,68.91,154.7,Low,Low,66.7,146.11,97.46,76.7,97.5,92.9,0.826
2024-02-18,2024,2,7,6,Sunday,1,,0,0,63,1,157,71,71,0,131.17,45.2,9313.07,134,60.9,42.33,131.17,Low,Low,58.7,120.3,70.62,86.9,98.0,92.1,0.944
2024-02-19,2024,2,8,0,Monday,0,,0,0,115,3,105,127,105,22,158.14,100.0,16604.7,220,100.0,75.48,158.14,Medium,Moderate,93.1,140.31,130.63,99.9,95.7,92.8,1.077
2024-02-20,2024,2,8,1,Tuesday,0,,0,0,49,1,171,158,158,0,169.4,92.4,26765.2,207,94.1,121.66,169.4,Low,Moderate,89.3,155.37,138.75,113.1,96.5,96.1,1.177
2024-02-21,2024,2,8,2,Wednesday,0,,0,0,30,1,190,150,150,0,160.13,78.9,24019.5,180,81.8,109.18,160.13,Low,Moderate,77.9,148.64,115.79,114.7,97.4,97.3,1.179
2024-02-22,2024,2,8,3,Thursday,0,,0,0,84,2,136,148,136,12,158.11,100.0,21502.96,220,100.0,97.74,158.11,Medium,Moderate,93.1,151.68,141.21,116.4,97.1,101.8,1.143
2024-02-23,2024,2,8,4,Friday,0,,0,0,64,2,156,110,110,0,151.28,70.5,16640.8,174,79.1,75.64,151.28,Low,Low,75.6,135.23,102.23,118.3,98.1,102.4,1.155
2024-02-24,2024,2,8,5,Saturday,1,,0,0,0,0,220,105,105,0,155.53,47.7,16330.65,105,47.7,74.23,155.53,Low,Low,44.2,145.55,64.33,119.3,98.0,101.9,1.171
2024-02-25,2024,2,8,6,Sunday,1,,0,0,43,1,177,75,75,0,144.24,42.4,10818.0,118,53.6,49.17,144.24,Low,Low,49.6,131.08,65.02,119.9,103.4,102.4,1.171
2024-02-26,2024,2,9,0,Monday,0,,0,0,43,1,177,137,137,0,144.62,77.4,19812.94,180,81.8,90.06,144.62,Low,Moderate,75.5,139.66,105.44,124.4,112.1,106.0,1.174
2024-02-27,2024,2,9,1,Tuesday,0,,0,0,54,1,166,165,165,0,161.63,99.4,26668.95,219,99.5,121.22,161.63,Low,High,96.2,149.59,143.91,125.4,119.3,109.5,1.145
2024-02-28,2024,2,9,2,Wednesday,0,,0,0,160,2,60,148,60,88,168.93,100.0,10135.8,220,100.0,46.07,168.93,High,Moderate,93.6,151.23,141.55,112.6,113.6,107.2,1.05
2024-02-29,2024,2,9,3,Thursday,0,,0,0,111,2,109,146,109,37,165.3,100.0,18017.7,220,100.0,81.9,165.3,High,Moderate,96.7,149.75,144.81,108.7,112.6,106.8,1.018
2024-03-01,2024,3,9,4,Friday,0,,0,0,111,2,109,106,106,0,162.77,97.2,17253.62,217,98.6,78.43,162.77,Low,Low,91.8,144.62,132.76,108.1,113.2,106.0,1.02
2024-03-02,2024,3,9,5,Saturday,1,,0,0,71,2,149,117,117,0,164.61,78.5,19259.37,188,85.5,87.54,164.61,Low,Moderate,81.7,145.25,118.67,109.9,114.6,105.9,1.038
2024-03-03,2024,3,9,6,Sunday,1,,0,0,71,2,149,71,71,0,142.15,47.7,10092.65,142,64.5,45.88,142.15,Low,Low,61.4,128.94,79.17,109.3,114.6,104.4,1.047
2024-03-04,2024,3,10,0,Monday,0,,0,0,133,2,87,163,87,76,164.18,100.0,14283.66,220,100.0,64.93,164.18,High,High,92.4,145.14,134.11,102.1,113.3,104.2,0.98
2024-03-05,2024,3,10,1,Tuesday,0,,0,0,207,3,13,159,13,146,185.45,100.0,2410.85,220,100.0,10.96,185.45,High,High,95.1,166.39,158.24,80.4,102.9,102.5,0.784
2024-03-06,2024,3,10,2,Wednesday,0,,0,0,74,1,146,164,146,18,175.55,100.0,25630.3,220,100.0,116.5,175.55,Medium,High,96.8,166.88,161.54,92.7,102.6,102.8,0.902
2024-03-07,2024,3,10,3,Thursday,0,Arnold Sports Festival,1,0,0,0,220,218,218,0,202.46,99.1,44136.28,218,99.1,200.62,202.46,Low,Peak,93.5,190.68,178.29,108.3,108.5,105.2,1.029
2024-03-08,2024,3,10,4,Friday,0,Arnold Sports Festival,1,0,0,0,220,218,218,0,186.78,99.1,40718.04,218,99.1,185.08,186.78,Low,Peak,95.8,172.72,165.47,124.3,116.2,107.9,1.152
2024-03-09,2024,3,10,5,Saturday,1,Arnold Sports Festival,1,0,38,1,182,218,182,36,194.12,100.0,35329.84,220,100.0,160.59,194.12,High,Peak,95.3,177.35,169.01,133.6,121.7,109.3,1.222
2024-03-10,2024,3,10,6,Sunday,1,Arnold Sports Festival,1,0,29,1,191,218,191,27,193.4,100.0,36939.4,220,100.0,167.91,193.4,Medium,Peak,93.3,172.99,161.4,150.7,130.0,112.5,1.34
2024-03-11,2024,3,11,0,Monday,0,,0,0,83,1,137,154,137,17,169.53,100.0,23225.61,220,100.0,105.57,169.53,Medium,Moderate,93.2,150.27,140.05,157.9,130.0,113.5,1.391
2024-03-12,2024,3,11,1,Tuesday,0,,0,0,207,4,13,178,13,165,173.02,100.0,2249.26,220,100.0,10.22,173.02,High,High,93.3,164.96,153.91,157.9,119.1,113.9,1.386
2024-03-13,2024,3,11,2,Wednesday,0,,0,0,113,3,107,188,107,81,171.76,100.0,18378.32,220,100.0,83.54,171.76,High,High,92.7,164.37,152.37,152.3,122.5,117.0,1.302
2024-03-14,2024,3,11,3,Thursday,0,,0,0,101,3,119,137,119,18,172.15,100.0,20485.85,220,100.0,93.12,172.15,Medium,Moderate,92.6,152.94,141.62,138.1,123.2,118.8,1.162
2024-03-15,2024,3,11,4,Friday,0,,0,0,171,4,49,114,49,65,174.14,100.0,8532.86,220,100.0,38.79,174.14,High,Low,96.2,162.75,156.57,114.0,119.1,115.8,0.984
2024-03-16,2024,3,11,5,Saturday,1,,0,0,23,1,197,105,105,0,161.31,53.3,16937.55,128,58.2,76.99,161.31,Low,Low,56.4,153.14,86.37,103.0,118.3,115.2,0.894
2024-03-17,2024,3,11,6,Sunday,1,,0,0,37,1,183,74,74,0,151.61,40.4,11219.14,111,50.5,51.0,151.61,Low,Low,47.2,146.64,69.21,86.3,118.5,114.4,0.754
2024-03-18,2024,3,12,0,Monday,0,,0,0,0,0,220,147,147,0,150.68,66.8,22149.96,147,66.8,100.68,150.68,Low,Moderate,63.6,144.41,91.84,87.7,122.8,116.0,0.756
2024-03-19,2024,3,12,1,Tuesday,0,,0,0,0,0,220,157,157,0,160.91,71.4,25262.87,157,71.4,114.83,160.91,Low,Moderate,68.8,152.6,104.99,108.3,133.1,118.9,0.911
2024-03-20,2024,3,12,2,Wednesday,0,,0,0,71,1,149,168,149,19,172.63,100.0,25721.87,220,100.0,116.92,172.63,Medium,High,94.1,163.96,154.29,114.3,133.3,120.4,0.949
2024-03-21,2024,3,12,3,Thursday,0,,0,0,131,3,89,148,89,59,163.43,100.0,14545.27,220,100.0,66.11,163.43,High,Moderate,94.4,157.98,149.13,110.0,124.1,118.1,0.931
2024-03-22,2024,3,12,4,Friday,0,,0,0,32,1,188,132,132,0,153.46,70.2,20256.72,164,74.5,92.08,153.46,Low,Moderate,71.3,139.72,99.62,121.9,117.9,117.5,1.037
2024-03-23,2024,3,12,5,Saturday,1,,0,0,126,2,94,118,94,24,176.04,100.0,16547.76,220,100.0,75.22,176.04,Medium,Moderate,96.6,161.68,156.18,120.3,111.6,116.1,1.036
2024-03-24,2024,3,12,6,Sunday,1,,0,0,83,1,137,71,71,0,145.88,51.8,10357.48,154,70.0,47.08,145.88,Low,Low,65.2,136.7,89.13,119.9,103.1,114.8,1.044
2024-03-25,2024,3,13,0,Monday,0,,0,0,212,3,8,161,8,153,159.73,100.0,1277.84,220,100.0,5.81,159.73,High,High,93.2,140.99,131.4,100.0,93.9,111.5,0.897
2024-03-26,2024,3,13,1,Tuesday,0,,0,0,182,3,38,184,38,146,190.1,100.0,7223.8,220,100.0,32.84,190.1,High,High,92.7,183.52,170.12,83.0,95.6,110.3,0.752
2024-03-27,2024,3,13,2,Wednesday,0,,0,0,182,3,38,166,38,128,173.58,100.0,6596.04,220,100.0,29.98,173.58,High,High,95.7,161.52,154.57,67.1,90.7,107.0,0.627
2024-03-28,2024,3,13,3,Thursday,0,,0,0,133,2,87,136,87,49,168.22,100.0,14635.14,220,100.0,66.52,168.22,High,Moderate,95.0,151.66,144.08,66.9,88.4,104.4,0.641
2024-03-29,2024,3,13,4,Friday,0,,0,0,56,1,164,113,113,0,150.96,68.9,17058.48,169,76.8,77.54,150.96,Low,Low,71.5,133.03,95.12,64.1,93.0,106.2,0.604
2024-03-30,2024,3,13,5,Saturday,1,,0,0,56,1,164,122,122,0,156.87,74.4,19138.14,178,80.9,86.99,156.87,Low,Moderate,76.2,140.42,107.0,68.1,94.2,106.6,0.639
2024-03-31,2024,3,13,6,Sunday,1,,0,0,142,3,78,83,78,5,153.26,100.0,11954.28,220,100.0,54.34,153.26,Low,Low,92.3,143.15,132.13,69.1,94.5,105.7,0.654
2024-04-01,2024,4,14,0,Monday,0,,0,0,121,1,99,195,99,96,167.89,100.0,16621.11,220,100.0,75.55,167.89,High,Peak,95.1,159.31,151.5,82.1,91.1,105.1,0.781
2024-04-02,2024,4,14,1,Tuesday,0,,0,0,159,2,61,206,61,145,190.35,100.0,11611.35,220,100.0,52.78,190.35,High,Peak,93.2,173.95,162.12,85.4,84.2,104.7,0.816
2024-04-03,2024,4,14,2,Wednesday,0,,0,0,137,3,83,189,83,106,193.11,100.0,16028.13,220,100.0,72.86,193.11,High,High,93.9,179.07,168.15,91.9,79.5,104.6,0.879
2024-04-04,2024,4,14,3,Thursday,0,,0,0,36,1,184,189,184,5,185.97,100.0,34218.48,220,100.0,155.54,185.97,Low,High,96.5,178.76,172.5,105.7,86.3,110.3,0.958
2024-04-05,2024,4,14,4,Friday,0,,0,0,12,1,208,158,158,0,161.55,76.0,25524.9,170,77.3,116.02,161.55,Low,Moderate,71.8,152.24,109.31,112.1,88.1,110.7,1.013
2024-04-06,2024,4,14,5,Saturday,1,,0,0,37,1,183,141,141,0,164.82,77.0,23239.62,178,80.9,105.63,164.82,Low,Moderate,75.6,153.62,116.14,114.9,91.5,108.1,1.063
2024-04-07,2024,4,14,6,Sunday,1,,0,0,212,4,8,88,8,80,158.97,100.0,1271.76,220,100.0,5.78,158.97,High,Low,93.4,141.29,131.96,104.9,87.0,101.1,1.038
2024-04-08,2024,4,15,0,Monday,0,,0,0,67,1,153,183,153,30,170.58,100.0,26098.74,220,100.0,118.63,170.58,Medium,High,93.5,156.22,146.07,112.6,97.4,100.2,1.124
2024-04-09,2024,4,15,1,Tuesday,0,,0,0,117,2,103,212,103,109,187.25,100.0,19286.75,220,100.0,87.67,187.25,High,Peak,94.3,176.09,166.05,118.6,102.0,97.2,1.22
2024-04-10,2024,4,15,2,Wednesday,0,,0,0,127,1,93,209,93,116,194.72,100.0,18108.96,220,100.0,82.31,194.72,High,Peak,92.7,181.24,168.01,120.0,105.9,95.8,1.253
2024-04-11,2024,4,15,3,Thursday,0,,0,0,220,4,0,199,0,199,183.96,0.0,0.0,220,100.0,0.0,183.96,Sold Out,Peak,94.7,178.18,168.74,93.7,99.7,95.3,0.983
2024-04-12,2024,4,15,4,Friday,0,,0,0,220,4,0,152,0,152,173.9,0.0,0.0,220,100.0,0.0,173.9,Sold Out,Moderate,92.8,159.03,147.58,71.1,91.6,91.8,0.775
2024-04-13,2024,4,15,5,Saturday,1,,0,0,36,1,184,152,152,0,167.44,82.6,25450.88,188,85.5,115.69,167.44,Low,Moderate,81.7,148.38,121.23,72.7,93.8,92.9,0.783
2024-04-14,2024,4,15,6,Sunday,1,,0,0,220,4,0,81,0,81,160.62,0.0,0.0,220,100.0,0.0,160.62,Sold Out,Low,93.8,153.95,144.41,71.6,88.2,91.2,0.785
2024-04-15,2024,4,16,0,Monday,0,,0,0,220,6,0,182,0,182,172.02,0.0,0.0,220,100.0,0.0,172.02,Sold Out,High,92.7,157.55,146.05,49.7,81.1,87.7,0.567
2024-04-16,2024,4,16,1,Tuesday,0,,0,0,87,2,133,204,133,71,184.81,100.0,24579.73,220,100.0,111.73,184.81,High,Peak,95.5,163.95,156.57,54.0,86.3,89.7,0.602
2024-04-17,2024,4,16,2,Wednesday,0,,0,0,66,1,154,186,154,32,184.72,100.0,28446.88,220,100.0,129.3,184.72,High,High,94.5,166.07,156.94,62.7,91.4,89.9,0.697
2024-04-18,2024,4,16,3,Thursday,0,,0,0,27,1,193,164,164,0,172.9,85.0,28355.6,191,86.8,128.89,172.9,Low,High,81.6,161.62,131.88,86.1,89.9,90.2,0.955
2024-04-19,2024,4,16,4,Friday,0,,0,0,27,1,193,148,148,0,167.86,76.7,24843.28,175,79.5,112.92,167.86,Low,Moderate,75.9,161.81,122.81,107.3,89.2,90.1,1.191
2024-04-20,2024,4,16,5,Saturday,1,,0,0,20,1,200,126,126,0,172.23,63.0,21700.98,146,66.4,98.64,172.23,Low,Moderate,63.4,157.95,100.14,103.6,88.1,91.4,1.133
2024-04-21,2024,4,16,6,Sunday,1,,0,0,28,1,192,81,81,0,145.63,42.2,11796.03,109,49.5,53.62,145.63,Low,Low,47.8,132.15,63.17,115.1,93.4,89.7,1.283
2024-04-22,2024,4,17,0,Monday,0,,0,0,28,1,192,173,173,0,172.07,90.1,29768.11,201,91.4,135.31,172.07,Low,High,85.1,154.19,131.22,139.9,94.8,92.3,1.516
2024-04-23,2024,4,17,1,Tuesday,0,,0,0,103,2,117,186,117,69,183.73,100.0,21496.41,220,100.0,97.71,183.73,High,High,96.1,162.24,155.91,137.6,95.8,93.8,1.467
2024-04-24,2024,4,17,2,Wednesday,0,,0,0,212,3,8,210,8,202,181.91,100.0,1455.28,220,100.0,6.61,181.91,High,Peak,96.3,167.69,161.49,116.7,89.7,93.8,1.244
2024-04-25,2024,4,17,3,Thursday,0,,0,0,212,3,8,168,8,160,180.69,100.0,1445.52,220,100.0,6.57,180.69,High,High,96.9,173.57,168.19,94.4,90.3,92.8,1.017
2024-04-26,2024,4,17,4,Friday,0,,0,0,25,1,195,134,134,0,166.01,68.7,22245.34,159,72.3,101.12,166.01,Low,Moderate,69.9,147.98,103.44,92.4,99.9,96.0,0.962
2024-04-27,2024,4,17,5,Saturday,1,,0,0,56,1,164,146,146,0,169.67,89.0,24771.82,202,91.8,112.6,169.67,Low,Moderate,87.3,158.57,138.43,95.3,99.4,98.0,0.972
2024-04-28,2024,4,17,6,Sunday,1,,0,0,93,2,127,81,81,0,146.38,63.8,11856.78,174,79.1,53.89,146.38,Low,Low,76.5,132.01,100.99,95.3,105.2,96.9,0.983
2024-04-29,2024,4,18,0,Monday,0,,0,0,59,3,161,159,159,0,162.65,98.8,25861.35,218,99.1,117.55,162.65,Low,High,93.6,156.04,146.05,93.3,116.6,98.2,0.95
2024-04-30,2024,4,18,1,Tuesday,0,,0,0,37,1,183,197,183,14,174.66,100.0,31962.78,220,100.0,145.29,174.66,Medium,Peak,96.0,165.18,158.57,102.7,120.1,101.7,1.01
2024-05-01,2024,5,18,2,Wednesday,0,,0,0,0,0,220,208,208,0,191.07,94.5,39742.56,208,94.5,180.65,191.07,Low,Peak,90.5,172.45,156.07,131.3,124.0,105.3,1.247
2024-05-02,2024,5,18,3,Thursday,0,,0,0,62,1,158,188,158,30,188.45,100.0,29775.1,220,100.0,135.34,188.45,Medium,High,95.5,178.53,170.5,152.7,123.6,108.5,1.407
2024-05-03,2024,5,18,4,Friday,0,,0,0,62,1,158,167,158,9,174.51,100.0,27572.58,220,100.0,125.33,174.51,Low,High,96.6,160.74,155.27,156.1,124.3,111.0,1.406
2024-05-04,2024,5,18,5,Saturday,1,,0,0,157,4,63,148,63,85,182.95,100.0,11525.85,220,100.0,52.39,182.95,High,Moderate,94.7,166.74,157.9,144.3,119.8,107.0,1.349
2024-05-05,2024,5,18,6,Sunday,1,,0,0,153,4,67,105,67,38,161.14,100.0,10796.38,220,100.0,49.07,161.14,High,Low,94.3,144.53,136.29,142.3,118.8,104.0,1.368
2024-05-06,2024,5,19,0,Monday,0,,0,0,179,4,41,176,41,135,181.16,100.0,7427.56,220,100.0,33.76,181.16,High,High,96.6,160.7,155.24,125.4,109.4,100.6,1.247
2024-05-07,2024,5,19,1,Tuesday,0,,0,0,0,0,220,218,218,0,190.24,99.1,41472.32,218,99.1,188.51,190.24,Low,Peak,95.1,168.07,159.83,130.4,116.6,107.6,1.212
2024-05-08,2024,5,19,2,Wednesday,0,,0,0,46,1,174,208,174,34,186.34,100.0,32423.16,220,100.0,147.38,186.34,High,Peak,92.2,169.99,156.73,125.6,128.4,108.3,1.16
2024-05-09,2024,5,19,3,Thursday,0,,0,0,75,2,145,183,145,38,194.53,100.0,28206.85,220,100.0,128.21,194.53,High,High,95.0,175.76,166.97,123.7,138.2,109.7,1.128
2024-05-10,2024,5,19,4,Friday,0,OSU Graduation,1,0,58,2,162,218,162,56,203.71,100.0,33001.02,220,100.0,150.0,203.71,High,Peak,95.7,186.39,178.38,124.3,140.2,112.0,1.11
2024-05-11,2024,5,19,5,Saturday,1,OSU Graduation,1,0,51,2,169,218,169,49,198.89,100.0,33612.41,220,100.0,152.78,198.89,High,Peak,94.0,191.58,180.09,139.4,141.9,117.7,1.184
2024-05-12,2024,5,19,6,Sunday,1,OSU Graduation,1,0,69,2,151,218,151,67,199.87,100.0,30180.37,220,100.0,137.18,199.87,High,Peak,94.5,192.42,181.84,151.4,146.9,122.7,1.234
2024-05-13,2024,5,20,0,Monday,0,,0,0,220,7,0,192,0,192,172.19,0.0,0.0,220,100.0,0.0,172.19,Sold Out,High,93.0,163.71,152.25,145.6,135.5,117.6,1.238
2024-05-14,2024,5,20,1,Tuesday,0,,0,0,102,3,118,218,118,100,188.82,100.0,22280.76,220,100.0,101.28,188.82,High,Peak,95.5,171.24,163.53,131.3,130.9,121.6,1.08
2024-05-15,2024,5,20,2,Wednesday,0,,0,0,101,3,119,218,119,99,186.31,100.0,22170.89,220,100.0,100.78,186.31,High,Peak,95.3,165.28,157.51,123.4,124.5,125.5,0.983
2024-05-16,2024,5,20,3,Thursday,0,,0,0,120,2,100,204,100,104,190.38,100.0,19038.0,220,100.0,86.54,190.38,High,Peak,96.7,176.74,170.91,117.0,120.4,124.4,0.941
2024-05-17,2024,5,20,4,Friday,0,,0,0,115,4,105,148,105,43,182.41,100.0,19153.05,220,100.0,87.06,182.41,High,Moderate,94.5,164.63,155.58,108.9,116.6,122.8,0.887
2024-05-18,2024,5,20,5,Saturday,1,,0,0,102,3,118,145,118,27,188.54,100.0,22247.72,220,100.0,101.13,188.54,Medium,Moderate,93.6,182.55,170.87,101.6,120.5,121.3,0.838
2024-05-19,2024,5,20,6,Sunday,1,,0,0,31,1,189,99,99,0,162.83,52.4,16120.17,130,59.1,73.27,162.83,Low,Low,56.2,152.72,85.83,94.1,122.8,119.6,0.787
2024-05-20,2024,5,21,0,Monday,0,,0,0,191,3,29,176,29,147,175.8,100.0,5098.2,220,100.0,23.17,175.8,High,High,93.7,154.89,145.13,98.3,121.9,116.4,0.845
2024-05-21,2024,5,21,1,Tuesday,0,,0,0,194,3,26,208,26,182,198.3,100.0,5155.8,220,100.0,23.44,198.3,High,Peak,95.2,182.8,174.03,85.1,108.2,114.6,0.743
2024-05-22,2024,5,21,2,Wednesday,0,,0,0,220,5,0,203,0,203,177.2,0.0,0.0,220,100.0,0.0,177.2,Sold Out,Peak,92.4,156.82,144.9,68.1,95.8,108.8,0.626
2024-05-23,2024,5,21,3,Thursday,0,,0,0,74,2,146,200,146,54,180.6,100.0,26367.6,220,100.0,119.85,180.6,High,Peak,96.3,161.11,155.15,74.7,95.9,109.8,0.68
2024-05-24,2024,5,21,4,Friday,0,,0,0,123,2,97,149,97,52,182.77,100.0,17728.69,220,100.0,80.58,182.77,High,Moderate,96.3,172.38,166.0,73.6,91.2,112.7,0.653
2024-05-25,2024,5,21,5,Saturday,1,,0,0,185,3,35,155,35,120,185.4,100.0,6489.0,220,100.0,29.5,185.4,High,Moderate,92.2,174.37,160.77,61.7,81.6,113.6,0.543
2024-05-26,2024,5,21,6,Sunday,1,,0,0,149,2,71,90,71,19,166.04,100.0,11788.84,220,100.0,53.59,166.04,Medium,Low,92.1,153.52,141.39,57.7,75.9,111.5,0.517
2024-05-27,2024,5,22,0,Monday,0,,0,0,0,0,220,204,204,0,177.64,92.7,36238.56,204,92.7,164.72,177.64,Low,Peak,85.5,159.25,136.16,82.7,90.5,113.5,0.729
2024-05-28,2024,5,22,1,Tuesday,0,,0,0,84,1,136,218,136,82,192.3,100.0,26152.8,220,100.0,118.88,192.3,High,Peak,94.3,183.88,173.4,98.4,91.8,115.3,0.853
2024-05-29,2024,5,22,2,Wednesday,0,,0,0,134,2,86,218,86,132,192.24,100.0,16532.64,220,100.0,75.15,192.24,High,Peak,92.8,171.9,159.52,110.7,89.4,112.9,0.981
2024-05-30,2024,5,22,3,Thursday,0,,0,0,179,3,41,191,41,150,189.06,100.0,7751.46,220,100.0,35.23,189.06,High,High,93.1,171.37,159.55,95.7,85.2,108.1,0.885
2024-05-31,2024,5,22,4,Friday,0,,0,0,0,0,220,163,163,0,167.88,74.1,27364.44,163,74.1,124.38,167.88,Low,High,68.5,149.57,102.46,105.1,89.4,106.6,0.986
2024-06-01,2024,6,22,5,Saturday,1,,0,0,25,1,195,126,126,0,167.77,64.6,21139.02,151,68.6,96.09,167.77,Low,Moderate,66.2,150.66,99.74,118.1,89.9,105.6,1.118
2024-06-02,2024,6,22,6,Sunday,1,,0,0,26,1,194,85,85,0,149.74,43.8,12727.9,111,50.5,57.85,149.74,Low,Low,46.6,140.62,65.53,120.1,88.9,103.1,1.165
2024-06-03,2024,6,23,0,Monday,0,,0,0,83,2,137,180,137,43,164.62,100.0,22552.94,220,100.0,102.51,164.62,High,High,96.3,158.05,152.2,110.6,96.6,105.6,1.047
2024-06-04,2024,6,23,1,Tuesday,0,,0,0,143,4,77,186,77,109,179.86,100.0,13849.22,220,100.0,62.95,179.86,High,High,93.6,161.71,151.36,102.1,100.3,105.9,0.964
2024-06-05,2024,6,23,2,Wednesday,0,,0,0,201,5,19,170,19,151,184.55,100.0,3506.45,220,100.0,15.94,184.55,High,High,94.9,163.7,155.35,92.6,101.6,105.2,0.88
2024-06-06,2024,6,23,3,Thursday,0,,0,0,220,4,0,153,0,153,174.47,0.0,0.0,220,100.0,0.0,174.47,Sold Out,Moderate,94.0,164.99,155.09,86.7,91.2,97.9,0.886
2024-06-07,2024,6,23,4,Friday,0,,0,0,220,4,0,133,0,133,180.57,0.0,0.0,220,100.0,0.0,180.57,Sold Out,Moderate,95.1,168.09,159.85,63.4,84.3,92.1,0.688
2024-06-08,2024,6,23,5,Saturday,1,,0,0,93,1,127,121,121,0,176.51,95.3,21357.71,214,97.3,97.08,176.51,Low,Moderate,91.2,162.55,148.25,62.7,90.4,91.3,0.687
2024-06-09,2024,6,23,6,Sunday,1,,0,0,0,0,220,78,78,0,141.75,35.5,11056.5,78,35.5,50.26,141.75,Low,Low,33.6,131.12,44.06,61.7,90.9,88.5,0.697
2024-06-10,2024,6,24,0,Monday,0,,0,0,82,2,138,179,138,41,172.24,100.0,23769.12,220,100.0,108.04,172.24,High,High,94.6,158.22,149.68,61.9,86.2,87.5,0.707
2024-06-11,2024,6,24,1,Tuesday,0,,0,0,0,0,220,189,189,0,172.26,85.9,32557.14,189,85.9,147.99,172.26,Low,High,81.2,157.7,128.05,77.9,90.0,88.8,0.877
2024-06-12,2024,6,24,2,Wednesday,0,,0,0,0,0,220,207,207,0,179.86,94.1,37231.02,207,94.1,169.23,179.86,Low,Peak,89.7,162.41,145.68,104.7,98.6,95.7,1.094
2024-06-13,2024,6,24,3,Thursday,0,,0,0,167,4,53,176,53,123,176.32,100.0,9344.96,220,100.0,42.48,176.32,High,High,93.2,159.31,148.48,112.3,99.5,93.5,1.201
2024-06-14,2024,6,24,4,Friday,0,,0,0,139,4,81,138,81,57,168.49,100.0,13647.69,220,100.0,62.03,168.49,High,Moderate,96.2,160.92,154.81,123.9,93.6,92.2,1.344
2024-06-15,2024,6,24,5,Saturday,1,,0,0,63,1,157,133,133,0,166.3,84.7,22117.9,196,89.1,100.54,166.3,Low,Moderate,86.0,150.89,129.77,125.6,94.1,93.3,1.346
2024-06-16,2024,6,24,6,Sunday,1,,0,0,111,2,109,76,76,0,151.02,69.7,11477.52,187,85.0,52.17,151.02,Low,Low,79.5,144.38,114.78,125.3,93.5,92.4,1.356
2024-06-17,2024,6,25,0,Monday,0,,0,0,32,1,188,157,157,0,157.28,83.5,24692.96,189,85.9,112.24,157.28,Low,Moderate,80.8,144.49,116.75,128.0,94.9,93.7,1.366
2024-06-18,2024,6,25,1,Tuesday,0,,0,0,0,0,220,177,177,0,175.79,80.5,31114.83,177,80.5,141.43,175.79,Low,High,76.0,161.37,122.64,126.3,102.1,96.3,1.312
2024-06-19,2024,6,25,2,Wednesday,0,,0,0,110,4,110,185,110,75,188.2,100.0,20702.0,220,100.0,94.1,188.2,High,High,94.5,169.66,160.33,112.4,108.6,99.0,1.135
2024-06-20,2024,6,25,3,Thursday,0,,0,0,113,3,107,184,107,77,178.05,100.0,19051.35,220,100.0,86.6,178.05,High,High,92.9,172.06,159.84,120.1,116.2,101.7,1.181
2024-06-21,2024,6,25,4,Friday,0,,0,0,89,2,131,120,120,0,170.52,91.6,20462.4,209,95.0,93.01,170.52,Low,Moderate,89.8,161.14,144.7,125.7,124.8,105.7,1.189
2024-06-22,2024,6,25,5,Saturday,1,,0,0,91,2,129,119,119,0,185.27,92.2,22047.13,210,95.5,100.21,185.27,Low,Moderate,91.3,178.26,162.75,123.7,124.6,104.8,1.18
2024-06-23,2024,6,25,6,Sunday,1,,0,0,195,3,25,76,25,51,157.1,100.0,3927.5,220,100.0,17.85,157.1,High,Low,92.8,142.11,131.88,116.4,120.9,102.4,1.137
2024-06-24,2024,6,26,0,Monday,0,,0,0,64,1,156,176,156,20,161.38,100.0,25175.28,220,100.0,114.43,161.38,Medium,High,93.4,147.16,137.45,116.3,122.1,106.4,1.093
2024-06-25,2024,6,26,1,Tuesday,0,,0,0,27,1,193,170,170,0,171.93,88.1,29228.1,197,89.5,132.85,171.93,Low,High,83.1,160.67,133.52,115.3,120.8,109.7,1.051
2024-06-26,2024,6,26,2,Wednesday,0,,0,0,0,0,220,207,207,0,176.92,94.1,36622.44,207,94.1,166.47,176.92,Low,Peak,91.0,167.51,152.43,129.1,120.8,109.8,1.176
2024-06-27,2024,6,26,3,Thursday,0,,0,0,132,3,88,187,88,99,175.75,100.0,15466.0,220,100.0,70.3,175.75,High,High,94.0,155.17,145.86,126.4,123.3,108.2,1.168
2024-06-28,2024,6,26,4,Friday,0,,0,0,25,1,195,124,124,0,156.24,63.6,19373.76,149,67.7,88.06,156.24,Low,Moderate,62.9,150.74,94.82,127.0,126.4,109.5,1.16
2024-06-29,2024,6,26,5,Saturday,1,,0,0,175,4,45,128,45,83,177.08,100.0,7968.6,220,100.0,36.22,177.08,High,Moderate,93.2,162.0,150.98,116.4,120.1,109.6,1.062
2024-06-30,2024,6,26,6,Sunday,1,,0,0,164,3,56,85,56,29,159.71,100.0,8943.76,220,100.0,40.65,159.71,Medium,Low,95.5,152.62,145.75,120.9,118.6,106.0,1.141
2024-07-01,2024,7,27,0,Monday,0,,0,0,209,3,11,151,11,140,161.74,100.0,1779.14,220,100.0,8.09,161.74,High,Moderate,92.9,153.03,142.16,100.1,108.2,102.2,0.979
2024-07-02,2024,7,27,1,Tuesday,0,,0,0,153,2,67,182,67,115,173.52,100.0,11625.84,220,100.0,52.84,173.52,High,High,95.2,166.4,158.41,85.4,100.4,101.6,0.841
2024-07-03,2024,7,27,2,Wednesday,0,,0,0,0,0,220,187,187,0,171.17,85.0,32008.79,187,85.0,145.49,171.17,Low,High,79.1,161.05,127.39,82.6,105.9,103.3,0.8
2024-07-04,2024,7,27,3,Thursday,0,,0,0,141,4,79,163,79,84,174.55,100.0,13789.45,220,100.0,62.68,174.55,High,High,92.4,156.66,144.75,81.3,103.9,103.3,0.787
2024-07-05,2024,7,27,4,Friday,0,,0,0,108,3,112,134,112,22,165.11,100.0,18492.32,220,100.0,84.06,165.11,Medium,Moderate,93.0,153.8,143.03,79.6,103.3,106.4,0.748
2024-07-06,2024,7,27,5,Saturday,1,,0,0,87,2,133,131,131,0,170.23,98.5,22300.13,218,99.1,101.36,170.23,Low,Moderate,94.8,160.83,152.47,91.9,104.1,110.8,0.829
2024-07-07,2024,7,27,6,Sunday,1,,0,0,119,2,101,71,71,0,150.77,70.3,10704.67,190,86.4,48.66,150.77,Low,Low,82.3,144.98,119.32,94.0,107.4,113.2,0.83
2024-07-08,2024,7,28,0,Monday,0,,0,0,87,2,133,137,133,4,172.91,100.0,22997.03,220,100.0,104.53,172.91,Low,Moderate,94.9,154.28,146.41,111.4,105.8,113.6,0.981
2024-07-09,2024,7,28,1,Tuesday,0,,0,0,0,0,220,162,162,0,158.37,73.6,25655.94,162,73.6,116.62,158.37,Low,High,70.0,143.47,100.43,125.0,105.2,116.4,1.074
2024-07-10,2024,7,28,2,Wednesday,0,,0,0,0,0,220,171,171,0,172.83,77.7,29553.93,171,77.7,134.34,172.83,Low,High,73.0,152.15,111.07,122.7,102.6,117.5,1.044
2024-07-11,2024,7,28,3,Thursday,0,,0,0,0,0,220,154,154,0,164.11,70.0,25272.94,154,70.0,114.88,164.11,Low,Moderate,64.6,154.04,99.51,133.4,107.4,116.3,1.147
2024-07-12,2024,7,28,4,Friday,0,,0,0,81,2,139,137,137,0,170.21,98.6,23318.77,218,99.1,105.99,170.21,Low,Moderate,95.2,152.79,145.46,137.0,108.3,114.0,1.202
2024-07-13,2024,7,28,5,Saturday,1,,0,0,117,2,103,128,103,25,175.13,100.0,18038.39,220,100.0,81.99,175.13,Medium,Moderate,92.8,168.03,155.93,133.0,112.4,115.6,1.151
2024-07-14,2024,7,28,6,Sunday,1,,0,0,186,3,34,85,34,51,160.07,100.0,5442.38,220,100.0,24.74,160.07,High,Low,95.9,153.46,147.17,127.7,110.9,114.1,1.119
2024-07-15,2024,7,29,0,Monday,0,,0,0,170,3,50,163,50,113,167.35,100.0,8367.5,220,100.0,38.03,167.35,High,High,93.6,153.9,144.05,115.9,113.6,111.3,1.041
2024-07-16,2024,7,29,1,Tuesday,0,,0,0,138,3,82,167,82,85,177.65,100.0,14567.3,220,100.0,66.22,177.65,High,High,92.1,156.78,144.39,104.4,114.7,111.5,0.936
2024-07-17,2024,7,29,2,Wednesday,0,,0,0,155,3,65,167,65,102,172.36,100.0,11203.4,220,100.0,50.92,172.36,High,High,96.8,160.01,154.89,89.3,106.0,108.4,0.824
2024-07-18,2024,7,29,3,Thursday,0,,0,0,36,1,184,157,157,0,166.34,85.3,26115.38,193,87.7,118.71,166.34,Low,Moderate,82.2,155.11,127.5,89.7,111.6,107.8,0.832
2024-07-19,2024,7,29,4,Friday,0,,0,0,62,1,158,121,121,0,157.68,76.6,19079.28,183,83.2,86.72,157.68,Low,Moderate,77.2,142.1,109.7,87.4,112.2,108.1,0.809
2024-07-20,2024,7,29,5,Saturday,1,,0,0,210,3,10,118,10,108,174.03,100.0,1740.3,220,100.0,7.91,174.03,High,Moderate,93.0,159.17,148.03,74.1,103.6,104.9,0.706
2024-07-21,2024,7,29,6,Sunday,1,,0,0,220,7,0,86,0,86,156.82,0.0,0.0,220,100.0,0.0,156.82,Sold Out,Low,95.6,150.67,144.04,69.3,98.5,100.9,0.687
2024-07-22,2024,7,30,0,Monday,0,,0,0,220,5,0,159,0,159,158.91,0.0,0.0,220,100.0,0.0,158.91,Sold Out,High,92.9,148.02,137.51,62.1,89.0,96.9,0.641
2024-07-23,2024,7,30,1,Tuesday,0,,0,0,216,3,4,174,4,170,175.93,100.0,703.72,220,100.0,3.2,175.93,High,High,96.4,165.77,159.8,51.0,77.7,96.2,0.53
2024-07-24,2024,7,30,2,Wednesday,0,,0,0,38,1,182,168,168,0,172.85,92.3,29038.8,206,93.6,131.99,172.85,Low,High,90.5,152.34,137.87,65.7,77.5,96.6,0.68
2024-07-25,2024,7,30,3,Thursday,0,,0,0,38,1,182,163,163,0,166.89,89.6,27203.07,201,91.4,123.65,166.89,Low,High,87.4,147.44,128.86,66.6,78.1,96.4,0.691
2024-07-26,2024,7,30,4,Friday,0,,0,0,0,0,220,135,135,0,146.32,61.4,19753.2,135,61.4,89.79,146.32,Low,Moderate,58.2,139.45,81.16,68.6,78.0,94.0,0.73
2024-07-27,2024,7,30,5,Saturday,1,,0,0,0,0,220,112,112,0,156.37,50.9,17513.44,112,50.9,79.61,156.37,Low,Low,47.5,142.55,67.71,83.1,78.6,94.8,0.877
2024-07-28,2024,7,30,6,Sunday,1,,0,0,50,1,170,86,86,0,144.64,50.6,12439.04,136,61.8,56.54,144.64,Low,Low,58.6,134.03,78.54,95.4,82.4,93.5,1.02
2024-07-29,2024,7,31,0,Monday,0,,0,0,128,3,92,164,92,72,153.58,100.0,14129.36,220,100.0,64.22,153.58,High,High,96.0,146.61,140.75,108.6,85.4,95.1,1.142
2024-07-30,2024,7,31,1,Tuesday,0,,0,0,100,2,120,163,120,43,185.2,100.0,22224.0,220,100.0,101.02,185.2,High,High,92.1,178.96,164.82,125.1,88.1,97.2,1.287
2024-07-31,2024,7,31,2,Wednesday,0,,0,0,157,5,63,164,63,101,173.84,100.0,10951.92,220,100.0,49.78,173.84,High,High,95.8,160.89,154.13,110.1,87.9,99.0,1.112
2024-08-01,2024,8,31,3,Thursday,0,,0,0,209,4,11,150,11,139,181.91,100.0,2001.01,220,100.0,9.1,181.91,High,Moderate,93.0,168.19,156.42,88.4,77.5,97.1,0.91
2024-08-02,2024,8,31,4,Friday,0,,0,0,184,3,36,137,36,101,169.33,100.0,6095.88,220,100.0,27.71,169.33,High,Moderate,96.9,149.35,144.72,74.3,71.4,92.1,0.807
2024-08-03,2024,8,31,5,Saturday,1,,0,0,108,2,112,134,112,22,186.87,100.0,20929.44,220,100.0,95.13,186.87,Medium,Moderate,93.0,166.51,154.85,74.3,78.7,93.2,0.797
2024-08-04,2024,8,31,6,Sunday,1,,0,0,90,2,130,89,89,0,153.77,68.5,13685.53,179,81.4,62.21,153.77,Low,Low,75.1,136.19,102.28,74.7,85.1,92.4,0.808
2024-08-05,2024,8,32,0,Monday,0,,0,0,102,2,118,149,118,31,165.72,100.0,19554.96,220,100.0,88.89,165.72,High,Moderate,93.5,159.51,149.14,78.4,93.5,92.0,0.852
2024-08-06,2024,8,32,1,Tuesday,0,,0,0,155,4,65,206,65,141,185.45,100.0,12054.25,220,100.0,54.79,185.45,High,Peak,95.3,179.62,171.18,70.6,97.9,91.8,0.769
2024-08-07,2024,8,32,2,Wednesday,0,,0,0,220,4,0,165,0,165,182.94,0.0,0.0,220,100.0,0.0,182.94,Sold Out,High,95.7,165.63,158.51,61.6,85.9,87.3,0.706
2024-08-08,2024,8,32,3,Thursday,0,,0,0,176,2,44,170,44,126,175.12,100.0,7705.28,220,100.0,35.02,175.12,High,High,93.2,164.26,153.09,66.3,77.4,83.4,0.795
2024-08-09,2024,8,32,4,Friday,0,,0,0,220,4,0,131,0,131,168.93,0.0,0.0,220,100.0,0.0,168.93,Sold Out,Moderate,96.2,162.91,156.72,61.1,67.7,77.7,0.786
2024-08-10,2024,8,32,5,Saturday,1,,0,0,58,1,162,115,115,0,167.02,71.0,19207.3,173,78.6,87.31,167.02,Low,Moderate,72.4,149.26,108.06,61.6,67.9,76.4,0.806
2024-08-11,2024,8,32,6,Sunday,1,,0,0,35,1,185,85,85,0,151.03,45.9,12837.55,120,54.5,58.35,151.03,Low,Low,50.6,145.82,73.78,61.0,67.9,74.7,0.817
2024-08-12,2024,8,33,0,Monday,0,,0,0,35,1,185,171,171,0,169.48,92.4,28981.08,206,93.6,131.73,169.48,Low,High,88.5,151.01,133.64,68.6,73.5,76.9,0.892
2024-08-13,2024,8,33,1,Tuesday,0,,0,0,41,1,179,195,179,16,180.15,100.0,32246.85,220,100.0,146.58,180.15,Medium,Peak,96.3,173.9,167.47,84.9,77.7,81.8,1.038
2024-08-14,2024,8,33,2,Wednesday,0,,0,0,41,1,179,185,179,6,176.5,100.0,31593.5,220,100.0,143.61,176.5,Low,High,92.4,164.39,151.9,110.4,86.0,86.1,1.282
2024-08-15,2024,8,33,3,Thursday,0,,0,0,38,1,182,157,157,0,171.94,86.3,26994.58,195,88.6,122.7,171.94,Low,Moderate,84.1,151.89,127.74,126.6,96.4,88.6,1.429
2024-08-16,2024,8,33,4,Friday,0,,0,0,92,2,128,139,128,11,169.46,100.0,21690.88,220,100.0,98.59,169.46,Medium,Moderate,96.7,160.57,155.27,144.9,103.0,90.7,1.598
2024-08-17,2024,8,33,5,Saturday,1,,0,0,121,2,99,112,99,13,173.96,100.0,17222.04,220,100.0,78.28,173.96,Medium,Low,95.5,155.44,148.45,142.6,102.1,88.7,1.608
2024-08-18,2024,8,33,6,Sunday,1,,0,0,67,1,153,79,79,0,153.85,51.6,12154.15,146,66.4,55.25,153.85,Low,Low,64.1,138.3,88.65,141.7,101.4,87.3,1.623
2024-08-19,2024,8,34,0,Monday,0,,0,0,56,2,164,153,153,0,177.9,93.3,27218.7,209,95.0,123.72,177.9,Low,Moderate,91.6,170.95,156.59,139.1,103.9,92.1,1.51
2024-08-20,2024,8,34,1,Tuesday,0,,0,0,37,1,183,196,183,13,187.16,100.0,34250.28,220,100.0,155.68,187.16,Medium,Peak,95.0,180.27,171.26,139.7,112.3,98.2,1.423
2024-08-21,2024,8,34,2,Wednesday,0,,0,0,0,0,220,177,177,0,166.28,80.5,29431.56,177,80.5,133.78,166.28,Low,High,77.0,151.98,117.02,139.4,124.9,104.1,1.339
2024-08-22,2024,8,34,3,Thursday,0,,0,0,115,3,105,177,105,72,183.67,100.0,19285.35,220,100.0,87.66,183.67,High,High,94.3,169.75,160.07,132.0,129.3,107.5,1.228
2024-08-23,2024,8,34,4,Friday,0,,0,0,78,3,142,125,125,0,167.55,88.0,20943.75,203,92.3,95.2,167.55,Low,Moderate,86.1,161.97,139.46,131.6,138.2,106.0,1.242
2024-08-24,2024,8,34,5,Saturday,1,,0,0,57,2,163,129,129,0,176.83,79.1,22811.07,186,84.5,103.69,176.83,Low,Moderate,79.3,157.18,124.64,135.9,139.2,104.9,1.296
2024-08-25,2024,8,34,6,Sunday,1,,0,0,103,3,117,78,78,0,150.04,66.7,11703.12,181,82.3,53.2,150.04,Low,Low,78.7,140.0,110.18,135.7,138.7,103.0,1.317
2024-08-26,2024,8,35,0,Monday,0,,0,0,183,4,37,147,37,110,165.32,100.0,6116.84,220,100.0,27.8,165.32,High,Moderate,95.2,148.42,141.3,119.1,129.1,100.5,1.185
2024-08-27,2024,8,35,1,Tuesday,0,,0,0,220,8,0,184,0,184,179.29,0.0,0.0,220,100.0,0.0,179.29,Sold Out,High,94.3,158.97,149.91,93.0,116.4,97.6,0.953
2024-08-28,2024,8,35,2,Wednesday,0,,0,0,132,2,88,182,88,94,186.44,100.0,16406.72,220,100.0,74.58,186.44,High,High,93.2,168.66,157.19,80.3,109.9,97.5,0.824
2024-08-29,2024,8,35,3,Thursday,0,,0,0,132,2,88,165,88,77,182.81,100.0,16087.28,220,100.0,73.12,182.81,High,High,96.0,173.2,166.27,77.9,104.9,96.4,0.808
2024-08-30,2024,8,35,4,Friday,0,,0,0,49,1,171,141,141,0,166.98,82.5,23544.18,190,86.4,107.02,166.98,Low,Moderate,81.0,147.71,119.65,80.1,105.9,99.0,0.809
2024-08-31,2024,8,35,5,Saturday,1,OSU Football,1,1,101,3,119,218,119,99,219.1,100.0,26072.9,220,100.0,118.51,219.1,High,Peak,94.3,196.58,185.37,78.7,107.3,102.6,0.767
2024-09-01,2024,9,35,6,Sunday,1,OSU Football,1,1,123,2,97,218,97,121,214.27,100.0,20784.19,220,100.0,94.47,214.27,High,Peak,94.4,189.76,179.13,81.4,108.6,104.7,0.777
2024-09-02,2024,9,36,0,Monday,0,,0,0,191,3,29,190,29,161,178.79,100.0,5184.91,220,100.0,23.57,178.79,High,High,96.5,164.4,158.65,80.3,99.7,101.9,0.788
2024-09-03,2024,9,36,1,Tuesday,0,,0,0,165,4,55,207,55,152,185.87,100.0,10222.85,220,100.0,46.47,185.87,High,Peak,94.7,177.66,168.24,88.1,90.6,100.8,0.874
2024-09-04,2024,9,36,2,Wednesday,0,,0,0,155,5,65,210,65,145,188.75,100.0,12268.75,220,100.0,55.77,188.75,High,Peak,96.0,172.68,165.77,84.9,82.6,99.0,0.858
2024-09-05,2024,9,36,3,Thursday,0,,0,0,32,1,188,200,188,12,185.29,100.0,34834.52,220,100.0,158.34,185.29,Medium,Peak,95.0,173.23,164.57,99.1,88.5,103.1,0.961
2024-09-06,2024,9,36,4,Friday,0,,0,0,0,0,220,129,129,0,166.35,58.6,21459.15,129,58.6,97.54,166.35,Low,Moderate,56.1,161.04,90.34,97.4,88.8,107.4,0.907
2024-09-07,2024,9,36,5,Saturday,1,,0,0,129,2,91,129,91,38,192.59,100.0,17525.69,220,100.0,79.66,192.59,High,Moderate,93.4,170.58,159.32,93.4,86.1,109.0,0.857
2024-09-08,2024,9,36,6,Sunday,1,,0,0,156,2,64,90,64,26,170.93,100.0,10939.52,220,100.0,49.73,170.93,Medium,Low,94.2,160.24,150.95,88.7,85.1,111.1,0.798
2024-09-09,2024,9,37,0,Monday,0,,0,0,30,1,190,170,170,0,162.79,89.5,27674.3,200,90.9,125.79,162.79,Low,High,84.3,150.92,127.23,108.9,94.6,112.9,0.965
2024-09-10,2024,9,37,1,Tuesday,0,,0,0,141,3,79,200,79,121,186.46,100.0,14730.34,220,100.0,66.96,186.46,High,Peak,95.1,175.12,166.54,112.3,100.2,112.7,0.996
2024-09-11,2024,9,37,2,Wednesday,0,,0,0,104,2,116,187,116,71,183.39,100.0,21273.24,220,100.0,96.7,183.39,High,High,95.4,175.23,167.17,119.6,102.2,110.9,1.078
2024-09-12,2024,9,37,3,Thursday,0,,0,0,64,2,156,201,156,45,192.57,100.0,30040.92,220,100.0,136.55,192.57,High,Peak,93.6,178.82,167.38,115.0,107.1,110.1,1.045
2024-09-13,2024,9,37,4,Friday,0,,0,0,33,1,187,133,133,0,159.01,71.1,21148.33,166,75.5,96.13,159.01,Low,Moderate,70.4,144.03,101.4,115.6,106.5,108.6,1.064
2024-09-14,2024,9,37,5,Saturday,1,OSU Football,1,1,98,3,122,218,122,96,225.0,100.0,27450.0,220,100.0,124.77,225.0,High,Peak,96.5,204.75,197.58,120.0,106.7,107.4,1.117
2024-09-15,2024,9,37,6,Sunday,1,OSU Football,1,1,37,1,183,218,183,35,215.33,100.0,39405.39,220,100.0,179.12,215.33,High,Peak,92.3,202.45,186.86,137.0,112.9,109.3,1.253
2024-09-16,2024,9,38,0,Monday,0,,0,0,131,4,89,198,89,109,179.88,100.0,16009.32,220,100.0,72.77,179.88,High,Peak,93.7,167.17,156.64,125.4,117.1,108.9,1.152
2024-09-17,2024,9,38,1,Tuesday,0,,0,0,179,5,41,218,41,177,190.24,100.0,7799.84,220,100.0,35.45,190.24,High,Peak,93.0,168.05,156.29,120.0,116.1,107.7,1.114
2024-09-18,2024,9,38,2,Wednesday,0,,0,0,189,5,31,189,31,158,192.07,100.0,5954.17,220,100.0,27.06,192.07,High,High,92.7,171.92,159.37,107.9,113.7,103.6,1.042
2024-09-19,2024,9,38,3,Thursday,0,,0,0,0,0,220,201,201,0,183.75,91.4,36933.75,201,91.4,167.88,183.75,Low,Peak,87.7,175.14,153.6,114.3,114.6,104.2,1.097
2024-09-20,2024,9,38,4,Friday,0,,0,0,0,0,220,132,132,0,172.02,60.0,22706.64,132,60.0,103.21,172.02,Low,Moderate,55.5,163.84,90.93,114.1,114.9,102.7,1.111
2024-09-21,2024,9,38,5,Saturday,1,,0,0,82,2,138,124,124,0,180.33,89.9,22360.92,206,93.6,101.64,180.33,Low,Moderate,87.4,163.5,142.9,114.4,117.2,103.3,1.107
2024-09-22,2024,9,38,6,Sunday,1,,0,0,0,0,220,82,82,0,163.66,37.3,13420.12,82,37.3,61.0,163.66,Low,Low,35.5,150.62,53.47,100.0,118.5,101.9,0.981
2024-09-23,2024,9,39,0,Monday,0,,0,0,40,2,180,201,180,21,181.16,100.0,32608.8,220,100.0,148.22,181.16,Medium,Peak,94.5,161.63,152.74,113.0,119.2,103.6,1.091
2024-09-24,2024,9,39,1,Tuesday,0,,0,0,220,5,0,218,0,218,181.45,0.0,0.0,220,100.0,0.0,181.45,Sold Out,Peak,95.9,159.8,153.25,107.1,113.6,101.0,1.06
2024-09-25,2024,9,39,2,Wednesday,0,,0,0,213,4,7,218,7,211,191.31,100.0,1339.17,220,100.0,6.09,191.31,High,Peak,93.6,183.23,171.5,103.7,105.8,100.0,1.037
2024-09-26,2024,9,39,3,Thursday,0,,0,0,119,3,101,199,101,98,198.41,100.0,20039.41,220,100.0,91.09,198.41,High,Peak,96.8,185.44,179.51,89.4,101.9,103.4,0.865
2024-09-27,2024,9,39,4,Friday,0,,0,0,106,2,114,151,114,37,180.52,100.0,20579.28,220,100.0,93.54,180.52,High,Moderate,95.2,168.06,159.99,86.9,100.5,104.2,0.834
2024-09-28,2024,9,39,5,Saturday,1,OSU Football,1,1,0,0,220,218,218,0,225.0,99.1,49050.0,218,99.1,222.95,225.0,Low,Peak,91.8,213.4,195.9,100.3,107.4,108.6,0.924
2024-09-29,2024,9,39,6,Sunday,1,OSU Football,1,1,88,2,132,218,132,86,214.85,100.0,28360.2,220,100.0,128.91,214.85,High,Peak,95.7,204.93,196.12,107.4,103.7,108.3,0.992
2024-09-30,2024,9,40,0,Monday,0,,0,0,205,4,15,196,15,181,169.05,100.0,2535.75,220,100.0,11.53,169.05,High,Peak,92.6,149.92,138.83,83.9,98.4,104.8,0.801
2024-10-01,2024,10,40,1,Tuesday,0,,0,0,192,3,28,218,28,190,195.28,100.0,5467.84,220,100.0,24.85,195.28,High,Peak,95.7,184.2,176.28,87.9,97.5,102.5,0.858
2024-10-02,2024,10,40,2,Wednesday,0,,0,0,220,5,0,218,0,218,191.07,0.0,0.0,220,100.0,0.0,191.07,Sold Out,Peak,97.0,184.05,178.53,86.9,95.3,101.5,0.856
2024-10-03,2024,10,40,3,Thursday,0,,0,0,220,4,0,203,0,203,192.38,0.0,0.0,220,100.0,0.0,192.38,Sold Out,Peak,93.3,184.82,172.44,72.4,80.9,99.7,0.726
2024-10-04,2024,10,40,4,Friday,0,,0,0,41,1,179,153,153,0,175.85,85.5,26905.05,194,88.2,122.3,175.85,Low,Moderate,82.8,159.46,132.03,78.0,82.4,102.6,0.76
2024-10-05,2024,10,40,5,Saturday,1,OSU Football,1,1,7,1,213,218,213,5,225.0,100.0,47925.0,220,100.0,217.84,225.0,Low,Peak,95.2,210.08,200.0,77.3,88.8,103.5,0.747
2024-10-06,2024,10,40,6,Sunday,1,OSU Football,1,1,44,1,176,218,176,42,217.29,100.0,38243.04,220,100.0,173.83,217.29,High,Peak,93.7,198.87,186.34,83.6,95.5,105.0,0.796
2024-10-07,2024,10,41,0,Monday,0,,0,0,0,0,220,188,188,0,180.0,85.5,33840.0,188,85.5,153.82,180.0,Low,High,80.5,171.01,137.66,108.3,96.1,108.3,1.0
2024-10-08,2024,10,41,1,Tuesday,0,,0,0,0,0,220,218,218,0,188.42,99.1,41075.56,218,99.1,186.71,188.42,Low,Peak,94.5,171.91,162.45,135.4,111.6,113.4,1.194
2024-10-09,2024,10,41,2,Wednesday,0,,0,0,26,1,194,206,194,12,194.13,100.0,37661.22,220,100.0,171.19,194.13,Medium,Peak,96.5,182.79,176.39,163.1,125.0,114.2,1.428
2024-10-10,2024,10,41,3,Thursday,0,,0,0,150,4,70,183,70,113,190.0,100.0,13300.0,220,100.0,60.45,190.0,High,High,94.9,180.8,171.58,173.1,122.8,113.9,1.52
2024-10-11,2024,10,41,4,Friday,0,,0,0,124,3,96,164,96,68,186.46,100.0,17900.16,220,100.0,81.36,186.46,High,High,92.4,176.69,163.26,165.0,121.5,113.2,1.458
2024-10-12,2024,10,41,5,Saturday,1,,0,0,98,2,122,164,122,42,193.97,100.0,23664.34,220,100.0,107.57,193.97,High,High,92.7,185.71,172.15,152.0,114.6,112.1,1.356
2024-10-13,2024,10,41,6,Sunday,1,,0,0,76,2,144,92,92,0,167.63,63.9,15421.96,168,76.4,70.1,167.63,Low,Low,72.2,157.02,113.37,140.0,111.8,110.7,1.265
2024-10-14,2024,10,42,0,Monday,0,,0,0,158,3,62,194,62,132,182.67,100.0,11325.54,220,100.0,51.48,182.67,High,Peak,93.5,166.9,156.05,122.0,115.1,108.7,1.122
2024-10-15,2024,10,42,1,Tuesday,0,,0,0,181,3,39,202,39,163,191.72,100.0,7477.08,220,100.0,33.99,191.72,High,Peak,93.1,181.59,169.06,96.4,115.9,103.9,0.928
2024-10-16,2024,10,42,2,Wednesday,0,,0,0,181,3,39,206,39,167,200.53,100.0,7820.67,220,100.0,35.55,200.53,High,Peak,95.4,194.4,185.46,74.3,118.7,102.3,0.726
2024-10-17,2024,10,42,3,Thursday,0,,0,0,126,3,94,218,94,124,186.91,100.0,17569.54,220,100.0,79.86,186.91,High,Peak,93.3,177.86,165.94,77.7,125.4,104.0,0.747
2024-10-18,2024,10,42,4,Friday,0,,0,0,0,0,220,151,151,0,175.74,68.6,26536.74,151,68.6,120.62,175.74,Low,Moderate,65.3,166.63,108.81,85.6,125.3,108.0,0.793
2024-10-19,2024,10,42,5,Saturday,1,,0,0,119,2,101,143,101,42,194.71,100.0,19665.71,220,100.0,89.39,194.71,High,Moderate,93.2,180.61,168.33,82.6,117.3,104.7,0.789
2024-10-20,2024,10,42,6,Sunday,1,Columbus Marathon,1,0,136,3,84,218,84,134,211.12,100.0,17734.08,220,100.0,80.61,211.12,High,Peak,92.0,189.54,174.38,81.4,110.7,103.1,0.79
2024-10-21,2024,10,43,0,Monday,0,,0,0,167,4,53,213,53,160,172.62,100.0,9148.86,220,100.0,41.59,172.62,High,Peak,95.6,166.19,158.88,80.1,101.1,100.7,0.795
2024-10-22,2024,10,43,1,Tuesday,0,,0,0,91,2,129,204,129,75,189.81,100.0,24485.49,220,100.0,111.3,189.81,High,Peak,94.4,171.77,162.15,93.0,94.7,102.3,0.909
2024-10-23,2024,10,43,2,Wednesday,0,,0,0,186,4,34,208,34,174,198.68,100.0,6755.12,220,100.0,30.71,198.68,High,Peak,95.9,180.72,173.31,92.3,83.3,97.4,0.948
2024-10-24,2024,10,43,3,Thursday,0,,0,0,115,3,105,214,105,109,187.62,100.0,19700.1,220,100.0,89.55,187.62,High,Peak,92.6,181.78,168.33,93.9,85.8,100.9,0.931
2024-10-25,2024,10,43,4,Friday,0,,0,0,136,3,84,167,84,83,180.82,100.0,15188.88,220,100.0,69.04,180.82,High,High,96.3,164.92,158.82,84.3,84.9,103.5,0.814
2024-10-26,2024,10,43,5,Saturday,1,OSU Football,1,1,118,2,102,218,102,116,225.0,100.0,22950.0,220,100.0,104.32,225.0,High,Peak,92.5,213.52,197.51,84.4,83.5,103.5,0.815
2024-10-27,2024,10,43,6,Sunday,1,OSU Football,1,1,164,3,56,218,56,162,224.37,100.0,12564.72,220,100.0,57.11,224.37,High,Peak,92.5,210.47,194.68,80.4,80.9,101.6,0.791
2024-10-28,2024,10,44,0,Monday,0,,0,0,28,1,192,203,192,11,182.62,100.0,35063.04,220,100.0,159.38,182.62,Medium,Peak,93.5,162.68,152.11,100.3,90.2,100.7,0.996
2024-10-29,2024,10,44,1,Tuesday,0,,0,0,67,1,153,218,153,65,189.42,100.0,28981.26,220,100.0,131.73,189.42,High,Peak,93.5,179.69,168.01,103.7,98.4,101.4,1.023
2024-10-30,2024,10,44,2,Wednesday,0,,0,0,180,4,40,218,40,178,209.62,100.0,8384.8,220,100.0,38.11,209.62,High,Peak,95.6,184.97,176.83,104.6,98.4,102.3,1.022
2024-10-31,2024,10,44,3,Thursday,0,,0,0,41,1,179,218,179,39,194.17,100.0,34756.43,220,100.0,157.98,194.17,High,Peak,92.4,178.69,165.11,115.1,104.5,107.3,1.073
2024-11-01,2024,11,44,4,Friday,0,,0,0,77,2,143,122,122,0,167.56,85.3,20442.32,199,90.5,92.92,167.56,Low,Moderate,83.4,162.14,135.22,120.6,102.4,111.4,1.083
2024-11-02,2024,11,44,5,Saturday,1,,0,0,86,2,134,121,121,0,175.86,90.3,21279.06,207,94.1,96.72,175.86,Low,Moderate,90.7,168.74,153.05,123.3,103.9,115.4,1.068
2024-11-03,2024,11,44,6,Sunday,1,,0,0,47,1,173,75,75,0,151.91,43.4,11393.25,122,55.5,51.79,151.91,Low,Low,52.7,146.84,77.38,126.0,103.2,112.8,1.117
2024-11-04,2024,11,45,0,Monday,0,,0,0,0,0,220,175,175,0,160.8,79.5,28140.0,175,79.5,127.91,160.8,Low,High,74.6,151.09,112.71,123.6,111.9,111.5,1.109
2024-11-05,2024,11,45,1,Tuesday,0,,0,0,0,0,220,202,202,0,191.37,91.8,38656.74,202,91.8,175.71,191.37,Low,Peak,86.6,183.08,158.55,130.6,117.1,112.4,1.162
2024-11-06,2024,11,45,2,Wednesday,0,,0,0,36,1,184,189,184,5,187.83,100.0,34560.72,220,100.0,157.09,187.83,Low,High,95.0,167.44,159.07,151.1,127.9,112.3,1.346
2024-11-07,2024,11,45,3,Thursday,0,,0,0,36,1,184,173,173,0,175.78,94.0,30409.94,209,95.0,138.23,175.78,Low,High,88.3,159.87,141.17,150.3,132.7,110.8,1.356
2024-11-08,2024,11,45,4,Friday,0,,0,0,42,1,178,114,114,0,162.12,64.0,18481.68,156,70.9,84.01,162.12,Low,Low,67.3,143.72,96.72,149.1,134.9,108.1,1.379
2024-11-09,2024,11,45,5,Saturday,1,OSU Football,1,1,115,2,105,218,105,113,224.09,100.0,23529.45,220,100.0,106.95,224.09,High,Peak,95.9,204.35,195.97,146.9,135.1,109.3,1.344
2024-11-10,2024,11,45,6,Sunday,1,OSU Football,1,1,79,1,141,218,141,77,211.55,100.0,29828.55,220,100.0,135.58,211.55,High,Peak,92.1,193.64,178.34,156.3,141.1,110.8,1.411
2024-11-11,2024,11,46,0,Monday,0,,0,0,93,3,127,156,127,29,172.14,100.0,21861.78,220,100.0,99.37,172.14,Medium,Moderate,95.0,163.61,155.43,149.4,136.5,110.9,1.347
2024-11-12,2024,11,46,1,Tuesday,0,,0,0,185,5,35,184,35,149,180.18,100.0,6306.3,220,100.0,28.66,180.18,High,High,95.4,169.31,161.52,125.6,128.1,109.0,1.152
2024-11-13,2024,11,46,2,Wednesday,0,,0,0,163,5,57,199,57,142,176.13,100.0,10039.41,220,100.0,45.63,176.13,High,Peak,95.7,163.3,156.28,107.4,129.3,108.9,0.986
2024-11-14,2024,11,46,3,Thursday,0,,0,0,78,3,142,181,142,39,173.98,100.0,24705.16,220,100.0,112.3,173.98,High,High,93.0,161.41,150.11,103.0,126.6,112.3,0.917
2024-11-15,2024,11,46,4,Friday,0,,0,0,110,3,110,131,110,21,173.58,100.0,19093.8,220,100.0,86.79,173.58,Medium,Moderate,94.3,166.14,156.67,102.4,125.8,114.7,0.893
2024-11-16,2024,11,46,5,Saturday,1,,0,0,151,4,69,114,69,45,181.28,100.0,12508.32,220,100.0,56.86,181.28,High,Low,96.0,172.39,165.49,97.3,122.1,113.8,0.855
2024-11-17,2024,11,46,6,Sunday,1,,0,0,138,3,82,75,75,0,160.13,91.5,12009.75,213,96.8,54.59,160.13,Low,Low,92.8,145.76,135.27,87.9,122.1,111.3,0.79
2024-11-18,2024,11,47,0,Monday,0,,0,0,42,1,178,177,177,0,170.86,99.4,30242.22,219,99.5,137.46,170.86,Low,High,93.7,155.26,145.48,95.0,122.2,113.8,0.835
2024-11-19,2024,11,47,1,Tuesday,0,,0,0,45,1,175,177,175,2,179.58,100.0,31426.5,220,100.0,142.85,179.58,Low,High,94.7,168.64,159.7,115.0,120.3,116.9,0.984
2024-11-20,2024,11,47,2,Wednesday,0,,0,0,220,5,0,159,0,159,184.04,0.0,0.0,220,100.0,0.0,184.04,Sold Out,High,95.0,167.13,158.77,106.9,107.1,115.1,0.929
2024-11-21,2024,11,47,3,Thursday,0,,0,0,57,2,163,174,163,11,175.34,100.0,28580.42,220,100.0,129.91,175.34,Medium,High,95.5,168.44,160.86,109.9,106.4,116.2,0.946
2024-11-22,2024,11,47,4,Friday,0,,0,0,8,1,212,131,131,0,169.79,61.8,22242.49,139,63.2,101.1,169.79,Low,Moderate,60.2,153.42,92.36,112.9,107.6,119.5,0.945
2024-11-23,2024,11,47,5,Saturday,1,OSU Football,1,1,8,1,212,218,212,6,211.64,100.0,44867.68,220,100.0,203.94,211.64,Low,Peak,94.6,202.28,191.36,133.3,115.3,123.0,1.084
2024-11-24,2024,11,47,6,Sunday,1,OSU Football,1,1,25,1,195,218,195,23,211.94,100.0,41328.3,220,100.0,187.86,211.94,Medium,Peak,95.0,201.62,191.54,150.4,119.1,126.7,1.187
2024-11-25,2024,11,48,0,Monday,0,,0,0,85,3,135,172,135,37,168.13,100.0,22697.55,220,100.0,103.17,168.13,High,High,96.5,159.38,153.8,144.4,119.7,127.8,1.13
2024-11-26,2024,11,48,1,Tuesday,0,,0,0,149,4,71,177,71,106,176.64,100.0,12541.44,220,100.0,57.01,176.64,High,High,96.6,171.11,165.29,129.6,122.3,128.3,1.01
2024-11-27,2024,11,48,2,Wednesday,0,Thanksgiving Week,1,0,167,4,53,90,53,37,171.46,100.0,9087.38,220,100.0,41.31,171.46,High,Low,94.6,151.69,143.5,137.1,122.0,123.7,1.108
2024-11-28,2024,11,48,3,Thursday,0,Thanksgiving Week,1,0,122,3,98,82,82,0,153.75,83.7,12607.5,204,92.7,57.31,153.75,Low,Low,88.0,141.13,124.19,125.6,117.7,121.3,1.035
2024-11-29,2024,11,48,4,Friday,0,Thanksgiving Week,1,0,37,1,183,84,84,0,152.58,45.9,12816.72,121,55.0,58.26,152.58,Low,Low,50.9,142.92,72.75,118.9,115.9,122.8,0.968
2024-11-30,2024,11,48,5,Saturday,1,Thanksgiving Week,1,0,37,1,183,88,88,0,149.15,48.1,13125.2,125,56.8,59.66,149.15,Low,Low,52.8,135.13,71.35,101.1,117.2,119.8,0.844
2024-12-01,2024,12,48,6,Sunday,1,Thanksgiving Week,1,0,220,4,0,51,0,51,116.93,0.0,0.0,220,100.0,0.0,116.93,Sold Out,Soft,95.3,111.16,105.94,73.3,111.9,115.7,0.634
2024-12-02,2024,12,49,0,Monday,0,,0,0,154,3,66,94,66,28,154.38,100.0,10189.08,220,100.0,46.31,154.38,Medium,Low,94.5,142.24,134.42,63.4,103.9,113.9,0.557
2024-12-03,2024,12,49,1,Tuesday,0,,0,0,93,2,127,115,115,0,156.88,90.6,18041.2,208,94.5,82.01,156.88,Low,Moderate,87.5,152.15,133.13,69.7,99.6,115.2,0.605
2024-12-04,2024,12,49,2,Wednesday,0,,0,0,13,1,207,104,104,0,148.3,50.2,15423.2,117,53.2,70.11,148.3,Low,Low,50.2,136.92,68.73,77.0,107.1,112.8,0.683
2024-12-05,2024,12,49,3,Thursday,0,,0,0,0,0,220,113,113,0,146.8,51.4,16588.4,113,51.4,75.4,146.8,Low,Low,49.7,129.23,64.23,81.4,103.5,109.9,0.741
2024-12-06,2024,12,49,4,Friday,0,,0,0,40,1,180,74,74,0,138.44,41.1,10244.56,114,51.8,46.57,138.44,Low,Low,48.4,132.19,63.98,80.0,99.4,106.2,0.753
2024-12-07,2024,12,49,5,Saturday,1,,0,0,0,0,220,87,87,0,145.17,39.5,12629.79,87,39.5,57.41,145.17,Low,Low,36.5,129.42,47.24,79.9,90.5,103.3,0.773
2024-12-08,2024,12,49,6,Sunday,1,,0,0,0,0,220,54,54,0,128.83,24.5,6956.82,54,24.5,31.62,128.83,Low,Soft,23.2,122.04,28.31,87.6,80.4,101.3,0.865
2024-12-09,2024,12,50,0,Monday,0,,0,0,0,0,220,102,102,0,131.77,46.4,13440.54,102,46.4,61.09,131.77,Low,Low,43.5,125.41,54.55,92.7,78.1,101.2,0.916
2024-12-10,2024,12,50,1,Tuesday,0,,0,0,112,2,108,101,101,0,161.44,93.5,16305.44,213,96.8,74.12,161.44,Low,Low,93.1,146.74,136.61,90.7,80.2,99.9,0.908
2024-12-11,2024,12,50,2,Wednesday,0,,0,0,151,3,69,105,69,36,171.42,100.0,11827.98,220,100.0,53.76,171.42,High,Low,92.4,151.93,140.38,85.7,81.4,98.0,0.874
2024-12-12,2024,12,50,3,Thursday,0,,0,0,128,2,92,110,92,18,154.33,100.0,14198.36,220,100.0,64.54,154.33,Medium,Low,94.7,138.61,131.26,82.7,82.1,99.9,0.828
2024-12-13,2024,12,50,4,Friday,0,,0,0,0,0,220,85,85,0,144.6,38.6,12291.0,85,38.6,55.87,144.6,Low,Low,37.3,140.05,52.24,84.3,82.1,100.8,0.836
2024-12-14,2024,12,50,5,Saturday,1,,0,0,0,0,220,71,71,0,141.74,32.3,10063.54,71,32.3,45.74,141.74,Low,Low,31.1,130.28,40.52,82.0,80.9,98.4,0.833
2024-12-15,2024,12,50,6,Sunday,1,,0,0,0,0,220,50,50,0,136.68,22.7,6834.0,50,22.7,31.06,136.68,Low,Soft,21.5,130.32,28.02,81.4,84.5,96.4,0.844
2024-12-16,2024,12,51,0,Monday,0,,0,0,0,0,220,98,98,0,136.83,44.5,13409.34,98,44.5,60.95,136.83,Low,Low,42.4,126.73,53.73,80.9,86.8,97.4,0.831
2024-12-17,2024,12,51,1,Tuesday,0,,0,0,0,0,220,108,108,0,157.0,49.1,16956.0,108,49.1,77.07,157.0,Low,Low,47.5,143.08,67.96,81.9,86.3,98.5,0.831
2024-12-18,2024,12,51,2,Wednesday,0,,0,0,47,1,173,101,101,0,147.29,58.4,14876.29,148,67.3,67.62,147.29,Low,Low,65.1,138.14,89.93,86.4,86.1,96.0,0.9
2024-12-19,2024,12,51,3,Thursday,0,,0,0,143,3,77,98,77,21,163.5,100.0,12589.5,220,100.0,57.23,163.5,Medium,Low,96.7,153.76,148.69,84.3,83.5,92.7,0.909
2024-12-20,2024,12,51,4,Friday,0,,0,0,70,2,150,80,80,0,137.37,53.3,10989.6,150,68.2,49.95,137.37,Low,Low,64.8,123.89,80.28,83.6,83.9,95.4,0.876
2024-12-21,2024,12,51,5,Saturday,1,,0,0,149,4,71,69,69,0,164.53,97.2,11352.57,218,99.1,51.6,164.53,Low,Soft,95.6,146.67,140.22,83.3,82.6,92.2,0.903
2024-12-22,2024,12,51,6,Sunday,1,,0,0,168,4,52,47,47,0,148.81,90.4,6994.07,215,97.7,31.79,148.81,Low,Soft,94.2,133.19,125.46,82.9,82.1,89.4,0.927
2024-12-23,2024,12,52,0,Monday,0,Holiday Week,1,0,41,1,179,37,37,0,115.0,20.7,4255.0,78,35.5,19.34,115.0,Low,Soft,32.7,108.89,35.61,74.1,77.5,83.6,0.886
2024-12-24,2024,12,52,1,Tuesday,0,Holiday Week,1,0,0,0,220,44,44,0,133.7,20.0,5882.8,44,20.0,26.74,133.7,Low,Soft,20.0,118.82,23.76,65.0,73.4,78.6,0.827
2024-12-25,2024,12,52,2,Wednesday,0,Holiday Week,1,0,24,1,196,40,40,0,135.2,20.4,5408.0,64,29.1,24.58,135.2,Low,Soft,28.1,129.48,36.38,56.3,71.4,75.4,0.747
2024-12-26,2024,12,52,3,Thursday,0,Holiday Week,1,0,95,2,125,36,36,0,128.12,28.8,4612.32,131,59.5,20.97,128.12,Low,Soft,56.8,121.7,69.13,50.4,67.4,74.2,0.679
2024-12-27,2024,12,52,4,Friday,0,Holiday Week,1,0,136,3,84,40,40,0,115.08,47.6,4603.2,176,80.0,20.92,115.08,Low,Soft,74.6,102.61,76.55,44.7,64.1,73.8,0.606
2024-12-28,2024,12,52,5,Saturday,1,Holiday Week,1,0,55,2,165,39,39,0,122.66,23.6,4783.74,94,42.7,21.74,122.66,Low,Soft,41.0,108.66,44.55,40.4,61.9,72.4,0.558
2024-12-29,2024,12,52,6,Sunday,1,Holiday Week,1,0,83,2,137,41,41,0,115.0,29.9,4715.0,124,56.4,21.43,115.0,Low,Soft,53.7,104.13,55.92,39.6,61.2,70.9,0.559
2024-12-30,2024,12,1,0,Monday,0,Holiday Week,1,0,0,0,220,40,40,0,115.81,18.2,4632.4,40,18.2,21.06,115.81,Low,Soft,20.0,107.15,21.43,40.0,57.1,69.3,0.577
2024-12-31,2024,12,1,1,Tuesday,0,Holiday Week,1,0,0,0,220,38,38,0,123.94,17.3,4709.72,38,17.3,21.41,123.94,Low,Soft,20.0,118.28,23.66,39.1,52.1,70.6,0.554
2025-01-01,2025,1,1,2,Wednesday,0,,0,0,0,0,220,147,147,0,151.2,66.8,22226.4,147,66.8,101.03,151.2,Low,Moderate,64.8,141.72,91.83,54.4,55.4,73.3,0.742
2025-01-02,2025,1,1,3,Thursday,0,,0,0,0,0,220,112,112,0,148.58,50.9,16640.96,112,50.9,75.64,148.58,Low,Low,48.1,139.1,66.91,65.3,57.9,73.2,0.892
2025-01-03,2025,1,1,4,Friday,0,,0,0,0,0,220,92,92,0,143.3,41.8,13183.6,92,41.8,59.93,143.3,Low,Low,39.9,128.57,51.3,72.7,58.7,72.8,0.999
2025-01-04,2025,1,1,5,Saturday,1,,0,0,130,1,90,98,90,8,157.53,100.0,14177.7,220,100.0,64.44,157.53,Low,Low,95.1,150.08,142.73,80.0,60.2,72.0,1.111
2025-01-05,2025,1,1,6,Sunday,1,,0,0,34,1,186,54,54,0,135.44,29.0,7313.76,88,40.0,33.24,135.44,Low,Soft,37.5,129.98,48.74,81.9,60.7,71.4,1.147
2025-01-06,2025,1,2,0,Monday,0,,0,0,0,0,220,125,125,0,133.04,56.8,16630.0,125,56.8,75.59,133.04,Low,Moderate,54.3,125.71,68.26,94.0,67.0,72.6,1.295
2025-01-07,2025,1,2,1,Tuesday,0,,0,0,5,1,215,117,117,0,148.48,54.4,17372.16,122,55.5,78.96,148.48,Low,Moderate,52.5,133.68,70.18,105.3,72.2,74.7,1.41
2025-01-08,2025,1,2,2,Wednesday,0,,0,0,64,2,156,116,116,0,152.06,74.4,17638.96,180,81.8,80.18,152.06,Low,Moderate,76.0,147.25,111.91,100.9,77.6,75.2,1.342
2025-01-09,2025,1,2,3,Thursday,0,,0,0,59,1,161,115,115,0,143.22,71.4,16470.3,174,79.1,74.86,143.22,Low,Moderate,75.5,134.48,101.53,101.3,83.3,75.7,1.338
2025-01-10,2025,1,2,4,Friday,0,,0,0,59,1,161,100,100,0,141.78,62.1,14178.0,159,72.3,64.45,141.78,Low,Low,67.2,136.44,91.69,102.4,87.6,76.7,1.335
2025-01-11,2025,1,2,5,Saturday,1,,0,0,188,3,32,93,32,61,151.62,100.0,4851.84,220,100.0,22.05,151.62,High,Low,94.9,134.2,127.36,94.1,87.1,74.7,1.26
2025-01-12,2025,1,2,6,Sunday,1,,0,0,95,1,125,55,55,0,133.03,44.0,7316.65,150,68.2,33.26,133.03,Low,Soft,64.4,119.89,77.21,94.3,88.1,73.7,1.28
2025-01-13,2025,1,3,0,Monday,0,,0,0,95,1,125,118,118,0,146.88,94.4,17331.84,213,96.8,78.78,146.88,Low,Moderate,91.2,137.49,125.39,93.3,93.6,75.3,1.239
2025-01-14,2025,1,3,1,Tuesday,0,,0,0,72,1,148,145,145,0,158.98,98.0,23052.1,217,98.6,104.78,158.98,Low,Moderate,93.1,145.7,135.65,97.3,101.3,78.4,1.241
2025-01-15,2025,1,3,2,Wednesday,0,,0,0,69,1,151,120,120,0,160.94,79.5,19312.8,189,85.9,87.79,160.94,Low,Moderate,79.2,154.39,122.28,97.9,99.4,79.2,1.236
2025-01-16,2025,1,3,3,Thursday,0,,0,0,101,2,119,133,119,14,156.13,100.0,18579.47,220,100.0,84.45,156.13,Medium,Moderate,93.5,149.29,139.59,98.4,99.9,79.5,1.238
2025-01-17,2025,1,3,4,Friday,0,,0,0,69,2,151,98,98,0,138.94,64.9,13616.12,167,75.9,61.89,138.94,Low,Low,71.4,130.07,92.87,98.1,100.3,79.4,1.236
2025-01-18,2025,1,3,5,Saturday,1,,0,0,39,1,181,99,99,0,140.22,54.7,13881.78,138,62.7,63.1,140.22,Low,Low,60.3,132.9,80.14,107.7,100.9,80.2,1.343
2025-01-19,2025,1,3,6,Sunday,1,,0,0,30,1,190,58,58,0,127.52,30.5,7396.16,88,40.0,33.62,127.52,Low,Soft,37.4,118.16,44.19,108.1,101.2,79.4,1.361
2025-01-20,2025,1,4,0,Monday,0,,0,0,0,0,220,113,113,0,131.29,51.4,14835.77,113,51.4,67.44,131.29,Low,Low,47.9,119.05,57.02,107.4,100.4,80.9,1.328
2025-01-21,2025,1,4,1,Tuesday,0,,0,0,22,1,198,131,131,0,156.03,66.2,20439.93,153,69.5,92.91,156.03,Low,Moderate,65.2,146.67,95.63,105.4,101.4,83.7,1.259
2025-01-22,2025,1,4,2,Wednesday,0,,0,0,0,0,220,124,124,0,150.94,56.4,18716.56,124,56.4,85.08,150.94,Low,Moderate,54.3,143.15,77.73,106.0,101.9,86.6,1.224
2025-01-23,2025,1,4,3,Thursday,0,,0,0,122,2,98,131,98,33,157.03,100.0,15388.94,220,100.0,69.95,157.03,High,Moderate,95.1,150.93,143.53,103.0,100.7,88.4,1.165
2025-01-24,2025,1,4,4,Friday,0,,0,0,122,2,98,82,82,0,140.91,83.7,11554.62,204,92.7,52.52,140.91,Low,Low,87.3,125.23,109.33,100.7,99.4,89.8,1.121
2025-01-25,2025,1,4,5,Saturday,1,,0,0,87,2,133,92,92,0,143.53,69.2,13204.76,179,81.4,60.02,143.53,Low,Low,77.4,132.06,102.21,99.7,103.7,91.7,1.087
2025-01-26,2025,1,4,6,Sunday,1,,0,0,87,2,133,56,56,0,132.44,42.1,7416.64,143,65.0,33.71,132.44,Low,Soft,61.0,123.42,75.29,99.4,103.8,92.2,1.078
2025-01-27,2025,1,5,0,Monday,0,,0,0,53,1,167,130,130,0,149.96,77.8,19494.8,183,83.2,88.61,149.96,Low,Moderate,79.7,134.03,106.82,101.9,104.6,95.2,1.07
2025-01-28,2025,1,5,1,Tuesday,0,,0,0,166,4,54,126,54,72,166.53,100.0,8992.62,220,100.0,40.88,166.53,High,Moderate,93.6,152.16,142.42,90.9,98.1,95.7,0.95
2025-01-29,2025,1,5,2,Wednesday,0,,0,0,102,3,118,117,117,0,166.67,99.2,19500.39,219,99.5,88.64,166.67,Low,Moderate,91.8,151.62,139.19,89.9,97.9,98.2,0.915
2025-01-30,2025,1,5,3,Thursday,0,,0,0,149,4,71,122,71,51,164.28,100.0,11663.88,220,100.0,53.02,164.28,High,Moderate,95.6,148.25,141.73,86.0,94.5,99.3,0.866
2025-01-31,2025,1,5,4,Friday,0,,0,0,189,4,31,101,31,70,150.78,100.0,4674.18,220,100.0,21.25,150.78,High,Low,92.0,137.45,126.45,78.7,89.7,95.5,0.824
2025-02-01,2025,2,5,5,Saturday,1,,0,0,111,2,109,94,94,0,149.64,86.2,14066.16,205,93.2,63.94,149.64,Low,Low,87.8,138.25,121.38,79.0,89.4,94.9,0.832
2025-02-02,2025,2,5,6,Sunday,1,,0,0,56,2,164,66,66,0,138.0,40.2,9108.0,122,55.5,41.4,138.0,Low,Soft,52.4,128.13,67.14,80.4,89.9,94.0,0.855
2025-02-03,2025,2,6,0,Monday,0,,0,0,40,1,180,116,116,0,142.54,64.4,16534.64,156,70.9,75.16,142.54,Low,Moderate,65.4,130.94,85.63,78.4,90.1,94.9,0.826
2025-02-04,2025,2,6,1,Tuesday,0,,0,0,0,0,220,160,160,0,152.6,72.7,24416.0,160,72.7,110.98,152.6,Low,High,68.1,143.23,97.54,93.6,92.2,98.4,0.951
2025-02-05,2025,2,6,2,Wednesday,0,,0,0,0,0,220,149,149,0,152.47,67.7,22718.03,149,67.7,103.26,152.47,Low,Moderate,63.6,139.44,88.68,98.1,94.0,99.2,0.989
2025-02-06,2025,2,6,3,Thursday,0,,0,0,0,0,220,126,126,0,148.63,57.3,18727.38,126,57.3,85.12,148.63,Low,Moderate,53.4,131.66,70.31,106.0,96.0,99.5,1.065
2025-02-07,2025,2,6,4,Friday,0,,0,0,35,1,185,93,93,0,148.01,50.3,13764.93,128,58.2,62.57,148.01,Low,Low,55.8,130.63,72.89,114.9,96.8,98.7,1.164
2025-02-08,2025,2,6,5,Saturday,1,,0,0,35,1,185,102,102,0,153.36,55.1,15642.72,137,62.3,71.1,153.36,Low,Low,58.0,136.46,79.15,116.0,97.5,98.3,1.18
2025-02-09,2025,2,6,6,Sunday,1,,0,0,35,1,185,74,74,0,141.26,40.0,10453.24,109,49.5,47.51,141.26,Low,Low,45.8,133.56,61.17,117.1,98.8,97.4,1.202
2025-02-10,2025,2,7,0,Monday,0,,0,0,75,1,145,146,145,1,154.32,100.0,22376.4,220,100.0,101.71,154.32,Low,Moderate,94.0,148.01,139.13,121.3,99.9,101.2,1.199
2025-02-11,2025,2,7,1,Tuesday,0,,0,0,75,1,145,157,145,12,175.9,100.0,25505.5,220,100.0,115.93,175.9,Medium,Moderate,93.1,163.91,152.6,119.1,106.4,104.2,1.143
2025-02-12,2025,2,7,2,Wednesday,0,,0,0,40,1,180,137,137,0,155.09,76.1,21247.33,177,80.5,96.58,155.09,Low,Moderate,74.6,137.78,102.78,117.4,107.8,104.8,1.12
2025-02-13,2025,2,7,3,Thursday,0,,0,0,0,0,220,150,150,0,152.19,68.2,22828.5,150,68.2,103.77,152.19,Low,Moderate,66.1,138.05,91.25,120.9,113.4,105.0,1.151
2025-02-14,2025,2,7,4,Friday,0,,0,0,0,0,220,95,95,0,140.62,43.2,13358.9,95,43.2,60.72,140.62,Low,Low,40.3,132.17,53.26,121.1,118.0,104.2,1.162
2025-02-15,2025,2,7,5,Saturday,1,,0,0,50,1,170,100,100,0,145.58,58.8,14558.0,150,68.2,66.17,145.58,Low,Low,64.0,139.56,89.32,120.9,118.4,103.5,1.168
2025-02-16,2025,2,7,6,Sunday,1,,0,0,60,1,160,73,73,0,137.76,45.6,10056.48,133,60.5,45.71,137.76,Low,Low,58.1,129.1,75.01,120.7,118.9,102.7,1.175
2025-02-17,2025,2,8,0,Monday,0,,0,0,0,0,220,121,121,0,138.39,55.0,16745.19,121,55.0,76.11,138.39,Low,Moderate,52.0,125.21,65.11,117.3,119.3,103.4,1.134
2025-02-18,2025,2,8,1,Tuesday,0,,0,0,0,0,220,153,153,0,148.81,69.5,22767.93,153,69.5,103.49,148.81,Low,Moderate,64.3,143.98,92.58,118.4,118.8,106.6,1.111
2025-02-19,2025,2,8,2,Wednesday,0,,0,0,129,2,91,166,91,75,163.93,100.0,14917.63,220,100.0,67.81,163.93,High,High,93.8,158.44,148.62,111.9,114.6,105.9,1.057
2025-02-20,2025,2,8,3,Thursday,0,,0,0,220,4,0,149,0,149,162.88,0.0,0.0,220,100.0,0.0,162.88,Sold Out,Moderate,94.9,144.05,136.7,90.4,105.6,101.5,0.891
2025-02-21,2025,2,8,4,Friday,0,,0,0,197,3,23,102,23,79,159.15,100.0,3660.45,220,100.0,16.64,159.15,High,Low,95.0,154.21,146.5,80.1,100.6,98.1,0.817
2025-02-22,2025,2,8,5,Saturday,1,,0,0,220,3,0,97,0,97,158.87,0.0,0.0,220,100.0,0.0,158.87,Sold Out,Low,96.6,143.35,138.48,65.9,93.4,94.9,0.694
2025-02-23,2025,2,8,6,Sunday,1,,0,0,220,4,0,72,0,72,147.95,0.0,0.0,220,100.0,0.0,147.95,Sold Out,Low,92.5,138.07,127.71,55.4,88.1,92.1,0.602
2025-02-24,2025,2,9,0,Monday,0,,0,0,220,4,0,119,0,119,154.68,0.0,0.0,220,100.0,0.0,154.68,Sold Out,Moderate,94.5,140.58,132.85,38.1,77.7,89.1,0.428
2025-02-25,2025,2,9,1,Tuesday,0,,0,0,68,1,152,148,148,0,167.02,97.4,24718.96,216,98.2,112.36,167.02,Low,Moderate,94.4,153.28,144.7,37.4,77.9,92.1,0.406
2025-02-26,2025,2,9,2,Wednesday,0,,0,0,0,0,220,154,154,0,145.33,70.0,22380.82,154,70.0,101.73,145.33,Low,Moderate,67.8,139.95,94.89,46.4,79.1,92.9,0.499
2025-02-27,2025,2,9,3,Thursday,0,,0,0,135,2,85,133,85,48,166.21,100.0,14127.85,220,100.0,64.22,166.21,High,Moderate,94.0,149.77,140.78,58.6,74.5,94.0,0.623
2025-02-28,2025,2,9,4,Friday,0,,0,0,184,4,36,113,36,77,164.47,100.0,5920.92,220,100.0,26.91,164.47,High,Low,95.2,148.03,140.92,60.4,70.3,91.3,0.662
2025-03-01,2025,3,9,5,Saturday,1,,0,0,137,2,83,124,83,41,169.24,100.0,14046.92,220,100.0,63.85,169.24,High,Moderate,93.5,159.25,148.9,72.3,69.1,91.7,0.788
2025-03-02,2025,3,9,6,Sunday,1,,0,0,75,1,145,85,85,0,143.69,58.6,12213.65,160,72.7,55.52,143.69,Low,Low,67.0,126.94,85.05,84.4,69.9,93.5,0.903
2025-03-03,2025,3,10,0,Monday,0,,0,0,0,0,220,152,152,0,154.08,69.1,23420.16,152,69.1,106.46,154.08,Low,Moderate,63.7,148.99,94.91,106.1,72.1,95.4,1.112
2025-03-04,2025,3,10,1,Tuesday,0,,0,0,0,0,220,159,159,0,157.92,72.3,25109.28,159,72.3,114.13,157.92,Low,High,67.3,147.39,99.19,107.7,72.6,98.5,1.093
2025-03-05,2025,3,10,2,Wednesday,0,,0,0,0,0,220,177,177,0,169.17,80.5,29943.09,177,80.5,136.1,169.17,Low,High,77.3,152.55,117.92,111.0,78.7,100.5,1.104
2025-03-06,2025,3,10,3,Thursday,0,Arnold Sports Festival,1,0,70,3,150,218,150,68,192.55,100.0,28882.5,220,100.0,131.28,192.55,High,Peak,95.5,183.77,175.5,120.3,89.4,100.2,1.201
2025-03-07,2025,3,10,4,Friday,0,Arnold Sports Festival,1,0,52,2,168,218,168,50,196.67,100.0,33040.56,220,100.0,150.18,196.67,High,Peak,96.0,185.43,178.01,139.1,99.8,100.8,1.38
2025-03-08,2025,3,10,5,Saturday,1,Arnold Sports Festival,1,0,103,2,117,218,117,101,210.64,100.0,24644.88,220,100.0,112.02,210.64,High,Peak,92.3,189.99,175.36,144.0,108.1,100.5,1.433
2025-03-09,2025,3,10,6,Sunday,1,Arnold Sports Festival,1,0,184,4,36,218,36,182,192.09,100.0,6915.24,220,100.0,31.43,192.09,High,Peak,96.0,170.23,163.42,137.0,110.7,98.6,1.389
2025-03-10,2025,3,11,0,Monday,0,,0,0,220,5,0,166,0,166,170.14,0.0,0.0,220,100.0,0.0,170.14,Sold Out,High,94.1,158.46,149.11,115.3,110.7,95.2,1.211
2025-03-11,2025,3,11,1,Tuesday,0,,0,0,0,0,220,167,167,0,172.82,75.9,28860.94,167,75.9,131.19,172.82,Low,High,72.4,155.64,112.68,116.4,112.1,98.3,1.184
2025-03-12,2025,3,11,2,Wednesday,0,,0,0,60,1,160,176,160,16,170.92,100.0,27347.2,220,100.0,124.31,170.92,Medium,High,93.2,156.78,146.12,114.0,112.5,98.8,1.154
2025-03-13,2025,3,11,3,Thursday,0,,0,0,60,1,160,149,149,0,169.12,93.1,25198.88,209,95.0,114.54,169.12,Low,Moderate,90.2,156.25,140.94,113.9,117.1,99.0,1.151
2025-03-14,2025,3,11,4,Friday,0,,0,0,83,2,137,113,113,0,159.17,82.5,17986.21,196,89.1,81.76,159.17,Low,Low,83.4,140.97,117.57,106.0,122.6,98.2,1.079
2025-03-15,2025,3,11,5,Saturday,1,,0,0,76,1,144,127,127,0,150.91,88.2,19165.57,203,92.3,87.12,150.91,Low,Moderate,87.9,143.16,125.84,107.4,125.7,97.4,1.103
2025-03-16,2025,3,11,6,Sunday,1,,0,0,220,4,0,83,0,83,151.52,0.0,0.0,220,100.0,0.0,151.52,Sold Out,Low,94.3,139.69,131.73,102.3,119.6,94.2,1.086
2025-03-17,2025,3,12,0,Monday,0,,0,0,39,1,181,138,138,0,154.18,76.2,21276.84,177,80.5,96.71,154.18,Low,Moderate,76.8,138.55,106.41,122.0,118.6,95.5,1.277
2025-03-18,2025,3,12,1,Tuesday,0,,0,0,37,1,183,161,161,0,161.57,88.0,26012.77,198,90.0,118.24,161.57,Low,High,84.4,148.78,125.57,121.1,118.8,98.4,1.231
2025-03-19,2025,3,12,2,Wednesday,0,,0,0,97,2,123,190,123,67,176.5,100.0,21709.5,220,100.0,98.68,176.5,High,High,93.5,160.75,150.3,115.9,114.9,98.5,1.177
2025-03-20,2025,3,12,3,Thursday,0,,0,0,60,1,160,151,151,0,183.03,94.4,27637.53,211,95.9,125.63,183.03,Low,Moderate,89.5,164.14,146.91,116.1,115.0,98.4,1.18
2025-03-21,2025,3,12,4,Friday,0,,0,0,105,2,115,119,115,4,164.74,100.0,18945.1,220,100.0,86.11,164.74,Low,Moderate,92.9,148.78,138.22,116.4,111.2,99.2,1.173
2025-03-22,2025,3,12,5,Saturday,1,,0,0,60,1,160,124,124,0,167.5,77.5,20770.0,184,83.6,94.41,167.5,Low,Moderate,77.9,147.66,115.03,116.0,111.7,103.4,1.122
2025-03-23,2025,3,12,6,Sunday,1,,0,0,95,2,125,73,73,0,151.21,58.4,11038.33,168,76.4,50.17,151.21,Low,Low,71.0,144.74,102.77,126.4,114.4,105.0,1.204
2025-03-24,2025,3,13,0,Monday,0,,0,0,180,3,40,168,40,128,167.38,100.0,6695.2,220,100.0,30.43,167.38,High,High,93.8,157.21,147.46,112.4,117.2,106.4,1.056
2025-03-25,2025,3,13,1,Tuesday,0,,0,0,220,5,0,166,0,166,174.78,0.0,0.0,220,100.0,0.0,174.78,Sold Out,High,96.6,156.97,151.63,89.4,105.3,106.4,0.84
2025-03-26,2025,3,13,2,Wednesday,0,,0,0,210,4,10,164,10,154,169.12,100.0,1691.2,220,100.0,7.69,169.12,High,High,94.6,151.13,142.97,73.3,94.6,106.7,0.687
2025-03-27,2025,3,13,3,Thursday,0,,0,0,29,1,191,154,154,0,167.63,80.6,25815.02,183,83.2,117.34,167.63,Low,Moderate,80.0,148.75,119.0,73.7,94.9,106.9,0.689
2025-03-28,2025,3,13,4,Friday,0,,0,0,127,3,93,132,93,39,173.27,100.0,16114.11,220,100.0,73.25,173.27,High,Moderate,93.6,153.13,143.33,70.6,93.5,104.9,0.673
2025-03-29,2025,3,13,5,Saturday,1,,0,0,220,5,0,108,0,108,172.97,0.0,0.0,220,100.0,0.0,172.97,Sold Out,Low,95.1,166.4,158.25,52.9,84.4,102.0,0.519
2025-03-30,2025,3,13,6,Sunday,1,,0,0,199,4,21,78,21,57,159.25,100.0,3344.25,220,100.0,15.2,159.25,High,Low,92.2,148.01,136.47,45.4,85.9,101.5,0.447
2025-03-31,2025,3,14,0,Monday,0,,0,0,0,0,220,160,160,0,143.73,72.7,22996.8,160,72.7,104.53,143.73,Low,High,69.8,131.89,92.06,62.6,87.5,104.1,0.601
2025-04-01,2025,4,14,1,Tuesday,0,,0,0,92,2,128,191,128,63,196.64,100.0,25169.92,220,100.0,114.41,196.64,High,High,95.8,178.62,171.12,80.9,85.1,105.5,0.767
2025-04-02,2025,4,14,2,Wednesday,0,,0,0,220,5,0,190,0,190,183.29,0.0,0.0,220,100.0,0.0,183.29,Sold Out,High,94.3,177.53,167.41,79.4,76.4,100.5,0.79
2025-04-03,2025,4,14,3,Thursday,0,,0,0,220,9,0,184,0,184,171.84,0.0,0.0,220,100.0,0.0,171.84,Sold Out,High,92.4,161.1,148.86,57.4,65.6,95.2,0.603
2025-04-04,2025,4,14,4,Friday,0,,0,0,220,4,0,149,0,149,175.94,0.0,0.0,220,100.0,0.0,175.94,Sold Out,Moderate,94.3,164.58,155.2,44.1,57.4,89.3,0.494
2025-04-05,2025,4,14,5,Saturday,1,,0,0,120,2,100,135,100,35,184.79,100.0,18479.0,220,100.0,84.0,184.79,High,Moderate,93.2,166.31,155.0,58.4,55.6,87.6,0.667
2025-04-06,2025,4,14,6,Sunday,1,,0,0,24,1,196,84,84,0,149.89,42.9,12590.76,108,49.1,57.23,149.89,Low,Low,45.2,142.98,64.63,67.4,56.4,84.8,0.795
2025-04-07,2025,4,15,0,Monday,0,,0,0,208,4,12,199,12,187,171.19,100.0,2054.28,220,100.0,9.34,171.19,High,Peak,94.1,152.44,143.45,46.3,54.4,81.3,0.569
2025-04-08,2025,4,15,1,Tuesday,0,,0,0,202,4,18,180,18,162,178.78,100.0,3218.04,220,100.0,14.63,178.78,High,High,93.3,170.86,159.41,30.6,55.7,80.7,0.379
2025-04-09,2025,4,15,2,Wednesday,0,,0,0,115,3,105,191,105,86,190.0,100.0,19950.0,220,100.0,90.68,190.0,High,High,92.1,170.5,157.03,45.6,62.5,84.2,0.542
2025-04-10,2025,4,15,3,Thursday,0,,0,0,89,1,131,162,131,31,185.07,100.0,24244.17,220,100.0,110.2,185.07,High,High,92.6,165.54,153.29,64.3,60.9,83.0,0.775
2025-04-11,2025,4,15,4,Friday,0,,0,0,89,1,131,130,130,0,178.89,99.2,23255.7,219,99.5,105.71,178.89,Low,Moderate,94.0,165.5,155.57,82.9,63.5,82.0,1.011
2025-04-12,2025,4,15,5,Saturday,1,,0,0,91,2,129,129,129,0,178.07,100.0,22971.03,220,100.0,104.41,178.07,Low,Moderate,96.9,170.12,164.85,87.0,72.7,81.3,1.07
2025-04-13,2025,4,15,6,Sunday,1,,0,0,86,2,134,89,89,0,151.46,66.4,13479.94,175,79.5,61.27,151.46,Low,Low,74.8,134.26,100.43,87.7,77.6,80.5,1.089
2025-04-14,2025,4,16,0,Monday,0,,0,0,73,2,147,179,147,32,173.71,100.0,25535.37,220,100.0,116.07,173.71,High,High,92.3,163.83,151.22,107.0,76.6,81.2,1.318
2025-04-15,2025,4,16,1,Tuesday,0,,0,0,96,2,124,215,124,91,182.56,100.0,22637.44,220,100.0,102.9,182.56,High,Peak,96.8,161.52,156.35,122.1,76.4,85.3,1.431
2025-04-16,2025,4,16,2,Wednesday,0,,0,0,92,2,128,215,128,87,182.23,100.0,23325.44,220,100.0,106.02,182.23,High,Peak,95.8,160.78,154.03,125.4,85.5,85.0,1.475
2025-04-17,2025,4,16,3,Thursday,0,,0,0,65,1,155,204,155,49,183.86,100.0,28498.3,220,100.0,129.54,183.86,High,Peak,94.4,171.89,162.26,128.9,96.6,84.8,1.52
2025-04-18,2025,4,16,4,Friday,0,,0,0,220,5,0,141,0,141,170.31,0.0,0.0,220,100.0,0.0,170.31,Sold Out,Moderate,95.8,163.33,156.47,110.3,96.6,80.7,1.367
2025-04-19,2025,4,16,5,Saturday,1,,0,0,220,4,0,132,0,132,178.83,0.0,0.0,220,100.0,0.0,178.83,Sold Out,Moderate,93.7,169.06,158.41,91.9,89.4,75.7,1.214
2025-04-20,2025,4,16,6,Sunday,1,,0,0,29,1,191,96,96,0,155.94,50.3,14970.24,125,56.8,68.05,155.94,Low,Low,54.0,146.53,79.13,92.9,90.3,75.0,1.239
2025-04-21,2025,4,17,0,Monday,0,,0,0,0,0,220,186,186,0,168.37,84.5,31316.82,186,84.5,142.35,168.37,Low,High,79.1,148.3,117.31,98.4,102.7,77.1,1.276
2025-04-22,2025,4,17,1,Tuesday,0,,0,0,105,4,115,192,115,77,188.68,100.0,21698.2,220,100.0,98.63,188.68,High,High,96.0,169.58,162.8,97.1,109.6,78.5,1.237
2025-04-23,2025,4,17,2,Wednesday,0,,0,0,96,2,124,216,124,92,181.17,100.0,22465.08,220,100.0,102.11,181.17,High,Peak,93.2,171.23,159.59,96.6,111.0,81.3,1.188
2025-04-24,2025,4,17,3,Thursday,0,,0,0,0,0,220,172,172,0,174.74,78.2,30055.28,172,78.2,136.61,174.74,Low,High,72.3,156.57,113.2,99.0,113.9,87.0,1.138
2025-04-25,2025,4,17,4,Friday,0,,0,0,14,1,206,135,135,0,159.48,65.5,21529.8,149,67.7,97.86,159.48,Low,Moderate,63.7,149.65,95.33,118.3,114.3,91.2,1.297
2025-04-26,2025,4,17,5,Saturday,1,,0,0,14,1,206,149,149,0,171.53,72.3,25557.97,163,74.1,116.17,171.53,Low,Moderate,71.2,161.24,114.8,139.6,115.7,91.0,1.534
2025-04-27,2025,4,17,6,Sunday,1,,0,0,102,2,118,99,99,0,155.74,83.9,15418.26,201,91.4,70.08,155.74,Low,Low,87.6,150.56,131.89,140.0,116.4,91.2,1.535
2025-04-28,2025,4,18,0,Monday,0,,0,0,61,1,159,161,159,2,161.88,100.0,25738.92,220,100.0,117.0,161.88,Low,High,95.8,147.56,141.36,136.1,117.3,96.5,1.41
2025-04-29,2025,4,18,1,Tuesday,0,,0,0,0,0,220,218,218,0,171.92,99.1,37478.56,218,99.1,170.36,171.92,Low,Peak,95.9,165.76,158.96,150.9,124.0,103.1,1.464
2025-04-30,2025,4,18,2,Wednesday,0,,0,0,0,0,220,197,197,0,179.86,89.5,35432.42,197,89.5,161.06,179.86,Low,Peak,82.7,161.74,133.76,161.3,128.9,104.3,1.547
2025-05-01,2025,5,18,3,Thursday,0,,0,0,137,2,83,184,83,101,180.66,100.0,14994.78,220,100.0,68.16,180.66,High,High,92.9,171.62,159.43,148.6,123.8,102.8,1.446
2025-05-02,2025,5,18,4,Friday,0,,0,0,220,4,0,151,0,151,168.09,0.0,0.0,220,100.0,0.0,168.09,Sold Out,Moderate,96.6,160.68,155.22,129.3,123.8,102.8,1.258
2025-05-03,2025,5,18,5,Saturday,1,,0,0,183,2,37,150,37,113,177.95,100.0,6584.15,220,100.0,29.93,177.95,High,Moderate,93.0,170.41,158.48,113.3,126.4,104.1,1.088
2025-05-04,2025,5,18,6,Sunday,1,,0,0,66,1,154,97,97,0,153.25,63.0,14865.25,163,74.1,67.57,153.25,Low,Low,69.2,135.17,93.54,113.0,126.5,107.3,1.053
2025-05-05,2025,5,19,0,Monday,0,,0,0,66,1,154,170,154,16,161.23,100.0,24829.42,220,100.0,112.86,161.23,Medium,High,92.6,154.78,143.33,112.3,124.2,109.1,1.029
2025-05-06,2025,5,19,1,Tuesday,0,,0,0,203,4,17,205,17,188,180.06,100.0,3061.02,220,100.0,13.91,180.06,High,Peak,93.9,172.16,161.66,83.6,117.2,106.9,0.782
2025-05-07,2025,5,19,2,Wednesday,0,,0,0,220,6,0,190,0,190,189.17,0.0,0.0,220,100.0,0.0,189.17,Sold Out,High,92.9,171.97,159.76,55.4,108.4,106.5,0.52
2025-05-08,2025,5,19,3,Thursday,0,,0,0,119,3,101,213,101,112,187.62,100.0,18949.62,220,100.0,86.13,187.62,High,Peak,94.6,171.9,162.62,58.0,103.3,109.2,0.531
2025-05-09,2025,5,19,4,Friday,0,OSU Graduation,1,0,0,0,220,218,218,0,204.17,99.1,44509.06,218,99.1,202.31,204.17,Low,Peak,93.3,192.85,179.93,89.1,109.2,113.0,0.788
2025-05-10,2025,5,19,5,Saturday,1,OSU Graduation,1,0,0,0,220,218,218,0,210.41,99.1,45869.38,218,99.1,208.5,210.41,Low,Peak,95.3,198.15,188.84,115.0,114.1,115.9,0.992
2025-05-11,2025,5,19,6,Sunday,1,OSU Graduation,1,0,0,0,220,218,218,0,203.29,99.1,44317.22,218,99.1,201.44,203.29,Low,Peak,95.1,190.23,180.91,132.3,122.6,118.8,1.114
2025-05-12,2025,5,20,0,Monday,0,,0,0,102,1,118,173,118,55,171.59,100.0,20247.62,220,100.0,92.03,171.59,High,High,93.7,158.39,148.41,127.1,119.7,118.5,1.073
2025-05-13,2025,5,20,1,Tuesday,0,,0,0,0,0,220,208,208,0,194.51,94.5,40458.08,208,94.5,183.9,194.51,Low,Peak,88.4,177.64,157.03,154.4,119.0,122.4,1.261
2025-05-14,2025,5,20,2,Wednesday,0,,0,0,0,0,220,215,215,0,190.48,97.7,40953.2,215,97.7,186.15,190.48,Low,Peak,90.3,168.58,152.23,185.1,120.3,124.7,1.484
2025-05-15,2025,5,20,3,Thursday,0,,0,0,0,0,220,176,176,0,174.67,80.0,30741.92,176,80.0,139.74,174.67,Low,High,75.3,168.07,126.56,195.9,126.9,126.4,1.55
2025-05-16,2025,5,20,4,Friday,0,,0,0,202,3,18,141,18,123,173.3,100.0,3119.4,220,100.0,14.18,173.3,High,Moderate,92.7,167.92,155.66,167.3,128.2,122.8,1.362
2025-05-17,2025,5,20,5,Saturday,1,,0,0,148,2,72,150,72,78,181.79,100.0,13088.88,220,100.0,59.49,181.79,High,Moderate,93.0,165.56,153.97,146.4,130.7,120.0,1.22
2025-05-18,2025,5,20,6,Sunday,1,,0,0,93,2,127,103,103,0,165.79,81.1,17076.37,196,89.1,77.62,165.79,Low,Low,83.8,156.56,131.2,130.0,131.1,123.4,1.053
2025-05-19,2025,5,21,0,Monday,0,,0,0,127,3,93,196,93,103,173.59,100.0,16143.87,220,100.0,73.38,173.59,High,Peak,92.5,165.03,152.65,126.4,126.8,126.5,0.999
2025-05-20,2025,5,21,1,Tuesday,0,,0,0,220,5,0,206,0,206,191.0,0.0,0.0,220,100.0,0.0,191.0,Sold Out,Peak,92.8,179.69,166.75,96.7,125.6,123.3,0.784
2025-05-21,2025,5,21,2,Wednesday,0,,0,0,192,4,28,218,28,190,183.21,100.0,5129.88,220,100.0,23.32,183.21,High,Peak,96.5,171.05,165.06,70.0,127.6,118.1,0.593
2025-05-22,2025,5,21,3,Thursday,0,,0,0,0,0,220,185,185,0,172.07,84.1,31832.95,185,84.1,144.7,172.07,Low,High,79.4,158.83,126.11,71.3,133.6,120.4,0.592
2025-05-23,2025,5,21,4,Friday,0,,0,0,94,2,126,157,126,31,180.36,100.0,22725.36,220,100.0,103.3,180.36,High,Moderate,95.9,168.24,161.34,86.7,127.0,120.5,0.72
2025-05-24,2025,5,21,5,Saturday,1,,0,0,46,1,174,140,140,0,178.93,80.5,25050.2,186,84.5,113.86,178.93,Low,Moderate,79.3,168.24,133.41,96.4,121.4,119.4,0.807
2025-05-25,2025,5,21,6,Sunday,1,,0,0,102,3,118,88,88,0,158.11,74.6,13913.68,190,86.4,63.24,158.11,Low,Low,81.6,151.1,123.3,94.3,112.1,117.8,0.801
2025-05-26,2025,5,22,0,Monday,0,,0,0,87,2,133,168,133,35,175.04,100.0,23280.32,220,100.0,105.82,175.04,High,High,96.4,169.2,163.11,100.0,113.2,117.3,0.853
2025-05-27,2025,5,22,1,Tuesday,0,,0,0,0,0,220,208,208,0,181.55,94.5,37762.4,208,94.5,171.65,181.55,Low,Peak,87.3,163.23,142.5,129.7,113.2,120.9,1.073
2025-05-28,2025,5,22,2,Wednesday,0,,0,0,74,2,146,218,146,72,188.81,100.0,27566.26,220,100.0,125.3,188.81,High,Peak,94.1,181.31,170.61,146.6,108.3,120.5,1.217
2025-05-29,2025,5,22,3,Thursday,0,,0,0,71,1,149,215,149,66,185.69,100.0,27667.81,220,100.0,125.76,185.69,High,Peak,95.2,163.53,155.68,141.4,106.4,118.2,1.196
2025-05-30,2025,5,22,4,Friday,0,,0,0,168,3,52,161,52,109,186.66,100.0,9706.32,220,100.0,44.12,186.66,High,High,92.4,175.08,161.77,130.9,108.8,113.4,1.154
2025-05-31,2025,5,22,5,Saturday,1,,0,0,140,3,80,149,80,69,177.55,100.0,14204.0,220,100.0,64.56,177.55,High,Moderate,94.9,168.08,159.51,122.3,109.4,113.3,1.079
2025-06-01,2025,6,22,6,Sunday,1,,0,0,185,5,35,85,35,50,163.38,100.0,5718.3,220,100.0,25.99,163.38,High,Low,95.9,154.37,148.04,114.7,104.5,114.4,1.003
2025-06-02,2025,6,23,0,Monday,0,,0,0,69,2,151,172,151,21,168.9,100.0,25503.9,220,100.0,115.93,168.9,Medium,High,96.1,163.28,156.91,117.3,108.6,118.2,0.992
2025-06-03,2025,6,23,1,Tuesday,0,,0,0,116,3,104,191,104,87,184.23,100.0,19159.92,220,100.0,87.09,184.23,High,High,93.5,173.02,161.77,102.4,116.1,118.5,0.864
2025-06-04,2025,6,23,2,Wednesday,0,,0,0,183,6,37,208,37,171,178.23,100.0,6594.51,220,100.0,29.98,178.23,High,Peak,92.9,171.44,159.27,86.9,116.7,114.6,0.758
2025-06-05,2025,6,23,3,Thursday,0,,0,0,104,4,116,160,116,44,179.66,100.0,20840.56,220,100.0,94.73,179.66,High,High,96.1,169.86,163.24,82.1,111.8,117.9,0.696
2025-06-06,2025,6,23,4,Friday,0,,0,0,46,1,174,123,123,0,158.55,70.7,19501.65,169,76.8,88.64,158.55,Low,Moderate,73.1,140.85,102.96,92.3,111.6,122.0,0.757
2025-06-07,2025,6,23,5,Saturday,1,,0,0,0,0,220,113,113,0,159.97,51.4,18076.61,113,51.4,82.17,159.97,Low,Low,48.4,147.93,71.6,97.0,109.6,122.4,0.792
2025-06-08,2025,6,23,6,Sunday,1,,0,0,32,1,188,88,88,0,143.96,46.8,12668.48,120,54.5,57.58,143.96,Low,Low,51.6,134.16,69.23,104.6,109.6,118.0,0.886
2025-06-09,2025,6,24,0,Monday,0,,0,0,175,3,45,167,45,122,179.73,100.0,8087.85,220,100.0,36.76,179.73,High,High,93.9,167.52,157.3,89.4,103.4,112.3,0.796
2025-06-10,2025,6,24,1,Tuesday,0,,0,0,215,3,5,207,5,202,178.01,100.0,890.05,220,100.0,4.05,178.01,High,Peak,93.9,158.5,148.83,75.3,88.9,105.2,0.716
2025-06-11,2025,6,24,2,Wednesday,0,,0,0,220,5,0,200,0,200,184.78,0.0,0.0,220,100.0,0.0,184.78,Sold Out,Peak,93.0,175.38,163.1,70.0,78.4,101.2,0.692
2025-06-12,2025,6,24,3,Thursday,0,,0,0,220,6,0,149,0,149,180.61,0.0,0.0,220,100.0,0.0,180.61,Sold Out,Moderate,92.6,173.69,160.84,53.4,67.8,94.3,0.566
2025-06-13,2025,6,24,4,Friday,0,,0,0,211,6,9,145,9,136,170.33,100.0,1532.97,220,100.0,6.97,170.33,High,Moderate,92.9,155.27,144.25,37.1,64.7,87.4,0.424
2025-06-14,2025,6,24,5,Saturday,1,,0,0,188,5,32,124,32,92,181.92,100.0,5821.44,220,100.0,26.46,181.92,High,Moderate,93.3,171.73,160.22,25.6,61.3,82.6,0.31
2025-06-15,2025,6,24,6,Sunday,1,,0,0,81,2,139,80,80,0,154.37,57.6,12349.6,161,73.2,56.13,154.37,Low,Low,68.9,140.99,97.14,24.4,64.5,84.7,0.288
2025-06-16,2025,6,25,0,Monday,0,,0,0,84,3,136,156,136,20,165.93,100.0,22566.48,220,100.0,102.57,165.93,Medium,Moderate,92.6,158.96,147.2,37.4,63.4,86.8,0.431
2025-06-17,2025,6,25,1,Tuesday,0,,0,0,26,1,194,175,175,0,172.95,90.2,30266.25,201,91.4,137.57,172.95,Low,High,87.7,152.97,134.15,61.7,68.5,89.2,0.692
2025-06-18,2025,6,25,2,Wednesday,0,,0,0,50,1,170,199,170,29,168.58,100.0,28658.6,220,100.0,130.27,168.58,Medium,Peak,95.0,158.88,150.94,86.0,78.0,91.8,0.937
2025-06-19,2025,6,25,3,Thursday,0,,0,0,140,2,80,185,80,105,175.81,100.0,14064.8,220,100.0,63.93,175.81,High,High,93.0,159.45,148.29,97.4,75.4,94.5,1.031
2025-06-20,2025,6,25,4,Friday,0,,0,0,140,2,80,145,80,65,167.85,100.0,13428.0,220,100.0,61.04,167.85,High,Moderate,95.5,154.83,147.86,107.6,72.4,96.2,1.119
2025-06-21,2025,6,25,5,Saturday,1,,0,0,0,0,220,115,115,0,157.56,52.3,18119.4,115,52.3,82.36,157.56,Low,Moderate,48.4,148.96,72.1,119.4,72.5,93.9,1.272
2025-06-22,2025,6,25,6,Sunday,1,,0,0,56,1,164,91,91,0,153.61,55.5,13978.51,147,66.8,63.54,153.61,Low,Low,64.1,135.62,86.93,121.0,72.7,92.7,1.305
2025-06-23,2025,6,26,0,Monday,0,,0,0,0,0,220,153,153,0,151.93,69.5,23245.29,153,69.5,105.66,151.93,Low,Moderate,65.5,145.94,95.59,123.4,80.4,93.1,1.325
2025-06-24,2025,6,26,1,Tuesday,0,,0,0,141,2,79,166,79,87,177.18,100.0,13997.22,220,100.0,63.62,177.18,High,High,93.3,161.88,151.03,109.7,85.7,92.8,1.182
2025-06-25,2025,6,26,2,Wednesday,0,,0,0,216,4,4,208,4,204,182.21,100.0,728.84,220,100.0,3.31,182.21,High,Peak,94.3,172.6,162.76,86.0,86.0,88.5,0.972
2025-06-26,2025,6,26,3,Thursday,0,,0,0,111,3,109,178,109,69,179.53,100.0,19568.77,220,100.0,88.95,179.53,High,High,93.3,164.03,153.04,90.1,93.8,85.2,1.058
2025-06-27,2025,6,26,4,Friday,0,,0,0,142,4,78,144,78,66,168.53,100.0,13145.34,220,100.0,59.75,168.53,High,Moderate,94.0,152.95,143.77,89.9,98.7,83.0,1.083
2025-06-28,2025,6,26,5,Saturday,1,,0,0,23,1,197,133,133,0,162.36,67.5,21593.88,156,70.9,98.15,162.36,Low,Moderate,67.8,150.94,102.34,92.4,105.9,82.4,1.121
2025-06-29,2025,6,26,6,Sunday,1,,0,0,172,2,48,88,48,40,169.02,100.0,8112.96,220,100.0,36.88,169.02,High,Low,95.9,154.04,147.72,86.3,103.6,82.3,1.049
2025-06-30,2025,6,27,0,Monday,0,,0,0,172,2,48,180,48,132,172.61,100.0,8285.28,220,100.0,37.66,172.61,High,High,92.9,159.19,147.89,71.3,97.4,81.2,0.878
2025-07-01,2025,7,27,1,Tuesday,0,,0,0,34,1,186,191,186,5,175.78,100.0,32695.08,220,100.0,148.61,175.78,Low,High,94.4,155.49,146.78,86.6,98.1,86.3,1.003
2025-07-02,2025,7,27,2,Wednesday,0,,0,0,82,2,138,175,138,37,177.87,100.0,24546.06,220,100.0,111.57,177.87,High,High,95.5,162.01,154.72,105.7,95.9,85.8,1.232
2025-07-03,2025,7,27,3,Thursday,0,,0,0,82,2,138,149,138,11,181.38,100.0,25030.44,220,100.0,113.77,181.38,Medium,Moderate,96.5,161.56,155.91,109.9,100.0,87.0,1.263
2025-07-04,2025,7,27,4,Friday,0,,0,0,154,3,66,125,66,59,170.07,100.0,11224.62,220,100.0,51.02,170.07,High,Moderate,96.1,157.1,150.97,108.1,99.0,87.9,1.23
2025-07-05,2025,7,27,5,Saturday,1,,0,0,153,3,67,126,67,59,170.97,100.0,11454.99,220,100.0,52.07,170.97,High,Moderate,96.2,153.14,147.32,98.7,95.6,86.3,1.144
2025-07-06,2025,7,27,6,Sunday,1,,0,0,38,1,182,77,77,0,141.74,42.3,10913.98,115,52.3,49.61,141.74,Low,Low,49.3,131.3,64.73,102.9,94.6,84.8,1.213
2025-07-07,2025,7,28,0,Monday,0,,0,0,105,2,115,147,115,32,175.07,100.0,20133.05,220,100.0,91.51,175.07,High,Moderate,95.0,158.87,150.93,112.4,91.9,84.8,1.325
2025-07-08,2025,7,28,1,Tuesday,0,,0,0,48,1,172,190,172,18,184.21,100.0,31684.12,220,100.0,144.02,184.21,Medium,High,93.7,175.24,164.2,110.4,98.5,87.6,1.26
2025-07-09,2025,7,28,2,Wednesday,0,,0,0,132,2,88,164,88,76,177.65,100.0,15633.2,220,100.0,71.06,177.65,High,High,92.2,171.37,158.0,103.3,104.5,89.1,1.159
2025-07-10,2025,7,28,3,Thursday,0,,0,0,142,2,78,149,78,71,167.13,100.0,13036.14,220,100.0,59.26,167.13,High,Moderate,92.3,150.48,138.89,94.7,102.3,91.5,1.035
2025-07-11,2025,7,28,4,Friday,0,,0,0,27,1,193,131,131,0,151.43,67.9,19837.33,158,71.8,90.17,151.43,Low,Moderate,67.3,133.47,89.83,104.0,106.1,95.9,1.084
2025-07-12,2025,7,28,5,Saturday,1,,0,0,77,2,143,130,130,0,174.28,90.9,22656.4,207,94.1,102.98,174.28,Low,Moderate,87.2,158.35,138.08,113.0,105.9,100.2,1.128
2025-07-13,2025,7,28,6,Sunday,1,,0,0,166,3,54,73,54,19,149.19,100.0,8056.26,220,100.0,36.62,149.19,Medium,Low,97.0,141.97,137.71,109.7,106.3,101.7,1.079
2025-07-14,2025,7,29,0,Monday,0,,0,0,77,1,143,148,143,5,164.33,100.0,23499.19,220,100.0,106.81,164.33,Low,Moderate,96.3,150.01,144.46,113.7,113.1,105.4,1.079
2025-07-15,2025,7,29,1,Tuesday,0,,0,0,77,1,143,173,143,30,173.75,100.0,24846.25,220,100.0,112.94,173.75,Medium,High,93.0,154.99,144.14,109.6,110.0,107.5,1.02
2025-07-16,2025,7,29,2,Wednesday,0,,0,0,78,2,142,170,142,28,180.3,100.0,25602.6,220,100.0,116.38,180.3,Medium,High,96.8,166.0,160.69,117.3,110.3,107.7,1.089
2025-07-17,2025,7,29,3,Thursday,0,,0,0,135,3,85,153,85,68,173.85,100.0,14777.25,220,100.0,67.17,173.85,High,Moderate,94.9,160.79,152.59,118.3,106.5,104.7,1.13
2025-07-18,2025,7,29,4,Friday,0,,0,0,220,4,0,108,0,108,170.48,0.0,0.0,220,100.0,0.0,170.48,Sold Out,Low,93.3,153.26,142.99,99.6,101.8,99.0,1.006
2025-07-19,2025,7,29,5,Saturday,1,,0,0,218,4,2,108,2,106,176.2,100.0,352.4,220,100.0,1.6,176.2,High,Low,95.8,157.64,151.02,81.3,97.1,96.4,0.843
2025-07-20,2025,7,29,6,Sunday,1,,0,0,195,5,25,82,25,57,156.3,100.0,3907.5,220,100.0,17.76,156.3,High,Low,95.7,139.81,133.8,77.1,93.4,94.6,0.815
2025-07-21,2025,7,30,0,Monday,0,,0,0,95,2,125,169,125,44,166.81,100.0,20851.25,220,100.0,94.78,166.81,High,High,95.7,152.55,145.99,74.6,94.1,94.9,0.786
2025-07-22,2025,7,30,1,Tuesday,0,,0,0,101,2,119,162,119,43,176.45,100.0,20997.55,220,100.0,95.44,176.45,High,High,92.5,156.42,144.69,71.1,90.4,95.9,0.741
2025-07-23,2025,7,30,2,Wednesday,0,,0,0,105,2,115,179,115,64,176.65,100.0,20314.75,220,100.0,92.34,176.65,High,High,96.2,167.57,161.2,67.3,92.3,94.6,0.711
2025-07-24,2025,7,30,3,Thursday,0,,0,0,125,3,95,177,95,82,174.05,100.0,16534.75,220,100.0,75.16,174.05,High,High,94.1,160.83,151.34,68.7,93.5,95.1,0.722
2025-07-25,2025,7,30,4,Friday,0,,0,0,79,2,141,109,109,0,162.88,77.3,17753.92,188,85.5,80.7,162.88,Low,Low,79.7,150.93,120.29,84.3,91.9,98.6,0.855
2025-07-26,2025,7,30,5,Saturday,1,,0,0,79,2,141,131,131,0,161.72,92.9,21185.32,210,95.5,96.3,161.72,Low,Moderate,89.8,150.95,135.55,102.7,92.0,99.4,1.033
2025-07-27,2025,7,30,6,Sunday,1,,0,0,111,3,109,79,79,0,145.3,72.5,11478.7,190,86.4,52.18,145.3,Low,Low,83.2,132.25,110.03,110.4,93.8,99.4,1.111
2025-07-28,2025,7,31,0,Monday,0,,0,0,92,3,128,140,128,12,165.85,100.0,21228.8,220,100.0,96.49,165.85,Medium,Moderate,94.0,158.32,148.82,110.9,92.7,99.2,1.118
2025-07-29,2025,7,31,1,Tuesday,0,,0,0,113,4,107,191,107,84,173.69,100.0,18584.83,220,100.0,84.48,173.69,High,High,95.8,167.93,160.88,109.1,90.1,101.2,1.078
2025-07-30,2025,7,31,2,Wednesday,0,,0,0,203,4,17,165,17,148,175.03,100.0,2975.51,220,100.0,13.53,175.03,High,High,93.5,156.46,146.29,95.1,81.2,100.2,0.949
2025-07-31,2025,7,31,3,Thursday,0,,0,0,198,5,22,150,22,128,174.8,100.0,3845.6,220,100.0,17.48,174.8,High,Moderate,93.2,165.07,153.85,84.7,76.7,94.7,0.894
2025-08-01,2025,8,31,4,Friday,0,,0,0,216,5,4,135,4,131,168.8,100.0,675.2,220,100.0,3.07,168.8,High,Moderate,92.6,160.98,149.07,69.7,77.0,90.2,0.773
2025-08-02,2025,8,31,5,Saturday,1,,0,0,220,9,0,137,0,137,169.16,0.0,0.0,220,100.0,0.0,169.16,Sold Out,Moderate,94.3,150.67,142.08,51.0,76.9,85.6,0.596
2025-08-03,2025,8,31,6,Sunday,1,,0,0,19,1,201,81,81,0,154.31,40.3,12499.11,100,45.5,56.81,154.31,Low,Low,43.1,136.04,58.63,51.3,80.9,86.1,0.596
2025-08-04,2025,8,32,0,Monday,0,,0,0,0,0,220,153,153,0,151.06,69.5,23112.18,153,69.5,105.06,151.06,Low,Moderate,65.7,136.57,89.73,54.9,82.9,89.0,0.617
2025-08-05,2025,8,32,1,Tuesday,0,,0,0,143,4,77,173,77,96,181.35,100.0,13963.95,220,100.0,63.47,181.35,High,High,94.5,170.77,161.38,50.6,79.9,89.0,0.569
2025-08-06,2025,8,32,2,Wednesday,0,,0,0,217,3,3,182,3,179,179.83,100.0,539.49,220,100.0,2.45,179.83,High,High,92.1,165.19,152.14,48.6,71.9,85.3,0.57
2025-08-07,2025,8,32,3,Thursday,0,,0,0,164,2,56,160,56,104,181.25,100.0,10150.0,220,100.0,46.14,181.25,High,High,96.4,166.49,160.5,53.4,69.1,81.4,0.656
2025-08-08,2025,8,32,4,Friday,0,,0,0,33,1,187,141,141,0,161.65,75.4,22792.65,174,79.1,103.6,161.65,Low,Moderate,75.4,156.6,118.08,73.0,71.4,83.2,0.877
2025-08-09,2025,8,32,5,Saturday,1,,0,0,0,0,220,130,130,0,164.41,59.1,21373.3,130,59.1,97.15,164.41,Low,Moderate,54.7,146.36,80.06,91.6,71.3,84.9,1.079
2025-08-10,2025,8,32,6,Sunday,1,,0,0,0,0,220,76,76,0,152.95,34.5,11624.2,76,34.5,52.84,152.95,Low,Low,31.8,146.5,46.59,90.9,71.1,83.1,1.094
2025-08-11,2025,8,33,0,Monday,0,,0,0,24,1,196,181,181,0,165.78,92.3,30006.18,205,93.2,136.39,165.78,Low,High,90.1,157.43,141.84,94.9,74.9,84.8,1.119
2025-08-12,2025,8,33,1,Tuesday,0,,0,0,141,4,79,177,79,98,186.03,100.0,14696.37,220,100.0,66.8,186.03,High,High,96.6,175.99,170.01,95.1,72.9,85.6,1.111
2025-08-13,2025,8,33,2,Wednesday,0,,0,0,101,3,119,173,119,54,187.52,100.0,22314.88,220,100.0,101.43,187.52,High,High,95.0,167.66,159.28,111.7,80.1,84.8,1.317
2025-08-14,2025,8,33,3,Thursday,0,,0,0,97,3,123,171,123,48,176.12,100.0,21662.76,220,100.0,98.47,176.12,High,High,95.8,166.8,159.79,121.3,87.4,84.1,1.442
2025-08-15,2025,8,33,4,Friday,0,,0,0,138,2,82,117,82,35,170.95,100.0,14017.9,220,100.0,63.72,170.95,High,Moderate,94.4,150.81,142.36,112.9,92.9,82.1,1.375
2025-08-16,2025,8,33,5,Saturday,1,,0,0,169,3,51,123,51,72,184.42,100.0,9405.42,220,100.0,42.75,184.42,High,Moderate,94.3,165.23,155.81,101.6,96.6,81.0,1.254
2025-08-17,2025,8,33,6,Sunday,1,,0,0,36,2,184,90,90,0,153.98,48.9,13858.2,126,57.3,62.99,153.98,Low,Low,55.2,142.95,78.91,103.6,97.2,84.0,1.233
2025-08-18,2025,8,34,0,Monday,0,,0,0,45,2,175,162,162,0,177.66,92.6,28780.92,207,94.1,130.82,177.66,Low,High,88.6,160.6,142.29,100.9,97.9,89.3,1.13
2025-08-19,2025,8,34,1,Tuesday,0,,0,0,105,2,115,188,115,73,173.41,100.0,19942.15,220,100.0,90.65,173.41,High,High,92.2,165.11,152.23,106.0,100.6,92.3,1.148
2025-08-20,2025,8,34,2,Wednesday,0,,0,0,124,3,96,173,96,77,169.29,100.0,16251.84,220,100.0,73.87,169.29,High,High,96.7,158.84,153.6,102.7,107.2,91.4,1.124
2025-08-21,2025,8,34,3,Thursday,0,,0,0,0,0,220,176,176,0,163.91,80.0,28848.16,176,80.0,131.13,163.91,Low,High,73.9,147.65,109.11,110.3,115.8,93.3,1.182
2025-08-22,2025,8,34,4,Friday,0,,0,0,142,3,78,117,78,39,163.17,100.0,12727.26,220,100.0,57.85,163.17,High,Moderate,96.6,150.44,145.33,109.7,111.3,92.0,1.192
2025-08-23,2025,8,34,5,Saturday,1,,0,0,125,3,95,113,95,18,173.98,100.0,16528.1,220,100.0,75.13,173.98,Medium,Low,95.3,154.57,147.31,116.0,108.8,92.0,1.261
2025-08-24,2025,8,34,6,Sunday,1,,0,0,125,3,95,81,81,0,154.69,85.3,12529.89,206,93.6,56.95,154.69,Low,Low,89.3,143.27,127.94,114.7,109.1,91.1,1.259
2025-08-25,2025,8,35,0,Monday,0,,0,0,51,1,169,145,145,0,161.2,85.8,23374.0,196,89.1,106.25,161.2,Low,Moderate,82.9,153.94,127.62,112.3,106.6,91.6,1.226
2025-08-26,2025,8,35,1,Tuesday,0,,0,0,133,2,87,180,87,93,171.41,100.0,14912.67,220,100.0,67.78,171.41,High,High,92.8,159.33,147.86,108.3,107.1,91.8,1.18
2025-08-27,2025,8,35,2,Wednesday,0,,0,0,220,6,0,201,0,201,186.7,0.0,0.0,220,100.0,0.0,186.7,Sold Out,Peak,95.2,178.2,169.65,94.6,98.6,87.6,1.08
2025-08-28,2025,8,35,3,Thursday,0,,0,0,152,3,68,162,68,94,185.53,100.0,12616.04,220,100.0,57.35,185.53,High,High,93.2,164.79,153.58,79.1,94.7,86.3,0.917
2025-08-29,2025,8,35,4,Friday,0,,0,0,143,3,77,124,77,47,169.54,100.0,13054.58,220,100.0,59.34,169.54,High,Moderate,94.6,150.76,142.62,79.0,94.4,88.3,0.895
2025-08-30,2025,8,35,5,Saturday,1,,0,0,45,1,175,124,124,0,164.49,70.9,20396.76,169,76.8,92.71,164.49,Low,Moderate,71.3,149.93,106.9,83.1,99.6,91.7,0.906
2025-08-31,2025,8,35,6,Sunday,1,,0,0,0,0,220,82,82,0,157.98,37.3,12954.36,82,37.3,58.88,157.98,Low,Low,35.2,150.08,52.83,83.3,99.0,94.3,0.883
2025-09-01,2025,9,36,0,Monday,0,,0,0,31,1,189,161,161,0,166.83,85.2,26859.63,192,87.3,122.09,166.83,Low,High,84.6,152.01,128.6,85.6,98.9,99.6,0.859
2025-09-02,2025,9,36,1,Tuesday,0,,0,0,47,2,173,207,173,34,182.6,100.0,31589.8,220,100.0,143.59,182.6,High,Peak,96.2,168.03,161.64,97.9,103.1,102.7,0.953
2025-09-03,2025,9,36,2,Wednesday,0,,0,0,137,2,83,185,83,102,187.42,100.0,15555.86,220,100.0,70.71,187.42,High,High,96.4,169.57,163.47,109.7,102.1,100.4,1.093
2025-09-04,2025,9,36,3,Thursday,0,,0,0,220,4,0,185,0,185,190.34,0.0,0.0,220,100.0,0.0,190.34,Sold Out,High,96.3,176.07,169.56,100.0,89.6,97.8,1.022
2025-09-05,2025,9,36,4,Friday,0,,0,0,117,1,103,142,103,39,179.59,100.0,18497.77,220,100.0,84.08,179.59,High,Moderate,96.3,167.24,161.05,103.7,91.4,101.1,1.026
2025-09-06,2025,9,36,5,Saturday,1,OSU Football,1,1,189,3,31,218,31,187,225.0,100.0,6975.0,220,100.0,31.7,225.0,High,Peak,94.7,201.89,191.19,90.4,86.8,100.3,0.901
2025-09-07,2025,9,36,6,Sunday,1,OSU Football,1,1,183,3,37,218,37,181,206.95,100.0,7657.15,220,100.0,34.81,206.95,High,Peak,95.1,199.61,189.83,84.0,83.6,96.8,0.868
2025-09-08,2025,9,37,0,Monday,0,,0,0,162,3,58,179,58,121,178.54,100.0,10355.32,220,100.0,47.07,178.54,High,High,96.2,172.4,165.85,69.3,77.4,94.4,0.734
2025-09-09,2025,9,37,1,Tuesday,0,,0,0,142,3,78,218,78,140,193.8,100.0,15116.4,220,100.0,68.71,193.8,High,Peak,96.7,187.39,181.21,55.7,76.8,94.5,0.589
2025-09-10,2025,9,37,2,Wednesday,0,,0,0,127,3,93,218,93,125,198.33,100.0,18444.69,220,100.0,83.84,198.33,High,Peak,96.0,184.82,177.43,57.1,83.4,91.6,0.623
2025-09-11,2025,9,37,3,Thursday,0,,0,0,75,2,145,193,145,48,178.77,100.0,25921.65,220,100.0,117.83,178.77,High,High,92.5,167.57,155.0,77.9,88.9,93.8,0.83
2025-09-12,2025,9,37,4,Friday,0,,0,0,123,3,97,155,97,58,179.24,100.0,17386.28,220,100.0,79.03,179.24,High,Moderate,95.6,159.19,152.19,77.0,90.4,93.0,0.828
2025-09-13,2025,9,37,5,Saturday,1,,0,0,0,0,220,143,143,0,181.95,65.0,26018.85,143,65.0,118.27,181.95,Low,Moderate,60.4,164.91,99.61,93.0,91.7,93.7,0.993
2025-09-14,2025,9,37,6,Sunday,1,,0,0,87,2,133,95,95,0,157.27,71.4,14940.65,182,82.7,67.91,157.27,Low,Low,78.3,152.36,119.3,101.3,92.6,94.1,1.077
2025-09-15,2025,9,38,0,Monday,0,,0,0,129,4,91,174,91,83,177.48,100.0,16150.68,220,100.0,73.41,177.48,High,High,94.7,156.95,148.63,106.0,87.6,95.5,1.11
2025-09-16,2025,9,38,1,Tuesday,0,,0,0,28,2,192,218,192,26,176.82,100.0,33949.44,220,100.0,154.32,176.82,Medium,Peak,94.0,167.91,157.84,122.3,89.0,98.9,1.237
2025-09-17,2025,9,38,2,Wednesday,0,,0,0,80,2,140,202,140,62,187.63,100.0,26268.2,220,100.0,119.4,187.63,High,Peak,92.6,178.5,165.29,129.0,93.1,98.1,1.315
2025-09-18,2025,9,38,3,Thursday,0,,0,0,98,2,122,175,122,53,176.9,100.0,21581.8,220,100.0,98.1,176.9,High,High,93.7,158.67,148.67,125.7,101.8,98.4,1.277
2025-09-19,2025,9,38,4,Friday,0,,0,0,65,1,155,134,134,0,169.4,86.5,22699.6,199,90.5,103.18,169.4,Low,Moderate,83.6,153.91,128.67,131.0,104.0,99.6,1.315
2025-09-20,2025,9,38,5,Saturday,1,OSU Football,1,1,135,3,85,218,85,133,216.65,100.0,18415.25,220,100.0,83.71,216.65,High,Peak,94.0,208.12,195.63,122.7,107.9,96.6,1.27
2025-09-21,2025,9,38,6,Sunday,1,OSU Football,1,1,108,3,112,218,112,106,217.85,100.0,24399.2,220,100.0,110.91,217.85,High,Peak,93.0,197.54,183.71,125.1,113.2,97.7,1.28
2025-09-22,2025,9,39,0,Monday,0,,0,0,78,2,142,177,142,35,181.17,100.0,25726.14,220,100.0,116.94,181.17,High,High,94.8,171.58,162.66,132.4,119.2,99.3,1.333
2025-09-23,2025,9,39,1,Tuesday,0,,0,0,54,1,166,218,166,52,189.11,100.0,31392.26,220,100.0,142.69,189.11,High,Peak,93.7,166.54,156.05,128.7,125.5,102.1,1.261
2025-09-24,2025,9,39,2,Wednesday,0,,0,0,146,3,74,218,74,144,189.1,100.0,13993.4,220,100.0,63.61,189.1,High,Peak,95.3,169.93,161.94,119.3,124.1,99.8,1.195
2025-09-25,2025,9,39,3,Thursday,0,,0,0,54,1,166,163,163,0,188.61,98.2,30743.43,217,98.6,139.74,188.61,Low,High,95.1,179.74,170.93,125.1,125.4,102.3,1.223
2025-09-26,2025,9,39,4,Friday,0,,0,0,105,3,115,154,115,39,175.71,100.0,20206.65,220,100.0,91.85,175.71,High,Moderate,94.5,158.16,149.46,122.4,126.7,106.1,1.154
2025-09-27,2025,9,39,5,Saturday,1,,0,0,158,4,62,152,62,90,184.6,100.0,11445.2,220,100.0,52.02,184.6,High,Moderate,93.5,171.79,160.62,119.1,120.9,105.9,1.125
2025-09-28,2025,9,39,6,Sunday,1,,0,0,189,4,31,89,31,58,173.81,100.0,5388.11,220,100.0,24.49,173.81,High,Low,96.2,159.27,153.22,107.6,116.4,104.4,1.031
2025-09-29,2025,9,40,0,Monday,0,,0,0,94,2,126,187,126,61,172.46,100.0,21729.96,220,100.0,98.77,172.46,High,High,93.0,160.88,149.62,105.3,118.9,104.5,1.008
2025-09-30,2025,9,40,1,Tuesday,0,,0,0,135,4,85,194,85,109,181.49,100.0,15426.65,220,100.0,70.12,181.49,High,Peak,94.6,174.43,165.01,93.7,111.2,104.6,0.896
2025-10-01,2025,10,40,2,Wednesday,0,,0,0,51,2,169,203,169,34,194.02,100.0,32789.38,220,100.0,149.04,194.02,High,Peak,92.1,179.88,165.67,107.3,113.3,104.8,1.024
2025-10-02,2025,10,40,3,Thursday,0,,0,0,220,7,0,202,0,202,188.9,0.0,0.0,220,100.0,0.0,188.9,Sold Out,Peak,92.2,181.18,167.05,84.0,104.6,99.1,0.848
2025-10-03,2025,10,40,4,Friday,0,,0,0,110,3,110,166,110,56,175.2,100.0,19272.0,220,100.0,87.6,175.2,High,High,94.5,163.77,154.76,83.3,102.9,100.0,0.833
2025-10-04,2025,10,40,5,Saturday,1,OSU Football,1,1,141,4,79,218,79,139,225.0,100.0,17775.0,220,100.0,80.8,225.0,High,Peak,93.9,208.54,195.82,85.7,102.4,102.6,0.835
2025-10-05,2025,10,40,6,Sunday,1,OSU Football,1,1,92,2,128,218,128,90,218.47,100.0,27964.16,220,100.0,127.11,218.47,High,Peak,94.8,198.46,188.14,99.6,103.6,103.4,0.963
2025-10-06,2025,10,41,0,Monday,0,,0,0,54,1,166,175,166,9,175.98,100.0,29212.68,220,100.0,132.78,175.98,Low,High,95.5,156.27,149.24,105.3,105.3,107.9,0.976
2025-10-07,2025,10,41,1,Tuesday,0,,0,0,49,1,171,218,171,47,194.35,100.0,33233.85,220,100.0,151.06,194.35,High,Peak,96.0,185.42,178.0,117.6,105.6,112.4,1.046
2025-10-08,2025,10,41,2,Wednesday,0,,0,0,75,2,145,218,145,73,191.0,100.0,27695.0,220,100.0,125.89,191.0,High,Peak,95.5,173.83,166.01,114.1,110.7,115.3,0.99
2025-10-09,2025,10,41,3,Thursday,0,,0,0,0,0,220,216,216,0,179.55,98.2,38782.8,216,98.2,176.29,179.55,Low,Peak,94.5,161.25,152.38,145.0,114.5,119.9,1.209
2025-10-10,2025,10,41,4,Friday,0,,0,0,0,0,220,160,160,0,174.7,72.7,27952.0,160,72.7,127.05,174.7,Low,High,69.8,159.06,111.02,152.1,117.7,122.1,1.246
2025-10-11,2025,10,41,5,Saturday,1,,0,0,164,3,56,145,56,89,187.63,100.0,10507.28,220,100.0,47.76,187.63,High,Moderate,95.7,172.57,165.15,148.9,117.3,119.2,1.249
2025-10-12,2025,10,41,6,Sunday,1,,0,0,207,5,13,92,13,79,169.2,100.0,2199.6,220,100.0,10.0,169.2,High,Low,96.6,151.66,146.5,132.4,116.0,116.4,1.137
2025-10-13,2025,10,42,0,Monday,0,,0,0,112,4,108,181,108,73,178.62,100.0,19290.96,220,100.0,87.69,178.62,High,High,93.6,160.12,149.87,124.1,114.7,115.2,1.077
2025-10-14,2025,10,42,1,Tuesday,0,,0,0,75,2,145,207,145,62,198.0,100.0,28710.0,220,100.0,130.5,198.0,High,Peak,93.5,189.49,177.17,120.4,119.0,116.9,1.03
2025-10-15,2025,10,42,2,Wednesday,0,,0,0,49,1,171,218,171,47,191.76,100.0,32790.96,220,100.0,149.05,191.76,High,Peak,92.7,172.75,160.14,124.1,119.1,119.5,1.038
2025-10-16,2025,10,42,3,Thursday,0,,0,0,107,3,113,203,113,90,189.82,100.0,21449.66,220,100.0,97.5,189.82,High,Peak,96.1,176.64,169.75,109.4,127.2,116.9,0.936
2025-10-17,2025,10,42,4,Friday,0,,0,0,73,2,147,171,147,24,176.67,100.0,25970.49,220,100.0,118.05,176.67,Medium,High,95.9,169.83,162.87,107.6,129.9,117.1,0.919
2025-10-18,2025,10,42,5,Saturday,1,OSU Football,1,1,42,1,178,218,178,40,225.0,100.0,40050.0,220,100.0,182.05,225.0,High,Peak,93.4,202.96,189.56,125.0,136.9,119.0,1.05
2025-10-19,2025,10,42,6,Sunday,1,OSU Football,1,1,88,3,132,218,132,86,221.3,100.0,29211.6,220,100.0,132.78,221.3,High,Peak,94.1,209.41,197.05,142.0,137.2,118.9,1.194
2025-10-20,2025,10,43,0,Monday,0,,0,0,75,1,145,177,145,32,178.37,100.0,25863.65,220,100.0,117.56,178.37,High,High,96.5,166.87,161.03,147.3,135.7,120.9,1.218
2025-10-21,2025,10,43,1,Tuesday,0,,0,0,188,4,32,216,32,184,198.07,100.0,6338.24,220,100.0,28.81,198.07,High,Peak,93.8,188.25,176.58,131.1,125.8,118.3,1.108
2025-10-22,2025,10,43,2,Wednesday,0,,0,0,158,4,62,218,62,156,197.51,100.0,12245.62,220,100.0,55.66,197.51,High,Peak,96.6,182.0,175.81,115.6,119.9,115.6,1.0
2025-10-23,2025,10,43,3,Thursday,0,,0,0,148,2,72,213,72,141,192.57,100.0,13865.04,220,100.0,63.02,192.57,High,Peak,93.4,174.49,162.97,109.7,109.6,112.5,0.975
2025-10-24,2025,10,43,4,Friday,0,,0,0,145,2,75,143,75,68,179.4,100.0,13455.0,220,100.0,61.16,179.4,High,Moderate,93.3,172.01,160.49,99.4,103.5,112.5,0.884
2025-10-25,2025,10,43,5,Saturday,1,,0,0,145,2,75,142,75,67,191.2,100.0,14340.0,220,100.0,65.18,191.2,High,Moderate,92.4,173.66,160.46,84.7,104.9,109.6,0.773
2025-10-26,2025,10,43,6,Sunday,1,,0,0,68,2,152,102,102,0,165.88,67.1,16919.76,170,77.3,76.91,165.88,Low,Low,74.5,160.85,119.83,80.4,111.2,109.1,0.737
2025-10-27,2025,10,44,0,Monday,0,,0,0,61,1,159,178,159,19,185.91,100.0,29559.69,220,100.0,134.36,185.91,Medium,High,92.3,169.04,156.02,82.4,114.9,112.4,0.733
2025-10-28,2025,10,44,1,Tuesday,0,,0,0,0,0,220,195,195,0,190.08,88.6,37065.6,195,88.6,168.48,190.08,Low,Peak,84.2,171.15,144.11,105.7,118.4,117.8,0.897
2025-10-29,2025,10,44,2,Wednesday,0,,0,0,173,3,47,215,47,168,200.49,100.0,9423.03,220,100.0,42.83,200.49,High,Peak,92.7,181.71,168.45,103.6,109.6,115.2,0.899
2025-10-30,2025,10,44,3,Thursday,0,,0,0,220,3,0,213,0,213,194.63,0.0,0.0,220,100.0,0.0,194.63,Sold Out,Peak,95.7,172.53,165.11,93.3,101.5,112.4,0.83
2025-10-31,2025,10,44,4,Friday,0,,0,0,102,1,118,148,118,30,185.23,100.0,21857.14,220,100.0,99.35,185.23,Medium,Moderate,95.2,163.34,155.5,99.4,99.4,110.7,0.898
2025-11-01,2025,11,44,5,Saturday,1,OSU Football,1,1,131,3,89,218,89,129,222.18,100.0,19774.02,220,100.0,89.88,222.18,High,Peak,96.0,213.61,205.07,101.4,93.1,113.6,0.893
2025-11-02,2025,11,44,6,Sunday,1,OSU Football,1,1,189,3,31,218,31,187,208.12,100.0,6451.72,220,100.0,29.33,208.12,High,Peak,93.8,198.55,186.24,91.3,85.9,111.0,0.823
2025-11-03,2025,11,45,0,Monday,0,,0,0,58,2,162,174,162,12,168.0,100.0,27216.0,220,100.0,123.71,168.0,Medium,High,95.7,157.6,150.82,91.7,87.1,113.8,0.806
2025-11-04,2025,11,45,1,Tuesday,0,,0,0,75,2,145,177,145,32,183.81,100.0,26652.45,220,100.0,121.15,183.81,High,High,92.6,172.07,159.34,84.6,95.1,114.3,0.74
2025-11-05,2025,11,45,2,Wednesday,0,,0,0,174,4,46,197,46,151,177.86,100.0,8181.56,220,100.0,37.19,177.86,High,Peak,94.3,161.33,152.13,84.4,94.0,110.3,0.765
2025-11-06,2025,11,45,3,Thursday,0,,0,0,0,0,220,148,148,0,158.08,67.3,23395.84,148,67.3,106.34,158.08,Low,Moderate,63.5,143.78,91.3,105.6,99.4,109.6,0.964
2025-11-07,2025,11,45,4,Friday,0,,0,0,18,1,202,125,125,0,154.38,61.9,19297.5,143,65.0,87.72,154.38,Low,Moderate,60.6,146.26,88.63,106.6,103.0,108.9,0.979
2025-11-08,2025,11,45,5,Saturday,1,,0,0,35,1,185,136,136,0,165.34,73.5,22486.24,171,77.7,102.21,165.34,Low,Moderate,73.2,147.23,107.77,113.3,107.4,106.2,1.067
2025-11-09,2025,11,45,6,Sunday,1,,0,0,0,0,220,86,86,0,149.36,39.1,12844.96,86,39.1,58.39,149.36,Low,Low,37.6,144.28,54.25,121.1,106.2,103.8,1.167
2025-11-10,2025,11,46,0,Monday,0,,0,0,0,0,220,160,160,0,163.6,72.7,26176.0,160,72.7,118.98,163.6,Low,High,70.0,153.42,107.39,120.9,106.3,107.2,1.128
2025-11-11,2025,11,46,1,Tuesday,0,,0,0,0,0,220,176,176,0,177.45,80.0,31231.2,176,80.0,141.96,177.45,Low,High,76.9,157.41,121.05,125.3,104.9,112.7,1.112
2025-11-12,2025,11,46,2,Wednesday,0,,0,0,44,1,176,169,169,0,188.62,96.0,31876.78,213,96.8,144.89,188.62,Low,High,91.2,181.15,165.21,142.9,113.6,114.7,1.246
2025-11-13,2025,11,46,3,Thursday,0,,0,0,102,3,118,148,118,30,180.13,100.0,21255.34,220,100.0,96.62,180.13,Medium,Moderate,96.8,158.54,153.47,138.6,122.1,113.8,1.218
2025-11-14,2025,11,46,4,Friday,0,,0,0,84,2,136,127,127,0,175.24,93.4,22255.48,211,95.9,101.16,175.24,Low,Moderate,91.5,162.62,148.8,138.9,122.7,112.3,1.237
2025-11-15,2025,11,46,5,Saturday,1,OSU Football,1,1,84,2,136,218,136,82,214.18,100.0,29128.48,220,100.0,132.4,214.18,High,Peak,95.2,193.4,184.12,138.9,126.1,113.1,1.228
2025-11-16,2025,11,46,6,Sunday,1,OSU Football,1,1,140,4,80,218,80,138,223.38,100.0,17870.4,220,100.0,81.23,223.38,High,Peak,92.3,214.76,198.22,138.0,129.6,110.9,1.244
2025-11-17,2025,11,47,0,Monday,0,,0,0,124,2,96,153,96,57,163.46,100.0,15692.16,220,100.0,71.33,163.46,High,Moderate,93.1,152.51,141.99,128.9,124.9,108.1,1.192
2025-11-18,2025,11,47,1,Tuesday,0,,0,0,72,1,148,167,148,19,190.85,100.0,28245.8,220,100.0,128.39,190.85,Medium,High,92.8,171.45,159.11,124.9,125.1,108.7,1.149
2025-11-19,2025,11,47,2,Wednesday,0,,0,0,220,4,0,170,0,170,181.32,0.0,0.0,220,100.0,0.0,181.32,Sold Out,High,96.0,166.93,160.25,100.7,121.8,103.8,0.97
2025-11-20,2025,11,47,3,Thursday,0,,0,0,131,2,89,158,89,69,182.76,100.0,16265.64,220,100.0,73.93,182.76,High,Moderate,95.4,175.22,167.16,96.6,117.6,105.7,0.914
2025-11-21,2025,11,47,4,Friday,0,,0,0,118,2,102,124,102,22,179.84,100.0,18343.68,220,100.0,83.38,179.84,Medium,Moderate,95.9,168.99,162.06,93.0,115.9,107.1,0.868
2025-11-22,2025,11,47,5,Saturday,1,,0,0,0,0,220,117,117,0,169.35,53.2,19813.95,117,53.2,90.06,169.35,Low,Moderate,50.3,149.64,75.27,90.3,114.6,108.6,0.831
2025-11-23,2025,11,47,6,Sunday,1,,0,0,122,2,98,74,74,0,163.6,75.5,12106.4,196,89.1,55.03,163.6,Low,Low,83.3,153.49,127.86,89.4,113.7,108.5,0.824
2025-11-24,2025,11,48,0,Monday,0,,0,0,93,2,127,157,127,30,172.16,100.0,21864.32,220,100.0,99.38,172.16,Medium,Moderate,92.9,165.54,153.79,93.9,111.4,110.3,0.851
2025-11-25,2025,11,48,1,Tuesday,0,,0,0,32,1,188,185,185,0,189.56,98.4,35068.6,217,98.6,159.4,189.56,Low,High,91.5,176.45,161.45,99.1,112.0,113.0,0.877
2025-11-26,2025,11,48,2,Wednesday,0,Thanksgiving Week,1,0,60,1,160,90,90,0,156.64,56.2,14097.6,150,68.2,64.08,156.64,Low,Low,64.4,141.33,91.02,112.0,106.4,110.7,1.012
2025-11-27,2025,11,48,3,Thursday,0,Thanksgiving Week,1,0,80,1,140,81,81,0,150.67,57.9,12204.27,161,73.2,55.47,150.67,Low,Low,69.8,146.06,101.95,110.9,103.7,106.9,1.037
2025-11-28,2025,11,48,4,Friday,0,Thanksgiving Week,1,0,80,1,140,98,98,0,146.75,70.0,14381.5,178,80.9,65.37,146.75,Low,Low,77.1,141.98,109.47,110.3,101.6,108.6,1.016
2025-11-29,2025,11,48,5,Saturday,1,Thanksgiving Week,1,0,0,0,220,99,99,0,148.26,45.0,14677.74,99,45.0,66.72,148.26,Low,Low,42.0,142.34,59.78,107.7,99.0,111.9,0.962
2025-11-30,2025,11,48,6,Sunday,1,Thanksgiving Week,1,0,122,3,98,82,82,0,152.32,83.7,12490.24,204,92.7,56.77,152.32,Low,Low,88.3,143.61,126.81,108.9,99.1,110.7,0.984
2025-12-01,2025,12,49,0,Monday,0,,0,0,127,4,93,106,93,13,149.99,100.0,13949.07,220,100.0,63.4,149.99,Medium,Low,95.8,134.06,128.43,104.0,98.9,110.9,0.938
2025-12-02,2025,12,49,1,Tuesday,0,,0,0,30,1,190,114,114,0,152.33,60.0,17365.62,144,65.5,78.93,152.33,Low,Low,61.7,139.64,86.16,93.9,96.5,113.6,0.827
2025-12-03,2025,12,49,2,Wednesday,0,,0,0,18,1,202,104,104,0,155.78,51.5,16201.12,122,55.5,73.64,155.78,Low,Low,51.8,144.12,74.65,95.9,103.9,111.7,0.859
2025-12-04,2025,12,49,3,Thursday,0,,0,0,39,2,181,93,93,0,146.07,51.4,13584.51,132,60.0,61.75,146.07,Low,Low,56.7,134.21,76.1,97.6,104.2,110.0,0.887
2025-12-05,2025,12,49,4,Friday,0,,0,0,30,1,190,71,71,0,145.05,37.4,10298.55,101,45.9,46.81,145.05,Low,Low,42.3,138.01,58.38,93.7,102.0,110.8,0.846
2025-12-06,2025,12,49,5,Saturday,1,,0,0,67,2,153,84,84,0,142.34,54.9,11956.56,151,68.6,54.35,142.34,Low,Low,64.1,128.32,82.25,91.6,99.6,108.7,0.843
2025-12-07,2025,12,49,6,Sunday,1,,0,0,37,1,183,48,48,0,126.94,26.2,6093.12,85,38.6,27.7,126.94,Low,Soft,36.5,113.28,41.35,86.7,97.8,106.1,0.817
2025-12-08,2025,12,50,0,Monday,0,,0,0,119,3,101,101,101,0,143.55,100.0,14498.55,220,100.0,65.9,143.55,Low,Low,94.6,133.16,125.97,87.9,95.9,104.9,0.838
2025-12-09,2025,12,50,1,Tuesday,0,,0,0,89,2,131,116,116,0,159.9,88.5,18548.4,205,93.2,84.31,159.9,Low,Moderate,87.3,152.74,133.34,88.1,91.0,105.9,0.832
2025-12-10,2025,12,50,2,Wednesday,0,,0,0,49,1,171,115,115,0,146.58,67.3,16856.7,164,74.5,76.62,146.58,Low,Moderate,71.2,130.02,92.57,89.7,92.8,104.4,0.859
2025-12-11,2025,12,50,3,Thursday,0,,0,0,49,1,171,110,110,0,142.44,64.3,15668.4,159,72.3,71.22,142.44,Low,Low,68.3,127.87,87.34,92.1,94.9,102.2,0.901
2025-12-12,2025,12,50,4,Friday,0,,0,0,49,1,171,79,79,0,130.99,46.2,10348.21,128,58.2,47.04,130.99,Low,Low,55.7,126.29,70.34,93.3,93.5,99.2,0.941
2025-12-13,2025,12,50,5,Saturday,1,,0,0,166,3,54,86,54,32,154.55,100.0,8345.7,220,100.0,37.94,154.55,High,Low,92.7,148.57,137.72,89.0,90.3,97.1,0.917
2025-12-14,2025,12,50,6,Sunday,1,,0,0,0,0,220,53,53,0,125.85,24.1,6670.05,53,24.1,30.32,125.85,Low,Soft,23.3,121.4,28.29,89.7,88.2,94.6,0.948
2025-12-15,2025,12,51,0,Monday,0,,0,0,0,0,220,89,89,0,139.78,40.5,12440.42,89,40.5,56.55,139.78,Low,Low,37.6,131.89,49.59,88.0,87.9,93.1,0.945
2025-12-16,2025,12,51,1,Tuesday,0,,0,0,78,1,142,106,106,0,149.43,74.6,15839.58,184,83.6,72.0,149.43,Low,Low,78.3,139.33,109.1,86.6,87.4,93.9,0.922
2025-12-17,2025,12,51,2,Wednesday,0,,0,0,115,2,105,108,105,3,158.07,100.0,16597.35,220,100.0,75.44,158.07,Low,Low,92.8,139.84,129.77,85.1,87.4,94.2,0.903
2025-12-18,2025,12,51,3,Thursday,0,,0,0,220,4,0,106,0,106,155.93,0.0,0.0,220,100.0,0.0,155.93,Sold Out,Low,92.1,141.58,130.4,69.4,80.8,89.3,0.777
2025-12-19,2025,12,51,4,Friday,0,,0,0,139,2,81,82,81,1,143.13,100.0,11593.53,220,100.0,52.7,143.13,Low,Low,96.4,134.09,129.26,69.7,81.5,92.0,0.758
2025-12-20,2025,12,51,5,Saturday,1,,0,0,103,1,117,77,77,0,139.51,65.8,10742.27,180,81.8,48.83,139.51,Low,Low,75.3,126.56,95.3,73.0,81.0,91.6,0.797
2025-12-21,2025,12,51,6,Sunday,1,,0,0,78,1,142,54,54,0,128.55,38.0,6941.7,132,60.0,31.55,128.55,Low,Soft,56.5,123.81,69.95,73.1,81.4,90.0,0.812
2025-12-22,2025,12,52,0,Monday,0,,0,0,78,1,142,89,89,0,135.84,62.7,12089.76,167,75.9,54.95,135.84,Low,Low,71.0,122.07,86.67,73.1,80.6,89.1,0.82
2025-12-23,2025,12,52,1,Tuesday,0,Holiday Week,1,0,128,3,92,40,40,0,126.99,43.5,5079.6,168,76.4,23.09,126.99,Low,Soft,72.2,121.9,88.01,63.7,75.1,87.9,0.725
2025-12-24,2025,12,52,2,Wednesday,0,Holiday Week,1,0,102,2,118,39,39,0,131.24,33.1,5118.36,141,64.1,23.27,131.24,Low,Soft,59.3,119.9,71.1,54.3,69.7,85.0,0.639
2025-12-25,2025,12,52,3,Thursday,0,Holiday Week,1,0,0,0,220,40,40,0,117.09,18.2,4683.6,40,18.2,21.29,117.09,Low,Soft,20.0,107.46,21.49,60.0,64.7,80.2,0.748
2025-12-26,2025,12,52,4,Friday,0,Holiday Week,1,0,77,1,143,43,43,0,128.37,30.1,5519.91,120,54.5,25.09,128.37,Low,Soft,50.8,116.83,59.35,54.6,62.1,78.6,0.695
2025-12-27,2025,12,52,5,Saturday,1,Holiday Week,1,0,77,1,143,39,39,0,122.39,27.3,4773.21,116,52.7,21.7,122.39,Low,Soft,50.3,111.71,56.19,49.1,61.1,77.2,0.636
2025-12-28,2025,12,52,6,Sunday,1,Holiday Week,1,0,98,2,122,45,45,0,115.0,36.9,5175.0,143,65.0,23.52,115.0,Low,Soft,62.2,104.92,65.26,47.9,60.5,75.4,0.635
2025-12-29,2025,12,1,0,Monday,0,Holiday Week,1,0,0,0,220,37,37,0,116.84,16.8,4323.08,37,16.8,19.65,116.84,Low,Soft,20.0,109.26,21.85,40.4,56.8,73.4,0.55
2025-12-30,2025,12,1,1,Tuesday,0,Holiday Week,1,0,70,1,150,44,44,0,130.55,29.3,5744.2,114,51.8,26.11,130.55,Low,Soft,49.5,124.28,61.52,41.0,52.4,72.1,0.569
2025-12-31,2025,12,1,2,Wednesday,0,Holiday Week,1,0,70,1,150,42,42,0,130.7,28.0,5489.4,112,50.9,24.95,130.7,Low,Soft,48.2,120.91,58.28,41.4,47.9,70.4,0.588
