Date,Year,Month,Month_Name,Week,Day_Of_Week,Day_Name,Is_Weekend,Special_Event,Is_Special_Event,Is_OSU_Football,Is_Holiday,Group_Rooms_On_Books,Group_Events_Inhouse,Transient_Rooms_Available,Transient_Demand_Unconstrained,Transient_Rooms_Sold,Transient_Rooms_Turned_Away,Transient_ADR,Transient_Occ_Of_Available,Transient_Revenue,Transient_Yield_Pct,Total_Rooms_Sold,Rooms_to_Capacity,Total_Occupancy_Pct,Transient_RevPAR,Displacement_Cost_Per_Room,Total_Displacement_Cost,Displacement_Pressure,Demand_Tier,Demand_Tier_3,Rate_Strategy,Market_Occ_Pct,Market_ADR,ADR_Index,Market_RevPAR,Transient_Pace_7d,Transient_Pace_14d,Transient_Pace_30d,Pace_Index,Pace_vs_Prior_Year,Pace_Status
2023-01-01,2023,1,Jan,52,6,Sunday,1,,0,0,0,73,1,147,63,63,0,129.72,42.9,8172.36,42.9,136,84,61.8,37.15,129.72,9469.56,Low,Soft,Low,Promotional,57.6,118.06,1.099,68.0,63.0,63.0,63.0,1.0,,
2023-01-02,2023,1,Jan,1,0,Monday,0,,0,0,0,165,2,55,111,55,56,152.44,100.0,8384.2,100.0,220,0,100.0,38.11,152.44,25152.6,High,Low,Low,Promotional,92.5,139.27,1.095,128.82,59.0,59.0,59.0,1.0,,
2023-01-03,2023,1,Jan,1,1,Tuesday,0,,0,0,0,220,3,0,141,0,141,163.58,0.0,0.0,,220,0,100.0,0.0,163.58,35987.6,Sold Out,Moderate,Shoulder,Standard,92.7,149.25,1.096,138.35,39.3,39.3,39.3,1.0,,
2023-01-04,2023,1,Jan,1,2,Wednesday,0,,0,0,0,220,3,0,144,0,144,160.12,0.0,0.0,,220,0,100.0,0.0,160.12,35226.4,Sold Out,Moderate,Shoulder,Standard,92.8,153.57,1.043,142.51,29.5,29.5,29.5,1.0,,
2023-01-05,2023,1,Jan,1,3,Thursday,0,,0,0,0,92,2,128,109,109,0,141.95,85.2,15472.55,85.2,201,19,91.4,70.33,141.95,13059.4,Low,Low,Low,Promotional,85.9,126.4,1.123,108.58,45.4,45.4,45.4,1.0,,
2023-01-06,2023,1,Jan,1,4,Friday,0,,0,0,0,59,1,161,85,85,0,139.83,52.8,11885.55,52.8,144,76,65.5,54.03,139.83,8249.97,Low,Low,Low,Promotional,60.5,127.99,1.093,77.43,52.0,52.0,52.0,1.0,,
2023-01-07,2023,1,Jan,1,5,Saturday,1,,0,0,0,59,1,161,79,79,0,150.32,49.1,11875.28,49.1,138,82,62.7,53.98,150.32,8868.88,Low,Low,Low,Promotional,58.0,132.74,1.132,76.99,55.9,55.9,55.9,1.0,,
2023-01-08,2023,1,Jan,1,6,Sunday,1,,0,0,0,187,3,33,64,33,31,151.67,100.0,5005.11,100.0,220,0,100.0,22.75,151.67,28362.29,High,Soft,Low,Promotional,93.3,144.4,1.05,134.73,51.6,53.0,53.0,0.974,,
2023-01-09,2023,1,Jan,2,0,Monday,0,,0,0,0,220,6,0,115,0,115,158.23,0.0,0.0,,220,0,100.0,0.0,158.23,34810.6,Sold Out,Moderate,Shoulder,Standard,93.0,148.23,1.067,137.85,43.7,47.1,47.1,0.928,,
2023-01-10,2023,1,Jan,2,1,Tuesday,0,,0,0,0,165,2,55,119,55,64,153.31,100.0,8432.05,100.0,220,0,100.0,38.33,153.31,25296.15,High,Moderate,Shoulder,Standard,95.8,136.39,1.124,130.66,51.6,47.9,47.9,1.077,,
2023-01-11,2023,1,Jan,2,2,Wednesday,0,,0,0,0,0,0,220,130,130,0,145.22,59.1,18878.6,59.1,130,90,59.1,85.81,145.22,0.0,Low,Moderate,Shoulder,Standard,55.8,139.38,1.042,77.77,70.1,55.4,55.4,1.265,,
2023-01-12,2023,1,Jan,2,3,Thursday,0,,0,0,0,33,1,187,126,126,0,148.52,67.4,18713.52,67.4,159,61,72.3,85.06,148.52,4901.16,Low,Moderate,Shoulder,Standard,69.8,137.25,1.082,95.8,72.6,61.2,61.2,1.186,,
2023-01-13,2023,1,Jan,2,4,Friday,0,,0,0,0,36,1,184,87,87,0,138.96,47.3,12089.52,47.3,123,97,55.9,54.95,138.96,5002.56,Low,Low,Low,Promotional,53.7,124.16,1.119,66.67,72.9,63.2,63.2,1.153,,
2023-01-14,2023,1,Jan,2,5,Saturday,1,,0,0,0,90,2,130,93,93,0,141.96,71.5,13202.28,71.5,183,37,83.2,60.01,141.96,12776.4,Low,Low,Low,Promotional,77.6,134.53,1.055,104.4,74.9,65.4,65.4,1.145,,
2023-01-15,2023,1,Jan,2,6,Sunday,1,,0,0,0,122,2,98,54,54,0,134.55,55.1,7265.7,55.1,176,44,80.0,33.03,134.55,16415.1,Low,Soft,Low,Promotional,76.3,123.63,1.088,94.33,77.9,64.7,64.6,1.206,,
2023-01-16,2023,1,Jan,3,0,Monday,0,,0,0,0,0,0,220,129,129,0,138.63,58.6,17883.27,58.6,129,91,58.6,81.29,138.63,0.0,Low,Moderate,Shoulder,Standard,56.1,131.76,1.052,73.92,96.3,70.0,68.6,1.404,,
2023-01-17,2023,1,Jan,3,1,Tuesday,0,,0,0,0,0,0,220,138,138,0,149.87,62.7,20682.06,62.7,138,82,62.7,94.01,149.87,0.0,Low,Moderate,Shoulder,Standard,58.6,144.8,1.035,84.85,108.1,79.9,72.7,1.487,,
2023-01-18,2023,1,Jan,3,2,Wednesday,0,,0,0,0,48,1,172,141,141,0,154.27,82.0,21752.07,82.0,189,31,85.9,98.87,154.27,7404.96,Low,Moderate,Shoulder,Standard,80.1,140.15,1.101,112.26,109.7,89.9,76.5,1.434,,
2023-01-19,2023,1,Jan,3,3,Thursday,0,,0,0,0,48,1,172,130,130,0,151.19,75.6,19654.7,75.6,178,42,80.9,89.34,151.19,7257.12,Low,Moderate,Shoulder,Standard,76.5,139.4,1.085,106.64,110.3,91.4,79.3,1.391,,
2023-01-20,2023,1,Jan,3,4,Friday,0,,0,0,0,0,0,220,91,91,0,140.53,41.4,12788.23,41.4,91,129,41.4,58.13,140.53,0.0,Low,Low,Low,Promotional,39.9,134.31,1.046,53.59,110.9,91.9,79.9,1.388,,
2023-01-21,2023,1,Jan,3,5,Saturday,1,,0,0,0,83,1,137,99,99,0,141.6,72.3,14018.4,72.3,182,38,82.7,63.72,141.6,11752.8,Low,Low,Low,Promotional,76.3,128.22,1.104,97.83,111.7,93.3,80.8,1.382,,
2023-01-22,2023,1,Jan,3,6,Sunday,1,,0,0,0,83,1,137,57,57,0,123.48,41.6,7038.36,41.6,140,80,63.6,31.99,123.48,10248.84,Low,Soft,Low,Promotional,61.6,118.13,1.045,72.77,112.1,95.0,79.7,1.407,,
2023-01-23,2023,1,Jan,4,0,Monday,0,,0,0,0,76,3,144,114,114,0,136.91,79.2,15607.74,79.2,190,30,86.4,70.94,136.91,10405.16,Low,Low,Low,Promotional,80.4,125.18,1.094,100.64,110.0,103.1,81.2,1.355,,
2023-01-24,2023,1,Jan,4,1,Tuesday,0,,0,0,0,63,2,157,131,131,0,165.22,83.4,21643.82,83.4,194,26,88.2,98.38,165.22,10408.86,Low,Moderate,Shoulder,Standard,81.4,150.78,1.096,122.73,109.0,108.6,83.3,1.309,,
2023-01-25,2023,1,Jan,4,2,Wednesday,0,,0,0,0,0,0,220,131,131,0,148.91,59.5,19507.21,59.5,131,89,59.5,88.67,148.91,0.0,Low,Moderate,Shoulder,Standard,55.0,144.28,1.032,79.35,107.6,108.6,85.2,1.263,,
2023-01-26,2023,1,Jan,4,3,Thursday,0,,0,0,0,15,1,205,107,107,0,152.43,52.2,16310.01,52.2,122,98,55.5,74.14,152.43,2286.45,Low,Low,Low,Promotional,52.6,145.56,1.047,76.56,104.3,107.3,86.0,1.213,,
2023-01-27,2023,1,Jan,4,4,Friday,0,,0,0,0,15,1,205,96,96,0,143.21,46.8,13748.16,46.8,111,109,50.5,62.49,143.21,2148.15,Low,Low,Low,Promotional,46.5,127.14,1.126,59.12,105.0,107.9,86.4,1.215,,
2023-01-28,2023,1,Jan,4,5,Saturday,1,,0,0,0,0,0,220,94,94,0,146.18,42.7,13740.92,42.7,94,126,42.7,62.46,146.18,0.0,Low,Low,Low,Promotional,39.6,133.59,1.094,52.9,104.3,108.0,86.7,1.203,,
2023-01-29,2023,1,Jan,4,6,Sunday,1,,0,0,0,58,2,162,53,53,0,137.09,32.7,7265.77,32.7,111,109,50.5,33.03,137.09,7951.22,Low,Soft,Low,Promotional,48.2,128.53,1.067,61.95,103.7,107.9,85.5,1.213,,
2023-01-30,2023,1,Jan,5,0,Monday,0,,0,0,0,160,2,60,124,60,64,144.95,100.0,8697.0,100.0,220,0,100.0,39.53,144.95,23192.0,High,Moderate,Shoulder,Standard,96.2,134.28,1.079,129.18,96.0,103.0,84.7,1.133,,
2023-01-31,2023,1,Jan,5,1,Tuesday,0,,0,0,0,136,2,84,125,84,41,160.7,100.0,13498.8,100.0,220,0,100.0,61.36,160.7,21855.2,High,Moderate,Shoulder,Standard,96.9,145.08,1.108,140.58,89.3,99.1,85.4,1.046,,
2023-02-01,2023,2,Feb,5,2,Wednesday,0,,0,0,0,154,3,66,161,66,95,172.93,100.0,11413.38,100.0,220,0,100.0,51.88,172.93,26631.22,High,High,Peak,Rack,95.4,152.88,1.131,145.85,80.0,93.8,85.7,0.933,,
2023-02-02,2023,2,Feb,5,3,Thursday,0,,0,0,0,23,1,197,121,121,0,151.88,61.4,18377.48,61.4,144,76,65.5,83.53,151.88,3493.24,Low,Moderate,Shoulder,Standard,62.2,136.61,1.112,84.97,82.0,93.1,89.8,0.913,,
2023-02-03,2023,2,Feb,5,4,Friday,0,,0,0,0,11,1,209,114,114,0,145.0,54.5,16530.0,54.5,125,95,56.8,75.14,145.0,1595.0,Low,Low,Low,Promotional,54.7,132.68,1.093,72.58,84.6,94.8,93.6,0.904,,
2023-02-04,2023,2,Feb,5,5,Saturday,1,,0,0,0,118,2,102,109,102,7,164.57,100.0,16786.14,100.0,220,0,100.0,76.3,164.57,19419.26,Low,Low,Low,Promotional,94.8,152.43,1.08,144.5,85.7,95.0,93.3,0.919,,
2023-02-05,2023,2,Feb,5,6,Sunday,1,,0,0,0,46,1,174,68,68,0,135.38,39.1,9205.84,39.1,114,106,51.8,41.84,135.38,6227.48,Low,Soft,Low,Promotional,50.2,119.53,1.133,60.0,87.9,95.8,92.8,0.947,,
2023-02-06,2023,2,Feb,6,0,Monday,0,,0,0,0,82,2,138,143,138,5,156.04,100.0,21533.52,100.0,220,0,100.0,97.88,156.04,12795.28,Low,Moderate,Shoulder,Standard,96.5,143.48,1.088,138.46,99.0,97.5,94.7,1.045,,
2023-02-07,2023,2,Feb,6,1,Tuesday,0,,0,0,0,0,0,220,157,157,0,151.51,71.4,23787.07,71.4,157,63,71.4,108.12,151.51,0.0,Low,Moderate,Shoulder,Standard,66.9,136.44,1.11,91.28,109.4,99.4,98.9,1.106,,
2023-02-08,2023,2,Feb,6,2,Wednesday,0,,0,0,0,0,0,220,163,163,0,155.36,74.1,25323.68,74.1,163,57,74.1,115.11,155.36,0.0,Low,High,Peak,Rack,71.3,150.47,1.032,107.29,123.3,101.6,104.3,1.182,,
2023-02-09,2023,2,Feb,6,3,Thursday,0,,0,0,0,130,2,90,134,90,44,155.59,100.0,14003.1,100.0,220,0,100.0,63.65,155.59,20226.7,High,Moderate,Shoulder,Standard,95.0,142.68,1.09,135.55,118.9,100.4,105.5,1.127,,
2023-02-10,2023,2,Feb,6,4,Friday,0,,0,0,0,100,1,120,111,111,0,157.51,92.5,17483.61,92.5,211,9,95.9,79.47,157.51,15751.0,Low,Low,Low,Promotional,88.5,151.63,1.039,134.19,118.4,101.5,104.8,1.13,,
2023-02-11,2023,2,Feb,6,5,Saturday,1,,0,0,0,166,3,54,97,54,43,163.48,100.0,8827.92,100.0,220,0,100.0,40.13,163.48,27137.68,High,Low,Low,Promotional,95.5,149.85,1.091,143.11,111.6,98.6,102.4,1.09,,
2023-02-12,2023,2,Feb,6,6,Sunday,1,,0,0,0,84,2,136,69,69,0,136.43,50.7,9413.67,50.7,153,67,69.5,42.79,136.43,11460.12,Low,Soft,Low,Promotional,66.7,127.49,1.07,85.04,111.7,99.8,101.8,1.097,,
2023-02-13,2023,2,Feb,7,0,Monday,0,,0,0,0,18,1,202,134,134,0,135.52,66.3,18159.68,66.3,152,68,69.1,82.54,135.52,2439.36,Low,Moderate,Shoulder,Standard,65.9,129.18,1.049,85.13,111.1,105.1,103.2,1.077,,
2023-02-14,2023,2,Feb,7,1,Tuesday,0,,0,0,0,18,1,202,134,134,0,155.8,66.3,20877.2,66.3,152,68,69.1,94.9,155.8,2804.4,Low,Moderate,Shoulder,Standard,64.2,142.58,1.093,91.54,107.9,108.6,105.9,1.019,,
2023-02-15,2023,2,Feb,7,2,Wednesday,0,,0,0,0,193,4,27,142,27,115,166.92,100.0,4506.84,100.0,220,0,100.0,20.49,166.92,32215.56,High,Moderate,Shoulder,Standard,96.6,151.12,1.105,145.98,88.4,105.9,102.5,0.862,,
2023-02-16,2023,2,Feb,7,3,Thursday,0,,0,0,0,220,3,0,141,0,141,160.59,0.0,0.0,,220,0,100.0,0.0,160.59,35329.8,Sold Out,Moderate,Shoulder,Standard,94.5,152.79,1.051,144.39,75.6,97.2,97.9,0.772,,
2023-02-17,2023,2,Feb,7,4,Friday,0,,0,0,0,151,2,69,96,69,27,148.4,100.0,10239.6,100.0,220,0,100.0,46.54,148.4,22408.4,Medium,Low,Low,Promotional,95.6,140.84,1.054,134.64,69.6,94.0,95.5,0.729,,
2023-02-18,2023,2,Feb,7,5,Saturday,1,,0,0,0,125,2,95,112,95,17,162.45,100.0,15432.75,100.0,220,0,100.0,70.15,162.45,20306.25,Medium,Low,Low,Promotional,96.4,153.38,1.059,147.86,75.4,93.5,94.3,0.8,,
2023-02-19,2023,2,Feb,7,6,Sunday,1,,0,0,0,50,1,170,61,61,0,140.44,35.9,8566.84,35.9,111,109,50.5,38.94,140.44,7022.0,Low,Soft,Low,Promotional,47.9,134.73,1.042,64.54,74.3,93.0,93.3,0.796,,
2023-02-20,2023,2,Feb,8,0,Monday,0,,0,0,0,34,1,186,122,122,0,142.62,65.6,17399.64,65.6,156,64,70.9,79.09,142.62,4849.08,Low,Moderate,Shoulder,Standard,68.3,137.91,1.034,94.19,72.6,91.9,94.1,0.772,,
2023-02-21,2023,2,Feb,8,1,Tuesday,0,,0,0,0,68,2,152,135,135,0,153.04,88.8,20660.4,88.8,203,17,92.3,93.91,153.04,10406.72,Low,Moderate,Shoulder,Standard,86.4,146.05,1.048,126.19,72.7,90.3,96.7,0.752,,
2023-02-22,2023,2,Feb,8,2,Wednesday,0,,0,0,0,0,0,220,154,154,0,156.39,70.0,24084.06,70.0,154,66,70.0,109.47,156.39,0.0,Low,Moderate,Shoulder,Standard,66.2,142.25,1.099,94.17,90.9,89.6,98.0,0.928,,
2023-02-23,2023,2,Feb,8,3,Thursday,0,,0,0,0,0,0,220,119,119,0,151.67,54.1,18048.73,54.1,119,101,54.1,82.04,151.67,0.0,Low,Moderate,Shoulder,Standard,51.1,139.15,1.09,71.11,107.9,91.7,97.6,1.106,,
2023-02-24,2023,2,Feb,8,4,Friday,0,,0,0,0,0,0,220,100,100,0,145.56,45.5,14556.0,45.5,100,120,45.5,66.16,145.56,0.0,Low,Low,Low,Promotional,43.0,138.78,1.049,59.68,112.3,90.9,96.6,1.163,,
2023-02-25,2023,2,Feb,8,5,Saturday,1,,0,0,0,43,2,177,109,109,0,149.41,61.6,16285.69,61.6,152,68,69.1,74.03,149.41,6424.63,Low,Low,Low,Promotional,65.1,137.06,1.09,89.23,114.3,94.9,96.6,1.183,,
2023-02-26,2023,2,Feb,8,6,Sunday,1,,0,0,0,153,2,67,66,66,0,149.19,98.5,9846.54,98.5,219,1,99.5,44.76,149.19,22826.07,Low,Soft,Low,Promotional,95.3,140.12,1.065,133.53,115.0,94.6,95.6,1.203,,
2023-02-27,2023,2,Feb,9,0,Monday,0,,0,0,0,220,4,0,131,0,131,163.41,0.0,0.0,,220,0,100.0,0.0,163.41,35950.2,Sold Out,Moderate,Shoulder,Standard,92.5,144.05,1.134,133.25,97.6,85.1,92.5,1.055,,
2023-02-28,2023,2,Feb,9,1,Tuesday,0,,0,0,0,220,3,0,164,0,164,168.28,0.0,0.0,,220,0,100.0,0.0,168.28,37021.6,Sold Out,High,Peak,Rack,94.5,163.22,1.031,154.24,78.3,75.5,90.7,0.863,,
2023-03-01,2023,3,Mar,9,2,Wednesday,0,,0,0,0,196,2,24,157,24,133,177.57,100.0,4261.68,100.0,220,0,100.0,19.37,177.57,34803.72,High,Moderate,Shoulder,Standard,92.4,162.48,1.093,150.13,59.7,75.3,89.5,0.667,,
2023-03-02,2023,3,Mar,9,3,Thursday,0,Arnold Sports Festival,1,0,0,155,2,65,218,65,153,195.69,100.0,12719.85,100.0,220,0,100.0,57.82,195.69,30331.95,High,Peak,Peak,Premium_Event,93.9,177.64,1.102,166.8,52.0,79.9,88.9,0.585,,
2023-03-03,2023,3,Mar,9,4,Friday,0,Arnold Sports Festival,1,0,0,64,1,156,218,156,62,202.34,100.0,31565.04,100.0,220,0,100.0,143.48,202.34,12949.76,High,Peak,Peak,Premium_Event,97.0,179.72,1.126,174.33,60.0,86.1,91.9,0.653,,
2023-03-04,2023,3,Mar,9,5,Saturday,1,Arnold Sports Festival,1,0,0,0,0,220,218,218,0,189.38,99.1,41284.84,99.1,218,2,99.1,187.66,189.38,0.0,Low,Peak,Peak,Premium_Event,95.7,174.27,1.087,166.78,75.6,94.9,95.1,0.795,,
2023-03-05,2023,3,Mar,9,6,Sunday,1,Arnold Sports Festival,1,0,0,0,0,220,218,218,0,179.49,99.1,39128.82,99.1,218,2,99.1,177.86,179.49,0.0,Low,Peak,Peak,Premium_Event,92.9,164.12,1.094,152.47,97.3,106.1,98.6,0.987,,
2023-03-06,2023,3,Mar,10,0,Monday,0,,0,0,0,142,2,78,152,78,74,150.18,100.0,11714.04,100.0,220,0,100.0,53.25,150.18,21325.56,High,Moderate,Shoulder,Standard,96.5,137.14,1.095,132.34,108.4,103.0,97.8,1.108,,
2023-03-07,2023,3,Mar,10,1,Tuesday,0,,0,0,0,142,2,78,163,78,85,180.43,100.0,14073.54,100.0,220,0,100.0,63.97,180.43,25621.06,High,High,Peak,Rack,96.1,166.18,1.086,159.7,119.6,98.9,98.1,1.219,,
2023-03-08,2023,3,Mar,10,2,Wednesday,0,,0,0,0,62,1,158,155,155,0,176.36,98.1,27335.8,98.1,217,3,98.6,124.25,176.36,10934.32,Low,Moderate,Shoulder,Standard,92.8,163.58,1.078,151.8,138.3,99.0,98.7,1.401,,
2023-03-09,2023,3,Mar,10,3,Thursday,0,,0,0,0,158,3,62,142,62,80,178.76,100.0,11083.12,100.0,220,0,100.0,50.38,178.76,28244.08,High,Moderate,Shoulder,Standard,95.9,172.71,1.035,165.63,137.9,94.9,95.5,1.444,,
2023-03-10,2023,3,Mar,10,4,Friday,0,,0,0,0,143,2,77,116,77,39,163.21,100.0,12567.17,100.0,220,0,100.0,57.12,163.21,23339.03,High,Moderate,Shoulder,Standard,93.1,147.98,1.103,137.77,126.6,93.3,92.7,1.366,,
2023-03-11,2023,3,Mar,10,5,Saturday,1,,0,0,0,123,2,97,115,97,18,172.44,100.0,16726.68,100.0,220,0,100.0,76.03,172.44,21210.12,Medium,Moderate,Shoulder,Standard,93.6,163.78,1.053,153.3,109.3,92.4,92.9,1.177,,
2023-03-12,2023,3,Mar,10,6,Sunday,1,,0,0,0,0,0,220,72,72,0,145.89,32.7,10504.08,32.7,72,148,32.7,47.75,145.89,0.0,Low,Low,Low,Promotional,30.6,141.11,1.034,43.18,88.4,92.9,91.6,0.965,,
2023-03-13,2023,3,Mar,11,0,Monday,0,,0,0,0,0,0,220,146,146,0,157.02,66.4,22924.92,66.4,146,74,66.4,104.2,157.02,0.0,Low,Moderate,Shoulder,Standard,62.3,148.8,1.055,92.7,98.1,103.3,94.7,1.036,,
2023-03-14,2023,3,Mar,11,1,Tuesday,0,,0,0,0,0,0,220,154,154,0,167.53,70.0,25799.62,70.0,154,66,70.0,117.27,167.53,0.0,Low,Moderate,Shoulder,Standard,64.4,147.72,1.134,95.13,109.0,114.3,97.5,1.118,,
2023-03-15,2023,3,Mar,11,2,Wednesday,0,,0,0,0,150,4,70,165,70,95,172.19,100.0,12053.3,100.0,220,0,100.0,54.79,172.19,25828.5,High,High,Peak,Rack,93.4,164.79,1.045,153.91,96.9,117.6,95.4,1.016,,
2023-03-16,2023,3,Mar,11,3,Thursday,0,,0,0,0,81,2,139,171,139,32,172.95,100.0,24040.05,100.0,220,0,100.0,109.27,172.95,14008.95,High,High,Peak,Rack,94.3,153.06,1.13,144.34,107.9,122.9,95.5,1.13,,
2023-03-17,2023,3,Mar,11,4,Friday,0,,0,0,0,190,4,30,108,30,78,162.13,100.0,4863.9,100.0,220,0,100.0,22.11,162.13,30804.7,High,Low,Low,Promotional,92.9,152.85,1.061,142.0,101.1,113.9,95.6,1.058,,
2023-03-18,2023,3,Mar,11,5,Saturday,1,,0,0,0,49,2,171,125,125,0,157.46,73.1,19682.5,73.1,174,46,79.1,89.47,157.46,7715.54,Low,Moderate,Shoulder,Standard,74.8,143.94,1.094,107.67,105.1,107.2,99.8,1.053,,
2023-03-19,2023,3,Mar,11,6,Sunday,1,,0,0,0,214,3,6,72,6,66,158.91,100.0,953.46,100.0,220,0,100.0,4.33,158.91,34006.74,High,Low,Low,Promotional,95.2,149.24,1.065,142.08,95.7,92.1,97.7,0.98,,
2023-03-20,2023,3,Mar,12,0,Monday,0,,0,0,0,175,2,45,139,45,94,169.12,100.0,7610.4,100.0,220,0,100.0,34.59,169.12,29596.0,High,Moderate,Shoulder,Standard,94.0,161.09,1.05,151.42,81.3,89.7,96.0,0.847,,
2023-03-21,2023,3,Mar,12,1,Tuesday,0,,0,0,0,104,2,116,159,116,43,180.38,100.0,20924.08,100.0,220,0,100.0,95.11,180.38,18759.52,High,High,Peak,Rack,96.3,162.72,1.109,156.7,75.9,92.4,97.9,0.775,,
2023-03-22,2023,3,Mar,12,2,Wednesday,0,,0,0,0,41,1,179,157,157,0,170.96,87.7,26840.72,87.7,198,22,90.0,122.0,170.96,7009.36,Low,Moderate,Shoulder,Standard,84.1,162.77,1.05,136.89,88.3,92.6,99.0,0.892,,
2023-03-23,2023,3,Mar,12,3,Thursday,0,,0,0,0,0,0,220,143,143,0,155.82,65.0,22282.26,65.0,143,77,65.0,101.28,155.82,0.0,Low,Moderate,Shoulder,Standard,63.0,149.5,1.042,94.19,88.9,98.4,99.3,0.895,,
2023-03-24,2023,3,Mar,12,4,Friday,0,,0,0,0,12,1,208,114,114,0,150.89,54.8,17201.46,54.8,126,94,57.3,78.19,150.89,1810.68,Low,Low,Low,Promotional,55.3,137.64,1.096,76.11,100.9,101.0,98.0,1.03,,
2023-03-25,2023,3,Mar,12,5,Saturday,1,,0,0,0,71,1,149,116,116,0,165.95,77.9,19250.2,77.9,187,33,85.0,87.5,165.95,11782.45,Low,Moderate,Shoulder,Standard,79.2,157.51,1.054,124.75,99.6,102.4,97.9,1.017,,
2023-03-26,2023,3,Mar,12,6,Sunday,1,,0,0,0,71,1,149,75,75,0,142.56,50.3,10692.0,50.3,146,74,66.4,48.6,142.56,10121.76,Low,Low,Low,Promotional,63.9,136.57,1.044,87.27,109.4,102.6,97.0,1.128,,
2023-03-27,2023,3,Mar,13,0,Monday,0,,0,0,0,99,2,121,148,121,27,167.11,100.0,20220.31,100.0,220,0,100.0,91.91,167.11,16543.89,Medium,Moderate,Shoulder,Standard,94.6,148.52,1.125,140.5,120.3,100.8,97.4,1.235,,
2023-03-28,2023,3,Mar,13,1,Tuesday,0,,0,0,0,145,3,75,185,75,110,179.24,100.0,13443.0,100.0,220,0,100.0,61.1,179.24,25989.8,High,High,Peak,Rack,92.6,159.59,1.123,147.78,114.4,95.1,97.7,1.171,,
2023-03-29,2023,3,Mar,13,2,Wednesday,0,,0,0,0,194,5,26,166,26,140,181.94,100.0,4730.44,100.0,220,0,100.0,21.5,181.94,35296.36,High,High,Peak,Rack,92.5,168.37,1.081,155.74,95.7,92.0,98.6,0.971,,
2023-03-30,2023,3,Mar,13,3,Thursday,0,,0,0,0,50,1,170,164,164,0,172.92,96.5,28358.88,96.5,214,6,97.3,128.9,172.92,8646.0,Low,High,Peak,Rack,92.4,159.31,1.085,147.2,98.7,93.8,104.1,0.948,,
2023-03-31,2023,3,Mar,13,4,Friday,0,,0,0,0,89,3,131,111,111,0,151.08,84.7,16769.88,84.7,200,20,90.9,76.23,151.08,13446.12,Low,Low,Low,Promotional,83.9,134.54,1.123,112.88,98.3,99.6,107.0,0.919,,
2023-04-01,2023,4,Apr,13,5,Saturday,1,,0,0,0,39,1,181,139,139,0,168.98,76.8,23488.22,76.8,178,42,80.9,106.76,168.98,6590.22,Low,Moderate,Shoulder,Standard,77.1,151.42,1.116,116.74,101.6,100.6,109.4,0.929,,
2023-04-02,2023,4,Apr,13,6,Sunday,1,,0,0,0,147,3,73,87,73,14,163.98,100.0,11970.54,100.0,220,0,100.0,54.41,163.98,24105.06,Medium,Low,Low,Promotional,94.1,147.6,1.111,138.89,101.3,105.4,106.7,0.949,,
2023-04-03,2023,4,Apr,14,0,Monday,0,,0,0,0,216,4,4,160,4,156,160.8,100.0,643.2,100.0,220,0,100.0,2.92,160.8,34732.8,High,High,Peak,Rack,96.0,147.87,1.087,141.96,84.6,102.4,99.5,0.85,,
2023-04-04,2023,4,Apr,14,1,Tuesday,0,,0,0,0,215,5,5,218,5,213,179.2,100.0,896.0,100.0,220,0,100.0,4.07,179.2,38528.0,High,Peak,Peak,Rack,93.6,158.19,1.133,148.07,74.6,94.5,92.4,0.807,,
2023-04-05,2023,4,Apr,14,2,Wednesday,0,,0,0,0,155,3,65,188,65,123,186.04,100.0,12092.6,100.0,220,0,100.0,54.97,186.04,28836.2,High,High,Peak,Rack,95.0,171.24,1.086,162.68,80.1,87.9,92.0,0.871,,
2023-04-06,2023,4,Apr,14,3,Thursday,0,,0,0,0,159,3,61,192,61,131,182.94,100.0,11159.34,100.0,220,0,100.0,50.72,182.94,29087.46,High,High,Peak,Rack,92.3,175.46,1.043,161.95,65.4,82.1,91.4,0.716,,
2023-04-07,2023,4,Apr,14,4,Friday,0,,0,0,0,44,1,176,140,140,0,164.82,79.5,23074.8,79.5,184,36,83.6,104.89,164.82,7252.08,Low,Moderate,Shoulder,Standard,80.9,147.87,1.115,119.63,69.6,83.9,90.9,0.766,,
2023-04-08,2023,4,Apr,14,5,Saturday,1,,0,0,0,89,2,131,150,131,19,187.81,100.0,24603.11,100.0,220,0,100.0,111.83,187.81,16715.09,Medium,Moderate,Shoulder,Standard,96.2,170.06,1.104,163.6,68.4,85.0,93.2,0.734,,
2023-04-09,2023,4,Apr,14,6,Sunday,1,,0,0,0,93,2,127,90,90,0,154.7,70.9,13923.0,70.9,183,37,83.2,63.29,154.7,14387.1,Low,Low,Low,Promotional,78.0,148.1,1.045,115.52,70.9,86.1,93.7,0.757,,
2023-04-10,2023,4,Apr,15,0,Monday,0,,0,0,0,57,1,163,187,163,24,178.2,100.0,29046.6,100.0,220,0,100.0,132.03,178.2,10157.4,Medium,High,Peak,Rack,92.1,159.02,1.121,146.46,93.6,89.1,95.9,0.976,,
2023-04-11,2023,4,Apr,15,1,Tuesday,0,,0,0,0,108,2,112,204,112,92,187.02,100.0,20946.24,100.0,220,0,100.0,95.21,187.02,20198.16,High,Peak,Peak,Rack,95.3,177.49,1.054,169.15,108.9,91.7,97.2,1.12,,
2023-04-12,2023,4,Apr,15,2,Wednesday,0,,0,0,0,220,5,0,189,0,189,184.73,0.0,0.0,,220,0,100.0,0.0,184.73,40640.6,Sold Out,High,Peak,Rack,93.2,170.29,1.085,158.71,99.6,89.9,92.3,1.079,,
2023-04-13,2023,4,Apr,15,3,Thursday,0,,0,0,0,220,5,0,187,0,187,191.38,0.0,0.0,,220,0,100.0,0.0,191.38,42103.6,Sold Out,High,Peak,Rack,94.9,182.99,1.046,173.66,90.9,78.1,87.2,1.042,,
2023-04-14,2023,4,Apr,15,4,Friday,0,,0,0,0,96,2,124,153,124,29,174.27,100.0,21609.48,100.0,220,0,100.0,98.22,174.27,16729.92,Medium,Moderate,Shoulder,Standard,96.2,167.64,1.04,161.27,88.6,79.1,89.0,0.996,,
2023-04-15,2023,4,Apr,15,5,Saturday,1,,0,0,0,52,1,168,123,123,0,164.94,73.2,20287.62,73.2,175,45,79.5,92.22,164.94,8576.88,Low,Moderate,Shoulder,Standard,76.4,145.92,1.13,111.48,87.4,77.9,88.5,0.988,,
2023-04-16,2023,4,Apr,15,6,Sunday,1,,0,0,0,52,1,168,88,88,0,156.83,52.4,13801.04,52.4,140,80,63.6,62.73,156.83,8155.16,Low,Low,Low,Promotional,59.2,139.13,1.127,82.36,87.1,79.0,90.4,0.963,,
2023-04-17,2023,4,Apr,16,0,Monday,0,,0,0,0,46,2,174,185,174,11,170.93,100.0,29741.82,100.0,220,0,100.0,135.19,170.93,7862.78,Medium,High,Peak,Rack,92.7,163.56,1.045,151.62,88.7,91.1,92.0,0.964,,
2023-04-18,2023,4,Apr,16,1,Tuesday,0,,0,0,0,37,1,183,178,178,0,181.37,97.3,32283.86,97.3,215,5,97.7,146.74,181.37,6710.69,Low,High,Peak,Rack,90.7,167.58,1.082,152.0,98.1,103.5,97.8,1.003,,
2023-04-19,2023,4,Apr,16,2,Wednesday,0,,0,0,0,0,0,220,179,179,0,185.82,81.4,33261.78,81.4,179,41,81.4,151.19,185.82,0.0,Low,High,Peak,Rack,76.0,175.92,1.056,133.7,123.7,111.6,102.2,1.21,,
2023-04-20,2023,4,Apr,16,3,Thursday,0,,0,0,0,0,0,220,182,182,0,166.72,82.7,30343.04,82.7,182,38,82.7,137.92,166.72,0.0,Low,High,Peak,Rack,78.1,150.06,1.111,117.2,149.7,120.3,104.4,1.434,,
2023-04-21,2023,4,Apr,16,4,Friday,0,,0,0,0,92,1,128,150,128,22,173.23,100.0,22173.44,100.0,220,0,100.0,100.79,173.23,15937.16,Medium,Moderate,Shoulder,Standard,94.6,165.52,1.047,156.58,150.3,119.4,103.5,1.452,,
2023-04-22,2023,4,Apr,16,5,Saturday,1,,0,0,0,220,6,0,153,0,153,180.6,0.0,0.0,,220,0,100.0,0.0,180.6,39732.0,Sold Out,Moderate,Shoulder,Standard,95.0,161.81,1.116,153.72,132.7,110.1,98.7,1.344,,
2023-04-23,2023,4,Apr,16,6,Sunday,1,,0,0,0,220,5,0,95,0,95,159.64,0.0,0.0,,220,0,100.0,0.0,159.64,35120.8,Sold Out,Low,Low,Promotional,92.7,148.5,1.075,137.66,120.1,103.6,94.9,1.266,,
2023-04-24,2023,4,Apr,17,0,Monday,0,,0,0,0,124,2,96,164,96,68,166.05,100.0,15940.8,100.0,220,0,100.0,72.46,166.05,20590.2,High,High,Peak,Rack,94.4,150.85,1.101,142.4,109.0,98.9,94.2,1.157,,
2023-04-25,2023,4,Apr,17,1,Tuesday,0,,0,0,0,95,2,125,218,125,93,175.14,100.0,21892.5,100.0,220,0,100.0,99.51,175.14,16638.3,High,Peak,Peak,Rack,93.2,160.46,1.091,149.55,101.4,99.8,95.9,1.057,,
2023-04-26,2023,4,Apr,17,2,Wednesday,0,,0,0,0,110,3,110,218,110,108,192.05,100.0,21125.5,100.0,220,0,100.0,96.03,192.05,21125.5,High,Peak,Peak,Rack,92.3,171.26,1.121,158.07,91.6,107.6,95.5,0.959,,
2023-04-27,2023,4,Apr,17,3,Thursday,0,,0,0,0,52,1,168,197,168,29,179.67,100.0,30184.56,100.0,220,0,100.0,137.2,179.67,9342.84,Medium,Peak,Peak,Rack,95.2,160.27,1.121,152.58,89.6,119.6,98.6,0.909,,
2023-04-28,2023,4,Apr,17,4,Friday,0,,0,0,0,0,0,220,135,135,0,160.55,61.4,21674.25,61.4,135,85,61.4,98.52,160.55,0.0,Low,Moderate,Shoulder,Standard,57.1,153.24,1.048,87.5,90.6,120.4,102.3,0.886,,
2023-04-29,2023,4,Apr,17,5,Saturday,1,,0,0,0,22,1,198,146,146,0,165.34,73.7,24139.64,73.7,168,52,76.4,109.73,165.34,3637.48,Low,Moderate,Shoulder,Standard,73.8,154.53,1.07,114.04,111.4,122.1,101.7,1.095,,
2023-04-30,2023,4,Apr,17,6,Sunday,1,,0,0,0,89,1,131,86,86,0,152.59,65.6,13122.74,65.6,175,45,79.5,59.65,152.59,13580.51,Low,Low,Low,Promotional,73.9,138.08,1.105,102.04,123.7,121.9,100.8,1.227,,
2023-05-01,2023,5,May,18,0,Monday,0,,0,0,0,220,5,0,210,0,210,170.63,0.0,0.0,,220,0,100.0,0.0,170.63,37538.6,Sold Out,Peak,Peak,Rack,93.4,158.78,1.075,148.3,110.0,109.5,96.2,1.143,,
2023-05-02,2023,5,May,18,1,Tuesday,0,,0,0,0,220,8,0,205,0,205,196.39,0.0,0.0,,220,0,100.0,0.0,196.39,43205.8,Sold Out,Peak,Peak,Rack,93.2,186.51,1.053,173.83,92.1,96.8,93.8,0.982,,
2023-05-03,2023,5,May,18,2,Wednesday,0,,0,0,0,208,5,12,203,12,191,190.5,100.0,2286.0,100.0,220,0,100.0,10.39,190.5,39624.0,High,Peak,Peak,Rack,92.5,177.07,1.076,163.79,78.1,84.9,94.0,0.831,,
2023-05-04,2023,5,May,18,3,Thursday,0,,0,0,0,86,3,134,176,134,42,179.17,100.0,24008.78,100.0,220,0,100.0,109.13,179.17,15408.62,High,High,Peak,Rack,95.9,166.06,1.079,159.25,73.3,81.4,98.3,0.746,,
2023-05-05,2023,5,May,18,4,Friday,0,,0,0,0,150,3,70,149,70,79,174.28,100.0,12199.6,100.0,220,0,100.0,55.45,174.28,26142.0,High,Moderate,Shoulder,Standard,95.4,159.54,1.092,152.2,64.0,77.3,98.5,0.65,,
2023-05-06,2023,5,May,18,5,Saturday,1,,0,0,0,79,1,141,157,141,16,176.39,100.0,24870.99,100.0,220,0,100.0,113.05,176.39,13934.81,Medium,Moderate,Shoulder,Standard,95.1,161.79,1.09,153.86,63.3,87.4,101.2,0.625,,
2023-05-07,2023,5,May,18,6,Sunday,1,,0,0,0,64,1,156,97,97,0,149.63,62.2,14514.11,62.2,161,59,73.2,65.97,149.63,9576.32,Low,Low,Low,Promotional,70.3,131.9,1.134,92.73,64.9,94.3,99.7,0.651,,
2023-05-08,2023,5,May,19,0,Monday,0,,0,0,0,71,2,149,197,149,48,177.07,100.0,26383.43,100.0,220,0,100.0,119.92,177.07,12571.97,High,Peak,Peak,Rack,94.4,159.25,1.112,150.33,86.1,98.1,100.3,0.858,,
2023-05-09,2023,5,May,19,1,Tuesday,0,,0,0,0,0,0,220,215,215,0,199.94,97.7,42987.1,97.7,215,5,97.7,195.4,199.94,0.0,Low,Peak,Peak,Rack,91.7,189.16,1.057,173.46,116.9,104.5,104.5,1.119,,
2023-05-10,2023,5,May,19,2,Wednesday,0,,0,0,0,119,2,101,218,101,117,189.53,100.0,19142.53,100.0,220,0,100.0,87.01,189.53,22554.07,High,Peak,Peak,Rack,96.4,169.2,1.12,163.11,129.6,103.9,102.4,1.266,,
2023-05-11,2023,5,May,19,3,Thursday,0,,0,0,0,119,2,101,191,101,90,179.99,100.0,18178.99,100.0,220,0,100.0,82.63,179.99,21418.81,High,High,Peak,Rack,93.2,164.61,1.093,153.42,124.9,99.1,102.1,1.223,,
2023-05-12,2023,5,May,19,4,Friday,0,OSU Graduation,1,0,0,204,3,16,218,16,202,202.22,100.0,3235.52,100.0,220,0,100.0,14.71,202.22,41252.88,High,Peak,Peak,Premium_Event,93.8,184.86,1.094,173.4,117.1,90.6,102.6,1.141,,
2023-05-13,2023,5,May,19,5,Saturday,1,OSU Graduation,1,0,0,139,3,81,218,81,137,204.74,100.0,16583.94,100.0,220,0,100.0,75.38,204.74,28458.86,High,Peak,Peak,Premium_Event,95.9,188.48,1.086,180.75,108.6,85.9,105.3,1.031,,
2023-05-14,2023,5,May,19,6,Sunday,1,OSU Graduation,1,0,0,99,2,121,218,121,97,194.91,100.0,23584.11,100.0,220,0,100.0,107.2,194.91,19296.09,High,Peak,Peak,Premium_Event,93.4,184.69,1.055,172.5,112.0,88.4,105.2,1.065,,
2023-05-15,2023,5,May,20,0,Monday,0,,0,0,0,64,1,156,178,156,22,179.09,100.0,27938.04,100.0,220,0,100.0,126.99,179.09,11461.76,Medium,High,Peak,Rack,96.0,158.61,1.129,152.27,113.0,99.6,106.3,1.063,,
2023-05-16,2023,5,May,20,1,Tuesday,0,,0,0,0,116,3,104,211,104,107,187.1,100.0,19458.4,100.0,220,0,100.0,88.45,187.1,21703.6,High,Peak,Peak,Rack,94.8,173.14,1.081,164.14,97.1,107.0,106.8,0.909,,
2023-05-17,2023,5,May,20,2,Wednesday,0,,0,0,0,115,4,105,195,105,90,179.19,100.0,18814.95,100.0,220,0,100.0,85.52,179.19,20606.85,High,Peak,Peak,Rack,96.0,159.38,1.124,153.0,97.7,113.6,104.5,0.935,,
2023-05-18,2023,5,May,20,3,Thursday,0,,0,0,0,79,1,141,180,141,39,188.73,100.0,26610.93,100.0,220,0,100.0,120.96,188.73,14909.67,High,High,Peak,Rack,94.1,174.28,1.083,164.0,103.4,114.1,103.3,1.001,,
2023-05-19,2023,5,May,20,4,Friday,0,,0,0,0,183,4,37,166,37,129,183.75,100.0,6798.75,100.0,220,0,100.0,30.9,183.75,33626.25,High,High,Peak,Rack,94.0,170.45,1.078,160.22,106.4,111.8,98.6,1.079,,
2023-05-20,2023,5,May,20,5,Saturday,1,,0,0,0,79,1,141,151,141,10,179.44,100.0,25301.04,100.0,220,0,100.0,115.0,179.44,14175.76,Low,Moderate,Shoulder,Standard,93.0,160.95,1.115,149.68,115.0,111.8,97.2,1.183,,
2023-05-21,2023,5,May,20,6,Sunday,1,,0,0,0,86,1,134,103,103,0,156.28,76.9,16096.84,76.9,189,31,85.9,73.17,156.28,13440.08,Low,Low,Low,Promotional,79.7,143.74,1.087,114.56,112.4,112.2,96.4,1.166,,
2023-05-22,2023,5,May,21,0,Monday,0,,0,0,0,86,1,134,190,134,56,174.87,100.0,23432.58,100.0,220,0,100.0,106.51,174.87,15038.82,High,High,Peak,Rack,97.0,163.53,1.069,158.62,109.3,111.1,100.8,1.084,,
2023-05-23,2023,5,May,21,1,Tuesday,0,,0,0,0,175,4,45,204,45,159,188.15,100.0,8466.75,100.0,220,0,100.0,38.49,188.15,32926.25,High,Peak,Peak,Rack,93.4,170.95,1.101,159.67,100.9,99.0,102.3,0.986,,
2023-05-24,2023,5,May,21,2,Wednesday,0,,0,0,0,165,3,55,218,55,163,188.51,100.0,10368.05,100.0,220,0,100.0,47.13,188.51,31104.15,High,Peak,Peak,Rack,94.7,168.35,1.12,159.43,93.7,95.7,101.0,0.928,,
2023-05-25,2023,5,May,21,3,Thursday,0,,0,0,0,148,2,72,200,72,128,188.43,100.0,13566.96,100.0,220,0,100.0,61.67,188.43,27887.64,High,Peak,Peak,Rack,93.7,167.7,1.124,157.13,83.9,93.6,99.2,0.846,,
2023-05-26,2023,5,May,21,4,Friday,0,,0,0,0,41,1,179,161,161,0,170.31,89.9,27419.91,89.9,202,18,91.8,124.64,170.31,6982.71,Low,High,Peak,Rack,84.7,161.26,1.056,136.59,101.6,104.0,100.9,1.007,,
2023-05-27,2023,5,May,21,5,Saturday,1,,0,0,0,0,0,220,147,147,0,176.42,66.8,25933.74,66.8,147,73,66.8,117.88,176.42,0.0,Low,Moderate,Shoulder,Standard,62.9,166.0,1.063,104.41,102.4,108.7,100.2,1.022,,
2023-05-28,2023,5,May,21,6,Sunday,1,,0,0,0,0,0,220,87,87,0,153.86,39.5,13385.82,39.5,87,133,39.5,60.84,153.86,0.0,Low,Low,Low,Promotional,36.6,145.09,1.06,53.1,100.1,106.3,98.6,1.015,,
2023-05-29,2023,5,May,22,0,Monday,0,,0,0,0,33,1,187,167,167,0,168.83,89.3,28194.61,89.3,200,20,90.9,128.16,168.83,5571.39,Low,High,Peak,Rack,84.6,155.82,1.083,131.82,104.9,107.1,99.3,1.056,,
2023-05-30,2023,5,May,22,1,Tuesday,0,,0,0,0,62,2,158,218,158,60,189.17,100.0,29888.86,100.0,220,0,100.0,135.86,189.17,11728.54,High,Peak,Peak,Rack,93.9,180.41,1.049,169.4,121.0,110.9,101.7,1.19,,
2023-05-31,2023,5,May,22,2,Wednesday,0,,0,0,0,12,1,208,210,208,2,190.13,100.0,39547.04,100.0,220,0,100.0,179.76,190.13,2281.56,Low,Peak,Peak,Rack,93.8,178.79,1.063,167.71,142.9,118.3,108.6,1.316,,
2023-06-01,2023,6,Jun,22,3,Thursday,0,,0,0,0,70,2,150,167,150,17,168.25,100.0,25237.5,100.0,220,0,100.0,114.72,168.25,11777.5,Medium,High,Peak,Rack,96.7,150.05,1.121,145.1,154.0,118.9,113.6,1.356,,
2023-06-02,2023,6,Jun,22,4,Friday,0,,0,0,0,153,3,67,144,67,77,165.11,100.0,11062.37,100.0,220,0,100.0,50.28,165.11,25261.83,High,Moderate,Shoulder,Standard,93.1,157.31,1.05,146.46,140.6,121.1,115.5,1.217,,
2023-06-03,2023,6,Jun,22,5,Saturday,1,,0,0,0,85,1,135,137,135,2,176.4,100.0,23814.0,100.0,220,0,100.0,108.25,176.4,14994.0,Low,Moderate,Shoulder,Standard,92.4,165.37,1.067,152.8,138.9,120.6,115.5,1.203,,
2023-06-04,2023,6,Jun,22,6,Sunday,1,,0,0,0,38,1,182,90,90,0,151.86,49.5,13667.4,49.5,128,92,58.2,62.12,151.86,5770.68,Low,Low,Low,Promotional,55.3,145.59,1.043,80.51,139.3,119.7,116.2,1.199,,
2023-06-05,2023,6,Jun,23,0,Monday,0,,0,0,0,90,2,130,161,130,31,167.64,100.0,21793.2,100.0,220,0,100.0,99.06,167.64,15087.6,High,High,Peak,Rack,95.5,155.28,1.08,148.29,134.0,119.4,115.8,1.157,,
2023-06-06,2023,6,Jun,23,1,Tuesday,0,,0,0,0,173,3,47,189,47,142,183.38,100.0,8618.86,100.0,220,0,100.0,39.18,183.38,31724.74,High,High,Peak,Rack,95.3,171.55,1.069,163.49,118.1,119.6,114.1,1.035,,
2023-06-07,2023,6,Jun,23,2,Wednesday,0,,0,0,0,67,1,153,207,153,54,169.69,100.0,25962.57,100.0,220,0,100.0,118.01,169.69,11369.23,High,Peak,Peak,Rack,94.4,161.45,1.051,152.41,110.3,126.6,114.3,0.965,,
2023-06-08,2023,6,Jun,23,3,Thursday,0,,0,0,0,106,3,114,182,114,68,176.08,100.0,20073.12,100.0,220,0,100.0,91.24,176.08,18664.48,High,High,Peak,Rack,94.5,159.13,1.107,150.38,105.1,129.6,110.9,0.948,,
2023-06-09,2023,6,Jun,23,4,Friday,0,,0,0,0,0,0,220,125,125,0,169.41,56.8,21176.25,56.8,125,95,56.8,96.26,169.41,0.0,Low,Moderate,Shoulder,Standard,54.3,156.64,1.082,85.06,113.4,127.0,111.7,1.015,,
2023-06-10,2023,6,Jun,23,5,Saturday,1,,0,0,0,48,1,172,120,120,0,159.0,69.8,19080.0,69.8,168,52,76.4,86.73,159.0,7632.0,Low,Moderate,Shoulder,Standard,73.0,140.84,1.129,102.81,111.3,125.1,112.3,0.991,,
2023-06-11,2023,6,Jun,23,6,Sunday,1,,0,0,0,156,3,64,89,64,25,163.37,100.0,10455.68,100.0,220,0,100.0,47.53,163.37,25485.72,Medium,Low,Low,Promotional,93.5,155.6,1.05,145.49,107.6,123.4,113.9,0.945,,
2023-06-12,2023,6,Jun,24,0,Monday,0,,0,0,0,131,3,89,171,89,82,163.37,100.0,14539.93,100.0,220,0,100.0,66.09,163.37,21401.47,High,High,Peak,Rack,96.5,150.82,1.083,145.54,101.7,117.9,114.2,0.891,,
2023-06-13,2023,6,Jun,24,1,Tuesday,0,,0,0,0,34,1,186,191,186,5,190.57,100.0,35446.02,100.0,220,0,100.0,161.12,190.57,6479.38,Low,High,Peak,Rack,94.5,183.4,1.039,173.31,121.6,119.9,116.4,1.045,,
2023-06-14,2023,6,Jun,24,2,Wednesday,0,,0,0,0,95,2,125,178,125,53,171.86,100.0,21482.5,100.0,220,0,100.0,97.65,171.86,16326.7,High,High,Peak,Rack,93.2,152.41,1.128,142.05,117.6,113.9,115.3,1.02,,
2023-06-15,2023,6,Jun,24,3,Thursday,0,,0,0,0,185,4,35,175,35,140,167.01,100.0,5845.35,100.0,220,0,100.0,26.57,167.01,30896.85,High,High,Peak,Rack,96.5,158.01,1.057,152.48,106.3,105.7,113.0,0.941,,
2023-06-16,2023,6,Jun,24,4,Friday,0,,0,0,0,146,2,74,117,74,43,169.06,100.0,12510.44,100.0,220,0,100.0,56.87,169.06,24682.76,High,Moderate,Shoulder,Standard,94.0,159.79,1.058,150.2,99.0,106.2,112.0,0.884,,
2023-06-17,2023,6,Jun,24,5,Saturday,1,,0,0,0,72,1,148,121,121,0,165.45,81.8,20019.45,81.8,193,27,87.7,91.0,165.45,11912.4,Low,Moderate,Shoulder,Standard,84.6,156.21,1.059,132.15,99.1,105.2,111.3,0.89,,
2023-06-18,2023,6,Jun,24,6,Sunday,1,,0,0,0,0,0,220,92,92,0,149.37,41.8,13742.04,41.8,92,128,41.8,62.46,149.37,0.0,Low,Low,Low,Promotional,40.5,135.53,1.102,54.89,103.1,105.4,113.2,0.911,,
2023-06-19,2023,6,Jun,25,0,Monday,0,,0,0,0,39,1,181,157,157,0,160.94,86.7,25267.58,86.7,196,24,89.1,114.85,160.94,6276.66,Low,Moderate,Shoulder,Standard,82.2,152.71,1.054,125.53,112.9,107.3,113.7,0.993,,
2023-06-20,2023,6,Jun,25,1,Tuesday,0,,0,0,0,105,2,115,196,115,81,189.03,100.0,21738.45,100.0,220,0,100.0,98.81,189.03,19848.15,High,Peak,Peak,Rack,93.1,169.68,1.114,157.97,102.7,112.1,114.1,0.9,,
2023-06-21,2023,6,Jun,25,2,Wednesday,0,,0,0,0,179,3,41,185,41,144,187.26,100.0,7677.66,100.0,220,0,100.0,34.9,187.26,33519.54,High,High,Peak,Rack,94.8,171.77,1.09,162.84,90.7,104.1,111.0,0.817,,
2023-06-22,2023,6,Jun,25,3,Thursday,0,,0,0,0,207,3,13,167,13,154,177.78,100.0,2311.14,100.0,220,0,100.0,10.51,177.78,36800.46,High,High,Peak,Rack,94.6,163.81,1.085,154.96,87.6,96.9,109.9,0.797,,
2023-06-23,2023,6,Jun,25,4,Friday,0,,0,0,0,220,4,0,118,0,118,164.19,0.0,0.0,,220,0,100.0,0.0,164.19,36121.8,Sold Out,Moderate,Shoulder,Standard,96.3,150.31,1.092,144.75,77.0,88.0,108.1,0.712,,
2023-06-24,2023,6,Jun,25,5,Saturday,1,,0,0,0,191,3,29,139,29,110,171.34,100.0,4968.86,100.0,220,0,100.0,22.59,171.34,32725.94,High,Moderate,Shoulder,Standard,94.8,156.4,1.096,148.27,63.9,81.5,106.7,0.599,,
2023-06-25,2023,6,Jun,25,6,Sunday,1,,0,0,0,86,1,134,80,80,0,147.03,59.7,11762.4,59.7,166,54,75.5,53.47,147.03,12644.58,Low,Low,Low,Promotional,71.7,137.07,1.073,98.28,62.1,82.6,104.0,0.597,,
2023-06-26,2023,6,Jun,26,0,Monday,0,,0,0,0,32,1,188,164,164,0,165.45,87.2,27133.8,87.2,196,24,89.1,123.34,165.45,5294.4,Low,High,Peak,Rack,84.1,155.33,1.065,130.63,63.1,88.0,104.5,0.604,,
2023-06-27,2023,6,Jun,26,1,Tuesday,0,,0,0,0,77,2,143,195,143,52,173.89,100.0,24866.27,100.0,220,0,100.0,113.03,173.89,13389.53,High,Peak,Peak,Rack,93.7,165.62,1.05,155.19,67.1,84.9,106.4,0.631,,
2023-06-28,2023,6,Jun,26,2,Wednesday,0,,0,0,0,55,1,165,176,165,11,173.82,100.0,28680.3,100.0,220,0,100.0,130.37,173.82,9560.1,Medium,High,Peak,Rack,94.5,155.24,1.12,146.7,84.9,87.8,106.3,0.799,,
2023-06-29,2023,6,Jun,26,3,Thursday,0,,0,0,0,111,2,109,179,109,70,176.92,100.0,19284.28,100.0,220,0,100.0,87.66,176.92,19638.12,High,High,Peak,Rack,93.0,160.02,1.106,148.82,98.6,93.1,104.7,0.942,,
2023-06-30,2023,6,Jun,26,4,Friday,0,,0,0,0,83,2,137,140,137,3,172.38,100.0,23616.06,100.0,220,0,100.0,107.35,172.38,14307.54,Low,Moderate,Shoulder,Standard,92.4,157.31,1.096,145.35,118.1,97.6,102.3,1.154,,
2023-07-01,2023,7,Jul,26,5,Saturday,1,,0,0,0,88,2,132,119,119,0,163.94,90.2,19508.86,90.2,207,13,94.1,88.68,163.94,14426.72,Low,Moderate,Shoulder,Standard,89.4,154.61,1.06,138.22,131.0,97.4,101.3,1.293,,
2023-07-02,2023,7,Jul,26,6,Sunday,1,,0,0,0,18,1,202,76,76,0,139.81,37.6,10625.56,37.6,94,126,42.7,48.3,139.81,2516.58,Low,Low,Low,Promotional,39.6,130.93,1.068,51.85,130.4,96.3,101.6,1.283,,
2023-07-03,2023,7,Jul,27,0,Monday,0,,0,0,0,0,0,220,167,167,0,152.55,75.9,25475.85,75.9,167,53,75.9,115.8,152.55,0.0,Low,High,Peak,Rack,73.2,138.59,1.101,101.45,130.9,97.0,102.7,1.275,,
2023-07-04,2023,7,Jul,27,1,Tuesday,0,,0,0,0,47,1,173,189,173,16,173.76,100.0,30060.48,100.0,220,0,100.0,136.64,173.76,8166.72,Medium,High,Peak,Rack,95.5,159.37,1.09,152.2,135.1,101.1,105.4,1.282,,
2023-07-05,2023,7,Jul,27,2,Wednesday,0,,0,0,0,23,1,197,188,188,0,182.51,95.4,34311.88,95.4,211,9,95.9,155.96,182.51,4197.73,Low,High,Peak,Rack,90.6,173.84,1.05,157.5,138.4,111.6,107.4,1.289,,
2023-07-06,2023,7,Jul,27,3,Thursday,0,,0,0,0,137,3,83,173,83,90,167.58,100.0,13909.14,100.0,220,0,100.0,63.22,167.58,22958.46,High,High,Peak,Rack,96.3,147.87,1.133,142.4,134.7,116.6,108.6,1.24,,
2023-07-07,2023,7,Jul,27,4,Friday,0,,0,0,0,126,3,94,123,94,29,162.76,100.0,15299.44,100.0,220,0,100.0,69.54,162.76,20507.76,Medium,Moderate,Shoulder,Standard,93.4,156.19,1.042,145.88,128.6,123.4,106.6,1.206,,
2023-07-08,2023,7,Jul,27,5,Saturday,1,,0,0,0,120,4,100,107,100,7,172.22,100.0,17222.0,100.0,220,0,100.0,78.28,172.22,20666.4,Low,Low,Low,Promotional,93.1,152.29,1.131,141.78,125.9,128.4,106.1,1.187,,
2023-07-09,2023,7,Jul,27,6,Sunday,1,,0,0,0,184,4,36,78,36,42,160.69,100.0,5784.84,100.0,220,0,100.0,26.29,160.69,29566.96,High,Low,Low,Promotional,95.6,151.02,1.064,144.38,120.1,125.3,103.2,1.164,,
2023-07-10,2023,7,Jul,28,0,Monday,0,,0,0,0,174,3,46,168,46,122,155.9,100.0,7171.4,100.0,220,0,100.0,32.6,155.9,27126.6,High,High,Peak,Rack,94.1,141.35,1.103,133.01,102.9,116.9,100.7,1.022,,
2023-07-11,2023,7,Jul,28,1,Tuesday,0,,0,0,0,196,3,24,161,24,137,178.34,100.0,4280.16,100.0,220,0,100.0,19.46,178.34,34954.64,High,High,Peak,Rack,94.2,159.34,1.119,150.1,81.6,108.4,99.4,0.821,,
2023-07-12,2023,7,Jul,28,2,Wednesday,0,,0,0,0,163,3,57,188,57,131,174.65,100.0,9955.05,100.0,220,0,100.0,45.25,174.65,28467.95,High,High,Peak,Rack,96.7,168.76,1.035,163.19,62.9,100.6,98.3,0.64,,
2023-07-13,2023,7,Jul,28,3,Thursday,0,,0,0,0,176,4,44,164,44,120,168.58,100.0,7417.52,100.0,220,0,100.0,33.72,168.58,29670.08,High,High,Peak,Rack,96.2,160.71,1.049,154.6,57.3,96.0,93.6,0.612,,
2023-07-14,2023,7,Jul,28,4,Friday,0,,0,0,0,60,1,160,117,117,0,153.72,73.1,17985.24,73.1,177,43,80.5,81.75,153.72,9223.2,Low,Moderate,Shoulder,Standard,77.9,136.08,1.13,106.01,60.6,94.6,93.3,0.65,,
2023-07-15,2023,7,Jul,28,5,Saturday,1,,0,0,0,103,2,117,128,117,11,175.57,100.0,20541.69,100.0,220,0,100.0,93.37,175.57,18083.71,Medium,Moderate,Shoulder,Standard,96.7,156.19,1.124,151.04,63.0,94.4,96.0,0.656,,
2023-07-16,2023,7,Jul,28,6,Sunday,1,,0,0,0,43,1,177,75,75,0,148.14,42.4,11110.5,42.4,118,102,53.6,50.5,148.14,6370.02,Low,Low,Low,Promotional,49.4,143.33,1.034,70.81,68.6,94.4,96.1,0.714,,
2023-07-17,2023,7,Jul,29,0,Monday,0,,0,0,0,67,1,153,172,153,19,173.98,100.0,26618.94,100.0,220,0,100.0,121.0,173.98,11656.66,Medium,High,Peak,Rack,93.7,164.45,1.058,154.09,83.9,93.4,97.1,0.864,,
2023-07-18,2023,7,Jul,29,1,Tuesday,0,,0,0,0,45,1,175,188,175,13,178.87,100.0,31302.25,100.0,220,0,100.0,142.28,178.87,8049.15,Medium,High,Peak,Rack,97.0,168.45,1.062,163.4,105.4,93.5,99.9,1.055,,
2023-07-19,2023,7,Jul,29,2,Wednesday,0,,0,0,0,35,1,185,162,162,0,168.74,87.6,27335.88,87.6,197,23,89.5,124.25,168.74,5905.9,Low,High,Peak,Rack,83.4,154.88,1.089,129.17,120.4,91.6,100.1,1.203,,
2023-07-20,2023,7,Jul,29,3,Thursday,0,,0,0,0,59,1,161,174,161,13,166.04,100.0,26732.44,100.0,220,0,100.0,121.51,166.04,9796.36,Medium,High,Peak,Rack,96.5,147.19,1.128,142.04,137.1,97.2,101.6,1.349,,
2023-07-21,2023,7,Jul,29,4,Friday,0,,0,0,0,94,2,126,131,126,5,159.72,100.0,20124.72,100.0,220,0,100.0,91.48,159.72,15013.68,Low,Moderate,Shoulder,Standard,96.1,147.77,1.081,142.01,138.4,99.5,104.4,1.326,,
2023-07-22,2023,7,Jul,29,5,Saturday,1,,0,0,0,220,4,0,107,0,107,162.13,0.0,0.0,,220,0,100.0,0.0,162.13,35668.6,Sold Out,Low,Low,Promotional,95.7,155.63,1.042,148.94,121.7,92.4,104.0,1.17,,
2023-07-23,2023,7,Jul,29,6,Sunday,1,,0,0,0,219,3,1,81,1,80,169.58,100.0,169.58,100.0,220,0,100.0,0.77,169.58,37138.02,High,Low,Low,Promotional,93.8,154.86,1.095,145.26,111.1,89.9,104.0,1.068,,
2023-07-24,2023,7,Jul,30,0,Monday,0,,0,0,0,66,1,154,147,147,0,158.99,95.5,23371.53,95.5,213,7,96.8,106.23,158.99,10493.34,Low,Moderate,Shoulder,Standard,91.2,140.9,1.128,128.5,110.3,97.1,108.0,1.021,,
2023-07-25,2023,7,Jul,30,1,Tuesday,0,,0,0,0,0,0,220,168,168,0,175.89,76.4,29549.52,76.4,168,52,76.4,134.32,175.89,0.0,Low,High,Peak,Rack,71.2,169.31,1.039,120.55,109.3,107.4,110.9,0.986,,
2023-07-26,2023,7,Jul,30,2,Wednesday,0,,0,0,0,49,1,171,189,171,18,167.78,100.0,28690.38,100.0,220,0,100.0,130.41,167.78,8221.22,Medium,High,Peak,Rack,94.4,155.21,1.081,146.52,110.6,115.5,111.1,0.995,,
2023-07-27,2023,7,Jul,30,3,Thursday,0,,0,0,0,58,2,162,153,153,0,165.51,94.4,25323.03,94.4,211,9,95.9,115.1,165.51,9599.58,Low,Moderate,Shoulder,Standard,92.3,160.08,1.034,147.75,109.4,123.3,111.5,0.981,,
2023-07-28,2023,7,Jul,30,4,Friday,0,,0,0,0,46,2,174,125,125,0,152.79,71.8,19098.75,71.8,171,49,77.7,86.81,152.79,7028.34,Low,Moderate,Shoulder,Standard,71.7,144.22,1.059,103.41,109.3,123.9,110.1,0.993,,
2023-07-29,2023,7,Jul,30,5,Saturday,1,,0,0,0,91,3,129,112,112,0,169.17,86.8,18947.04,86.8,203,17,92.3,86.12,169.17,15394.47,Low,Low,Low,Promotional,88.5,163.42,1.035,144.63,125.3,123.5,110.2,1.137,,
2023-07-30,2023,7,Jul,30,6,Sunday,1,,0,0,0,32,2,188,74,74,0,145.71,39.4,10782.54,39.4,106,114,48.2,49.01,145.71,4662.72,Low,Low,Low,Promotional,45.5,134.95,1.08,61.4,135.7,123.4,108.1,1.255,,
2023-07-31,2023,7,Jul,31,0,Monday,0,,0,0,0,180,3,40,172,40,132,164.17,100.0,6566.8,100.0,220,0,100.0,29.85,164.17,29550.6,High,High,Peak,Rack,95.9,151.23,1.086,145.03,120.4,115.4,105.5,1.141,,
2023-08-01,2023,8,Aug,31,1,Tuesday,0,,0,0,0,220,7,0,197,0,197,187.76,0.0,0.0,,220,0,100.0,0.0,187.76,41307.2,Sold Out,Peak,Peak,Rack,96.6,173.05,1.085,167.17,96.4,102.9,103.0,0.936,,
2023-08-02,2023,8,Aug,31,2,Wednesday,0,,0,0,0,220,6,0,207,0,207,183.57,0.0,0.0,,220,0,100.0,0.0,183.57,40385.4,Sold Out,Peak,Peak,Rack,96.9,176.52,1.04,171.05,72.0,91.3,97.4,0.739,,
2023-08-03,2023,8,Aug,31,3,Thursday,0,,0,0,0,165,4,55,172,55,117,175.09,100.0,9629.95,100.0,220,0,100.0,43.77,175.09,28889.85,High,High,Peak,Rack,93.6,161.33,1.085,151.0,58.0,83.7,93.5,0.62,,
2023-08-04,2023,8,Aug,31,4,Friday,0,,0,0,0,130,3,90,136,90,46,174.89,100.0,15740.1,100.0,220,0,100.0,71.55,174.89,22735.7,High,Moderate,Shoulder,Standard,94.3,163.19,1.072,153.89,53.0,81.1,90.2,0.588,,
2023-08-05,2023,8,Aug,31,5,Saturday,1,,0,0,0,130,3,90,120,90,30,173.07,100.0,15576.3,100.0,220,0,100.0,70.8,173.07,22499.1,Medium,Moderate,Shoulder,Standard,92.6,159.34,1.086,147.55,49.9,87.6,90.4,0.552,,
2023-08-06,2023,8,Aug,31,6,Sunday,1,,0,0,0,53,1,167,90,90,0,150.68,53.9,13561.2,53.9,143,77,65.0,61.64,150.68,7986.04,Low,Low,Low,Promotional,62.9,137.67,1.095,86.59,52.1,93.9,90.3,0.577,,
2023-08-07,2023,8,Aug,32,0,Monday,0,,0,0,0,92,1,128,164,128,36,164.54,100.0,21061.12,100.0,220,0,100.0,95.73,164.54,15137.68,High,High,Peak,Rack,93.5,148.22,1.11,138.59,64.7,92.6,91.2,0.709,,
2023-08-08,2023,8,Aug,32,1,Tuesday,0,,0,0,0,173,2,47,204,47,157,184.28,100.0,8661.16,100.0,220,0,100.0,39.37,184.28,31880.44,High,Peak,Peak,Rack,94.8,164.04,1.123,155.51,71.4,83.9,91.6,0.779,,
2023-08-09,2023,8,Aug,32,2,Wednesday,0,,0,0,0,22,1,198,174,174,0,172.57,87.9,30027.18,87.9,196,24,89.1,136.49,172.57,3796.54,Low,High,Peak,Rack,83.7,160.33,1.076,134.2,96.3,84.1,95.9,1.004,,
2023-08-10,2023,8,Aug,32,3,Thursday,0,,0,0,0,89,1,131,157,131,26,174.57,100.0,22868.67,100.0,220,0,100.0,103.95,174.57,15536.73,Medium,Moderate,Shoulder,Standard,94.7,156.84,1.113,148.53,107.1,82.6,99.4,1.077,,
2023-08-11,2023,8,Aug,32,4,Friday,0,,0,0,0,172,5,48,118,48,70,172.43,100.0,8276.64,100.0,220,0,100.0,37.62,172.43,29657.96,High,Moderate,Shoulder,Standard,92.9,164.28,1.05,152.62,101.1,77.1,99.1,1.02,,
2023-08-12,2023,8,Aug,32,5,Saturday,1,,0,0,0,170,5,50,121,50,71,174.43,100.0,8721.5,100.0,220,0,100.0,39.64,174.43,29653.1,High,Moderate,Shoulder,Standard,96.8,167.5,1.041,162.14,95.4,72.6,99.3,0.961,,
2023-08-13,2023,8,Aug,32,6,Sunday,1,,0,0,0,110,2,110,78,78,0,153.84,70.9,11999.52,70.9,188,32,85.5,54.54,153.84,16922.4,Low,Low,Low,Promotional,82.9,145.06,1.061,120.25,93.7,72.9,98.0,0.956,,
2023-08-14,2023,8,Aug,33,0,Monday,0,,0,0,0,75,2,145,151,145,6,169.07,100.0,24515.15,100.0,220,0,100.0,111.43,169.07,12680.25,Low,Moderate,Shoulder,Standard,94.2,163.62,1.033,154.13,96.1,80.4,99.0,0.971,,
2023-08-15,2023,8,Aug,33,1,Tuesday,0,,0,0,0,32,1,188,193,188,5,179.79,100.0,33800.52,100.0,220,0,100.0,153.64,179.79,5753.28,Low,High,Peak,Rack,96.6,170.37,1.055,164.58,116.3,93.9,102.7,1.132,,
2023-08-16,2023,8,Aug,33,2,Wednesday,0,,0,0,0,60,1,160,178,160,18,183.2,100.0,29312.0,100.0,220,0,100.0,133.24,183.2,10992.0,Medium,High,Peak,Rack,96.1,162.27,1.129,155.94,114.3,105.3,103.0,1.11,,
2023-08-17,2023,8,Aug,33,3,Thursday,0,,0,0,0,147,2,73,170,73,97,180.54,100.0,13179.42,100.0,220,0,100.0,59.91,180.54,26539.38,High,High,Peak,Rack,94.4,168.0,1.075,158.59,106.0,106.6,99.6,1.064,,
2023-08-18,2023,8,Aug,33,4,Friday,0,,0,0,0,147,2,73,122,73,49,172.49,100.0,12591.77,100.0,220,0,100.0,57.24,172.49,25356.03,High,Moderate,Shoulder,Standard,93.0,152.45,1.131,141.78,109.6,105.4,96.6,1.135,,
2023-08-19,2023,8,Aug,33,5,Saturday,1,,0,0,0,0,0,220,113,113,0,160.63,51.4,18151.19,51.4,113,107,51.4,82.51,160.63,0.0,Low,Low,Low,Promotional,48.6,153.52,1.046,74.61,118.6,107.0,95.0,1.248,,
2023-08-20,2023,8,Aug,33,6,Sunday,1,,0,0,0,77,1,143,89,89,0,158.67,62.2,14121.63,62.2,166,54,75.5,64.19,158.67,12217.59,Low,Low,Low,Promotional,70.5,145.22,1.093,102.38,120.1,106.9,93.8,1.28,,
2023-08-21,2023,8,Aug,34,0,Monday,0,,0,0,0,77,1,143,156,143,13,175.89,100.0,25152.27,100.0,220,0,100.0,114.33,175.89,13543.53,Medium,Moderate,Shoulder,Standard,94.9,161.15,1.091,152.93,119.9,108.0,98.5,1.217,,
2023-08-22,2023,8,Aug,34,1,Tuesday,0,,0,0,0,116,2,104,169,104,65,172.94,100.0,17985.76,100.0,220,0,100.0,81.75,172.94,20061.04,High,High,Peak,Rack,93.6,160.06,1.08,149.82,107.9,112.1,102.0,1.058,,
2023-08-23,2023,8,Aug,34,2,Wednesday,0,,0,0,0,24,1,196,191,191,0,191.91,97.4,36654.81,97.4,215,5,97.7,166.61,191.91,4605.84,Low,High,Peak,Rack,91.0,170.11,1.128,154.8,112.3,113.3,103.4,1.086,,
2023-08-24,2023,8,Aug,34,3,Thursday,0,,0,0,0,21,1,199,184,184,0,166.98,92.5,30724.32,92.5,205,15,93.2,139.66,166.98,3506.58,Low,High,Peak,Rack,86.1,160.44,1.041,138.14,128.1,117.1,104.0,1.232,,
2023-08-25,2023,8,Aug,34,4,Friday,0,,0,0,0,90,3,130,114,114,0,167.61,87.7,19107.54,87.7,204,16,92.7,86.85,167.61,15084.9,Low,Low,Low,Promotional,87.3,159.39,1.052,139.15,134.0,121.8,102.1,1.312,,
2023-08-26,2023,8,Aug,34,5,Saturday,1,,0,0,0,0,0,220,121,121,0,164.05,55.0,19850.05,55.0,121,99,55.0,90.23,164.05,0.0,Low,Moderate,Shoulder,Standard,51.7,152.58,1.075,78.88,135.1,126.9,101.0,1.338,,
2023-08-27,2023,8,Aug,34,6,Sunday,1,,0,0,0,173,3,47,78,47,31,171.53,100.0,8061.91,100.0,220,0,100.0,36.65,171.53,29674.69,High,Low,Low,Promotional,94.2,154.0,1.114,145.07,129.1,124.6,98.4,1.312,,
2023-08-28,2023,8,Aug,35,0,Monday,0,,0,0,0,220,3,0,178,0,178,166.31,0.0,0.0,,220,0,100.0,0.0,166.31,36588.2,Sold Out,High,Peak,Rack,93.6,148.19,1.122,138.71,108.7,114.3,94.7,1.148,,
2023-08-29,2023,8,Aug,35,1,Tuesday,0,,0,0,0,220,4,0,187,0,187,174.63,0.0,0.0,,220,0,100.0,0.0,174.63,38418.6,Sold Out,High,Peak,Rack,92.4,159.55,1.095,147.42,93.9,100.9,92.2,1.018,,
2023-08-30,2023,8,Aug,35,2,Wednesday,0,,0,0,0,165,4,55,182,55,127,182.56,100.0,10040.8,100.0,220,0,100.0,45.64,182.56,30122.4,High,High,Peak,Rack,92.7,171.05,1.067,158.56,74.4,93.4,92.7,0.803,,
2023-08-31,2023,8,Aug,35,3,Thursday,0,,0,0,0,27,1,193,159,159,0,175.63,82.4,27925.17,82.4,186,34,84.5,126.93,175.63,4742.01,Low,High,Peak,Rack,79.9,164.35,1.069,131.32,70.9,99.5,98.0,0.723,,
2023-09-01,2023,9,Sep,35,4,Friday,0,,0,0,0,0,0,220,131,131,0,168.51,59.5,22074.81,59.5,131,89,59.5,100.34,168.51,0.0,Low,Moderate,Shoulder,Standard,56.8,162.89,1.035,92.52,73.3,103.6,102.4,0.716,,
2023-09-02,2023,9,Sep,35,5,Saturday,1,OSU Football,1,1,0,0,0,220,218,218,0,223.25,99.1,48668.5,99.1,218,2,99.1,221.22,223.25,0.0,Low,Peak,Peak,Premium_Event,93.7,206.58,1.081,193.57,87.1,111.1,107.8,0.808,,
2023-09-03,2023,9,Sep,35,6,Sunday,1,OSU Football,1,1,0,56,1,164,218,164,54,207.22,100.0,33984.08,100.0,220,0,100.0,154.47,207.22,11604.32,High,Peak,Peak,Premium_Event,97.0,194.32,1.066,188.49,103.9,116.5,110.3,0.942,,
2023-09-04,2023,9,Sep,36,0,Monday,0,,0,0,0,143,3,77,192,77,115,180.49,100.0,13897.73,100.0,220,0,100.0,63.17,180.49,25810.07,High,High,Peak,Rack,94.6,165.7,1.089,156.75,114.9,111.8,109.8,1.046,,
2023-09-05,2023,9,Sep,36,1,Tuesday,0,,0,0,0,53,1,167,214,167,47,186.13,100.0,31083.71,100.0,220,0,100.0,141.29,186.13,9864.89,High,Peak,Peak,Rack,95.7,167.55,1.111,160.35,138.7,116.3,112.4,1.234,,
2023-09-06,2023,9,Sep,36,2,Wednesday,0,,0,0,0,78,3,142,218,142,76,186.87,100.0,26535.54,100.0,220,0,100.0,120.62,186.87,14575.86,High,Peak,Peak,Rack,94.7,172.77,1.082,163.61,151.1,112.8,112.9,1.338,,
2023-09-07,2023,9,Sep,36,3,Thursday,0,,0,0,0,48,1,172,203,172,31,187.15,100.0,32189.8,100.0,220,0,100.0,146.32,187.15,8983.2,High,Peak,Peak,Rack,95.4,173.19,1.081,165.22,153.0,111.9,117.0,1.308,,
2023-09-08,2023,9,Sep,36,4,Friday,0,,0,0,0,24,1,196,151,151,0,169.72,77.0,25627.72,77.0,175,45,79.5,116.49,169.72,4073.28,Low,Moderate,Shoulder,Standard,76.0,153.66,1.105,116.78,155.9,114.6,116.3,1.34,,
2023-09-09,2023,9,Sep,36,5,Saturday,1,,0,0,0,0,0,220,133,133,0,173.23,60.5,23039.59,60.5,133,87,60.5,104.73,173.23,0.0,Low,Moderate,Shoulder,Standard,57.7,159.75,1.084,92.18,143.7,115.4,116.3,1.236,,
2023-09-10,2023,9,Sep,36,6,Sunday,1,,0,0,0,147,2,73,99,73,26,170.95,100.0,12479.35,100.0,220,0,100.0,56.72,170.95,25129.65,Medium,Low,Low,Promotional,95.0,152.87,1.118,145.23,130.7,117.3,117.2,1.115,,
2023-09-11,2023,9,Sep,37,0,Monday,0,,0,0,0,147,2,73,186,73,113,171.91,100.0,12549.43,100.0,220,0,100.0,57.04,171.91,25270.77,High,High,Peak,Rack,94.9,155.14,1.108,147.23,130.1,122.5,117.9,1.103,,
2023-09-12,2023,9,Sep,37,1,Tuesday,0,,0,0,0,220,5,0,210,0,210,188.98,0.0,0.0,,220,0,100.0,0.0,188.98,41575.6,Sold Out,Peak,Peak,Rack,95.0,174.46,1.083,165.74,106.3,122.5,115.3,0.922,,
2023-09-13,2023,9,Sep,37,2,Wednesday,0,,0,0,0,220,5,0,218,0,218,188.0,0.0,0.0,,220,0,100.0,0.0,188.0,41360.0,Sold Out,Peak,Peak,Rack,96.5,167.78,1.121,161.91,86.0,118.6,110.5,0.778,,
2023-09-14,2023,9,Sep,37,3,Thursday,0,,0,0,0,163,4,57,181,57,124,191.46,100.0,10913.22,100.0,220,0,100.0,49.61,191.46,31207.98,High,High,Peak,Rack,92.5,172.04,1.113,159.14,69.6,111.3,106.1,0.656,,
2023-09-15,2023,9,Sep,37,4,Friday,0,,0,0,0,86,2,134,146,134,12,170.89,100.0,22899.26,100.0,220,0,100.0,104.09,170.89,14696.54,Medium,Moderate,Shoulder,Standard,96.1,153.88,1.111,147.88,67.1,111.5,105.3,0.637,,
2023-09-16,2023,9,Sep,37,5,Saturday,1,OSU Football,1,1,0,88,2,132,218,132,86,225.0,100.0,29700.0,100.0,220,0,100.0,135.0,225.0,19800.0,High,Peak,Peak,Premium_Event,92.8,199.92,1.125,185.53,67.0,105.4,107.2,0.625,,
2023-09-17,2023,9,Sep,37,6,Sunday,1,OSU Football,1,1,0,107,2,113,218,113,105,211.91,100.0,23945.83,100.0,220,0,100.0,108.84,211.91,22674.37,High,Peak,Peak,Premium_Event,92.5,205.28,1.032,189.88,72.7,101.7,108.6,0.669,,
2023-09-18,2023,9,Sep,38,0,Monday,0,,0,0,0,75,1,145,166,145,21,178.54,100.0,25888.3,100.0,220,0,100.0,117.67,178.54,13390.5,Medium,High,Peak,Rack,93.4,164.04,1.088,153.21,83.0,106.6,109.6,0.757,,
2023-09-19,2023,9,Sep,38,1,Tuesday,0,,0,0,0,146,3,74,218,74,144,184.53,100.0,13655.22,100.0,220,0,100.0,62.07,184.53,26941.38,High,Peak,Peak,Rack,95.1,170.86,1.08,162.49,93.6,99.9,109.1,0.858,,
2023-09-20,2023,9,Sep,38,2,Wednesday,0,,0,0,0,133,4,87,211,87,124,183.92,100.0,16001.04,100.0,220,0,100.0,72.73,183.92,24461.36,High,Peak,Peak,Rack,95.3,172.62,1.065,164.51,106.0,96.0,107.3,0.988,,
2023-09-21,2023,9,Sep,38,3,Thursday,0,,0,0,0,175,6,45,186,45,141,194.71,100.0,8761.95,100.0,220,0,100.0,39.83,194.71,34074.25,High,High,Peak,Rack,94.0,188.67,1.032,177.35,104.3,86.9,105.3,0.991,,
2023-09-22,2023,9,Sep,38,4,Friday,0,,0,0,0,14,1,206,157,157,0,172.08,76.2,27016.56,76.2,171,49,77.7,122.8,172.08,2409.12,Low,Moderate,Shoulder,Standard,75.1,151.97,1.132,114.13,107.6,87.4,104.2,1.033,,
2023-09-23,2023,9,Sep,38,5,Saturday,1,OSU Football,1,1,0,137,3,83,218,83,135,225.0,100.0,18675.0,100.0,220,0,100.0,84.89,225.0,30825.0,High,Peak,Peak,Premium_Event,96.5,212.91,1.057,205.46,100.6,83.8,100.8,0.998,,
2023-09-24,2023,9,Sep,38,6,Sunday,1,OSU Football,1,1,0,83,2,137,218,137,81,212.04,100.0,29049.48,100.0,220,0,100.0,132.04,212.04,17599.32,High,Peak,Peak,Premium_Event,92.1,199.39,1.063,183.64,104.0,88.4,101.6,1.024,,
2023-09-25,2023,9,Sep,39,0,Monday,0,,0,0,0,170,3,50,162,50,112,184.92,100.0,9246.0,100.0,220,0,100.0,42.03,184.92,31436.4,High,High,Peak,Rack,94.2,170.83,1.082,160.92,90.4,86.7,99.2,0.911,,
2023-09-26,2023,9,Sep,39,1,Tuesday,0,,0,0,0,106,2,114,218,114,104,183.12,100.0,20875.68,100.0,220,0,100.0,94.89,183.12,19410.72,High,Peak,Peak,Rack,93.2,174.86,1.047,162.97,96.1,94.9,101.4,0.948,,
2023-09-27,2023,9,Sep,39,2,Wednesday,0,,0,0,0,213,5,7,218,7,211,185.88,100.0,1301.16,100.0,220,0,100.0,5.91,185.88,39592.44,High,Peak,Peak,Rack,94.9,173.83,1.069,164.96,84.7,95.4,101.7,0.833,,
2023-09-28,2023,9,Sep,39,3,Thursday,0,,0,0,0,80,1,140,179,140,39,180.51,100.0,25271.4,100.0,220,0,100.0,114.87,180.51,14440.8,High,High,Peak,Rack,93.9,170.08,1.061,159.71,98.3,101.3,106.3,0.925,,
2023-09-29,2023,9,Sep,39,4,Friday,0,,0,0,0,80,1,140,144,140,4,181.93,100.0,25470.2,100.0,220,0,100.0,115.77,181.93,14554.4,Low,Moderate,Shoulder,Standard,96.4,169.87,1.071,163.75,95.9,101.7,109.2,0.878,,
2023-09-30,2023,9,Sep,39,5,Saturday,1,,0,0,0,75,1,145,137,137,0,178.63,94.5,24472.31,94.5,212,8,96.4,111.24,178.63,13397.25,Low,Moderate,Shoulder,Standard,91.9,172.23,1.037,158.28,103.6,102.1,108.4,0.956,,
2023-10-01,2023,10,Oct,39,6,Sunday,1,,0,0,0,0,0,220,90,90,0,168.12,40.9,15130.8,40.9,90,130,40.9,68.78,168.12,0.0,Low,Low,Low,Promotional,37.9,156.51,1.074,59.32,96.9,100.4,107.1,0.905,,
2023-10-02,2023,10,Oct,40,0,Monday,0,,0,0,0,25,1,195,212,195,17,181.52,100.0,35396.4,100.0,220,0,100.0,160.89,181.52,4538.0,Medium,Peak,Peak,Rack,94.4,161.16,1.126,152.14,117.6,104.0,106.3,1.106,,
2023-10-03,2023,10,Oct,40,1,Tuesday,0,,0,0,0,88,3,132,218,132,86,190.06,100.0,25087.92,100.0,220,0,100.0,114.04,190.06,16725.28,High,Peak,Peak,Rack,95.0,184.07,1.033,174.87,120.1,108.1,105.2,1.142,,
2023-10-04,2023,10,Oct,40,2,Wednesday,0,,0,0,0,220,4,0,218,0,218,191.9,0.0,0.0,,220,0,100.0,0.0,191.9,42218.0,Sold Out,Peak,Peak,Rack,94.9,184.88,1.038,175.45,119.1,101.9,102.7,1.16,,
2023-10-05,2023,10,Oct,40,3,Thursday,0,,0,0,0,137,2,83,193,83,110,184.85,100.0,15342.55,100.0,220,0,100.0,69.74,184.85,25324.45,High,High,Peak,Rack,92.6,164.89,1.121,152.69,111.0,104.6,99.9,1.111,,
2023-10-06,2023,10,Oct,40,4,Friday,0,,0,0,0,0,0,220,138,138,0,169.67,62.7,23414.46,62.7,138,82,62.7,106.43,169.67,0.0,Low,Moderate,Shoulder,Standard,59.7,150.9,1.124,90.09,110.7,103.3,99.7,1.11,,
2023-10-07,2023,10,Oct,40,5,Saturday,1,OSU Football,1,1,0,49,3,171,218,171,47,225.0,100.0,38475.0,100.0,220,0,100.0,174.89,225.0,11025.0,High,Peak,Peak,Premium_Event,95.9,207.28,1.085,198.78,115.6,109.6,99.7,1.159,,
2023-10-08,2023,10,Oct,40,6,Sunday,1,OSU Football,1,1,0,100,2,120,218,120,98,214.39,100.0,25726.8,100.0,220,0,100.0,116.94,214.39,21439.0,High,Peak,Peak,Premium_Event,96.7,190.88,1.123,184.58,119.9,108.4,98.7,1.215,,
2023-10-09,2023,10,Oct,41,0,Monday,0,,0,0,0,34,1,186,211,186,25,182.22,100.0,33892.92,100.0,220,0,100.0,154.06,182.22,6195.48,Medium,Peak,Peak,Rack,96.9,175.63,1.038,170.19,118.6,118.1,100.4,1.181,,
2023-10-10,2023,10,Oct,41,1,Tuesday,0,,0,0,0,59,1,161,200,161,39,188.18,100.0,30296.98,100.0,220,0,100.0,137.71,188.18,11102.62,High,Peak,Peak,Rack,92.8,181.04,1.039,168.01,122.7,121.4,103.4,1.187,,
2023-10-11,2023,10,Oct,41,2,Wednesday,0,,0,0,0,59,1,161,218,161,57,196.87,100.0,31696.07,100.0,220,0,100.0,144.07,196.87,11615.33,High,Peak,Peak,Rack,94.6,185.48,1.061,175.46,145.7,132.4,106.3,1.371,,
2023-10-12,2023,10,Oct,41,3,Thursday,0,,0,0,0,72,1,148,209,148,61,198.62,100.0,29395.76,100.0,220,0,100.0,133.62,198.62,14300.64,High,Peak,Peak,Rack,94.0,183.19,1.084,172.2,155.0,133.0,111.2,1.394,,
2023-10-13,2023,10,Oct,41,4,Friday,0,,0,0,0,139,2,81,165,81,84,186.66,100.0,15119.46,100.0,220,0,100.0,68.72,186.66,25945.74,High,High,Peak,Rack,95.2,167.22,1.116,159.19,146.9,128.8,113.9,1.29,,
2023-10-14,2023,10,Oct,41,5,Saturday,1,,0,0,0,89,2,131,148,131,17,192.14,100.0,25170.34,100.0,220,0,100.0,114.41,192.14,17100.46,Medium,Moderate,Shoulder,Standard,93.8,180.27,1.066,169.09,141.1,128.4,116.4,1.212,,
2023-10-15,2023,10,Oct,41,6,Sunday,1,Columbus Marathon,1,0,0,121,3,99,218,99,119,187.84,100.0,18596.16,100.0,220,0,100.0,84.53,187.84,22728.64,High,Peak,Peak,Rack,93.2,172.53,1.089,160.8,138.1,129.0,115.2,1.199,,
2023-10-16,2023,10,Oct,42,0,Monday,0,,0,0,0,0,0,220,207,207,0,185.64,94.1,38427.48,94.1,207,13,94.1,174.67,185.64,0.0,Low,Peak,Peak,Rack,90.7,164.45,1.129,149.16,141.1,129.9,117.7,1.199,,
2023-10-17,2023,10,Oct,42,1,Tuesday,0,,0,0,0,150,2,70,209,70,139,192.77,100.0,13493.9,100.0,220,0,100.0,61.34,192.77,28915.5,High,Peak,Peak,Rack,92.9,171.17,1.126,159.02,128.1,125.4,116.3,1.101,,
2023-10-18,2023,10,Oct,42,2,Wednesday,0,,0,0,0,220,6,0,202,0,202,194.09,0.0,0.0,,220,0,100.0,0.0,194.09,42699.8,Sold Out,Peak,Peak,Rack,95.7,186.1,1.043,178.1,105.1,125.4,111.5,0.943,,
2023-10-19,2023,10,Oct,42,3,Thursday,0,,0,0,0,220,7,0,215,0,215,180.38,0.0,0.0,,220,0,100.0,0.0,180.38,39683.6,Sold Out,Peak,Peak,Rack,92.5,170.79,1.056,157.98,84.0,119.5,109.0,0.771,,
2023-10-20,2023,10,Oct,42,4,Friday,0,,0,0,0,205,4,15,144,15,129,187.15,100.0,2807.25,100.0,220,0,100.0,12.76,187.15,38365.75,High,Moderate,Shoulder,Standard,95.1,167.61,1.117,159.4,74.6,110.7,106.6,0.7,,
2023-10-21,2023,10,Oct,42,5,Saturday,1,OSU Football,1,1,0,127,3,93,218,93,125,225.0,100.0,20925.0,100.0,220,0,100.0,95.11,225.0,28575.0,High,Peak,Peak,Premium_Event,95.8,208.43,1.079,199.68,69.1,105.1,108.2,0.639,,
2023-10-22,2023,10,Oct,42,6,Sunday,1,OSU Football,1,1,0,63,1,157,218,157,61,222.43,100.0,34921.51,100.0,220,0,100.0,158.73,222.43,14013.09,High,Peak,Peak,Premium_Event,94.8,197.34,1.127,187.08,77.4,107.8,108.2,0.715,,
2023-10-23,2023,10,Oct,43,0,Monday,0,,0,0,0,25,1,195,201,195,6,174.08,100.0,33945.6,100.0,220,0,100.0,154.3,174.08,4352.0,Low,Peak,Peak,Rack,94.0,154.53,1.127,145.26,75.7,108.4,111.9,0.676,,
2023-10-24,2023,10,Oct,43,1,Tuesday,0,,0,0,0,88,3,132,214,132,82,194.71,100.0,25701.72,100.0,220,0,100.0,116.83,194.71,17134.48,High,Peak,Peak,Rack,93.2,176.53,1.103,164.53,84.6,106.4,111.8,0.757,,
2023-10-25,2023,10,Oct,43,2,Wednesday,0,,0,0,0,0,0,220,218,218,0,193.68,99.1,42222.24,99.1,218,2,99.1,191.92,193.68,0.0,Low,Peak,Peak,Rack,93.3,179.96,1.076,167.9,115.7,110.4,117.4,0.986,,
2023-10-26,2023,10,Oct,43,3,Thursday,0,,0,0,0,0,0,220,183,183,0,185.43,83.2,33933.69,83.2,183,37,83.2,154.24,185.43,0.0,Low,High,Peak,Rack,78.7,163.25,1.136,128.48,141.9,112.9,119.7,1.185,,
2023-10-27,2023,10,Oct,43,4,Friday,0,,0,0,0,0,0,220,168,168,0,170.17,76.4,28588.56,76.4,168,52,76.4,129.95,170.17,0.0,Low,High,Peak,Rack,73.9,164.87,1.032,121.84,163.7,119.1,125.0,1.31,,
2023-10-28,2023,10,Oct,43,5,Saturday,1,,0,0,0,68,2,152,144,144,0,184.55,94.7,26575.2,94.7,212,8,96.4,120.8,184.55,12549.4,Low,Moderate,Shoulder,Standard,89.1,168.71,1.094,150.32,171.0,120.1,125.2,1.366,,
2023-10-29,2023,10,Oct,43,6,Sunday,1,,0,0,0,88,3,132,102,102,0,173.32,77.3,17678.64,77.3,190,30,86.4,80.36,173.32,15252.16,Low,Low,Low,Promotional,80.8,159.13,1.089,128.58,163.1,120.3,123.9,1.316,,
2023-10-30,2023,10,Oct,44,0,Monday,0,,0,0,0,142,2,78,172,78,94,183.59,100.0,14320.02,100.0,220,0,100.0,65.09,183.59,26069.78,High,High,Peak,Rack,94.5,167.69,1.095,158.47,146.4,111.1,121.9,1.201,,
2023-10-31,2023,10,Oct,44,1,Tuesday,0,,0,0,0,142,2,78,218,78,140,191.49,100.0,14936.22,100.0,220,0,100.0,67.89,191.49,27191.58,High,Peak,Peak,Rack,95.0,183.12,1.046,173.96,138.7,111.6,121.5,1.142,,
2023-11-01,2023,11,Nov,44,2,Wednesday,0,,0,0,0,87,1,133,161,133,28,185.55,100.0,24678.15,100.0,220,0,100.0,112.17,185.55,16142.85,Medium,High,Peak,Rack,94.3,172.99,1.073,163.13,126.6,121.1,119.5,1.059,,
2023-11-02,2023,11,Nov,44,3,Thursday,0,,0,0,0,111,1,109,148,109,39,179.22,100.0,19534.98,100.0,220,0,100.0,88.8,179.22,19893.42,High,Moderate,Shoulder,Standard,92.9,164.31,1.091,152.64,116.0,128.9,118.7,0.977,,
2023-11-03,2023,11,Nov,44,4,Friday,0,,0,0,0,177,3,43,113,43,70,175.24,100.0,7535.32,100.0,220,0,100.0,34.25,175.24,31017.48,High,Low,Low,Promotional,96.0,158.87,1.103,152.52,98.1,130.9,120.1,0.817,,
2023-11-04,2023,11,Nov,44,5,Saturday,1,OSU Football,1,1,0,171,3,49,218,49,169,213.38,100.0,10455.62,100.0,220,0,100.0,47.53,213.38,36487.98,High,Peak,Peak,Premium_Event,94.1,194.03,1.1,182.58,84.6,127.8,119.0,0.711,,
2023-11-05,2023,11,Nov,44,6,Sunday,1,OSU Football,1,1,0,180,3,40,218,40,178,206.41,100.0,8256.4,100.0,220,0,100.0,37.53,206.41,37153.8,High,Peak,Peak,Premium_Event,96.8,198.1,1.042,191.76,75.7,119.4,115.7,0.654,,
2023-11-06,2023,11,Nov,45,0,Monday,0,,0,0,0,90,1,130,140,130,10,161.01,100.0,20931.3,100.0,220,0,100.0,95.14,161.01,14490.9,Low,Moderate,Shoulder,Standard,96.0,155.67,1.034,149.44,83.1,114.8,114.4,0.726,,
2023-11-07,2023,11,Nov,45,1,Tuesday,0,,0,0,0,220,4,0,196,0,196,187.56,0.0,0.0,,220,0,100.0,0.0,187.56,41263.2,Sold Out,Peak,Peak,Rack,92.7,167.64,1.119,155.4,72.0,105.4,110.4,0.652,,
2023-11-08,2023,11,Nov,45,2,Wednesday,0,,0,0,0,213,3,7,196,7,189,177.6,100.0,1243.2,100.0,220,0,100.0,5.65,177.6,37828.8,High,Peak,Peak,Rack,95.2,172.25,1.031,163.98,54.0,90.3,104.4,0.517,,
2023-11-09,2023,11,Nov,45,3,Thursday,0,,0,0,0,17,1,203,149,149,0,168.97,73.4,25176.53,73.4,166,54,75.5,114.44,168.97,2872.49,Low,Moderate,Shoulder,Standard,69.7,161.37,1.047,112.47,59.7,87.9,104.0,0.574,,
2023-11-10,2023,11,Nov,45,4,Friday,0,,0,0,0,54,1,166,119,119,0,160.25,71.7,19069.75,71.7,173,47,78.6,86.68,160.25,8653.5,Low,Moderate,Shoulder,Standard,75.8,145.87,1.099,110.57,70.6,84.4,102.6,0.688,,
2023-11-11,2023,11,Nov,45,5,Saturday,1,,0,0,0,190,3,30,130,30,100,184.15,100.0,5524.5,100.0,220,0,100.0,25.11,184.15,34988.5,High,Moderate,Shoulder,Standard,92.8,168.95,1.09,156.79,67.9,76.2,98.7,0.688,,
2023-11-12,2023,11,Nov,45,6,Sunday,1,,0,0,0,86,1,134,75,75,0,145.09,56.0,10881.75,56.0,161,59,73.2,49.46,145.09,12477.74,Low,Low,Low,Promotional,67.5,137.51,1.055,92.82,72.9,74.3,98.5,0.74,,
2023-11-13,2023,11,Nov,46,0,Monday,0,,0,0,0,0,0,220,168,168,0,160.71,76.4,26999.28,76.4,168,52,76.4,122.72,160.71,0.0,Low,High,Peak,Rack,71.9,147.12,1.092,105.78,78.3,80.7,99.7,0.785,,
2023-11-14,2023,11,Nov,46,1,Tuesday,0,,0,0,0,0,0,220,186,186,0,176.87,84.5,32897.82,84.5,186,34,84.5,149.54,176.87,0.0,Low,High,Peak,Rack,80.9,165.33,1.07,133.75,104.9,88.4,102.6,1.022,,
2023-11-15,2023,11,Nov,46,2,Wednesday,0,,0,0,0,48,2,172,171,171,0,177.06,99.4,30277.26,99.4,219,1,99.5,137.62,177.06,8498.88,Low,High,Peak,Rack,92.8,161.09,1.099,149.49,128.3,91.1,101.4,1.265,,
2023-11-16,2023,11,Nov,46,3,Thursday,0,,0,0,0,12,1,208,154,154,0,167.79,74.0,25839.66,74.0,166,54,75.5,117.45,167.79,2013.48,Low,Moderate,Shoulder,Standard,70.3,147.97,1.134,104.02,129.0,94.4,104.2,1.238,,
2023-11-17,2023,11,Nov,46,4,Friday,0,,0,0,0,164,2,56,113,56,57,171.69,100.0,9614.64,100.0,220,0,100.0,43.7,171.69,28157.16,High,Low,Low,Promotional,93.8,151.59,1.133,142.19,120.0,95.3,106.1,1.131,,
2023-11-18,2023,11,Nov,46,5,Saturday,1,OSU Football,1,1,0,220,4,0,218,0,218,225.0,0.0,0.0,,220,0,100.0,0.0,225.0,49500.0,Sold Out,Peak,Peak,Premium_Event,93.4,204.54,1.1,191.04,115.7,91.8,106.1,1.09,,
2023-11-19,2023,11,Nov,46,6,Sunday,1,OSU Football,1,1,0,53,2,167,218,167,51,211.96,100.0,35397.32,100.0,220,0,100.0,160.9,211.96,11233.88,High,Peak,Peak,Premium_Event,92.5,192.05,1.104,177.65,128.9,100.9,111.1,1.16,,
2023-11-20,2023,11,Nov,47,0,Monday,0,,0,0,0,20,1,200,169,169,0,149.18,84.5,25211.42,84.5,189,31,85.9,114.6,149.18,2983.6,Low,High,Peak,Rack,82.2,137.01,1.089,112.62,129.0,103.6,113.7,1.135,,
2023-11-21,2023,11,Nov,47,1,Tuesday,0,,0,0,0,20,1,200,191,191,0,184.46,95.5,35231.86,95.5,211,9,95.9,160.14,184.46,3689.2,Low,High,Peak,Rack,89.1,165.65,1.114,147.59,129.7,117.3,114.8,1.13,,
2023-11-22,2023,11,Nov,47,2,Wednesday,0,Thanksgiving Week,1,0,1,24,1,196,85,85,0,155.76,43.4,13239.6,43.4,109,111,49.5,60.18,155.76,3738.24,Low,Low,Low,Holiday_Reduced,46.4,144.72,1.076,67.15,117.4,122.9,111.1,1.057,,
2023-11-23,2023,11,Nov,47,3,Thursday,0,Thanksgiving Week,1,0,1,53,2,167,84,84,0,147.92,50.3,12425.28,50.3,137,83,62.3,56.48,147.92,7839.76,Low,Low,Low,Holiday_Reduced,58.7,141.12,1.048,82.84,107.4,118.2,109.5,0.981,,
2023-11-24,2023,11,Nov,47,4,Friday,0,Thanksgiving Week,1,0,1,39,1,181,95,95,0,147.71,52.5,14032.45,52.5,134,86,60.9,63.78,147.71,5760.69,Low,Low,Low,Holiday_Reduced,56.5,142.62,1.036,80.58,113.0,116.5,105.4,1.072,,
2023-11-25,2023,11,Nov,47,5,Saturday,1,Thanksgiving Week,1,0,1,106,3,114,99,99,0,153.96,86.8,15242.04,86.8,205,15,93.2,69.28,153.96,16319.76,Low,Low,Low,Holiday_Reduced,88.0,137.25,1.122,120.78,127.1,121.4,102.6,1.239,,
2023-11-26,2023,11,Nov,47,6,Sunday,1,Thanksgiving Week,1,0,1,34,1,186,98,98,0,135.41,52.7,13270.18,52.7,132,88,60.0,60.32,135.41,4603.94,Low,Low,Low,Holiday_Reduced,57.4,120.54,1.123,69.19,117.3,123.1,100.3,1.169,,
2023-11-27,2023,11,Nov,48,0,Monday,0,,0,0,0,0,0,220,157,157,0,158.84,71.4,24937.88,71.4,157,63,71.4,113.35,158.84,0.0,Low,Moderate,Shoulder,Standard,68.3,146.89,1.081,100.33,115.6,122.3,100.7,1.148,,
2023-11-28,2023,11,Nov,48,1,Tuesday,0,,0,0,0,51,1,169,185,169,16,181.34,100.0,30646.46,100.0,220,0,100.0,139.3,181.34,9248.34,Medium,High,Peak,Rack,95.7,168.82,1.074,161.56,112.4,121.1,103.0,1.091,,
2023-11-29,2023,11,Nov,48,2,Wednesday,0,,0,0,0,0,0,220,168,168,0,173.67,76.4,29176.56,76.4,168,52,76.4,132.62,173.67,0.0,Low,High,Peak,Rack,73.0,163.77,1.06,119.55,124.3,120.9,106.0,1.173,,
2023-11-30,2023,11,Nov,48,3,Thursday,0,,0,0,0,111,2,109,179,109,70,185.29,100.0,20196.61,100.0,220,0,100.0,91.8,185.29,20567.19,High,High,Peak,Rack,92.1,169.5,1.093,156.11,127.9,117.6,107.0,1.195,,
2023-12-01,2023,12,Dec,48,4,Friday,0,,0,0,0,111,2,109,73,73,0,135.26,67.0,9873.98,67.0,184,36,83.6,44.88,135.26,15013.86,Low,Low,Low,Promotional,77.0,121.16,1.116,93.29,124.7,118.9,105.0,1.188,,
2023-12-02,2023,12,Dec,48,5,Saturday,1,,0,0,0,0,0,220,70,70,0,143.27,31.8,10028.9,31.8,70,150,31.8,45.59,143.27,0.0,Low,Soft,Low,Promotional,29.8,130.97,1.094,39.03,120.6,123.9,103.7,1.163,,
2023-12-03,2023,12,Dec,48,6,Sunday,1,,0,0,0,62,1,158,49,49,0,132.89,31.0,6511.61,31.0,111,109,50.5,29.6,132.89,8239.18,Low,Soft,Low,Promotional,47.4,122.89,1.081,58.25,113.6,115.4,103.9,1.093,,
2023-12-04,2023,12,Dec,49,0,Monday,0,,0,0,0,0,0,220,111,111,0,130.39,50.5,14473.29,50.5,111,109,50.5,65.79,130.39,0.0,Low,Low,Low,Promotional,48.5,115.64,1.128,56.09,107.0,111.3,106.0,1.009,,
2023-12-05,2023,12,Dec,49,1,Tuesday,0,,0,0,0,0,0,220,101,101,0,156.21,45.9,15777.21,45.9,101,119,45.9,71.71,156.21,0.0,Low,Low,Low,Promotional,42.8,147.14,1.062,62.98,97.3,104.9,108.0,0.901,,
2023-12-06,2023,12,Dec,49,2,Wednesday,0,,0,0,0,101,2,119,104,104,0,149.61,87.4,15559.44,87.4,205,15,93.2,70.72,149.61,15110.61,Low,Low,Low,Promotional,86.8,144.58,1.035,125.5,88.1,106.2,107.1,0.823,,
2023-12-07,2023,12,Dec,49,3,Thursday,0,,0,0,0,64,1,156,109,109,0,142.52,69.9,15534.68,69.9,173,47,78.6,70.61,142.52,9121.28,Low,Low,Low,Promotional,72.6,133.1,1.071,96.63,88.1,108.0,110.8,0.795,,
2023-12-08,2023,12,Dec,49,4,Friday,0,,0,0,0,0,0,220,79,79,0,134.76,35.9,10646.04,35.9,79,141,35.9,48.39,134.76,0.0,Low,Low,Low,Promotional,34.7,119.55,1.127,41.48,89.0,106.9,113.2,0.786,,
2023-12-09,2023,12,Dec,49,5,Saturday,1,,0,0,0,136,2,84,69,69,0,156.4,82.1,10791.6,82.1,205,15,93.2,49.05,156.4,21270.4,Low,Soft,Low,Promotional,87.1,144.1,1.085,125.51,88.9,104.7,110.5,0.805,,
2023-12-10,2023,12,Dec,49,6,Sunday,1,,0,0,0,68,1,152,50,50,0,135.85,32.9,6792.5,32.9,118,102,53.6,30.88,135.85,9237.8,Low,Soft,Low,Promotional,50.5,127.87,1.062,64.57,89.0,101.3,108.2,0.823,,
2023-12-11,2023,12,Dec,50,0,Monday,0,,0,0,0,51,1,169,101,101,0,135.46,59.8,13681.46,59.8,152,68,69.1,62.19,135.46,6908.46,Low,Low,Low,Promotional,66.1,129.05,1.05,85.3,87.6,97.3,110.6,0.792,,
2023-12-12,2023,12,Dec,50,1,Tuesday,0,,0,0,0,220,3,0,119,0,119,163.57,0.0,0.0,,220,0,100.0,0.0,163.57,35985.4,Sold Out,Moderate,Shoulder,Standard,95.3,158.29,1.033,150.85,73.1,85.2,108.1,0.676,,
2023-12-13,2023,12,Dec,50,2,Wednesday,0,,0,0,0,197,3,23,125,23,102,159.31,100.0,3664.13,100.0,220,0,100.0,16.66,159.31,31384.07,High,Moderate,Shoulder,Standard,92.0,151.82,1.049,139.67,61.6,74.9,103.2,0.597,,
2023-12-14,2023,12,Dec,50,3,Thursday,0,,0,0,0,120,1,100,96,96,0,151.41,96.0,14535.36,96.0,216,4,98.2,66.07,151.41,18169.2,Low,Low,Low,Promotional,93.1,141.43,1.071,131.67,59.7,73.9,100.2,0.596,,
2023-12-15,2023,12,Dec,50,4,Friday,0,,0,0,0,44,1,176,76,76,0,136.62,43.2,10383.12,43.2,120,100,54.5,47.2,136.62,6011.28,Low,Low,Low,Promotional,50.2,128.27,1.065,64.39,59.3,74.1,97.1,0.611,,
2023-12-16,2023,12,Dec,50,5,Saturday,1,,0,0,0,78,3,142,85,85,0,143.86,59.9,12228.1,59.9,163,57,74.1,55.58,143.86,11221.08,Low,Low,Low,Promotional,69.1,132.25,1.088,91.38,61.6,75.2,94.8,0.65,,
2023-12-17,2023,12,Dec,50,6,Sunday,1,,0,0,0,30,1,190,54,54,0,129.23,28.4,6978.42,28.4,84,136,38.2,31.72,129.23,3876.9,Low,Soft,Low,Promotional,35.5,122.69,1.053,43.55,62.1,75.6,94.7,0.656,,
2023-12-18,2023,12,Dec,51,0,Monday,0,,0,0,0,0,0,220,92,92,0,133.17,41.8,12251.64,41.8,92,128,41.8,55.69,133.17,0.0,Low,Low,Low,Promotional,40.4,120.82,1.102,48.81,60.9,74.2,97.8,0.623,,
2023-12-19,2023,12,Dec,51,1,Tuesday,0,,0,0,0,0,0,220,123,123,0,147.19,55.9,18104.37,55.9,123,97,55.9,82.29,147.19,0.0,Low,Moderate,Shoulder,Standard,51.5,139.32,1.056,71.75,78.4,75.8,96.3,0.814,,
2023-12-20,2023,12,Dec,51,2,Wednesday,0,,0,0,0,76,1,144,108,108,0,154.53,75.0,16689.24,75.0,184,36,83.6,75.86,154.53,11744.28,Low,Low,Low,Promotional,78.8,140.3,1.101,110.56,90.6,76.1,94.3,0.961,,
2023-12-21,2023,12,Dec,51,3,Thursday,0,,0,0,0,38,1,182,109,109,0,147.01,59.9,16024.09,59.9,147,73,66.8,72.84,147.01,5586.38,Low,Low,Low,Promotional,63.6,130.74,1.124,83.15,92.4,76.1,91.5,1.01,,
2023-12-22,2023,12,Dec,51,4,Friday,0,,0,0,0,67,2,153,82,82,0,141.46,53.6,11599.72,53.6,149,71,67.7,52.73,141.46,9477.82,Low,Low,Low,Promotional,65.5,134.85,1.049,88.33,93.3,76.3,91.4,1.021,,
2023-12-23,2023,12,Dec,51,5,Saturday,1,Holiday Week,1,0,1,43,1,177,39,39,0,128.96,22.0,5029.44,22.0,82,138,37.3,22.86,128.96,5545.28,Low,Soft,Low,Holiday_Reduced,34.5,123.01,1.048,42.44,86.7,74.1,89.9,0.964,,
2023-12-24,2023,12,Dec,51,6,Sunday,1,Holiday Week,1,0,1,168,2,52,41,41,0,115.76,78.8,4746.16,78.8,209,11,95.0,21.57,115.76,19447.68,Low,Soft,Low,Holiday_Reduced,91.1,111.12,1.042,101.23,84.9,73.5,88.1,0.964,,
2023-12-25,2023,12,Dec,52,0,Monday,0,Holiday Week,1,0,1,63,1,157,43,43,0,118.06,27.4,5076.58,27.4,106,114,48.2,23.08,118.06,7437.78,Low,Soft,Low,Holiday_Reduced,46.6,110.44,1.069,51.47,77.9,69.4,86.3,0.903,,
2023-12-26,2023,12,Dec,52,1,Tuesday,0,Holiday Week,1,0,1,128,3,92,42,42,0,129.86,45.7,5454.12,45.7,170,50,77.3,24.79,129.86,16622.08,Low,Soft,Low,Holiday_Reduced,73.8,121.54,1.068,89.7,66.3,72.4,84.4,0.786,,
2023-12-27,2023,12,Dec,52,2,Wednesday,0,Holiday Week,1,0,1,0,0,220,42,42,0,124.61,19.1,5233.62,19.1,42,178,19.1,23.79,124.61,0.0,Low,Soft,Low,Holiday_Reduced,20.0,111.37,1.119,22.27,56.9,73.7,80.6,0.706,,
2023-12-28,2023,12,Dec,52,3,Thursday,0,Holiday Week,1,0,1,0,0,220,42,42,0,130.33,19.1,5473.86,19.1,42,178,19.1,24.88,130.33,0.0,Low,Soft,Low,Holiday_Reduced,20.0,120.85,1.078,24.17,47.3,69.9,76.3,0.62,,
2023-12-29,2023,12,Dec,52,4,Friday,0,Holiday Week,1,0,1,87,2,133,37,37,0,122.4,27.8,4528.8,27.8,124,96,56.4,20.59,122.4,10648.8,Low,Soft,Low,Holiday_Reduced,53.2,112.33,1.09,59.76,40.9,67.1,72.0,0.568,,
2023-12-30,2023,12,Dec,52,5,Saturday,1,Holiday Week,1,0,1,0,0,220,37,37,0,119.53,16.8,4422.61,16.8,37,183,16.8,20.1,119.53,0.0,Low,Soft,Low,Holiday_Reduced,20.0,110.8,1.079,22.16,40.6,63.6,69.6,0.583,,
2023-12-31,2023,12,Dec,52,6,Sunday,1,Holiday Week,1,0,1,23,1,197,45,45,0,115.0,22.8,5175.0,22.8,68,152,30.9,23.52,115.0,2645.0,Low,Soft,Low,Holiday_Reduced,28.7,109.91,1.046,31.54,41.1,63.0,68.6,0.599,,
2024-01-01,2024,1,Jan,1,0,Monday,0,,0,0,0,131,3,89,123,89,34,148.38,100.0,13205.82,100.0,220,0,100.0,60.03,148.38,19437.78,High,Moderate,Shoulder,Standard,92.4,133.91,1.108,123.73,47.7,62.8,69.3,0.688,1.108,Ahead
2024-01-02,2024,1,Jan,1,1,Tuesday,0,,0,0,0,108,2,112,122,112,10,159.37,100.0,17849.44,100.0,220,0,100.0,81.13,159.37,17211.96,Low,Moderate,Shoulder,Standard,94.2,141.99,1.122,133.75,57.7,62.0,71.4,0.808,0.865,Behind
2024-01-03,2024,1,Jan,1,2,Wednesday,0,,0,0,0,38,1,182,137,137,0,155.35,75.3,21282.95,75.3,175,45,79.5,96.74,155.35,5903.3,Low,Moderate,Shoulder,Standard,75.7,137.72,1.128,104.25,71.3,64.1,72.2,0.988,0.951,On Track
2024-01-04,2024,1,Jan,1,3,Thursday,0,,0,0,0,72,2,148,122,122,0,155.09,82.4,18920.98,82.4,194,26,88.2,86.0,155.09,11166.48,Low,Moderate,Shoulder,Standard,83.5,150.38,1.031,125.57,82.7,65.0,72.9,1.134,1.119,Ahead
2024-01-05,2024,1,Jan,1,4,Friday,0,,0,0,0,125,3,95,83,83,0,142.0,87.4,11786.0,87.4,208,12,94.5,53.57,142.0,17750.0,Low,Low,Low,Promotional,87.8,134.57,1.055,118.15,89.3,65.1,72.2,1.237,0.976,On Track
2024-01-06,2024,1,Jan,1,5,Saturday,1,,0,0,0,83,3,137,91,91,0,142.46,66.4,12963.86,66.4,174,46,79.1,58.93,142.46,11824.18,Low,Low,Low,Promotional,74.1,131.26,1.085,97.26,97.0,68.8,71.6,1.355,1.152,Ahead
2024-01-07,2024,1,Jan,1,6,Sunday,1,,0,0,0,30,1,190,64,64,0,128.2,33.7,8204.8,33.7,94,126,42.7,37.29,128.2,3846.0,Low,Soft,Low,Promotional,40.9,116.77,1.098,47.76,99.7,70.4,71.1,1.402,1.0,On Track
2024-01-08,2024,1,Jan,2,0,Monday,0,,0,0,0,0,0,220,130,130,0,131.54,59.1,17100.2,59.1,130,90,59.1,77.73,131.54,0.0,Low,Moderate,Shoulder,Standard,54.8,118.74,1.108,65.07,105.6,76.6,73.2,1.443,1.13,Ahead
2024-01-09,2024,1,Jan,2,1,Tuesday,0,,0,0,0,0,0,220,128,128,0,146.15,58.2,18707.2,58.2,128,92,58.2,85.03,146.15,0.0,Low,Moderate,Shoulder,Standard,54.0,129.8,1.126,70.09,107.9,82.8,75.8,1.423,1.076,On Track
2024-01-10,2024,1,Jan,2,2,Wednesday,0,,0,0,0,37,1,183,139,139,0,161.11,76.0,22394.29,76.0,176,44,80.0,101.79,161.11,5961.07,Low,Moderate,Shoulder,Standard,77.3,148.08,1.088,114.47,108.1,89.7,77.0,1.404,1.069,On Track
2024-01-11,2024,1,Jan,2,3,Thursday,0,,0,0,0,100,3,120,123,120,3,150.68,100.0,18081.6,100.0,220,0,100.0,82.19,150.68,15068.0,Low,Moderate,Shoulder,Standard,95.7,141.51,1.065,135.43,107.9,95.3,81.0,1.332,0.976,On Track
2024-01-12,2024,1,Jan,2,4,Friday,0,,0,0,0,45,1,175,86,86,0,145.22,49.1,12488.92,49.1,131,89,59.5,56.77,145.22,6534.9,Low,Low,Low,Promotional,55.6,138.32,1.05,76.91,108.3,98.8,83.1,1.303,0.989,On Track
2024-01-13,2024,1,Jan,2,5,Saturday,1,,0,0,0,143,2,77,92,77,15,163.62,100.0,12598.74,100.0,220,0,100.0,57.27,163.62,23397.66,Medium,Low,Low,Promotional,94.1,151.02,1.083,142.11,106.3,101.6,82.5,1.288,0.989,On Track
2024-01-14,2024,1,Jan,2,6,Sunday,1,,0,0,0,135,2,85,61,61,0,135.76,71.8,8281.36,71.8,196,24,89.1,37.64,135.76,18327.6,Low,Soft,Low,Promotional,83.9,125.33,1.083,105.15,105.9,102.8,82.0,1.291,1.13,Ahead
2024-01-15,2024,1,Jan,3,0,Monday,0,,0,0,0,0,0,220,111,111,0,140.87,50.5,15636.57,50.5,111,109,50.5,71.08,140.87,0.0,Low,Low,Low,Promotional,47.3,132.74,1.061,62.79,103.1,104.4,82.9,1.244,0.86,Behind
2024-01-16,2024,1,Jan,3,1,Tuesday,0,,0,0,0,83,2,137,139,137,2,157.58,100.0,21588.46,100.0,220,0,100.0,98.13,157.58,13079.14,Low,Moderate,Shoulder,Standard,92.7,142.78,1.104,132.36,104.4,106.1,85.6,1.22,1.007,On Track
2024-01-17,2024,1,Jan,3,2,Wednesday,0,,0,0,0,64,1,156,132,132,0,157.99,84.6,20854.68,84.6,196,24,89.1,94.79,157.99,10111.36,Low,Moderate,Shoulder,Standard,85.9,145.61,1.085,125.08,103.4,105.8,87.0,1.189,0.936,On Track
2024-01-18,2024,1,Jan,3,3,Thursday,0,,0,0,0,39,1,181,112,112,0,146.22,61.9,16376.64,61.9,151,69,68.6,74.44,146.22,5702.58,Low,Low,Low,Promotional,63.5,132.56,1.103,84.18,102.3,105.1,86.6,1.181,0.862,Behind
2024-01-19,2024,1,Jan,3,4,Friday,0,,0,0,0,62,1,158,95,95,0,140.43,60.1,13340.85,60.1,157,63,71.4,60.64,140.43,8706.66,Low,Low,Low,Promotional,69.0,123.71,1.135,85.36,103.6,105.9,86.2,1.202,1.044,On Track
2024-01-20,2024,1,Jan,3,5,Saturday,1,,0,0,0,71,2,149,84,84,0,136.96,56.4,11504.64,56.4,155,65,70.5,52.29,136.96,9724.16,Low,Low,Low,Promotional,66.3,122.72,1.116,81.36,104.6,105.4,85.3,1.226,0.848,Behind
2024-01-21,2024,1,Jan,3,6,Sunday,1,,0,0,0,67,2,153,57,57,0,137.85,37.3,7857.45,37.3,124,96,56.4,35.72,137.85,9235.95,Low,Soft,Low,Promotional,52.0,126.41,1.09,65.73,104.0,104.9,84.5,1.231,1.0,On Track
2024-01-22,2024,1,Jan,4,0,Monday,0,,0,0,0,68,1,152,115,115,0,142.34,75.7,16369.1,75.7,183,37,83.2,74.41,142.34,9679.12,Low,Moderate,Shoulder,Standard,78.0,131.49,1.083,102.56,104.6,103.9,87.0,1.202,1.009,On Track
2024-01-23,2024,1,Jan,4,1,Tuesday,0,,0,0,0,220,4,0,130,0,130,160.55,0.0,0.0,,220,0,100.0,0.0,160.55,35321.0,Sold Out,Moderate,Shoulder,Standard,96.3,143.96,1.115,138.63,85.0,94.7,85.7,0.992,0.992,On Track
2024-01-24,2024,1,Jan,4,2,Wednesday,0,,0,0,0,127,2,93,131,93,38,164.38,100.0,15287.34,100.0,220,0,100.0,69.49,164.38,20876.26,High,Moderate,Shoulder,Standard,92.3,158.73,1.036,146.51,79.4,91.4,87.3,0.91,1.0,On Track
2024-01-25,2024,1,Jan,4,3,Thursday,0,,0,0,0,0,0,220,121,121,0,148.2,55.0,17932.2,55.0,121,99,55.0,81.51,148.2,0.0,Low,Moderate,Shoulder,Standard,51.4,133.99,1.106,68.87,80.7,91.5,90.0,0.897,1.131,Ahead
2024-01-26,2024,1,Jan,4,4,Friday,0,,0,0,0,160,2,60,84,60,24,154.04,100.0,9242.4,100.0,220,0,100.0,42.01,154.04,24646.4,Medium,Low,Low,Promotional,94.2,147.03,1.048,138.5,75.7,89.6,90.6,0.836,0.875,Behind
2024-01-27,2024,1,Jan,4,5,Saturday,1,,0,0,0,193,3,27,97,27,70,154.39,100.0,4168.53,100.0,220,0,100.0,18.95,154.39,29797.27,High,Low,Low,Promotional,92.7,137.27,1.125,127.25,67.6,86.1,90.1,0.75,1.032,On Track
2024-01-28,2024,1,Jan,4,6,Sunday,1,,0,0,0,33,1,187,61,61,0,130.38,32.6,7953.18,32.6,94,126,42.7,36.15,130.38,4302.54,Low,Soft,Low,Promotional,40.4,125.27,1.041,50.61,68.1,86.1,90.9,0.749,1.151,Ahead
2024-01-29,2024,1,Jan,5,0,Monday,0,,0,0,0,33,1,187,129,129,0,139.14,69.0,17949.06,69.0,162,58,73.6,81.59,139.14,4591.62,Low,Moderate,Shoulder,Standard,68.7,123.59,1.126,84.91,70.1,87.4,93.9,0.747,1.04,On Track
2024-01-30,2024,1,Jan,5,1,Tuesday,0,,0,0,0,30,1,190,122,122,0,153.72,64.2,18753.84,64.2,152,68,69.1,85.24,153.72,4611.6,Low,Moderate,Shoulder,Standard,64.9,148.21,1.037,96.19,87.6,86.3,96.5,0.908,0.976,On Track
2024-01-31,2024,1,Jan,5,2,Wednesday,0,,0,0,0,0,0,220,129,129,0,146.02,58.6,18836.58,58.6,129,91,58.6,85.62,146.02,0.0,Low,Moderate,Shoulder,Standard,54.9,140.29,1.041,77.02,92.7,86.1,97.8,0.948,0.801,Behind
2024-02-01,2024,2,Feb,5,3,Thursday,0,,0,0,0,0,0,220,121,121,0,154.59,55.0,18705.39,55.0,121,99,55.0,85.02,154.59,0.0,Low,Moderate,Shoulder,Standard,50.9,146.19,1.057,74.41,92.7,86.7,98.1,0.945,1.0,On Track
2024-02-02,2024,2,Feb,5,4,Friday,0,,0,0,0,0,0,220,114,114,0,146.86,51.8,16742.04,51.8,114,106,51.8,76.1,146.86,0.0,Low,Low,Low,Promotional,49.3,139.3,1.054,68.67,100.4,88.1,97.4,1.031,1.0,On Track
2024-02-03,2024,2,Feb,5,5,Saturday,1,,0,0,0,85,2,135,93,93,0,148.17,68.9,13779.81,68.9,178,42,80.9,62.64,148.17,12594.45,Low,Low,Low,Promotional,75.1,140.09,1.058,105.21,109.9,88.7,96.4,1.14,0.853,Behind
2024-02-04,2024,2,Feb,5,6,Sunday,1,,0,0,0,114,3,106,64,64,0,140.14,60.4,8968.96,60.4,178,42,80.9,40.77,140.14,15975.96,Low,Soft,Low,Promotional,74.7,132.65,1.056,99.09,110.3,89.2,95.8,1.151,0.941,On Track
2024-02-05,2024,2,Feb,6,0,Monday,0,,0,0,0,75,2,145,137,137,0,151.03,94.5,20691.11,94.5,212,8,96.4,94.05,151.03,11327.25,Low,Moderate,Shoulder,Standard,93.0,135.46,1.115,125.98,111.4,90.8,97.3,1.145,0.958,On Track
2024-02-06,2024,2,Feb,6,1,Tuesday,0,,0,0,0,0,0,220,147,147,0,159.15,66.8,23395.05,66.8,147,73,66.8,106.34,159.15,0.0,Low,Moderate,Shoulder,Standard,62.0,144.34,1.103,89.49,115.0,101.3,100.1,1.149,0.936,On Track
2024-02-07,2024,2,Feb,6,2,Wednesday,0,,0,0,0,81,3,139,138,138,0,176.74,99.3,24390.12,99.3,219,1,99.5,110.86,176.74,14315.94,Low,Moderate,Shoulder,Standard,93.3,161.36,1.095,150.55,116.3,104.5,100.3,1.16,0.847,Behind
2024-02-08,2024,2,Feb,6,3,Thursday,0,,0,0,0,67,2,153,139,139,0,162.5,90.8,22587.5,90.8,206,14,93.6,102.67,162.5,10887.5,Low,Moderate,Shoulder,Standard,89.8,146.84,1.107,131.86,118.9,105.8,100.7,1.181,1.037,On Track
2024-02-09,2024,2,Feb,6,4,Friday,0,,0,0,0,37,1,183,96,96,0,145.91,52.5,14007.36,52.5,133,87,60.5,63.67,145.91,5398.67,Low,Low,Low,Promotional,58.6,140.27,1.04,82.2,116.3,108.4,99.3,1.171,0.865,Behind
2024-02-10,2024,2,Feb,6,5,Saturday,1,,0,0,0,20,1,200,107,107,0,152.77,53.5,16346.39,53.5,127,93,57.7,74.3,152.77,3055.4,Low,Low,Low,Promotional,54.0,140.02,1.091,75.61,118.3,114.1,98.8,1.197,1.103,Ahead
2024-02-11,2024,2,Feb,6,6,Sunday,1,,0,0,0,220,3,0,62,0,62,151.73,0.0,0.0,,220,0,100.0,0.0,151.73,33380.6,Sold Out,Soft,Low,Promotional,94.1,144.56,1.05,136.03,109.1,109.7,96.0,1.136,0.899,Behind
2024-02-12,2024,2,Feb,7,0,Monday,0,,0,0,0,206,4,14,134,14,120,145.23,100.0,2033.22,100.0,220,0,100.0,9.24,145.23,29917.38,High,Moderate,Shoulder,Standard,95.7,131.01,1.109,125.38,91.6,101.5,93.9,0.976,1.0,On Track
2024-02-13,2024,2,Feb,7,1,Tuesday,0,,0,0,0,155,3,65,153,65,88,169.36,100.0,11008.4,100.0,220,0,100.0,50.04,169.36,26250.8,High,Moderate,Shoulder,Standard,94.0,157.02,1.079,147.6,79.9,97.4,94.0,0.85,1.142,Ahead
2024-02-14,2024,2,Feb,7,2,Wednesday,0,,0,0,0,59,1,161,139,139,0,159.14,86.3,22120.46,86.3,198,22,90.0,100.55,159.14,9389.26,Low,Moderate,Shoulder,Standard,86.1,150.04,1.061,129.18,80.0,98.1,94.9,0.843,0.979,On Track
2024-02-15,2024,2,Feb,7,3,Thursday,0,,0,0,0,59,1,161,124,124,0,157.72,77.0,19557.28,77.0,183,37,83.2,88.9,157.72,9305.48,Low,Moderate,Shoulder,Standard,79.4,144.58,1.091,114.8,77.9,98.4,94.5,0.824,0.879,Behind
2024-02-16,2024,2,Feb,7,4,Friday,0,,0,0,0,59,1,161,97,97,0,147.24,60.2,14282.28,60.2,156,64,70.9,64.92,147.24,8687.16,Low,Low,Low,Promotional,68.7,141.18,1.043,96.99,78.0,97.1,93.3,0.836,1.01,On Track
2024-02-17,2024,2,Feb,7,5,Saturday,1,,0,0,0,58,1,162,98,98,0,154.7,60.5,15160.6,60.5,156,64,70.9,68.91,154.7,8972.6,Low,Low,Low,Promotional,66.7,146.11,1.059,97.46,76.7,97.5,92.9,0.826,0.875,Behind
2024-02-18,2024,2,Feb,7,6,Sunday,1,,0,0,0,63,1,157,71,71,0,131.17,45.2,9313.07,45.2,134,86,60.9,42.33,131.17,8263.71,Low,Low,Low,Promotional,58.7,120.3,1.09,70.62,86.9,98.0,92.1,0.944,1.164,Ahead
2024-02-19,2024,2,Feb,8,0,Monday,0,,0,0,0,115,3,105,127,105,22,158.14,100.0,16604.7,100.0,220,0,100.0,75.48,158.14,18186.1,Medium,Moderate,Shoulder,Standard,93.1,140.31,1.127,130.63,99.9,95.7,92.8,1.077,1.041,On Track
2024-02-20,2024,2,Feb,8,1,Tuesday,0,,0,0,0,49,1,171,158,158,0,169.4,92.4,26765.2,92.4,207,13,94.1,121.66,169.4,8300.6,Low,Moderate,Shoulder,Standard,89.3,155.37,1.09,138.75,113.1,96.5,96.1,1.177,1.17,Ahead
2024-02-21,2024,2,Feb,8,2,Wednesday,0,,0,0,0,30,1,190,150,150,0,160.13,78.9,24019.5,78.9,180,40,81.8,109.18,160.13,4803.9,Low,Moderate,Shoulder,Standard,77.9,148.64,1.077,115.79,114.7,97.4,97.3,1.179,0.974,On Track
2024-02-22,2024,2,Feb,8,3,Thursday,0,,0,0,0,84,2,136,148,136,12,158.11,100.0,21502.96,100.0,220,0,100.0,97.74,158.11,13281.24,Medium,Moderate,Shoulder,Standard,93.1,151.68,1.042,141.21,116.4,97.1,101.8,1.143,1.244,Ahead
2024-02-23,2024,2,Feb,8,4,Friday,0,,0,0,0,64,2,156,110,110,0,151.28,70.5,16640.8,70.5,174,46,79.1,75.64,151.28,9681.92,Low,Low,Low,Promotional,75.6,135.23,1.119,102.23,118.3,98.1,102.4,1.155,1.1,Ahead
2024-02-24,2024,2,Feb,8,5,Saturday,1,,0,0,0,0,0,220,105,105,0,155.53,47.7,16330.65,47.7,105,115,47.7,74.23,155.53,0.0,Low,Low,Low,Promotional,44.2,145.55,1.069,64.33,119.3,98.0,101.9,1.171,0.963,On Track
2024-02-25,2024,2,Feb,8,6,Sunday,1,,0,0,0,43,1,177,75,75,0,144.24,42.4,10818.0,42.4,118,102,53.6,49.17,144.24,6202.32,Low,Low,Low,Promotional,49.6,131.08,1.1,65.02,119.9,103.4,102.4,1.171,1.136,Ahead
2024-02-26,2024,2,Feb,9,0,Monday,0,,0,0,0,43,1,177,137,137,0,144.62,77.4,19812.94,77.4,180,40,81.8,90.06,144.62,6218.66,Low,Moderate,Shoulder,Standard,75.5,139.66,1.036,105.44,124.4,112.1,106.0,1.174,1.046,On Track
2024-02-27,2024,2,Feb,9,1,Tuesday,0,,0,0,0,54,1,166,165,165,0,161.63,99.4,26668.95,99.4,219,1,99.5,121.22,161.63,8728.02,Low,High,Peak,Rack,96.2,149.59,1.08,143.91,125.4,119.3,109.5,1.145,1.006,On Track
2024-02-28,2024,2,Feb,9,2,Wednesday,0,,0,0,0,160,2,60,148,60,88,168.93,100.0,10135.8,100.0,220,0,100.0,46.07,168.93,27028.8,High,Moderate,Shoulder,Standard,93.6,151.23,1.117,141.55,112.6,113.6,107.2,1.05,0.943,On Track
2024-02-29,2024,2,Feb,9,3,Thursday,0,,0,0,0,111,2,109,146,109,37,165.3,100.0,18017.7,100.0,220,0,100.0,81.9,165.3,18348.3,High,Moderate,Shoulder,Standard,96.7,149.75,1.104,144.81,108.7,112.6,106.8,1.018,0.67,Behind
2024-03-01,2024,3,Mar,9,4,Friday,0,,0,0,0,111,2,109,106,106,0,162.77,97.2,17253.62,97.2,217,3,98.6,78.43,162.77,18067.47,Low,Low,Low,Promotional,91.8,144.62,1.126,132.76,108.1,113.2,106.0,1.02,0.486,Behind
2024-03-02,2024,3,Mar,9,5,Saturday,1,,0,0,0,71,2,149,117,117,0,164.61,78.5,19259.37,78.5,188,32,85.5,87.54,164.61,11687.31,Low,Moderate,Shoulder,Standard,81.7,145.25,1.133,118.67,109.9,114.6,105.9,1.038,0.537,Behind
2024-03-03,2024,3,Mar,9,6,Sunday,1,,0,0,0,71,2,149,71,71,0,142.15,47.7,10092.65,47.7,142,78,64.5,45.88,142.15,10092.65,Low,Low,Low,Promotional,61.4,128.94,1.102,79.17,109.3,114.6,104.4,1.047,0.326,Behind
2024-03-04,2024,3,Mar,10,0,Monday,0,,0,0,0,133,2,87,163,87,76,164.18,100.0,14283.66,100.0,220,0,100.0,64.93,164.18,21835.94,High,High,Peak,Rack,92.4,145.14,1.131,134.11,102.1,113.3,104.2,0.98,1.072,On Track
2024-03-05,2024,3,Mar,10,1,Tuesday,0,,0,0,0,207,3,13,159,13,146,185.45,100.0,2410.85,100.0,220,0,100.0,10.96,185.45,38388.15,High,High,Peak,Rack,95.1,166.39,1.115,158.24,80.4,102.9,102.5,0.784,0.975,On Track
2024-03-06,2024,3,Mar,10,2,Wednesday,0,,0,0,0,74,1,146,164,146,18,175.55,100.0,25630.3,100.0,220,0,100.0,116.5,175.55,12990.7,Medium,High,Peak,Rack,96.8,166.88,1.052,161.54,92.7,102.6,102.8,0.902,1.058,On Track
2024-03-07,2024,3,Mar,10,3,Thursday,0,Arnold Sports Festival,1,0,0,0,0,220,218,218,0,202.46,99.1,44136.28,99.1,218,2,99.1,200.62,202.46,0.0,Low,Peak,Peak,Premium_Event,93.5,190.68,1.062,178.29,108.3,108.5,105.2,1.029,1.535,Ahead
2024-03-08,2024,3,Mar,10,4,Friday,0,Arnold Sports Festival,1,0,0,0,0,220,218,218,0,186.78,99.1,40718.04,99.1,218,2,99.1,185.08,186.78,0.0,Low,Peak,Peak,Premium_Event,95.8,172.72,1.081,165.47,124.3,116.2,107.9,1.152,1.879,Ahead
2024-03-09,2024,3,Mar,10,5,Saturday,1,Arnold Sports Festival,1,0,0,38,1,182,218,182,36,194.12,100.0,35329.84,100.0,220,0,100.0,160.59,194.12,7376.56,High,Peak,Peak,Premium_Event,95.3,177.35,1.095,169.01,133.6,121.7,109.3,1.222,1.896,Ahead
2024-03-10,2024,3,Mar,10,6,Sunday,1,Arnold Sports Festival,1,0,0,29,1,191,218,191,27,193.4,100.0,36939.4,100.0,220,0,100.0,167.91,193.4,5608.6,Medium,Peak,Peak,Premium_Event,93.3,172.99,1.118,161.4,150.7,130.0,112.5,1.34,3.0,Ahead
2024-03-11,2024,3,Mar,11,0,Monday,0,,0,0,0,83,1,137,154,137,17,169.53,100.0,23225.61,100.0,220,0,100.0,105.57,169.53,14070.99,Medium,Moderate,Shoulder,Standard,93.2,150.27,1.128,140.05,157.9,130.0,113.5,1.391,1.055,On Track
2024-03-12,2024,3,Mar,11,1,Tuesday,0,,0,0,0,207,4,13,178,13,165,173.02,100.0,2249.26,100.0,220,0,100.0,10.22,173.02,35815.14,High,High,Peak,Rack,93.3,164.96,1.049,153.91,157.9,119.1,113.9,1.386,1.156,Ahead
2024-03-13,2024,3,Mar,11,2,Wednesday,0,,0,0,0,113,3,107,188,107,81,171.76,100.0,18378.32,100.0,220,0,100.0,83.54,171.76,19408.88,High,High,Peak,Rack,92.7,164.37,1.045,152.37,152.3,122.5,117.0,1.302,1.139,Ahead
2024-03-14,2024,3,Mar,11,3,Thursday,0,,0,0,0,101,3,119,137,119,18,172.15,100.0,20485.85,100.0,220,0,100.0,93.12,172.15,17387.15,Medium,Moderate,Shoulder,Standard,92.6,152.94,1.126,141.62,138.1,123.2,118.8,1.162,0.801,Behind
2024-03-15,2024,3,Mar,11,4,Friday,0,,0,0,0,171,4,49,114,49,65,174.14,100.0,8532.86,100.0,220,0,100.0,38.79,174.14,29777.94,High,Low,Low,Promotional,96.2,162.75,1.07,156.57,114.0,119.1,115.8,0.984,1.056,On Track
2024-03-16,2024,3,Mar,11,5,Saturday,1,,0,0,0,23,1,197,105,105,0,161.31,53.3,16937.55,53.3,128,92,58.2,76.99,161.31,3710.13,Low,Low,Low,Promotional,56.4,153.14,1.053,86.37,103.0,118.3,115.2,0.894,0.84,Behind
2024-03-17,2024,3,Mar,11,6,Sunday,1,,0,0,0,37,1,183,74,74,0,151.61,40.4,11219.14,40.4,111,109,50.5,51.0,151.61,5609.57,Low,Low,Low,Promotional,47.2,146.64,1.034,69.21,86.3,118.5,114.4,0.754,1.028,On Track
2024-03-18,2024,3,Mar,12,0,Monday,0,,0,0,0,0,0,220,147,147,0,150.68,66.8,22149.96,66.8,147,73,66.8,100.68,150.68,0.0,Low,Moderate,Shoulder,Standard,63.6,144.41,1.043,91.84,87.7,122.8,116.0,0.756,1.058,On Track
2024-03-19,2024,3,Mar,12,1,Tuesday,0,,0,0,0,0,0,220,157,157,0,160.91,71.4,25262.87,71.4,157,63,71.4,114.83,160.91,0.0,Low,Moderate,Shoulder,Standard,68.8,152.6,1.054,104.99,108.3,133.1,118.9,0.911,0.987,On Track
2024-03-20,2024,3,Mar,12,2,Wednesday,0,,0,0,0,71,1,149,168,149,19,172.63,100.0,25721.87,100.0,220,0,100.0,116.92,172.63,12256.73,Medium,High,Peak,Rack,94.1,163.96,1.053,154.29,114.3,133.3,120.4,0.949,1.07,On Track
2024-03-21,2024,3,Mar,12,3,Thursday,0,,0,0,0,131,3,89,148,89,59,163.43,100.0,14545.27,100.0,220,0,100.0,66.11,163.43,21409.33,High,Moderate,Shoulder,Standard,94.4,157.98,1.034,149.13,110.0,124.1,118.1,0.931,1.035,On Track
2024-03-22,2024,3,Mar,12,4,Friday,0,,0,0,0,32,1,188,132,132,0,153.46,70.2,20256.72,70.2,164,56,74.5,92.08,153.46,4910.72,Low,Moderate,Shoulder,Standard,71.3,139.72,1.098,99.62,121.9,117.9,117.5,1.037,1.158,Ahead
2024-03-23,2024,3,Mar,12,5,Saturday,1,,0,0,0,126,2,94,118,94,24,176.04,100.0,16547.76,100.0,220,0,100.0,75.22,176.04,22181.04,Medium,Moderate,Shoulder,Standard,96.6,161.68,1.089,156.18,120.3,111.6,116.1,1.036,1.017,On Track
2024-03-24,2024,3,Mar,12,6,Sunday,1,,0,0,0,83,1,137,71,71,0,145.88,51.8,10357.48,51.8,154,66,70.0,47.08,145.88,12108.04,Low,Low,Low,Promotional,65.2,136.7,1.067,89.13,119.9,103.1,114.8,1.044,0.947,On Track
2024-03-25,2024,3,Mar,13,0,Monday,0,,0,0,0,212,3,8,161,8,153,159.73,100.0,1277.84,100.0,220,0,100.0,5.81,159.73,33862.76,High,High,Peak,Rack,93.2,140.99,1.133,131.4,100.0,93.9,111.5,0.897,1.088,On Track
2024-03-26,2024,3,Mar,13,1,Tuesday,0,,0,0,0,182,3,38,184,38,146,190.1,100.0,7223.8,100.0,220,0,100.0,32.84,190.1,34598.2,High,High,Peak,Rack,92.7,183.52,1.036,170.12,83.0,95.6,110.3,0.752,0.995,On Track
2024-03-27,2024,3,Mar,13,2,Wednesday,0,,0,0,0,182,3,38,166,38,128,173.58,100.0,6596.04,100.0,220,0,100.0,29.98,173.58,31591.56,High,High,Peak,Rack,95.7,161.52,1.075,154.57,67.1,90.7,107.0,0.627,1.0,On Track
2024-03-28,2024,3,Mar,13,3,Thursday,0,,0,0,0,133,2,87,136,87,49,168.22,100.0,14635.14,100.0,220,0,100.0,66.52,168.22,22373.26,High,Moderate,Shoulder,Standard,95.0,151.66,1.109,144.08,66.9,88.4,104.4,0.641,0.829,Behind
2024-03-29,2024,3,Mar,13,4,Friday,0,,0,0,0,56,1,164,113,113,0,150.96,68.9,17058.48,68.9,169,51,76.8,77.54,150.96,8453.76,Low,Low,Low,Promotional,71.5,133.03,1.135,95.12,64.1,93.0,106.2,0.604,1.018,On Track
2024-03-30,2024,3,Mar,13,5,Saturday,1,,0,0,0,56,1,164,122,122,0,156.87,74.4,19138.14,74.4,178,42,80.9,86.99,156.87,8784.72,Low,Moderate,Shoulder,Standard,76.2,140.42,1.117,107.0,68.1,94.2,106.6,0.639,0.878,Behind
2024-03-31,2024,3,Mar,13,6,Sunday,1,,0,0,0,142,3,78,83,78,5,153.26,100.0,11954.28,100.0,220,0,100.0,54.34,153.26,21762.92,Low,Low,Low,Promotional,92.3,143.15,1.071,132.13,69.1,94.5,105.7,0.654,0.954,On Track
2024-04-01,2024,4,Apr,14,0,Monday,0,,0,0,0,121,1,99,195,99,96,167.89,100.0,16621.11,100.0,220,0,100.0,75.55,167.89,20314.69,High,Peak,Peak,Rack,95.1,159.31,1.054,151.5,82.1,91.1,105.1,0.781,1.219,Ahead
2024-04-02,2024,4,Apr,14,1,Tuesday,0,,0,0,0,159,2,61,206,61,145,190.35,100.0,11611.35,100.0,220,0,100.0,52.78,190.35,30265.65,High,Peak,Peak,Rack,93.2,173.95,1.094,162.12,85.4,84.2,104.7,0.816,0.945,On Track
2024-04-03,2024,4,Apr,14,2,Wednesday,0,,0,0,0,137,3,83,189,83,106,193.11,100.0,16028.13,100.0,220,0,100.0,72.86,193.11,26456.07,High,High,Peak,Rack,93.9,179.07,1.078,168.15,91.9,79.5,104.6,0.879,1.005,On Track
2024-04-04,2024,4,Apr,14,3,Thursday,0,,0,0,0,36,1,184,189,184,5,185.97,100.0,34218.48,100.0,220,0,100.0,155.54,185.97,6694.92,Low,High,Peak,Rack,96.5,178.76,1.04,172.5,105.7,86.3,110.3,0.958,0.984,On Track
2024-04-05,2024,4,Apr,14,4,Friday,0,,0,0,0,12,1,208,158,158,0,161.55,76.0,25524.9,76.0,170,50,77.3,116.02,161.55,1938.6,Low,Moderate,Shoulder,Standard,71.8,152.24,1.061,109.31,112.1,88.1,110.7,1.013,1.129,Ahead
2024-04-06,2024,4,Apr,14,5,Saturday,1,,0,0,0,37,1,183,141,141,0,164.82,77.0,23239.62,77.0,178,42,80.9,105.63,164.82,6098.34,Low,Moderate,Shoulder,Standard,75.6,153.62,1.073,116.14,114.9,91.5,108.1,1.063,0.94,On Track
2024-04-07,2024,4,Apr,14,6,Sunday,1,,0,0,0,212,4,8,88,8,80,158.97,100.0,1271.76,100.0,220,0,100.0,5.78,158.97,33701.64,High,Low,Low,Promotional,93.4,141.29,1.125,131.96,104.9,87.0,101.1,1.038,0.978,On Track
2024-04-08,2024,4,Apr,15,0,Monday,0,,0,0,0,67,1,153,183,153,30,170.58,100.0,26098.74,100.0,220,0,100.0,118.63,170.58,11428.86,Medium,High,Peak,Rack,93.5,156.22,1.092,146.07,112.6,97.4,100.2,1.124,0.979,On Track
2024-04-09,2024,4,Apr,15,1,Tuesday,0,,0,0,0,117,2,103,212,103,109,187.25,100.0,19286.75,100.0,220,0,100.0,87.67,187.25,21908.25,High,Peak,Peak,Rack,94.3,176.09,1.063,166.05,118.6,102.0,97.2,1.22,1.039,On Track
2024-04-10,2024,4,Apr,15,2,Wednesday,0,,0,0,0,127,1,93,209,93,116,194.72,100.0,18108.96,100.0,220,0,100.0,82.31,194.72,24729.44,High,Peak,Peak,Rack,92.7,181.24,1.074,168.01,120.0,105.9,95.8,1.253,1.106,Ahead
2024-04-11,2024,4,Apr,15,3,Thursday,0,,0,0,0,220,4,0,199,0,199,183.96,0.0,0.0,,220,0,100.0,0.0,183.96,40471.2,Sold Out,Peak,Peak,Rack,94.7,178.18,1.032,168.74,93.7,99.7,95.3,0.983,1.064,On Track
2024-04-12,2024,4,Apr,15,4,Friday,0,,0,0,0,220,4,0,152,0,152,173.9,0.0,0.0,,220,0,100.0,0.0,173.9,38258.0,Sold Out,Moderate,Shoulder,Standard,92.8,159.03,1.094,147.58,71.1,91.6,91.8,0.775,0.993,On Track
2024-04-13,2024,4,Apr,15,5,Saturday,1,,0,0,0,36,1,184,152,152,0,167.44,82.6,25450.88,82.6,188,32,85.5,115.69,167.44,6027.84,Low,Moderate,Shoulder,Standard,81.7,148.38,1.128,121.23,72.7,93.8,92.9,0.783,1.236,Ahead
2024-04-14,2024,4,Apr,15,6,Sunday,1,,0,0,0,220,4,0,81,0,81,160.62,0.0,0.0,,220,0,100.0,0.0,160.62,35336.4,Sold Out,Low,Low,Promotional,93.8,153.95,1.043,144.41,71.6,88.2,91.2,0.785,0.92,On Track
2024-04-15,2024,4,Apr,16,0,Monday,0,,0,0,0,220,6,0,182,0,182,172.02,0.0,0.0,,220,0,100.0,0.0,172.02,37844.4,Sold Out,High,Peak,Rack,92.7,157.55,1.092,146.05,49.7,81.1,87.7,0.567,0.984,On Track
2024-04-16,2024,4,Apr,16,1,Tuesday,0,,0,0,0,87,2,133,204,133,71,184.81,100.0,24579.73,100.0,220,0,100.0,111.73,184.81,16078.47,High,Peak,Peak,Rack,95.5,163.95,1.127,156.57,54.0,86.3,89.7,0.602,1.146,Ahead
2024-04-17,2024,4,Apr,16,2,Wednesday,0,,0,0,0,66,1,154,186,154,32,184.72,100.0,28446.88,100.0,220,0,100.0,129.3,184.72,12191.52,High,High,Peak,Rack,94.5,166.07,1.112,156.94,62.7,91.4,89.9,0.697,1.039,On Track
2024-04-18,2024,4,Apr,16,3,Thursday,0,,0,0,0,27,1,193,164,164,0,172.9,85.0,28355.6,85.0,191,29,86.8,128.89,172.9,4668.3,Low,High,Peak,Rack,81.6,161.62,1.07,131.88,86.1,89.9,90.2,0.955,0.901,On Track
2024-04-19,2024,4,Apr,16,4,Friday,0,,0,0,0,27,1,193,148,148,0,167.86,76.7,24843.28,76.7,175,45,79.5,112.92,167.86,4532.22,Low,Moderate,Shoulder,Standard,75.9,161.81,1.037,122.81,107.3,89.2,90.1,1.191,0.987,On Track
2024-04-20,2024,4,Apr,16,5,Saturday,1,,0,0,0,20,1,200,126,126,0,172.23,63.0,21700.98,63.0,146,74,66.4,98.64,172.23,3444.6,Low,Moderate,Shoulder,Standard,63.4,157.95,1.09,100.14,103.6,88.1,91.4,1.133,0.824,Behind
2024-04-21,2024,4,Apr,16,6,Sunday,1,,0,0,0,28,1,192,81,81,0,145.63,42.2,11796.03,42.2,109,111,49.5,53.62,145.63,4077.64,Low,Low,Low,Promotional,47.8,132.15,1.102,63.17,115.1,93.4,89.7,1.283,0.853,Behind
2024-04-22,2024,4,Apr,17,0,Monday,0,,0,0,0,28,1,192,173,173,0,172.07,90.1,29768.11,90.1,201,19,91.4,135.31,172.07,4817.96,Low,High,Peak,Rack,85.1,154.19,1.116,131.22,139.9,94.8,92.3,1.516,1.055,On Track
2024-04-23,2024,4,Apr,17,1,Tuesday,0,,0,0,0,103,2,117,186,117,69,183.73,100.0,21496.41,100.0,220,0,100.0,97.71,183.73,18924.19,High,High,Peak,Rack,96.1,162.24,1.132,155.91,137.6,95.8,93.8,1.467,0.853,Behind
2024-04-24,2024,4,Apr,17,2,Wednesday,0,,0,0,0,212,3,8,210,8,202,181.91,100.0,1455.28,100.0,220,0,100.0,6.61,181.91,38564.92,High,Peak,Peak,Rack,96.3,167.69,1.085,161.49,116.7,89.7,93.8,1.244,0.963,On Track
2024-04-25,2024,4,Apr,17,3,Thursday,0,,0,0,0,212,3,8,168,8,160,180.69,100.0,1445.52,100.0,220,0,100.0,6.57,180.69,38306.28,High,High,Peak,Rack,96.9,173.57,1.041,168.19,94.4,90.3,92.8,1.017,0.853,Behind
2024-04-26,2024,4,Apr,17,4,Friday,0,,0,0,0,25,1,195,134,134,0,166.01,68.7,22245.34,68.7,159,61,72.3,101.12,166.01,4150.25,Low,Moderate,Shoulder,Standard,69.9,147.98,1.122,103.44,92.4,99.9,96.0,0.962,0.993,On Track
2024-04-27,2024,4,Apr,17,5,Saturday,1,,0,0,0,56,1,164,146,146,0,169.67,89.0,24771.82,89.0,202,18,91.8,112.6,169.67,9501.52,Low,Moderate,Shoulder,Standard,87.3,158.57,1.07,138.43,95.3,99.4,98.0,0.972,1.0,On Track
2024-04-28,2024,4,Apr,17,6,Sunday,1,,0,0,0,93,2,127,81,81,0,146.38,63.8,11856.78,63.8,174,46,79.1,53.89,146.38,13613.34,Low,Low,Low,Promotional,76.5,132.01,1.109,100.99,95.3,105.2,96.9,0.983,0.942,On Track
2024-04-29,2024,4,Apr,18,0,Monday,0,,0,0,0,59,3,161,159,159,0,162.65,98.8,25861.35,98.8,218,2,99.1,117.55,162.65,9596.35,Low,High,Peak,Rack,93.6,156.04,1.042,146.05,93.3,116.6,98.2,0.95,0.757,Behind
2024-04-30,2024,4,Apr,18,1,Tuesday,0,,0,0,0,37,1,183,197,183,14,174.66,100.0,31962.78,100.0,220,0,100.0,145.29,174.66,6462.42,Medium,Peak,Peak,Rack,96.0,165.18,1.057,158.57,102.7,120.1,101.7,1.01,0.961,On Track
2024-05-01,2024,5,May,18,2,Wednesday,0,,0,0,0,0,0,220,208,208,0,191.07,94.5,39742.56,94.5,208,12,94.5,180.65,191.07,0.0,Low,Peak,Peak,Rack,90.5,172.45,1.108,156.07,131.3,124.0,105.3,1.247,1.025,On Track
2024-05-02,2024,5,May,18,3,Thursday,0,,0,0,0,62,1,158,188,158,30,188.45,100.0,29775.1,100.0,220,0,100.0,135.34,188.45,11683.9,Medium,High,Peak,Rack,95.5,178.53,1.056,170.5,152.7,123.6,108.5,1.407,1.068,On Track
2024-05-03,2024,5,May,18,4,Friday,0,,0,0,0,62,1,158,167,158,9,174.51,100.0,27572.58,100.0,220,0,100.0,125.33,174.51,10819.62,Low,High,Peak,Rack,96.6,160.74,1.086,155.27,156.1,124.3,111.0,1.406,1.121,Ahead
2024-05-04,2024,5,May,18,5,Saturday,1,,0,0,0,157,4,63,148,63,85,182.95,100.0,11525.85,100.0,220,0,100.0,52.39,182.95,28723.15,High,Moderate,Shoulder,Standard,94.7,166.74,1.097,157.9,144.3,119.8,107.0,1.349,0.943,On Track
2024-05-05,2024,5,May,18,6,Sunday,1,,0,0,0,153,4,67,105,67,38,161.14,100.0,10796.38,100.0,220,0,100.0,49.07,161.14,24654.42,High,Low,Low,Promotional,94.3,144.53,1.115,136.29,142.3,118.8,104.0,1.368,1.082,On Track
2024-05-06,2024,5,May,19,0,Monday,0,,0,0,0,179,4,41,176,41,135,181.16,100.0,7427.56,100.0,220,0,100.0,33.76,181.16,32427.64,High,High,Peak,Rack,96.6,160.7,1.127,155.24,125.4,109.4,100.6,1.247,0.893,Behind
2024-05-07,2024,5,May,19,1,Tuesday,0,,0,0,0,0,0,220,218,218,0,190.24,99.1,41472.32,99.1,218,2,99.1,188.51,190.24,0.0,Low,Peak,Peak,Rack,95.1,168.07,1.132,159.83,130.4,116.6,107.6,1.212,1.014,On Track
2024-05-08,2024,5,May,19,2,Wednesday,0,,0,0,0,46,1,174,208,174,34,186.34,100.0,32423.16,100.0,220,0,100.0,147.38,186.34,8571.64,High,Peak,Peak,Rack,92.2,169.99,1.096,156.73,125.6,128.4,108.3,1.16,0.954,On Track
2024-05-09,2024,5,May,19,3,Thursday,0,,0,0,0,75,2,145,183,145,38,194.53,100.0,28206.85,100.0,220,0,100.0,128.21,194.53,14589.75,High,High,Peak,Rack,95.0,175.76,1.107,166.97,123.7,138.2,109.7,1.128,0.958,On Track
2024-05-10,2024,5,May,19,4,Friday,0,OSU Graduation,1,0,0,58,2,162,218,162,56,203.71,100.0,33001.02,100.0,220,0,100.0,150.0,203.71,11815.18,High,Peak,Peak,Premium_Event,95.7,186.39,1.093,178.38,124.3,140.2,112.0,1.11,1.0,On Track
2024-05-11,2024,5,May,19,5,Saturday,1,OSU Graduation,1,0,0,51,2,169,218,169,49,198.89,100.0,33612.41,100.0,220,0,100.0,152.78,198.89,10143.39,High,Peak,Peak,Premium_Event,94.0,191.58,1.038,180.09,139.4,141.9,117.7,1.184,1.0,On Track
2024-05-12,2024,5,May,19,6,Sunday,1,OSU Graduation,1,0,0,69,2,151,218,151,67,199.87,100.0,30180.37,100.0,220,0,100.0,137.18,199.87,13791.03,High,Peak,Peak,Premium_Event,94.5,192.42,1.039,181.84,151.4,146.9,122.7,1.234,1.0,On Track
2024-05-13,2024,5,May,20,0,Monday,0,,0,0,0,220,7,0,192,0,192,172.19,0.0,0.0,,220,0,100.0,0.0,172.19,37881.8,Sold Out,High,Peak,Rack,93.0,163.71,1.052,152.25,145.6,135.5,117.6,1.238,1.079,On Track
2024-05-14,2024,5,May,20,1,Tuesday,0,,0,0,0,102,3,118,218,118,100,188.82,100.0,22280.76,100.0,220,0,100.0,101.28,188.82,19259.64,High,Peak,Peak,Rack,95.5,171.24,1.103,163.53,131.3,130.9,121.6,1.08,1.033,On Track
2024-05-15,2024,5,May,20,2,Wednesday,0,,0,0,0,101,3,119,218,119,99,186.31,100.0,22170.89,100.0,220,0,100.0,100.78,186.31,18817.31,High,Peak,Peak,Rack,95.3,165.28,1.127,157.51,123.4,124.5,125.5,0.983,1.118,Ahead
2024-05-16,2024,5,May,20,3,Thursday,0,,0,0,0,120,2,100,204,100,104,190.38,100.0,19038.0,100.0,220,0,100.0,86.54,190.38,22845.6,High,Peak,Peak,Rack,96.7,176.74,1.077,170.91,117.0,120.4,124.4,0.941,1.133,Ahead
2024-05-17,2024,5,May,20,4,Friday,0,,0,0,0,115,4,105,148,105,43,182.41,100.0,19153.05,100.0,220,0,100.0,87.06,182.41,20977.15,High,Moderate,Shoulder,Standard,94.5,164.63,1.108,155.58,108.9,116.6,122.8,0.887,0.892,Behind
2024-05-18,2024,5,May,20,5,Saturday,1,,0,0,0,102,3,118,145,118,27,188.54,100.0,22247.72,100.0,220,0,100.0,101.13,188.54,19231.08,Medium,Moderate,Shoulder,Standard,93.6,182.55,1.033,170.87,101.6,120.5,121.3,0.838,0.96,On Track
2024-05-19,2024,5,May,20,6,Sunday,1,,0,0,0,31,1,189,99,99,0,162.83,52.4,16120.17,52.4,130,90,59.1,73.27,162.83,5047.73,Low,Low,Low,Promotional,56.2,152.72,1.066,85.83,94.1,122.8,119.6,0.787,0.961,On Track
2024-05-20,2024,5,May,21,0,Monday,0,,0,0,0,191,3,29,176,29,147,175.8,100.0,5098.2,100.0,220,0,100.0,23.17,175.8,33577.8,High,High,Peak,Rack,93.7,154.89,1.135,145.13,98.3,121.9,116.4,0.845,0.926,On Track
2024-05-21,2024,5,May,21,1,Tuesday,0,,0,0,0,194,3,26,208,26,182,198.3,100.0,5155.8,100.0,220,0,100.0,23.44,198.3,38470.2,High,Peak,Peak,Rack,95.2,182.8,1.085,174.03,85.1,108.2,114.6,0.743,1.02,On Track
2024-05-22,2024,5,May,21,2,Wednesday,0,,0,0,0,220,5,0,203,0,203,177.2,0.0,0.0,,220,0,100.0,0.0,177.2,38984.0,Sold Out,Peak,Peak,Rack,92.4,156.82,1.13,144.9,68.1,95.8,108.8,0.626,0.931,On Track
2024-05-23,2024,5,May,21,3,Thursday,0,,0,0,0,74,2,146,200,146,54,180.6,100.0,26367.6,100.0,220,0,100.0,119.85,180.6,13364.4,High,Peak,Peak,Rack,96.3,161.11,1.121,155.15,74.7,95.9,109.8,0.68,1.0,On Track
2024-05-24,2024,5,May,21,4,Friday,0,,0,0,0,123,2,97,149,97,52,182.77,100.0,17728.69,100.0,220,0,100.0,80.58,182.77,22480.71,High,Moderate,Shoulder,Standard,96.3,172.38,1.06,166.0,73.6,91.2,112.7,0.653,0.925,On Track
2024-05-25,2024,5,May,21,5,Saturday,1,,0,0,0,185,3,35,155,35,120,185.4,100.0,6489.0,100.0,220,0,100.0,29.5,185.4,34299.0,High,Moderate,Shoulder,Standard,92.2,174.37,1.063,160.77,61.7,81.6,113.6,0.543,1.054,On Track
2024-05-26,2024,5,May,21,6,Sunday,1,,0,0,0,149,2,71,90,71,19,166.04,100.0,11788.84,100.0,220,0,100.0,53.59,166.04,24739.96,Medium,Low,Low,Promotional,92.1,153.52,1.082,141.39,57.7,75.9,111.5,0.517,1.034,On Track
2024-05-27,2024,5,May,22,0,Monday,0,,0,0,0,0,0,220,204,204,0,177.64,92.7,36238.56,92.7,204,16,92.7,164.72,177.64,0.0,Low,Peak,Peak,Rack,85.5,159.25,1.115,136.16,82.7,90.5,113.5,0.729,1.222,Ahead
2024-05-28,2024,5,May,22,1,Tuesday,0,,0,0,0,84,1,136,218,136,82,192.3,100.0,26152.8,100.0,220,0,100.0,118.88,192.3,16153.2,High,Peak,Peak,Rack,94.3,183.88,1.046,173.4,98.4,91.8,115.3,0.853,1.0,On Track
2024-05-29,2024,5,May,22,2,Wednesday,0,,0,0,0,134,2,86,218,86,132,192.24,100.0,16532.64,100.0,220,0,100.0,75.15,192.24,25760.16,High,Peak,Peak,Rack,92.8,171.9,1.118,159.52,110.7,89.4,112.9,0.981,1.038,On Track
2024-05-30,2024,5,May,22,3,Thursday,0,,0,0,0,179,3,41,191,41,150,189.06,100.0,7751.46,100.0,220,0,100.0,35.23,189.06,33841.74,High,High,Peak,Rack,93.1,171.37,1.103,159.55,95.7,85.2,108.1,0.885,1.144,Ahead
2024-05-31,2024,5,May,22,4,Friday,0,,0,0,0,0,0,220,163,163,0,167.88,74.1,27364.44,74.1,163,57,74.1,124.38,167.88,0.0,Low,High,Peak,Rack,68.5,149.57,1.122,102.46,105.1,89.4,106.6,0.986,1.132,Ahead
2024-06-01,2024,6,Jun,22,5,Saturday,1,,0,0,0,25,1,195,126,126,0,167.77,64.6,21139.02,64.6,151,69,68.6,96.09,167.77,4194.25,Low,Moderate,Shoulder,Standard,66.2,150.66,1.114,99.74,118.1,89.9,105.6,1.118,0.92,On Track
2024-06-02,2024,6,Jun,22,6,Sunday,1,,0,0,0,26,1,194,85,85,0,149.74,43.8,12727.9,43.8,111,109,50.5,57.85,149.74,3893.24,Low,Low,Low,Promotional,46.6,140.62,1.065,65.53,120.1,88.9,103.1,1.165,0.944,On Track
2024-06-03,2024,6,Jun,23,0,Monday,0,,0,0,0,83,2,137,180,137,43,164.62,100.0,22552.94,100.0,220,0,100.0,102.51,164.62,13663.46,High,High,Peak,Rack,96.3,158.05,1.042,152.2,110.6,96.6,105.6,1.047,1.118,Ahead
2024-06-04,2024,6,Jun,23,1,Tuesday,0,,0,0,0,143,4,77,186,77,109,179.86,100.0,13849.22,100.0,220,0,100.0,62.95,179.86,25719.98,High,High,Peak,Rack,93.6,161.71,1.112,151.36,102.1,100.3,105.9,0.964,0.984,On Track
2024-06-05,2024,6,Jun,23,2,Wednesday,0,,0,0,0,201,5,19,170,19,151,184.55,100.0,3506.45,100.0,220,0,100.0,15.94,184.55,37094.55,High,High,Peak,Rack,94.9,163.7,1.127,155.35,92.6,101.6,105.2,0.88,0.821,Behind
2024-06-06,2024,6,Jun,23,3,Thursday,0,,0,0,0,220,4,0,153,0,153,174.47,0.0,0.0,,220,0,100.0,0.0,174.47,38383.4,Sold Out,Moderate,Shoulder,Standard,94.0,164.99,1.057,155.09,86.7,91.2,97.9,0.886,0.841,Behind
2024-06-07,2024,6,Jun,23,4,Friday,0,,0,0,0,220,4,0,133,0,133,180.57,0.0,0.0,,220,0,100.0,0.0,180.57,39725.4,Sold Out,Moderate,Shoulder,Standard,95.1,168.09,1.074,159.85,63.4,84.3,92.1,0.688,1.064,On Track
2024-06-08,2024,6,Jun,23,5,Saturday,1,,0,0,0,93,1,127,121,121,0,176.51,95.3,21357.71,95.3,214,6,97.3,97.08,176.51,16415.43,Low,Moderate,Shoulder,Standard,91.2,162.55,1.086,148.25,62.7,90.4,91.3,0.687,1.008,On Track
2024-06-09,2024,6,Jun,23,6,Sunday,1,,0,0,0,0,0,220,78,78,0,141.75,35.5,11056.5,35.5,78,142,35.5,50.26,141.75,0.0,Low,Low,Low,Promotional,33.6,131.12,1.081,44.06,61.7,90.9,88.5,0.697,0.876,Behind
2024-06-10,2024,6,Jun,24,0,Monday,0,,0,0,0,82,2,138,179,138,41,172.24,100.0,23769.12,100.0,220,0,100.0,108.04,172.24,14123.68,High,High,Peak,Rack,94.6,158.22,1.089,149.68,61.9,86.2,87.5,0.707,1.047,On Track
2024-06-11,2024,6,Jun,24,1,Tuesday,0,,0,0,0,0,0,220,189,189,0,172.26,85.9,32557.14,85.9,189,31,85.9,147.99,172.26,0.0,Low,High,Peak,Rack,81.2,157.7,1.092,128.05,77.9,90.0,88.8,0.877,0.99,On Track
2024-06-12,2024,6,Jun,24,2,Wednesday,0,,0,0,0,0,0,220,207,207,0,179.86,94.1,37231.02,94.1,207,13,94.1,169.23,179.86,0.0,Low,Peak,Peak,Rack,89.7,162.41,1.107,145.68,104.7,98.6,95.7,1.094,1.163,Ahead
2024-06-13,2024,6,Jun,24,3,Thursday,0,,0,0,0,167,4,53,176,53,123,176.32,100.0,9344.96,100.0,220,0,100.0,42.48,176.32,29445.44,High,High,Peak,Rack,93.2,159.31,1.107,148.48,112.3,99.5,93.5,1.201,1.006,On Track
2024-06-14,2024,6,Jun,24,4,Friday,0,,0,0,0,139,4,81,138,81,57,168.49,100.0,13647.69,100.0,220,0,100.0,62.03,168.49,23420.11,High,Moderate,Shoulder,Standard,96.2,160.92,1.047,154.81,123.9,93.6,92.2,1.344,1.179,Ahead
2024-06-15,2024,6,Jun,24,5,Saturday,1,,0,0,0,63,1,157,133,133,0,166.3,84.7,22117.9,84.7,196,24,89.1,100.54,166.3,10476.9,Low,Moderate,Shoulder,Standard,86.0,150.89,1.102,129.77,125.6,94.1,93.3,1.346,1.099,On Track
2024-06-16,2024,6,Jun,24,6,Sunday,1,,0,0,0,111,2,109,76,76,0,151.02,69.7,11477.52,69.7,187,33,85.0,52.17,151.02,16763.22,Low,Low,Low,Promotional,79.5,144.38,1.046,114.78,125.3,93.5,92.4,1.356,0.826,Behind
2024-06-17,2024,6,Jun,25,0,Monday,0,,0,0,0,32,1,188,157,157,0,157.28,83.5,24692.96,83.5,189,31,85.9,112.24,157.28,5032.96,Low,Moderate,Shoulder,Standard,80.8,144.49,1.089,116.75,128.0,94.9,93.7,1.366,1.0,On Track
2024-06-18,2024,6,Jun,25,1,Tuesday,0,,0,0,0,0,0,220,177,177,0,175.79,80.5,31114.83,80.5,177,43,80.5,141.43,175.79,0.0,Low,High,Peak,Rack,76.0,161.37,1.089,122.64,126.3,102.1,96.3,1.312,0.903,On Track
2024-06-19,2024,6,Jun,25,2,Wednesday,0,,0,0,0,110,4,110,185,110,75,188.2,100.0,20702.0,100.0,220,0,100.0,94.1,188.2,20702.0,High,High,Peak,Rack,94.5,169.66,1.109,160.33,112.4,108.6,99.0,1.135,1.0,On Track
2024-06-20,2024,6,Jun,25,3,Thursday,0,,0,0,0,113,3,107,184,107,77,178.05,100.0,19051.35,100.0,220,0,100.0,86.6,178.05,20119.65,High,High,Peak,Rack,92.9,172.06,1.035,159.84,120.1,116.2,101.7,1.181,1.102,Ahead
2024-06-21,2024,6,Jun,25,4,Friday,0,,0,0,0,89,2,131,120,120,0,170.52,91.6,20462.4,91.6,209,11,95.0,93.01,170.52,15176.28,Low,Moderate,Shoulder,Standard,89.8,161.14,1.058,144.7,125.7,124.8,105.7,1.189,1.017,On Track
2024-06-22,2024,6,Jun,25,5,Saturday,1,,0,0,0,91,2,129,119,119,0,185.27,92.2,22047.13,92.2,210,10,95.5,100.21,185.27,16859.57,Low,Moderate,Shoulder,Standard,91.3,178.26,1.039,162.75,123.7,124.6,104.8,1.18,0.856,Behind
2024-06-23,2024,6,Jun,25,6,Sunday,1,,0,0,0,195,3,25,76,25,51,157.1,100.0,3927.5,100.0,220,0,100.0,17.85,157.1,30634.5,High,Low,Low,Promotional,92.8,142.11,1.105,131.88,116.4,120.9,102.4,1.137,0.95,On Track
2024-06-24,2024,6,Jun,26,0,Monday,0,,0,0,0,64,1,156,176,156,20,161.38,100.0,25175.28,100.0,220,0,100.0,114.43,161.38,10328.32,Medium,High,Peak,Rack,93.4,147.16,1.097,137.45,116.3,122.1,106.4,1.093,1.073,On Track
2024-06-25,2024,6,Jun,26,1,Tuesday,0,,0,0,0,27,1,193,170,170,0,171.93,88.1,29228.1,88.1,197,23,89.5,132.85,171.93,4642.11,Low,High,Peak,Rack,83.1,160.67,1.07,133.52,115.3,120.8,109.7,1.051,0.872,Behind
2024-06-26,2024,6,Jun,26,2,Wednesday,0,,0,0,0,0,0,220,207,207,0,176.92,94.1,36622.44,94.1,207,13,94.1,166.47,176.92,0.0,Low,Peak,Peak,Rack,91.0,167.51,1.056,152.43,129.1,120.8,109.8,1.176,1.176,Ahead
2024-06-27,2024,6,Jun,26,3,Thursday,0,,0,0,0,132,3,88,187,88,99,175.75,100.0,15466.0,100.0,220,0,100.0,70.3,175.75,23199.0,High,High,Peak,Rack,94.0,155.17,1.133,145.86,126.4,123.3,108.2,1.168,1.045,On Track
2024-06-28,2024,6,Jun,26,4,Friday,0,,0,0,0,25,1,195,124,124,0,156.24,63.6,19373.76,63.6,149,71,67.7,88.06,156.24,3906.0,Low,Moderate,Shoulder,Standard,62.9,150.74,1.036,94.82,127.0,126.4,109.5,1.16,0.886,Behind
2024-06-29,2024,6,Jun,26,5,Saturday,1,,0,0,0,175,4,45,128,45,83,177.08,100.0,7968.6,100.0,220,0,100.0,36.22,177.08,30989.0,High,Moderate,Shoulder,Standard,93.2,162.0,1.093,150.98,116.4,120.1,109.6,1.062,1.076,On Track
2024-06-30,2024,6,Jun,26,6,Sunday,1,,0,0,0,164,3,56,85,56,29,159.71,100.0,8943.76,100.0,220,0,100.0,40.65,159.71,26192.44,Medium,Low,Low,Promotional,95.5,152.62,1.046,145.75,120.9,118.6,106.0,1.141,1.118,Ahead
2024-07-01,2024,7,Jul,27,0,Monday,0,,0,0,0,209,3,11,151,11,140,161.74,100.0,1779.14,100.0,220,0,100.0,8.09,161.74,33803.66,High,Moderate,Shoulder,Standard,92.9,153.03,1.057,142.16,100.1,108.2,102.2,0.979,0.904,On Track
2024-07-02,2024,7,Jul,27,1,Tuesday,0,,0,0,0,153,2,67,182,67,115,173.52,100.0,11625.84,100.0,220,0,100.0,52.84,173.52,26548.56,High,High,Peak,Rack,95.2,166.4,1.043,158.41,85.4,100.4,101.6,0.841,0.963,On Track
2024-07-03,2024,7,Jul,27,2,Wednesday,0,,0,0,0,0,0,220,187,187,0,171.17,85.0,32008.79,85.0,187,33,85.0,145.49,171.17,0.0,Low,High,Peak,Rack,79.1,161.05,1.063,127.39,82.6,105.9,103.3,0.8,0.995,On Track
2024-07-04,2024,7,Jul,27,3,Thursday,0,,0,0,0,141,4,79,163,79,84,174.55,100.0,13789.45,100.0,220,0,100.0,62.68,174.55,24611.55,High,High,Peak,Rack,92.4,156.66,1.114,144.75,81.3,103.9,103.3,0.787,0.942,On Track
2024-07-05,2024,7,Jul,27,4,Friday,0,,0,0,0,108,3,112,134,112,22,165.11,100.0,18492.32,100.0,220,0,100.0,84.06,165.11,17831.88,Medium,Moderate,Shoulder,Standard,93.0,153.8,1.074,143.03,79.6,103.3,106.4,0.748,1.089,On Track
2024-07-06,2024,7,Jul,27,5,Saturday,1,,0,0,0,87,2,133,131,131,0,170.23,98.5,22300.13,98.5,218,2,99.1,101.36,170.23,14810.01,Low,Moderate,Shoulder,Standard,94.8,160.83,1.058,152.47,91.9,104.1,110.8,0.829,1.224,Ahead
2024-07-07,2024,7,Jul,27,6,Sunday,1,,0,0,0,119,2,101,71,71,0,150.77,70.3,10704.67,70.3,190,30,86.4,48.66,150.77,17941.63,Low,Low,Low,Promotional,82.3,144.98,1.04,119.32,94.0,107.4,113.2,0.83,0.91,On Track
2024-07-08,2024,7,Jul,28,0,Monday,0,,0,0,0,87,2,133,137,133,4,172.91,100.0,22997.03,100.0,220,0,100.0,104.53,172.91,15043.17,Low,Moderate,Shoulder,Standard,94.9,154.28,1.121,146.41,111.4,105.8,113.6,0.981,0.815,Behind
2024-07-09,2024,7,Jul,28,1,Tuesday,0,,0,0,0,0,0,220,162,162,0,158.37,73.6,25655.94,73.6,162,58,73.6,116.62,158.37,0.0,Low,High,Peak,Rack,70.0,143.47,1.104,100.43,125.0,105.2,116.4,1.074,1.006,On Track
2024-07-10,2024,7,Jul,28,2,Wednesday,0,,0,0,0,0,0,220,171,171,0,172.83,77.7,29553.93,77.7,171,49,77.7,134.34,172.83,0.0,Low,High,Peak,Rack,73.0,152.15,1.136,111.07,122.7,102.6,117.5,1.044,0.91,On Track
2024-07-11,2024,7,Jul,28,3,Thursday,0,,0,0,0,0,0,220,154,154,0,164.11,70.0,25272.94,70.0,154,66,70.0,114.88,164.11,0.0,Low,Moderate,Shoulder,Standard,64.6,154.04,1.065,99.51,133.4,107.4,116.3,1.147,0.939,On Track
2024-07-12,2024,7,Jul,28,4,Friday,0,,0,0,0,81,2,139,137,137,0,170.21,98.6,23318.77,98.6,218,2,99.1,105.99,170.21,13787.01,Low,Moderate,Shoulder,Standard,95.2,152.79,1.114,145.46,137.0,108.3,114.0,1.202,1.171,Ahead
2024-07-13,2024,7,Jul,28,5,Saturday,1,,0,0,0,117,2,103,128,103,25,175.13,100.0,18038.39,100.0,220,0,100.0,81.99,175.13,20490.21,Medium,Moderate,Shoulder,Standard,92.8,168.03,1.042,155.93,133.0,112.4,115.6,1.151,1.0,On Track
2024-07-14,2024,7,Jul,28,6,Sunday,1,,0,0,0,186,3,34,85,34,51,160.07,100.0,5442.38,100.0,220,0,100.0,24.74,160.07,29773.02,High,Low,Low,Promotional,95.9,153.46,1.043,147.17,127.7,110.9,114.1,1.119,1.133,Ahead
2024-07-15,2024,7,Jul,29,0,Monday,0,,0,0,0,170,3,50,163,50,113,167.35,100.0,8367.5,100.0,220,0,100.0,38.03,167.35,28449.5,High,High,Peak,Rack,93.6,153.9,1.087,144.05,115.9,113.6,111.3,1.041,0.948,On Track
2024-07-16,2024,7,Jul,29,1,Tuesday,0,,0,0,0,138,3,82,167,82,85,177.65,100.0,14567.3,100.0,220,0,100.0,66.22,177.65,24515.7,High,High,Peak,Rack,92.1,156.78,1.133,144.39,104.4,114.7,111.5,0.936,0.888,Behind
2024-07-17,2024,7,Jul,29,2,Wednesday,0,,0,0,0,155,3,65,167,65,102,172.36,100.0,11203.4,100.0,220,0,100.0,50.92,172.36,26715.8,High,High,Peak,Rack,96.8,160.01,1.077,154.89,89.3,106.0,108.4,0.824,1.031,On Track
2024-07-18,2024,7,Jul,29,3,Thursday,0,,0,0,0,36,1,184,157,157,0,166.34,85.3,26115.38,85.3,193,27,87.7,118.71,166.34,5988.24,Low,Moderate,Shoulder,Standard,82.2,155.11,1.072,127.5,89.7,111.6,107.8,0.832,0.902,On Track
2024-07-19,2024,7,Jul,29,4,Friday,0,,0,0,0,62,1,158,121,121,0,157.68,76.6,19079.28,76.6,183,37,83.2,86.72,157.68,9776.16,Low,Moderate,Shoulder,Standard,77.2,142.1,1.11,109.7,87.4,112.2,108.1,0.809,0.924,On Track
2024-07-20,2024,7,Jul,29,5,Saturday,1,,0,0,0,210,3,10,118,10,108,174.03,100.0,1740.3,100.0,220,0,100.0,7.91,174.03,36546.3,High,Moderate,Shoulder,Standard,93.0,159.17,1.093,148.03,74.1,103.6,104.9,0.706,1.103,Ahead
2024-07-21,2024,7,Jul,29,6,Sunday,1,,0,0,0,220,7,0,86,0,86,156.82,0.0,0.0,,220,0,100.0,0.0,156.82,34500.4,Sold Out,Low,Low,Promotional,95.6,150.67,1.041,144.04,69.3,98.5,100.9,0.687,1.062,On Track
2024-07-22,2024,7,Jul,30,0,Monday,0,,0,0,0,220,5,0,159,0,159,158.91,0.0,0.0,,220,0,100.0,0.0,158.91,34960.2,Sold Out,High,Peak,Rack,92.9,148.02,1.074,137.51,62.1,89.0,96.9,0.641,1.082,On Track
2024-07-23,2024,7,Jul,30,1,Tuesday,0,,0,0,0,216,3,4,174,4,170,175.93,100.0,703.72,100.0,220,0,100.0,3.2,175.93,38000.88,High,High,Peak,Rack,96.4,165.77,1.061,159.8,51.0,77.7,96.2,0.53,1.036,On Track
2024-07-24,2024,7,Jul,30,2,Wednesday,0,,0,0,0,38,1,182,168,168,0,172.85,92.3,29038.8,92.3,206,14,93.6,131.99,172.85,6568.3,Low,High,Peak,Rack,90.5,152.34,1.135,137.87,65.7,77.5,96.6,0.68,0.889,Behind
2024-07-25,2024,7,Jul,30,3,Thursday,0,,0,0,0,38,1,182,163,163,0,166.89,89.6,27203.07,89.6,201,19,91.4,123.65,166.89,6341.82,Low,High,Peak,Rack,87.4,147.44,1.132,128.86,66.6,78.1,96.4,0.691,1.065,On Track
2024-07-26,2024,7,Jul,30,4,Friday,0,,0,0,0,0,0,220,135,135,0,146.32,61.4,19753.2,61.4,135,85,61.4,89.79,146.32,0.0,Low,Moderate,Shoulder,Standard,58.2,139.45,1.049,81.16,68.6,78.0,94.0,0.73,1.08,On Track
2024-07-27,2024,7,Jul,30,5,Saturday,1,,0,0,0,0,0,220,112,112,0,156.37,50.9,17513.44,50.9,112,108,50.9,79.61,156.37,0.0,Low,Low,Low,Promotional,47.5,142.55,1.097,67.71,83.1,78.6,94.8,0.877,1.0,On Track
2024-07-28,2024,7,Jul,30,6,Sunday,1,,0,0,0,50,1,170,86,86,0,144.64,50.6,12439.04,50.6,136,84,61.8,56.54,144.64,7232.0,Low,Low,Low,Promotional,58.6,134.03,1.079,78.54,95.4,82.4,93.5,1.02,1.162,Ahead
2024-07-29,2024,7,Jul,31,0,Monday,0,,0,0,0,128,3,92,164,92,72,153.58,100.0,14129.36,100.0,220,0,100.0,64.22,153.58,19658.24,High,High,Peak,Rack,96.0,146.61,1.048,140.75,108.6,85.4,95.1,1.142,0.953,On Track
2024-07-30,2024,7,Jul,31,1,Tuesday,0,,0,0,0,100,2,120,163,120,43,185.2,100.0,22224.0,100.0,220,0,100.0,101.02,185.2,18520.0,High,High,Peak,Rack,92.1,178.96,1.035,164.82,125.1,88.1,97.2,1.287,0.827,Behind
2024-07-31,2024,7,Jul,31,2,Wednesday,0,,0,0,0,157,5,63,164,63,101,173.84,100.0,10951.92,100.0,220,0,100.0,49.78,173.84,27292.88,High,High,Peak,Rack,95.8,160.89,1.08,154.13,110.1,87.9,99.0,1.112,0.792,Behind
2024-08-01,2024,8,Aug,31,3,Thursday,0,,0,0,0,209,4,11,150,11,139,181.91,100.0,2001.01,100.0,220,0,100.0,9.1,181.91,38019.19,High,Moderate,Shoulder,Standard,93.0,168.19,1.082,156.42,88.4,77.5,97.1,0.91,0.872,Behind
2024-08-02,2024,8,Aug,31,4,Friday,0,,0,0,0,184,3,36,137,36,101,169.33,100.0,6095.88,100.0,220,0,100.0,27.71,169.33,31156.72,High,Moderate,Shoulder,Standard,96.9,149.35,1.134,144.72,74.3,71.4,92.1,0.807,1.007,On Track
2024-08-03,2024,8,Aug,31,5,Saturday,1,,0,0,0,108,2,112,134,112,22,186.87,100.0,20929.44,100.0,220,0,100.0,95.13,186.87,20181.96,Medium,Moderate,Shoulder,Standard,93.0,166.51,1.122,154.85,74.3,78.7,93.2,0.797,1.117,Ahead
2024-08-04,2024,8,Aug,31,6,Sunday,1,,0,0,0,90,2,130,89,89,0,153.77,68.5,13685.53,68.5,179,41,81.4,62.21,153.77,13839.3,Low,Low,Low,Promotional,75.1,136.19,1.129,102.28,74.7,85.1,92.4,0.808,0.989,On Track
2024-08-05,2024,8,Aug,32,0,Monday,0,,0,0,0,102,2,118,149,118,31,165.72,100.0,19554.96,100.0,220,0,100.0,88.89,165.72,16903.44,High,Moderate,Shoulder,Standard,93.5,159.51,1.039,149.14,78.4,93.5,92.0,0.852,0.909,On Track
2024-08-06,2024,8,Aug,32,1,Tuesday,0,,0,0,0,155,4,65,206,65,141,185.45,100.0,12054.25,100.0,220,0,100.0,54.79,185.45,28744.75,High,Peak,Peak,Rack,95.3,179.62,1.032,171.18,70.6,97.9,91.8,0.769,1.01,On Track
2024-08-07,2024,8,Aug,32,2,Wednesday,0,,0,0,0,220,4,0,165,0,165,182.94,0.0,0.0,,220,0,100.0,0.0,182.94,40246.8,Sold Out,High,Peak,Rack,95.7,165.63,1.105,158.51,61.6,85.9,87.3,0.706,0.948,On Track
2024-08-08,2024,8,Aug,32,3,Thursday,0,,0,0,0,176,2,44,170,44,126,175.12,100.0,7705.28,100.0,220,0,100.0,35.02,175.12,30821.12,High,High,Peak,Rack,93.2,164.26,1.066,153.09,66.3,77.4,83.4,0.795,1.083,On Track
2024-08-09,2024,8,Aug,32,4,Friday,0,,0,0,0,220,4,0,131,0,131,168.93,0.0,0.0,,220,0,100.0,0.0,168.93,37164.6,Sold Out,Moderate,Shoulder,Standard,96.2,162.91,1.037,156.72,61.1,67.7,77.7,0.786,1.11,Ahead
2024-08-10,2024,8,Aug,32,5,Saturday,1,,0,0,0,58,1,162,115,115,0,167.02,71.0,19207.3,71.0,173,47,78.6,87.31,167.02,9687.16,Low,Moderate,Shoulder,Standard,72.4,149.26,1.119,108.06,61.6,67.9,76.4,0.806,0.95,On Track
2024-08-11,2024,8,Aug,32,6,Sunday,1,,0,0,0,35,1,185,85,85,0,151.03,45.9,12837.55,45.9,120,100,54.5,58.35,151.03,5286.05,Low,Low,Low,Promotional,50.6,145.82,1.036,73.78,61.0,67.9,74.7,0.817,1.09,On Track
2024-08-12,2024,8,Aug,33,0,Monday,0,,0,0,0,35,1,185,171,171,0,169.48,92.4,28981.08,92.4,206,14,93.6,131.73,169.48,5931.8,Low,High,Peak,Rack,88.5,151.01,1.122,133.64,68.6,73.5,76.9,0.892,1.132,Ahead
2024-08-13,2024,8,Aug,33,1,Tuesday,0,,0,0,0,41,1,179,195,179,16,180.15,100.0,32246.85,100.0,220,0,100.0,146.58,180.15,7386.15,Medium,Peak,Peak,Rack,96.3,173.9,1.036,167.47,84.9,77.7,81.8,1.038,1.01,On Track
2024-08-14,2024,8,Aug,33,2,Wednesday,0,,0,0,0,41,1,179,185,179,6,176.5,100.0,31593.5,100.0,220,0,100.0,143.61,176.5,7236.5,Low,High,Peak,Rack,92.4,164.39,1.074,151.9,110.4,86.0,86.1,1.282,1.039,On Track
2024-08-15,2024,8,Aug,33,3,Thursday,0,,0,0,0,38,1,182,157,157,0,171.94,86.3,26994.58,86.3,195,25,88.6,122.7,171.94,6533.72,Low,Moderate,Shoulder,Standard,84.1,151.89,1.132,127.74,126.6,96.4,88.6,1.429,0.924,On Track
2024-08-16,2024,8,Aug,33,4,Friday,0,,0,0,0,92,2,128,139,128,11,169.46,100.0,21690.88,100.0,220,0,100.0,98.59,169.46,15590.32,Medium,Moderate,Shoulder,Standard,96.7,160.57,1.055,155.27,144.9,103.0,90.7,1.598,1.139,Ahead
2024-08-17,2024,8,Aug,33,5,Saturday,1,,0,0,0,121,2,99,112,99,13,173.96,100.0,17222.04,100.0,220,0,100.0,78.28,173.96,21049.16,Medium,Low,Low,Promotional,95.5,155.44,1.119,148.45,142.6,102.1,88.7,1.608,0.991,On Track
2024-08-18,2024,8,Aug,33,6,Sunday,1,,0,0,0,67,1,153,79,79,0,153.85,51.6,12154.15,51.6,146,74,66.4,55.25,153.85,10307.95,Low,Low,Low,Promotional,64.1,138.3,1.112,88.65,141.7,101.4,87.3,1.623,0.888,Behind
2024-08-19,2024,8,Aug,34,0,Monday,0,,0,0,0,56,2,164,153,153,0,177.9,93.3,27218.7,93.3,209,11,95.0,123.72,177.9,9962.4,Low,Moderate,Shoulder,Standard,91.6,170.95,1.041,156.59,139.1,103.9,92.1,1.51,0.981,On Track
2024-08-20,2024,8,Aug,34,1,Tuesday,0,,0,0,0,37,1,183,196,183,13,187.16,100.0,34250.28,100.0,220,0,100.0,155.68,187.16,6924.92,Medium,Peak,Peak,Rack,95.0,180.27,1.038,171.26,139.7,112.3,98.2,1.423,1.16,Ahead
2024-08-21,2024,8,Aug,34,2,Wednesday,0,,0,0,0,0,0,220,177,177,0,166.28,80.5,29431.56,80.5,177,43,80.5,133.78,166.28,0.0,Low,High,Peak,Rack,77.0,151.98,1.094,117.02,139.4,124.9,104.1,1.339,0.927,On Track
2024-08-22,2024,8,Aug,34,3,Thursday,0,,0,0,0,115,3,105,177,105,72,183.67,100.0,19285.35,100.0,220,0,100.0,87.66,183.67,21122.05,High,High,Peak,Rack,94.3,169.75,1.082,160.07,132.0,129.3,107.5,1.228,0.962,On Track
2024-08-23,2024,8,Aug,34,4,Friday,0,,0,0,0,78,3,142,125,125,0,167.55,88.0,20943.75,88.0,203,17,92.3,95.2,167.55,13068.9,Low,Moderate,Shoulder,Standard,86.1,161.97,1.034,139.46,131.6,138.2,106.0,1.242,1.096,On Track
2024-08-24,2024,8,Aug,34,5,Saturday,1,,0,0,0,57,2,163,129,129,0,176.83,79.1,22811.07,79.1,186,34,84.5,103.69,176.83,10079.31,Low,Moderate,Shoulder,Standard,79.3,157.18,1.125,124.64,135.9,139.2,104.9,1.296,1.066,On Track
2024-08-25,2024,8,Aug,34,6,Sunday,1,,0,0,0,103,3,117,78,78,0,150.04,66.7,11703.12,66.7,181,39,82.3,53.2,150.04,15454.12,Low,Low,Low,Promotional,78.7,140.0,1.072,110.18,135.7,138.7,103.0,1.317,1.0,On Track
2024-08-26,2024,8,Aug,35,0,Monday,0,,0,0,0,183,4,37,147,37,110,165.32,100.0,6116.84,100.0,220,0,100.0,27.8,165.32,30253.56,High,Moderate,Shoulder,Standard,95.2,148.42,1.114,141.3,119.1,129.1,100.5,1.185,0.826,Behind
2024-08-27,2024,8,Aug,35,1,Tuesday,0,,0,0,0,220,8,0,184,0,184,179.29,0.0,0.0,,220,0,100.0,0.0,179.29,39443.8,Sold Out,High,Peak,Rack,94.3,158.97,1.128,149.91,93.0,116.4,97.6,0.953,0.984,On Track
2024-08-28,2024,8,Aug,35,2,Wednesday,0,,0,0,0,132,2,88,182,88,94,186.44,100.0,16406.72,100.0,220,0,100.0,74.58,186.44,24610.08,High,High,Peak,Rack,93.2,168.66,1.105,157.19,80.3,109.9,97.5,0.824,1.0,On Track
2024-08-29,2024,8,Aug,35,3,Thursday,0,,0,0,0,132,2,88,165,88,77,182.81,100.0,16087.28,100.0,220,0,100.0,73.12,182.81,24130.92,High,High,Peak,Rack,96.0,173.2,1.055,166.27,77.9,104.9,96.4,0.808,1.038,On Track
2024-08-30,2024,8,Aug,35,4,Friday,0,,0,0,0,49,1,171,141,141,0,166.98,82.5,23544.18,82.5,190,30,86.4,107.02,166.98,8182.02,Low,Moderate,Shoulder,Standard,81.0,147.71,1.13,119.65,80.1,105.9,99.0,0.809,1.076,On Track
2024-08-31,2024,8,Aug,35,5,Saturday,1,OSU Football,1,1,0,101,3,119,218,119,99,219.1,100.0,26072.9,100.0,220,0,100.0,118.51,219.1,22129.1,High,Peak,Peak,Premium_Event,94.3,196.58,1.115,185.37,78.7,107.3,102.6,0.767,1.0,On Track
2024-09-01,2024,9,Sep,35,6,Sunday,1,OSU Football,1,1,0,123,2,97,218,97,121,214.27,100.0,20784.19,100.0,220,0,100.0,94.47,214.27,26355.21,High,Peak,Peak,Premium_Event,94.4,189.76,1.129,179.13,81.4,108.6,104.7,0.777,1.0,On Track
2024-09-02,2024,9,Sep,36,0,Monday,0,,0,0,0,191,3,29,190,29,161,178.79,100.0,5184.91,100.0,220,0,100.0,23.57,178.79,34148.89,High,High,Peak,Rack,96.5,164.4,1.088,158.65,80.3,99.7,101.9,0.788,0.99,On Track
2024-09-03,2024,9,Sep,36,1,Tuesday,0,,0,0,0,165,4,55,207,55,152,185.87,100.0,10222.85,100.0,220,0,100.0,46.47,185.87,30668.55,High,Peak,Peak,Rack,94.7,177.66,1.046,168.24,88.1,90.6,100.8,0.874,0.967,On Track
2024-09-04,2024,9,Sep,36,2,Wednesday,0,,0,0,0,155,5,65,210,65,145,188.75,100.0,12268.75,100.0,220,0,100.0,55.77,188.75,29256.25,High,Peak,Peak,Rack,96.0,172.68,1.093,165.77,84.9,82.6,99.0,0.858,0.963,On Track
2024-09-05,2024,9,Sep,36,3,Thursday,0,,0,0,0,32,1,188,200,188,12,185.29,100.0,34834.52,100.0,220,0,100.0,158.34,185.29,5929.28,Medium,Peak,Peak,Rack,95.0,173.23,1.07,164.57,99.1,88.5,103.1,0.961,0.985,On Track
2024-09-06,2024,9,Sep,36,4,Friday,0,,0,0,0,0,0,220,129,129,0,166.35,58.6,21459.15,58.6,129,91,58.6,97.54,166.35,0.0,Low,Moderate,Shoulder,Standard,56.1,161.04,1.033,90.34,97.4,88.8,107.4,0.907,0.854,Behind
2024-09-07,2024,9,Sep,36,5,Saturday,1,,0,0,0,129,2,91,129,91,38,192.59,100.0,17525.69,100.0,220,0,100.0,79.66,192.59,24844.11,High,Moderate,Shoulder,Standard,93.4,170.58,1.129,159.32,93.4,86.1,109.0,0.857,0.97,On Track
2024-09-08,2024,9,Sep,36,6,Sunday,1,,0,0,0,156,2,64,90,64,26,170.93,100.0,10939.52,100.0,220,0,100.0,49.73,170.93,26665.08,Medium,Low,Low,Promotional,94.2,160.24,1.067,150.95,88.7,85.1,111.1,0.798,0.909,On Track
2024-09-09,2024,9,Sep,37,0,Monday,0,,0,0,0,30,1,190,170,170,0,162.79,89.5,27674.3,89.5,200,20,90.9,125.79,162.79,4883.7,Low,High,Peak,Rack,84.3,150.92,1.079,127.23,108.9,94.6,112.9,0.965,0.914,On Track
2024-09-10,2024,9,Sep,37,1,Tuesday,0,,0,0,0,141,3,79,200,79,121,186.46,100.0,14730.34,100.0,220,0,100.0,66.96,186.46,26290.86,High,Peak,Peak,Rack,95.1,175.12,1.065,166.54,112.3,100.2,112.7,0.996,0.952,On Track
2024-09-11,2024,9,Sep,37,2,Wednesday,0,,0,0,0,104,2,116,187,116,71,183.39,100.0,21273.24,100.0,220,0,100.0,96.7,183.39,19072.56,High,High,Peak,Rack,95.4,175.23,1.047,167.17,119.6,102.2,110.9,1.078,0.858,Behind
2024-09-12,2024,9,Sep,37,3,Thursday,0,,0,0,0,64,2,156,201,156,45,192.57,100.0,30040.92,100.0,220,0,100.0,136.55,192.57,12324.48,High,Peak,Peak,Rack,93.6,178.82,1.077,167.38,115.0,107.1,110.1,1.045,1.11,Ahead
2024-09-13,2024,9,Sep,37,4,Friday,0,,0,0,0,33,1,187,133,133,0,159.01,71.1,21148.33,71.1,166,54,75.5,96.13,159.01,5247.33,Low,Moderate,Shoulder,Standard,70.4,144.03,1.104,101.4,115.6,106.5,108.6,1.064,0.911,On Track
2024-09-14,2024,9,Sep,37,5,Saturday,1,OSU Football,1,1,0,98,3,122,218,122,96,225.0,100.0,27450.0,100.0,220,0,100.0,124.77,225.0,22050.0,High,Peak,Peak,Premium_Event,96.5,204.75,1.099,197.58,120.0,106.7,107.4,1.117,1.0,On Track
2024-09-15,2024,9,Sep,37,6,Sunday,1,OSU Football,1,1,0,37,1,183,218,183,35,215.33,100.0,39405.39,100.0,220,0,100.0,179.12,215.33,7967.21,High,Peak,Peak,Premium_Event,92.3,202.45,1.064,186.86,137.0,112.9,109.3,1.253,1.0,On Track
2024-09-16,2024,9,Sep,38,0,Monday,0,,0,0,0,131,4,89,198,89,109,179.88,100.0,16009.32,100.0,220,0,100.0,72.77,179.88,23564.28,High,Peak,Peak,Rack,93.7,167.17,1.076,156.64,125.4,117.1,108.9,1.152,1.193,Ahead
2024-09-17,2024,9,Sep,38,1,Tuesday,0,,0,0,0,179,5,41,218,41,177,190.24,100.0,7799.84,100.0,220,0,100.0,35.45,190.24,34052.96,High,Peak,Peak,Rack,93.0,168.05,1.132,156.29,120.0,116.1,107.7,1.114,1.0,On Track
2024-09-18,2024,9,Sep,38,2,Wednesday,0,,0,0,0,189,5,31,189,31,158,192.07,100.0,5954.17,100.0,220,0,100.0,27.06,192.07,36301.23,High,High,Peak,Rack,92.7,171.92,1.117,159.37,107.9,113.7,103.6,1.042,0.896,Behind
2024-09-19,2024,9,Sep,38,3,Thursday,0,,0,0,0,0,0,220,201,201,0,183.75,91.4,36933.75,91.4,201,19,91.4,167.88,183.75,0.0,Low,Peak,Peak,Rack,87.7,175.14,1.049,153.6,114.3,114.6,104.2,1.097,1.081,On Track
2024-09-20,2024,9,Sep,38,4,Friday,0,,0,0,0,0,0,220,132,132,0,172.02,60.0,22706.64,60.0,132,88,60.0,103.21,172.02,0.0,Low,Moderate,Shoulder,Standard,55.5,163.84,1.05,90.93,114.1,114.9,102.7,1.111,0.841,Behind
2024-09-21,2024,9,Sep,38,5,Saturday,1,,0,0,0,82,2,138,124,124,0,180.33,89.9,22360.92,89.9,206,14,93.6,101.64,180.33,14787.06,Low,Moderate,Shoulder,Standard,87.4,163.5,1.103,142.9,114.4,117.2,103.3,1.107,0.569,Behind
2024-09-22,2024,9,Sep,38,6,Sunday,1,,0,0,0,0,0,220,82,82,0,163.66,37.3,13420.12,37.3,82,138,37.3,61.0,163.66,0.0,Low,Low,Low,Promotional,35.5,150.62,1.087,53.47,100.0,118.5,101.9,0.981,0.376,Behind
2024-09-23,2024,9,Sep,39,0,Monday,0,,0,0,0,40,2,180,201,180,21,181.16,100.0,32608.8,100.0,220,0,100.0,148.22,181.16,7246.4,Medium,Peak,Peak,Rack,94.5,161.63,1.121,152.74,113.0,119.2,103.6,1.091,1.241,Ahead
2024-09-24,2024,9,Sep,39,1,Tuesday,0,,0,0,0,220,5,0,218,0,218,181.45,0.0,0.0,,220,0,100.0,0.0,181.45,39919.0,Sold Out,Peak,Peak,Rack,95.9,159.8,1.135,153.25,107.1,113.6,101.0,1.06,1.0,On Track
2024-09-25,2024,9,Sep,39,2,Wednesday,0,,0,0,0,213,4,7,218,7,211,191.31,100.0,1339.17,100.0,220,0,100.0,6.09,191.31,40749.03,High,Peak,Peak,Rack,93.6,183.23,1.044,171.5,103.7,105.8,100.0,1.037,1.0,On Track
2024-09-26,2024,9,Sep,39,3,Thursday,0,,0,0,0,119,3,101,199,101,98,198.41,100.0,20039.41,100.0,220,0,100.0,91.09,198.41,23610.79,High,Peak,Peak,Rack,96.8,185.44,1.07,179.51,89.4,101.9,103.4,0.865,1.112,Ahead
2024-09-27,2024,9,Sep,39,4,Friday,0,,0,0,0,106,2,114,151,114,37,180.52,100.0,20579.28,100.0,220,0,100.0,93.54,180.52,19135.12,High,Moderate,Shoulder,Standard,95.2,168.06,1.074,159.99,86.9,100.5,104.2,0.834,1.049,On Track
2024-09-28,2024,9,Sep,39,5,Saturday,1,OSU Football,1,1,0,0,0,220,218,218,0,225.0,99.1,49050.0,99.1,218,2,99.1,222.95,225.0,0.0,Low,Peak,Peak,Premium_Event,91.8,213.4,1.054,195.9,100.3,107.4,108.6,0.924,1.591,Ahead
2024-09-29,2024,9,Sep,39,6,Sunday,1,OSU Football,1,1,0,88,2,132,218,132,86,214.85,100.0,28360.2,100.0,220,0,100.0,128.91,214.85,18906.8,High,Peak,Peak,Premium_Event,95.7,204.93,1.048,196.12,107.4,103.7,108.3,0.992,2.422,Ahead
2024-09-30,2024,9,Sep,40,0,Monday,0,,0,0,0,205,4,15,196,15,181,169.05,100.0,2535.75,100.0,220,0,100.0,11.53,169.05,34655.25,High,Peak,Peak,Rack,92.6,149.92,1.128,138.83,83.9,98.4,104.8,0.801,0.925,On Track
2024-10-01,2024,10,Oct,40,1,Tuesday,0,,0,0,0,192,3,28,218,28,190,195.28,100.0,5467.84,100.0,220,0,100.0,24.85,195.28,37493.76,High,Peak,Peak,Rack,95.7,184.2,1.06,176.28,87.9,97.5,102.5,0.858,1.0,On Track
2024-10-02,2024,10,Oct,40,2,Wednesday,0,,0,0,0,220,5,0,218,0,218,191.07,0.0,0.0,,220,0,100.0,0.0,191.07,42035.4,Sold Out,Peak,Peak,Rack,97.0,184.05,1.038,178.53,86.9,95.3,101.5,0.856,1.0,On Track
2024-10-03,2024,10,Oct,40,3,Thursday,0,,0,0,0,220,4,0,203,0,203,192.38,0.0,0.0,,220,0,100.0,0.0,192.38,42323.6,Sold Out,Peak,Peak,Rack,93.3,184.82,1.041,172.44,72.4,80.9,99.7,0.726,1.052,On Track
2024-10-04,2024,10,Oct,40,4,Friday,0,,0,0,0,41,1,179,153,153,0,175.85,85.5,26905.05,85.5,194,26,88.2,122.3,175.85,7209.85,Low,Moderate,Shoulder,Standard,82.8,159.46,1.103,132.03,78.0,82.4,102.6,0.76,1.109,Ahead
2024-10-05,2024,10,Oct,40,5,Saturday,1,OSU Football,1,1,0,7,1,213,218,213,5,225.0,100.0,47925.0,100.0,220,0,100.0,217.84,225.0,1575.0,Low,Peak,Peak,Premium_Event,95.2,210.08,1.071,200.0,77.3,88.8,103.5,0.747,1.0,On Track
2024-10-06,2024,10,Oct,40,6,Sunday,1,OSU Football,1,1,0,44,1,176,218,176,42,217.29,100.0,38243.04,100.0,220,0,100.0,173.83,217.29,9560.76,High,Peak,Peak,Premium_Event,93.7,198.87,1.093,186.34,83.6,95.5,105.0,0.796,1.0,On Track
2024-10-07,2024,10,Oct,41,0,Monday,0,,0,0,0,0,0,220,188,188,0,180.0,85.5,33840.0,85.5,188,32,85.5,153.82,180.0,0.0,Low,High,Peak,Rack,80.5,171.01,1.053,137.66,108.3,96.1,108.3,1.0,0.891,Behind
2024-10-08,2024,10,Oct,41,1,Tuesday,0,,0,0,0,0,0,220,218,218,0,188.42,99.1,41075.56,99.1,218,2,99.1,186.71,188.42,0.0,Low,Peak,Peak,Rack,94.5,171.91,1.096,162.45,135.4,111.6,113.4,1.194,1.09,On Track
2024-10-09,2024,10,Oct,41,2,Wednesday,0,,0,0,0,26,1,194,206,194,12,194.13,100.0,37661.22,100.0,220,0,100.0,171.19,194.13,5047.38,Medium,Peak,Peak,Rack,96.5,182.79,1.062,176.39,163.1,125.0,114.2,1.428,0.945,On Track
2024-10-10,2024,10,Oct,41,3,Thursday,0,,0,0,0,150,4,70,183,70,113,190.0,100.0,13300.0,100.0,220,0,100.0,60.45,190.0,28500.0,High,High,Peak,Rack,94.9,180.8,1.051,171.58,173.1,122.8,113.9,1.52,0.876,Behind
2024-10-11,2024,10,Oct,41,4,Friday,0,,0,0,0,124,3,96,164,96,68,186.46,100.0,17900.16,100.0,220,0,100.0,81.36,186.46,23121.04,High,High,Peak,Rack,92.4,176.69,1.055,163.26,165.0,121.5,113.2,1.458,0.994,On Track
2024-10-12,2024,10,Oct,41,5,Saturday,1,,0,0,0,98,2,122,164,122,42,193.97,100.0,23664.34,100.0,220,0,100.0,107.57,193.97,19009.06,High,High,Peak,Rack,92.7,185.71,1.044,172.15,152.0,114.6,112.1,1.356,1.108,Ahead
2024-10-13,2024,10,Oct,41,6,Sunday,1,,0,0,0,76,2,144,92,92,0,167.63,63.9,15421.96,63.9,168,52,76.4,70.1,167.63,12739.88,Low,Low,Low,Promotional,72.2,157.02,1.068,113.37,140.0,111.8,110.7,1.265,0.422,Behind
2024-10-14,2024,10,Oct,42,0,Monday,0,,0,0,0,158,3,62,194,62,132,182.67,100.0,11325.54,100.0,220,0,100.0,51.48,182.67,28861.86,High,Peak,Peak,Rack,93.5,166.9,1.094,156.05,122.0,115.1,108.7,1.122,0.937,On Track
2024-10-15,2024,10,Oct,42,1,Tuesday,0,,0,0,0,181,3,39,202,39,163,191.72,100.0,7477.08,100.0,220,0,100.0,33.99,191.72,34701.32,High,Peak,Peak,Rack,93.1,181.59,1.056,169.06,96.4,115.9,103.9,0.928,0.967,On Track
2024-10-16,2024,10,Oct,42,2,Wednesday,0,,0,0,0,181,3,39,206,39,167,200.53,100.0,7820.67,100.0,220,0,100.0,35.55,200.53,36295.93,High,Peak,Peak,Rack,95.4,194.4,1.032,185.46,74.3,118.7,102.3,0.726,1.02,On Track
2024-10-17,2024,10,Oct,42,3,Thursday,0,,0,0,0,126,3,94,218,94,124,186.91,100.0,17569.54,100.0,220,0,100.0,79.86,186.91,23550.66,High,Peak,Peak,Rack,93.3,177.86,1.051,165.94,77.7,125.4,104.0,0.747,1.014,On Track
2024-10-18,2024,10,Oct,42,4,Friday,0,,0,0,0,0,0,220,151,151,0,175.74,68.6,26536.74,68.6,151,69,68.6,120.62,175.74,0.0,Low,Moderate,Shoulder,Standard,65.3,166.63,1.055,108.81,85.6,125.3,108.0,0.793,1.049,On Track
2024-10-19,2024,10,Oct,42,5,Saturday,1,,0,0,0,119,2,101,143,101,42,194.71,100.0,19665.71,100.0,220,0,100.0,89.39,194.71,23170.49,High,Moderate,Shoulder,Standard,93.2,180.61,1.078,168.33,82.6,117.3,104.7,0.789,0.656,Behind
2024-10-20,2024,10,Oct,42,6,Sunday,1,Columbus Marathon,1,0,0,136,3,84,218,84,134,211.12,100.0,17734.08,100.0,220,0,100.0,80.61,211.12,28712.32,High,Peak,Peak,Rack,92.0,189.54,1.114,174.38,81.4,110.7,103.1,0.79,1.0,On Track
2024-10-21,2024,10,Oct,43,0,Monday,0,,0,0,0,167,4,53,213,53,160,172.62,100.0,9148.86,100.0,220,0,100.0,41.59,172.62,28827.54,High,Peak,Peak,Rack,95.6,166.19,1.039,158.88,80.1,101.1,100.7,0.795,1.06,On Track
2024-10-22,2024,10,Oct,43,1,Tuesday,0,,0,0,0,91,2,129,204,129,75,189.81,100.0,24485.49,100.0,220,0,100.0,111.3,189.81,17272.71,High,Peak,Peak,Rack,94.4,171.77,1.105,162.15,93.0,94.7,102.3,0.909,0.953,On Track
2024-10-23,2024,10,Oct,43,2,Wednesday,0,,0,0,0,186,4,34,208,34,174,198.68,100.0,6755.12,100.0,220,0,100.0,30.71,198.68,36954.48,High,Peak,Peak,Rack,95.9,180.72,1.099,173.31,92.3,83.3,97.4,0.948,0.954,On Track
2024-10-24,2024,10,Oct,43,3,Thursday,0,,0,0,0,115,3,105,214,105,109,187.62,100.0,19700.1,100.0,220,0,100.0,89.55,187.62,21576.3,High,Peak,Peak,Rack,92.6,181.78,1.032,168.33,93.9,85.8,100.9,0.931,1.169,Ahead
2024-10-25,2024,10,Oct,43,4,Friday,0,,0,0,0,136,3,84,167,84,83,180.82,100.0,15188.88,100.0,220,0,100.0,69.04,180.82,24591.52,High,High,Peak,Rack,96.3,164.92,1.096,158.82,84.3,84.9,103.5,0.814,0.994,On Track
2024-10-26,2024,10,Oct,43,5,Saturday,1,OSU Football,1,1,0,118,2,102,218,102,116,225.0,100.0,22950.0,100.0,220,0,100.0,104.32,225.0,26550.0,High,Peak,Peak,Premium_Event,92.5,213.52,1.054,197.51,84.4,83.5,103.5,0.815,1.514,Ahead
2024-10-27,2024,10,Oct,43,6,Sunday,1,OSU Football,1,1,0,164,3,56,218,56,162,224.37,100.0,12564.72,100.0,220,0,100.0,57.11,224.37,36796.68,High,Peak,Peak,Premium_Event,92.5,210.47,1.066,194.68,80.4,80.9,101.6,0.791,2.137,Ahead
2024-10-28,2024,10,Oct,44,0,Monday,0,,0,0,0,28,1,192,203,192,11,182.62,100.0,35063.04,100.0,220,0,100.0,159.38,182.62,5113.36,Medium,Peak,Peak,Rack,93.5,162.68,1.123,152.11,100.3,90.2,100.7,0.996,1.18,Ahead
2024-10-29,2024,10,Oct,44,1,Tuesday,0,,0,0,0,67,1,153,218,153,65,189.42,100.0,28981.26,100.0,220,0,100.0,131.73,189.42,12691.14,High,Peak,Peak,Rack,93.5,179.69,1.054,168.01,103.7,98.4,101.4,1.023,1.0,On Track
2024-10-30,2024,10,Oct,44,2,Wednesday,0,,0,0,0,180,4,40,218,40,178,209.62,100.0,8384.8,100.0,220,0,100.0,38.11,209.62,37731.6,High,Peak,Peak,Rack,95.6,184.97,1.133,176.83,104.6,98.4,102.3,1.022,1.354,Ahead
2024-10-31,2024,10,Oct,44,3,Thursday,0,,0,0,0,41,1,179,218,179,39,194.17,100.0,34756.43,100.0,220,0,100.0,157.98,194.17,7960.97,High,Peak,Peak,Rack,92.4,178.69,1.087,165.11,115.1,104.5,107.3,1.073,1.473,Ahead
2024-11-01,2024,11,Nov,44,4,Friday,0,,0,0,0,77,2,143,122,122,0,167.56,85.3,20442.32,85.3,199,21,90.5,92.92,167.56,12902.12,Low,Moderate,Shoulder,Standard,83.4,162.14,1.033,135.22,120.6,102.4,111.4,1.083,1.08,On Track
2024-11-02,2024,11,Nov,44,5,Saturday,1,,0,0,0,86,2,134,121,121,0,175.86,90.3,21279.06,90.3,207,13,94.1,96.72,175.86,15123.96,Low,Moderate,Shoulder,Standard,90.7,168.74,1.042,153.05,123.3,103.9,115.4,1.068,0.555,Behind
2024-11-03,2024,11,Nov,44,6,Sunday,1,,0,0,0,47,1,173,75,75,0,151.91,43.4,11393.25,43.4,122,98,55.5,51.79,151.91,7139.77,Low,Low,Low,Promotional,52.7,146.84,1.035,77.38,126.0,103.2,112.8,1.117,0.344,Behind
2024-11-04,2024,11,Nov,45,0,Monday,0,,0,0,0,0,0,220,175,175,0,160.8,79.5,28140.0,79.5,175,45,79.5,127.91,160.8,0.0,Low,High,Peak,Rack,74.6,151.09,1.064,112.71,123.6,111.9,111.5,1.109,1.25,Ahead
2024-11-05,2024,11,Nov,45,1,Tuesday,0,,0,0,0,0,0,220,202,202,0,191.37,91.8,38656.74,91.8,202,18,91.8,175.71,191.37,0.0,Low,Peak,Peak,Rack,86.6,183.08,1.045,158.55,130.6,117.1,112.4,1.162,1.031,On Track
2024-11-06,2024,11,Nov,45,2,Wednesday,0,,0,0,0,36,1,184,189,184,5,187.83,100.0,34560.72,100.0,220,0,100.0,157.09,187.83,6761.88,Low,High,Peak,Rack,95.0,167.44,1.122,159.07,151.1,127.9,112.3,1.346,0.964,On Track
2024-11-07,2024,11,Nov,45,3,Thursday,0,,0,0,0,36,1,184,173,173,0,175.78,94.0,30409.94,94.0,209,11,95.0,138.23,175.78,6328.08,Low,High,Peak,Rack,88.3,159.87,1.1,141.17,150.3,132.7,110.8,1.356,1.161,Ahead
2024-11-08,2024,11,Nov,45,4,Friday,0,,0,0,0,42,1,178,114,114,0,162.12,64.0,18481.68,64.0,156,64,70.9,84.01,162.12,6809.04,Low,Low,Low,Promotional,67.3,143.72,1.128,96.72,149.1,134.9,108.1,1.379,0.958,On Track
2024-11-09,2024,11,Nov,45,5,Saturday,1,OSU Football,1,1,0,115,2,105,218,105,113,224.09,100.0,23529.45,100.0,220,0,100.0,106.95,224.09,25770.35,High,Peak,Peak,Premium_Event,95.9,204.35,1.097,195.97,146.9,135.1,109.3,1.344,1.677,Ahead
2024-11-10,2024,11,Nov,45,6,Sunday,1,OSU Football,1,1,0,79,1,141,218,141,77,211.55,100.0,29828.55,100.0,220,0,100.0,135.58,211.55,16712.45,High,Peak,Peak,Premium_Event,92.1,193.64,1.092,178.34,156.3,141.1,110.8,1.411,2.907,Ahead
2024-11-11,2024,11,Nov,46,0,Monday,0,,0,0,0,93,3,127,156,127,29,172.14,100.0,21861.78,100.0,220,0,100.0,99.37,172.14,16009.02,Medium,Moderate,Shoulder,Standard,95.0,163.61,1.052,155.43,149.4,136.5,110.9,1.347,0.929,On Track
2024-11-12,2024,11,Nov,46,1,Tuesday,0,,0,0,0,185,5,35,184,35,149,180.18,100.0,6306.3,100.0,220,0,100.0,28.66,180.18,33333.3,High,High,Peak,Rack,95.4,169.31,1.064,161.52,125.6,128.1,109.0,1.152,0.989,On Track
2024-11-13,2024,11,Nov,46,2,Wednesday,0,,0,0,0,163,5,57,199,57,142,176.13,100.0,10039.41,100.0,220,0,100.0,45.63,176.13,28709.19,High,Peak,Peak,Rack,95.7,163.3,1.079,156.28,107.4,129.3,108.9,0.986,1.164,Ahead
2024-11-14,2024,11,Nov,46,3,Thursday,0,,0,0,0,78,3,142,181,142,39,173.98,100.0,24705.16,100.0,220,0,100.0,112.3,173.98,13570.44,High,High,Peak,Rack,93.0,161.41,1.078,150.11,103.0,126.6,112.3,0.917,1.175,Ahead
2024-11-15,2024,11,Nov,46,4,Friday,0,,0,0,0,110,3,110,131,110,21,173.58,100.0,19093.8,100.0,220,0,100.0,86.79,173.58,19093.8,Medium,Moderate,Shoulder,Standard,94.3,166.14,1.045,156.67,102.4,125.8,114.7,0.893,1.159,Ahead
2024-11-16,2024,11,Nov,46,5,Saturday,1,,0,0,0,151,4,69,114,69,45,181.28,100.0,12508.32,100.0,220,0,100.0,56.86,181.28,27373.28,High,Low,Low,Promotional,96.0,172.39,1.052,165.49,97.3,122.1,113.8,0.855,0.523,Behind
2024-11-17,2024,11,Nov,46,6,Sunday,1,,0,0,0,138,3,82,75,75,0,160.13,91.5,12009.75,91.5,213,7,96.8,54.59,160.13,22097.94,Low,Low,Low,Promotional,92.8,145.76,1.099,135.27,87.9,122.1,111.3,0.79,0.344,Behind
2024-11-18,2024,11,Nov,47,0,Monday,0,,0,0,0,42,1,178,177,177,0,170.86,99.4,30242.22,99.4,219,1,99.5,137.46,170.86,7176.12,Low,High,Peak,Rack,93.7,155.26,1.1,145.48,95.0,122.2,113.8,0.835,1.047,On Track
2024-11-19,2024,11,Nov,47,1,Tuesday,0,,0,0,0,45,1,175,177,175,2,179.58,100.0,31426.5,100.0,220,0,100.0,142.85,179.58,8081.1,Low,High,Peak,Rack,94.7,168.64,1.065,159.7,115.0,120.3,116.9,0.984,0.927,On Track
2024-11-20,2024,11,Nov,47,2,Wednesday,0,,0,0,0,220,5,0,159,0,159,184.04,0.0,0.0,,220,0,100.0,0.0,184.04,40488.8,Sold Out,High,Peak,Rack,95.0,167.13,1.101,158.77,106.9,107.1,115.1,0.929,1.871,Ahead
2024-11-21,2024,11,Nov,47,3,Thursday,0,,0,0,0,57,2,163,174,163,11,175.34,100.0,28580.42,100.0,220,0,100.0,129.91,175.34,9994.38,Medium,High,Peak,Rack,95.5,168.44,1.041,160.86,109.9,106.4,116.2,0.946,2.071,Ahead
2024-11-22,2024,11,Nov,47,4,Friday,0,,0,0,0,8,1,212,131,131,0,169.79,61.8,22242.49,61.8,139,81,63.2,101.1,169.79,1358.32,Low,Moderate,Shoulder,Standard,60.2,153.42,1.107,92.36,112.9,107.6,119.5,0.945,1.379,Ahead
2024-11-23,2024,11,Nov,47,5,Saturday,1,OSU Football,1,1,0,8,1,212,218,212,6,211.64,100.0,44867.68,100.0,220,0,100.0,203.94,211.64,1693.12,Low,Peak,Peak,Premium_Event,94.6,202.28,1.046,191.36,133.3,115.3,123.0,1.084,2.202,Ahead
2024-11-24,2024,11,Nov,47,6,Sunday,1,OSU Football,1,1,0,25,1,195,218,195,23,211.94,100.0,41328.3,100.0,220,0,100.0,187.86,211.94,5298.5,Medium,Peak,Peak,Premium_Event,95.0,201.62,1.051,191.54,150.4,119.1,126.7,1.187,2.224,Ahead
2024-11-25,2024,11,Nov,48,0,Monday,0,,0,0,0,85,3,135,172,135,37,168.13,100.0,22697.55,100.0,220,0,100.0,103.17,168.13,14291.05,High,High,Peak,Rack,96.5,159.38,1.055,153.8,144.4,119.7,127.8,1.13,1.096,On Track
2024-11-26,2024,11,Nov,48,1,Tuesday,0,,0,0,0,149,4,71,177,71,106,176.64,100.0,12541.44,100.0,220,0,100.0,57.01,176.64,26319.36,High,High,Peak,Rack,96.6,171.11,1.032,165.29,129.6,122.3,128.3,1.01,0.957,On Track
2024-11-27,2024,11,Nov,48,2,Wednesday,0,Thanksgiving Week,1,0,1,167,4,53,90,53,37,171.46,100.0,9087.38,100.0,220,0,100.0,41.31,171.46,28633.82,High,Low,Low,Holiday_Reduced,94.6,151.69,1.13,143.5,137.1,122.0,123.7,1.108,0.536,Behind
2024-11-28,2024,11,Nov,48,3,Thursday,0,Thanksgiving Week,1,0,1,122,3,98,82,82,0,153.75,83.7,12607.5,83.7,204,16,92.7,57.31,153.75,18757.5,Low,Low,Low,Holiday_Reduced,88.0,141.13,1.089,124.19,125.6,117.7,121.3,1.035,0.458,Behind
2024-11-29,2024,11,Nov,48,4,Friday,0,Thanksgiving Week,1,0,1,37,1,183,84,84,0,152.58,45.9,12816.72,45.9,121,99,55.0,58.26,152.58,5645.46,Low,Low,Low,Holiday_Reduced,50.9,142.92,1.068,72.75,118.9,115.9,122.8,0.968,1.151,Ahead
2024-11-30,2024,11,Nov,48,5,Saturday,1,Thanksgiving Week,1,0,1,37,1,183,88,88,0,149.15,48.1,13125.2,48.1,125,95,56.8,59.66,149.15,5518.55,Low,Low,Low,Holiday_Reduced,52.8,135.13,1.104,71.35,101.1,117.2,119.8,0.844,1.257,Ahead
2024-12-01,2024,12,Dec,48,6,Sunday,1,Thanksgiving Week,1,0,1,220,4,0,51,0,51,116.93,0.0,0.0,,220,0,100.0,0.0,116.93,25724.6,Sold Out,Soft,Low,Holiday_Reduced,95.3,111.16,1.052,105.94,73.3,111.9,115.7,0.634,1.041,On Track
2024-12-02,2024,12,Dec,49,0,Monday,0,,0,0,0,154,3,66,94,66,28,154.38,100.0,10189.08,100.0,220,0,100.0,46.31,154.38,23774.52,Medium,Low,Low,Promotional,94.5,142.24,1.085,134.42,63.4,103.9,113.9,0.557,0.847,Behind
2024-12-03,2024,12,Dec,49,1,Tuesday,0,,0,0,0,93,2,127,115,115,0,156.88,90.6,18041.2,90.6,208,12,94.5,82.01,156.88,14589.84,Low,Moderate,Shoulder,Standard,87.5,152.15,1.031,133.13,69.7,99.6,115.2,0.605,1.139,Ahead
2024-12-04,2024,12,Dec,49,2,Wednesday,0,,0,0,0,13,1,207,104,104,0,148.3,50.2,15423.2,50.2,117,103,53.2,70.11,148.3,1927.9,Low,Low,Low,Promotional,50.2,136.92,1.083,68.73,77.0,107.1,112.8,0.683,1.0,On Track
2024-12-05,2024,12,Dec,49,3,Thursday,0,,0,0,0,0,0,220,113,113,0,146.8,51.4,16588.4,51.4,113,107,51.4,75.4,146.8,0.0,Low,Low,Low,Promotional,49.7,129.23,1.136,64.23,81.4,103.5,109.9,0.741,1.037,On Track
2024-12-06,2024,12,Dec,49,4,Friday,0,,0,0,0,40,1,180,74,74,0,138.44,41.1,10244.56,41.1,114,106,51.8,46.57,138.44,5537.6,Low,Low,Low,Promotional,48.4,132.19,1.047,63.98,80.0,99.4,106.2,0.753,0.937,On Track
2024-12-07,2024,12,Dec,49,5,Saturday,1,,0,0,0,0,0,220,87,87,0,145.17,39.5,12629.79,39.5,87,133,39.5,57.41,145.17,0.0,Low,Low,Low,Promotional,36.5,129.42,1.122,47.24,79.9,90.5,103.3,0.773,1.261,Ahead
2024-12-08,2024,12,Dec,49,6,Sunday,1,,0,0,0,0,0,220,54,54,0,128.83,24.5,6956.82,24.5,54,166,24.5,31.62,128.83,0.0,Low,Soft,Low,Promotional,23.2,122.04,1.056,28.31,87.6,80.4,101.3,0.865,1.08,On Track
2024-12-09,2024,12,Dec,50,0,Monday,0,,0,0,0,0,0,220,102,102,0,131.77,46.4,13440.54,46.4,102,118,46.4,61.09,131.77,0.0,Low,Low,Low,Promotional,43.5,125.41,1.051,54.55,92.7,78.1,101.2,0.916,1.01,On Track
2024-12-10,2024,12,Dec,50,1,Tuesday,0,,0,0,0,112,2,108,101,101,0,161.44,93.5,16305.44,93.5,213,7,96.8,74.12,161.44,18081.28,Low,Low,Low,Promotional,93.1,146.74,1.1,136.61,90.7,80.2,99.9,0.908,0.849,Behind
2024-12-11,2024,12,Dec,50,2,Wednesday,0,,0,0,0,151,3,69,105,69,36,171.42,100.0,11827.98,100.0,220,0,100.0,53.76,171.42,25884.42,High,Low,Low,Promotional,92.4,151.93,1.128,140.38,85.7,81.4,98.0,0.874,0.84,Behind
2024-12-12,2024,12,Dec,50,3,Thursday,0,,0,0,0,128,2,92,110,92,18,154.33,100.0,14198.36,100.0,220,0,100.0,64.54,154.33,19754.24,Medium,Low,Low,Promotional,94.7,138.61,1.113,131.26,82.7,82.1,99.9,0.828,1.146,Ahead
2024-12-13,2024,12,Dec,50,4,Friday,0,,0,0,0,0,0,220,85,85,0,144.6,38.6,12291.0,38.6,85,135,38.6,55.87,144.6,0.0,Low,Low,Low,Promotional,37.3,140.05,1.032,52.24,84.3,82.1,100.8,0.836,1.118,Ahead
2024-12-14,2024,12,Dec,50,5,Saturday,1,,0,0,0,0,0,220,71,71,0,141.74,32.3,10063.54,32.3,71,149,32.3,45.74,141.74,0.0,Low,Low,Low,Promotional,31.1,130.28,1.088,40.52,82.0,80.9,98.4,0.833,0.835,Behind
2024-12-15,2024,12,Dec,50,6,Sunday,1,,0,0,0,0,0,220,50,50,0,136.68,22.7,6834.0,22.7,50,170,22.7,31.06,136.68,0.0,Low,Soft,Low,Promotional,21.5,130.32,1.049,28.02,81.4,84.5,96.4,0.844,0.926,On Track
2024-12-16,2024,12,Dec,51,0,Monday,0,,0,0,0,0,0,220,98,98,0,136.83,44.5,13409.34,44.5,98,122,44.5,60.95,136.83,0.0,Low,Low,Low,Promotional,42.4,126.73,1.08,53.73,80.9,86.8,97.4,0.831,1.065,On Track
2024-12-17,2024,12,Dec,51,1,Tuesday,0,,0,0,0,0,0,220,108,108,0,157.0,49.1,16956.0,49.1,108,112,49.1,77.07,157.0,0.0,Low,Low,Low,Promotional,47.5,143.08,1.097,67.96,81.9,86.3,98.5,0.831,0.878,Behind
2024-12-18,2024,12,Dec,51,2,Wednesday,0,,0,0,0,47,1,173,101,101,0,147.29,58.4,14876.29,58.4,148,72,67.3,67.62,147.29,6922.63,Low,Low,Low,Promotional,65.1,138.14,1.066,89.93,86.4,86.1,96.0,0.9,0.935,On Track
2024-12-19,2024,12,Dec,51,3,Thursday,0,,0,0,0,143,3,77,98,77,21,163.5,100.0,12589.5,100.0,220,0,100.0,57.23,163.5,23380.5,Medium,Low,Low,Promotional,96.7,153.76,1.063,148.69,84.3,83.5,92.7,0.909,0.899,Behind
2024-12-20,2024,12,Dec,51,4,Friday,0,,0,0,0,70,2,150,80,80,0,137.37,53.3,10989.6,53.3,150,70,68.2,49.95,137.37,9615.9,Low,Low,Low,Promotional,64.8,123.89,1.109,80.28,83.6,83.9,95.4,0.876,0.976,On Track
2024-12-21,2024,12,Dec,51,5,Saturday,1,,0,0,0,149,4,71,69,69,0,164.53,97.2,11352.57,97.2,218,2,99.1,51.6,164.53,24514.97,Low,Soft,Low,Promotional,95.6,146.67,1.122,140.22,83.3,82.6,92.2,0.903,1.769,Ahead
2024-12-22,2024,12,Dec,51,6,Sunday,1,,0,0,0,168,4,52,47,47,0,148.81,90.4,6994.07,90.4,215,5,97.7,31.79,148.81,25000.08,Low,Soft,Low,Promotional,94.2,133.19,1.117,125.46,82.9,82.1,89.4,0.927,1.146,Ahead
2024-12-23,2024,12,Dec,52,0,Monday,0,Holiday Week,1,0,1,41,1,179,37,37,0,115.0,20.7,4255.0,20.7,78,142,35.5,19.34,115.0,4715.0,Low,Soft,Low,Holiday_Reduced,32.7,108.89,1.056,35.61,74.1,77.5,83.6,0.886,0.86,Behind
2024-12-24,2024,12,Dec,52,1,Tuesday,0,Holiday Week,1,0,1,0,0,220,44,44,0,133.7,20.0,5882.8,20.0,44,176,20.0,26.74,133.7,0.0,Low,Soft,Low,Holiday_Reduced,20.0,118.82,1.125,23.76,65.0,73.4,78.6,0.827,1.048,On Track
2024-12-25,2024,12,Dec,52,2,Wednesday,0,Holiday Week,1,0,1,24,1,196,40,40,0,135.2,20.4,5408.0,20.4,64,156,29.1,24.58,135.2,3244.8,Low,Soft,Low,Holiday_Reduced,28.1,129.48,1.044,36.38,56.3,71.4,75.4,0.747,0.952,On Track
2024-12-26,2024,12,Dec,52,3,Thursday,0,Holiday Week,1,0,1,95,2,125,36,36,0,128.12,28.8,4612.32,28.8,131,89,59.5,20.97,128.12,12171.4,Low,Soft,Low,Holiday_Reduced,56.8,121.7,1.053,69.13,50.4,67.4,74.2,0.679,0.857,Behind
2024-12-27,2024,12,Dec,52,4,Friday,0,Holiday Week,1,0,1,136,3,84,40,40,0,115.08,47.6,4603.2,47.6,176,44,80.0,20.92,115.08,15650.88,Low,Soft,Low,Holiday_Reduced,74.6,102.61,1.122,76.55,44.7,64.1,73.8,0.606,1.081,On Track
2024-12-28,2024,12,Dec,52,5,Saturday,1,Holiday Week,1,0,1,55,2,165,39,39,0,122.66,23.6,4783.74,23.6,94,126,42.7,21.74,122.66,6746.3,Low,Soft,Low,Holiday_Reduced,41.0,108.66,1.129,44.55,40.4,61.9,72.4,0.558,1.054,On Track
2024-12-29,2024,12,Dec,52,6,Sunday,1,Holiday Week,1,0,1,83,2,137,41,41,0,115.0,29.9,4715.0,29.9,124,96,56.4,21.43,115.0,9545.0,Low,Soft,Low,Holiday_Reduced,53.7,104.13,1.104,55.92,39.6,61.2,70.9,0.559,0.911,On Track
2024-12-30,2024,12,Dec,1,0,Monday,0,Holiday Week,1,0,1,0,0,220,40,40,0,115.81,18.2,4632.4,18.2,40,180,18.2,21.06,115.81,0.0,Low,Soft,Low,Holiday_Reduced,20.0,107.15,1.081,21.43,40.0,57.1,69.3,0.577,0.36,Behind
2024-12-31,2024,12,Dec,1,1,Tuesday,0,Holiday Week,1,0,1,0,0,220,38,38,0,123.94,17.3,4709.72,17.3,38,182,17.3,21.41,123.94,0.0,Low,Soft,Low,Holiday_Reduced,20.0,118.28,1.048,23.66,39.1,52.1,70.6,0.554,0.27,Behind
2025-01-01,2025,1,Jan,1,2,Wednesday,0,,0,0,0,0,0,220,147,147,0,151.2,66.8,22226.4,66.8,147,73,66.8,101.03,151.2,0.0,Low,Moderate,Shoulder,Standard,64.8,141.72,1.067,91.83,54.4,55.4,73.3,0.742,1.073,On Track
2025-01-02,2025,1,Jan,1,3,Thursday,0,,0,0,0,0,0,220,112,112,0,148.58,50.9,16640.96,50.9,112,108,50.9,75.64,148.58,0.0,Low,Low,Low,Promotional,48.1,139.1,1.068,66.91,65.3,57.9,73.2,0.892,0.918,On Track
2025-01-03,2025,1,Jan,1,4,Friday,0,,0,0,0,0,0,220,92,92,0,143.3,41.8,13183.6,41.8,92,128,41.8,59.93,143.3,0.0,Low,Low,Low,Promotional,39.9,128.57,1.115,51.3,72.7,58.7,72.8,0.999,1.108,Ahead
2025-01-04,2025,1,Jan,1,5,Saturday,1,,0,0,0,130,1,90,98,90,8,157.53,100.0,14177.7,100.0,220,0,100.0,64.44,157.53,20478.9,Low,Low,Low,Promotional,95.1,150.08,1.05,142.73,80.0,60.2,72.0,1.111,1.077,On Track
2025-01-05,2025,1,Jan,1,6,Sunday,1,,0,0,0,34,1,186,54,54,0,135.44,29.0,7313.76,29.0,88,132,40.0,33.24,135.44,4604.96,Low,Soft,Low,Promotional,37.5,129.98,1.042,48.74,81.9,60.7,71.4,1.147,0.844,Behind
2025-01-06,2025,1,Jan,2,0,Monday,0,,0,0,0,0,0,220,125,125,0,133.04,56.8,16630.0,56.8,125,95,56.8,75.59,133.04,0.0,Low,Moderate,Shoulder,Standard,54.3,125.71,1.058,68.26,94.0,67.0,72.6,1.295,0.962,On Track
2025-01-07,2025,1,Jan,2,1,Tuesday,0,,0,0,0,5,1,215,117,117,0,148.48,54.4,17372.16,54.4,122,98,55.5,78.96,148.48,742.4,Low,Moderate,Shoulder,Standard,52.5,133.68,1.111,70.18,105.3,72.2,74.7,1.41,0.914,On Track
2025-01-08,2025,1,Jan,2,2,Wednesday,0,,0,0,0,64,2,156,116,116,0,152.06,74.4,17638.96,74.4,180,40,81.8,80.18,152.06,9731.84,Low,Moderate,Shoulder,Standard,76.0,147.25,1.033,111.91,100.9,77.6,75.2,1.342,0.835,Behind
2025-01-09,2025,1,Jan,2,3,Thursday,0,,0,0,0,59,1,161,115,115,0,143.22,71.4,16470.3,71.4,174,46,79.1,74.86,143.22,8449.98,Low,Moderate,Shoulder,Standard,75.5,134.48,1.065,101.53,101.3,83.3,75.7,1.338,0.935,On Track
2025-01-10,2025,1,Jan,2,4,Friday,0,,0,0,0,59,1,161,100,100,0,141.78,62.1,14178.0,62.1,159,61,72.3,64.45,141.78,8365.02,Low,Low,Low,Promotional,67.2,136.44,1.039,91.69,102.4,87.6,76.7,1.335,1.163,Ahead
2025-01-11,2025,1,Jan,2,5,Saturday,1,,0,0,0,188,3,32,93,32,61,151.62,100.0,4851.84,100.0,220,0,100.0,22.05,151.62,28504.56,High,Low,Low,Promotional,94.9,134.2,1.13,127.36,94.1,87.1,74.7,1.26,1.011,On Track
2025-01-12,2025,1,Jan,2,6,Sunday,1,,0,0,0,95,1,125,55,55,0,133.03,44.0,7316.65,44.0,150,70,68.2,33.26,133.03,12637.85,Low,Soft,Low,Promotional,64.4,119.89,1.11,77.21,94.3,88.1,73.7,1.28,0.902,On Track
2025-01-13,2025,1,Jan,3,0,Monday,0,,0,0,0,95,1,125,118,118,0,146.88,94.4,17331.84,94.4,213,7,96.8,78.78,146.88,13953.6,Low,Moderate,Shoulder,Standard,91.2,137.49,1.068,125.39,93.3,93.6,75.3,1.239,1.063,On Track
2025-01-14,2025,1,Jan,3,1,Tuesday,0,,0,0,0,72,1,148,145,145,0,158.98,98.0,23052.1,98.0,217,3,98.6,104.78,158.98,11446.56,Low,Moderate,Shoulder,Standard,93.1,145.7,1.091,135.65,97.3,101.3,78.4,1.241,1.043,On Track
2025-01-15,2025,1,Jan,3,2,Wednesday,0,,0,0,0,69,1,151,120,120,0,160.94,79.5,19312.8,79.5,189,31,85.9,87.79,160.94,11104.86,Low,Moderate,Shoulder,Standard,79.2,154.39,1.042,122.28,97.9,99.4,79.2,1.236,0.909,On Track
2025-01-16,2025,1,Jan,3,3,Thursday,0,,0,0,0,101,2,119,133,119,14,156.13,100.0,18579.47,100.0,220,0,100.0,84.45,156.13,15769.13,Medium,Moderate,Shoulder,Standard,93.5,149.29,1.046,139.59,98.4,99.9,79.5,1.238,1.188,Ahead
2025-01-17,2025,1,Jan,3,4,Friday,0,,0,0,0,69,2,151,98,98,0,138.94,64.9,13616.12,64.9,167,53,75.9,61.89,138.94,9586.86,Low,Low,Low,Promotional,71.4,130.07,1.068,92.87,98.1,100.3,79.4,1.236,1.032,On Track
2025-01-18,2025,1,Jan,3,5,Saturday,1,,0,0,0,39,1,181,99,99,0,140.22,54.7,13881.78,54.7,138,82,62.7,63.1,140.22,5468.58,Low,Low,Low,Promotional,60.3,132.9,1.055,80.14,107.7,100.9,80.2,1.343,1.179,Ahead
2025-01-19,2025,1,Jan,3,6,Sunday,1,,0,0,0,30,1,190,58,58,0,127.52,30.5,7396.16,30.5,88,132,40.0,33.62,127.52,3825.6,Low,Soft,Low,Promotional,37.4,118.16,1.079,44.19,108.1,101.2,79.4,1.361,1.018,On Track
2025-01-20,2025,1,Jan,4,0,Monday,0,,0,0,0,0,0,220,113,113,0,131.29,51.4,14835.77,51.4,113,107,51.4,67.44,131.29,0.0,Low,Low,Low,Promotional,47.9,119.05,1.103,57.02,107.4,100.4,80.9,1.328,0.983,On Track
2025-01-21,2025,1,Jan,4,1,Tuesday,0,,0,0,0,22,1,198,131,131,0,156.03,66.2,20439.93,66.2,153,67,69.5,92.91,156.03,3432.66,Low,Moderate,Shoulder,Standard,65.2,146.67,1.064,95.63,105.4,101.4,83.7,1.259,1.008,On Track
2025-01-22,2025,1,Jan,4,2,Wednesday,0,,0,0,0,0,0,220,124,124,0,150.94,56.4,18716.56,56.4,124,96,56.4,85.08,150.94,0.0,Low,Moderate,Shoulder,Standard,54.3,143.15,1.054,77.73,106.0,101.9,86.6,1.224,0.947,On Track
2025-01-23,2025,1,Jan,4,3,Thursday,0,,0,0,0,122,2,98,131,98,33,157.03,100.0,15388.94,100.0,220,0,100.0,69.95,157.03,19157.66,High,Moderate,Shoulder,Standard,95.1,150.93,1.04,143.53,103.0,100.7,88.4,1.165,1.083,On Track
2025-01-24,2025,1,Jan,4,4,Friday,0,,0,0,0,122,2,98,82,82,0,140.91,83.7,11554.62,83.7,204,16,92.7,52.52,140.91,17191.02,Low,Low,Low,Promotional,87.3,125.23,1.125,109.33,100.7,99.4,89.8,1.121,0.976,On Track
2025-01-25,2025,1,Jan,4,5,Saturday,1,,0,0,0,87,2,133,92,92,0,143.53,69.2,13204.76,69.2,179,41,81.4,60.02,143.53,12487.11,Low,Low,Low,Promotional,77.4,132.06,1.087,102.21,99.7,103.7,91.7,1.087,0.948,On Track
2025-01-26,2025,1,Jan,4,6,Sunday,1,,0,0,0,87,2,133,56,56,0,132.44,42.1,7416.64,42.1,143,77,65.0,33.71,132.44,11522.28,Low,Soft,Low,Promotional,61.0,123.42,1.073,75.29,99.4,103.8,92.2,1.078,0.918,On Track
2025-01-27,2025,1,Jan,5,0,Monday,0,,0,0,0,53,1,167,130,130,0,149.96,77.8,19494.8,77.8,183,37,83.2,88.61,149.96,7947.88,Low,Moderate,Shoulder,Standard,79.7,134.03,1.119,106.82,101.9,104.6,95.2,1.07,1.008,On Track
2025-01-28,2025,1,Jan,5,1,Tuesday,0,,0,0,0,166,4,54,126,54,72,166.53,100.0,8992.62,100.0,220,0,100.0,40.88,166.53,27643.98,High,Moderate,Shoulder,Standard,93.6,152.16,1.094,142.42,90.9,98.1,95.7,0.95,1.033,On Track
2025-01-29,2025,1,Jan,5,2,Wednesday,0,,0,0,0,102,3,118,117,117,0,166.67,99.2,19500.39,99.2,219,1,99.5,88.64,166.67,17000.34,Low,Moderate,Shoulder,Standard,91.8,151.62,1.099,139.19,89.9,97.9,98.2,0.915,0.907,On Track
2025-01-30,2025,1,Jan,5,3,Thursday,0,,0,0,0,149,4,71,122,71,51,164.28,100.0,11663.88,100.0,220,0,100.0,53.02,164.28,24477.72,High,Moderate,Shoulder,Standard,95.6,148.25,1.108,141.73,86.0,94.5,99.3,0.866,1.008,On Track
2025-01-31,2025,1,Jan,5,4,Friday,0,,0,0,0,189,4,31,101,31,70,150.78,100.0,4674.18,100.0,220,0,100.0,21.25,150.78,28497.42,High,Low,Low,Promotional,92.0,137.45,1.097,126.45,78.7,89.7,95.5,0.824,0.886,Behind
2025-02-01,2025,2,Feb,5,5,Saturday,1,,0,0,0,111,2,109,94,94,0,149.64,86.2,14066.16,86.2,205,15,93.2,63.94,149.64,16610.04,Low,Low,Low,Promotional,87.8,138.25,1.082,121.38,79.0,89.4,94.9,0.832,1.011,On Track
2025-02-02,2025,2,Feb,5,6,Sunday,1,,0,0,0,56,2,164,66,66,0,138.0,40.2,9108.0,40.2,122,98,55.5,41.4,138.0,7728.0,Low,Soft,Low,Promotional,52.4,128.13,1.077,67.14,80.4,89.9,94.0,0.855,1.031,On Track
2025-02-03,2025,2,Feb,6,0,Monday,0,,0,0,0,40,1,180,116,116,0,142.54,64.4,16534.64,64.4,156,64,70.9,75.16,142.54,5701.6,Low,Moderate,Shoulder,Standard,65.4,130.94,1.089,85.63,78.4,90.1,94.9,0.826,0.847,Behind
2025-02-04,2025,2,Feb,6,1,Tuesday,0,,0,0,0,0,0,220,160,160,0,152.6,72.7,24416.0,72.7,160,60,72.7,110.98,152.6,0.0,Low,High,Peak,Rack,68.1,143.23,1.065,97.54,93.6,92.2,98.4,0.951,1.088,On Track
2025-02-05,2025,2,Feb,6,2,Wednesday,0,,0,0,0,0,0,220,149,149,0,152.47,67.7,22718.03,67.7,149,71,67.7,103.26,152.47,0.0,Low,Moderate,Shoulder,Standard,63.6,139.44,1.093,88.68,98.1,94.0,99.2,0.989,1.08,On Track
2025-02-06,2025,2,Feb,6,3,Thursday,0,,0,0,0,0,0,220,126,126,0,148.63,57.3,18727.38,57.3,126,94,57.3,85.12,148.63,0.0,Low,Moderate,Shoulder,Standard,53.4,131.66,1.129,70.31,106.0,96.0,99.5,1.065,0.906,On Track
2025-02-07,2025,2,Feb,6,4,Friday,0,,0,0,0,35,1,185,93,93,0,148.01,50.3,13764.93,50.3,128,92,58.2,62.57,148.01,5180.35,Low,Low,Low,Promotional,55.8,130.63,1.133,72.89,114.9,96.8,98.7,1.164,0.969,On Track
2025-02-08,2025,2,Feb,6,5,Saturday,1,,0,0,0,35,1,185,102,102,0,153.36,55.1,15642.72,55.1,137,83,62.3,71.1,153.36,5367.6,Low,Low,Low,Promotional,58.0,136.46,1.124,79.15,116.0,97.5,98.3,1.18,0.953,On Track
2025-02-09,2025,2,Feb,6,6,Sunday,1,,0,0,0,35,1,185,74,74,0,141.26,40.0,10453.24,40.0,109,111,49.5,47.51,141.26,4944.1,Low,Low,Low,Promotional,45.8,133.56,1.058,61.17,117.1,98.8,97.4,1.202,1.194,Ahead
2025-02-10,2025,2,Feb,7,0,Monday,0,,0,0,0,75,1,145,146,145,1,154.32,100.0,22376.4,100.0,220,0,100.0,101.71,154.32,11574.0,Low,Moderate,Shoulder,Standard,94.0,148.01,1.043,139.13,121.3,99.9,101.2,1.199,1.09,On Track
2025-02-11,2025,2,Feb,7,1,Tuesday,0,,0,0,0,75,1,145,157,145,12,175.9,100.0,25505.5,100.0,220,0,100.0,115.93,175.9,13192.5,Medium,Moderate,Shoulder,Standard,93.1,163.91,1.073,152.6,119.1,106.4,104.2,1.143,1.026,On Track
2025-02-12,2025,2,Feb,7,2,Wednesday,0,,0,0,0,40,1,180,137,137,0,155.09,76.1,21247.33,76.1,177,43,80.5,96.58,155.09,6203.6,Low,Moderate,Shoulder,Standard,74.6,137.78,1.126,102.78,117.4,107.8,104.8,1.12,0.986,On Track
2025-02-13,2025,2,Feb,7,3,Thursday,0,,0,0,0,0,0,220,150,150,0,152.19,68.2,22828.5,68.2,150,70,68.2,103.77,152.19,0.0,Low,Moderate,Shoulder,Standard,66.1,138.05,1.102,91.25,120.9,113.4,105.0,1.151,1.21,Ahead
2025-02-14,2025,2,Feb,7,4,Friday,0,,0,0,0,0,0,220,95,95,0,140.62,43.2,13358.9,43.2,95,125,43.2,60.72,140.62,0.0,Low,Low,Low,Promotional,40.3,132.17,1.064,53.26,121.1,118.0,104.2,1.162,0.979,On Track
2025-02-15,2025,2,Feb,7,5,Saturday,1,,0,0,0,50,1,170,100,100,0,145.58,58.8,14558.0,58.8,150,70,68.2,66.17,145.58,7279.0,Low,Low,Low,Promotional,64.0,139.56,1.043,89.32,120.9,118.4,103.5,1.168,1.02,On Track
2025-02-16,2025,2,Feb,7,6,Sunday,1,,0,0,0,60,1,160,73,73,0,137.76,45.6,10056.48,45.6,133,87,60.5,45.71,137.76,8265.6,Low,Low,Low,Promotional,58.1,129.1,1.067,75.01,120.7,118.9,102.7,1.175,1.028,On Track
2025-02-17,2025,2,Feb,8,0,Monday,0,,0,0,0,0,0,220,121,121,0,138.39,55.0,16745.19,55.0,121,99,55.0,76.11,138.39,0.0,Low,Moderate,Shoulder,Standard,52.0,125.21,1.105,65.11,117.3,119.3,103.4,1.134,0.953,On Track
2025-02-18,2025,2,Feb,8,1,Tuesday,0,,0,0,0,0,0,220,153,153,0,148.81,69.5,22767.93,69.5,153,67,69.5,103.49,148.81,0.0,Low,Moderate,Shoulder,Standard,64.3,143.98,1.034,92.58,118.4,118.8,106.6,1.111,0.968,On Track
2025-02-19,2025,2,Feb,8,2,Wednesday,0,,0,0,0,129,2,91,166,91,75,163.93,100.0,14917.63,100.0,220,0,100.0,67.81,163.93,21146.97,High,High,Peak,Rack,93.8,158.44,1.035,148.62,111.9,114.6,105.9,1.057,1.107,Ahead
2025-02-20,2025,2,Feb,8,3,Thursday,0,,0,0,0,220,4,0,149,0,149,162.88,0.0,0.0,,220,0,100.0,0.0,162.88,35833.6,Sold Out,Moderate,Shoulder,Standard,94.9,144.05,1.131,136.7,90.4,105.6,101.5,0.891,1.007,On Track
2025-02-21,2025,2,Feb,8,4,Friday,0,,0,0,0,197,3,23,102,23,79,159.15,100.0,3660.45,100.0,220,0,100.0,16.64,159.15,31352.55,High,Low,Low,Promotional,95.0,154.21,1.032,146.5,80.1,100.6,98.1,0.817,0.927,On Track
2025-02-22,2025,2,Feb,8,5,Saturday,1,,0,0,0,220,3,0,97,0,97,158.87,0.0,0.0,,220,0,100.0,0.0,158.87,34951.4,Sold Out,Low,Low,Promotional,96.6,143.35,1.108,138.48,65.9,93.4,94.9,0.694,0.924,On Track
2025-02-23,2025,2,Feb,8,6,Sunday,1,,0,0,0,220,4,0,72,0,72,147.95,0.0,0.0,,220,0,100.0,0.0,147.95,32549.0,Sold Out,Low,Low,Promotional,92.5,138.07,1.072,127.71,55.4,88.1,92.1,0.602,0.96,On Track
2025-02-24,2025,2,Feb,9,0,Monday,0,,0,0,0,220,4,0,119,0,119,154.68,0.0,0.0,,220,0,100.0,0.0,154.68,34029.6,Sold Out,Moderate,Shoulder,Standard,94.5,140.58,1.1,132.85,38.1,77.7,89.1,0.428,0.869,Behind
2025-02-25,2025,2,Feb,9,1,Tuesday,0,,0,0,0,68,1,152,148,148,0,167.02,97.4,24718.96,97.4,216,4,98.2,112.36,167.02,11357.36,Low,Moderate,Shoulder,Standard,94.4,153.28,1.09,144.7,37.4,77.9,92.1,0.406,0.897,Behind
2025-02-26,2025,2,Feb,9,2,Wednesday,0,,0,0,0,0,0,220,154,154,0,145.33,70.0,22380.82,70.0,154,66,70.0,101.73,145.33,0.0,Low,Moderate,Shoulder,Standard,67.8,139.95,1.038,94.89,46.4,79.1,92.9,0.499,1.041,On Track
2025-02-27,2025,2,Feb,9,3,Thursday,0,,0,0,0,135,2,85,133,85,48,166.21,100.0,14127.85,100.0,220,0,100.0,64.22,166.21,22438.35,High,Moderate,Shoulder,Standard,94.0,149.77,1.11,140.78,58.6,74.5,94.0,0.623,0.911,On Track
2025-02-28,2025,2,Feb,9,4,Friday,0,,0,0,0,184,4,36,113,36,77,164.47,100.0,5920.92,100.0,220,0,100.0,26.91,164.47,30262.48,High,Low,Low,Promotional,95.2,148.03,1.111,140.92,60.4,70.3,91.3,0.662,1.066,On Track
2025-03-01,2025,3,Mar,9,5,Saturday,1,,0,0,0,137,2,83,124,83,41,169.24,100.0,14046.92,100.0,220,0,100.0,63.85,169.24,23185.88,High,Moderate,Shoulder,Standard,93.5,159.25,1.063,148.9,72.3,69.1,91.7,0.788,1.06,On Track
2025-03-02,2025,3,Mar,9,6,Sunday,1,,0,0,0,75,1,145,85,85,0,143.69,58.6,12213.65,58.6,160,60,72.7,55.52,143.69,10776.75,Low,Low,Low,Promotional,67.0,126.94,1.132,85.05,84.4,69.9,93.5,0.903,1.197,Ahead
2025-03-03,2025,3,Mar,10,0,Monday,0,,0,0,0,0,0,220,152,152,0,154.08,69.1,23420.16,69.1,152,68,69.1,106.46,154.08,0.0,Low,Moderate,Shoulder,Standard,63.7,148.99,1.034,94.91,106.1,72.1,95.4,1.112,0.933,On Track
2025-03-04,2025,3,Mar,10,1,Tuesday,0,,0,0,0,0,0,220,159,159,0,157.92,72.3,25109.28,72.3,159,61,72.3,114.13,157.92,0.0,Low,High,Peak,Rack,67.3,147.39,1.071,99.19,107.7,72.6,98.5,1.093,1.0,On Track
2025-03-05,2025,3,Mar,10,2,Wednesday,0,,0,0,0,0,0,220,177,177,0,169.17,80.5,29943.09,80.5,177,43,80.5,136.1,169.17,0.0,Low,High,Peak,Rack,77.3,152.55,1.109,117.92,111.0,78.7,100.5,1.104,1.079,On Track
2025-03-06,2025,3,Mar,10,3,Thursday,0,Arnold Sports Festival,1,0,0,70,3,150,218,150,68,192.55,100.0,28882.5,100.0,220,0,100.0,131.28,192.55,13478.5,High,Peak,Peak,Premium_Event,95.5,183.77,1.048,175.5,120.3,89.4,100.2,1.201,1.0,On Track
2025-03-07,2025,3,Mar,10,4,Friday,0,Arnold Sports Festival,1,0,0,52,2,168,218,168,50,196.67,100.0,33040.56,100.0,220,0,100.0,150.18,196.67,10226.84,High,Peak,Peak,Premium_Event,96.0,185.43,1.061,178.01,139.1,99.8,100.8,1.38,1.0,On Track
2025-03-08,2025,3,Mar,10,5,Saturday,1,Arnold Sports Festival,1,0,0,103,2,117,218,117,101,210.64,100.0,24644.88,100.0,220,0,100.0,112.02,210.64,21695.92,High,Peak,Peak,Premium_Event,92.3,189.99,1.109,175.36,144.0,108.1,100.5,1.433,1.0,On Track
2025-03-09,2025,3,Mar,10,6,Sunday,1,Arnold Sports Festival,1,0,0,184,4,36,218,36,182,192.09,100.0,6915.24,100.0,220,0,100.0,31.43,192.09,35344.56,High,Peak,Peak,Premium_Event,96.0,170.23,1.128,163.42,137.0,110.7,98.6,1.389,1.0,On Track
2025-03-10,2025,3,Mar,11,0,Monday,0,,0,0,0,220,5,0,166,0,166,170.14,0.0,0.0,,220,0,100.0,0.0,170.14,37430.8,Sold Out,High,Peak,Rack,94.1,158.46,1.074,149.11,115.3,110.7,95.2,1.211,1.078,On Track
2025-03-11,2025,3,Mar,11,1,Tuesday,0,,0,0,0,0,0,220,167,167,0,172.82,75.9,28860.94,75.9,167,53,75.9,131.19,172.82,0.0,Low,High,Peak,Rack,72.4,155.64,1.11,112.68,116.4,112.1,98.3,1.184,0.938,On Track
2025-03-12,2025,3,Mar,11,2,Wednesday,0,,0,0,0,60,1,160,176,160,16,170.92,100.0,27347.2,100.0,220,0,100.0,124.31,170.92,10255.2,Medium,High,Peak,Rack,93.2,156.78,1.09,146.12,114.0,112.5,98.8,1.154,0.936,On Track
2025-03-13,2025,3,Mar,11,3,Thursday,0,,0,0,0,60,1,160,149,149,0,169.12,93.1,25198.88,93.1,209,11,95.0,114.54,169.12,10147.2,Low,Moderate,Shoulder,Standard,90.2,156.25,1.082,140.94,113.9,117.1,99.0,1.151,1.088,On Track
2025-03-14,2025,3,Mar,11,4,Friday,0,,0,0,0,83,2,137,113,113,0,159.17,82.5,17986.21,82.5,196,24,89.1,81.76,159.17,13211.11,Low,Low,Low,Promotional,83.4,140.97,1.129,117.57,106.0,122.6,98.2,1.079,0.991,On Track
2025-03-15,2025,3,Mar,11,5,Saturday,1,,0,0,0,76,1,144,127,127,0,150.91,88.2,19165.57,88.2,203,17,92.3,87.12,150.91,11469.16,Low,Moderate,Shoulder,Standard,87.9,143.16,1.054,125.84,107.4,125.7,97.4,1.103,1.21,Ahead
2025-03-16,2025,3,Mar,11,6,Sunday,1,,0,0,0,220,4,0,83,0,83,151.52,0.0,0.0,,220,0,100.0,0.0,151.52,33334.4,Sold Out,Low,Low,Promotional,94.3,139.69,1.085,131.73,102.3,119.6,94.2,1.086,1.122,Ahead
2025-03-17,2025,3,Mar,12,0,Monday,0,,0,0,0,39,1,181,138,138,0,154.18,76.2,21276.84,76.2,177,43,80.5,96.71,154.18,6013.02,Low,Moderate,Shoulder,Standard,76.8,138.55,1.113,106.41,122.0,118.6,95.5,1.277,0.939,On Track
2025-03-18,2025,3,Mar,12,1,Tuesday,0,,0,0,0,37,1,183,161,161,0,161.57,88.0,26012.77,88.0,198,22,90.0,118.24,161.57,5978.09,Low,High,Peak,Rack,84.4,148.78,1.086,125.57,121.1,118.8,98.4,1.231,1.025,On Track
2025-03-19,2025,3,Mar,12,2,Wednesday,0,,0,0,0,97,2,123,190,123,67,176.5,100.0,21709.5,100.0,220,0,100.0,98.68,176.5,17120.5,High,High,Peak,Rack,93.5,160.75,1.098,150.3,115.9,114.9,98.5,1.177,1.131,Ahead
2025-03-20,2025,3,Mar,12,3,Thursday,0,,0,0,0,60,1,160,151,151,0,183.03,94.4,27637.53,94.4,211,9,95.9,125.63,183.03,10981.8,Low,Moderate,Shoulder,Standard,89.5,164.14,1.115,146.91,116.1,115.0,98.4,1.18,1.02,On Track
2025-03-21,2025,3,Mar,12,4,Friday,0,,0,0,0,105,2,115,119,115,4,164.74,100.0,18945.1,100.0,220,0,100.0,86.11,164.74,17297.7,Low,Moderate,Shoulder,Standard,92.9,148.78,1.107,138.22,116.4,111.2,99.2,1.173,0.902,On Track
2025-03-22,2025,3,Mar,12,5,Saturday,1,,0,0,0,60,1,160,124,124,0,167.5,77.5,20770.0,77.5,184,36,83.6,94.41,167.5,10050.0,Low,Moderate,Shoulder,Standard,77.9,147.66,1.134,115.03,116.0,111.7,103.4,1.122,1.051,On Track
2025-03-23,2025,3,Mar,12,6,Sunday,1,,0,0,0,95,2,125,73,73,0,151.21,58.4,11038.33,58.4,168,52,76.4,50.17,151.21,14364.95,Low,Low,Low,Promotional,71.0,144.74,1.045,102.77,126.4,114.4,105.0,1.204,1.028,On Track
2025-03-24,2025,3,Mar,13,0,Monday,0,,0,0,0,180,3,40,168,40,128,167.38,100.0,6695.2,100.0,220,0,100.0,30.43,167.38,30128.4,High,High,Peak,Rack,93.8,157.21,1.065,147.46,112.4,117.2,106.4,1.056,1.043,On Track
2025-03-25,2025,3,Mar,13,1,Tuesday,0,,0,0,0,220,5,0,166,0,166,174.78,0.0,0.0,,220,0,100.0,0.0,174.78,38451.6,Sold Out,High,Peak,Rack,96.6,156.97,1.113,151.63,89.4,105.3,106.4,0.84,0.902,On Track
2025-03-26,2025,3,Mar,13,2,Wednesday,0,,0,0,0,210,4,10,164,10,154,169.12,100.0,1691.2,100.0,220,0,100.0,7.69,169.12,35515.2,High,High,Peak,Rack,94.6,151.13,1.119,142.97,73.3,94.6,106.7,0.687,0.988,On Track
2025-03-27,2025,3,Mar,13,3,Thursday,0,,0,0,0,29,1,191,154,154,0,167.63,80.6,25815.02,80.6,183,37,83.2,117.34,167.63,4861.27,Low,Moderate,Shoulder,Standard,80.0,148.75,1.127,119.0,73.7,94.9,106.9,0.689,1.132,Ahead
2025-03-28,2025,3,Mar,13,4,Friday,0,,0,0,0,127,3,93,132,93,39,173.27,100.0,16114.11,100.0,220,0,100.0,73.25,173.27,22005.29,High,Moderate,Shoulder,Standard,93.6,153.13,1.132,143.33,70.6,93.5,104.9,0.673,1.168,Ahead
2025-03-29,2025,3,Mar,13,5,Saturday,1,,0,0,0,220,5,0,108,0,108,172.97,0.0,0.0,,220,0,100.0,0.0,172.97,38053.4,Sold Out,Low,Low,Promotional,95.1,166.4,1.039,158.25,52.9,84.4,102.0,0.519,0.885,Behind
2025-03-30,2025,3,Mar,13,6,Sunday,1,,0,0,0,199,4,21,78,21,57,159.25,100.0,3344.25,100.0,220,0,100.0,15.2,159.25,31690.75,High,Low,Low,Promotional,92.2,148.01,1.076,136.47,45.4,85.9,101.5,0.447,0.94,On Track
2025-03-31,2025,3,Mar,14,0,Monday,0,,0,0,0,0,0,220,160,160,0,143.73,72.7,22996.8,72.7,160,60,72.7,104.53,143.73,0.0,Low,High,Peak,Rack,69.8,131.89,1.09,92.06,62.6,87.5,104.1,0.601,0.821,Behind
2025-04-01,2025,4,Apr,14,1,Tuesday,0,,0,0,0,92,2,128,191,128,63,196.64,100.0,25169.92,100.0,220,0,100.0,114.41,196.64,18090.88,High,High,Peak,Rack,95.8,178.62,1.101,171.12,80.9,85.1,105.5,0.767,0.927,On Track
2025-04-02,2025,4,Apr,14,2,Wednesday,0,,0,0,0,220,5,0,190,0,190,183.29,0.0,0.0,,220,0,100.0,0.0,183.29,40323.8,Sold Out,High,Peak,Rack,94.3,177.53,1.032,167.41,79.4,76.4,100.5,0.79,1.005,On Track
2025-04-03,2025,4,Apr,14,3,Thursday,0,,0,0,0,220,9,0,184,0,184,171.84,0.0,0.0,,220,0,100.0,0.0,171.84,37804.8,Sold Out,High,Peak,Rack,92.4,161.1,1.067,148.86,57.4,65.6,95.2,0.603,0.974,On Track
2025-04-04,2025,4,Apr,14,4,Friday,0,,0,0,0,220,4,0,149,0,149,175.94,0.0,0.0,,220,0,100.0,0.0,175.94,38706.8,Sold Out,Moderate,Shoulder,Standard,94.3,164.58,1.069,155.2,44.1,57.4,89.3,0.494,0.943,On Track
2025-04-05,2025,4,Apr,14,5,Saturday,1,,0,0,0,120,2,100,135,100,35,184.79,100.0,18479.0,100.0,220,0,100.0,84.0,184.79,22174.8,High,Moderate,Shoulder,Standard,93.2,166.31,1.111,155.0,58.4,55.6,87.6,0.667,0.957,On Track
2025-04-06,2025,4,Apr,14,6,Sunday,1,,0,0,0,24,1,196,84,84,0,149.89,42.9,12590.76,42.9,108,112,49.1,57.23,149.89,3597.36,Low,Low,Low,Promotional,45.2,142.98,1.048,64.63,67.4,56.4,84.8,0.795,0.955,On Track
2025-04-07,2025,4,Apr,15,0,Monday,0,,0,0,0,208,4,12,199,12,187,171.19,100.0,2054.28,100.0,220,0,100.0,9.34,171.19,35607.52,High,Peak,Peak,Rack,94.1,152.44,1.123,143.45,46.3,54.4,81.3,0.569,1.087,On Track
2025-04-08,2025,4,Apr,15,1,Tuesday,0,,0,0,0,202,4,18,180,18,162,178.78,100.0,3218.04,100.0,220,0,100.0,14.63,178.78,36113.56,High,High,Peak,Rack,93.3,170.86,1.046,159.41,30.6,55.7,80.7,0.379,0.849,Behind
2025-04-09,2025,4,Apr,15,2,Wednesday,0,,0,0,0,115,3,105,191,105,86,190.0,100.0,19950.0,100.0,220,0,100.0,90.68,190.0,21850.0,High,High,Peak,Rack,92.1,170.5,1.114,157.03,45.6,62.5,84.2,0.542,0.914,On Track
2025-04-10,2025,4,Apr,15,3,Thursday,0,,0,0,0,89,1,131,162,131,31,185.07,100.0,24244.17,100.0,220,0,100.0,110.2,185.07,16471.23,High,High,Peak,Rack,92.6,165.54,1.118,153.29,64.3,60.9,83.0,0.775,0.814,Behind
2025-04-11,2025,4,Apr,15,4,Friday,0,,0,0,0,89,1,131,130,130,0,178.89,99.2,23255.7,99.2,219,1,99.5,105.71,178.89,15921.21,Low,Moderate,Shoulder,Standard,94.0,165.5,1.081,155.57,82.9,63.5,82.0,1.011,0.855,Behind
2025-04-12,2025,4,Apr,15,5,Saturday,1,,0,0,0,91,2,129,129,129,0,178.07,100.0,22971.03,100.0,220,0,100.0,104.41,178.07,16204.37,Low,Moderate,Shoulder,Standard,96.9,170.12,1.047,164.85,87.0,72.7,81.3,1.07,0.849,Behind
2025-04-13,2025,4,Apr,15,6,Sunday,1,,0,0,0,86,2,134,89,89,0,151.46,66.4,13479.94,66.4,175,45,79.5,61.27,151.46,13025.56,Low,Low,Low,Promotional,74.8,134.26,1.128,100.43,87.7,77.6,80.5,1.089,1.099,On Track
2025-04-14,2025,4,Apr,16,0,Monday,0,,0,0,0,73,2,147,179,147,32,173.71,100.0,25535.37,100.0,220,0,100.0,116.07,173.71,12680.83,High,High,Peak,Rack,92.3,163.83,1.06,151.22,107.0,76.6,81.2,1.318,0.984,On Track
2025-04-15,2025,4,Apr,16,1,Tuesday,0,,0,0,0,96,2,124,215,124,91,182.56,100.0,22637.44,100.0,220,0,100.0,102.9,182.56,17525.76,High,Peak,Peak,Rack,96.8,161.52,1.13,156.35,122.1,76.4,85.3,1.431,1.054,On Track
2025-04-16,2025,4,Apr,16,2,Wednesday,0,,0,0,0,92,2,128,215,128,87,182.23,100.0,23325.44,100.0,220,0,100.0,106.02,182.23,16765.16,High,Peak,Peak,Rack,95.8,160.78,1.133,154.03,125.4,85.5,85.0,1.475,1.156,Ahead
2025-04-17,2025,4,Apr,16,3,Thursday,0,,0,0,0,65,1,155,204,155,49,183.86,100.0,28498.3,100.0,220,0,100.0,129.54,183.86,11950.9,High,Peak,Peak,Rack,94.4,171.89,1.07,162.26,128.9,96.6,84.8,1.52,1.244,Ahead
2025-04-18,2025,4,Apr,16,4,Friday,0,,0,0,0,220,5,0,141,0,141,170.31,0.0,0.0,,220,0,100.0,0.0,170.31,37468.2,Sold Out,Moderate,Shoulder,Standard,95.8,163.33,1.043,156.47,110.3,96.6,80.7,1.367,0.953,On Track
2025-04-19,2025,4,Apr,16,5,Saturday,1,,0,0,0,220,4,0,132,0,132,178.83,0.0,0.0,,220,0,100.0,0.0,178.83,39342.6,Sold Out,Moderate,Shoulder,Standard,93.7,169.06,1.058,158.41,91.9,89.4,75.7,1.214,1.048,On Track
2025-04-20,2025,4,Apr,16,6,Sunday,1,,0,0,0,29,1,191,96,96,0,155.94,50.3,14970.24,50.3,125,95,56.8,68.05,155.94,4522.26,Low,Low,Low,Promotional,54.0,146.53,1.064,79.13,92.9,90.3,75.0,1.239,1.185,Ahead
2025-04-21,2025,4,Apr,17,0,Monday,0,,0,0,0,0,0,220,186,186,0,168.37,84.5,31316.82,84.5,186,34,84.5,142.35,168.37,0.0,Low,High,Peak,Rack,79.1,148.3,1.135,117.31,98.4,102.7,77.1,1.276,1.075,On Track
2025-04-22,2025,4,Apr,17,1,Tuesday,0,,0,0,0,105,4,115,192,115,77,188.68,100.0,21698.2,100.0,220,0,100.0,98.63,188.68,19811.4,High,High,Peak,Rack,96.0,169.58,1.113,162.8,97.1,109.6,78.5,1.237,1.032,On Track
2025-04-23,2025,4,Apr,17,2,Wednesday,0,,0,0,0,96,2,124,216,124,92,181.17,100.0,22465.08,100.0,220,0,100.0,102.11,181.17,17392.32,High,Peak,Peak,Rack,93.2,171.23,1.058,159.59,96.6,111.0,81.3,1.188,1.029,On Track
2025-04-24,2025,4,Apr,17,3,Thursday,0,,0,0,0,0,0,220,172,172,0,174.74,78.2,30055.28,78.2,172,48,78.2,136.61,174.74,0.0,Low,High,Peak,Rack,72.3,156.57,1.116,113.2,99.0,113.9,87.0,1.138,1.024,On Track
2025-04-25,2025,4,Apr,17,4,Friday,0,,0,0,0,14,1,206,135,135,0,159.48,65.5,21529.8,65.5,149,71,67.7,97.86,159.48,2232.72,Low,Moderate,Shoulder,Standard,63.7,149.65,1.066,95.33,118.3,114.3,91.2,1.297,1.007,On Track
2025-04-26,2025,4,Apr,17,5,Saturday,1,,0,0,0,14,1,206,149,149,0,171.53,72.3,25557.97,72.3,163,57,74.1,116.17,171.53,2401.42,Low,Moderate,Shoulder,Standard,71.2,161.24,1.064,114.8,139.6,115.7,91.0,1.534,1.021,On Track
2025-04-27,2025,4,Apr,17,6,Sunday,1,,0,0,0,102,2,118,99,99,0,155.74,83.9,15418.26,83.9,201,19,91.4,70.08,155.74,15885.48,Low,Low,Low,Promotional,87.6,150.56,1.034,131.89,140.0,116.4,91.2,1.535,1.222,Ahead
2025-04-28,2025,4,Apr,18,0,Monday,0,,0,0,0,61,1,159,161,159,2,161.88,100.0,25738.92,100.0,220,0,100.0,117.0,161.88,9874.68,Low,High,Peak,Rack,95.8,147.56,1.097,141.36,136.1,117.3,96.5,1.41,1.013,On Track
2025-04-29,2025,4,Apr,18,1,Tuesday,0,,0,0,0,0,0,220,218,218,0,171.92,99.1,37478.56,99.1,218,2,99.1,170.36,171.92,0.0,Low,Peak,Peak,Rack,95.9,165.76,1.037,158.96,150.9,124.0,103.1,1.464,1.107,Ahead
2025-04-30,2025,4,Apr,18,2,Wednesday,0,,0,0,0,0,0,220,197,197,0,179.86,89.5,35432.42,89.5,197,23,89.5,161.06,179.86,0.0,Low,Peak,Peak,Rack,82.7,161.74,1.112,133.76,161.3,128.9,104.3,1.547,0.947,On Track
2025-05-01,2025,5,May,18,3,Thursday,0,,0,0,0,137,2,83,184,83,101,180.66,100.0,14994.78,100.0,220,0,100.0,68.16,180.66,24750.42,High,High,Peak,Rack,92.9,171.62,1.053,159.43,148.6,123.8,102.8,1.446,0.979,On Track
2025-05-02,2025,5,May,18,4,Friday,0,,0,0,0,220,4,0,151,0,151,168.09,0.0,0.0,,220,0,100.0,0.0,168.09,36979.8,Sold Out,Moderate,Shoulder,Standard,96.6,160.68,1.046,155.22,129.3,123.8,102.8,1.258,0.904,On Track
2025-05-03,2025,5,May,18,5,Saturday,1,,0,0,0,183,2,37,150,37,113,177.95,100.0,6584.15,100.0,220,0,100.0,29.93,177.95,32564.85,High,Moderate,Shoulder,Standard,93.0,170.41,1.044,158.48,113.3,126.4,104.1,1.088,1.014,On Track
2025-05-04,2025,5,May,18,6,Sunday,1,,0,0,0,66,1,154,97,97,0,153.25,63.0,14865.25,63.0,163,57,74.1,67.57,153.25,10114.5,Low,Low,Low,Promotional,69.2,135.17,1.134,93.54,113.0,126.5,107.3,1.053,0.924,On Track
2025-05-05,2025,5,May,19,0,Monday,0,,0,0,0,66,1,154,170,154,16,161.23,100.0,24829.42,100.0,220,0,100.0,112.86,161.23,10641.18,Medium,High,Peak,Rack,92.6,154.78,1.042,143.33,112.3,124.2,109.1,1.029,0.966,On Track
2025-05-06,2025,5,May,19,1,Tuesday,0,,0,0,0,203,4,17,205,17,188,180.06,100.0,3061.02,100.0,220,0,100.0,13.91,180.06,36552.18,High,Peak,Peak,Rack,93.9,172.16,1.046,161.66,83.6,117.2,106.9,0.782,0.94,On Track
2025-05-07,2025,5,May,19,2,Wednesday,0,,0,0,0,220,6,0,190,0,190,189.17,0.0,0.0,,220,0,100.0,0.0,189.17,41617.4,Sold Out,High,Peak,Rack,92.9,171.97,1.1,159.76,55.4,108.4,106.5,0.52,0.913,On Track
2025-05-08,2025,5,May,19,3,Thursday,0,,0,0,0,119,3,101,213,101,112,187.62,100.0,18949.62,100.0,220,0,100.0,86.13,187.62,22326.78,High,Peak,Peak,Rack,94.6,171.9,1.091,162.62,58.0,103.3,109.2,0.531,1.164,Ahead
2025-05-09,2025,5,May,19,4,Friday,0,OSU Graduation,1,0,0,0,0,220,218,218,0,204.17,99.1,44509.06,99.1,218,2,99.1,202.31,204.17,0.0,Low,Peak,Peak,Premium_Event,93.3,192.85,1.059,179.93,89.1,109.2,113.0,0.788,1.0,On Track
2025-05-10,2025,5,May,19,5,Saturday,1,OSU Graduation,1,0,0,0,0,220,218,218,0,210.41,99.1,45869.38,99.1,218,2,99.1,208.5,210.41,0.0,Low,Peak,Peak,Premium_Event,95.3,198.15,1.062,188.84,115.0,114.1,115.9,0.992,1.0,On Track
2025-05-11,2025,5,May,19,6,Sunday,1,OSU Graduation,1,0,0,0,0,220,218,218,0,203.29,99.1,44317.22,99.1,218,2,99.1,201.44,203.29,0.0,Low,Peak,Peak,Premium_Event,95.1,190.23,1.069,180.91,132.3,122.6,118.8,1.114,1.0,On Track
2025-05-12,2025,5,May,20,0,Monday,0,,0,0,0,102,1,118,173,118,55,171.59,100.0,20247.62,100.0,220,0,100.0,92.03,171.59,17502.18,High,High,Peak,Rack,93.7,158.39,1.083,148.41,127.1,119.7,118.5,1.073,0.901,On Track
2025-05-13,2025,5,May,20,1,Tuesday,0,,0,0,0,0,0,220,208,208,0,194.51,94.5,40458.08,94.5,208,12,94.5,183.9,194.51,0.0,Low,Peak,Peak,Rack,88.4,177.64,1.095,157.03,154.4,119.0,122.4,1.261,0.954,On Track
2025-05-14,2025,5,May,20,2,Wednesday,0,,0,0,0,0,0,220,215,215,0,190.48,97.7,40953.2,97.7,215,5,97.7,186.15,190.48,0.0,Low,Peak,Peak,Rack,90.3,168.58,1.13,152.23,185.1,120.3,124.7,1.484,0.986,On Track
2025-05-15,2025,5,May,20,3,Thursday,0,,0,0,0,0,0,220,176,176,0,174.67,80.0,30741.92,80.0,176,44,80.0,139.74,174.67,0.0,Low,High,Peak,Rack,75.3,168.07,1.039,126.56,195.9,126.9,126.4,1.55,0.863,Behind
2025-05-16,2025,5,May,20,4,Friday,0,,0,0,0,202,3,18,141,18,123,173.3,100.0,3119.4,100.0,220,0,100.0,14.18,173.3,35006.6,High,Moderate,Shoulder,Standard,92.7,167.92,1.032,155.66,167.3,128.2,122.8,1.362,0.953,On Track
2025-05-17,2025,5,May,20,5,Saturday,1,,0,0,0,148,2,72,150,72,78,181.79,100.0,13088.88,100.0,220,0,100.0,59.49,181.79,26904.92,High,Moderate,Shoulder,Standard,93.0,165.56,1.098,153.97,146.4,130.7,120.0,1.22,1.034,On Track
2025-05-18,2025,5,May,20,6,Sunday,1,,0,0,0,93,2,127,103,103,0,165.79,81.1,17076.37,81.1,196,24,89.1,77.62,165.79,15418.47,Low,Low,Low,Promotional,83.8,156.56,1.059,131.2,130.0,131.1,123.4,1.053,1.04,On Track
2025-05-19,2025,5,May,21,0,Monday,0,,0,0,0,127,3,93,196,93,103,173.59,100.0,16143.87,100.0,220,0,100.0,73.38,173.59,22045.93,High,Peak,Peak,Rack,92.5,165.03,1.052,152.65,126.4,126.8,126.5,0.999,1.114,Ahead
2025-05-20,2025,5,May,21,1,Tuesday,0,,0,0,0,220,5,0,206,0,206,191.0,0.0,0.0,,220,0,100.0,0.0,191.0,42020.0,Sold Out,Peak,Peak,Rack,92.8,179.69,1.063,166.75,96.7,125.6,123.3,0.784,0.99,On Track
2025-05-21,2025,5,May,21,2,Wednesday,0,,0,0,0,192,4,28,218,28,190,183.21,100.0,5129.88,100.0,220,0,100.0,23.32,183.21,35176.32,High,Peak,Peak,Rack,96.5,171.05,1.071,165.06,70.0,127.6,118.1,0.593,1.074,On Track
2025-05-22,2025,5,May,21,3,Thursday,0,,0,0,0,0,0,220,185,185,0,172.07,84.1,31832.95,84.1,185,35,84.1,144.7,172.07,0.0,Low,High,Peak,Rack,79.4,158.83,1.083,126.11,71.3,133.6,120.4,0.592,0.925,On Track
2025-05-23,2025,5,May,21,4,Friday,0,,0,0,0,94,2,126,157,126,31,180.36,100.0,22725.36,100.0,220,0,100.0,103.3,180.36,16953.84,High,Moderate,Shoulder,Standard,95.9,168.24,1.072,161.34,86.7,127.0,120.5,0.72,1.054,On Track
2025-05-24,2025,5,May,21,5,Saturday,1,,0,0,0,46,1,174,140,140,0,178.93,80.5,25050.2,80.5,186,34,84.5,113.86,178.93,8230.78,Low,Moderate,Shoulder,Standard,79.3,168.24,1.064,133.41,96.4,121.4,119.4,0.807,0.903,On Track
2025-05-25,2025,5,May,21,6,Sunday,1,,0,0,0,102,3,118,88,88,0,158.11,74.6,13913.68,74.6,190,30,86.4,63.24,158.11,16127.22,Low,Low,Low,Promotional,81.6,151.1,1.046,123.3,94.3,112.1,117.8,0.801,0.978,On Track
2025-05-26,2025,5,May,22,0,Monday,0,,0,0,0,87,2,133,168,133,35,175.04,100.0,23280.32,100.0,220,0,100.0,105.82,175.04,15228.48,High,High,Peak,Rack,96.4,169.2,1.035,163.11,100.0,113.2,117.3,0.853,0.824,Behind
2025-05-27,2025,5,May,22,1,Tuesday,0,,0,0,0,0,0,220,208,208,0,181.55,94.5,37762.4,94.5,208,12,94.5,171.65,181.55,0.0,Low,Peak,Peak,Rack,87.3,163.23,1.112,142.5,129.7,113.2,120.9,1.073,0.954,On Track
2025-05-28,2025,5,May,22,2,Wednesday,0,,0,0,0,74,2,146,218,146,72,188.81,100.0,27566.26,100.0,220,0,100.0,125.3,188.81,13971.94,High,Peak,Peak,Rack,94.1,181.31,1.041,170.61,146.6,108.3,120.5,1.217,1.0,On Track
2025-05-29,2025,5,May,22,3,Thursday,0,,0,0,0,71,1,149,215,149,66,185.69,100.0,27667.81,100.0,220,0,100.0,125.76,185.69,13183.99,High,Peak,Peak,Rack,95.2,163.53,1.136,155.68,141.4,106.4,118.2,1.196,1.126,Ahead
2025-05-30,2025,5,May,22,4,Friday,0,,0,0,0,168,3,52,161,52,109,186.66,100.0,9706.32,100.0,220,0,100.0,44.12,186.66,31358.88,High,High,Peak,Rack,92.4,175.08,1.066,161.77,130.9,108.8,113.4,1.154,0.988,On Track
2025-05-31,2025,5,May,22,5,Saturday,1,,0,0,0,140,3,80,149,80,69,177.55,100.0,14204.0,100.0,220,0,100.0,64.56,177.55,24857.0,High,Moderate,Shoulder,Standard,94.9,168.08,1.056,159.51,122.3,109.4,113.3,1.079,1.183,Ahead
2025-06-01,2025,6,Jun,22,6,Sunday,1,,0,0,0,185,5,35,85,35,50,163.38,100.0,5718.3,100.0,220,0,100.0,25.99,163.38,30225.3,High,Low,Low,Promotional,95.9,154.37,1.058,148.04,114.7,104.5,114.4,1.003,1.0,On Track
2025-06-02,2025,6,Jun,23,0,Monday,0,,0,0,0,69,2,151,172,151,21,168.9,100.0,25503.9,100.0,220,0,100.0,115.93,168.9,11654.1,Medium,High,Peak,Rack,96.1,163.28,1.034,156.91,117.3,108.6,118.2,0.992,0.956,On Track
2025-06-03,2025,6,Jun,23,1,Tuesday,0,,0,0,0,116,3,104,191,104,87,184.23,100.0,19159.92,100.0,220,0,100.0,87.09,184.23,21370.68,High,High,Peak,Rack,93.5,173.02,1.065,161.77,102.4,116.1,118.5,0.864,1.027,On Track
2025-06-04,2025,6,Jun,23,2,Wednesday,0,,0,0,0,183,6,37,208,37,171,178.23,100.0,6594.51,100.0,220,0,100.0,29.98,178.23,32616.09,High,Peak,Peak,Rack,92.9,171.44,1.04,159.27,86.9,116.7,114.6,0.758,1.224,Ahead
2025-06-05,2025,6,Jun,23,3,Thursday,0,,0,0,0,104,4,116,160,116,44,179.66,100.0,20840.56,100.0,220,0,100.0,94.73,179.66,18684.64,High,High,Peak,Rack,96.1,169.86,1.058,163.24,82.1,111.8,117.9,0.696,1.046,On Track
2025-06-06,2025,6,Jun,23,4,Friday,0,,0,0,0,46,1,174,123,123,0,158.55,70.7,19501.65,70.7,169,51,76.8,88.64,158.55,7293.3,Low,Moderate,Shoulder,Standard,73.1,140.85,1.126,102.96,92.3,111.6,122.0,0.757,0.925,On Track
2025-06-07,2025,6,Jun,23,5,Saturday,1,,0,0,0,0,0,220,113,113,0,159.97,51.4,18076.61,51.4,113,107,51.4,82.17,159.97,0.0,Low,Low,Low,Promotional,48.4,147.93,1.081,71.6,97.0,109.6,122.4,0.792,0.934,On Track
2025-06-08,2025,6,Jun,23,6,Sunday,1,,0,0,0,32,1,188,88,88,0,143.96,46.8,12668.48,46.8,120,100,54.5,57.58,143.96,4606.72,Low,Low,Low,Promotional,51.6,134.16,1.073,69.23,104.6,109.6,118.0,0.886,1.128,Ahead
2025-06-09,2025,6,Jun,24,0,Monday,0,,0,0,0,175,3,45,167,45,122,179.73,100.0,8087.85,100.0,220,0,100.0,36.76,179.73,31452.75,High,High,Peak,Rack,93.9,167.52,1.073,157.3,89.4,103.4,112.3,0.796,0.933,On Track
2025-06-10,2025,6,Jun,24,1,Tuesday,0,,0,0,0,215,3,5,207,5,202,178.01,100.0,890.05,100.0,220,0,100.0,4.05,178.01,38272.15,High,Peak,Peak,Rack,93.9,158.5,1.123,148.83,75.3,88.9,105.2,0.716,1.095,On Track
2025-06-11,2025,6,Jun,24,2,Wednesday,0,,0,0,0,220,5,0,200,0,200,184.78,0.0,0.0,,220,0,100.0,0.0,184.78,40651.6,Sold Out,Peak,Peak,Rack,93.0,175.38,1.054,163.1,70.0,78.4,101.2,0.692,0.966,On Track
2025-06-12,2025,6,Jun,24,3,Thursday,0,,0,0,0,220,6,0,149,0,149,180.61,0.0,0.0,,220,0,100.0,0.0,180.61,39734.2,Sold Out,Moderate,Shoulder,Standard,92.6,173.69,1.04,160.84,53.4,67.8,94.3,0.566,0.847,Behind
2025-06-13,2025,6,Jun,24,4,Friday,0,,0,0,0,211,6,9,145,9,136,170.33,100.0,1532.97,100.0,220,0,100.0,6.97,170.33,35939.63,High,Moderate,Shoulder,Standard,92.9,155.27,1.097,144.25,37.1,64.7,87.4,0.424,1.051,On Track
2025-06-14,2025,6,Jun,24,5,Saturday,1,,0,0,0,188,5,32,124,32,92,181.92,100.0,5821.44,100.0,220,0,100.0,26.46,181.92,34200.96,High,Moderate,Shoulder,Standard,93.3,171.73,1.059,160.22,25.6,61.3,82.6,0.31,0.932,On Track
2025-06-15,2025,6,Jun,24,6,Sunday,1,,0,0,0,81,2,139,80,80,0,154.37,57.6,12349.6,57.6,161,59,73.2,56.13,154.37,12503.97,Low,Low,Low,Promotional,68.9,140.99,1.095,97.14,24.4,64.5,84.7,0.288,1.053,On Track
2025-06-16,2025,6,Jun,25,0,Monday,0,,0,0,0,84,3,136,156,136,20,165.93,100.0,22566.48,100.0,220,0,100.0,102.57,165.93,13938.12,Medium,Moderate,Shoulder,Standard,92.6,158.96,1.044,147.2,37.4,63.4,86.8,0.431,0.994,On Track
2025-06-17,2025,6,Jun,25,1,Tuesday,0,,0,0,0,26,1,194,175,175,0,172.95,90.2,30266.25,90.2,201,19,91.4,137.57,172.95,4496.7,Low,High,Peak,Rack,87.7,152.97,1.131,134.15,61.7,68.5,89.2,0.692,0.989,On Track
2025-06-18,2025,6,Jun,25,2,Wednesday,0,,0,0,0,50,1,170,199,170,29,168.58,100.0,28658.6,100.0,220,0,100.0,130.27,168.58,8429.0,Medium,Peak,Peak,Rack,95.0,158.88,1.061,150.94,86.0,78.0,91.8,0.937,1.076,On Track
2025-06-19,2025,6,Jun,25,3,Thursday,0,,0,0,0,140,2,80,185,80,105,175.81,100.0,14064.8,100.0,220,0,100.0,63.93,175.81,24613.4,High,High,Peak,Rack,93.0,159.45,1.103,148.29,97.4,75.4,94.5,1.031,1.005,On Track
2025-06-20,2025,6,Jun,25,4,Friday,0,,0,0,0,140,2,80,145,80,65,167.85,100.0,13428.0,100.0,220,0,100.0,61.04,167.85,23499.0,High,Moderate,Shoulder,Standard,95.5,154.83,1.084,147.86,107.6,72.4,96.2,1.119,1.208,Ahead
2025-06-21,2025,6,Jun,25,5,Saturday,1,,0,0,0,0,0,220,115,115,0,157.56,52.3,18119.4,52.3,115,105,52.3,82.36,157.56,0.0,Low,Moderate,Shoulder,Standard,48.4,148.96,1.058,72.1,119.4,72.5,93.9,1.272,0.966,On Track
2025-06-22,2025,6,Jun,25,6,Sunday,1,,0,0,0,56,1,164,91,91,0,153.61,55.5,13978.51,55.5,147,73,66.8,63.54,153.61,8602.16,Low,Low,Low,Promotional,64.1,135.62,1.133,86.93,121.0,72.7,92.7,1.305,1.197,Ahead
2025-06-23,2025,6,Jun,26,0,Monday,0,,0,0,0,0,0,220,153,153,0,151.93,69.5,23245.29,69.5,153,67,69.5,105.66,151.93,0.0,Low,Moderate,Shoulder,Standard,65.5,145.94,1.041,95.59,123.4,80.4,93.1,1.325,0.869,Behind
2025-06-24,2025,6,Jun,26,1,Tuesday,0,,0,0,0,141,2,79,166,79,87,177.18,100.0,13997.22,100.0,220,0,100.0,63.62,177.18,24982.38,High,High,Peak,Rack,93.3,161.88,1.095,151.03,109.7,85.7,92.8,1.182,0.976,On Track
2025-06-25,2025,6,Jun,26,2,Wednesday,0,,0,0,0,216,4,4,208,4,204,182.21,100.0,728.84,100.0,220,0,100.0,3.31,182.21,39357.36,High,Peak,Peak,Rack,94.3,172.6,1.056,162.76,86.0,86.0,88.5,0.972,1.005,On Track
2025-06-26,2025,6,Jun,26,3,Thursday,0,,0,0,0,111,3,109,178,109,69,179.53,100.0,19568.77,100.0,220,0,100.0,88.95,179.53,19927.83,High,High,Peak,Rack,93.3,164.03,1.094,153.04,90.1,93.8,85.2,1.058,0.952,On Track
2025-06-27,2025,6,Jun,26,4,Friday,0,,0,0,0,142,4,78,144,78,66,168.53,100.0,13145.34,100.0,220,0,100.0,59.75,168.53,23931.26,High,Moderate,Shoulder,Standard,94.0,152.95,1.102,143.77,89.9,98.7,83.0,1.083,1.161,Ahead
2025-06-28,2025,6,Jun,26,5,Saturday,1,,0,0,0,23,1,197,133,133,0,162.36,67.5,21593.88,67.5,156,64,70.9,98.15,162.36,3734.28,Low,Moderate,Shoulder,Standard,67.8,150.94,1.076,102.34,92.4,105.9,82.4,1.121,1.039,On Track
2025-06-29,2025,6,Jun,26,6,Sunday,1,,0,0,0,172,2,48,88,48,40,169.02,100.0,8112.96,100.0,220,0,100.0,36.88,169.02,29071.44,High,Low,Low,Promotional,95.9,154.04,1.097,147.72,86.3,103.6,82.3,1.049,1.035,On Track
2025-06-30,2025,6,Jun,27,0,Monday,0,,0,0,0,172,2,48,180,48,132,172.61,100.0,8285.28,100.0,220,0,100.0,37.66,172.61,29688.92,High,High,Peak,Rack,92.9,159.19,1.084,147.89,71.3,97.4,81.2,0.878,1.192,Ahead
2025-07-01,2025,7,Jul,27,1,Tuesday,0,,0,0,0,34,1,186,191,186,5,175.78,100.0,32695.08,100.0,220,0,100.0,148.61,175.78,5976.52,Low,High,Peak,Rack,94.4,155.49,1.13,146.78,86.6,98.1,86.3,1.003,1.049,On Track
2025-07-02,2025,7,Jul,27,2,Wednesday,0,,0,0,0,82,2,138,175,138,37,177.87,100.0,24546.06,100.0,220,0,100.0,111.57,177.87,14585.34,High,High,Peak,Rack,95.5,162.01,1.098,154.72,105.7,95.9,85.8,1.232,0.936,On Track
2025-07-03,2025,7,Jul,27,3,Thursday,0,,0,0,0,82,2,138,149,138,11,181.38,100.0,25030.44,100.0,220,0,100.0,113.77,181.38,14873.16,Medium,Moderate,Shoulder,Standard,96.5,161.56,1.123,155.91,109.9,100.0,87.0,1.263,0.914,On Track
2025-07-04,2025,7,Jul,27,4,Friday,0,,0,0,0,154,3,66,125,66,59,170.07,100.0,11224.62,100.0,220,0,100.0,51.02,170.07,26190.78,High,Moderate,Shoulder,Standard,96.1,157.1,1.083,150.97,108.1,99.0,87.9,1.23,0.933,On Track
2025-07-05,2025,7,Jul,27,5,Saturday,1,,0,0,0,153,3,67,126,67,59,170.97,100.0,11454.99,100.0,220,0,100.0,52.07,170.97,26158.41,High,Moderate,Shoulder,Standard,96.2,153.14,1.116,147.32,98.7,95.6,86.3,1.144,0.962,On Track
2025-07-06,2025,7,Jul,27,6,Sunday,1,,0,0,0,38,1,182,77,77,0,141.74,42.3,10913.98,42.3,115,105,52.3,49.61,141.74,5386.12,Low,Low,Low,Promotional,49.3,131.3,1.08,64.73,102.9,94.6,84.8,1.213,1.085,On Track
2025-07-07,2025,7,Jul,28,0,Monday,0,,0,0,0,105,2,115,147,115,32,175.07,100.0,20133.05,100.0,220,0,100.0,91.51,175.07,18382.35,High,Moderate,Shoulder,Standard,95.0,158.87,1.102,150.93,112.4,91.9,84.8,1.325,1.073,On Track
2025-07-08,2025,7,Jul,28,1,Tuesday,0,,0,0,0,48,1,172,190,172,18,184.21,100.0,31684.12,100.0,220,0,100.0,144.02,184.21,8842.08,Medium,High,Peak,Rack,93.7,175.24,1.051,164.2,110.4,98.5,87.6,1.26,1.173,Ahead
2025-07-09,2025,7,Jul,28,2,Wednesday,0,,0,0,0,132,2,88,164,88,76,177.65,100.0,15633.2,100.0,220,0,100.0,71.06,177.65,23449.8,High,High,Peak,Rack,92.2,171.37,1.037,158.0,103.3,104.5,89.1,1.159,0.959,On Track
2025-07-10,2025,7,Jul,28,3,Thursday,0,,0,0,0,142,2,78,149,78,71,167.13,100.0,13036.14,100.0,220,0,100.0,59.26,167.13,23732.46,High,Moderate,Shoulder,Standard,92.3,150.48,1.111,138.89,94.7,102.3,91.5,1.035,0.968,On Track
2025-07-11,2025,7,Jul,28,4,Friday,0,,0,0,0,27,1,193,131,131,0,151.43,67.9,19837.33,67.9,158,62,71.8,90.17,151.43,4088.61,Low,Moderate,Shoulder,Standard,67.3,133.47,1.135,89.83,104.0,106.1,95.9,1.084,0.956,On Track
2025-07-12,2025,7,Jul,28,5,Saturday,1,,0,0,0,77,2,143,130,130,0,174.28,90.9,22656.4,90.9,207,13,94.1,102.98,174.28,13419.56,Low,Moderate,Shoulder,Standard,87.2,158.35,1.101,138.08,113.0,105.9,100.2,1.128,1.016,On Track
2025-07-13,2025,7,Jul,28,6,Sunday,1,,0,0,0,166,3,54,73,54,19,149.19,100.0,8056.26,100.0,220,0,100.0,36.62,149.19,24765.54,Medium,Low,Low,Promotional,97.0,141.97,1.051,137.71,109.7,106.3,101.7,1.079,0.859,Behind
2025-07-14,2025,7,Jul,29,0,Monday,0,,0,0,0,77,1,143,148,143,5,164.33,100.0,23499.19,100.0,220,0,100.0,106.81,164.33,12653.41,Low,Moderate,Shoulder,Standard,96.3,150.01,1.095,144.46,113.7,113.1,105.4,1.079,0.908,On Track
2025-07-15,2025,7,Jul,29,1,Tuesday,0,,0,0,0,77,1,143,173,143,30,173.75,100.0,24846.25,100.0,220,0,100.0,112.94,173.75,13378.75,Medium,High,Peak,Rack,93.0,154.99,1.121,144.14,109.6,110.0,107.5,1.02,1.036,On Track
2025-07-16,2025,7,Jul,29,2,Wednesday,0,,0,0,0,78,2,142,170,142,28,180.3,100.0,25602.6,100.0,220,0,100.0,116.38,180.3,14063.4,Medium,High,Peak,Rack,96.8,166.0,1.086,160.69,117.3,110.3,107.7,1.089,1.018,On Track
2025-07-17,2025,7,Jul,29,3,Thursday,0,,0,0,0,135,3,85,153,85,68,173.85,100.0,14777.25,100.0,220,0,100.0,67.17,173.85,23469.75,High,Moderate,Shoulder,Standard,94.9,160.79,1.081,152.59,118.3,106.5,104.7,1.13,0.975,On Track
2025-07-18,2025,7,Jul,29,4,Friday,0,,0,0,0,220,4,0,108,0,108,170.48,0.0,0.0,,220,0,100.0,0.0,170.48,37505.6,Sold Out,Low,Low,Promotional,93.3,153.26,1.112,142.99,99.6,101.8,99.0,1.006,0.893,Behind
2025-07-19,2025,7,Jul,29,5,Saturday,1,,0,0,0,218,4,2,108,2,106,176.2,100.0,352.4,100.0,220,0,100.0,1.6,176.2,38411.6,High,Low,Low,Promotional,95.8,157.64,1.118,151.02,81.3,97.1,96.4,0.843,0.915,On Track
2025-07-20,2025,7,Jul,29,6,Sunday,1,,0,0,0,195,5,25,82,25,57,156.3,100.0,3907.5,100.0,220,0,100.0,17.76,156.3,30478.5,High,Low,Low,Promotional,95.7,139.81,1.118,133.8,77.1,93.4,94.6,0.815,0.953,On Track
2025-07-21,2025,7,Jul,30,0,Monday,0,,0,0,0,95,2,125,169,125,44,166.81,100.0,20851.25,100.0,220,0,100.0,94.78,166.81,15846.95,High,High,Peak,Rack,95.7,152.55,1.093,145.99,74.6,94.1,94.9,0.786,1.063,On Track
2025-07-22,2025,7,Jul,30,1,Tuesday,0,,0,0,0,101,2,119,162,119,43,176.45,100.0,20997.55,100.0,220,0,100.0,95.44,176.45,17821.45,High,High,Peak,Rack,92.5,156.42,1.128,144.69,71.1,90.4,95.9,0.741,0.931,On Track
2025-07-23,2025,7,Jul,30,2,Wednesday,0,,0,0,0,105,2,115,179,115,64,176.65,100.0,20314.75,100.0,220,0,100.0,92.34,176.65,18548.25,High,High,Peak,Rack,96.2,167.57,1.054,161.2,67.3,92.3,94.6,0.711,1.065,On Track
2025-07-24,2025,7,Jul,30,3,Thursday,0,,0,0,0,125,3,95,177,95,82,174.05,100.0,16534.75,100.0,220,0,100.0,75.16,174.05,21756.25,High,High,Peak,Rack,94.1,160.83,1.082,151.34,68.7,93.5,95.1,0.722,1.086,On Track
2025-07-25,2025,7,Jul,30,4,Friday,0,,0,0,0,79,2,141,109,109,0,162.88,77.3,17753.92,77.3,188,32,85.5,80.7,162.88,12867.52,Low,Low,Low,Promotional,79.7,150.93,1.079,120.29,84.3,91.9,98.6,0.855,0.807,Behind
2025-07-26,2025,7,Jul,30,5,Saturday,1,,0,0,0,79,2,141,131,131,0,161.72,92.9,21185.32,92.9,210,10,95.5,96.3,161.72,12775.88,Low,Moderate,Shoulder,Standard,89.8,150.95,1.071,135.55,102.7,92.0,99.4,1.033,1.17,Ahead
2025-07-27,2025,7,Jul,30,6,Sunday,1,,0,0,0,111,3,109,79,79,0,145.3,72.5,11478.7,72.5,190,30,86.4,52.18,145.3,16128.3,Low,Low,Low,Promotional,83.2,132.25,1.099,110.03,110.4,93.8,99.4,1.111,0.919,On Track
2025-07-28,2025,7,Jul,31,0,Monday,0,,0,0,0,92,3,128,140,128,12,165.85,100.0,21228.8,100.0,220,0,100.0,96.49,165.85,15258.2,Medium,Moderate,Shoulder,Standard,94.0,158.32,1.048,148.82,110.9,92.7,99.2,1.118,0.854,Behind
2025-07-29,2025,7,Jul,31,1,Tuesday,0,,0,0,0,113,4,107,191,107,84,173.69,100.0,18584.83,100.0,220,0,100.0,84.48,173.69,19626.97,High,High,Peak,Rack,95.8,167.93,1.034,160.88,109.1,90.1,101.2,1.078,1.172,Ahead
2025-07-30,2025,7,Jul,31,2,Wednesday,0,,0,0,0,203,4,17,165,17,148,175.03,100.0,2975.51,100.0,220,0,100.0,13.53,175.03,35531.09,High,High,Peak,Rack,93.5,156.46,1.119,146.29,95.1,81.2,100.2,0.949,1.006,On Track
2025-07-31,2025,7,Jul,31,3,Thursday,0,,0,0,0,198,5,22,150,22,128,174.8,100.0,3845.6,100.0,220,0,100.0,17.48,174.8,34610.4,High,Moderate,Shoulder,Standard,93.2,165.07,1.059,153.85,84.7,76.7,94.7,0.894,1.0,On Track
2025-08-01,2025,8,Aug,31,4,Friday,0,,0,0,0,216,5,4,135,4,131,168.8,100.0,675.2,100.0,220,0,100.0,3.07,168.8,36460.8,High,Moderate,Shoulder,Standard,92.6,160.98,1.049,149.07,69.7,77.0,90.2,0.773,0.985,On Track
2025-08-02,2025,8,Aug,31,5,Saturday,1,,0,0,0,220,9,0,137,0,137,169.16,0.0,0.0,,220,0,100.0,0.0,169.16,37215.2,Sold Out,Moderate,Shoulder,Standard,94.3,150.67,1.123,142.08,51.0,76.9,85.6,0.596,1.022,On Track
2025-08-03,2025,8,Aug,31,6,Sunday,1,,0,0,0,19,1,201,81,81,0,154.31,40.3,12499.11,40.3,100,120,45.5,56.81,154.31,2931.89,Low,Low,Low,Promotional,43.1,136.04,1.134,58.63,51.3,80.9,86.1,0.596,0.91,On Track
2025-08-04,2025,8,Aug,32,0,Monday,0,,0,0,0,0,0,220,153,153,0,151.06,69.5,23112.18,69.5,153,67,69.5,105.06,151.06,0.0,Low,Moderate,Shoulder,Standard,65.7,136.57,1.106,89.73,54.9,82.9,89.0,0.617,1.027,On Track
2025-08-05,2025,8,Aug,32,1,Tuesday,0,,0,0,0,143,4,77,173,77,96,181.35,100.0,13963.95,100.0,220,0,100.0,63.47,181.35,25933.05,High,High,Peak,Rack,94.5,170.77,1.062,161.38,50.6,79.9,89.0,0.569,0.84,Behind
2025-08-06,2025,8,Aug,32,2,Wednesday,0,,0,0,0,217,3,3,182,3,179,179.83,100.0,539.49,100.0,220,0,100.0,2.45,179.83,39023.11,High,High,Peak,Rack,92.1,165.19,1.089,152.14,48.6,71.9,85.3,0.57,1.103,Ahead
2025-08-07,2025,8,Aug,32,3,Thursday,0,,0,0,0,164,2,56,160,56,104,181.25,100.0,10150.0,100.0,220,0,100.0,46.14,181.25,29725.0,High,High,Peak,Rack,96.4,166.49,1.089,160.5,53.4,69.1,81.4,0.656,0.941,On Track
2025-08-08,2025,8,Aug,32,4,Friday,0,,0,0,0,33,1,187,141,141,0,161.65,75.4,22792.65,75.4,174,46,79.1,103.6,161.65,5334.45,Low,Moderate,Shoulder,Standard,75.4,156.6,1.032,118.08,73.0,71.4,83.2,0.877,1.076,On Track
2025-08-09,2025,8,Aug,32,5,Saturday,1,,0,0,0,0,0,220,130,130,0,164.41,59.1,21373.3,59.1,130,90,59.1,97.15,164.41,0.0,Low,Moderate,Shoulder,Standard,54.7,146.36,1.123,80.06,91.6,71.3,84.9,1.079,1.13,Ahead
2025-08-10,2025,8,Aug,32,6,Sunday,1,,0,0,0,0,0,220,76,76,0,152.95,34.5,11624.2,34.5,76,144,34.5,52.84,152.95,0.0,Low,Low,Low,Promotional,31.8,146.5,1.044,46.59,90.9,71.1,83.1,1.094,0.894,Behind
2025-08-11,2025,8,Aug,33,0,Monday,0,,0,0,0,24,1,196,181,181,0,165.78,92.3,30006.18,92.3,205,15,93.2,136.39,165.78,3978.72,Low,High,Peak,Rack,90.1,157.43,1.053,141.84,94.9,74.9,84.8,1.119,1.058,On Track
2025-08-12,2025,8,Aug,33,1,Tuesday,0,,0,0,0,141,4,79,177,79,98,186.03,100.0,14696.37,100.0,220,0,100.0,66.8,186.03,26230.23,High,High,Peak,Rack,96.6,175.99,1.057,170.01,95.1,72.9,85.6,1.111,0.908,On Track
2025-08-13,2025,8,Aug,33,2,Wednesday,0,,0,0,0,101,3,119,173,119,54,187.52,100.0,22314.88,100.0,220,0,100.0,101.43,187.52,18939.52,High,High,Peak,Rack,95.0,167.66,1.118,159.28,111.7,80.1,84.8,1.317,0.935,On Track
2025-08-14,2025,8,Aug,33,3,Thursday,0,,0,0,0,97,3,123,171,123,48,176.12,100.0,21662.76,100.0,220,0,100.0,98.47,176.12,17083.64,High,High,Peak,Rack,95.8,166.8,1.056,159.79,121.3,87.4,84.1,1.442,1.089,On Track
2025-08-15,2025,8,Aug,33,4,Friday,0,,0,0,0,138,2,82,117,82,35,170.95,100.0,14017.9,100.0,220,0,100.0,63.72,170.95,23591.1,High,Moderate,Shoulder,Standard,94.4,150.81,1.134,142.36,112.9,92.9,82.1,1.375,0.842,Behind
2025-08-16,2025,8,Aug,33,5,Saturday,1,,0,0,0,169,3,51,123,51,72,184.42,100.0,9405.42,100.0,220,0,100.0,42.75,184.42,31166.98,High,Moderate,Shoulder,Standard,94.3,165.23,1.116,155.81,101.6,96.6,81.0,1.254,1.098,On Track
2025-08-17,2025,8,Aug,33,6,Sunday,1,,0,0,0,36,2,184,90,90,0,153.98,48.9,13858.2,48.9,126,94,57.3,62.99,153.98,5543.28,Low,Low,Low,Promotional,55.2,142.95,1.077,78.91,103.6,97.2,84.0,1.233,1.139,Ahead
2025-08-18,2025,8,Aug,34,0,Monday,0,,0,0,0,45,2,175,162,162,0,177.66,92.6,28780.92,92.6,207,13,94.1,130.82,177.66,7994.7,Low,High,Peak,Rack,88.6,160.6,1.106,142.29,100.9,97.9,89.3,1.13,1.059,On Track
2025-08-19,2025,8,Aug,34,1,Tuesday,0,,0,0,0,105,2,115,188,115,73,173.41,100.0,19942.15,100.0,220,0,100.0,90.65,173.41,18208.05,High,High,Peak,Rack,92.2,165.11,1.05,152.23,106.0,100.6,92.3,1.148,0.959,On Track
2025-08-20,2025,8,Aug,34,2,Wednesday,0,,0,0,0,124,3,96,173,96,77,169.29,100.0,16251.84,100.0,220,0,100.0,73.87,169.29,20991.96,High,High,Peak,Rack,96.7,158.84,1.066,153.6,102.7,107.2,91.4,1.124,0.977,On Track
2025-08-21,2025,8,Aug,34,3,Thursday,0,,0,0,0,0,0,220,176,176,0,163.91,80.0,28848.16,80.0,176,44,80.0,131.13,163.91,0.0,Low,High,Peak,Rack,73.9,147.65,1.11,109.11,110.3,115.8,93.3,1.182,0.994,On Track
2025-08-22,2025,8,Aug,34,4,Friday,0,,0,0,0,142,3,78,117,78,39,163.17,100.0,12727.26,100.0,220,0,100.0,57.85,163.17,23170.14,High,Moderate,Shoulder,Standard,96.6,150.44,1.085,145.33,109.7,111.3,92.0,1.192,0.936,On Track
2025-08-23,2025,8,Aug,34,5,Saturday,1,,0,0,0,125,3,95,113,95,18,173.98,100.0,16528.1,100.0,220,0,100.0,75.13,173.98,21747.5,Medium,Low,Low,Promotional,95.3,154.57,1.126,147.31,116.0,108.8,92.0,1.261,0.876,Behind
2025-08-24,2025,8,Aug,34,6,Sunday,1,,0,0,0,125,3,95,81,81,0,154.69,85.3,12529.89,85.3,206,14,93.6,56.95,154.69,19336.25,Low,Low,Low,Promotional,89.3,143.27,1.08,127.94,114.7,109.1,91.1,1.259,1.038,On Track
2025-08-25,2025,8,Aug,35,0,Monday,0,,0,0,0,51,1,169,145,145,0,161.2,85.8,23374.0,85.8,196,24,89.1,106.25,161.2,8221.2,Low,Moderate,Shoulder,Standard,82.9,153.94,1.047,127.62,112.3,106.6,91.6,1.226,0.986,On Track
2025-08-26,2025,8,Aug,35,1,Tuesday,0,,0,0,0,133,2,87,180,87,93,171.41,100.0,14912.67,100.0,220,0,100.0,67.78,171.41,22797.53,High,High,Peak,Rack,92.8,159.33,1.076,147.86,108.3,107.1,91.8,1.18,0.978,On Track
2025-08-27,2025,8,Aug,35,2,Wednesday,0,,0,0,0,220,6,0,201,0,201,186.7,0.0,0.0,,220,0,100.0,0.0,186.7,41074.0,Sold Out,Peak,Peak,Rack,95.2,178.2,1.048,169.65,94.6,98.6,87.6,1.08,1.104,Ahead
2025-08-28,2025,8,Aug,35,3,Thursday,0,,0,0,0,152,3,68,162,68,94,185.53,100.0,12616.04,100.0,220,0,100.0,57.35,185.53,28200.56,High,High,Peak,Rack,93.2,164.79,1.126,153.58,79.1,94.7,86.3,0.917,0.982,On Track
2025-08-29,2025,8,Aug,35,4,Friday,0,,0,0,0,143,3,77,124,77,47,169.54,100.0,13054.58,100.0,220,0,100.0,59.34,169.54,24244.22,High,Moderate,Shoulder,Standard,94.6,150.76,1.125,142.62,79.0,94.4,88.3,0.895,0.879,Behind
2025-08-30,2025,8,Aug,35,5,Saturday,1,,0,0,0,45,1,175,124,124,0,164.49,70.9,20396.76,70.9,169,51,76.8,92.71,164.49,7402.05,Low,Moderate,Shoulder,Standard,71.3,149.93,1.097,106.9,83.1,99.6,91.7,0.906,0.569,Behind
2025-08-31,2025,8,Aug,35,6,Sunday,1,,0,0,0,0,0,220,82,82,0,157.98,37.3,12954.36,37.3,82,138,37.3,58.88,157.98,0.0,Low,Low,Low,Promotional,35.2,150.08,1.053,52.83,83.3,99.0,94.3,0.883,0.376,Behind
2025-09-01,2025,9,Sep,36,0,Monday,0,,0,0,0,31,1,189,161,161,0,166.83,85.2,26859.63,85.2,192,28,87.3,122.09,166.83,5171.73,Low,High,Peak,Rack,84.6,152.01,1.097,128.6,85.6,98.9,99.6,0.859,0.847,Behind
2025-09-02,2025,9,Sep,36,1,Tuesday,0,,0,0,0,47,2,173,207,173,34,182.6,100.0,31589.8,100.0,220,0,100.0,143.59,182.6,8582.2,High,Peak,Peak,Rack,96.2,168.03,1.087,161.64,97.9,103.1,102.7,0.953,1.0,On Track
2025-09-03,2025,9,Sep,36,2,Wednesday,0,,0,0,0,137,2,83,185,83,102,187.42,100.0,15555.86,100.0,220,0,100.0,70.71,187.42,25676.54,High,High,Peak,Rack,96.4,169.57,1.105,163.47,109.7,102.1,100.4,1.093,0.881,Behind
2025-09-04,2025,9,Sep,36,3,Thursday,0,,0,0,0,220,4,0,185,0,185,190.34,0.0,0.0,,220,0,100.0,0.0,190.34,41874.8,Sold Out,High,Peak,Rack,96.3,176.07,1.081,169.56,100.0,89.6,97.8,1.022,0.925,On Track
2025-09-05,2025,9,Sep,36,4,Friday,0,,0,0,0,117,1,103,142,103,39,179.59,100.0,18497.77,100.0,220,0,100.0,84.08,179.59,21012.03,High,Moderate,Shoulder,Standard,96.3,167.24,1.074,161.05,103.7,91.4,101.1,1.026,1.101,Ahead
2025-09-06,2025,9,Sep,36,5,Saturday,1,OSU Football,1,1,0,189,3,31,218,31,187,225.0,100.0,6975.0,100.0,220,0,100.0,31.7,225.0,42525.0,High,Peak,Peak,Premium_Event,94.7,201.89,1.114,191.19,90.4,86.8,100.3,0.901,1.69,Ahead
2025-09-07,2025,9,Sep,36,6,Sunday,1,OSU Football,1,1,0,183,3,37,218,37,181,206.95,100.0,7657.15,100.0,220,0,100.0,34.81,206.95,37871.85,High,Peak,Peak,Premium_Event,95.1,199.61,1.037,189.83,84.0,83.6,96.8,0.868,2.422,Ahead
2025-09-08,2025,9,Sep,37,0,Monday,0,,0,0,0,162,3,58,179,58,121,178.54,100.0,10355.32,100.0,220,0,100.0,47.07,178.54,28923.48,High,High,Peak,Rack,96.2,172.4,1.036,165.85,69.3,77.4,94.4,0.734,1.053,On Track
2025-09-09,2025,9,Sep,37,1,Tuesday,0,,0,0,0,142,3,78,218,78,140,193.8,100.0,15116.4,100.0,220,0,100.0,68.71,193.8,27519.6,High,Peak,Peak,Rack,96.7,187.39,1.034,181.21,55.7,76.8,94.5,0.589,1.09,On Track
2025-09-10,2025,9,Sep,37,2,Wednesday,0,,0,0,0,127,3,93,218,93,125,198.33,100.0,18444.69,100.0,220,0,100.0,83.84,198.33,25187.91,High,Peak,Peak,Rack,96.0,184.82,1.073,177.43,57.1,83.4,91.6,0.623,1.166,Ahead
2025-09-11,2025,9,Sep,37,3,Thursday,0,,0,0,0,75,2,145,193,145,48,178.77,100.0,25921.65,100.0,220,0,100.0,117.83,178.77,13407.75,High,High,Peak,Rack,92.5,167.57,1.067,155.0,77.9,88.9,93.8,0.83,0.96,On Track
2025-09-12,2025,9,Sep,37,4,Friday,0,,0,0,0,123,3,97,155,97,58,179.24,100.0,17386.28,100.0,220,0,100.0,79.03,179.24,22046.52,High,Moderate,Shoulder,Standard,95.6,159.19,1.126,152.19,77.0,90.4,93.0,0.828,1.165,Ahead
2025-09-13,2025,9,Sep,37,5,Saturday,1,,0,0,0,0,0,220,143,143,0,181.95,65.0,26018.85,65.0,143,77,65.0,118.27,181.95,0.0,Low,Moderate,Shoulder,Standard,60.4,164.91,1.103,99.61,93.0,91.7,93.7,0.993,0.656,Behind
2025-09-14,2025,9,Sep,37,6,Sunday,1,,0,0,0,87,2,133,95,95,0,157.27,71.4,14940.65,71.4,182,38,82.7,67.91,157.27,13682.49,Low,Low,Low,Promotional,78.3,152.36,1.032,119.3,101.3,92.6,94.1,1.077,0.436,Behind
2025-09-15,2025,9,Sep,38,0,Monday,0,,0,0,0,129,4,91,174,91,83,177.48,100.0,16150.68,100.0,220,0,100.0,73.41,177.48,22894.92,High,High,Peak,Rack,94.7,156.95,1.131,148.63,106.0,87.6,95.5,1.11,0.879,Behind
2025-09-16,2025,9,Sep,38,1,Tuesday,0,,0,0,0,28,2,192,218,192,26,176.82,100.0,33949.44,100.0,220,0,100.0,154.32,176.82,4950.96,Medium,Peak,Peak,Rack,94.0,167.91,1.053,157.84,122.3,89.0,98.9,1.237,1.0,On Track
2025-09-17,2025,9,Sep,38,2,Wednesday,0,,0,0,0,80,2,140,202,140,62,187.63,100.0,26268.2,100.0,220,0,100.0,119.4,187.63,15010.4,High,Peak,Peak,Rack,92.6,178.5,1.051,165.29,129.0,93.1,98.1,1.315,1.069,On Track
2025-09-18,2025,9,Sep,38,3,Thursday,0,,0,0,0,98,2,122,175,122,53,176.9,100.0,21581.8,100.0,220,0,100.0,98.1,176.9,17336.2,High,High,Peak,Rack,93.7,158.67,1.115,148.67,125.7,101.8,98.4,1.277,0.871,Behind
2025-09-19,2025,9,Sep,38,4,Friday,0,,0,0,0,65,1,155,134,134,0,169.4,86.5,22699.6,86.5,199,21,90.5,103.18,169.4,11011.0,Low,Moderate,Shoulder,Standard,83.6,153.91,1.101,128.67,131.0,104.0,99.6,1.315,1.015,On Track
2025-09-20,2025,9,Sep,38,5,Saturday,1,OSU Football,1,1,0,135,3,85,218,85,133,216.65,100.0,18415.25,100.0,220,0,100.0,83.71,216.65,29247.75,High,Peak,Peak,Premium_Event,94.0,208.12,1.041,195.63,122.7,107.9,96.6,1.27,1.758,Ahead
2025-09-21,2025,9,Sep,38,6,Sunday,1,OSU Football,1,1,0,108,3,112,218,112,106,217.85,100.0,24399.2,100.0,220,0,100.0,110.91,217.85,23527.8,High,Peak,Peak,Premium_Event,93.0,197.54,1.103,183.71,125.1,113.2,97.7,1.28,2.659,Ahead
2025-09-22,2025,9,Sep,39,0,Monday,0,,0,0,0,78,2,142,177,142,35,181.17,100.0,25726.14,100.0,220,0,100.0,116.94,181.17,14131.26,High,High,Peak,Rack,94.8,171.58,1.056,162.66,132.4,119.2,99.3,1.333,0.881,Behind
2025-09-23,2025,9,Sep,39,1,Tuesday,0,,0,0,0,54,1,166,218,166,52,189.11,100.0,31392.26,100.0,220,0,100.0,142.69,189.11,10211.94,High,Peak,Peak,Rack,93.7,166.54,1.136,156.05,128.7,125.5,102.1,1.261,1.0,On Track
2025-09-24,2025,9,Sep,39,2,Wednesday,0,,0,0,0,146,3,74,218,74,144,189.1,100.0,13993.4,100.0,220,0,100.0,63.61,189.1,27608.6,High,Peak,Peak,Rack,95.3,169.93,1.113,161.94,119.3,124.1,99.8,1.195,1.0,On Track
2025-09-25,2025,9,Sep,39,3,Thursday,0,,0,0,0,54,1,166,163,163,0,188.61,98.2,30743.43,98.2,217,3,98.6,139.74,188.61,10184.94,Low,High,Peak,Rack,95.1,179.74,1.049,170.93,125.1,125.4,102.3,1.223,0.819,Behind
2025-09-26,2025,9,Sep,39,4,Friday,0,,0,0,0,105,3,115,154,115,39,175.71,100.0,20206.65,100.0,220,0,100.0,91.85,175.71,18449.55,High,Moderate,Shoulder,Standard,94.5,158.16,1.111,149.46,122.4,126.7,106.1,1.154,1.02,On Track
2025-09-27,2025,9,Sep,39,5,Saturday,1,,0,0,0,158,4,62,152,62,90,184.6,100.0,11445.2,100.0,220,0,100.0,52.02,184.6,29166.8,High,Moderate,Shoulder,Standard,93.5,171.79,1.075,160.62,119.1,120.9,105.9,1.125,0.697,Behind
2025-09-28,2025,9,Sep,39,6,Sunday,1,,0,0,0,189,4,31,89,31,58,173.81,100.0,5388.11,100.0,220,0,100.0,24.49,173.81,32850.09,High,Low,Low,Promotional,96.2,159.27,1.091,153.22,107.6,116.4,104.4,1.031,0.408,Behind
2025-09-29,2025,9,Sep,40,0,Monday,0,,0,0,0,94,2,126,187,126,61,172.46,100.0,21729.96,100.0,220,0,100.0,98.77,172.46,16211.24,High,High,Peak,Rack,93.0,160.88,1.072,149.62,105.3,118.9,104.5,1.008,0.954,On Track
2025-09-30,2025,9,Sep,40,1,Tuesday,0,,0,0,0,135,4,85,194,85,109,181.49,100.0,15426.65,100.0,220,0,100.0,70.12,181.49,24501.15,High,Peak,Peak,Rack,94.6,174.43,1.04,165.01,93.7,111.2,104.6,0.896,0.89,Behind
2025-10-01,2025,10,Oct,40,2,Wednesday,0,,0,0,0,51,2,169,203,169,34,194.02,100.0,32789.38,100.0,220,0,100.0,149.04,194.02,9895.02,High,Peak,Peak,Rack,92.1,179.88,1.079,165.67,107.3,113.3,104.8,1.024,0.931,On Track
2025-10-02,2025,10,Oct,40,3,Thursday,0,,0,0,0,220,7,0,202,0,202,188.9,0.0,0.0,,220,0,100.0,0.0,188.9,41558.0,Sold Out,Peak,Peak,Rack,92.2,181.18,1.043,167.05,84.0,104.6,99.1,0.848,0.995,On Track
2025-10-03,2025,10,Oct,40,4,Friday,0,,0,0,0,110,3,110,166,110,56,175.2,100.0,19272.0,100.0,220,0,100.0,87.6,175.2,19272.0,High,High,Peak,Rack,94.5,163.77,1.07,154.76,83.3,102.9,100.0,0.833,1.085,On Track
2025-10-04,2025,10,Oct,40,5,Saturday,1,OSU Football,1,1,0,141,4,79,218,79,139,225.0,100.0,17775.0,100.0,220,0,100.0,80.8,225.0,31725.0,High,Peak,Peak,Premium_Event,93.9,208.54,1.079,195.82,85.7,102.4,102.6,0.835,1.0,On Track
2025-10-05,2025,10,Oct,40,6,Sunday,1,OSU Football,1,1,0,92,2,128,218,128,90,218.47,100.0,27964.16,100.0,220,0,100.0,127.11,218.47,20099.24,High,Peak,Peak,Premium_Event,94.8,198.46,1.101,188.14,99.6,103.6,103.4,0.963,1.0,On Track
2025-10-06,2025,10,Oct,41,0,Monday,0,,0,0,0,54,1,166,175,166,9,175.98,100.0,29212.68,100.0,220,0,100.0,132.78,175.98,9502.92,Low,High,Peak,Rack,95.5,156.27,1.126,149.24,105.3,105.3,107.9,0.976,0.931,On Track
2025-10-07,2025,10,Oct,41,1,Tuesday,0,,0,0,0,49,1,171,218,171,47,194.35,100.0,33233.85,100.0,220,0,100.0,151.06,194.35,9523.15,High,Peak,Peak,Rack,96.0,185.42,1.048,178.0,117.6,105.6,112.4,1.046,1.0,On Track
2025-10-08,2025,10,Oct,41,2,Wednesday,0,,0,0,0,75,2,145,218,145,73,191.0,100.0,27695.0,100.0,220,0,100.0,125.89,191.0,14325.0,High,Peak,Peak,Rack,95.5,173.83,1.099,166.01,114.1,110.7,115.3,0.99,1.058,On Track
2025-10-09,2025,10,Oct,41,3,Thursday,0,,0,0,0,0,0,220,216,216,0,179.55,98.2,38782.8,98.2,216,4,98.2,176.29,179.55,0.0,Low,Peak,Peak,Rack,94.5,161.25,1.113,152.38,145.0,114.5,119.9,1.209,1.18,Ahead
2025-10-10,2025,10,Oct,41,4,Friday,0,,0,0,0,0,0,220,160,160,0,174.7,72.7,27952.0,72.7,160,60,72.7,127.05,174.7,0.0,Low,High,Peak,Rack,69.8,159.06,1.098,111.02,152.1,117.7,122.1,1.246,0.976,On Track
2025-10-11,2025,10,Oct,41,5,Saturday,1,,0,0,0,164,3,56,145,56,89,187.63,100.0,10507.28,100.0,220,0,100.0,47.76,187.63,30771.32,High,Moderate,Shoulder,Standard,95.7,172.57,1.087,165.15,148.9,117.3,119.2,1.249,0.884,Behind
2025-10-12,2025,10,Oct,41,6,Sunday,1,,0,0,0,207,5,13,92,13,79,169.2,100.0,2199.6,100.0,220,0,100.0,10.0,169.2,35024.4,High,Low,Low,Promotional,96.6,151.66,1.116,146.5,132.4,116.0,116.4,1.137,1.0,On Track
2025-10-13,2025,10,Oct,42,0,Monday,0,,0,0,0,112,4,108,181,108,73,178.62,100.0,19290.96,100.0,220,0,100.0,87.69,178.62,20005.44,High,High,Peak,Rack,93.6,160.12,1.116,149.87,124.1,114.7,115.2,1.077,0.933,On Track
2025-10-14,2025,10,Oct,42,1,Tuesday,0,,0,0,0,75,2,145,207,145,62,198.0,100.0,28710.0,100.0,220,0,100.0,130.5,198.0,14850.0,High,Peak,Peak,Rack,93.5,189.49,1.045,177.17,120.4,119.0,116.9,1.03,1.025,On Track
2025-10-15,2025,10,Oct,42,2,Wednesday,0,,0,0,0,49,1,171,218,171,47,191.76,100.0,32790.96,100.0,220,0,100.0,149.05,191.76,9396.24,High,Peak,Peak,Rack,92.7,172.75,1.11,160.14,124.1,119.1,119.5,1.038,1.058,On Track
2025-10-16,2025,10,Oct,42,3,Thursday,0,,0,0,0,107,3,113,203,113,90,189.82,100.0,21449.66,100.0,220,0,100.0,97.5,189.82,20310.74,High,Peak,Peak,Rack,96.1,176.64,1.075,169.75,109.4,127.2,116.9,0.936,0.931,On Track
2025-10-17,2025,10,Oct,42,4,Friday,0,,0,0,0,73,2,147,171,147,24,176.67,100.0,25970.49,100.0,220,0,100.0,118.05,176.67,12896.91,Medium,High,Peak,Rack,95.9,169.83,1.04,162.87,107.6,129.9,117.1,0.919,1.132,Ahead
2025-10-18,2025,10,Oct,42,5,Saturday,1,OSU Football,1,1,0,42,1,178,218,178,40,225.0,100.0,40050.0,100.0,220,0,100.0,182.05,225.0,9450.0,High,Peak,Peak,Premium_Event,93.4,202.96,1.109,189.56,125.0,136.9,119.0,1.05,1.524,Ahead
2025-10-19,2025,10,Oct,42,6,Sunday,1,OSU Football,1,1,0,88,3,132,218,132,86,221.3,100.0,29211.6,100.0,220,0,100.0,132.78,221.3,19474.4,High,Peak,Peak,Premium_Event,94.1,209.41,1.057,197.05,142.0,137.2,118.9,1.194,1.0,On Track
2025-10-20,2025,10,Oct,43,0,Monday,0,,0,0,0,75,1,145,177,145,32,178.37,100.0,25863.65,100.0,220,0,100.0,117.56,178.37,13377.75,High,High,Peak,Rack,96.5,166.87,1.069,161.03,147.3,135.7,120.9,1.218,0.831,Behind
2025-10-21,2025,10,Oct,43,1,Tuesday,0,,0,0,0,188,4,32,216,32,184,198.07,100.0,6338.24,100.0,220,0,100.0,28.81,198.07,37237.16,High,Peak,Peak,Rack,93.8,188.25,1.052,176.58,131.1,125.8,118.3,1.108,1.059,On Track
2025-10-22,2025,10,Oct,43,2,Wednesday,0,,0,0,0,158,4,62,218,62,156,197.51,100.0,12245.62,100.0,220,0,100.0,55.66,197.51,31206.58,High,Peak,Peak,Rack,96.6,182.0,1.085,175.81,115.6,119.9,115.6,1.0,1.048,On Track
2025-10-23,2025,10,Oct,43,3,Thursday,0,,0,0,0,148,2,72,213,72,141,192.57,100.0,13865.04,100.0,220,0,100.0,63.02,192.57,28500.36,High,Peak,Peak,Rack,93.4,174.49,1.104,162.97,109.7,109.6,112.5,0.975,0.995,On Track
2025-10-24,2025,10,Oct,43,4,Friday,0,,0,0,0,145,2,75,143,75,68,179.4,100.0,13455.0,100.0,220,0,100.0,61.16,179.4,26013.0,High,Moderate,Shoulder,Standard,93.3,172.01,1.043,160.49,99.4,103.5,112.5,0.884,0.856,Behind
2025-10-25,2025,10,Oct,43,5,Saturday,1,,0,0,0,145,2,75,142,75,67,191.2,100.0,14340.0,100.0,220,0,100.0,65.18,191.2,27724.0,High,Moderate,Shoulder,Standard,92.4,173.66,1.101,160.46,84.7,104.9,109.6,0.773,0.651,Behind
2025-10-26,2025,10,Oct,43,6,Sunday,1,,0,0,0,68,2,152,102,102,0,165.88,67.1,16919.76,67.1,170,50,77.3,76.91,165.88,11279.84,Low,Low,Low,Promotional,74.5,160.85,1.031,119.83,80.4,111.2,109.1,0.737,0.468,Behind
2025-10-27,2025,10,Oct,44,0,Monday,0,,0,0,0,61,1,159,178,159,19,185.91,100.0,29559.69,100.0,220,0,100.0,134.36,185.91,11340.51,Medium,High,Peak,Rack,92.3,169.04,1.1,156.02,82.4,114.9,112.4,0.733,0.877,Behind
2025-10-28,2025,10,Oct,44,1,Tuesday,0,,0,0,0,0,0,220,195,195,0,190.08,88.6,37065.6,88.6,195,25,88.6,168.48,190.08,0.0,Low,Peak,Peak,Rack,84.2,171.15,1.111,144.11,105.7,118.4,117.8,0.897,0.894,Behind
2025-10-29,2025,10,Oct,44,2,Wednesday,0,,0,0,0,173,3,47,215,47,168,200.49,100.0,9423.03,100.0,220,0,100.0,42.83,200.49,34684.77,High,Peak,Peak,Rack,92.7,181.71,1.103,168.45,103.6,109.6,115.2,0.899,0.986,On Track
2025-10-30,2025,10,Oct,44,3,Thursday,0,,0,0,0,220,3,0,213,0,213,194.63,0.0,0.0,,220,0,100.0,0.0,194.63,42818.6,Sold Out,Peak,Peak,Rack,95.7,172.53,1.128,165.11,93.3,101.5,112.4,0.83,0.977,On Track
2025-10-31,2025,10,Oct,44,4,Friday,0,,0,0,0,102,1,118,148,118,30,185.23,100.0,21857.14,100.0,220,0,100.0,99.35,185.23,18893.46,Medium,Moderate,Shoulder,Standard,95.2,163.34,1.134,155.5,99.4,99.4,110.7,0.898,1.213,Ahead
2025-11-01,2025,11,Nov,44,5,Saturday,1,OSU Football,1,1,0,131,3,89,218,89,129,222.18,100.0,19774.02,100.0,220,0,100.0,89.88,222.18,29105.58,High,Peak,Peak,Premium_Event,96.0,213.61,1.04,205.07,101.4,93.1,113.6,0.893,1.802,Ahead
2025-11-02,2025,11,Nov,44,6,Sunday,1,OSU Football,1,1,0,189,3,31,218,31,187,208.12,100.0,6451.72,100.0,220,0,100.0,29.33,208.12,39334.68,High,Peak,Peak,Premium_Event,93.8,198.55,1.048,186.24,91.3,85.9,111.0,0.823,2.907,Ahead
2025-11-03,2025,11,Nov,45,0,Monday,0,,0,0,0,58,2,162,174,162,12,168.0,100.0,27216.0,100.0,220,0,100.0,123.71,168.0,9744.0,Medium,High,Peak,Rack,95.7,157.6,1.066,150.82,91.7,87.1,113.8,0.806,0.994,On Track
2025-11-04,2025,11,Nov,45,1,Tuesday,0,,0,0,0,75,2,145,177,145,32,183.81,100.0,26652.45,100.0,220,0,100.0,121.15,183.81,13785.75,High,High,Peak,Rack,92.6,172.07,1.068,159.34,84.6,95.1,114.3,0.74,0.876,Behind
2025-11-05,2025,11,Nov,45,2,Wednesday,0,,0,0,0,174,4,46,197,46,151,177.86,100.0,8181.56,100.0,220,0,100.0,37.19,177.86,30947.64,High,Peak,Peak,Rack,94.3,161.33,1.102,152.13,84.4,94.0,110.3,0.765,1.042,On Track
2025-11-06,2025,11,Nov,45,3,Thursday,0,,0,0,0,0,0,220,148,148,0,158.08,67.3,23395.84,67.3,148,72,67.3,106.34,158.08,0.0,Low,Moderate,Shoulder,Standard,63.5,143.78,1.099,91.3,105.6,99.4,109.6,0.964,0.855,Behind
2025-11-07,2025,11,Nov,45,4,Friday,0,,0,0,0,18,1,202,125,125,0,154.38,61.9,19297.5,61.9,143,77,65.0,87.72,154.38,2778.84,Low,Moderate,Shoulder,Standard,60.6,146.26,1.056,88.63,106.6,103.0,108.9,0.979,1.096,On Track
2025-11-08,2025,11,Nov,45,5,Saturday,1,,0,0,0,35,1,185,136,136,0,165.34,73.5,22486.24,73.5,171,49,77.7,102.21,165.34,5786.9,Low,Moderate,Shoulder,Standard,73.2,147.23,1.123,107.77,113.3,107.4,106.2,1.067,0.624,Behind
2025-11-09,2025,11,Nov,45,6,Sunday,1,,0,0,0,0,0,220,86,86,0,149.36,39.1,12844.96,39.1,86,134,39.1,58.39,149.36,0.0,Low,Low,Low,Promotional,37.6,144.28,1.035,54.25,121.1,106.2,103.8,1.167,0.394,Behind
2025-11-10,2025,11,Nov,46,0,Monday,0,,0,0,0,0,0,220,160,160,0,163.6,72.7,26176.0,72.7,160,60,72.7,118.98,163.6,0.0,Low,High,Peak,Rack,70.0,153.42,1.066,107.39,120.9,106.3,107.2,1.128,1.026,On Track
2025-11-11,2025,11,Nov,46,1,Tuesday,0,,0,0,0,0,0,220,176,176,0,177.45,80.0,31231.2,80.0,176,44,80.0,141.96,177.45,0.0,Low,High,Peak,Rack,76.9,157.41,1.127,121.05,125.3,104.9,112.7,1.112,0.957,On Track
2025-11-12,2025,11,Nov,46,2,Wednesday,0,,0,0,0,44,1,176,169,169,0,188.62,96.0,31876.78,96.0,213,7,96.8,144.89,188.62,8299.28,Low,High,Peak,Rack,91.2,181.15,1.041,165.21,142.9,113.6,114.7,1.246,0.849,Behind
2025-11-13,2025,11,Nov,46,3,Thursday,0,,0,0,0,102,3,118,148,118,30,180.13,100.0,21255.34,100.0,220,0,100.0,96.62,180.13,18373.26,Medium,Moderate,Shoulder,Standard,96.8,158.54,1.136,153.47,138.6,122.1,113.8,1.218,0.818,Behind
2025-11-14,2025,11,Nov,46,4,Friday,0,,0,0,0,84,2,136,127,127,0,175.24,93.4,22255.48,93.4,211,9,95.9,101.16,175.24,14720.16,Low,Moderate,Shoulder,Standard,91.5,162.62,1.078,148.8,138.9,122.7,112.3,1.237,0.969,On Track
2025-11-15,2025,11,Nov,46,5,Saturday,1,OSU Football,1,1,0,84,2,136,218,136,82,214.18,100.0,29128.48,100.0,220,0,100.0,132.4,214.18,17991.12,High,Peak,Peak,Premium_Event,95.2,193.4,1.107,184.12,138.9,126.1,113.1,1.228,1.912,Ahead
2025-11-16,2025,11,Nov,46,6,Sunday,1,OSU Football,1,1,0,140,4,80,218,80,138,223.38,100.0,17870.4,100.0,220,0,100.0,81.23,223.38,31273.2,High,Peak,Peak,Premium_Event,92.3,214.76,1.04,198.22,138.0,129.6,110.9,1.244,2.907,Ahead
2025-11-17,2025,11,Nov,47,0,Monday,0,,0,0,0,124,2,96,153,96,57,163.46,100.0,15692.16,100.0,220,0,100.0,71.33,163.46,20269.04,High,Moderate,Shoulder,Standard,93.1,152.51,1.072,141.99,128.9,124.9,108.1,1.192,0.864,Behind
2025-11-18,2025,11,Nov,47,1,Tuesday,0,,0,0,0,72,1,148,167,148,19,190.85,100.0,28245.8,100.0,220,0,100.0,128.39,190.85,13741.2,Medium,High,Peak,Rack,92.8,171.45,1.113,159.11,124.9,125.1,108.7,1.149,0.944,On Track
2025-11-19,2025,11,Nov,47,2,Wednesday,0,,0,0,0,220,4,0,170,0,170,181.32,0.0,0.0,,220,0,100.0,0.0,181.32,39890.4,Sold Out,High,Peak,Rack,96.0,166.93,1.086,160.25,100.7,121.8,103.8,0.97,1.069,On Track
2025-11-20,2025,11,Nov,47,3,Thursday,0,,0,0,0,131,2,89,158,89,69,182.76,100.0,16265.64,100.0,220,0,100.0,73.93,182.76,23941.56,High,Moderate,Shoulder,Standard,95.4,175.22,1.043,167.16,96.6,117.6,105.7,0.914,0.908,On Track
2025-11-21,2025,11,Nov,47,4,Friday,0,,0,0,0,118,2,102,124,102,22,179.84,100.0,18343.68,100.0,220,0,100.0,83.38,179.84,21221.12,Medium,Moderate,Shoulder,Standard,95.9,168.99,1.064,162.06,93.0,115.9,107.1,0.868,0.947,On Track
2025-11-22,2025,11,Nov,47,5,Saturday,1,,0,0,0,0,0,220,117,117,0,169.35,53.2,19813.95,53.2,117,103,53.2,90.06,169.35,0.0,Low,Moderate,Shoulder,Standard,50.3,149.64,1.132,75.27,90.3,114.6,108.6,0.831,0.537,Behind
2025-11-23,2025,11,Nov,47,6,Sunday,1,,0,0,0,122,2,98,74,74,0,163.6,75.5,12106.4,75.5,196,24,89.1,55.03,163.6,19959.2,Low,Low,Low,Promotional,83.3,153.49,1.066,127.86,89.4,113.7,108.5,0.824,0.339,Behind
2025-11-24,2025,11,Nov,48,0,Monday,0,,0,0,0,93,2,127,157,127,30,172.16,100.0,21864.32,100.0,220,0,100.0,99.38,172.16,16010.88,Medium,Moderate,Shoulder,Standard,92.9,165.54,1.04,153.79,93.9,111.4,110.3,0.851,0.913,On Track
2025-11-25,2025,11,Nov,48,1,Tuesday,0,,0,0,0,32,1,188,185,185,0,189.56,98.4,35068.6,98.4,217,3,98.6,159.4,189.56,6065.92,Low,High,Peak,Rack,91.5,176.45,1.074,161.45,99.1,112.0,113.0,0.877,1.045,On Track
2025-11-26,2025,11,Nov,48,2,Wednesday,0,Thanksgiving Week,1,0,1,60,1,160,90,90,0,156.64,56.2,14097.6,56.3,150,70,68.2,64.08,156.64,9398.4,Low,Low,Low,Holiday_Reduced,64.4,141.33,1.108,91.02,112.0,106.4,110.7,1.012,1.0,On Track
2025-11-27,2025,11,Nov,48,3,Thursday,0,Thanksgiving Week,1,0,1,80,1,140,81,81,0,150.67,57.9,12204.27,57.9,161,59,73.2,55.47,150.67,12053.6,Low,Low,Low,Holiday_Reduced,69.8,146.06,1.032,101.95,110.9,103.7,106.9,1.037,0.988,On Track
2025-11-28,2025,11,Nov,48,4,Friday,0,Thanksgiving Week,1,0,1,80,1,140,98,98,0,146.75,70.0,14381.5,70.0,178,42,80.9,65.37,146.75,11740.0,Low,Low,Low,Holiday_Reduced,77.1,141.98,1.034,109.47,110.3,101.6,108.6,1.016,1.167,Ahead
2025-11-29,2025,11,Nov,48,5,Saturday,1,Thanksgiving Week,1,0,1,0,0,220,99,99,0,148.26,45.0,14677.74,45.0,99,121,45.0,66.72,148.26,0.0,Low,Low,Low,Holiday_Reduced,42.0,142.34,1.042,59.78,107.7,99.0,111.9,0.962,1.125,Ahead
2025-11-30,2025,11,Nov,48,6,Sunday,1,Thanksgiving Week,1,0,1,122,3,98,82,82,0,152.32,83.7,12490.24,83.7,204,16,92.7,56.77,152.32,18583.04,Low,Low,Low,Holiday_Reduced,88.3,143.61,1.061,126.81,108.9,99.1,110.7,0.984,1.608,Ahead
2025-12-01,2025,12,Dec,49,0,Monday,0,,0,0,0,127,4,93,106,93,13,149.99,100.0,13949.07,100.0,220,0,100.0,63.4,149.99,19048.73,Medium,Low,Low,Promotional,95.8,134.06,1.119,128.43,104.0,98.9,110.9,0.938,1.128,Ahead
2025-12-02,2025,12,Dec,49,1,Tuesday,0,,0,0,0,30,1,190,114,114,0,152.33,60.0,17365.62,60.0,144,76,65.5,78.93,152.33,4569.9,Low,Low,Low,Promotional,61.7,139.64,1.091,86.16,93.9,96.5,113.6,0.827,0.991,On Track
2025-12-03,2025,12,Dec,49,2,Wednesday,0,,0,0,0,18,1,202,104,104,0,155.78,51.5,16201.12,51.5,122,98,55.5,73.64,155.78,2804.04,Low,Low,Low,Promotional,51.8,144.12,1.081,74.65,95.9,103.9,111.7,0.859,1.0,On Track
2025-12-04,2025,12,Dec,49,3,Thursday,0,,0,0,0,39,2,181,93,93,0,146.07,51.4,13584.51,51.4,132,88,60.0,61.75,146.07,5696.73,Low,Low,Low,Promotional,56.7,134.21,1.088,76.1,97.6,104.2,110.0,0.887,0.823,Behind
2025-12-05,2025,12,Dec,49,4,Friday,0,,0,0,0,30,1,190,71,71,0,145.05,37.4,10298.55,37.4,101,119,45.9,46.81,145.05,4351.5,Low,Low,Low,Promotional,42.3,138.01,1.051,58.38,93.7,102.0,110.8,0.846,0.959,On Track
2025-12-06,2025,12,Dec,49,5,Saturday,1,,0,0,0,67,2,153,84,84,0,142.34,54.9,11956.56,54.9,151,69,68.6,54.35,142.34,9536.78,Low,Low,Low,Promotional,64.1,128.32,1.109,82.25,91.6,99.6,108.7,0.843,0.966,On Track
2025-12-07,2025,12,Dec,49,6,Sunday,1,,0,0,0,37,1,183,48,48,0,126.94,26.2,6093.12,26.2,85,135,38.6,27.7,126.94,4696.78,Low,Soft,Low,Promotional,36.5,113.28,1.121,41.35,86.7,97.8,106.1,0.817,0.889,Behind
2025-12-08,2025,12,Dec,50,0,Monday,0,,0,0,0,119,3,101,101,101,0,143.55,100.0,14498.55,100.0,220,0,100.0,65.9,143.55,17082.45,Low,Low,Low,Promotional,94.6,133.16,1.078,125.97,87.9,95.9,104.9,0.838,0.99,On Track
2025-12-09,2025,12,Dec,50,1,Tuesday,0,,0,0,0,89,2,131,116,116,0,159.9,88.5,18548.4,88.5,205,15,93.2,84.31,159.9,14231.1,Low,Moderate,Shoulder,Standard,87.3,152.74,1.047,133.34,88.1,91.0,105.9,0.832,1.149,Ahead
2025-12-10,2025,12,Dec,50,2,Wednesday,0,,0,0,0,49,1,171,115,115,0,146.58,67.3,16856.7,67.3,164,56,74.5,76.62,146.58,7182.42,Low,Moderate,Shoulder,Standard,71.2,130.02,1.127,92.57,89.7,92.8,104.4,0.859,1.095,On Track
2025-12-11,2025,12,Dec,50,3,Thursday,0,,0,0,0,49,1,171,110,110,0,142.44,64.3,15668.4,64.3,159,61,72.3,71.22,142.44,6979.56,Low,Low,Low,Promotional,68.3,127.87,1.114,87.34,92.1,94.9,102.2,0.901,1.0,On Track
2025-12-12,2025,12,Dec,50,4,Friday,0,,0,0,0,49,1,171,79,79,0,130.99,46.2,10348.21,46.2,128,92,58.2,47.04,130.99,6418.51,Low,Low,Low,Promotional,55.7,126.29,1.037,70.34,93.3,93.5,99.2,0.941,0.929,On Track
2025-12-13,2025,12,Dec,50,5,Saturday,1,,0,0,0,166,3,54,86,54,32,154.55,100.0,8345.7,100.0,220,0,100.0,37.94,154.55,25655.3,High,Low,Low,Promotional,92.7,148.57,1.04,137.72,89.0,90.3,97.1,0.917,1.211,Ahead
2025-12-14,2025,12,Dec,50,6,Sunday,1,,0,0,0,0,0,220,53,53,0,125.85,24.1,6670.05,24.1,53,167,24.1,30.32,125.85,0.0,Low,Soft,Low,Promotional,23.3,121.4,1.037,28.29,89.7,88.2,94.6,0.948,1.06,On Track
2025-12-15,2025,12,Dec,51,0,Monday,0,,0,0,0,0,0,220,89,89,0,139.78,40.5,12440.42,40.5,89,131,40.5,56.55,139.78,0.0,Low,Low,Low,Promotional,37.6,131.89,1.06,49.59,88.0,87.9,93.1,0.945,0.908,On Track
2025-12-16,2025,12,Dec,51,1,Tuesday,0,,0,0,0,78,1,142,106,106,0,149.43,74.6,15839.58,74.6,184,36,83.6,72.0,149.43,11655.54,Low,Low,Low,Promotional,78.3,139.33,1.072,109.1,86.6,87.4,93.9,0.922,0.981,On Track
2025-12-17,2025,12,Dec,51,2,Wednesday,0,,0,0,0,115,2,105,108,105,3,158.07,100.0,16597.35,100.0,220,0,100.0,75.44,158.07,18178.05,Low,Low,Low,Promotional,92.8,139.84,1.13,129.77,85.1,87.4,94.2,0.903,1.069,On Track
2025-12-18,2025,12,Dec,51,3,Thursday,0,,0,0,0,220,4,0,106,0,106,155.93,0.0,0.0,,220,0,100.0,0.0,155.93,34304.6,Sold Out,Low,Low,Promotional,92.1,141.58,1.101,130.4,69.4,80.8,89.3,0.777,1.082,On Track
2025-12-19,2025,12,Dec,51,4,Friday,0,,0,0,0,139,2,81,82,81,1,143.13,100.0,11593.53,100.0,220,0,100.0,52.7,143.13,19895.07,Low,Low,Low,Promotional,96.4,134.09,1.067,129.26,69.7,81.5,92.0,0.758,1.025,On Track
2025-12-20,2025,12,Dec,51,5,Saturday,1,,0,0,0,103,1,117,77,77,0,139.51,65.8,10742.27,65.8,180,40,81.8,48.83,139.51,14369.53,Low,Low,Low,Promotional,75.3,126.56,1.102,95.3,73.0,81.0,91.6,0.797,1.116,Ahead
2025-12-21,2025,12,Dec,51,6,Sunday,1,,0,0,0,78,1,142,54,54,0,128.55,38.0,6941.7,38.0,132,88,60.0,31.55,128.55,10026.9,Low,Soft,Low,Promotional,56.5,123.81,1.038,69.95,73.1,81.4,90.0,0.812,1.149,Ahead
2025-12-22,2025,12,Dec,52,0,Monday,0,,0,0,0,78,1,142,89,89,0,135.84,62.7,12089.76,62.7,167,53,75.9,54.95,135.84,10595.52,Low,Low,Low,Promotional,71.0,122.07,1.113,86.67,73.1,80.6,89.1,0.82,2.405,Ahead
2025-12-23,2025,12,Dec,52,1,Tuesday,0,Holiday Week,1,0,1,128,3,92,40,40,0,126.99,43.5,5079.6,43.5,168,52,76.4,23.09,126.99,16254.72,Low,Soft,Low,Holiday_Reduced,72.2,121.9,1.042,88.01,63.7,75.1,87.9,0.725,0.909,On Track
2025-12-24,2025,12,Dec,52,2,Wednesday,0,Holiday Week,1,0,1,102,2,118,39,39,0,131.24,33.1,5118.36,33.1,141,79,64.1,23.27,131.24,13386.48,Low,Soft,Low,Holiday_Reduced,59.3,119.9,1.095,71.1,54.3,69.7,85.0,0.639,0.975,On Track
2025-12-25,2025,12,Dec,52,3,Thursday,0,Holiday Week,1,0,1,0,0,220,40,40,0,117.09,18.2,4683.6,18.2,40,180,18.2,21.29,117.09,0.0,Low,Soft,Low,Holiday_Reduced,20.0,107.46,1.09,21.49,60.0,64.7,80.2,0.748,1.111,Ahead
2025-12-26,2025,12,Dec,52,4,Friday,0,Holiday Week,1,0,1,77,1,143,43,43,0,128.37,30.1,5519.91,30.1,120,100,54.5,25.09,128.37,9884.49,Low,Soft,Low,Holiday_Reduced,50.8,116.83,1.099,59.35,54.6,62.1,78.6,0.695,1.075,On Track
2025-12-27,2025,12,Dec,52,5,Saturday,1,Holiday Week,1,0,1,77,1,143,39,39,0,122.39,27.3,4773.21,27.3,116,104,52.7,21.7,122.39,9424.03,Low,Soft,Low,Holiday_Reduced,50.3,111.71,1.096,56.19,49.1,61.1,77.2,0.636,1.0,On Track
2025-12-28,2025,12,Dec,52,6,Sunday,1,Holiday Week,1,0,1,98,2,122,45,45,0,115.0,36.9,5175.0,36.9,143,77,65.0,23.52,115.0,11270.0,Low,Soft,Low,Holiday_Reduced,62.2,104.92,1.096,65.26,47.9,60.5,75.4,0.635,1.098,On Track
2025-12-29,2025,12,Dec,1,0,Monday,0,Holiday Week,1,0,1,0,0,220,37,37,0,116.84,16.8,4323.08,16.8,37,183,16.8,19.65,116.84,0.0,Low,Soft,Low,Holiday_Reduced,20.0,109.26,1.069,21.85,40.4,56.8,73.4,0.55,0.925,On Track
2025-12-30,2025,12,Dec,1,1,Tuesday,0,Holiday Week,1,0,1,70,1,150,44,44,0,130.55,29.3,5744.2,29.3,114,106,51.8,26.11,130.55,9138.5,Low,Soft,Low,Holiday_Reduced,49.5,124.28,1.05,61.52,41.0,52.4,72.1,0.569,1.158,Ahead
2025-12-31,2025,12,Dec,1,2,Wednesday,0,Holiday Week,1,0,1,70,1,150,42,42,0,130.7,28.0,5489.4,28.0,112,108,50.9,24.95,130.7,9149.0,Low,Soft,Low,Holiday_Reduced,48.2,120.91,1.081,58.28,41.4,47.9,70.4,0.588,0.307,Behind
