Date,Year,Month,Month_Name,Week,Day_Of_Week,Day_Name,Is_Weekend,Special_Event,Is_Special_Event,Is_OSU_Football,Is_Holiday,Group_Rooms_On_Books,Group_Events_Inhouse,Transient_Rooms_Available,Transient_Demand_Unconstrained,Transient_Rooms_Sold,Transient_Rooms_Turned_Away,Transient_ADR,Transient_Occ_Of_Available,Transient_Revenue,Transient_Yield_Pct,Total_Rooms_Sold,Rooms_to_Capacity,Total_Occupancy_Pct,Transient_RevPAR,Displacement_Cost_Per_Room,Total_Displacement_Cost,Displacement_Pressure,Demand_Tier,Demand_Tier_3,Rate_Strategy,Market_Occ_Pct,Market_ADR,ADR_Index,Market_RevPAR,Transient_Pace_7d,Transient_Pace_14d,Transient_Pace_30d,Pace_Index,Pace_vs_Prior_Year,Pace_Status
2026-04-01,2026,4,Apr,14,2,Wednesday,0,,0,0,0,0,0,220,163,163,0,197.8,74.09,32241.51,74.09,163,57,74.09,146.55,197.8,0.0,Low,Shoulder,Shoulder,Standard,68.95,204.33,0.97,140.89,163,163,163,1.04,-0.04,Behind
2026-04-02,2026,4,Apr,14,3,Thursday,0,,0,0,0,0,0,220,187,187,0,183.43,85.0,34302.29,85.0,187,33,85.0,155.92,183.43,0.0,Low,Shoulder,Shoulder,Standard,72.72,179.93,1.02,130.84,187,187,187,1.08,0.11,Behind
2026-04-03,2026,4,Apr,14,4,Friday,0,,0,0,0,0,0,220,211,211,0,203.42,95.91,42922.21,95.91,211,9,95.91,195.1,203.42,0.0,Low,Shoulder,Shoulder,Standard,69.88,191.86,1.06,134.07,211,211,211,1.08,-0.04,On Pace
2026-04-04,2026,4,Apr,14,5,Saturday,1,,0,0,0,0,0,220,170,170,0,177.0,77.27,30089.95,77.27,170,50,77.27,136.77,177.0,0.0,Low,Shoulder,Shoulder,Standard,64.8,166.57,1.06,107.93,170,170,170,0.91,0.06,On Pace
2026-04-05,2026,4,Apr,14,6,Sunday,1,,0,0,0,0,0,220,143,143,0,194.74,65.0,27848.09,65.0,143,77,65.0,126.58,194.74,0.0,Low,Shoulder,Shoulder,Standard,69.46,204.32,0.95,141.93,143,143,143,1.03,0.03,Ahead
2026-04-06,2026,4,Apr,15,0,Monday,0,,0,0,0,42,1,178,145,145,0,186.29,81.46,27011.96,81.46,187,33,85.0,122.78,186.29,1295.24,Low,Shoulder,Shoulder,Standard,75.62,178.68,1.04,135.11,145,145,145,1.01,0.06,Behind
2026-04-07,2026,4,Apr,15,1,Tuesday,0,,0,0,0,0,0,220,208,208,0,189.18,94.55,39350.2,94.55,208,12,94.55,178.86,189.18,0.0,Low,Shoulder,Shoulder,Standard,70.18,175.72,1.08,123.32,208,208,208,0.95,-0.03,Ahead
2026-04-08,2026,4,Apr,15,2,Wednesday,0,,0,0,0,0,0,220,172,172,0,186.4,78.18,32060.01,78.18,172,48,78.18,145.73,186.4,0.0,Low,Shoulder,Shoulder,Standard,68.4,183.92,1.01,125.8,172,172,172,0.9,0.06,Behind
2026-04-09,2026,4,Apr,15,3,Thursday,0,,0,0,0,0,0,220,197,197,0,180.77,89.55,35610.73,89.55,197,23,89.55,161.87,180.77,0.0,Low,Shoulder,Shoulder,Standard,75.25,182.56,0.99,137.38,197,197,197,1.14,0.08,On Pace
2026-04-10,2026,4,Apr,15,4,Friday,0,,0,0,0,0,0,220,172,172,0,197.21,78.18,33920.89,78.18,172,48,78.18,154.19,197.21,0.0,Low,Shoulder,Shoulder,Standard,72.72,183.57,1.07,133.49,172,172,172,0.98,0.04,On Pace
2026-04-11,2026,4,Apr,15,5,Saturday,1,,0,0,0,0,0,220,172,172,0,180.52,78.18,31050.08,78.18,172,48,78.18,141.14,180.52,0.0,Low,Shoulder,Shoulder,Standard,73.88,175.59,1.03,129.72,172,172,172,0.97,-0.01,Ahead
2026-04-12,2026,4,Apr,15,6,Sunday,1,,0,0,0,0,0,220,188,188,0,179.07,85.45,33664.42,85.45,188,32,85.45,153.02,179.07,0.0,Low,Shoulder,Shoulder,Standard,75.44,178.6,1.0,134.74,188,188,188,1.06,0.11,Behind
2026-04-13,2026,4,Apr,16,0,Monday,0,,0,0,0,90,1,130,101,101,0,191.51,77.69,19342.35,77.69,191,29,86.82,87.92,191.51,2548.24,Medium,Shoulder,Shoulder,Standard,71.9,192.29,1.0,138.26,101,101,101,1.15,0.01,Ahead
2026-04-14,2026,4,Apr,16,1,Tuesday,0,,0,0,0,90,1,130,119,119,0,186.94,91.54,22246.29,91.54,209,11,95.0,101.12,186.94,2238.26,Medium,Shoulder,Shoulder,Standard,78.34,198.42,0.94,155.43,119,119,119,0.92,-0.0,Ahead
2026-04-15,2026,4,Apr,16,2,Wednesday,0,,0,0,0,90,1,130,90,90,0,187.83,69.23,16905.12,69.23,180,40,81.82,76.84,187.83,1181.07,Medium,Shoulder,Shoulder,Standard,75.95,176.35,1.07,133.93,90,90,90,1.1,0.09,On Pace
2026-04-16,2026,4,Apr,16,3,Thursday,0,,0,0,0,0,0,220,190,190,0,187.82,86.36,35685.05,86.36,190,30,86.36,162.2,187.82,0.0,Low,Shoulder,Shoulder,Standard,67.91,178.84,1.05,121.44,190,190,190,0.93,0.08,On Pace
2026-04-17,2026,4,Apr,16,4,Friday,0,,0,0,0,0,0,220,172,172,0,197.71,78.18,34005.71,78.18,172,48,78.18,154.57,197.71,0.0,Low,Shoulder,Shoulder,Standard,77.8,185.49,1.07,144.31,172,172,172,0.95,0.02,Behind
2026-04-18,2026,4,Apr,16,5,Saturday,1,,0,0,0,0,0,220,153,153,0,180.55,69.55,27624.03,69.55,153,67,69.55,125.56,180.55,0.0,Low,Shoulder,Shoulder,Standard,67.5,185.53,0.97,125.23,153,153,153,1.12,0.09,Behind
2026-04-19,2026,4,Apr,16,6,Sunday,1,,0,0,0,0,0,220,151,151,0,180.7,68.64,27286.42,68.64,151,69,68.64,124.03,180.7,0.0,Low,Shoulder,Shoulder,Standard,69.0,191.26,0.94,131.97,151,151,151,1.12,0.03,On Pace
2026-04-20,2026,4,Apr,17,0,Monday,0,,0,0,0,0,0,220,187,187,0,196.44,85.0,36734.6,85.0,187,33,85.0,166.98,196.44,0.0,Low,Shoulder,Shoulder,Standard,76.64,198.18,0.99,151.88,187,187,187,0.86,0.05,On Pace
2026-04-21,2026,4,Apr,17,1,Tuesday,0,,0,0,0,0,0,220,206,206,0,192.81,93.64,39718.72,93.64,206,14,93.64,180.54,192.81,0.0,Low,Shoulder,Shoulder,Standard,72.39,207.3,0.93,150.06,206,206,206,0.93,-0.04,On Pace
2026-04-22,2026,4,Apr,17,2,Wednesday,0,,0,0,0,0,0,220,191,191,0,183.23,86.82,34996.78,86.82,191,29,86.82,159.08,183.23,0.0,Low,Shoulder,Shoulder,Standard,75.55,193.92,0.94,146.51,191,191,191,1.08,0.07,On Pace
2026-04-23,2026,4,Apr,17,3,Thursday,0,,0,0,0,0,0,220,200,200,0,183.02,90.91,36604.55,90.91,200,20,90.91,166.38,183.02,0.0,Low,Shoulder,Shoulder,Standard,68.9,194.06,0.94,133.7,200,200,200,0.96,0.09,On Pace
2026-04-24,2026,4,Apr,17,4,Friday,0,,0,0,0,0,0,220,160,160,0,195.43,72.73,31269.33,72.73,160,60,72.73,142.13,195.43,0.0,Low,Shoulder,Shoulder,Standard,77.94,208.36,0.94,162.4,160,160,160,0.98,-0.05,On Pace
2026-04-25,2026,4,Apr,17,5,Saturday,1,,0,0,0,0,0,220,199,199,0,188.64,90.45,37538.39,90.45,199,21,90.45,170.63,188.64,0.0,Low,Shoulder,Shoulder,Standard,67.52,188.14,1.0,127.04,199,199,199,1.11,0.0,On Pace
2026-04-26,2026,4,Apr,17,6,Sunday,1,,0,0,0,0,0,220,194,194,0,192.08,88.18,37262.57,88.18,194,26,88.18,169.38,192.08,0.0,Low,Shoulder,Shoulder,Standard,71.64,180.79,1.06,129.52,194,194,194,1.07,0.03,Behind
2026-04-27,2026,4,Apr,18,0,Monday,0,,0,0,0,50,1,170,163,163,0,206.71,95.88,33692.96,95.88,213,7,96.82,153.15,206.71,1527.56,Low,Shoulder,Shoulder,Standard,71.83,191.63,1.08,137.65,163,163,163,1.1,0.1,On Pace
2026-04-28,2026,4,Apr,18,1,Tuesday,0,,0,0,0,50,1,170,145,145,0,191.59,85.29,27781.15,85.29,195,25,88.64,126.28,191.59,2664.65,Low,Shoulder,Shoulder,Standard,71.85,193.97,0.99,139.37,145,145,145,0.94,0.1,On Pace
2026-04-29,2026,4,Apr,18,2,Wednesday,0,,0,0,0,0,0,220,166,166,0,194.51,75.45,32288.34,75.45,166,54,75.45,146.77,194.51,0.0,Low,Shoulder,Shoulder,Standard,74.73,203.0,0.96,151.69,166,166,166,1.05,-0.0,Ahead
2026-04-30,2026,4,Apr,18,3,Thursday,0,,0,0,0,0,0,220,194,194,0,193.79,88.18,37595.73,88.18,194,26,88.18,170.89,193.79,0.0,Low,Shoulder,Shoulder,Standard,70.46,189.15,1.02,133.28,194,194,194,0.95,-0.03,Behind
2026-05-01,2026,5,May,18,4,Friday,0,,0,0,0,0,0,220,206,206,0,195.39,93.64,40249.8,93.64,206,14,93.64,182.95,195.39,0.0,Low,Shoulder,Shoulder,Standard,70.0,189.49,1.03,132.65,206,206,206,1.12,0.04,Ahead
2026-05-02,2026,5,May,18,5,Saturday,1,,0,0,0,0,0,220,185,185,0,188.17,84.09,34812.31,84.09,185,35,84.09,158.24,188.17,0.0,Low,Shoulder,Shoulder,Standard,64.02,185.96,1.01,119.05,185,185,185,0.9,0.05,Behind
2026-05-03,2026,5,May,18,6,Sunday,1,,0,0,0,0,0,220,182,182,0,188.58,82.73,34321.83,82.73,182,38,82.73,156.01,188.58,0.0,Low,Shoulder,Shoulder,Standard,68.82,184.23,1.02,126.78,182,182,182,0.95,-0.02,Behind
2026-05-04,2026,5,May,19,0,Monday,0,,0,0,0,110,1,110,107,107,0,195.18,97.27,20884.04,97.27,217,3,98.64,94.93,195.18,2961.46,High,Shoulder,Shoulder,Standard,75.19,182.47,1.07,137.2,107,107,107,1.09,0.07,Ahead
2026-05-05,2026,5,May,19,1,Tuesday,0,,0,0,0,110,1,110,91,91,0,190.99,82.73,17379.74,82.73,201,19,91.36,79.0,190.99,2714.63,High,Shoulder,Shoulder,Standard,77.06,189.93,1.01,146.35,91,91,91,0.92,-0.01,Behind
2026-05-06,2026,5,May,19,2,Wednesday,0,,0,0,0,110,1,110,82,82,0,193.62,74.55,15876.47,74.55,192,28,87.27,72.17,193.62,3292.85,High,Shoulder,Shoulder,Standard,72.08,204.79,0.95,147.62,82,82,82,0.95,0.03,Ahead
2026-05-07,2026,5,May,19,3,Thursday,0,,0,0,0,0,0,220,184,184,0,201.59,83.64,37093.29,83.64,184,36,83.64,168.61,201.59,0.0,Low,Shoulder,Shoulder,Standard,73.8,190.98,1.06,140.94,184,184,184,1.08,0.05,Ahead
2026-05-08,2026,5,May,19,4,Friday,0,,0,0,0,0,0,220,200,200,0,185.85,90.91,37169.8,90.91,200,20,90.91,168.95,185.85,0.0,Low,Shoulder,Shoulder,Standard,75.04,173.09,1.07,129.89,200,200,200,0.94,0.03,Behind
2026-05-09,2026,5,May,19,5,Saturday,1,,0,0,0,0,0,220,168,168,0,181.59,76.36,30507.54,76.36,168,52,76.36,138.67,181.59,0.0,Low,Shoulder,Shoulder,Standard,70.07,195.36,0.93,136.88,168,168,168,0.97,0.01,Behind
2026-05-10,2026,5,May,19,6,Sunday,1,,0,0,0,0,0,220,170,170,0,170.22,77.27,28936.56,77.27,170,50,77.27,131.53,170.22,0.0,Low,Shoulder,Shoulder,Standard,70.03,163.03,1.04,114.16,170,170,170,1.05,-0.04,Behind
2026-05-11,2026,5,May,20,0,Monday,0,,0,0,0,48,1,172,149,149,0,186.42,86.63,27776.56,86.63,197,23,89.55,126.26,186.42,2207.13,Low,Shoulder,Shoulder,Standard,75.51,185.31,1.01,139.93,149,149,149,1.02,0.09,Ahead
2026-05-12,2026,5,May,20,1,Tuesday,0,,0,0,0,48,1,172,150,150,0,191.09,87.21,28663.36,87.21,198,22,90.0,130.29,191.09,2718.45,Low,Shoulder,Shoulder,Standard,75.57,200.87,0.95,151.79,150,150,150,0.95,0.06,Ahead
2026-05-13,2026,5,May,20,2,Wednesday,0,,0,0,0,48,1,172,123,123,0,201.63,71.51,24799.98,71.51,171,49,77.73,112.73,201.63,3186.58,Low,Shoulder,Shoulder,Standard,79.37,214.63,0.94,170.36,123,123,123,1.04,-0.05,Ahead
2026-05-14,2026,5,May,20,3,Thursday,0,,0,0,0,0,0,220,172,172,0,189.33,78.18,32565.22,78.18,172,48,78.18,148.02,189.33,0.0,Low,Shoulder,Shoulder,Standard,73.61,180.42,1.05,132.81,172,172,172,1.11,0.0,Behind
2026-05-15,2026,5,May,20,4,Friday,0,,0,0,0,0,0,220,173,173,0,186.55,78.64,32273.95,78.64,173,47,78.64,146.7,186.55,0.0,Low,Shoulder,Shoulder,Standard,73.45,200.96,0.93,147.61,173,173,173,0.95,-0.03,Ahead
2026-05-16,2026,5,May,20,5,Saturday,1,,0,0,0,0,0,220,196,196,0,174.69,89.09,34239.29,89.09,196,24,89.09,155.63,174.69,0.0,Low,Shoulder,Shoulder,Standard,64.12,185.9,0.94,119.21,196,196,196,1.14,-0.05,Behind
2026-05-17,2026,5,May,20,6,Sunday,1,,0,0,0,0,0,220,194,194,0,175.84,88.18,34112.3,88.18,194,26,88.18,155.06,175.84,0.0,Low,Shoulder,Shoulder,Standard,73.9,186.12,0.94,137.55,194,194,194,0.92,0.07,On Pace
2026-05-18,2026,5,May,21,0,Monday,0,,0,0,0,75,1,145,118,118,0,185.09,81.38,21840.53,81.38,193,27,87.73,99.28,185.09,2077.12,Medium,Shoulder,Shoulder,Standard,70.52,175.42,1.06,123.71,118,118,118,0.89,0.04,On Pace
2026-05-19,2026,5,May,21,1,Tuesday,0,,0,0,0,75,1,145,137,137,0,185.07,94.48,25353.93,94.48,212,8,96.36,115.25,185.07,1452.99,Medium,Shoulder,Shoulder,Standard,80.82,190.1,0.97,153.63,137,137,137,0.89,-0.04,Ahead
2026-05-20,2026,5,May,21,2,Wednesday,0,,0,0,0,75,1,145,129,129,0,204.28,88.97,26351.9,88.97,204,16,92.73,119.78,204.28,3615.67,Medium,Shoulder,Shoulder,Standard,69.54,192.42,1.06,133.8,129,129,129,1.09,0.1,Behind
2026-05-21,2026,5,May,21,3,Thursday,0,,0,0,0,0,0,220,193,193,0,207.08,87.73,39966.34,87.73,193,27,87.73,181.67,207.08,0.0,Low,Shoulder,Shoulder,Standard,70.11,207.39,1.0,145.41,193,193,193,1.02,0.03,On Pace
2026-05-22,2026,5,May,21,4,Friday,0,,0,0,0,0,0,220,152,152,0,195.28,69.09,29682.17,69.09,152,68,69.09,134.92,195.28,0.0,Low,Shoulder,Shoulder,Standard,77.33,201.91,0.97,156.13,152,152,152,0.93,0.11,Behind
2026-05-23,2026,5,May,21,5,Saturday,1,,0,0,0,0,0,220,165,165,0,190.32,75.0,31402.09,75.0,165,55,75.0,142.74,190.32,0.0,Low,Shoulder,Shoulder,Standard,70.31,196.55,0.97,138.21,165,165,165,0.88,0.03,Behind
2026-05-24,2026,5,May,21,6,Sunday,1,,0,0,0,0,0,220,175,175,0,193.35,79.55,33835.38,79.55,175,45,79.55,153.8,193.35,0.0,Low,Shoulder,Shoulder,Standard,72.55,186.52,1.04,135.32,175,175,175,1.01,0.04,Behind
2026-05-25,2026,5,May,22,0,Monday,0,,0,0,1,34,1,186,116,116,0,200.24,62.37,23228.17,62.37,150,70,68.18,105.58,200.24,2336.72,Low,Shoulder,Shoulder,Standard,67.41,214.99,0.93,144.92,116,116,116,0.87,0.06,Behind
2026-05-26,2026,5,May,22,1,Tuesday,0,,0,0,0,34,1,186,148,148,0,192.99,79.57,28562.8,79.57,182,38,82.73,129.83,192.99,2960.94,Low,Shoulder,Shoulder,Standard,73.9,193.38,1.0,142.91,148,148,148,0.99,0.07,On Pace
2026-05-27,2026,5,May,22,2,Wednesday,0,,0,0,0,34,1,186,149,149,0,196.43,80.11,29268.64,80.11,183,37,83.18,133.04,196.43,3483.39,Low,Shoulder,Shoulder,Standard,71.62,185.98,1.06,133.2,149,149,149,1.06,0.05,On Pace
2026-05-28,2026,5,May,22,3,Thursday,0,,0,0,0,0,0,220,156,156,0,192.51,70.91,30032.24,70.91,156,64,70.91,136.51,192.51,0.0,Low,Shoulder,Shoulder,Standard,69.97,178.7,1.08,125.04,156,156,156,1.15,0.09,Behind
2026-05-29,2026,5,May,22,4,Friday,0,,0,0,0,0,0,220,154,154,0,183.8,70.0,28305.8,70.0,154,66,70.0,128.66,183.8,0.0,Low,Shoulder,Shoulder,Standard,69.42,171.36,1.07,118.96,154,154,154,1.09,-0.01,Behind
2026-05-30,2026,5,May,22,5,Saturday,1,,0,0,0,0,0,220,143,143,0,178.94,65.0,25589.02,65.0,143,77,65.0,116.31,178.94,0.0,Low,Shoulder,Shoulder,Standard,65.5,181.57,0.99,118.92,143,143,143,0.9,0.03,Ahead
2026-05-31,2026,5,May,22,6,Sunday,1,,0,0,0,0,0,220,159,159,0,197.5,72.27,31403.17,72.27,159,61,72.27,142.74,197.5,0.0,Low,Shoulder,Shoulder,Standard,69.3,206.96,0.95,143.42,159,159,159,1.11,0.01,Ahead
2026-06-01,2026,6,Jun,23,0,Monday,0,,0,0,0,45,1,175,144,144,0,187.54,82.29,27005.53,82.29,189,31,85.91,122.75,187.54,3010.25,Low,Shoulder,Shoulder,Standard,67.53,184.93,1.01,124.89,144,144,144,0.96,0.06,Behind
2026-06-02,2026,6,Jun,23,1,Tuesday,0,,0,0,0,45,1,175,135,135,0,174.81,77.14,23598.94,77.14,180,40,81.82,107.27,174.81,1491.15,Low,Shoulder,Shoulder,Standard,67.32,170.47,1.03,114.77,135,135,135,1.04,0.08,Ahead
2026-06-03,2026,6,Jun,23,2,Wednesday,0,,0,0,0,45,1,175,127,127,0,185.45,72.57,23552.46,72.57,172,48,78.18,107.06,185.45,2172.61,Low,Shoulder,Shoulder,Standard,69.76,197.99,0.94,138.12,127,127,127,0.92,0.07,On Pace
2026-06-04,2026,6,Jun,23,3,Thursday,0,,0,0,0,0,0,220,160,160,0,179.9,72.73,28783.25,72.73,160,60,72.73,130.83,179.9,0.0,Low,Shoulder,Shoulder,Standard,68.87,165.85,1.08,114.22,160,160,160,1.13,0.03,Behind
2026-06-05,2026,6,Jun,23,4,Friday,0,,0,0,0,0,0,220,189,189,0,173.06,85.91,32707.46,85.91,189,31,85.91,148.67,173.06,0.0,Low,Shoulder,Shoulder,Standard,65.01,169.01,1.02,109.87,189,189,189,1.1,0.05,Behind
2026-06-06,2026,6,Jun,23,5,Saturday,1,,0,0,0,0,0,220,169,169,0,174.01,76.82,29407.42,76.82,169,51,76.82,133.67,174.01,0.0,Low,Soft,Soft,Promotional,57.38,162.82,1.07,93.42,169,169,169,1.05,0.02,Behind
2026-06-07,2026,6,Jun,23,6,Sunday,1,,0,0,0,0,0,220,154,154,0,164.93,70.0,25398.54,70.0,154,66,70.0,115.45,164.93,0.0,Low,Soft,Soft,Promotional,58.12,169.95,0.97,98.77,154,154,154,0.9,0.04,Behind
2026-06-08,2026,6,Jun,24,0,Monday,0,,0,0,0,65,1,155,93,93,0,163.98,60.0,15249.68,60.0,158,62,71.82,69.32,163.98,1117.56,Medium,Shoulder,Shoulder,Standard,63.64,164.64,1.0,104.78,93,93,93,1.06,0.01,Behind
2026-06-09,2026,6,Jun,24,1,Tuesday,0,,0,0,0,65,1,155,94,94,0,175.91,60.65,16535.7,60.65,159,61,72.27,75.16,175.91,1249.55,Medium,Shoulder,Shoulder,Standard,69.65,180.32,0.98,125.59,94,94,94,1.1,0.11,Behind
2026-06-10,2026,6,Jun,24,2,Wednesday,0,,0,0,0,65,1,155,98,98,0,182.13,63.23,17848.34,63.23,163,57,74.09,81.13,182.13,3186.03,Medium,Shoulder,Shoulder,Standard,59.94,185.18,0.98,111.0,98,98,98,0.96,0.08,Behind
2026-06-11,2026,6,Jun,24,3,Thursday,0,,0,0,0,0,0,220,185,185,0,157.86,84.09,29204.98,84.09,185,35,84.09,132.75,157.86,0.0,Low,Shoulder,Shoulder,Standard,61.85,157.03,1.01,97.12,185,185,185,1.13,0.06,On Pace
2026-06-12,2026,6,Jun,24,4,Friday,0,,0,0,0,0,0,220,178,178,0,168.57,80.91,30004.82,80.91,178,42,80.91,136.39,168.57,0.0,Low,Shoulder,Shoulder,Standard,66.56,175.85,0.96,117.05,178,178,178,0.93,0.08,On Pace
2026-06-13,2026,6,Jun,24,5,Saturday,1,,0,0,0,0,0,220,140,140,0,166.33,63.64,23286.49,63.64,140,80,63.64,105.85,166.33,0.0,Low,Soft,Soft,Promotional,64.63,160.07,1.04,103.46,140,140,140,0.98,0.03,Ahead
2026-06-14,2026,6,Jun,24,6,Sunday,1,,0,0,0,0,0,220,156,156,0,157.25,70.91,24531.7,70.91,156,64,70.91,111.51,157.25,0.0,Low,Soft,Soft,Promotional,59.75,148.29,1.06,88.6,156,156,156,1.08,-0.01,Behind
2026-06-15,2026,6,Jun,25,0,Monday,0,,0,0,0,55,1,165,110,110,0,183.78,66.67,20216.01,66.67,165,55,75.0,91.89,183.78,1179.57,Medium,Shoulder,Shoulder,Standard,59.76,190.47,0.96,113.83,110,110,110,1.08,-0.05,On Pace
2026-06-16,2026,6,Jun,25,1,Tuesday,0,,0,0,0,55,1,165,106,106,0,182.35,64.24,19328.72,64.24,161,59,73.18,87.86,182.35,2495.23,Medium,Shoulder,Shoulder,Standard,69.59,187.15,0.97,130.23,106,106,106,0.93,0.07,On Pace
2026-06-17,2026,6,Jun,25,2,Wednesday,0,,0,0,0,55,1,165,141,141,0,168.41,85.45,23745.87,85.45,196,24,89.09,107.94,168.41,2002.09,Medium,Shoulder,Shoulder,Standard,63.93,177.68,0.95,113.59,141,141,141,1.08,0.08,Behind
2026-06-18,2026,6,Jun,25,3,Thursday,0,,0,0,0,0,0,220,145,145,0,172.65,65.91,25033.93,65.91,145,75,65.91,113.79,172.65,0.0,Low,Shoulder,Shoulder,Standard,66.81,180.38,0.96,120.51,145,145,145,0.89,0.04,On Pace
2026-06-19,2026,6,Jun,25,4,Friday,0,,0,0,0,0,0,220,135,135,0,173.6,61.36,23435.8,61.36,135,85,61.36,106.53,173.6,0.0,Low,Shoulder,Shoulder,Standard,66.33,169.86,1.02,112.67,135,135,135,1.11,0.01,On Pace
2026-06-20,2026,6,Jun,25,5,Saturday,1,,0,0,0,0,0,220,164,164,0,170.88,74.55,28024.71,74.55,164,56,74.55,127.39,170.88,0.0,Low,Soft,Soft,Promotional,56.7,172.37,0.99,97.74,164,164,164,1.14,0.06,On Pace
2026-06-21,2026,6,Jun,25,6,Sunday,1,,0,0,0,0,0,220,157,157,0,159.32,71.36,25012.88,71.36,157,63,71.36,113.69,159.32,0.0,Low,Soft,Soft,Promotional,55.45,162.7,0.98,90.23,157,157,157,1.07,-0.03,Ahead
2026-06-22,2026,6,Jun,26,0,Monday,0,,0,0,0,45,1,175,106,106,0,160.94,60.57,17059.42,60.57,151,69,68.64,77.54,160.94,2889.9,Low,Shoulder,Shoulder,Standard,61.68,158.07,1.02,97.49,106,106,106,1.09,0.06,On Pace
2026-06-23,2026,6,Jun,26,1,Tuesday,0,,0,0,0,45,1,175,126,126,0,162.18,72.0,20434.19,72.0,171,49,77.73,92.88,162.18,2911.06,Low,Shoulder,Shoulder,Standard,59.38,150.66,1.08,89.46,126,126,126,1.09,-0.04,Ahead
2026-06-24,2026,6,Jun,26,2,Wednesday,0,,0,0,0,0,0,220,145,145,0,173.79,65.91,25199.55,65.91,145,75,65.91,114.54,173.79,0.0,Low,Shoulder,Shoulder,Standard,64.92,186.03,0.93,120.77,145,145,145,1.11,0.04,Behind
2026-06-25,2026,6,Jun,26,3,Thursday,0,,0,0,0,0,0,220,134,134,0,161.02,60.91,21576.05,60.91,134,86,60.91,98.07,161.02,0.0,Low,Shoulder,Shoulder,Standard,66.41,160.27,1.0,106.43,134,134,134,1.13,-0.04,Behind
2026-06-26,2026,6,Jun,26,4,Friday,0,,0,0,0,0,0,220,170,170,0,168.3,77.27,28610.61,77.27,170,50,77.27,130.05,168.3,0.0,Low,Shoulder,Shoulder,Standard,66.17,179.19,0.94,118.57,170,170,170,1.1,-0.03,Behind
2026-06-27,2026,6,Jun,26,5,Saturday,1,,0,0,0,0,0,220,167,167,0,170.11,75.91,28408.91,75.91,167,53,75.91,129.13,170.11,0.0,Low,Soft,Soft,Promotional,59.8,178.26,0.95,106.6,167,167,167,0.92,0.09,On Pace
2026-06-28,2026,6,Jun,26,6,Sunday,1,,0,0,0,0,0,220,141,141,0,174.4,64.09,24589.99,64.09,141,79,64.09,111.77,174.4,0.0,Low,Soft,Soft,Promotional,62.34,171.66,1.02,107.01,141,141,141,0.89,0.07,Behind
2026-06-29,2026,6,Jun,27,0,Monday,0,,0,0,0,0,0,220,179,179,0,186.9,81.36,33454.93,81.36,179,41,81.36,152.07,186.9,0.0,Low,Shoulder,Shoulder,Standard,65.72,181.98,1.03,119.59,179,179,179,0.89,-0.03,On Pace
2026-06-30,2026,6,Jun,27,1,Tuesday,0,,0,0,0,0,0,220,142,142,0,188.57,64.55,26776.25,64.55,142,78,64.55,121.71,188.57,0.0,Low,Shoulder,Shoulder,Standard,60.84,180.83,1.04,110.02,142,142,142,1.02,-0.03,Behind
2026-07-01,2026,7,Jul,27,2,Wednesday,0,,0,0,0,0,0,220,133,133,0,166.45,60.45,22137.55,60.45,133,87,60.45,100.63,166.45,0.0,Low,Shoulder,Shoulder,Standard,59.03,157.91,1.05,93.22,133,133,133,0.88,0.06,On Pace
2026-07-02,2026,7,Jul,27,3,Thursday,0,,0,0,0,0,0,220,157,157,0,167.99,71.36,26375.09,71.36,157,63,71.36,119.89,167.99,0.0,Low,Shoulder,Shoulder,Standard,67.76,173.16,0.97,117.34,157,157,157,0.91,0.06,Behind
2026-07-03,2026,7,Jul,27,4,Friday,0,,0,0,0,0,0,220,142,142,0,171.37,64.55,24334.33,64.55,142,78,64.55,110.61,171.37,0.0,Low,Shoulder,Shoulder,Standard,65.75,177.32,0.97,116.59,142,142,142,1.03,-0.04,On Pace
2026-07-04,2026,7,Jul,27,5,Saturday,1,,0,0,1,0,0,220,118,118,0,166.81,53.64,19683.98,53.64,118,102,53.64,89.47,166.81,0.0,Low,Soft,Soft,Promotional,47.84,156.6,1.07,74.92,118,118,118,1.01,-0.03,On Pace
2026-07-05,2026,7,Jul,27,6,Sunday,1,,0,0,0,0,0,220,150,150,0,180.31,68.18,27046.31,68.18,150,70,68.18,122.94,180.31,0.0,Low,Soft,Soft,Promotional,61.16,171.89,1.05,105.13,150,150,150,0.87,-0.03,Ahead
2026-07-06,2026,7,Jul,28,0,Monday,0,,0,0,0,32,1,188,147,147,0,159.13,78.19,23391.87,78.19,179,41,81.36,106.33,159.13,2804.3,Low,Shoulder,Shoulder,Standard,64.36,150.89,1.05,97.12,147,147,147,1.05,-0.04,Behind
2026-07-07,2026,7,Jul,28,1,Tuesday,0,,0,0,0,32,1,188,126,126,0,173.39,67.02,21847.44,67.02,158,62,71.82,99.31,173.39,2323.78,Low,Shoulder,Shoulder,Standard,69.1,172.09,1.01,118.91,126,126,126,0.88,-0.04,Behind
2026-07-08,2026,7,Jul,28,2,Wednesday,0,,0,0,0,32,1,188,122,122,0,181.13,64.89,22098.36,64.89,154,66,70.0,100.45,181.13,2794.16,Low,Shoulder,Shoulder,Standard,64.48,170.01,1.07,109.63,122,122,122,1.12,0.07,Behind
2026-07-09,2026,7,Jul,28,3,Thursday,0,,0,0,0,0,0,220,176,176,0,169.69,80.0,29865.0,80.0,176,44,80.0,135.75,169.69,0.0,Low,Shoulder,Shoulder,Standard,61.58,159.1,1.07,97.98,176,176,176,0.92,-0.01,On Pace
2026-07-10,2026,7,Jul,28,4,Friday,0,,0,0,0,0,0,220,183,183,0,172.99,83.18,31657.93,83.18,183,37,83.18,143.9,172.99,0.0,Low,Shoulder,Shoulder,Standard,61.47,172.19,1.0,105.85,183,183,183,1.0,0.1,Ahead
2026-07-11,2026,7,Jul,28,5,Saturday,1,,0,0,0,0,0,220,132,132,0,167.31,60.0,22085.53,60.0,132,88,60.0,100.39,167.31,0.0,Low,Soft,Soft,Promotional,59.38,159.13,1.05,94.5,132,132,132,0.96,-0.0,On Pace
2026-07-12,2026,7,Jul,28,6,Sunday,1,,0,0,0,0,0,220,129,129,0,175.72,58.64,22668.27,58.64,129,91,58.64,103.04,175.72,0.0,Low,Soft,Soft,Promotional,55.19,165.5,1.06,91.34,129,129,129,1.11,0.03,Ahead
2026-07-13,2026,7,Jul,29,0,Monday,0,,0,0,0,55,1,165,112,112,0,177.37,67.88,19864.99,67.88,167,53,75.91,90.3,177.37,1397.9,Medium,Shoulder,Shoulder,Standard,68.01,190.21,0.93,129.37,112,112,112,1.12,0.05,Behind
2026-07-14,2026,7,Jul,29,1,Tuesday,0,,0,0,0,55,1,165,137,137,0,171.37,83.03,23478.32,83.03,192,28,87.27,106.72,171.37,1206.08,Medium,Shoulder,Shoulder,Standard,68.72,171.08,1.0,117.57,137,137,137,1.15,0.05,On Pace
2026-07-15,2026,7,Jul,29,2,Wednesday,0,,0,0,0,55,1,165,132,132,0,174.64,80.0,23052.53,80.0,187,33,85.0,104.78,174.64,1564.75,Medium,Shoulder,Shoulder,Standard,62.69,176.86,0.99,110.87,132,132,132,1.12,0.05,Ahead
2026-07-16,2026,7,Jul,29,3,Thursday,0,,0,0,0,0,0,220,186,186,0,189.73,84.55,35289.65,84.55,186,34,84.55,160.41,189.73,0.0,Low,Shoulder,Shoulder,Standard,63.72,175.89,1.08,112.08,186,186,186,1.15,0.07,Behind
2026-07-17,2026,7,Jul,29,4,Friday,0,,0,0,0,0,0,220,160,160,0,186.63,72.73,29860.38,72.73,160,60,72.73,135.73,186.63,0.0,Low,Shoulder,Shoulder,Standard,68.31,185.21,1.01,126.52,160,160,160,0.92,0.04,Ahead
2026-07-18,2026,7,Jul,29,5,Saturday,1,,0,0,0,0,0,220,160,160,0,167.06,72.73,26730.32,72.73,160,60,72.73,121.5,167.06,0.0,Low,Soft,Soft,Promotional,56.86,163.28,1.02,92.84,160,160,160,0.92,0.12,Ahead
2026-07-19,2026,7,Jul,29,6,Sunday,1,,0,0,0,0,0,220,161,161,0,158.23,73.18,25475.48,73.18,161,59,73.18,115.8,158.23,0.0,Low,Soft,Soft,Promotional,62.44,146.19,1.08,91.28,161,161,161,0.99,0.08,Behind
2026-07-20,2026,7,Jul,30,0,Monday,0,,0,0,0,29,1,191,135,135,0,177.86,70.68,24011.68,70.68,164,56,74.55,109.14,177.86,2661.27,Low,Shoulder,Shoulder,Standard,63.18,176.85,1.01,111.73,135,135,135,1.04,0.1,Ahead
2026-07-21,2026,7,Jul,30,1,Tuesday,0,,0,0,0,29,1,191,142,142,0,167.81,74.35,23829.36,74.35,171,49,77.73,108.32,167.81,1550.66,Low,Shoulder,Shoulder,Standard,67.54,173.13,0.97,116.92,142,142,142,1.03,0.05,Ahead
2026-07-22,2026,7,Jul,30,2,Wednesday,0,,0,0,0,29,1,191,155,155,0,185.11,81.15,28692.41,81.15,184,36,83.64,130.42,185.11,1247.5,Low,Shoulder,Shoulder,Standard,68.99,192.1,0.96,132.53,155,155,155,0.87,0.11,Behind
2026-07-23,2026,7,Jul,30,3,Thursday,0,,0,0,0,0,0,220,155,155,0,175.29,70.45,27170.1,70.45,155,65,70.45,123.5,175.29,0.0,Low,Shoulder,Shoulder,Standard,59.43,171.54,1.02,101.94,155,155,155,1.04,0.07,Behind
2026-07-24,2026,7,Jul,30,4,Friday,0,,0,0,0,0,0,220,174,174,0,178.96,79.09,31139.65,79.09,174,46,79.09,141.54,178.96,0.0,Low,Shoulder,Shoulder,Standard,70.14,171.48,1.04,120.27,174,174,174,0.88,0.03,Behind
2026-07-25,2026,7,Jul,30,5,Saturday,1,,0,0,0,0,0,220,163,163,0,173.6,74.09,28296.13,74.09,163,57,74.09,128.62,173.6,0.0,Low,Soft,Soft,Promotional,57.94,184.65,0.94,106.98,163,163,163,1.0,0.02,Ahead
2026-07-26,2026,7,Jul,30,6,Sunday,1,,0,0,0,0,0,220,126,126,0,155.98,57.27,19652.94,57.27,126,94,57.27,89.33,155.98,0.0,Low,Soft,Soft,Promotional,59.68,156.64,1.0,93.49,126,126,126,0.89,0.07,Behind
2026-07-27,2026,7,Jul,31,0,Monday,0,,0,0,0,34,1,186,134,134,0,184.82,72.04,24766.02,72.04,168,52,76.36,112.57,184.82,1925.42,Low,Shoulder,Shoulder,Standard,66.63,190.53,0.97,126.95,134,134,134,1.14,0.1,Ahead
2026-07-28,2026,7,Jul,31,1,Tuesday,0,,0,0,0,34,1,186,156,156,0,161.74,83.87,25231.47,83.87,190,30,86.36,114.69,161.74,1859.12,Low,Shoulder,Shoulder,Standard,59.87,172.04,0.94,103.0,156,156,156,0.94,0.11,Ahead
2026-07-29,2026,7,Jul,31,2,Wednesday,0,,0,0,0,0,0,220,141,141,0,178.99,64.09,25237.6,64.09,141,79,64.09,114.72,178.99,0.0,Low,Shoulder,Shoulder,Standard,61.29,191.94,0.93,117.63,141,141,141,0.86,0.02,Behind
2026-07-30,2026,7,Jul,31,3,Thursday,0,,0,0,0,0,0,220,164,164,0,180.35,74.55,29578.01,74.55,164,56,74.55,134.45,180.35,0.0,Low,Shoulder,Shoulder,Standard,62.91,178.73,1.01,112.44,164,164,164,1.04,-0.0,Ahead
2026-07-31,2026,7,Jul,31,4,Friday,0,,0,0,0,0,0,220,181,181,0,191.26,82.27,34618.0,82.27,181,39,82.27,157.35,191.26,0.0,Low,Shoulder,Shoulder,Standard,62.79,193.67,0.99,121.6,181,181,181,1.05,0.08,On Pace
2026-08-01,2026,8,Aug,31,5,Saturday,1,,0,0,0,0,0,220,155,155,0,166.99,70.45,25883.0,70.45,155,65,70.45,117.65,166.99,0.0,Low,Soft,Soft,Promotional,63.43,165.52,1.01,105.0,155,155,155,0.94,-0.03,On Pace
2026-08-02,2026,8,Aug,31,6,Sunday,1,,0,0,0,0,0,220,149,149,0,167.93,67.73,25021.76,67.73,149,71,67.73,113.74,167.93,0.0,Low,Soft,Soft,Promotional,62.67,155.77,1.08,97.62,149,149,149,0.96,0.03,Ahead
2026-08-03,2026,8,Aug,32,0,Monday,0,,0,0,0,40,1,180,138,138,0,182.47,76.67,25181.23,76.67,178,42,80.91,114.46,182.47,1446.91,Low,Shoulder,Shoulder,Standard,65.06,173.2,1.05,112.68,138,138,138,0.9,0.07,Behind
2026-08-04,2026,8,Aug,32,1,Tuesday,0,,0,0,0,40,1,180,114,114,0,178.31,63.33,20327.12,63.33,154,66,70.0,92.4,178.31,3196.22,Low,Shoulder,Shoulder,Standard,65.5,176.62,1.01,115.69,114,114,114,0.96,-0.02,Behind
2026-08-05,2026,8,Aug,32,2,Wednesday,0,,0,0,0,0,0,220,134,134,0,172.44,60.91,23106.9,60.91,134,86,60.91,105.03,172.44,0.0,Low,Shoulder,Shoulder,Standard,62.88,168.93,1.02,106.22,134,134,134,1.01,-0.02,On Pace
2026-08-06,2026,8,Aug,32,3,Thursday,0,,0,0,0,0,0,220,187,187,0,178.3,85.0,33341.86,85.0,187,33,85.0,151.55,178.3,0.0,Low,Shoulder,Shoulder,Standard,69.76,190.5,0.94,132.89,187,187,187,0.9,0.11,Behind
2026-08-07,2026,8,Aug,32,4,Friday,0,,0,0,0,0,0,220,190,190,0,178.24,86.36,33866.11,86.36,190,30,86.36,153.94,178.24,0.0,Low,Shoulder,Shoulder,Standard,67.0,177.5,1.0,118.92,190,190,190,0.94,0.11,Behind
2026-08-08,2026,8,Aug,32,5,Saturday,1,,0,0,0,0,0,220,162,162,0,157.85,73.64,25570.97,73.64,162,58,73.64,116.23,157.85,0.0,Low,Soft,Soft,Promotional,58.13,148.05,1.07,86.06,162,162,162,0.99,-0.04,Behind
2026-08-09,2026,8,Aug,32,6,Sunday,1,,0,0,0,0,0,220,152,152,0,152.57,69.09,23190.36,69.09,152,68,69.09,105.41,152.57,0.0,Low,Soft,Soft,Promotional,58.79,160.89,0.95,94.59,152,152,152,0.98,-0.03,Ahead
2026-08-10,2026,8,Aug,33,0,Monday,0,,0,0,0,18,1,202,150,150,0,172.9,74.26,25934.92,74.26,168,52,76.36,117.89,172.9,1595.04,Low,Shoulder,Shoulder,Standard,67.7,164.48,1.05,111.35,150,150,150,0.88,0.09,Behind
2026-08-11,2026,8,Aug,33,1,Tuesday,0,,0,0,0,18,1,202,158,158,0,173.69,78.22,27442.58,78.22,176,44,80.0,124.74,173.69,734.54,Low,Shoulder,Shoulder,Standard,64.79,165.2,1.05,107.03,158,158,158,0.95,0.05,Ahead
2026-08-12,2026,8,Aug,33,2,Wednesday,0,,0,0,0,18,1,202,129,129,0,183.35,63.86,23652.6,63.86,147,73,66.82,107.51,183.35,1787.22,Low,Shoulder,Shoulder,Standard,63.17,179.62,1.02,113.47,129,129,129,0.94,0.01,On Pace
2026-08-13,2026,8,Aug,33,3,Thursday,0,,0,0,0,0,0,220,184,184,0,172.88,83.64,31810.0,83.64,184,36,83.64,144.59,172.88,0.0,Low,Shoulder,Shoulder,Standard,67.25,171.34,1.01,115.22,184,184,184,1.15,0.09,On Pace
2026-08-14,2026,8,Aug,33,4,Friday,0,,0,0,0,0,0,220,185,185,0,183.66,84.09,33976.29,84.09,185,35,84.09,154.44,183.66,0.0,Low,Shoulder,Shoulder,Standard,63.68,193.51,0.95,123.23,185,185,185,1.03,-0.03,On Pace
2026-08-15,2026,8,Aug,33,5,Saturday,1,,0,0,0,0,0,220,148,148,0,176.06,67.27,26057.08,67.27,148,72,67.27,118.44,176.06,0.0,Low,Soft,Soft,Promotional,64.96,163.84,1.07,106.43,148,148,148,1.14,0.08,Ahead
2026-08-16,2026,8,Aug,33,6,Sunday,1,,0,0,0,0,0,220,137,137,0,176.41,62.27,24167.77,62.27,137,83,62.27,109.85,176.41,0.0,Low,Soft,Soft,Promotional,59.43,178.32,0.99,105.98,137,137,137,1.12,-0.02,On Pace
2026-08-17,2026,8,Aug,34,0,Monday,0,,0,0,0,30,1,190,129,129,0,177.47,67.89,22894.23,67.89,159,61,72.27,104.06,177.47,2109.65,Low,Shoulder,Shoulder,Standard,68.33,171.85,1.03,117.43,129,129,129,1.03,0.03,Behind
2026-08-18,2026,8,Aug,34,1,Tuesday,0,,0,0,0,0,0,220,132,132,0,175.18,60.0,23124.14,60.0,132,88,60.0,105.11,175.18,0.0,Low,Shoulder,Shoulder,Standard,69.85,184.55,0.95,128.91,132,132,132,0.99,0.06,On Pace
2026-08-19,2026,8,Aug,34,2,Wednesday,0,,0,0,0,0,0,220,157,157,0,177.42,71.36,27855.69,71.36,157,63,71.36,126.62,177.42,0.0,Low,Shoulder,Shoulder,Standard,66.79,170.18,1.04,113.67,157,157,157,0.89,-0.0,Ahead
2026-08-20,2026,8,Aug,34,3,Thursday,0,,0,0,0,0,0,220,160,160,0,170.84,72.73,27333.7,72.73,160,60,72.73,124.24,170.84,0.0,Low,Shoulder,Shoulder,Standard,61.9,175.92,0.97,108.89,160,160,160,1.14,0.09,On Pace
2026-08-21,2026,8,Aug,34,4,Friday,0,,0,0,0,0,0,220,162,162,0,172.59,73.64,27959.03,73.64,162,58,73.64,127.09,172.59,0.0,Low,Shoulder,Shoulder,Standard,68.59,163.28,1.06,111.99,162,162,162,0.87,0.0,Behind
2026-08-22,2026,8,Aug,34,5,Saturday,1,,0,0,0,0,0,220,137,137,0,168.15,62.27,23036.28,62.27,137,83,62.27,104.71,168.15,0.0,Low,Soft,Soft,Promotional,64.17,164.27,1.02,105.42,137,137,137,0.94,0.04,Ahead
2026-08-23,2026,8,Aug,34,6,Sunday,1,,0,0,0,0,0,220,150,150,0,168.59,68.18,25289.0,68.18,150,70,68.18,114.95,168.59,0.0,Low,Soft,Soft,Promotional,56.49,157.66,1.07,89.06,150,150,150,1.08,0.04,On Pace
2026-08-24,2026,8,Aug,35,0,Monday,0,,0,0,0,50,1,170,116,116,0,182.64,68.24,21186.69,68.24,166,54,75.45,96.3,182.64,2598.17,Low,Shoulder,Shoulder,Standard,66.8,170.83,1.07,114.12,116,116,116,1.02,0.09,Ahead
2026-08-25,2026,8,Aug,35,1,Tuesday,0,,0,0,0,50,1,170,108,108,0,166.23,63.53,17952.82,63.53,158,62,71.82,81.6,166.23,1558.74,Low,Shoulder,Shoulder,Standard,67.83,163.89,1.01,111.17,108,108,108,1.13,-0.02,Ahead
2026-08-26,2026,8,Aug,35,2,Wednesday,0,,0,0,0,0,0,220,143,143,0,180.19,65.0,25767.45,65.0,143,77,65.0,117.12,180.19,0.0,Low,Shoulder,Shoulder,Standard,65.95,189.75,0.95,125.13,143,143,143,1.01,0.04,Behind
2026-08-27,2026,8,Aug,35,3,Thursday,0,,0,0,0,0,0,220,174,174,0,181.67,79.09,31610.36,79.09,174,46,79.09,143.68,181.67,0.0,Low,Shoulder,Shoulder,Standard,63.71,193.76,0.94,123.45,174,174,174,0.88,-0.03,Ahead
2026-08-28,2026,8,Aug,35,4,Friday,0,,0,0,0,0,0,220,154,154,0,170.14,70.0,26202.21,70.0,154,66,70.0,119.1,170.14,0.0,Low,Shoulder,Shoulder,Standard,69.09,172.8,0.98,119.4,154,154,154,1.08,0.01,Behind
2026-08-29,2026,8,Aug,35,5,Saturday,1,,0,0,0,0,0,220,139,139,0,165.89,63.18,23058.32,63.18,139,81,63.18,104.81,165.89,0.0,Low,Soft,Soft,Promotional,55.81,156.03,1.06,87.08,139,139,139,1.06,0.07,On Pace
2026-08-30,2026,8,Aug,35,6,Sunday,1,,0,0,0,0,0,220,127,127,0,167.98,57.73,21333.67,57.73,127,93,57.73,96.97,167.98,0.0,Low,Soft,Soft,Promotional,62.82,156.63,1.07,98.4,127,127,127,1.08,0.08,Ahead
2026-08-31,2026,8,Aug,36,0,Monday,0,,0,0,0,0,0,220,144,144,0,179.99,65.45,25919.22,65.45,144,76,65.45,117.81,179.99,0.0,Low,Shoulder,Shoulder,Standard,66.47,182.68,0.99,121.44,144,144,144,0.99,0.1,Ahead
2026-09-01,2026,9,Sep,36,1,Tuesday,0,,0,0,0,0,0,220,211,211,0,210.86,95.91,44491.36,95.91,211,9,95.91,202.23,210.86,0.0,Low,Shoulder,Shoulder,Standard,82.91,200.92,1.05,166.59,211,211,211,1.12,-0.02,On Pace
2026-09-02,2026,9,Sep,36,2,Wednesday,0,,0,0,0,0,0,220,160,160,0,204.8,72.73,32768.12,72.73,160,60,72.73,148.95,204.8,0.0,Low,Shoulder,Shoulder,Standard,80.55,197.51,1.04,159.09,160,160,160,1.02,0.01,Behind
2026-09-03,2026,9,Sep,36,3,Thursday,0,,0,0,0,0,0,220,193,193,0,202.12,87.73,39009.16,87.73,193,27,87.73,177.31,202.12,0.0,Low,Shoulder,Shoulder,Standard,81.55,210.63,0.96,171.76,193,193,193,1.01,0.07,On Pace
2026-09-04,2026,9,Sep,36,4,Friday,0,,0,0,0,0,0,220,170,170,0,189.18,77.27,32161.13,77.27,170,50,77.27,146.19,189.18,0.0,Low,Shoulder,Shoulder,Standard,70.46,196.0,0.97,138.1,170,170,170,1.13,0.11,Behind
2026-09-05,2026,9,Sep,36,5,Saturday,1,OSU Football,1,1,0,0,0,220,199,199,0,220.77,90.45,43934.01,90.45,199,21,90.45,199.7,220.77,0.0,Low,Peak,Peak,Premium,83.54,232.6,0.95,194.31,199,199,199,1.14,0.02,Behind
2026-09-06,2026,9,Sep,36,6,Sunday,1,,0,0,0,0,0,220,163,163,0,189.96,74.09,30963.29,74.09,163,57,74.09,140.74,189.96,0.0,Low,Shoulder,Shoulder,Standard,78.55,178.52,1.06,140.23,163,163,163,0.88,-0.03,On Pace
2026-09-07,2026,9,Sep,37,0,Monday,0,,0,0,1,24,1,196,125,125,0,197.13,63.78,24641.85,63.78,149,71,67.73,112.01,197.13,1567.2,Low,Shoulder,Shoulder,Standard,62.98,190.31,1.04,119.85,125,125,125,1.03,0.0,On Pace
2026-09-08,2026,9,Sep,37,1,Tuesday,0,,0,0,0,24,1,196,155,155,0,190.2,79.08,29480.96,79.08,179,41,81.36,134.0,190.2,1656.62,Low,Shoulder,Shoulder,Standard,83.8,188.01,1.01,157.54,155,155,155,1.11,0.1,On Pace
2026-09-09,2026,9,Sep,37,2,Wednesday,0,,0,0,0,24,1,196,141,141,0,207.1,71.94,29201.44,71.94,165,55,75.0,132.73,207.1,2334.44,Low,Shoulder,Shoulder,Standard,79.54,203.67,1.02,162.0,141,141,141,1.01,0.07,Ahead
2026-09-10,2026,9,Sep,37,3,Thursday,0,,0,0,0,0,0,220,168,168,0,197.14,76.36,33119.59,76.36,168,52,76.36,150.54,197.14,0.0,Low,Shoulder,Shoulder,Standard,78.43,184.58,1.07,144.77,168,168,168,1.13,0.12,Ahead
2026-09-11,2026,9,Sep,37,4,Friday,0,,0,0,0,0,0,220,172,172,0,196.51,78.18,33799.25,78.18,172,48,78.18,153.63,196.51,0.0,Low,Shoulder,Shoulder,Standard,75.9,188.11,1.04,142.77,172,172,172,0.98,0.03,Behind
2026-09-12,2026,9,Sep,37,5,Saturday,1,OSU Football,1,1,0,0,0,220,246,220,26,237.03,100.0,52145.95,100.0,220,0,100.0,237.03,237.03,0.0,Low,Peak,Peak,Premium,93.8,248.44,0.95,233.03,220,220,220,1.13,0.01,Behind
2026-09-13,2026,9,Sep,37,6,Sunday,1,,0,0,0,0,0,220,180,180,0,181.51,81.82,32671.31,81.82,180,40,81.82,148.51,181.51,0.0,Low,Shoulder,Shoulder,Standard,75.79,170.12,1.07,128.94,180,180,180,0.93,0.03,Behind
2026-09-14,2026,9,Sep,38,0,Monday,0,,0,0,0,95,1,125,127,125,2,195.08,100.0,24385.32,100.0,220,0,100.0,110.84,195.08,1240.08,Medium,Shoulder,Shoulder,Standard,80.43,205.39,0.95,165.21,125,125,125,1.0,-0.05,Ahead
2026-09-15,2026,9,Sep,38,1,Tuesday,0,,0,0,0,95,1,125,96,96,0,191.07,76.8,18342.78,76.8,191,29,86.82,83.38,191.07,2572.5,Medium,Shoulder,Shoulder,Standard,71.71,178.12,1.07,127.73,96,96,96,1.08,0.08,On Pace
2026-09-16,2026,9,Sep,38,2,Wednesday,0,,0,0,0,95,1,125,98,98,0,208.11,78.4,20394.92,78.4,193,27,87.73,92.7,208.11,2902.14,Medium,Shoulder,Shoulder,Standard,77.07,200.18,1.04,154.27,98,98,98,0.95,0.1,Behind
2026-09-17,2026,9,Sep,38,3,Thursday,0,,0,0,0,0,0,220,228,220,8,213.51,100.0,46972.32,100.0,220,0,100.0,213.51,213.51,0.0,Low,Shoulder,Shoulder,Standard,72.02,211.81,1.01,152.54,220,220,220,1.11,0.03,Ahead
2026-09-18,2026,9,Sep,38,4,Friday,0,,0,0,0,0,0,220,160,160,0,201.51,72.73,32241.0,72.73,160,60,72.73,146.55,201.51,0.0,Low,Shoulder,Shoulder,Standard,82.1,195.16,1.03,160.22,160,160,160,1.06,0.03,Ahead
2026-09-19,2026,9,Sep,38,5,Saturday,1,OSU Football,1,1,0,0,0,220,246,220,26,229.96,100.0,50591.76,100.0,220,0,100.0,229.96,229.96,0.0,Low,Peak,Peak,Premium,89.6,231.94,0.99,207.81,220,220,220,1.01,0.03,Behind
2026-09-20,2026,9,Sep,38,6,Sunday,1,,0,0,0,0,0,220,204,204,0,195.34,92.73,39849.02,92.73,204,16,92.73,181.13,195.34,0.0,Low,Shoulder,Shoulder,Standard,70.99,195.17,1.0,138.55,204,204,204,1.14,0.05,On Pace
2026-09-21,2026,9,Sep,39,0,Monday,0,,0,0,0,26,1,194,143,143,0,200.68,73.71,28696.69,73.71,169,51,76.82,130.44,200.68,2275.83,Low,Shoulder,Shoulder,Standard,72.14,196.39,1.02,141.68,143,143,143,1.09,0.05,Behind
2026-09-22,2026,9,Sep,39,1,Tuesday,0,,0,0,0,26,1,194,160,160,0,193.49,82.47,30958.37,82.47,186,34,84.55,140.72,193.49,1202.04,Low,Shoulder,Shoulder,Standard,75.09,189.07,1.02,141.98,160,160,160,0.96,0.06,Ahead
2026-09-23,2026,9,Sep,39,2,Wednesday,0,,0,0,0,0,0,220,164,164,0,200.67,74.55,32909.48,74.55,164,56,74.55,149.59,200.67,0.0,Low,Shoulder,Shoulder,Standard,82.22,188.29,1.07,154.81,164,164,164,0.9,0.04,Ahead
2026-09-24,2026,9,Sep,39,3,Thursday,0,,0,0,0,0,0,220,190,190,0,206.89,86.36,39308.66,86.36,190,30,86.36,178.68,206.89,0.0,Low,Shoulder,Shoulder,Standard,78.13,220.18,0.94,172.01,190,190,190,0.93,0.07,Behind
2026-09-25,2026,9,Sep,39,4,Friday,0,,0,0,0,0,0,220,198,198,0,206.91,90.0,40968.43,90.0,198,22,90.0,186.22,206.91,0.0,Low,Shoulder,Shoulder,Standard,71.73,206.53,1.0,148.14,198,198,198,1.06,-0.01,On Pace
2026-09-26,2026,9,Sep,39,5,Saturday,1,OSU Football,1,1,0,0,0,220,225,220,5,233.97,100.0,51473.83,100.0,220,0,100.0,233.97,233.97,0.0,Low,Peak,Peak,Premium,87.21,238.27,0.98,207.79,220,220,220,0.96,0.02,On Pace
2026-09-27,2026,9,Sep,39,6,Sunday,1,,0,0,0,0,0,220,153,153,0,173.74,69.55,26582.8,69.55,153,67,69.55,120.83,173.74,0.0,Low,Shoulder,Shoulder,Standard,68.73,167.22,1.04,114.93,153,153,153,0.94,0.05,Ahead
2026-09-28,2026,9,Sep,40,0,Monday,0,,0,0,0,80,1,140,128,128,0,183.74,91.43,23518.49,91.43,208,12,94.55,106.9,183.74,3214.55,Medium,Shoulder,Shoulder,Standard,80.16,186.04,0.99,149.13,128,128,128,1.03,-0.0,Behind
2026-09-29,2026,9,Sep,40,1,Tuesday,0,,0,0,0,80,1,140,110,110,0,202.87,78.57,22315.9,78.57,190,30,86.36,101.44,202.87,3154.21,Medium,Shoulder,Shoulder,Standard,79.26,196.44,1.03,155.7,110,110,110,1.09,0.02,Behind
2026-09-30,2026,9,Sep,40,2,Wednesday,0,,0,0,0,80,1,140,114,114,0,191.38,81.43,21817.38,81.43,194,26,88.18,99.17,191.38,2099.78,Medium,Shoulder,Shoulder,Standard,73.82,191.85,1.0,141.62,114,114,114,1.05,0.04,Ahead
2026-10-01,2026,10,Oct,40,3,Thursday,0,,0,0,0,0,0,220,171,171,0,193.31,77.73,33055.29,77.73,171,49,77.73,150.25,193.31,0.0,Low,Shoulder,Shoulder,Standard,79.39,203.32,0.95,161.41,171,171,171,1.13,-0.0,Behind
2026-10-02,2026,10,Oct,40,4,Friday,0,,0,0,0,0,0,220,195,195,0,193.06,88.64,37647.13,88.64,195,25,88.64,171.12,193.06,0.0,Low,Shoulder,Shoulder,Standard,80.86,191.01,1.01,154.45,195,195,195,1.02,0.06,Behind
2026-10-03,2026,10,Oct,40,5,Saturday,1,OSU Football,1,1,0,0,0,220,203,203,0,235.72,92.27,47851.18,92.27,203,17,92.27,217.51,235.72,0.0,Low,Peak,Peak,Premium,93.94,248.7,0.95,233.64,203,203,203,0.97,0.1,Ahead
2026-10-04,2026,10,Oct,40,6,Sunday,1,,0,0,0,0,0,220,190,190,0,196.49,86.36,37332.92,86.36,190,30,86.36,169.7,196.49,0.0,Low,Shoulder,Shoulder,Standard,69.4,189.79,1.04,131.72,190,190,190,0.9,0.07,Ahead
2026-10-05,2026,10,Oct,41,0,Monday,0,,0,0,0,100,1,120,93,93,0,196.74,77.5,18296.75,77.5,193,27,87.73,83.17,196.74,1760.23,Medium,Shoulder,Shoulder,Standard,81.65,195.61,1.01,159.72,93,93,93,1.02,0.02,Behind
2026-10-06,2026,10,Oct,41,1,Tuesday,0,,0,0,0,100,1,120,121,120,1,202.19,100.0,24262.82,100.0,220,0,100.0,110.29,202.19,1703.23,Medium,Shoulder,Shoulder,Standard,74.11,186.96,1.08,138.55,120,120,120,1.09,-0.0,Behind
2026-10-07,2026,10,Oct,41,2,Wednesday,0,,0,0,0,100,1,120,123,120,3,207.02,100.0,24842.35,100.0,220,0,100.0,112.92,207.02,2449.06,Medium,Shoulder,Shoulder,Standard,70.67,218.93,0.95,154.72,120,120,120,0.88,0.05,Ahead
2026-10-08,2026,10,Oct,41,3,Thursday,0,,0,0,0,0,0,220,221,220,1,213.99,100.0,47077.85,100.0,220,0,100.0,213.99,213.99,0.0,Low,Shoulder,Shoulder,Standard,75.34,219.38,0.98,165.29,220,220,220,0.88,0.11,Behind
2026-10-09,2026,10,Oct,41,4,Friday,0,,0,0,0,0,0,220,198,198,0,203.23,90.0,40239.69,90.0,198,22,90.0,182.91,203.23,0.0,Low,Shoulder,Shoulder,Standard,72.04,208.57,0.97,150.26,198,198,198,1.02,0.08,Behind
2026-10-10,2026,10,Oct,41,5,Saturday,1,OSU Football,1,1,0,0,0,220,204,204,0,228.1,92.73,46532.09,92.73,204,16,92.73,211.51,228.1,0.0,Low,Peak,Peak,Premium,85.6,214.31,1.06,183.46,204,204,204,1.09,0.01,Behind
2026-10-11,2026,10,Oct,41,6,Sunday,1,,0,0,0,0,0,220,197,197,0,186.84,89.55,36807.41,89.55,197,23,89.55,167.31,186.84,0.0,Low,Shoulder,Shoulder,Standard,68.78,175.09,1.07,120.42,197,197,197,0.91,-0.0,On Pace
2026-10-12,2026,10,Oct,42,0,Monday,0,,0,0,0,49,1,171,137,137,0,185.56,80.12,25421.99,80.12,186,34,84.55,115.55,185.56,2426.0,Low,Shoulder,Shoulder,Standard,77.07,181.84,1.02,140.14,137,137,137,1.13,0.0,On Pace
2026-10-13,2026,10,Oct,42,1,Tuesday,0,,0,0,0,49,1,171,138,138,0,194.06,80.7,26780.03,80.7,187,33,85.0,121.73,194.06,2990.68,Low,Shoulder,Shoulder,Standard,72.37,193.29,1.0,139.88,138,138,138,0.96,0.0,Behind
2026-10-14,2026,10,Oct,42,2,Wednesday,0,,0,0,0,0,0,220,226,220,6,200.95,100.0,44208.27,100.0,220,0,100.0,200.95,200.95,0.0,Low,Shoulder,Shoulder,Standard,81.84,206.16,0.97,168.73,220,220,220,1.13,0.07,Behind
2026-10-15,2026,10,Oct,42,3,Thursday,0,,0,0,0,0,0,220,180,180,0,200.66,81.82,36118.41,81.82,180,40,81.82,164.17,200.66,0.0,Low,Shoulder,Shoulder,Standard,75.33,210.68,0.95,158.72,180,180,180,0.89,0.1,On Pace
2026-10-16,2026,10,Oct,42,4,Friday,0,,0,0,0,0,0,220,185,185,0,210.13,84.09,38873.48,84.09,185,35,84.09,176.7,210.13,0.0,Low,Shoulder,Shoulder,Standard,75.74,226.2,0.93,171.33,185,185,185,0.93,-0.03,Ahead
2026-10-17,2026,10,Oct,42,5,Saturday,1,OSU Football,1,1,0,0,0,220,197,197,0,228.35,89.55,44984.49,89.55,197,23,89.55,204.47,228.35,0.0,Low,Peak,Peak,Premium,86.85,239.76,0.95,208.24,197,197,197,1.04,0.08,On Pace
2026-10-18,2026,10,Oct,42,6,Sunday,1,,0,0,0,0,0,220,205,205,0,203.15,93.18,41645.5,93.18,205,15,93.18,189.3,203.15,0.0,Low,Shoulder,Shoulder,Standard,77.99,202.21,1.0,157.71,205,205,205,0.97,0.09,Behind
2026-10-19,2026,10,Oct,43,0,Monday,0,,0,0,0,70,1,150,112,112,0,184.17,74.67,20627.42,74.67,182,38,82.73,93.76,184.17,1459.41,Medium,Shoulder,Shoulder,Standard,73.95,171.4,1.07,126.75,112,112,112,0.98,0.07,Behind
2026-10-20,2026,10,Oct,43,1,Tuesday,0,,0,0,0,70,1,150,143,143,0,208.4,95.33,29800.75,95.33,213,7,96.82,135.46,208.4,2383.88,Medium,Shoulder,Shoulder,Standard,70.77,193.46,1.08,136.92,143,143,143,1.04,0.06,Behind
2026-10-21,2026,10,Oct,43,2,Wednesday,0,,0,0,0,70,1,150,138,138,0,205.31,92.0,28332.98,92.0,208,12,94.55,128.79,205.31,2004.8,Medium,Shoulder,Shoulder,Standard,71.52,194.07,1.06,138.8,138,138,138,1.0,0.11,Behind
2026-10-22,2026,10,Oct,43,3,Thursday,0,,0,0,0,0,0,220,212,212,0,206.11,96.36,43695.03,96.36,212,8,96.36,198.61,206.11,0.0,Low,Shoulder,Shoulder,Standard,79.73,215.76,0.96,172.02,212,212,212,0.95,0.03,Behind
2026-10-23,2026,10,Oct,43,4,Friday,0,,0,0,0,0,0,220,200,200,0,203.3,90.91,40660.07,90.91,200,20,90.91,184.82,203.3,0.0,Low,Shoulder,Shoulder,Standard,74.23,189.78,1.07,140.88,200,200,200,0.96,0.02,On Pace
2026-10-24,2026,10,Oct,43,5,Saturday,1,OSU Football,1,1,0,0,0,220,261,220,41,236.67,100.0,52068.19,100.0,220,0,100.0,236.67,236.67,0.0,Low,Peak,Peak,Premium,85.39,253.64,0.93,216.58,220,220,220,1.13,0.06,Behind
2026-10-25,2026,10,Oct,43,6,Sunday,1,,0,0,0,0,0,220,179,179,0,188.46,81.36,33734.46,81.36,179,41,81.36,153.34,188.46,0.0,Low,Shoulder,Shoulder,Standard,76.86,174.88,1.08,134.42,179,179,179,1.04,0.05,Ahead
2026-10-26,2026,10,Oct,44,0,Monday,0,,0,0,0,50,1,170,127,127,0,203.42,74.71,25834.7,74.71,177,43,80.45,117.43,203.42,2118.66,Low,Shoulder,Shoulder,Standard,83.28,190.97,1.07,159.04,127,127,127,1.07,0.02,On Pace
2026-10-27,2026,10,Oct,44,1,Tuesday,0,,0,0,0,0,0,220,174,174,0,204.36,79.09,35558.26,79.09,174,46,79.09,161.63,204.36,0.0,Low,Shoulder,Shoulder,Standard,83.27,214.61,0.95,178.69,174,174,174,0.93,0.08,On Pace
2026-10-28,2026,10,Oct,44,2,Wednesday,0,,0,0,0,0,0,220,167,167,0,191.74,75.91,32020.42,75.91,167,53,75.91,145.55,191.74,0.0,Low,Shoulder,Shoulder,Standard,78.56,206.93,0.93,162.57,167,167,167,0.93,0.07,On Pace
2026-10-29,2026,10,Oct,44,3,Thursday,0,,0,0,0,0,0,220,160,160,0,206.01,72.73,32961.71,72.73,160,60,72.73,149.83,206.01,0.0,Low,Shoulder,Shoulder,Standard,73.6,204.39,1.01,150.44,160,160,160,0.92,0.05,Behind
2026-10-30,2026,10,Oct,44,4,Friday,0,,0,0,0,0,0,220,190,190,0,212.85,86.36,40441.66,86.36,190,30,86.36,183.83,212.85,0.0,Low,Shoulder,Shoulder,Standard,72.21,206.83,1.03,149.36,190,190,190,1.06,0.07,Behind
2026-10-31,2026,10,Oct,44,5,Saturday,1,,0,0,0,0,0,220,187,187,0,181.76,85.0,33988.48,85.0,187,33,85.0,154.49,181.76,0.0,Low,Shoulder,Shoulder,Standard,73.1,168.73,1.08,123.35,187,187,187,1.13,0.03,On Pace
2026-11-01,2026,11,Nov,44,6,Sunday,1,,0,0,0,0,0,220,214,214,0,193.61,97.27,41432.56,97.27,214,6,97.27,188.33,193.61,0.0,Low,Shoulder,Shoulder,Standard,78.33,196.65,0.98,154.04,214,214,214,1.07,-0.04,On Pace
2026-11-02,2026,11,Nov,45,0,Monday,0,,0,0,0,85,1,135,139,135,4,192.17,100.0,25942.75,100.0,220,0,100.0,117.92,192.17,2700.96,Medium,Shoulder,Shoulder,Standard,72.2,204.23,0.94,147.45,135,135,135,0.86,-0.02,Ahead
2026-11-03,2026,11,Nov,45,1,Tuesday,0,,0,0,0,85,1,135,118,118,0,199.78,87.41,23573.62,87.41,203,17,92.27,107.15,199.78,3428.95,Medium,Shoulder,Shoulder,Standard,82.34,188.01,1.06,154.81,118,118,118,0.95,0.04,Ahead
2026-11-04,2026,11,Nov,45,2,Wednesday,0,,0,0,0,85,1,135,139,135,4,199.55,100.0,26938.82,100.0,220,0,100.0,122.45,199.55,2392.67,Medium,Shoulder,Shoulder,Standard,83.64,192.55,1.04,161.05,135,135,135,0.96,0.02,On Pace
2026-11-05,2026,11,Nov,45,3,Thursday,0,,0,0,0,0,0,220,201,201,0,206.92,91.36,41591.1,91.36,201,19,91.36,189.05,206.92,0.0,Low,Shoulder,Shoulder,Standard,73.99,200.73,1.03,148.51,201,201,201,1.12,0.0,On Pace
2026-11-06,2026,11,Nov,45,4,Friday,0,,0,0,0,0,0,220,218,218,0,200.39,99.09,43685.72,99.09,218,2,99.09,198.57,200.39,0.0,Low,Shoulder,Shoulder,Standard,81.26,186.07,1.08,151.19,218,218,218,0.89,-0.01,Ahead
2026-11-07,2026,11,Nov,45,5,Saturday,1,OSU Football,1,1,0,0,0,220,222,220,2,228.44,100.0,50255.72,100.0,220,0,100.0,228.44,228.44,0.0,Low,Peak,Peak,Premium,89.23,214.4,1.07,191.3,220,220,220,1.12,0.03,On Pace
2026-11-08,2026,11,Nov,45,6,Sunday,1,,0,0,0,0,0,220,180,180,0,180.2,81.82,32436.16,81.82,180,40,81.82,147.44,180.2,0.0,Low,Shoulder,Shoulder,Standard,76.78,190.78,0.94,146.49,180,180,180,0.89,-0.03,On Pace
2026-11-09,2026,11,Nov,46,0,Monday,0,,0,0,0,50,1,170,132,132,0,209.86,77.65,27701.35,77.65,182,38,82.73,125.92,209.86,1682.97,Low,Shoulder,Shoulder,Standard,77.32,202.23,1.04,156.36,132,132,132,1.12,0.05,Behind
2026-11-10,2026,11,Nov,46,1,Tuesday,0,,0,0,0,50,1,170,164,164,0,200.73,96.47,32919.29,96.47,214,6,97.27,149.63,200.73,1639.31,Low,Shoulder,Shoulder,Standard,82.92,192.57,1.04,159.68,164,164,164,1.0,-0.03,On Pace
2026-11-11,2026,11,Nov,46,2,Wednesday,0,,0,0,0,50,1,170,123,123,0,199.99,72.35,24598.88,72.35,173,47,78.64,111.81,199.99,2835.02,Low,Shoulder,Shoulder,Standard,79.66,196.6,1.02,156.61,123,123,123,1.03,0.11,On Pace
2026-11-12,2026,11,Nov,46,3,Thursday,0,,0,0,0,0,0,220,216,216,0,201.87,98.18,43603.89,98.18,216,4,98.18,198.2,201.87,0.0,Low,Shoulder,Shoulder,Standard,76.58,216.57,0.93,165.84,216,216,216,1.03,-0.05,Ahead
2026-11-13,2026,11,Nov,46,4,Friday,0,,0,0,0,0,0,220,204,204,0,202.71,92.73,41352.1,92.73,204,16,92.73,187.96,202.71,0.0,Low,Shoulder,Shoulder,Standard,74.82,210.22,0.96,157.28,204,204,204,1.07,0.11,Behind
2026-11-14,2026,11,Nov,46,5,Saturday,1,OSU Football,1,1,0,0,0,220,249,220,29,243.97,100.0,53674.37,100.0,220,0,100.0,243.97,243.97,0.0,Low,Peak,Peak,Premium,94.46,253.49,0.96,239.44,220,220,220,1.01,0.05,Ahead
2026-11-15,2026,11,Nov,46,6,Sunday,1,,0,0,0,0,0,220,174,174,0,199.59,79.09,34728.14,79.09,174,46,79.09,157.86,199.59,0.0,Low,Shoulder,Shoulder,Standard,78.3,211.26,0.94,165.43,174,174,174,0.88,0.09,Ahead
2026-11-16,2026,11,Nov,47,0,Monday,0,,0,0,0,50,1,170,157,157,0,193.79,92.35,30425.68,92.35,207,13,94.09,138.3,193.79,3382.33,Low,Shoulder,Shoulder,Standard,72.5,187.55,1.03,135.96,157,157,157,1.09,0.08,On Pace
2026-11-17,2026,11,Nov,47,1,Tuesday,0,,0,0,0,50,1,170,171,170,1,205.23,100.0,34889.62,100.0,220,0,100.0,158.59,205.23,2717.73,Low,Shoulder,Shoulder,Standard,75.28,191.97,1.07,144.52,170,170,170,0.96,-0.02,On Pace
2026-11-18,2026,11,Nov,47,2,Wednesday,0,,0,0,0,0,0,220,198,198,0,206.84,90.0,40954.79,90.0,198,22,90.0,186.16,206.84,0.0,Low,Shoulder,Shoulder,Standard,80.69,217.13,0.95,175.2,198,198,198,1.03,0.02,On Pace
2026-11-19,2026,11,Nov,47,3,Thursday,0,,0,0,0,0,0,220,164,164,0,194.0,74.55,31815.85,74.55,164,56,74.55,144.62,194.0,0.0,Low,Shoulder,Shoulder,Standard,83.64,199.48,0.97,166.83,164,164,164,1.04,0.07,On Pace
2026-11-20,2026,11,Nov,47,4,Friday,0,,0,0,0,0,0,220,164,164,0,188.62,74.55,30933.81,74.55,164,56,74.55,140.61,188.62,0.0,Low,Shoulder,Shoulder,Standard,71.48,197.72,0.95,141.32,164,164,164,0.94,0.12,Behind
2026-11-21,2026,11,Nov,47,5,Saturday,1,OSU Football,1,1,0,0,0,220,258,220,38,231.03,100.0,50826.67,100.0,220,0,100.0,231.03,231.03,0.0,Low,Peak,Peak,Premium,90.11,223.47,1.03,201.37,220,220,220,0.86,-0.04,Ahead
2026-11-22,2026,11,Nov,47,6,Sunday,1,,0,0,0,0,0,220,175,175,0,178.47,79.55,31232.16,79.55,175,45,79.55,141.96,178.47,0.0,Low,Shoulder,Shoulder,Standard,75.18,187.4,0.95,140.9,175,175,175,0.96,0.05,Behind
2026-11-23,2026,11,Nov,48,0,Monday,0,,0,0,0,22,1,198,143,143,0,199.19,72.22,28484.86,72.22,165,55,75.0,129.48,199.19,2174.52,Low,Shoulder,Shoulder,Standard,76.7,208.32,0.96,159.77,143,143,143,1.1,-0.04,On Pace
2026-11-24,2026,11,Nov,48,1,Tuesday,0,,0,0,0,0,0,220,199,199,0,204.81,90.45,40756.68,90.45,199,21,90.45,185.26,204.81,0.0,Low,Shoulder,Shoulder,Standard,79.52,208.86,0.98,166.08,199,199,199,0.93,0.11,Ahead
2026-11-25,2026,11,Nov,48,2,Wednesday,0,,0,0,0,0,0,220,173,173,0,195.3,78.64,33786.46,78.64,173,47,78.64,153.57,195.3,0.0,Low,Shoulder,Shoulder,Standard,83.76,187.78,1.04,157.28,173,173,173,1.05,0.02,Ahead
2026-11-26,2026,11,Nov,48,3,Thursday,0,,0,0,1,0,0,220,149,149,0,203.98,67.73,30393.37,67.73,149,71,67.73,138.15,203.98,0.0,Low,Shoulder,Shoulder,Standard,69.83,216.02,0.94,150.85,149,149,149,1.14,0.05,On Pace
2026-11-27,2026,11,Nov,48,4,Friday,0,,0,0,1,0,0,220,157,157,0,200.15,71.36,31422.98,71.36,157,63,71.36,142.83,200.15,0.0,Low,Shoulder,Shoulder,Standard,68.94,206.25,0.97,142.19,157,157,157,1.14,0.06,On Pace
2026-11-28,2026,11,Nov,48,5,Saturday,1,,0,0,0,0,0,220,161,161,0,191.67,73.18,30859.41,73.18,161,59,73.18,140.27,191.67,0.0,Low,Shoulder,Shoulder,Standard,74.87,182.11,1.05,136.36,161,161,161,0.86,0.03,Ahead
2026-11-29,2026,11,Nov,48,6,Sunday,1,,0,0,0,0,0,220,191,191,0,190.26,86.82,36338.77,86.82,191,29,86.82,165.18,190.26,0.0,Low,Shoulder,Shoulder,Standard,73.98,199.08,0.96,147.29,191,191,191,0.91,0.0,On Pace
2026-11-30,2026,11,Nov,49,0,Monday,0,,0,0,0,0,0,220,166,166,0,205.0,75.45,34030.08,75.45,166,54,75.45,154.68,205.0,0.0,Low,Shoulder,Shoulder,Standard,80.45,203.21,1.01,163.47,166,166,166,1.0,-0.05,On Pace
2026-12-01,2026,12,Dec,49,1,Tuesday,0,,0,0,0,35,1,185,125,125,0,166.72,67.57,20839.79,67.57,160,60,72.73,94.73,166.72,1403.11,Low,Soft,Soft,Promotional,58.61,175.62,0.95,102.93,125,125,125,0.87,-0.05,Behind
2026-12-02,2026,12,Dec,49,2,Wednesday,0,,0,0,0,35,1,185,118,118,0,164.9,63.78,19457.81,63.78,153,67,69.55,88.44,164.9,1970.26,Low,Soft,Soft,Promotional,58.7,170.99,0.96,100.38,118,118,118,1.15,-0.04,On Pace
2026-12-03,2026,12,Dec,49,3,Thursday,0,,0,0,0,35,1,185,121,121,0,153.04,65.41,18518.41,65.41,156,64,70.91,84.17,153.04,2003.73,Low,Soft,Soft,Promotional,59.04,157.42,0.97,92.94,121,121,121,1.1,0.03,Behind
2026-12-04,2026,12,Dec,49,4,Friday,0,,0,0,0,0,0,220,149,149,0,161.46,67.73,24056.81,67.73,149,71,67.73,109.35,161.46,0.0,Low,Soft,Soft,Promotional,55.53,165.29,0.98,91.79,149,149,149,1.12,-0.03,Behind
2026-12-05,2026,12,Dec,49,5,Saturday,1,,0,0,0,0,0,220,154,154,0,148.58,70.0,22881.87,70.0,154,66,70.0,104.01,148.58,0.0,Low,Soft,Soft,Promotional,54.92,137.19,1.08,75.35,154,154,154,0.94,-0.02,On Pace
2026-12-06,2026,12,Dec,49,6,Sunday,1,,0,0,0,0,0,220,137,137,0,139.19,62.27,19068.72,62.27,137,83,62.27,86.68,139.19,0.0,Low,Soft,Soft,Promotional,57.02,147.06,0.95,83.85,137,137,137,1.06,0.03,On Pace
2026-12-07,2026,12,Dec,50,0,Monday,0,,0,0,0,35,1,185,132,132,0,163.61,71.35,21596.6,71.35,167,53,75.91,98.17,163.61,1748.09,Low,Soft,Soft,Promotional,57.05,175.16,0.93,99.93,132,132,132,1.05,0.01,On Pace
2026-12-08,2026,12,Dec,50,1,Tuesday,0,,0,0,0,35,1,185,127,127,0,164.75,68.65,20922.89,68.65,162,58,73.64,95.1,164.75,1546.89,Low,Soft,Soft,Promotional,60.44,169.15,0.97,102.24,127,127,127,0.89,-0.02,Behind
2026-12-09,2026,12,Dec,50,2,Wednesday,0,,0,0,0,0,0,220,144,144,0,145.31,65.45,20925.05,65.45,144,76,65.45,95.11,145.31,0.0,Low,Soft,Soft,Promotional,62.42,145.17,1.0,90.61,144,144,144,0.92,0.04,Ahead
2026-12-10,2026,12,Dec,50,3,Thursday,0,,0,0,0,0,0,220,154,154,0,156.07,70.0,24035.12,70.0,154,66,70.0,109.25,156.07,0.0,Low,Soft,Soft,Promotional,61.57,156.16,1.0,96.14,154,154,154,1.09,0.01,Ahead
2026-12-11,2026,12,Dec,50,4,Friday,0,,0,0,0,0,0,220,151,151,0,164.82,68.64,24888.16,68.64,151,69,68.64,113.13,164.82,0.0,Low,Soft,Soft,Promotional,55.09,158.44,1.04,87.28,151,151,151,0.95,0.01,Ahead
2026-12-12,2026,12,Dec,50,5,Saturday,1,,0,0,0,0,0,220,152,152,0,149.29,69.09,22691.4,69.09,152,68,69.09,103.14,149.29,0.0,Low,Soft,Soft,Promotional,56.57,151.78,0.98,85.86,152,152,152,0.88,-0.04,On Pace
2026-12-13,2026,12,Dec,50,6,Sunday,1,,0,0,0,0,0,220,147,147,0,137.87,66.82,20267.23,66.82,147,73,66.82,92.12,137.87,0.0,Low,Soft,Soft,Promotional,55.47,148.34,0.93,82.28,147,147,147,1.08,0.05,Ahead
2026-12-14,2026,12,Dec,51,0,Monday,0,,0,0,0,25,1,195,110,110,0,161.05,56.41,17714.98,56.41,135,85,61.36,80.52,161.05,1819.69,Low,Soft,Soft,Promotional,61.68,171.64,0.94,105.87,110,110,110,0.9,-0.0,On Pace
2026-12-15,2026,12,Dec,51,1,Tuesday,0,,0,0,0,25,1,195,140,140,0,157.9,71.79,22106.48,71.79,165,55,75.0,100.48,157.9,1576.49,Low,Soft,Soft,Promotional,61.68,149.17,1.06,92.01,140,140,140,0.96,0.09,Ahead
2026-12-16,2026,12,Dec,51,2,Wednesday,0,,0,0,0,0,0,220,140,140,0,165.0,63.64,23099.32,63.64,140,80,63.64,105.0,165.0,0.0,Low,Soft,Soft,Promotional,55.3,173.16,0.95,95.76,140,140,140,0.95,0.04,Ahead
2026-12-17,2026,12,Dec,51,3,Thursday,0,,0,0,0,0,0,220,132,132,0,153.0,60.0,20195.42,60.0,132,88,60.0,91.8,153.0,0.0,Low,Soft,Soft,Promotional,57.03,156.16,0.98,89.07,132,132,132,0.92,0.08,Behind
2026-12-18,2026,12,Dec,51,4,Friday,0,,0,0,0,0,0,220,161,161,0,154.92,73.18,24942.87,73.18,161,59,73.18,113.38,154.92,0.0,Low,Soft,Soft,Promotional,56.97,153.9,1.01,87.69,161,161,161,1.11,0.09,On Pace
2026-12-19,2026,12,Dec,51,5,Saturday,1,,0,0,0,0,0,220,154,154,0,150.72,70.0,23210.74,70.0,154,66,70.0,105.5,150.72,0.0,Low,Soft,Soft,Promotional,55.6,155.97,0.97,86.72,154,154,154,1.01,-0.04,On Pace
2026-12-20,2026,12,Dec,51,6,Sunday,1,,0,0,0,0,0,220,116,116,0,139.02,52.73,16126.67,52.73,116,104,52.73,73.3,139.02,0.0,Low,Soft,Soft,Promotional,55.5,142.59,0.98,79.13,116,116,116,1.04,0.1,Ahead
2026-12-21,2026,12,Dec,52,0,Monday,0,,0,0,0,0,0,220,170,170,0,180.81,77.27,30738.48,77.27,170,50,77.27,139.72,180.81,0.0,Low,Soft,Soft,Promotional,60.95,191.69,0.94,116.83,170,170,170,1.14,0.02,Behind
2026-12-22,2026,12,Dec,52,1,Tuesday,0,,0,0,0,0,0,220,156,156,0,155.05,70.91,24187.71,70.91,156,64,70.91,109.94,155.05,0.0,Low,Soft,Soft,Promotional,56.31,163.16,0.95,91.88,156,156,156,1.12,0.05,Ahead
2026-12-23,2026,12,Dec,52,2,Wednesday,0,,0,0,0,0,0,220,155,155,0,144.5,70.45,22397.85,70.45,155,65,70.45,101.81,144.5,0.0,Low,Soft,Soft,Promotional,54.89,145.53,0.99,79.88,155,155,155,1.09,0.06,Behind
2026-12-24,2026,12,Dec,52,3,Thursday,0,,0,0,1,0,0,220,127,127,0,151.76,57.73,19273.77,57.73,127,93,57.73,87.61,151.76,0.0,Low,Soft,Soft,Promotional,51.49,141.67,1.07,72.94,127,127,127,1.01,0.02,Behind
2026-12-25,2026,12,Dec,52,4,Friday,0,,0,0,1,0,0,220,131,131,0,172.08,59.55,22542.6,59.55,131,89,59.55,102.47,172.08,0.0,Low,Soft,Soft,Promotional,52.43,166.13,1.04,87.11,131,131,131,0.88,0.04,Behind
2026-12-26,2026,12,Dec,52,5,Saturday,1,,0,0,0,0,0,220,110,110,0,141.87,50.0,15605.22,50.0,110,110,50.0,70.93,141.87,0.0,Low,Soft,Soft,Promotional,53.45,136.39,1.04,72.9,110,110,110,1.1,0.0,On Pace
2026-12-27,2026,12,Dec,52,6,Sunday,1,,0,0,0,0,0,220,156,156,0,157.57,70.91,24581.18,70.91,156,64,70.91,111.73,157.57,0.0,Low,Soft,Soft,Promotional,48.96,154.37,1.02,75.58,156,156,156,1.04,0.01,Ahead
2026-12-28,2026,12,Dec,53,0,Monday,0,,0,0,0,0,0,220,142,142,0,160.79,64.55,22831.48,64.55,142,78,64.55,103.78,160.79,0.0,Low,Soft,Soft,Promotional,52.85,156.64,1.03,82.79,142,142,142,0.92,0.08,Behind
2026-12-29,2026,12,Dec,53,1,Tuesday,0,,0,0,0,0,0,220,148,148,0,140.96,67.27,20862.56,67.27,148,72,67.27,94.83,140.96,0.0,Low,Soft,Soft,Promotional,59.2,141.71,0.99,83.9,148,148,148,1.03,0.01,On Pace
2026-12-30,2026,12,Dec,53,2,Wednesday,0,,0,0,0,0,0,220,149,149,0,152.67,67.73,22748.02,67.73,149,71,67.73,103.4,152.67,0.0,Low,Soft,Soft,Promotional,56.65,158.47,0.96,89.78,149,149,149,0.88,0.04,Ahead
2026-12-31,2026,12,Dec,53,3,Thursday,0,,0,0,1,0,0,220,135,135,0,147.26,61.36,19879.97,61.36,135,85,61.36,90.36,147.26,0.0,Low,Soft,Soft,Promotional,44.83,152.25,0.97,68.26,135,135,135,1.1,-0.04,Ahead
2027-01-01,2027,1,Jan,53,4,Friday,0,,0,0,1,0,0,220,108,108,0,156.24,49.09,16873.76,49.09,108,112,49.09,76.7,156.24,0.0,Low,Soft,Soft,Promotional,49.75,153.81,1.02,76.52,108,108,108,1.02,0.08,On Pace
2027-01-02,2027,1,Jan,53,5,Saturday,1,,0,0,0,0,0,220,137,137,0,149.92,62.27,20539.03,62.27,137,83,62.27,93.36,149.92,0.0,Low,Soft,Soft,Promotional,57.72,154.45,0.97,89.15,137,137,137,1.13,0.07,On Pace
2027-01-03,2027,1,Jan,53,6,Sunday,1,,0,0,0,0,0,220,115,115,0,150.0,52.27,17249.79,52.27,115,105,52.27,78.41,150.0,0.0,Low,Soft,Soft,Promotional,49.61,154.91,0.97,76.85,115,115,115,1.11,-0.03,Ahead
2027-01-04,2027,1,Jan,1,0,Monday,0,,0,0,0,0,0,220,142,142,0,156.0,64.55,22152.69,64.55,142,78,64.55,100.69,156.0,0.0,Low,Soft,Soft,Promotional,54.4,157.48,0.99,85.67,142,142,142,1.13,-0.03,On Pace
2027-01-05,2027,1,Jan,1,1,Tuesday,0,,0,0,0,35,1,185,112,112,0,165.91,60.54,18582.02,60.54,147,73,66.82,84.46,165.91,2036.28,Low,Soft,Soft,Promotional,54.0,160.73,1.03,86.8,112,112,112,0.96,-0.0,Ahead
2027-01-06,2027,1,Jan,1,2,Wednesday,0,,0,0,0,0,0,220,160,160,0,164.91,72.73,26385.76,72.73,160,60,72.73,119.94,164.91,0.0,Low,Soft,Soft,Promotional,58.81,153.0,1.08,89.99,160,160,160,1.12,0.1,Ahead
2027-01-07,2027,1,Jan,1,3,Thursday,0,,0,0,0,0,0,220,118,118,0,165.36,53.64,19512.2,53.64,118,102,53.64,88.69,165.36,0.0,Low,Soft,Soft,Promotional,53.49,153.31,1.08,82.0,118,118,118,0.99,0.0,On Pace
2027-01-08,2027,1,Jan,1,4,Friday,0,,0,0,0,0,0,220,166,166,0,171.98,75.45,28548.92,75.45,166,54,75.45,129.77,171.98,0.0,Low,Soft,Soft,Promotional,57.65,178.04,0.97,102.63,166,166,166,1.03,0.08,Behind
2027-01-09,2027,1,Jan,1,5,Saturday,1,,0,0,0,0,0,220,141,141,0,139.13,64.09,19617.85,64.09,141,79,64.09,89.17,139.13,0.0,Low,Soft,Soft,Promotional,55.21,129.99,1.07,71.76,141,141,141,1.04,0.06,On Pace
2027-01-10,2027,1,Jan,1,6,Sunday,1,,0,0,0,0,0,220,120,120,0,137.76,54.55,16530.62,54.55,120,100,54.55,75.14,137.76,0.0,Low,Soft,Soft,Promotional,53.46,147.85,0.93,79.04,120,120,120,1.12,0.08,Behind
2027-01-11,2027,1,Jan,2,0,Monday,0,,0,0,0,0,0,220,120,120,0,164.09,54.55,19690.6,54.55,120,100,54.55,89.5,164.09,0.0,Low,Soft,Soft,Promotional,60.67,159.07,1.03,96.51,120,120,120,1.04,0.06,Ahead
2027-01-12,2027,1,Jan,2,1,Tuesday,0,,0,0,0,65,1,155,90,90,0,162.54,58.06,14628.77,58.06,155,65,70.45,66.49,162.54,2182.04,Medium,Soft,Soft,Promotional,58.68,150.91,1.08,88.56,90,90,90,1.02,-0.02,On Pace
2027-01-13,2027,1,Jan,2,2,Wednesday,0,,0,0,0,65,1,155,108,108,0,158.45,69.68,17112.31,69.68,173,47,78.64,77.78,158.45,1961.94,Medium,Soft,Soft,Promotional,62.62,152.74,1.04,95.64,108,108,108,0.91,0.09,Behind
2027-01-14,2027,1,Jan,2,3,Thursday,0,,0,0,0,65,1,155,100,100,0,159.97,64.52,15997.43,64.52,165,55,75.0,72.72,159.97,2508.88,Medium,Soft,Soft,Promotional,58.99,157.46,1.02,92.89,100,100,100,0.86,0.1,Ahead
2027-01-15,2027,1,Jan,2,4,Friday,0,,0,0,0,0,0,220,120,120,0,157.3,54.55,18875.57,54.55,120,100,54.55,85.8,157.3,0.0,Low,Soft,Soft,Promotional,56.7,147.0,1.07,83.35,120,120,120,1.14,0.04,On Pace
2027-01-16,2027,1,Jan,2,5,Saturday,1,,0,0,0,0,0,220,115,115,0,152.26,52.27,17510.22,52.27,115,105,52.27,79.59,152.26,0.0,Low,Soft,Soft,Promotional,49.24,147.56,1.03,72.65,115,115,115,0.97,-0.02,Behind
2027-01-17,2027,1,Jan,2,6,Sunday,1,,0,0,0,0,0,220,143,143,0,152.91,65.0,21866.45,65.0,143,77,65.0,99.39,152.91,0.0,Low,Soft,Soft,Promotional,49.32,144.16,1.06,71.11,143,143,143,1.12,-0.01,Ahead
2027-01-18,2027,1,Jan,3,0,Monday,0,,0,0,0,0,0,220,121,121,0,158.78,55.0,19211.85,55.0,121,99,55.0,87.33,158.78,0.0,Low,Soft,Soft,Promotional,58.89,152.08,1.04,89.56,121,121,121,1.0,0.04,Ahead
2027-01-19,2027,1,Jan,3,1,Tuesday,0,,0,0,0,20,1,200,134,134,0,159.15,67.0,21326.54,67.0,154,66,70.0,96.94,159.15,719.96,Low,Soft,Soft,Promotional,53.09,162.55,0.98,86.31,134,134,134,1.12,-0.05,Behind
2027-01-20,2027,1,Jan,3,2,Wednesday,0,,0,0,0,20,1,200,154,154,0,166.95,77.0,25710.66,77.0,174,46,79.09,116.87,166.95,1569.48,Low,Soft,Soft,Promotional,55.31,168.41,0.99,93.15,154,154,154,1.09,0.0,On Pace
2027-01-21,2027,1,Jan,3,3,Thursday,0,,0,0,0,0,0,220,145,145,0,145.4,65.91,21083.17,65.91,145,75,65.91,95.83,145.4,0.0,Low,Soft,Soft,Promotional,54.25,146.34,0.99,79.39,145,145,145,0.9,-0.01,On Pace
2027-01-22,2027,1,Jan,3,4,Friday,0,,0,0,0,0,0,220,169,169,0,165.15,76.82,27911.09,76.82,169,51,76.82,126.87,165.15,0.0,Low,Soft,Soft,Promotional,53.23,173.42,0.95,92.3,169,169,169,1.14,0.06,Behind
2027-01-23,2027,1,Jan,3,5,Saturday,1,,0,0,0,0,0,220,154,154,0,148.26,70.0,22831.98,70.0,154,66,70.0,103.78,148.26,0.0,Low,Soft,Soft,Promotional,53.99,156.31,0.95,84.39,154,154,154,0.96,0.01,Behind
2027-01-24,2027,1,Jan,3,6,Sunday,1,,0,0,0,0,0,220,119,119,0,147.95,54.09,17606.52,54.09,119,101,54.09,80.03,147.95,0.0,Low,Soft,Soft,Promotional,51.03,139.94,1.06,71.41,119,119,119,1.01,-0.04,Ahead
2027-01-25,2027,1,Jan,4,0,Monday,0,,0,0,0,0,0,220,126,126,0,156.76,57.27,19751.37,57.27,126,94,57.27,89.78,156.76,0.0,Low,Soft,Soft,Promotional,55.65,155.05,1.01,86.29,126,126,126,1.03,0.11,On Pace
2027-01-26,2027,1,Jan,4,1,Tuesday,0,,0,0,0,0,0,220,165,165,0,162.51,75.0,26813.44,75.0,165,55,75.0,121.88,162.51,0.0,Low,Soft,Soft,Promotional,59.28,174.98,0.93,103.72,165,165,165,1.06,-0.0,Behind
2027-01-27,2027,1,Jan,4,2,Wednesday,0,,0,0,0,0,0,220,143,143,0,167.27,65.0,23920.03,65.0,143,77,65.0,108.73,167.27,0.0,Low,Soft,Soft,Promotional,52.96,172.41,0.97,91.31,143,143,143,1.04,-0.05,On Pace
2027-01-28,2027,1,Jan,4,3,Thursday,0,,0,0,0,0,0,220,119,119,0,159.22,54.09,18947.32,54.09,119,101,54.09,86.12,159.22,0.0,Low,Soft,Soft,Promotional,54.57,160.64,0.99,87.66,119,119,119,1.06,0.03,On Pace
2027-01-29,2027,1,Jan,4,4,Friday,0,,0,0,0,0,0,220,153,153,0,146.33,69.55,22387.9,69.55,153,67,69.55,101.76,146.33,0.0,Low,Soft,Soft,Promotional,53.12,154.1,0.95,81.85,153,153,153,1.05,0.06,On Pace
2027-01-30,2027,1,Jan,4,5,Saturday,1,,0,0,0,0,0,220,155,155,0,144.66,70.45,22422.26,70.45,155,65,70.45,101.92,144.66,0.0,Low,Soft,Soft,Promotional,54.02,142.04,1.02,76.73,155,155,155,1.1,0.09,Ahead
2027-01-31,2027,1,Jan,4,6,Sunday,1,,0,0,0,0,0,220,118,118,0,153.45,53.64,18107.15,53.64,118,102,53.64,82.31,153.45,0.0,Low,Soft,Soft,Promotional,55.35,159.8,0.96,88.44,118,118,118,1.05,0.07,Ahead
2027-02-01,2027,2,Feb,5,0,Monday,0,,0,0,0,75,1,145,81,81,0,165.43,55.86,13400.18,55.86,156,64,70.91,60.91,165.43,2210.42,Medium,Soft,Soft,Promotional,55.89,171.2,0.97,95.69,81,81,81,0.92,0.03,On Pace
2027-02-02,2027,2,Feb,5,1,Tuesday,0,,0,0,0,75,1,145,102,102,0,169.07,70.34,17245.56,70.34,177,43,80.45,78.39,169.07,2244.01,Medium,Soft,Soft,Promotional,52.87,182.17,0.93,96.32,102,102,102,1.04,-0.03,On Pace
2027-02-03,2027,2,Feb,5,2,Wednesday,0,,0,0,0,75,1,145,98,98,0,162.14,67.59,15889.34,67.59,173,47,78.64,72.22,162.14,1933.98,Medium,Soft,Soft,Promotional,58.43,166.28,0.98,97.16,98,98,98,1.02,0.07,Behind
2027-02-04,2027,2,Feb,5,3,Thursday,0,,0,0,0,0,0,220,158,158,0,164.81,71.82,26039.38,71.82,158,62,71.82,118.36,164.81,0.0,Low,Soft,Soft,Promotional,62.32,174.18,0.95,108.55,158,158,158,1.11,0.07,On Pace
2027-02-05,2027,2,Feb,5,4,Friday,0,,0,0,0,0,0,220,128,128,0,169.51,58.18,21697.37,58.18,128,92,58.18,98.62,169.51,0.0,Low,Soft,Soft,Promotional,62.92,174.74,0.97,109.95,128,128,128,1.01,-0.01,Behind
2027-02-06,2027,2,Feb,5,5,Saturday,1,,0,0,0,0,0,220,129,129,0,148.37,58.64,19139.92,58.64,129,91,58.64,87.0,148.37,0.0,Low,Soft,Soft,Promotional,54.48,156.77,0.95,85.41,129,129,129,0.95,0.09,On Pace
2027-02-07,2027,2,Feb,5,6,Sunday,1,,0,0,0,0,0,220,122,122,0,147.66,55.45,18015.08,55.45,122,98,55.45,81.89,147.66,0.0,Low,Soft,Soft,Promotional,52.76,144.39,1.02,76.18,122,122,122,1.08,0.1,Ahead
2027-02-08,2027,2,Feb,6,0,Monday,0,,0,0,0,52,1,168,112,112,0,177.14,66.67,19839.15,66.67,164,56,74.55,90.18,177.14,1735.02,Medium,Soft,Soft,Promotional,56.8,172.45,1.03,97.95,112,112,112,1.11,0.09,Behind
2027-02-09,2027,2,Feb,6,1,Tuesday,0,,0,0,0,0,0,220,130,130,0,165.21,59.09,21477.1,59.09,130,90,59.09,97.62,165.21,0.0,Low,Soft,Soft,Promotional,62.57,176.23,0.94,110.27,130,130,130,0.91,0.01,Ahead
2027-02-10,2027,2,Feb,6,2,Wednesday,0,,0,0,0,0,0,220,144,144,0,157.46,65.45,22674.87,65.45,144,76,65.45,103.07,157.46,0.0,Low,Soft,Soft,Promotional,58.84,160.65,0.98,94.53,144,144,144,0.95,-0.01,Ahead
2027-02-11,2027,2,Feb,6,3,Thursday,0,,0,0,0,0,0,220,143,143,0,157.43,65.0,22512.85,65.0,143,77,65.0,102.33,157.43,0.0,Low,Soft,Soft,Promotional,61.29,165.53,0.95,101.46,143,143,143,1.01,-0.01,Ahead
2027-02-12,2027,2,Feb,6,4,Friday,0,,0,0,0,0,0,220,159,159,0,161.79,72.27,25724.87,72.27,159,61,72.27,116.93,161.79,0.0,Low,Soft,Soft,Promotional,58.71,151.06,1.07,88.68,159,159,159,0.87,-0.04,On Pace
2027-02-13,2027,2,Feb,6,5,Saturday,1,,0,0,0,0,0,220,151,151,0,137.02,68.64,20690.47,68.64,151,69,68.64,94.05,137.02,0.0,Low,Soft,Soft,Promotional,55.72,127.42,1.08,71.0,151,151,151,1.09,-0.04,Behind
2027-02-14,2027,2,Feb,6,6,Sunday,1,,0,0,0,0,0,220,141,141,0,145.93,64.09,20575.94,64.09,141,79,64.09,93.53,145.93,0.0,Low,Soft,Soft,Promotional,51.16,143.16,1.02,73.24,141,141,141,0.88,0.08,Ahead
2027-02-15,2027,2,Feb,7,0,Monday,0,,0,0,0,0,0,220,164,164,0,157.9,74.55,25895.2,74.55,164,56,74.55,117.71,157.9,0.0,Low,Soft,Soft,Promotional,59.16,156.72,1.01,92.72,164,164,164,0.99,0.02,Behind
2027-02-16,2027,2,Feb,7,1,Tuesday,0,,0,0,0,0,0,220,168,168,0,154.66,76.36,25983.45,76.36,168,52,76.36,118.11,154.66,0.0,Low,Soft,Soft,Promotional,57.43,150.41,1.03,86.38,168,168,168,0.91,-0.03,Behind
2027-02-17,2027,2,Feb,7,2,Wednesday,0,,0,0,0,0,0,220,156,156,0,155.04,70.91,24185.76,70.91,156,64,70.91,109.94,155.04,0.0,Low,Soft,Soft,Promotional,61.38,165.07,0.94,101.31,156,156,156,0.89,0.04,On Pace
2027-02-18,2027,2,Feb,7,3,Thursday,0,,0,0,0,0,0,220,142,142,0,148.7,64.55,21115.73,64.55,142,78,64.55,95.98,148.7,0.0,Low,Soft,Soft,Promotional,60.93,138.25,1.08,84.23,142,142,142,0.94,0.02,Behind
2027-02-19,2027,2,Feb,7,4,Friday,0,,0,0,0,0,0,220,158,158,0,166.12,71.82,26246.68,71.82,158,62,71.82,119.3,166.12,0.0,Low,Soft,Soft,Promotional,61.83,173.44,0.96,107.24,158,158,158,0.89,0.0,On Pace
2027-02-20,2027,2,Feb,7,5,Saturday,1,,0,0,0,0,0,220,133,133,0,142.59,60.45,18964.1,60.45,133,87,60.45,86.2,142.59,0.0,Low,Soft,Soft,Promotional,49.75,136.6,1.04,67.96,133,133,133,1.1,0.05,Ahead
2027-02-21,2027,2,Feb,7,6,Sunday,1,,0,0,0,0,0,220,129,129,0,168.51,58.64,21737.93,58.64,129,91,58.64,98.81,168.51,0.0,Low,Soft,Soft,Promotional,50.27,179.52,0.94,90.25,129,129,129,1.09,0.01,Behind
2027-02-22,2027,2,Feb,8,0,Monday,0,,0,0,0,49,1,171,111,111,0,147.87,64.91,16413.3,64.91,160,60,72.73,74.61,147.87,2115.83,Low,Soft,Soft,Promotional,61.49,149.43,0.99,91.89,111,111,111,0.95,0.0,On Pace
2027-02-23,2027,2,Feb,8,1,Tuesday,0,,0,0,0,49,1,171,98,98,0,161.86,57.31,15862.77,57.31,147,73,66.82,72.1,161.86,1853.62,Low,Soft,Soft,Promotional,60.85,150.01,1.08,91.28,98,98,98,0.92,-0.05,Ahead
2027-02-24,2027,2,Feb,8,2,Wednesday,0,,0,0,0,49,1,171,101,101,0,156.87,59.06,15843.66,59.06,150,70,68.18,72.02,156.87,1846.17,Low,Soft,Soft,Promotional,60.64,164.77,0.95,99.91,101,101,101,1.09,0.01,On Pace
2027-02-25,2027,2,Feb,8,3,Thursday,0,,0,0,0,0,0,220,128,128,0,151.6,58.18,19404.34,58.18,128,92,58.18,88.2,151.6,0.0,Low,Soft,Soft,Promotional,56.5,141.26,1.07,79.81,128,128,128,0.86,-0.03,On Pace
2027-02-26,2027,2,Feb,8,4,Friday,0,,0,0,0,0,0,220,166,166,0,149.48,75.45,24813.91,75.45,166,54,75.45,112.79,149.48,0.0,Low,Soft,Soft,Promotional,62.75,142.29,1.05,89.28,166,166,166,0.94,-0.01,On Pace
2027-02-27,2027,2,Feb,8,5,Saturday,1,,0,0,0,0,0,220,143,143,0,152.13,65.0,21755.08,65.0,143,77,65.0,98.89,152.13,0.0,Low,Soft,Soft,Promotional,53.58,144.31,1.05,77.33,143,143,143,0.86,0.09,Ahead
2027-02-28,2027,2,Feb,8,6,Sunday,1,,0,0,0,0,0,220,127,127,0,159.93,57.73,20311.12,57.73,127,93,57.73,92.32,159.93,0.0,Low,Soft,Soft,Promotional,49.44,171.09,0.93,84.58,127,127,127,0.94,-0.01,On Pace
2027-03-01,2027,3,Mar,9,0,Monday,0,,0,0,0,30,1,190,170,170,0,195.58,89.47,33249.09,89.47,200,20,90.91,151.13,195.58,3382.4,Low,Shoulder,Shoulder,Standard,80.55,211.16,0.93,170.09,170,170,170,1.11,0.1,Ahead
2027-03-02,2027,3,Mar,9,1,Tuesday,0,,0,0,0,0,0,220,161,161,0,206.18,73.18,33195.09,73.18,161,59,73.18,150.89,206.18,0.0,Low,Shoulder,Shoulder,Standard,74.73,212.59,0.97,158.87,161,161,161,0.95,0.02,Behind
2027-03-03,2027,3,Mar,9,2,Wednesday,0,,0,0,0,0,0,220,169,169,0,205.22,76.82,34682.74,76.82,169,51,76.82,157.65,205.22,0.0,Low,Shoulder,Shoulder,Standard,75.82,195.01,1.05,147.87,169,169,169,1.01,0.08,On Pace
2027-03-04,2027,3,Mar,9,3,Thursday,0,,0,0,0,0,0,220,171,171,0,194.2,77.73,33208.25,77.73,171,49,77.73,150.95,194.2,0.0,Low,Shoulder,Shoulder,Standard,74.41,196.81,0.99,146.45,171,171,171,1.0,0.07,On Pace
2027-03-05,2027,3,Mar,9,4,Friday,0,,0,0,0,0,0,220,206,206,0,205.27,93.64,42285.84,93.64,206,14,93.64,192.21,205.27,0.0,Low,Shoulder,Shoulder,Standard,69.95,201.6,1.02,141.02,206,206,206,1.11,0.08,On Pace
2027-03-06,2027,3,Mar,9,5,Saturday,1,,0,0,0,0,0,220,162,162,0,173.06,73.64,28036.11,73.64,162,58,73.64,127.44,173.06,0.0,Low,Shoulder,Shoulder,Standard,71.86,179.03,0.97,128.66,162,162,162,1.0,-0.0,On Pace
2027-03-07,2027,3,Mar,9,6,Sunday,1,,0,0,0,0,0,220,182,182,0,182.08,82.73,33138.43,82.73,182,38,82.73,150.63,182.08,0.0,Low,Shoulder,Shoulder,Standard,71.31,173.55,1.05,123.76,182,182,182,1.12,0.03,Ahead
2027-03-08,2027,3,Mar,10,0,Monday,0,,0,0,0,90,1,130,125,125,0,188.57,96.15,23571.68,96.15,215,5,97.73,107.14,188.57,2424.38,Medium,Shoulder,Shoulder,Standard,80.01,184.78,1.02,147.83,125,125,125,1.02,-0.03,Ahead
2027-03-09,2027,3,Mar,10,1,Tuesday,0,,0,0,0,90,1,130,101,101,0,198.16,77.69,20014.19,77.69,191,29,86.82,90.97,198.16,2422.68,Medium,Shoulder,Shoulder,Standard,70.77,183.61,1.08,129.95,101,101,101,1.0,0.01,On Pace
2027-03-10,2027,3,Mar,10,2,Wednesday,0,,0,0,0,90,1,130,122,122,0,185.97,93.85,22687.81,93.85,212,8,96.36,103.13,185.97,1823.25,Medium,Shoulder,Shoulder,Standard,72.77,176.43,1.05,128.38,122,122,122,0.92,0.06,On Pace
2027-03-11,2027,3,Mar,10,3,Thursday,0,,0,0,0,0,0,220,213,213,0,195.66,96.82,41675.82,96.82,213,7,96.82,189.44,195.66,0.0,Low,Shoulder,Shoulder,Standard,74.33,197.12,0.99,146.52,213,213,213,0.87,-0.0,Ahead
2027-03-12,2027,3,Mar,10,4,Friday,0,,0,0,0,0,0,220,155,155,0,196.51,70.45,30458.77,70.45,155,65,70.45,138.45,196.51,0.0,Low,Shoulder,Shoulder,Standard,70.33,191.14,1.03,134.44,155,155,155,0.94,0.09,Behind
2027-03-13,2027,3,Mar,10,5,Saturday,1,,0,0,0,0,0,220,196,196,0,183.78,89.09,36021.72,89.09,196,24,89.09,163.74,183.78,0.0,Low,Shoulder,Shoulder,Standard,70.75,173.14,1.06,122.5,196,196,196,1.11,0.07,Behind
2027-03-14,2027,3,Mar,10,6,Sunday,1,,0,0,0,0,0,220,161,161,0,182.89,73.18,29445.72,73.18,161,59,73.18,133.84,182.89,0.0,Low,Shoulder,Shoulder,Standard,72.95,180.08,1.02,131.36,161,161,161,0.97,0.05,Behind
2027-03-15,2027,3,Mar,11,0,Monday,0,,0,0,0,36,1,184,128,128,0,193.45,69.57,24761.87,69.57,164,56,74.55,112.55,193.45,2679.14,Low,Shoulder,Shoulder,Standard,80.71,207.43,0.93,167.41,128,128,128,1.11,-0.01,Behind
2027-03-16,2027,3,Mar,11,1,Tuesday,0,,0,0,0,0,0,220,187,187,0,193.95,85.0,36268.8,85.0,187,33,85.0,164.86,193.95,0.0,Low,Shoulder,Shoulder,Standard,77.68,200.86,0.97,156.02,187,187,187,0.99,0.08,On Pace
2027-03-17,2027,3,Mar,11,2,Wednesday,0,,0,0,0,0,0,220,209,209,0,184.93,95.0,38649.52,95.0,209,11,95.0,175.68,184.93,0.0,Low,Shoulder,Shoulder,Standard,80.09,182.49,1.01,146.16,209,209,209,0.98,0.1,Ahead
2027-03-18,2027,3,Mar,11,3,Thursday,0,,0,0,0,0,0,220,161,161,0,186.59,73.18,30040.71,73.18,161,59,73.18,136.55,186.59,0.0,Low,Shoulder,Shoulder,Standard,67.89,195.86,0.95,132.96,161,161,161,1.1,0.01,On Pace
2027-03-19,2027,3,Mar,11,4,Friday,0,,0,0,0,0,0,220,181,181,0,201.44,82.27,36460.59,82.27,181,39,82.27,165.73,201.44,0.0,Low,Shoulder,Shoulder,Standard,77.75,207.58,0.97,161.38,181,181,181,0.94,0.05,Behind
2027-03-20,2027,3,Mar,11,5,Saturday,1,,0,0,0,0,0,220,152,152,0,185.98,69.09,28269.41,69.09,152,68,69.09,128.5,185.98,0.0,Low,Shoulder,Shoulder,Standard,67.4,189.85,0.98,127.96,152,152,152,1.03,0.05,On Pace
2027-03-21,2027,3,Mar,11,6,Sunday,1,,0,0,0,0,0,220,204,204,0,164.37,92.73,33530.96,92.73,204,16,92.73,152.41,164.37,0.0,Low,Shoulder,Shoulder,Standard,68.14,165.27,0.99,112.62,204,204,204,0.91,-0.03,Behind
2027-03-22,2027,3,Mar,12,0,Monday,0,,0,0,0,20,1,200,157,157,0,205.1,78.5,32199.92,78.5,177,43,80.45,146.36,205.1,1101.65,Low,Shoulder,Shoulder,Standard,76.59,194.52,1.05,148.99,157,157,157,1.1,0.05,Ahead
2027-03-23,2027,3,Mar,12,1,Tuesday,0,,0,0,0,0,0,220,165,165,0,191.29,75.0,31563.65,75.0,165,55,75.0,143.47,191.29,0.0,Low,Shoulder,Shoulder,Standard,80.37,184.68,1.04,148.42,165,165,165,0.92,0.06,Ahead
2027-03-24,2027,3,Mar,12,2,Wednesday,0,,0,0,0,0,0,220,153,153,0,186.64,69.55,28555.42,69.55,153,67,69.55,129.8,186.64,0.0,Low,Shoulder,Shoulder,Standard,79.67,183.38,1.02,146.1,153,153,153,1.15,-0.03,On Pace
2027-03-25,2027,3,Mar,12,3,Thursday,0,,0,0,0,0,0,220,184,184,0,196.16,83.64,36092.73,83.64,184,36,83.64,164.06,196.16,0.0,Low,Shoulder,Shoulder,Standard,80.26,207.63,0.94,166.65,184,184,184,0.89,-0.02,On Pace
2027-03-26,2027,3,Mar,12,4,Friday,0,,0,0,0,0,0,220,163,163,0,198.89,74.09,32419.76,74.09,163,57,74.09,147.36,198.89,0.0,Low,Shoulder,Shoulder,Standard,71.82,189.44,1.05,136.06,163,163,163,1.07,0.03,Ahead
2027-03-27,2027,3,Mar,12,5,Saturday,1,,0,0,0,0,0,220,143,143,0,171.23,65.0,24486.17,65.0,143,77,65.0,111.3,171.23,0.0,Low,Shoulder,Shoulder,Standard,64.14,168.47,1.02,108.06,143,143,143,1.09,0.04,Behind
2027-03-28,2027,3,Mar,12,6,Sunday,1,,0,0,0,0,0,220,179,179,0,188.45,81.36,33731.98,81.36,179,41,81.36,153.33,188.45,0.0,Low,Shoulder,Shoulder,Standard,66.88,199.93,0.94,133.72,179,179,179,0.99,0.07,Behind
2027-03-29,2027,3,Mar,13,0,Monday,0,,0,0,0,0,0,220,206,206,0,187.89,93.64,38704.89,93.64,206,14,93.64,175.93,187.89,0.0,Low,Shoulder,Shoulder,Standard,78.54,198.4,0.95,155.82,206,206,206,0.97,-0.02,Behind
2027-03-30,2027,3,Mar,13,1,Tuesday,0,,0,0,0,0,0,220,214,214,0,193.07,97.27,41316.93,97.27,214,6,97.27,187.8,193.07,0.0,Low,Shoulder,Shoulder,Standard,75.2,189.78,1.02,142.72,214,214,214,1.13,-0.01,Ahead
2027-03-31,2027,3,Mar,13,2,Wednesday,0,,0,0,0,0,0,220,171,171,0,185.2,77.73,31668.69,77.73,171,49,77.73,143.95,185.2,0.0,Low,Shoulder,Shoulder,Standard,71.58,197.53,0.94,141.4,171,171,171,1.06,0.07,Ahead
2027-04-01,2027,4,Apr,13,3,Thursday,0,,0,0,0,0,0,220,204,204,0,200.92,92.73,40987.22,92.73,204,16,92.73,186.31,200.92,0.0,Low,Shoulder,Shoulder,Standard,72.59,209.13,0.96,151.8,204,204,204,1.0,0.08,On Pace
2027-04-02,2027,4,Apr,13,4,Friday,0,,0,0,0,0,0,220,183,183,0,189.53,83.18,34684.43,83.18,183,37,83.18,157.66,189.53,0.0,Low,Shoulder,Shoulder,Standard,74.38,188.39,1.01,140.13,183,183,183,0.87,0.07,Behind
2027-04-03,2027,4,Apr,13,5,Saturday,1,,0,0,0,0,0,220,167,167,0,174.87,75.91,29202.93,75.91,167,53,75.91,132.74,174.87,0.0,Low,Shoulder,Shoulder,Standard,63.82,167.89,1.04,107.15,167,167,167,1.06,-0.03,Behind
2027-04-04,2027,4,Apr,13,6,Sunday,1,,0,0,0,0,0,220,189,189,0,183.74,85.91,34726.97,85.91,189,31,85.91,157.85,183.74,0.0,Low,Shoulder,Shoulder,Standard,64.2,185.16,0.99,118.87,189,189,189,0.92,0.11,Ahead
2027-04-05,2027,4,Apr,14,0,Monday,0,,0,0,0,28,1,192,142,142,0,187.64,73.96,26644.31,73.96,170,50,77.27,121.11,187.64,2812.88,Low,Shoulder,Shoulder,Standard,75.71,177.95,1.05,134.71,142,142,142,0.89,0.08,Ahead
2027-04-06,2027,4,Apr,14,1,Tuesday,0,,0,0,0,28,1,192,137,137,0,195.18,71.35,26739.85,71.35,165,55,75.0,121.54,195.18,2762.25,Low,Shoulder,Shoulder,Standard,76.63,184.36,1.06,141.27,137,137,137,0.96,-0.01,Ahead
2027-04-07,2027,4,Apr,14,2,Wednesday,0,,0,0,0,0,0,220,182,182,0,201.7,82.73,36710.19,82.73,182,38,82.73,166.86,201.7,0.0,Low,Shoulder,Shoulder,Standard,76.07,202.44,1.0,154.0,182,182,182,1.05,0.06,Ahead
2027-04-08,2027,4,Apr,14,3,Thursday,0,,0,0,0,0,0,220,178,178,0,187.84,80.91,33435.98,80.91,178,42,80.91,151.98,187.84,0.0,Low,Shoulder,Shoulder,Standard,68.45,172.96,1.09,118.38,178,178,178,1.08,0.08,Ahead
2027-04-09,2027,4,Apr,14,4,Friday,0,,0,0,0,0,0,220,158,158,0,189.83,71.82,29993.63,71.82,158,62,71.82,136.33,189.83,0.0,Low,Shoulder,Shoulder,Standard,80.71,184.89,1.03,149.22,158,158,158,0.91,0.06,Ahead
2027-04-10,2027,4,Apr,14,5,Saturday,1,,0,0,0,0,0,220,203,203,0,186.19,92.27,37795.67,92.27,203,17,92.27,171.8,186.19,0.0,Low,Shoulder,Shoulder,Standard,73.59,191.07,0.97,140.6,203,203,203,1.07,-0.04,Behind
2027-04-11,2027,4,Apr,14,6,Sunday,1,,0,0,0,0,0,220,178,178,0,187.55,80.91,33384.38,80.91,178,42,80.91,151.75,187.55,0.0,Low,Shoulder,Shoulder,Standard,65.9,188.8,0.99,124.41,178,178,178,1.13,-0.03,Ahead
2027-04-12,2027,4,Apr,15,0,Monday,0,,0,0,0,0,0,220,159,159,0,198.46,72.27,31555.0,72.27,159,61,72.27,143.43,198.46,0.0,Low,Shoulder,Shoulder,Standard,67.96,203.35,0.98,138.19,159,159,159,0.85,-0.01,Ahead
2027-04-13,2027,4,Apr,15,1,Tuesday,0,,0,0,0,0,0,220,196,196,0,207.45,89.09,40660.6,89.09,196,24,89.09,184.82,207.45,0.0,Low,Shoulder,Shoulder,Standard,68.64,198.11,1.05,135.99,196,196,196,0.94,0.05,Ahead
2027-04-14,2027,4,Apr,15,2,Wednesday,0,,0,0,0,100,1,120,109,109,0,199.92,90.83,21791.66,90.83,209,11,95.0,99.05,199.92,3097.84,Medium,Shoulder,Shoulder,Standard,79.83,202.14,0.99,161.37,109,109,109,0.93,-0.03,On Pace
2027-04-15,2027,4,Apr,15,3,Thursday,0,,0,0,0,100,1,120,108,108,0,206.27,90.0,22276.82,90.0,208,12,94.55,101.26,206.27,3644.41,Medium,Shoulder,Shoulder,Standard,76.84,200.72,1.03,154.24,108,108,108,1.04,0.1,On Pace
2027-04-16,2027,4,Apr,15,4,Friday,0,,0,0,0,100,1,120,119,119,0,192.56,99.17,22914.77,99.17,219,1,99.55,104.16,192.56,2695.17,Medium,Shoulder,Shoulder,Standard,68.64,177.7,1.08,121.98,119,119,119,1.12,0.03,Behind
2027-04-17,2027,4,Apr,15,5,Saturday,1,,0,0,0,0,0,220,179,179,0,178.31,81.36,31917.07,81.36,179,41,81.36,145.08,178.31,0.0,Low,Shoulder,Shoulder,Standard,66.21,181.63,0.98,120.25,179,179,179,1.12,0.0,Behind
2027-04-18,2027,4,Apr,15,6,Sunday,1,,0,0,0,0,0,220,169,169,0,177.5,76.82,29997.97,76.82,169,51,76.82,136.35,177.5,0.0,Low,Shoulder,Shoulder,Standard,64.33,167.21,1.06,107.57,169,169,169,1.0,-0.02,On Pace
2027-04-19,2027,4,Apr,16,0,Monday,0,,0,0,0,0,0,220,215,215,0,194.63,97.73,41845.18,97.73,215,5,97.73,190.21,194.63,0.0,Low,Shoulder,Shoulder,Standard,80.14,202.08,0.96,161.95,215,215,215,0.95,-0.0,Behind
2027-04-20,2027,4,Apr,16,1,Tuesday,0,,0,0,0,0,0,220,205,205,0,196.13,93.18,40207.33,93.18,205,15,93.18,182.76,196.13,0.0,Low,Shoulder,Shoulder,Standard,78.12,193.46,1.01,151.14,205,205,205,1.09,0.08,Ahead
2027-04-21,2027,4,Apr,16,2,Wednesday,0,,0,0,0,0,0,220,168,168,0,198.11,76.36,33281.76,76.36,168,52,76.36,151.28,198.11,0.0,Low,Shoulder,Shoulder,Standard,79.63,203.34,0.97,161.91,168,168,168,0.92,0.07,Behind
2027-04-22,2027,4,Apr,16,3,Thursday,0,,0,0,0,0,0,220,167,167,0,188.11,75.91,31415.01,75.91,167,53,75.91,142.8,188.11,0.0,Low,Shoulder,Shoulder,Standard,74.59,178.59,1.05,133.2,167,167,167,1.04,-0.04,On Pace
2027-04-23,2027,4,Apr,16,4,Friday,0,,0,0,0,0,0,220,195,195,0,198.73,88.64,38752.99,88.64,195,25,88.64,176.15,198.73,0.0,Low,Shoulder,Shoulder,Standard,70.43,185.75,1.07,130.83,195,195,195,1.03,0.09,Ahead
2027-04-24,2027,4,Apr,16,5,Saturday,1,,0,0,0,0,0,220,157,157,0,184.23,71.36,28923.6,71.36,157,63,71.36,131.47,184.23,0.0,Low,Shoulder,Shoulder,Standard,72.23,178.67,1.03,129.06,157,157,157,1.07,-0.01,Ahead
2027-04-25,2027,4,Apr,16,6,Sunday,1,,0,0,0,0,0,220,179,179,0,176.65,81.36,31620.41,81.36,179,41,81.36,143.73,176.65,0.0,Low,Shoulder,Shoulder,Standard,65.83,186.89,0.95,123.02,179,179,179,0.99,0.11,On Pace
2027-04-26,2027,4,Apr,17,0,Monday,0,,0,0,0,0,0,220,179,179,0,189.8,81.36,33974.98,81.36,179,41,81.36,154.43,189.8,0.0,Low,Shoulder,Shoulder,Standard,73.54,189.97,1.0,139.7,179,179,179,1.07,0.08,On Pace
2027-04-27,2027,4,Apr,17,1,Tuesday,0,,0,0,0,0,0,220,210,210,0,201.78,95.45,42373.88,95.45,210,10,95.45,192.61,201.78,0.0,Low,Shoulder,Shoulder,Standard,79.82,204.85,0.98,163.52,210,210,210,0.9,0.07,On Pace
2027-04-28,2027,4,Apr,17,2,Wednesday,0,,0,0,0,80,1,140,113,113,0,194.97,80.71,22032.01,80.71,193,27,87.73,100.15,194.97,1885.43,Medium,Shoulder,Shoulder,Standard,71.47,196.91,0.99,140.73,113,113,113,0.99,0.01,Behind
2027-04-29,2027,4,Apr,17,3,Thursday,0,,0,0,0,80,1,140,105,105,0,189.45,75.0,19892.01,75.0,185,35,84.09,90.42,189.45,1165.86,Medium,Shoulder,Shoulder,Standard,74.31,196.28,0.97,145.86,105,105,105,1.0,0.11,On Pace
2027-04-30,2027,4,Apr,17,4,Friday,0,,0,0,0,80,1,140,138,138,0,194.89,98.57,26894.87,98.57,218,2,99.09,122.25,194.89,2042.01,Medium,Shoulder,Shoulder,Standard,74.17,199.29,0.98,147.81,138,138,138,1.03,0.02,Ahead
2027-05-01,2027,5,May,17,5,Saturday,1,,0,0,0,0,0,220,201,201,0,186.12,91.36,37410.2,91.36,201,19,91.36,170.05,186.12,0.0,Low,Shoulder,Shoulder,Standard,72.7,199.73,0.93,145.2,201,201,201,1.08,0.08,On Pace
2027-05-02,2027,5,May,17,6,Sunday,1,,0,0,0,0,0,220,174,174,0,181.8,79.09,31634.07,79.09,174,46,79.09,143.79,181.8,0.0,Low,Shoulder,Shoulder,Standard,71.79,187.52,0.97,134.61,174,174,174,1.05,0.11,Behind
2027-05-03,2027,5,May,18,0,Monday,0,,0,0,0,37,1,183,178,178,0,194.18,97.27,34564.71,97.27,215,5,97.73,157.11,194.18,2007.27,Low,Shoulder,Shoulder,Standard,77.01,179.53,1.08,138.25,178,178,178,1.05,-0.02,Behind
2027-05-04,2027,5,May,18,1,Tuesday,0,,0,0,0,37,1,183,152,152,0,203.12,83.06,30873.7,83.06,189,31,85.91,140.34,203.12,2878.73,Low,Shoulder,Shoulder,Standard,71.09,206.44,0.98,146.75,152,152,152,1.14,0.09,Ahead
2027-05-05,2027,5,May,18,2,Wednesday,0,,0,0,0,37,1,183,166,166,0,196.62,90.71,32638.18,90.71,203,17,92.27,148.36,196.62,2086.52,Low,Shoulder,Shoulder,Standard,77.0,211.53,0.93,162.88,166,166,166,0.87,0.1,On Pace
2027-05-06,2027,5,May,18,3,Thursday,0,,0,0,0,0,0,220,163,163,0,196.36,74.09,32006.19,74.09,163,57,74.09,145.48,196.36,0.0,Low,Shoulder,Shoulder,Standard,76.82,196.38,1.0,150.85,163,163,163,1.01,0.1,Behind
2027-05-07,2027,5,May,18,4,Friday,0,,0,0,0,0,0,220,211,211,0,191.06,95.91,40314.59,95.91,211,9,95.91,183.25,191.06,0.0,Low,Shoulder,Shoulder,Standard,68.92,195.23,0.98,134.56,211,211,211,1.08,0.01,Ahead
2027-05-08,2027,5,May,18,5,Saturday,1,,0,0,0,0,0,220,159,159,0,189.7,72.27,30162.08,72.27,159,61,72.27,137.1,189.7,0.0,Low,Shoulder,Shoulder,Standard,72.52,195.74,0.97,141.95,159,159,159,0.85,-0.02,On Pace
2027-05-09,2027,5,May,18,6,Sunday,1,,0,0,0,0,0,220,186,186,0,185.04,84.55,34418.2,84.55,186,34,84.55,156.45,185.04,0.0,Low,Shoulder,Shoulder,Standard,71.37,191.94,0.96,136.99,186,186,186,0.9,0.01,Behind
2027-05-10,2027,5,May,19,0,Monday,0,,0,0,0,0,0,220,161,161,0,194.03,73.18,31238.86,73.18,161,59,73.18,141.99,194.03,0.0,Low,Shoulder,Shoulder,Standard,74.34,181.93,1.07,135.25,161,161,161,1.02,-0.01,Ahead
2027-05-11,2027,5,May,19,1,Tuesday,0,,0,0,0,0,0,220,203,203,0,198.74,92.27,40343.64,92.27,203,17,92.27,183.38,198.74,0.0,Low,Shoulder,Shoulder,Standard,79.57,195.84,1.01,155.83,203,203,203,1.04,0.06,Behind
2027-05-12,2027,5,May,19,2,Wednesday,0,,0,0,0,70,1,150,111,111,0,195.84,74.0,21738.31,74.0,181,39,82.27,98.81,195.84,1863.91,Medium,Shoulder,Shoulder,Standard,72.7,188.85,1.04,137.3,111,111,111,0.95,0.05,On Pace
2027-05-13,2027,5,May,19,3,Thursday,0,,0,0,0,70,1,150,104,104,0,180.53,69.33,18775.37,69.33,174,46,79.09,85.34,180.53,1659.63,Medium,Shoulder,Shoulder,Standard,80.26,185.31,0.97,148.73,104,104,104,1.09,-0.04,Ahead
2027-05-14,2027,5,May,19,4,Friday,0,,0,0,0,70,1,150,128,128,0,195.26,85.33,24992.83,85.33,198,22,90.0,113.6,195.26,1188.55,Medium,Shoulder,Shoulder,Standard,75.65,210.47,0.93,159.23,128,128,128,1.08,0.11,On Pace
2027-05-15,2027,5,May,19,5,Saturday,1,,0,0,0,0,0,220,163,163,0,182.47,74.09,29743.09,74.09,163,57,74.09,135.2,182.47,0.0,Low,Shoulder,Shoulder,Standard,67.56,177.08,1.03,119.63,163,163,163,0.92,0.01,On Pace
2027-05-16,2027,5,May,19,6,Sunday,1,,0,0,0,0,0,220,166,166,0,171.12,75.45,28405.21,75.45,166,54,75.45,129.11,171.12,0.0,Low,Shoulder,Shoulder,Standard,67.72,166.47,1.03,112.73,166,166,166,0.88,0.03,Behind
2027-05-17,2027,5,May,20,0,Monday,0,,0,0,0,0,0,220,215,215,0,181.6,97.73,39044.95,97.73,215,5,97.73,177.48,181.6,0.0,Low,Shoulder,Shoulder,Standard,69.37,182.49,1.0,126.59,215,215,215,1.14,0.08,Ahead
2027-05-18,2027,5,May,20,1,Tuesday,0,,0,0,0,0,0,220,177,177,0,202.79,80.45,35894.27,80.45,177,43,80.45,163.16,202.79,0.0,Low,Shoulder,Shoulder,Standard,76.38,201.99,1.0,154.29,177,177,177,0.97,-0.02,Behind
2027-05-19,2027,5,May,20,2,Wednesday,0,,0,0,0,85,1,135,94,94,0,208.12,69.63,19563.56,69.63,179,41,81.36,88.93,208.12,2148.34,Medium,Shoulder,Shoulder,Standard,68.36,218.36,0.95,149.27,94,94,94,0.95,0.03,Behind
2027-05-20,2027,5,May,20,3,Thursday,0,,0,0,0,85,1,135,113,113,0,190.14,83.7,21485.92,83.7,198,22,90.0,97.66,190.14,2827.48,Medium,Shoulder,Shoulder,Standard,78.15,185.53,1.02,144.99,113,113,113,1.13,0.11,On Pace
2027-05-21,2027,5,May,20,4,Friday,0,,0,0,0,85,1,135,131,131,0,209.73,97.04,27474.27,97.04,216,4,98.18,124.88,209.73,3106.34,Medium,Shoulder,Shoulder,Standard,71.61,199.5,1.05,142.85,131,131,131,0.89,0.04,Behind
2027-05-22,2027,5,May,20,5,Saturday,1,,0,0,0,0,0,220,192,192,0,180.7,87.27,34694.35,87.27,192,28,87.27,157.7,180.7,0.0,Low,Shoulder,Shoulder,Standard,63.75,180.64,1.0,115.16,192,192,192,0.88,0.09,Behind
2027-05-23,2027,5,May,20,6,Sunday,1,,0,0,0,0,0,220,199,199,0,190.94,90.45,37997.65,90.45,199,21,90.45,172.72,190.94,0.0,Low,Shoulder,Shoulder,Standard,69.26,192.19,0.99,133.11,199,199,199,0.92,-0.02,Behind
2027-05-24,2027,5,May,21,0,Monday,0,,0,0,0,0,0,220,199,199,0,193.28,90.45,38462.78,90.45,199,21,90.45,174.83,193.28,0.0,Low,Shoulder,Shoulder,Standard,80.76,178.72,1.08,144.34,199,199,199,1.13,0.01,On Pace
2027-05-25,2027,5,May,21,1,Tuesday,0,,0,0,0,0,0,220,169,169,0,194.58,76.82,32883.59,76.82,169,51,76.82,149.47,194.58,0.0,Low,Shoulder,Shoulder,Standard,79.51,182.84,1.06,145.38,169,169,169,0.89,0.04,Behind
2027-05-26,2027,5,May,21,2,Wednesday,0,,0,0,0,0,0,220,185,185,0,188.38,84.09,34851.17,84.09,185,35,84.09,158.41,188.38,0.0,Low,Shoulder,Shoulder,Standard,72.12,180.06,1.05,129.85,185,185,185,1.02,0.11,Ahead
2027-05-27,2027,5,May,21,3,Thursday,0,,0,0,0,0,0,220,201,201,0,189.19,91.36,38027.34,91.36,201,19,91.36,172.85,189.19,0.0,Low,Shoulder,Shoulder,Standard,72.76,193.49,0.98,140.78,201,201,201,1.02,0.1,Ahead
2027-05-28,2027,5,May,21,4,Friday,0,,0,0,0,0,0,220,167,167,0,187.88,75.91,31376.1,75.91,167,53,75.91,142.62,187.88,0.0,Low,Shoulder,Shoulder,Standard,68.91,175.53,1.07,120.95,167,167,167,1.07,0.11,Behind
2027-05-29,2027,5,May,21,5,Saturday,1,,0,0,0,0,0,220,150,150,0,191.75,68.18,28762.4,68.18,150,70,68.18,130.74,191.75,0.0,Low,Shoulder,Shoulder,Standard,68.01,199.02,0.96,135.36,150,150,150,0.94,0.05,Ahead
2027-05-30,2027,5,May,21,6,Sunday,1,,0,0,0,0,0,220,196,196,0,178.28,89.09,34943.18,89.09,196,24,89.09,158.83,178.28,0.0,Low,Shoulder,Shoulder,Standard,67.27,174.43,1.02,117.34,196,196,196,1.05,0.09,Behind
2027-05-31,2027,5,May,22,0,Monday,0,,0,0,1,0,0,220,138,138,0,188.48,62.73,26010.74,62.73,138,82,62.73,118.23,188.48,0.0,Low,Shoulder,Shoulder,Standard,68.67,182.93,1.03,125.62,138,138,138,1.09,0.0,Ahead
2027-06-01,2027,6,Jun,22,1,Tuesday,0,,0,0,0,0,0,220,162,162,0,167.84,73.64,27189.8,73.64,162,58,73.64,123.59,167.84,0.0,Low,Shoulder,Shoulder,Standard,65.81,158.33,1.06,104.2,162,162,162,1.05,0.09,Behind
2027-06-02,2027,6,Jun,22,2,Wednesday,0,,0,0,0,0,0,220,162,162,0,183.86,73.64,29786.11,73.64,162,58,73.64,135.39,183.86,0.0,Low,Shoulder,Shoulder,Standard,62.07,194.09,0.95,120.48,162,162,162,1.02,0.06,Ahead
2027-06-03,2027,6,Jun,22,3,Thursday,0,,0,0,0,0,0,220,161,161,0,178.5,73.18,28739.27,73.18,161,59,73.18,130.63,178.5,0.0,Low,Shoulder,Shoulder,Standard,63.25,192.25,0.93,121.6,161,161,161,0.95,0.09,Ahead
2027-06-04,2027,6,Jun,22,4,Friday,0,,0,0,0,0,0,220,145,145,0,187.79,65.91,27229.97,65.91,145,75,65.91,123.77,187.79,0.0,Low,Shoulder,Shoulder,Standard,69.47,196.09,0.96,136.23,145,145,145,1.11,0.07,On Pace
2027-06-05,2027,6,Jun,22,5,Saturday,1,,0,0,0,0,0,220,176,176,0,149.76,80.0,26357.68,80.0,176,44,80.0,119.81,149.76,0.0,Low,Soft,Soft,Promotional,63.5,161.53,0.93,102.57,176,176,176,1.01,0.01,Behind
2027-06-06,2027,6,Jun,22,6,Sunday,1,,0,0,0,0,0,220,144,144,0,157.7,65.45,22708.77,65.45,144,76,65.45,103.22,157.7,0.0,Low,Soft,Soft,Promotional,62.22,152.21,1.04,94.7,144,144,144,1.13,0.07,Behind
2027-06-07,2027,6,Jun,23,0,Monday,0,,0,0,0,60,1,160,113,113,0,178.23,70.62,20140.05,70.62,173,47,78.64,91.55,178.23,1349.35,Medium,Shoulder,Shoulder,Standard,67.53,180.52,0.99,121.9,113,113,113,1.09,0.09,Behind
2027-06-08,2027,6,Jun,23,1,Tuesday,0,,0,0,0,60,1,160,121,121,0,173.11,75.62,20946.6,75.62,181,39,82.27,95.21,173.11,1956.62,Medium,Shoulder,Shoulder,Standard,64.46,184.11,0.94,118.67,121,121,121,0.91,0.09,Ahead
2027-06-09,2027,6,Jun,23,2,Wednesday,0,,0,0,0,60,1,160,128,128,0,188.0,80.0,24063.82,80.0,188,32,85.45,109.38,188.0,1148.59,Medium,Shoulder,Shoulder,Standard,67.23,190.28,0.99,127.92,128,128,128,1.05,0.12,Ahead
2027-06-10,2027,6,Jun,23,3,Thursday,0,,0,0,0,0,0,220,172,172,0,160.73,78.18,27645.47,78.18,172,48,78.18,125.66,160.73,0.0,Low,Shoulder,Shoulder,Standard,59.6,157.02,1.02,93.58,172,172,172,0.99,0.11,Ahead
2027-06-11,2027,6,Jun,23,4,Friday,0,,0,0,0,0,0,220,190,190,0,192.96,86.36,36661.54,86.36,190,30,86.36,166.64,192.96,0.0,Low,Shoulder,Shoulder,Standard,65.72,207.46,0.93,136.34,190,190,190,1.04,0.02,Ahead
2027-06-12,2027,6,Jun,23,5,Saturday,1,,0,0,0,0,0,220,139,139,0,170.9,63.18,23755.59,63.18,139,81,63.18,107.98,170.9,0.0,Low,Soft,Soft,Promotional,56.38,177.61,0.96,100.13,139,139,139,1.08,0.12,Behind
2027-06-13,2027,6,Jun,23,6,Sunday,1,,0,0,0,0,0,220,158,158,0,170.46,71.82,26932.8,71.82,158,62,71.82,122.42,170.46,0.0,Low,Soft,Soft,Promotional,63.68,174.56,0.98,111.15,158,158,158,0.93,0.06,On Pace
2027-06-14,2027,6,Jun,24,0,Monday,0,,0,0,0,15,1,205,130,130,0,180.97,63.41,23526.56,63.41,145,75,65.91,106.94,180.97,1239.39,Low,Shoulder,Shoulder,Standard,69.31,173.01,1.05,119.91,130,130,130,1.03,0.12,On Pace
2027-06-15,2027,6,Jun,24,1,Tuesday,0,,0,0,0,0,0,220,148,148,0,177.29,67.27,26238.95,67.27,148,72,67.27,119.27,177.29,0.0,Low,Shoulder,Shoulder,Standard,68.01,168.24,1.05,114.42,148,148,148,1.0,0.06,On Pace
2027-06-16,2027,6,Jun,24,2,Wednesday,0,,0,0,0,0,0,220,151,151,0,175.76,68.64,26540.02,68.64,151,69,68.64,120.64,175.76,0.0,Low,Shoulder,Shoulder,Standard,68.78,176.82,0.99,121.62,151,151,151,0.97,0.07,On Pace
2027-06-17,2027,6,Jun,24,3,Thursday,0,,0,0,0,0,0,220,165,165,0,180.95,75.0,29856.56,75.0,165,55,75.0,135.71,180.95,0.0,Low,Shoulder,Shoulder,Standard,68.21,180.62,1.0,123.2,165,165,165,1.01,0.05,Behind
2027-06-18,2027,6,Jun,24,4,Friday,0,,0,0,0,0,0,220,177,177,0,181.87,80.45,32190.91,80.45,177,43,80.45,146.32,181.87,0.0,Low,Shoulder,Shoulder,Standard,66.46,170.73,1.07,113.47,177,177,177,1.11,0.07,Ahead
2027-06-19,2027,6,Jun,24,5,Saturday,1,,0,0,0,0,0,220,153,153,0,154.45,69.55,23630.95,69.55,153,67,69.55,107.41,154.45,0.0,Low,Soft,Soft,Promotional,55.86,145.28,1.06,81.15,153,153,153,0.91,-0.02,Behind
2027-06-20,2027,6,Jun,24,6,Sunday,1,,0,0,0,0,0,220,127,127,0,164.43,57.73,20882.84,57.73,127,93,57.73,94.92,164.43,0.0,Low,Soft,Soft,Promotional,57.71,176.7,0.93,101.97,127,127,127,0.9,0.12,Behind
2027-06-21,2027,6,Jun,25,0,Monday,0,,0,0,0,19,1,201,121,121,0,190.37,60.2,23034.53,60.2,140,80,63.64,104.7,190.37,1158.31,Low,Shoulder,Shoulder,Standard,69.74,190.96,1.0,133.17,121,121,121,1.08,0.06,On Pace
2027-06-22,2027,6,Jun,25,1,Tuesday,0,,0,0,0,19,1,201,138,138,0,182.93,68.66,25244.07,68.66,157,63,71.36,114.75,182.93,1961.35,Low,Shoulder,Shoulder,Standard,70.31,186.04,0.98,130.81,138,138,138,1.0,0.07,Behind
2027-06-23,2027,6,Jun,25,2,Wednesday,0,,0,0,0,19,1,201,165,165,0,184.15,82.09,30385.16,82.09,184,36,83.64,138.11,184.15,1031.62,Low,Shoulder,Shoulder,Standard,61.1,178.25,1.03,108.92,165,165,165,1.1,0.11,Behind
2027-06-24,2027,6,Jun,25,3,Thursday,0,,0,0,0,0,0,220,149,149,0,166.86,67.73,24862.0,67.73,149,71,67.73,113.01,166.86,0.0,Low,Shoulder,Shoulder,Standard,63.77,168.19,0.99,107.25,149,149,149,0.93,0.06,Ahead
2027-06-25,2027,6,Jun,25,4,Friday,0,,0,0,0,0,0,220,156,156,0,173.56,70.91,27075.13,70.91,156,64,70.91,123.07,173.56,0.0,Low,Shoulder,Shoulder,Standard,61.86,171.49,1.01,106.07,156,156,156,1.06,0.04,Ahead
2027-06-26,2027,6,Jun,25,5,Saturday,1,,0,0,0,0,0,220,157,157,0,160.65,71.36,25221.8,71.36,157,63,71.36,114.64,160.65,0.0,Low,Soft,Soft,Promotional,62.09,162.28,0.99,100.76,157,157,157,1.04,0.04,Ahead
2027-06-27,2027,6,Jun,25,6,Sunday,1,,0,0,0,0,0,220,145,145,0,160.39,65.91,23256.72,65.91,145,75,65.91,105.71,160.39,0.0,Low,Soft,Soft,Promotional,65.02,158.69,1.01,103.18,145,145,145,0.86,0.05,Ahead
2027-06-28,2027,6,Jun,26,0,Monday,0,,0,0,0,0,0,220,172,172,0,175.76,78.18,30230.31,78.18,172,48,78.18,137.41,175.76,0.0,Low,Shoulder,Shoulder,Standard,62.71,164.2,1.07,102.97,172,172,172,1.12,0.08,Ahead
2027-06-29,2027,6,Jun,26,1,Tuesday,0,,0,0,0,0,0,220,183,183,0,186.77,83.18,34179.36,83.18,183,37,83.18,155.36,186.77,0.0,Low,Shoulder,Shoulder,Standard,59.07,183.1,1.02,108.16,183,183,183,1.14,0.01,Ahead
2027-06-30,2027,6,Jun,26,2,Wednesday,0,,0,0,0,0,0,220,163,163,0,177.84,74.09,28987.74,74.09,163,57,74.09,131.76,177.84,0.0,Low,Shoulder,Shoulder,Standard,65.67,186.57,0.95,122.51,163,163,163,0.88,0.01,Behind
2027-07-01,2027,7,Jul,26,3,Thursday,0,,0,0,0,0,0,220,183,183,0,172.98,83.18,31655.13,83.18,183,37,83.18,143.89,172.98,0.0,Low,Shoulder,Shoulder,Standard,65.88,183.95,0.94,121.19,183,183,183,0.9,0.11,On Pace
2027-07-02,2027,7,Jul,26,4,Friday,0,,0,0,0,0,0,220,172,172,0,183.11,78.18,31495.63,78.18,172,48,78.18,143.16,183.11,0.0,Low,Shoulder,Shoulder,Standard,65.24,194.31,0.94,126.77,172,172,172,0.97,0.05,On Pace
2027-07-03,2027,7,Jul,26,5,Saturday,1,,0,0,0,0,0,220,123,123,0,178.14,55.91,21910.85,55.91,123,97,55.91,99.59,178.14,0.0,Low,Soft,Soft,Promotional,56.2,167.49,1.06,94.13,123,123,123,0.96,0.08,Ahead
2027-07-04,2027,7,Jul,26,6,Sunday,1,,0,0,1,0,0,220,119,119,0,174.96,54.09,20819.73,54.09,119,101,54.09,94.64,174.96,0.0,Low,Soft,Soft,Promotional,51.76,172.67,1.01,89.36,119,119,119,0.99,0.02,On Pace
2027-07-05,2027,7,Jul,27,0,Monday,0,,0,0,0,0,0,220,179,179,0,171.4,81.36,30680.45,81.36,179,41,81.36,139.46,171.4,0.0,Low,Shoulder,Shoulder,Standard,62.1,169.42,1.01,105.21,179,179,179,1.13,0.1,Ahead
2027-07-06,2027,7,Jul,27,1,Tuesday,0,,0,0,0,0,0,220,188,188,0,171.63,85.45,32266.25,85.45,188,32,85.45,146.66,171.63,0.0,Low,Shoulder,Shoulder,Standard,62.52,160.37,1.07,100.27,188,188,188,0.87,0.07,Ahead
2027-07-07,2027,7,Jul,27,2,Wednesday,0,,0,0,0,26,1,194,125,125,0,191.86,64.43,23982.96,64.43,151,69,68.64,109.01,191.86,1112.25,Low,Shoulder,Shoulder,Standard,67.43,193.53,0.99,130.49,125,125,125,1.0,0.1,On Pace
2027-07-08,2027,7,Jul,27,3,Thursday,0,,0,0,0,26,1,194,124,124,0,168.78,63.92,20928.77,63.92,150,70,68.18,95.13,168.78,1751.46,Low,Shoulder,Shoulder,Standard,66.76,173.55,0.97,115.87,124,124,124,1.01,-0.03,Ahead
2027-07-09,2027,7,Jul,27,4,Friday,0,,0,0,0,0,0,220,168,168,0,160.35,76.36,26938.07,76.36,168,52,76.36,122.45,160.35,0.0,Low,Shoulder,Shoulder,Standard,67.46,165.84,0.97,111.87,168,168,168,1.06,0.08,Ahead
2027-07-10,2027,7,Jul,27,5,Saturday,1,,0,0,0,0,0,220,172,172,0,176.76,78.18,30403.09,78.18,172,48,78.18,138.2,176.76,0.0,Low,Soft,Soft,Promotional,64.52,181.97,0.97,117.41,172,172,172,0.86,0.03,Ahead
2027-07-11,2027,7,Jul,27,6,Sunday,1,,0,0,0,0,0,220,159,159,0,164.57,72.27,26167.07,72.27,159,61,72.27,118.94,164.57,0.0,Low,Soft,Soft,Promotional,60.08,157.33,1.05,94.52,159,159,159,0.87,0.09,Behind
2027-07-12,2027,7,Jul,28,0,Monday,0,,0,0,0,0,0,220,161,161,0,175.44,73.18,28245.36,73.18,161,59,73.18,128.39,175.44,0.0,Low,Shoulder,Shoulder,Standard,70.01,170.89,1.03,119.63,161,161,161,1.05,0.09,Ahead
2027-07-13,2027,7,Jul,28,1,Tuesday,0,,0,0,0,0,0,220,149,149,0,179.06,67.73,26679.98,67.73,149,71,67.73,121.27,179.06,0.0,Low,Shoulder,Shoulder,Standard,61.98,164.8,1.09,102.14,149,149,149,1.04,0.02,On Pace
2027-07-14,2027,7,Jul,28,2,Wednesday,0,,0,0,0,45,1,175,129,129,0,195.26,73.71,25188.11,73.71,174,46,79.09,114.49,195.26,3264.89,Low,Shoulder,Shoulder,Standard,69.61,207.52,0.94,144.46,129,129,129,1.1,-0.04,Ahead
2027-07-15,2027,7,Jul,28,3,Thursday,0,,0,0,0,45,1,175,134,134,0,168.28,76.57,22550.04,76.57,179,41,81.36,102.5,168.28,1673.18,Low,Shoulder,Shoulder,Standard,62.99,154.96,1.09,97.61,134,134,134,1.12,-0.02,On Pace
2027-07-16,2027,7,Jul,28,4,Friday,0,,0,0,0,0,0,220,144,144,0,185.48,65.45,26709.1,65.45,144,76,65.45,121.41,185.48,0.0,Low,Shoulder,Shoulder,Standard,69.19,182.83,1.01,126.51,144,144,144,1.12,-0.05,Behind
2027-07-17,2027,7,Jul,28,5,Saturday,1,,0,0,0,0,0,220,136,136,0,165.47,61.82,22504.29,61.82,136,84,61.82,102.29,165.47,0.0,Low,Soft,Soft,Promotional,58.51,161.89,1.02,94.71,136,136,136,1.12,0.04,On Pace
2027-07-18,2027,7,Jul,28,6,Sunday,1,,0,0,0,0,0,220,168,168,0,171.67,76.36,28840.23,76.36,168,52,76.36,131.09,171.67,0.0,Low,Soft,Soft,Promotional,58.29,169.85,1.01,99.01,168,168,168,0.96,0.1,Ahead
2027-07-19,2027,7,Jul,29,0,Monday,0,,0,0,0,0,0,220,139,139,0,182.42,63.18,25357.05,63.18,139,81,63.18,115.26,182.42,0.0,Low,Shoulder,Shoulder,Standard,60.48,180.12,1.01,108.94,139,139,139,0.95,-0.04,Behind
2027-07-20,2027,7,Jul,29,1,Tuesday,0,,0,0,0,0,0,220,171,171,0,179.88,77.73,30759.35,77.73,171,49,77.73,139.82,179.88,0.0,Low,Shoulder,Shoulder,Standard,63.76,181.32,0.99,115.6,171,171,171,1.09,0.07,On Pace
2027-07-21,2027,7,Jul,29,2,Wednesday,0,,0,0,0,54,1,166,133,133,0,185.67,80.12,24694.65,80.12,187,33,85.0,112.25,185.67,2852.71,Medium,Shoulder,Shoulder,Standard,63.51,192.39,0.97,122.19,133,133,133,1.07,0.09,Ahead
2027-07-22,2027,7,Jul,29,3,Thursday,0,,0,0,0,54,1,166,101,101,0,179.95,60.84,18174.89,60.84,155,65,70.45,82.61,179.95,1415.57,Medium,Shoulder,Shoulder,Standard,64.66,187.65,0.96,121.32,101,101,101,0.92,0.07,On Pace
2027-07-23,2027,7,Jul,29,4,Friday,0,,0,0,0,54,1,166,119,119,0,179.43,71.69,21352.36,71.69,173,47,78.64,97.06,179.43,2362.22,Medium,Shoulder,Shoulder,Standard,59.05,178.86,1.0,105.62,119,119,119,0.93,-0.04,On Pace
2027-07-24,2027,7,Jul,29,5,Saturday,1,,0,0,0,0,0,220,150,150,0,165.07,68.18,24759.77,68.18,150,70,68.18,112.54,165.07,0.0,Low,Soft,Soft,Promotional,62.64,174.68,0.94,109.42,150,150,150,1.15,-0.01,On Pace
2027-07-25,2027,7,Jul,29,6,Sunday,1,,0,0,0,0,0,220,133,133,0,169.6,60.45,22557.01,60.45,133,87,60.45,102.53,169.6,0.0,Low,Soft,Soft,Promotional,63.1,175.06,0.97,110.46,133,133,133,1.0,-0.02,Behind
2027-07-26,2027,7,Jul,30,0,Monday,0,,0,0,0,0,0,220,139,139,0,173.87,63.18,24167.87,63.18,139,81,63.18,109.85,173.87,0.0,Low,Shoulder,Shoulder,Standard,62.08,165.31,1.05,102.62,139,139,139,0.89,-0.05,Ahead
2027-07-27,2027,7,Jul,30,1,Tuesday,0,,0,0,0,0,0,220,138,138,0,173.71,62.73,23972.25,62.73,138,82,62.73,108.96,173.71,0.0,Low,Shoulder,Shoulder,Standard,63.6,168.33,1.03,107.06,138,138,138,1.04,-0.01,On Pace
2027-07-28,2027,7,Jul,30,2,Wednesday,0,,0,0,0,0,0,220,157,157,0,174.45,71.36,27389.41,71.36,157,63,71.36,124.5,174.45,0.0,Low,Shoulder,Shoulder,Standard,60.21,170.65,1.02,102.75,157,157,157,1.13,0.07,Ahead
2027-07-29,2027,7,Jul,30,3,Thursday,0,,0,0,0,0,0,220,151,151,0,178.28,68.64,26919.56,68.64,151,69,68.64,122.36,178.28,0.0,Low,Shoulder,Shoulder,Standard,59.43,165.5,1.08,98.35,151,151,151,1.07,-0.01,On Pace
2027-07-30,2027,7,Jul,30,4,Friday,0,,0,0,0,0,0,220,158,158,0,174.94,71.82,27640.81,71.82,158,62,71.82,125.64,174.94,0.0,Low,Shoulder,Shoulder,Standard,64.56,170.3,1.03,109.94,158,158,158,0.88,0.06,Behind
2027-07-31,2027,7,Jul,30,5,Saturday,1,,0,0,0,0,0,220,152,152,0,175.73,69.09,26711.1,69.09,152,68,69.09,121.41,175.73,0.0,Low,Soft,Soft,Promotional,58.05,182.52,0.96,105.95,152,152,152,0.96,0.08,Behind
2027-08-01,2027,8,Aug,30,6,Sunday,1,,0,0,0,0,0,220,137,137,0,160.33,62.27,21965.21,62.27,137,83,62.27,99.84,160.33,0.0,Low,Soft,Soft,Promotional,55.48,150.23,1.07,83.35,137,137,137,1.04,0.05,Ahead
2027-08-02,2027,8,Aug,31,0,Monday,0,,0,0,0,46,1,174,132,132,0,173.39,75.86,22887.61,75.86,178,42,80.91,104.03,173.39,2938.31,Low,Shoulder,Shoulder,Standard,66.41,164.8,1.05,109.45,132,132,132,1.06,0.11,Ahead
2027-08-03,2027,8,Aug,31,1,Tuesday,0,,0,0,0,46,1,174,118,118,0,187.38,67.82,22110.78,67.82,164,56,74.55,100.5,187.38,2190.54,Low,Shoulder,Shoulder,Standard,67.63,188.39,0.99,127.4,118,118,118,0.9,-0.03,On Pace
2027-08-04,2027,8,Aug,31,2,Wednesday,0,,0,0,0,46,1,174,130,130,0,173.03,74.71,22493.51,74.71,176,44,80.0,102.24,173.03,1562.49,Low,Shoulder,Shoulder,Standard,68.95,182.81,0.95,126.05,130,130,130,1.12,0.12,On Pace
2027-08-05,2027,8,Aug,31,3,Thursday,0,,0,0,0,0,0,220,186,186,0,164.94,84.55,30679.47,84.55,186,34,84.55,139.45,164.94,0.0,Low,Shoulder,Shoulder,Standard,63.73,176.33,0.94,112.38,186,186,186,1.0,-0.05,Behind
2027-08-06,2027,8,Aug,31,4,Friday,0,,0,0,0,0,0,220,148,148,0,181.04,67.27,26794.65,67.27,148,72,67.27,121.79,181.04,0.0,Low,Shoulder,Shoulder,Standard,62.26,194.25,0.93,120.94,148,148,148,0.87,0.12,Ahead
2027-08-07,2027,8,Aug,31,5,Saturday,1,,0,0,0,0,0,220,160,160,0,164.53,72.73,26324.87,72.73,160,60,72.73,119.66,164.53,0.0,Low,Soft,Soft,Promotional,64.8,155.73,1.06,100.91,160,160,160,1.08,0.02,On Pace
2027-08-08,2027,8,Aug,31,6,Sunday,1,,0,0,0,0,0,220,144,144,0,156.96,65.45,22602.33,65.45,144,76,65.45,102.74,156.96,0.0,Low,Soft,Soft,Promotional,56.5,148.42,1.06,83.86,144,144,144,0.92,0.07,Behind
2027-08-09,2027,8,Aug,32,0,Monday,0,,0,0,0,0,0,220,163,163,0,164.94,74.09,26885.26,74.09,163,57,74.09,122.21,164.94,0.0,Low,Shoulder,Shoulder,Standard,61.47,170.44,0.97,104.77,163,163,163,1.02,-0.02,Ahead
2027-08-10,2027,8,Aug,32,1,Tuesday,0,,0,0,0,0,0,220,164,164,0,180.47,74.55,29596.66,74.55,164,56,74.55,134.53,180.47,0.0,Low,Shoulder,Shoulder,Standard,66.25,193.23,0.93,128.01,164,164,164,0.93,-0.03,Ahead
2027-08-11,2027,8,Aug,32,2,Wednesday,0,,0,0,0,55,1,165,135,135,0,173.21,81.82,23383.62,81.82,190,30,86.36,106.29,173.21,2150.45,Medium,Shoulder,Shoulder,Standard,58.98,168.98,1.03,99.66,135,135,135,1.03,0.01,Ahead
2027-08-12,2027,8,Aug,32,3,Thursday,0,,0,0,0,55,1,165,141,141,0,172.28,85.45,24291.08,85.45,196,24,89.09,110.41,172.28,2861.15,Medium,Shoulder,Shoulder,Standard,61.97,162.18,1.06,100.5,141,141,141,1.12,0.0,Ahead
2027-08-13,2027,8,Aug,32,4,Friday,0,,0,0,0,55,1,165,115,115,0,176.19,69.7,20261.46,69.7,170,50,77.27,92.1,176.19,2601.52,Medium,Shoulder,Shoulder,Standard,62.15,169.31,1.04,105.22,115,115,115,0.85,0.06,Behind
2027-08-14,2027,8,Aug,32,5,Saturday,1,,0,0,0,0,0,220,128,128,0,164.18,58.18,21014.63,58.18,128,92,58.18,95.52,164.18,0.0,Low,Soft,Soft,Promotional,58.59,168.22,0.98,98.55,128,128,128,1.11,0.06,Behind
2027-08-15,2027,8,Aug,32,6,Sunday,1,,0,0,0,0,0,220,140,140,0,167.35,63.64,23429.15,63.64,140,80,63.64,106.5,167.35,0.0,Low,Soft,Soft,Promotional,61.2,176.94,0.95,108.29,140,140,140,0.97,0.03,Behind
2027-08-16,2027,8,Aug,33,0,Monday,0,,0,0,0,0,0,220,175,175,0,185.32,79.55,32430.66,79.55,175,45,79.55,147.41,185.32,0.0,Low,Shoulder,Shoulder,Standard,69.24,173.27,1.07,119.97,175,175,175,0.9,-0.02,Ahead
2027-08-17,2027,8,Aug,33,1,Tuesday,0,,0,0,0,0,0,220,175,175,0,180.48,79.55,31584.34,79.55,175,45,79.55,143.57,180.48,0.0,Low,Shoulder,Shoulder,Standard,59.2,170.75,1.06,101.08,175,175,175,0.9,0.02,Behind
2027-08-18,2027,8,Aug,33,2,Wednesday,0,,0,0,0,53,1,167,109,109,0,185.61,65.27,20231.88,65.27,162,58,73.64,91.96,185.61,1433.36,Medium,Shoulder,Shoulder,Standard,63.82,184.28,1.01,117.6,109,109,109,1.04,0.02,Behind
2027-08-19,2027,8,Aug,33,3,Thursday,0,,0,0,0,0,0,220,180,180,0,164.3,81.82,29573.13,81.82,180,40,81.82,134.42,164.3,0.0,Low,Shoulder,Shoulder,Standard,63.26,151.7,1.08,95.97,180,180,180,1.1,0.08,Behind
2027-08-20,2027,8,Aug,33,4,Friday,0,,0,0,0,0,0,220,187,187,0,174.84,85.0,32695.44,85.0,187,33,85.0,148.62,174.84,0.0,Low,Shoulder,Shoulder,Standard,67.73,168.34,1.04,114.02,187,187,187,1.13,0.05,Ahead
2027-08-21,2027,8,Aug,33,5,Saturday,1,,0,0,0,0,0,220,162,162,0,168.66,73.64,27322.89,73.64,162,58,73.64,124.19,168.66,0.0,Low,Soft,Soft,Promotional,62.02,160.63,1.05,99.62,162,162,162,0.99,0.05,On Pace
2027-08-22,2027,8,Aug,33,6,Sunday,1,,0,0,0,0,0,220,167,167,0,164.0,75.91,27388.28,75.91,167,53,75.91,124.49,164.0,0.0,Low,Soft,Soft,Promotional,59.61,157.28,1.04,93.75,167,167,167,1.01,-0.0,Behind
2027-08-23,2027,8,Aug,34,0,Monday,0,,0,0,0,0,0,220,138,138,0,187.69,62.73,25900.85,62.73,138,82,62.73,117.73,187.69,0.0,Low,Shoulder,Shoulder,Standard,64.79,197.79,0.95,128.14,138,138,138,0.89,0.11,Ahead
2027-08-24,2027,8,Aug,34,1,Tuesday,0,,0,0,0,0,0,220,146,146,0,187.43,66.36,27365.07,66.36,146,74,66.36,124.39,187.43,0.0,Low,Shoulder,Shoulder,Standard,62.98,181.04,1.04,114.03,146,146,146,1.13,0.07,Behind
2027-08-25,2027,8,Aug,34,2,Wednesday,0,,0,0,0,0,0,220,139,139,0,188.12,63.18,26148.05,63.18,139,81,63.18,118.85,188.12,0.0,Low,Shoulder,Shoulder,Standard,60.21,176.13,1.07,106.05,139,139,139,1.14,0.01,Behind
2027-08-26,2027,8,Aug,34,3,Thursday,0,,0,0,0,0,0,220,152,152,0,167.1,69.09,25399.76,69.09,152,68,69.09,115.45,167.1,0.0,Low,Shoulder,Shoulder,Standard,69.49,156.0,1.07,108.41,152,152,152,0.86,-0.02,On Pace
2027-08-27,2027,8,Aug,34,4,Friday,0,,0,0,0,0,0,220,172,172,0,166.37,78.18,28616.29,78.18,172,48,78.18,130.07,166.37,0.0,Low,Shoulder,Shoulder,Standard,66.56,161.09,1.03,107.22,172,172,172,1.1,0.01,Ahead
2027-08-28,2027,8,Aug,34,5,Saturday,1,,0,0,0,0,0,220,137,137,0,162.94,62.27,22322.73,62.27,137,83,62.27,101.47,162.94,0.0,Low,Soft,Soft,Promotional,58.45,156.82,1.04,91.66,137,137,137,1.12,0.09,Ahead
2027-08-29,2027,8,Aug,34,6,Sunday,1,,0,0,0,0,0,220,165,165,0,179.28,75.0,29580.49,75.0,165,55,75.0,134.46,179.28,0.0,Low,Soft,Soft,Promotional,56.12,177.75,1.01,99.75,165,165,165,1.09,0.12,Ahead
2027-08-30,2027,8,Aug,35,0,Monday,0,,0,0,0,0,0,220,139,139,0,160.12,63.18,22256.28,63.18,139,81,63.18,101.16,160.12,0.0,Low,Shoulder,Shoulder,Standard,67.24,151.01,1.06,101.54,139,139,139,0.95,-0.03,On Pace
2027-08-31,2027,8,Aug,35,1,Tuesday,0,,0,0,0,0,0,220,161,161,0,171.39,73.18,27593.24,73.18,161,59,73.18,125.42,171.39,0.0,Low,Shoulder,Shoulder,Standard,65.81,175.13,0.98,115.26,161,161,161,0.89,0.11,Ahead
2027-09-01,2027,9,Sep,35,2,Wednesday,0,,0,0,0,51,1,169,142,142,0,207.47,84.02,29460.14,84.02,193,27,87.73,133.91,207.47,2612.42,Medium,Shoulder,Shoulder,Standard,77.73,207.22,1.0,161.07,142,142,142,1.01,-0.01,Ahead
2027-09-02,2027,9,Sep,35,3,Thursday,0,,0,0,0,51,1,169,152,152,0,192.69,89.94,29288.27,89.94,203,17,92.27,133.13,192.69,2759.65,Medium,Shoulder,Shoulder,Standard,80.58,198.95,0.97,160.31,152,152,152,0.92,-0.05,Ahead
2027-09-03,2027,9,Sep,35,4,Friday,0,,0,0,0,51,1,169,141,141,0,195.92,83.43,27624.89,83.43,192,28,87.27,125.57,195.92,2289.75,Medium,Shoulder,Shoulder,Standard,72.22,183.7,1.07,132.66,141,141,141,1.12,0.01,Ahead
2027-09-04,2027,9,Sep,35,5,Saturday,1,OSU Football,1,1,0,0,0,220,253,220,33,231.76,100.0,50987.83,100.0,220,0,100.0,231.76,231.76,0.0,Low,Peak,Peak,Premium,96.27,222.21,1.04,213.93,220,220,220,1.1,-0.04,Ahead
2027-09-05,2027,9,Sep,35,6,Sunday,1,,0,0,0,0,0,220,156,156,0,192.29,70.91,29997.03,70.91,156,64,70.91,136.35,192.29,0.0,Low,Shoulder,Shoulder,Standard,67.82,199.46,0.96,135.28,156,156,156,1.06,0.02,Ahead
2027-09-06,2027,9,Sep,36,0,Monday,0,,0,0,1,0,0,220,143,143,0,196.45,65.0,28092.93,65.0,143,77,65.0,127.7,196.45,0.0,Low,Shoulder,Shoulder,Standard,71.96,181.69,1.08,130.74,143,143,143,0.96,-0.04,Ahead
2027-09-07,2027,9,Sep,36,1,Tuesday,0,,0,0,0,0,0,220,159,159,0,188.75,72.27,30011.32,72.27,159,61,72.27,136.42,188.75,0.0,Low,Shoulder,Shoulder,Standard,76.06,196.77,0.96,149.67,159,159,159,0.99,-0.03,Behind
2027-09-08,2027,9,Sep,36,2,Wednesday,0,,0,0,0,0,0,220,187,187,0,197.86,85.0,36999.12,85.0,187,33,85.0,168.18,197.86,0.0,Low,Shoulder,Shoulder,Standard,81.03,204.04,0.97,165.33,187,187,187,0.94,-0.02,Behind
2027-09-09,2027,9,Sep,36,3,Thursday,0,,0,0,0,0,0,220,160,160,0,193.6,72.73,30975.89,72.73,160,60,72.73,140.8,193.6,0.0,Low,Shoulder,Shoulder,Standard,77.24,178.45,1.08,137.84,160,160,160,1.1,0.07,On Pace
2027-09-10,2027,9,Sep,36,4,Friday,0,,0,0,0,0,0,220,223,220,3,185.81,100.0,40879.21,100.0,220,0,100.0,185.81,185.81,0.0,Low,Shoulder,Shoulder,Standard,80.05,183.55,1.01,146.92,220,220,220,0.9,0.12,Behind
2027-09-11,2027,9,Sep,36,5,Saturday,1,OSU Football,1,1,0,0,0,220,215,215,0,227.98,97.73,49015.22,97.73,215,5,97.73,222.8,227.98,0.0,Low,Peak,Peak,Premium,93.59,224.34,1.02,209.96,215,215,215,0.87,0.02,Behind
2027-09-12,2027,9,Sep,36,6,Sunday,1,,0,0,0,0,0,220,153,153,0,198.78,69.55,30413.53,69.55,153,67,69.55,138.24,198.78,0.0,Low,Shoulder,Shoulder,Standard,72.09,203.64,0.98,146.8,153,153,153,0.97,0.01,Ahead
2027-09-13,2027,9,Sep,37,0,Monday,0,,0,0,0,0,0,220,214,214,0,198.36,97.27,42449.24,97.27,214,6,97.27,192.95,198.36,0.0,Low,Shoulder,Shoulder,Standard,73.05,185.93,1.07,135.82,214,214,214,0.87,0.05,On Pace
2027-09-14,2027,9,Sep,37,1,Tuesday,0,,0,0,0,0,0,220,196,196,0,206.41,89.09,40457.11,89.09,196,24,89.09,183.9,206.41,0.0,Low,Shoulder,Shoulder,Standard,78.52,214.89,0.96,168.73,196,196,196,0.94,0.04,Behind
2027-09-15,2027,9,Sep,37,2,Wednesday,0,,0,0,0,105,1,115,116,115,1,201.14,100.0,23131.35,100.0,220,0,100.0,105.14,201.14,1786.95,High,Shoulder,Shoulder,Standard,71.56,203.4,0.99,145.55,115,115,115,0.86,0.12,On Pace
2027-09-16,2027,9,Sep,37,3,Thursday,0,,0,0,0,105,1,115,117,115,2,206.67,100.0,23766.92,100.0,220,0,100.0,108.03,206.67,1261.04,High,Shoulder,Shoulder,Standard,75.25,199.47,1.04,150.1,115,115,115,0.97,-0.02,On Pace
2027-09-17,2027,9,Sep,37,4,Friday,0,,0,0,0,105,1,115,109,109,0,201.97,94.78,22014.56,94.78,214,6,97.27,100.07,201.97,3572.06,High,Shoulder,Shoulder,Standard,79.96,188.96,1.07,151.08,109,109,109,0.97,0.08,Ahead
2027-09-18,2027,9,Sep,37,5,Saturday,1,OSU Football,1,1,0,0,0,220,186,186,0,219.18,84.55,40767.9,84.55,186,34,84.55,185.31,219.18,0.0,Low,Peak,Peak,Premium,89.38,232.12,0.94,207.47,186,186,186,0.86,-0.02,Behind
2027-09-19,2027,9,Sep,37,6,Sunday,1,,0,0,0,0,0,220,179,179,0,187.81,81.36,33618.16,81.36,179,41,81.36,152.81,187.81,0.0,Low,Shoulder,Shoulder,Standard,67.19,194.38,0.97,130.6,179,179,179,1.12,0.09,Behind
2027-09-20,2027,9,Sep,38,0,Monday,0,,0,0,0,0,0,220,228,220,8,208.07,100.0,45774.69,100.0,220,0,100.0,208.07,208.07,0.0,Low,Shoulder,Shoulder,Standard,83.89,211.69,0.98,177.59,220,220,220,1.01,0.08,On Pace
2027-09-21,2027,9,Sep,38,1,Tuesday,0,,0,0,0,0,0,220,213,213,0,209.86,96.82,44700.05,96.82,213,7,96.82,203.18,209.86,0.0,Low,Shoulder,Shoulder,Standard,75.3,221.81,0.95,167.02,213,213,213,0.98,0.1,Behind
2027-09-22,2027,9,Sep,38,2,Wednesday,0,,0,0,0,90,1,130,118,118,0,195.83,90.77,23108.34,90.77,208,12,94.55,105.04,195.83,1351.25,Medium,Shoulder,Shoulder,Standard,72.47,199.84,0.98,144.83,118,118,118,1.0,0.09,Ahead
2027-09-23,2027,9,Sep,38,3,Thursday,0,,0,0,0,90,1,130,125,125,0,203.55,96.15,25444.07,96.15,215,5,97.73,115.65,203.55,1977.41,Medium,Shoulder,Shoulder,Standard,82.2,213.24,0.95,175.28,125,125,125,1.12,0.03,On Pace
2027-09-24,2027,9,Sep,38,4,Friday,0,,0,0,0,90,1,130,100,100,0,192.73,76.92,19272.91,76.92,190,30,86.36,87.6,192.73,1804.22,Medium,Shoulder,Shoulder,Standard,75.34,180.06,1.07,135.66,100,100,100,0.9,0.08,On Pace
2027-09-25,2027,9,Sep,38,5,Saturday,1,OSU Football,1,1,0,0,0,220,264,220,44,250.18,100.0,55039.65,100.0,220,0,100.0,250.18,250.18,0.0,Low,Peak,Peak,Premium,93.91,247.86,1.01,232.75,220,220,220,1.13,0.11,Behind
2027-09-26,2027,9,Sep,38,6,Sunday,1,,0,0,0,0,0,220,167,167,0,180.42,75.91,30129.58,75.91,167,53,75.91,136.95,180.42,0.0,Low,Shoulder,Shoulder,Standard,73.9,185.63,0.97,137.18,167,167,167,0.98,0.04,Behind
2027-09-27,2027,9,Sep,39,0,Monday,0,,0,0,0,0,0,220,225,220,5,200.56,100.0,44123.3,100.0,220,0,100.0,200.56,200.56,0.0,Low,Shoulder,Shoulder,Standard,79.68,200.75,1.0,159.95,220,220,220,0.93,0.1,Behind
2027-09-28,2027,9,Sep,39,1,Tuesday,0,,0,0,0,0,0,220,162,162,0,221.24,73.64,35841.16,73.64,162,58,73.64,162.91,221.24,0.0,Low,Shoulder,Shoulder,Standard,79.92,223.39,0.99,178.53,162,162,162,0.9,-0.03,On Pace
2027-09-29,2027,9,Sep,39,2,Wednesday,0,,0,0,0,0,0,220,169,169,0,205.84,76.82,34786.33,76.82,169,51,76.82,158.12,205.84,0.0,Low,Shoulder,Shoulder,Standard,71.39,202.16,1.02,144.32,169,169,169,0.99,-0.03,On Pace
2027-09-30,2027,9,Sep,39,3,Thursday,0,,0,0,0,0,0,220,216,216,0,190.29,98.18,41103.02,98.18,216,4,98.18,186.83,190.29,0.0,Low,Shoulder,Shoulder,Standard,72.85,178.37,1.07,129.94,216,216,216,1.14,0.02,On Pace
2027-10-01,2027,10,Oct,39,4,Friday,0,,0,0,0,0,0,220,172,172,0,201.95,78.18,34735.0,78.18,172,48,78.18,157.89,201.95,0.0,Low,Shoulder,Shoulder,Standard,74.72,217.99,0.93,162.87,172,172,172,1.0,0.07,On Pace
2027-10-02,2027,10,Oct,39,5,Saturday,1,OSU Football,1,1,0,0,0,220,228,220,8,239.63,100.0,52719.06,100.0,220,0,100.0,239.63,239.63,0.0,Low,Peak,Peak,Premium,84.14,228.65,1.05,192.38,220,220,220,1.02,0.12,On Pace
2027-10-03,2027,10,Oct,39,6,Sunday,1,,0,0,0,0,0,220,152,152,0,193.8,69.09,29457.19,69.09,152,68,69.09,133.9,193.8,0.0,Low,Shoulder,Shoulder,Standard,76.07,208.64,0.93,158.7,152,152,152,0.91,-0.01,Ahead
2027-10-04,2027,10,Oct,40,0,Monday,0,,0,0,0,0,0,220,177,177,0,211.6,80.45,37453.98,80.45,177,43,80.45,170.25,211.6,0.0,Low,Shoulder,Shoulder,Standard,71.54,197.02,1.07,140.94,177,177,177,0.97,0.0,Behind
2027-10-05,2027,10,Oct,40,1,Tuesday,0,,0,0,0,0,0,220,190,190,0,196.44,86.36,37323.9,86.36,190,30,86.36,169.65,196.44,0.0,Low,Shoulder,Shoulder,Standard,73.31,208.8,0.94,153.07,190,190,190,0.91,-0.04,On Pace
2027-10-06,2027,10,Oct,40,2,Wednesday,0,,0,0,0,110,1,110,84,84,0,192.69,76.36,16185.68,76.36,194,26,88.18,73.57,192.69,1963.73,High,Shoulder,Shoulder,Standard,76.1,191.93,1.0,146.06,84,84,84,1.06,-0.02,Behind
2027-10-07,2027,10,Oct,40,3,Thursday,0,,0,0,0,110,1,110,94,94,0,211.21,85.45,19853.46,85.45,204,16,92.73,90.24,211.21,3580.21,High,Shoulder,Shoulder,Standard,78.16,222.12,0.95,173.6,94,94,94,1.02,0.1,Ahead
2027-10-08,2027,10,Oct,40,4,Friday,0,,0,0,0,110,1,110,100,100,0,210.49,90.91,21048.78,90.91,210,10,95.45,95.68,210.49,2080.63,High,Shoulder,Shoulder,Standard,83.81,225.27,0.93,188.81,100,100,100,1.07,0.08,On Pace
2027-10-09,2027,10,Oct,40,5,Saturday,1,OSU Football,1,1,0,0,0,220,185,185,0,238.58,84.09,44137.13,84.09,185,35,84.09,200.62,238.58,0.0,Low,Peak,Peak,Premium,96.6,238.56,1.0,230.46,185,185,185,0.94,0.08,Behind
2027-10-10,2027,10,Oct,40,6,Sunday,1,,0,0,0,0,0,220,148,148,0,179.93,67.27,26629.39,67.27,148,72,67.27,121.04,179.93,0.0,Low,Shoulder,Shoulder,Standard,76.61,169.15,1.06,129.6,148,148,148,0.98,0.11,Ahead
2027-10-11,2027,10,Oct,41,0,Monday,0,,0,0,0,0,0,220,160,160,0,205.38,72.73,32861.33,72.73,160,60,72.73,149.37,205.38,0.0,Low,Shoulder,Shoulder,Standard,72.95,211.84,0.97,154.54,160,160,160,1.08,0.05,Ahead
2027-10-12,2027,10,Oct,41,1,Tuesday,0,,0,0,0,0,0,220,226,220,6,188.59,100.0,41489.75,100.0,220,0,100.0,188.59,188.59,0.0,Low,Shoulder,Shoulder,Standard,70.6,198.06,0.95,139.82,220,220,220,0.85,0.1,Behind
2027-10-13,2027,10,Oct,41,2,Wednesday,0,,0,0,0,20,1,200,196,196,0,216.11,98.0,42357.33,98.0,216,4,98.18,192.53,216.11,1080.1,Low,Shoulder,Shoulder,Standard,77.19,233.36,0.93,180.13,196,196,196,0.97,0.01,Behind
2027-10-14,2027,10,Oct,41,3,Thursday,0,,0,0,0,0,0,220,182,182,0,180.68,82.73,32884.26,82.73,182,38,82.73,149.47,180.68,0.0,Low,Shoulder,Shoulder,Standard,76.64,177.01,1.02,135.66,182,182,182,1.02,-0.02,On Pace
2027-10-15,2027,10,Oct,41,4,Friday,0,,0,0,0,0,0,220,185,185,0,209.71,84.09,38796.93,84.09,185,35,84.09,176.35,209.71,0.0,Low,Shoulder,Shoulder,Standard,79.76,207.62,1.01,165.6,185,185,185,0.93,0.06,Ahead
2027-10-16,2027,10,Oct,41,5,Saturday,1,OSU Football,1,1,0,0,0,220,192,192,0,247.48,87.27,47516.28,87.27,192,28,87.27,215.98,247.48,0.0,Low,Peak,Peak,Premium,91.58,243.97,1.01,223.43,192,192,192,1.0,0.08,Behind
2027-10-17,2027,10,Oct,41,6,Sunday,1,,0,0,0,0,0,220,155,155,0,187.58,70.45,29074.59,70.45,155,65,70.45,132.16,187.58,0.0,Low,Shoulder,Shoulder,Standard,73.41,173.55,1.08,127.41,155,155,155,0.94,0.02,Ahead
2027-10-18,2027,10,Oct,42,0,Monday,0,,0,0,0,0,0,220,166,166,0,201.7,75.45,33482.72,75.45,166,54,75.45,152.19,201.7,0.0,Low,Shoulder,Shoulder,Standard,83.33,196.88,1.02,164.06,166,166,166,1.09,0.03,Behind
2027-10-19,2027,10,Oct,42,1,Tuesday,0,,0,0,0,0,0,220,207,207,0,190.01,94.09,39332.48,94.09,207,13,94.09,178.78,190.01,0.0,Low,Shoulder,Shoulder,Standard,70.5,186.2,1.02,131.28,207,207,207,0.92,-0.0,Behind
2027-10-20,2027,10,Oct,42,2,Wednesday,0,,0,0,0,75,1,145,141,141,0,198.61,97.24,28004.05,97.24,216,4,98.18,127.29,198.61,2180.06,Medium,Shoulder,Shoulder,Standard,73.69,211.33,0.94,155.72,141,141,141,0.97,-0.05,Ahead
2027-10-21,2027,10,Oct,42,3,Thursday,0,,0,0,0,75,1,145,141,141,0,215.21,97.24,30345.02,97.24,216,4,98.18,137.93,215.21,3462.61,Medium,Shoulder,Shoulder,Standard,77.46,223.52,0.96,173.13,141,141,141,0.95,-0.02,Behind
2027-10-22,2027,10,Oct,42,4,Friday,0,,0,0,0,75,1,145,149,145,4,205.95,100.0,29862.29,100.0,220,0,100.0,135.74,205.95,1711.81,Medium,Shoulder,Shoulder,Standard,79.16,216.77,0.95,171.61,145,145,145,1.09,0.05,Ahead
2027-10-23,2027,10,Oct,42,5,Saturday,1,OSU Football,1,1,0,0,0,220,261,220,41,232.73,100.0,51201.01,100.0,220,0,100.0,232.73,232.73,0.0,Low,Peak,Peak,Premium,93.35,229.12,1.02,213.89,220,220,220,0.95,-0.02,Ahead
2027-10-24,2027,10,Oct,42,6,Sunday,1,,0,0,0,0,0,220,181,181,0,199.66,82.27,36137.62,82.27,181,39,82.27,164.26,199.66,0.0,Low,Shoulder,Shoulder,Standard,76.0,210.61,0.95,160.07,181,181,181,1.04,-0.01,Behind
2027-10-25,2027,10,Oct,43,0,Monday,0,,0,0,0,0,0,220,169,169,0,208.42,76.82,35223.15,76.82,169,51,76.82,160.11,208.42,0.0,Low,Shoulder,Shoulder,Standard,71.67,192.6,1.08,138.03,169,169,169,0.85,0.08,Ahead
2027-10-26,2027,10,Oct,43,1,Tuesday,0,,0,0,0,0,0,220,223,220,3,212.35,100.0,46717.9,100.0,220,0,100.0,212.35,212.35,0.0,Low,Shoulder,Shoulder,Standard,75.6,220.59,0.96,166.77,220,220,220,0.89,0.03,Behind
2027-10-27,2027,10,Oct,43,2,Wednesday,0,,0,0,0,16,1,204,197,197,0,202.18,96.57,39829.78,96.57,213,7,96.82,181.04,202.18,888.38,Low,Shoulder,Shoulder,Standard,79.27,193.18,1.05,153.14,197,197,197,0.91,0.09,Behind
2027-10-28,2027,10,Oct,43,3,Thursday,0,,0,0,0,16,1,204,197,197,0,202.64,96.57,39919.1,96.57,213,7,96.82,181.45,202.64,1503.4,Low,Shoulder,Shoulder,Standard,74.14,216.74,0.93,160.69,197,197,197,1.04,0.06,Behind
2027-10-29,2027,10,Oct,43,4,Friday,0,,0,0,0,0,0,220,219,219,0,186.2,99.55,40777.85,99.55,219,1,99.55,185.35,186.2,0.0,Low,Shoulder,Shoulder,Standard,83.01,174.96,1.06,145.23,219,219,219,0.89,-0.01,Ahead
2027-10-30,2027,10,Oct,43,5,Saturday,1,,0,0,0,0,0,220,172,172,0,195.8,78.18,33677.34,78.18,172,48,78.18,153.08,195.8,0.0,Low,Shoulder,Shoulder,Standard,70.98,195.52,1.0,138.78,172,172,172,0.86,-0.04,Behind
2027-10-31,2027,10,Oct,43,6,Sunday,1,,0,0,0,0,0,220,153,153,0,193.14,69.55,29550.74,69.55,153,67,69.55,134.32,193.14,0.0,Low,Shoulder,Shoulder,Standard,70.78,187.38,1.03,132.64,153,153,153,1.12,0.09,Ahead
2027-11-01,2027,11,Nov,44,0,Monday,0,,0,0,0,0,0,220,204,204,0,194.78,92.73,39735.38,92.73,204,16,92.73,180.62,194.78,0.0,Low,Shoulder,Shoulder,Standard,82.03,182.85,1.07,149.98,204,204,204,0.95,0.01,Behind
2027-11-02,2027,11,Nov,44,1,Tuesday,0,,0,0,0,0,0,220,200,200,0,216.5,90.91,43299.94,90.91,200,20,90.91,196.82,216.5,0.0,Low,Shoulder,Shoulder,Standard,77.5,208.0,1.04,161.19,200,200,200,0.89,0.05,Behind
2027-11-03,2027,11,Nov,44,2,Wednesday,0,,0,0,0,80,1,140,107,107,0,209.48,76.43,22414.28,76.43,187,33,85.0,101.88,209.48,3435.98,Medium,Shoulder,Shoulder,Standard,71.96,199.99,1.05,143.92,107,107,107,0.95,-0.01,Behind
2027-11-04,2027,11,Nov,44,3,Thursday,0,,0,0,0,80,1,140,131,131,0,201.38,93.57,26381.02,93.57,211,9,95.91,119.91,201.38,1514.18,Medium,Shoulder,Shoulder,Standard,74.12,191.69,1.05,142.08,131,131,131,0.88,0.07,Behind
2027-11-05,2027,11,Nov,44,4,Friday,0,,0,0,0,80,1,140,123,123,0,196.36,87.86,24152.7,87.86,203,17,92.27,109.79,196.36,2386.18,Medium,Shoulder,Shoulder,Standard,75.84,186.72,1.05,141.61,123,123,123,0.9,0.07,Behind
2027-11-06,2027,11,Nov,44,5,Saturday,1,OSU Football,1,1,0,0,0,220,207,207,0,245.72,94.09,50863.92,94.09,207,13,94.09,231.2,245.72,0.0,Low,Peak,Peak,Premium,91.07,256.19,0.96,233.31,207,207,207,0.94,0.08,Behind
2027-11-07,2027,11,Nov,44,6,Sunday,1,,0,0,0,0,0,220,176,176,0,171.48,80.0,30180.66,80.0,176,44,80.0,137.18,171.48,0.0,Low,Shoulder,Shoulder,Standard,76.4,174.85,0.98,133.59,176,176,176,1.03,0.02,Behind
2027-11-08,2027,11,Nov,45,0,Monday,0,,0,0,0,0,0,220,183,183,0,201.27,83.18,36831.57,83.18,183,37,83.18,167.42,201.27,0.0,Low,Shoulder,Shoulder,Standard,81.54,199.64,1.01,162.79,183,183,183,1.12,0.11,On Pace
2027-11-09,2027,11,Nov,45,1,Tuesday,0,,0,0,0,0,0,220,216,216,0,194.3,98.18,41968.92,98.18,216,4,98.18,190.77,194.3,0.0,Low,Shoulder,Shoulder,Standard,83.53,189.71,1.02,158.45,216,216,216,0.86,-0.02,On Pace
2027-11-10,2027,11,Nov,45,2,Wednesday,0,,0,0,0,45,1,175,150,150,0,196.54,85.71,29480.76,85.71,195,25,88.64,134.0,196.54,1617.7,Low,Shoulder,Shoulder,Standard,73.74,187.58,1.05,138.32,150,150,150,0.96,-0.03,On Pace
2027-11-11,2027,11,Nov,45,3,Thursday,0,,0,0,0,45,1,175,126,126,0,205.04,72.0,25834.79,72.0,171,49,77.73,117.43,205.04,2039.4,Low,Shoulder,Shoulder,Standard,76.73,214.72,0.95,164.76,126,126,126,1.12,0.05,On Pace
2027-11-12,2027,11,Nov,45,4,Friday,0,,0,0,0,45,1,175,141,141,0,204.87,80.57,28886.69,80.57,186,34,84.55,131.3,204.87,1750.84,Low,Shoulder,Shoulder,Standard,73.36,206.87,0.99,151.75,141,141,141,1.06,0.11,Behind
2027-11-13,2027,11,Nov,45,5,Saturday,1,OSU Football,1,1,0,0,0,220,218,218,0,248.07,99.09,54078.83,99.09,218,2,99.09,245.81,248.07,0.0,Low,Peak,Peak,Premium,86.86,240.93,1.03,209.28,218,218,218,0.91,0.09,On Pace
2027-11-14,2027,11,Nov,45,6,Sunday,1,,0,0,0,0,0,220,151,151,0,195.66,68.64,29544.15,68.64,151,69,68.64,134.29,195.66,0.0,Low,Shoulder,Shoulder,Standard,67.52,194.18,1.01,131.11,151,151,151,1.03,0.05,Ahead
2027-11-15,2027,11,Nov,46,0,Monday,0,,0,0,0,0,0,220,203,203,0,194.19,92.27,39420.07,92.27,203,17,92.27,179.18,194.19,0.0,Low,Shoulder,Shoulder,Standard,83.84,206.98,0.94,173.52,203,203,203,0.94,0.09,On Pace
2027-11-16,2027,11,Nov,46,1,Tuesday,0,,0,0,0,0,0,220,161,161,0,196.97,73.18,31712.66,73.18,161,59,73.18,144.15,196.97,0.0,Low,Shoulder,Shoulder,Standard,77.57,191.85,1.03,148.82,161,161,161,0.85,0.03,On Pace
2027-11-17,2027,11,Nov,46,2,Wednesday,0,,0,0,0,55,1,165,158,158,0,198.93,95.76,31430.57,95.76,213,7,96.82,142.87,198.93,2149.24,Medium,Shoulder,Shoulder,Standard,77.97,192.98,1.03,150.46,158,158,158,1.03,0.02,Behind
2027-11-18,2027,11,Nov,46,3,Thursday,0,,0,0,0,55,1,165,170,165,5,193.68,100.0,31957.03,100.0,220,0,100.0,145.26,193.68,2308.66,Medium,Shoulder,Shoulder,Standard,79.12,206.4,0.94,163.3,165,165,165,1.1,0.11,Ahead
2027-11-19,2027,11,Nov,46,4,Friday,0,,0,0,0,0,0,220,159,159,0,202.46,72.27,32191.54,72.27,159,61,72.27,146.33,202.46,0.0,Low,Shoulder,Shoulder,Standard,74.79,208.54,0.97,155.97,159,159,159,0.98,-0.02,Ahead
2027-11-20,2027,11,Nov,46,5,Saturday,1,OSU Football,1,1,0,0,0,220,243,220,23,233.46,100.0,51360.84,100.0,220,0,100.0,233.46,233.46,0.0,Low,Peak,Peak,Premium,94.74,234.86,0.99,222.52,220,220,220,0.85,0.07,Ahead
2027-11-21,2027,11,Nov,46,6,Sunday,1,,0,0,0,0,0,220,155,155,0,187.15,70.45,29007.75,70.45,155,65,70.45,131.85,187.15,0.0,Low,Shoulder,Shoulder,Standard,66.96,182.04,1.03,121.89,155,155,155,1.03,0.09,On Pace
2027-11-22,2027,11,Nov,47,0,Monday,0,,0,0,0,0,0,220,207,207,0,214.0,94.09,44297.92,94.09,207,13,94.09,201.35,214.0,0.0,Low,Shoulder,Shoulder,Standard,78.33,200.99,1.06,157.44,207,207,207,0.95,-0.02,Behind
2027-11-23,2027,11,Nov,47,1,Tuesday,0,,0,0,0,0,0,220,187,187,0,215.83,85.0,40360.91,85.0,187,33,85.0,183.46,215.83,0.0,Low,Shoulder,Shoulder,Standard,72.06,216.79,1.0,156.23,187,187,187,1.02,0.06,On Pace
2027-11-24,2027,11,Nov,47,2,Wednesday,0,,0,0,0,0,0,220,181,181,0,186.53,82.27,33761.56,82.27,181,39,82.27,153.46,186.53,0.0,Low,Shoulder,Shoulder,Standard,73.47,179.48,1.04,131.87,181,181,181,0.94,-0.04,Behind
2027-11-25,2027,11,Nov,47,3,Thursday,0,,0,0,1,0,0,220,178,178,0,203.05,80.91,36143.19,80.91,178,42,80.91,164.29,203.05,0.0,Low,Shoulder,Shoulder,Standard,69.87,189.25,1.07,132.23,178,178,178,1.0,-0.01,Behind
2027-11-26,2027,11,Nov,47,4,Friday,0,,0,0,0,0,0,220,173,173,0,194.88,78.64,33714.21,78.64,173,47,78.64,153.25,194.88,0.0,Low,Shoulder,Shoulder,Standard,72.96,182.55,1.07,133.18,173,173,173,0.91,0.05,Behind
2027-11-27,2027,11,Nov,47,5,Saturday,1,,0,0,0,0,0,220,210,210,0,181.09,95.45,38028.82,95.45,210,10,95.45,172.86,181.09,0.0,Low,Shoulder,Shoulder,Standard,74.35,191.17,0.95,142.14,210,210,210,0.88,-0.03,On Pace
2027-11-28,2027,11,Nov,47,6,Sunday,1,,0,0,0,0,0,220,173,173,0,187.39,78.64,32419.12,78.64,173,47,78.64,147.36,187.39,0.0,Low,Shoulder,Shoulder,Standard,73.91,178.49,1.05,131.92,173,173,173,0.97,-0.04,On Pace
2027-11-29,2027,11,Nov,48,0,Monday,0,,0,0,0,0,0,220,219,219,0,203.52,99.55,44570.52,99.55,219,1,99.55,202.59,203.52,0.0,Low,Shoulder,Shoulder,Standard,72.4,215.77,0.94,156.22,219,219,219,1.07,-0.01,On Pace
2027-11-30,2027,11,Nov,48,1,Tuesday,0,,0,0,0,0,0,220,171,171,0,205.88,77.73,35205.69,77.73,171,49,77.73,160.03,205.88,0.0,Low,Shoulder,Shoulder,Standard,79.4,204.32,1.01,162.23,171,171,171,0.93,0.11,Ahead
2027-12-01,2027,12,Dec,48,2,Wednesday,0,,0,0,0,21,1,199,126,126,0,156.63,63.32,19735.43,63.32,147,73,66.82,89.71,156.63,1224.71,Low,Soft,Soft,Promotional,56.2,155.16,1.01,87.21,126,126,126,0.96,-0.04,On Pace
2027-12-02,2027,12,Dec,48,3,Thursday,0,,0,0,0,0,0,220,157,157,0,164.38,71.36,25807.11,71.36,157,63,71.36,117.31,164.38,0.0,Low,Soft,Soft,Promotional,55.8,161.82,1.02,90.29,157,157,157,1.03,0.04,On Pace
2027-12-03,2027,12,Dec,48,4,Friday,0,,0,0,0,0,0,220,121,121,0,156.18,55.0,18897.7,55.0,121,99,55.0,85.9,156.18,0.0,Low,Soft,Soft,Promotional,53.93,146.56,1.07,79.05,121,121,121,1.12,0.05,Ahead
2027-12-04,2027,12,Dec,48,5,Saturday,1,,0,0,0,0,0,220,112,112,0,147.55,50.91,16525.71,50.91,112,108,50.91,75.12,147.55,0.0,Low,Soft,Soft,Promotional,50.52,150.39,0.98,75.97,112,112,112,1.06,0.02,Ahead
2027-12-05,2027,12,Dec,48,6,Sunday,1,,0,0,0,0,0,220,142,142,0,150.8,64.55,21414.29,64.55,142,78,64.55,97.34,150.8,0.0,Low,Soft,Soft,Promotional,50.0,143.65,1.05,71.82,142,142,142,1.04,0.07,On Pace
2027-12-06,2027,12,Dec,49,0,Monday,0,,0,0,0,0,0,220,157,157,0,174.65,71.36,27419.68,71.36,157,63,71.36,124.63,174.65,0.0,Low,Soft,Soft,Promotional,57.93,180.25,0.97,104.42,157,157,157,0.99,0.0,Behind
2027-12-07,2027,12,Dec,49,1,Tuesday,0,,0,0,0,0,0,220,122,122,0,160.5,55.45,19580.67,55.45,122,98,55.45,89.0,160.5,0.0,Low,Soft,Soft,Promotional,61.98,151.3,1.06,93.77,122,122,122,0.85,0.03,On Pace
2027-12-08,2027,12,Dec,49,2,Wednesday,0,,0,0,0,40,1,180,98,98,0,166.94,54.44,16360.38,54.44,138,82,62.73,74.37,166.94,2953.63,Low,Soft,Soft,Promotional,61.79,158.15,1.06,97.72,98,98,98,1.08,-0.05,On Pace
2027-12-09,2027,12,Dec,49,3,Thursday,0,,0,0,0,40,1,180,118,118,0,170.39,65.56,20106.03,65.56,158,62,71.82,91.39,170.39,1528.42,Low,Soft,Soft,Promotional,53.92,179.08,0.95,96.55,118,118,118,1.02,0.12,Ahead
2027-12-10,2027,12,Dec,49,4,Friday,0,,0,0,0,0,0,220,146,146,0,157.99,66.36,23066.09,66.36,146,74,66.36,104.85,157.99,0.0,Low,Soft,Soft,Promotional,54.3,147.72,1.07,80.21,146,146,146,0.94,0.08,On Pace
2027-12-11,2027,12,Dec,49,5,Saturday,1,,0,0,0,0,0,220,135,135,0,140.58,61.36,18977.87,61.36,135,85,61.36,86.26,140.58,0.0,Low,Soft,Soft,Promotional,50.77,139.65,1.01,70.9,135,135,135,1.1,0.0,On Pace
2027-12-12,2027,12,Dec,49,6,Sunday,1,,0,0,0,0,0,220,152,152,0,148.44,69.09,22562.28,69.09,152,68,69.09,102.56,148.44,0.0,Low,Soft,Soft,Promotional,56.41,157.99,0.94,89.12,152,152,152,1.03,-0.03,Behind
2027-12-13,2027,12,Dec,50,0,Monday,0,,0,0,0,0,0,220,126,126,0,148.65,57.27,18730.1,57.27,126,94,57.27,85.14,148.65,0.0,Low,Soft,Soft,Promotional,55.05,160.4,0.93,88.3,126,126,126,0.96,-0.04,Behind
2027-12-14,2027,12,Dec,50,1,Tuesday,0,,0,0,0,0,0,220,157,157,0,158.62,71.36,24902.78,71.36,157,63,71.36,113.19,158.62,0.0,Low,Soft,Soft,Promotional,56.47,164.82,0.96,93.07,157,157,157,0.91,0.11,Behind
2027-12-15,2027,12,Dec,50,2,Wednesday,0,,0,0,0,20,1,200,138,138,0,164.98,69.0,22767.88,69.0,158,62,71.82,103.49,164.98,1379.16,Low,Soft,Soft,Promotional,62.11,177.85,0.93,110.46,138,138,138,1.11,-0.02,Behind
2027-12-16,2027,12,Dec,50,3,Thursday,0,,0,0,0,0,0,220,137,137,0,164.02,62.27,22470.15,62.27,137,83,62.27,102.14,164.02,0.0,Low,Soft,Soft,Promotional,58.81,175.7,0.93,103.33,137,137,137,0.93,-0.02,Behind
2027-12-17,2027,12,Dec,50,4,Friday,0,,0,0,0,0,0,220,151,151,0,152.72,68.64,23061.01,68.64,151,69,68.64,104.82,152.72,0.0,Low,Soft,Soft,Promotional,57.44,164.16,0.93,94.3,151,151,151,1.09,-0.0,Ahead
2027-12-18,2027,12,Dec,50,5,Saturday,1,,0,0,0,0,0,220,133,133,0,147.08,60.45,19561.23,60.45,133,87,60.45,88.91,147.08,0.0,Low,Soft,Soft,Promotional,52.76,138.85,1.06,73.26,133,133,133,1.14,0.06,Behind
2027-12-19,2027,12,Dec,50,6,Sunday,1,,0,0,0,0,0,220,112,112,0,152.82,50.91,17116.18,50.91,112,108,50.91,77.8,152.82,0.0,Low,Soft,Soft,Promotional,52.64,145.91,1.05,76.81,112,112,112,1.1,-0.03,On Pace
2027-12-20,2027,12,Dec,51,0,Monday,0,,0,0,0,0,0,220,134,134,0,167.88,60.91,22496.24,60.91,134,86,60.91,102.26,167.88,0.0,Low,Soft,Soft,Promotional,59.53,154.47,1.09,91.96,134,134,134,0.93,0.01,On Pace
2027-12-21,2027,12,Dec,51,1,Tuesday,0,,0,0,0,0,0,220,169,169,0,162.08,76.82,27390.83,76.82,169,51,76.82,124.5,162.08,0.0,Low,Soft,Soft,Promotional,62.53,167.6,0.97,104.8,169,169,169,0.89,0.07,On Pace
2027-12-22,2027,12,Dec,51,2,Wednesday,0,,0,0,0,0,0,220,149,149,0,150.78,67.73,22466.9,67.73,149,71,67.73,102.12,150.78,0.0,Low,Soft,Soft,Promotional,55.03,150.14,1.0,82.62,149,149,149,0.96,0.09,Behind
2027-12-23,2027,12,Dec,51,3,Thursday,0,,0,0,0,0,0,220,166,166,0,153.9,75.45,25547.7,75.45,166,54,75.45,116.13,153.9,0.0,Low,Soft,Soft,Promotional,62.19,156.29,0.98,97.19,166,166,166,0.9,0.02,On Pace
2027-12-24,2027,12,Dec,51,4,Friday,0,,0,0,1,0,0,220,134,134,0,165.29,60.91,22149.17,60.91,134,86,60.91,100.68,165.29,0.0,Low,Soft,Soft,Promotional,50.53,158.68,1.04,80.17,134,134,134,0.97,-0.02,On Pace
2027-12-25,2027,12,Dec,51,5,Saturday,1,,0,0,1,0,0,220,113,113,0,156.89,51.36,17728.05,51.36,113,107,51.36,80.58,156.89,0.0,Low,Soft,Soft,Promotional,42.48,166.32,0.94,70.65,113,113,113,0.98,-0.03,On Pace
2027-12-26,2027,12,Dec,51,6,Sunday,1,,0,0,0,0,0,220,142,142,0,153.3,64.55,21768.59,64.55,142,78,64.55,98.95,153.3,0.0,Low,Soft,Soft,Promotional,54.81,149.81,1.02,82.1,142,142,142,0.96,0.03,On Pace
2027-12-27,2027,12,Dec,52,0,Monday,0,,0,0,0,0,0,220,120,120,0,142.86,54.55,17143.09,54.55,120,100,54.55,77.92,142.86,0.0,Low,Soft,Soft,Promotional,53.7,134.64,1.06,72.31,120,120,120,1.12,0.08,Behind
2027-12-28,2027,12,Dec,52,1,Tuesday,0,,0,0,0,0,0,220,145,145,0,164.25,65.91,23816.82,65.91,145,75,65.91,108.26,164.25,0.0,Low,Soft,Soft,Promotional,58.34,165.98,0.99,96.83,145,145,145,0.94,0.08,On Pace
2027-12-29,2027,12,Dec,52,2,Wednesday,0,,0,0,0,0,0,220,143,143,0,168.37,65.0,24077.58,65.0,143,77,65.0,109.44,168.37,0.0,Low,Soft,Soft,Promotional,58.08,177.51,0.95,103.11,143,143,143,0.88,-0.0,Behind
2027-12-30,2027,12,Dec,52,3,Thursday,0,,0,0,0,0,0,220,124,124,0,168.47,56.36,20890.74,56.36,124,96,56.36,94.96,168.47,0.0,Low,Soft,Soft,Promotional,61.18,170.24,0.99,104.16,124,124,124,1.06,0.1,Ahead
2027-12-31,2027,12,Dec,52,4,Friday,0,,0,0,0,0,0,220,157,157,0,159.28,71.36,25007.43,71.36,157,63,71.36,113.67,159.28,0.0,Low,Soft,Soft,Promotional,54.89,150.21,1.06,82.46,157,157,157,1.07,0.03,Ahead
